time,cpu_freq,hadoop_idx,cpu_idle,sda_idle
20260312110240,800,0,0.7692,0.0063
20260312110241,800,0,0.7692,0.0063
20260312110242,800,0,0.7692,0.0063
20260312110243,800,0,0.7692,0.0063
20260312110244,800,0,0.7692,0.0063
20260312110245,800,0,0.7692,0.0063
20260312110246,800,0,0.7692,0.0063
20260312110247,800,0,0.7692,0.0063
20260312110248,800,0,0.7692,0.0063
20260312110249,800,0,0.7692,0.0063
20260312110250,800,0,0.7692,0.0063
20260312110251,800,0,0.7692,0.0063
20260312110252,800,0,0.7692,0.0063
20260312110253,800,0,0.7692,0.0063
20260312110254,800,0,0.7692,0.0063
20260312110255,800,0,0.7692,0.0063
20260312110256,800,0,0.7692,0.0063
20260312110258,800,0,0.7692,0.0063
20260312110259,800,0,0.7692,0.0063
20260312110300,800,0,0.7692,0.0063
20260312110301,800,0,0.7692,0.0063
20260312110302,800,0,0.7692,0.0063
20260312110303,800,0,0.7692,0.0063
20260312110304,800,0,0.7692,0.0063
20260312110305,800,0,0.7692,0.0063
20260312110306,800,0,0.7692,0.0063
20260312110307,800,0,0.7692,0.0063
20260312110308,800,0,0.7692,0.0063
20260312110309,800,0,0.7692,0.0063
20260312110310,800,0,0.7692,0.0063
20260312110311,800,0,0.7692,0.0063
20260312110312,800,0,0.7692,0.0063
20260312110313,800,0,0.7692,0.0063
20260312110314,800,0,0.7692,0.0063
20260312110315,800,0,0.7692,0.0063
20260312110316,800,0,0.7692,0.0063
20260312110317,800,0,0.7692,0.0063
20260312110318,800,0,0.7692,0.0063
20260312110319,800,0,0.7692,0.0063
20260312110320,800,0,0.7692,0.0063
20260312110321,800,0,0.7692,0.0063
20260312110322,800,0,0.7692,0.0063
20260312110323,800,0,0.7692,0.0063
20260312110324,800,0,0.7692,0.0063
20260312110325,800,0,0.7692,0.0063
20260312110326,800,0,0.7692,0.0063
20260312110327,800,0,0.7692,0.0063
20260312110328,800,0,0.7692,0.0063
20260312110329,800,0,0.7692,0.0063
20260312110330,800,0,0.7692,0.0063
20260312110331,800,0,0.7692,0.0063
20260312110332,800,0,0.7692,0.0063
20260312110333,800,0,0.7692,0.0063
20260312110334,800,0,0.7692,0.0063
20260312110335,800,0,0.7692,0.0063
20260312110336,800,0,0.7692,0.0063
20260312110337,800,0,0.7692,0.0063
20260312110338,800,0,0.7692,0.0063
20260312110339,800,0,0.7692,0.0063
20260312110340,800,0,0.7692,0.0063
20260312110341,800,0,0.7691,0.0063
20260312110342,800,0,0.7691,0.0063
20260312110343,800,0,0.7691,0.0063
20260312110344,800,0,0.7691,0.0063
20260312110345,800,0,0.7691,0.0063
20260312110346,800,0,0.7691,0.0063
20260312110347,800,0,0.7691,0.0063
20260312110348,800,0,0.7691,0.0063
20260312110349,800,0,0.7691,0.0063
20260312110350,800,0,0.7691,0.0063
20260312110351,800,0,0.7691,0.0063
20260312110352,800,0,0.7691,0.0063
20260312110353,800,0,0.7691,0.0063
20260312110354,800,0,0.7691,0.0063
20260312110355,800,0,0.7691,0.0063
20260312110356,800,0,0.7691,0.0063
20260312110357,800,0,0.7691,0.0063
20260312110358,800,0,0.7691,0.0063
20260312110359,800,0,0.7691,0.0063
20260312110401,800,0,0.7691,0.0063
20260312110402,800,1,0.7691,0.0063
20260312110403,800,1,0.7691,0.0063
20260312110404,800,1,0.7691,0.0063
20260312110405,800,1,0.7691,0.0063
20260312110406,800,1,0.7691,0.0063
20260312110407,800,1,0.7691,0.0063
20260312110408,800,1,0.7691,0.0063
20260312110409,800,1,0.7691,0.0063
20260312110410,800,1,0.7691,0.0063
20260312110411,800,1,0.7691,0.0063
20260312110412,800,1,0.7691,0.0063
20260312110413,800,1,0.7691,0.0063
20260312110414,800,1,0.7691,0.0063
20260312110415,800,1,0.7691,0.0063
20260312110416,800,1,0.7691,0.0063
20260312110417,800,1,0.7691,0.0063
20260312110418,800,1,0.7691,0.0063
20260312110419,800,1,0.7691,0.0063
20260312110420,800,1,0.7691,0.0063
20260312110421,800,1,0.7691,0.0063
20260312110422,800,1,0.7691,0.0063
20260312110423,800,1,0.7691,0.0063
20260312110424,800,1,0.7691,0.0063
20260312110425,800,1,0.7691,0.0063
20260312110426,800,1,0.7691,0.0063
20260312110427,800,1,0.7691,0.0063
20260312110428,800,1,0.7691,0.0063
20260312110429,800,1,0.7691,0.0063
20260312110430,800,1,0.7691,0.0063
20260312110431,800,1,0.7691,0.0063
20260312110432,800,1,0.7691,0.0063
20260312110433,800,1,0.7691,0.0063
20260312110434,800,1,0.7691,0.0063
20260312110435,800,1,0.7691,0.0063
20260312110436,800,1,0.7691,0.0063
20260312110437,800,1,0.7691,0.0063
20260312110438,800,1,0.7691,0.0063
20260312110439,800,1,0.7691,0.0063
20260312110440,800,1,0.7691,0.0063
20260312110441,800,1,0.7691,0.0063
20260312110442,800,1,0.7691,0.0063
20260312110443,800,1,0.7691,0.0063
20260312110444,800,1,0.7691,0.0063
20260312110445,800,1,0.7691,0.0063
20260312110446,800,1,0.7691,0.0063
20260312110447,800,1,0.7691,0.0063
20260312110448,800,1,0.7691,0.0063
20260312110449,800,1,0.7691,0.0063
20260312110450,800,1,0.7691,0.0063
20260312110451,800,1,0.7691,0.0063
20260312110452,800,1,0.7691,0.0063
20260312110453,800,1,0.7691,0.0063
20260312110454,800,1,0.7691,0.0063
20260312110455,800,1,0.7691,0.0063
20260312110456,800,1,0.7691,0.0063
20260312110457,800,1,0.7691,0.0063
20260312110459,800,1,0.7691,0.0063
20260312110500,800,1,0.7691,0.0063
20260312110501,800,1,0.7691,0.0063
20260312110502,800,1,0.7691,0.0063
20260312110503,800,1,0.7691,0.0063
20260312110504,800,1,0.7691,0.0063
20260312110505,800,1,0.7691,0.0063
20260312110506,800,1,0.7691,0.0063
20260312110507,800,1,0.7691,0.0063
20260312110508,800,1,0.7691,0.0063
20260312110509,800,1,0.7691,0.0063
20260312110510,800,2,0.7691,0.0063
20260312110511,800,2,0.7691,0.0063
20260312110512,800,2,0.7691,0.0063
20260312110513,800,2,0.7691,0.0063
20260312110514,800,2,0.7691,0.0063
20260312110515,800,2,0.7691,0.0063
20260312110516,800,2,0.7691,0.0063
20260312110517,800,2,0.7691,0.0063
20260312110518,800,2,0.7691,0.0063
20260312110519,800,2,0.7691,0.0063
20260312110520,800,2,0.7691,0.0063
20260312110521,800,2,0.7691,0.0063
20260312110522,800,2,0.7691,0.0063
20260312110523,800,2,0.7691,0.0063
20260312110524,800,2,0.7691,0.0063
20260312110525,800,2,0.7691,0.0063
20260312110526,800,2,0.7691,0.0063
20260312110527,800,2,0.7691,0.0063
20260312110528,800,2,0.7691,0.0063
20260312110529,800,2,0.7691,0.0063
20260312110530,800,2,0.7691,0.0063
20260312110531,800,2,0.7691,0.0063
20260312110532,800,2,0.7691,0.0063
20260312110533,800,2,0.7691,0.0063
20260312110534,800,2,0.7691,0.0063
20260312110535,800,2,0.7691,0.0063
20260312110536,800,2,0.7691,0.0063
20260312110537,800,2,0.7691,0.0063
20260312110538,800,2,0.7691,0.0063
20260312110539,800,2,0.7691,0.0063
20260312110540,800,2,0.7691,0.0063
20260312110541,800,2,0.7691,0.0063
20260312110542,800,2,0.7691,0.0063
20260312110543,800,2,0.7691,0.0063
20260312110544,800,2,0.7691,0.0063
20260312110545,800,2,0.7691,0.0063
20260312110546,800,2,0.7691,0.0063
20260312110547,800,2,0.7691,0.0063
20260312110548,800,2,0.7691,0.0063
20260312110549,800,2,0.7691,0.0063
20260312110550,800,2,0.7691,0.0063
20260312110551,800,2,0.7691,0.0063
20260312110552,800,2,0.7691,0.0063
20260312110553,800,2,0.7691,0.0063
20260312110554,800,2,0.7691,0.0063
20260312110555,800,2,0.7691,0.0063
20260312110556,800,2,0.7691,0.0063
20260312110557,800,2,0.7691,0.0063
20260312110558,800,2,0.7691,0.0063
20260312110559,800,2,0.7691,0.0063
20260312110600,800,2,0.7691,0.0063
20260312110601,800,2,0.7691,0.0063
20260312110602,800,2,0.7691,0.0063
20260312110603,800,2,0.7691,0.0063
20260312110605,800,2,0.7691,0.0063
20260312110606,800,2,0.7691,0.0063
20260312110607,800,2,0.7691,0.0063
20260312110608,800,2,0.7691,0.0063
20260312110609,800,2,0.7691,0.0063
20260312110610,800,2,0.7691,0.0063
20260312110611,800,2,0.7691,0.0063
20260312110612,800,2,0.7691,0.0063
20260312110613,800,2,0.7691,0.0063
20260312110614,800,2,0.7691,0.0063
20260312110615,800,2,0.7691,0.0063
20260312110616,800,3,0.7691,0.0063
20260312110617,800,3,0.7691,0.0063
20260312110618,800,3,0.7691,0.0063
20260312110619,800,3,0.7691,0.0063
20260312110620,800,3,0.7691,0.0063
20260312110621,800,3,0.7691,0.0063
20260312110622,800,3,0.7691,0.0063
20260312110623,800,3,0.7691,0.0063
20260312110624,800,3,0.7691,0.0063
20260312110625,800,3,0.769,0.0063
20260312110626,800,3,0.769,0.0063
20260312110627,800,3,0.769,0.0063
20260312110628,800,3,0.769,0.0063
20260312110629,800,3,0.769,0.0063
20260312110630,800,3,0.769,0.0063
20260312110631,800,3,0.769,0.0063
20260312110632,800,3,0.769,0.0063
20260312110633,800,3,0.769,0.0063
20260312110634,800,3,0.769,0.0063
20260312110635,800,3,0.769,0.0063
20260312110636,800,3,0.769,0.0063
20260312110637,800,3,0.769,0.0063
20260312110638,800,3,0.769,0.0063
20260312110639,800,3,0.769,0.0063
20260312110640,800,3,0.769,0.0063
20260312110641,800,3,0.769,0.0063
20260312110642,800,3,0.769,0.0063
20260312110643,800,3,0.769,0.0063
20260312110644,800,3,0.769,0.0063
20260312110645,800,3,0.769,0.0063
20260312110646,800,3,0.769,0.0063
20260312110647,800,3,0.769,0.0063
20260312110648,800,3,0.769,0.0063
20260312110649,800,3,0.769,0.0063
20260312110650,800,3,0.769,0.0063
20260312110651,800,3,0.769,0.0063
20260312110652,800,3,0.769,0.0063
20260312110653,800,3,0.769,0.0063
20260312110654,800,3,0.769,0.0063
20260312110655,800,3,0.769,0.0063
20260312110656,800,3,0.769,0.0063
20260312110657,800,3,0.769,0.0063
20260312110658,800,3,0.769,0.0063
20260312110659,800,3,0.769,0.0063
20260312110700,800,3,0.769,0.0063
20260312110702,800,3,0.769,0.0063
20260312110703,800,3,0.769,0.0063
20260312110704,800,3,0.769,0.0063
20260312110705,800,3,0.769,0.0063
20260312110706,800,3,0.769,0.0063
20260312110707,800,3,0.769,0.0063
20260312110708,800,3,0.769,0.0063
20260312110709,800,3,0.769,0.0063
20260312110710,800,3,0.769,0.0063
20260312110711,800,3,0.769,0.0063
20260312110712,800,3,0.769,0.0063
20260312110713,800,3,0.769,0.0063
20260312110714,800,3,0.769,0.0063
20260312110715,800,3,0.769,0.0063
20260312110716,800,3,0.769,0.0063
20260312110717,800,3,0.769,0.0063
20260312110718,800,3,0.769,0.0063
20260312110719,800,3,0.769,0.0063
20260312110720,800,3,0.769,0.0063
20260312110721,800,3,0.769,0.0063
20260312110722,800,3,0.769,0.0063
20260312110723,800,4,0.769,0.0063
20260312110724,800,4,0.769,0.0063
20260312110725,800,4,0.769,0.0063
20260312110726,800,4,0.769,0.0063
20260312110727,800,4,0.769,0.0063
20260312110728,800,4,0.769,0.0063
20260312110729,800,4,0.769,0.0063
20260312110730,800,4,0.769,0.0063
20260312110731,800,4,0.769,0.0063
20260312110732,800,4,0.769,0.0063
20260312110733,800,4,0.769,0.0063
20260312110734,800,4,0.769,0.0063
20260312110735,800,4,0.769,0.0063
20260312110736,800,4,0.769,0.0063
20260312110737,800,4,0.769,0.0063
20260312110738,800,4,0.769,0.0063
20260312110739,800,4,0.769,0.0063
20260312110740,800,4,0.769,0.0063
20260312110741,800,4,0.769,0.0063
20260312110742,800,4,0.769,0.0063
20260312110743,800,4,0.769,0.0063
20260312110744,800,4,0.769,0.0063
20260312110745,800,4,0.769,0.0063
20260312110746,800,4,0.769,0.0063
20260312110747,800,4,0.769,0.0063
20260312110748,800,4,0.769,0.0063
20260312110749,800,4,0.769,0.0063
20260312110750,800,4,0.769,0.0063
20260312110751,800,4,0.769,0.0063
20260312110752,800,4,0.769,0.0063
20260312110753,800,4,0.769,0.0063
20260312110754,800,4,0.769,0.0063
20260312110755,800,4,0.769,0.0063
20260312110756,800,4,0.769,0.0063
20260312110758,800,4,0.769,0.0063
20260312110759,800,4,0.769,0.0063
20260312110800,800,4,0.769,0.0063
20260312110801,800,4,0.769,0.0063
20260312110802,800,4,0.769,0.0063
20260312110803,800,4,0.769,0.0063
20260312110804,800,4,0.769,0.0063
20260312110805,800,4,0.769,0.0063
20260312110806,800,4,0.769,0.0063
20260312110807,800,4,0.769,0.0063
20260312110808,800,4,0.769,0.0063
20260312110809,800,4,0.769,0.0063
20260312110810,800,4,0.769,0.0063
20260312110811,800,4,0.769,0.0063
20260312110812,800,4,0.769,0.0063
20260312110813,800,4,0.769,0.0063
20260312110814,800,4,0.769,0.0063
20260312110815,800,4,0.769,0.0063
20260312110816,800,4,0.769,0.0063
20260312110817,800,4,0.769,0.0063
20260312110818,800,4,0.769,0.0063
20260312110819,800,4,0.769,0.0063
20260312110820,800,4,0.769,0.0063
20260312110821,800,4,0.769,0.0063
20260312110822,800,4,0.769,0.0063
20260312110823,800,4,0.769,0.0063
20260312110824,800,4,0.769,0.0063
20260312110825,800,4,0.769,0.0063
20260312110826,800,4,0.769,0.0063
20260312110827,800,4,0.769,0.0063
20260312110828,800,4,0.769,0.0063
20260312110829,800,5,0.769,0.0063
20260312110830,800,5,0.769,0.0063
20260312110831,800,5,0.769,0.0063
20260312110832,800,5,0.769,0.0063
20260312110833,800,5,0.769,0.0063
20260312110834,800,5,0.769,0.0063
20260312110835,800,5,0.769,0.0063
20260312110836,800,5,0.769,0.0063
20260312110837,800,5,0.769,0.0063
20260312110838,800,5,0.769,0.0063
20260312110839,800,5,0.769,0.0063
20260312110840,800,5,0.769,0.0063
20260312110841,800,5,0.769,0.0063
20260312110842,800,5,0.769,0.0063
20260312110843,800,5,0.769,0.0063
20260312110844,800,5,0.769,0.0063
20260312110845,800,5,0.769,0.0063
20260312110846,800,5,0.769,0.0063
20260312110847,800,5,0.769,0.0063
20260312110848,800,5,0.769,0.0063
20260312110849,800,5,0.769,0.0063
20260312110850,800,5,0.769,0.0063
20260312110851,800,5,0.769,0.0063
20260312110852,800,5,0.769,0.0063
20260312110853,800,5,0.769,0.0063
20260312110855,800,5,0.769,0.0063
20260312110856,800,5,0.769,0.0063
20260312110857,800,5,0.769,0.0063
20260312110858,800,5,0.769,0.0063
20260312110859,800,5,0.769,0.0063
20260312110900,800,5,0.769,0.0063
20260312110901,800,5,0.769,0.0063
20260312110902,800,5,0.769,0.0063
20260312110903,800,5,0.769,0.0063
20260312110904,800,5,0.769,0.0063
20260312110905,800,5,0.769,0.0063
20260312110906,800,5,0.769,0.0063
20260312110907,800,5,0.769,0.0063
20260312110908,800,5,0.769,0.0063
20260312110909,800,5,0.769,0.0063
20260312110910,800,5,0.769,0.0063
20260312110911,800,5,0.769,0.0063
20260312110912,800,5,0.769,0.0063
20260312110913,800,5,0.769,0.0063
20260312110914,800,5,0.769,0.0063
20260312110915,800,5,0.769,0.0063
20260312110916,800,5,0.769,0.0063
20260312110917,800,5,0.769,0.0063
20260312110918,800,5,0.769,0.0063
20260312110919,800,5,0.769,0.0063
20260312110920,800,5,0.769,0.0063
20260312110921,800,5,0.769,0.0063
20260312110922,800,5,0.769,0.0063
20260312110923,800,5,0.769,0.0063
20260312110924,800,5,0.769,0.0063
20260312110925,800,5,0.769,0.0063
20260312110926,800,5,0.769,0.0063
20260312110927,800,5,0.769,0.0063
20260312110928,800,5,0.769,0.0063
20260312110929,800,5,0.769,0.0063
20260312110930,800,5,0.769,0.0063
20260312110931,800,5,0.769,0.0063
20260312110932,800,5,0.769,0.0063
20260312110933,800,5,0.769,0.0063
20260312110934,800,5,0.769,0.0063
20260312110935,800,6,0.769,0.0063
20260312110936,800,6,0.7689,0.0063
20260312110937,800,6,0.7689,0.0063
20260312110938,800,6,0.7689,0.0063
20260312110939,800,6,0.7689,0.0063
20260312110940,800,6,0.7689,0.0063
20260312110941,800,6,0.7689,0.0063
20260312110942,800,6,0.7689,0.0063
20260312110943,800,6,0.7689,0.0063
20260312110944,800,6,0.7689,0.0063
20260312110945,800,6,0.7689,0.0063
20260312110946,800,6,0.7689,0.0063
20260312110947,800,6,0.7689,0.0063
20260312110948,800,6,0.7689,0.0063
20260312110949,800,6,0.7689,0.0063
20260312110950,800,6,0.7689,0.0063
20260312110951,800,6,0.7689,0.0063
20260312110952,800,6,0.7689,0.0063
20260312110953,800,6,0.7689,0.0063
20260312110954,800,6,0.7689,0.0063
20260312110955,800,6,0.7689,0.0063
20260312110956,800,6,0.7689,0.0063
20260312110958,800,6,0.7689,0.0063
20260312110959,800,6,0.7689,0.0063
20260312111000,800,6,0.7689,0.0063
20260312111001,800,6,0.7689,0.0063
20260312111002,800,6,0.7689,0.0063
20260312111003,800,6,0.7689,0.0063
20260312111004,800,6,0.7689,0.0063
20260312111005,800,6,0.7689,0.0063
20260312111006,800,6,0.7689,0.0063
20260312111007,800,6,0.7689,0.0063
20260312111008,800,6,0.7689,0.0063
20260312111009,800,6,0.7689,0.0063
20260312111010,800,6,0.7689,0.0063
20260312111011,800,6,0.7689,0.0063
20260312111012,800,6,0.7689,0.0063
20260312111013,800,6,0.7689,0.0063
20260312111014,800,6,0.7689,0.0063
20260312111015,800,6,0.7689,0.0063
20260312111016,800,6,0.7689,0.0063
20260312111017,800,6,0.7689,0.0063
20260312111018,800,6,0.7689,0.0063
20260312111019,800,6,0.7689,0.0063
20260312111020,800,6,0.7689,0.0063
20260312111021,800,6,0.7689,0.0063
20260312111022,800,6,0.7689,0.0063
20260312111023,800,6,0.7689,0.0063
20260312111024,800,6,0.7689,0.0063
20260312111025,800,6,0.7689,0.0063
20260312111026,800,6,0.7689,0.0063
20260312111027,800,6,0.7689,0.0063
20260312111028,800,6,0.7689,0.0063
20260312111029,800,6,0.7689,0.0063
20260312111030,800,6,0.7689,0.0063
20260312111031,800,6,0.7689,0.0063
20260312111032,800,6,0.7689,0.0063
20260312111033,800,6,0.7689,0.0063
20260312111034,800,6,0.7689,0.0063
20260312111035,800,6,0.7689,0.0063
20260312111036,800,6,0.7689,0.0063
20260312111037,800,6,0.7689,0.0063
20260312111038,800,6,0.7689,0.0063
20260312111039,800,6,0.7689,0.0063
20260312111040,800,6,0.7689,0.0063
20260312111041,800,7,0.7689,0.0063
20260312111042,800,7,0.7689,0.0063
20260312111043,800,7,0.7689,0.0063
20260312111044,800,7,0.7689,0.0063
20260312111045,800,7,0.7689,0.0063
20260312111046,800,7,0.7689,0.0063
20260312111047,800,7,0.7689,0.0063
20260312111048,800,7,0.7689,0.0063
20260312111049,800,7,0.7689,0.0063
20260312111050,800,7,0.7689,0.0063
20260312111051,800,7,0.7689,0.0063
20260312111052,800,7,0.7689,0.0063
20260312111053,800,7,0.7689,0.0063
20260312111054,800,7,0.7689,0.0063
20260312111055,800,7,0.7689,0.0063
20260312111056,800,7,0.7689,0.0063
20260312111058,800,7,0.7689,0.0063
20260312111059,800,7,0.7689,0.0063
20260312111100,800,7,0.7689,0.0063
20260312111101,800,7,0.7689,0.0063
20260312111102,800,7,0.7689,0.0063
20260312111103,800,7,0.7689,0.0063
20260312111104,800,7,0.7689,0.0063
20260312111105,800,7,0.7689,0.0063
20260312111106,800,7,0.7689,0.0063
20260312111107,800,7,0.7689,0.0063
20260312111108,800,7,0.7689,0.0063
20260312111109,800,7,0.7689,0.0063
20260312111110,800,7,0.7689,0.0063
20260312111111,800,7,0.7689,0.0063
20260312111112,800,7,0.7689,0.0063
20260312111113,800,7,0.7689,0.0063
20260312111114,800,7,0.7689,0.0063
20260312111115,800,7,0.7689,0.0063
20260312111116,800,7,0.7689,0.0063
20260312111117,800,7,0.7689,0.0063
20260312111118,800,7,0.7689,0.0063
20260312111119,800,7,0.7689,0.0063
20260312111120,800,7,0.7689,0.0063
20260312111121,800,7,0.7689,0.0063
20260312111122,800,7,0.7689,0.0063
20260312111123,800,7,0.7689,0.0063
20260312111124,800,7,0.7689,0.0063
20260312111125,800,7,0.7689,0.0063
20260312111126,800,7,0.7689,0.0063
20260312111127,800,7,0.7689,0.0063
20260312111128,800,7,0.7689,0.0063
20260312111129,800,7,0.7689,0.0063
20260312111130,800,7,0.7689,0.0063
20260312111131,800,7,0.7689,0.0063
20260312111132,800,7,0.7689,0.0063
20260312111133,800,7,0.7689,0.0063
20260312111134,800,7,0.7689,0.0063
20260312111135,800,7,0.7689,0.0063
20260312111136,800,7,0.7689,0.0063
20260312111137,800,7,0.7689,0.0063
20260312111138,800,7,0.7689,0.0063
20260312111139,800,7,0.7689,0.0063
20260312111140,800,7,0.7689,0.0063
20260312111141,800,7,0.7689,0.0063
20260312111142,800,7,0.7689,0.0063
20260312111143,800,7,0.7689,0.0063
20260312111144,800,7,0.7689,0.0063
20260312111145,800,7,0.7689,0.0063
20260312111146,800,7,0.7689,0.0063
20260312111147,800,7,0.7689,0.0063
20260312111148,800,8,0.7689,0.0063
20260312111149,800,8,0.7689,0.0063
20260312111150,800,8,0.7689,0.0063
20260312111151,800,8,0.7689,0.0063
20260312111152,800,8,0.7689,0.0063
20260312111153,800,8,0.7689,0.0063
20260312111154,800,8,0.7689,0.0063
20260312111155,800,8,0.7689,0.0063
20260312111156,800,8,0.7689,0.0063
20260312111157,800,8,0.7689,0.0063
20260312111159,800,8,0.7689,0.0063
20260312111200,800,8,0.7689,0.0063
20260312111201,800,8,0.7689,0.0063
20260312111202,800,8,0.7689,0.0063
20260312111203,800,8,0.7689,0.0063
20260312111204,800,8,0.7689,0.0063
20260312111205,800,8,0.7689,0.0063
20260312111206,800,8,0.7689,0.0063
20260312111207,800,8,0.7689,0.0063
20260312111208,800,8,0.7689,0.0063
20260312111209,800,8,0.7689,0.0063
20260312111210,800,8,0.7689,0.0063
20260312111211,800,8,0.7689,0.0063
20260312111212,800,8,0.7689,0.0063
20260312111213,800,8,0.7689,0.0063
20260312111214,800,8,0.7689,0.0063
20260312111215,800,8,0.7689,0.0063
20260312111216,800,8,0.7689,0.0063
20260312111217,800,8,0.7689,0.0063
20260312111218,800,8,0.7689,0.0063
20260312111219,800,8,0.7689,0.0063
20260312111220,800,8,0.7689,0.0063
20260312111221,800,8,0.7689,0.0063
20260312111222,800,8,0.7689,0.0063
20260312111223,800,8,0.7689,0.0063
20260312111224,800,8,0.7689,0.0063
20260312111225,800,8,0.7689,0.0063
20260312111226,800,8,0.7689,0.0063
20260312111227,800,8,0.7689,0.0063
20260312111228,800,8,0.7689,0.0063
20260312111229,800,8,0.7689,0.0063
20260312111230,800,8,0.7689,0.0063
20260312111231,800,8,0.7689,0.0063
20260312111232,800,8,0.7689,0.0063
20260312111233,800,8,0.7689,0.0063
20260312111234,800,8,0.7689,0.0063
20260312111235,800,8,0.7689,0.0063
20260312111236,800,8,0.7689,0.0063
20260312111237,800,8,0.7689,0.0063
20260312111238,800,8,0.7689,0.0063
20260312111239,800,8,0.7689,0.0063
20260312111240,800,8,0.7689,0.0063
20260312111241,800,8,0.7689,0.0063
20260312111242,800,8,0.7689,0.0063
20260312111243,800,8,0.7689,0.0063
20260312111244,800,8,0.7689,0.0063
20260312111245,800,8,0.7689,0.0063
20260312111246,800,8,0.7689,0.0063
20260312111247,800,8,0.7689,0.0063
20260312111248,800,8,0.7689,0.0063
20260312111249,800,8,0.7689,0.0063
20260312111250,800,8,0.7688,0.0063
20260312111251,800,8,0.7688,0.0063
20260312111252,800,8,0.7688,0.0063
20260312111253,800,8,0.7688,0.0063
20260312111254,800,9,0.7688,0.0063
20260312111255,800,9,0.7688,0.0063
20260312111256,800,9,0.7688,0.0063
20260312111257,800,9,0.7688,0.0063
20260312111258,800,9,0.7688,0.0063
20260312111300,800,9,0.7688,0.0063
20260312111301,800,9,0.7688,0.0063
20260312111302,800,9,0.7688,0.0063
20260312111303,800,9,0.7688,0.0063
20260312111304,800,9,0.7688,0.0063
20260312111305,800,9,0.7688,0.0063
20260312111306,800,9,0.7688,0.0063
20260312111307,800,9,0.7688,0.0063
20260312111308,800,9,0.7688,0.0063
20260312111309,800,9,0.7688,0.0063
20260312111310,800,9,0.7688,0.0063
20260312111311,800,9,0.7688,0.0063
20260312111312,800,9,0.7688,0.0063
20260312111313,800,9,0.7688,0.0063
20260312111314,800,9,0.7688,0.0063
20260312111315,800,9,0.7688,0.0063
20260312111316,800,9,0.7688,0.0063
20260312111317,800,9,0.7688,0.0063
20260312111318,800,9,0.7688,0.0063
20260312111319,800,9,0.7688,0.0063
20260312111320,800,9,0.7688,0.0063
20260312111321,800,9,0.7688,0.0063
20260312111322,800,9,0.7688,0.0063
20260312111323,800,9,0.7688,0.0063
20260312111324,800,9,0.7688,0.0063
20260312111325,800,9,0.7688,0.0063
20260312111326,800,9,0.7688,0.0063
20260312111327,800,9,0.7688,0.0063
20260312111328,800,9,0.7688,0.0063
20260312111329,800,9,0.7688,0.0063
20260312111330,800,9,0.7688,0.0063
20260312111331,800,9,0.7688,0.0063
20260312111332,800,9,0.7688,0.0063
20260312111333,800,9,0.7688,0.0063
20260312111334,800,9,0.7688,0.0063
20260312111335,800,9,0.7688,0.0063
20260312111336,800,9,0.7688,0.0063
20260312111337,800,9,0.7688,0.0063
20260312111338,800,9,0.7688,0.0063
20260312111339,800,9,0.7688,0.0063
20260312111340,800,9,0.7688,0.0063
20260312111341,800,9,0.7688,0.0063
20260312111342,800,9,0.7688,0.0063
20260312111343,800,9,0.7688,0.0063
20260312111344,800,9,0.7688,0.0063
20260312111345,800,9,0.7688,0.0063
20260312111346,800,9,0.7688,0.0063
20260312111347,800,9,0.7688,0.0063
20260312111348,800,9,0.7688,0.0063
20260312111349,800,9,0.7688,0.0063
20260312111350,800,9,0.7688,0.0063
20260312111351,800,9,0.7688,0.0063
20260312111352,800,9,0.7688,0.0063
20260312111353,800,9,0.7688,0.0063
20260312111354,800,9,0.7688,0.0063
20260312111355,800,9,0.7688,0.0063
20260312111356,800,9,0.7688,0.0063
20260312111357,800,9,0.7688,0.0063
20260312111359,800,9,0.7688,0.0063
20260312111400,800,10,0.7688,0.0063
20260312111401,800,10,0.7688,0.0063
20260312111402,800,10,0.7688,0.0063
20260312111403,800,10,0.7688,0.0063
20260312111404,800,10,0.7688,0.0063
20260312111405,800,10,0.7688,0.0063
20260312111406,800,10,0.7688,0.0063
20260312111407,800,10,0.7688,0.0063
20260312111408,800,10,0.7688,0.0063
20260312111409,800,10,0.7688,0.0063
20260312111410,800,10,0.7688,0.0063
20260312111411,800,10,0.7688,0.0063
20260312111412,800,10,0.7688,0.0063
20260312111413,800,10,0.7688,0.0063
20260312111414,800,10,0.7688,0.0063
20260312111415,800,10,0.7688,0.0063
20260312111416,800,10,0.7688,0.0063
20260312111417,800,10,0.7688,0.0063
20260312111418,800,10,0.7688,0.0063
20260312111419,800,10,0.7688,0.0063
20260312111420,800,10,0.7688,0.0063
20260312111421,800,10,0.7688,0.0063
20260312111422,800,10,0.7688,0.0063
20260312111423,800,10,0.7688,0.0063
20260312111424,800,10,0.7688,0.0063
20260312111425,800,10,0.7688,0.0063
20260312111426,800,10,0.7688,0.0063
20260312111427,800,10,0.7688,0.0063
20260312111428,800,10,0.7688,0.0063
20260312111429,800,10,0.7688,0.0063
20260312111430,800,10,0.7688,0.0063
20260312111431,800,10,0.7688,0.0063
20260312111432,800,10,0.7688,0.0063
20260312111433,800,10,0.7688,0.0063
20260312111434,800,10,0.7688,0.0063
20260312111435,800,10,0.7688,0.0063
20260312111436,800,10,0.7688,0.0063
20260312111437,800,10,0.7688,0.0063
20260312111438,800,10,0.7688,0.0063
20260312111439,800,10,0.7688,0.0063
20260312111440,800,10,0.7688,0.0063
20260312111441,800,10,0.7688,0.0063
20260312111442,800,10,0.7688,0.0063
20260312111443,800,10,0.7688,0.0063
20260312111444,800,10,0.7688,0.0063
20260312111445,800,10,0.7688,0.0063
20260312111446,800,10,0.7688,0.0063
20260312111447,800,10,0.7688,0.0063
20260312111448,800,10,0.7688,0.0063
20260312111449,800,10,0.7688,0.0063
20260312111450,800,10,0.7688,0.0063
20260312111451,800,10,0.7688,0.0063
20260312111452,800,10,0.7688,0.0063
20260312111453,800,10,0.7688,0.0063
20260312111454,800,10,0.7688,0.0063
20260312111455,800,10,0.7688,0.0063
20260312111456,800,10,0.7688,0.0063
20260312111458,800,10,0.7688,0.0063
20260312111459,800,10,0.7688,0.0063
20260312111500,800,10,0.7688,0.0063
20260312111501,800,10,0.7688,0.0063
20260312111502,800,10,0.7688,0.0063
20260312111503,800,10,0.7688,0.0063
20260312111504,800,10,0.7688,0.0063
20260312111505,800,10,0.7688,0.0063
20260312111506,800,11,0.7688,0.0063
20260312111507,800,11,0.7688,0.0063
20260312111508,800,11,0.7688,0.0063
20260312111509,800,11,0.7688,0.0063
20260312111510,800,11,0.7688,0.0063
20260312111511,800,11,0.7688,0.0063
20260312111512,800,11,0.7688,0.0063
20260312111513,800,11,0.7688,0.0063
20260312111514,800,11,0.7688,0.0063
20260312111515,800,11,0.7688,0.0063
20260312111516,800,11,0.7688,0.0063
20260312111517,800,11,0.7688,0.0063
20260312111518,800,11,0.7688,0.0063
20260312111519,800,11,0.7688,0.0063
20260312111520,800,11,0.7688,0.0063
20260312111521,800,11,0.7688,0.0063
20260312111522,800,11,0.7688,0.0063
20260312111523,800,11,0.7688,0.0063
20260312111524,800,11,0.7688,0.0063
20260312111525,800,11,0.7688,0.0063
20260312111526,800,11,0.7688,0.0063
20260312111527,800,11,0.7688,0.0063
20260312111528,800,11,0.7688,0.0063
20260312111529,800,11,0.7688,0.0063
20260312111530,800,11,0.7688,0.0063
20260312111531,800,11,0.7688,0.0063
20260312111532,800,11,0.7688,0.0063
20260312111533,800,11,0.7688,0.0063
20260312111534,800,11,0.7688,0.0063
20260312111535,800,11,0.7688,0.0063
20260312111536,800,11,0.7688,0.0063
20260312111537,800,11,0.7688,0.0063
20260312111538,800,11,0.7688,0.0063
20260312111539,800,11,0.7688,0.0063
20260312111540,800,11,0.7688,0.0063
20260312111541,800,11,0.7688,0.0063
20260312111542,800,11,0.7688,0.0063
20260312111543,800,11,0.7688,0.0063
20260312111544,800,11,0.7688,0.0063
20260312111545,800,11,0.7688,0.0063
20260312111546,800,11,0.7688,0.0063
20260312111547,800,11,0.7688,0.0063
20260312111548,800,11,0.7688,0.0063
20260312111549,800,11,0.7688,0.0063
20260312111550,800,11,0.7688,0.0063
20260312111551,800,11,0.7688,0.0063
20260312111552,800,11,0.7688,0.0063
20260312111553,800,11,0.7688,0.0063
20260312111554,800,11,0.7687,0.0063
20260312111555,800,11,0.7687,0.0063
20260312111556,800,11,0.7687,0.0063
20260312111558,800,11,0.7687,0.0063
20260312111559,800,11,0.7687,0.0063
20260312111600,800,11,0.7687,0.0063
20260312111601,800,11,0.7687,0.0063
20260312111602,800,11,0.7687,0.0063
20260312111603,800,11,0.7687,0.0063
20260312111604,800,11,0.7687,0.0063
20260312111605,800,11,0.7687,0.0063
20260312111606,800,11,0.7687,0.0063
20260312111607,800,11,0.7687,0.0063
20260312111608,800,11,0.7687,0.0063
20260312111609,800,11,0.7687,0.0063
20260312111610,800,11,0.7687,0.0063
20260312111611,800,11,0.7687,0.0063
20260312111612,800,12,0.7687,0.0063
20260312111613,800,12,0.7687,0.0063
20260312111614,800,12,0.7687,0.0063
20260312111615,800,12,0.7687,0.0063
20260312111616,800,12,0.7687,0.0063
20260312111617,800,12,0.7687,0.0063
20260312111618,800,12,0.7687,0.0063
20260312111619,800,12,0.7687,0.0063
20260312111620,800,12,0.7687,0.0063
20260312111621,800,12,0.7687,0.0063
20260312111622,800,12,0.7687,0.0063
20260312111623,800,12,0.7687,0.0063
20260312111624,800,12,0.7687,0.0063
20260312111625,800,12,0.7687,0.0063
20260312111626,800,12,0.7687,0.0063
20260312111627,800,12,0.7687,0.0063
20260312111628,800,12,0.7687,0.0063
20260312111629,800,12,0.7687,0.0063
20260312111630,800,12,0.7687,0.0063
20260312111631,800,12,0.7687,0.0063
20260312111632,800,12,0.7687,0.0063
20260312111633,800,12,0.7687,0.0063
20260312111634,800,12,0.7687,0.0063
20260312111635,800,12,0.7687,0.0063
20260312111636,800,12,0.7687,0.0063
20260312111637,800,12,0.7687,0.0063
20260312111638,800,12,0.7687,0.0063
20260312111639,800,12,0.7687,0.0063
20260312111640,800,12,0.7687,0.0063
20260312111641,800,12,0.7687,0.0063
20260312111642,800,12,0.7687,0.0063
20260312111643,800,12,0.7687,0.0063
20260312111644,800,12,0.7687,0.0063
20260312111645,800,12,0.7687,0.0063
20260312111646,800,12,0.7687,0.0063
20260312111647,800,12,0.7687,0.0063
20260312111648,800,12,0.7687,0.0063
20260312111649,800,12,0.7687,0.0063
20260312111650,800,12,0.7687,0.0063
20260312111651,800,12,0.7687,0.0063
20260312111652,800,12,0.7687,0.0063
20260312111653,800,12,0.7687,0.0063
20260312111654,800,12,0.7687,0.0063
20260312111655,800,12,0.7687,0.0063
20260312111657,800,12,0.7687,0.0063
20260312111658,800,12,0.7687,0.0063
20260312111659,800,12,0.7687,0.0063
20260312111700,800,12,0.7687,0.0063
20260312111701,800,12,0.7687,0.0063
20260312111702,800,12,0.7687,0.0063
20260312111703,800,12,0.7687,0.0063
20260312111704,800,12,0.7687,0.0063
20260312111705,800,12,0.7687,0.0063
20260312111706,800,12,0.7687,0.0063
20260312111707,800,12,0.7687,0.0063
20260312111708,800,12,0.7687,0.0063
20260312111709,800,12,0.7687,0.0063
20260312111710,800,12,0.7687,0.0063
20260312111711,800,12,0.7687,0.0063
20260312111712,800,12,0.7687,0.0063
20260312111713,800,12,0.7687,0.0063
20260312111714,800,12,0.7687,0.0063
20260312111715,800,12,0.7687,0.0063
20260312111716,800,12,0.7687,0.0063
20260312111717,800,12,0.7687,0.0063
20260312111718,800,12,0.7687,0.0063
20260312111719,800,13,0.7687,0.0063
20260312111720,800,13,0.7687,0.0063
20260312111721,800,13,0.7687,0.0063
20260312111722,800,13,0.7687,0.0063
20260312111723,800,13,0.7687,0.0063
20260312111724,800,13,0.7687,0.0063
20260312111725,800,13,0.7687,0.0063
20260312111726,800,13,0.7687,0.0063
20260312111727,800,13,0.7687,0.0063
20260312111728,800,13,0.7687,0.0063
20260312111729,800,13,0.7687,0.0063
20260312111730,800,13,0.7687,0.0063
20260312111731,800,13,0.7687,0.0063
20260312111732,800,13,0.7687,0.0063
20260312111733,800,13,0.7687,0.0063
20260312111734,800,13,0.7687,0.0063
20260312111735,800,13,0.7687,0.0063
20260312111736,800,13,0.7687,0.0063
20260312111737,800,13,0.7687,0.0063
20260312111738,800,13,0.7687,0.0063
20260312111739,800,13,0.7687,0.0063
20260312111740,800,13,0.7687,0.0063
20260312111741,800,13,0.7687,0.0063
20260312111742,800,13,0.7687,0.0063
20260312111743,800,13,0.7687,0.0063
20260312111744,800,13,0.7687,0.0063
20260312111745,800,13,0.7687,0.0063
20260312111746,800,13,0.7687,0.0063
20260312111747,800,13,0.7687,0.0063
20260312111748,800,13,0.7687,0.0063
20260312111749,800,13,0.7687,0.0063
20260312111750,800,13,0.7687,0.0063
20260312111751,800,13,0.7687,0.0063
20260312111752,800,13,0.7687,0.0063
20260312111753,800,13,0.7687,0.0063
20260312111755,800,13,0.7687,0.0063
20260312111756,800,13,0.7687,0.0063
20260312111757,800,13,0.7687,0.0063
20260312111758,800,13,0.7687,0.0063
20260312111759,800,13,0.7687,0.0063
20260312111800,800,13,0.7687,0.0063
20260312111801,800,13,0.7687,0.0063
20260312111802,800,13,0.7687,0.0063
20260312111803,800,13,0.7687,0.0063
20260312111804,800,13,0.7687,0.0063
20260312111805,800,13,0.7687,0.0063
20260312111806,800,13,0.7687,0.0063
20260312111807,800,13,0.7687,0.0063
20260312111808,800,13,0.7687,0.0063
20260312111809,800,13,0.7687,0.0063
20260312111810,800,13,0.7687,0.0063
20260312111811,800,13,0.7687,0.0063
20260312111812,800,13,0.7687,0.0063
20260312111813,800,13,0.7687,0.0063
20260312111814,800,13,0.7687,0.0063
20260312111815,800,13,0.7687,0.0063
20260312111816,800,13,0.7687,0.0063
20260312111817,800,13,0.7687,0.0063
20260312111818,800,13,0.7687,0.0063
20260312111819,800,13,0.7687,0.0063
20260312111820,800,13,0.7687,0.0063
20260312111821,800,13,0.7687,0.0063
20260312111822,800,13,0.7687,0.0063
20260312111823,800,13,0.7687,0.0063
20260312111824,800,13,0.7687,0.0063
20260312111825,800,14,0.7687,0.0063
20260312111826,800,14,0.7687,0.0063
20260312111827,800,14,0.7687,0.0063
20260312111828,800,14,0.7687,0.0063
20260312111829,800,14,0.7687,0.0063
20260312111830,800,14,0.7687,0.0063
20260312111831,800,14,0.7687,0.0063
20260312111832,800,14,0.7687,0.0063
20260312111833,800,14,0.7687,0.0063
20260312111834,800,14,0.7687,0.0063
20260312111835,800,14,0.7687,0.0063
20260312111836,800,14,0.7687,0.0063
20260312111837,800,14,0.7687,0.0063
20260312111838,800,14,0.7687,0.0063
20260312111839,800,14,0.7687,0.0063
20260312111840,800,14,0.7687,0.0063
20260312111841,800,14,0.7687,0.0063
20260312111842,800,14,0.7687,0.0063
20260312111843,800,14,0.7687,0.0063
20260312111844,800,14,0.7687,0.0063
20260312111845,800,14,0.7687,0.0063
20260312111846,800,14,0.7687,0.0063
20260312111847,800,14,0.7687,0.0063
20260312111848,800,14,0.7687,0.0063
20260312111849,800,14,0.7687,0.0063
20260312111850,800,14,0.7687,0.0063
20260312111851,800,14,0.7687,0.0063
20260312111853,800,14,0.7687,0.0063
20260312111854,800,14,0.7687,0.0063
20260312111855,800,14,0.7687,0.0063
20260312111856,800,14,0.7687,0.0063
20260312111857,800,14,0.7687,0.0063
20260312111858,800,14,0.7687,0.0063
20260312111859,800,14,0.7687,0.0063
20260312111900,800,14,0.7687,0.0063
20260312111901,800,14,0.7687,0.0063
20260312111902,800,14,0.7687,0.0063
20260312111903,800,14,0.7687,0.0063
20260312111904,800,14,0.7687,0.0063
20260312111905,800,14,0.7687,0.0063
20260312111906,800,14,0.7687,0.0063
20260312111907,800,14,0.7687,0.0063
20260312111908,800,14,0.7687,0.0063
20260312111909,800,14,0.7687,0.0063
20260312111910,800,14,0.7687,0.0063
20260312111911,800,14,0.7687,0.0063
20260312111912,800,14,0.7686,0.0063
20260312111913,800,14,0.7686,0.0063
20260312111914,800,14,0.7686,0.0063
20260312111915,800,14,0.7686,0.0063
20260312111916,800,14,0.7686,0.0063
20260312111917,800,14,0.7686,0.0063
20260312111918,800,14,0.7686,0.0063
20260312111919,800,14,0.7686,0.0063
20260312111920,800,14,0.7686,0.0063
20260312111921,800,14,0.7686,0.0063
20260312111922,800,14,0.7686,0.0063
20260312111923,800,14,0.7686,0.0063
20260312111924,800,14,0.7686,0.0063
20260312111925,800,14,0.7686,0.0063
20260312111926,800,14,0.7686,0.0063
20260312111927,800,14,0.7686,0.0063
20260312111928,800,14,0.7686,0.0063
20260312111929,800,15,0.7686,0.0063
20260312111930,800,15,0.7686,0.0063
20260312111931,800,15,0.7686,0.0063
20260312111932,800,15,0.7686,0.0063
20260312111933,800,15,0.7686,0.0063
20260312111934,800,15,0.7686,0.0063
20260312111935,800,15,0.7686,0.0063
20260312111936,800,15,0.7686,0.0063
20260312111937,800,15,0.7686,0.0063
20260312111938,800,15,0.7686,0.0063
20260312111939,800,15,0.7686,0.0063
20260312111940,800,15,0.7686,0.0063
20260312111941,800,15,0.7686,0.0063
20260312111942,800,15,0.7686,0.0063
20260312111943,800,15,0.7686,0.0063
20260312111944,800,15,0.7686,0.0063
20260312111945,800,15,0.7686,0.0063
20260312111946,800,15,0.7686,0.0063
20260312111947,800,15,0.7686,0.0063
20260312111948,800,15,0.7686,0.0063
20260312111949,800,15,0.7686,0.0063
20260312111950,800,15,0.7686,0.0063
20260312111951,800,15,0.7686,0.0063
20260312111952,800,15,0.7686,0.0063
20260312111953,800,15,0.7686,0.0063
20260312111954,800,15,0.7686,0.0063
20260312111956,800,15,0.7686,0.0063
20260312111957,800,15,0.7686,0.0063
20260312111958,800,15,0.7686,0.0063
20260312111959,800,15,0.7686,0.0063
20260312112000,800,15,0.7686,0.0063
20260312112001,800,15,0.7686,0.0063
20260312112002,800,15,0.7686,0.0063
20260312112003,800,15,0.7686,0.0063
20260312112004,800,15,0.7686,0.0063
20260312112005,800,15,0.7686,0.0063
20260312112006,800,15,0.7686,0.0063
20260312112007,800,15,0.7686,0.0063
20260312112008,800,15,0.7686,0.0063
20260312112009,800,15,0.7686,0.0063
20260312112010,800,15,0.7686,0.0063
20260312112011,800,15,0.7686,0.0063
20260312112012,800,15,0.7686,0.0063
20260312112013,800,15,0.7686,0.0063
20260312112014,800,15,0.7686,0.0063
20260312112015,800,15,0.7686,0.0063
20260312112016,800,15,0.7686,0.0063
20260312112017,800,15,0.7686,0.0063
20260312112018,800,15,0.7686,0.0063
20260312112019,800,15,0.7686,0.0063
20260312112020,800,15,0.7686,0.0063
20260312112021,800,15,0.7686,0.0063
20260312112022,800,15,0.7686,0.0063
20260312112023,800,15,0.7686,0.0063
20260312112024,800,15,0.7686,0.0063
20260312112025,800,15,0.7686,0.0063
20260312112026,800,15,0.7686,0.0063
20260312112027,800,15,0.7686,0.0063
20260312112028,800,15,0.7686,0.0063
20260312112029,800,15,0.7686,0.0063
20260312112030,800,15,0.7686,0.0063
20260312112031,800,15,0.7686,0.0063
20260312112032,800,15,0.7686,0.0063
20260312112033,800,15,0.7686,0.0063
20260312112034,800,15,0.7686,0.0063
20260312112035,800,16,0.7686,0.0063
20260312112036,800,16,0.7686,0.0063
20260312112037,800,16,0.7686,0.0063
20260312112038,800,16,0.7686,0.0063
20260312112039,800,16,0.7686,0.0063
20260312112040,800,16,0.7686,0.0063
20260312112041,800,16,0.7686,0.0063
20260312112042,800,16,0.7686,0.0063
20260312112043,800,16,0.7686,0.0063
20260312112044,800,16,0.7686,0.0063
20260312112045,800,16,0.7686,0.0063
20260312112046,800,16,0.7686,0.0063
20260312112047,800,16,0.7686,0.0063
20260312112048,800,16,0.7686,0.0063
20260312112049,800,16,0.7686,0.0063
20260312112050,800,16,0.7686,0.0063
20260312112051,800,16,0.7686,0.0063
20260312112052,800,16,0.7686,0.0063
20260312112053,800,16,0.7686,0.0063
20260312112054,800,16,0.7686,0.0063
20260312112055,800,16,0.7686,0.0063
20260312112056,800,16,0.7686,0.0063
20260312112057,800,16,0.7686,0.0063
20260312112058,800,16,0.7686,0.0063
20260312112100,800,16,0.7686,0.0063
20260312112101,800,16,0.7686,0.0063
20260312112102,800,16,0.7686,0.0063
20260312112103,800,16,0.7686,0.0063
20260312112104,800,16,0.7686,0.0063
20260312112105,800,16,0.7686,0.0063
20260312112106,800,16,0.7686,0.0063
20260312112107,800,16,0.7686,0.0063
20260312112108,800,16,0.7686,0.0063
20260312112109,800,16,0.7686,0.0063
20260312112110,800,16,0.7686,0.0063
20260312112111,800,16,0.7686,0.0063
20260312112112,800,16,0.7686,0.0063
20260312112113,800,16,0.7686,0.0063
20260312112114,800,16,0.7686,0.0063
20260312112115,800,16,0.7686,0.0063
20260312112116,800,16,0.7686,0.0063
20260312112117,800,16,0.7686,0.0063
20260312112118,800,16,0.7686,0.0063
20260312112119,800,16,0.7686,0.0063
20260312112120,800,16,0.7686,0.0063
20260312112121,800,16,0.7686,0.0063
20260312112122,800,16,0.7686,0.0063
20260312112123,800,16,0.7686,0.0063
20260312112124,800,16,0.7686,0.0063
20260312112125,800,16,0.7686,0.0063
20260312112126,800,16,0.7686,0.0063
20260312112127,800,16,0.7686,0.0063
20260312112128,800,16,0.7686,0.0063
20260312112129,800,16,0.7686,0.0063
20260312112130,800,16,0.7686,0.0063
20260312112131,800,16,0.7686,0.0063
20260312112132,800,16,0.7686,0.0063
20260312112133,800,16,0.7686,0.0063
20260312112134,800,16,0.7686,0.0063
20260312112135,800,16,0.7686,0.0063
20260312112136,800,16,0.7686,0.0063
20260312112137,800,16,0.7686,0.0063
20260312112138,800,16,0.7686,0.0063
20260312112139,800,16,0.7686,0.0063
20260312112140,800,16,0.7686,0.0063
20260312112141,800,17,0.7686,0.0063
20260312112142,800,17,0.7686,0.0063
20260312112143,800,17,0.7686,0.0063
20260312112144,800,17,0.7686,0.0063
20260312112145,800,17,0.7686,0.0063
20260312112146,800,17,0.7686,0.0063
20260312112147,800,17,0.7686,0.0063
20260312112148,800,17,0.7686,0.0063
20260312112149,800,17,0.7686,0.0063
20260312112150,800,17,0.7686,0.0063
20260312112151,800,17,0.7686,0.0063
20260312112152,800,17,0.7686,0.0063
20260312112153,800,17,0.7686,0.0063
20260312112154,800,17,0.7686,0.0063
20260312112155,800,17,0.7686,0.0063
20260312112156,800,17,0.7686,0.0063
20260312112157,800,17,0.7686,0.0063
20260312112159,800,17,0.7686,0.0063
20260312112200,800,17,0.7686,0.0063
20260312112201,800,17,0.7686,0.0063
20260312112202,800,17,0.7686,0.0063
20260312112203,800,17,0.7686,0.0063
20260312112204,800,17,0.7686,0.0063
20260312112205,800,17,0.7686,0.0063
20260312112206,800,17,0.7686,0.0063
20260312112207,800,17,0.7686,0.0063
20260312112208,800,17,0.7686,0.0063
20260312112209,800,17,0.7686,0.0063
20260312112210,800,17,0.7686,0.0063
20260312112211,800,17,0.7686,0.0063
20260312112212,800,17,0.7686,0.0063
20260312112213,800,17,0.7686,0.0063
20260312112214,800,17,0.7686,0.0063
20260312112215,800,17,0.7686,0.0063
20260312112216,800,17,0.7686,0.0063
20260312112217,800,17,0.7686,0.0063
20260312112218,800,17,0.7686,0.0063
20260312112219,800,17,0.7686,0.0063
20260312112220,800,17,0.7686,0.0063
20260312112221,800,17,0.7686,0.0063
20260312112222,800,17,0.7686,0.0063
20260312112223,800,17,0.7686,0.0063
20260312112224,800,17,0.7686,0.0063
20260312112225,800,17,0.7686,0.0063
20260312112226,800,17,0.7686,0.0063
20260312112227,800,17,0.7686,0.0063
20260312112228,800,17,0.7685,0.0063
20260312112229,800,17,0.7685,0.0063
20260312112230,800,17,0.7685,0.0063
20260312112231,800,17,0.7685,0.0063
20260312112232,800,17,0.7685,0.0063
20260312112233,800,17,0.7685,0.0063
20260312112234,800,17,0.7685,0.0063
20260312112235,800,17,0.7685,0.0063
20260312112236,800,17,0.7685,0.0063
20260312112237,800,17,0.7685,0.0063
20260312112238,800,17,0.7685,0.0063
20260312112239,800,17,0.7685,0.0063
20260312112240,800,17,0.7685,0.0063
20260312112241,800,17,0.7685,0.0063
20260312112242,800,17,0.7685,0.0063
20260312112243,800,17,0.7685,0.0063
20260312112244,800,17,0.7685,0.0063
20260312112245,800,17,0.7685,0.0063
20260312112246,800,17,0.7685,0.0063
20260312112247,800,18,0.7685,0.0063
20260312112248,800,18,0.7685,0.0063
20260312112249,800,18,0.7685,0.0063
20260312112250,800,18,0.7685,0.0063
20260312112251,800,18,0.7685,0.0063
20260312112252,800,18,0.7685,0.0063
20260312112253,800,18,0.7685,0.0063
20260312112254,800,18,0.7685,0.0063
20260312112255,800,18,0.7685,0.0063
20260312112256,800,18,0.7685,0.0063
20260312112257,800,18,0.7685,0.0063
20260312112258,800,18,0.7685,0.0063
20260312112300,800,18,0.7685,0.0063
20260312112301,800,18,0.7685,0.0063
20260312112302,800,18,0.7685,0.0063
20260312112303,800,18,0.7685,0.0063
20260312112304,800,18,0.7685,0.0063
20260312112305,800,18,0.7685,0.0063
20260312112306,800,18,0.7685,0.0063
20260312112307,800,18,0.7685,0.0063
20260312112308,800,18,0.7685,0.0063
20260312112309,800,18,0.7685,0.0063
20260312112310,800,18,0.7685,0.0063
20260312112311,800,18,0.7685,0.0063
20260312112312,800,18,0.7685,0.0063
20260312112313,800,18,0.7685,0.0063
20260312112314,800,18,0.7685,0.0063
20260312112315,800,18,0.7685,0.0063
20260312112316,800,18,0.7685,0.0063
20260312112317,800,18,0.7685,0.0063
20260312112318,800,18,0.7685,0.0063
20260312112319,800,18,0.7685,0.0063
20260312112320,800,18,0.7685,0.0063
20260312112321,800,18,0.7685,0.0063
20260312112322,800,18,0.7685,0.0063
20260312112323,800,18,0.7685,0.0063
20260312112324,800,18,0.7685,0.0063
20260312112325,800,18,0.7685,0.0063
20260312112326,800,18,0.7685,0.0063
20260312112327,800,18,0.7685,0.0063
20260312112328,800,18,0.7685,0.0063
20260312112329,800,18,0.7685,0.0063
20260312112330,800,18,0.7685,0.0063
20260312112331,800,18,0.7685,0.0063
20260312112332,800,18,0.7685,0.0063
20260312112333,800,18,0.7685,0.0063
20260312112334,800,18,0.7685,0.0063
20260312112335,800,18,0.7685,0.0063
20260312112336,800,18,0.7685,0.0063
20260312112337,800,18,0.7685,0.0063
20260312112338,800,18,0.7685,0.0063
20260312112339,800,18,0.7685,0.0063
20260312112340,800,18,0.7685,0.0063
20260312112341,800,18,0.7685,0.0063
20260312112342,800,18,0.7685,0.0063
20260312112343,800,18,0.7685,0.0063
20260312112344,800,18,0.7685,0.0063
20260312112345,800,18,0.7685,0.0063
20260312112346,800,18,0.7685,0.0063
20260312112347,800,18,0.7685,0.0063
20260312112348,800,18,0.7685,0.0063
20260312112349,800,18,0.7685,0.0063
20260312112350,800,18,0.7685,0.0063
20260312112351,800,18,0.7685,0.0063
20260312112352,800,18,0.7685,0.0063
20260312112353,800,19,0.7685,0.0063
20260312112354,800,19,0.7685,0.0063
20260312112355,800,19,0.7685,0.0063
20260312112356,800,19,0.7685,0.0063
20260312112357,800,19,0.7685,0.0063
20260312112359,800,19,0.7685,0.0063
20260312112400,800,19,0.7685,0.0063
20260312112401,800,19,0.7685,0.0063
20260312112402,800,19,0.7685,0.0063
20260312112403,800,19,0.7685,0.0063
20260312112404,800,19,0.7685,0.0063
20260312112405,800,19,0.7685,0.0063
20260312112406,800,19,0.7685,0.0063
20260312112407,800,19,0.7685,0.0063
20260312112408,800,19,0.7685,0.0063
20260312112409,800,19,0.7685,0.0063
20260312112410,800,19,0.7685,0.0063
20260312112411,800,19,0.7685,0.0063
20260312112412,800,19,0.7685,0.0063
20260312112413,800,19,0.7685,0.0063
20260312112414,800,19,0.7685,0.0063
20260312112415,800,19,0.7685,0.0063
20260312112416,800,19,0.7685,0.0063
20260312112417,800,19,0.7685,0.0063
20260312112418,800,19,0.7685,0.0063
20260312112419,800,19,0.7685,0.0063
20260312112420,800,19,0.7685,0.0063
20260312112421,800,19,0.7685,0.0063
20260312112422,800,19,0.7685,0.0063
20260312112423,800,19,0.7685,0.0063
20260312112424,800,19,0.7685,0.0063
20260312112425,800,19,0.7685,0.0063
20260312112426,800,19,0.7685,0.0063
20260312112427,800,19,0.7685,0.0063
20260312112428,800,19,0.7685,0.0063
20260312112429,800,19,0.7685,0.0063
20260312112430,800,19,0.7685,0.0063
20260312112431,800,19,0.7685,0.0063
20260312112432,800,19,0.7685,0.0063
20260312112433,800,19,0.7685,0.0063
20260312112434,800,19,0.7685,0.0063
20260312112435,800,19,0.7685,0.0063
20260312112436,800,19,0.7685,0.0063
20260312112437,800,19,0.7685,0.0063
20260312112438,800,19,0.7685,0.0063
20260312112439,800,19,0.7685,0.0063
20260312112440,800,19,0.7685,0.0063
20260312112441,800,19,0.7685,0.0063
20260312112442,800,19,0.7685,0.0063
20260312112443,800,19,0.7685,0.0063
20260312112444,800,19,0.7685,0.0063
20260312112445,800,19,0.7685,0.0063
20260312112446,800,19,0.7685,0.0063
20260312112447,800,19,0.7685,0.0063
20260312112448,800,19,0.7685,0.0063
20260312112449,800,19,0.7685,0.0063
20260312112450,800,19,0.7685,0.0063
20260312112451,800,19,0.7685,0.0063
20260312112452,800,19,0.7685,0.0063
20260312112453,800,19,0.7685,0.0063
20260312112454,800,19,0.7685,0.0063
20260312112455,800,19,0.7685,0.0063
20260312112456,800,19,0.7685,0.0063
20260312112457,800,19,0.7685,0.0063
20260312112458,800,20,0.7685,0.0063
20260312112459,800,20,0.7685,0.0063
20260312112500,800,20,0.7685,0.0063
20260312112502,800,20,0.7685,0.0063
20260312112503,800,20,0.7685,0.0063
20260312112504,800,20,0.7685,0.0063
20260312112505,800,20,0.7685,0.0063
20260312112506,800,20,0.7685,0.0063
20260312112507,800,20,0.7685,0.0063
20260312112508,800,20,0.7685,0.0063
20260312112509,800,20,0.7685,0.0063
20260312112510,800,20,0.7685,0.0063
20260312112511,800,20,0.7685,0.0063
20260312112512,800,20,0.7685,0.0063
20260312112513,800,20,0.7685,0.0063
20260312112514,800,20,0.7685,0.0063
20260312112515,800,20,0.7685,0.0063
20260312112516,800,20,0.7685,0.0063
20260312112517,800,20,0.7685,0.0063
20260312112518,800,20,0.7685,0.0063
20260312112519,800,20,0.7685,0.0063
20260312112520,800,20,0.7685,0.0063
20260312112521,800,20,0.7685,0.0063
20260312112522,800,20,0.7685,0.0063
20260312112523,800,20,0.7684,0.0063
20260312112524,800,20,0.7684,0.0063
20260312112525,800,20,0.7684,0.0063
20260312112526,800,20,0.7684,0.0063
20260312112527,800,20,0.7684,0.0063
20260312112528,800,20,0.7684,0.0063
20260312112529,800,20,0.7684,0.0063
20260312112530,800,20,0.7684,0.0063
20260312112531,800,20,0.7684,0.0063
20260312112532,800,20,0.7684,0.0063
20260312112533,800,20,0.7684,0.0063
20260312112534,800,20,0.7684,0.0063
20260312112535,800,20,0.7684,0.0063
20260312112536,800,20,0.7684,0.0063
20260312112537,800,20,0.7684,0.0063
20260312112538,800,20,0.7684,0.0063
20260312112539,800,20,0.7684,0.0063
20260312112540,800,20,0.7684,0.0063
20260312112541,800,20,0.7684,0.0063
20260312112542,800,20,0.7684,0.0063
20260312112543,800,20,0.7684,0.0063
20260312112544,800,20,0.7684,0.0063
20260312112545,800,20,0.7684,0.0063
20260312112546,800,20,0.7684,0.0063
20260312112547,800,20,0.7684,0.0063
20260312112548,800,20,0.7684,0.0063
20260312112549,800,20,0.7684,0.0063
20260312112550,800,20,0.7684,0.0063
20260312112551,800,20,0.7684,0.0063
20260312112552,800,20,0.7684,0.0063
20260312112553,800,20,0.7684,0.0063
20260312112555,800,20,0.7684,0.0063
20260312112556,800,20,0.7684,0.0063
20260312112557,800,20,0.7684,0.0063
20260312112558,800,20,0.7684,0.0063
20260312112559,800,20,0.7684,0.0063
20260312112600,800,20,0.7684,0.0063
20260312112601,800,20,0.7684,0.0063
20260312112602,800,20,0.7684,0.0063
20260312112603,800,20,0.7684,0.0063
20260312112604,800,21,0.7684,0.0063
20260312112605,800,21,0.7684,0.0063
20260312112606,800,21,0.7684,0.0063
20260312112607,800,21,0.7684,0.0063
20260312112608,800,21,0.7684,0.0063
20260312112609,800,21,0.7684,0.0063
20260312112610,800,21,0.7684,0.0063
20260312112611,800,21,0.7684,0.0063
20260312112612,800,21,0.7684,0.0063
20260312112613,800,21,0.7684,0.0063
20260312112614,800,21,0.7684,0.0063
20260312112615,800,21,0.7684,0.0063
20260312112616,800,21,0.7684,0.0063
20260312112617,800,21,0.7684,0.0063
20260312112618,800,21,0.7684,0.0063
20260312112619,800,21,0.7684,0.0063
20260312112620,800,21,0.7684,0.0063
20260312112621,800,21,0.7684,0.0063
20260312112622,800,21,0.7684,0.0063
20260312112623,800,21,0.7684,0.0063
20260312112624,800,21,0.7684,0.0063
20260312112625,800,21,0.7684,0.0063
20260312112626,800,21,0.7684,0.0063
20260312112627,800,21,0.7684,0.0063
20260312112628,800,21,0.7684,0.0063
20260312112629,800,21,0.7684,0.0063
20260312112630,800,21,0.7684,0.0063
20260312112631,800,21,0.7684,0.0063
20260312112632,800,21,0.7684,0.0063
20260312112633,800,21,0.7684,0.0063
20260312112634,800,21,0.7684,0.0063
20260312112635,800,21,0.7684,0.0063
20260312112636,800,21,0.7684,0.0063
20260312112637,800,21,0.7684,0.0063
20260312112638,800,21,0.7684,0.0063
20260312112639,800,21,0.7684,0.0063
20260312112640,800,21,0.7684,0.0063
20260312112641,800,21,0.7684,0.0063
20260312112642,800,21,0.7684,0.0063
20260312112643,800,21,0.7684,0.0063
20260312112644,800,21,0.7684,0.0063
20260312112645,800,21,0.7684,0.0063
20260312112646,800,21,0.7684,0.0063
20260312112647,800,21,0.7684,0.0063
20260312112649,800,21,0.7684,0.0063
20260312112650,800,21,0.7684,0.0063
20260312112651,800,21,0.7684,0.0063
20260312112652,800,21,0.7684,0.0063
20260312112653,800,21,0.7684,0.0063
20260312112654,800,21,0.7684,0.0063
20260312112655,800,21,0.7684,0.0063
20260312112656,800,21,0.7684,0.0063
20260312112657,800,21,0.7684,0.0063
20260312112658,800,21,0.7684,0.0063
20260312112659,800,21,0.7684,0.0063
20260312112700,800,21,0.7684,0.0063
20260312112701,800,21,0.7684,0.0063
20260312112702,800,21,0.7684,0.0063
20260312112703,800,21,0.7684,0.0063
20260312112704,800,21,0.7684,0.0063
20260312112705,800,21,0.7684,0.0063
20260312112706,800,21,0.7684,0.0063
20260312112707,800,21,0.7684,0.0063
20260312112708,800,21,0.7684,0.0063
20260312112709,800,21,0.7684,0.0063
20260312112710,800,22,0.7684,0.0063
20260312112711,800,22,0.7684,0.0063
20260312112712,800,22,0.7684,0.0063
20260312112713,800,22,0.7684,0.0063
20260312112714,800,22,0.7684,0.0063
20260312112715,800,22,0.7684,0.0063
20260312112716,800,22,0.7684,0.0063
20260312112717,800,22,0.7684,0.0063
20260312112718,800,22,0.7684,0.0063
20260312112719,800,22,0.7684,0.0063
20260312112720,800,22,0.7684,0.0063
20260312112721,800,22,0.7684,0.0063
20260312112722,800,22,0.7684,0.0063
20260312112723,800,22,0.7684,0.0063
20260312112724,800,22,0.7684,0.0063
20260312112725,800,22,0.7684,0.0063
20260312112726,800,22,0.7684,0.0063
20260312112727,800,22,0.7684,0.0063
20260312112728,800,22,0.7684,0.0063
20260312112729,800,22,0.7684,0.0063
20260312112730,800,22,0.7684,0.0063
20260312112731,800,22,0.7684,0.0063
20260312112732,800,22,0.7684,0.0063
20260312112733,800,22,0.7684,0.0063
20260312112734,800,22,0.7684,0.0063
20260312112735,800,22,0.7684,0.0063
20260312112736,800,22,0.7684,0.0063
20260312112737,800,22,0.7684,0.0063
20260312112738,800,22,0.7684,0.0063
20260312112739,800,22,0.7684,0.0063
20260312112741,800,22,0.7684,0.0063
20260312112742,800,22,0.7684,0.0063
20260312112743,800,22,0.7684,0.0063
20260312112744,800,22,0.7684,0.0063
20260312112745,800,22,0.7684,0.0063
20260312112746,800,22,0.7684,0.0063
20260312112747,800,22,0.7684,0.0063
20260312112748,800,22,0.7684,0.0063
20260312112749,800,22,0.7684,0.0063
20260312112750,800,22,0.7684,0.0063
20260312112751,800,22,0.7684,0.0063
20260312112752,800,22,0.7684,0.0063
20260312112753,800,22,0.7684,0.0063
20260312112754,800,22,0.7684,0.0063
20260312112755,800,22,0.7684,0.0063
20260312112756,800,22,0.7684,0.0063
20260312112757,800,22,0.7684,0.0063
20260312112758,800,22,0.7684,0.0063
20260312112759,800,22,0.7684,0.0063
20260312112800,800,22,0.7684,0.0063
20260312112801,800,22,0.7684,0.0063
20260312112802,800,22,0.7684,0.0063
20260312112803,800,22,0.7684,0.0063
20260312112804,800,22,0.7684,0.0063
20260312112805,800,22,0.7684,0.0063
20260312112806,800,22,0.7684,0.0063
20260312112807,800,22,0.7684,0.0063
20260312112808,800,22,0.7684,0.0063
20260312112809,800,22,0.7684,0.0063
20260312112810,800,22,0.7684,0.0063
20260312112811,800,22,0.7684,0.0063
20260312112812,800,22,0.7684,0.0063
20260312112813,800,22,0.7684,0.0063
20260312112814,800,22,0.7684,0.0063
20260312112815,800,22,0.7684,0.0063
20260312112816,800,23,0.7684,0.0063
20260312112817,800,23,0.7684,0.0063
20260312112818,800,23,0.7684,0.0063
20260312112819,800,23,0.7684,0.0063
20260312112820,800,23,0.7684,0.0063
20260312112821,800,23,0.7684,0.0063
20260312112822,800,23,0.7684,0.0063
20260312112823,800,23,0.7684,0.0063
20260312112824,800,23,0.7684,0.0063
20260312112825,800,23,0.7684,0.0063
20260312112826,800,23,0.7684,0.0063
20260312112827,800,23,0.7684,0.0063
20260312112828,800,23,0.7683,0.0063
20260312112829,800,23,0.7683,0.0063
20260312112830,800,23,0.7683,0.0063
20260312112831,800,23,0.7683,0.0063
20260312112832,800,23,0.7683,0.0063
20260312112833,800,23,0.7683,0.0063
20260312112834,800,23,0.7683,0.0063
20260312112835,800,23,0.7683,0.0063
20260312112836,800,23,0.7683,0.0063
20260312112838,800,23,0.7683,0.0063
20260312112839,800,23,0.7683,0.0063
20260312112840,800,23,0.7683,0.0063
20260312112841,800,23,0.7683,0.0063
20260312112842,800,23,0.7683,0.0063
20260312112843,800,23,0.7683,0.0063
20260312112844,800,23,0.7683,0.0063
20260312112845,800,23,0.7683,0.0063
20260312112846,800,23,0.7683,0.0063
20260312112847,800,23,0.7683,0.0063
20260312112848,800,23,0.7683,0.0063
20260312112849,800,23,0.7683,0.0063
20260312112850,800,23,0.7683,0.0063
20260312112851,800,23,0.7683,0.0063
20260312112852,800,23,0.7683,0.0063
20260312112853,800,23,0.7683,0.0063
20260312112854,800,23,0.7683,0.0063
20260312112855,800,23,0.7683,0.0063
20260312112856,800,23,0.7683,0.0063
20260312112857,800,23,0.7683,0.0063
20260312112858,800,23,0.7683,0.0063
20260312112859,800,23,0.7683,0.0063
20260312112900,800,23,0.7683,0.0063
20260312112901,800,23,0.7683,0.0063
20260312112902,800,23,0.7683,0.0063
20260312112903,800,23,0.7683,0.0063
20260312112904,800,23,0.7683,0.0063
20260312112905,800,23,0.7683,0.0063
20260312112906,800,23,0.7683,0.0063
20260312112907,800,23,0.7683,0.0063
20260312112908,800,23,0.7683,0.0063
20260312112909,800,23,0.7683,0.0063
20260312112910,800,23,0.7683,0.0063
20260312112911,800,23,0.7683,0.0063
20260312112912,800,23,0.7683,0.0063
20260312112913,800,23,0.7683,0.0063
20260312112914,800,23,0.7683,0.0063
20260312112915,800,23,0.7683,0.0063
20260312112916,800,23,0.7683,0.0063
20260312112917,800,23,0.7683,0.0063
20260312112918,800,23,0.7683,0.0063
20260312112919,800,23,0.7683,0.0063
20260312112920,800,23,0.7683,0.0063
20260312112921,800,24,0.7683,0.0063
20260312112922,800,24,0.7683,0.0063
20260312112923,800,24,0.7683,0.0063
20260312112924,800,24,0.7683,0.0063
20260312112925,800,24,0.7683,0.0063
20260312112926,800,24,0.7683,0.0063
20260312112927,800,24,0.7683,0.0063
20260312112928,800,24,0.7683,0.0063
20260312112929,800,24,0.7683,0.0063
20260312112930,800,24,0.7683,0.0063
20260312112931,800,24,0.7683,0.0063
20260312112933,800,24,0.7683,0.0063
20260312112934,800,24,0.7683,0.0063
20260312112935,800,24,0.7683,0.0063
20260312112936,800,24,0.7683,0.0063
20260312112937,800,24,0.7683,0.0063
20260312112938,800,24,0.7683,0.0063
20260312112939,800,24,0.7683,0.0063
20260312112940,800,24,0.7683,0.0063
20260312112941,800,24,0.7683,0.0063
20260312112942,800,24,0.7683,0.0063
20260312112943,800,24,0.7683,0.0063
20260312112944,800,24,0.7683,0.0063
20260312112945,800,24,0.7683,0.0063
20260312112946,800,24,0.7683,0.0063
20260312112947,800,24,0.7683,0.0063
20260312112948,800,24,0.7683,0.0063
20260312112949,800,24,0.7683,0.0063
20260312112950,800,24,0.7683,0.0063
20260312112951,800,24,0.7683,0.0063
20260312112952,800,24,0.7683,0.0063
20260312112953,800,24,0.7683,0.0063
20260312112954,800,24,0.7683,0.0063
20260312112955,800,24,0.7683,0.0063
20260312112956,800,24,0.7683,0.0063
20260312112957,800,24,0.7683,0.0063
20260312112958,800,24,0.7683,0.0063
20260312112959,800,24,0.7683,0.0063
20260312113000,800,24,0.7683,0.0063
20260312113001,800,24,0.7683,0.0063
20260312113002,800,24,0.7683,0.0063
20260312113003,800,24,0.7683,0.0063
20260312113004,800,24,0.7683,0.0063
20260312113005,800,24,0.7683,0.0063
20260312113006,800,24,0.7683,0.0063
20260312113007,800,24,0.7683,0.0063
20260312113008,800,24,0.7683,0.0063
20260312113009,800,24,0.7683,0.0063
20260312113010,800,24,0.7683,0.0063
20260312113011,800,24,0.7683,0.0063
20260312113012,800,24,0.7683,0.0063
20260312113013,800,24,0.7683,0.0063
20260312113014,800,24,0.7683,0.0063
20260312113015,800,24,0.7683,0.0063
20260312113016,800,24,0.7683,0.0063
20260312113017,800,24,0.7683,0.0063
20260312113018,800,24,0.7683,0.0063
20260312113019,800,24,0.7683,0.0063
20260312113020,800,24,0.7683,0.0063
20260312113021,800,24,0.7683,0.0063
20260312113022,800,24,0.7683,0.0063
20260312113023,800,24,0.7683,0.0063
20260312113024,800,24,0.7683,0.0063
20260312113025,800,24,0.7683,0.0063
20260312113026,800,25,0.7683,0.0063
20260312113027,800,25,0.7683,0.0063
20260312113028,800,25,0.7683,0.0063
20260312113029,800,25,0.7683,0.0063
20260312113030,800,25,0.7683,0.0063
20260312113032,800,25,0.7683,0.0063
20260312113033,800,25,0.7683,0.0063
20260312113034,800,25,0.7683,0.0063
20260312113035,800,25,0.7683,0.0063
20260312113036,800,25,0.7683,0.0063
20260312113037,800,25,0.7683,0.0063
20260312113038,800,25,0.7683,0.0063
20260312113039,800,25,0.7683,0.0063
20260312113040,800,25,0.7683,0.0063
20260312113041,800,25,0.7683,0.0063
20260312113042,800,25,0.7683,0.0063
20260312113043,800,25,0.7683,0.0063
20260312113044,800,25,0.7683,0.0063
20260312113045,800,25,0.7683,0.0063
20260312113046,800,25,0.7683,0.0063
20260312113047,800,25,0.7683,0.0063
20260312113048,800,25,0.7683,0.0063
20260312113049,800,25,0.7683,0.0063
20260312113050,800,25,0.7683,0.0063
20260312113051,800,25,0.7683,0.0063
20260312113052,800,25,0.7683,0.0063
20260312113053,800,25,0.7683,0.0063
20260312113054,800,25,0.7683,0.0063
20260312113055,800,25,0.7683,0.0063
20260312113056,800,25,0.7683,0.0063
20260312113057,800,25,0.7683,0.0063
20260312113058,800,25,0.7683,0.0063
20260312113059,800,25,0.7683,0.0063
20260312113100,800,25,0.7683,0.0063
20260312113101,800,25,0.7683,0.0063
20260312113102,800,25,0.7683,0.0063
20260312113103,800,25,0.7683,0.0063
20260312113104,800,25,0.7683,0.0063
20260312113105,800,25,0.7683,0.0063
20260312113106,800,25,0.7683,0.0063
20260312113107,800,25,0.7683,0.0063
20260312113108,800,25,0.7683,0.0063
20260312113109,800,25,0.7683,0.0063
20260312113110,800,25,0.7683,0.0063
20260312113111,800,25,0.7683,0.0063
20260312113112,800,25,0.7683,0.0063
20260312113113,800,25,0.7683,0.0063
20260312113114,800,25,0.7683,0.0063
20260312113115,800,25,0.7683,0.0063
20260312113116,800,25,0.7683,0.0063
20260312113117,800,25,0.7683,0.0063
20260312113118,800,25,0.7683,0.0063
20260312113119,800,25,0.7683,0.0063
20260312113120,800,25,0.7683,0.0063
20260312113121,800,25,0.7683,0.0063
20260312113122,800,25,0.7683,0.0063
20260312113123,800,25,0.7683,0.0063
20260312113124,800,25,0.7683,0.0063
20260312113125,800,25,0.7683,0.0063
20260312113126,800,25,0.7683,0.0063
20260312113127,800,25,0.7683,0.0063
20260312113128,800,25,0.7683,0.0063
20260312113129,800,25,0.7683,0.0063
20260312113131,800,25,0.7683,0.0063
20260312113132,800,26,0.7683,0.0063
20260312113133,800,26,0.7683,0.0063
20260312113134,800,26,0.7683,0.0063
20260312113135,800,26,0.7683,0.0063
20260312113136,800,26,0.7683,0.0063
20260312113137,800,26,0.7683,0.0063
20260312113138,800,26,0.7683,0.0063
20260312113139,800,26,0.7683,0.0063
20260312113140,800,26,0.7683,0.0063
20260312113141,800,26,0.7683,0.0063
20260312113142,800,26,0.7683,0.0063
20260312113143,800,26,0.7683,0.0063
20260312113144,800,26,0.7682,0.0063
20260312113145,800,26,0.7682,0.0063
20260312113146,800,26,0.7682,0.0063
20260312113147,800,26,0.7682,0.0063
20260312113148,800,26,0.7682,0.0063
20260312113149,800,26,0.7682,0.0063
20260312113150,800,26,0.7682,0.0063
20260312113151,800,26,0.7682,0.0063
20260312113152,800,26,0.7682,0.0063
20260312113153,800,26,0.7682,0.0063
20260312113154,800,26,0.7682,0.0063
20260312113155,800,26,0.7682,0.0063
20260312113156,800,26,0.7682,0.0063
20260312113157,800,26,0.7682,0.0063
20260312113158,800,26,0.7682,0.0063
20260312113159,800,26,0.7682,0.0063
20260312113200,800,26,0.7682,0.0063
20260312113201,800,26,0.7682,0.0063
20260312113202,800,26,0.7682,0.0063
20260312113203,800,26,0.7682,0.0063
20260312113204,800,26,0.7682,0.0063
20260312113205,800,26,0.7682,0.0063
20260312113206,800,26,0.7682,0.0063
20260312113207,800,26,0.7682,0.0063
20260312113208,800,26,0.7682,0.0063
20260312113209,800,26,0.7682,0.0063
20260312113210,800,26,0.7682,0.0063
20260312113211,800,26,0.7682,0.0063
20260312113212,800,26,0.7682,0.0063
20260312113213,800,26,0.7682,0.0063
20260312113214,800,26,0.7682,0.0063
20260312113215,800,26,0.7682,0.0063
20260312113216,800,26,0.7682,0.0063
20260312113217,800,26,0.7682,0.0063
20260312113218,800,26,0.7682,0.0063
20260312113219,800,26,0.7682,0.0063
20260312113220,800,26,0.7682,0.0063
20260312113221,800,26,0.7682,0.0063
20260312113222,800,26,0.7682,0.0063
20260312113223,800,26,0.7682,0.0063
20260312113224,800,26,0.7682,0.0063
20260312113225,800,26,0.7682,0.0063
20260312113226,800,26,0.7682,0.0063
20260312113227,800,26,0.7682,0.0063
20260312113228,800,26,0.7682,0.0063
20260312113229,800,26,0.7682,0.0063
20260312113231,800,26,0.7682,0.0063
20260312113232,800,26,0.7682,0.0063
20260312113233,800,26,0.7682,0.0063
20260312113234,800,26,0.7682,0.0063
20260312113235,800,26,0.7682,0.0063
20260312113236,800,26,0.7682,0.0063
20260312113237,800,27,0.7682,0.0063
20260312113238,800,27,0.7682,0.0063
20260312113239,800,27,0.7682,0.0063
20260312113240,800,27,0.7682,0.0063
20260312113241,800,27,0.7682,0.0063
20260312113242,800,27,0.7682,0.0063
20260312113243,800,27,0.7682,0.0063
20260312113244,800,27,0.7682,0.0063
20260312113245,800,27,0.7682,0.0063
20260312113246,800,27,0.7682,0.0063
20260312113247,800,27,0.7682,0.0063
20260312113248,800,27,0.7682,0.0063
20260312113249,800,27,0.7682,0.0063
20260312113250,800,27,0.7682,0.0063
20260312113251,800,27,0.7682,0.0063
20260312113252,800,27,0.7682,0.0063
20260312113253,800,27,0.7682,0.0063
20260312113254,800,27,0.7682,0.0063
20260312113255,800,27,0.7682,0.0063
20260312113256,800,27,0.7682,0.0063
20260312113257,800,27,0.7682,0.0063
20260312113258,800,27,0.7682,0.0063
20260312113259,800,27,0.7682,0.0063
20260312113300,800,27,0.7682,0.0063
20260312113301,800,27,0.7682,0.0063
20260312113302,800,27,0.7682,0.0063
20260312113303,800,27,0.7682,0.0063
20260312113304,800,27,0.7682,0.0063
20260312113305,800,27,0.7682,0.0063
20260312113306,800,27,0.7682,0.0063
20260312113307,800,27,0.7682,0.0063
20260312113308,800,27,0.7682,0.0063
20260312113309,800,27,0.7682,0.0063
20260312113310,800,27,0.7682,0.0063
20260312113311,800,27,0.7682,0.0063
20260312113312,800,27,0.7682,0.0063
20260312113313,800,27,0.7682,0.0063
20260312113314,800,27,0.7682,0.0063
20260312113315,800,27,0.7682,0.0063
20260312113316,800,27,0.7682,0.0063
20260312113317,800,27,0.7682,0.0063
20260312113318,800,27,0.7682,0.0063
20260312113319,800,27,0.7682,0.0063
20260312113320,800,27,0.7682,0.0063
20260312113321,800,27,0.7682,0.0063
20260312113322,800,27,0.7682,0.0063
20260312113323,800,27,0.7682,0.0063
20260312113324,800,27,0.7682,0.0063
20260312113325,800,27,0.7682,0.0063
20260312113327,800,27,0.7682,0.0063
20260312113328,800,27,0.7682,0.0063
20260312113329,800,27,0.7682,0.0063
20260312113330,800,27,0.7682,0.0063
20260312113331,800,27,0.7682,0.0063
20260312113332,800,27,0.7682,0.0063
20260312113333,800,27,0.7682,0.0063
20260312113334,800,27,0.7682,0.0063
20260312113335,800,27,0.7682,0.0063
20260312113336,800,27,0.7682,0.0063
20260312113337,800,27,0.7682,0.0063
20260312113338,800,27,0.7682,0.0063
20260312113339,800,27,0.7682,0.0063
20260312113340,800,27,0.7682,0.0063
20260312113341,800,27,0.7682,0.0063
20260312113342,800,27,0.7682,0.0063
20260312113343,800,28,0.7682,0.0063
20260312113344,800,28,0.7682,0.0063
20260312113345,800,28,0.7682,0.0063
20260312113346,800,28,0.7682,0.0063
20260312113347,800,28,0.7682,0.0063
20260312113348,800,28,0.7682,0.0063
20260312113349,800,28,0.7682,0.0063
20260312113350,800,28,0.7682,0.0063
20260312113351,800,28,0.7682,0.0063
20260312113352,800,28,0.7682,0.0063
20260312113353,800,28,0.7682,0.0063
20260312113354,800,28,0.7682,0.0063
20260312113355,800,28,0.7682,0.0063
20260312113356,800,28,0.7682,0.0063
20260312113357,800,28,0.7682,0.0063
20260312113358,800,28,0.7682,0.0063
20260312113359,800,28,0.7682,0.0063
20260312113400,800,28,0.7682,0.0063
20260312113401,800,28,0.7682,0.0063
20260312113402,800,28,0.7682,0.0063
20260312113403,800,28,0.7682,0.0063
20260312113404,800,28,0.7682,0.0063
20260312113405,800,28,0.7682,0.0063
20260312113406,800,28,0.7682,0.0063
20260312113407,800,28,0.7682,0.0063
20260312113408,800,28,0.7682,0.0063
20260312113409,800,28,0.7682,0.0063
20260312113410,800,28,0.7682,0.0063
20260312113411,800,28,0.7682,0.0063
20260312113412,800,28,0.7682,0.0063
20260312113413,800,28,0.7682,0.0063
20260312113414,800,28,0.7682,0.0063
20260312113415,800,28,0.7682,0.0063
20260312113417,800,28,0.7682,0.0063
20260312113418,800,28,0.7682,0.0063
20260312113419,800,28,0.7682,0.0063
20260312113420,800,28,0.7682,0.0063
20260312113421,800,28,0.7682,0.0063
20260312113422,800,28,0.7682,0.0063
20260312113423,800,28,0.7682,0.0063
20260312113424,800,28,0.7682,0.0063
20260312113425,800,28,0.7682,0.0063
20260312113426,800,28,0.7682,0.0063
20260312113427,800,28,0.7682,0.0063
20260312113428,800,28,0.7682,0.0063
20260312113429,800,28,0.7682,0.0063
20260312113430,800,28,0.7682,0.0063
20260312113431,800,28,0.7682,0.0063
20260312113432,800,28,0.7682,0.0063
20260312113433,800,28,0.7682,0.0063
20260312113434,800,28,0.7682,0.0063
20260312113435,800,28,0.7682,0.0063
20260312113436,800,28,0.7682,0.0063
20260312113437,800,28,0.7682,0.0063
20260312113438,800,28,0.7682,0.0063
20260312113439,800,28,0.7682,0.0063
20260312113440,800,28,0.7682,0.0063
20260312113441,800,28,0.7682,0.0063
20260312113442,800,28,0.7682,0.0063
20260312113443,800,28,0.7682,0.0063
20260312113444,800,28,0.7682,0.0063
20260312113445,800,28,0.7682,0.0063
20260312113446,800,28,0.7682,0.0063
20260312113447,800,28,0.7682,0.0063
20260312113448,800,29,0.7682,0.0063
20260312113449,800,29,0.7682,0.0063
20260312113450,800,29,0.7682,0.0063
20260312113451,800,29,0.7682,0.0063
20260312113452,800,29,0.7682,0.0063
20260312113453,800,29,0.7682,0.0063
20260312113454,800,29,0.7682,0.0063
20260312113455,800,29,0.7682,0.0063
20260312113456,800,29,0.7682,0.0063
20260312113457,800,29,0.7682,0.0063
20260312113458,800,29,0.7682,0.0063
20260312113459,800,29,0.7681,0.0063
20260312113500,800,29,0.7681,0.0063
20260312113501,800,29,0.7681,0.0063
20260312113502,800,29,0.7681,0.0063
20260312113503,800,29,0.7681,0.0063
20260312113504,800,29,0.7681,0.0063
20260312113505,800,29,0.7681,0.0063
20260312113506,800,29,0.7681,0.0063
20260312113507,800,29,0.7681,0.0063
20260312113508,800,29,0.7681,0.0063
20260312113509,800,29,0.7681,0.0063
20260312113511,800,29,0.7681,0.0063
20260312113512,800,29,0.7681,0.0063
20260312113513,800,29,0.7681,0.0063
20260312113514,800,29,0.7681,0.0063
20260312113515,800,29,0.7681,0.0063
20260312113516,800,29,0.7681,0.0063
20260312113517,800,29,0.7681,0.0063
20260312113518,800,29,0.7681,0.0063
20260312113519,800,29,0.7681,0.0063
20260312113520,800,29,0.7681,0.0063
20260312113521,800,29,0.7681,0.0063
20260312113522,800,29,0.7681,0.0063
20260312113523,800,29,0.7681,0.0063
20260312113524,800,29,0.7681,0.0063
20260312113525,800,29,0.7681,0.0063
20260312113526,800,29,0.7681,0.0063
20260312113527,800,29,0.7681,0.0063
20260312113528,800,29,0.7681,0.0063
20260312113529,800,29,0.7681,0.0063
20260312113530,800,29,0.7681,0.0063
20260312113531,800,29,0.7681,0.0063
20260312113532,800,29,0.7681,0.0063
20260312113533,800,29,0.7681,0.0063
20260312113534,800,29,0.7681,0.0063
20260312113535,800,29,0.7681,0.0063
20260312113536,800,29,0.7681,0.0063
20260312113537,800,29,0.7681,0.0063
20260312113538,800,29,0.7681,0.0063
20260312113539,800,29,0.7681,0.0063
20260312113540,800,29,0.7681,0.0063
20260312113541,800,29,0.7681,0.0063
20260312113542,800,29,0.7681,0.0063
20260312113543,800,29,0.7681,0.0063
20260312113544,800,29,0.7681,0.0063
20260312113545,800,29,0.7681,0.0063
20260312113546,800,29,0.7681,0.0063
20260312113547,800,29,0.7681,0.0063
20260312113548,800,29,0.7681,0.0063
20260312113549,800,29,0.7681,0.0063
20260312113550,800,29,0.7681,0.0063
20260312113551,800,29,0.7681,0.0063
20260312113552,800,29,0.7681,0.0063
20260312113553,800,30,0.7681,0.0063
20260312113554,800,30,0.7681,0.0063
20260312113555,800,30,0.7681,0.0063
20260312113556,800,30,0.7681,0.0063
20260312113557,800,30,0.7681,0.0063
20260312113558,800,30,0.7681,0.0063
20260312113559,800,30,0.7681,0.0063
20260312113600,800,30,0.7681,0.0063
20260312113601,800,30,0.7681,0.0063
20260312113602,800,30,0.7681,0.0063
20260312113603,800,30,0.7681,0.0063
20260312113605,800,30,0.7681,0.0063
20260312113606,800,30,0.7681,0.0063
20260312113607,800,30,0.7681,0.0063
20260312113608,800,30,0.7681,0.0063
20260312113609,800,30,0.7681,0.0063
20260312113610,800,30,0.7681,0.0063
20260312113611,800,30,0.7681,0.0063
20260312113612,800,30,0.7681,0.0063
20260312113613,800,30,0.7681,0.0063
20260312113614,800,30,0.7681,0.0063
20260312113615,800,30,0.7681,0.0063
20260312113616,800,30,0.7681,0.0063
20260312113617,800,30,0.7681,0.0063
20260312113618,800,30,0.7681,0.0063
20260312113619,800,30,0.7681,0.0063
20260312113620,800,30,0.7681,0.0063
20260312113621,800,30,0.7681,0.0063
20260312113622,800,30,0.7681,0.0063
20260312113623,800,30,0.7681,0.0063
20260312113624,800,30,0.7681,0.0063
20260312113625,800,30,0.7681,0.0063
20260312113626,800,30,0.7681,0.0063
20260312113627,800,30,0.7681,0.0063
20260312113628,800,30,0.7681,0.0063
20260312113629,800,30,0.7681,0.0063
20260312113630,800,30,0.7681,0.0063
20260312113631,800,30,0.7681,0.0063
20260312113632,800,30,0.7681,0.0063
20260312113633,800,30,0.7681,0.0063
20260312113634,800,30,0.7681,0.0063
20260312113635,800,30,0.7681,0.0063
20260312113636,800,30,0.7681,0.0063
20260312113637,800,30,0.7681,0.0063
20260312113638,800,30,0.7681,0.0063
20260312113639,800,30,0.7681,0.0063
20260312113640,800,30,0.7681,0.0063
20260312113641,800,30,0.7681,0.0063
20260312113642,800,30,0.7681,0.0063
20260312113643,800,30,0.7681,0.0063
20260312113644,800,30,0.7681,0.0063
20260312113645,800,30,0.7681,0.0063
20260312113646,800,30,0.7681,0.0063
20260312113647,800,30,0.7681,0.0063
20260312113648,800,30,0.7681,0.0063
20260312113649,800,30,0.7681,0.0063
20260312113650,800,30,0.7681,0.0063
20260312113651,800,30,0.7681,0.0063
20260312113652,800,30,0.7681,0.0063
20260312113653,800,30,0.7681,0.0063
20260312113654,800,30,0.7681,0.0063
20260312113655,800,30,0.7681,0.0063
20260312113656,800,30,0.7681,0.0063
20260312113657,800,30,0.7681,0.0063
20260312113658,800,30,0.7681,0.0063
20260312113659,800,30,0.7681,0.0063
20260312113700,800,31,0.7681,0.0063
20260312113701,800,31,0.7681,0.0063
20260312113702,800,31,0.7681,0.0063
20260312113703,800,31,0.7681,0.0063
20260312113704,800,31,0.7681,0.0063
20260312113705,800,31,0.7681,0.0063
20260312113706,800,31,0.7681,0.0063
20260312113707,800,31,0.7681,0.0063
20260312113708,800,31,0.7681,0.0063
20260312113710,800,31,0.7681,0.0063
20260312113711,800,31,0.7681,0.0063
20260312113712,800,31,0.7681,0.0063
20260312113713,800,31,0.7681,0.0063
20260312113714,800,31,0.7681,0.0063
20260312113715,800,31,0.7681,0.0063
20260312113716,800,31,0.7681,0.0063
20260312113717,800,31,0.7681,0.0063
20260312113718,800,31,0.7681,0.0063
20260312113719,800,31,0.7681,0.0063
20260312113720,800,31,0.7681,0.0063
20260312113721,800,31,0.7681,0.0063
20260312113722,800,31,0.7681,0.0063
20260312113723,800,31,0.7681,0.0063
20260312113724,800,31,0.7681,0.0063
20260312113725,800,31,0.7681,0.0063
20260312113726,800,31,0.7681,0.0063
20260312113727,800,31,0.7681,0.0063
20260312113728,800,31,0.7681,0.0063
20260312113729,800,31,0.7681,0.0063
20260312113730,800,31,0.7681,0.0063
20260312113731,800,31,0.7681,0.0063
20260312113732,800,31,0.7681,0.0063
20260312113733,800,31,0.7681,0.0063
20260312113734,800,31,0.7681,0.0063
20260312113735,800,31,0.7681,0.0063
20260312113736,800,31,0.7681,0.0063
20260312113737,800,31,0.7681,0.0063
20260312113738,800,31,0.7681,0.0063
20260312113739,800,31,0.7681,0.0063
20260312113740,800,31,0.7681,0.0063
20260312113741,800,31,0.7681,0.0063
20260312113742,800,31,0.7681,0.0063
20260312113743,800,31,0.7681,0.0063
20260312113744,800,31,0.7681,0.0063
20260312113745,800,31,0.7681,0.0063
20260312113746,800,31,0.7681,0.0063
20260312113747,800,31,0.7681,0.0063
20260312113748,800,31,0.7681,0.0063
20260312113749,800,31,0.7681,0.0063
20260312113750,800,31,0.7681,0.0063
20260312113751,800,31,0.7681,0.0063
20260312113752,800,31,0.7681,0.0063
20260312113753,800,31,0.7681,0.0063
20260312113754,800,31,0.7681,0.0063
20260312113755,800,31,0.7681,0.0063
20260312113756,800,31,0.7681,0.0063
20260312113757,800,31,0.7681,0.0063
20260312113758,800,31,0.7681,0.0063
20260312113759,800,31,0.7681,0.0063
20260312113800,800,31,0.7681,0.0063
20260312113801,800,31,0.7681,0.0063
20260312113802,800,31,0.7681,0.0063
20260312113803,800,31,0.7681,0.0063
20260312113804,800,31,0.7681,0.0063
20260312113805,800,32,0.7681,0.0063
20260312113806,800,32,0.7681,0.0063
20260312113807,800,32,0.7681,0.0063
20260312113808,800,32,0.7681,0.0063
20260312113809,800,32,0.7681,0.0063
20260312113810,800,32,0.7681,0.0063
20260312113811,800,32,0.7681,0.0063
20260312113813,800,32,0.7681,0.0063
20260312113814,800,32,0.7681,0.0063
20260312113815,800,32,0.7681,0.0063
20260312113816,800,32,0.768,0.0063
20260312113817,800,32,0.768,0.0063
20260312113818,800,32,0.768,0.0063
20260312113819,800,32,0.768,0.0063
20260312113820,800,32,0.768,0.0063
20260312113821,800,32,0.768,0.0063
20260312113822,800,32,0.768,0.0063
20260312113823,800,32,0.768,0.0063
20260312113824,800,32,0.768,0.0063
20260312113825,800,32,0.768,0.0063
20260312113826,800,32,0.768,0.0063
20260312113827,800,32,0.768,0.0063
20260312113828,800,32,0.768,0.0063
20260312113829,800,32,0.768,0.0063
20260312113830,800,32,0.768,0.0063
20260312113831,800,32,0.768,0.0063
20260312113832,800,32,0.768,0.0063
20260312113833,800,32,0.768,0.0063
20260312113834,800,32,0.768,0.0063
20260312113835,800,32,0.768,0.0063
20260312113836,800,32,0.768,0.0063
20260312113837,800,32,0.768,0.0063
20260312113838,800,32,0.768,0.0063
20260312113839,800,32,0.768,0.0063
20260312113840,800,32,0.768,0.0063
20260312113841,800,32,0.768,0.0063
20260312113842,800,32,0.768,0.0063
20260312113843,800,32,0.768,0.0063
20260312113844,800,32,0.768,0.0063
20260312113845,800,32,0.768,0.0063
20260312113846,800,32,0.768,0.0063
20260312113847,800,32,0.768,0.0063
20260312113848,800,32,0.768,0.0063
20260312113849,800,32,0.768,0.0063
20260312113850,800,32,0.768,0.0063
20260312113851,800,32,0.768,0.0063
20260312113852,800,32,0.768,0.0063
20260312113853,800,32,0.768,0.0063
20260312113854,800,32,0.768,0.0063
20260312113855,800,32,0.768,0.0063
20260312113856,800,32,0.768,0.0063
20260312113857,800,32,0.768,0.0063
20260312113858,800,32,0.768,0.0063
20260312113859,800,32,0.768,0.0063
20260312113900,800,32,0.768,0.0063
20260312113901,800,32,0.768,0.0063
20260312113902,800,32,0.768,0.0063
20260312113903,800,32,0.768,0.0063
20260312113904,800,32,0.768,0.0063
20260312113905,800,32,0.768,0.0063
20260312113906,800,32,0.768,0.0063
20260312113907,800,32,0.768,0.0063
20260312113908,800,32,0.768,0.0063
20260312113909,800,32,0.768,0.0063
20260312113910,800,32,0.768,0.0063
20260312113911,800,33,0.768,0.0063
20260312113912,800,33,0.768,0.0063
20260312113913,800,33,0.768,0.0063
20260312113914,800,33,0.768,0.0063
20260312113916,800,33,0.768,0.0063
20260312113917,800,33,0.768,0.0063
20260312113918,800,33,0.768,0.0063
20260312113919,800,33,0.768,0.0063
20260312113920,800,33,0.768,0.0063
20260312113921,800,33,0.768,0.0063
20260312113922,800,33,0.768,0.0063
20260312113923,800,33,0.768,0.0063
20260312113924,800,33,0.768,0.0063
20260312113925,800,33,0.768,0.0063
20260312113926,800,33,0.768,0.0063
20260312113927,800,33,0.768,0.0063
20260312113928,800,33,0.768,0.0063
20260312113929,800,33,0.768,0.0063
20260312113930,800,33,0.768,0.0063
20260312113931,800,33,0.768,0.0063
20260312113932,800,33,0.768,0.0063
20260312113933,800,33,0.768,0.0063
20260312113934,800,33,0.768,0.0063
20260312113935,800,33,0.768,0.0063
20260312113936,800,33,0.768,0.0063
20260312113937,800,33,0.768,0.0063
20260312113938,800,33,0.768,0.0063
20260312113939,800,33,0.768,0.0063
20260312113940,800,33,0.768,0.0063
20260312113941,800,33,0.768,0.0063
20260312113942,800,33,0.768,0.0063
20260312113943,800,33,0.768,0.0063
20260312113944,800,33,0.768,0.0063
20260312113945,800,33,0.768,0.0063
20260312113946,800,33,0.768,0.0063
20260312113947,800,33,0.768,0.0063
20260312113948,800,33,0.768,0.0063
20260312113949,800,33,0.768,0.0063
20260312113950,800,33,0.768,0.0063
20260312113951,800,33,0.768,0.0063
20260312113952,800,33,0.768,0.0063
20260312113953,800,33,0.768,0.0063
20260312113954,800,33,0.768,0.0063
20260312113955,800,33,0.768,0.0063
20260312113956,800,33,0.768,0.0063
20260312113957,800,33,0.768,0.0063
20260312113958,800,33,0.768,0.0063
20260312113959,800,33,0.768,0.0063
20260312114000,800,33,0.768,0.0063
20260312114001,800,33,0.768,0.0063
20260312114002,800,33,0.768,0.0063
20260312114003,800,33,0.768,0.0063
20260312114004,800,33,0.768,0.0063
20260312114005,800,33,0.768,0.0063
20260312114006,800,33,0.768,0.0063
20260312114007,800,33,0.768,0.0063
20260312114008,800,33,0.768,0.0063
20260312114009,800,33,0.768,0.0063
20260312114010,800,33,0.768,0.0063
20260312114011,800,33,0.768,0.0063
20260312114012,800,33,0.768,0.0063
20260312114013,800,33,0.768,0.0063
20260312114014,800,33,0.768,0.0063
20260312114015,800,33,0.768,0.0063
20260312114017,800,34,0.768,0.0063
20260312114018,800,34,0.768,0.0063
20260312114019,800,34,0.768,0.0063
20260312114020,800,34,0.768,0.0063
20260312114021,800,34,0.768,0.0063
20260312114022,800,34,0.768,0.0063
20260312114023,800,34,0.768,0.0063
20260312114024,800,34,0.768,0.0063
20260312114025,800,34,0.768,0.0063
20260312114026,800,34,0.768,0.0063
20260312114027,800,34,0.768,0.0063
20260312114028,800,34,0.768,0.0063
20260312114029,800,34,0.768,0.0063
20260312114030,800,34,0.768,0.0063
20260312114031,800,34,0.768,0.0063
20260312114032,800,34,0.768,0.0063
20260312114033,800,34,0.768,0.0063
20260312114034,800,34,0.768,0.0063
20260312114035,800,34,0.768,0.0063
20260312114036,800,34,0.768,0.0063
20260312114037,800,34,0.768,0.0063
20260312114038,800,34,0.768,0.0063
20260312114039,800,34,0.768,0.0063
20260312114040,800,34,0.768,0.0063
20260312114041,800,34,0.768,0.0063
20260312114042,800,34,0.768,0.0063
20260312114043,800,34,0.768,0.0063
20260312114044,800,34,0.768,0.0063
20260312114045,800,34,0.768,0.0063
20260312114046,800,34,0.768,0.0063
20260312114047,800,34,0.768,0.0063
20260312114048,800,34,0.768,0.0063
20260312114049,800,34,0.768,0.0063
20260312114050,800,34,0.768,0.0063
20260312114051,800,34,0.768,0.0063
20260312114052,800,34,0.768,0.0063
20260312114053,800,34,0.768,0.0063
20260312114054,800,34,0.768,0.0063
20260312114055,800,34,0.768,0.0063
20260312114056,800,34,0.768,0.0063
20260312114057,800,34,0.768,0.0063
20260312114058,800,34,0.768,0.0063
20260312114059,800,34,0.768,0.0063
20260312114100,800,34,0.768,0.0063
20260312114101,800,34,0.768,0.0064
20260312114102,800,34,0.768,0.0064
20260312114103,800,34,0.768,0.0064
20260312114104,800,34,0.768,0.0064
20260312114105,800,34,0.768,0.0064
20260312114106,800,34,0.768,0.0064
20260312114107,800,34,0.768,0.0064
20260312114108,800,34,0.768,0.0064
20260312114109,800,34,0.768,0.0064
20260312114110,800,34,0.768,0.0064
20260312114111,800,34,0.768,0.0064
20260312114112,800,34,0.768,0.0064
20260312114113,800,34,0.768,0.0064
20260312114115,800,34,0.768,0.0064
20260312114116,800,34,0.768,0.0064
20260312114117,800,34,0.768,0.0064
20260312114118,800,34,0.768,0.0064
20260312114119,800,34,0.768,0.0064
20260312114120,800,34,0.768,0.0064
20260312114121,800,34,0.768,0.0064
20260312114122,800,35,0.768,0.0064
20260312114123,800,35,0.768,0.0064
20260312114124,800,35,0.768,0.0064
20260312114125,800,35,0.768,0.0064
20260312114126,800,35,0.768,0.0064
20260312114127,800,35,0.768,0.0064
20260312114128,800,35,0.768,0.0064
20260312114129,800,35,0.768,0.0064
20260312114130,800,35,0.768,0.0064
20260312114131,800,35,0.768,0.0064
20260312114132,800,35,0.768,0.0064
20260312114133,800,35,0.7679,0.0064
20260312114134,800,35,0.7679,0.0064
20260312114135,800,35,0.7679,0.0064
20260312114136,800,35,0.7679,0.0064
20260312114137,800,35,0.7679,0.0064
20260312114138,800,35,0.7679,0.0064
20260312114139,800,35,0.7679,0.0064
20260312114140,800,35,0.7679,0.0064
20260312114141,800,35,0.7679,0.0064
20260312114142,800,35,0.7679,0.0064
20260312114143,800,35,0.7679,0.0064
20260312114144,800,35,0.7679,0.0064
20260312114145,800,35,0.7679,0.0064
20260312114146,800,35,0.7679,0.0064
20260312114147,800,35,0.7679,0.0064
20260312114148,800,35,0.7679,0.0064
20260312114149,800,35,0.7679,0.0064
20260312114150,800,35,0.7679,0.0064
20260312114151,800,35,0.7679,0.0064
20260312114152,800,35,0.7679,0.0064
20260312114153,800,35,0.7679,0.0064
20260312114154,800,35,0.7679,0.0064
20260312114155,800,35,0.7679,0.0064
20260312114156,800,35,0.7679,0.0064
20260312114157,800,35,0.7679,0.0064
20260312114158,800,35,0.7679,0.0064
20260312114159,800,35,0.7679,0.0064
20260312114200,800,35,0.7679,0.0064
20260312114201,800,35,0.7679,0.0064
20260312114202,800,35,0.7679,0.0064
20260312114203,800,35,0.7679,0.0064
20260312114204,800,35,0.7679,0.0064
20260312114205,800,35,0.7679,0.0064
20260312114206,800,35,0.7679,0.0064
20260312114207,800,35,0.7679,0.0064
20260312114208,800,35,0.7679,0.0064
20260312114209,800,35,0.7679,0.0064
20260312114210,800,35,0.7679,0.0064
20260312114211,800,35,0.7679,0.0064
20260312114212,800,35,0.7679,0.0064
20260312114213,800,35,0.7679,0.0064
20260312114214,800,35,0.7679,0.0064
20260312114215,800,35,0.7679,0.0064
20260312114216,800,35,0.7679,0.0064
20260312114217,800,35,0.7679,0.0064
20260312114218,800,35,0.7679,0.0064
20260312114219,800,35,0.7679,0.0064
20260312114220,800,35,0.7679,0.0064
20260312114221,800,35,0.7679,0.0064
20260312114223,800,35,0.7679,0.0064
20260312114224,800,35,0.7679,0.0064
20260312114225,800,35,0.7679,0.0064
20260312114226,800,35,0.7679,0.0064
20260312114227,800,35,0.7679,0.0064
20260312114228,800,35,0.7679,0.0064
20260312114229,800,36,0.7679,0.0064
20260312114230,800,36,0.7679,0.0064
20260312114231,800,36,0.7679,0.0064
20260312114232,800,36,0.7679,0.0064
20260312114233,800,36,0.7679,0.0064
20260312114234,800,36,0.7679,0.0064
20260312114235,800,36,0.7679,0.0064
20260312114236,800,36,0.7679,0.0064
20260312114237,800,36,0.7679,0.0064
20260312114238,800,36,0.7679,0.0064
20260312114239,800,36,0.7679,0.0064
20260312114240,800,36,0.7679,0.0064
20260312114241,800,36,0.7679,0.0064
20260312114242,800,36,0.7679,0.0064
20260312114243,800,36,0.7679,0.0064
20260312114244,800,36,0.7679,0.0064
20260312114245,800,36,0.7679,0.0064
20260312114246,800,36,0.7679,0.0064
20260312114247,800,36,0.7679,0.0064
20260312114248,800,36,0.7679,0.0064
20260312114249,800,36,0.7679,0.0064
20260312114250,800,36,0.7679,0.0064
20260312114251,800,36,0.7679,0.0064
20260312114252,800,36,0.7679,0.0064
20260312114253,800,36,0.7679,0.0064
20260312114254,800,36,0.7679,0.0064
20260312114255,800,36,0.7679,0.0064
20260312114256,800,36,0.7679,0.0064
20260312114257,800,36,0.7679,0.0064
20260312114258,800,36,0.7679,0.0064
20260312114259,800,36,0.7679,0.0064
20260312114300,800,36,0.7679,0.0064
20260312114301,800,36,0.7679,0.0064
20260312114302,800,36,0.7679,0.0064
20260312114303,800,36,0.7679,0.0064
20260312114304,800,36,0.7679,0.0064
20260312114305,800,36,0.7679,0.0064
20260312114306,800,36,0.7679,0.0064
20260312114307,800,36,0.7679,0.0064
20260312114308,800,36,0.7679,0.0064
20260312114309,800,36,0.7679,0.0064
20260312114310,800,36,0.7679,0.0064
20260312114311,800,36,0.7679,0.0064
20260312114312,800,36,0.7679,0.0064
20260312114313,800,36,0.7679,0.0064
20260312114314,800,36,0.7679,0.0064
20260312114315,800,36,0.7679,0.0064
20260312114316,800,36,0.7679,0.0064
20260312114317,800,36,0.7679,0.0064
20260312114318,800,36,0.7679,0.0064
20260312114320,800,36,0.7679,0.0064
20260312114321,800,36,0.7679,0.0064
20260312114322,800,36,0.7679,0.0064
20260312114323,800,36,0.7679,0.0064
20260312114324,800,36,0.7679,0.0064
20260312114325,800,36,0.7679,0.0064
20260312114326,800,36,0.7679,0.0064
20260312114327,800,36,0.7679,0.0064
20260312114328,800,36,0.7679,0.0064
20260312114329,800,36,0.7679,0.0064
20260312114330,800,36,0.7679,0.0064
20260312114331,800,36,0.7679,0.0064
20260312114332,800,36,0.7679,0.0064
20260312114333,800,36,0.7679,0.0064
20260312114334,800,36,0.7679,0.0064
20260312114335,800,37,0.7679,0.0064
20260312114336,800,37,0.7679,0.0064
20260312114337,800,37,0.7679,0.0064
20260312114338,800,37,0.7679,0.0064
20260312114339,800,37,0.7679,0.0064
20260312114340,800,37,0.7679,0.0064
20260312114341,800,37,0.7679,0.0064
20260312114342,800,37,0.7679,0.0064
20260312114343,800,37,0.7679,0.0064
20260312114344,800,37,0.7679,0.0064
20260312114345,800,37,0.7679,0.0064
20260312114346,800,37,0.7679,0.0064
20260312114347,800,37,0.7679,0.0064
20260312114348,800,37,0.7679,0.0064
20260312114349,800,37,0.7679,0.0064
20260312114350,800,37,0.7679,0.0064
20260312114351,800,37,0.7679,0.0064
20260312114352,800,37,0.7679,0.0064
20260312114353,800,37,0.7679,0.0064
20260312114354,800,37,0.7679,0.0064
20260312114355,800,37,0.7679,0.0064
20260312114356,800,37,0.7679,0.0064
20260312114357,800,37,0.7679,0.0064
20260312114358,800,37,0.7679,0.0064
20260312114359,800,37,0.7679,0.0064
20260312114400,800,37,0.7679,0.0064
20260312114401,800,37,0.7679,0.0064
20260312114402,800,37,0.7679,0.0064
20260312114403,800,37,0.7679,0.0064
20260312114404,800,37,0.7679,0.0064
20260312114405,800,37,0.7679,0.0064
20260312114406,800,37,0.7679,0.0064
20260312114407,800,37,0.7679,0.0064
20260312114408,800,37,0.7679,0.0064
20260312114409,800,37,0.7679,0.0064
20260312114410,800,37,0.7679,0.0064
20260312114411,800,37,0.7679,0.0064
20260312114412,800,37,0.7679,0.0064
20260312114413,800,37,0.7679,0.0064
20260312114414,800,37,0.7679,0.0064
20260312114415,800,37,0.7679,0.0064
20260312114416,800,37,0.7679,0.0064
20260312114417,800,37,0.7679,0.0064
20260312114419,800,37,0.7679,0.0064
20260312114420,800,37,0.7679,0.0064
20260312114421,800,37,0.7679,0.0064
20260312114422,800,37,0.7679,0.0064
20260312114423,800,37,0.7679,0.0064
20260312114424,800,37,0.7679,0.0064
20260312114425,800,37,0.7679,0.0064
20260312114426,800,37,0.7679,0.0064
20260312114427,800,37,0.7679,0.0064
20260312114428,800,37,0.7679,0.0064
20260312114429,800,37,0.7679,0.0064
20260312114430,800,37,0.7679,0.0064
20260312114431,800,37,0.7679,0.0064
20260312114432,800,37,0.7679,0.0064
20260312114433,800,37,0.7679,0.0064
20260312114434,800,37,0.7679,0.0064
20260312114435,800,37,0.7679,0.0064
20260312114436,800,37,0.7679,0.0064
20260312114437,800,37,0.7679,0.0064
20260312114438,800,37,0.7679,0.0064
20260312114439,800,37,0.7679,0.0064
20260312114440,800,38,0.7679,0.0064
20260312114441,800,38,0.7679,0.0064
20260312114442,800,38,0.7679,0.0064
20260312114443,800,38,0.7679,0.0064
20260312114444,800,38,0.7679,0.0064
20260312114445,800,38,0.7679,0.0064
20260312114446,800,38,0.7679,0.0064
20260312114447,800,38,0.7679,0.0064
20260312114448,800,38,0.7679,0.0064
20260312114449,800,38,0.7679,0.0064
20260312114450,800,38,0.7678,0.0064
20260312114451,800,38,0.7678,0.0064
20260312114452,800,38,0.7678,0.0064
20260312114453,800,38,0.7678,0.0064
20260312114454,800,38,0.7678,0.0064
20260312114455,800,38,0.7678,0.0064
20260312114456,800,38,0.7678,0.0064
20260312114457,800,38,0.7678,0.0064
20260312114458,800,38,0.7678,0.0064
20260312114459,800,38,0.7678,0.0064
20260312114500,800,38,0.7678,0.0064
20260312114501,800,38,0.7678,0.0064
20260312114502,800,38,0.7678,0.0064
20260312114503,800,38,0.7678,0.0064
20260312114504,800,38,0.7678,0.0064
20260312114505,800,38,0.7678,0.0064
20260312114506,800,38,0.7678,0.0064
20260312114507,800,38,0.7678,0.0064
20260312114508,800,38,0.7678,0.0064
20260312114509,800,38,0.7678,0.0064
20260312114510,800,38,0.7678,0.0064
20260312114511,800,38,0.7678,0.0064
20260312114512,800,38,0.7678,0.0064
20260312114513,800,38,0.7678,0.0064
20260312114514,800,38,0.7678,0.0064
20260312114515,800,38,0.7678,0.0064
20260312114516,800,38,0.7678,0.0064
20260312114517,800,38,0.7678,0.0064
20260312114518,800,38,0.7678,0.0064
20260312114519,800,38,0.7678,0.0064
20260312114520,800,38,0.7678,0.0064
20260312114521,800,38,0.7678,0.0064
20260312114522,800,38,0.7678,0.0064
20260312114523,800,38,0.7678,0.0064
20260312114524,800,38,0.7678,0.0064
20260312114526,800,38,0.7678,0.0064
20260312114527,800,38,0.7678,0.0064
20260312114528,800,38,0.7678,0.0064
20260312114529,800,38,0.7678,0.0064
20260312114530,800,38,0.7678,0.0064
20260312114531,800,38,0.7678,0.0064
20260312114532,800,38,0.7678,0.0064
20260312114533,800,38,0.7678,0.0064
20260312114534,800,38,0.7678,0.0064
20260312114535,800,38,0.7678,0.0064
20260312114536,800,38,0.7678,0.0064
20260312114537,800,38,0.7678,0.0064
20260312114538,800,38,0.7678,0.0064
20260312114539,800,38,0.7678,0.0064
20260312114540,800,38,0.7678,0.0064
20260312114541,800,38,0.7678,0.0064
20260312114542,800,38,0.7678,0.0064
20260312114543,800,38,0.7678,0.0064
20260312114544,800,38,0.7678,0.0064
20260312114545,800,38,0.7678,0.0064
20260312114546,800,39,0.7678,0.0064
20260312114547,800,39,0.7678,0.0064
20260312114548,800,39,0.7678,0.0064
20260312114549,800,39,0.7678,0.0064
20260312114550,800,39,0.7678,0.0064
20260312114551,800,39,0.7678,0.0064
20260312114552,800,39,0.7678,0.0064
20260312114553,800,39,0.7678,0.0064
20260312114554,800,39,0.7678,0.0064
20260312114555,800,39,0.7678,0.0064
20260312114556,800,39,0.7678,0.0064
20260312114557,800,39,0.7678,0.0064
20260312114558,800,39,0.7678,0.0064
20260312114559,800,39,0.7678,0.0064
20260312114600,800,39,0.7678,0.0064
20260312114601,800,39,0.7678,0.0064
20260312114602,800,39,0.7678,0.0064
20260312114603,800,39,0.7678,0.0064
20260312114604,800,39,0.7678,0.0064
20260312114605,800,39,0.7678,0.0064
20260312114606,800,39,0.7678,0.0064
20260312114607,800,39,0.7678,0.0064
20260312114608,800,39,0.7678,0.0064
20260312114609,800,39,0.7678,0.0064
20260312114610,800,39,0.7678,0.0064
20260312114611,800,39,0.7678,0.0064
20260312114612,800,39,0.7678,0.0064
20260312114613,800,39,0.7678,0.0064
20260312114614,800,39,0.7678,0.0064
20260312114615,800,39,0.7678,0.0064
20260312114616,800,39,0.7678,0.0064
20260312114617,800,39,0.7678,0.0064
20260312114618,800,39,0.7678,0.0064
20260312114619,800,39,0.7678,0.0064
20260312114621,800,39,0.7678,0.0064
20260312114622,800,39,0.7678,0.0064
20260312114623,800,39,0.7678,0.0064
20260312114624,800,39,0.7678,0.0064
20260312114625,800,39,0.7678,0.0064
20260312114626,800,39,0.7678,0.0064
20260312114627,800,39,0.7678,0.0064
20260312114628,800,39,0.7678,0.0064
20260312114629,800,39,0.7678,0.0064
20260312114630,800,39,0.7678,0.0064
20260312114631,800,39,0.7678,0.0064
20260312114632,800,39,0.7678,0.0064
20260312114633,800,39,0.7678,0.0064
20260312114634,800,39,0.7678,0.0064
20260312114635,800,39,0.7678,0.0064
20260312114636,800,39,0.7678,0.0064
20260312114637,800,39,0.7678,0.0064
20260312114638,800,39,0.7678,0.0064
20260312114639,800,39,0.7678,0.0064
20260312114640,800,39,0.7678,0.0064
20260312114641,800,39,0.7678,0.0064
20260312114642,800,39,0.7678,0.0064
20260312114643,800,39,0.7678,0.0064
20260312114644,800,39,0.7678,0.0064
20260312114645,800,39,0.7678,0.0064
20260312114646,800,39,0.7678,0.0064
20260312114647,800,39,0.7678,0.0064
20260312114648,800,39,0.7678,0.0064
20260312114649,800,39,0.7678,0.0064
20260312114650,800,39,0.7678,0.0064
20260312114651,800,39,0.7678,0.0064
20260312114652,800,40,0.7678,0.0064
20260312114653,800,40,0.7678,0.0064
20260312114654,800,40,0.7678,0.0064
20260312114655,800,40,0.7678,0.0064
20260312114656,800,40,0.7678,0.0064
20260312114657,800,40,0.7678,0.0064
20260312114658,800,40,0.7678,0.0064
20260312114659,800,40,0.7678,0.0064
20260312114700,800,40,0.7678,0.0064
20260312114701,800,40,0.7678,0.0064
20260312114702,800,40,0.7678,0.0064
20260312114703,800,40,0.7678,0.0064
20260312114704,800,40,0.7678,0.0064
20260312114705,800,40,0.7678,0.0064
20260312114706,800,40,0.7678,0.0064
20260312114707,800,40,0.7678,0.0064
20260312114708,800,40,0.7678,0.0064
20260312114709,800,40,0.7678,0.0064
20260312114710,800,40,0.7678,0.0064
20260312114711,800,40,0.7678,0.0064
20260312114712,800,40,0.7678,0.0064
20260312114713,800,40,0.7678,0.0064
20260312114714,800,40,0.7678,0.0064
20260312114715,800,40,0.7678,0.0064
20260312114716,800,40,0.7678,0.0064
20260312114717,800,40,0.7678,0.0064
20260312114718,800,40,0.7678,0.0064
20260312114719,800,40,0.7678,0.0064
20260312114721,800,40,0.7678,0.0064
20260312114722,800,40,0.7678,0.0064
20260312114723,800,40,0.7678,0.0064
20260312114724,800,40,0.7678,0.0064
20260312114725,800,40,0.7678,0.0064
20260312114726,800,40,0.7678,0.0064
20260312114727,800,40,0.7678,0.0064
20260312114728,800,40,0.7678,0.0064
20260312114729,800,40,0.7678,0.0064
20260312114730,800,40,0.7678,0.0064
20260312114731,800,40,0.7678,0.0064
20260312114732,800,40,0.7678,0.0064
20260312114733,800,40,0.7678,0.0064
20260312114734,800,40,0.7678,0.0064
20260312114735,800,40,0.7678,0.0064
20260312114736,800,40,0.7678,0.0064
20260312114737,800,40,0.7678,0.0064
20260312114738,800,40,0.7678,0.0064
20260312114739,800,40,0.7678,0.0064
20260312114740,800,40,0.7678,0.0064
20260312114741,800,40,0.7678,0.0064
20260312114742,800,40,0.7678,0.0064
20260312114743,800,40,0.7678,0.0064
20260312114744,800,40,0.7678,0.0064
20260312114745,800,40,0.7678,0.0064
20260312114746,800,40,0.7678,0.0064
20260312114747,800,40,0.7678,0.0064
20260312114748,800,40,0.7678,0.0064
20260312114749,800,40,0.7678,0.0064
20260312114750,800,40,0.7678,0.0064
20260312114751,800,40,0.7678,0.0064
20260312114752,800,40,0.7678,0.0064
20260312114753,800,40,0.7678,0.0064
20260312114754,800,40,0.7678,0.0064
20260312114755,800,40,0.7678,0.0064
20260312114756,800,40,0.7678,0.0064
20260312114757,800,40,0.7678,0.0064
20260312114758,800,40,0.7678,0.0064
20260312114759,800,41,0.7678,0.0064
20260312114800,800,41,0.7678,0.0064
20260312114801,800,41,0.7678,0.0064
20260312114802,800,41,0.7678,0.0064
20260312114803,800,41,0.7677,0.0064
20260312114804,800,41,0.7677,0.0064
20260312114805,800,41,0.7677,0.0064
20260312114806,800,41,0.7677,0.0064
20260312114807,800,41,0.7677,0.0064
20260312114808,800,41,0.7677,0.0064
20260312114809,800,41,0.7677,0.0064
20260312114810,800,41,0.7677,0.0064
20260312114811,800,41,0.7677,0.0064
20260312114812,800,41,0.7677,0.0064
20260312114813,800,41,0.7677,0.0064
20260312114814,800,41,0.7677,0.0064
20260312114815,800,41,0.7677,0.0064
20260312114816,800,41,0.7677,0.0064
20260312114817,800,41,0.7677,0.0064
20260312114818,800,41,0.7677,0.0064
20260312114819,800,41,0.7677,0.0064
20260312114820,800,41,0.7677,0.0064
20260312114821,800,41,0.7677,0.0064
20260312114823,800,41,0.7677,0.0064
20260312114824,800,41,0.7677,0.0064
20260312114825,800,41,0.7677,0.0064
20260312114826,800,41,0.7677,0.0064
20260312114827,800,41,0.7677,0.0064
20260312114828,800,41,0.7677,0.0064
20260312114829,800,41,0.7677,0.0064
20260312114830,800,41,0.7677,0.0064
20260312114831,800,41,0.7677,0.0064
20260312114832,800,41,0.7677,0.0064
20260312114833,800,41,0.7677,0.0064
20260312114834,800,41,0.7677,0.0064
20260312114835,800,41,0.7677,0.0064
20260312114836,800,41,0.7677,0.0064
20260312114837,800,41,0.7677,0.0064
20260312114838,800,41,0.7677,0.0064
20260312114839,800,41,0.7677,0.0064
20260312114840,800,41,0.7677,0.0064
20260312114841,800,41,0.7677,0.0064
20260312114842,800,41,0.7677,0.0064
20260312114843,800,41,0.7677,0.0064
20260312114844,800,41,0.7677,0.0064
20260312114845,800,41,0.7677,0.0064
20260312114846,800,41,0.7677,0.0064
20260312114847,800,41,0.7677,0.0064
20260312114848,800,41,0.7677,0.0064
20260312114849,800,41,0.7677,0.0064
20260312114850,800,41,0.7677,0.0064
20260312114851,800,41,0.7677,0.0064
20260312114852,800,41,0.7677,0.0064
20260312114853,800,41,0.7677,0.0064
20260312114854,800,41,0.7677,0.0064
20260312114855,800,41,0.7677,0.0064
20260312114856,800,41,0.7677,0.0064
20260312114857,800,41,0.7677,0.0064
20260312114858,800,41,0.7677,0.0064
20260312114859,800,41,0.7677,0.0064
20260312114900,800,41,0.7677,0.0064
20260312114901,800,41,0.7677,0.0064
20260312114902,800,41,0.7677,0.0064
20260312114903,800,41,0.7677,0.0064
20260312114904,800,41,0.7677,0.0064
20260312114905,800,42,0.7677,0.0064
20260312114906,800,42,0.7677,0.0064
20260312114907,800,42,0.7677,0.0064
20260312114908,800,42,0.7677,0.0064
20260312114909,800,42,0.7677,0.0064
20260312114910,800,42,0.7677,0.0064
20260312114911,800,42,0.7677,0.0064
20260312114912,800,42,0.7677,0.0064
20260312114913,800,42,0.7677,0.0064
20260312114914,800,42,0.7677,0.0064
20260312114915,800,42,0.7677,0.0064
20260312114916,800,42,0.7677,0.0064
20260312114917,800,42,0.7677,0.0064
20260312114918,800,42,0.7677,0.0064
20260312114919,800,42,0.7677,0.0064
20260312114921,800,42,0.7677,0.0064
20260312114922,800,42,0.7677,0.0064
20260312114923,800,42,0.7677,0.0064
20260312114924,800,42,0.7677,0.0064
20260312114925,800,42,0.7677,0.0064
20260312114926,800,42,0.7677,0.0064
20260312114927,800,42,0.7677,0.0064
20260312114928,800,42,0.7677,0.0064
20260312114929,800,42,0.7677,0.0064
20260312114930,800,42,0.7677,0.0064
20260312114931,800,42,0.7677,0.0064
20260312114932,800,42,0.7677,0.0064
20260312114933,800,42,0.7677,0.0064
20260312114934,800,42,0.7677,0.0064
20260312114935,800,42,0.7677,0.0064
20260312114936,800,42,0.7677,0.0064
20260312114937,800,42,0.7677,0.0064
20260312114938,800,42,0.7677,0.0064
20260312114939,800,42,0.7677,0.0064
20260312114940,800,42,0.7677,0.0064
20260312114941,800,42,0.7677,0.0064
20260312114942,800,42,0.7677,0.0064
20260312114943,800,42,0.7677,0.0064
20260312114944,800,42,0.7677,0.0064
20260312114945,800,42,0.7677,0.0064
20260312114946,800,42,0.7677,0.0064
20260312114947,800,42,0.7677,0.0064
20260312114948,800,42,0.7677,0.0064
20260312114949,800,42,0.7677,0.0064
20260312114950,800,42,0.7677,0.0064
20260312114951,800,42,0.7677,0.0064
20260312114952,800,42,0.7677,0.0064
20260312114953,800,42,0.7677,0.0064
20260312114954,800,42,0.7677,0.0064
20260312114955,800,42,0.7677,0.0064
20260312114956,800,42,0.7677,0.0064
20260312114957,800,42,0.7677,0.0064
20260312114958,800,42,0.7677,0.0064
20260312114959,800,42,0.7677,0.0064
20260312115000,800,42,0.7677,0.0064
20260312115001,800,42,0.7677,0.0064
20260312115002,800,42,0.7677,0.0064
20260312115003,800,42,0.7677,0.0064
20260312115004,800,42,0.7677,0.0064
20260312115005,800,42,0.7677,0.0064
20260312115006,800,42,0.7677,0.0064
20260312115007,800,42,0.7677,0.0064
20260312115008,800,42,0.7677,0.0064
20260312115009,800,42,0.7677,0.0064
20260312115010,800,43,0.7677,0.0064
20260312115011,800,43,0.7677,0.0064
20260312115012,800,43,0.7677,0.0064
20260312115013,800,43,0.7677,0.0064
20260312115014,800,43,0.7677,0.0064
20260312115015,800,43,0.7677,0.0064
20260312115016,800,43,0.7677,0.0064
20260312115017,800,43,0.7677,0.0064
20260312115018,800,43,0.7677,0.0064
20260312115019,800,43,0.7677,0.0064
20260312115020,800,43,0.7677,0.0064
20260312115022,800,43,0.7677,0.0064
20260312115023,800,43,0.7677,0.0064
20260312115024,800,43,0.7677,0.0064
20260312115025,800,43,0.7677,0.0064
20260312115026,800,43,0.7677,0.0064
20260312115027,800,43,0.7677,0.0064
20260312115028,800,43,0.7677,0.0064
20260312115029,800,43,0.7677,0.0064
20260312115030,800,43,0.7677,0.0064
20260312115031,800,43,0.7677,0.0064
20260312115032,800,43,0.7677,0.0064
20260312115033,800,43,0.7677,0.0064
20260312115034,800,43,0.7677,0.0064
20260312115035,800,43,0.7677,0.0064
20260312115036,800,43,0.7677,0.0064
20260312115037,800,43,0.7677,0.0064
20260312115038,800,43,0.7677,0.0064
20260312115039,800,43,0.7677,0.0064
20260312115040,800,43,0.7677,0.0064
20260312115041,800,43,0.7677,0.0064
20260312115042,800,43,0.7677,0.0064
20260312115043,800,43,0.7677,0.0064
20260312115044,800,43,0.7677,0.0064
20260312115045,800,43,0.7677,0.0064
20260312115046,800,43,0.7677,0.0064
20260312115047,800,43,0.7677,0.0064
20260312115048,800,43,0.7677,0.0064
20260312115049,800,43,0.7677,0.0064
20260312115050,800,43,0.7677,0.0064
20260312115051,800,43,0.7677,0.0064
20260312115052,800,43,0.7677,0.0064
20260312115053,800,43,0.7677,0.0064
20260312115054,800,43,0.7677,0.0064
20260312115055,800,43,0.7677,0.0064
20260312115056,800,43,0.7677,0.0064
20260312115057,800,43,0.7677,0.0064
20260312115058,800,43,0.7677,0.0064
20260312115059,800,43,0.7677,0.0064
20260312115100,800,43,0.7677,0.0064
20260312115101,800,43,0.7677,0.0064
20260312115102,800,43,0.7677,0.0064
20260312115103,800,43,0.7677,0.0064
20260312115104,800,43,0.7677,0.0064
20260312115105,800,43,0.7677,0.0064
20260312115106,800,43,0.7677,0.0064
20260312115107,800,43,0.7677,0.0064
20260312115108,800,43,0.7677,0.0064
20260312115109,800,43,0.7677,0.0064
20260312115110,800,43,0.7677,0.0064
20260312115111,800,43,0.7677,0.0064
20260312115112,800,43,0.7677,0.0064
20260312115113,800,43,0.7677,0.0064
20260312115114,800,43,0.7677,0.0064
20260312115115,800,44,0.7677,0.0064
20260312115116,800,44,0.7677,0.0064
20260312115117,800,44,0.7677,0.0064
20260312115118,800,44,0.7676,0.0064
20260312115119,800,44,0.7676,0.0064
20260312115120,800,44,0.7676,0.0064
20260312115121,800,44,0.7676,0.0064
20260312115122,800,44,0.7676,0.0064
20260312115124,800,44,0.7676,0.0064
20260312115125,800,44,0.7676,0.0064
20260312115126,800,44,0.7676,0.0064
20260312115127,800,44,0.7676,0.0064
20260312115128,800,44,0.7676,0.0064
20260312115129,800,44,0.7676,0.0064
20260312115130,800,44,0.7676,0.0064
20260312115131,800,44,0.7676,0.0064
20260312115132,800,44,0.7676,0.0064
20260312115133,800,44,0.7676,0.0064
20260312115134,800,44,0.7676,0.0064
20260312115135,800,44,0.7676,0.0064
20260312115136,800,44,0.7676,0.0064
20260312115137,800,44,0.7676,0.0064
20260312115138,800,44,0.7676,0.0064
20260312115139,800,44,0.7676,0.0064
20260312115140,800,44,0.7676,0.0064
20260312115141,800,44,0.7676,0.0064
20260312115142,800,44,0.7676,0.0064
20260312115143,800,44,0.7676,0.0064
20260312115144,800,44,0.7676,0.0064
20260312115145,800,44,0.7676,0.0064
20260312115146,800,44,0.7676,0.0064
20260312115147,800,44,0.7676,0.0064
20260312115148,800,44,0.7676,0.0064
20260312115149,800,44,0.7676,0.0064
20260312115150,800,44,0.7676,0.0064
20260312115151,800,44,0.7676,0.0064
20260312115152,800,44,0.7676,0.0064
20260312115153,800,44,0.7676,0.0064
20260312115154,800,44,0.7676,0.0064
20260312115155,800,44,0.7676,0.0064
20260312115156,800,44,0.7676,0.0064
20260312115157,800,44,0.7676,0.0064
20260312115158,800,44,0.7676,0.0064
20260312115159,800,44,0.7676,0.0064
20260312115200,800,44,0.7676,0.0064
20260312115201,800,44,0.7676,0.0064
20260312115202,800,44,0.7676,0.0064
20260312115203,800,44,0.7676,0.0064
20260312115204,800,44,0.7676,0.0064
20260312115205,800,44,0.7676,0.0064
20260312115206,800,44,0.7676,0.0064
20260312115207,800,44,0.7676,0.0064
20260312115208,800,44,0.7676,0.0064
20260312115209,800,44,0.7676,0.0064
20260312115210,800,44,0.7676,0.0064
20260312115211,800,44,0.7676,0.0064
20260312115212,800,44,0.7676,0.0064
20260312115213,800,44,0.7676,0.0064
20260312115214,800,44,0.7676,0.0064
20260312115215,800,44,0.7676,0.0064
20260312115216,800,44,0.7676,0.0064
20260312115217,800,44,0.7676,0.0064
20260312115218,800,44,0.7676,0.0064
20260312115219,800,44,0.7676,0.0064
20260312115221,800,45,0.7676,0.0064
20260312115222,800,45,0.7676,0.0064
20260312115223,800,45,0.7676,0.0064
20260312115224,800,45,0.7676,0.0064
20260312115225,800,45,0.7676,0.0064
20260312115226,800,45,0.7676,0.0064
20260312115227,800,45,0.7676,0.0064
20260312115228,800,45,0.7676,0.0064
20260312115229,800,45,0.7676,0.0064
20260312115230,800,45,0.7676,0.0064
20260312115231,800,45,0.7676,0.0064
20260312115232,800,45,0.7676,0.0064
20260312115233,800,45,0.7676,0.0064
20260312115234,800,45,0.7676,0.0064
20260312115235,800,45,0.7676,0.0064
20260312115236,800,45,0.7676,0.0064
20260312115237,800,45,0.7676,0.0064
20260312115238,800,45,0.7676,0.0064
20260312115239,800,45,0.7676,0.0064
20260312115240,800,45,0.7676,0.0064
20260312115241,800,45,0.7676,0.0064
20260312115242,800,45,0.7676,0.0064
20260312115243,800,45,0.7676,0.0064
20260312115244,800,45,0.7676,0.0064
20260312115245,800,45,0.7676,0.0064
20260312115246,800,45,0.7676,0.0064
20260312115247,800,45,0.7676,0.0064
20260312115248,800,45,0.7676,0.0064
20260312115249,800,45,0.7676,0.0064
20260312115250,800,45,0.7676,0.0064
20260312115251,800,45,0.7676,0.0064
20260312115252,800,45,0.7676,0.0064
20260312115253,800,45,0.7676,0.0064
20260312115254,800,45,0.7676,0.0064
20260312115255,800,45,0.7676,0.0064
20260312115256,800,45,0.7676,0.0064
20260312115257,800,45,0.7676,0.0064
20260312115258,800,45,0.7676,0.0064
20260312115259,800,45,0.7676,0.0064
20260312115300,800,45,0.7676,0.0064
20260312115301,800,45,0.7676,0.0064
20260312115302,800,45,0.7676,0.0064
20260312115303,800,45,0.7676,0.0064
20260312115304,800,45,0.7676,0.0064
20260312115305,800,45,0.7676,0.0064
20260312115306,800,45,0.7676,0.0064
20260312115307,800,45,0.7676,0.0064
20260312115308,800,45,0.7676,0.0064
20260312115309,800,45,0.7676,0.0064
20260312115310,800,45,0.7676,0.0064
20260312115311,800,45,0.7676,0.0064
20260312115312,800,45,0.7676,0.0064
20260312115313,800,45,0.7676,0.0064
20260312115314,800,45,0.7676,0.0064
20260312115316,800,45,0.7676,0.0064
20260312115317,800,45,0.7676,0.0064
20260312115318,800,45,0.7676,0.0064
20260312115319,800,45,0.7676,0.0064
20260312115320,800,45,0.7676,0.0064
20260312115321,800,45,0.7676,0.0064
20260312115322,800,45,0.7676,0.0064
20260312115323,800,45,0.7676,0.0064
20260312115324,800,45,0.7676,0.0064
20260312115325,800,45,0.7676,0.0064
20260312115326,800,46,0.7676,0.0064
20260312115327,800,46,0.7676,0.0064
20260312115328,800,46,0.7676,0.0064
20260312115329,800,46,0.7676,0.0064
20260312115330,800,46,0.7676,0.0064
20260312115331,800,46,0.7676,0.0064
20260312115332,800,46,0.7676,0.0064
20260312115333,800,46,0.7676,0.0064
20260312115334,800,46,0.7676,0.0064
20260312115335,800,46,0.7676,0.0064
20260312115336,800,46,0.7676,0.0064
20260312115337,800,46,0.7676,0.0064
20260312115338,800,46,0.7676,0.0064
20260312115339,800,46,0.7676,0.0064
20260312115340,800,46,0.7676,0.0064
20260312115341,800,46,0.7676,0.0064
20260312115342,800,46,0.7676,0.0064
20260312115343,800,46,0.7676,0.0064
20260312115344,800,46,0.7676,0.0064
20260312115345,800,46,0.7676,0.0064
20260312115346,800,46,0.7676,0.0064
20260312115347,800,46,0.7676,0.0064
20260312115348,800,46,0.7676,0.0064
20260312115349,800,46,0.7676,0.0064
20260312115350,800,46,0.7676,0.0064
20260312115351,800,46,0.7676,0.0064
20260312115352,800,46,0.7676,0.0064
20260312115353,800,46,0.7676,0.0064
20260312115354,800,46,0.7676,0.0064
20260312115355,800,46,0.7676,0.0064
20260312115356,800,46,0.7676,0.0064
20260312115357,800,46,0.7676,0.0064
20260312115358,800,46,0.7676,0.0064
20260312115359,800,46,0.7676,0.0064
20260312115400,800,46,0.7676,0.0064
20260312115401,800,46,0.7676,0.0064
20260312115402,800,46,0.7676,0.0064
20260312115403,800,46,0.7676,0.0064
20260312115404,800,46,0.7676,0.0064
20260312115405,800,46,0.7676,0.0064
20260312115406,800,46,0.7676,0.0064
20260312115407,800,46,0.7676,0.0064
20260312115408,800,46,0.7676,0.0064
20260312115409,800,46,0.7676,0.0064
20260312115410,800,46,0.7676,0.0064
20260312115411,800,46,0.7676,0.0064
20260312115412,800,46,0.7676,0.0064
20260312115413,800,46,0.7676,0.0064
20260312115414,800,46,0.7676,0.0064
20260312115416,800,46,0.7676,0.0064
20260312115417,800,46,0.7676,0.0064
20260312115418,800,46,0.7676,0.0064
20260312115419,800,46,0.7676,0.0064
20260312115420,800,46,0.7676,0.0064
20260312115421,800,46,0.7676,0.0064
20260312115422,800,46,0.7676,0.0064
20260312115423,800,46,0.7676,0.0064
20260312115424,800,46,0.7676,0.0064
20260312115425,800,46,0.7676,0.0064
20260312115426,800,46,0.7676,0.0064
20260312115427,800,46,0.7676,0.0064
20260312115428,800,46,0.7676,0.0064
20260312115429,800,46,0.7676,0.0064
20260312115430,800,46,0.7676,0.0064
20260312115431,800,46,0.7676,0.0064
20260312115432,800,46,0.7676,0.0064
20260312115433,800,47,0.7676,0.0064
20260312115434,800,47,0.7676,0.0064
20260312115435,800,47,0.7676,0.0064
20260312115436,800,47,0.7675,0.0064
20260312115437,800,47,0.7675,0.0064
20260312115438,800,47,0.7675,0.0064
20260312115439,800,47,0.7675,0.0064
20260312115440,800,47,0.7675,0.0064
20260312115441,800,47,0.7675,0.0064
20260312115442,800,47,0.7675,0.0064
20260312115443,800,47,0.7675,0.0064
20260312115444,800,47,0.7675,0.0064
20260312115445,800,47,0.7675,0.0064
20260312115446,800,47,0.7675,0.0064
20260312115447,800,47,0.7675,0.0064
20260312115448,800,47,0.7675,0.0064
20260312115449,800,47,0.7675,0.0064
20260312115450,800,47,0.7675,0.0064
20260312115451,800,47,0.7675,0.0064
20260312115452,800,47,0.7675,0.0064
20260312115453,800,47,0.7675,0.0064
20260312115454,800,47,0.7675,0.0064
20260312115455,800,47,0.7675,0.0064
20260312115456,800,47,0.7675,0.0064
20260312115457,800,47,0.7675,0.0064
20260312115458,800,47,0.7675,0.0064
20260312115459,800,47,0.7675,0.0064
20260312115500,800,47,0.7675,0.0064
20260312115501,800,47,0.7675,0.0064
20260312115502,800,47,0.7675,0.0064
20260312115503,800,47,0.7675,0.0064
20260312115504,800,47,0.7675,0.0064
20260312115505,800,47,0.7675,0.0064
20260312115506,800,47,0.7675,0.0064
20260312115507,800,47,0.7675,0.0064
20260312115509,800,47,0.7675,0.0064
20260312115510,800,47,0.7675,0.0064
20260312115511,800,47,0.7675,0.0064
20260312115512,800,47,0.7675,0.0064
20260312115513,800,47,0.7675,0.0064
20260312115514,800,47,0.7675,0.0064
20260312115515,800,47,0.7675,0.0064
20260312115516,800,47,0.7675,0.0064
20260312115517,800,47,0.7675,0.0064
20260312115518,800,47,0.7675,0.0064
20260312115519,800,47,0.7675,0.0064
20260312115520,800,47,0.7675,0.0064
20260312115521,800,47,0.7675,0.0064
20260312115522,800,47,0.7675,0.0064
20260312115523,800,47,0.7675,0.0064
20260312115524,800,47,0.7675,0.0064
20260312115525,800,47,0.7675,0.0064
20260312115526,800,47,0.7675,0.0064
20260312115527,800,47,0.7675,0.0064
20260312115528,800,47,0.7675,0.0064
20260312115529,800,47,0.7675,0.0064
20260312115530,800,47,0.7675,0.0064
20260312115531,800,47,0.7675,0.0064
20260312115532,800,47,0.7675,0.0064
20260312115533,800,47,0.7675,0.0064
20260312115534,800,47,0.7675,0.0064
20260312115535,800,47,0.7675,0.0064
20260312115536,800,47,0.7675,0.0064
20260312115537,800,47,0.7675,0.0064
20260312115538,800,47,0.7675,0.0064
20260312115539,800,48,0.7675,0.0064
20260312115540,800,48,0.7675,0.0064
20260312115541,800,48,0.7675,0.0064
20260312115542,800,48,0.7675,0.0064
20260312115543,800,48,0.7675,0.0064
20260312115544,800,48,0.7675,0.0064
20260312115545,800,48,0.7675,0.0064
20260312115546,800,48,0.7675,0.0064
20260312115547,800,48,0.7675,0.0064
20260312115548,800,48,0.7675,0.0064
20260312115549,800,48,0.7675,0.0064
20260312115550,800,48,0.7675,0.0064
20260312115551,800,48,0.7675,0.0064
20260312115552,800,48,0.7675,0.0064
20260312115553,800,48,0.7675,0.0064
20260312115554,800,48,0.7675,0.0064
20260312115555,800,48,0.7675,0.0064
20260312115556,800,48,0.7675,0.0064
20260312115557,800,48,0.7675,0.0064
20260312115558,800,48,0.7675,0.0064
20260312115559,800,48,0.7675,0.0064
20260312115600,800,48,0.7675,0.0064
20260312115601,800,48,0.7675,0.0064
20260312115602,800,48,0.7675,0.0064
20260312115603,800,48,0.7675,0.0064
20260312115604,800,48,0.7675,0.0064
20260312115605,800,48,0.7675,0.0064
20260312115606,800,48,0.7675,0.0064
20260312115607,800,48,0.7675,0.0064
20260312115608,800,48,0.7675,0.0064
20260312115609,800,48,0.7675,0.0064
20260312115610,800,48,0.7675,0.0064
20260312115611,800,48,0.7675,0.0064
20260312115613,800,48,0.7675,0.0064
20260312115614,800,48,0.7675,0.0064
20260312115615,800,48,0.7675,0.0064
20260312115616,800,48,0.7675,0.0064
20260312115617,800,48,0.7675,0.0064
20260312115618,800,48,0.7675,0.0064
20260312115619,800,48,0.7675,0.0064
20260312115620,800,48,0.7675,0.0064
20260312115621,800,48,0.7675,0.0064
20260312115622,800,48,0.7675,0.0064
20260312115623,800,48,0.7675,0.0064
20260312115624,800,48,0.7675,0.0064
20260312115625,800,48,0.7675,0.0064
20260312115626,800,48,0.7675,0.0064
20260312115627,800,48,0.7675,0.0064
20260312115628,800,48,0.7675,0.0064
20260312115629,800,48,0.7675,0.0064
20260312115630,800,48,0.7675,0.0064
20260312115631,800,48,0.7675,0.0064
20260312115632,800,48,0.7675,0.0064
20260312115633,800,48,0.7675,0.0064
20260312115634,800,48,0.7675,0.0064
20260312115635,800,48,0.7675,0.0064
20260312115636,800,48,0.7675,0.0064
20260312115637,800,48,0.7675,0.0064
20260312115638,800,48,0.7675,0.0064
20260312115639,800,48,0.7675,0.0064
20260312115640,800,48,0.7675,0.0064
20260312115641,800,48,0.7675,0.0064
20260312115642,800,48,0.7675,0.0064
20260312115643,800,48,0.7675,0.0064
20260312115644,800,49,0.7675,0.0064
20260312115645,800,49,0.7675,0.0064
20260312115646,800,49,0.7675,0.0064
20260312115647,800,49,0.7675,0.0064
20260312115648,800,49,0.7675,0.0064
20260312115649,800,49,0.7675,0.0064
20260312115650,800,49,0.7675,0.0064
20260312115651,800,49,0.7675,0.0064
20260312115652,800,49,0.7675,0.0064
20260312115653,800,49,0.7675,0.0064
20260312115654,800,49,0.7675,0.0064
20260312115655,800,49,0.7675,0.0064
20260312115656,800,49,0.7675,0.0064
20260312115657,800,49,0.7675,0.0064
20260312115658,800,49,0.7675,0.0064
20260312115659,800,49,0.7675,0.0064
20260312115700,800,49,0.7675,0.0064
20260312115701,800,49,0.7675,0.0064
20260312115702,800,49,0.7675,0.0064
20260312115703,800,49,0.7675,0.0064
20260312115704,800,49,0.7675,0.0064
20260312115705,800,49,0.7675,0.0064
20260312115706,800,49,0.7675,0.0064
20260312115707,800,49,0.7675,0.0064
20260312115708,800,49,0.7675,0.0064
20260312115709,800,49,0.7675,0.0064
20260312115711,800,49,0.7675,0.0064
20260312115712,800,49,0.7675,0.0064
20260312115713,800,49,0.7675,0.0064
20260312115714,800,49,0.7675,0.0064
20260312115715,800,49,0.7675,0.0064
20260312115716,800,49,0.7675,0.0064
20260312115717,800,49,0.7675,0.0064
20260312115718,800,49,0.7675,0.0064
20260312115719,800,49,0.7675,0.0064
20260312115720,800,49,0.7675,0.0064
20260312115721,800,49,0.7675,0.0064
20260312115722,800,49,0.7675,0.0064
20260312115723,800,49,0.7675,0.0064
20260312115724,800,49,0.7675,0.0064
20260312115725,800,49,0.7675,0.0064
20260312115726,800,49,0.7675,0.0064
20260312115727,800,49,0.7675,0.0064
20260312115728,800,49,0.7675,0.0064
20260312115729,800,49,0.7675,0.0064
20260312115730,800,49,0.7675,0.0064
20260312115731,800,49,0.7675,0.0064
20260312115732,800,49,0.7675,0.0064
20260312115733,800,49,0.7675,0.0064
20260312115734,800,49,0.7675,0.0064
20260312115735,800,49,0.7675,0.0064
20260312115736,800,49,0.7675,0.0064
20260312115737,800,49,0.7675,0.0064
20260312115738,800,49,0.7675,0.0064
20260312115739,800,49,0.7675,0.0064
20260312115740,800,49,0.7675,0.0064
20260312115741,800,49,0.7675,0.0064
20260312115742,800,49,0.7675,0.0064
20260312115743,800,49,0.7675,0.0064
20260312115744,800,49,0.7675,0.0064
20260312115745,800,49,0.7675,0.0064
20260312115746,800,49,0.7675,0.0064
20260312115747,800,49,0.7675,0.0064
20260312115748,800,49,0.7675,0.0064
20260312115749,800,49,0.7675,0.0064
20260312115750,800,50,0.7675,0.0064
20260312115751,800,50,0.7675,0.0064
20260312115752,800,50,0.7674,0.0064
20260312115753,800,50,0.7674,0.0064
20260312115754,800,50,0.7674,0.0064
20260312115755,800,50,0.7674,0.0064
20260312115756,800,50,0.7674,0.0064
20260312115757,800,50,0.7674,0.0064
20260312115758,800,50,0.7674,0.0064
20260312115759,800,50,0.7674,0.0064
20260312115800,800,50,0.7674,0.0064
20260312115801,800,50,0.7674,0.0064
20260312115802,800,50,0.7674,0.0064
20260312115803,800,50,0.7674,0.0064
20260312115804,800,50,0.7674,0.0064
20260312115805,800,50,0.7674,0.0064
20260312115806,800,50,0.7674,0.0064
20260312115807,800,50,0.7674,0.0064
20260312115808,800,50,0.7674,0.0064
20260312115809,800,50,0.7674,0.0064
20260312115810,800,50,0.7674,0.0064
20260312115811,800,50,0.7674,0.0064
20260312115813,800,50,0.7674,0.0064
20260312115814,800,50,0.7674,0.0064
20260312115815,800,50,0.7674,0.0064
20260312115816,800,50,0.7674,0.0064
20260312115817,800,50,0.7674,0.0064
20260312115818,800,50,0.7674,0.0064
20260312115819,800,50,0.7674,0.0064
20260312115820,800,50,0.7674,0.0064
20260312115821,800,50,0.7674,0.0064
20260312115822,800,50,0.7674,0.0064
20260312115823,800,50,0.7674,0.0064
20260312115824,800,50,0.7674,0.0064
20260312115825,800,50,0.7674,0.0064
20260312115826,800,50,0.7674,0.0064
20260312115827,800,50,0.7674,0.0064
20260312115828,800,50,0.7674,0.0064
20260312115829,800,50,0.7674,0.0064
20260312115830,800,50,0.7674,0.0064
20260312115831,800,50,0.7674,0.0064
20260312115832,800,50,0.7674,0.0064
20260312115833,800,50,0.7674,0.0064
20260312115834,800,50,0.7674,0.0064
20260312115835,800,50,0.7674,0.0064
20260312115836,800,50,0.7674,0.0064
20260312115837,800,50,0.7674,0.0064
20260312115838,800,50,0.7674,0.0064
20260312115839,800,50,0.7674,0.0064
20260312115840,800,50,0.7674,0.0064
20260312115841,800,50,0.7674,0.0064
20260312115842,800,50,0.7674,0.0064
20260312115843,800,50,0.7674,0.0064
20260312115844,800,50,0.7674,0.0064
20260312115845,800,50,0.7674,0.0064
20260312115846,800,50,0.7674,0.0064
20260312115847,800,50,0.7674,0.0064
20260312115848,800,50,0.7674,0.0064
20260312115849,800,50,0.7674,0.0064
20260312115850,800,50,0.7674,0.0064
20260312115851,800,50,0.7674,0.0064
20260312115852,800,50,0.7674,0.0064
20260312115853,800,50,0.7674,0.0064
20260312115854,800,50,0.7674,0.0064
20260312115855,800,50,0.7674,0.0064
20260312115856,800,51,0.7674,0.0064
20260312115857,800,51,0.7674,0.0064
20260312115858,800,51,0.7674,0.0064
20260312115859,800,51,0.7674,0.0064
20260312115900,800,51,0.7674,0.0064
20260312115901,800,51,0.7674,0.0064
20260312115902,800,51,0.7674,0.0064
20260312115903,800,51,0.7674,0.0064
20260312115904,800,51,0.7674,0.0064
20260312115905,800,51,0.7674,0.0064
20260312115906,800,51,0.7674,0.0064
20260312115907,800,51,0.7674,0.0064
20260312115908,800,51,0.7674,0.0064
20260312115910,800,51,0.7674,0.0064
20260312115911,800,51,0.7674,0.0064
20260312115912,800,51,0.7674,0.0064
20260312115913,800,51,0.7674,0.0064
20260312115914,800,51,0.7674,0.0064
20260312115915,800,51,0.7674,0.0064
20260312115916,800,51,0.7674,0.0064
20260312115917,800,51,0.7674,0.0064
20260312115918,800,51,0.7674,0.0064
20260312115919,800,51,0.7674,0.0064
20260312115920,800,51,0.7674,0.0064
20260312115921,800,51,0.7674,0.0064
20260312115922,800,51,0.7674,0.0064
20260312115923,800,51,0.7674,0.0064
20260312115924,800,51,0.7674,0.0064
20260312115925,800,51,0.7674,0.0064
20260312115926,800,51,0.7674,0.0064
20260312115927,800,51,0.7674,0.0064
20260312115928,800,51,0.7674,0.0064
20260312115929,800,51,0.7674,0.0064
20260312115930,800,51,0.7674,0.0064
20260312115931,800,51,0.7674,0.0064
20260312115932,800,51,0.7674,0.0064
20260312115933,800,51,0.7674,0.0064
20260312115934,800,51,0.7674,0.0064
20260312115935,800,51,0.7674,0.0064
20260312115936,800,51,0.7674,0.0064
20260312115937,800,51,0.7674,0.0064
20260312115938,800,51,0.7674,0.0064
20260312115939,800,51,0.7674,0.0064
20260312115940,800,51,0.7674,0.0064
20260312115941,800,51,0.7674,0.0064
20260312115942,800,51,0.7674,0.0064
20260312115943,800,51,0.7674,0.0064
20260312115944,800,51,0.7674,0.0064
20260312115945,800,51,0.7674,0.0064
20260312115946,800,51,0.7674,0.0064
20260312115947,800,51,0.7674,0.0064
20260312115948,800,51,0.7674,0.0064
20260312115949,800,51,0.7674,0.0064
20260312115950,800,51,0.7674,0.0064
20260312115951,800,51,0.7674,0.0064
20260312115952,800,51,0.7674,0.0064
20260312115953,800,51,0.7674,0.0064
20260312115954,800,51,0.7674,0.0064
20260312115955,800,51,0.7674,0.0064
20260312115956,800,51,0.7674,0.0064
20260312115957,800,51,0.7674,0.0064
20260312115958,800,51,0.7674,0.0064
20260312115959,800,51,0.7674,0.0064
20260312120000,800,51,0.7674,0.0064
20260312120001,800,51,0.7674,0.0064
20260312120002,800,52,0.7674,0.0064
20260312120003,800,52,0.7674,0.0064
20260312120004,800,52,0.7674,0.0064
20260312120005,800,52,0.7674,0.0064
20260312120006,800,52,0.7674,0.0064
20260312120007,800,52,0.7674,0.0064
20260312120008,800,52,0.7674,0.0064
20260312120010,800,52,0.7674,0.0064
20260312120011,800,52,0.7674,0.0064
20260312120012,800,52,0.7674,0.0064
20260312120013,800,52,0.7674,0.0064
20260312120014,800,52,0.7674,0.0064
20260312120015,800,52,0.7674,0.0064
20260312120016,800,52,0.7674,0.0064
20260312120017,800,52,0.7674,0.0064
20260312120018,800,52,0.7674,0.0064
20260312120019,800,52,0.7674,0.0064
20260312120020,800,52,0.7674,0.0064
20260312120021,800,52,0.7674,0.0064
20260312120022,800,52,0.7674,0.0064
20260312120023,800,52,0.7674,0.0064
20260312120024,800,52,0.7674,0.0064
20260312120025,800,52,0.7674,0.0064
20260312120026,800,52,0.7674,0.0064
20260312120027,800,52,0.7674,0.0064
20260312120028,800,52,0.7674,0.0064
20260312120029,800,52,0.7674,0.0064
20260312120030,800,52,0.7674,0.0064
20260312120031,800,52,0.7674,0.0064
20260312120032,800,52,0.7674,0.0064
20260312120033,800,52,0.7674,0.0064
20260312120034,800,52,0.7674,0.0064
20260312120035,800,52,0.7674,0.0064
20260312120036,800,52,0.7674,0.0064
20260312120037,800,52,0.7674,0.0064
20260312120038,800,52,0.7674,0.0064
20260312120039,800,52,0.7674,0.0064
20260312120040,800,52,0.7674,0.0064
20260312120041,800,52,0.7674,0.0064
20260312120042,800,52,0.7674,0.0064
20260312120043,800,52,0.7674,0.0064
20260312120044,800,52,0.7674,0.0064
20260312120045,800,52,0.7674,0.0064
20260312120046,800,52,0.7674,0.0064
20260312120047,800,52,0.7674,0.0064
20260312120048,800,52,0.7674,0.0064
20260312120049,800,52,0.7674,0.0064
20260312120050,800,52,0.7674,0.0064
20260312120051,800,52,0.7674,0.0064
20260312120052,800,52,0.7674,0.0064
20260312120053,800,52,0.7674,0.0064
20260312120054,800,52,0.7674,0.0064
20260312120055,800,52,0.7674,0.0064
20260312120056,800,52,0.7674,0.0064
20260312120057,800,52,0.7674,0.0064
20260312120058,800,52,0.7674,0.0064
20260312120059,800,52,0.7674,0.0064
20260312120100,800,52,0.7674,0.0064
20260312120102,800,52,0.7674,0.0064
20260312120103,800,52,0.7674,0.0064
20260312120104,800,52,0.7674,0.0064
20260312120105,800,52,0.7674,0.0064
20260312120106,800,52,0.7674,0.0064
20260312120107,800,53,0.7674,0.0064
20260312120108,800,53,0.7673,0.0064
20260312120109,800,53,0.7673,0.0064
20260312120111,800,53,0.7673,0.0064
20260312120112,800,53,0.7673,0.0064
20260312120113,800,53,0.7673,0.0064
20260312120114,800,53,0.7673,0.0064
20260312120115,800,53,0.7673,0.0064
20260312120116,800,53,0.7673,0.0064
20260312120117,800,53,0.7673,0.0064
20260312120118,800,53,0.7673,0.0064
20260312120119,800,53,0.7673,0.0064
20260312120120,800,53,0.7673,0.0064
20260312120121,800,53,0.7673,0.0064
20260312120122,800,53,0.7673,0.0064
20260312120123,800,53,0.7673,0.0064
20260312120124,800,53,0.7673,0.0064
20260312120125,800,53,0.7673,0.0064
20260312120126,800,53,0.7673,0.0064
20260312120127,800,53,0.7673,0.0064
20260312120128,800,53,0.7673,0.0064
20260312120129,800,53,0.7673,0.0064
20260312120130,800,53,0.7673,0.0064
20260312120131,800,53,0.7673,0.0064
20260312120132,800,53,0.7673,0.0064
20260312120133,800,53,0.7673,0.0064
20260312120134,800,53,0.7673,0.0064
20260312120135,800,53,0.7673,0.0064
20260312120136,800,53,0.7673,0.0064
20260312120137,800,53,0.7673,0.0064
20260312120138,800,53,0.7673,0.0064
20260312120139,800,53,0.7673,0.0064
20260312120140,800,53,0.7673,0.0064
20260312120141,800,53,0.7673,0.0064
20260312120142,800,53,0.7673,0.0064
20260312120143,800,53,0.7673,0.0064
20260312120144,800,53,0.7673,0.0064
20260312120145,800,53,0.7673,0.0064
20260312120146,800,53,0.7673,0.0064
20260312120147,800,53,0.7673,0.0064
20260312120148,800,53,0.7673,0.0064
20260312120149,800,53,0.7673,0.0064
20260312120150,800,53,0.7673,0.0064
20260312120151,800,53,0.7673,0.0064
20260312120152,800,53,0.7673,0.0064
20260312120153,800,53,0.7673,0.0064
20260312120154,800,53,0.7673,0.0064
20260312120155,800,53,0.7673,0.0064
20260312120156,800,53,0.7673,0.0064
20260312120157,800,53,0.7673,0.0064
20260312120158,800,53,0.7673,0.0064
20260312120159,800,53,0.7673,0.0064
20260312120200,800,53,0.7673,0.0064
20260312120201,800,53,0.7673,0.0064
20260312120202,800,53,0.7673,0.0064
20260312120203,800,53,0.7673,0.0064
20260312120204,800,53,0.7673,0.0064
20260312120205,800,53,0.7673,0.0064
20260312120206,800,53,0.7673,0.0064
20260312120207,800,53,0.7673,0.0064
20260312120208,800,53,0.7673,0.0064
20260312120209,800,53,0.7673,0.0064
20260312120210,800,53,0.7673,0.0064
20260312120211,800,53,0.7673,0.0064
20260312120212,800,53,0.7673,0.0064
20260312120213,800,54,0.7673,0.0064
20260312120214,800,54,0.7673,0.0064
20260312120216,800,54,0.7673,0.0064
20260312120217,800,54,0.7673,0.0064
20260312120218,800,54,0.7673,0.0064
20260312120219,800,54,0.7673,0.0064
20260312120220,800,54,0.7673,0.0064
20260312120221,800,54,0.7673,0.0064
20260312120222,800,54,0.7673,0.0064
20260312120223,800,54,0.7673,0.0064
20260312120224,800,54,0.7673,0.0064
20260312120225,800,54,0.7673,0.0064
20260312120226,800,54,0.7673,0.0064
20260312120227,800,54,0.7673,0.0064
20260312120228,800,54,0.7673,0.0064
20260312120229,800,54,0.7673,0.0064
20260312120230,800,54,0.7673,0.0064
20260312120231,800,54,0.7673,0.0064
20260312120232,800,54,0.7673,0.0064
20260312120233,800,54,0.7673,0.0064
20260312120234,800,54,0.7673,0.0064
20260312120235,800,54,0.7673,0.0064
20260312120236,800,54,0.7673,0.0064
20260312120237,800,54,0.7673,0.0064
20260312120238,800,54,0.7673,0.0064
20260312120239,800,54,0.7673,0.0064
20260312120240,800,54,0.7673,0.0064
20260312120241,800,54,0.7673,0.0064
20260312120242,800,54,0.7673,0.0064
20260312120243,800,54,0.7673,0.0064
20260312120244,800,54,0.7673,0.0064
20260312120245,800,54,0.7673,0.0064
20260312120246,800,54,0.7673,0.0064
20260312120247,800,54,0.7673,0.0064
20260312120248,800,54,0.7673,0.0064
20260312120249,800,54,0.7673,0.0064
20260312120250,800,54,0.7673,0.0064
20260312120251,800,54,0.7673,0.0064
20260312120252,800,54,0.7673,0.0064
20260312120253,800,54,0.7673,0.0064
20260312120254,800,54,0.7673,0.0064
20260312120255,800,54,0.7673,0.0064
20260312120256,800,54,0.7673,0.0064
20260312120257,800,54,0.7673,0.0064
20260312120258,800,54,0.7673,0.0064
20260312120259,800,54,0.7673,0.0064
20260312120300,800,54,0.7673,0.0064
20260312120301,800,54,0.7673,0.0064
20260312120302,800,54,0.7673,0.0064
20260312120303,800,54,0.7673,0.0064
20260312120304,800,54,0.7673,0.0064
20260312120305,800,54,0.7673,0.0064
20260312120306,800,54,0.7673,0.0064
20260312120307,800,54,0.7673,0.0064
20260312120308,800,54,0.7673,0.0064
20260312120309,800,54,0.7673,0.0064
20260312120310,800,54,0.7673,0.0064
20260312120311,800,54,0.7673,0.0064
20260312120312,800,54,0.7673,0.0064
20260312120313,800,54,0.7673,0.0064
20260312120314,800,54,0.7673,0.0064
20260312120316,800,54,0.7673,0.0064
20260312120317,800,54,0.7673,0.0064
20260312120318,800,54,0.7673,0.0064
20260312120319,800,55,0.7673,0.0064
20260312120320,800,55,0.7673,0.0064
20260312120321,800,55,0.7673,0.0064
20260312120322,800,55,0.7673,0.0064
20260312120323,800,55,0.7673,0.0064
20260312120324,800,55,0.7673,0.0064
20260312120325,800,55,0.7673,0.0064
20260312120326,800,55,0.7673,0.0064
20260312120327,800,55,0.7673,0.0064
20260312120328,800,55,0.7673,0.0064
20260312120329,800,55,0.7673,0.0064
20260312120330,800,55,0.7673,0.0064
20260312120331,800,55,0.7673,0.0064
20260312120332,800,55,0.7673,0.0064
20260312120333,800,55,0.7673,0.0064
20260312120334,800,55,0.7673,0.0064
20260312120335,800,55,0.7673,0.0064
20260312120336,800,55,0.7673,0.0064
20260312120337,800,55,0.7673,0.0064
20260312120338,800,55,0.7673,0.0064
20260312120339,800,55,0.7673,0.0064
20260312120340,800,55,0.7673,0.0064
20260312120341,800,55,0.7673,0.0064
20260312120342,800,55,0.7673,0.0064
20260312120343,800,55,0.7673,0.0064
20260312120344,800,55,0.7673,0.0064
20260312120345,800,55,0.7673,0.0064
20260312120346,800,55,0.7673,0.0064
20260312120347,800,55,0.7673,0.0064
20260312120348,800,55,0.7673,0.0064
20260312120349,800,55,0.7673,0.0064
20260312120350,800,55,0.7673,0.0064
20260312120351,800,55,0.7673,0.0064
20260312120352,800,55,0.7673,0.0064
20260312120353,800,55,0.7673,0.0064
20260312120354,800,55,0.7673,0.0064
20260312120355,800,55,0.7673,0.0064
20260312120356,800,55,0.7673,0.0064
20260312120357,800,55,0.7673,0.0064
20260312120358,800,55,0.7673,0.0064
20260312120359,800,55,0.7673,0.0064
20260312120400,800,55,0.7673,0.0064
20260312120401,800,55,0.7673,0.0064
20260312120402,800,55,0.7673,0.0064
20260312120403,800,55,0.7673,0.0064
20260312120404,800,55,0.7673,0.0064
20260312120405,800,55,0.7673,0.0064
20260312120406,800,55,0.7673,0.0064
20260312120407,800,55,0.7673,0.0064
20260312120408,800,55,0.7673,0.0064
20260312120409,800,55,0.7673,0.0064
20260312120410,800,55,0.7673,0.0064
20260312120411,800,55,0.7673,0.0064
20260312120412,800,55,0.7673,0.0064
20260312120413,800,55,0.7673,0.0064
20260312120414,800,55,0.7673,0.0064
20260312120415,800,55,0.7673,0.0064
20260312120416,800,55,0.7673,0.0064
20260312120417,800,55,0.7673,0.0064
20260312120418,800,55,0.7673,0.0064
20260312120420,800,55,0.7673,0.0064
20260312120421,800,55,0.7673,0.0064
20260312120422,800,55,0.7673,0.0064
20260312120423,800,55,0.7673,0.0064
20260312120424,800,55,0.7673,0.0064
20260312120425,800,55,0.7673,0.0064
20260312120426,800,56,0.7673,0.0064
20260312120427,800,56,0.7672,0.0064
20260312120428,800,56,0.7672,0.0064
20260312120429,800,56,0.7672,0.0064
20260312120430,800,56,0.7672,0.0064
20260312120431,800,56,0.7672,0.0064
20260312120432,800,56,0.7672,0.0064
20260312120433,800,56,0.7672,0.0064
20260312120434,800,56,0.7672,0.0064
20260312120435,800,56,0.7672,0.0064
20260312120436,800,56,0.7672,0.0064
20260312120437,800,56,0.7672,0.0064
20260312120438,800,56,0.7672,0.0064
20260312120439,800,56,0.7672,0.0064
20260312120440,800,56,0.7672,0.0064
20260312120441,800,56,0.7672,0.0064
20260312120442,800,56,0.7672,0.0064
20260312120443,800,56,0.7672,0.0064
20260312120444,800,56,0.7672,0.0064
20260312120445,800,56,0.7672,0.0064
20260312120446,800,56,0.7672,0.0064
20260312120447,800,56,0.7672,0.0064
20260312120448,800,56,0.7672,0.0064
20260312120449,800,56,0.7672,0.0064
20260312120450,800,56,0.7672,0.0064
20260312120451,800,56,0.7672,0.0064
20260312120452,800,56,0.7672,0.0064
20260312120453,800,56,0.7672,0.0064
20260312120454,800,56,0.7672,0.0064
20260312120455,800,56,0.7672,0.0064
20260312120456,800,56,0.7672,0.0064
20260312120457,800,56,0.7672,0.0064
20260312120458,800,56,0.7672,0.0064
20260312120459,800,56,0.7672,0.0064
20260312120500,800,56,0.7672,0.0064
20260312120501,800,56,0.7672,0.0064
20260312120502,800,56,0.7672,0.0064
20260312120503,800,56,0.7672,0.0064
20260312120504,800,56,0.7672,0.0064
20260312120505,800,56,0.7672,0.0064
20260312120506,800,56,0.7672,0.0064
20260312120507,800,56,0.7672,0.0064
20260312120508,800,56,0.7672,0.0064
20260312120509,800,56,0.7672,0.0064
20260312120510,800,56,0.7672,0.0064
20260312120511,800,56,0.7672,0.0064
20260312120512,800,56,0.7672,0.0064
20260312120513,800,56,0.7672,0.0064
20260312120514,800,56,0.7672,0.0064
20260312120515,800,56,0.7672,0.0064
20260312120516,800,56,0.7672,0.0064
20260312120517,800,56,0.7672,0.0064
20260312120518,800,56,0.7672,0.0064
20260312120519,800,56,0.7672,0.0064
20260312120520,800,56,0.7672,0.0064
20260312120521,800,56,0.7672,0.0064
20260312120522,800,56,0.7672,0.0064
20260312120523,800,56,0.7672,0.0064
20260312120524,800,56,0.7672,0.0064
20260312120525,800,56,0.7672,0.0064
20260312120527,800,56,0.7672,0.0064
20260312120528,800,56,0.7672,0.0064
20260312120529,800,56,0.7672,0.0064
20260312120530,800,56,0.7672,0.0064
20260312120531,800,56,0.7672,0.0064
20260312120532,800,56,0.7672,0.0064
20260312120533,800,57,0.7672,0.0064
20260312120534,800,57,0.7672,0.0064
20260312120535,800,57,0.7672,0.0064
20260312120536,800,57,0.7672,0.0064
20260312120537,800,57,0.7672,0.0064
20260312120538,800,57,0.7672,0.0064
20260312120539,800,57,0.7672,0.0064
20260312120540,800,57,0.7672,0.0064
20260312120541,800,57,0.7672,0.0064
20260312120542,800,57,0.7672,0.0064
20260312120543,800,57,0.7672,0.0064
20260312120544,800,57,0.7672,0.0064
20260312120545,800,57,0.7672,0.0064
20260312120546,800,57,0.7672,0.0064
20260312120547,800,57,0.7672,0.0064
20260312120548,800,57,0.7672,0.0064
20260312120549,800,57,0.7672,0.0064
20260312120550,800,57,0.7672,0.0064
20260312120551,800,57,0.7672,0.0064
20260312120552,800,57,0.7672,0.0064
20260312120553,800,57,0.7672,0.0064
20260312120554,800,57,0.7672,0.0064
20260312120555,800,57,0.7672,0.0064
20260312120556,800,57,0.7672,0.0064
20260312120557,800,57,0.7672,0.0064
20260312120558,800,57,0.7672,0.0064
20260312120559,800,57,0.7672,0.0064
20260312120600,800,57,0.7672,0.0064
20260312120601,800,57,0.7672,0.0064
20260312120602,800,57,0.7672,0.0064
20260312120603,800,57,0.7672,0.0064
20260312120604,800,57,0.7672,0.0064
20260312120605,800,57,0.7672,0.0064
20260312120606,800,57,0.7672,0.0064
20260312120607,800,57,0.7672,0.0064
20260312120608,800,57,0.7672,0.0064
20260312120609,800,57,0.7672,0.0064
20260312120610,800,57,0.7672,0.0064
20260312120611,800,57,0.7672,0.0064
20260312120612,800,57,0.7672,0.0064
20260312120613,800,57,0.7672,0.0064
20260312120614,800,57,0.7672,0.0064
20260312120615,800,57,0.7672,0.0064
20260312120616,800,57,0.7672,0.0064
20260312120617,800,57,0.7672,0.0064
20260312120618,800,57,0.7672,0.0064
20260312120619,800,57,0.7672,0.0064
20260312120620,800,57,0.7672,0.0064
20260312120621,800,57,0.7672,0.0064
20260312120622,800,57,0.7672,0.0064
20260312120623,800,57,0.7672,0.0064
20260312120624,800,57,0.7672,0.0064
20260312120625,800,57,0.7672,0.0064
20260312120626,800,57,0.7672,0.0064
20260312120627,800,57,0.7672,0.0064
20260312120628,800,57,0.7672,0.0064
20260312120629,800,57,0.7672,0.0064
20260312120630,800,57,0.7672,0.0064
20260312120632,800,57,0.7672,0.0064
20260312120633,800,57,0.7672,0.0064
20260312120634,800,57,0.7672,0.0064
20260312120635,800,57,0.7672,0.0064
20260312120636,800,57,0.7672,0.0064
20260312120637,800,57,0.7672,0.0064
20260312120638,800,57,0.7672,0.0064
20260312120639,800,58,0.7672,0.0064
20260312120640,800,58,0.7672,0.0064
20260312120641,800,58,0.7672,0.0064
20260312120642,800,58,0.7672,0.0064
20260312120643,800,58,0.7672,0.0064
20260312120644,800,58,0.7672,0.0064
20260312120645,800,58,0.7672,0.0064
20260312120646,800,58,0.7672,0.0064
20260312120647,800,58,0.7672,0.0064
20260312120648,800,58,0.7672,0.0064
20260312120649,800,58,0.7672,0.0064
20260312120650,800,58,0.7672,0.0064
20260312120651,800,58,0.7672,0.0064
20260312120652,800,58,0.7672,0.0064
20260312120653,800,58,0.7672,0.0064
20260312120654,800,58,0.7672,0.0064
20260312120655,800,58,0.7672,0.0064
20260312120656,800,58,0.7672,0.0064
20260312120657,800,58,0.7672,0.0064
20260312120658,800,58,0.7672,0.0064
20260312120659,800,58,0.7672,0.0064
20260312120700,800,58,0.7672,0.0064
20260312120701,800,58,0.7672,0.0064
20260312120702,800,58,0.7672,0.0064
20260312120703,800,58,0.7672,0.0064
20260312120704,800,58,0.7672,0.0064
20260312120705,800,58,0.7672,0.0064
20260312120706,800,58,0.7672,0.0064
20260312120707,800,58,0.7672,0.0064
20260312120708,800,58,0.7672,0.0064
20260312120709,800,58,0.7672,0.0064
20260312120710,800,58,0.7672,0.0064
20260312120711,800,58,0.7672,0.0064
20260312120712,800,58,0.7672,0.0064
20260312120713,800,58,0.7672,0.0064
20260312120714,800,58,0.7672,0.0064
20260312120715,800,58,0.7672,0.0064
20260312120716,800,58,0.7672,0.0064
20260312120717,800,58,0.7672,0.0064
20260312120718,800,58,0.7672,0.0064
20260312120719,800,58,0.7672,0.0064
20260312120720,800,58,0.7672,0.0064
20260312120721,800,58,0.7672,0.0064
20260312120722,800,58,0.7672,0.0064
20260312120723,800,58,0.7672,0.0064
20260312120724,800,58,0.7672,0.0064
20260312120725,800,58,0.7672,0.0064
20260312120726,800,58,0.7672,0.0064
20260312120727,800,58,0.7672,0.0064
20260312120728,800,58,0.7672,0.0064
20260312120729,800,58,0.7672,0.0064
20260312120730,800,58,0.7672,0.0064
20260312120731,800,58,0.7672,0.0064
20260312120732,800,58,0.7672,0.0064
20260312120734,800,58,0.7672,0.0064
20260312120735,800,58,0.7672,0.0064
20260312120736,800,58,0.7672,0.0064
20260312120737,800,58,0.7672,0.0064
20260312120738,800,58,0.7672,0.0064
20260312120739,800,58,0.7672,0.0064
20260312120740,800,58,0.7672,0.0064
20260312120741,800,58,0.7672,0.0064
20260312120742,800,58,0.7672,0.0064
20260312120743,800,58,0.7672,0.0064
20260312120744,800,58,0.7672,0.0064
20260312120745,800,59,0.7672,0.0064
20260312120746,800,59,0.7672,0.0064
20260312120747,800,59,0.7672,0.0064
20260312120748,800,59,0.7671,0.0064
20260312120749,800,59,0.7671,0.0064
20260312120750,800,59,0.7671,0.0064
20260312120751,800,59,0.7671,0.0064
20260312120752,800,59,0.7671,0.0064
20260312120753,800,59,0.7671,0.0064
20260312120754,800,59,0.7671,0.0064
20260312120755,800,59,0.7671,0.0064
20260312120756,800,59,0.7671,0.0064
20260312120757,800,59,0.7671,0.0064
20260312120758,800,59,0.7671,0.0064
20260312120759,800,59,0.7671,0.0064
20260312120800,800,59,0.7671,0.0064
20260312120801,800,59,0.7671,0.0064
20260312120802,800,59,0.7671,0.0064
20260312120803,800,59,0.7671,0.0064
20260312120804,800,59,0.7671,0.0064
20260312120805,800,59,0.7671,0.0064
20260312120806,800,59,0.7671,0.0064
20260312120807,800,59,0.7671,0.0064
20260312120808,800,59,0.7671,0.0064
20260312120809,800,59,0.7671,0.0064
20260312120810,800,59,0.7671,0.0064
20260312120811,800,59,0.7671,0.0064
20260312120812,800,59,0.7671,0.0064
20260312120813,800,59,0.7671,0.0064
20260312120814,800,59,0.7671,0.0064
20260312120815,800,59,0.7671,0.0064
20260312120816,800,59,0.7671,0.0064
20260312120817,800,59,0.7671,0.0064
20260312120818,800,59,0.7671,0.0064
20260312120819,800,59,0.7671,0.0064
20260312120820,800,59,0.7671,0.0064
20260312120821,800,59,0.7671,0.0064
20260312120822,800,59,0.7671,0.0064
20260312120823,800,59,0.7671,0.0064
20260312120824,800,59,0.7671,0.0064
20260312120825,800,59,0.7671,0.0064
20260312120826,800,59,0.7671,0.0064
20260312120827,800,59,0.7671,0.0064
20260312120829,800,59,0.7671,0.0064
20260312120830,800,59,0.7671,0.0064
20260312120831,800,59,0.7671,0.0064
20260312120832,800,59,0.7671,0.0064
20260312120833,800,59,0.7671,0.0064
20260312120834,800,59,0.7671,0.0064
20260312120835,800,59,0.7671,0.0064
20260312120836,800,59,0.7671,0.0064
20260312120837,800,59,0.7671,0.0064
20260312120838,800,59,0.7671,0.0064
20260312120839,800,59,0.7671,0.0064
20260312120840,800,59,0.7671,0.0064
20260312120841,800,59,0.7671,0.0064
20260312120842,800,59,0.7671,0.0064
20260312120843,800,59,0.7671,0.0064
20260312120844,800,59,0.7671,0.0064
20260312120845,800,59,0.7671,0.0064
20260312120846,800,59,0.7671,0.0064
20260312120847,800,59,0.7671,0.0064
20260312120848,800,59,0.7671,0.0064
20260312120849,800,59,0.7671,0.0064
20260312120850,800,59,0.7671,0.0064
20260312120851,800,60,0.7671,0.0064
20260312120852,800,60,0.7671,0.0064
20260312120853,800,60,0.7671,0.0064
20260312120854,800,60,0.7671,0.0064
20260312120855,800,60,0.7671,0.0064
20260312120856,800,60,0.7671,0.0064
20260312120857,800,60,0.7671,0.0064
20260312120858,800,60,0.7671,0.0064
20260312120859,800,60,0.7671,0.0064
20260312120900,800,60,0.7671,0.0064
20260312120901,800,60,0.7671,0.0064
20260312120902,800,60,0.7671,0.0064
20260312120903,800,60,0.7671,0.0064
20260312120904,800,60,0.7671,0.0064
20260312120905,800,60,0.7671,0.0064
20260312120906,800,60,0.7671,0.0064
20260312120907,800,60,0.7671,0.0064
20260312120908,800,60,0.7671,0.0064
20260312120909,800,60,0.7671,0.0064
20260312120910,800,60,0.7671,0.0064
20260312120911,800,60,0.7671,0.0064
20260312120912,800,60,0.7671,0.0064
20260312120913,800,60,0.7671,0.0064
20260312120914,800,60,0.7671,0.0064
20260312120915,800,60,0.7671,0.0064
20260312120916,800,60,0.7671,0.0064
20260312120917,800,60,0.7671,0.0064
20260312120918,800,60,0.7671,0.0064
20260312120919,800,60,0.7671,0.0064
20260312120920,800,60,0.7671,0.0064
20260312120921,800,60,0.7671,0.0064
20260312120922,800,60,0.7671,0.0064
20260312120923,800,60,0.7671,0.0064
20260312120924,800,60,0.7671,0.0064
20260312120925,800,60,0.7671,0.0064
20260312120926,800,60,0.7671,0.0064
20260312120927,800,60,0.7671,0.0064
20260312120928,800,60,0.7671,0.0064
20260312120929,800,60,0.7671,0.0064
20260312120931,800,60,0.7671,0.0064
20260312120932,800,60,0.7671,0.0064
20260312120933,800,60,0.7671,0.0064
20260312120934,800,60,0.7671,0.0064
20260312120935,800,60,0.7671,0.0064
20260312120936,800,60,0.7671,0.0064
20260312120937,800,60,0.7671,0.0064
20260312120938,800,60,0.7671,0.0064
20260312120939,800,60,0.7671,0.0064
20260312120940,800,60,0.7671,0.0064
20260312120941,800,60,0.7671,0.0064
20260312120942,800,60,0.7671,0.0064
20260312120943,800,60,0.7671,0.0064
20260312120944,800,60,0.7671,0.0064
20260312120945,800,60,0.7671,0.0064
20260312120946,800,60,0.7671,0.0064
20260312120947,800,60,0.7671,0.0064
20260312120948,800,60,0.7671,0.0064
20260312120949,800,60,0.7671,0.0064
20260312120950,800,60,0.7671,0.0064
20260312120951,800,60,0.7671,0.0064
20260312120952,800,60,0.7671,0.0064
20260312120953,800,60,0.7671,0.0064
20260312120954,800,60,0.7671,0.0064
20260312120955,800,60,0.7671,0.0064
20260312120956,800,61,0.7671,0.0064
20260312120957,800,61,0.7671,0.0064
20260312120958,800,61,0.7671,0.0064
20260312120959,800,61,0.7671,0.0064
20260312121000,800,61,0.7671,0.0064
20260312121001,800,61,0.7671,0.0064
20260312121002,800,61,0.7671,0.0064
20260312121003,800,61,0.7671,0.0064
20260312121004,800,61,0.7671,0.0064
20260312121005,800,61,0.7671,0.0064
20260312121006,800,61,0.7671,0.0064
20260312121007,800,61,0.7671,0.0064
20260312121008,800,61,0.7671,0.0064
20260312121009,800,61,0.7671,0.0064
20260312121010,800,61,0.7671,0.0064
20260312121011,800,61,0.7671,0.0064
20260312121012,800,61,0.7671,0.0064
20260312121013,800,61,0.7671,0.0064
20260312121014,800,61,0.7671,0.0064
20260312121015,800,61,0.7671,0.0064
20260312121016,800,61,0.7671,0.0064
20260312121017,800,61,0.7671,0.0064
20260312121018,800,61,0.7671,0.0064
20260312121019,800,61,0.7671,0.0064
20260312121020,800,61,0.7671,0.0064
20260312121021,800,61,0.7671,0.0064
20260312121023,800,61,0.7671,0.0064
20260312121024,800,61,0.7671,0.0064
20260312121025,800,61,0.7671,0.0064
20260312121026,800,61,0.7671,0.0064
20260312121027,800,61,0.7671,0.0064
20260312121028,800,61,0.7671,0.0064
20260312121029,800,61,0.7671,0.0064
20260312121030,800,61,0.7671,0.0064
20260312121031,800,61,0.7671,0.0064
20260312121032,800,61,0.7671,0.0064
20260312121033,800,61,0.7671,0.0064
20260312121034,800,61,0.7671,0.0064
20260312121035,800,61,0.7671,0.0064
20260312121036,800,61,0.7671,0.0064
20260312121037,800,61,0.7671,0.0064
20260312121038,800,61,0.7671,0.0064
20260312121039,800,61,0.7671,0.0064
20260312121040,800,61,0.7671,0.0064
20260312121041,800,61,0.7671,0.0064
20260312121042,800,61,0.7671,0.0064
20260312121043,800,61,0.7671,0.0064
20260312121044,800,61,0.7671,0.0064
20260312121045,800,61,0.7671,0.0064
20260312121046,800,61,0.7671,0.0064
20260312121047,800,61,0.7671,0.0064
20260312121048,800,61,0.7671,0.0064
20260312121049,800,61,0.7671,0.0064
20260312121050,800,61,0.7671,0.0064
20260312121051,800,61,0.7671,0.0064
20260312121052,800,61,0.7671,0.0064
20260312121053,800,61,0.7671,0.0064
20260312121054,800,61,0.7671,0.0064
20260312121055,800,61,0.7671,0.0064
20260312121056,800,61,0.7671,0.0064
20260312121057,800,61,0.7671,0.0064
20260312121058,800,61,0.7671,0.0064
20260312121059,800,61,0.7671,0.0064
20260312121100,800,61,0.767,0.0064
20260312121101,800,61,0.767,0.0064
20260312121102,800,62,0.767,0.0064
20260312121103,800,62,0.767,0.0064
20260312121104,800,62,0.767,0.0064
20260312121105,800,62,0.767,0.0064
20260312121106,800,62,0.767,0.0064
20260312121107,800,62,0.767,0.0064
20260312121108,800,62,0.767,0.0064
20260312121109,800,62,0.767,0.0064
20260312121110,800,62,0.767,0.0064
20260312121111,800,62,0.767,0.0064
20260312121112,800,62,0.767,0.0064
20260312121113,800,62,0.767,0.0064
20260312121114,800,62,0.767,0.0064
20260312121115,800,62,0.767,0.0064
20260312121116,800,62,0.767,0.0064
20260312121117,800,62,0.767,0.0064
20260312121118,800,62,0.767,0.0064
20260312121119,800,62,0.767,0.0064
20260312121121,800,62,0.767,0.0064
20260312121122,800,62,0.767,0.0064
20260312121123,800,62,0.767,0.0064
20260312121124,800,62,0.767,0.0064
20260312121125,800,62,0.767,0.0064
20260312121126,800,62,0.767,0.0064
20260312121127,800,62,0.767,0.0064
20260312121128,800,62,0.767,0.0064
20260312121129,800,62,0.767,0.0064
20260312121130,800,62,0.767,0.0064
20260312121131,800,62,0.767,0.0064
20260312121132,800,62,0.767,0.0064
20260312121133,800,62,0.767,0.0064
20260312121134,800,62,0.767,0.0064
20260312121135,800,62,0.767,0.0064
20260312121136,800,62,0.767,0.0064
20260312121137,800,62,0.767,0.0064
20260312121138,800,62,0.767,0.0064
20260312121139,800,62,0.767,0.0064
20260312121140,800,62,0.767,0.0064
20260312121141,800,62,0.767,0.0064
20260312121142,800,62,0.767,0.0064
20260312121143,800,62,0.767,0.0064
20260312121144,800,62,0.767,0.0064
20260312121145,800,62,0.767,0.0064
20260312121146,800,62,0.767,0.0064
20260312121147,800,62,0.767,0.0064
20260312121148,800,62,0.767,0.0064
20260312121149,800,62,0.767,0.0064
20260312121150,800,62,0.767,0.0064
20260312121151,800,62,0.767,0.0064
20260312121152,800,62,0.767,0.0064
20260312121153,800,62,0.767,0.0064
20260312121154,800,62,0.767,0.0064
20260312121155,800,62,0.767,0.0064
20260312121156,800,62,0.767,0.0064
20260312121157,800,62,0.767,0.0064
20260312121158,800,62,0.767,0.0064
20260312121159,800,62,0.767,0.0064
20260312121200,800,62,0.767,0.0064
20260312121201,800,62,0.767,0.0064
20260312121202,800,62,0.767,0.0064
20260312121203,800,62,0.767,0.0064
20260312121204,800,62,0.767,0.0064
20260312121205,800,62,0.767,0.0064
20260312121206,800,63,0.767,0.0064
20260312121207,800,63,0.767,0.0064
20260312121208,800,63,0.767,0.0064
20260312121209,800,63,0.767,0.0064
20260312121210,800,63,0.767,0.0064
20260312121211,800,63,0.767,0.0064
20260312121212,800,63,0.767,0.0064
20260312121213,800,63,0.767,0.0064
20260312121214,800,63,0.767,0.0064
20260312121215,800,63,0.767,0.0064
20260312121216,800,63,0.767,0.0064
20260312121217,800,63,0.767,0.0064
20260312121218,800,63,0.767,0.0064
20260312121219,800,63,0.767,0.0064
20260312121220,800,63,0.767,0.0064
20260312121222,800,63,0.767,0.0064
20260312121223,800,63,0.767,0.0064
20260312121224,800,63,0.767,0.0064
20260312121225,800,63,0.767,0.0064
20260312121226,800,63,0.767,0.0064
20260312121227,800,63,0.767,0.0064
20260312121228,800,63,0.767,0.0064
20260312121229,800,63,0.767,0.0064
20260312121230,800,63,0.767,0.0064
20260312121231,800,63,0.767,0.0064
20260312121232,800,63,0.767,0.0064
20260312121233,800,63,0.767,0.0064
20260312121234,800,63,0.767,0.0064
20260312121235,800,63,0.767,0.0064
20260312121236,800,63,0.767,0.0064
20260312121237,800,63,0.767,0.0064
20260312121238,800,63,0.767,0.0064
20260312121239,800,63,0.767,0.0064
20260312121240,800,63,0.767,0.0064
20260312121241,800,63,0.767,0.0064
20260312121242,800,63,0.767,0.0064
20260312121243,800,63,0.767,0.0064
20260312121244,800,63,0.767,0.0064
20260312121245,800,63,0.767,0.0064
20260312121246,800,63,0.767,0.0064
20260312121247,800,63,0.767,0.0064
20260312121248,800,63,0.767,0.0064
20260312121249,800,63,0.767,0.0064
20260312121250,800,63,0.767,0.0064
20260312121251,800,63,0.767,0.0064
20260312121252,800,63,0.767,0.0064
20260312121253,800,63,0.767,0.0064
20260312121254,800,63,0.767,0.0064
20260312121255,800,63,0.767,0.0064
20260312121256,800,63,0.767,0.0064
20260312121257,800,63,0.767,0.0064
20260312121258,800,63,0.767,0.0064
20260312121259,800,63,0.767,0.0064
20260312121300,800,63,0.767,0.0064
20260312121301,800,63,0.767,0.0064
20260312121302,800,63,0.767,0.0064
20260312121303,800,63,0.767,0.0064
20260312121304,800,63,0.767,0.0064
20260312121305,800,63,0.767,0.0064
20260312121306,800,63,0.767,0.0064
20260312121307,800,63,0.767,0.0064
20260312121308,800,63,0.767,0.0064
20260312121309,800,63,0.767,0.0064
20260312121310,800,63,0.767,0.0064
20260312121311,800,63,0.767,0.0064
20260312121312,800,64,0.767,0.0064
20260312121313,800,64,0.767,0.0064
20260312121314,800,64,0.767,0.0064
20260312121315,800,64,0.767,0.0064
20260312121316,800,64,0.767,0.0064
20260312121317,800,64,0.767,0.0064
20260312121318,800,64,0.767,0.0064
20260312121319,800,64,0.767,0.0064
20260312121320,800,64,0.767,0.0064
20260312121322,800,64,0.767,0.0064
20260312121323,800,64,0.767,0.0064
20260312121324,800,64,0.767,0.0064
20260312121325,800,64,0.767,0.0064
20260312121326,800,64,0.767,0.0064
20260312121327,800,64,0.767,0.0064
20260312121328,800,64,0.767,0.0064
20260312121329,800,64,0.767,0.0064
20260312121330,800,64,0.767,0.0064
20260312121331,800,64,0.767,0.0064
20260312121332,800,64,0.767,0.0064
20260312121333,800,64,0.767,0.0064
20260312121334,800,64,0.767,0.0064
20260312121335,800,64,0.767,0.0064
20260312121336,800,64,0.767,0.0064
20260312121337,800,64,0.767,0.0064
20260312121338,800,64,0.767,0.0064
20260312121339,800,64,0.767,0.0064
20260312121340,800,64,0.767,0.0064
20260312121341,800,64,0.767,0.0064
20260312121342,800,64,0.767,0.0064
20260312121343,800,64,0.767,0.0064
20260312121344,800,64,0.767,0.0064
20260312121345,800,64,0.767,0.0064
20260312121346,800,64,0.767,0.0064
20260312121347,800,64,0.767,0.0064
20260312121348,800,64,0.767,0.0064
20260312121349,800,64,0.767,0.0064
20260312121350,800,64,0.767,0.0064
20260312121351,800,64,0.767,0.0064
20260312121352,800,64,0.767,0.0064
20260312121353,800,64,0.767,0.0064
20260312121354,800,64,0.767,0.0064
20260312121355,800,64,0.767,0.0064
20260312121356,800,64,0.767,0.0064
20260312121357,800,64,0.767,0.0064
20260312121358,800,64,0.767,0.0064
20260312121359,800,64,0.767,0.0064
20260312121400,800,64,0.767,0.0064
20260312121401,800,64,0.767,0.0064
20260312121402,800,64,0.767,0.0064
20260312121403,800,64,0.767,0.0064
20260312121404,800,64,0.767,0.0064
20260312121405,800,64,0.767,0.0064
20260312121406,800,64,0.767,0.0064
20260312121407,800,64,0.767,0.0064
20260312121408,800,64,0.767,0.0064
20260312121409,800,64,0.767,0.0064
20260312121410,800,64,0.767,0.0064
20260312121411,800,64,0.767,0.0064
20260312121412,800,64,0.767,0.0064
20260312121413,800,64,0.767,0.0064
20260312121414,800,64,0.767,0.0064
20260312121415,800,64,0.767,0.0064
20260312121416,800,64,0.767,0.0064
20260312121417,800,65,0.7669,0.0064
20260312121418,800,65,0.7669,0.0064
20260312121419,800,65,0.7669,0.0064
20260312121420,800,65,0.7669,0.0064
20260312121422,800,65,0.7669,0.0064
20260312121423,800,65,0.7669,0.0064
20260312121424,800,65,0.7669,0.0064
20260312121425,800,65,0.7669,0.0064
20260312121426,800,65,0.7669,0.0064
20260312121427,800,65,0.7669,0.0064
20260312121428,800,65,0.7669,0.0064
20260312121429,800,65,0.7669,0.0064
20260312121430,800,65,0.7669,0.0064
20260312121431,800,65,0.7669,0.0064
20260312121432,800,65,0.7669,0.0064
20260312121433,800,65,0.7669,0.0064
20260312121434,800,65,0.7669,0.0064
20260312121435,800,65,0.7669,0.0064
20260312121436,800,65,0.7669,0.0064
20260312121437,800,65,0.7669,0.0064
20260312121438,800,65,0.7669,0.0064
20260312121439,800,65,0.7669,0.0064
20260312121440,800,65,0.7669,0.0064
20260312121441,800,65,0.7669,0.0064
20260312121442,800,65,0.7669,0.0064
20260312121443,800,65,0.7669,0.0064
20260312121444,800,65,0.7669,0.0064
20260312121445,800,65,0.7669,0.0064
20260312121446,800,65,0.7669,0.0064
20260312121447,800,65,0.7669,0.0064
20260312121448,800,65,0.7669,0.0064
20260312121449,800,65,0.7669,0.0064
20260312121450,800,65,0.7669,0.0064
20260312121451,800,65,0.7669,0.0064
20260312121452,800,65,0.7669,0.0064
20260312121453,800,65,0.7669,0.0064
20260312121454,800,65,0.7669,0.0064
20260312121455,800,65,0.7669,0.0064
20260312121456,800,65,0.7669,0.0064
20260312121457,800,65,0.7669,0.0064
20260312121458,800,65,0.7669,0.0064
20260312121459,800,65,0.7669,0.0064
20260312121500,800,65,0.7669,0.0064
20260312121501,800,65,0.7669,0.0064
20260312121502,800,65,0.7669,0.0064
20260312121503,800,65,0.7669,0.0064
20260312121504,800,65,0.7669,0.0064
20260312121505,800,65,0.7669,0.0064
20260312121506,800,65,0.7669,0.0064
20260312121507,800,65,0.7669,0.0064
20260312121508,800,65,0.7669,0.0064
20260312121509,800,65,0.7669,0.0064
20260312121510,800,65,0.7669,0.0064
20260312121511,800,65,0.7669,0.0064
20260312121512,800,65,0.7669,0.0064
20260312121513,800,65,0.7669,0.0064
20260312121514,800,65,0.7669,0.0064
20260312121515,800,65,0.7669,0.0064
20260312121516,800,65,0.7669,0.0064
20260312121517,800,65,0.7669,0.0064
20260312121518,800,65,0.7669,0.0064
20260312121519,800,65,0.7669,0.0064
20260312121520,800,65,0.7669,0.0064
20260312121521,800,65,0.7669,0.0064
20260312121522,800,65,0.7669,0.0064
20260312121523,800,66,0.7669,0.0064
20260312121525,800,66,0.7669,0.0064
20260312121526,800,66,0.7669,0.0064
20260312121527,800,66,0.7669,0.0064
20260312121528,800,66,0.7669,0.0064
20260312121529,800,66,0.7669,0.0064
20260312121530,800,66,0.7669,0.0064
20260312121531,800,66,0.7669,0.0064
20260312121532,800,66,0.7669,0.0064
20260312121533,800,66,0.7669,0.0064
20260312121534,800,66,0.7669,0.0064
20260312121535,800,66,0.7669,0.0064
20260312121536,800,66,0.7669,0.0064
20260312121537,800,66,0.7669,0.0064
20260312121538,800,66,0.7669,0.0064
20260312121539,800,66,0.7669,0.0064
20260312121540,800,66,0.7669,0.0064
20260312121541,800,66,0.7669,0.0064
20260312121542,800,66,0.7669,0.0064
20260312121543,800,66,0.7669,0.0064
20260312121544,800,66,0.7669,0.0064
20260312121545,800,66,0.7669,0.0064
20260312121546,800,66,0.7669,0.0064
20260312121547,800,66,0.7669,0.0064
20260312121548,800,66,0.7669,0.0064
20260312121549,800,66,0.7669,0.0064
20260312121550,800,66,0.7669,0.0064
20260312121551,800,66,0.7669,0.0064
20260312121552,800,66,0.7669,0.0064
20260312121553,800,66,0.7669,0.0064
20260312121554,800,66,0.7669,0.0064
20260312121555,800,66,0.7669,0.0064
20260312121556,800,66,0.7669,0.0064
20260312121557,800,66,0.7669,0.0064
20260312121558,800,66,0.7669,0.0064
20260312121559,800,66,0.7669,0.0064
20260312121600,800,66,0.7669,0.0064
20260312121601,800,66,0.7669,0.0064
20260312121602,800,66,0.7669,0.0064
20260312121603,800,66,0.7669,0.0064
20260312121604,800,66,0.7669,0.0064
20260312121605,800,66,0.7669,0.0064
20260312121606,800,66,0.7669,0.0064
20260312121607,800,66,0.7669,0.0064
20260312121608,800,66,0.7669,0.0064
20260312121609,800,66,0.7669,0.0064
20260312121610,800,66,0.7669,0.0064
20260312121611,800,66,0.7669,0.0064
20260312121612,800,66,0.7669,0.0064
20260312121613,800,66,0.7669,0.0064
20260312121614,800,66,0.7669,0.0064
20260312121615,800,66,0.7669,0.0064
20260312121616,800,66,0.7669,0.0064
20260312121617,800,66,0.7669,0.0064
20260312121618,800,66,0.7669,0.0064
20260312121619,800,66,0.7669,0.0064
20260312121620,800,66,0.7669,0.0064
20260312121621,800,66,0.7669,0.0064
20260312121622,800,66,0.7669,0.0064
20260312121623,800,66,0.7669,0.0064
20260312121624,800,66,0.7669,0.0064
20260312121625,800,66,0.7669,0.0064
20260312121626,800,66,0.7669,0.0064
20260312121627,800,66,0.7669,0.0064
20260312121628,800,67,0.7669,0.0064
20260312121630,800,67,0.7669,0.0064
20260312121631,800,67,0.7669,0.0064
20260312121632,800,67,0.7669,0.0064
20260312121633,800,67,0.7669,0.0064
20260312121634,800,67,0.7669,0.0064
20260312121635,800,67,0.7669,0.0064
20260312121636,800,67,0.7669,0.0064
20260312121637,800,67,0.7669,0.0064
20260312121638,800,67,0.7669,0.0064
20260312121639,800,67,0.7669,0.0064
20260312121640,800,67,0.7669,0.0064
20260312121641,800,67,0.7669,0.0064
20260312121642,800,67,0.7669,0.0064
20260312121643,800,67,0.7669,0.0064
20260312121644,800,67,0.7669,0.0064
20260312121645,800,67,0.7669,0.0064
20260312121646,800,67,0.7669,0.0064
20260312121647,800,67,0.7669,0.0064
20260312121648,800,67,0.7669,0.0064
20260312121649,800,67,0.7669,0.0064
20260312121650,800,67,0.7669,0.0064
20260312121651,800,67,0.7669,0.0064
20260312121652,800,67,0.7669,0.0064
20260312121653,800,67,0.7669,0.0064
20260312121654,800,67,0.7669,0.0064
20260312121655,800,67,0.7669,0.0064
20260312121656,800,67,0.7669,0.0064
20260312121657,800,67,0.7669,0.0064
20260312121658,800,67,0.7669,0.0064
20260312121659,800,67,0.7669,0.0064
20260312121700,800,67,0.7669,0.0064
20260312121701,800,67,0.7669,0.0064
20260312121702,800,67,0.7669,0.0064
20260312121703,800,67,0.7669,0.0064
20260312121704,800,67,0.7669,0.0064
20260312121705,800,67,0.7669,0.0064
20260312121706,800,67,0.7669,0.0064
20260312121707,800,67,0.7669,0.0064
20260312121708,800,67,0.7669,0.0064
20260312121709,800,67,0.7669,0.0064
20260312121710,800,67,0.7669,0.0064
20260312121711,800,67,0.7669,0.0064
20260312121712,800,67,0.7669,0.0064
20260312121713,800,67,0.7669,0.0064
20260312121714,800,67,0.7669,0.0064
20260312121715,800,67,0.7669,0.0064
20260312121716,800,67,0.7669,0.0064
20260312121717,800,67,0.7669,0.0064
20260312121718,800,67,0.7669,0.0064
20260312121719,800,67,0.7669,0.0064
20260312121720,800,67,0.7669,0.0064
20260312121721,800,67,0.7669,0.0064
20260312121722,800,67,0.7669,0.0064
20260312121723,800,67,0.7669,0.0064
20260312121724,800,67,0.7669,0.0064
20260312121725,800,67,0.7669,0.0064
20260312121726,800,67,0.7669,0.0064
20260312121727,800,67,0.7669,0.0064
20260312121728,800,67,0.7669,0.0064
20260312121730,800,67,0.7669,0.0064
20260312121731,800,67,0.7669,0.0064
20260312121732,800,67,0.7669,0.0064
20260312121733,800,68,0.7669,0.0064
20260312121734,800,68,0.7669,0.0064
20260312121735,800,68,0.7669,0.0064
20260312121736,800,68,0.7669,0.0064
20260312121737,800,68,0.7668,0.0064
20260312121738,800,68,0.7668,0.0064
20260312121739,800,68,0.7668,0.0064
20260312121740,800,68,0.7668,0.0064
20260312121741,800,68,0.7668,0.0064
20260312121742,800,68,0.7668,0.0064
20260312121743,800,68,0.7668,0.0064
20260312121744,800,68,0.7668,0.0064
20260312121745,800,68,0.7668,0.0064
20260312121746,800,68,0.7668,0.0064
20260312121747,800,68,0.7668,0.0064
20260312121748,800,68,0.7668,0.0064
20260312121749,800,68,0.7668,0.0064
20260312121750,800,68,0.7668,0.0064
20260312121751,800,68,0.7668,0.0064
20260312121752,800,68,0.7668,0.0064
20260312121753,800,68,0.7668,0.0064
20260312121754,800,68,0.7668,0.0064
20260312121755,800,68,0.7668,0.0064
20260312121756,800,68,0.7668,0.0064
20260312121757,800,68,0.7668,0.0064
20260312121758,800,68,0.7668,0.0064
20260312121759,800,68,0.7668,0.0064
20260312121800,800,68,0.7668,0.0064
20260312121801,800,68,0.7668,0.0064
20260312121802,800,68,0.7668,0.0064
20260312121803,800,68,0.7668,0.0064
20260312121804,800,68,0.7668,0.0064
20260312121805,800,68,0.7668,0.0064
20260312121806,800,68,0.7668,0.0064
20260312121807,800,68,0.7668,0.0064
20260312121808,800,68,0.7668,0.0064
20260312121809,800,68,0.7668,0.0064
20260312121810,800,68,0.7668,0.0064
20260312121811,800,68,0.7668,0.0064
20260312121812,800,68,0.7668,0.0064
20260312121813,800,68,0.7668,0.0064
20260312121814,800,68,0.7668,0.0064
20260312121815,800,68,0.7668,0.0064
20260312121816,800,68,0.7668,0.0064
20260312121817,800,68,0.7668,0.0064
20260312121818,800,68,0.7668,0.0064
20260312121819,800,68,0.7668,0.0064
20260312121820,800,68,0.7668,0.0064
20260312121821,800,68,0.7668,0.0064
20260312121822,800,68,0.7668,0.0064
20260312121823,800,68,0.7668,0.0064
20260312121824,800,68,0.7668,0.0064
20260312121826,800,68,0.7668,0.0064
20260312121827,800,68,0.7668,0.0064
20260312121828,800,68,0.7668,0.0064
20260312121829,800,68,0.7668,0.0064
20260312121830,800,68,0.7668,0.0064
20260312121831,800,68,0.7668,0.0064
20260312121832,800,68,0.7668,0.0064
20260312121833,800,68,0.7668,0.0064
20260312121834,800,68,0.7668,0.0064
20260312121835,800,68,0.7668,0.0064
20260312121836,800,68,0.7668,0.0064
20260312121837,800,68,0.7668,0.0064
20260312121838,800,68,0.7668,0.0064
20260312121839,800,69,0.7668,0.0064
20260312121840,800,69,0.7668,0.0064
20260312121841,800,69,0.7668,0.0064
20260312121842,800,69,0.7668,0.0064
20260312121843,800,69,0.7668,0.0064
20260312121844,800,69,0.7668,0.0064
20260312121845,800,69,0.7668,0.0064
20260312121846,800,69,0.7668,0.0064
20260312121847,800,69,0.7668,0.0064
20260312121848,800,69,0.7668,0.0064
20260312121849,800,69,0.7668,0.0064
20260312121850,800,69,0.7668,0.0064
20260312121851,800,69,0.7668,0.0064
20260312121852,800,69,0.7668,0.0064
20260312121853,800,69,0.7668,0.0064
20260312121854,800,69,0.7668,0.0064
20260312121855,800,69,0.7668,0.0064
20260312121856,800,69,0.7668,0.0064
20260312121857,800,69,0.7668,0.0064
20260312121858,800,69,0.7668,0.0064
20260312121859,800,69,0.7668,0.0064
20260312121900,800,69,0.7668,0.0064
20260312121901,800,69,0.7668,0.0064
20260312121902,800,69,0.7668,0.0064
20260312121903,800,69,0.7668,0.0064
20260312121904,800,69,0.7668,0.0064
20260312121905,800,69,0.7668,0.0064
20260312121906,800,69,0.7668,0.0064
20260312121907,800,69,0.7668,0.0064
20260312121908,800,69,0.7668,0.0064
20260312121909,800,69,0.7668,0.0064
20260312121910,800,69,0.7668,0.0064
20260312121911,800,69,0.7668,0.0064
20260312121912,800,69,0.7668,0.0064
20260312121913,800,69,0.7668,0.0064
20260312121914,800,69,0.7668,0.0064
20260312121915,800,69,0.7668,0.0064
20260312121916,800,69,0.7668,0.0064
20260312121917,800,69,0.7668,0.0064
20260312121918,800,69,0.7668,0.0064
20260312121919,800,69,0.7668,0.0064
20260312121920,800,69,0.7668,0.0064
20260312121921,800,69,0.7668,0.0064
20260312121922,800,69,0.7668,0.0064
20260312121923,800,69,0.7668,0.0064
20260312121924,800,69,0.7668,0.0064
20260312121926,800,69,0.7668,0.0064
20260312121927,800,69,0.7668,0.0064
20260312121928,800,69,0.7668,0.0064
20260312121929,800,69,0.7668,0.0064
20260312121930,800,69,0.7668,0.0064
20260312121931,800,69,0.7668,0.0064
20260312121932,800,69,0.7668,0.0064
20260312121933,800,69,0.7668,0.0064
20260312121934,800,69,0.7668,0.0064
20260312121935,800,69,0.7668,0.0064
20260312121936,800,69,0.7668,0.0064
20260312121937,800,69,0.7668,0.0064
20260312121938,800,69,0.7668,0.0064
20260312121939,800,69,0.7668,0.0064
20260312121940,800,69,0.7668,0.0064
20260312121941,800,69,0.7668,0.0064
20260312121942,800,69,0.7668,0.0064
20260312121943,800,69,0.7668,0.0064
20260312121944,800,69,0.7668,0.0064
20260312121945,800,70,0.7668,0.0064
20260312121946,800,70,0.7668,0.0064
20260312121947,800,70,0.7668,0.0064
20260312121948,800,70,0.7668,0.0064
20260312121949,800,70,0.7668,0.0064
20260312121950,800,70,0.7668,0.0064
20260312121951,800,70,0.7668,0.0064
20260312121952,800,70,0.7668,0.0064
20260312121953,800,70,0.7668,0.0064
20260312121954,800,70,0.7668,0.0064
20260312121955,800,70,0.7668,0.0064
20260312121956,800,70,0.7668,0.0064
20260312121957,800,70,0.7668,0.0064
20260312121958,800,70,0.7668,0.0064
20260312121959,800,70,0.7668,0.0064
20260312122000,800,70,0.7668,0.0064
20260312122001,800,70,0.7668,0.0064
20260312122002,800,70,0.7668,0.0064
20260312122003,800,70,0.7668,0.0064
20260312122004,800,70,0.7668,0.0064
20260312122005,800,70,0.7668,0.0064
20260312122006,800,70,0.7668,0.0064
20260312122007,800,70,0.7668,0.0064
20260312122008,800,70,0.7668,0.0064
20260312122009,800,70,0.7668,0.0064
20260312122010,800,70,0.7668,0.0064
20260312122011,800,70,0.7668,0.0064
20260312122012,800,70,0.7668,0.0064
20260312122013,800,70,0.7668,0.0064
20260312122014,800,70,0.7668,0.0064
20260312122015,800,70,0.7668,0.0064
20260312122016,800,70,0.7668,0.0064
20260312122017,800,70,0.7668,0.0064
20260312122018,800,70,0.7668,0.0064
20260312122019,800,70,0.7668,0.0064
20260312122020,800,70,0.7668,0.0064
20260312122022,800,70,0.7668,0.0064
20260312122023,800,70,0.7668,0.0064
20260312122024,800,70,0.7668,0.0064
20260312122025,800,70,0.7668,0.0064
20260312122026,800,70,0.7668,0.0064
20260312122027,800,70,0.7668,0.0064
20260312122028,800,70,0.7668,0.0064
20260312122029,800,70,0.7668,0.0064
20260312122030,800,70,0.7668,0.0064
20260312122031,800,70,0.7668,0.0064
20260312122032,800,70,0.7668,0.0064
20260312122033,800,70,0.7668,0.0064
20260312122034,800,70,0.7668,0.0064
20260312122035,800,70,0.7668,0.0064
20260312122036,800,70,0.7668,0.0064
20260312122037,800,70,0.7668,0.0064
20260312122038,800,70,0.7668,0.0064
20260312122039,800,70,0.7668,0.0064
20260312122040,800,70,0.7668,0.0064
20260312122041,800,70,0.7668,0.0064
20260312122042,800,70,0.7668,0.0064
20260312122043,800,70,0.7668,0.0064
20260312122044,800,70,0.7668,0.0064
20260312122045,800,70,0.7668,0.0064
20260312122046,800,70,0.7668,0.0064
20260312122047,800,70,0.7668,0.0064
20260312122048,800,70,0.7668,0.0064
20260312122049,800,71,0.7668,0.0064
20260312122050,800,71,0.7668,0.0064
20260312122051,800,71,0.7668,0.0064
20260312122052,800,71,0.7668,0.0064
20260312122053,800,71,0.7668,0.0064
20260312122054,800,71,0.7667,0.0064
20260312122055,800,71,0.7667,0.0064
20260312122056,800,71,0.7667,0.0064
20260312122057,800,71,0.7667,0.0064
20260312122058,800,71,0.7667,0.0064
20260312122059,800,71,0.7667,0.0064
20260312122100,800,71,0.7667,0.0064
20260312122101,800,71,0.7667,0.0064
20260312122102,800,71,0.7667,0.0064
20260312122103,800,71,0.7667,0.0064
20260312122104,800,71,0.7667,0.0064
20260312122105,800,71,0.7667,0.0064
20260312122106,800,71,0.7667,0.0064
20260312122107,800,71,0.7667,0.0064
20260312122108,800,71,0.7667,0.0064
20260312122109,800,71,0.7667,0.0064
20260312122110,800,71,0.7667,0.0064
20260312122111,800,71,0.7667,0.0064
20260312122112,800,71,0.7667,0.0064
20260312122113,800,71,0.7667,0.0064
20260312122114,800,71,0.7667,0.0064
20260312122115,800,71,0.7667,0.0064
20260312122116,800,71,0.7667,0.0064
20260312122117,800,71,0.7667,0.0064
20260312122118,800,71,0.7667,0.0064
20260312122120,800,71,0.7667,0.0064
20260312122121,800,71,0.7667,0.0064
20260312122122,800,71,0.7667,0.0064
20260312122123,800,71,0.7667,0.0064
20260312122124,800,71,0.7667,0.0064
20260312122125,800,71,0.7667,0.0064
20260312122126,800,71,0.7667,0.0064
20260312122127,800,71,0.7667,0.0064
20260312122128,800,71,0.7667,0.0064
20260312122129,800,71,0.7667,0.0064
20260312122130,800,71,0.7667,0.0064
20260312122131,800,71,0.7667,0.0064
20260312122132,800,71,0.7667,0.0064
20260312122133,800,71,0.7667,0.0064
20260312122134,800,71,0.7667,0.0064
20260312122135,800,71,0.7667,0.0064
20260312122136,800,71,0.7667,0.0064
20260312122137,800,71,0.7667,0.0064
20260312122138,800,71,0.7667,0.0064
20260312122139,800,71,0.7667,0.0064
20260312122140,800,71,0.7667,0.0064
20260312122141,800,71,0.7667,0.0064
20260312122142,800,71,0.7667,0.0064
20260312122143,800,71,0.7667,0.0064
20260312122144,800,71,0.7667,0.0064
20260312122145,800,71,0.7667,0.0064
20260312122146,800,71,0.7667,0.0064
20260312122147,800,71,0.7667,0.0064
20260312122148,800,71,0.7667,0.0064
20260312122149,800,71,0.7667,0.0064
20260312122150,800,71,0.7667,0.0064
20260312122151,800,71,0.7667,0.0064
20260312122152,800,71,0.7667,0.0064
20260312122153,800,71,0.7667,0.0064
20260312122154,800,71,0.7667,0.0064
20260312122155,800,71,0.7667,0.0064
20260312122156,800,72,0.7667,0.0064
20260312122157,800,72,0.7667,0.0064
20260312122158,800,72,0.7667,0.0064
20260312122159,800,72,0.7667,0.0064
20260312122200,800,72,0.7667,0.0064
20260312122201,800,72,0.7667,0.0064
20260312122202,800,72,0.7667,0.0064
20260312122203,800,72,0.7667,0.0064
20260312122204,800,72,0.7667,0.0064
20260312122205,800,72,0.7667,0.0064
20260312122206,800,72,0.7667,0.0064
20260312122207,800,72,0.7667,0.0064
20260312122208,800,72,0.7667,0.0064
20260312122209,800,72,0.7667,0.0064
20260312122210,800,72,0.7667,0.0064
20260312122211,800,72,0.7667,0.0064
20260312122212,800,72,0.7667,0.0064
20260312122213,800,72,0.7667,0.0064
20260312122214,800,72,0.7667,0.0064
20260312122215,800,72,0.7667,0.0064
20260312122216,800,72,0.7667,0.0064
20260312122217,800,72,0.7667,0.0064
20260312122218,800,72,0.7667,0.0064
20260312122220,800,72,0.7667,0.0064
20260312122221,800,72,0.7667,0.0064
20260312122222,800,72,0.7667,0.0064
20260312122223,800,72,0.7667,0.0064
20260312122224,800,72,0.7667,0.0064
20260312122225,800,72,0.7667,0.0064
20260312122226,800,72,0.7667,0.0064
20260312122227,800,72,0.7667,0.0064
20260312122228,800,72,0.7667,0.0064
20260312122229,800,72,0.7667,0.0064
20260312122230,800,72,0.7667,0.0064
20260312122231,800,72,0.7667,0.0064
20260312122232,800,72,0.7667,0.0064
20260312122233,800,72,0.7667,0.0064
20260312122234,800,72,0.7667,0.0064
20260312122235,800,72,0.7667,0.0064
20260312122236,800,72,0.7667,0.0064
20260312122237,800,72,0.7667,0.0064
20260312122238,800,72,0.7667,0.0064
20260312122239,800,72,0.7667,0.0064
20260312122240,800,72,0.7667,0.0064
20260312122241,800,72,0.7667,0.0064
20260312122242,800,72,0.7667,0.0064
20260312122243,800,72,0.7667,0.0064
20260312122244,800,72,0.7667,0.0064
20260312122245,800,72,0.7667,0.0064
20260312122246,800,72,0.7667,0.0064
20260312122247,800,72,0.7667,0.0064
20260312122248,800,72,0.7667,0.0064
20260312122249,800,72,0.7667,0.0064
20260312122250,800,72,0.7667,0.0064
20260312122251,800,72,0.7667,0.0064
20260312122252,800,72,0.7667,0.0064
20260312122253,800,72,0.7667,0.0064
20260312122254,800,72,0.7667,0.0064
20260312122255,800,72,0.7667,0.0064
20260312122256,800,72,0.7667,0.0064
20260312122257,800,72,0.7667,0.0064
20260312122258,800,72,0.7667,0.0064
20260312122259,800,72,0.7667,0.0064
20260312122300,800,73,0.7667,0.0064
20260312122301,800,73,0.7667,0.0064
20260312122302,800,73,0.7667,0.0064
20260312122303,800,73,0.7667,0.0064
20260312122304,800,73,0.7667,0.0064
20260312122305,800,73,0.7667,0.0064
20260312122306,800,73,0.7667,0.0064
20260312122307,800,73,0.7667,0.0064
20260312122308,800,73,0.7667,0.0064
20260312122309,800,73,0.7667,0.0064
20260312122310,800,73,0.7667,0.0064
20260312122311,800,73,0.7667,0.0064
20260312122313,800,73,0.7667,0.0064
20260312122314,800,73,0.7667,0.0064
20260312122315,800,73,0.7667,0.0064
20260312122316,800,73,0.7667,0.0064
20260312122317,800,73,0.7667,0.0064
20260312122318,800,73,0.7667,0.0064
20260312122319,800,73,0.7667,0.0064
20260312122320,800,73,0.7667,0.0064
20260312122321,800,73,0.7667,0.0064
20260312122322,800,73,0.7667,0.0064
20260312122323,800,73,0.7667,0.0064
20260312122324,800,73,0.7667,0.0064
20260312122325,800,73,0.7667,0.0064
20260312122326,800,73,0.7667,0.0064
20260312122327,800,73,0.7667,0.0064
20260312122328,800,73,0.7667,0.0064
20260312122329,800,73,0.7667,0.0064
20260312122330,800,73,0.7667,0.0064
20260312122331,800,73,0.7667,0.0064
20260312122332,800,73,0.7667,0.0064
20260312122333,800,73,0.7667,0.0064
20260312122334,800,73,0.7667,0.0064
20260312122335,800,73,0.7667,0.0064
20260312122336,800,73,0.7667,0.0064
20260312122337,800,73,0.7667,0.0064
20260312122338,800,73,0.7667,0.0064
20260312122339,800,73,0.7667,0.0064
20260312122340,800,73,0.7667,0.0064
20260312122341,800,73,0.7667,0.0064
20260312122342,800,73,0.7667,0.0064
20260312122343,800,73,0.7667,0.0064
20260312122344,800,73,0.7667,0.0064
20260312122345,800,73,0.7667,0.0064
20260312122346,800,73,0.7667,0.0064
20260312122347,800,73,0.7667,0.0064
20260312122348,800,73,0.7667,0.0064
20260312122349,800,73,0.7667,0.0064
20260312122350,800,73,0.7667,0.0064
20260312122351,800,73,0.7667,0.0064
20260312122352,800,73,0.7667,0.0064
20260312122353,800,73,0.7667,0.0064
20260312122354,800,73,0.7667,0.0064
20260312122355,800,73,0.7667,0.0064
20260312122356,800,73,0.7667,0.0064
20260312122357,800,73,0.7667,0.0064
20260312122358,800,73,0.7667,0.0064
20260312122359,800,73,0.7667,0.0064
20260312122400,800,73,0.7667,0.0064
20260312122401,800,73,0.7667,0.0064
20260312122402,800,73,0.7667,0.0064
20260312122403,800,73,0.7667,0.0064
20260312122404,800,73,0.7667,0.0064
20260312122405,800,73,0.7667,0.0064
20260312122406,800,74,0.7667,0.0064
20260312122407,800,74,0.7667,0.0064
20260312122408,800,74,0.7667,0.0064
20260312122409,800,74,0.7667,0.0064
20260312122410,800,74,0.7667,0.0064
20260312122411,800,74,0.7667,0.0064
20260312122412,800,74,0.7667,0.0064
20260312122413,800,74,0.7666,0.0064
20260312122414,800,74,0.7666,0.0064
20260312122415,800,74,0.7666,0.0064
20260312122416,800,74,0.7666,0.0064
20260312122418,800,74,0.7666,0.0064
20260312122419,800,74,0.7666,0.0064
20260312122420,800,74,0.7666,0.0064
20260312122421,800,74,0.7666,0.0064
20260312122422,800,74,0.7666,0.0064
20260312122423,800,74,0.7666,0.0064
20260312122424,800,74,0.7666,0.0064
20260312122425,800,74,0.7666,0.0064
20260312122426,800,74,0.7666,0.0064
20260312122427,800,74,0.7666,0.0064
20260312122428,800,74,0.7666,0.0064
20260312122429,800,74,0.7666,0.0064
20260312122430,800,74,0.7666,0.0064
20260312122431,800,74,0.7666,0.0064
20260312122432,800,74,0.7666,0.0064
20260312122433,800,74,0.7666,0.0064
20260312122434,800,74,0.7666,0.0064
20260312122435,800,74,0.7666,0.0064
20260312122436,800,74,0.7666,0.0064
20260312122437,800,74,0.7666,0.0064
20260312122438,800,74,0.7666,0.0064
20260312122439,800,74,0.7666,0.0064
20260312122440,800,74,0.7666,0.0064
20260312122441,800,74,0.7666,0.0064
20260312122442,800,74,0.7666,0.0064
20260312122443,800,74,0.7666,0.0064
20260312122444,800,74,0.7666,0.0064
20260312122445,800,74,0.7666,0.0064
20260312122446,800,74,0.7666,0.0064
20260312122447,800,74,0.7666,0.0064
20260312122448,800,74,0.7666,0.0064
20260312122449,800,74,0.7666,0.0064
20260312122450,800,74,0.7666,0.0064
20260312122451,800,74,0.7666,0.0064
20260312122452,800,74,0.7666,0.0064
20260312122453,800,74,0.7666,0.0064
20260312122454,800,74,0.7666,0.0064
20260312122455,800,74,0.7666,0.0064
20260312122456,800,74,0.7666,0.0064
20260312122457,800,74,0.7666,0.0064
20260312122458,800,74,0.7666,0.0064
20260312122459,800,74,0.7666,0.0064
20260312122500,800,74,0.7666,0.0064
20260312122501,800,74,0.7666,0.0064
20260312122502,800,74,0.7666,0.0064
20260312122503,800,74,0.7666,0.0064
20260312122504,800,74,0.7666,0.0064
20260312122505,800,74,0.7666,0.0064
20260312122506,800,74,0.7666,0.0064
20260312122507,800,74,0.7666,0.0064
20260312122508,800,74,0.7666,0.0064
20260312122509,800,74,0.7666,0.0064
20260312122510,800,74,0.7666,0.0064
20260312122511,800,75,0.7666,0.0064
20260312122512,800,75,0.7666,0.0064
20260312122513,800,75,0.7666,0.0064
20260312122514,800,75,0.7666,0.0064
20260312122515,800,75,0.7666,0.0064
20260312122516,800,75,0.7666,0.0064
20260312122518,800,75,0.7666,0.0064
20260312122519,800,75,0.7666,0.0064
20260312122520,800,75,0.7666,0.0064
20260312122521,800,75,0.7666,0.0064
20260312122522,800,75,0.7666,0.0064
20260312122523,800,75,0.7666,0.0064
20260312122524,800,75,0.7666,0.0064
20260312122525,800,75,0.7666,0.0064
20260312122526,800,75,0.7666,0.0064
20260312122527,800,75,0.7666,0.0064
20260312122528,800,75,0.7666,0.0064
20260312122529,800,75,0.7666,0.0064
20260312122530,800,75,0.7666,0.0064
20260312122531,800,75,0.7666,0.0064
20260312122532,800,75,0.7666,0.0064
20260312122533,800,75,0.7666,0.0064
20260312122534,800,75,0.7666,0.0064
20260312122535,800,75,0.7666,0.0064
20260312122536,800,75,0.7666,0.0064
20260312122537,800,75,0.7666,0.0064
20260312122538,800,75,0.7666,0.0064
20260312122539,800,75,0.7666,0.0064
20260312122540,800,75,0.7666,0.0064
20260312122541,800,75,0.7666,0.0064
20260312122542,800,75,0.7666,0.0064
20260312122543,800,75,0.7666,0.0064
20260312122544,800,75,0.7666,0.0064
20260312122545,800,75,0.7666,0.0064
20260312122546,800,75,0.7666,0.0064
20260312122547,800,75,0.7666,0.0064
20260312122548,800,75,0.7666,0.0064
20260312122549,800,75,0.7666,0.0064
20260312122550,800,75,0.7666,0.0064
20260312122551,800,75,0.7666,0.0064
20260312122552,800,75,0.7666,0.0064
20260312122553,800,75,0.7666,0.0064
20260312122554,800,75,0.7666,0.0064
20260312122555,800,75,0.7666,0.0064
20260312122556,800,75,0.7666,0.0064
20260312122557,800,75,0.7666,0.0064
20260312122558,800,75,0.7666,0.0064
20260312122559,800,75,0.7666,0.0064
20260312122600,800,75,0.7666,0.0064
20260312122601,800,75,0.7666,0.0064
20260312122602,800,75,0.7666,0.0064
20260312122603,800,75,0.7666,0.0064
20260312122604,800,75,0.7666,0.0064
20260312122605,800,75,0.7666,0.0064
20260312122606,800,75,0.7666,0.0064
20260312122607,800,75,0.7666,0.0064
20260312122608,800,75,0.7666,0.0064
20260312122609,800,75,0.7666,0.0064
20260312122610,800,75,0.7666,0.0064
20260312122611,800,75,0.7666,0.0064
20260312122612,800,75,0.7666,0.0064
20260312122613,800,75,0.7666,0.0064
20260312122614,800,75,0.7666,0.0064
20260312122615,800,75,0.7666,0.0064
20260312122616,800,76,0.7666,0.0064
20260312122617,800,76,0.7666,0.0064
20260312122618,800,76,0.7666,0.0064
20260312122620,800,76,0.7666,0.0064
20260312122621,800,76,0.7666,0.0064
20260312122622,800,76,0.7666,0.0064
20260312122623,800,76,0.7666,0.0064
20260312122624,800,76,0.7666,0.0064
20260312122625,800,76,0.7666,0.0064
20260312122626,800,76,0.7666,0.0064
20260312122627,800,76,0.7666,0.0064
20260312122628,800,76,0.7666,0.0064
20260312122629,800,76,0.7666,0.0064
20260312122630,800,76,0.7666,0.0064
20260312122631,800,76,0.7666,0.0064
20260312122632,800,76,0.7666,0.0064
20260312122633,800,76,0.7666,0.0064
20260312122634,800,76,0.7666,0.0064
20260312122635,800,76,0.7666,0.0064
20260312122636,800,76,0.7666,0.0064
20260312122637,800,76,0.7666,0.0064
20260312122638,800,76,0.7666,0.0064
20260312122639,800,76,0.7666,0.0064
20260312122640,800,76,0.7666,0.0064
20260312122641,800,76,0.7666,0.0064
20260312122642,800,76,0.7666,0.0064
20260312122643,800,76,0.7666,0.0064
20260312122644,800,76,0.7666,0.0064
20260312122645,800,76,0.7666,0.0064
20260312122646,800,76,0.7666,0.0064
20260312122647,800,76,0.7666,0.0064
20260312122648,800,76,0.7666,0.0064
20260312122649,800,76,0.7666,0.0064
20260312122650,800,76,0.7666,0.0064
20260312122651,800,76,0.7666,0.0064
20260312122652,800,76,0.7666,0.0064
20260312122653,800,76,0.7666,0.0064
20260312122654,800,76,0.7666,0.0064
20260312122655,800,76,0.7666,0.0064
20260312122656,800,76,0.7666,0.0064
20260312122657,800,76,0.7666,0.0064
20260312122658,800,76,0.7666,0.0064
20260312122659,800,76,0.7666,0.0064
20260312122700,800,76,0.7666,0.0064
20260312122701,800,76,0.7666,0.0064
20260312122702,800,76,0.7666,0.0064
20260312122703,800,76,0.7666,0.0064
20260312122704,800,76,0.7666,0.0064
20260312122705,800,76,0.7666,0.0064
20260312122706,800,76,0.7666,0.0064
20260312122707,800,76,0.7666,0.0064
20260312122708,800,76,0.7666,0.0064
20260312122709,800,76,0.7666,0.0064
20260312122710,800,76,0.7666,0.0064
20260312122711,800,76,0.7666,0.0064
20260312122712,800,76,0.7666,0.0064
20260312122713,800,76,0.7666,0.0064
20260312122714,800,76,0.7666,0.0064
20260312122715,800,76,0.7666,0.0064
20260312122716,800,76,0.7666,0.0064
20260312122717,800,76,0.7666,0.0064
20260312122718,800,76,0.7666,0.0064
20260312122719,800,76,0.7666,0.0064
20260312122720,800,76,0.7666,0.0064
20260312122721,800,76,0.7666,0.0064
20260312122723,800,77,0.7666,0.0064
20260312122724,800,77,0.7666,0.0064
20260312122725,800,77,0.7666,0.0064
20260312122726,800,77,0.7666,0.0064
20260312122727,800,77,0.7666,0.0064
20260312122728,800,77,0.7666,0.0064
20260312122729,800,77,0.7666,0.0064
20260312122730,800,77,0.7666,0.0064
20260312122731,800,77,0.7666,0.0064
20260312122732,800,77,0.7665,0.0064
20260312122733,800,77,0.7665,0.0064
20260312122734,800,77,0.7665,0.0064
20260312122735,800,77,0.7665,0.0064
20260312122736,800,77,0.7665,0.0064
20260312122737,800,77,0.7665,0.0064
20260312122738,800,77,0.7665,0.0064
20260312122739,800,77,0.7665,0.0064
20260312122740,800,77,0.7665,0.0064
20260312122741,800,77,0.7665,0.0064
20260312122742,800,77,0.7665,0.0064
20260312122743,800,77,0.7665,0.0064
20260312122744,800,77,0.7665,0.0064
20260312122745,800,77,0.7665,0.0064
20260312122746,800,77,0.7665,0.0064
20260312122747,800,77,0.7665,0.0064
20260312122748,800,77,0.7665,0.0064
20260312122749,800,77,0.7665,0.0064
20260312122750,800,77,0.7665,0.0064
20260312122751,800,77,0.7665,0.0064
20260312122752,800,77,0.7665,0.0064
20260312122753,800,77,0.7665,0.0064
20260312122754,800,77,0.7665,0.0064
20260312122755,800,77,0.7665,0.0064
20260312122756,800,77,0.7665,0.0064
20260312122757,800,77,0.7665,0.0064
20260312122758,800,77,0.7665,0.0064
20260312122759,800,77,0.7665,0.0064
20260312122800,800,77,0.7665,0.0064
20260312122801,800,77,0.7665,0.0064
20260312122802,800,77,0.7665,0.0064
20260312122803,800,77,0.7665,0.0064
20260312122804,800,77,0.7665,0.0064
20260312122805,800,77,0.7665,0.0064
20260312122806,800,77,0.7665,0.0064
20260312122807,800,77,0.7665,0.0064
20260312122808,800,77,0.7665,0.0064
20260312122809,800,77,0.7665,0.0064
20260312122810,800,77,0.7665,0.0064
20260312122811,800,77,0.7665,0.0064
20260312122812,800,77,0.7665,0.0064
20260312122813,800,77,0.7665,0.0064
20260312122814,800,77,0.7665,0.0064
20260312122815,800,77,0.7665,0.0064
20260312122816,800,77,0.7665,0.0064
20260312122817,800,77,0.7665,0.0064
20260312122818,800,77,0.7665,0.0064
20260312122819,800,77,0.7665,0.0064
20260312122820,800,77,0.7665,0.0064
20260312122821,800,77,0.7665,0.0064
20260312122822,800,77,0.7665,0.0064
20260312122823,800,77,0.7665,0.0064
20260312122825,800,77,0.7665,0.0064
20260312122826,800,77,0.7665,0.0064
20260312122827,800,78,0.7665,0.0064
20260312122828,800,78,0.7665,0.0064
20260312122829,800,78,0.7665,0.0064
20260312122830,800,78,0.7665,0.0064
20260312122831,800,78,0.7665,0.0064
20260312122832,800,78,0.7665,0.0064
20260312122833,800,78,0.7665,0.0064
20260312122834,800,78,0.7665,0.0064
20260312122835,800,78,0.7665,0.0064
20260312122836,800,78,0.7665,0.0064
20260312122837,800,78,0.7665,0.0064
20260312122838,800,78,0.7665,0.0064
20260312122839,800,78,0.7665,0.0064
20260312122840,800,78,0.7665,0.0064
20260312122841,800,78,0.7665,0.0064
20260312122842,800,78,0.7665,0.0064
20260312122843,800,78,0.7665,0.0064
20260312122844,800,78,0.7665,0.0064
20260312122845,800,78,0.7665,0.0064
20260312122846,800,78,0.7665,0.0064
20260312122847,800,78,0.7665,0.0064
20260312122848,800,78,0.7665,0.0064
20260312122849,800,78,0.7665,0.0064
20260312122850,800,78,0.7665,0.0064
20260312122851,800,78,0.7665,0.0064
20260312122852,800,78,0.7665,0.0064
20260312122853,800,78,0.7665,0.0064
20260312122854,800,78,0.7665,0.0064
20260312122855,800,78,0.7665,0.0064
20260312122856,800,78,0.7665,0.0064
20260312122857,800,78,0.7665,0.0064
20260312122858,800,78,0.7665,0.0064
20260312122859,800,78,0.7665,0.0064
20260312122900,800,78,0.7665,0.0064
20260312122901,800,78,0.7665,0.0064
20260312122902,800,78,0.7665,0.0064
20260312122903,800,78,0.7665,0.0064
20260312122904,800,78,0.7665,0.0064
20260312122905,800,78,0.7665,0.0064
20260312122906,800,78,0.7665,0.0064
20260312122907,800,78,0.7665,0.0064
20260312122908,800,78,0.7665,0.0064
20260312122909,800,78,0.7665,0.0064
20260312122910,800,78,0.7665,0.0064
20260312122911,800,78,0.7665,0.0064
20260312122912,800,78,0.7665,0.0064
20260312122913,800,78,0.7665,0.0064
20260312122914,800,78,0.7665,0.0064
20260312122915,800,78,0.7665,0.0064
20260312122916,800,78,0.7665,0.0064
20260312122917,800,78,0.7665,0.0064
20260312122918,800,78,0.7665,0.0064
20260312122919,800,78,0.7665,0.0064
20260312122920,800,78,0.7665,0.0064
20260312122922,800,78,0.7665,0.0064
20260312122923,800,78,0.7665,0.0064
20260312122924,800,78,0.7665,0.0064
20260312122925,800,78,0.7665,0.0064
20260312122926,800,78,0.7665,0.0064
20260312122927,800,78,0.7665,0.0064
20260312122928,800,78,0.7665,0.0064
20260312122929,800,78,0.7665,0.0064
20260312122930,800,78,0.7665,0.0064
20260312122931,800,78,0.7665,0.0064
20260312122932,800,78,0.7665,0.0064
20260312122933,800,79,0.7665,0.0064
20260312122934,800,79,0.7665,0.0064
20260312122935,800,79,0.7665,0.0064
20260312122936,800,79,0.7665,0.0064
20260312122937,800,79,0.7665,0.0064
20260312122938,800,79,0.7665,0.0064
20260312122939,800,79,0.7665,0.0064
20260312122940,800,79,0.7665,0.0064
20260312122941,800,79,0.7665,0.0064
20260312122942,800,79,0.7665,0.0064
20260312122943,800,79,0.7665,0.0064
20260312122944,800,79,0.7665,0.0064
20260312122945,800,79,0.7665,0.0064
20260312122946,800,79,0.7665,0.0064
20260312122947,800,79,0.7665,0.0064
20260312122948,800,79,0.7665,0.0064
20260312122949,800,79,0.7665,0.0064
20260312122950,800,79,0.7665,0.0064
20260312122951,800,79,0.7665,0.0064
20260312122952,800,79,0.7665,0.0064
20260312122953,800,79,0.7665,0.0064
20260312122954,800,79,0.7665,0.0064
20260312122955,800,79,0.7665,0.0064
20260312122956,800,79,0.7665,0.0064
20260312122957,800,79,0.7665,0.0064
20260312122958,800,79,0.7665,0.0064
20260312122959,800,79,0.7665,0.0064
20260312123000,800,79,0.7665,0.0064
20260312123001,800,79,0.7665,0.0064
20260312123002,800,79,0.7665,0.0064
20260312123003,800,79,0.7665,0.0064
20260312123004,800,79,0.7665,0.0064
20260312123005,800,79,0.7665,0.0064
20260312123006,800,79,0.7665,0.0064
20260312123007,800,79,0.7665,0.0064
20260312123008,800,79,0.7665,0.0064
20260312123009,800,79,0.7665,0.0064
20260312123010,800,79,0.7665,0.0064
20260312123011,800,79,0.7665,0.0064
20260312123012,800,79,0.7665,0.0064
20260312123013,800,79,0.7665,0.0064
20260312123014,800,79,0.7665,0.0064
20260312123015,800,79,0.7665,0.0064
20260312123016,800,79,0.7665,0.0064
20260312123017,800,79,0.7665,0.0064
20260312123018,800,79,0.7665,0.0064
20260312123019,800,79,0.7665,0.0064
20260312123020,800,79,0.7665,0.0064
20260312123022,800,79,0.7665,0.0064
20260312123023,800,79,0.7665,0.0064
20260312123024,800,79,0.7665,0.0064
20260312123025,800,79,0.7665,0.0064
20260312123026,800,79,0.7665,0.0064
20260312123027,800,79,0.7665,0.0064
20260312123028,800,79,0.7665,0.0064
20260312123029,800,79,0.7665,0.0064
20260312123030,800,79,0.7665,0.0064
20260312123031,800,79,0.7665,0.0064
20260312123032,800,79,0.7665,0.0064
20260312123033,800,79,0.7665,0.0064
20260312123034,800,79,0.7665,0.0064
20260312123035,800,79,0.7665,0.0064
20260312123036,800,79,0.7665,0.0064
20260312123037,800,79,0.7665,0.0064
20260312123038,800,79,0.7665,0.0064
20260312123039,800,80,0.7665,0.0064
20260312123040,800,80,0.7665,0.0064
20260312123041,800,80,0.7665,0.0064
20260312123042,800,80,0.7665,0.0064
20260312123043,800,80,0.7665,0.0064
20260312123044,800,80,0.7665,0.0064
20260312123045,800,80,0.7665,0.0064
20260312123046,800,80,0.7665,0.0064
20260312123047,800,80,0.7665,0.0064
20260312123048,800,80,0.7665,0.0064
20260312123049,800,80,0.7664,0.0064
20260312123050,800,80,0.7664,0.0064
20260312123051,800,80,0.7664,0.0064
20260312123052,800,80,0.7664,0.0064
20260312123053,800,80,0.7664,0.0064
20260312123054,800,80,0.7664,0.0064
20260312123055,800,80,0.7664,0.0064
20260312123056,800,80,0.7664,0.0064
20260312123057,800,80,0.7664,0.0064
20260312123058,800,80,0.7664,0.0064
20260312123059,800,80,0.7664,0.0064
20260312123100,800,80,0.7664,0.0064
20260312123101,800,80,0.7664,0.0064
20260312123102,800,80,0.7664,0.0064
20260312123103,800,80,0.7664,0.0064
20260312123104,800,80,0.7664,0.0064
20260312123105,800,80,0.7664,0.0064
20260312123106,800,80,0.7664,0.0064
20260312123107,800,80,0.7664,0.0064
20260312123108,800,80,0.7664,0.0064
20260312123109,800,80,0.7664,0.0064
20260312123110,800,80,0.7664,0.0064
20260312123111,800,80,0.7664,0.0064
20260312123112,800,80,0.7664,0.0064
20260312123113,800,80,0.7664,0.0064
20260312123114,800,80,0.7664,0.0064
20260312123115,800,80,0.7664,0.0064
20260312123116,800,80,0.7664,0.0064
20260312123117,800,80,0.7664,0.0064
20260312123119,800,80,0.7664,0.0064
20260312123120,800,80,0.7664,0.0064
20260312123121,800,80,0.7664,0.0064
20260312123122,800,80,0.7664,0.0064
20260312123123,800,80,0.7664,0.0064
20260312123124,800,80,0.7664,0.0064
20260312123125,800,80,0.7664,0.0064
20260312123126,800,80,0.7664,0.0064
20260312123127,800,80,0.7664,0.0064
20260312123128,800,80,0.7664,0.0064
20260312123129,800,80,0.7664,0.0064
20260312123130,800,80,0.7664,0.0064
20260312123131,800,80,0.7664,0.0064
20260312123132,800,80,0.7664,0.0064
20260312123133,800,80,0.7664,0.0064
20260312123134,800,80,0.7664,0.0064
20260312123135,800,80,0.7664,0.0064
20260312123136,800,80,0.7664,0.0064
20260312123137,800,80,0.7664,0.0064
20260312123138,800,80,0.7664,0.0064
20260312123139,800,80,0.7664,0.0064
20260312123140,800,80,0.7664,0.0064
20260312123141,800,80,0.7664,0.0064
20260312123142,800,80,0.7664,0.0064
20260312123143,800,81,0.7664,0.0064
20260312123144,800,81,0.7664,0.0064
20260312123145,800,81,0.7664,0.0064
20260312123146,800,81,0.7664,0.0064
20260312123147,800,81,0.7664,0.0064
20260312123148,800,81,0.7664,0.0064
20260312123149,800,81,0.7664,0.0064
20260312123150,800,81,0.7664,0.0064
20260312123151,800,81,0.7664,0.0064
20260312123152,800,81,0.7664,0.0064
20260312123153,800,81,0.7664,0.0064
20260312123154,800,81,0.7664,0.0064
20260312123155,800,81,0.7664,0.0064
20260312123156,800,81,0.7664,0.0064
20260312123157,800,81,0.7664,0.0064
20260312123158,800,81,0.7664,0.0064
20260312123159,800,81,0.7664,0.0064
20260312123200,800,81,0.7664,0.0064
20260312123201,800,81,0.7664,0.0064
20260312123202,800,81,0.7664,0.0064
20260312123203,800,81,0.7664,0.0064
20260312123204,800,81,0.7664,0.0064
20260312123205,800,81,0.7664,0.0064
20260312123206,800,81,0.7664,0.0064
20260312123207,800,81,0.7664,0.0064
20260312123208,800,81,0.7664,0.0064
20260312123209,800,81,0.7664,0.0064
20260312123210,800,81,0.7664,0.0064
20260312123211,800,81,0.7664,0.0064
20260312123212,800,81,0.7664,0.0064
20260312123213,800,81,0.7664,0.0064
20260312123214,800,81,0.7664,0.0064
20260312123215,800,81,0.7664,0.0064
20260312123216,800,81,0.7664,0.0064
20260312123217,800,81,0.7664,0.0064
20260312123218,800,81,0.7664,0.0064
20260312123219,800,81,0.7664,0.0064
20260312123220,800,81,0.7664,0.0064
20260312123221,800,81,0.7664,0.0064
20260312123222,800,81,0.7664,0.0064
20260312123223,800,81,0.7664,0.0064
20260312123224,800,81,0.7664,0.0064
20260312123225,800,81,0.7664,0.0064
20260312123227,800,81,0.7664,0.0064
20260312123228,800,81,0.7664,0.0064
20260312123229,800,81,0.7664,0.0064
20260312123230,800,81,0.7664,0.0064
20260312123231,800,81,0.7664,0.0064
20260312123232,800,81,0.7664,0.0064
20260312123233,800,81,0.7664,0.0064
20260312123234,800,81,0.7664,0.0064
20260312123235,800,81,0.7664,0.0064
20260312123236,800,81,0.7664,0.0064
20260312123237,800,81,0.7664,0.0064
20260312123238,800,81,0.7664,0.0064
20260312123239,800,81,0.7664,0.0064
20260312123240,800,81,0.7664,0.0064
20260312123241,800,81,0.7664,0.0064
20260312123242,800,81,0.7664,0.0064
20260312123243,800,81,0.7664,0.0064
20260312123244,800,81,0.7664,0.0064
20260312123245,800,81,0.7664,0.0064
20260312123246,800,81,0.7664,0.0064
20260312123247,800,81,0.7664,0.0064
20260312123248,800,81,0.7664,0.0064
20260312123249,800,82,0.7664,0.0064
20260312123250,800,82,0.7664,0.0064
20260312123251,800,82,0.7664,0.0064
20260312123252,800,82,0.7664,0.0064
20260312123253,800,82,0.7664,0.0064
20260312123254,800,82,0.7664,0.0064
20260312123255,800,82,0.7664,0.0064
20260312123256,800,82,0.7664,0.0064
20260312123257,800,82,0.7664,0.0064
20260312123258,800,82,0.7664,0.0064
20260312123259,800,82,0.7664,0.0064
20260312123300,800,82,0.7664,0.0064
20260312123301,800,82,0.7664,0.0064
20260312123302,800,82,0.7664,0.0064
20260312123303,800,82,0.7664,0.0064
20260312123304,800,82,0.7664,0.0064
20260312123305,800,82,0.7664,0.0064
20260312123306,800,82,0.7664,0.0064
20260312123307,800,82,0.7664,0.0064
20260312123308,800,82,0.7664,0.0064
20260312123309,800,82,0.7664,0.0064
20260312123310,800,82,0.7664,0.0064
20260312123311,800,82,0.7664,0.0064
20260312123312,800,82,0.7664,0.0064
20260312123313,800,82,0.7664,0.0064
20260312123314,800,82,0.7664,0.0064
20260312123315,800,82,0.7664,0.0064
20260312123316,800,82,0.7664,0.0064
20260312123317,800,82,0.7664,0.0064
20260312123318,800,82,0.7664,0.0064
20260312123319,800,82,0.7664,0.0064
20260312123320,800,82,0.7664,0.0064
20260312123321,800,82,0.7664,0.0064
20260312123322,800,82,0.7664,0.0064
20260312123323,800,82,0.7664,0.0064
20260312123324,800,82,0.7664,0.0064
20260312123325,800,82,0.7664,0.0064
20260312123326,800,82,0.7664,0.0064
20260312123328,800,82,0.7664,0.0064
20260312123329,800,82,0.7664,0.0064
20260312123330,800,82,0.7664,0.0064
20260312123331,800,82,0.7664,0.0064
20260312123332,800,82,0.7664,0.0064
20260312123333,800,82,0.7664,0.0064
20260312123334,800,82,0.7664,0.0064
20260312123335,800,82,0.7664,0.0064
20260312123336,800,82,0.7664,0.0064
20260312123337,800,82,0.7664,0.0064
20260312123338,800,82,0.7664,0.0064
20260312123339,800,82,0.7664,0.0064
20260312123340,800,82,0.7664,0.0064
20260312123341,800,82,0.7664,0.0064
20260312123342,800,82,0.7664,0.0064
20260312123343,800,82,0.7664,0.0064
20260312123344,800,82,0.7664,0.0064
20260312123345,800,82,0.7664,0.0064
20260312123346,800,82,0.7664,0.0064
20260312123347,800,82,0.7664,0.0064
20260312123348,800,82,0.7664,0.0064
20260312123349,800,82,0.7664,0.0064
20260312123350,800,82,0.7664,0.0064
20260312123351,800,82,0.7664,0.0064
20260312123352,800,82,0.7664,0.0064
20260312123353,800,82,0.7664,0.0064
20260312123354,800,82,0.7664,0.0064
20260312123355,800,83,0.7664,0.0064
20260312123356,800,83,0.7664,0.0064
20260312123357,800,83,0.7664,0.0064
20260312123358,800,83,0.7664,0.0064
20260312123359,800,83,0.7664,0.0064
20260312123400,800,83,0.7664,0.0064
20260312123401,800,83,0.7664,0.0064
20260312123402,800,83,0.7664,0.0064
20260312123403,800,83,0.7664,0.0064
20260312123404,800,83,0.7664,0.0064
20260312123405,800,83,0.7664,0.0064
20260312123406,800,83,0.7663,0.0064
20260312123407,800,83,0.7663,0.0064
20260312123408,800,83,0.7663,0.0064
20260312123409,800,83,0.7663,0.0064
20260312123410,800,83,0.7663,0.0064
20260312123411,800,83,0.7663,0.0064
20260312123412,800,83,0.7663,0.0064
20260312123413,800,83,0.7663,0.0064
20260312123414,800,83,0.7663,0.0064
20260312123415,800,83,0.7663,0.0064
20260312123416,800,83,0.7663,0.0064
20260312123417,800,83,0.7663,0.0064
20260312123418,800,83,0.7663,0.0064
20260312123419,800,83,0.7663,0.0064
20260312123420,800,83,0.7663,0.0064
20260312123421,800,83,0.7663,0.0064
20260312123422,800,83,0.7663,0.0064
20260312123423,800,83,0.7663,0.0064
20260312123425,800,83,0.7663,0.0064
20260312123426,800,83,0.7663,0.0064
20260312123427,800,83,0.7663,0.0064
20260312123428,800,83,0.7663,0.0064
20260312123429,800,83,0.7663,0.0064
20260312123430,800,83,0.7663,0.0064
20260312123431,800,83,0.7663,0.0064
20260312123432,800,83,0.7663,0.0064
20260312123433,800,83,0.7663,0.0064
20260312123434,800,83,0.7663,0.0064
20260312123435,800,83,0.7663,0.0064
20260312123436,800,83,0.7663,0.0064
20260312123437,800,83,0.7663,0.0064
20260312123438,800,83,0.7663,0.0064
20260312123439,800,83,0.7663,0.0064
20260312123440,800,83,0.7663,0.0064
20260312123441,800,83,0.7663,0.0064
20260312123442,800,83,0.7663,0.0064
20260312123443,800,83,0.7663,0.0064
20260312123444,800,83,0.7663,0.0064
20260312123445,800,83,0.7663,0.0064
20260312123446,800,83,0.7663,0.0064
20260312123447,800,83,0.7663,0.0064
20260312123448,800,83,0.7663,0.0064
20260312123449,800,83,0.7663,0.0064
20260312123450,800,83,0.7663,0.0064
20260312123451,800,83,0.7663,0.0064
20260312123452,800,83,0.7663,0.0064
20260312123453,800,83,0.7663,0.0064
20260312123454,800,83,0.7663,0.0064
20260312123455,800,83,0.7663,0.0064
20260312123456,800,83,0.7663,0.0064
20260312123457,800,83,0.7663,0.0064
20260312123458,800,83,0.7663,0.0064
20260312123459,800,83,0.7663,0.0064
20260312123500,800,83,0.7663,0.0064
20260312123501,800,83,0.7663,0.0064
20260312123502,800,84,0.7663,0.0064
20260312123503,800,84,0.7663,0.0064
20260312123504,800,84,0.7663,0.0064
20260312123505,800,84,0.7663,0.0064
20260312123506,800,84,0.7663,0.0064
20260312123507,800,84,0.7663,0.0064
20260312123508,800,84,0.7663,0.0064
20260312123509,800,84,0.7663,0.0064
20260312123510,800,84,0.7663,0.0064
20260312123511,800,84,0.7663,0.0064
20260312123512,800,84,0.7663,0.0064
20260312123513,800,84,0.7663,0.0064
20260312123514,800,84,0.7663,0.0064
20260312123515,800,84,0.7663,0.0064
20260312123516,800,84,0.7663,0.0064
20260312123517,800,84,0.7663,0.0064
20260312123518,800,84,0.7663,0.0064
20260312123519,800,84,0.7663,0.0064
20260312123520,800,84,0.7663,0.0064
20260312123521,800,84,0.7663,0.0064
20260312123522,800,84,0.7663,0.0064
20260312123523,800,84,0.7663,0.0064
20260312123524,800,84,0.7663,0.0064
20260312123525,800,84,0.7663,0.0064
20260312123527,800,84,0.7663,0.0064
20260312123528,800,84,0.7663,0.0064
20260312123529,800,84,0.7663,0.0064
20260312123530,800,84,0.7663,0.0064
20260312123531,800,84,0.7663,0.0064
20260312123532,800,84,0.7663,0.0064
20260312123533,800,84,0.7663,0.0064
20260312123534,800,84,0.7663,0.0064
20260312123535,800,84,0.7663,0.0064
20260312123536,800,84,0.7663,0.0064
20260312123537,800,84,0.7663,0.0064
20260312123538,800,84,0.7663,0.0064
20260312123539,800,84,0.7663,0.0064
20260312123540,800,84,0.7663,0.0064
20260312123541,800,84,0.7663,0.0064
20260312123542,800,84,0.7663,0.0064
20260312123543,800,84,0.7663,0.0064
20260312123544,800,84,0.7663,0.0064
20260312123545,800,84,0.7663,0.0064
20260312123546,800,84,0.7663,0.0064
20260312123547,800,84,0.7663,0.0064
20260312123548,800,84,0.7663,0.0064
20260312123549,800,84,0.7663,0.0064
20260312123550,800,84,0.7663,0.0064
20260312123551,800,84,0.7663,0.0064
20260312123552,800,84,0.7663,0.0064
20260312123553,800,84,0.7663,0.0064
20260312123554,800,84,0.7663,0.0064
20260312123555,800,84,0.7663,0.0064
20260312123556,800,84,0.7663,0.0064
20260312123557,800,84,0.7663,0.0064
20260312123558,800,84,0.7663,0.0064
20260312123559,800,84,0.7663,0.0064
20260312123600,800,84,0.7663,0.0064
20260312123601,800,84,0.7663,0.0064
20260312123602,800,84,0.7663,0.0064
20260312123603,800,84,0.7663,0.0064
20260312123604,800,84,0.7663,0.0064
20260312123605,800,84,0.7663,0.0064
20260312123606,800,84,0.7663,0.0064
20260312123607,800,84,0.7663,0.0064
20260312123608,800,85,0.7663,0.0064
20260312123609,800,85,0.7663,0.0064
20260312123610,800,85,0.7663,0.0064
20260312123611,800,85,0.7663,0.0064
20260312123612,800,85,0.7663,0.0064
20260312123613,800,85,0.7663,0.0064
20260312123614,800,85,0.7663,0.0064
20260312123615,800,85,0.7663,0.0064
20260312123616,800,85,0.7663,0.0064
20260312123617,800,85,0.7663,0.0064
20260312123618,800,85,0.7663,0.0064
20260312123619,800,85,0.7663,0.0064
20260312123620,800,85,0.7663,0.0064
20260312123621,800,85,0.7663,0.0064
20260312123622,800,85,0.7663,0.0064
20260312123623,800,85,0.7663,0.0064
20260312123624,800,85,0.7663,0.0064
20260312123625,800,85,0.7663,0.0064
20260312123626,800,85,0.7663,0.0064
20260312123627,800,85,0.7663,0.0064
20260312123628,800,85,0.7663,0.0064
20260312123629,800,85,0.7663,0.0064
20260312123631,800,85,0.7663,0.0064
20260312123632,800,85,0.7663,0.0064
20260312123633,800,85,0.7663,0.0064
20260312123634,800,85,0.7663,0.0064
20260312123635,800,85,0.7663,0.0064
20260312123636,800,85,0.7663,0.0064
20260312123637,800,85,0.7663,0.0064
20260312123638,800,85,0.7663,0.0064
20260312123639,800,85,0.7663,0.0064
20260312123640,800,85,0.7663,0.0064
20260312123641,800,85,0.7663,0.0064
20260312123642,800,85,0.7663,0.0064
20260312123643,800,85,0.7663,0.0064
20260312123644,800,85,0.7663,0.0064
20260312123645,800,85,0.7663,0.0064
20260312123646,800,85,0.7663,0.0064
20260312123647,800,85,0.7663,0.0064
20260312123648,800,85,0.7663,0.0064
20260312123649,800,85,0.7663,0.0064
20260312123650,800,85,0.7663,0.0064
20260312123651,800,85,0.7663,0.0064
20260312123652,800,85,0.7663,0.0064
20260312123653,800,85,0.7663,0.0064
20260312123654,800,85,0.7663,0.0064
20260312123655,800,85,0.7663,0.0064
20260312123656,800,85,0.7663,0.0064
20260312123657,800,85,0.7663,0.0064
20260312123658,800,85,0.7663,0.0064
20260312123659,800,85,0.7663,0.0064
20260312123700,800,85,0.7663,0.0064
20260312123701,800,85,0.7663,0.0064
20260312123702,800,85,0.7663,0.0064
20260312123703,800,85,0.7663,0.0064
20260312123704,800,85,0.7663,0.0064
20260312123705,800,85,0.7663,0.0064
20260312123706,800,85,0.7663,0.0064
20260312123707,800,85,0.7663,0.0064
20260312123708,800,85,0.7663,0.0064
20260312123709,800,85,0.7663,0.0064
20260312123710,800,85,0.7663,0.0064
20260312123711,800,85,0.7663,0.0064
20260312123712,800,85,0.7663,0.0064
20260312123713,800,86,0.7663,0.0064
20260312123714,800,86,0.7663,0.0064
20260312123715,800,86,0.7663,0.0064
20260312123716,800,86,0.7663,0.0064
20260312123717,800,86,0.7663,0.0064
20260312123718,800,86,0.7663,0.0064
20260312123719,800,86,0.7663,0.0064
20260312123720,800,86,0.7663,0.0064
20260312123721,800,86,0.7663,0.0064
20260312123722,800,86,0.7663,0.0064
20260312123723,800,86,0.7663,0.0064
20260312123724,800,86,0.7662,0.0064
20260312123725,800,86,0.7662,0.0064
20260312123726,800,86,0.7662,0.0064
20260312123727,800,86,0.7662,0.0064
20260312123728,800,86,0.7662,0.0064
20260312123730,800,86,0.7662,0.0064
20260312123731,800,86,0.7662,0.0064
20260312123732,800,86,0.7662,0.0064
20260312123733,800,86,0.7662,0.0064
20260312123734,800,86,0.7662,0.0064
20260312123735,800,86,0.7662,0.0064
20260312123736,800,86,0.7662,0.0064
20260312123737,800,86,0.7662,0.0064
20260312123738,800,86,0.7662,0.0064
20260312123739,800,86,0.7662,0.0064
20260312123740,800,86,0.7662,0.0064
20260312123741,800,86,0.7662,0.0064
20260312123742,800,86,0.7662,0.0064
20260312123743,800,86,0.7662,0.0064
20260312123744,800,86,0.7662,0.0064
20260312123745,800,86,0.7662,0.0064
20260312123746,800,86,0.7662,0.0064
20260312123747,800,86,0.7662,0.0064
20260312123748,800,86,0.7662,0.0064
20260312123749,800,86,0.7662,0.0064
20260312123750,800,86,0.7662,0.0064
20260312123751,800,86,0.7662,0.0064
20260312123752,800,86,0.7662,0.0064
20260312123753,800,86,0.7662,0.0064
20260312123754,800,86,0.7662,0.0064
20260312123755,800,86,0.7662,0.0064
20260312123756,800,86,0.7662,0.0064
20260312123757,800,86,0.7662,0.0064
20260312123758,800,86,0.7662,0.0064
20260312123759,800,86,0.7662,0.0064
20260312123800,800,86,0.7662,0.0064
20260312123801,800,86,0.7662,0.0064
20260312123802,800,86,0.7662,0.0064
20260312123803,800,86,0.7662,0.0064
20260312123804,800,86,0.7662,0.0064
20260312123805,800,86,0.7662,0.0064
20260312123806,800,86,0.7662,0.0064
20260312123807,800,86,0.7662,0.0064
20260312123808,800,86,0.7662,0.0064
20260312123809,800,86,0.7662,0.0064
20260312123810,800,86,0.7662,0.0064
20260312123811,800,86,0.7662,0.0064
20260312123812,800,86,0.7662,0.0064
20260312123813,800,86,0.7662,0.0064
20260312123814,800,86,0.7662,0.0064
20260312123815,800,86,0.7662,0.0064
20260312123816,800,86,0.7662,0.0064
20260312123817,800,86,0.7662,0.0064
20260312123818,800,87,0.7662,0.0064
20260312123819,800,87,0.7662,0.0064
20260312123820,800,87,0.7662,0.0064
20260312123821,800,87,0.7662,0.0064
20260312123822,800,87,0.7662,0.0064
20260312123823,800,87,0.7662,0.0064
20260312123824,800,87,0.7662,0.0064
20260312123825,800,87,0.7662,0.0064
20260312123826,800,87,0.7662,0.0064
20260312123827,800,87,0.7662,0.0064
20260312123829,800,87,0.7662,0.0064
20260312123830,800,87,0.7662,0.0064
20260312123831,800,87,0.7662,0.0064
20260312123832,800,87,0.7662,0.0064
20260312123833,800,87,0.7662,0.0064
20260312123834,800,87,0.7662,0.0064
20260312123835,800,87,0.7662,0.0064
20260312123836,800,87,0.7662,0.0064
20260312123837,800,87,0.7662,0.0064
20260312123838,800,87,0.7662,0.0064
20260312123839,800,87,0.7662,0.0064
20260312123840,800,87,0.7662,0.0064
20260312123841,800,87,0.7662,0.0064
20260312123842,800,87,0.7662,0.0064
20260312123843,800,87,0.7662,0.0064
20260312123844,800,87,0.7662,0.0064
20260312123845,800,87,0.7662,0.0064
20260312123846,800,87,0.7662,0.0064
20260312123847,800,87,0.7662,0.0064
20260312123848,800,87,0.7662,0.0064
20260312123849,800,87,0.7662,0.0064
20260312123850,800,87,0.7662,0.0064
20260312123851,800,87,0.7662,0.0064
20260312123852,800,87,0.7662,0.0064
20260312123853,800,87,0.7662,0.0064
20260312123854,800,87,0.7662,0.0064
20260312123855,800,87,0.7662,0.0064
20260312123856,800,87,0.7662,0.0064
20260312123857,800,87,0.7662,0.0064
20260312123858,800,87,0.7662,0.0064
20260312123859,800,87,0.7662,0.0064
20260312123900,800,87,0.7662,0.0064
20260312123901,800,87,0.7662,0.0064
20260312123902,800,87,0.7662,0.0064
20260312123903,800,87,0.7662,0.0064
20260312123904,800,87,0.7662,0.0064
20260312123905,800,87,0.7662,0.0064
20260312123906,800,87,0.7662,0.0064
20260312123907,800,87,0.7662,0.0064
20260312123908,800,87,0.7662,0.0064
20260312123909,800,87,0.7662,0.0064
20260312123910,800,87,0.7662,0.0064
20260312123911,800,87,0.7662,0.0064
20260312123912,800,87,0.7662,0.0064
20260312123913,800,87,0.7662,0.0064
20260312123914,800,87,0.7662,0.0064
20260312123915,800,87,0.7662,0.0064
20260312123916,800,87,0.7662,0.0064
20260312123917,800,87,0.7662,0.0064
20260312123918,800,87,0.7662,0.0064
20260312123919,800,87,0.7662,0.0064
20260312123920,800,87,0.7662,0.0064
20260312123921,800,87,0.7662,0.0064
20260312123922,800,87,0.7662,0.0064
20260312123923,800,88,0.7662,0.0064
20260312123924,800,88,0.7662,0.0064
20260312123925,800,88,0.7662,0.0064
20260312123926,800,88,0.7662,0.0064
20260312123927,800,88,0.7662,0.0064
20260312123928,800,88,0.7662,0.0064
20260312123929,800,88,0.7662,0.0064
20260312123930,800,88,0.7662,0.0064
20260312123932,800,88,0.7662,0.0064
20260312123933,800,88,0.7662,0.0064
20260312123934,800,88,0.7662,0.0064
20260312123935,800,88,0.7662,0.0064
20260312123936,800,88,0.7662,0.0064
20260312123937,800,88,0.7662,0.0064
20260312123938,800,88,0.7662,0.0064
20260312123939,800,88,0.7662,0.0064
20260312123940,800,88,0.7662,0.0064
20260312123941,800,88,0.7662,0.0064
20260312123942,800,88,0.7662,0.0064
20260312123943,800,88,0.7662,0.0064
20260312123944,800,88,0.7662,0.0064
20260312123945,800,88,0.7662,0.0064
20260312123946,800,88,0.7662,0.0064
20260312123947,800,88,0.7662,0.0064
20260312123948,800,88,0.7662,0.0064
20260312123949,800,88,0.7662,0.0064
20260312123950,800,88,0.7662,0.0064
20260312123951,800,88,0.7662,0.0064
20260312123952,800,88,0.7662,0.0064
20260312123953,800,88,0.7662,0.0064
20260312123954,800,88,0.7662,0.0064
20260312123955,800,88,0.7662,0.0064
20260312123956,800,88,0.7662,0.0064
20260312123957,800,88,0.7662,0.0064
20260312123958,800,88,0.7662,0.0064
20260312123959,800,88,0.7662,0.0064
20260312124000,800,88,0.7662,0.0064
20260312124001,800,88,0.7662,0.0064
20260312124002,800,88,0.7662,0.0064
20260312124003,800,88,0.7662,0.0064
20260312124004,800,88,0.7662,0.0064
20260312124005,800,88,0.7662,0.0064
20260312124006,800,88,0.7662,0.0064
20260312124007,800,88,0.7662,0.0064
20260312124008,800,88,0.7662,0.0064
20260312124009,800,88,0.7662,0.0064
20260312124010,800,88,0.7662,0.0064
20260312124011,800,88,0.7662,0.0064
20260312124012,800,88,0.7662,0.0064
20260312124013,800,88,0.7662,0.0064
20260312124014,800,88,0.7662,0.0064
20260312124015,800,88,0.7662,0.0064
20260312124016,800,88,0.7662,0.0064
20260312124017,800,88,0.7662,0.0064
20260312124018,800,88,0.7662,0.0064
20260312124019,800,88,0.7662,0.0064
20260312124020,800,88,0.7662,0.0064
20260312124021,800,88,0.7662,0.0064
20260312124022,800,88,0.7662,0.0064
20260312124023,800,88,0.7662,0.0064
20260312124024,800,88,0.7662,0.0064
20260312124025,800,88,0.7662,0.0064
20260312124026,800,88,0.7662,0.0064
20260312124027,800,88,0.7662,0.0064
20260312124028,800,88,0.7662,0.0064
20260312124029,800,89,0.7662,0.0064
20260312124030,800,89,0.7662,0.0064
20260312124031,800,89,0.7662,0.0064
20260312124032,800,89,0.7662,0.0064
20260312124033,800,89,0.7662,0.0064
20260312124034,800,89,0.7662,0.0064
20260312124036,800,89,0.7662,0.0064
20260312124037,800,89,0.7662,0.0064
20260312124038,800,89,0.7662,0.0064
20260312124039,800,89,0.7662,0.0064
20260312124040,800,89,0.7662,0.0064
20260312124041,800,89,0.7662,0.0064
20260312124042,800,89,0.7662,0.0064
20260312124043,800,89,0.7661,0.0064
20260312124044,800,89,0.7662,0.0064
20260312124045,800,89,0.7661,0.0064
20260312124046,800,89,0.7661,0.0064
20260312124047,800,89,0.7661,0.0064
20260312124048,800,89,0.7661,0.0064
20260312124049,800,89,0.7661,0.0064
20260312124050,800,89,0.7661,0.0064
20260312124051,800,89,0.7661,0.0064
20260312124052,800,89,0.7661,0.0064
20260312124053,800,89,0.7661,0.0064
20260312124054,800,89,0.7661,0.0064
20260312124055,800,89,0.7661,0.0064
20260312124056,800,89,0.7661,0.0064
20260312124057,800,89,0.7661,0.0064
20260312124058,800,89,0.7661,0.0064
20260312124059,800,89,0.7661,0.0064
20260312124100,800,89,0.7661,0.0064
20260312124101,800,89,0.7661,0.0064
20260312124102,800,89,0.7661,0.0064
20260312124103,800,89,0.7661,0.0064
20260312124104,800,89,0.7661,0.0064
20260312124105,800,89,0.7661,0.0064
20260312124106,800,89,0.7661,0.0064
20260312124107,800,89,0.7661,0.0064
20260312124108,800,89,0.7661,0.0064
20260312124109,800,89,0.7661,0.0064
20260312124110,800,89,0.7661,0.0064
20260312124111,800,89,0.7661,0.0064
20260312124112,800,89,0.7661,0.0064
20260312124113,800,89,0.7661,0.0064
20260312124114,800,89,0.7661,0.0064
20260312124115,800,89,0.7661,0.0064
20260312124116,800,89,0.7661,0.0064
20260312124117,800,89,0.7661,0.0064
20260312124118,800,89,0.7661,0.0064
20260312124119,800,89,0.7661,0.0064
20260312124120,800,89,0.7661,0.0064
20260312124121,800,89,0.7661,0.0064
20260312124122,800,89,0.7661,0.0064
20260312124123,800,89,0.7661,0.0064
20260312124124,800,89,0.7661,0.0064
20260312124125,800,89,0.7661,0.0064
20260312124126,800,89,0.7661,0.0064
20260312124127,800,89,0.7661,0.0064
20260312124128,800,89,0.7661,0.0064
20260312124129,800,89,0.7661,0.0064
20260312124130,800,89,0.7661,0.0064
20260312124131,800,89,0.7661,0.0064
20260312124132,800,89,0.7661,0.0064
20260312124133,800,90,0.7661,0.0064
20260312124134,800,90,0.7661,0.0064
20260312124135,800,90,0.7661,0.0064
20260312124137,800,90,0.7661,0.0064
20260312124138,800,90,0.7661,0.0064
20260312124139,800,90,0.7661,0.0064
20260312124140,800,90,0.7661,0.0064
20260312124141,800,90,0.7661,0.0064
20260312124142,800,90,0.7661,0.0064
20260312124143,800,90,0.7661,0.0064
20260312124144,800,90,0.7661,0.0064
20260312124145,800,90,0.7661,0.0064
20260312124146,800,90,0.7661,0.0064
20260312124147,800,90,0.7661,0.0064
20260312124148,800,90,0.7661,0.0064
20260312124149,800,90,0.7661,0.0064
20260312124150,800,90,0.7661,0.0064
20260312124151,800,90,0.7661,0.0064
20260312124152,800,90,0.7661,0.0064
20260312124153,800,90,0.7661,0.0064
20260312124154,800,90,0.7661,0.0064
20260312124155,800,90,0.7661,0.0064
20260312124156,800,90,0.7661,0.0064
20260312124157,800,90,0.7661,0.0064
20260312124158,800,90,0.7661,0.0064
20260312124159,800,90,0.7661,0.0064
20260312124200,800,90,0.7661,0.0064
20260312124201,800,90,0.7661,0.0064
20260312124202,800,90,0.7661,0.0064
20260312124203,800,90,0.7661,0.0064
20260312124204,800,90,0.7661,0.0064
20260312124205,800,90,0.7661,0.0064
20260312124206,800,90,0.7661,0.0064
20260312124207,800,90,0.7661,0.0064
20260312124208,800,90,0.7661,0.0064
20260312124209,800,90,0.7661,0.0064
20260312124210,800,90,0.7661,0.0064
20260312124211,800,90,0.7661,0.0064
20260312124212,800,90,0.7661,0.0064
20260312124213,800,90,0.7661,0.0064
20260312124214,800,90,0.7661,0.0064
20260312124215,800,90,0.7661,0.0064
20260312124216,800,90,0.7661,0.0064
20260312124217,800,90,0.7661,0.0064
20260312124218,800,90,0.7661,0.0064
20260312124219,800,90,0.7661,0.0064
20260312124220,800,90,0.7661,0.0064
20260312124221,800,90,0.7661,0.0064
20260312124222,800,90,0.7661,0.0064
20260312124223,800,90,0.7661,0.0064
20260312124224,800,90,0.7661,0.0064
20260312124225,800,90,0.7661,0.0064
20260312124226,800,90,0.7661,0.0064
20260312124227,800,90,0.7661,0.0064
20260312124228,800,90,0.7661,0.0064
20260312124229,800,90,0.7661,0.0064
20260312124230,800,90,0.7661,0.0064
20260312124231,800,90,0.7661,0.0064
20260312124232,800,90,0.7661,0.0064
20260312124233,800,90,0.7661,0.0064
20260312124234,800,90,0.7661,0.0064
20260312124235,800,90,0.7661,0.0064
20260312124236,800,90,0.7661,0.0064
20260312124238,800,90,0.7661,0.0064
20260312124239,800,91,0.7661,0.0064
20260312124240,800,91,0.7661,0.0064
20260312124241,800,91,0.7661,0.0064
20260312124242,800,91,0.7661,0.0064
20260312124243,800,91,0.7661,0.0064
20260312124244,800,91,0.7661,0.0064
20260312124245,800,91,0.7661,0.0064
20260312124246,800,91,0.7661,0.0064
20260312124247,800,91,0.7661,0.0064
20260312124248,800,91,0.7661,0.0064
20260312124249,800,91,0.7661,0.0064
20260312124250,800,91,0.7661,0.0064
20260312124251,800,91,0.7661,0.0064
20260312124252,800,91,0.7661,0.0064
20260312124253,800,91,0.7661,0.0064
20260312124254,800,91,0.7661,0.0064
20260312124255,800,91,0.7661,0.0064
20260312124256,800,91,0.7661,0.0064
20260312124257,800,91,0.7661,0.0064
20260312124258,800,91,0.7661,0.0064
20260312124259,800,91,0.7661,0.0064
20260312124300,800,91,0.7661,0.0064
20260312124301,800,91,0.7661,0.0064
20260312124302,800,91,0.7661,0.0064
20260312124303,800,91,0.7661,0.0064
20260312124304,800,91,0.7661,0.0064
20260312124305,800,91,0.7661,0.0064
20260312124306,800,91,0.7661,0.0064
20260312124307,800,91,0.7661,0.0064
20260312124308,800,91,0.7661,0.0064
20260312124309,800,91,0.7661,0.0064
20260312124310,800,91,0.7661,0.0064
20260312124311,800,91,0.7661,0.0064
20260312124312,800,91,0.7661,0.0064
20260312124313,800,91,0.7661,0.0064
20260312124314,800,91,0.7661,0.0064
20260312124315,800,91,0.7661,0.0064
20260312124316,800,91,0.7661,0.0064
20260312124317,800,91,0.7661,0.0064
20260312124318,800,91,0.7661,0.0064
20260312124319,800,91,0.7661,0.0064
20260312124320,800,91,0.7661,0.0064
20260312124321,800,91,0.7661,0.0064
20260312124322,800,91,0.7661,0.0064
20260312124323,800,91,0.7661,0.0064
20260312124324,800,91,0.7661,0.0064
20260312124325,800,91,0.7661,0.0064
20260312124326,800,91,0.7661,0.0064
20260312124327,800,91,0.7661,0.0064
20260312124328,800,91,0.7661,0.0064
20260312124329,800,91,0.7661,0.0064
20260312124330,800,91,0.7661,0.0064
20260312124331,800,91,0.7661,0.0064
20260312124332,800,91,0.7661,0.0064
20260312124333,800,91,0.7661,0.0064
20260312124334,800,91,0.7661,0.0064
20260312124335,800,91,0.7661,0.0064
20260312124336,800,91,0.7661,0.0064
20260312124337,800,91,0.7661,0.0064
20260312124339,800,91,0.7661,0.0064
20260312124340,800,91,0.7661,0.0064
20260312124341,800,91,0.7661,0.0064
20260312124342,800,91,0.7661,0.0064
20260312124343,800,91,0.7661,0.0064
20260312124344,800,91,0.7661,0.0064
20260312124345,800,92,0.7661,0.0064
20260312124346,800,92,0.7661,0.0064
20260312124347,800,92,0.7661,0.0064
20260312124348,800,92,0.7661,0.0064
20260312124349,800,92,0.7661,0.0064
20260312124350,800,92,0.7661,0.0064
20260312124351,800,92,0.7661,0.0064
20260312124352,800,92,0.7661,0.0064
20260312124353,800,92,0.7661,0.0064
20260312124354,800,92,0.7661,0.0064
20260312124355,800,92,0.7661,0.0064
20260312124356,800,92,0.7661,0.0064
20260312124357,800,92,0.7661,0.0064
20260312124358,800,92,0.7661,0.0064
20260312124359,800,92,0.7661,0.0064
20260312124400,800,92,0.7661,0.0064
20260312124401,800,92,0.7661,0.0064
20260312124402,800,92,0.7661,0.0064
20260312124403,800,92,0.7661,0.0064
20260312124404,800,92,0.7661,0.0064
20260312124405,800,92,0.7661,0.0064
20260312124406,800,92,0.7661,0.0064
20260312124407,800,92,0.7661,0.0064
20260312124408,800,92,0.7661,0.0064
20260312124409,800,92,0.7661,0.0064
20260312124410,800,92,0.766,0.0064
20260312124411,800,92,0.766,0.0064
20260312124412,800,92,0.766,0.0064
20260312124413,800,92,0.766,0.0064
20260312124414,800,92,0.766,0.0064
20260312124415,800,92,0.766,0.0064
20260312124416,800,92,0.766,0.0064
20260312124417,800,92,0.766,0.0064
20260312124418,800,92,0.766,0.0064
20260312124419,800,92,0.766,0.0064
20260312124420,800,92,0.766,0.0064
20260312124421,800,92,0.766,0.0064
20260312124422,800,92,0.766,0.0064
20260312124423,800,92,0.766,0.0064
20260312124424,800,92,0.766,0.0064
20260312124425,800,92,0.766,0.0064
20260312124426,800,92,0.766,0.0064
20260312124427,800,92,0.766,0.0064
20260312124428,800,92,0.766,0.0064
20260312124429,800,92,0.766,0.0064
20260312124430,800,92,0.766,0.0064
20260312124431,800,92,0.766,0.0064
20260312124432,800,92,0.766,0.0064
20260312124433,800,92,0.766,0.0064
20260312124434,800,92,0.766,0.0064
20260312124435,800,92,0.766,0.0064
20260312124436,800,92,0.766,0.0064
20260312124437,800,92,0.766,0.0064
20260312124439,800,92,0.766,0.0064
20260312124440,800,92,0.766,0.0064
20260312124441,800,92,0.766,0.0064
20260312124442,800,92,0.766,0.0064
20260312124443,800,92,0.766,0.0064
20260312124444,800,92,0.766,0.0064
20260312124445,800,92,0.766,0.0064
20260312124446,800,92,0.766,0.0064
20260312124447,800,92,0.766,0.0064
20260312124448,800,92,0.766,0.0064
20260312124449,800,92,0.766,0.0064
20260312124450,800,92,0.766,0.0064
20260312124451,800,93,0.766,0.0064
20260312124452,800,93,0.766,0.0064
20260312124453,800,93,0.766,0.0064
20260312124454,800,93,0.766,0.0064
20260312124455,800,93,0.766,0.0064
20260312124456,800,93,0.766,0.0064
20260312124457,800,93,0.766,0.0064
20260312124458,800,93,0.766,0.0064
20260312124459,800,93,0.766,0.0064
20260312124500,800,93,0.766,0.0064
20260312124501,800,93,0.766,0.0064
20260312124502,800,93,0.766,0.0064
20260312124503,800,93,0.766,0.0064
20260312124504,800,93,0.766,0.0064
20260312124505,800,93,0.766,0.0064
20260312124506,800,93,0.766,0.0064
20260312124507,800,93,0.766,0.0064
20260312124508,800,93,0.766,0.0064
20260312124509,800,93,0.766,0.0064
20260312124510,800,93,0.766,0.0064
20260312124511,800,93,0.766,0.0064
20260312124512,800,93,0.766,0.0064
20260312124513,800,93,0.766,0.0064
20260312124514,800,93,0.766,0.0064
20260312124515,800,93,0.766,0.0064
20260312124516,800,93,0.766,0.0064
20260312124517,800,93,0.766,0.0064
20260312124518,800,93,0.766,0.0064
20260312124519,800,93,0.766,0.0064
20260312124520,800,93,0.766,0.0064
20260312124521,800,93,0.766,0.0064
20260312124522,800,93,0.766,0.0064
20260312124523,800,93,0.766,0.0064
20260312124524,800,93,0.766,0.0064
20260312124525,800,93,0.766,0.0064
20260312124526,800,93,0.766,0.0064
20260312124527,800,93,0.766,0.0064
20260312124528,800,93,0.766,0.0064
20260312124529,800,93,0.766,0.0064
20260312124530,800,93,0.766,0.0064
20260312124532,800,93,0.766,0.0064
20260312124533,800,93,0.766,0.0064
20260312124534,800,93,0.766,0.0064
20260312124535,800,93,0.766,0.0064
20260312124536,800,93,0.766,0.0064
20260312124537,800,93,0.766,0.0064
20260312124538,800,93,0.766,0.0064
20260312124539,800,93,0.766,0.0064
20260312124540,800,93,0.766,0.0064
20260312124541,800,93,0.766,0.0064
20260312124542,800,93,0.766,0.0064
20260312124543,800,93,0.766,0.0064
20260312124544,800,93,0.766,0.0064
20260312124545,800,93,0.766,0.0064
20260312124546,800,93,0.766,0.0064
20260312124547,800,93,0.766,0.0064
20260312124548,800,93,0.766,0.0064
20260312124549,800,93,0.766,0.0064
20260312124550,800,93,0.766,0.0064
20260312124551,800,93,0.766,0.0064
20260312124552,800,93,0.766,0.0064
20260312124553,800,93,0.766,0.0064
20260312124554,800,93,0.766,0.0064
20260312124555,800,93,0.766,0.0064
20260312124556,800,93,0.766,0.0064
20260312124557,800,94,0.766,0.0064
20260312124558,800,94,0.766,0.0064
20260312124559,800,94,0.766,0.0064
20260312124600,800,94,0.766,0.0064
20260312124601,800,94,0.766,0.0064
20260312124602,800,94,0.766,0.0064
20260312124603,800,94,0.766,0.0064
20260312124604,800,94,0.766,0.0064
20260312124605,800,94,0.766,0.0064
20260312124606,800,94,0.766,0.0064
20260312124607,800,94,0.766,0.0064
20260312124608,800,94,0.766,0.0064
20260312124609,800,94,0.766,0.0064
20260312124610,800,94,0.766,0.0064
20260312124611,800,94,0.766,0.0064
20260312124612,800,94,0.766,0.0064
20260312124613,800,94,0.766,0.0064
20260312124614,800,94,0.766,0.0064
20260312124615,800,94,0.766,0.0064
20260312124616,800,94,0.766,0.0064
20260312124617,800,94,0.766,0.0064
20260312124618,800,94,0.766,0.0064
20260312124619,800,94,0.766,0.0064
20260312124620,800,94,0.766,0.0064
20260312124621,800,94,0.766,0.0064
20260312124622,800,94,0.766,0.0064
20260312124623,800,94,0.766,0.0064
20260312124624,800,94,0.766,0.0064
20260312124625,800,94,0.766,0.0064
20260312124626,800,94,0.766,0.0064
20260312124627,800,94,0.766,0.0064
20260312124628,800,94,0.766,0.0064
20260312124629,800,94,0.766,0.0064
20260312124630,800,94,0.766,0.0064
20260312124631,800,94,0.766,0.0064
20260312124632,800,94,0.766,0.0064
20260312124633,800,94,0.766,0.0064
20260312124635,800,94,0.766,0.0064
20260312124636,800,94,0.766,0.0064
20260312124637,800,94,0.766,0.0064
20260312124638,800,94,0.766,0.0064
20260312124639,800,94,0.766,0.0064
20260312124640,800,94,0.766,0.0064
20260312124641,800,94,0.766,0.0064
20260312124642,800,94,0.766,0.0064
20260312124643,800,94,0.766,0.0064
20260312124644,800,94,0.766,0.0064
20260312124645,800,94,0.766,0.0064
20260312124646,800,94,0.7659,0.0064
20260312124647,800,94,0.7659,0.0064
20260312124648,800,94,0.7659,0.0064
20260312124649,800,94,0.7659,0.0064
20260312124650,800,94,0.7659,0.0064
20260312124651,800,94,0.7659,0.0064
20260312124652,800,94,0.7659,0.0064
20260312124653,800,94,0.7659,0.0064
20260312124654,800,94,0.7659,0.0064
20260312124655,800,94,0.7659,0.0064
20260312124656,800,94,0.7659,0.0064
20260312124657,800,94,0.7659,0.0064
20260312124658,800,94,0.7659,0.0064
20260312124659,800,94,0.7659,0.0064
20260312124700,800,94,0.7659,0.0064
20260312124701,800,94,0.7659,0.0064
20260312124702,800,94,0.7659,0.0064
20260312124703,800,95,0.7659,0.0064
20260312124704,800,95,0.7659,0.0064
20260312124705,800,95,0.7659,0.0064
20260312124706,800,95,0.7659,0.0064
20260312124707,800,95,0.7659,0.0064
20260312124708,800,95,0.7659,0.0064
20260312124709,800,95,0.7659,0.0064
20260312124710,800,95,0.7659,0.0064
20260312124711,800,95,0.7659,0.0064
20260312124712,800,95,0.7659,0.0064
20260312124713,800,95,0.7659,0.0064
20260312124714,800,95,0.7659,0.0064
20260312124715,800,95,0.7659,0.0064
20260312124716,800,95,0.7659,0.0064
20260312124717,800,95,0.7659,0.0064
20260312124718,800,95,0.7659,0.0064
20260312124719,800,95,0.7659,0.0064
20260312124720,800,95,0.7659,0.0064
20260312124721,800,95,0.7659,0.0064
20260312124722,800,95,0.7659,0.0064
20260312124723,800,95,0.7659,0.0064
20260312124724,800,95,0.7659,0.0064
20260312124725,800,95,0.7659,0.0064
20260312124726,800,95,0.7659,0.0064
20260312124727,800,95,0.7659,0.0064
20260312124728,800,95,0.7659,0.0064
20260312124729,800,95,0.7659,0.0064
20260312124730,800,95,0.7659,0.0064
20260312124731,800,95,0.7659,0.0064
20260312124732,800,95,0.7659,0.0064
20260312124733,800,95,0.7659,0.0064
20260312124734,800,95,0.7659,0.0064
20260312124735,800,95,0.7659,0.0064
20260312124737,800,95,0.7659,0.0064
20260312124738,800,95,0.7659,0.0064
20260312124739,800,95,0.7659,0.0064
20260312124740,800,95,0.7659,0.0064
20260312124741,800,95,0.7659,0.0064
20260312124742,800,95,0.7659,0.0064
20260312124743,800,95,0.7659,0.0064
20260312124744,800,95,0.7659,0.0064
20260312124745,800,95,0.7659,0.0064
20260312124746,800,95,0.7659,0.0064
20260312124747,800,95,0.7659,0.0064
20260312124748,800,95,0.7659,0.0064
20260312124749,800,95,0.7659,0.0064
20260312124750,800,95,0.7659,0.0064
20260312124751,800,95,0.7659,0.0064
20260312124752,800,95,0.7659,0.0064
20260312124753,800,95,0.7659,0.0064
20260312124754,800,95,0.7659,0.0064
20260312124755,800,95,0.7659,0.0064
20260312124756,800,95,0.7659,0.0064
20260312124757,800,95,0.7659,0.0064
20260312124758,800,95,0.7659,0.0064
20260312124759,800,95,0.7659,0.0064
20260312124800,800,95,0.7659,0.0064
20260312124801,800,95,0.7659,0.0064
20260312124802,800,95,0.7659,0.0064
20260312124803,800,95,0.7659,0.0064
20260312124804,800,95,0.7659,0.0064
20260312124805,800,95,0.7659,0.0064
20260312124806,800,95,0.7659,0.0064
20260312124807,800,95,0.7659,0.0064
20260312124808,800,96,0.7659,0.0064
20260312124809,800,96,0.7659,0.0064
20260312124810,800,96,0.7659,0.0064
20260312124811,800,96,0.7659,0.0064
20260312124812,800,96,0.7659,0.0064
20260312124813,800,96,0.7659,0.0064
20260312124814,800,96,0.7659,0.0064
20260312124815,800,96,0.7659,0.0064
20260312124816,800,96,0.7659,0.0064
20260312124817,800,96,0.7659,0.0064
20260312124818,800,96,0.7659,0.0064
20260312124819,800,96,0.7659,0.0064
20260312124820,800,96,0.7659,0.0064
20260312124821,800,96,0.7659,0.0064
20260312124822,800,96,0.7659,0.0064
20260312124823,800,96,0.7659,0.0064
20260312124824,800,96,0.7659,0.0064
20260312124825,800,96,0.7659,0.0064
20260312124826,800,96,0.7659,0.0064
20260312124827,800,96,0.7659,0.0064
20260312124828,800,96,0.7659,0.0064
20260312124829,800,96,0.7659,0.0064
20260312124830,800,96,0.7659,0.0064
20260312124831,800,96,0.7659,0.0064
20260312124832,800,96,0.7659,0.0064
20260312124833,800,96,0.7659,0.0064
20260312124835,800,96,0.7659,0.0064
20260312124836,800,96,0.7659,0.0064
20260312124837,800,96,0.7659,0.0064
20260312124838,800,96,0.7659,0.0064
20260312124839,800,96,0.7659,0.0064
20260312124840,800,96,0.7659,0.0064
20260312124841,800,96,0.7659,0.0064
20260312124842,800,96,0.7659,0.0064
20260312124843,800,96,0.7659,0.0064
20260312124844,800,96,0.7659,0.0064
20260312124845,800,96,0.7659,0.0064
20260312124846,800,96,0.7659,0.0064
20260312124847,800,96,0.7659,0.0064
20260312124848,800,96,0.7659,0.0064
20260312124849,800,96,0.7659,0.0064
20260312124850,800,96,0.7659,0.0064
20260312124851,800,96,0.7659,0.0064
20260312124852,800,96,0.7659,0.0064
20260312124853,800,96,0.7659,0.0064
20260312124854,800,96,0.7659,0.0064
20260312124855,800,96,0.7659,0.0064
20260312124856,800,96,0.7659,0.0064
20260312124857,800,96,0.7659,0.0064
20260312124858,800,96,0.7659,0.0064
20260312124859,800,96,0.7659,0.0064
20260312124900,800,96,0.7659,0.0064
20260312124901,800,96,0.7659,0.0064
20260312124902,800,96,0.7659,0.0064
20260312124903,800,96,0.7659,0.0064
20260312124904,800,96,0.7659,0.0064
20260312124905,800,96,0.7659,0.0064
20260312124906,800,96,0.7659,0.0064
20260312124907,800,96,0.7659,0.0064
20260312124908,800,96,0.7659,0.0064
20260312124909,800,96,0.7659,0.0064
20260312124910,800,96,0.7659,0.0064
20260312124911,800,96,0.7659,0.0064
20260312124912,800,96,0.7659,0.0064
20260312124913,800,96,0.7659,0.0064
20260312124914,800,97,0.7659,0.0064
20260312124915,800,97,0.7659,0.0064
20260312124916,800,97,0.7659,0.0064
20260312124917,800,97,0.7659,0.0064
20260312124918,800,97,0.7659,0.0064
20260312124919,800,97,0.7659,0.0064
20260312124920,800,97,0.7659,0.0064
20260312124921,800,97,0.7659,0.0064
20260312124922,800,97,0.7659,0.0064
20260312124923,800,97,0.7659,0.0064
20260312124924,800,97,0.7659,0.0064
20260312124925,800,97,0.7659,0.0064
20260312124926,800,97,0.7659,0.0064
20260312124927,800,97,0.7659,0.0064
20260312124928,800,97,0.7659,0.0064
20260312124929,800,97,0.7659,0.0064
20260312124930,800,97,0.7659,0.0064
20260312124931,800,97,0.7659,0.0064
20260312124932,800,97,0.7659,0.0064
20260312124933,800,97,0.7659,0.0064
20260312124934,800,97,0.7659,0.0064
20260312124935,800,97,0.7659,0.0064
20260312124937,800,97,0.7659,0.0064
20260312124938,800,97,0.7659,0.0064
20260312124939,800,97,0.7659,0.0064
20260312124940,800,97,0.7659,0.0064
20260312124941,800,97,0.7659,0.0064
20260312124942,800,97,0.7659,0.0064
20260312124943,800,97,0.7659,0.0064
20260312124944,800,97,0.7659,0.0064
20260312124945,800,97,0.7659,0.0064
20260312124946,800,97,0.7659,0.0064
20260312124947,800,97,0.7659,0.0064
20260312124948,800,97,0.7659,0.0064
20260312124949,800,97,0.7659,0.0064
20260312124950,800,97,0.7659,0.0064
20260312124951,800,97,0.7659,0.0064
20260312124952,800,97,0.7659,0.0064
20260312124953,800,97,0.7659,0.0064
20260312124954,800,97,0.7659,0.0064
20260312124955,800,97,0.7659,0.0064
20260312124956,800,97,0.7659,0.0064
20260312124957,800,97,0.7659,0.0064
20260312124958,800,97,0.7659,0.0064
20260312124959,800,97,0.7659,0.0064
20260312125000,800,97,0.7659,0.0064
20260312125001,800,97,0.7659,0.0064
20260312125002,800,97,0.7658,0.0064
20260312125003,800,97,0.7658,0.0064
20260312125004,800,97,0.7658,0.0064
20260312125005,800,97,0.7658,0.0064
20260312125006,800,97,0.7658,0.0064
20260312125007,800,97,0.7658,0.0064
20260312125008,800,97,0.7658,0.0064
20260312125009,800,97,0.7658,0.0064
20260312125010,800,97,0.7658,0.0064
20260312125011,800,97,0.7658,0.0064
20260312125012,800,97,0.7658,0.0064
20260312125013,800,97,0.7658,0.0064
20260312125014,800,97,0.7658,0.0064
20260312125015,800,97,0.7658,0.0064
20260312125016,800,97,0.7658,0.0064
20260312125017,800,97,0.7658,0.0064
20260312125018,800,98,0.7658,0.0064
20260312125019,800,98,0.7658,0.0064
20260312125020,800,98,0.7658,0.0064
20260312125021,800,98,0.7658,0.0064
20260312125022,800,98,0.7658,0.0064
20260312125023,800,98,0.7658,0.0064
20260312125024,800,98,0.7658,0.0064
20260312125025,800,98,0.7658,0.0064
20260312125026,800,98,0.7658,0.0064
20260312125027,800,98,0.7658,0.0064
20260312125028,800,98,0.7658,0.0064
20260312125029,800,98,0.7658,0.0064
20260312125030,800,98,0.7658,0.0064
20260312125031,800,98,0.7658,0.0064
20260312125032,800,98,0.7658,0.0064
20260312125033,800,98,0.7658,0.0064
20260312125034,800,98,0.7658,0.0064
20260312125035,800,98,0.7658,0.0064
20260312125036,800,98,0.7658,0.0064
20260312125038,800,98,0.7658,0.0064
20260312125039,800,98,0.7658,0.0064
20260312125040,800,98,0.7658,0.0064
20260312125041,800,98,0.7658,0.0064
20260312125042,800,98,0.7658,0.0064
20260312125043,800,98,0.7658,0.0064
20260312125044,800,98,0.7658,0.0064
20260312125045,800,98,0.7658,0.0064
20260312125046,800,98,0.7658,0.0064
20260312125047,800,98,0.7658,0.0064
20260312125048,800,98,0.7658,0.0064
20260312125049,800,98,0.7658,0.0064
20260312125050,800,98,0.7658,0.0064
20260312125051,800,98,0.7658,0.0064
20260312125052,800,98,0.7658,0.0064
20260312125053,800,98,0.7658,0.0064
20260312125054,800,98,0.7658,0.0064
20260312125055,800,98,0.7658,0.0064
20260312125056,800,98,0.7658,0.0064
20260312125057,800,98,0.7658,0.0064
20260312125058,800,98,0.7658,0.0064
20260312125059,800,98,0.7658,0.0064
20260312125100,800,98,0.7658,0.0064
20260312125101,800,98,0.7658,0.0064
20260312125102,800,98,0.7658,0.0064
20260312125103,800,98,0.7658,0.0064
20260312125104,800,98,0.7658,0.0064
20260312125105,800,98,0.7658,0.0064
20260312125106,800,98,0.7658,0.0064
20260312125107,800,98,0.7658,0.0064
20260312125108,800,98,0.7658,0.0064
20260312125109,800,98,0.7658,0.0064
20260312125110,800,98,0.7658,0.0064
20260312125111,800,98,0.7658,0.0064
20260312125112,800,98,0.7658,0.0064
20260312125113,800,98,0.7658,0.0064
20260312125114,800,98,0.7658,0.0064
20260312125115,800,98,0.7658,0.0064
20260312125116,800,98,0.7658,0.0064
20260312125117,800,98,0.7658,0.0064
20260312125118,800,98,0.7658,0.0064
20260312125119,800,98,0.7658,0.0064
20260312125120,800,98,0.7658,0.0064
20260312125121,800,98,0.7658,0.0064
20260312125122,800,98,0.7658,0.0064
20260312125123,800,98,0.7658,0.0064
20260312125124,800,98,0.7658,0.0064
20260312125125,800,99,0.7658,0.0064
20260312125126,800,99,0.7658,0.0064
20260312125127,800,99,0.7658,0.0064
20260312125128,800,99,0.7658,0.0064
20260312125129,800,99,0.7658,0.0064
20260312125130,800,99,0.7658,0.0064
20260312125131,800,99,0.7658,0.0064
20260312125132,800,99,0.7658,0.0064
20260312125133,800,99,0.7658,0.0064
20260312125134,800,99,0.7658,0.0064
20260312125135,800,99,0.7658,0.0064
20260312125136,800,99,0.7658,0.0064
20260312125137,800,99,0.7658,0.0064
20260312125138,800,99,0.7658,0.0064
20260312125139,800,99,0.7658,0.0064
20260312125140,800,99,0.7658,0.0064
20260312125141,800,99,0.7658,0.0064
20260312125142,800,99,0.7658,0.0064
20260312125144,800,99,0.7658,0.0064
20260312125145,800,99,0.7658,0.0064
20260312125146,800,99,0.7658,0.0064
20260312125147,800,99,0.7658,0.0064
20260312125148,800,99,0.7658,0.0064
20260312125149,800,99,0.7658,0.0064
20260312125150,800,99,0.7658,0.0064
20260312125151,800,99,0.7658,0.0064
20260312125152,800,99,0.7658,0.0064
20260312125153,800,99,0.7658,0.0064
20260312125154,800,99,0.7658,0.0064
20260312125155,800,99,0.7658,0.0064
20260312125156,800,99,0.7658,0.0064
20260312125157,800,99,0.7658,0.0064
20260312125158,800,99,0.7658,0.0064
20260312125159,800,99,0.7658,0.0064
20260312125200,800,99,0.7658,0.0064
20260312125201,800,99,0.7658,0.0064
20260312125202,800,99,0.7658,0.0064
20260312125203,800,99,0.7658,0.0064
20260312125204,800,99,0.7658,0.0064
20260312125205,800,99,0.7658,0.0064
20260312125206,800,99,0.7658,0.0064
20260312125207,800,99,0.7658,0.0064
20260312125208,800,99,0.7658,0.0064
20260312125209,800,99,0.7658,0.0064
20260312125210,800,99,0.7658,0.0064
20260312125211,800,99,0.7658,0.0064
20260312125212,800,99,0.7658,0.0064
20260312125213,800,99,0.7658,0.0064
20260312125214,800,99,0.7658,0.0064
20260312125215,800,99,0.7658,0.0064
20260312125216,800,99,0.7658,0.0064
20260312125217,800,99,0.7658,0.0064
20260312125218,800,99,0.7658,0.0064
20260312125219,800,99,0.7658,0.0064
20260312125220,800,99,0.7658,0.0064
20260312125221,800,99,0.7658,0.0064
20260312125222,800,99,0.7658,0.0064
20260312125223,800,99,0.7658,0.0064
20260312125224,800,99,0.7658,0.0064
20260312125225,800,99,0.7658,0.0064
20260312125226,800,99,0.7658,0.0064
20260312125227,800,99,0.7658,0.0064
20260312125228,800,99,0.7658,0.0064
20260312125229,800,99,0.7658,0.0064
20260312125230,800,99,0.7658,0.0064
20260312125231,800,99,0.7658,0.0064
20260312125232,800,99,0.7658,0.0064
20260312125233,800,99,0.7658,0.0064
20260312125234,800,99,0.7658,0.0064
20260312125235,800,99,0.7658,0.0064
20260312125236,800,99,0.7658,0.0064
20260312125237,800,99,0.7658,0.0064
20260312125238,800,99,0.7658,0.0064
20260312125239,800,99,0.7658,0.0064
20260312125240,800,99,0.7658,0.0064
20260312125241,800,99,0.7658,0.0064
20260312125242,800,99,0.7658,0.0064
20260312125243,800,99,0.7658,0.0064
20260312125244,800,99,0.7658,0.0064
20260312125245,800,99,0.7658,0.0064
20260312125246,800,99,0.7658,0.0064
20260312125247,800,99,0.7658,0.0064
20260312125248,800,99,0.7658,0.0064
20260312125249,1300,99,0.7658,0.0064
20260312125251,1300,99,0.7658,0.0064
20260312125252,1300,99,0.7658,0.0064
20260312125253,1300,99,0.7658,0.0064
20260312125254,1300,99,0.7658,0.0064
20260312125255,1300,99,0.7658,0.0064
20260312125256,1300,99,0.7658,0.0064
20260312125257,1300,99,0.7658,0.0064
20260312125258,1300,99,0.7658,0.0064
20260312125259,1300,99,0.7658,0.0064
20260312125300,1300,99,0.7658,0.0064
20260312125301,1300,99,0.7658,0.0064
20260312125302,1300,99,0.7658,0.0064
20260312125303,1300,99,0.7658,0.0064
20260312125304,1300,99,0.7658,0.0064
20260312125305,1300,99,0.7657,0.0064
20260312125306,1300,99,0.7657,0.0064
20260312125307,1300,99,0.7657,0.0064
20260312125308,1300,99,0.7657,0.0064
20260312125309,1300,99,0.7657,0.0064
20260312125310,1300,99,0.7657,0.0064
20260312125311,1300,99,0.7657,0.0064
20260312125312,1300,99,0.7657,0.0064
20260312125313,1300,99,0.7657,0.0064
20260312125314,1300,99,0.7657,0.0064
20260312125315,1300,99,0.7657,0.0064
20260312125316,1300,99,0.7657,0.0064
20260312125317,1300,99,0.7657,0.0064
20260312125318,1300,99,0.7657,0.0064
20260312125319,1300,99,0.7657,0.0064
20260312125320,1300,99,0.7657,0.0064
20260312125321,1300,99,0.7657,0.0064
20260312125322,1300,99,0.7657,0.0064
20260312125323,1300,99,0.7657,0.0064
20260312125324,1300,99,0.7657,0.0064
20260312125325,1300,99,0.7657,0.0064
20260312125326,1300,99,0.7657,0.0064
20260312125328,1300,100,0.7657,0.0064
20260312125329,1300,100,0.7657,0.0064
20260312125330,1300,100,0.7657,0.0064
20260312125331,1300,100,0.7657,0.0064
20260312125332,1300,100,0.7657,0.0064
20260312125333,1300,100,0.7657,0.0064
20260312125334,1300,100,0.7657,0.0064
20260312125335,1300,100,0.7657,0.0064
20260312125336,1300,100,0.7657,0.0064
20260312125337,1300,100,0.7657,0.0064
20260312125338,1300,100,0.7657,0.0064
20260312125339,1300,100,0.7657,0.0064
20260312125340,1300,100,0.7657,0.0064
20260312125341,1300,100,0.7657,0.0064
20260312125342,1300,100,0.7657,0.0064
20260312125343,1300,100,0.7657,0.0064
20260312125344,1300,100,0.7657,0.0064
20260312125345,1300,100,0.7657,0.0064
20260312125346,1300,100,0.7657,0.0064
20260312125347,1300,100,0.7657,0.0064
20260312125348,1300,100,0.7657,0.0064
20260312125349,1300,100,0.7657,0.0064
20260312125350,1300,100,0.7657,0.0064
20260312125351,1300,100,0.7657,0.0064
20260312125352,1300,100,0.7657,0.0064
20260312125353,1300,100,0.7657,0.0064
20260312125354,1300,100,0.7657,0.0064
20260312125355,1300,100,0.7657,0.0064
20260312125356,1300,100,0.7657,0.0064
20260312125357,1300,100,0.7657,0.0064
20260312125358,1300,100,0.7657,0.0064
20260312125359,1300,100,0.7657,0.0064
20260312125400,1300,100,0.7657,0.0064
20260312125401,1300,100,0.7657,0.0064
20260312125402,1300,100,0.7657,0.0064
20260312125403,1300,100,0.7657,0.0064
20260312125404,1300,100,0.7657,0.0064
20260312125405,1300,100,0.7657,0.0064
20260312125406,1300,100,0.7657,0.0064
20260312125407,1300,100,0.7657,0.0064
20260312125408,1300,100,0.7657,0.0064
20260312125409,1300,100,0.7657,0.0064
20260312125410,1300,100,0.7657,0.0064
20260312125411,1300,100,0.7657,0.0064
20260312125412,1300,100,0.7657,0.0064
20260312125413,1300,100,0.7657,0.0064
20260312125414,1300,100,0.7657,0.0064
20260312125415,1300,100,0.7657,0.0064
20260312125416,1300,100,0.7657,0.0064
20260312125417,1300,100,0.7657,0.0064
20260312125418,1300,100,0.7657,0.0064
20260312125419,1300,100,0.7657,0.0064
20260312125420,1300,100,0.7657,0.0064
20260312125421,1300,100,0.7657,0.0064
20260312125422,1300,100,0.7657,0.0064
20260312125423,1300,100,0.7657,0.0064
20260312125424,1300,100,0.7657,0.0064
20260312125425,1300,100,0.7657,0.0064
20260312125426,1300,100,0.7657,0.0064
20260312125427,1300,100,0.7657,0.0064
20260312125428,1300,100,0.7657,0.0064
20260312125429,1300,100,0.7657,0.0064
20260312125430,1300,100,0.7657,0.0064
20260312125431,1300,100,0.7657,0.0064
20260312125432,1300,100,0.7657,0.0064
20260312125433,1300,100,0.7657,0.0064
20260312125434,1300,100,0.7657,0.0064
20260312125436,1300,100,0.7657,0.0064
20260312125437,1300,100,0.7657,0.0064
20260312125438,1300,100,0.7657,0.0064
20260312125439,1300,101,0.7657,0.0064
20260312125440,1300,101,0.7657,0.0064
20260312125441,1300,101,0.7657,0.0064
20260312125442,1300,101,0.7657,0.0064
20260312125443,1300,101,0.7657,0.0064
20260312125444,1300,101,0.7657,0.0064
20260312125445,1300,101,0.7657,0.0064
20260312125446,1300,101,0.7657,0.0064
20260312125447,1300,101,0.7657,0.0064
20260312125448,1300,101,0.7657,0.0064
20260312125449,1300,101,0.7657,0.0064
20260312125450,1300,101,0.7657,0.0064
20260312125451,1300,101,0.7657,0.0064
20260312125452,1300,101,0.7657,0.0064
20260312125453,1300,101,0.7657,0.0064
20260312125454,1300,101,0.7657,0.0064
20260312125455,1300,101,0.7657,0.0064
20260312125456,1300,101,0.7657,0.0064
20260312125457,1300,101,0.7657,0.0064
20260312125458,1300,101,0.7657,0.0064
20260312125459,1300,101,0.7657,0.0064
20260312125500,1300,101,0.7657,0.0064
20260312125501,1300,101,0.7657,0.0064
20260312125502,1300,101,0.7657,0.0064
20260312125503,1300,101,0.7657,0.0064
20260312125504,1300,101,0.7657,0.0064
20260312125505,1300,101,0.7657,0.0064
20260312125506,1300,101,0.7657,0.0064
20260312125507,1300,101,0.7657,0.0064
20260312125508,1300,101,0.7657,0.0064
20260312125509,1300,101,0.7657,0.0064
20260312125510,1300,101,0.7657,0.0064
20260312125511,1300,101,0.7657,0.0064
20260312125512,1300,101,0.7657,0.0064
20260312125513,1300,101,0.7657,0.0064
20260312125514,1300,101,0.7657,0.0064
20260312125515,1300,101,0.7657,0.0064
20260312125516,1300,101,0.7657,0.0064
20260312125517,1300,101,0.7657,0.0064
20260312125518,1300,101,0.7657,0.0064
20260312125519,1300,101,0.7657,0.0064
20260312125520,1300,101,0.7657,0.0064
20260312125521,1300,101,0.7657,0.0064
20260312125522,1300,101,0.7657,0.0064
20260312125523,1300,101,0.7657,0.0064
20260312125524,1300,101,0.7657,0.0064
20260312125525,1300,101,0.7657,0.0064
20260312125526,1300,101,0.7657,0.0064
20260312125527,1300,101,0.7657,0.0064
20260312125528,1300,101,0.7657,0.0064
20260312125529,1300,101,0.7657,0.0064
20260312125530,1300,101,0.7657,0.0064
20260312125531,1300,101,0.7656,0.0064
20260312125532,1300,101,0.7656,0.0064
20260312125533,1300,101,0.7656,0.0064
20260312125534,1300,102,0.7656,0.0064
20260312125535,1300,102,0.7656,0.0064
20260312125536,1300,102,0.7656,0.0064
20260312125537,1300,102,0.7656,0.0064
20260312125538,1300,102,0.7656,0.0064
20260312125539,1300,102,0.7656,0.0064
20260312125540,1300,102,0.7656,0.0064
20260312125541,1300,102,0.7656,0.0064
20260312125543,1300,102,0.7656,0.0064
20260312125544,1300,102,0.7656,0.0064
20260312125545,1300,102,0.7656,0.0064
20260312125546,1300,102,0.7656,0.0064
20260312125547,1300,102,0.7656,0.0064
20260312125548,1300,102,0.7656,0.0064
20260312125549,1300,102,0.7656,0.0064
20260312125550,1300,102,0.7656,0.0064
20260312125551,1300,102,0.7656,0.0064
20260312125552,1300,102,0.7656,0.0064
20260312125553,1300,102,0.7656,0.0064
20260312125554,1300,102,0.7656,0.0064
20260312125555,1300,102,0.7656,0.0064
20260312125556,1300,102,0.7656,0.0064
20260312125557,1300,102,0.7656,0.0064
20260312125558,1300,102,0.7656,0.0064
20260312125559,1300,102,0.7656,0.0064
20260312125600,1300,102,0.7656,0.0064
20260312125601,1300,102,0.7656,0.0064
20260312125602,1300,102,0.7656,0.0064
20260312125603,1300,102,0.7656,0.0064
20260312125604,1300,102,0.7656,0.0064
20260312125605,1300,102,0.7656,0.0064
20260312125606,1300,102,0.7656,0.0064
20260312125607,1300,102,0.7656,0.0064
20260312125608,1300,102,0.7656,0.0064
20260312125609,1300,102,0.7656,0.0064
20260312125610,1300,102,0.7656,0.0064
20260312125611,1300,102,0.7656,0.0064
20260312125612,1300,102,0.7656,0.0064
20260312125613,1300,102,0.7656,0.0064
20260312125614,1300,102,0.7656,0.0064
20260312125615,1300,102,0.7656,0.0064
20260312125616,1300,102,0.7656,0.0064
20260312125617,1300,102,0.7656,0.0064
20260312125618,1300,102,0.7656,0.0064
20260312125619,1300,102,0.7656,0.0064
20260312125620,1300,102,0.7656,0.0064
20260312125621,1300,102,0.7656,0.0064
20260312125622,1300,102,0.7656,0.0064
20260312125623,1300,102,0.7656,0.0064
20260312125624,1300,102,0.7656,0.0064
20260312125625,1300,102,0.7656,0.0064
20260312125626,1300,102,0.7656,0.0064
20260312125627,1300,102,0.7656,0.0064
20260312125628,1300,102,0.7656,0.0064
20260312125629,1300,102,0.7656,0.0064
20260312125630,1300,103,0.7656,0.0064
20260312125631,1300,103,0.7656,0.0064
20260312125632,1300,103,0.7656,0.0064
20260312125633,1300,103,0.7656,0.0064
20260312125634,1300,103,0.7656,0.0064
20260312125635,1300,103,0.7656,0.0064
20260312125636,1300,103,0.7656,0.0064
20260312125637,1300,103,0.7656,0.0064
20260312125638,1300,103,0.7656,0.0064
20260312125639,1300,103,0.7656,0.0064
20260312125640,1300,103,0.7656,0.0064
20260312125641,1300,103,0.7656,0.0064
20260312125642,1300,103,0.7656,0.0064
20260312125643,1300,103,0.7656,0.0064
20260312125644,1300,103,0.7656,0.0064
20260312125645,1300,103,0.7656,0.0064
20260312125646,1300,103,0.7656,0.0064
20260312125647,1300,103,0.7656,0.0064
20260312125648,1300,103,0.7656,0.0064
20260312125649,1300,103,0.7656,0.0064
20260312125650,1300,103,0.7656,0.0064
20260312125651,1300,103,0.7656,0.0064
20260312125653,1300,103,0.7656,0.0064
20260312125654,1300,103,0.7656,0.0064
20260312125655,1300,103,0.7656,0.0064
20260312125656,1300,103,0.7656,0.0064
20260312125657,1300,103,0.7656,0.0064
20260312125658,1300,103,0.7656,0.0064
20260312125659,1300,103,0.7656,0.0064
20260312125700,1300,103,0.7656,0.0064
20260312125701,1300,103,0.7656,0.0064
20260312125702,1300,103,0.7656,0.0064
20260312125703,1300,103,0.7656,0.0064
20260312125704,1300,103,0.7656,0.0064
20260312125705,1300,103,0.7656,0.0064
20260312125706,1300,103,0.7656,0.0064
20260312125707,1300,103,0.7656,0.0064
20260312125708,1300,103,0.7656,0.0064
20260312125709,1300,103,0.7656,0.0064
20260312125710,1300,103,0.7656,0.0064
20260312125711,1300,103,0.7656,0.0064
20260312125712,1300,103,0.7656,0.0064
20260312125713,1300,103,0.7656,0.0064
20260312125714,1300,103,0.7656,0.0064
20260312125715,1300,103,0.7656,0.0064
20260312125716,1300,103,0.7656,0.0064
20260312125717,1300,103,0.7656,0.0064
20260312125718,1300,103,0.7656,0.0064
20260312125719,1300,103,0.7656,0.0064
20260312125720,1300,103,0.7656,0.0064
20260312125721,1300,103,0.7656,0.0064
20260312125722,1300,103,0.7656,0.0064
20260312125723,1300,103,0.7656,0.0064
20260312125724,1300,103,0.7656,0.0064
20260312125725,1300,104,0.7656,0.0064
20260312125726,1300,104,0.7656,0.0064
20260312125727,1300,104,0.7656,0.0064
20260312125728,1300,104,0.7656,0.0064
20260312125729,1300,104,0.7656,0.0064
20260312125730,1300,104,0.7656,0.0064
20260312125731,1300,104,0.7656,0.0064
20260312125732,1300,104,0.7656,0.0064
20260312125733,1300,104,0.7656,0.0064
20260312125734,1300,104,0.7656,0.0064
20260312125735,1300,104,0.7656,0.0064
20260312125736,1300,104,0.7656,0.0064
20260312125737,1300,104,0.7656,0.0064
20260312125738,1300,104,0.7656,0.0064
20260312125739,1300,104,0.7656,0.0064
20260312125740,1300,104,0.7656,0.0064
20260312125741,1300,104,0.7656,0.0064
20260312125742,1300,104,0.7656,0.0064
20260312125743,1300,104,0.7656,0.0064
20260312125744,1300,104,0.7656,0.0064
20260312125745,1300,104,0.7656,0.0064
20260312125746,1300,104,0.7656,0.0064
20260312125747,1300,104,0.7656,0.0064
20260312125748,1300,104,0.7656,0.0064
20260312125749,1300,104,0.7656,0.0064
20260312125750,1300,104,0.7656,0.0064
20260312125751,1300,104,0.7656,0.0064
20260312125752,1300,104,0.7656,0.0064
20260312125753,1300,104,0.7656,0.0064
20260312125754,1300,104,0.7656,0.0064
20260312125755,1300,104,0.7656,0.0064
20260312125756,1300,104,0.7656,0.0064
20260312125757,1300,104,0.7656,0.0064
20260312125758,1300,104,0.7656,0.0064
20260312125759,1300,104,0.7656,0.0064
20260312125800,1300,104,0.7656,0.0064
20260312125801,1300,104,0.7656,0.0064
20260312125803,1300,104,0.7656,0.0064
20260312125804,1300,104,0.7656,0.0064
20260312125805,1300,104,0.7656,0.0064
20260312125806,1300,104,0.7656,0.0064
20260312125807,1300,104,0.7656,0.0064
20260312125808,1300,104,0.7656,0.0064
20260312125809,1300,104,0.7656,0.0064
20260312125810,1300,104,0.7656,0.0064
20260312125811,1300,104,0.7656,0.0064
20260312125812,1300,104,0.7656,0.0064
20260312125813,1300,104,0.7656,0.0064
20260312125814,1300,104,0.7656,0.0064
20260312125815,1300,104,0.7656,0.0064
20260312125816,1300,104,0.7656,0.0064
20260312125817,1300,104,0.7656,0.0064
20260312125818,1300,104,0.7656,0.0064
20260312125819,1300,105,0.7656,0.0064
20260312125820,1300,105,0.7656,0.0064
20260312125821,1300,105,0.7656,0.0064
20260312125822,1300,105,0.7656,0.0064
20260312125823,1300,105,0.7656,0.0064
20260312125824,1300,105,0.7656,0.0064
20260312125825,1300,105,0.7656,0.0064
20260312125826,1300,105,0.7656,0.0064
20260312125827,1300,105,0.7656,0.0064
20260312125828,1300,105,0.7656,0.0064
20260312125829,1300,105,0.7656,0.0064
20260312125830,1300,105,0.7656,0.0064
20260312125831,1300,105,0.7656,0.0064
20260312125832,1300,105,0.7656,0.0064
20260312125833,1300,105,0.7656,0.0064
20260312125834,1300,105,0.7656,0.0064
20260312125835,1300,105,0.7656,0.0064
20260312125836,1300,105,0.7656,0.0064
20260312125837,1300,105,0.7656,0.0064
20260312125838,1300,105,0.7656,0.0064
20260312125839,1300,105,0.7656,0.0064
20260312125840,1300,105,0.7656,0.0064
20260312125841,1300,105,0.7655,0.0064
20260312125842,1300,105,0.7655,0.0064
20260312125843,1300,105,0.7656,0.0064
20260312125844,1300,105,0.7656,0.0064
20260312125845,1300,105,0.7655,0.0064
20260312125846,1300,105,0.7655,0.0064
20260312125847,1300,105,0.7655,0.0064
20260312125848,1300,105,0.7655,0.0064
20260312125849,1300,105,0.7655,0.0064
20260312125850,1300,105,0.7655,0.0064
20260312125851,1300,105,0.7655,0.0064
20260312125852,1300,105,0.7655,0.0064
20260312125853,1300,105,0.7655,0.0064
20260312125854,1300,105,0.7655,0.0064
20260312125855,1300,105,0.7655,0.0064
20260312125856,1300,105,0.7655,0.0064
20260312125857,1300,105,0.7655,0.0064
20260312125858,1300,105,0.7655,0.0064
20260312125859,1300,105,0.7655,0.0064
20260312125900,1300,105,0.7655,0.0064
20260312125901,1300,105,0.7655,0.0064
20260312125902,1300,105,0.7655,0.0064
20260312125903,1300,105,0.7655,0.0064
20260312125904,1300,105,0.7655,0.0064
20260312125905,1300,105,0.7655,0.0064
20260312125906,1300,105,0.7655,0.0064
20260312125907,1300,105,0.7655,0.0064
20260312125908,1300,105,0.7655,0.0064
20260312125909,1300,105,0.7655,0.0064
20260312125910,1300,105,0.7655,0.0064
20260312125912,1300,105,0.7655,0.0064
20260312125913,1300,105,0.7655,0.0064
20260312125914,1300,105,0.7655,0.0064
20260312125915,1300,106,0.7655,0.0064
20260312125916,1300,106,0.7655,0.0064
20260312125917,1300,106,0.7655,0.0064
20260312125918,1300,106,0.7655,0.0064
20260312125919,1300,106,0.7655,0.0064
20260312125920,1300,106,0.7655,0.0064
20260312125921,1300,106,0.7655,0.0064
20260312125922,1300,106,0.7655,0.0064
20260312125923,1300,106,0.7655,0.0064
20260312125924,1300,106,0.7655,0.0064
20260312125925,1300,106,0.7655,0.0064
20260312125926,1300,106,0.7655,0.0064
20260312125927,1300,106,0.7655,0.0064
20260312125928,1300,106,0.7655,0.0064
20260312125929,1300,106,0.7655,0.0064
20260312125930,1300,106,0.7655,0.0064
20260312125931,1300,106,0.7655,0.0064
20260312125932,1300,106,0.7655,0.0064
20260312125933,1300,106,0.7655,0.0064
20260312125934,1300,106,0.7655,0.0064
20260312125935,1300,106,0.7655,0.0064
20260312125936,1300,106,0.7655,0.0064
20260312125937,1300,106,0.7655,0.0064
20260312125938,1300,106,0.7655,0.0064
20260312125939,1300,106,0.7655,0.0064
20260312125940,1300,106,0.7655,0.0064
20260312125941,1300,106,0.7655,0.0064
20260312125942,1300,106,0.7655,0.0064
20260312125943,1300,106,0.7655,0.0064
20260312125944,1300,106,0.7655,0.0064
20260312125945,1300,106,0.7655,0.0064
20260312125946,1300,106,0.7655,0.0064
20260312125947,1300,106,0.7655,0.0064
20260312125948,1300,106,0.7655,0.0064
20260312125949,1300,106,0.7655,0.0064
20260312125950,1300,106,0.7655,0.0064
20260312125951,1300,106,0.7655,0.0064
20260312125952,1300,106,0.7655,0.0064
20260312125953,1300,106,0.7655,0.0064
20260312125954,1300,106,0.7655,0.0064
20260312125955,1300,106,0.7655,0.0064
20260312125956,1300,106,0.7655,0.0064
20260312125957,1300,106,0.7655,0.0064
20260312125958,1300,106,0.7655,0.0064
20260312125959,1300,106,0.7655,0.0064
20260312130000,1300,106,0.7655,0.0064
20260312130001,1300,106,0.7655,0.0064
20260312130002,1300,106,0.7655,0.0064
20260312130003,1300,106,0.7655,0.0064
20260312130004,1300,106,0.7655,0.0064
20260312130005,1300,106,0.7655,0.0064
20260312130006,1300,106,0.7655,0.0064
20260312130007,1300,106,0.7655,0.0064
20260312130008,1300,106,0.7655,0.0064
20260312130009,1300,106,0.7655,0.0064
20260312130010,1300,107,0.7655,0.0064
20260312130011,1300,107,0.7655,0.0064
20260312130013,1300,107,0.7655,0.0064
20260312130014,1300,107,0.7655,0.0064
20260312130015,1300,107,0.7655,0.0064
20260312130016,1300,107,0.7655,0.0064
20260312130017,1300,107,0.7655,0.0064
20260312130018,1300,107,0.7655,0.0064
20260312130019,1300,107,0.7655,0.0064
20260312130020,1300,107,0.7655,0.0064
20260312130021,1300,107,0.7655,0.0064
20260312130022,1300,107,0.7655,0.0064
20260312130023,1300,107,0.7655,0.0064
20260312130024,1300,107,0.7655,0.0064
20260312130025,1300,107,0.7655,0.0064
20260312130026,1300,107,0.7655,0.0064
20260312130027,1300,107,0.7655,0.0064
20260312130028,1300,107,0.7655,0.0064
20260312130029,1300,107,0.7655,0.0064
20260312130030,1300,107,0.7655,0.0064
20260312130031,1300,107,0.7655,0.0064
20260312130032,1300,107,0.7655,0.0064
20260312130033,1300,107,0.7655,0.0064
20260312130034,1300,107,0.7655,0.0064
20260312130035,1300,107,0.7655,0.0064
20260312130036,1300,107,0.7655,0.0064
20260312130037,1300,107,0.7655,0.0064
20260312130038,1300,107,0.7655,0.0064
20260312130039,1300,107,0.7655,0.0064
20260312130040,1300,107,0.7655,0.0064
20260312130041,1300,107,0.7655,0.0064
20260312130042,1300,107,0.7655,0.0064
20260312130043,1300,107,0.7655,0.0064
20260312130044,1300,107,0.7655,0.0064
20260312130045,1300,107,0.7655,0.0064
20260312130046,1300,107,0.7655,0.0064
20260312130047,1300,107,0.7655,0.0064
20260312130048,1300,107,0.7655,0.0064
20260312130049,1300,107,0.7655,0.0064
20260312130050,1300,107,0.7655,0.0064
20260312130051,1300,107,0.7655,0.0064
20260312130052,1300,107,0.7655,0.0064
20260312130053,1300,107,0.7655,0.0064
20260312130054,1300,107,0.7655,0.0064
20260312130055,1300,107,0.7655,0.0064
20260312130056,1300,107,0.7655,0.0064
20260312130057,1300,107,0.7655,0.0064
20260312130058,1300,107,0.7655,0.0064
20260312130059,1300,107,0.7655,0.0064
20260312130100,1300,107,0.7655,0.0064
20260312130101,1300,107,0.7655,0.0064
20260312130102,1300,107,0.7655,0.0064
20260312130103,1300,107,0.7655,0.0064
20260312130104,1300,107,0.7655,0.0064
20260312130105,1300,108,0.7655,0.0064
20260312130106,1300,108,0.7655,0.0064
20260312130107,1300,108,0.7655,0.0064
20260312130108,1300,108,0.7655,0.0064
20260312130109,1300,108,0.7655,0.0064
20260312130110,1300,108,0.7655,0.0064
20260312130111,1300,108,0.7655,0.0064
20260312130112,1300,108,0.7655,0.0064
20260312130113,1300,108,0.7655,0.0064
20260312130114,1300,108,0.7655,0.0064
20260312130115,1300,108,0.7655,0.0064
20260312130116,1300,108,0.7655,0.0064
20260312130117,1300,108,0.7655,0.0064
20260312130118,1300,108,0.7655,0.0064
20260312130119,1300,108,0.7655,0.0064
20260312130120,1300,108,0.7655,0.0064
20260312130122,1300,108,0.7655,0.0064
20260312130123,1300,108,0.7655,0.0064
20260312130124,1300,108,0.7655,0.0064
20260312130125,1300,108,0.7655,0.0064
20260312130126,1300,108,0.7655,0.0064
20260312130127,1300,108,0.7655,0.0064
20260312130128,1300,108,0.7655,0.0064
20260312130129,1300,108,0.7655,0.0064
20260312130130,1300,108,0.7655,0.0064
20260312130131,1300,108,0.7655,0.0064
20260312130132,1300,108,0.7655,0.0064
20260312130133,1300,108,0.7655,0.0064
20260312130134,1300,108,0.7655,0.0064
20260312130135,1300,108,0.7655,0.0064
20260312130136,1300,108,0.7655,0.0064
20260312130137,1300,108,0.7655,0.0064
20260312130138,1300,108,0.7655,0.0064
20260312130139,1300,108,0.7655,0.0064
20260312130140,1300,108,0.7655,0.0064
20260312130141,1300,108,0.7655,0.0064
20260312130142,1300,108,0.7655,0.0064
20260312130143,1300,108,0.7655,0.0064
20260312130144,1300,108,0.7655,0.0064
20260312130145,1300,108,0.7655,0.0064
20260312130146,1300,108,0.7655,0.0064
20260312130147,1300,108,0.7655,0.0064
20260312130148,1300,108,0.7655,0.0064
20260312130149,1300,108,0.7655,0.0064
20260312130150,1300,108,0.7655,0.0064
20260312130151,1300,108,0.7655,0.0064
20260312130152,1300,108,0.7655,0.0064
20260312130153,1300,108,0.7655,0.0064
20260312130154,1300,108,0.7655,0.0064
20260312130155,1300,108,0.7655,0.0064
20260312130156,1300,108,0.7655,0.0064
20260312130157,1300,108,0.7655,0.0064
20260312130158,1300,108,0.7655,0.0064
20260312130159,1300,108,0.7655,0.0064
20260312130200,1300,109,0.7655,0.0064
20260312130201,1300,109,0.7655,0.0064
20260312130202,1300,109,0.7655,0.0064
20260312130203,1300,109,0.7655,0.0064
20260312130204,1300,109,0.7655,0.0064
20260312130205,1300,109,0.7655,0.0064
20260312130206,1300,109,0.7655,0.0064
20260312130207,1300,109,0.7654,0.0064
20260312130208,1300,109,0.7654,0.0064
20260312130209,1300,109,0.7654,0.0064
20260312130210,1300,109,0.7654,0.0064
20260312130211,1300,109,0.7654,0.0064
20260312130212,1300,109,0.7654,0.0064
20260312130213,1300,109,0.7654,0.0064
20260312130214,1300,109,0.7654,0.0064
20260312130215,1300,109,0.7654,0.0064
20260312130216,1300,109,0.7654,0.0064
20260312130217,1300,109,0.7654,0.0064
20260312130218,1300,109,0.7654,0.0064
20260312130219,1300,109,0.7654,0.0064
20260312130220,1300,109,0.7654,0.0064
20260312130221,1300,109,0.7654,0.0064
20260312130222,1300,109,0.7654,0.0064
20260312130223,1300,109,0.7654,0.0064
20260312130224,1300,109,0.7654,0.0064
20260312130225,1300,109,0.7654,0.0064
20260312130226,1300,109,0.7654,0.0064
20260312130227,1300,109,0.7654,0.0064
20260312130228,1300,109,0.7654,0.0064
20260312130230,1300,109,0.7654,0.0064
20260312130231,1300,109,0.7654,0.0064
20260312130232,1300,109,0.7654,0.0064
20260312130233,1300,109,0.7654,0.0064
20260312130234,1300,109,0.7654,0.0064
20260312130235,1300,109,0.7654,0.0064
20260312130236,1300,109,0.7654,0.0064
20260312130237,1300,109,0.7654,0.0064
20260312130238,1300,109,0.7654,0.0064
20260312130239,1300,109,0.7654,0.0064
20260312130240,1300,109,0.7654,0.0064
20260312130241,1300,109,0.7654,0.0064
20260312130242,1300,109,0.7654,0.0064
20260312130243,1300,109,0.7654,0.0064
20260312130244,1300,109,0.7654,0.0064
20260312130245,1300,109,0.7654,0.0064
20260312130246,1300,109,0.7654,0.0064
20260312130247,1300,109,0.7654,0.0064
20260312130248,1300,109,0.7654,0.0064
20260312130249,1300,109,0.7654,0.0064
20260312130250,1300,109,0.7654,0.0064
20260312130251,1300,109,0.7654,0.0064
20260312130252,1300,109,0.7654,0.0064
20260312130253,1300,109,0.7654,0.0064
20260312130254,1300,110,0.7654,0.0064
20260312130255,1300,110,0.7654,0.0064
20260312130256,1300,110,0.7654,0.0064
20260312130257,1300,110,0.7654,0.0064
20260312130258,1300,110,0.7654,0.0064
20260312130259,1300,110,0.7654,0.0064
20260312130300,1300,110,0.7654,0.0064
20260312130301,1300,110,0.7654,0.0064
20260312130302,1300,110,0.7654,0.0064
20260312130303,1300,110,0.7654,0.0064
20260312130304,1300,110,0.7654,0.0064
20260312130305,1300,110,0.7654,0.0064
20260312130306,1300,110,0.7654,0.0064
20260312130307,1300,110,0.7654,0.0064
20260312130308,1300,110,0.7654,0.0064
20260312130309,1300,110,0.7654,0.0064
20260312130310,1300,110,0.7654,0.0064
20260312130311,1300,110,0.7654,0.0064
20260312130312,1300,110,0.7654,0.0064
20260312130313,1300,110,0.7654,0.0064
20260312130314,1300,110,0.7654,0.0064
20260312130315,1300,110,0.7654,0.0064
20260312130316,1300,110,0.7654,0.0064
20260312130317,1300,110,0.7654,0.0064
20260312130318,1300,110,0.7654,0.0064
20260312130319,1300,110,0.7654,0.0064
20260312130320,1300,110,0.7654,0.0064
20260312130321,1300,110,0.7654,0.0064
20260312130322,1300,110,0.7654,0.0064
20260312130323,1300,110,0.7654,0.0064
20260312130324,1300,110,0.7654,0.0064
20260312130325,1300,110,0.7654,0.0064
20260312130326,1300,110,0.7654,0.0064
20260312130327,1300,110,0.7654,0.0064
20260312130328,1300,110,0.7654,0.0064
20260312130329,1300,110,0.7654,0.0064
20260312130330,1300,110,0.7654,0.0064
20260312130331,1300,110,0.7654,0.0064
20260312130332,1300,110,0.7654,0.0064
20260312130333,1300,110,0.7654,0.0064
20260312130334,1300,110,0.7654,0.0064
20260312130335,1300,110,0.7654,0.0064
20260312130336,1300,110,0.7654,0.0064
20260312130337,1300,110,0.7654,0.0064
20260312130338,1300,110,0.7654,0.0064
20260312130339,1300,110,0.7654,0.0064
20260312130340,1300,110,0.7654,0.0064
20260312130342,1300,110,0.7654,0.0064
20260312130343,1300,110,0.7654,0.0064
20260312130344,1300,110,0.7654,0.0064
20260312130345,1300,110,0.7654,0.0064
20260312130346,1300,110,0.7654,0.0064
20260312130347,1300,110,0.7654,0.0064
20260312130348,1300,110,0.7654,0.0064
20260312130349,1300,111,0.7654,0.0064
20260312130350,1300,111,0.7654,0.0064
20260312130351,1300,111,0.7654,0.0064
20260312130352,1300,111,0.7654,0.0064
20260312130353,1300,111,0.7654,0.0064
20260312130354,1300,111,0.7654,0.0064
20260312130355,1300,111,0.7654,0.0064
20260312130356,1300,111,0.7654,0.0064
20260312130357,1300,111,0.7654,0.0064
20260312130358,1300,111,0.7654,0.0064
20260312130359,1300,111,0.7654,0.0064
20260312130400,1300,111,0.7654,0.0064
20260312130401,1300,111,0.7654,0.0064
20260312130402,1300,111,0.7654,0.0064
20260312130403,1300,111,0.7654,0.0064
20260312130404,1300,111,0.7654,0.0064
20260312130405,1300,111,0.7654,0.0064
20260312130406,1300,111,0.7654,0.0064
20260312130407,1300,111,0.7654,0.0064
20260312130408,1300,111,0.7654,0.0064
20260312130409,1300,111,0.7654,0.0064
20260312130410,1300,111,0.7654,0.0064
20260312130411,1300,111,0.7654,0.0064
20260312130412,1300,111,0.7654,0.0064
20260312130413,1300,111,0.7654,0.0064
20260312130414,1300,111,0.7654,0.0064
20260312130415,1300,111,0.7654,0.0064
20260312130416,1300,111,0.7654,0.0064
20260312130417,1300,111,0.7654,0.0064
20260312130418,1300,111,0.7654,0.0064
20260312130419,1300,111,0.7654,0.0064
20260312130420,1300,111,0.7654,0.0064
20260312130421,1300,111,0.7654,0.0064
20260312130422,1300,111,0.7654,0.0064
20260312130423,1300,111,0.7654,0.0064
20260312130424,1300,111,0.7654,0.0064
20260312130425,1300,111,0.7654,0.0064
20260312130426,1300,111,0.7654,0.0064
20260312130427,1300,111,0.7654,0.0064
20260312130428,1300,111,0.7654,0.0064
20260312130429,1300,111,0.7654,0.0064
20260312130430,1300,111,0.7654,0.0064
20260312130431,1300,111,0.7654,0.0064
20260312130432,1300,111,0.7654,0.0064
20260312130433,1300,111,0.7654,0.0064
20260312130434,1300,111,0.7654,0.0064
20260312130435,1300,111,0.7654,0.0064
20260312130436,1300,111,0.7654,0.0064
20260312130437,1300,111,0.7654,0.0064
20260312130438,1300,111,0.7654,0.0064
20260312130439,1300,111,0.7654,0.0064
20260312130440,1300,111,0.7654,0.0064
20260312130441,1300,111,0.7654,0.0064
20260312130442,1300,111,0.7654,0.0064
20260312130443,1300,111,0.7654,0.0064
20260312130444,1300,112,0.7654,0.0064
20260312130445,1300,112,0.7654,0.0064
20260312130446,1300,112,0.7654,0.0064
20260312130447,1300,112,0.7654,0.0064
20260312130448,1300,112,0.7654,0.0064
20260312130449,1300,112,0.7654,0.0064
20260312130450,1300,112,0.7654,0.0064
20260312130452,1300,112,0.7654,0.0064
20260312130453,1300,112,0.7654,0.0064
20260312130454,1300,112,0.7654,0.0064
20260312130455,1300,112,0.7654,0.0064
20260312130456,1300,112,0.7654,0.0064
20260312130457,1300,112,0.7654,0.0064
20260312130458,1300,112,0.7654,0.0064
20260312130459,1300,112,0.7654,0.0064
20260312130500,1300,112,0.7654,0.0064
20260312130501,1300,112,0.7654,0.0064
20260312130502,1300,112,0.7654,0.0064
20260312130503,1300,112,0.7654,0.0064
20260312130504,1300,112,0.7654,0.0064
20260312130505,1300,112,0.7654,0.0064
20260312130506,1300,112,0.7654,0.0064
20260312130507,1300,112,0.7654,0.0064
20260312130508,1300,112,0.7654,0.0064
20260312130509,1300,112,0.7654,0.0064
20260312130510,1300,112,0.7654,0.0064
20260312130511,1300,112,0.7654,0.0064
20260312130512,1300,112,0.7654,0.0064
20260312130513,1300,112,0.7654,0.0064
20260312130514,1300,112,0.7654,0.0064
20260312130515,1300,112,0.7654,0.0064
20260312130516,1300,112,0.7654,0.0064
20260312130517,1300,112,0.7654,0.0064
20260312130518,1300,112,0.7654,0.0064
20260312130519,1300,112,0.7654,0.0064
20260312130520,1300,112,0.7654,0.0064
20260312130521,1300,112,0.7654,0.0064
20260312130522,1300,112,0.7654,0.0064
20260312130523,1300,112,0.7654,0.0064
20260312130524,1300,112,0.7654,0.0064
20260312130525,1300,112,0.7654,0.0064
20260312130526,1300,112,0.7654,0.0064
20260312130527,1300,112,0.7654,0.0064
20260312130528,1300,112,0.7654,0.0064
20260312130529,1300,112,0.7654,0.0064
20260312130530,1300,112,0.7654,0.0064
20260312130531,1300,112,0.7654,0.0064
20260312130532,1300,112,0.7654,0.0064
20260312130533,1300,112,0.7654,0.0064
20260312130534,1300,112,0.7654,0.0064
20260312130535,1300,112,0.7654,0.0064
20260312130536,1300,112,0.7654,0.0064
20260312130537,1300,112,0.7654,0.0064
20260312130538,1300,112,0.7654,0.0064
20260312130539,1300,113,0.7654,0.0064
20260312130540,1300,113,0.7654,0.0064
20260312130541,1300,113,0.7653,0.0064
20260312130542,1300,113,0.7653,0.0064
20260312130543,1300,113,0.7653,0.0064
20260312130544,1300,113,0.7653,0.0064
20260312130545,1300,113,0.7653,0.0064
20260312130546,1300,113,0.7653,0.0064
20260312130547,1300,113,0.7653,0.0064
20260312130548,1300,113,0.7653,0.0064
20260312130549,1300,113,0.7653,0.0064
20260312130550,1300,113,0.7653,0.0064
20260312130551,1300,113,0.7653,0.0064
20260312130552,1300,113,0.7653,0.0064
20260312130553,1300,113,0.7653,0.0064
20260312130554,1300,113,0.7653,0.0064
20260312130555,1300,113,0.7653,0.0064
20260312130556,1300,113,0.7653,0.0064
20260312130557,1300,113,0.7653,0.0064
20260312130558,1300,113,0.7653,0.0064
20260312130559,1300,113,0.7653,0.0064
20260312130600,1300,113,0.7653,0.0064
20260312130602,1300,113,0.7653,0.0064
20260312130603,1300,113,0.7653,0.0064
20260312130604,1300,113,0.7653,0.0064
20260312130605,1300,113,0.7653,0.0064
20260312130606,1300,113,0.7653,0.0064
20260312130607,1300,113,0.7653,0.0064
20260312130608,1300,113,0.7653,0.0064
20260312130609,1300,113,0.7653,0.0064
20260312130610,1300,113,0.7653,0.0064
20260312130611,1300,113,0.7653,0.0064
20260312130612,1300,113,0.7653,0.0064
20260312130613,1300,113,0.7653,0.0064
20260312130614,1300,113,0.7653,0.0064
20260312130615,1300,113,0.7653,0.0064
20260312130616,1300,113,0.7653,0.0064
20260312130617,1300,113,0.7653,0.0064
20260312130618,1300,113,0.7653,0.0064
20260312130619,1300,113,0.7653,0.0064
20260312130620,1300,113,0.7653,0.0064
20260312130621,1300,113,0.7653,0.0064
20260312130622,1300,113,0.7653,0.0064
20260312130623,1300,113,0.7653,0.0064
20260312130624,1300,113,0.7653,0.0064
20260312130625,1300,113,0.7653,0.0064
20260312130626,1300,113,0.7653,0.0064
20260312130627,1300,113,0.7653,0.0064
20260312130628,1300,113,0.7653,0.0064
20260312130629,1300,113,0.7653,0.0064
20260312130630,1300,113,0.7653,0.0064
20260312130631,1300,113,0.7653,0.0064
20260312130632,1300,113,0.7653,0.0064
20260312130633,1300,113,0.7653,0.0064
20260312130634,1300,114,0.7653,0.0064
20260312130635,1300,114,0.7653,0.0064
20260312130636,1300,114,0.7653,0.0064
20260312130637,1300,114,0.7653,0.0064
20260312130638,1300,114,0.7653,0.0064
20260312130639,1300,114,0.7653,0.0064
20260312130640,1300,114,0.7653,0.0064
20260312130641,1300,114,0.7653,0.0064
20260312130642,1300,114,0.7653,0.0064
20260312130643,1300,114,0.7653,0.0064
20260312130644,1300,114,0.7653,0.0064
20260312130645,1300,114,0.7653,0.0064
20260312130646,1300,114,0.7653,0.0064
20260312130647,1300,114,0.7653,0.0064
20260312130648,1300,114,0.7653,0.0064
20260312130649,1300,114,0.7653,0.0064
20260312130650,1300,114,0.7653,0.0064
20260312130651,1300,114,0.7653,0.0064
20260312130652,1300,114,0.7653,0.0064
20260312130653,1300,114,0.7653,0.0064
20260312130654,1300,114,0.7653,0.0064
20260312130655,1300,114,0.7653,0.0064
20260312130656,1300,114,0.7653,0.0064
20260312130657,1300,114,0.7653,0.0064
20260312130658,1300,114,0.7653,0.0064
20260312130659,1300,114,0.7653,0.0064
20260312130700,1300,114,0.7653,0.0064
20260312130701,1300,114,0.7653,0.0064
20260312130702,1300,114,0.7653,0.0064
20260312130703,1300,114,0.7653,0.0064
20260312130704,1300,114,0.7653,0.0064
20260312130705,1300,114,0.7653,0.0064
20260312130706,1300,114,0.7653,0.0064
20260312130707,1300,114,0.7653,0.0064
20260312130708,1300,114,0.7653,0.0064
20260312130709,1300,114,0.7653,0.0064
20260312130710,1300,114,0.7653,0.0064
20260312130711,1300,114,0.7653,0.0064
20260312130712,1300,114,0.7653,0.0064
20260312130714,1300,114,0.7653,0.0064
20260312130715,1300,114,0.7653,0.0064
20260312130716,1300,114,0.7653,0.0064
20260312130717,1300,114,0.7653,0.0064
20260312130718,1300,114,0.7653,0.0064
20260312130719,1300,114,0.7653,0.0064
20260312130720,1300,114,0.7653,0.0064
20260312130721,1300,114,0.7653,0.0064
20260312130722,1300,114,0.7653,0.0064
20260312130723,1300,114,0.7653,0.0064
20260312130724,1300,114,0.7653,0.0064
20260312130725,1300,114,0.7653,0.0064
20260312130726,1300,114,0.7653,0.0064
20260312130727,1300,114,0.7653,0.0064
20260312130728,1300,114,0.7653,0.0064
20260312130729,1300,115,0.7653,0.0064
20260312130730,1300,115,0.7653,0.0064
20260312130731,1300,115,0.7653,0.0064
20260312130732,1300,115,0.7653,0.0064
20260312130733,1300,115,0.7653,0.0064
20260312130734,1300,115,0.7653,0.0064
20260312130735,1300,115,0.7653,0.0064
20260312130736,1300,115,0.7653,0.0064
20260312130737,1300,115,0.7653,0.0064
20260312130738,1300,115,0.7653,0.0064
20260312130739,1300,115,0.7653,0.0064
20260312130740,1300,115,0.7653,0.0064
20260312130741,1300,115,0.7653,0.0064
20260312130742,1300,115,0.7653,0.0064
20260312130743,1300,115,0.7653,0.0064
20260312130744,1300,115,0.7653,0.0064
20260312130745,1300,115,0.7653,0.0064
20260312130746,1300,115,0.7653,0.0064
20260312130747,1300,115,0.7653,0.0064
20260312130748,1300,115,0.7653,0.0064
20260312130749,1300,115,0.7653,0.0064
20260312130750,1300,115,0.7653,0.0064
20260312130751,1300,115,0.7653,0.0064
20260312130752,1300,115,0.7653,0.0064
20260312130753,1300,115,0.7653,0.0064
20260312130754,1300,115,0.7653,0.0064
20260312130755,1300,115,0.7653,0.0064
20260312130756,1300,115,0.7653,0.0064
20260312130757,1300,115,0.7653,0.0064
20260312130758,1300,115,0.7653,0.0064
20260312130759,1300,115,0.7653,0.0064
20260312130800,1300,115,0.7653,0.0064
20260312130801,1300,115,0.7653,0.0064
20260312130802,1300,115,0.7653,0.0064
20260312130803,1300,115,0.7653,0.0064
20260312130804,1300,115,0.7653,0.0064
20260312130805,1300,115,0.7653,0.0064
20260312130806,1300,115,0.7653,0.0064
20260312130807,1300,115,0.7653,0.0064
20260312130808,1300,115,0.7653,0.0064
20260312130809,1300,115,0.7653,0.0064
20260312130810,1300,115,0.7653,0.0064
20260312130811,1300,115,0.7653,0.0064
20260312130812,1300,115,0.7653,0.0064
20260312130813,1300,115,0.7653,0.0064
20260312130814,1300,115,0.7653,0.0064
20260312130815,1300,115,0.7653,0.0064
20260312130816,1300,115,0.7653,0.0064
20260312130817,1300,115,0.7653,0.0064
20260312130818,1300,115,0.7653,0.0064
20260312130820,1300,115,0.7653,0.0064
20260312130821,1300,115,0.7653,0.0064
20260312130822,1300,115,0.7653,0.0064
20260312130823,1300,115,0.7653,0.0064
20260312130824,1300,115,0.7653,0.0064
20260312130825,1300,116,0.7653,0.0064
20260312130826,1300,116,0.7653,0.0064
20260312130827,1300,116,0.7653,0.0064
20260312130828,1300,116,0.7653,0.0064
20260312130829,1300,116,0.7653,0.0064
20260312130830,1300,116,0.7653,0.0064
20260312130831,1300,116,0.7653,0.0064
20260312130832,1300,116,0.7653,0.0064
20260312130833,1300,116,0.7653,0.0064
20260312130834,1300,116,0.7653,0.0064
20260312130835,1300,116,0.7653,0.0064
20260312130836,1300,116,0.7653,0.0064
20260312130837,1300,116,0.7653,0.0064
20260312130838,1300,116,0.7653,0.0064
20260312130839,1300,116,0.7653,0.0064
20260312130840,1300,116,0.7653,0.0064
20260312130841,1300,116,0.7653,0.0064
20260312130842,1300,116,0.7653,0.0064
20260312130843,1300,116,0.7653,0.0064
20260312130844,1300,116,0.7653,0.0064
20260312130845,1300,116,0.7653,0.0064
20260312130846,1300,116,0.7653,0.0064
20260312130847,1300,116,0.7653,0.0064
20260312130848,1300,116,0.7653,0.0064
20260312130849,1300,116,0.7653,0.0064
20260312130850,1300,116,0.7653,0.0064
20260312130851,1300,116,0.7653,0.0064
20260312130852,1300,116,0.7653,0.0064
20260312130853,1300,116,0.7653,0.0064
20260312130854,1300,116,0.7653,0.0064
20260312130855,1300,116,0.7653,0.0064
20260312130856,1300,116,0.7653,0.0064
20260312130857,1300,116,0.7653,0.0064
20260312130858,1300,116,0.7653,0.0064
20260312130859,1300,116,0.7653,0.0064
20260312130900,1300,116,0.7653,0.0064
20260312130901,1300,116,0.7653,0.0064
20260312130902,1300,116,0.7653,0.0064
20260312130903,1300,116,0.7653,0.0064
20260312130904,1300,116,0.7653,0.0064
20260312130905,1300,116,0.7653,0.0064
20260312130906,1300,116,0.7653,0.0064
20260312130907,1300,116,0.7653,0.0064
20260312130908,1300,116,0.7653,0.0064
20260312130909,1300,116,0.7653,0.0064
20260312130910,1300,116,0.7653,0.0064
20260312130911,1300,116,0.7653,0.0064
20260312130912,1300,116,0.7653,0.0064
20260312130913,1300,116,0.7653,0.0064
20260312130914,1300,116,0.7653,0.0064
20260312130915,1300,116,0.7652,0.0064
20260312130916,1300,116,0.7652,0.0064
20260312130917,1300,116,0.7652,0.0064
20260312130918,1300,116,0.7652,0.0064
20260312130919,1300,116,0.7652,0.0064
20260312130920,1300,117,0.7652,0.0064
20260312130921,1300,117,0.7652,0.0064
20260312130922,1300,117,0.7652,0.0064
20260312130923,1300,117,0.7652,0.0064
20260312130924,1300,117,0.7652,0.0064
20260312130925,1300,117,0.7652,0.0064
20260312130926,1300,117,0.7652,0.0064
20260312130927,1300,117,0.7652,0.0064
20260312130928,1300,117,0.7652,0.0064
20260312130930,1300,117,0.7652,0.0064
20260312130931,1300,117,0.7652,0.0064
20260312130932,1300,117,0.7652,0.0064
20260312130933,1300,117,0.7652,0.0064
20260312130934,1300,117,0.7652,0.0064
20260312130935,1300,117,0.7652,0.0064
20260312130936,1300,117,0.7652,0.0064
20260312130937,1300,117,0.7652,0.0064
20260312130938,1300,117,0.7652,0.0064
20260312130939,1300,117,0.7652,0.0064
20260312130940,1300,117,0.7652,0.0064
20260312130941,1300,117,0.7652,0.0064
20260312130942,1300,117,0.7652,0.0064
20260312130943,1300,117,0.7652,0.0064
20260312130944,1300,117,0.7652,0.0064
20260312130945,1300,117,0.7652,0.0064
20260312130946,1300,117,0.7652,0.0064
20260312130947,1300,117,0.7652,0.0064
20260312130948,1300,117,0.7652,0.0064
20260312130949,1300,117,0.7652,0.0064
20260312130950,1300,117,0.7652,0.0064
20260312130951,1300,117,0.7652,0.0064
20260312130952,1300,117,0.7652,0.0064
20260312130953,1300,117,0.7652,0.0064
20260312130954,1300,117,0.7652,0.0064
20260312130955,1300,117,0.7652,0.0064
20260312130956,1300,117,0.7652,0.0064
20260312130957,1300,117,0.7652,0.0064
20260312130958,1300,117,0.7652,0.0064
20260312130959,1300,117,0.7652,0.0064
20260312131000,1300,117,0.7652,0.0064
20260312131001,1300,117,0.7652,0.0064
20260312131002,1300,117,0.7652,0.0064
20260312131003,1300,117,0.7652,0.0064
20260312131004,1300,117,0.7652,0.0064
20260312131005,1300,117,0.7652,0.0064
20260312131006,1300,117,0.7652,0.0064
20260312131007,1300,117,0.7652,0.0064
20260312131008,1300,117,0.7652,0.0064
20260312131009,1300,117,0.7652,0.0064
20260312131010,1300,117,0.7652,0.0064
20260312131011,1300,117,0.7652,0.0064
20260312131012,1300,117,0.7652,0.0064
20260312131013,1300,117,0.7652,0.0064
20260312131014,1300,118,0.7652,0.0064
20260312131015,1300,118,0.7652,0.0064
20260312131016,1300,118,0.7652,0.0064
20260312131017,1300,118,0.7652,0.0064
20260312131018,1300,118,0.7652,0.0064
20260312131019,1300,118,0.7652,0.0064
20260312131020,1300,118,0.7652,0.0064
20260312131021,1300,118,0.7652,0.0064
20260312131022,1300,118,0.7652,0.0064
20260312131023,1300,118,0.7652,0.0064
20260312131024,1300,118,0.7652,0.0064
20260312131025,1300,118,0.7652,0.0064
20260312131026,1300,118,0.7652,0.0064
20260312131027,1300,118,0.7652,0.0064
20260312131028,1300,118,0.7652,0.0064
20260312131029,1300,118,0.7652,0.0064
20260312131030,1300,118,0.7652,0.0064
20260312131031,1300,118,0.7652,0.0064
20260312131032,1300,118,0.7652,0.0064
20260312131033,1300,118,0.7652,0.0064
20260312131034,1300,118,0.7652,0.0064
20260312131035,1300,118,0.7652,0.0064
20260312131037,1300,118,0.7652,0.0064
20260312131038,1300,118,0.7652,0.0064
20260312131039,1300,118,0.7652,0.0064
20260312131040,1300,118,0.7652,0.0064
20260312131041,1300,118,0.7652,0.0064
20260312131042,1300,118,0.7652,0.0064
20260312131043,1300,118,0.7652,0.0064
20260312131044,1300,118,0.7652,0.0064
20260312131045,1300,118,0.7652,0.0064
20260312131046,1300,118,0.7652,0.0064
20260312131047,1300,118,0.7652,0.0064
20260312131048,1300,118,0.7652,0.0064
20260312131049,1300,118,0.7652,0.0064
20260312131050,1300,118,0.7652,0.0064
20260312131051,1300,118,0.7652,0.0064
20260312131052,1300,118,0.7652,0.0064
20260312131053,1300,118,0.7652,0.0064
20260312131054,1300,118,0.7652,0.0064
20260312131055,1300,118,0.7652,0.0064
20260312131056,1300,118,0.7652,0.0064
20260312131057,1300,118,0.7652,0.0064
20260312131058,1300,118,0.7652,0.0064
20260312131059,1300,118,0.7652,0.0064
20260312131100,1300,118,0.7652,0.0064
20260312131101,1300,118,0.7652,0.0064
20260312131102,1300,118,0.7652,0.0064
20260312131103,1300,118,0.7652,0.0064
20260312131104,1300,118,0.7652,0.0064
20260312131105,1300,118,0.7652,0.0064
20260312131106,1300,118,0.7652,0.0064
20260312131107,1300,119,0.7652,0.0064
20260312131108,1300,119,0.7652,0.0064
20260312131109,1300,119,0.7652,0.0064
20260312131110,1300,119,0.7652,0.0064
20260312131111,1300,119,0.7652,0.0064
20260312131112,1300,119,0.7652,0.0064
20260312131113,1300,119,0.7652,0.0064
20260312131114,1300,119,0.7652,0.0064
20260312131115,1300,119,0.7652,0.0064
20260312131116,1300,119,0.7652,0.0064
20260312131117,1300,119,0.7652,0.0064
20260312131118,1300,119,0.7652,0.0064
20260312131119,1300,119,0.7652,0.0064
20260312131120,1300,119,0.7652,0.0064
20260312131121,1300,119,0.7652,0.0064
20260312131122,1300,119,0.7652,0.0064
20260312131123,1300,119,0.7652,0.0064
20260312131124,1300,119,0.7652,0.0064
20260312131125,1300,119,0.7652,0.0064
20260312131126,1300,119,0.7652,0.0064
20260312131127,1300,119,0.7652,0.0064
20260312131128,1300,119,0.7652,0.0064
20260312131129,1300,119,0.7652,0.0064
20260312131130,1300,119,0.7652,0.0064
20260312131131,1300,119,0.7652,0.0064
20260312131132,1300,119,0.7652,0.0064
20260312131133,1300,119,0.7652,0.0064
20260312131134,1300,119,0.7652,0.0064
20260312131135,1300,119,0.7652,0.0064
20260312131136,1300,119,0.7652,0.0064
20260312131137,1300,119,0.7652,0.0064
20260312131138,1300,119,0.7652,0.0064
20260312131139,1300,119,0.7652,0.0064
20260312131140,1300,119,0.7652,0.0064
20260312131142,1300,119,0.7652,0.0064
20260312131143,1300,119,0.7652,0.0064
20260312131144,1300,119,0.7652,0.0064
20260312131145,1300,119,0.7652,0.0064
20260312131146,1300,119,0.7652,0.0064
20260312131147,1300,119,0.7652,0.0064
20260312131148,1300,119,0.7652,0.0064
20260312131149,1300,119,0.7652,0.0064
20260312131150,1300,119,0.7652,0.0064
20260312131151,1300,119,0.7652,0.0064
20260312131152,1300,119,0.7652,0.0064
20260312131153,1300,119,0.7652,0.0064
20260312131154,1300,119,0.7652,0.0064
20260312131155,1300,119,0.7652,0.0064
20260312131156,1300,119,0.7652,0.0064
20260312131157,1300,119,0.7652,0.0064
20260312131158,1300,119,0.7652,0.0064
20260312131159,1300,119,0.7652,0.0064
20260312131200,1300,119,0.7652,0.0064
20260312131201,1300,119,0.7652,0.0064
20260312131202,1300,120,0.7652,0.0064
20260312131203,1300,120,0.7652,0.0064
20260312131204,1300,120,0.7652,0.0064
20260312131205,1300,120,0.7652,0.0064
20260312131206,1300,120,0.7652,0.0064
20260312131207,1300,120,0.7652,0.0064
20260312131208,1300,120,0.7652,0.0064
20260312131209,1300,120,0.7652,0.0064
20260312131210,1300,120,0.7652,0.0064
20260312131211,1300,120,0.7652,0.0064
20260312131212,1300,120,0.7652,0.0064
20260312131213,1300,120,0.7652,0.0064
20260312131214,1300,120,0.7651,0.0064
20260312131215,1300,120,0.7651,0.0064
20260312131216,1300,120,0.7651,0.0064
20260312131217,1300,120,0.7651,0.0064
20260312131218,1300,120,0.7651,0.0064
20260312131219,1300,120,0.7651,0.0064
20260312131220,1300,120,0.7651,0.0064
20260312131221,1300,120,0.7651,0.0064
20260312131222,1300,120,0.7651,0.0064
20260312131223,1300,120,0.7651,0.0064
20260312131224,1300,120,0.7651,0.0064
20260312131225,1300,120,0.7651,0.0064
20260312131226,1300,120,0.7651,0.0064
20260312131227,1300,120,0.7651,0.0064
20260312131228,1300,120,0.7651,0.0064
20260312131229,1300,120,0.7651,0.0064
20260312131230,1300,120,0.7651,0.0064
20260312131231,1300,120,0.7651,0.0064
20260312131232,1300,120,0.7651,0.0064
20260312131233,1300,120,0.7651,0.0064
20260312131234,1300,120,0.7651,0.0064
20260312131235,1300,120,0.7651,0.0064
20260312131236,1300,120,0.7651,0.0064
20260312131237,1300,120,0.7651,0.0064
20260312131238,1300,120,0.7651,0.0064
20260312131239,1300,120,0.7651,0.0064
20260312131240,1300,120,0.7651,0.0064
20260312131241,1300,120,0.7651,0.0064
20260312131242,1300,120,0.7651,0.0064
20260312131243,1300,120,0.7651,0.0064
20260312131244,1300,120,0.7651,0.0064
20260312131246,1300,120,0.7651,0.0064
20260312131247,1300,120,0.7651,0.0064
20260312131248,1300,120,0.7651,0.0064
20260312131249,1300,120,0.7651,0.0064
20260312131250,1300,120,0.7651,0.0064
20260312131251,1300,120,0.7651,0.0064
20260312131252,1300,120,0.7651,0.0064
20260312131253,1300,120,0.7651,0.0064
20260312131254,1300,120,0.7651,0.0064
20260312131255,1300,120,0.7651,0.0064
20260312131256,1300,120,0.7651,0.0064
20260312131257,1300,121,0.7651,0.0064
20260312131258,1300,121,0.7651,0.0064
20260312131259,1300,121,0.7651,0.0064
20260312131300,1300,121,0.7651,0.0064
20260312131301,1300,121,0.7651,0.0064
20260312131302,1300,121,0.7651,0.0064
20260312131303,1300,121,0.7651,0.0064
20260312131304,1300,121,0.7651,0.0064
20260312131305,1300,121,0.7651,0.0064
20260312131306,1300,121,0.7651,0.0064
20260312131307,1300,121,0.7651,0.0064
20260312131308,1300,121,0.7651,0.0064
20260312131309,1300,121,0.7651,0.0064
20260312131310,1300,121,0.7651,0.0064
20260312131311,1300,121,0.7651,0.0064
20260312131312,1300,121,0.7651,0.0064
20260312131313,1300,121,0.7651,0.0064
20260312131314,1300,121,0.7651,0.0064
20260312131315,1300,121,0.7651,0.0064
20260312131316,1300,121,0.7651,0.0064
20260312131317,1300,121,0.7651,0.0064
20260312131318,1300,121,0.7651,0.0064
20260312131319,1300,121,0.7651,0.0064
20260312131320,1300,121,0.7651,0.0064
20260312131321,1300,121,0.7651,0.0064
20260312131322,1300,121,0.7651,0.0064
20260312131323,1300,121,0.7651,0.0064
20260312131324,1300,121,0.7651,0.0064
20260312131325,1300,121,0.7651,0.0064
20260312131326,1300,121,0.7651,0.0064
20260312131327,1300,121,0.7651,0.0064
20260312131328,1300,121,0.7651,0.0064
20260312131329,1300,121,0.7651,0.0064
20260312131330,1300,121,0.7651,0.0064
20260312131331,1300,121,0.7651,0.0064
20260312131332,1300,121,0.7651,0.0064
20260312131333,1300,121,0.7651,0.0064
20260312131334,1300,121,0.7651,0.0064
20260312131335,1300,121,0.7651,0.0064
20260312131336,1300,121,0.7651,0.0064
20260312131337,1300,121,0.7651,0.0064
20260312131338,1300,121,0.7651,0.0064
20260312131339,1300,121,0.7651,0.0064
20260312131340,1300,121,0.7651,0.0064
20260312131341,1300,121,0.7651,0.0064
20260312131342,1300,121,0.7651,0.0064
20260312131343,1300,121,0.7651,0.0064
20260312131344,1300,121,0.7651,0.0064
20260312131345,1300,121,0.7651,0.0064
20260312131346,1300,121,0.7651,0.0064
20260312131347,1300,121,0.7651,0.0064
20260312131348,1300,121,0.7651,0.0064
20260312131349,1300,121,0.7651,0.0064
20260312131350,1300,121,0.7651,0.0064
20260312131351,1300,121,0.7651,0.0064
20260312131352,1300,122,0.7651,0.0064
20260312131353,1300,122,0.7651,0.0064
20260312131355,1300,122,0.7651,0.0064
20260312131356,1300,122,0.7651,0.0064
20260312131357,1300,122,0.7651,0.0064
20260312131358,1300,122,0.7651,0.0064
20260312131359,1300,122,0.7651,0.0064
20260312131400,1300,122,0.7651,0.0064
20260312131401,1300,122,0.7651,0.0064
20260312131402,1300,122,0.7651,0.0064
20260312131403,1300,122,0.7651,0.0064
20260312131404,1300,122,0.7651,0.0064
20260312131405,1300,122,0.7651,0.0064
20260312131406,1300,122,0.7651,0.0064
20260312131407,1300,122,0.7651,0.0064
20260312131408,1300,122,0.7651,0.0064
20260312131409,1300,122,0.7651,0.0064
20260312131410,1300,122,0.7651,0.0064
20260312131411,1300,122,0.7651,0.0064
20260312131412,1300,122,0.7651,0.0064
20260312131413,1300,122,0.7651,0.0064
20260312131414,1300,122,0.7651,0.0064
20260312131415,1300,122,0.7651,0.0064
20260312131416,1300,122,0.7651,0.0064
20260312131417,1300,122,0.7651,0.0064
20260312131418,1300,122,0.7651,0.0064
20260312131419,1300,122,0.7651,0.0064
20260312131420,1300,122,0.7651,0.0064
20260312131421,1300,122,0.7651,0.0064
20260312131422,1300,122,0.7651,0.0064
20260312131423,1300,122,0.7651,0.0064
20260312131424,1300,122,0.7651,0.0064
20260312131425,1300,122,0.7651,0.0064
20260312131426,1300,122,0.7651,0.0064
20260312131427,1300,122,0.7651,0.0064
20260312131428,1300,122,0.7651,0.0064
20260312131429,1300,122,0.7651,0.0064
20260312131430,1300,122,0.7651,0.0064
20260312131431,1300,122,0.7651,0.0064
20260312131432,1300,122,0.7651,0.0064
20260312131433,1300,122,0.7651,0.0064
20260312131434,1300,122,0.7651,0.0064
20260312131435,1300,122,0.7651,0.0064
20260312131436,1300,122,0.7651,0.0064
20260312131437,1300,122,0.7651,0.0064
20260312131438,1300,122,0.7651,0.0064
20260312131439,1300,122,0.7651,0.0064
20260312131440,1300,122,0.7651,0.0064
20260312131441,1300,122,0.7651,0.0064
20260312131442,1300,122,0.7651,0.0064
20260312131443,1300,122,0.7651,0.0064
20260312131444,1300,122,0.7651,0.0064
20260312131445,1300,122,0.7651,0.0064
20260312131446,1300,123,0.7651,0.0064
20260312131447,1300,123,0.7651,0.0064
20260312131448,1300,123,0.7651,0.0064
20260312131449,1300,123,0.7651,0.0064
20260312131450,1300,123,0.7651,0.0064
20260312131451,1300,123,0.7651,0.0064
20260312131452,1300,123,0.7651,0.0064
20260312131453,1300,123,0.7651,0.0064
20260312131454,1300,123,0.7651,0.0064
20260312131455,1300,123,0.7651,0.0064
20260312131456,1300,123,0.7651,0.0064
20260312131457,1300,123,0.7651,0.0064
20260312131458,1300,123,0.7651,0.0064
20260312131459,1300,123,0.7651,0.0064
20260312131500,1300,123,0.7651,0.0064
20260312131501,1300,123,0.7651,0.0064
20260312131503,1300,123,0.7651,0.0064
20260312131504,1300,123,0.7651,0.0064
20260312131505,1300,123,0.7651,0.0064
20260312131506,1300,123,0.7651,0.0064
20260312131507,1300,123,0.7651,0.0064
20260312131508,1300,123,0.7651,0.0064
20260312131509,1300,123,0.7651,0.0064
20260312131510,1300,123,0.7651,0.0064
20260312131511,1300,123,0.7651,0.0064
20260312131512,1300,123,0.7651,0.0064
20260312131513,1300,123,0.7651,0.0064
20260312131514,1300,123,0.7651,0.0064
20260312131515,1300,123,0.7651,0.0064
20260312131516,1300,123,0.7651,0.0064
20260312131517,1300,123,0.7651,0.0064
20260312131518,1300,123,0.7651,0.0064
20260312131519,1300,123,0.7651,0.0064
20260312131520,1300,123,0.7651,0.0064
20260312131521,1300,123,0.7651,0.0064
20260312131522,1300,123,0.7651,0.0064
20260312131523,1300,123,0.7651,0.0064
20260312131524,1300,123,0.7651,0.0064
20260312131525,1300,123,0.7651,0.0064
20260312131526,1300,123,0.7651,0.0064
20260312131527,1300,123,0.7651,0.0064
20260312131528,1300,123,0.7651,0.0064
20260312131529,1300,123,0.7651,0.0064
20260312131530,1300,123,0.7651,0.0064
20260312131531,1300,123,0.7651,0.0064
20260312131532,1300,123,0.7651,0.0064
20260312131533,1300,123,0.7651,0.0064
20260312131534,1300,123,0.7651,0.0064
20260312131535,1300,123,0.7651,0.0064
20260312131536,1300,123,0.7651,0.0064
20260312131537,1300,123,0.7651,0.0064
20260312131538,1300,123,0.7651,0.0064
20260312131539,1300,123,0.7651,0.0064
20260312131540,1300,124,0.7651,0.0064
20260312131541,1300,124,0.7651,0.0064
20260312131542,1300,124,0.7651,0.0064
20260312131543,1300,124,0.7651,0.0064
20260312131544,1300,124,0.7651,0.0064
20260312131545,1300,124,0.7651,0.0064
20260312131546,1300,124,0.7651,0.0064
20260312131547,1300,124,0.765,0.0064
20260312131548,1300,124,0.765,0.0064
20260312131549,1300,124,0.765,0.0064
20260312131550,1300,124,0.765,0.0064
20260312131551,1300,124,0.765,0.0064
20260312131552,1300,124,0.765,0.0064
20260312131553,1300,124,0.765,0.0064
20260312131554,1300,124,0.765,0.0064
20260312131555,1300,124,0.765,0.0064
20260312131556,1300,124,0.765,0.0064
20260312131557,1300,124,0.765,0.0064
20260312131558,1300,124,0.765,0.0064
20260312131559,1300,124,0.765,0.0064
20260312131600,1300,124,0.765,0.0064
20260312131601,1300,124,0.765,0.0064
20260312131602,1300,124,0.765,0.0064
20260312131603,1300,124,0.765,0.0064
20260312131604,1300,124,0.765,0.0064
20260312131605,1300,124,0.765,0.0064
20260312131606,1300,124,0.765,0.0064
20260312131607,1300,124,0.765,0.0064
20260312131609,1300,124,0.765,0.0064
20260312131610,1300,124,0.765,0.0064
20260312131611,1300,124,0.765,0.0064
20260312131612,1300,124,0.765,0.0064
20260312131613,1300,124,0.765,0.0064
20260312131614,1300,124,0.765,0.0064
20260312131615,1300,124,0.765,0.0064
20260312131616,1300,124,0.765,0.0064
20260312131617,1300,124,0.765,0.0064
20260312131618,1300,124,0.765,0.0064
20260312131619,1300,124,0.765,0.0064
20260312131620,1300,124,0.765,0.0064
20260312131621,1300,124,0.765,0.0064
20260312131622,1300,124,0.765,0.0064
20260312131623,1300,124,0.765,0.0064
20260312131624,1300,124,0.765,0.0064
20260312131625,1300,124,0.765,0.0064
20260312131626,1300,124,0.765,0.0064
20260312131627,1300,124,0.765,0.0064
20260312131628,1300,124,0.765,0.0064
20260312131629,1300,124,0.765,0.0064
20260312131630,1300,124,0.765,0.0064
20260312131631,1300,124,0.765,0.0064
20260312131632,1300,124,0.765,0.0064
20260312131633,1300,124,0.765,0.0064
20260312131634,1300,125,0.765,0.0064
20260312131635,1300,125,0.765,0.0064
20260312131636,1300,125,0.765,0.0064
20260312131637,1300,125,0.765,0.0064
20260312131638,1300,125,0.765,0.0064
20260312131639,1300,125,0.765,0.0064
20260312131640,1300,125,0.765,0.0064
20260312131641,1300,125,0.765,0.0064
20260312131642,1300,125,0.765,0.0064
20260312131643,1300,125,0.765,0.0064
20260312131644,1300,125,0.765,0.0064
20260312131645,1300,125,0.765,0.0064
20260312131646,1300,125,0.765,0.0064
20260312131647,1300,125,0.765,0.0064
20260312131648,1300,125,0.765,0.0064
20260312131649,1300,125,0.765,0.0064
20260312131650,1300,125,0.765,0.0064
20260312131651,1300,125,0.765,0.0064
20260312131652,1300,125,0.765,0.0064
20260312131653,1300,125,0.765,0.0064
20260312131654,1300,125,0.765,0.0064
20260312131655,1300,125,0.765,0.0064
20260312131656,1300,125,0.765,0.0064
20260312131657,1300,125,0.765,0.0064
20260312131658,1300,125,0.765,0.0064
20260312131659,1300,125,0.765,0.0064
20260312131700,1300,125,0.765,0.0064
20260312131701,1300,125,0.765,0.0064
20260312131702,1300,125,0.765,0.0064
20260312131703,1300,125,0.765,0.0064
20260312131704,1300,125,0.765,0.0064
20260312131705,1300,125,0.765,0.0064
20260312131706,1300,125,0.765,0.0064
20260312131707,1300,125,0.765,0.0064
20260312131708,1300,125,0.765,0.0064
20260312131709,1300,125,0.765,0.0064
20260312131710,1300,125,0.765,0.0064
20260312131711,1300,125,0.765,0.0064
20260312131712,1300,125,0.765,0.0064
20260312131713,1300,125,0.765,0.0064
20260312131715,1300,125,0.765,0.0064
20260312131716,1300,125,0.765,0.0064
20260312131717,1300,125,0.765,0.0064
20260312131718,1300,125,0.765,0.0064
20260312131719,1300,125,0.765,0.0064
20260312131720,1300,125,0.765,0.0064
20260312131721,1300,125,0.765,0.0064
20260312131722,1300,125,0.765,0.0064
20260312131723,1300,125,0.765,0.0064
20260312131724,1300,125,0.765,0.0064
20260312131725,1300,125,0.765,0.0064
20260312131726,1300,125,0.765,0.0064
20260312131727,1300,125,0.765,0.0064
20260312131728,1300,125,0.765,0.0064
20260312131729,1300,125,0.765,0.0064
20260312131730,1300,126,0.765,0.0064
20260312131731,1300,126,0.765,0.0064
20260312131732,1300,126,0.765,0.0064
20260312131733,1300,126,0.765,0.0064
20260312131734,1300,126,0.765,0.0064
20260312131735,1300,126,0.765,0.0064
20260312131736,1300,126,0.765,0.0064
20260312131737,1300,126,0.765,0.0064
20260312131738,1300,126,0.765,0.0064
20260312131739,1300,126,0.765,0.0064
20260312131740,1300,126,0.765,0.0064
20260312131741,1300,126,0.765,0.0064
20260312131742,1300,126,0.765,0.0064
20260312131743,1300,126,0.765,0.0064
20260312131744,1300,126,0.765,0.0064
20260312131745,1300,126,0.765,0.0064
20260312131746,1300,126,0.765,0.0064
20260312131747,1300,126,0.765,0.0064
20260312131748,1300,126,0.765,0.0064
20260312131749,1300,126,0.765,0.0064
20260312131750,1300,126,0.765,0.0064
20260312131751,1300,126,0.765,0.0064
20260312131752,1300,126,0.765,0.0064
20260312131753,1300,126,0.765,0.0064
20260312131754,1300,126,0.765,0.0064
20260312131755,1300,126,0.765,0.0064
20260312131756,1300,126,0.765,0.0064
20260312131757,1300,126,0.765,0.0064
20260312131758,1300,126,0.765,0.0064
20260312131759,1300,126,0.765,0.0064
20260312131800,1300,126,0.765,0.0064
20260312131801,1300,126,0.765,0.0064
20260312131802,1300,126,0.765,0.0064
20260312131803,1300,126,0.765,0.0064
20260312131804,1300,126,0.765,0.0064
20260312131805,1300,126,0.765,0.0064
20260312131806,1300,126,0.765,0.0064
20260312131807,1300,126,0.765,0.0064
20260312131808,1300,126,0.765,0.0064
20260312131809,1300,126,0.765,0.0064
20260312131810,1300,126,0.765,0.0064
20260312131811,1300,126,0.765,0.0064
20260312131812,1300,126,0.765,0.0064
20260312131813,1300,126,0.765,0.0064
20260312131814,1300,126,0.765,0.0064
20260312131815,1300,126,0.765,0.0064
20260312131816,1300,126,0.765,0.0064
20260312131817,1300,126,0.765,0.0064
20260312131818,1300,126,0.765,0.0064
20260312131819,1300,126,0.765,0.0064
20260312131820,1300,126,0.765,0.0064
20260312131821,1300,126,0.765,0.0064
20260312131822,1300,126,0.765,0.0064
20260312131824,1300,126,0.765,0.0064
20260312131825,1300,127,0.765,0.0064
20260312131826,1300,127,0.765,0.0064
20260312131827,1300,127,0.765,0.0064
20260312131828,1300,127,0.765,0.0064
20260312131829,1300,127,0.765,0.0064
20260312131830,1300,127,0.765,0.0064
20260312131831,1300,127,0.765,0.0064
20260312131832,1300,127,0.765,0.0064
20260312131833,1300,127,0.765,0.0064
20260312131834,1300,127,0.765,0.0064
20260312131835,1300,127,0.765,0.0064
20260312131836,1300,127,0.765,0.0064
20260312131837,1300,127,0.765,0.0064
20260312131838,1300,127,0.765,0.0064
20260312131839,1300,127,0.765,0.0064
20260312131840,1300,127,0.765,0.0064
20260312131841,1300,127,0.765,0.0064
20260312131842,1300,127,0.765,0.0064
20260312131843,1300,127,0.765,0.0064
20260312131844,1300,127,0.765,0.0064
20260312131845,1300,127,0.765,0.0064
20260312131846,1300,127,0.765,0.0064
20260312131847,1300,127,0.765,0.0064
20260312131848,1300,127,0.765,0.0064
20260312131849,1300,127,0.765,0.0064
20260312131850,1300,127,0.765,0.0064
20260312131851,1300,127,0.765,0.0064
20260312131852,1300,127,0.765,0.0064
20260312131853,1300,127,0.765,0.0064
20260312131854,1300,127,0.765,0.0064
20260312131855,1300,127,0.765,0.0064
20260312131856,1300,127,0.765,0.0064
20260312131857,1300,127,0.765,0.0064
20260312131858,1300,127,0.765,0.0064
20260312131859,1300,127,0.765,0.0064
20260312131900,1300,127,0.765,0.0064
20260312131901,1300,127,0.765,0.0064
20260312131902,1300,127,0.765,0.0064
20260312131903,1300,127,0.765,0.0064
20260312131904,1300,127,0.765,0.0064
20260312131905,1300,127,0.765,0.0064
20260312131906,1300,127,0.765,0.0064
20260312131907,1300,127,0.765,0.0064
20260312131908,1300,127,0.765,0.0064
20260312131909,1300,127,0.765,0.0064
20260312131910,1300,127,0.765,0.0064
20260312131911,1300,127,0.765,0.0064
20260312131912,1300,127,0.765,0.0064
20260312131913,1300,127,0.765,0.0064
20260312131914,1300,127,0.765,0.0064
20260312131915,1300,127,0.765,0.0064
20260312131916,1300,127,0.765,0.0064
20260312131917,1300,127,0.765,0.0064
20260312131918,1300,127,0.765,0.0064
20260312131919,1300,127,0.765,0.0064
20260312131920,1300,128,0.765,0.0064
20260312131921,1300,128,0.7649,0.0064
20260312131922,1300,128,0.7649,0.0064
20260312131923,1300,128,0.7649,0.0064
20260312131924,1300,128,0.7649,0.0064
20260312131925,1300,128,0.7649,0.0064
20260312131926,1300,128,0.7649,0.0064
20260312131927,1300,128,0.7649,0.0064
20260312131929,1300,128,0.7649,0.0064
20260312131930,1300,128,0.7649,0.0064
20260312131931,1300,128,0.7649,0.0064
20260312131932,1300,128,0.7649,0.0064
20260312131933,1300,128,0.7649,0.0064
20260312131934,1300,128,0.7649,0.0064
20260312131935,1300,128,0.7649,0.0064
20260312131936,1300,128,0.7649,0.0064
20260312131937,1300,128,0.7649,0.0064
20260312131938,1300,128,0.7649,0.0064
20260312131939,1300,128,0.7649,0.0064
20260312131940,1300,128,0.7649,0.0064
20260312131941,1300,128,0.7649,0.0064
20260312131942,1300,128,0.7649,0.0064
20260312131943,1300,128,0.7649,0.0064
20260312131944,1300,128,0.7649,0.0064
20260312131945,1300,128,0.7649,0.0064
20260312131946,1300,128,0.7649,0.0064
20260312131947,1300,128,0.7649,0.0064
20260312131948,1300,128,0.7649,0.0064
20260312131949,1300,128,0.7649,0.0064
20260312131950,1300,128,0.7649,0.0064
20260312131951,1300,128,0.7649,0.0064
20260312131952,1300,128,0.7649,0.0064
20260312131953,1300,128,0.7649,0.0064
20260312131954,1300,128,0.7649,0.0064
20260312131955,1300,128,0.7649,0.0064
20260312131956,1300,128,0.7649,0.0064
20260312131957,1300,128,0.7649,0.0064
20260312131958,1300,128,0.7649,0.0064
20260312131959,1300,128,0.7649,0.0064
20260312132000,1300,128,0.7649,0.0064
20260312132001,1300,128,0.7649,0.0064
20260312132002,1300,128,0.7649,0.0064
20260312132003,1300,128,0.7649,0.0064
20260312132004,1300,128,0.7649,0.0064
20260312132005,1300,128,0.7649,0.0064
20260312132006,1300,128,0.7649,0.0064
20260312132007,1300,128,0.7649,0.0064
20260312132008,1300,128,0.7649,0.0064
20260312132009,1300,128,0.7649,0.0064
20260312132010,1300,128,0.7649,0.0064
20260312132011,1300,128,0.7649,0.0064
20260312132012,1300,128,0.7649,0.0064
20260312132013,1300,128,0.7649,0.0064
20260312132014,1300,128,0.7649,0.0064
20260312132015,1300,129,0.7649,0.0064
20260312132016,1300,129,0.7649,0.0064
20260312132017,1300,129,0.7649,0.0064
20260312132018,1300,129,0.7649,0.0064
20260312132019,1300,129,0.7649,0.0064
20260312132020,1300,129,0.7649,0.0064
20260312132021,1300,129,0.7649,0.0064
20260312132022,1300,129,0.7649,0.0064
20260312132023,1300,129,0.7649,0.0064
20260312132024,1300,129,0.7649,0.0064
20260312132025,1300,129,0.7649,0.0064
20260312132026,1300,129,0.7649,0.0064
20260312132027,1300,129,0.7649,0.0064
20260312132028,1300,129,0.7649,0.0064
20260312132029,1300,129,0.7649,0.0064
20260312132030,1300,129,0.7649,0.0064
20260312132031,1300,129,0.7649,0.0064
20260312132032,1300,129,0.7649,0.0064
20260312132033,1300,129,0.7649,0.0064
20260312132034,1300,129,0.7649,0.0064
20260312132036,1300,129,0.7649,0.0064
20260312132037,1300,129,0.7649,0.0064
20260312132038,1300,129,0.7649,0.0064
20260312132039,1300,129,0.7649,0.0064
20260312132040,1300,129,0.7649,0.0064
20260312132041,1300,129,0.7649,0.0064
20260312132042,1300,129,0.7649,0.0064
20260312132043,1300,129,0.7649,0.0064
20260312132044,1300,129,0.7649,0.0064
20260312132045,1300,129,0.7649,0.0064
20260312132046,1300,129,0.7649,0.0064
20260312132047,1300,129,0.7649,0.0064
20260312132048,1300,129,0.7649,0.0064
20260312132049,1300,129,0.7649,0.0064
20260312132050,1300,129,0.7649,0.0064
20260312132051,1300,129,0.7649,0.0064
20260312132052,1300,129,0.7649,0.0064
20260312132053,1300,129,0.7649,0.0064
20260312132054,1300,129,0.7649,0.0064
20260312132055,1300,129,0.7649,0.0064
20260312132056,1300,129,0.7649,0.0064
20260312132057,1300,129,0.7649,0.0064
20260312132058,1300,129,0.7649,0.0064
20260312132059,1300,129,0.7649,0.0064
20260312132100,1300,129,0.7649,0.0064
20260312132101,1300,129,0.7649,0.0064
20260312132102,1300,129,0.7649,0.0064
20260312132103,1300,129,0.7649,0.0064
20260312132104,1300,129,0.7649,0.0064
20260312132105,1300,129,0.7649,0.0064
20260312132106,1300,129,0.7649,0.0064
20260312132107,1300,129,0.7649,0.0064
20260312132108,1300,129,0.7649,0.0064
20260312132109,1300,129,0.7649,0.0064
20260312132110,1300,130,0.7649,0.0064
20260312132111,1300,130,0.7649,0.0064
20260312132112,1300,130,0.7649,0.0064
20260312132113,1300,130,0.7649,0.0064
20260312132114,1300,130,0.7649,0.0064
20260312132115,1300,130,0.7649,0.0064
20260312132116,1300,130,0.7649,0.0064
20260312132117,1300,130,0.7649,0.0064
20260312132118,1300,130,0.7649,0.0064
20260312132119,1300,130,0.7649,0.0064
20260312132120,1300,130,0.7649,0.0064
20260312132121,1300,130,0.7649,0.0064
20260312132122,1300,130,0.7649,0.0064
20260312132123,1300,130,0.7649,0.0064
20260312132124,1300,130,0.7649,0.0064
20260312132125,1300,130,0.7649,0.0064
20260312132126,1300,130,0.7649,0.0064
20260312132127,1300,130,0.7649,0.0064
20260312132128,1300,130,0.7649,0.0064
20260312132129,1300,130,0.7649,0.0064
20260312132130,1300,130,0.7649,0.0064
20260312132131,1300,130,0.7649,0.0064
20260312132132,1300,130,0.7649,0.0064
20260312132133,1300,130,0.7649,0.0064
20260312132134,1300,130,0.7649,0.0064
20260312132135,1300,130,0.7649,0.0064
20260312132136,1300,130,0.7649,0.0064
20260312132137,1300,130,0.7649,0.0064
20260312132138,1300,130,0.7649,0.0064
20260312132139,1300,130,0.7649,0.0064
20260312132141,1300,130,0.7649,0.0064
20260312132142,1300,130,0.7649,0.0064
20260312132143,1300,130,0.7649,0.0064
20260312132144,1300,130,0.7649,0.0064
20260312132145,1300,130,0.7649,0.0064
20260312132146,1300,130,0.7649,0.0064
20260312132147,1300,130,0.7649,0.0064
20260312132148,1300,130,0.7649,0.0064
20260312132149,1300,130,0.7649,0.0064
20260312132150,1300,130,0.7649,0.0064
20260312132151,1300,130,0.7649,0.0064
20260312132152,1300,130,0.7649,0.0064
20260312132153,1300,130,0.7649,0.0064
20260312132154,1300,130,0.7649,0.0064
20260312132155,1300,130,0.7649,0.0064
20260312132156,1300,130,0.7649,0.0064
20260312132157,1300,130,0.7649,0.0064
20260312132158,1300,130,0.7649,0.0064
20260312132159,1300,130,0.7649,0.0064
20260312132200,1300,130,0.7649,0.0064
20260312132201,1300,130,0.7649,0.0064
20260312132202,1300,130,0.7649,0.0064
20260312132203,1300,130,0.7649,0.0064
20260312132204,1300,130,0.7649,0.0064
20260312132205,1300,131,0.7649,0.0064
20260312132206,1300,131,0.7649,0.0064
20260312132207,1300,131,0.7649,0.0064
20260312132208,1300,131,0.7649,0.0064
20260312132209,1300,131,0.7649,0.0064
20260312132210,1300,131,0.7649,0.0064
20260312132211,1300,131,0.7649,0.0064
20260312132212,1300,131,0.7649,0.0064
20260312132213,1300,131,0.7649,0.0064
20260312132214,1300,131,0.7649,0.0064
20260312132215,1300,131,0.7649,0.0064
20260312132216,1300,131,0.7649,0.0064
20260312132217,1300,131,0.7649,0.0064
20260312132218,1300,131,0.7649,0.0064
20260312132219,1300,131,0.7649,0.0064
20260312132220,1300,131,0.7649,0.0064
20260312132221,1300,131,0.7649,0.0064
20260312132222,1300,131,0.7649,0.0064
20260312132223,1300,131,0.7649,0.0064
20260312132224,1300,131,0.7649,0.0064
20260312132225,1300,131,0.7649,0.0064
20260312132226,1300,131,0.7649,0.0064
20260312132227,1300,131,0.7649,0.0064
20260312132228,1300,131,0.7649,0.0064
20260312132229,1300,131,0.7649,0.0064
20260312132230,1300,131,0.7649,0.0064
20260312132231,1300,131,0.7649,0.0064
20260312132232,1300,131,0.7649,0.0064
20260312132233,1300,131,0.7649,0.0064
20260312132234,1300,131,0.7649,0.0064
20260312132235,1300,131,0.7649,0.0064
20260312132236,1300,131,0.7649,0.0064
20260312132237,1300,131,0.7649,0.0064
20260312132238,1300,131,0.7649,0.0064
20260312132239,1300,131,0.7649,0.0064
20260312132240,1300,131,0.7649,0.0064
20260312132241,1300,131,0.7649,0.0064
20260312132242,1300,131,0.7649,0.0064
20260312132243,1300,131,0.7649,0.0064
20260312132244,1300,131,0.7649,0.0064
20260312132245,1300,131,0.7649,0.0064
20260312132246,1300,131,0.7649,0.0064
20260312132247,1300,131,0.7649,0.0064
20260312132248,1300,131,0.7649,0.0064
20260312132249,1300,131,0.7649,0.0064
20260312132250,1300,131,0.7649,0.0064
20260312132252,1300,131,0.7649,0.0064
20260312132253,1300,131,0.7649,0.0064
20260312132254,1300,131,0.7649,0.0064
20260312132255,1300,131,0.7649,0.0064
20260312132256,1300,131,0.7648,0.0064
20260312132257,1300,131,0.7648,0.0064
20260312132258,1300,131,0.7648,0.0064
20260312132259,1300,131,0.7648,0.0064
20260312132300,1300,132,0.7648,0.0064
20260312132301,1300,132,0.7648,0.0064
20260312132302,1300,132,0.7648,0.0064
20260312132303,1300,132,0.7648,0.0064
20260312132304,1300,132,0.7648,0.0064
20260312132305,1300,132,0.7648,0.0064
20260312132306,1300,132,0.7648,0.0064
20260312132307,1300,132,0.7648,0.0064
20260312132308,1300,132,0.7648,0.0064
20260312132309,1300,132,0.7648,0.0064
20260312132310,1300,132,0.7648,0.0064
20260312132311,1300,132,0.7648,0.0064
20260312132312,1300,132,0.7648,0.0064
20260312132313,1300,132,0.7648,0.0064
20260312132314,1300,132,0.7648,0.0064
20260312132315,1300,132,0.7648,0.0064
20260312132316,1300,132,0.7648,0.0064
20260312132317,1300,132,0.7648,0.0064
20260312132318,1300,132,0.7648,0.0064
20260312132319,1300,132,0.7648,0.0064
20260312132320,1300,132,0.7648,0.0064
20260312132321,1300,132,0.7648,0.0064
20260312132322,1300,132,0.7648,0.0064
20260312132323,1300,132,0.7648,0.0064
20260312132324,1300,132,0.7648,0.0064
20260312132325,1300,132,0.7648,0.0064
20260312132326,1300,132,0.7648,0.0064
20260312132327,1300,132,0.7648,0.0064
20260312132328,1300,132,0.7648,0.0064
20260312132329,1300,132,0.7648,0.0064
20260312132330,1300,132,0.7648,0.0064
20260312132331,1300,132,0.7648,0.0064
20260312132332,1300,132,0.7648,0.0064
20260312132333,1300,132,0.7648,0.0064
20260312132334,1300,132,0.7648,0.0064
20260312132335,1300,132,0.7648,0.0064
20260312132336,1300,132,0.7648,0.0064
20260312132337,1300,132,0.7648,0.0064
20260312132338,1300,132,0.7648,0.0064
20260312132339,1300,132,0.7648,0.0064
20260312132340,1300,132,0.7648,0.0064
20260312132341,1300,132,0.7648,0.0064
20260312132342,1300,132,0.7648,0.0064
20260312132343,1300,132,0.7648,0.0064
20260312132344,1300,132,0.7648,0.0064
20260312132345,1300,132,0.7648,0.0064
20260312132346,1300,132,0.7648,0.0064
20260312132347,1300,132,0.7648,0.0064
20260312132348,1300,132,0.7648,0.0064
20260312132349,1300,132,0.7648,0.0064
20260312132350,1300,132,0.7648,0.0064
20260312132351,1300,132,0.7648,0.0064
20260312132352,1300,132,0.7648,0.0064
20260312132353,1300,132,0.7648,0.0064
20260312132354,1300,132,0.7648,0.0064
20260312132355,1300,133,0.7648,0.0064
20260312132356,1300,133,0.7648,0.0064
20260312132357,1300,133,0.7648,0.0064
20260312132358,1300,133,0.7648,0.0064
20260312132359,1300,133,0.7648,0.0064
20260312132401,1300,133,0.7648,0.0064
20260312132402,1300,133,0.7648,0.0064
20260312132403,1300,133,0.7648,0.0064
20260312132404,1300,133,0.7648,0.0064
20260312132405,1300,133,0.7648,0.0064
20260312132406,1300,133,0.7648,0.0064
20260312132407,1300,133,0.7648,0.0064
20260312132408,1300,133,0.7648,0.0064
20260312132409,1300,133,0.7648,0.0064
20260312132410,1300,133,0.7648,0.0064
20260312132411,1300,133,0.7648,0.0064
20260312132412,1300,133,0.7648,0.0064
20260312132413,1300,133,0.7648,0.0064
20260312132414,1300,133,0.7648,0.0064
20260312132415,1300,133,0.7648,0.0064
20260312132416,1300,133,0.7648,0.0064
20260312132417,1300,133,0.7648,0.0064
20260312132418,1300,133,0.7648,0.0064
20260312132419,1300,133,0.7648,0.0064
20260312132420,1300,133,0.7648,0.0064
20260312132421,1300,133,0.7648,0.0064
20260312132422,1300,133,0.7648,0.0064
20260312132423,1300,133,0.7648,0.0064
20260312132424,1300,133,0.7648,0.0064
20260312132425,1300,133,0.7648,0.0064
20260312132426,1300,133,0.7648,0.0064
20260312132427,1300,133,0.7648,0.0064
20260312132428,1300,133,0.7648,0.0064
20260312132429,1300,133,0.7648,0.0064
20260312132430,1300,133,0.7648,0.0064
20260312132431,1300,133,0.7648,0.0064
20260312132432,1300,133,0.7648,0.0064
20260312132433,1300,133,0.7648,0.0064
20260312132434,1300,133,0.7648,0.0064
20260312132435,1300,133,0.7648,0.0064
20260312132436,1300,133,0.7648,0.0064
20260312132437,1300,133,0.7648,0.0064
20260312132438,1300,133,0.7648,0.0064
20260312132439,1300,133,0.7648,0.0064
20260312132440,1300,133,0.7648,0.0064
20260312132441,1300,133,0.7648,0.0064
20260312132442,1300,133,0.7648,0.0064
20260312132443,1300,133,0.7648,0.0064
20260312132444,1300,133,0.7648,0.0064
20260312132445,1300,133,0.7648,0.0064
20260312132446,1300,133,0.7648,0.0064
20260312132447,1300,133,0.7648,0.0064
20260312132448,1300,133,0.7648,0.0064
20260312132449,1300,133,0.7648,0.0064
20260312132450,1300,134,0.7648,0.0064
20260312132451,1300,134,0.7648,0.0064
20260312132452,1300,134,0.7648,0.0064
20260312132453,1300,134,0.7648,0.0064
20260312132454,1300,134,0.7648,0.0064
20260312132455,1300,134,0.7648,0.0064
20260312132456,1300,134,0.7648,0.0064
20260312132457,1300,134,0.7648,0.0064
20260312132458,1300,134,0.7648,0.0064
20260312132459,1300,134,0.7648,0.0064
20260312132500,1300,134,0.7648,0.0064
20260312132501,1300,134,0.7648,0.0064
20260312132502,1300,134,0.7648,0.0064
20260312132503,1300,134,0.7648,0.0064
20260312132504,1300,134,0.7648,0.0064
20260312132505,1300,134,0.7648,0.0064
20260312132506,1300,134,0.7648,0.0064
20260312132507,1300,134,0.7648,0.0064
20260312132508,1300,134,0.7648,0.0064
20260312132510,1300,134,0.7648,0.0064
20260312132511,1300,134,0.7648,0.0064
20260312132512,1300,134,0.7648,0.0064
20260312132513,1300,134,0.7648,0.0064
20260312132514,1300,134,0.7648,0.0064
20260312132515,1300,134,0.7648,0.0064
20260312132516,1300,134,0.7648,0.0064
20260312132517,1300,134,0.7648,0.0064
20260312132518,1300,134,0.7648,0.0064
20260312132519,1300,134,0.7648,0.0064
20260312132520,1300,134,0.7648,0.0064
20260312132521,1300,134,0.7648,0.0064
20260312132522,1300,134,0.7648,0.0064
20260312132523,1300,134,0.7648,0.0064
20260312132524,1300,134,0.7648,0.0064
20260312132525,1300,134,0.7648,0.0064
20260312132526,1300,134,0.7648,0.0064
20260312132527,1300,134,0.7648,0.0064
20260312132528,1300,134,0.7648,0.0064
20260312132529,1300,134,0.7648,0.0064
20260312132530,1300,134,0.7648,0.0064
20260312132531,1300,134,0.7648,0.0064
20260312132532,1300,134,0.7648,0.0064
20260312132533,1300,134,0.7648,0.0064
20260312132534,1300,134,0.7648,0.0064
20260312132535,1300,134,0.7648,0.0064
20260312132536,1300,134,0.7648,0.0064
20260312132537,1300,134,0.7648,0.0064
20260312132538,1300,134,0.7648,0.0064
20260312132539,1300,134,0.7648,0.0064
20260312132540,1300,134,0.7648,0.0064
20260312132541,1300,134,0.7648,0.0064
20260312132542,1300,134,0.7648,0.0064
20260312132543,1300,134,0.7648,0.0064
20260312132544,1300,134,0.7648,0.0064
20260312132545,1300,134,0.7648,0.0064
20260312132546,1300,135,0.7648,0.0064
20260312132547,1300,135,0.7648,0.0064
20260312132548,1300,135,0.7648,0.0064
20260312132549,1300,135,0.7648,0.0064
20260312132550,1300,135,0.7648,0.0064
20260312132551,1300,135,0.7648,0.0064
20260312132552,1300,135,0.7648,0.0064
20260312132553,1300,135,0.7648,0.0064
20260312132554,1300,135,0.7648,0.0064
20260312132555,1300,135,0.7648,0.0064
20260312132556,1300,135,0.7648,0.0064
20260312132557,1300,135,0.7648,0.0064
20260312132558,1300,135,0.7648,0.0064
20260312132559,1300,135,0.7648,0.0064
20260312132600,1300,135,0.7648,0.0064
20260312132601,1300,135,0.7648,0.0064
20260312132602,1300,135,0.7648,0.0064
20260312132603,1300,135,0.7648,0.0064
20260312132604,1300,135,0.7648,0.0064
20260312132605,1300,135,0.7648,0.0064
20260312132606,1300,135,0.7648,0.0064
20260312132607,1300,135,0.7648,0.0064
20260312132608,1300,135,0.7648,0.0064
20260312132609,1300,135,0.7648,0.0064
20260312132610,1300,135,0.7648,0.0064
20260312132611,1300,135,0.7648,0.0064
20260312132612,1300,135,0.7648,0.0064
20260312132613,1300,135,0.7648,0.0064
20260312132614,1300,135,0.7648,0.0064
20260312132615,1300,135,0.7648,0.0064
20260312132616,1300,135,0.7647,0.0064
20260312132617,1300,135,0.7647,0.0064
20260312132618,1300,135,0.7647,0.0064
20260312132620,1300,135,0.7647,0.0064
20260312132621,1300,135,0.7647,0.0064
20260312132622,1300,135,0.7647,0.0064
20260312132623,1300,135,0.7647,0.0064
20260312132624,1300,135,0.7647,0.0064
20260312132625,1300,135,0.7647,0.0064
20260312132626,1300,135,0.7647,0.0064
20260312132627,1300,135,0.7647,0.0064
20260312132628,1300,135,0.7647,0.0064
20260312132629,1300,135,0.7647,0.0064
20260312132630,1300,135,0.7647,0.0064
20260312132631,1300,135,0.7647,0.0064
20260312132632,1300,135,0.7647,0.0064
20260312132633,1300,135,0.7647,0.0064
20260312132634,1300,135,0.7647,0.0064
20260312132635,1300,135,0.7647,0.0064
20260312132636,1300,135,0.7647,0.0064
20260312132637,1300,135,0.7647,0.0064
20260312132638,1300,135,0.7647,0.0064
20260312132639,1300,135,0.7647,0.0064
20260312132640,1300,136,0.7647,0.0064
20260312132641,1300,136,0.7647,0.0064
20260312132642,1300,136,0.7647,0.0064
20260312132643,1300,136,0.7647,0.0064
20260312132644,1300,136,0.7647,0.0064
20260312132645,1300,136,0.7647,0.0064
20260312132646,1300,136,0.7647,0.0064
20260312132647,1300,136,0.7647,0.0064
20260312132648,1300,136,0.7647,0.0064
20260312132649,1300,136,0.7647,0.0064
20260312132650,1300,136,0.7647,0.0064
20260312132651,1300,136,0.7647,0.0064
20260312132652,1300,136,0.7647,0.0064
20260312132653,1300,136,0.7647,0.0064
20260312132654,1300,136,0.7647,0.0064
20260312132655,1300,136,0.7647,0.0064
20260312132656,1300,136,0.7647,0.0064
20260312132657,1300,136,0.7647,0.0064
20260312132658,1300,136,0.7647,0.0064
20260312132659,1300,136,0.7647,0.0064
20260312132700,1300,136,0.7647,0.0064
20260312132701,1300,136,0.7647,0.0064
20260312132702,1300,136,0.7647,0.0064
20260312132703,1300,136,0.7647,0.0064
20260312132704,1300,136,0.7647,0.0064
20260312132705,1300,136,0.7647,0.0064
20260312132706,1300,136,0.7647,0.0064
20260312132707,1300,136,0.7647,0.0064
20260312132708,1300,136,0.7647,0.0064
20260312132709,1300,136,0.7647,0.0064
20260312132710,1300,136,0.7647,0.0064
20260312132711,1300,136,0.7647,0.0064
20260312132712,1300,136,0.7647,0.0064
20260312132713,1300,136,0.7647,0.0064
20260312132714,1300,136,0.7647,0.0064
20260312132715,1300,136,0.7647,0.0064
20260312132716,1300,136,0.7647,0.0064
20260312132717,1300,136,0.7647,0.0064
20260312132718,1300,136,0.7647,0.0064
20260312132719,1300,136,0.7647,0.0064
20260312132720,1300,136,0.7647,0.0064
20260312132721,1300,136,0.7647,0.0064
20260312132722,1300,136,0.7647,0.0064
20260312132723,1300,136,0.7647,0.0064
20260312132724,1300,136,0.7647,0.0064
20260312132725,1300,136,0.7647,0.0064
20260312132726,1300,136,0.7647,0.0064
20260312132727,1300,136,0.7647,0.0064
20260312132728,1300,136,0.7647,0.0064
20260312132729,1300,136,0.7647,0.0064
20260312132730,1300,136,0.7647,0.0064
20260312132732,1300,136,0.7647,0.0064
20260312132733,1300,136,0.7647,0.0064
20260312132734,1300,136,0.7647,0.0064
20260312132735,1300,137,0.7647,0.0064
20260312132736,1300,137,0.7647,0.0064
20260312132737,1300,137,0.7647,0.0064
20260312132738,1300,137,0.7647,0.0064
20260312132739,1300,137,0.7647,0.0064
20260312132740,1300,137,0.7647,0.0064
20260312132741,1300,137,0.7647,0.0064
20260312132742,1300,137,0.7647,0.0064
20260312132743,1300,137,0.7647,0.0064
20260312132744,1300,137,0.7647,0.0064
20260312132745,1300,137,0.7647,0.0064
20260312132746,1300,137,0.7647,0.0064
20260312132747,1300,137,0.7647,0.0064
20260312132748,1300,137,0.7647,0.0064
20260312132749,1300,137,0.7647,0.0064
20260312132750,1300,137,0.7647,0.0064
20260312132751,1300,137,0.7647,0.0064
20260312132752,1300,137,0.7647,0.0064
20260312132753,1300,137,0.7647,0.0064
20260312132754,1300,137,0.7647,0.0064
20260312132755,1300,137,0.7647,0.0064
20260312132756,1300,137,0.7647,0.0064
20260312132757,1300,137,0.7647,0.0064
20260312132758,1300,137,0.7647,0.0064
20260312132759,1300,137,0.7647,0.0064
20260312132800,1300,137,0.7647,0.0064
20260312132801,1300,137,0.7647,0.0064
20260312132802,1300,137,0.7647,0.0064
20260312132803,1300,137,0.7647,0.0064
20260312132804,1300,137,0.7647,0.0064
20260312132805,1300,137,0.7647,0.0064
20260312132806,1300,137,0.7647,0.0064
20260312132807,1300,137,0.7647,0.0064
20260312132808,1300,137,0.7647,0.0064
20260312132809,1300,137,0.7647,0.0064
20260312132810,1300,137,0.7647,0.0064
20260312132811,1300,137,0.7647,0.0064
20260312132812,1300,137,0.7647,0.0064
20260312132813,1300,137,0.7647,0.0064
20260312132814,1300,137,0.7647,0.0064
20260312132815,1300,137,0.7647,0.0064
20260312132816,1300,137,0.7647,0.0064
20260312132817,1300,137,0.7647,0.0064
20260312132818,1300,137,0.7647,0.0064
20260312132819,1300,137,0.7647,0.0064
20260312132820,1300,137,0.7647,0.0064
20260312132821,1300,137,0.7647,0.0064
20260312132822,1300,137,0.7647,0.0064
20260312132823,1300,137,0.7647,0.0064
20260312132824,1300,137,0.7647,0.0064
20260312132825,1300,137,0.7647,0.0064
20260312132826,1300,137,0.7647,0.0064
20260312132827,1300,137,0.7647,0.0064
20260312132828,1300,137,0.7647,0.0064
20260312132829,1300,137,0.7647,0.0064
20260312132830,1300,137,0.7647,0.0064
20260312132831,1300,138,0.7647,0.0064
20260312132832,1300,138,0.7647,0.0064
20260312132833,1300,138,0.7647,0.0064
20260312132834,1300,138,0.7647,0.0064
20260312132835,1300,138,0.7647,0.0064
20260312132836,1300,138,0.7647,0.0064
20260312132837,1300,138,0.7647,0.0064
20260312132838,1300,138,0.7647,0.0064
20260312132839,1300,138,0.7647,0.0064
20260312132841,1300,138,0.7647,0.0064
20260312132842,1300,138,0.7647,0.0064
20260312132843,1300,138,0.7647,0.0064
20260312132844,1300,138,0.7647,0.0064
20260312132845,1300,138,0.7647,0.0064
20260312132846,1300,138,0.7647,0.0064
20260312132847,1300,138,0.7647,0.0064
20260312132848,1300,138,0.7647,0.0064
20260312132849,1300,138,0.7647,0.0064
20260312132850,1300,138,0.7647,0.0064
20260312132851,1300,138,0.7647,0.0064
20260312132852,1300,138,0.7647,0.0064
20260312132853,1300,138,0.7647,0.0064
20260312132854,1300,138,0.7647,0.0064
20260312132855,1300,138,0.7647,0.0064
20260312132856,1300,138,0.7647,0.0064
20260312132857,1300,138,0.7647,0.0064
20260312132858,1300,138,0.7647,0.0064
20260312132859,1300,138,0.7647,0.0064
20260312132900,1300,138,0.7647,0.0064
20260312132901,1300,138,0.7647,0.0064
20260312132902,1300,138,0.7647,0.0064
20260312132903,1300,138,0.7647,0.0064
20260312132904,1300,138,0.7647,0.0064
20260312132905,1300,138,0.7647,0.0064
20260312132906,1300,138,0.7647,0.0064
20260312132907,1300,138,0.7647,0.0064
20260312132908,1300,138,0.7647,0.0064
20260312132909,1300,138,0.7647,0.0064
20260312132910,1300,138,0.7647,0.0064
20260312132911,1300,138,0.7647,0.0064
20260312132912,1300,138,0.7647,0.0064
20260312132913,1300,138,0.7647,0.0064
20260312132914,1300,138,0.7647,0.0064
20260312132915,1300,138,0.7647,0.0064
20260312132916,1300,138,0.7647,0.0064
20260312132917,1300,138,0.7647,0.0064
20260312132918,1300,138,0.7647,0.0064
20260312132919,1300,138,0.7647,0.0064
20260312132920,1300,138,0.7647,0.0064
20260312132921,1300,138,0.7647,0.0064
20260312132922,1300,138,0.7647,0.0064
20260312132923,1300,138,0.7647,0.0064
20260312132924,1300,138,0.7647,0.0064
20260312132925,1300,138,0.7647,0.0064
20260312132926,1300,139,0.7647,0.0064
20260312132927,1300,139,0.7647,0.0064
20260312132928,1300,139,0.7647,0.0064
20260312132929,1300,139,0.7647,0.0064
20260312132930,1300,139,0.7647,0.0064
20260312132931,1300,139,0.7647,0.0064
20260312132932,1300,139,0.7647,0.0064
20260312132933,1300,139,0.7647,0.0064
20260312132934,1300,139,0.7646,0.0064
20260312132935,1300,139,0.7646,0.0064
20260312132936,1300,139,0.7646,0.0064
20260312132937,1300,139,0.7646,0.0064
20260312132938,1300,139,0.7646,0.0064
20260312132939,1300,139,0.7646,0.0064
20260312132940,1300,139,0.7646,0.0064
20260312132941,1300,139,0.7646,0.0064
20260312132942,1300,139,0.7646,0.0064
20260312132943,1300,139,0.7646,0.0064
20260312132944,1300,139,0.7646,0.0064
20260312132945,1300,139,0.7646,0.0064
20260312132946,1300,139,0.7646,0.0064
20260312132947,1300,139,0.7646,0.0064
20260312132948,1300,139,0.7646,0.0064
20260312132949,1300,139,0.7646,0.0064
20260312132951,1300,139,0.7646,0.0064
20260312132952,1300,139,0.7646,0.0064
20260312132953,1300,139,0.7646,0.0064
20260312132954,1300,139,0.7646,0.0064
20260312132955,1300,139,0.7646,0.0064
20260312132956,1300,139,0.7646,0.0064
20260312132957,1300,139,0.7646,0.0064
20260312132958,1300,139,0.7646,0.0064
20260312132959,1300,139,0.7646,0.0064
20260312133000,1300,139,0.7646,0.0064
20260312133001,1300,139,0.7646,0.0064
20260312133002,1300,139,0.7646,0.0064
20260312133003,1300,139,0.7646,0.0064
20260312133004,1300,139,0.7646,0.0064
20260312133005,1300,139,0.7646,0.0064
20260312133006,1300,139,0.7646,0.0064
20260312133007,1300,139,0.7646,0.0064
20260312133008,1300,139,0.7646,0.0064
20260312133009,1300,139,0.7646,0.0064
20260312133010,1300,139,0.7646,0.0064
20260312133011,1300,139,0.7646,0.0064
20260312133012,1300,139,0.7646,0.0064
20260312133013,1300,139,0.7646,0.0064
20260312133014,1300,139,0.7646,0.0064
20260312133015,1300,139,0.7646,0.0064
20260312133016,1300,139,0.7646,0.0064
20260312133017,1300,139,0.7646,0.0064
20260312133018,1300,139,0.7646,0.0064
20260312133019,1300,139,0.7646,0.0064
20260312133020,1300,140,0.7646,0.0064
20260312133021,1300,140,0.7646,0.0064
20260312133022,1300,140,0.7646,0.0064
20260312133023,1300,140,0.7646,0.0064
20260312133024,1300,140,0.7646,0.0064
20260312133025,1300,140,0.7646,0.0064
20260312133026,1300,140,0.7646,0.0064
20260312133027,1300,140,0.7646,0.0064
20260312133028,1300,140,0.7646,0.0064
20260312133029,1300,140,0.7646,0.0064
20260312133030,1300,140,0.7646,0.0064
20260312133031,1300,140,0.7646,0.0064
20260312133032,1300,140,0.7646,0.0064
20260312133033,1300,140,0.7646,0.0064
20260312133034,1300,140,0.7646,0.0064
20260312133035,1300,140,0.7646,0.0064
20260312133036,1300,140,0.7646,0.0064
20260312133037,1300,140,0.7646,0.0064
20260312133038,1300,140,0.7646,0.0064
20260312133039,1300,140,0.7646,0.0064
20260312133040,1300,140,0.7646,0.0064
20260312133041,1300,140,0.7646,0.0064
20260312133042,1300,140,0.7646,0.0064
20260312133043,1300,140,0.7646,0.0064
20260312133044,1300,140,0.7646,0.0064
20260312133045,1300,140,0.7646,0.0064
20260312133046,1300,140,0.7646,0.0064
20260312133047,1300,140,0.7646,0.0064
20260312133048,1300,140,0.7646,0.0064
20260312133049,1300,140,0.7646,0.0064
20260312133050,1300,140,0.7646,0.0064
20260312133051,1300,140,0.7646,0.0064
20260312133052,1300,140,0.7646,0.0064
20260312133053,1300,140,0.7646,0.0064
20260312133054,1300,140,0.7646,0.0064
20260312133055,1300,140,0.7646,0.0064
20260312133056,1300,140,0.7646,0.0064
20260312133057,1300,140,0.7646,0.0064
20260312133058,1300,140,0.7646,0.0064
20260312133059,1300,140,0.7646,0.0064
20260312133100,1300,140,0.7646,0.0064
20260312133102,1300,140,0.7646,0.0064
20260312133103,1300,140,0.7646,0.0064
20260312133104,1300,140,0.7646,0.0064
20260312133105,1300,140,0.7646,0.0064
20260312133106,1300,140,0.7646,0.0064
20260312133107,1300,140,0.7646,0.0064
20260312133108,1300,140,0.7646,0.0064
20260312133109,1300,140,0.7646,0.0064
20260312133110,1300,140,0.7646,0.0064
20260312133111,1300,140,0.7646,0.0064
20260312133112,1300,140,0.7646,0.0064
20260312133113,1300,140,0.7646,0.0064
20260312133114,1300,140,0.7646,0.0064
20260312133115,1300,141,0.7646,0.0064
20260312133116,1300,141,0.7646,0.0064
20260312133117,1300,141,0.7646,0.0064
20260312133118,1300,141,0.7646,0.0064
20260312133119,1300,141,0.7646,0.0064
20260312133120,1300,141,0.7646,0.0064
20260312133121,1300,141,0.7646,0.0064
20260312133122,1300,141,0.7646,0.0064
20260312133123,1300,141,0.7646,0.0064
20260312133124,1300,141,0.7646,0.0064
20260312133125,1300,141,0.7646,0.0064
20260312133126,1300,141,0.7646,0.0064
20260312133127,1300,141,0.7646,0.0064
20260312133128,1300,141,0.7646,0.0064
20260312133129,1300,141,0.7646,0.0064
20260312133130,1300,141,0.7646,0.0064
20260312133131,1300,141,0.7646,0.0064
20260312133132,1300,141,0.7646,0.0064
20260312133133,1300,141,0.7646,0.0064
20260312133134,1300,141,0.7646,0.0064
20260312133135,1300,141,0.7646,0.0064
20260312133136,1300,141,0.7646,0.0064
20260312133137,1300,141,0.7646,0.0064
20260312133138,1300,141,0.7646,0.0064
20260312133139,1300,141,0.7646,0.0064
20260312133140,1300,141,0.7646,0.0064
20260312133141,1300,141,0.7646,0.0064
20260312133142,1300,141,0.7646,0.0064
20260312133143,1300,141,0.7646,0.0064
20260312133144,1300,141,0.7646,0.0064
20260312133145,1300,141,0.7646,0.0064
20260312133146,1300,141,0.7646,0.0064
20260312133147,1300,141,0.7646,0.0064
20260312133148,1300,141,0.7646,0.0064
20260312133149,1300,141,0.7646,0.0064
20260312133150,1300,141,0.7646,0.0064
20260312133151,1300,141,0.7646,0.0064
20260312133152,1300,141,0.7646,0.0064
20260312133153,1300,141,0.7646,0.0064
20260312133154,1300,141,0.7646,0.0064
20260312133155,1300,141,0.7646,0.0064
20260312133156,1300,141,0.7646,0.0064
20260312133157,1300,141,0.7646,0.0064
20260312133158,1300,141,0.7646,0.0064
20260312133159,1300,141,0.7646,0.0064
20260312133200,1300,141,0.7646,0.0064
20260312133201,1300,141,0.7646,0.0064
20260312133202,1300,141,0.7646,0.0064
20260312133203,1300,141,0.7646,0.0064
20260312133204,1300,141,0.7646,0.0064
20260312133205,1300,141,0.7646,0.0064
20260312133206,1300,141,0.7646,0.0064
20260312133207,1300,141,0.7646,0.0064
20260312133208,1300,141,0.7646,0.0064
20260312133210,1300,142,0.7646,0.0064
20260312133211,1300,142,0.7646,0.0064
20260312133212,1300,142,0.7646,0.0064
20260312133213,1300,142,0.7646,0.0064
20260312133214,1300,142,0.7646,0.0064
20260312133215,1300,142,0.7646,0.0064
20260312133216,1300,142,0.7646,0.0064
20260312133217,1300,142,0.7646,0.0064
20260312133218,1300,142,0.7646,0.0064
20260312133219,1300,142,0.7646,0.0064
20260312133220,1300,142,0.7646,0.0064
20260312133221,1300,142,0.7646,0.0064
20260312133222,1300,142,0.7646,0.0064
20260312133223,1300,142,0.7646,0.0064
20260312133224,1300,142,0.7646,0.0064
20260312133225,1300,142,0.7646,0.0064
20260312133226,1300,142,0.7646,0.0064
20260312133227,1300,142,0.7646,0.0064
20260312133228,1300,142,0.7646,0.0064
20260312133229,1300,142,0.7646,0.0064
20260312133230,1300,142,0.7646,0.0064
20260312133231,1300,142,0.7646,0.0064
20260312133232,1300,142,0.7646,0.0064
20260312133233,1300,142,0.7646,0.0064
20260312133234,1300,142,0.7646,0.0064
20260312133235,1300,142,0.7646,0.0064
20260312133236,1300,142,0.7646,0.0064
20260312133237,1300,142,0.7646,0.0064
20260312133238,1300,142,0.7646,0.0064
20260312133239,1300,142,0.7646,0.0064
20260312133240,1300,142,0.7646,0.0064
20260312133241,1300,142,0.7646,0.0064
20260312133242,1300,142,0.7646,0.0064
20260312133243,1300,142,0.7646,0.0064
20260312133244,1300,142,0.7646,0.0064
20260312133245,1300,142,0.7646,0.0064
20260312133246,1300,142,0.7646,0.0064
20260312133247,1300,142,0.7646,0.0064
20260312133248,1300,142,0.7646,0.0064
20260312133249,1300,142,0.7646,0.0064
20260312133250,1300,142,0.7646,0.0064
20260312133251,1300,142,0.7646,0.0064
20260312133252,1300,142,0.7646,0.0064
20260312133253,1300,142,0.7646,0.0064
20260312133254,1300,142,0.7646,0.0064
20260312133255,1300,142,0.7646,0.0064
20260312133256,1300,142,0.7646,0.0064
20260312133257,1300,142,0.7646,0.0064
20260312133258,1300,142,0.7646,0.0064
20260312133259,1300,142,0.7646,0.0064
20260312133300,1300,142,0.7646,0.0064
20260312133301,1300,142,0.7646,0.0064
20260312133302,1300,142,0.7646,0.0064
20260312133303,1300,142,0.7646,0.0064
20260312133304,1300,143,0.7646,0.0064
20260312133305,1300,143,0.7646,0.0064
20260312133306,1300,143,0.7646,0.0064
20260312133307,1300,143,0.7646,0.0064
20260312133308,1300,143,0.7646,0.0064
20260312133309,1300,143,0.7645,0.0064
20260312133310,1300,143,0.7645,0.0064
20260312133311,1300,143,0.7645,0.0064
20260312133312,1300,143,0.7645,0.0064
20260312133313,1300,143,0.7645,0.0064
20260312133314,1300,143,0.7645,0.0064
20260312133315,1300,143,0.7645,0.0064
20260312133316,1300,143,0.7645,0.0064
20260312133317,1300,143,0.7645,0.0064
20260312133319,1300,143,0.7645,0.0064
20260312133320,1300,143,0.7645,0.0064
20260312133321,1300,143,0.7645,0.0064
20260312133322,1300,143,0.7645,0.0064
20260312133323,1300,143,0.7645,0.0064
20260312133324,1300,143,0.7645,0.0064
20260312133325,1300,143,0.7645,0.0064
20260312133326,1300,143,0.7645,0.0064
20260312133327,1300,143,0.7645,0.0064
20260312133328,1300,143,0.7645,0.0064
20260312133329,1300,143,0.7645,0.0064
20260312133330,1300,143,0.7645,0.0064
20260312133331,1300,143,0.7645,0.0064
20260312133332,1300,143,0.7645,0.0064
20260312133333,1300,143,0.7645,0.0064
20260312133334,1300,143,0.7645,0.0064
20260312133335,1300,143,0.7645,0.0064
20260312133336,1300,143,0.7645,0.0064
20260312133337,1300,143,0.7645,0.0064
20260312133338,1300,143,0.7645,0.0064
20260312133339,1300,143,0.7645,0.0064
20260312133340,1300,143,0.7645,0.0064
20260312133341,1300,143,0.7645,0.0064
20260312133342,1300,143,0.7645,0.0064
20260312133343,1300,143,0.7645,0.0064
20260312133344,1300,143,0.7645,0.0064
20260312133345,1300,143,0.7645,0.0064
20260312133346,1300,143,0.7645,0.0064
20260312133347,1300,143,0.7645,0.0064
20260312133348,1300,143,0.7645,0.0064
20260312133349,1300,143,0.7645,0.0064
20260312133350,1300,143,0.7645,0.0064
20260312133351,1300,143,0.7645,0.0064
20260312133352,1300,143,0.7645,0.0064
20260312133353,1300,143,0.7645,0.0064
20260312133354,1300,143,0.7645,0.0064
20260312133355,1300,143,0.7645,0.0064
20260312133356,1300,143,0.7645,0.0064
20260312133357,1300,143,0.7645,0.0064
20260312133358,1300,143,0.7645,0.0064
20260312133359,1300,144,0.7645,0.0064
20260312133400,1300,144,0.7645,0.0064
20260312133401,1300,144,0.7645,0.0064
20260312133402,1300,144,0.7645,0.0064
20260312133403,1300,144,0.7645,0.0064
20260312133404,1300,144,0.7645,0.0064
20260312133405,1300,144,0.7645,0.0064
20260312133406,1300,144,0.7645,0.0064
20260312133407,1300,144,0.7645,0.0064
20260312133408,1300,144,0.7645,0.0064
20260312133409,1300,144,0.7645,0.0064
20260312133410,1300,144,0.7645,0.0064
20260312133411,1300,144,0.7645,0.0064
20260312133412,1300,144,0.7645,0.0064
20260312133413,1300,144,0.7645,0.0064
20260312133414,1300,144,0.7645,0.0064
20260312133415,1300,144,0.7645,0.0064
20260312133416,1300,144,0.7645,0.0064
20260312133417,1300,144,0.7645,0.0064
20260312133418,1300,144,0.7645,0.0064
20260312133419,1300,144,0.7645,0.0064
20260312133420,1300,144,0.7645,0.0064
20260312133421,1300,144,0.7645,0.0064
20260312133422,1300,144,0.7645,0.0064
20260312133423,1300,144,0.7645,0.0064
20260312133424,1300,144,0.7645,0.0064
20260312133425,1300,144,0.7645,0.0064
20260312133427,1300,144,0.7645,0.0064
20260312133428,1300,144,0.7645,0.0064
20260312133429,1300,144,0.7645,0.0064
20260312133430,1300,144,0.7645,0.0064
20260312133431,1300,144,0.7645,0.0064
20260312133432,1300,144,0.7645,0.0064
20260312133433,1300,144,0.7645,0.0064
20260312133434,1300,144,0.7645,0.0064
20260312133435,1300,144,0.7645,0.0064
20260312133436,1300,144,0.7645,0.0064
20260312133437,1300,144,0.7645,0.0064
20260312133438,1300,144,0.7645,0.0064
20260312133439,1300,144,0.7645,0.0064
20260312133440,1300,144,0.7645,0.0064
20260312133441,1300,144,0.7645,0.0064
20260312133442,1300,144,0.7645,0.0064
20260312133443,1300,144,0.7645,0.0064
20260312133444,1300,144,0.7645,0.0064
20260312133445,1300,144,0.7645,0.0064
20260312133446,1300,144,0.7645,0.0064
20260312133447,1300,144,0.7645,0.0064
20260312133448,1300,144,0.7645,0.0064
20260312133449,1300,144,0.7645,0.0064
20260312133450,1300,144,0.7645,0.0064
20260312133451,1300,144,0.7645,0.0064
20260312133452,1300,144,0.7645,0.0064
20260312133453,1300,144,0.7645,0.0064
20260312133454,1300,145,0.7645,0.0064
20260312133455,1300,145,0.7645,0.0064
20260312133456,1300,145,0.7645,0.0064
20260312133457,1300,145,0.7645,0.0064
20260312133458,1300,145,0.7645,0.0064
20260312133459,1300,145,0.7645,0.0064
20260312133500,1300,145,0.7645,0.0064
20260312133501,1300,145,0.7645,0.0064
20260312133502,1300,145,0.7645,0.0064
20260312133503,1300,145,0.7645,0.0064
20260312133504,1300,145,0.7645,0.0064
20260312133505,1300,145,0.7645,0.0064
20260312133506,1300,145,0.7645,0.0064
20260312133507,1300,145,0.7645,0.0064
20260312133508,1300,145,0.7645,0.0064
20260312133509,1300,145,0.7645,0.0064
20260312133510,1300,145,0.7645,0.0064
20260312133511,1300,145,0.7645,0.0064
20260312133512,1300,145,0.7645,0.0064
20260312133513,1300,145,0.7645,0.0064
20260312133514,1300,145,0.7645,0.0064
20260312133515,1300,145,0.7645,0.0064
20260312133516,1300,145,0.7645,0.0064
20260312133517,1300,145,0.7645,0.0064
20260312133518,1300,145,0.7645,0.0064
20260312133519,1300,145,0.7645,0.0064
20260312133520,1300,145,0.7645,0.0064
20260312133521,1300,145,0.7645,0.0064
20260312133522,1300,145,0.7645,0.0064
20260312133523,1300,145,0.7645,0.0064
20260312133524,1300,145,0.7645,0.0064
20260312133525,1300,145,0.7645,0.0064
20260312133526,1300,145,0.7645,0.0064
20260312133527,1300,145,0.7645,0.0064
20260312133528,1300,145,0.7645,0.0064
20260312133529,1300,145,0.7645,0.0064
20260312133530,1300,145,0.7645,0.0064
20260312133531,1300,145,0.7645,0.0064
20260312133532,1300,145,0.7645,0.0064
20260312133533,1300,145,0.7645,0.0064
20260312133534,1300,145,0.7645,0.0064
20260312133535,1300,145,0.7645,0.0064
20260312133536,1300,145,0.7645,0.0064
20260312133537,1300,145,0.7645,0.0064
20260312133538,1300,145,0.7645,0.0064
20260312133539,1300,145,0.7645,0.0064
20260312133541,1300,145,0.7645,0.0064
20260312133542,1300,145,0.7645,0.0064
20260312133543,1300,145,0.7645,0.0064
20260312133544,1300,145,0.7645,0.0064
20260312133545,1300,145,0.7645,0.0064
20260312133546,1300,145,0.7645,0.0064
20260312133547,1300,145,0.7645,0.0064
20260312133548,1300,146,0.7645,0.0064
20260312133549,1300,146,0.7645,0.0064
20260312133550,1300,146,0.7645,0.0064
20260312133551,1300,146,0.7645,0.0064
20260312133552,1300,146,0.7645,0.0064
20260312133553,1300,146,0.7645,0.0064
20260312133554,1300,146,0.7645,0.0064
20260312133555,1300,146,0.7645,0.0064
20260312133556,1300,146,0.7645,0.0064
20260312133557,1300,146,0.7645,0.0064
20260312133558,1300,146,0.7645,0.0064
20260312133559,1300,146,0.7645,0.0064
20260312133600,1300,146,0.7645,0.0064
20260312133601,1300,146,0.7645,0.0064
20260312133602,1300,146,0.7645,0.0064
20260312133603,1300,146,0.7645,0.0064
20260312133604,1300,146,0.7645,0.0064
20260312133605,1300,146,0.7645,0.0064
20260312133606,1300,146,0.7645,0.0064
20260312133607,1300,146,0.7645,0.0064
20260312133608,1300,146,0.7645,0.0064
20260312133609,1300,146,0.7645,0.0064
20260312133610,1300,146,0.7645,0.0064
20260312133611,1300,146,0.7645,0.0064
20260312133612,1300,146,0.7645,0.0064
20260312133613,1300,146,0.7645,0.0064
20260312133614,1300,146,0.7645,0.0064
20260312133615,1300,146,0.7645,0.0064
20260312133616,1300,146,0.7645,0.0064
20260312133617,1300,146,0.7645,0.0064
20260312133618,1300,146,0.7645,0.0064
20260312133619,1300,146,0.7645,0.0064
20260312133620,1300,146,0.7645,0.0064
20260312133621,1300,146,0.7645,0.0064
20260312133622,1300,146,0.7645,0.0064
20260312133623,1300,146,0.7645,0.0064
20260312133624,1300,146,0.7645,0.0064
20260312133625,1300,146,0.7645,0.0064
20260312133626,1300,146,0.7645,0.0064
20260312133627,1300,146,0.7645,0.0064
20260312133628,1300,146,0.7645,0.0064
20260312133629,1300,146,0.7645,0.0064
20260312133630,1300,146,0.7645,0.0064
20260312133631,1300,146,0.7645,0.0064
20260312133632,1300,146,0.7645,0.0064
20260312133633,1300,146,0.7645,0.0064
20260312133634,1300,146,0.7645,0.0064
20260312133635,1300,146,0.7645,0.0064
20260312133636,1300,146,0.7645,0.0064
20260312133637,1300,146,0.7645,0.0064
20260312133638,1300,146,0.7645,0.0064
20260312133639,1300,146,0.7645,0.0064
20260312133640,1300,146,0.7645,0.0064
20260312133641,1300,147,0.7645,0.0064
20260312133642,1300,147,0.7644,0.0064
20260312133643,1300,147,0.7644,0.0064
20260312133644,1300,147,0.7644,0.0064
20260312133645,1300,147,0.7644,0.0064
20260312133647,1300,147,0.7644,0.0064
20260312133648,1300,147,0.7644,0.0064
20260312133649,1300,147,0.7644,0.0064
20260312133650,1300,147,0.7644,0.0064
20260312133651,1300,147,0.7644,0.0064
20260312133652,1300,147,0.7644,0.0064
20260312133653,1300,147,0.7644,0.0064
20260312133654,1300,147,0.7644,0.0064
20260312133655,1300,147,0.7644,0.0064
20260312133656,1300,147,0.7644,0.0064
20260312133657,1300,147,0.7644,0.0064
20260312133658,1300,147,0.7644,0.0064
20260312133659,1300,147,0.7644,0.0064
20260312133700,1300,147,0.7644,0.0064
20260312133701,1300,147,0.7644,0.0064
20260312133702,1300,147,0.7644,0.0064
20260312133703,1300,147,0.7644,0.0064
20260312133704,1300,147,0.7644,0.0064
20260312133705,1300,147,0.7644,0.0064
20260312133706,1300,147,0.7644,0.0064
20260312133707,1300,147,0.7644,0.0064
20260312133708,1300,147,0.7644,0.0064
20260312133709,1300,147,0.7644,0.0064
20260312133710,1300,147,0.7644,0.0064
20260312133711,1300,147,0.7644,0.0064
20260312133712,1300,147,0.7644,0.0064
20260312133713,1300,147,0.7644,0.0064
20260312133714,1300,147,0.7644,0.0064
20260312133715,1300,147,0.7644,0.0064
20260312133716,1300,147,0.7644,0.0064
20260312133717,1300,147,0.7644,0.0064
20260312133718,1300,147,0.7644,0.0064
20260312133719,1300,147,0.7644,0.0064
20260312133720,1300,147,0.7644,0.0064
20260312133721,1300,147,0.7644,0.0064
20260312133722,1300,147,0.7644,0.0064
20260312133723,1300,147,0.7644,0.0064
20260312133724,1300,147,0.7644,0.0064
20260312133725,1300,147,0.7644,0.0064
20260312133726,1300,147,0.7644,0.0064
20260312133727,1300,147,0.7644,0.0064
20260312133728,1300,147,0.7644,0.0064
20260312133729,1300,147,0.7644,0.0064
20260312133730,1300,147,0.7644,0.0064
20260312133731,1300,147,0.7644,0.0064
20260312133732,1300,147,0.7644,0.0064
20260312133733,1300,147,0.7644,0.0064
20260312133734,1300,147,0.7644,0.0064
20260312133735,1300,147,0.7644,0.0064
20260312133736,1300,148,0.7644,0.0064
20260312133737,1300,148,0.7644,0.0064
20260312133738,1300,148,0.7644,0.0064
20260312133739,1300,148,0.7644,0.0064
20260312133740,1300,148,0.7644,0.0064
20260312133741,1300,148,0.7644,0.0064
20260312133742,1300,148,0.7644,0.0064
20260312133743,1300,148,0.7644,0.0064
20260312133744,1300,148,0.7644,0.0064
20260312133745,1300,148,0.7644,0.0064
20260312133746,1300,148,0.7644,0.0064
20260312133747,1300,148,0.7644,0.0064
20260312133748,1300,148,0.7644,0.0064
20260312133749,1300,148,0.7644,0.0064
20260312133750,1300,148,0.7644,0.0064
20260312133751,1300,148,0.7644,0.0064
20260312133752,1300,148,0.7644,0.0064
20260312133754,1300,148,0.7644,0.0064
20260312133755,1300,148,0.7644,0.0064
20260312133756,1300,148,0.7644,0.0064
20260312133757,1300,148,0.7644,0.0064
20260312133758,1300,148,0.7644,0.0064
20260312133759,1300,148,0.7644,0.0064
20260312133800,1300,148,0.7644,0.0064
20260312133801,1300,148,0.7644,0.0064
20260312133802,1300,148,0.7644,0.0064
20260312133803,1300,148,0.7644,0.0064
20260312133804,1300,148,0.7644,0.0064
20260312133805,1300,148,0.7644,0.0064
20260312133806,1300,148,0.7644,0.0064
20260312133807,1300,148,0.7644,0.0064
20260312133808,1300,148,0.7644,0.0064
20260312133809,1300,148,0.7644,0.0064
20260312133810,1300,148,0.7644,0.0064
20260312133811,1300,148,0.7644,0.0064
20260312133812,1300,148,0.7644,0.0064
20260312133813,1300,148,0.7644,0.0064
20260312133814,1300,148,0.7644,0.0064
20260312133815,1300,148,0.7644,0.0064
20260312133816,1300,148,0.7644,0.0064
20260312133817,1300,148,0.7644,0.0064
20260312133818,1300,148,0.7644,0.0064
20260312133819,1300,148,0.7644,0.0064
20260312133820,1300,148,0.7644,0.0064
20260312133821,1300,148,0.7644,0.0064
20260312133822,1300,148,0.7644,0.0064
20260312133823,1300,148,0.7644,0.0064
20260312133824,1300,148,0.7644,0.0064
20260312133825,1300,148,0.7644,0.0064
20260312133826,1300,148,0.7644,0.0064
20260312133827,1300,148,0.7644,0.0064
20260312133828,1300,148,0.7644,0.0064
20260312133829,1300,148,0.7644,0.0064
20260312133830,1300,149,0.7644,0.0064
20260312133831,1300,149,0.7644,0.0064
20260312133832,1300,149,0.7644,0.0064
20260312133833,1300,149,0.7644,0.0064
20260312133834,1300,149,0.7644,0.0064
20260312133835,1300,149,0.7644,0.0064
20260312133836,1300,149,0.7644,0.0064
20260312133837,1300,149,0.7644,0.0064
20260312133838,1300,149,0.7644,0.0064
20260312133839,1300,149,0.7644,0.0064
20260312133840,1300,149,0.7644,0.0064
20260312133841,1300,149,0.7644,0.0064
20260312133842,1300,149,0.7644,0.0064
20260312133843,1300,149,0.7644,0.0064
20260312133844,1300,149,0.7644,0.0064
20260312133845,1300,149,0.7644,0.0064
20260312133846,1300,149,0.7644,0.0064
20260312133847,1300,149,0.7644,0.0064
20260312133848,1300,149,0.7644,0.0064
20260312133849,1300,149,0.7644,0.0064
20260312133850,1300,149,0.7644,0.0064
20260312133851,1300,149,0.7644,0.0064
20260312133852,1300,149,0.7644,0.0064
20260312133853,1300,149,0.7644,0.0064
20260312133854,1300,149,0.7644,0.0064
20260312133855,1300,149,0.7644,0.0064
20260312133856,1300,149,0.7644,0.0064
20260312133857,1300,149,0.7644,0.0064
20260312133858,1300,149,0.7644,0.0064
20260312133859,1300,149,0.7644,0.0064
20260312133900,1300,149,0.7644,0.0064
20260312133902,1300,149,0.7644,0.0064
20260312133903,1300,149,0.7644,0.0064
20260312133904,1300,149,0.7644,0.0064
20260312133905,1300,149,0.7644,0.0064
20260312133906,1300,149,0.7644,0.0064
20260312133907,1300,149,0.7644,0.0064
20260312133908,1300,149,0.7644,0.0064
20260312133909,1300,149,0.7644,0.0064
20260312133910,1300,149,0.7644,0.0064
20260312133911,1300,149,0.7644,0.0064
20260312133912,1300,149,0.7644,0.0064
20260312133913,1300,149,0.7644,0.0064
20260312133914,1300,149,0.7644,0.0064
20260312133915,1300,149,0.7644,0.0064
20260312133916,1300,149,0.7644,0.0064
20260312133917,1300,149,0.7644,0.0064
20260312133918,1300,149,0.7644,0.0064
20260312133919,1300,149,0.7644,0.0064
20260312133920,1300,149,0.7644,0.0064
20260312133921,1300,149,0.7644,0.0064
20260312133922,1300,149,0.7644,0.0064
20260312133923,1300,149,0.7644,0.0064
20260312133924,1300,149,0.7644,0.0064
20260312133925,1300,150,0.7644,0.0064
20260312133926,1300,150,0.7644,0.0064
20260312133927,1300,150,0.7644,0.0064
20260312133928,1300,150,0.7644,0.0064
20260312133929,1300,150,0.7644,0.0064
20260312133930,1300,150,0.7644,0.0064
20260312133931,1300,150,0.7644,0.0064
20260312133932,1300,150,0.7644,0.0064
20260312133933,1300,150,0.7644,0.0064
20260312133934,1300,150,0.7644,0.0064
20260312133935,1300,150,0.7644,0.0064
20260312133936,1300,150,0.7644,0.0064
20260312133937,1300,150,0.7644,0.0064
20260312133938,1300,150,0.7644,0.0064
20260312133939,1300,150,0.7644,0.0064
20260312133940,1300,150,0.7644,0.0064
20260312133941,1300,150,0.7644,0.0064
20260312133942,1300,150,0.7644,0.0064
20260312133943,1300,150,0.7644,0.0064
20260312133944,1300,150,0.7644,0.0064
20260312133945,1300,150,0.7644,0.0064
20260312133946,1300,150,0.7644,0.0064
20260312133947,1300,150,0.7644,0.0064
20260312133948,1300,150,0.7644,0.0064
20260312133949,1300,150,0.7644,0.0064
20260312133950,1300,150,0.7644,0.0064
20260312133951,1300,150,0.7644,0.0064
20260312133952,1300,150,0.7644,0.0064
20260312133953,1300,150,0.7644,0.0064
20260312133954,1300,150,0.7644,0.0064
20260312133955,1300,150,0.7644,0.0064
20260312133956,1300,150,0.7644,0.0064
20260312133957,1300,150,0.7644,0.0064
20260312133958,1300,150,0.7644,0.0064
20260312133959,1300,150,0.7644,0.0064
20260312134000,1300,150,0.7644,0.0064
20260312134001,1300,150,0.7644,0.0064
20260312134002,1300,150,0.7644,0.0064
20260312134003,1300,150,0.7644,0.0064
20260312134004,1300,150,0.7643,0.0064
20260312134005,1300,150,0.7643,0.0064
20260312134006,1300,150,0.7643,0.0064
20260312134007,1300,150,0.7643,0.0064
20260312134008,1300,150,0.7643,0.0064
20260312134009,1300,150,0.7643,0.0064
20260312134011,1300,150,0.7643,0.0064
20260312134012,1300,150,0.7643,0.0064
20260312134013,1300,150,0.7643,0.0064
20260312134014,1300,150,0.7643,0.0064
20260312134015,1300,150,0.7643,0.0064
20260312134016,1300,150,0.7643,0.0064
20260312134017,1300,150,0.7643,0.0064
20260312134018,1300,150,0.7643,0.0064
20260312134019,1300,150,0.7643,0.0064
20260312134020,1300,151,0.7643,0.0064
20260312134021,1300,151,0.7643,0.0064
20260312134022,1300,151,0.7643,0.0064
20260312134023,1300,151,0.7643,0.0064
20260312134024,1300,151,0.7643,0.0064
20260312134025,1300,151,0.7643,0.0064
20260312134026,1300,151,0.7643,0.0064
20260312134027,1300,151,0.7643,0.0064
20260312134028,1300,151,0.7643,0.0064
20260312134029,1300,151,0.7643,0.0064
20260312134030,1300,151,0.7643,0.0064
20260312134031,1300,151,0.7643,0.0064
20260312134032,1300,151,0.7643,0.0064
20260312134033,1300,151,0.7643,0.0064
20260312134034,1300,151,0.7643,0.0064
20260312134035,1300,151,0.7643,0.0064
20260312134036,1300,151,0.7643,0.0064
20260312134037,1300,151,0.7643,0.0064
20260312134038,1300,151,0.7643,0.0064
20260312134039,1300,151,0.7643,0.0064
20260312134040,1300,151,0.7643,0.0064
20260312134041,1300,151,0.7643,0.0064
20260312134042,1300,151,0.7643,0.0064
20260312134043,1300,151,0.7643,0.0064
20260312134044,1300,151,0.7643,0.0064
20260312134045,1300,151,0.7643,0.0064
20260312134046,1300,151,0.7643,0.0064
20260312134047,1300,151,0.7643,0.0064
20260312134048,1300,151,0.7643,0.0064
20260312134049,1300,151,0.7643,0.0064
20260312134050,1300,151,0.7643,0.0064
20260312134051,1300,151,0.7643,0.0064
20260312134052,1300,151,0.7643,0.0064
20260312134053,1300,151,0.7643,0.0064
20260312134054,1300,151,0.7643,0.0064
20260312134055,1300,151,0.7643,0.0064
20260312134056,1300,151,0.7643,0.0064
20260312134057,1300,151,0.7643,0.0064
20260312134058,1300,151,0.7643,0.0064
20260312134059,1300,151,0.7643,0.0064
20260312134100,1300,151,0.7643,0.0064
20260312134101,1300,151,0.7643,0.0064
20260312134102,1300,151,0.7643,0.0064
20260312134103,1300,151,0.7643,0.0064
20260312134104,1300,151,0.7643,0.0064
20260312134105,1300,151,0.7643,0.0064
20260312134106,1300,151,0.7643,0.0064
20260312134107,1300,151,0.7643,0.0064
20260312134108,1300,151,0.7643,0.0064
20260312134109,1300,151,0.7643,0.0064
20260312134110,1300,151,0.7643,0.0064
20260312134111,1300,151,0.7643,0.0064
20260312134112,1300,151,0.7643,0.0064
20260312134113,1300,151,0.7643,0.0064
20260312134114,1300,151,0.7643,0.0064
20260312134115,1300,151,0.7643,0.0064
20260312134116,1300,152,0.7643,0.0064
20260312134117,1300,152,0.7643,0.0064
20260312134119,1300,152,0.7643,0.0064
20260312134120,1300,152,0.7643,0.0064
20260312134121,1300,152,0.7643,0.0064
20260312134122,1300,152,0.7643,0.0064
20260312134123,1300,152,0.7643,0.0064
20260312134124,1300,152,0.7643,0.0064
20260312134125,1300,152,0.7643,0.0064
20260312134126,1300,152,0.7643,0.0064
20260312134127,1300,152,0.7643,0.0064
20260312134128,1300,152,0.7643,0.0064
20260312134129,1300,152,0.7643,0.0064
20260312134130,1300,152,0.7643,0.0064
20260312134131,1300,152,0.7643,0.0064
20260312134132,1300,152,0.7643,0.0064
20260312134133,1300,152,0.7643,0.0064
20260312134134,1300,152,0.7643,0.0064
20260312134135,1300,152,0.7643,0.0064
20260312134136,1300,152,0.7643,0.0064
20260312134137,1300,152,0.7643,0.0064
20260312134138,1300,152,0.7643,0.0064
20260312134139,1300,152,0.7643,0.0064
20260312134140,1300,152,0.7643,0.0064
20260312134141,1300,152,0.7643,0.0064
20260312134142,1300,152,0.7643,0.0064
20260312134143,1300,152,0.7643,0.0064
20260312134144,1300,152,0.7643,0.0064
20260312134145,1300,152,0.7643,0.0064
20260312134146,1300,152,0.7643,0.0064
20260312134147,1300,152,0.7643,0.0064
20260312134148,1300,152,0.7643,0.0064
20260312134149,1300,152,0.7643,0.0064
20260312134150,1300,152,0.7643,0.0064
20260312134151,1300,152,0.7643,0.0064
20260312134152,1300,152,0.7643,0.0064
20260312134153,1300,152,0.7643,0.0064
20260312134154,1300,152,0.7643,0.0064
20260312134155,1300,152,0.7643,0.0064
20260312134156,1300,152,0.7643,0.0064
20260312134157,1300,152,0.7643,0.0064
20260312134158,1300,152,0.7643,0.0064
20260312134159,1300,152,0.7643,0.0064
20260312134200,1300,152,0.7643,0.0064
20260312134201,1300,152,0.7643,0.0064
20260312134202,1300,152,0.7643,0.0064
20260312134203,1300,152,0.7643,0.0064
20260312134204,1300,152,0.7643,0.0064
20260312134205,1300,152,0.7643,0.0064
20260312134206,1300,152,0.7643,0.0064
20260312134207,1300,152,0.7643,0.0064
20260312134208,1300,152,0.7643,0.0064
20260312134209,1300,152,0.7643,0.0064
20260312134210,1300,152,0.7643,0.0064
20260312134211,1300,153,0.7643,0.0064
20260312134212,1300,153,0.7643,0.0064
20260312134213,1300,153,0.7643,0.0064
20260312134214,1300,153,0.7643,0.0064
20260312134215,1300,153,0.7643,0.0064
20260312134216,1300,153,0.7643,0.0064
20260312134217,1300,153,0.7643,0.0064
20260312134218,1300,153,0.7643,0.0064
20260312134220,1300,153,0.7643,0.0064
20260312134221,1300,153,0.7643,0.0064
20260312134222,1300,153,0.7643,0.0064
20260312134223,1300,153,0.7643,0.0064
20260312134224,1300,153,0.7643,0.0064
20260312134225,1300,153,0.7643,0.0064
20260312134226,1300,153,0.7643,0.0064
20260312134227,1300,153,0.7643,0.0064
20260312134228,1300,153,0.7643,0.0064
20260312134229,1300,153,0.7643,0.0064
20260312134230,1300,153,0.7643,0.0064
20260312134231,1300,153,0.7643,0.0064
20260312134232,1300,153,0.7643,0.0064
20260312134233,1300,153,0.7643,0.0064
20260312134234,1300,153,0.7643,0.0064
20260312134235,1300,153,0.7643,0.0064
20260312134236,1300,153,0.7643,0.0064
20260312134237,1300,153,0.7643,0.0064
20260312134238,1300,153,0.7643,0.0064
20260312134239,1300,153,0.7643,0.0064
20260312134240,1300,153,0.7643,0.0064
20260312134241,1300,153,0.7643,0.0064
20260312134242,1300,153,0.7643,0.0064
20260312134243,1300,153,0.7643,0.0064
20260312134244,1300,153,0.7643,0.0064
20260312134245,1300,153,0.7643,0.0064
20260312134246,1300,153,0.7643,0.0064
20260312134247,1300,153,0.7643,0.0064
20260312134248,1300,153,0.7643,0.0064
20260312134249,1300,153,0.7643,0.0064
20260312134250,1300,153,0.7643,0.0064
20260312134251,1300,153,0.7643,0.0064
20260312134252,1300,153,0.7643,0.0064
20260312134253,1300,153,0.7643,0.0064
20260312134254,1300,153,0.7643,0.0064
20260312134255,1300,153,0.7643,0.0064
20260312134256,1300,153,0.7643,0.0064
20260312134257,1300,153,0.7643,0.0064
20260312134258,1300,153,0.7643,0.0064
20260312134259,1300,153,0.7643,0.0064
20260312134300,1300,153,0.7643,0.0064
20260312134301,1300,153,0.7643,0.0064
20260312134302,1300,153,0.7643,0.0064
20260312134303,1300,153,0.7643,0.0064
20260312134304,1300,153,0.7643,0.0064
20260312134305,1300,153,0.7643,0.0064
20260312134306,1300,154,0.7643,0.0064
20260312134307,1300,154,0.7643,0.0064
20260312134308,1300,154,0.7643,0.0064
20260312134309,1300,154,0.7643,0.0064
20260312134310,1300,154,0.7643,0.0064
20260312134311,1300,154,0.7643,0.0064
20260312134312,1300,154,0.7643,0.0064
20260312134313,1300,154,0.7643,0.0064
20260312134314,1300,154,0.7643,0.0064
20260312134315,1300,154,0.7643,0.0064
20260312134316,1300,154,0.7643,0.0064
20260312134317,1300,154,0.7643,0.0064
20260312134318,1300,154,0.7643,0.0064
20260312134319,1300,154,0.7643,0.0064
20260312134320,1300,154,0.7643,0.0064
20260312134321,1300,154,0.7643,0.0064
20260312134322,1300,154,0.7643,0.0064
20260312134323,1300,154,0.7643,0.0064
20260312134325,1300,154,0.7643,0.0064
20260312134326,1300,154,0.7643,0.0064
20260312134327,1300,154,0.7642,0.0064
20260312134328,1300,154,0.7642,0.0064
20260312134329,1300,154,0.7642,0.0064
20260312134330,1300,154,0.7642,0.0064
20260312134331,1300,154,0.7642,0.0064
20260312134332,1300,154,0.7642,0.0064
20260312134333,1300,154,0.7642,0.0064
20260312134334,1300,154,0.7642,0.0064
20260312134335,1300,154,0.7642,0.0064
20260312134336,1300,154,0.7642,0.0064
20260312134337,1300,154,0.7642,0.0064
20260312134338,1300,154,0.7642,0.0064
20260312134339,1300,154,0.7642,0.0064
20260312134340,1300,154,0.7642,0.0064
20260312134341,1300,154,0.7642,0.0064
20260312134342,1300,154,0.7642,0.0064
20260312134343,1300,154,0.7642,0.0064
20260312134344,1300,154,0.7642,0.0064
20260312134345,1300,154,0.7642,0.0064
20260312134346,1300,154,0.7642,0.0064
20260312134347,1300,154,0.7642,0.0064
20260312134348,1300,154,0.7642,0.0064
20260312134349,1300,154,0.7642,0.0064
20260312134350,1300,154,0.7642,0.0064
20260312134351,1300,154,0.7642,0.0064
20260312134352,1300,154,0.7642,0.0064
20260312134353,1300,154,0.7642,0.0064
20260312134354,1300,154,0.7642,0.0064
20260312134355,1300,154,0.7642,0.0064
20260312134356,1300,154,0.7642,0.0064
20260312134357,1300,154,0.7642,0.0064
20260312134358,1300,154,0.7642,0.0064
20260312134359,1300,154,0.7642,0.0064
20260312134400,1300,154,0.7642,0.0064
20260312134401,1300,155,0.7642,0.0064
20260312134402,1300,155,0.7642,0.0064
20260312134403,1300,155,0.7642,0.0064
20260312134404,1300,155,0.7642,0.0064
20260312134405,1300,155,0.7642,0.0064
20260312134406,1300,155,0.7642,0.0064
20260312134407,1300,155,0.7642,0.0064
20260312134408,1300,155,0.7642,0.0064
20260312134409,1300,155,0.7642,0.0064
20260312134410,1300,155,0.7642,0.0064
20260312134411,1300,155,0.7642,0.0064
20260312134412,1300,155,0.7642,0.0064
20260312134413,1300,155,0.7642,0.0064
20260312134414,1300,155,0.7642,0.0064
20260312134415,1300,155,0.7642,0.0064
20260312134416,1300,155,0.7642,0.0064
20260312134417,1300,155,0.7642,0.0064
20260312134418,1300,155,0.7642,0.0064
20260312134419,1300,155,0.7642,0.0064
20260312134420,1300,155,0.7642,0.0064
20260312134421,1300,155,0.7642,0.0064
20260312134422,1300,155,0.7642,0.0064
20260312134423,1300,155,0.7642,0.0064
20260312134424,1300,155,0.7642,0.0064
20260312134425,1300,155,0.7642,0.0064
20260312134426,1300,155,0.7642,0.0064
20260312134428,1300,155,0.7642,0.0064
20260312134429,1300,155,0.7642,0.0064
20260312134430,1300,155,0.7642,0.0064
20260312134431,1300,155,0.7642,0.0064
20260312134432,1300,155,0.7642,0.0064
20260312134433,1300,155,0.7642,0.0064
20260312134434,1300,155,0.7642,0.0064
20260312134435,1300,155,0.7642,0.0064
20260312134436,1300,155,0.7642,0.0064
20260312134437,1300,155,0.7642,0.0064
20260312134438,1300,155,0.7642,0.0064
20260312134439,1300,155,0.7642,0.0064
20260312134440,1300,155,0.7642,0.0064
20260312134441,1300,155,0.7642,0.0064
20260312134442,1300,155,0.7642,0.0064
20260312134443,1300,155,0.7642,0.0064
20260312134444,1300,155,0.7642,0.0064
20260312134445,1300,155,0.7642,0.0064
20260312134446,1300,155,0.7642,0.0064
20260312134447,1300,155,0.7642,0.0064
20260312134448,1300,155,0.7642,0.0064
20260312134449,1300,155,0.7642,0.0064
20260312134450,1300,155,0.7642,0.0064
20260312134451,1300,155,0.7642,0.0064
20260312134452,1300,155,0.7642,0.0064
20260312134453,1300,155,0.7642,0.0064
20260312134454,1300,155,0.7642,0.0064
20260312134455,1300,155,0.7642,0.0064
20260312134456,1300,156,0.7642,0.0064
20260312134457,1300,156,0.7642,0.0064
20260312134458,1300,156,0.7642,0.0064
20260312134459,1300,156,0.7642,0.0064
20260312134500,1300,156,0.7642,0.0064
20260312134501,1300,156,0.7642,0.0064
20260312134502,1300,156,0.7642,0.0064
20260312134503,1300,156,0.7642,0.0064
20260312134504,1300,156,0.7642,0.0064
20260312134505,1300,156,0.7642,0.0064
20260312134506,1300,156,0.7642,0.0064
20260312134507,1300,156,0.7642,0.0064
20260312134508,1300,156,0.7642,0.0064
20260312134509,1300,156,0.7642,0.0064
20260312134510,1300,156,0.7642,0.0064
20260312134511,1300,156,0.7642,0.0064
20260312134512,1300,156,0.7642,0.0064
20260312134513,1300,156,0.7642,0.0064
20260312134514,1300,156,0.7642,0.0064
20260312134515,1300,156,0.7642,0.0064
20260312134516,1300,156,0.7642,0.0064
20260312134517,1300,156,0.7642,0.0064
20260312134518,1300,156,0.7642,0.0064
20260312134519,1300,156,0.7642,0.0064
20260312134520,1300,156,0.7642,0.0064
20260312134521,1300,156,0.7642,0.0064
20260312134522,1300,156,0.7642,0.0064
20260312134523,1300,156,0.7642,0.0064
20260312134524,1300,156,0.7642,0.0064
20260312134525,1300,156,0.7642,0.0064
20260312134526,1300,156,0.7642,0.0064
20260312134527,1300,156,0.7642,0.0064
20260312134528,1300,156,0.7642,0.0064
20260312134529,1300,156,0.7642,0.0064
20260312134530,1300,156,0.7642,0.0064
20260312134531,1300,156,0.7642,0.0064
20260312134532,1300,156,0.7642,0.0064
20260312134533,1300,156,0.7642,0.0064
20260312134534,1300,156,0.7642,0.0064
20260312134536,1300,156,0.7642,0.0064
20260312134537,1300,156,0.7642,0.0064
20260312134538,1300,156,0.7642,0.0064
20260312134539,1300,156,0.7642,0.0064
20260312134540,1300,156,0.7642,0.0064
20260312134541,1300,156,0.7642,0.0064
20260312134542,1300,156,0.7642,0.0064
20260312134543,1300,156,0.7642,0.0064
20260312134544,1300,156,0.7642,0.0064
20260312134545,1300,156,0.7642,0.0064
20260312134546,1300,156,0.7642,0.0064
20260312134547,1300,156,0.7642,0.0064
20260312134548,1300,156,0.7642,0.0064
20260312134549,1300,156,0.7642,0.0064
20260312134550,1300,156,0.7642,0.0064
20260312134551,1300,157,0.7642,0.0064
20260312134552,1300,157,0.7642,0.0064
20260312134553,1300,157,0.7642,0.0064
20260312134554,1300,157,0.7642,0.0064
20260312134555,1300,157,0.7642,0.0064
20260312134556,1300,157,0.7642,0.0064
20260312134557,1300,157,0.7642,0.0064
20260312134558,1300,157,0.7642,0.0064
20260312134559,1300,157,0.7642,0.0064
20260312134600,1300,157,0.7642,0.0064
20260312134601,1300,157,0.7642,0.0064
20260312134602,1300,157,0.7642,0.0064
20260312134603,1300,157,0.7642,0.0064
20260312134604,1300,157,0.7642,0.0064
20260312134605,1300,157,0.7642,0.0064
20260312134606,1300,157,0.7642,0.0064
20260312134607,1300,157,0.7642,0.0064
20260312134608,1300,157,0.7642,0.0064
20260312134609,1300,157,0.7642,0.0064
20260312134610,1300,157,0.7642,0.0064
20260312134611,1300,157,0.7642,0.0064
20260312134612,1300,157,0.7642,0.0064
20260312134613,1300,157,0.7642,0.0064
20260312134614,1300,157,0.7642,0.0064
20260312134615,1300,157,0.7642,0.0064
20260312134616,1300,157,0.7642,0.0064
20260312134617,1300,157,0.7642,0.0064
20260312134618,1300,157,0.7642,0.0064
20260312134619,1300,157,0.7642,0.0064
20260312134620,1300,157,0.7642,0.0064
20260312134621,1300,157,0.7642,0.0064
20260312134622,1300,157,0.7642,0.0064
20260312134623,1300,157,0.7642,0.0064
20260312134624,1300,157,0.7642,0.0064
20260312134625,1300,157,0.7642,0.0064
20260312134626,1300,157,0.7642,0.0064
20260312134627,1300,157,0.7642,0.0064
20260312134628,1300,157,0.7642,0.0064
20260312134629,1300,157,0.7642,0.0064
20260312134630,1300,157,0.7642,0.0064
20260312134631,1300,157,0.7642,0.0064
20260312134632,1300,157,0.7642,0.0064
20260312134633,1300,157,0.7642,0.0064
20260312134634,1300,157,0.7642,0.0064
20260312134636,1300,157,0.7642,0.0064
20260312134637,1300,157,0.7642,0.0064
20260312134638,1300,157,0.7642,0.0064
20260312134639,1300,157,0.7642,0.0064
20260312134640,1300,157,0.7642,0.0064
20260312134641,1300,157,0.7642,0.0064
20260312134642,1300,157,0.7642,0.0064
20260312134643,1300,157,0.7642,0.0064
20260312134644,1300,157,0.7642,0.0064
20260312134645,1300,157,0.7642,0.0064
20260312134646,1300,158,0.7642,0.0064
20260312134647,1300,158,0.7642,0.0064
20260312134648,1300,158,0.7642,0.0064
20260312134649,1300,158,0.7642,0.0064
20260312134650,1300,158,0.7642,0.0064
20260312134651,1300,158,0.7642,0.0064
20260312134652,1300,158,0.7642,0.0064
20260312134653,1300,158,0.7642,0.0064
20260312134654,1300,158,0.7641,0.0064
20260312134655,1300,158,0.7641,0.0064
20260312134656,1300,158,0.7641,0.0064
20260312134657,1300,158,0.7641,0.0064
20260312134658,1300,158,0.7641,0.0064
20260312134659,1300,158,0.7641,0.0064
20260312134700,1300,158,0.7641,0.0064
20260312134701,1300,158,0.7641,0.0064
20260312134702,1300,158,0.7641,0.0064
20260312134703,1300,158,0.7641,0.0064
20260312134704,1300,158,0.7641,0.0064
20260312134705,1300,158,0.7641,0.0064
20260312134706,1300,158,0.7641,0.0064
20260312134707,1300,158,0.7641,0.0064
20260312134708,1300,158,0.7641,0.0064
20260312134709,1300,158,0.7641,0.0064
20260312134710,1300,158,0.7641,0.0064
20260312134711,1300,158,0.7641,0.0064
20260312134712,1300,158,0.7641,0.0064
20260312134713,1300,158,0.7641,0.0064
20260312134714,1300,158,0.7641,0.0064
20260312134715,1300,158,0.7641,0.0064
20260312134716,1300,158,0.7641,0.0064
20260312134717,1300,158,0.7641,0.0064
20260312134718,1300,158,0.7641,0.0064
20260312134719,1300,158,0.7641,0.0064
20260312134720,1300,158,0.7641,0.0064
20260312134721,1300,158,0.7641,0.0064
20260312134722,1300,158,0.7641,0.0064
20260312134723,1300,158,0.7641,0.0064
20260312134724,1300,158,0.7641,0.0064
20260312134725,1300,158,0.7641,0.0064
20260312134726,1300,158,0.7641,0.0064
20260312134727,1300,158,0.7641,0.0064
20260312134728,1300,158,0.7641,0.0064
20260312134729,1300,158,0.7641,0.0064
20260312134730,1300,158,0.7641,0.0064
20260312134731,1300,158,0.7641,0.0064
20260312134732,1300,158,0.7641,0.0064
20260312134733,1300,158,0.7641,0.0064
20260312134734,1300,158,0.7641,0.0064
20260312134735,1300,158,0.7641,0.0064
20260312134736,1300,158,0.7641,0.0064
20260312134737,1300,158,0.7641,0.0064
20260312134738,1300,158,0.7641,0.0064
20260312134739,1300,158,0.7641,0.0064
20260312134740,1300,158,0.7641,0.0064
20260312134741,1300,159,0.7641,0.0064
20260312134742,1300,159,0.7641,0.0064
20260312134744,1300,159,0.7641,0.0064
20260312134745,1300,159,0.7641,0.0064
20260312134746,1300,159,0.7641,0.0064
20260312134747,1300,159,0.7641,0.0064
20260312134748,1300,159,0.7641,0.0064
20260312134749,1300,159,0.7641,0.0064
20260312134750,1300,159,0.7641,0.0064
20260312134751,1300,159,0.7641,0.0064
20260312134752,1300,159,0.7641,0.0064
20260312134753,1300,159,0.7641,0.0064
20260312134754,1300,159,0.7641,0.0064
20260312134755,1300,159,0.7641,0.0064
20260312134756,1300,159,0.7641,0.0064
20260312134757,1300,159,0.7641,0.0064
20260312134758,1300,159,0.7641,0.0064
20260312134759,1300,159,0.7641,0.0064
20260312134800,1300,159,0.7641,0.0064
20260312134801,1300,159,0.7641,0.0064
20260312134802,1300,159,0.7641,0.0064
20260312134803,1300,159,0.7641,0.0064
20260312134804,1300,159,0.7641,0.0064
20260312134805,1300,159,0.7641,0.0064
20260312134806,1300,159,0.7641,0.0064
20260312134807,1300,159,0.7641,0.0064
20260312134808,1300,159,0.7641,0.0064
20260312134809,1300,159,0.7641,0.0064
20260312134810,1300,159,0.7641,0.0064
20260312134811,1300,159,0.7641,0.0064
20260312134812,1300,159,0.7641,0.0064
20260312134813,1300,159,0.7641,0.0064
20260312134814,1300,159,0.7641,0.0064
20260312134815,1300,159,0.7641,0.0064
20260312134816,1300,159,0.7641,0.0064
20260312134817,1300,159,0.7641,0.0064
20260312134818,1300,159,0.7641,0.0064
20260312134819,1300,159,0.7641,0.0064
20260312134820,1300,159,0.7641,0.0064
20260312134821,1300,159,0.7641,0.0064
20260312134822,1300,159,0.7641,0.0064
20260312134823,1300,159,0.7641,0.0064
20260312134824,1300,159,0.7641,0.0064
20260312134825,1300,159,0.7641,0.0064
20260312134826,1300,159,0.7641,0.0064
20260312134827,1300,159,0.7641,0.0064
20260312134828,1300,159,0.7641,0.0064
20260312134829,1300,159,0.7641,0.0064
20260312134830,1300,159,0.7641,0.0064
20260312134831,1300,159,0.7641,0.0064
20260312134832,1300,159,0.7641,0.0064
20260312134833,1300,159,0.7641,0.0064
20260312134834,1300,159,0.7641,0.0064
20260312134835,1300,159,0.7641,0.0064
20260312134836,1300,160,0.7641,0.0064
20260312134837,1300,160,0.7641,0.0064
20260312134838,1300,160,0.7641,0.0064
20260312134839,1300,160,0.7641,0.0064
20260312134840,1300,160,0.7641,0.0064
20260312134841,1300,160,0.7641,0.0064
20260312134842,1300,160,0.7641,0.0064
20260312134843,1300,160,0.7641,0.0064
20260312134844,1300,160,0.7641,0.0064
20260312134845,1300,160,0.7641,0.0064
20260312134847,1300,160,0.7641,0.0064
20260312134848,1300,160,0.7641,0.0064
20260312134849,1300,160,0.7641,0.0064
20260312134850,1300,160,0.7641,0.0064
20260312134851,1300,160,0.7641,0.0064
20260312134852,1300,160,0.7641,0.0064
20260312134853,1300,160,0.7641,0.0064
20260312134854,1300,160,0.7641,0.0064
20260312134855,1300,160,0.7641,0.0064
20260312134856,1300,160,0.7641,0.0064
20260312134857,1300,160,0.7641,0.0064
20260312134858,1300,160,0.7641,0.0064
20260312134859,1300,160,0.7641,0.0064
20260312134900,1300,160,0.7641,0.0064
20260312134901,1300,160,0.7641,0.0064
20260312134902,1300,160,0.7641,0.0064
20260312134903,1300,160,0.7641,0.0064
20260312134904,1300,160,0.7641,0.0064
20260312134905,1300,160,0.7641,0.0064
20260312134906,1300,160,0.7641,0.0064
20260312134907,1300,160,0.7641,0.0064
20260312134908,1300,160,0.7641,0.0064
20260312134909,1300,160,0.7641,0.0064
20260312134910,1300,160,0.7641,0.0064
20260312134911,1300,160,0.7641,0.0064
20260312134912,1300,160,0.7641,0.0064
20260312134913,1300,160,0.7641,0.0064
20260312134914,1300,160,0.7641,0.0064
20260312134915,1300,160,0.7641,0.0064
20260312134916,1300,160,0.7641,0.0064
20260312134917,1300,160,0.7641,0.0064
20260312134918,1300,160,0.7641,0.0064
20260312134919,1300,160,0.7641,0.0064
20260312134920,1300,160,0.7641,0.0064
20260312134921,1300,160,0.7641,0.0064
20260312134922,1300,160,0.7641,0.0064
20260312134923,1300,160,0.7641,0.0064
20260312134924,1300,160,0.7641,0.0064
20260312134925,1300,160,0.7641,0.0064
20260312134926,1300,160,0.7641,0.0064
20260312134927,1300,160,0.7641,0.0064
20260312134928,1300,160,0.7641,0.0064
20260312134929,1300,160,0.7641,0.0064
20260312134930,1300,160,0.7641,0.0064
20260312134931,1300,161,0.7641,0.0064
20260312134932,1300,161,0.7641,0.0064
20260312134933,1300,161,0.7641,0.0064
20260312134934,1300,161,0.7641,0.0064
20260312134935,1300,161,0.7641,0.0064
20260312134936,1300,161,0.7641,0.0064
20260312134937,1300,161,0.7641,0.0064
20260312134938,1300,161,0.7641,0.0064
20260312134939,1300,161,0.7641,0.0064
20260312134940,1300,161,0.7641,0.0064
20260312134941,1300,161,0.7641,0.0064
20260312134942,1300,161,0.7641,0.0064
20260312134943,1300,161,0.7641,0.0064
20260312134944,1300,161,0.7641,0.0064
20260312134945,1300,161,0.7641,0.0064
20260312134946,1300,161,0.7641,0.0064
20260312134947,1300,161,0.7641,0.0064
20260312134948,1300,161,0.7641,0.0064
20260312134949,1300,161,0.7641,0.0064
20260312134951,1300,161,0.7641,0.0064
20260312134952,1300,161,0.7641,0.0064
20260312134953,1300,161,0.7641,0.0064
20260312134954,1300,161,0.7641,0.0064
20260312134955,1300,161,0.7641,0.0064
20260312134956,1300,161,0.7641,0.0064
20260312134957,1300,161,0.7641,0.0064
20260312134958,1300,161,0.7641,0.0064
20260312134959,1300,161,0.7641,0.0064
20260312135000,1300,161,0.7641,0.0064
20260312135001,1300,161,0.7641,0.0064
20260312135002,1300,161,0.7641,0.0064
20260312135003,1300,161,0.7641,0.0064
20260312135004,1300,161,0.7641,0.0064
20260312135005,1300,161,0.7641,0.0064
20260312135006,1300,161,0.7641,0.0064
20260312135007,1300,161,0.7641,0.0064
20260312135008,1300,161,0.7641,0.0064
20260312135009,1300,161,0.7641,0.0064
20260312135010,1300,161,0.7641,0.0064
20260312135011,1300,161,0.7641,0.0064
20260312135012,1300,161,0.7641,0.0064
20260312135013,1300,161,0.7641,0.0064
20260312135014,1300,161,0.7641,0.0064
20260312135015,1300,161,0.7641,0.0064
20260312135016,1300,161,0.7641,0.0064
20260312135017,1300,161,0.7641,0.0064
20260312135018,1300,161,0.7641,0.0064
20260312135019,1300,161,0.7641,0.0064
20260312135020,1300,161,0.7641,0.0064
20260312135021,1300,161,0.7641,0.0064
20260312135022,1300,161,0.7641,0.0064
20260312135023,1300,161,0.7641,0.0064
20260312135024,1300,161,0.7641,0.0064
20260312135025,1300,161,0.7641,0.0064
20260312135026,1300,162,0.7641,0.0064
20260312135027,1300,162,0.7641,0.0064
20260312135028,1300,162,0.7641,0.0064
20260312135029,1300,162,0.7641,0.0064
20260312135030,1300,162,0.764,0.0064
20260312135031,1300,162,0.764,0.0064
20260312135032,1300,162,0.764,0.0064
20260312135033,1300,162,0.764,0.0064
20260312135034,1300,162,0.764,0.0064
20260312135035,1300,162,0.764,0.0064
20260312135036,1300,162,0.764,0.0064
20260312135037,1300,162,0.764,0.0064
20260312135038,1300,162,0.764,0.0064
20260312135039,1300,162,0.764,0.0064
20260312135040,1300,162,0.764,0.0064
20260312135041,1300,162,0.764,0.0064
20260312135042,1300,162,0.764,0.0064
20260312135043,1300,162,0.764,0.0064
20260312135044,1300,162,0.764,0.0064
20260312135045,1300,162,0.764,0.0064
20260312135046,1300,162,0.764,0.0064
20260312135047,1300,162,0.764,0.0064
20260312135048,1300,162,0.764,0.0064
20260312135049,1300,162,0.764,0.0064
20260312135050,1300,162,0.764,0.0064
20260312135051,1300,162,0.764,0.0064
20260312135052,1300,162,0.764,0.0064
20260312135053,1300,162,0.764,0.0064
20260312135054,1300,162,0.764,0.0064
20260312135055,1300,162,0.764,0.0064
20260312135056,1300,162,0.764,0.0064
20260312135057,1300,162,0.764,0.0064
20260312135058,1300,162,0.764,0.0064
20260312135059,1300,162,0.764,0.0064
20260312135100,1300,162,0.764,0.0064
20260312135102,1300,162,0.764,0.0064
20260312135103,1300,162,0.764,0.0064
20260312135104,1300,162,0.764,0.0064
20260312135105,1300,162,0.764,0.0064
20260312135106,1300,162,0.764,0.0064
20260312135107,1300,162,0.764,0.0064
20260312135108,1300,162,0.764,0.0064
20260312135109,1300,162,0.764,0.0064
20260312135110,1300,162,0.764,0.0064
20260312135111,1300,162,0.764,0.0064
20260312135112,1300,162,0.764,0.0064
20260312135113,1300,162,0.764,0.0064
20260312135114,1300,162,0.764,0.0064
20260312135115,1300,162,0.764,0.0064
20260312135116,1300,162,0.764,0.0064
20260312135117,1300,162,0.764,0.0064
20260312135118,1300,162,0.764,0.0064
20260312135119,1300,162,0.764,0.0064
20260312135120,1300,162,0.764,0.0064
20260312135121,1300,163,0.764,0.0064
20260312135122,1300,163,0.764,0.0064
20260312135123,1300,163,0.764,0.0064
20260312135124,1300,163,0.764,0.0064
20260312135125,1300,163,0.764,0.0064
20260312135126,1300,163,0.764,0.0064
20260312135127,1300,163,0.764,0.0064
20260312135128,1300,163,0.764,0.0064
20260312135129,1300,163,0.764,0.0064
20260312135130,1300,163,0.764,0.0064
20260312135131,1300,163,0.764,0.0064
20260312135132,1300,163,0.764,0.0064
20260312135133,1300,163,0.764,0.0064
20260312135134,1300,163,0.764,0.0064
20260312135135,1300,163,0.764,0.0064
20260312135136,1300,163,0.764,0.0064
20260312135137,1300,163,0.764,0.0064
20260312135138,1300,163,0.764,0.0064
20260312135139,1300,163,0.764,0.0064
20260312135140,1300,163,0.764,0.0064
20260312135141,1300,163,0.764,0.0064
20260312135142,1300,163,0.764,0.0064
20260312135143,1300,163,0.764,0.0064
20260312135144,1300,163,0.764,0.0064
20260312135145,1300,163,0.764,0.0064
20260312135146,1300,163,0.764,0.0064
20260312135147,1300,163,0.764,0.0064
20260312135148,1300,163,0.764,0.0064
20260312135149,1300,163,0.764,0.0064
20260312135150,1300,163,0.764,0.0064
20260312135151,1300,163,0.764,0.0064
20260312135152,1300,163,0.764,0.0064
20260312135153,1300,163,0.764,0.0064
20260312135154,1300,163,0.764,0.0064
20260312135155,1300,163,0.764,0.0064
20260312135156,1300,163,0.764,0.0064
20260312135157,1300,163,0.764,0.0064
20260312135158,1300,163,0.764,0.0064
20260312135159,1300,163,0.764,0.0064
20260312135200,1300,163,0.764,0.0064
20260312135201,1300,163,0.764,0.0064
20260312135202,1300,163,0.764,0.0064
20260312135203,1300,163,0.764,0.0064
20260312135204,1300,163,0.764,0.0064
20260312135205,1300,163,0.764,0.0064
20260312135206,1300,163,0.764,0.0064
20260312135208,1300,163,0.764,0.0064
20260312135209,1300,163,0.764,0.0064
20260312135210,1300,163,0.764,0.0064
20260312135211,1300,163,0.764,0.0064
20260312135212,1300,163,0.764,0.0064
20260312135213,1300,163,0.764,0.0064
20260312135214,1300,163,0.764,0.0064
20260312135215,1300,163,0.764,0.0064
20260312135216,1300,164,0.764,0.0064
20260312135217,1300,164,0.764,0.0064
20260312135218,1300,164,0.764,0.0064
20260312135219,1300,164,0.764,0.0064
20260312135220,1300,164,0.764,0.0064
20260312135221,1300,164,0.764,0.0064
20260312135222,1300,164,0.764,0.0064
20260312135223,1300,164,0.764,0.0064
20260312135224,1300,164,0.764,0.0064
20260312135225,1300,164,0.764,0.0064
20260312135226,1300,164,0.764,0.0064
20260312135227,1300,164,0.764,0.0064
20260312135228,1300,164,0.764,0.0064
20260312135229,1300,164,0.764,0.0064
20260312135230,1300,164,0.764,0.0064
20260312135231,1300,164,0.764,0.0064
20260312135232,1300,164,0.764,0.0064
20260312135233,1300,164,0.764,0.0064
20260312135234,1300,164,0.764,0.0064
20260312135235,1300,164,0.764,0.0064
20260312135236,1300,164,0.764,0.0064
20260312135237,1300,164,0.764,0.0064
20260312135238,1300,164,0.764,0.0064
20260312135239,1300,164,0.764,0.0064
20260312135240,1300,164,0.764,0.0064
20260312135241,1300,164,0.764,0.0064
20260312135242,1300,164,0.764,0.0064
20260312135243,1300,164,0.764,0.0064
20260312135244,1300,164,0.764,0.0064
20260312135245,1300,164,0.764,0.0064
20260312135246,1300,164,0.764,0.0064
20260312135247,1300,164,0.764,0.0064
20260312135248,1300,164,0.764,0.0064
20260312135249,1300,164,0.764,0.0064
20260312135250,1300,164,0.764,0.0064
20260312135251,1300,164,0.764,0.0064
20260312135252,1300,164,0.764,0.0064
20260312135253,1300,164,0.764,0.0064
20260312135254,1300,164,0.764,0.0064
20260312135255,1300,164,0.764,0.0064
20260312135256,1300,164,0.764,0.0064
20260312135257,1300,164,0.764,0.0064
20260312135258,1300,164,0.764,0.0064
20260312135259,1300,164,0.764,0.0064
20260312135300,1300,164,0.764,0.0064
20260312135301,1300,164,0.764,0.0064
20260312135302,1300,164,0.764,0.0064
20260312135303,1300,164,0.764,0.0064
20260312135304,1300,164,0.764,0.0064
20260312135305,1300,164,0.764,0.0064
20260312135306,1300,164,0.764,0.0064
20260312135308,1300,164,0.764,0.0064
20260312135309,1300,164,0.764,0.0064
20260312135310,1300,164,0.764,0.0064
20260312135311,1300,165,0.764,0.0064
20260312135312,1300,165,0.764,0.0064
20260312135313,1300,165,0.764,0.0064
20260312135314,1300,165,0.764,0.0064
20260312135315,1300,165,0.764,0.0064
20260312135316,1300,165,0.764,0.0064
20260312135317,1300,165,0.764,0.0064
20260312135318,1300,165,0.764,0.0064
20260312135319,1300,165,0.764,0.0064
20260312135320,1300,165,0.764,0.0064
20260312135321,1300,165,0.764,0.0064
20260312135322,1300,165,0.764,0.0065
20260312135323,1300,165,0.764,0.0065
20260312135324,1300,165,0.764,0.0065
20260312135325,1300,165,0.764,0.0065
20260312135326,1300,165,0.764,0.0065
20260312135327,1300,165,0.764,0.0065
20260312135328,1300,165,0.764,0.0065
20260312135329,1300,165,0.764,0.0065
20260312135330,1300,165,0.764,0.0065
20260312135331,1300,165,0.764,0.0065
20260312135332,1300,165,0.764,0.0065
20260312135333,1300,165,0.764,0.0065
20260312135334,1300,165,0.764,0.0065
20260312135335,1300,165,0.764,0.0065
20260312135336,1300,165,0.764,0.0065
20260312135337,1300,165,0.764,0.0065
20260312135338,1300,165,0.764,0.0065
20260312135339,1300,165,0.764,0.0065
20260312135340,1300,165,0.764,0.0065
20260312135341,1300,165,0.764,0.0065
20260312135342,1300,165,0.764,0.0065
20260312135343,1300,165,0.764,0.0065
20260312135344,1300,165,0.764,0.0065
20260312135345,1300,165,0.764,0.0065
20260312135346,1300,165,0.764,0.0065
20260312135347,1300,165,0.764,0.0065
20260312135348,1300,165,0.764,0.0065
20260312135349,1300,165,0.764,0.0065
20260312135350,1300,165,0.764,0.0065
20260312135351,1300,165,0.764,0.0065
20260312135352,1300,165,0.764,0.0065
20260312135353,1300,165,0.764,0.0065
20260312135354,1300,165,0.764,0.0065
20260312135355,1300,165,0.764,0.0065
20260312135356,1300,165,0.764,0.0065
20260312135357,1300,165,0.764,0.0065
20260312135358,1300,165,0.764,0.0065
20260312135359,1300,165,0.764,0.0065
20260312135400,1300,165,0.764,0.0065
20260312135401,1300,165,0.764,0.0065
20260312135402,1300,165,0.764,0.0065
20260312135403,1300,165,0.764,0.0065
20260312135404,1300,165,0.764,0.0065
20260312135405,1300,165,0.7639,0.0065
20260312135406,1300,166,0.7639,0.0065
20260312135407,1300,166,0.7639,0.0065
20260312135408,1300,166,0.7639,0.0065
20260312135409,1300,166,0.7639,0.0065
20260312135410,1300,166,0.7639,0.0065
20260312135411,1300,166,0.7639,0.0065
20260312135412,1300,166,0.7639,0.0065
20260312135414,1300,166,0.7639,0.0065
20260312135415,1300,166,0.7639,0.0065
20260312135416,1300,166,0.7639,0.0065
20260312135417,1300,166,0.7639,0.0065
20260312135418,1300,166,0.7639,0.0065
20260312135419,1300,166,0.7639,0.0065
20260312135420,1300,166,0.7639,0.0065
20260312135421,1300,166,0.7639,0.0065
20260312135422,1300,166,0.7639,0.0065
20260312135423,1300,166,0.7639,0.0065
20260312135424,1300,166,0.7639,0.0065
20260312135425,1300,166,0.7639,0.0065
20260312135426,1300,166,0.7639,0.0065
20260312135427,1300,166,0.7639,0.0065
20260312135428,1300,166,0.7639,0.0065
20260312135429,1300,166,0.7639,0.0065
20260312135430,1300,166,0.7639,0.0065
20260312135431,1300,166,0.7639,0.0065
20260312135432,1300,166,0.7639,0.0065
20260312135433,1300,166,0.7639,0.0065
20260312135434,1300,166,0.7639,0.0065
20260312135435,1300,166,0.7639,0.0065
20260312135436,1300,166,0.7639,0.0065
20260312135437,1300,166,0.7639,0.0065
20260312135438,1300,166,0.7639,0.0065
20260312135439,1300,166,0.7639,0.0065
20260312135440,1300,166,0.7639,0.0065
20260312135441,1300,166,0.7639,0.0065
20260312135442,1300,166,0.7639,0.0065
20260312135443,1300,166,0.7639,0.0065
20260312135444,1300,166,0.7639,0.0065
20260312135445,1300,166,0.7639,0.0065
20260312135446,1300,166,0.7639,0.0065
20260312135447,1300,166,0.7639,0.0065
20260312135448,1300,166,0.7639,0.0065
20260312135449,1300,166,0.7639,0.0065
20260312135450,1300,166,0.7639,0.0065
20260312135451,1300,166,0.7639,0.0065
20260312135452,1300,166,0.7639,0.0065
20260312135453,1300,166,0.7639,0.0065
20260312135454,1300,166,0.7639,0.0065
20260312135455,1300,166,0.7639,0.0065
20260312135456,1300,166,0.7639,0.0065
20260312135457,1300,166,0.7639,0.0065
20260312135458,1300,166,0.7639,0.0065
20260312135459,1300,167,0.7639,0.0065
20260312135500,1300,167,0.7639,0.0065
20260312135501,1300,167,0.7639,0.0065
20260312135502,1300,167,0.7639,0.0065
20260312135503,1300,167,0.7639,0.0065
20260312135504,1300,167,0.7639,0.0065
20260312135505,1300,167,0.7639,0.0065
20260312135506,1300,167,0.7639,0.0065
20260312135507,1300,167,0.7639,0.0065
20260312135508,1300,167,0.7639,0.0065
20260312135509,1300,167,0.7639,0.0065
20260312135510,1300,167,0.7639,0.0065
20260312135511,1300,167,0.7639,0.0065
20260312135512,1300,167,0.7639,0.0065
20260312135513,1300,167,0.7639,0.0065
20260312135514,1300,167,0.7639,0.0065
20260312135515,1300,167,0.7639,0.0065
20260312135516,1300,167,0.7639,0.0065
20260312135517,1300,167,0.7639,0.0065
20260312135518,1300,167,0.7639,0.0065
20260312135520,1300,167,0.7639,0.0065
20260312135521,1300,167,0.7639,0.0065
20260312135522,1300,167,0.7639,0.0065
20260312135523,1300,167,0.7639,0.0065
20260312135524,1300,167,0.7639,0.0065
20260312135525,1300,167,0.7639,0.0065
20260312135526,1300,167,0.7639,0.0065
20260312135527,1300,167,0.7639,0.0065
20260312135528,1300,167,0.7639,0.0065
20260312135529,1300,167,0.7639,0.0065
20260312135530,1300,167,0.7639,0.0065
20260312135531,1300,167,0.7639,0.0065
20260312135532,1300,167,0.7639,0.0065
20260312135533,1300,167,0.7639,0.0065
20260312135534,1300,167,0.7639,0.0065
20260312135535,1300,167,0.7639,0.0065
20260312135536,1300,167,0.7639,0.0065
20260312135537,1300,167,0.7639,0.0065
20260312135538,1300,167,0.7639,0.0065
20260312135539,1300,167,0.7639,0.0065
20260312135540,1300,167,0.7639,0.0065
20260312135541,1300,167,0.7639,0.0065
20260312135542,1300,167,0.7639,0.0065
20260312135543,1300,167,0.7639,0.0065
20260312135544,1300,167,0.7639,0.0065
20260312135545,1300,167,0.7639,0.0065
20260312135546,1300,167,0.7639,0.0065
20260312135547,1300,167,0.7639,0.0065
20260312135548,1300,167,0.7639,0.0065
20260312135549,1300,167,0.7639,0.0065
20260312135550,1300,167,0.7639,0.0065
20260312135551,1300,167,0.7639,0.0065
20260312135552,1300,167,0.7639,0.0065
20260312135553,1300,168,0.7639,0.0065
20260312135554,1300,168,0.7639,0.0065
20260312135555,1300,168,0.7639,0.0065
20260312135556,1300,168,0.7639,0.0065
20260312135557,1300,168,0.7639,0.0065
20260312135558,1300,168,0.7639,0.0065
20260312135559,1300,168,0.7639,0.0065
20260312135600,1300,168,0.7639,0.0065
20260312135601,1300,168,0.7639,0.0065
20260312135602,1300,168,0.7639,0.0065
20260312135603,1300,168,0.7639,0.0065
20260312135604,1300,168,0.7639,0.0065
20260312135605,1300,168,0.7639,0.0065
20260312135606,1300,168,0.7639,0.0065
20260312135607,1300,168,0.7639,0.0065
20260312135608,1300,168,0.7639,0.0065
20260312135609,1300,168,0.7639,0.0065
20260312135610,1300,168,0.7639,0.0065
20260312135611,1300,168,0.7639,0.0065
20260312135612,1300,168,0.7639,0.0065
20260312135613,1300,168,0.7639,0.0065
20260312135614,1300,168,0.7639,0.0065
20260312135615,1300,168,0.7639,0.0065
20260312135616,1300,168,0.7639,0.0065
20260312135617,1300,168,0.7639,0.0065
20260312135618,1300,168,0.7639,0.0065
20260312135619,1300,168,0.7639,0.0065
20260312135620,1300,168,0.7639,0.0065
20260312135621,1300,168,0.7639,0.0065
20260312135622,1300,168,0.7639,0.0065
20260312135623,1300,168,0.7639,0.0065
20260312135624,1300,168,0.7639,0.0065
20260312135625,1300,168,0.7639,0.0065
20260312135626,1300,168,0.7639,0.0065
20260312135627,1300,168,0.7639,0.0065
20260312135628,1300,168,0.7639,0.0065
20260312135630,1300,168,0.7639,0.0065
20260312135631,1300,168,0.7639,0.0065
20260312135632,1300,168,0.7639,0.0065
20260312135633,1300,168,0.7639,0.0065
20260312135634,1300,168,0.7639,0.0065
20260312135635,1300,168,0.7639,0.0065
20260312135636,1300,168,0.7639,0.0065
20260312135637,1300,168,0.7639,0.0065
20260312135638,1300,168,0.7639,0.0065
20260312135639,1300,168,0.7639,0.0065
20260312135640,1300,168,0.7639,0.0065
20260312135641,1300,168,0.7639,0.0065
20260312135642,1300,168,0.7639,0.0065
20260312135643,1300,168,0.7639,0.0065
20260312135644,1300,168,0.7639,0.0065
20260312135645,1300,168,0.7639,0.0065
20260312135646,1300,168,0.7639,0.0065
20260312135647,1300,168,0.7639,0.0065
20260312135648,1300,168,0.7639,0.0065
20260312135649,1300,169,0.7639,0.0065
20260312135650,1300,169,0.7639,0.0065
20260312135651,1300,169,0.7639,0.0065
20260312135652,1300,169,0.7639,0.0065
20260312135653,1300,169,0.7639,0.0065
20260312135654,1300,169,0.7639,0.0065
20260312135655,1300,169,0.7639,0.0065
20260312135656,1300,169,0.7639,0.0065
20260312135657,1300,169,0.7639,0.0065
20260312135658,1300,169,0.7639,0.0065
20260312135659,1300,169,0.7639,0.0065
20260312135700,1300,169,0.7639,0.0065
20260312135701,1300,169,0.7639,0.0065
20260312135702,1300,169,0.7639,0.0065
20260312135703,1300,169,0.7639,0.0065
20260312135704,1300,169,0.7639,0.0065
20260312135705,1300,169,0.7639,0.0065
20260312135706,1300,169,0.7639,0.0065
20260312135707,1300,169,0.7639,0.0065
20260312135708,1300,169,0.7639,0.0065
20260312135709,1300,169,0.7639,0.0065
20260312135710,1300,169,0.7639,0.0065
20260312135711,1300,169,0.7639,0.0065
20260312135712,1300,169,0.7639,0.0065
20260312135713,1300,169,0.7639,0.0065
20260312135714,1300,169,0.7639,0.0065
20260312135715,1300,169,0.7639,0.0065
20260312135716,1300,169,0.7639,0.0065
20260312135717,1300,169,0.7639,0.0065
20260312135718,1300,169,0.7639,0.0065
20260312135719,1300,169,0.7639,0.0065
20260312135720,1300,169,0.7639,0.0065
20260312135721,1300,169,0.7639,0.0065
20260312135722,1300,169,0.7639,0.0065
20260312135723,1300,169,0.7639,0.0065
20260312135724,1300,169,0.7639,0.0065
20260312135725,1300,169,0.7639,0.0065
20260312135726,1300,169,0.7639,0.0065
20260312135727,1300,169,0.7639,0.0065
20260312135728,1300,169,0.7639,0.0065
20260312135729,1300,169,0.7639,0.0065
20260312135730,1300,169,0.7639,0.0065
20260312135731,1300,169,0.7639,0.0065
20260312135732,1300,169,0.7639,0.0065
20260312135733,1300,169,0.7639,0.0065
20260312135734,1300,169,0.7639,0.0065
20260312135735,1300,169,0.7639,0.0065
20260312135736,1300,169,0.7639,0.0065
20260312135737,1300,169,0.7639,0.0065
20260312135739,1300,169,0.7639,0.0065
20260312135740,1300,169,0.7638,0.0065
20260312135741,1300,169,0.7638,0.0065
20260312135742,1300,169,0.7638,0.0065
20260312135743,1300,169,0.7638,0.0065
20260312135744,1300,170,0.7638,0.0065
20260312135745,1300,170,0.7638,0.0065
20260312135746,1300,170,0.7638,0.0065
20260312135747,1300,170,0.7638,0.0065
20260312135748,1300,170,0.7638,0.0065
20260312135749,1300,170,0.7638,0.0065
20260312135750,1300,170,0.7638,0.0065
20260312135751,1300,170,0.7638,0.0065
20260312135752,1300,170,0.7638,0.0065
20260312135753,1300,170,0.7638,0.0065
20260312135754,1300,170,0.7638,0.0065
20260312135755,1300,170,0.7638,0.0065
20260312135756,1300,170,0.7638,0.0065
20260312135757,1300,170,0.7638,0.0065
20260312135758,1300,170,0.7638,0.0065
20260312135759,1300,170,0.7638,0.0065
20260312135800,1300,170,0.7638,0.0065
20260312135801,1300,170,0.7638,0.0065
20260312135802,1300,170,0.7638,0.0065
20260312135803,1300,170,0.7638,0.0065
20260312135804,1300,170,0.7638,0.0065
20260312135805,1300,170,0.7638,0.0065
20260312135806,1300,170,0.7638,0.0065
20260312135807,1300,170,0.7638,0.0065
20260312135808,1300,170,0.7638,0.0065
20260312135809,1300,170,0.7638,0.0065
20260312135810,1300,170,0.7638,0.0065
20260312135811,1300,170,0.7638,0.0065
20260312135812,1300,170,0.7638,0.0065
20260312135813,1300,170,0.7638,0.0065
20260312135814,1300,170,0.7638,0.0065
20260312135815,1300,170,0.7638,0.0065
20260312135816,1300,170,0.7638,0.0065
20260312135817,1300,170,0.7638,0.0065
20260312135818,1300,170,0.7638,0.0065
20260312135819,1300,170,0.7638,0.0065
20260312135820,1300,170,0.7638,0.0065
20260312135821,1300,170,0.7638,0.0065
20260312135822,1300,170,0.7638,0.0065
20260312135823,1300,170,0.7638,0.0065
20260312135824,1300,170,0.7638,0.0065
20260312135825,1300,170,0.7638,0.0065
20260312135826,1300,170,0.7638,0.0065
20260312135827,1300,170,0.7638,0.0065
20260312135828,1300,170,0.7638,0.0065
20260312135829,1300,170,0.7638,0.0065
20260312135830,1300,170,0.7638,0.0065
20260312135831,1300,170,0.7638,0.0065
20260312135832,1300,170,0.7638,0.0065
20260312135833,1300,170,0.7638,0.0065
20260312135834,1300,170,0.7638,0.0065
20260312135835,1300,170,0.7638,0.0065
20260312135836,1300,170,0.7638,0.0065
20260312135837,1300,170,0.7638,0.0065
20260312135838,1300,170,0.7638,0.0065
20260312135839,1300,171,0.7638,0.0065
20260312135840,1300,171,0.7638,0.0065
20260312135841,1300,171,0.7638,0.0065
20260312135842,1300,171,0.7638,0.0065
20260312135843,1300,171,0.7638,0.0065
20260312135844,1300,171,0.7638,0.0065
20260312135845,1300,171,0.7638,0.0065
20260312135847,1300,171,0.7638,0.0065
20260312135848,1300,171,0.7638,0.0065
20260312135849,1300,171,0.7638,0.0065
20260312135850,1300,171,0.7638,0.0065
20260312135851,1300,171,0.7638,0.0065
20260312135852,1300,171,0.7638,0.0065
20260312135853,1300,171,0.7638,0.0065
20260312135854,1300,171,0.7638,0.0065
20260312135855,1300,171,0.7638,0.0065
20260312135856,1300,171,0.7638,0.0065
20260312135857,1300,171,0.7638,0.0065
20260312135858,1300,171,0.7638,0.0065
20260312135859,1300,171,0.7638,0.0065
20260312135900,1300,171,0.7638,0.0065
20260312135901,1300,171,0.7638,0.0065
20260312135902,1300,171,0.7638,0.0065
20260312135903,1300,171,0.7638,0.0065
20260312135904,1300,171,0.7638,0.0065
20260312135905,1300,171,0.7638,0.0065
20260312135906,1300,171,0.7638,0.0065
20260312135907,1300,171,0.7638,0.0065
20260312135908,1300,171,0.7638,0.0065
20260312135909,1300,171,0.7638,0.0065
20260312135910,1300,171,0.7638,0.0065
20260312135911,1300,171,0.7638,0.0065
20260312135912,1300,171,0.7638,0.0065
20260312135913,1300,171,0.7638,0.0065
20260312135914,1300,171,0.7638,0.0065
20260312135915,1300,171,0.7638,0.0065
20260312135916,1300,171,0.7638,0.0065
20260312135917,1300,171,0.7638,0.0065
20260312135918,1300,171,0.7638,0.0065
20260312135919,1300,171,0.7638,0.0065
20260312135920,1300,171,0.7638,0.0065
20260312135921,1300,171,0.7638,0.0065
20260312135922,1300,171,0.7638,0.0065
20260312135923,1300,171,0.7638,0.0065
20260312135924,1300,171,0.7638,0.0065
20260312135925,1300,171,0.7638,0.0065
20260312135926,1300,171,0.7638,0.0065
20260312135927,1300,171,0.7638,0.0065
20260312135928,1300,171,0.7638,0.0065
20260312135929,1300,171,0.7638,0.0065
20260312135930,1300,171,0.7638,0.0065
20260312135931,1300,171,0.7638,0.0065
20260312135932,1300,171,0.7638,0.0065
20260312135933,1300,172,0.7638,0.0065
20260312135934,1300,172,0.7638,0.0065
20260312135935,1300,172,0.7638,0.0065
20260312135936,1300,172,0.7638,0.0065
20260312135937,1300,172,0.7638,0.0065
20260312135938,1300,172,0.7638,0.0065
20260312135939,1300,172,0.7638,0.0065
20260312135940,1300,172,0.7638,0.0065
20260312135941,1300,172,0.7638,0.0065
20260312135942,1300,172,0.7638,0.0065
20260312135943,1300,172,0.7638,0.0065
20260312135944,1300,172,0.7638,0.0065
20260312135945,1300,172,0.7638,0.0065
20260312135946,1300,172,0.7638,0.0065
20260312135947,1300,172,0.7638,0.0065
20260312135948,1300,172,0.7638,0.0065
20260312135949,1300,172,0.7638,0.0065
20260312135950,1300,172,0.7638,0.0065
20260312135951,1300,172,0.7638,0.0065
20260312135952,1300,172,0.7638,0.0065
20260312135953,1300,172,0.7638,0.0065
20260312135954,1300,172,0.7638,0.0065
20260312135955,1300,172,0.7638,0.0065
20260312135956,1300,172,0.7638,0.0065
20260312135958,1300,172,0.7638,0.0065
20260312135959,1300,172,0.7638,0.0065
20260312140000,1300,172,0.7638,0.0065
20260312140001,1300,172,0.7638,0.0065
20260312140002,1300,172,0.7638,0.0065
20260312140003,1300,172,0.7638,0.0065
20260312140004,1300,172,0.7638,0.0065
20260312140005,1300,172,0.7638,0.0065
20260312140006,1300,172,0.7638,0.0065
20260312140007,1300,172,0.7638,0.0065
20260312140008,1300,172,0.7638,0.0065
20260312140009,1300,172,0.7638,0.0065
20260312140010,1300,172,0.7638,0.0065
20260312140011,1300,172,0.7638,0.0065
20260312140012,1300,172,0.7638,0.0065
20260312140013,1300,172,0.7638,0.0065
20260312140014,1300,172,0.7638,0.0065
20260312140015,1300,172,0.7638,0.0065
20260312140016,1300,172,0.7638,0.0065
20260312140017,1300,172,0.7638,0.0065
20260312140018,1300,172,0.7638,0.0065
20260312140019,1300,172,0.7638,0.0065
20260312140020,1300,172,0.7638,0.0065
20260312140021,1300,172,0.7638,0.0065
20260312140022,1300,172,0.7638,0.0065
20260312140023,1300,172,0.7638,0.0065
20260312140024,1300,172,0.7638,0.0065
20260312140025,1300,172,0.7638,0.0065
20260312140026,1300,172,0.7638,0.0065
20260312140027,1300,172,0.7638,0.0065
20260312140028,1300,173,0.7638,0.0065
20260312140029,1300,173,0.7638,0.0065
20260312140030,1300,173,0.7638,0.0065
20260312140031,1300,173,0.7638,0.0065
20260312140032,1300,173,0.7638,0.0065
20260312140033,1300,173,0.7638,0.0065
20260312140034,1300,173,0.7638,0.0065
20260312140035,1300,173,0.7638,0.0065
20260312140036,1300,173,0.7638,0.0065
20260312140037,1300,173,0.7638,0.0065
20260312140038,1300,173,0.7638,0.0065
20260312140039,1300,173,0.7638,0.0065
20260312140040,1300,173,0.7638,0.0065
20260312140041,1300,173,0.7638,0.0065
20260312140042,1300,173,0.7638,0.0065
20260312140043,1300,173,0.7638,0.0065
20260312140044,1300,173,0.7638,0.0065
20260312140045,1300,173,0.7638,0.0065
20260312140046,1300,173,0.7638,0.0065
20260312140047,1300,173,0.7638,0.0065
20260312140048,1300,173,0.7638,0.0065
20260312140049,1300,173,0.7638,0.0065
20260312140050,1300,173,0.7638,0.0065
20260312140051,1300,173,0.7638,0.0065
20260312140052,1300,173,0.7638,0.0065
20260312140053,1300,173,0.7638,0.0065
20260312140054,1300,173,0.7638,0.0065
20260312140055,1300,173,0.7638,0.0065
20260312140056,1300,173,0.7638,0.0065
20260312140057,1300,173,0.7638,0.0065
20260312140058,1300,173,0.7638,0.0065
20260312140059,1300,173,0.7638,0.0065
20260312140100,1300,173,0.7638,0.0065
20260312140101,1300,173,0.7638,0.0065
20260312140102,1300,173,0.7638,0.0065
20260312140103,1300,173,0.7638,0.0065
20260312140104,1300,173,0.7638,0.0065
20260312140105,1300,173,0.7638,0.0065
20260312140106,1300,173,0.7638,0.0065
20260312140107,1300,173,0.7638,0.0065
20260312140108,1300,173,0.7637,0.0065
20260312140109,1300,173,0.7637,0.0065
20260312140111,1300,173,0.7637,0.0065
20260312140112,1300,173,0.7637,0.0065
20260312140113,1300,173,0.7637,0.0065
20260312140114,1300,173,0.7637,0.0065
20260312140115,1300,173,0.7637,0.0065
20260312140116,1300,173,0.7637,0.0065
20260312140117,1300,173,0.7637,0.0065
20260312140118,1300,173,0.7637,0.0065
20260312140119,1300,173,0.7637,0.0065
20260312140120,1300,173,0.7637,0.0065
20260312140121,1300,173,0.7637,0.0065
20260312140122,1300,173,0.7637,0.0065
20260312140123,1300,173,0.7637,0.0065
20260312140124,1300,174,0.7637,0.0065
20260312140125,1300,174,0.7637,0.0065
20260312140126,1300,174,0.7637,0.0065
20260312140127,1300,174,0.7637,0.0065
20260312140128,1300,174,0.7637,0.0065
20260312140129,1300,174,0.7637,0.0065
20260312140130,1300,174,0.7637,0.0065
20260312140131,1300,174,0.7637,0.0065
20260312140132,1300,174,0.7637,0.0065
20260312140133,1300,174,0.7637,0.0065
20260312140134,1300,174,0.7637,0.0065
20260312140135,1300,174,0.7637,0.0065
20260312140136,1300,174,0.7637,0.0065
20260312140137,1300,174,0.7637,0.0065
20260312140138,1300,174,0.7637,0.0065
20260312140139,1300,174,0.7637,0.0065
20260312140140,1300,174,0.7637,0.0065
20260312140141,1300,174,0.7637,0.0065
20260312140142,1300,174,0.7637,0.0065
20260312140143,1300,174,0.7637,0.0065
20260312140144,1300,174,0.7637,0.0065
20260312140145,1300,174,0.7637,0.0065
20260312140146,1300,174,0.7637,0.0065
20260312140147,1300,174,0.7637,0.0065
20260312140148,1300,174,0.7637,0.0065
20260312140149,1300,174,0.7637,0.0065
20260312140150,1300,174,0.7637,0.0065
20260312140151,1300,174,0.7637,0.0065
20260312140152,1300,174,0.7637,0.0065
20260312140153,1300,174,0.7637,0.0065
20260312140154,1300,174,0.7637,0.0065
20260312140155,1300,174,0.7637,0.0065
20260312140156,1300,174,0.7637,0.0065
20260312140157,1300,174,0.7637,0.0065
20260312140158,1300,174,0.7637,0.0065
20260312140159,1300,174,0.7637,0.0065
20260312140200,1300,174,0.7637,0.0065
20260312140201,1300,174,0.7637,0.0065
20260312140202,1300,174,0.7637,0.0065
20260312140203,1300,174,0.7637,0.0065
20260312140204,1300,174,0.7637,0.0065
20260312140205,1300,174,0.7637,0.0065
20260312140206,1300,174,0.7637,0.0065
20260312140207,1300,174,0.7637,0.0065
20260312140208,1300,174,0.7637,0.0065
20260312140209,1300,174,0.7637,0.0065
20260312140210,1300,174,0.7637,0.0065
20260312140211,1300,174,0.7637,0.0065
20260312140212,1300,174,0.7637,0.0065
20260312140214,1300,174,0.7637,0.0065
20260312140215,1300,174,0.7637,0.0065
20260312140216,1300,174,0.7637,0.0065
20260312140217,1300,174,0.7637,0.0065
20260312140218,1300,174,0.7637,0.0065
20260312140219,1300,175,0.7637,0.0065
20260312140220,1300,175,0.7637,0.0065
20260312140221,1300,175,0.7637,0.0065
20260312140222,1300,175,0.7637,0.0065
20260312140223,1300,175,0.7637,0.0065
20260312140224,1300,175,0.7637,0.0065
20260312140225,1300,175,0.7637,0.0065
20260312140226,1300,175,0.7637,0.0065
20260312140227,1300,175,0.7637,0.0065
20260312140228,1300,175,0.7637,0.0065
20260312140229,1300,175,0.7637,0.0065
20260312140230,1300,175,0.7637,0.0065
20260312140231,1300,175,0.7637,0.0065
20260312140232,1300,175,0.7637,0.0065
20260312140233,1300,175,0.7637,0.0065
20260312140234,1300,175,0.7637,0.0065
20260312140235,1300,175,0.7637,0.0065
20260312140236,1300,175,0.7637,0.0065
20260312140237,1300,175,0.7637,0.0065
20260312140238,1300,175,0.7637,0.0065
20260312140239,1300,175,0.7637,0.0065
20260312140240,1300,175,0.7637,0.0065
20260312140241,1300,175,0.7637,0.0065
20260312140242,1300,175,0.7637,0.0065
20260312140243,1300,175,0.7637,0.0065
20260312140244,1300,175,0.7637,0.0065
20260312140245,1300,175,0.7637,0.0065
20260312140246,1300,175,0.7637,0.0065
20260312140247,1300,175,0.7637,0.0065
20260312140248,1300,175,0.7637,0.0065
20260312140249,1300,175,0.7637,0.0065
20260312140250,1300,175,0.7637,0.0065
20260312140251,1300,175,0.7637,0.0065
20260312140252,1300,175,0.7637,0.0065
20260312140253,1300,175,0.7637,0.0065
20260312140254,1300,175,0.7637,0.0065
20260312140255,1300,175,0.7637,0.0065
20260312140256,1300,175,0.7637,0.0065
20260312140257,1300,175,0.7637,0.0065
20260312140258,1300,175,0.7637,0.0065
20260312140259,1300,175,0.7637,0.0065
20260312140300,1300,175,0.7637,0.0065
20260312140301,1300,175,0.7637,0.0065
20260312140302,1300,175,0.7637,0.0065
20260312140303,1300,175,0.7637,0.0065
20260312140304,1300,175,0.7637,0.0065
20260312140305,1300,175,0.7637,0.0065
20260312140306,1300,175,0.7637,0.0065
20260312140307,1300,175,0.7637,0.0065
20260312140308,1300,175,0.7637,0.0065
20260312140309,1300,175,0.7637,0.0065
20260312140310,1300,175,0.7637,0.0065
20260312140311,1300,175,0.7637,0.0065
20260312140312,1300,175,0.7637,0.0065
20260312140313,1300,175,0.7637,0.0065
20260312140314,1300,176,0.7637,0.0065
20260312140315,1300,176,0.7637,0.0065
20260312140316,1300,176,0.7637,0.0065
20260312140317,1300,176,0.7637,0.0065
20260312140318,1300,176,0.7637,0.0065
20260312140320,1300,176,0.7637,0.0065
20260312140321,1300,176,0.7637,0.0065
20260312140322,1300,176,0.7637,0.0065
20260312140323,1300,176,0.7637,0.0065
20260312140324,1300,176,0.7637,0.0065
20260312140325,1300,176,0.7637,0.0065
20260312140326,1300,176,0.7637,0.0065
20260312140327,1300,176,0.7637,0.0065
20260312140328,1300,176,0.7637,0.0065
20260312140329,1300,176,0.7637,0.0065
20260312140330,1300,176,0.7637,0.0065
20260312140331,1300,176,0.7637,0.0065
20260312140332,1300,176,0.7637,0.0065
20260312140333,1300,176,0.7637,0.0065
20260312140334,1300,176,0.7637,0.0065
20260312140335,1300,176,0.7637,0.0065
20260312140336,1300,176,0.7637,0.0065
20260312140337,1300,176,0.7637,0.0065
20260312140338,1300,176,0.7637,0.0065
20260312140339,1300,176,0.7637,0.0065
20260312140340,1300,176,0.7637,0.0065
20260312140341,1300,176,0.7637,0.0065
20260312140342,1300,176,0.7637,0.0065
20260312140343,1300,176,0.7637,0.0065
20260312140344,1300,176,0.7637,0.0065
20260312140345,1300,176,0.7637,0.0065
20260312140346,1300,176,0.7637,0.0065
20260312140347,1300,176,0.7637,0.0065
20260312140348,1300,176,0.7637,0.0065
20260312140349,1300,176,0.7637,0.0065
20260312140350,1300,176,0.7637,0.0065
20260312140351,1300,176,0.7637,0.0065
20260312140352,1300,176,0.7637,0.0065
20260312140353,1300,176,0.7637,0.0065
20260312140354,1300,176,0.7637,0.0065
20260312140355,1300,176,0.7637,0.0065
20260312140356,1300,176,0.7637,0.0065
20260312140357,1300,176,0.7637,0.0065
20260312140358,1300,176,0.7637,0.0065
20260312140359,1300,176,0.7637,0.0065
20260312140400,1300,176,0.7637,0.0065
20260312140401,1300,176,0.7637,0.0065
20260312140402,1300,176,0.7637,0.0065
20260312140403,1300,176,0.7637,0.0065
20260312140404,1300,176,0.7637,0.0065
20260312140405,1300,176,0.7637,0.0065
20260312140406,1300,176,0.7637,0.0065
20260312140407,1300,176,0.7637,0.0065
20260312140408,1300,176,0.7637,0.0065
20260312140409,1300,177,0.7637,0.0065
20260312140410,1300,177,0.7637,0.0065
20260312140411,1300,177,0.7637,0.0065
20260312140412,1300,177,0.7637,0.0065
20260312140413,1300,177,0.7637,0.0065
20260312140414,1300,177,0.7637,0.0065
20260312140415,1300,177,0.7637,0.0065
20260312140416,1300,177,0.7637,0.0065
20260312140417,1300,177,0.7637,0.0065
20260312140418,1300,177,0.7637,0.0065
20260312140419,1300,177,0.7637,0.0065
20260312140420,1300,177,0.7637,0.0065
20260312140421,1300,177,0.7637,0.0065
20260312140422,1300,177,0.7637,0.0065
20260312140423,1300,177,0.7636,0.0065
20260312140424,1300,177,0.7636,0.0065
20260312140425,1300,177,0.7636,0.0065
20260312140426,1300,177,0.7636,0.0065
20260312140427,1300,177,0.7636,0.0065
20260312140428,1300,177,0.7636,0.0065
20260312140430,1300,177,0.7636,0.0065
20260312140431,1300,177,0.7636,0.0065
20260312140432,1300,177,0.7636,0.0065
20260312140433,1300,177,0.7636,0.0065
20260312140434,1300,177,0.7636,0.0065
20260312140435,1300,177,0.7636,0.0065
20260312140436,1300,177,0.7636,0.0065
20260312140437,1300,177,0.7636,0.0065
20260312140438,1300,177,0.7636,0.0065
20260312140439,1300,177,0.7636,0.0065
20260312140440,1300,177,0.7636,0.0065
20260312140441,1300,177,0.7636,0.0065
20260312140442,1300,177,0.7636,0.0065
20260312140443,1300,177,0.7636,0.0065
20260312140444,1300,177,0.7636,0.0065
20260312140445,1300,177,0.7636,0.0065
20260312140446,1300,177,0.7636,0.0065
20260312140447,1300,177,0.7636,0.0065
20260312140448,1300,177,0.7636,0.0065
20260312140449,1300,177,0.7636,0.0065
20260312140450,1300,177,0.7636,0.0065
20260312140451,1300,177,0.7636,0.0065
20260312140452,1300,177,0.7636,0.0065
20260312140453,1300,177,0.7636,0.0065
20260312140454,1300,177,0.7636,0.0065
20260312140455,1300,177,0.7636,0.0065
20260312140456,1300,177,0.7636,0.0065
20260312140457,1300,177,0.7636,0.0065
20260312140458,1300,177,0.7636,0.0065
20260312140459,1300,177,0.7636,0.0065
20260312140500,1300,177,0.7636,0.0065
20260312140501,1300,177,0.7636,0.0065
20260312140502,1300,177,0.7636,0.0065
20260312140503,1300,177,0.7636,0.0065
20260312140504,1300,177,0.7636,0.0065
20260312140505,1300,178,0.7636,0.0065
20260312140506,1300,178,0.7636,0.0065
20260312140507,1300,178,0.7636,0.0065
20260312140508,1300,178,0.7636,0.0065
20260312140509,1300,178,0.7636,0.0065
20260312140510,1300,178,0.7636,0.0065
20260312140511,1300,178,0.7636,0.0065
20260312140512,1300,178,0.7636,0.0065
20260312140513,1300,178,0.7636,0.0065
20260312140514,1300,178,0.7636,0.0065
20260312140515,1300,178,0.7636,0.0065
20260312140516,1300,178,0.7636,0.0065
20260312140517,1300,178,0.7636,0.0065
20260312140518,1300,178,0.7636,0.0065
20260312140519,1300,178,0.7636,0.0065
20260312140520,1300,178,0.7636,0.0065
20260312140521,1300,178,0.7636,0.0065
20260312140522,1300,178,0.7636,0.0065
20260312140523,1300,178,0.7636,0.0065
20260312140524,1300,178,0.7636,0.0065
20260312140525,1300,178,0.7636,0.0065
20260312140526,1300,178,0.7636,0.0065
20260312140527,1300,178,0.7636,0.0065
20260312140528,1300,178,0.7636,0.0065
20260312140529,1300,178,0.7636,0.0065
20260312140530,1300,178,0.7636,0.0065
20260312140531,1300,178,0.7636,0.0065
20260312140532,1300,178,0.7636,0.0065
20260312140533,1300,178,0.7636,0.0065
20260312140534,1300,178,0.7636,0.0065
20260312140535,1300,178,0.7636,0.0065
20260312140536,1300,178,0.7636,0.0065
20260312140537,1300,178,0.7636,0.0065
20260312140539,1300,178,0.7636,0.0065
20260312140540,1300,178,0.7636,0.0065
20260312140541,1300,178,0.7636,0.0065
20260312140542,1300,178,0.7636,0.0065
20260312140543,1300,178,0.7636,0.0065
20260312140544,1300,178,0.7636,0.0065
20260312140545,1300,178,0.7636,0.0065
20260312140546,1300,178,0.7636,0.0065
20260312140547,1300,178,0.7636,0.0065
20260312140548,1300,178,0.7636,0.0065
20260312140549,1300,178,0.7636,0.0065
20260312140550,1300,178,0.7636,0.0065
20260312140551,1300,178,0.7636,0.0065
20260312140552,1300,178,0.7636,0.0065
20260312140553,1300,178,0.7636,0.0065
20260312140554,1300,178,0.7636,0.0065
20260312140555,1300,178,0.7636,0.0065
20260312140556,1300,178,0.7636,0.0065
20260312140557,1300,178,0.7636,0.0065
20260312140558,1300,179,0.7636,0.0065
20260312140559,1300,179,0.7636,0.0065
20260312140600,1300,179,0.7636,0.0065
20260312140601,1300,179,0.7636,0.0065
20260312140602,1300,179,0.7636,0.0065
20260312140603,1300,179,0.7636,0.0065
20260312140604,1300,179,0.7636,0.0065
20260312140605,1300,179,0.7636,0.0065
20260312140606,1300,179,0.7636,0.0065
20260312140607,1300,179,0.7636,0.0065
20260312140608,1300,179,0.7636,0.0065
20260312140609,1300,179,0.7636,0.0065
20260312140610,1300,179,0.7636,0.0065
20260312140611,1300,179,0.7636,0.0065
20260312140612,1300,179,0.7636,0.0065
20260312140613,1300,179,0.7636,0.0065
20260312140614,1300,179,0.7636,0.0065
20260312140615,1300,179,0.7636,0.0065
20260312140616,1300,179,0.7636,0.0065
20260312140617,1300,179,0.7636,0.0065
20260312140618,1300,179,0.7636,0.0065
20260312140619,1300,179,0.7636,0.0065
20260312140620,1300,179,0.7636,0.0065
20260312140621,1300,179,0.7636,0.0065
20260312140622,1300,179,0.7636,0.0065
20260312140623,1300,179,0.7636,0.0065
20260312140624,1300,179,0.7636,0.0065
20260312140625,1300,179,0.7636,0.0065
20260312140626,1300,179,0.7636,0.0065
20260312140627,1300,179,0.7636,0.0065
20260312140628,1300,179,0.7636,0.0065
20260312140629,1300,179,0.7636,0.0065
20260312140630,1300,179,0.7636,0.0065
20260312140631,1300,179,0.7636,0.0065
20260312140632,1300,179,0.7636,0.0065
20260312140633,1300,179,0.7636,0.0065
20260312140634,1300,179,0.7636,0.0065
20260312140635,1300,179,0.7636,0.0065
20260312140636,1300,179,0.7636,0.0065
20260312140637,1300,179,0.7636,0.0065
20260312140638,1300,179,0.7636,0.0065
20260312140639,1300,179,0.7636,0.0065
20260312140640,1300,179,0.7636,0.0065
20260312140641,1300,179,0.7636,0.0065
20260312140642,1300,179,0.7636,0.0065
20260312140644,1300,179,0.7636,0.0065
20260312140645,1300,179,0.7636,0.0065
20260312140646,1300,179,0.7636,0.0065
20260312140647,1300,179,0.7636,0.0065
20260312140648,1300,179,0.7636,0.0065
20260312140649,1300,179,0.7636,0.0065
20260312140650,1300,179,0.7636,0.0065
20260312140651,1300,179,0.7636,0.0065
20260312140652,1300,179,0.7636,0.0065
20260312140653,1300,180,0.7636,0.0065
20260312140654,1300,180,0.7636,0.0065
20260312140655,1300,180,0.7636,0.0065
20260312140656,1300,180,0.7636,0.0065
20260312140657,1300,180,0.7636,0.0065
20260312140658,1300,180,0.7636,0.0065
20260312140659,1300,180,0.7636,0.0065
20260312140700,1300,180,0.7636,0.0065
20260312140701,1300,180,0.7636,0.0065
20260312140702,1300,180,0.7636,0.0065
20260312140703,1300,180,0.7636,0.0065
20260312140704,1300,180,0.7636,0.0065
20260312140705,1300,180,0.7636,0.0065
20260312140706,1300,180,0.7636,0.0065
20260312140707,1300,180,0.7636,0.0065
20260312140708,1300,180,0.7636,0.0065
20260312140709,1300,180,0.7636,0.0065
20260312140710,1300,180,0.7636,0.0065
20260312140711,1300,180,0.7636,0.0065
20260312140712,1300,180,0.7636,0.0065
20260312140713,1300,180,0.7636,0.0065
20260312140714,1300,180,0.7636,0.0065
20260312140715,1300,180,0.7636,0.0065
20260312140716,1300,180,0.7636,0.0065
20260312140717,1300,180,0.7636,0.0065
20260312140718,1300,180,0.7636,0.0065
20260312140719,1300,180,0.7636,0.0065
20260312140720,1300,180,0.7636,0.0065
20260312140721,1300,180,0.7636,0.0065
20260312140722,1300,180,0.7636,0.0065
20260312140723,1300,180,0.7636,0.0065
20260312140724,1300,180,0.7636,0.0065
20260312140725,1300,180,0.7636,0.0065
20260312140726,1300,180,0.7636,0.0065
20260312140727,1300,180,0.7636,0.0065
20260312140728,1300,180,0.7636,0.0065
20260312140729,1300,180,0.7636,0.0065
20260312140730,1300,180,0.7636,0.0065
20260312140731,1300,180,0.7636,0.0065
20260312140732,1300,180,0.7636,0.0065
20260312140733,1300,180,0.7636,0.0065
20260312140734,1300,180,0.7636,0.0065
20260312140735,1300,180,0.7636,0.0065
20260312140736,1300,180,0.7636,0.0065
20260312140737,1300,180,0.7636,0.0065
20260312140738,1300,180,0.7636,0.0065
20260312140739,1300,180,0.7636,0.0065
20260312140740,1300,180,0.7636,0.0065
20260312140741,1300,180,0.7636,0.0065
20260312140742,1300,180,0.7636,0.0065
20260312140743,1300,180,0.7636,0.0065
20260312140744,1300,180,0.7636,0.0065
20260312140745,1300,180,0.7636,0.0065
20260312140746,1300,180,0.7636,0.0065
20260312140747,1300,181,0.7636,0.0065
20260312140748,1300,181,0.7636,0.0065
20260312140749,1300,181,0.7636,0.0065
20260312140751,1300,181,0.7636,0.0065
20260312140752,1300,181,0.7636,0.0065
20260312140753,1300,181,0.7636,0.0065
20260312140754,1300,181,0.7636,0.0065
20260312140755,1300,181,0.7636,0.0065
20260312140756,1300,181,0.7636,0.0065
20260312140757,1300,181,0.7636,0.0065
20260312140758,1300,181,0.7635,0.0065
20260312140759,1300,181,0.7635,0.0065
20260312140800,1300,181,0.7635,0.0065
20260312140801,1300,181,0.7635,0.0065
20260312140802,1300,181,0.7635,0.0065
20260312140803,1300,181,0.7635,0.0065
20260312140804,1300,181,0.7635,0.0065
20260312140805,1300,181,0.7635,0.0065
20260312140806,1300,181,0.7635,0.0065
20260312140807,1300,181,0.7635,0.0065
20260312140808,1300,181,0.7635,0.0065
20260312140809,1300,181,0.7635,0.0065
20260312140810,1300,181,0.7635,0.0065
20260312140811,1300,181,0.7635,0.0065
20260312140812,1300,181,0.7635,0.0065
20260312140813,1300,181,0.7635,0.0065
20260312140814,1300,181,0.7635,0.0065
20260312140815,1300,181,0.7635,0.0065
20260312140816,1300,181,0.7635,0.0065
20260312140817,1300,181,0.7635,0.0065
20260312140818,1300,181,0.7635,0.0065
20260312140819,1300,181,0.7635,0.0065
20260312140820,1300,181,0.7635,0.0065
20260312140821,1300,181,0.7635,0.0065
20260312140822,1300,181,0.7635,0.0065
20260312140823,1300,181,0.7635,0.0065
20260312140824,1300,181,0.7635,0.0065
20260312140825,1300,181,0.7635,0.0065
20260312140826,1300,181,0.7635,0.0065
20260312140827,1300,181,0.7635,0.0065
20260312140828,1300,181,0.7635,0.0065
20260312140829,1300,181,0.7635,0.0065
20260312140830,1300,181,0.7635,0.0065
20260312140831,1300,181,0.7635,0.0065
20260312140832,1300,181,0.7635,0.0065
20260312140833,1300,181,0.7635,0.0065
20260312140834,1300,181,0.7635,0.0065
20260312140835,1300,181,0.7635,0.0065
20260312140836,1300,181,0.7635,0.0065
20260312140837,1300,181,0.7635,0.0065
20260312140838,1300,181,0.7635,0.0065
20260312140839,1300,181,0.7635,0.0065
20260312140840,1300,181,0.7635,0.0065
20260312140841,1300,182,0.7635,0.0065
20260312140842,1300,182,0.7635,0.0065
20260312140843,1300,182,0.7635,0.0065
20260312140844,1300,182,0.7635,0.0065
20260312140845,1300,182,0.7635,0.0065
20260312140846,1300,182,0.7635,0.0065
20260312140847,1300,182,0.7635,0.0065
20260312140848,1300,182,0.7635,0.0065
20260312140850,1300,182,0.7635,0.0065
20260312140851,1300,182,0.7635,0.0065
20260312140852,1300,182,0.7635,0.0065
20260312140853,1300,182,0.7635,0.0065
20260312140854,1300,182,0.7635,0.0065
20260312140855,1300,182,0.7635,0.0065
20260312140856,1300,182,0.7635,0.0065
20260312140857,1300,182,0.7635,0.0065
20260312140858,1300,182,0.7635,0.0065
20260312140859,1300,182,0.7635,0.0065
20260312140900,1300,182,0.7635,0.0065
20260312140901,1300,182,0.7635,0.0065
20260312140902,1300,182,0.7635,0.0065
20260312140903,1300,182,0.7635,0.0065
20260312140904,1300,182,0.7635,0.0065
20260312140905,1300,182,0.7635,0.0065
20260312140906,1300,182,0.7635,0.0065
20260312140907,1300,182,0.7635,0.0065
20260312140908,1300,182,0.7635,0.0065
20260312140909,1300,182,0.7635,0.0065
20260312140910,1300,182,0.7635,0.0065
20260312140911,1300,182,0.7635,0.0065
20260312140912,1300,182,0.7635,0.0065
20260312140913,1300,182,0.7635,0.0065
20260312140914,1300,182,0.7635,0.0065
20260312140915,1300,182,0.7635,0.0065
20260312140916,1300,182,0.7635,0.0065
20260312140917,1300,182,0.7635,0.0065
20260312140918,1300,182,0.7635,0.0065
20260312140919,1300,182,0.7635,0.0065
20260312140920,1300,182,0.7635,0.0065
20260312140921,1300,182,0.7635,0.0065
20260312140922,1300,182,0.7635,0.0065
20260312140923,1300,182,0.7635,0.0065
20260312140924,1300,182,0.7635,0.0065
20260312140925,1300,182,0.7635,0.0065
20260312140926,1300,182,0.7635,0.0065
20260312140927,1300,182,0.7635,0.0065
20260312140928,1300,182,0.7635,0.0065
20260312140929,1300,182,0.7635,0.0065
20260312140930,1300,182,0.7635,0.0065
20260312140931,1300,182,0.7635,0.0065
20260312140932,1300,182,0.7635,0.0065
20260312140933,1300,182,0.7635,0.0065
20260312140934,1300,182,0.7635,0.0065
20260312140935,1300,182,0.7635,0.0065
20260312140936,1300,183,0.7635,0.0065
20260312140937,1300,183,0.7635,0.0065
20260312140938,1300,183,0.7635,0.0065
20260312140939,1300,183,0.7635,0.0065
20260312140940,1300,183,0.7635,0.0065
20260312140941,1300,183,0.7635,0.0065
20260312140942,1300,183,0.7635,0.0065
20260312140943,1300,183,0.7635,0.0065
20260312140944,1300,183,0.7635,0.0065
20260312140945,1300,183,0.7635,0.0065
20260312140946,1300,183,0.7635,0.0065
20260312140947,1300,183,0.7635,0.0065
20260312140948,1300,183,0.7635,0.0065
20260312140949,1300,183,0.7635,0.0065
20260312140950,1300,183,0.7635,0.0065
20260312140951,1300,183,0.7635,0.0065
20260312140952,1300,183,0.7635,0.0065
20260312140953,1300,183,0.7635,0.0065
20260312140954,1300,183,0.7635,0.0065
20260312140955,1300,183,0.7635,0.0065
20260312140956,1300,183,0.7635,0.0065
20260312140958,1300,183,0.7635,0.0065
20260312140959,1300,183,0.7635,0.0065
20260312141000,1300,183,0.7635,0.0065
20260312141001,1300,183,0.7635,0.0065
20260312141002,1300,183,0.7635,0.0065
20260312141003,1300,183,0.7635,0.0065
20260312141004,1300,183,0.7635,0.0065
20260312141005,1300,183,0.7635,0.0065
20260312141006,1300,183,0.7635,0.0065
20260312141007,1300,183,0.7635,0.0065
20260312141008,1300,183,0.7635,0.0065
20260312141009,1300,183,0.7635,0.0065
20260312141010,1300,183,0.7635,0.0065
20260312141011,1300,183,0.7635,0.0065
20260312141012,1300,183,0.7635,0.0065
20260312141013,1300,183,0.7635,0.0065
20260312141014,1300,183,0.7635,0.0065
20260312141015,1300,183,0.7635,0.0065
20260312141016,1300,183,0.7635,0.0065
20260312141017,1300,183,0.7635,0.0065
20260312141018,1300,183,0.7635,0.0065
20260312141019,1300,183,0.7635,0.0065
20260312141020,1300,183,0.7635,0.0065
20260312141021,1300,183,0.7635,0.0065
20260312141022,1300,183,0.7635,0.0065
20260312141023,1300,183,0.7635,0.0065
20260312141024,1300,183,0.7635,0.0065
20260312141025,1300,183,0.7635,0.0065
20260312141026,1300,183,0.7635,0.0065
20260312141027,1300,183,0.7635,0.0065
20260312141028,1300,183,0.7635,0.0065
20260312141029,1300,183,0.7635,0.0065
20260312141030,1300,183,0.7635,0.0065
20260312141031,1300,184,0.7635,0.0065
20260312141032,1300,184,0.7635,0.0065
20260312141033,1300,184,0.7635,0.0065
20260312141034,1300,184,0.7635,0.0065
20260312141035,1300,184,0.7635,0.0065
20260312141036,1300,184,0.7635,0.0065
20260312141037,1300,184,0.7635,0.0065
20260312141038,1300,184,0.7635,0.0065
20260312141039,1300,184,0.7635,0.0065
20260312141040,1300,184,0.7635,0.0065
20260312141041,1300,184,0.7635,0.0065
20260312141042,1300,184,0.7635,0.0065
20260312141043,1300,184,0.7635,0.0065
20260312141044,1300,184,0.7635,0.0065
20260312141045,1300,184,0.7635,0.0065
20260312141046,1300,184,0.7635,0.0065
20260312141047,1300,184,0.7635,0.0065
20260312141048,1300,184,0.7635,0.0065
20260312141049,1300,184,0.7635,0.0065
20260312141050,1300,184,0.7635,0.0065
20260312141051,1300,184,0.7635,0.0065
20260312141052,1300,184,0.7635,0.0065
20260312141053,1300,184,0.7635,0.0065
20260312141054,1300,184,0.7635,0.0065
20260312141055,1300,184,0.7635,0.0065
20260312141056,1300,184,0.7635,0.0065
20260312141057,1300,184,0.7635,0.0065
20260312141058,1300,184,0.7635,0.0065
20260312141059,1300,184,0.7635,0.0065
20260312141100,1300,184,0.7635,0.0065
20260312141101,1300,184,0.7635,0.0065
20260312141102,1300,184,0.7635,0.0065
20260312141103,1300,184,0.7635,0.0065
20260312141104,1300,184,0.7635,0.0065
20260312141105,1300,184,0.7635,0.0065
20260312141106,1300,184,0.7635,0.0065
20260312141108,1300,184,0.7635,0.0065
20260312141109,1300,184,0.7635,0.0065
20260312141110,1300,184,0.7635,0.0065
20260312141111,1300,184,0.7635,0.0065
20260312141112,1300,184,0.7635,0.0065
20260312141113,1300,184,0.7635,0.0065
20260312141114,1300,184,0.7635,0.0065
20260312141115,1300,184,0.7635,0.0065
20260312141116,1300,184,0.7635,0.0065
20260312141117,1300,184,0.7635,0.0065
20260312141118,1300,184,0.7635,0.0065
20260312141119,1300,184,0.7635,0.0065
20260312141120,1300,184,0.7635,0.0065
20260312141121,1300,184,0.7635,0.0065
20260312141122,1300,184,0.7635,0.0065
20260312141123,1300,184,0.7635,0.0065
20260312141124,1300,184,0.7635,0.0065
20260312141125,1300,184,0.7635,0.0065
20260312141126,1300,185,0.7635,0.0065
20260312141127,1300,185,0.7635,0.0065
20260312141128,1300,185,0.7635,0.0065
20260312141129,1300,185,0.7635,0.0065
20260312141130,1300,185,0.7635,0.0065
20260312141131,1300,185,0.7635,0.0065
20260312141132,1300,185,0.7634,0.0065
20260312141133,1300,185,0.7634,0.0065
20260312141134,1300,185,0.7634,0.0065
20260312141135,1300,185,0.7634,0.0065
20260312141136,1300,185,0.7634,0.0065
20260312141137,1300,185,0.7634,0.0065
20260312141138,1300,185,0.7634,0.0065
20260312141139,1300,185,0.7634,0.0065
20260312141140,1300,185,0.7634,0.0065
20260312141141,1300,185,0.7634,0.0065
20260312141142,1300,185,0.7634,0.0065
20260312141143,1300,185,0.7634,0.0065
20260312141144,1300,185,0.7634,0.0065
20260312141145,1300,185,0.7634,0.0065
20260312141146,1300,185,0.7634,0.0065
20260312141147,1300,185,0.7634,0.0065
20260312141148,1300,185,0.7634,0.0065
20260312141149,1300,185,0.7634,0.0065
20260312141150,1300,185,0.7634,0.0065
20260312141151,1300,185,0.7634,0.0065
20260312141152,1300,185,0.7634,0.0065
20260312141153,1300,185,0.7634,0.0065
20260312141154,1300,185,0.7634,0.0065
20260312141155,1300,185,0.7634,0.0065
20260312141156,1300,185,0.7634,0.0065
20260312141157,1300,185,0.7634,0.0065
20260312141158,1300,185,0.7634,0.0065
20260312141159,1300,185,0.7634,0.0065
20260312141200,1300,185,0.7634,0.0065
20260312141201,1300,185,0.7634,0.0065
20260312141202,1300,185,0.7634,0.0065
20260312141203,1300,185,0.7634,0.0065
20260312141205,1300,185,0.7634,0.0065
20260312141206,1300,185,0.7634,0.0065
20260312141207,1300,185,0.7634,0.0065
20260312141208,1300,185,0.7634,0.0065
20260312141209,1300,185,0.7634,0.0065
20260312141210,1300,185,0.7634,0.0065
20260312141211,1300,185,0.7634,0.0065
20260312141212,1300,185,0.7634,0.0065
20260312141213,1300,185,0.7634,0.0065
20260312141214,1300,185,0.7634,0.0065
20260312141215,1300,185,0.7634,0.0065
20260312141216,1300,185,0.7634,0.0065
20260312141217,1300,185,0.7634,0.0065
20260312141218,1300,185,0.7634,0.0065
20260312141219,1300,185,0.7634,0.0065
20260312141220,1300,185,0.7634,0.0065
20260312141221,1300,186,0.7634,0.0065
20260312141222,1300,186,0.7634,0.0065
20260312141223,1300,186,0.7634,0.0065
20260312141224,1300,186,0.7634,0.0065
20260312141225,1300,186,0.7634,0.0065
20260312141226,1300,186,0.7634,0.0065
20260312141227,1300,186,0.7634,0.0065
20260312141228,1300,186,0.7634,0.0065
20260312141229,1300,186,0.7634,0.0065
20260312141230,1300,186,0.7634,0.0065
20260312141231,1300,186,0.7634,0.0065
20260312141232,1300,186,0.7634,0.0065
20260312141233,1300,186,0.7634,0.0065
20260312141234,1300,186,0.7634,0.0065
20260312141235,1300,186,0.7634,0.0065
20260312141236,1300,186,0.7634,0.0065
20260312141237,1300,186,0.7634,0.0065
20260312141238,1300,186,0.7634,0.0065
20260312141239,1300,186,0.7634,0.0065
20260312141240,1300,186,0.7634,0.0065
20260312141241,1300,186,0.7634,0.0065
20260312141242,1300,186,0.7634,0.0065
20260312141243,1300,186,0.7634,0.0065
20260312141244,1300,186,0.7634,0.0065
20260312141245,1300,186,0.7634,0.0065
20260312141246,1300,186,0.7634,0.0065
20260312141247,1300,186,0.7634,0.0065
20260312141248,1300,186,0.7634,0.0065
20260312141249,1300,186,0.7634,0.0065
20260312141250,1300,186,0.7634,0.0065
20260312141251,1300,186,0.7634,0.0065
20260312141252,1300,186,0.7634,0.0065
20260312141253,1300,186,0.7634,0.0065
20260312141254,1300,186,0.7634,0.0065
20260312141255,1300,186,0.7634,0.0065
20260312141256,1300,186,0.7634,0.0065
20260312141257,1300,186,0.7634,0.0065
20260312141258,1300,186,0.7634,0.0065
20260312141259,1300,186,0.7634,0.0065
20260312141300,1300,186,0.7634,0.0065
20260312141301,1300,186,0.7634,0.0065
20260312141302,1300,186,0.7634,0.0065
20260312141303,1300,186,0.7634,0.0065
20260312141304,1300,186,0.7634,0.0065
20260312141305,1300,186,0.7634,0.0065
20260312141306,1300,186,0.7634,0.0065
20260312141308,1300,186,0.7634,0.0065
20260312141309,1300,186,0.7634,0.0065
20260312141310,1300,186,0.7634,0.0065
20260312141311,1300,186,0.7634,0.0065
20260312141312,1300,186,0.7634,0.0065
20260312141313,1300,186,0.7634,0.0065
20260312141314,1300,186,0.7634,0.0065
20260312141315,1300,186,0.7634,0.0065
20260312141316,1300,187,0.7634,0.0065
20260312141317,1300,187,0.7634,0.0065
20260312141318,1300,187,0.7634,0.0065
20260312141319,1300,187,0.7634,0.0065
20260312141320,1300,187,0.7634,0.0065
20260312141321,1300,187,0.7634,0.0065
20260312141322,1300,187,0.7634,0.0065
20260312141323,1300,187,0.7634,0.0065
20260312141324,1300,187,0.7634,0.0065
20260312141325,1300,187,0.7634,0.0065
20260312141326,1300,187,0.7634,0.0065
20260312141327,1300,187,0.7634,0.0065
20260312141328,1300,187,0.7634,0.0065
20260312141329,1300,187,0.7634,0.0065
20260312141330,1300,187,0.7634,0.0065
20260312141331,1300,187,0.7634,0.0065
20260312141332,1300,187,0.7634,0.0065
20260312141333,1300,187,0.7634,0.0065
20260312141334,1300,187,0.7634,0.0065
20260312141335,1300,187,0.7634,0.0065
20260312141336,1300,187,0.7634,0.0065
20260312141337,1300,187,0.7634,0.0065
20260312141338,1300,187,0.7634,0.0065
20260312141339,1300,187,0.7634,0.0065
20260312141340,1300,187,0.7634,0.0065
20260312141341,1300,187,0.7634,0.0065
20260312141342,1300,187,0.7634,0.0065
20260312141343,1300,187,0.7634,0.0065
20260312141344,1300,187,0.7634,0.0065
20260312141345,1300,187,0.7634,0.0065
20260312141346,1300,187,0.7634,0.0065
20260312141347,1300,187,0.7634,0.0065
20260312141348,1300,187,0.7634,0.0065
20260312141349,1300,187,0.7634,0.0065
20260312141350,1300,187,0.7634,0.0065
20260312141351,1300,187,0.7634,0.0065
20260312141352,1300,187,0.7634,0.0065
20260312141353,1300,187,0.7634,0.0065
20260312141354,1300,187,0.7634,0.0065
20260312141355,1300,187,0.7634,0.0065
20260312141356,1300,187,0.7634,0.0065
20260312141357,1300,187,0.7634,0.0065
20260312141358,1300,187,0.7634,0.0065
20260312141359,1300,187,0.7634,0.0065
20260312141400,1300,187,0.7634,0.0065
20260312141401,1300,187,0.7634,0.0065
20260312141402,1300,187,0.7634,0.0065
20260312141403,1300,187,0.7634,0.0065
20260312141404,1300,187,0.7634,0.0065
20260312141405,1300,187,0.7634,0.0065
20260312141406,1300,187,0.7634,0.0065
20260312141407,1300,187,0.7634,0.0065
20260312141408,1300,187,0.7634,0.0065
20260312141409,1300,187,0.7634,0.0065
20260312141410,1300,187,0.7634,0.0065
20260312141411,1300,188,0.7634,0.0065
20260312141412,1300,188,0.7634,0.0065
20260312141413,1300,188,0.7634,0.0065
20260312141415,1300,188,0.7634,0.0065
20260312141416,1300,188,0.7634,0.0065
20260312141417,1300,188,0.7634,0.0065
20260312141418,1300,188,0.7634,0.0065
20260312141419,1300,188,0.7634,0.0065
20260312141420,1300,188,0.7634,0.0065
20260312141421,1300,188,0.7634,0.0065
20260312141422,1300,188,0.7634,0.0065
20260312141423,1300,188,0.7634,0.0065
20260312141424,1300,188,0.7634,0.0065
20260312141425,1300,188,0.7634,0.0065
20260312141426,1300,188,0.7634,0.0065
20260312141427,1300,188,0.7634,0.0065
20260312141428,1300,188,0.7634,0.0065
20260312141429,1300,188,0.7634,0.0065
20260312141430,1300,188,0.7634,0.0065
20260312141431,1300,188,0.7634,0.0065
20260312141432,1300,188,0.7634,0.0065
20260312141433,1300,188,0.7634,0.0065
20260312141434,1300,188,0.7634,0.0065
20260312141435,1300,188,0.7634,0.0065
20260312141436,1300,188,0.7634,0.0065
20260312141437,1300,188,0.7634,0.0065
20260312141438,1300,188,0.7634,0.0065
20260312141439,1300,188,0.7634,0.0065
20260312141440,1300,188,0.7634,0.0065
20260312141441,1300,188,0.7634,0.0065
20260312141442,1300,188,0.7634,0.0065
20260312141443,1300,188,0.7634,0.0065
20260312141444,1300,188,0.7634,0.0065
20260312141445,1300,188,0.7634,0.0065
20260312141446,1300,188,0.7634,0.0065
20260312141447,1300,188,0.7634,0.0065
20260312141448,1300,188,0.7634,0.0065
20260312141449,1300,188,0.7634,0.0065
20260312141450,1300,188,0.7634,0.0065
20260312141451,1300,188,0.7634,0.0065
20260312141452,1300,188,0.7634,0.0065
20260312141453,1300,188,0.7634,0.0065
20260312141454,1300,188,0.7634,0.0065
20260312141455,1300,188,0.7634,0.0065
20260312141456,1300,188,0.7634,0.0065
20260312141457,1300,188,0.7634,0.0065
20260312141458,1300,188,0.7634,0.0065
20260312141459,1300,188,0.7634,0.0065
20260312141500,1300,188,0.7634,0.0065
20260312141501,1300,188,0.7634,0.0065
20260312141502,1300,188,0.7634,0.0065
20260312141503,1300,188,0.7634,0.0065
20260312141504,1300,188,0.7634,0.0065
20260312141505,1300,189,0.7634,0.0065
20260312141506,1300,189,0.7634,0.0065
20260312141507,1300,189,0.7634,0.0065
20260312141508,1300,189,0.7634,0.0065
20260312141509,1300,189,0.7633,0.0065
20260312141510,1300,189,0.7633,0.0065
20260312141511,1300,189,0.7633,0.0065
20260312141512,1300,189,0.7633,0.0065
20260312141514,1300,189,0.7633,0.0065
20260312141515,1300,189,0.7633,0.0065
20260312141516,1300,189,0.7633,0.0065
20260312141517,1300,189,0.7633,0.0065
20260312141518,1300,189,0.7633,0.0065
20260312141519,1300,189,0.7633,0.0065
20260312141520,1300,189,0.7633,0.0065
20260312141521,1300,189,0.7633,0.0065
20260312141522,1300,189,0.7633,0.0065
20260312141523,1300,189,0.7633,0.0065
20260312141524,1300,189,0.7633,0.0065
20260312141525,1300,189,0.7633,0.0065
20260312141526,1300,189,0.7633,0.0065
20260312141527,1300,189,0.7633,0.0065
20260312141528,1300,189,0.7633,0.0065
20260312141529,1300,189,0.7633,0.0065
20260312141530,1300,189,0.7633,0.0065
20260312141531,1300,189,0.7633,0.0065
20260312141532,1300,189,0.7633,0.0065
20260312141533,1300,189,0.7633,0.0065
20260312141534,1300,189,0.7633,0.0065
20260312141535,1300,189,0.7633,0.0065
20260312141536,1300,189,0.7633,0.0065
20260312141537,1300,189,0.7633,0.0065
20260312141538,1300,189,0.7633,0.0065
20260312141539,1300,189,0.7633,0.0065
20260312141540,1300,189,0.7633,0.0065
20260312141541,1300,189,0.7633,0.0065
20260312141542,1300,189,0.7633,0.0065
20260312141543,1300,189,0.7633,0.0065
20260312141544,1300,189,0.7633,0.0065
20260312141545,1300,189,0.7633,0.0065
20260312141546,1300,189,0.7633,0.0065
20260312141547,1300,189,0.7633,0.0065
20260312141548,1300,189,0.7633,0.0065
20260312141549,1300,189,0.7633,0.0065
20260312141550,1300,189,0.7633,0.0065
20260312141551,1300,189,0.7633,0.0065
20260312141552,1300,189,0.7633,0.0065
20260312141553,1300,189,0.7633,0.0065
20260312141554,1300,189,0.7633,0.0065
20260312141555,1300,189,0.7633,0.0065
20260312141556,1300,189,0.7633,0.0065
20260312141557,1300,189,0.7633,0.0065
20260312141558,1300,189,0.7633,0.0065
20260312141559,1300,189,0.7633,0.0065
20260312141600,1300,190,0.7633,0.0065
20260312141601,1300,190,0.7633,0.0065
20260312141602,1300,190,0.7633,0.0065
20260312141603,1300,190,0.7633,0.0065
20260312141604,1300,190,0.7633,0.0065
20260312141605,1300,190,0.7633,0.0065
20260312141606,1300,190,0.7633,0.0065
20260312141607,1300,190,0.7633,0.0065
20260312141608,1300,190,0.7633,0.0065
20260312141609,1300,190,0.7633,0.0065
20260312141610,1300,190,0.7633,0.0065
20260312141611,1300,190,0.7633,0.0065
20260312141612,1300,190,0.7633,0.0065
20260312141613,1300,190,0.7633,0.0065
20260312141614,1300,190,0.7633,0.0065
20260312141615,1300,190,0.7633,0.0065
20260312141617,1300,190,0.7633,0.0065
20260312141618,1300,190,0.7633,0.0065
20260312141619,1300,190,0.7633,0.0065
20260312141620,1300,190,0.7633,0.0065
20260312141621,1300,190,0.7633,0.0065
20260312141622,1300,190,0.7633,0.0065
20260312141623,1300,190,0.7633,0.0065
20260312141624,1300,190,0.7633,0.0065
20260312141625,1300,190,0.7633,0.0065
20260312141626,1300,190,0.7633,0.0065
20260312141627,1300,190,0.7633,0.0065
20260312141628,1300,190,0.7633,0.0065
20260312141629,1300,190,0.7633,0.0065
20260312141630,1300,190,0.7633,0.0065
20260312141631,1300,190,0.7633,0.0065
20260312141632,1300,190,0.7633,0.0065
20260312141633,1300,190,0.7633,0.0065
20260312141634,1300,190,0.7633,0.0065
20260312141635,1300,190,0.7633,0.0065
20260312141636,1300,190,0.7633,0.0065
20260312141637,1300,190,0.7633,0.0065
20260312141638,1300,190,0.7633,0.0065
20260312141639,1300,190,0.7633,0.0065
20260312141640,1300,190,0.7633,0.0065
20260312141641,1300,190,0.7633,0.0065
20260312141642,1300,190,0.7633,0.0065
20260312141643,1300,190,0.7633,0.0065
20260312141644,1300,190,0.7633,0.0065
20260312141645,1300,190,0.7633,0.0065
20260312141646,1300,190,0.7633,0.0065
20260312141647,1300,190,0.7633,0.0065
20260312141648,1300,190,0.7633,0.0065
20260312141649,1300,190,0.7633,0.0065
20260312141650,1300,190,0.7633,0.0065
20260312141651,1300,190,0.7633,0.0065
20260312141652,1300,190,0.7633,0.0065
20260312141653,1300,190,0.7633,0.0065
20260312141654,1300,190,0.7633,0.0065
20260312141655,1300,191,0.7633,0.0065
20260312141656,1300,191,0.7633,0.0065
20260312141657,1300,191,0.7633,0.0065
20260312141658,1300,191,0.7633,0.0065
20260312141659,1300,191,0.7633,0.0065
20260312141700,1300,191,0.7633,0.0065
20260312141701,1300,191,0.7633,0.0065
20260312141702,1300,191,0.7633,0.0065
20260312141703,1300,191,0.7633,0.0065
20260312141704,1300,191,0.7633,0.0065
20260312141705,1300,191,0.7633,0.0065
20260312141706,1300,191,0.7633,0.0065
20260312141707,1300,191,0.7633,0.0065
20260312141708,1300,191,0.7633,0.0065
20260312141709,1300,191,0.7633,0.0065
20260312141710,1300,191,0.7633,0.0065
20260312141711,1300,191,0.7633,0.0065
20260312141712,1300,191,0.7633,0.0065
20260312141713,1300,191,0.7633,0.0065
20260312141714,1300,191,0.7633,0.0065
20260312141715,1300,191,0.7633,0.0065
20260312141716,1300,191,0.7633,0.0065
20260312141717,1300,191,0.7633,0.0065
20260312141718,1300,191,0.7633,0.0065
20260312141719,1300,191,0.7633,0.0065
20260312141720,1300,191,0.7633,0.0065
20260312141721,1300,191,0.7633,0.0065
20260312141723,1300,191,0.7633,0.0065
20260312141724,1300,191,0.7633,0.0065
20260312141725,1300,191,0.7633,0.0065
20260312141726,1300,191,0.7633,0.0065
20260312141727,1300,191,0.7633,0.0065
20260312141728,1300,191,0.7633,0.0065
20260312141729,1300,191,0.7633,0.0065
20260312141730,1300,191,0.7633,0.0065
20260312141731,1300,191,0.7633,0.0065
20260312141732,1300,191,0.7633,0.0065
20260312141733,1300,191,0.7633,0.0065
20260312141734,1300,191,0.7633,0.0065
20260312141735,1300,191,0.7633,0.0065
20260312141736,1300,191,0.7633,0.0065
20260312141737,1300,191,0.7633,0.0065
20260312141738,1300,191,0.7633,0.0065
20260312141739,1300,191,0.7633,0.0065
20260312141740,1300,191,0.7633,0.0065
20260312141741,1300,191,0.7633,0.0065
20260312141742,1300,191,0.7633,0.0065
20260312141743,1300,191,0.7633,0.0065
20260312141744,1300,191,0.7633,0.0065
20260312141745,1300,191,0.7633,0.0065
20260312141746,1300,191,0.7633,0.0065
20260312141747,1300,191,0.7633,0.0065
20260312141748,1300,191,0.7633,0.0065
20260312141749,1300,192,0.7633,0.0065
20260312141750,1300,192,0.7633,0.0065
20260312141751,1300,192,0.7633,0.0065
20260312141752,1300,192,0.7633,0.0065
20260312141753,1300,192,0.7633,0.0065
20260312141754,1300,192,0.7633,0.0065
20260312141755,1300,192,0.7633,0.0065
20260312141756,1300,192,0.7633,0.0065
20260312141757,1300,192,0.7633,0.0065
20260312141758,1300,192,0.7633,0.0065
20260312141759,1300,192,0.7633,0.0065
20260312141800,1300,192,0.7633,0.0065
20260312141801,1300,192,0.7633,0.0065
20260312141802,1300,192,0.7633,0.0065
20260312141803,1300,192,0.7633,0.0065
20260312141804,1300,192,0.7633,0.0065
20260312141805,1300,192,0.7633,0.0065
20260312141806,1300,192,0.7633,0.0065
20260312141807,1300,192,0.7633,0.0065
20260312141808,1300,192,0.7633,0.0065
20260312141809,1300,192,0.7633,0.0065
20260312141810,1300,192,0.7633,0.0065
20260312141811,1300,192,0.7633,0.0065
20260312141812,1300,192,0.7633,0.0065
20260312141813,1300,192,0.7633,0.0065
20260312141814,1300,192,0.7633,0.0065
20260312141815,1300,192,0.7633,0.0065
20260312141816,1300,192,0.7633,0.0065
20260312141817,1300,192,0.7633,0.0065
20260312141818,1300,192,0.7633,0.0065
20260312141819,1300,192,0.7633,0.0065
20260312141820,1300,192,0.7633,0.0065
20260312141821,1300,192,0.7633,0.0065
20260312141822,1300,192,0.7633,0.0065
20260312141823,1300,192,0.7633,0.0065
20260312141824,1300,192,0.7633,0.0065
20260312141825,1300,192,0.7633,0.0065
20260312141826,1300,192,0.7633,0.0065
20260312141827,1300,192,0.7633,0.0065
20260312141828,1300,192,0.7633,0.0065
20260312141829,1300,192,0.7633,0.0065
20260312141830,1300,192,0.7633,0.0065
20260312141831,1300,192,0.7633,0.0065
20260312141832,1300,192,0.7633,0.0065
20260312141833,1300,192,0.7633,0.0065
20260312141834,1300,192,0.7633,0.0065
20260312141835,1300,192,0.7633,0.0065
20260312141837,1300,192,0.7633,0.0065
20260312141838,1300,192,0.7633,0.0065
20260312141839,1300,192,0.7633,0.0065
20260312141840,1300,192,0.7633,0.0065
20260312141841,1300,192,0.7633,0.0065
20260312141842,1300,192,0.7633,0.0065
20260312141843,1300,192,0.7633,0.0065
20260312141844,1300,193,0.7633,0.0065
20260312141845,1300,193,0.7633,0.0065
20260312141846,1300,193,0.7632,0.0065
20260312141847,1300,193,0.7632,0.0065
20260312141848,1300,193,0.7632,0.0065
20260312141849,1300,193,0.7632,0.0065
20260312141850,1300,193,0.7632,0.0065
20260312141851,1300,193,0.7632,0.0065
20260312141852,1300,193,0.7632,0.0065
20260312141853,1300,193,0.7632,0.0065
20260312141854,1300,193,0.7632,0.0065
20260312141855,1300,193,0.7632,0.0065
20260312141856,1300,193,0.7632,0.0065
20260312141857,1300,193,0.7632,0.0065
20260312141858,1300,193,0.7632,0.0065
20260312141859,1300,193,0.7632,0.0065
20260312141900,1300,193,0.7632,0.0065
20260312141901,1300,193,0.7632,0.0065
20260312141902,1300,193,0.7632,0.0065
20260312141903,1300,193,0.7632,0.0065
20260312141904,1300,193,0.7632,0.0065
20260312141905,1300,193,0.7632,0.0065
20260312141906,1300,193,0.7632,0.0065
20260312141907,1300,193,0.7632,0.0065
20260312141908,1300,193,0.7632,0.0065
20260312141909,1300,193,0.7632,0.0065
20260312141910,1300,193,0.7632,0.0065
20260312141911,1300,193,0.7632,0.0065
20260312141912,1300,193,0.7632,0.0065
20260312141913,1300,193,0.7632,0.0065
20260312141914,1300,193,0.7632,0.0065
20260312141915,1300,193,0.7632,0.0065
20260312141916,1300,193,0.7632,0.0065
20260312141917,1300,193,0.7632,0.0065
20260312141918,1300,193,0.7632,0.0065
20260312141919,1300,193,0.7632,0.0065
20260312141920,1300,193,0.7632,0.0065
20260312141921,1300,193,0.7632,0.0065
20260312141922,1300,193,0.7632,0.0065
20260312141923,1300,193,0.7632,0.0065
20260312141924,1300,193,0.7632,0.0065
20260312141925,1300,193,0.7632,0.0065
20260312141926,1300,193,0.7632,0.0065
20260312141927,1300,193,0.7632,0.0065
20260312141928,1300,193,0.7632,0.0065
20260312141929,1300,193,0.7632,0.0065
20260312141930,1300,193,0.7632,0.0065
20260312141931,1300,193,0.7632,0.0065
20260312141932,1300,193,0.7632,0.0065
20260312141933,1300,193,0.7632,0.0065
20260312141934,1300,193,0.7632,0.0065
20260312141935,1300,193,0.7632,0.0065
20260312141936,1300,193,0.7632,0.0065
20260312141937,1300,193,0.7632,0.0065
20260312141938,1300,194,0.7632,0.0065
20260312141939,1300,194,0.7632,0.0065
20260312141940,1300,194,0.7632,0.0065
20260312141941,1300,194,0.7632,0.0065
20260312141942,1300,194,0.7632,0.0065
20260312141944,1300,194,0.7632,0.0065
20260312141945,1300,194,0.7632,0.0065
20260312141946,1300,194,0.7632,0.0065
20260312141947,1300,194,0.7632,0.0065
20260312141948,1300,194,0.7632,0.0065
20260312141949,1300,194,0.7632,0.0065
20260312141950,1300,194,0.7632,0.0065
20260312141951,1300,194,0.7632,0.0065
20260312141952,1300,194,0.7632,0.0065
20260312141953,1300,194,0.7632,0.0065
20260312141954,1300,194,0.7632,0.0065
20260312141955,1300,194,0.7632,0.0065
20260312141956,1300,194,0.7632,0.0065
20260312141957,1300,194,0.7632,0.0065
20260312141958,1300,194,0.7632,0.0065
20260312141959,1300,194,0.7632,0.0065
20260312142000,1300,194,0.7632,0.0065
20260312142001,1300,194,0.7632,0.0065
20260312142002,1300,194,0.7632,0.0065
20260312142003,1300,194,0.7632,0.0065
20260312142004,1300,194,0.7632,0.0065
20260312142005,1300,194,0.7632,0.0065
20260312142006,1300,194,0.7632,0.0065
20260312142007,1300,194,0.7632,0.0065
20260312142008,1300,194,0.7632,0.0065
20260312142009,1300,194,0.7632,0.0065
20260312142010,1300,194,0.7632,0.0065
20260312142011,1300,194,0.7632,0.0065
20260312142012,1300,194,0.7632,0.0065
20260312142013,1300,194,0.7632,0.0065
20260312142014,1300,194,0.7632,0.0065
20260312142015,1300,194,0.7632,0.0065
20260312142016,1300,194,0.7632,0.0065
20260312142017,1300,194,0.7632,0.0065
20260312142018,1300,194,0.7632,0.0065
20260312142019,1300,194,0.7632,0.0065
20260312142020,1300,194,0.7632,0.0065
20260312142021,1300,194,0.7632,0.0065
20260312142022,1300,194,0.7632,0.0065
20260312142023,1300,194,0.7632,0.0065
20260312142024,1300,194,0.7632,0.0065
20260312142025,1300,194,0.7632,0.0065
20260312142026,1300,194,0.7632,0.0065
20260312142027,1300,194,0.7632,0.0065
20260312142028,1300,194,0.7632,0.0065
20260312142029,1300,194,0.7632,0.0065
20260312142030,1300,194,0.7632,0.0065
20260312142031,1300,194,0.7632,0.0065
20260312142032,1300,195,0.7632,0.0065
20260312142033,1300,195,0.7632,0.0065
20260312142034,1300,195,0.7632,0.0065
20260312142035,1300,195,0.7632,0.0065
20260312142036,1300,195,0.7632,0.0065
20260312142037,1300,195,0.7632,0.0065
20260312142038,1300,195,0.7632,0.0065
20260312142039,1300,195,0.7632,0.0065
20260312142040,1300,195,0.7632,0.0065
20260312142041,1300,195,0.7632,0.0065
20260312142042,1300,195,0.7632,0.0065
20260312142044,1300,195,0.7632,0.0065
20260312142045,1300,195,0.7632,0.0065
20260312142046,1300,195,0.7632,0.0065
20260312142047,1300,195,0.7632,0.0065
20260312142048,1300,195,0.7632,0.0065
20260312142049,1300,195,0.7632,0.0065
20260312142050,1300,195,0.7632,0.0065
20260312142051,1300,195,0.7632,0.0065
20260312142052,1300,195,0.7632,0.0065
20260312142053,1300,195,0.7632,0.0065
20260312142054,1300,195,0.7632,0.0065
20260312142055,1300,195,0.7632,0.0065
20260312142056,1300,195,0.7632,0.0065
20260312142057,1300,195,0.7632,0.0065
20260312142058,1300,195,0.7632,0.0065
20260312142059,1300,195,0.7632,0.0065
20260312142100,1300,195,0.7632,0.0065
20260312142101,1300,195,0.7632,0.0065
20260312142102,1300,195,0.7632,0.0065
20260312142103,1300,195,0.7632,0.0065
20260312142104,1300,195,0.7632,0.0065
20260312142105,1300,195,0.7632,0.0065
20260312142106,1300,195,0.7632,0.0065
20260312142107,1300,195,0.7632,0.0065
20260312142108,1300,195,0.7632,0.0065
20260312142109,1300,195,0.7632,0.0065
20260312142110,1300,195,0.7632,0.0065
20260312142111,1300,195,0.7632,0.0065
20260312142112,1300,195,0.7632,0.0065
20260312142113,1300,195,0.7632,0.0065
20260312142114,1300,195,0.7632,0.0065
20260312142115,1300,195,0.7632,0.0065
20260312142116,1300,195,0.7632,0.0065
20260312142117,1300,195,0.7632,0.0065
20260312142118,1300,195,0.7632,0.0065
20260312142119,1300,195,0.7632,0.0065
20260312142120,1300,195,0.7632,0.0065
20260312142121,1300,195,0.7632,0.0065
20260312142122,1300,195,0.7632,0.0065
20260312142123,1300,195,0.7632,0.0065
20260312142124,1300,195,0.7632,0.0065
20260312142125,1300,195,0.7632,0.0065
20260312142126,1300,196,0.7632,0.0065
20260312142127,1300,196,0.7632,0.0065
20260312142128,1300,196,0.7632,0.0065
20260312142129,1300,196,0.7632,0.0065
20260312142130,1300,196,0.7632,0.0065
20260312142131,1300,196,0.7632,0.0065
20260312142132,1300,196,0.7632,0.0065
20260312142133,1300,196,0.7632,0.0065
20260312142134,1300,196,0.7632,0.0065
20260312142135,1300,196,0.7632,0.0065
20260312142136,1300,196,0.7632,0.0065
20260312142137,1300,196,0.7632,0.0065
20260312142138,1300,196,0.7632,0.0065
20260312142139,1300,196,0.7632,0.0065
20260312142140,1300,196,0.7632,0.0065
20260312142141,1300,196,0.7632,0.0065
20260312142142,1300,196,0.7632,0.0065
20260312142143,1300,196,0.7632,0.0065
20260312142144,1300,196,0.7632,0.0065
20260312142145,1300,196,0.7632,0.0065
20260312142146,1300,196,0.7632,0.0065
20260312142147,1300,196,0.7632,0.0065
20260312142148,1300,196,0.7632,0.0065
20260312142149,1300,196,0.7632,0.0065
20260312142150,1300,196,0.7632,0.0065
20260312142151,1300,196,0.7632,0.0065
20260312142152,1300,196,0.7632,0.0065
20260312142153,1300,196,0.7632,0.0065
20260312142154,1300,196,0.7632,0.0065
20260312142155,1300,196,0.7632,0.0065
20260312142157,1300,196,0.7632,0.0065
20260312142158,1300,196,0.7632,0.0065
20260312142159,1300,196,0.7632,0.0065
20260312142200,1300,196,0.7632,0.0065
20260312142201,1300,196,0.7632,0.0065
20260312142202,1300,196,0.7632,0.0065
20260312142203,1300,196,0.7632,0.0065
20260312142204,1300,196,0.7632,0.0065
20260312142205,1300,196,0.7632,0.0065
20260312142206,1300,196,0.7632,0.0065
20260312142207,1300,196,0.7632,0.0065
20260312142208,1300,196,0.7632,0.0065
20260312142209,1300,196,0.7632,0.0065
20260312142210,1300,196,0.7632,0.0065
20260312142211,1300,196,0.7632,0.0065
20260312142212,1300,196,0.7632,0.0065
20260312142213,1300,196,0.7632,0.0065
20260312142214,1300,196,0.7632,0.0065
20260312142215,1300,196,0.7632,0.0065
20260312142216,1300,196,0.7632,0.0065
20260312142217,1300,196,0.7632,0.0065
20260312142218,1300,196,0.7632,0.0065
20260312142219,1300,196,0.7632,0.0065
20260312142220,1300,196,0.7632,0.0065
20260312142221,1300,197,0.7631,0.0065
20260312142222,1300,197,0.7631,0.0065
20260312142223,1300,197,0.7631,0.0065
20260312142224,1300,197,0.7631,0.0065
20260312142225,1300,197,0.7631,0.0065
20260312142226,1300,197,0.7631,0.0065
20260312142227,1300,197,0.7631,0.0065
20260312142228,1300,197,0.7631,0.0065
20260312142229,1300,197,0.7631,0.0065
20260312142230,1300,197,0.7631,0.0065
20260312142231,1300,197,0.7631,0.0065
20260312142232,1300,197,0.7631,0.0065
20260312142233,1300,197,0.7631,0.0065
20260312142234,1300,197,0.7631,0.0065
20260312142235,1300,197,0.7631,0.0065
20260312142236,1300,197,0.7631,0.0065
20260312142237,1300,197,0.7631,0.0065
20260312142238,1300,197,0.7631,0.0065
20260312142239,1300,197,0.7631,0.0065
20260312142240,1300,197,0.7631,0.0065
20260312142241,1300,197,0.7631,0.0065
20260312142242,1300,197,0.7631,0.0065
20260312142243,1300,197,0.7631,0.0065
20260312142244,1300,197,0.7631,0.0065
20260312142245,1300,197,0.7631,0.0065
20260312142246,1300,197,0.7631,0.0065
20260312142247,1300,197,0.7631,0.0065
20260312142248,1300,197,0.7631,0.0065
20260312142249,1300,197,0.7631,0.0065
20260312142250,1300,197,0.7631,0.0065
20260312142251,1300,197,0.7631,0.0065
20260312142252,1300,197,0.7631,0.0065
20260312142253,1300,197,0.7631,0.0065
20260312142254,1300,197,0.7631,0.0065
20260312142255,1300,197,0.7631,0.0065
20260312142256,1300,197,0.7631,0.0065
20260312142257,1300,197,0.7631,0.0065
20260312142258,1300,197,0.7631,0.0065
20260312142259,1300,197,0.7631,0.0065
20260312142300,1300,197,0.7631,0.0065
20260312142301,1300,197,0.7631,0.0065
20260312142303,1300,197,0.7631,0.0065
20260312142304,1300,197,0.7631,0.0065
20260312142305,1300,197,0.7631,0.0065
20260312142306,1300,197,0.7631,0.0065
20260312142307,1300,197,0.7631,0.0065
20260312142308,1300,197,0.7631,0.0065
20260312142309,1300,197,0.7631,0.0065
20260312142310,1300,197,0.7631,0.0065
20260312142311,1300,197,0.7631,0.0065
20260312142312,1300,197,0.7631,0.0065
20260312142313,1300,197,0.7631,0.0065
20260312142314,1300,197,0.7631,0.0065
20260312142315,1300,198,0.7631,0.0065
20260312142316,1300,198,0.7631,0.0065
20260312142317,1300,198,0.7631,0.0065
20260312142318,1300,198,0.7631,0.0065
20260312142319,1300,198,0.7631,0.0065
20260312142320,1300,198,0.7631,0.0065
20260312142321,1300,198,0.7631,0.0065
20260312142322,1300,198,0.7631,0.0065
20260312142323,1300,198,0.7631,0.0065
20260312142324,1300,198,0.7631,0.0065
20260312142325,1300,198,0.7631,0.0065
20260312142326,1300,198,0.7631,0.0065
20260312142327,1300,198,0.7631,0.0065
20260312142328,1300,198,0.7631,0.0065
20260312142329,1300,198,0.7631,0.0065
20260312142330,1300,198,0.7631,0.0065
20260312142331,1300,198,0.7631,0.0065
20260312142332,1300,198,0.7631,0.0065
20260312142333,1300,198,0.7631,0.0065
20260312142334,1300,198,0.7631,0.0065
20260312142335,1300,198,0.7631,0.0065
20260312142336,1300,198,0.7631,0.0065
20260312142337,1300,198,0.7631,0.0065
20260312142338,1300,198,0.7631,0.0065
20260312142339,1300,198,0.7631,0.0065
20260312142340,1300,198,0.7631,0.0065
20260312142341,1300,198,0.7631,0.0065
20260312142342,1300,198,0.7631,0.0065
20260312142343,1300,198,0.7631,0.0065
20260312142344,1300,198,0.7631,0.0065
20260312142345,1300,198,0.7631,0.0065
20260312142346,1300,198,0.7631,0.0065
20260312142347,1300,198,0.7631,0.0065
20260312142348,1300,198,0.7631,0.0065
20260312142349,1300,198,0.7631,0.0065
20260312142350,1300,198,0.7631,0.0065
20260312142351,1300,198,0.7631,0.0065
20260312142352,1300,198,0.7631,0.0065
20260312142353,1300,198,0.7631,0.0065
20260312142354,1300,198,0.7631,0.0065
20260312142355,1300,198,0.7631,0.0065
20260312142356,1300,198,0.7631,0.0065
20260312142357,1300,198,0.7631,0.0065
20260312142358,1300,198,0.7631,0.0065
20260312142359,1300,198,0.7631,0.0065
20260312142400,1300,198,0.7631,0.0065
20260312142401,1300,198,0.7631,0.0065
20260312142402,1300,198,0.7631,0.0065
20260312142403,1300,198,0.7631,0.0065
20260312142404,1300,198,0.7631,0.0065
20260312142405,1300,198,0.7631,0.0065
20260312142406,1300,198,0.7631,0.0065
20260312142407,1300,199,0.7631,0.0065
20260312142408,1300,199,0.7631,0.0065
20260312142409,1300,199,0.7631,0.0065
20260312142411,1300,199,0.7631,0.0065
20260312142412,1300,199,0.7631,0.0065
20260312142413,1300,199,0.7631,0.0065
20260312142414,1300,199,0.7631,0.0065
20260312142415,1300,199,0.7631,0.0065
20260312142416,1300,199,0.7631,0.0065
20260312142417,1300,199,0.7631,0.0065
20260312142418,1300,199,0.7631,0.0065
20260312142419,1300,199,0.7631,0.0065
20260312142420,1300,199,0.7631,0.0065
20260312142421,1300,199,0.7631,0.0065
20260312142422,1300,199,0.7631,0.0065
20260312142423,1300,199,0.7631,0.0065
20260312142424,1300,199,0.7631,0.0065
20260312142425,1300,199,0.7631,0.0065
20260312142426,1300,199,0.7631,0.0065
20260312142427,1300,199,0.7631,0.0065
20260312142428,1300,199,0.7631,0.0065
20260312142429,1300,199,0.7631,0.0065
20260312142430,1300,199,0.7631,0.0065
20260312142431,1300,199,0.7631,0.0065
20260312142432,1300,199,0.7631,0.0065
20260312142433,1300,199,0.7631,0.0065
20260312142434,1300,199,0.7631,0.0065
20260312142435,1300,199,0.7631,0.0065
20260312142436,1300,199,0.7631,0.0065
20260312142437,1300,199,0.7631,0.0065
20260312142438,1300,199,0.7631,0.0065
20260312142439,1300,199,0.7631,0.0065
20260312142440,1300,199,0.7631,0.0065
20260312142441,1300,199,0.7631,0.0065
20260312142442,1300,199,0.7631,0.0065
20260312142443,1300,199,0.7631,0.0065
20260312142444,1300,199,0.7631,0.0065
20260312142445,1300,199,0.7631,0.0065
20260312142446,1300,199,0.7631,0.0065
20260312142447,1300,199,0.7631,0.0065
20260312142448,1300,199,0.7631,0.0065
20260312142449,1300,199,0.7631,0.0065
20260312142450,1300,199,0.7631,0.0065
20260312142451,1300,199,0.7631,0.0065
20260312142452,1300,199,0.7631,0.0065
20260312142453,1300,199,0.7631,0.0065
20260312142454,1300,199,0.7631,0.0065
20260312142455,1300,199,0.7631,0.0065
20260312142456,1300,199,0.7631,0.0065
20260312142457,1300,199,0.7631,0.0065
20260312142458,1300,199,0.7631,0.0065
20260312142459,1300,199,0.7631,0.0065
20260312142500,1300,199,0.7631,0.0065
20260312142501,1300,199,0.7631,0.0065
20260312142502,1300,199,0.7631,0.0065
20260312142503,1300,199,0.7631,0.0065
20260312142504,1300,199,0.7631,0.0065
20260312142505,1300,199,0.7631,0.0065
20260312142506,1300,199,0.7631,0.0065
20260312142507,1300,199,0.7631,0.0065
20260312142508,1300,199,0.7631,0.0065
20260312142509,1300,199,0.7631,0.0065
20260312142510,1300,199,0.7631,0.0065
20260312142511,1300,199,0.7631,0.0065
20260312142512,1300,199,0.7631,0.0065
20260312142513,1300,199,0.7631,0.0065
20260312142514,1300,199,0.7631,0.0065
20260312142515,1300,199,0.7631,0.0065
20260312142516,1300,199,0.7631,0.0065
20260312142518,1600,199,0.7631,0.0065
20260312142519,1600,199,0.7631,0.0065
20260312142520,1600,199,0.7631,0.0065
20260312142521,1600,199,0.7631,0.0065
20260312142522,1600,199,0.7631,0.0065
20260312142523,1600,199,0.7631,0.0065
20260312142524,1600,199,0.7631,0.0065
20260312142525,1600,199,0.7631,0.0065
20260312142526,1600,199,0.7631,0.0065
20260312142527,1600,199,0.7631,0.0065
20260312142528,1600,199,0.7631,0.0065
20260312142529,1600,199,0.7631,0.0065
20260312142530,1600,199,0.7631,0.0065
20260312142531,1600,199,0.763,0.0065
20260312142532,1600,199,0.763,0.0065
20260312142533,1600,199,0.763,0.0065
20260312142534,1600,199,0.763,0.0065
20260312142535,1600,199,0.763,0.0065
20260312142536,1600,199,0.763,0.0065
20260312142537,1600,199,0.763,0.0065
20260312142538,1600,199,0.763,0.0065
20260312142539,1600,199,0.763,0.0065
20260312142540,1600,199,0.763,0.0065
20260312142541,1600,199,0.763,0.0065
20260312142542,1600,199,0.763,0.0065
20260312142543,1600,199,0.763,0.0065
20260312142544,1600,199,0.763,0.0065
20260312142545,1600,199,0.763,0.0065
20260312142546,1600,199,0.763,0.0065
20260312142547,1600,199,0.763,0.0065
20260312142548,1600,199,0.763,0.0065
20260312142549,1600,199,0.763,0.0065
20260312142550,1600,199,0.763,0.0065
20260312142551,1600,200,0.763,0.0065
20260312142552,1600,200,0.763,0.0065
20260312142553,1600,200,0.763,0.0065
20260312142554,1600,200,0.763,0.0065
20260312142555,1600,200,0.763,0.0065
20260312142556,1600,200,0.763,0.0065
20260312142557,1600,200,0.763,0.0065
20260312142558,1600,200,0.763,0.0065
20260312142559,1600,200,0.763,0.0065
20260312142600,1600,200,0.763,0.0065
20260312142601,1600,200,0.763,0.0065
20260312142602,1600,200,0.763,0.0065
20260312142603,1600,200,0.763,0.0065
20260312142604,1600,200,0.763,0.0065
20260312142605,1600,200,0.763,0.0065
20260312142606,1600,200,0.763,0.0065
20260312142608,1600,200,0.763,0.0065
20260312142609,1600,200,0.763,0.0065
20260312142610,1600,200,0.763,0.0065
20260312142611,1600,200,0.763,0.0065
20260312142612,1600,200,0.763,0.0065
20260312142613,1600,200,0.763,0.0065
20260312142614,1600,200,0.763,0.0065
20260312142615,1600,200,0.763,0.0065
20260312142616,1600,200,0.763,0.0065
20260312142617,1600,200,0.763,0.0065
20260312142618,1600,200,0.763,0.0065
20260312142619,1600,200,0.763,0.0065
20260312142620,1600,200,0.763,0.0065
20260312142621,1600,200,0.763,0.0065
20260312142622,1600,200,0.763,0.0065
20260312142623,1600,200,0.763,0.0065
20260312142624,1600,200,0.763,0.0065
20260312142625,1600,200,0.763,0.0065
20260312142626,1600,200,0.763,0.0065
20260312142627,1600,200,0.763,0.0065
20260312142628,1600,200,0.763,0.0065
20260312142629,1600,200,0.763,0.0065
20260312142630,1600,200,0.763,0.0065
20260312142631,1600,200,0.763,0.0065
20260312142632,1600,200,0.763,0.0065
20260312142633,1600,200,0.763,0.0065
20260312142634,1600,200,0.763,0.0065
20260312142635,1600,200,0.763,0.0065
20260312142636,1600,200,0.763,0.0065
20260312142637,1600,200,0.763,0.0065
20260312142638,1600,200,0.763,0.0065
20260312142639,1600,200,0.763,0.0065
20260312142640,1600,200,0.763,0.0065
20260312142641,1600,200,0.763,0.0065
20260312142642,1600,200,0.763,0.0065
20260312142643,1600,200,0.763,0.0065
20260312142644,1600,200,0.763,0.0065
20260312142645,1600,200,0.763,0.0065
20260312142646,1600,200,0.763,0.0065
20260312142647,1600,200,0.763,0.0065
20260312142648,1600,200,0.763,0.0065
20260312142649,1600,200,0.763,0.0065
20260312142650,1600,200,0.763,0.0065
20260312142651,1600,200,0.763,0.0065
20260312142652,1600,200,0.763,0.0065
20260312142653,1600,200,0.763,0.0065
20260312142654,1600,200,0.763,0.0065
20260312142655,1600,200,0.763,0.0065
20260312142656,1600,200,0.763,0.0065
20260312142657,1600,200,0.763,0.0065
20260312142658,1600,200,0.763,0.0065
20260312142659,1600,201,0.763,0.0065
20260312142700,1600,201,0.763,0.0065
20260312142701,1600,201,0.763,0.0065
20260312142702,1600,201,0.763,0.0065
20260312142703,1600,201,0.763,0.0065
20260312142704,1600,201,0.763,0.0065
20260312142705,1600,201,0.763,0.0065
20260312142706,1600,201,0.763,0.0065
20260312142707,1600,201,0.763,0.0065
20260312142708,1600,201,0.763,0.0065
20260312142709,1600,201,0.763,0.0065
20260312142710,1600,201,0.763,0.0065
20260312142711,1600,201,0.763,0.0065
20260312142712,1600,201,0.763,0.0065
20260312142713,1600,201,0.763,0.0065
20260312142714,1600,201,0.763,0.0065
20260312142715,1600,201,0.763,0.0065
20260312142716,1600,201,0.763,0.0065
20260312142717,1600,201,0.763,0.0065
20260312142718,1600,201,0.763,0.0065
20260312142719,1600,201,0.763,0.0065
20260312142720,1600,201,0.763,0.0065
20260312142721,1600,201,0.763,0.0065
20260312142722,1600,201,0.763,0.0065
20260312142723,1600,201,0.763,0.0065
20260312142724,1600,201,0.763,0.0065
20260312142725,1600,201,0.763,0.0065
20260312142726,1600,201,0.763,0.0065
20260312142727,1600,201,0.763,0.0065
20260312142729,1600,201,0.763,0.0065
20260312142730,1600,201,0.763,0.0065
20260312142731,1600,201,0.763,0.0065
20260312142732,1600,201,0.763,0.0065
20260312142733,1600,201,0.763,0.0065
20260312142734,1600,201,0.763,0.0065
20260312142735,1600,201,0.763,0.0065
20260312142736,1600,201,0.763,0.0065
20260312142737,1600,201,0.763,0.0065
20260312142738,1600,201,0.763,0.0065
20260312142739,1600,201,0.763,0.0065
20260312142740,1600,201,0.763,0.0065
20260312142741,1600,201,0.763,0.0065
20260312142742,1600,201,0.763,0.0065
20260312142743,1600,201,0.763,0.0065
20260312142744,1600,201,0.763,0.0065
20260312142745,1600,201,0.763,0.0065
20260312142746,1600,202,0.763,0.0065
20260312142747,1600,202,0.763,0.0065
20260312142748,1600,202,0.763,0.0065
20260312142749,1600,202,0.763,0.0065
20260312142750,1600,202,0.763,0.0065
20260312142751,1600,202,0.763,0.0065
20260312142752,1600,202,0.763,0.0065
20260312142753,1600,202,0.763,0.0065
20260312142754,1600,202,0.763,0.0065
20260312142755,1600,202,0.763,0.0065
20260312142756,1600,202,0.763,0.0065
20260312142757,1600,202,0.763,0.0065
20260312142758,1600,202,0.763,0.0065
20260312142759,1600,202,0.763,0.0065
20260312142800,1600,202,0.763,0.0065
20260312142801,1600,202,0.763,0.0065
20260312142802,1600,202,0.763,0.0065
20260312142803,1600,202,0.763,0.0065
20260312142804,1600,202,0.763,0.0065
20260312142805,1600,202,0.763,0.0065
20260312142806,1600,202,0.763,0.0065
20260312142807,1600,202,0.763,0.0065
20260312142808,1600,202,0.763,0.0065
20260312142809,1600,202,0.763,0.0065
20260312142810,1600,202,0.763,0.0065
20260312142811,1600,202,0.763,0.0065
20260312142812,1600,202,0.763,0.0065
20260312142813,1600,202,0.763,0.0065
20260312142814,1600,202,0.763,0.0065
20260312142815,1600,202,0.763,0.0065
20260312142816,1600,202,0.763,0.0065
20260312142817,1600,202,0.763,0.0065
20260312142818,1600,202,0.763,0.0065
20260312142819,1600,202,0.763,0.0065
20260312142820,1600,202,0.763,0.0065
20260312142821,1600,202,0.763,0.0065
20260312142822,1600,202,0.763,0.0065
20260312142823,1600,202,0.763,0.0065
20260312142824,1600,202,0.763,0.0065
20260312142825,1600,202,0.763,0.0065
20260312142826,1600,202,0.763,0.0065
20260312142827,1600,202,0.763,0.0065
20260312142828,1600,202,0.763,0.0065
20260312142829,1600,202,0.763,0.0065
20260312142830,1600,202,0.763,0.0065
20260312142831,1600,202,0.763,0.0065
20260312142832,1600,202,0.763,0.0065
20260312142833,1600,202,0.763,0.0065
20260312142834,1600,203,0.763,0.0065
20260312142835,1600,203,0.763,0.0065
20260312142836,1600,203,0.763,0.0065
20260312142837,1600,203,0.763,0.0065
20260312142838,1600,203,0.763,0.0065
20260312142839,1600,203,0.763,0.0065
20260312142840,1600,203,0.763,0.0065
20260312142841,1600,203,0.7629,0.0065
20260312142842,1600,203,0.7629,0.0065
20260312142843,1600,203,0.7629,0.0065
20260312142844,1600,203,0.7629,0.0065
20260312142845,1600,203,0.7629,0.0065
20260312142846,1600,203,0.7629,0.0065
20260312142848,1600,203,0.7629,0.0065
20260312142849,1600,203,0.7629,0.0065
20260312142850,1600,203,0.7629,0.0065
20260312142851,1600,203,0.7629,0.0065
20260312142852,1600,203,0.7629,0.0065
20260312142853,1600,203,0.7629,0.0065
20260312142854,1600,203,0.7629,0.0065
20260312142855,1600,203,0.7629,0.0065
20260312142856,1600,203,0.7629,0.0065
20260312142857,1600,203,0.7629,0.0065
20260312142858,1600,203,0.7629,0.0065
20260312142859,1600,203,0.7629,0.0065
20260312142900,1600,203,0.7629,0.0065
20260312142901,1600,203,0.7629,0.0065
20260312142902,1600,203,0.7629,0.0065
20260312142903,1600,203,0.7629,0.0065
20260312142904,1600,203,0.7629,0.0065
20260312142905,1600,203,0.7629,0.0065
20260312142906,1600,203,0.7629,0.0065
20260312142907,1600,203,0.7629,0.0065
20260312142908,1600,203,0.7629,0.0065
20260312142909,1600,203,0.7629,0.0065
20260312142910,1600,203,0.7629,0.0065
20260312142911,1600,203,0.7629,0.0065
20260312142912,1600,203,0.7629,0.0065
20260312142913,1600,203,0.7629,0.0065
20260312142914,1600,203,0.7629,0.0065
20260312142915,1600,203,0.7629,0.0065
20260312142916,1600,203,0.7629,0.0065
20260312142917,1600,203,0.7629,0.0065
20260312142918,1600,203,0.7629,0.0065
20260312142919,1600,203,0.7629,0.0065
20260312142920,1600,203,0.7629,0.0065
20260312142921,1600,204,0.7629,0.0065
20260312142922,1600,204,0.7629,0.0065
20260312142923,1600,204,0.7629,0.0065
20260312142924,1600,204,0.7629,0.0065
20260312142925,1600,204,0.7629,0.0065
20260312142926,1600,204,0.7629,0.0065
20260312142927,1600,204,0.7629,0.0065
20260312142928,1600,204,0.7629,0.0065
20260312142929,1600,204,0.7629,0.0065
20260312142930,1600,204,0.7629,0.0065
20260312142931,1600,204,0.7629,0.0065
20260312142932,1600,204,0.7629,0.0065
20260312142933,1600,204,0.7629,0.0065
20260312142934,1600,204,0.7629,0.0065
20260312142935,1600,204,0.7629,0.0065
20260312142936,1600,204,0.7629,0.0065
20260312142937,1600,204,0.7629,0.0065
20260312142938,1600,204,0.7629,0.0065
20260312142939,1600,204,0.7629,0.0065
20260312142940,1600,204,0.7629,0.0065
20260312142941,1600,204,0.7629,0.0065
20260312142942,1600,204,0.7629,0.0065
20260312142943,1600,204,0.7629,0.0065
20260312142944,1600,204,0.7629,0.0065
20260312142945,1600,204,0.7629,0.0065
20260312142946,1600,204,0.7629,0.0065
20260312142947,1600,204,0.7629,0.0065
20260312142948,1600,204,0.7629,0.0065
20260312142949,1600,204,0.7629,0.0065
20260312142950,1600,204,0.7629,0.0065
20260312142951,1600,204,0.7629,0.0065
20260312142952,1600,204,0.7629,0.0065
20260312142953,1600,204,0.7629,0.0065
20260312142954,1600,204,0.7629,0.0065
20260312142955,1600,204,0.7629,0.0065
20260312142956,1600,204,0.7629,0.0065
20260312142957,1600,204,0.7629,0.0065
20260312142958,1600,204,0.7629,0.0065
20260312142959,1600,204,0.7629,0.0065
20260312143000,1600,204,0.7629,0.0065
20260312143001,1600,204,0.7629,0.0065
20260312143002,1600,204,0.7629,0.0065
20260312143003,1600,204,0.7629,0.0065
20260312143004,1600,204,0.7629,0.0065
20260312143005,1600,204,0.7629,0.0065
20260312143006,1600,204,0.7629,0.0065
20260312143007,1600,204,0.7629,0.0065
20260312143008,1600,205,0.7629,0.0065
20260312143009,1600,205,0.7629,0.0065
20260312143010,1600,205,0.7629,0.0065
20260312143011,1600,205,0.7629,0.0065
20260312143013,1600,205,0.7629,0.0065
20260312143014,1600,205,0.7629,0.0065
20260312143015,1600,205,0.7629,0.0065
20260312143016,1600,205,0.7629,0.0065
20260312143017,1600,205,0.7629,0.0065
20260312143018,1600,205,0.7629,0.0065
20260312143019,1600,205,0.7629,0.0065
20260312143020,1600,205,0.7629,0.0065
20260312143021,1600,205,0.7629,0.0065
20260312143022,1600,205,0.7629,0.0065
20260312143023,1600,205,0.7629,0.0065
20260312143024,1600,205,0.7629,0.0065
20260312143025,1600,205,0.7629,0.0065
20260312143026,1600,205,0.7629,0.0065
20260312143027,1600,205,0.7629,0.0065
20260312143028,1600,205,0.7629,0.0065
20260312143029,1600,205,0.7629,0.0065
20260312143030,1600,205,0.7629,0.0065
20260312143031,1600,205,0.7629,0.0065
20260312143032,1600,205,0.7629,0.0065
20260312143033,1600,205,0.7629,0.0065
20260312143034,1600,205,0.7629,0.0065
20260312143035,1600,205,0.7629,0.0065
20260312143036,1600,205,0.7629,0.0065
20260312143037,1600,205,0.7629,0.0065
20260312143038,1600,205,0.7629,0.0065
20260312143039,1600,205,0.7629,0.0065
20260312143040,1600,205,0.7629,0.0065
20260312143041,1600,205,0.7629,0.0065
20260312143042,1600,205,0.7629,0.0065
20260312143043,1600,205,0.7629,0.0065
20260312143044,1600,205,0.7629,0.0065
20260312143045,1600,205,0.7629,0.0065
20260312143046,1600,205,0.7629,0.0065
20260312143047,1600,205,0.7629,0.0065
20260312143048,1600,205,0.7629,0.0065
20260312143049,1600,205,0.7629,0.0065
20260312143050,1600,205,0.7629,0.0065
20260312143051,1600,205,0.7629,0.0065
20260312143052,1600,205,0.7629,0.0065
20260312143053,1600,205,0.7629,0.0065
20260312143054,1600,205,0.7629,0.0065
20260312143055,1600,206,0.7629,0.0065
20260312143056,1600,206,0.7629,0.0065
20260312143057,1600,206,0.7629,0.0065
20260312143058,1600,206,0.7629,0.0065
20260312143059,1600,206,0.7629,0.0065
20260312143100,1600,206,0.7629,0.0065
20260312143101,1600,206,0.7629,0.0065
20260312143102,1600,206,0.7629,0.0065
20260312143103,1600,206,0.7629,0.0065
20260312143104,1600,206,0.7629,0.0065
20260312143105,1600,206,0.7629,0.0065
20260312143106,1600,206,0.7629,0.0065
20260312143107,1600,206,0.7629,0.0065
20260312143108,1600,206,0.7629,0.0065
20260312143109,1600,206,0.7629,0.0065
20260312143110,1600,206,0.7629,0.0065
20260312143111,1600,206,0.7629,0.0065
20260312143112,1600,206,0.7629,0.0065
20260312143113,1600,206,0.7629,0.0065
20260312143114,1600,206,0.7629,0.0065
20260312143115,1600,206,0.7629,0.0065
20260312143116,1600,206,0.7629,0.0065
20260312143117,1600,206,0.7629,0.0065
20260312143118,1600,206,0.7629,0.0065
20260312143119,1600,206,0.7629,0.0065
20260312143120,1600,206,0.7629,0.0065
20260312143121,1600,206,0.7629,0.0065
20260312143122,1600,206,0.7629,0.0065
20260312143123,1600,206,0.7629,0.0065
20260312143124,1600,206,0.7629,0.0065
20260312143125,1600,206,0.7629,0.0065
20260312143126,1600,206,0.7629,0.0065
20260312143127,1600,206,0.7629,0.0065
20260312143128,1600,206,0.7629,0.0065
20260312143129,1600,206,0.7629,0.0065
20260312143130,1600,206,0.7629,0.0065
20260312143132,1600,206,0.7629,0.0065
20260312143133,1600,206,0.7629,0.0065
20260312143134,1600,206,0.7629,0.0065
20260312143135,1600,206,0.7629,0.0065
20260312143136,1600,206,0.7629,0.0065
20260312143137,1600,206,0.7629,0.0065
20260312143138,1600,206,0.7629,0.0065
20260312143139,1600,206,0.7629,0.0065
20260312143140,1600,206,0.7629,0.0065
20260312143141,1600,207,0.7629,0.0065
20260312143142,1600,207,0.7629,0.0065
20260312143143,1600,207,0.7629,0.0065
20260312143144,1600,207,0.7629,0.0065
20260312143145,1600,207,0.7629,0.0065
20260312143146,1600,207,0.7629,0.0065
20260312143147,1600,207,0.7629,0.0065
20260312143148,1600,207,0.7629,0.0065
20260312143149,1600,207,0.7629,0.0065
20260312143150,1600,207,0.7629,0.0065
20260312143151,1600,207,0.7629,0.0065
20260312143152,1600,207,0.7629,0.0065
20260312143153,1600,207,0.7629,0.0065
20260312143154,1600,207,0.7629,0.0065
20260312143155,1600,207,0.7629,0.0065
20260312143156,1600,207,0.7629,0.0065
20260312143157,1600,207,0.7629,0.0065
20260312143158,1600,207,0.7629,0.0065
20260312143159,1600,207,0.7629,0.0065
20260312143200,1600,207,0.7629,0.0065
20260312143201,1600,207,0.7629,0.0065
20260312143202,1600,207,0.7629,0.0065
20260312143203,1600,207,0.7629,0.0065
20260312143204,1600,207,0.7629,0.0065
20260312143205,1600,207,0.7629,0.0065
20260312143206,1600,207,0.7629,0.0065
20260312143207,1600,207,0.7629,0.0065
20260312143208,1600,207,0.7629,0.0065
20260312143209,1600,207,0.7629,0.0065
20260312143210,1600,207,0.7629,0.0065
20260312143211,1600,207,0.7629,0.0065
20260312143212,1600,207,0.7629,0.0065
20260312143213,1600,207,0.7629,0.0065
20260312143214,1600,207,0.7629,0.0065
20260312143215,1600,207,0.7629,0.0065
20260312143216,1600,207,0.7629,0.0065
20260312143217,1600,207,0.7629,0.0065
20260312143218,1600,207,0.7629,0.0065
20260312143219,1600,207,0.7629,0.0065
20260312143220,1600,207,0.7629,0.0065
20260312143221,1600,207,0.7629,0.0065
20260312143222,1600,207,0.7629,0.0065
20260312143223,1600,207,0.7629,0.0065
20260312143224,1600,207,0.7629,0.0065
20260312143225,1600,207,0.7629,0.0065
20260312143226,1600,207,0.7629,0.0065
20260312143227,1600,207,0.7629,0.0065
20260312143228,1600,207,0.7629,0.0065
20260312143229,1600,208,0.7629,0.0065
20260312143230,1600,208,0.7629,0.0065
20260312143231,1600,208,0.7629,0.0065
20260312143232,1600,208,0.7629,0.0065
20260312143233,1600,208,0.7629,0.0065
20260312143234,1600,208,0.7629,0.0065
20260312143235,1600,208,0.7629,0.0065
20260312143236,1600,208,0.7629,0.0065
20260312143237,1600,208,0.7629,0.0065
20260312143238,1600,208,0.7629,0.0065
20260312143239,1600,208,0.7629,0.0065
20260312143240,1600,208,0.7629,0.0065
20260312143241,1600,208,0.7629,0.0065
20260312143242,1600,208,0.7629,0.0065
20260312143243,1600,208,0.7629,0.0065
20260312143244,1600,208,0.7629,0.0065
20260312143245,1600,208,0.7629,0.0065
20260312143246,1600,208,0.7629,0.0065
20260312143247,1600,208,0.7629,0.0065
20260312143248,1600,208,0.7629,0.0065
20260312143250,1600,208,0.7629,0.0065
20260312143251,1600,208,0.7629,0.0065
20260312143252,1600,208,0.7629,0.0065
20260312143253,1600,208,0.7629,0.0065
20260312143254,1600,208,0.7629,0.0065
20260312143255,1600,208,0.7629,0.0065
20260312143256,1600,208,0.7629,0.0065
20260312143257,1600,208,0.7629,0.0065
20260312143258,1600,208,0.7629,0.0065
20260312143259,1600,208,0.7629,0.0065
20260312143300,1600,208,0.7629,0.0065
20260312143301,1600,208,0.7629,0.0065
20260312143302,1600,208,0.7629,0.0065
20260312143303,1600,208,0.7629,0.0065
20260312143304,1600,208,0.7629,0.0065
20260312143305,1600,208,0.7629,0.0065
20260312143306,1600,208,0.7629,0.0065
20260312143307,1600,208,0.7629,0.0065
20260312143308,1600,208,0.7629,0.0065
20260312143309,1600,208,0.7629,0.0065
20260312143310,1600,208,0.7629,0.0065
20260312143311,1600,208,0.7629,0.0065
20260312143312,1600,208,0.7628,0.0065
20260312143313,1600,208,0.7628,0.0065
20260312143314,1600,209,0.7628,0.0065
20260312143315,1600,209,0.7628,0.0065
20260312143316,1600,209,0.7628,0.0065
20260312143317,1600,209,0.7628,0.0065
20260312143318,1600,209,0.7628,0.0065
20260312143319,1600,209,0.7628,0.0065
20260312143320,1600,209,0.7628,0.0065
20260312143321,1600,209,0.7628,0.0065
20260312143322,1600,209,0.7628,0.0065
20260312143323,1600,209,0.7628,0.0065
20260312143324,1600,209,0.7628,0.0065
20260312143325,1600,209,0.7628,0.0065
20260312143326,1600,209,0.7628,0.0065
20260312143327,1600,209,0.7628,0.0065
20260312143328,1600,209,0.7628,0.0065
20260312143329,1600,209,0.7628,0.0065
20260312143330,1600,209,0.7628,0.0065
20260312143331,1600,209,0.7628,0.0065
20260312143332,1600,209,0.7628,0.0065
20260312143333,1600,209,0.7628,0.0065
20260312143334,1600,209,0.7628,0.0065
20260312143335,1600,209,0.7628,0.0065
20260312143336,1600,209,0.7628,0.0065
20260312143337,1600,209,0.7628,0.0065
20260312143338,1600,209,0.7628,0.0065
20260312143339,1600,209,0.7628,0.0065
20260312143340,1600,209,0.7628,0.0065
20260312143341,1600,209,0.7628,0.0065
20260312143342,1600,209,0.7628,0.0065
20260312143343,1600,209,0.7628,0.0065
20260312143344,1600,209,0.7628,0.0065
20260312143345,1600,209,0.7628,0.0065
20260312143346,1600,209,0.7628,0.0065
20260312143347,1600,209,0.7628,0.0065
20260312143348,1600,209,0.7628,0.0065
20260312143349,1600,209,0.7628,0.0065
20260312143350,1600,209,0.7628,0.0065
20260312143351,1600,209,0.7628,0.0065
20260312143352,1600,209,0.7628,0.0065
20260312143353,1600,209,0.7628,0.0065
20260312143354,1600,209,0.7628,0.0065
20260312143355,1600,209,0.7628,0.0065
20260312143356,1600,209,0.7628,0.0065
20260312143357,1600,209,0.7628,0.0065
20260312143358,1600,209,0.7628,0.0065
20260312143359,1600,209,0.7628,0.0065
20260312143400,1600,209,0.7628,0.0065
20260312143401,1600,209,0.7628,0.0065
20260312143402,1600,210,0.7628,0.0065
20260312143403,1600,210,0.7628,0.0065
20260312143404,1600,210,0.7628,0.0065
20260312143405,1600,210,0.7628,0.0065
20260312143406,1600,210,0.7628,0.0065
20260312143407,1600,210,0.7628,0.0065
20260312143408,1600,210,0.7628,0.0065
20260312143409,1600,210,0.7628,0.0065
20260312143410,1600,210,0.7628,0.0065
20260312143411,1600,210,0.7628,0.0065
20260312143412,1600,210,0.7628,0.0065
20260312143414,1600,210,0.7628,0.0065
20260312143415,1600,210,0.7628,0.0065
20260312143416,1600,210,0.7628,0.0065
20260312143417,1600,210,0.7628,0.0065
20260312143418,1600,210,0.7628,0.0065
20260312143419,1600,210,0.7628,0.0065
20260312143420,1600,210,0.7628,0.0065
20260312143421,1600,210,0.7628,0.0065
20260312143422,1600,210,0.7628,0.0065
20260312143423,1600,210,0.7628,0.0065
20260312143424,1600,210,0.7628,0.0065
20260312143425,1600,210,0.7628,0.0065
20260312143426,1600,210,0.7628,0.0065
20260312143427,1600,210,0.7628,0.0065
20260312143428,1600,210,0.7628,0.0065
20260312143429,1600,210,0.7628,0.0065
20260312143430,1600,210,0.7628,0.0065
20260312143431,1600,210,0.7628,0.0065
20260312143432,1600,210,0.7628,0.0065
20260312143433,1600,210,0.7628,0.0065
20260312143434,1600,210,0.7628,0.0065
20260312143435,1600,210,0.7628,0.0065
20260312143436,1600,210,0.7628,0.0065
20260312143437,1600,210,0.7628,0.0065
20260312143438,1600,210,0.7628,0.0065
20260312143439,1600,210,0.7628,0.0065
20260312143440,1600,210,0.7628,0.0065
20260312143441,1600,210,0.7628,0.0065
20260312143442,1600,210,0.7628,0.0065
20260312143443,1600,210,0.7628,0.0065
20260312143444,1600,210,0.7628,0.0065
20260312143445,1600,210,0.7628,0.0065
20260312143446,1600,210,0.7628,0.0065
20260312143447,1600,210,0.7628,0.0065
20260312143448,1600,210,0.7628,0.0065
20260312143449,1600,211,0.7628,0.0065
20260312143450,1600,211,0.7628,0.0065
20260312143451,1600,211,0.7628,0.0065
20260312143452,1600,211,0.7628,0.0065
20260312143453,1600,211,0.7628,0.0065
20260312143454,1600,211,0.7628,0.0065
20260312143455,1600,211,0.7628,0.0065
20260312143456,1600,211,0.7628,0.0065
20260312143457,1600,211,0.7628,0.0065
20260312143458,1600,211,0.7628,0.0065
20260312143459,1600,211,0.7628,0.0065
20260312143500,1600,211,0.7628,0.0065
20260312143501,1600,211,0.7628,0.0065
20260312143502,1600,211,0.7628,0.0065
20260312143503,1600,211,0.7628,0.0065
20260312143504,1600,211,0.7628,0.0065
20260312143505,1600,211,0.7628,0.0065
20260312143506,1600,211,0.7628,0.0065
20260312143507,1600,211,0.7628,0.0065
20260312143508,1600,211,0.7628,0.0065
20260312143509,1600,211,0.7628,0.0065
20260312143510,1600,211,0.7628,0.0065
20260312143511,1600,211,0.7628,0.0065
20260312143512,1600,211,0.7628,0.0065
20260312143513,1600,211,0.7628,0.0065
20260312143514,1600,211,0.7628,0.0065
20260312143515,1600,211,0.7628,0.0065
20260312143516,1600,211,0.7628,0.0065
20260312143517,1600,211,0.7628,0.0065
20260312143518,1600,211,0.7628,0.0065
20260312143519,1600,211,0.7628,0.0065
20260312143520,1600,211,0.7628,0.0065
20260312143521,1600,211,0.7628,0.0065
20260312143522,1600,211,0.7628,0.0065
20260312143523,1600,211,0.7628,0.0065
20260312143524,1600,211,0.7628,0.0065
20260312143525,1600,211,0.7628,0.0065
20260312143526,1600,211,0.7628,0.0065
20260312143527,1600,211,0.7628,0.0065
20260312143528,1600,211,0.7628,0.0065
20260312143529,1600,211,0.7628,0.0065
20260312143530,1600,211,0.7628,0.0065
20260312143531,1600,211,0.7628,0.0065
20260312143532,1600,211,0.7628,0.0065
20260312143533,1600,211,0.7628,0.0065
20260312143534,1600,211,0.7628,0.0065
20260312143535,1600,211,0.7628,0.0065
20260312143536,1600,212,0.7628,0.0065
20260312143537,1600,212,0.7628,0.0065
20260312143539,1600,212,0.7628,0.0065
20260312143540,1600,212,0.7628,0.0065
20260312143541,1600,212,0.7628,0.0065
20260312143542,1600,212,0.7628,0.0065
20260312143543,1600,212,0.7628,0.0065
20260312143544,1600,212,0.7628,0.0065
20260312143545,1600,212,0.7628,0.0065
20260312143546,1600,212,0.7628,0.0065
20260312143547,1600,212,0.7628,0.0065
20260312143548,1600,212,0.7628,0.0065
20260312143549,1600,212,0.7628,0.0065
20260312143550,1600,212,0.7628,0.0065
20260312143551,1600,212,0.7628,0.0065
20260312143552,1600,212,0.7628,0.0065
20260312143553,1600,212,0.7628,0.0065
20260312143554,1600,212,0.7628,0.0065
20260312143555,1600,212,0.7628,0.0065
20260312143556,1600,212,0.7628,0.0065
20260312143557,1600,212,0.7628,0.0065
20260312143558,1600,212,0.7628,0.0065
20260312143559,1600,212,0.7628,0.0065
20260312143600,1600,212,0.7628,0.0065
20260312143601,1600,212,0.7628,0.0065
20260312143602,1600,212,0.7628,0.0065
20260312143603,1600,212,0.7628,0.0065
20260312143604,1600,212,0.7628,0.0065
20260312143605,1600,212,0.7628,0.0065
20260312143606,1600,212,0.7628,0.0065
20260312143607,1600,212,0.7628,0.0065
20260312143608,1600,212,0.7628,0.0065
20260312143609,1600,212,0.7628,0.0065
20260312143610,1600,212,0.7628,0.0065
20260312143611,1600,212,0.7628,0.0065
20260312143612,1600,212,0.7628,0.0065
20260312143613,1600,212,0.7628,0.0065
20260312143614,1600,212,0.7628,0.0065
20260312143615,1600,212,0.7628,0.0065
20260312143616,1600,212,0.7628,0.0065
20260312143617,1600,212,0.7628,0.0065
20260312143618,1600,212,0.7628,0.0065
20260312143619,1600,212,0.7628,0.0065
20260312143620,1600,212,0.7628,0.0065
20260312143621,1600,212,0.7628,0.0065
20260312143622,1600,212,0.7628,0.0065
20260312143623,1600,212,0.7628,0.0065
20260312143624,1600,213,0.7628,0.0065
20260312143625,1600,213,0.7628,0.0065
20260312143626,1600,213,0.7628,0.0065
20260312143627,1600,213,0.7628,0.0065
20260312143628,1600,213,0.7628,0.0065
20260312143629,1600,213,0.7628,0.0065
20260312143630,1600,213,0.7628,0.0065
20260312143631,1600,213,0.7628,0.0065
20260312143632,1600,213,0.7628,0.0065
20260312143633,1600,213,0.7628,0.0065
20260312143634,1600,213,0.7628,0.0065
20260312143635,1600,213,0.7628,0.0065
20260312143636,1600,213,0.7628,0.0065
20260312143637,1600,213,0.7628,0.0065
20260312143638,1600,213,0.7628,0.0065
20260312143639,1600,213,0.7628,0.0065
20260312143640,1600,213,0.7628,0.0065
20260312143641,1600,213,0.7628,0.0065
20260312143642,1600,213,0.7628,0.0065
20260312143643,1600,213,0.7628,0.0065
20260312143645,1600,213,0.7628,0.0065
20260312143646,1600,213,0.7628,0.0065
20260312143647,1600,213,0.7628,0.0065
20260312143648,1600,213,0.7628,0.0065
20260312143649,1600,213,0.7628,0.0065
20260312143650,1600,213,0.7628,0.0065
20260312143651,1600,213,0.7628,0.0065
20260312143652,1600,213,0.7628,0.0065
20260312143653,1600,213,0.7628,0.0065
20260312143654,1600,213,0.7628,0.0065
20260312143655,1600,213,0.7628,0.0065
20260312143656,1600,213,0.7628,0.0065
20260312143657,1600,213,0.7628,0.0065
20260312143658,1600,213,0.7628,0.0065
20260312143659,1600,213,0.7628,0.0065
20260312143700,1600,213,0.7628,0.0065
20260312143701,1600,213,0.7628,0.0065
20260312143702,1600,213,0.7628,0.0065
20260312143703,1600,213,0.7628,0.0065
20260312143704,1600,213,0.7628,0.0065
20260312143705,1600,213,0.7628,0.0065
20260312143706,1600,213,0.7628,0.0065
20260312143707,1600,213,0.7628,0.0065
20260312143708,1600,213,0.7628,0.0065
20260312143709,1600,213,0.7628,0.0065
20260312143710,1600,213,0.7628,0.0065
20260312143711,1600,214,0.7628,0.0065
20260312143712,1600,214,0.7628,0.0065
20260312143713,1600,214,0.7628,0.0065
20260312143714,1600,214,0.7628,0.0065
20260312143715,1600,214,0.7628,0.0065
20260312143716,1600,214,0.7628,0.0065
20260312143717,1600,214,0.7628,0.0065
20260312143718,1600,214,0.7627,0.0065
20260312143719,1600,214,0.7627,0.0065
20260312143720,1600,214,0.7627,0.0065
20260312143721,1600,214,0.7627,0.0065
20260312143722,1600,214,0.7627,0.0065
20260312143723,1600,214,0.7627,0.0065
20260312143724,1600,214,0.7627,0.0065
20260312143725,1600,214,0.7627,0.0065
20260312143726,1600,214,0.7627,0.0065
20260312143727,1600,214,0.7627,0.0065
20260312143728,1600,214,0.7627,0.0065
20260312143729,1600,214,0.7627,0.0065
20260312143730,1600,214,0.7627,0.0065
20260312143731,1600,214,0.7627,0.0065
20260312143732,1600,214,0.7627,0.0065
20260312143733,1600,214,0.7627,0.0065
20260312143734,1600,214,0.7627,0.0065
20260312143735,1600,214,0.7627,0.0065
20260312143736,1600,214,0.7627,0.0065
20260312143737,1600,214,0.7627,0.0065
20260312143738,1600,214,0.7627,0.0065
20260312143739,1600,214,0.7627,0.0065
20260312143740,1600,214,0.7627,0.0065
20260312143741,1600,214,0.7627,0.0065
20260312143742,1600,214,0.7627,0.0065
20260312143743,1600,214,0.7627,0.0065
20260312143744,1600,214,0.7627,0.0065
20260312143745,1600,214,0.7627,0.0065
20260312143746,1600,214,0.7627,0.0065
20260312143747,1600,214,0.7627,0.0065
20260312143748,1600,214,0.7627,0.0065
20260312143749,1600,214,0.7627,0.0065
20260312143750,1600,214,0.7627,0.0065
20260312143751,1600,214,0.7627,0.0065
20260312143752,1600,214,0.7627,0.0065
20260312143753,1600,214,0.7627,0.0065
20260312143754,1600,214,0.7627,0.0065
20260312143755,1600,214,0.7627,0.0065
20260312143756,1600,215,0.7627,0.0065
20260312143757,1600,215,0.7627,0.0065
20260312143758,1600,215,0.7627,0.0065
20260312143759,1600,215,0.7627,0.0065
20260312143800,1600,215,0.7627,0.0065
20260312143801,1600,215,0.7627,0.0065
20260312143802,1600,215,0.7627,0.0065
20260312143803,1600,215,0.7627,0.0065
20260312143804,1600,215,0.7627,0.0065
20260312143805,1600,215,0.7627,0.0065
20260312143806,1600,215,0.7627,0.0065
20260312143807,1600,215,0.7627,0.0065
20260312143808,1600,215,0.7627,0.0065
20260312143810,1600,215,0.7627,0.0065
20260312143811,1600,215,0.7627,0.0065
20260312143812,1600,215,0.7627,0.0065
20260312143813,1600,215,0.7627,0.0065
20260312143814,1600,215,0.7627,0.0065
20260312143815,1600,215,0.7627,0.0065
20260312143816,1600,215,0.7627,0.0065
20260312143817,1600,215,0.7627,0.0065
20260312143818,1600,215,0.7627,0.0065
20260312143819,1600,215,0.7627,0.0065
20260312143820,1600,215,0.7627,0.0065
20260312143821,1600,215,0.7627,0.0065
20260312143822,1600,215,0.7627,0.0065
20260312143823,1600,215,0.7627,0.0065
20260312143824,1600,215,0.7627,0.0065
20260312143825,1600,215,0.7627,0.0065
20260312143826,1600,215,0.7627,0.0065
20260312143827,1600,215,0.7627,0.0065
20260312143828,1600,215,0.7627,0.0065
20260312143829,1600,215,0.7627,0.0065
20260312143830,1600,215,0.7627,0.0065
20260312143831,1600,215,0.7627,0.0065
20260312143832,1600,215,0.7627,0.0065
20260312143833,1600,215,0.7627,0.0065
20260312143834,1600,215,0.7627,0.0065
20260312143835,1600,215,0.7627,0.0065
20260312143836,1600,215,0.7627,0.0065
20260312143837,1600,215,0.7627,0.0065
20260312143838,1600,215,0.7627,0.0065
20260312143839,1600,215,0.7627,0.0065
20260312143840,1600,215,0.7627,0.0065
20260312143841,1600,215,0.7627,0.0065
20260312143842,1600,215,0.7627,0.0065
20260312143843,1600,215,0.7627,0.0065
20260312143844,1600,216,0.7627,0.0065
20260312143845,1600,216,0.7627,0.0065
20260312143846,1600,216,0.7627,0.0065
20260312143847,1600,216,0.7627,0.0065
20260312143848,1600,216,0.7627,0.0065
20260312143849,1600,216,0.7627,0.0065
20260312143850,1600,216,0.7627,0.0065
20260312143851,1600,216,0.7627,0.0065
20260312143852,1600,216,0.7627,0.0065
20260312143853,1600,216,0.7627,0.0065
20260312143854,1600,216,0.7627,0.0065
20260312143855,1600,216,0.7627,0.0065
20260312143856,1600,216,0.7627,0.0065
20260312143857,1600,216,0.7627,0.0065
20260312143858,1600,216,0.7627,0.0065
20260312143859,1600,216,0.7627,0.0065
20260312143900,1600,216,0.7627,0.0065
20260312143901,1600,216,0.7627,0.0065
20260312143902,1600,216,0.7627,0.0065
20260312143903,1600,216,0.7627,0.0065
20260312143904,1600,216,0.7627,0.0065
20260312143905,1600,216,0.7627,0.0065
20260312143906,1600,216,0.7627,0.0065
20260312143907,1600,216,0.7627,0.0065
20260312143908,1600,216,0.7627,0.0065
20260312143909,1600,216,0.7627,0.0065
20260312143910,1600,216,0.7627,0.0065
20260312143911,1600,216,0.7627,0.0065
20260312143912,1600,216,0.7627,0.0065
20260312143913,1600,216,0.7627,0.0065
20260312143914,1600,216,0.7627,0.0065
20260312143915,1600,216,0.7627,0.0065
20260312143916,1600,216,0.7627,0.0065
20260312143917,1600,216,0.7627,0.0065
20260312143918,1600,216,0.7627,0.0065
20260312143919,1600,216,0.7627,0.0065
20260312143920,1600,216,0.7627,0.0065
20260312143921,1600,216,0.7627,0.0065
20260312143922,1600,216,0.7627,0.0065
20260312143923,1600,216,0.7627,0.0065
20260312143924,1600,216,0.7627,0.0065
20260312143925,1600,216,0.7627,0.0065
20260312143926,1600,216,0.7627,0.0065
20260312143927,1600,216,0.7627,0.0065
20260312143928,1600,216,0.7627,0.0065
20260312143929,1600,216,0.7627,0.0065
20260312143930,1600,217,0.7627,0.0065
20260312143931,1600,217,0.7627,0.0065
20260312143932,1600,217,0.7627,0.0065
20260312143933,1600,217,0.7627,0.0065
20260312143935,1600,217,0.7627,0.0065
20260312143936,1600,217,0.7627,0.0065
20260312143937,1600,217,0.7627,0.0065
20260312143938,1600,217,0.7627,0.0065
20260312143939,1600,217,0.7627,0.0065
20260312143940,1600,217,0.7627,0.0065
20260312143941,1600,217,0.7627,0.0065
20260312143942,1600,217,0.7627,0.0065
20260312143943,1600,217,0.7627,0.0065
20260312143944,1600,217,0.7627,0.0065
20260312143945,1600,217,0.7627,0.0065
20260312143946,1600,217,0.7627,0.0065
20260312143947,1600,217,0.7627,0.0065
20260312143948,1600,217,0.7627,0.0065
20260312143949,1600,217,0.7627,0.0065
20260312143950,1600,217,0.7627,0.0065
20260312143951,1600,217,0.7627,0.0065
20260312143952,1600,217,0.7627,0.0065
20260312143953,1600,217,0.7627,0.0065
20260312143954,1600,217,0.7627,0.0065
20260312143955,1600,217,0.7627,0.0065
20260312143956,1600,217,0.7627,0.0065
20260312143957,1600,217,0.7627,0.0065
20260312143958,1600,217,0.7627,0.0065
20260312143959,1600,217,0.7627,0.0065
20260312144000,1600,217,0.7627,0.0065
20260312144001,1600,217,0.7627,0.0065
20260312144002,1600,217,0.7627,0.0065
20260312144003,1600,217,0.7627,0.0065
20260312144004,1600,217,0.7627,0.0065
20260312144005,1600,217,0.7627,0.0065
20260312144006,1600,217,0.7627,0.0065
20260312144007,1600,217,0.7627,0.0065
20260312144008,1600,217,0.7627,0.0065
20260312144009,1600,217,0.7627,0.0065
20260312144010,1600,217,0.7627,0.0065
20260312144011,1600,217,0.7627,0.0065
20260312144012,1600,217,0.7627,0.0065
20260312144013,1600,217,0.7627,0.0065
20260312144014,1600,217,0.7627,0.0065
20260312144015,1600,217,0.7627,0.0065
20260312144016,1600,218,0.7627,0.0065
20260312144017,1600,218,0.7627,0.0065
20260312144018,1600,218,0.7627,0.0065
20260312144019,1600,218,0.7627,0.0065
20260312144020,1600,218,0.7627,0.0065
20260312144021,1600,218,0.7627,0.0065
20260312144022,1600,218,0.7627,0.0065
20260312144023,1600,218,0.7627,0.0065
20260312144024,1600,218,0.7627,0.0065
20260312144025,1600,218,0.7627,0.0065
20260312144026,1600,218,0.7627,0.0065
20260312144027,1600,218,0.7627,0.0065
20260312144028,1600,218,0.7627,0.0065
20260312144029,1600,218,0.7627,0.0065
20260312144030,1600,218,0.7627,0.0065
20260312144031,1600,218,0.7627,0.0065
20260312144032,1600,218,0.7627,0.0065
20260312144033,1600,218,0.7627,0.0065
20260312144034,1600,218,0.7627,0.0065
20260312144035,1600,218,0.7627,0.0065
20260312144036,1600,218,0.7627,0.0065
20260312144037,1600,218,0.7627,0.0065
20260312144038,1600,218,0.7627,0.0065
20260312144039,1600,218,0.7627,0.0065
20260312144040,1600,218,0.7627,0.0065
20260312144041,1600,218,0.7627,0.0065
20260312144042,1600,218,0.7627,0.0065
20260312144043,1600,218,0.7627,0.0065
20260312144044,1600,218,0.7627,0.0065
20260312144045,1600,218,0.7627,0.0065
20260312144046,1600,218,0.7627,0.0065
20260312144047,1600,218,0.7627,0.0065
20260312144048,1600,218,0.7627,0.0065
20260312144049,1600,218,0.7627,0.0065
20260312144050,1600,218,0.7627,0.0065
20260312144051,1600,218,0.7627,0.0065
20260312144052,1600,218,0.7627,0.0065
20260312144053,1600,218,0.7627,0.0065
20260312144054,1600,218,0.7627,0.0065
20260312144055,1600,218,0.7627,0.0065
20260312144056,1600,218,0.7627,0.0065
20260312144058,1600,218,0.7627,0.0065
20260312144059,1600,218,0.7627,0.0065
20260312144100,1600,218,0.7627,0.0065
20260312144101,1600,218,0.7627,0.0065
20260312144102,1600,218,0.7627,0.0065
20260312144103,1600,218,0.7627,0.0065
20260312144104,1600,219,0.7627,0.0065
20260312144105,1600,219,0.7627,0.0065
20260312144106,1600,219,0.7627,0.0065
20260312144107,1600,219,0.7627,0.0065
20260312144108,1600,219,0.7627,0.0065
20260312144109,1600,219,0.7627,0.0065
20260312144110,1600,219,0.7627,0.0065
20260312144111,1600,219,0.7627,0.0065
20260312144112,1600,219,0.7627,0.0065
20260312144113,1600,219,0.7627,0.0065
20260312144114,1600,219,0.7627,0.0065
20260312144115,1600,219,0.7627,0.0065
20260312144116,1600,219,0.7627,0.0065
20260312144117,1600,219,0.7627,0.0065
20260312144118,1600,219,0.7627,0.0065
20260312144119,1600,219,0.7627,0.0065
20260312144120,1600,219,0.7627,0.0065
20260312144121,1600,219,0.7627,0.0065
20260312144122,1600,219,0.7627,0.0065
20260312144123,1600,219,0.7627,0.0065
20260312144124,1600,219,0.7627,0.0065
20260312144125,1600,219,0.7627,0.0065
20260312144126,1600,219,0.7627,0.0065
20260312144127,1600,219,0.7627,0.0065
20260312144128,1600,219,0.7627,0.0065
20260312144129,1600,219,0.7627,0.0065
20260312144130,1600,219,0.7627,0.0065
20260312144131,1600,219,0.7627,0.0065
20260312144132,1600,219,0.7627,0.0065
20260312144133,1600,219,0.7627,0.0065
20260312144134,1600,219,0.7627,0.0065
20260312144135,1600,219,0.7627,0.0065
20260312144136,1600,219,0.7627,0.0065
20260312144137,1600,219,0.7627,0.0065
20260312144138,1600,219,0.7627,0.0065
20260312144139,1600,219,0.7627,0.0065
20260312144140,1600,219,0.7627,0.0065
20260312144141,1600,219,0.7627,0.0065
20260312144142,1600,219,0.7627,0.0065
20260312144143,1600,219,0.7627,0.0065
20260312144144,1600,219,0.7627,0.0065
20260312144145,1600,219,0.7627,0.0065
20260312144146,1600,219,0.7627,0.0065
20260312144147,1600,219,0.7627,0.0065
20260312144148,1600,219,0.7626,0.0065
20260312144149,1600,219,0.7626,0.0065
20260312144150,1600,220,0.7626,0.0065
20260312144151,1600,220,0.7626,0.0065
20260312144152,1600,220,0.7626,0.0065
20260312144153,1600,220,0.7626,0.0065
20260312144154,1600,220,0.7626,0.0065
20260312144155,1600,220,0.7626,0.0065
20260312144156,1600,220,0.7626,0.0065
20260312144157,1600,220,0.7626,0.0065
20260312144158,1600,220,0.7626,0.0065
20260312144159,1600,220,0.7626,0.0065
20260312144200,1600,220,0.7626,0.0065
20260312144201,1600,220,0.7626,0.0065
20260312144202,1600,220,0.7626,0.0065
20260312144203,1600,220,0.7626,0.0065
20260312144204,1600,220,0.7626,0.0065
20260312144205,1600,220,0.7626,0.0065
20260312144206,1600,220,0.7626,0.0065
20260312144207,1600,220,0.7626,0.0065
20260312144208,1600,220,0.7626,0.0065
20260312144209,1600,220,0.7626,0.0065
20260312144210,1600,220,0.7626,0.0065
20260312144211,1600,220,0.7626,0.0065
20260312144212,1600,220,0.7626,0.0065
20260312144213,1600,220,0.7626,0.0065
20260312144214,1600,220,0.7626,0.0065
20260312144215,1600,220,0.7626,0.0065
20260312144216,1600,220,0.7626,0.0065
20260312144218,1600,220,0.7626,0.0065
20260312144219,1600,220,0.7626,0.0065
20260312144220,1600,220,0.7626,0.0065
20260312144221,1600,220,0.7626,0.0065
20260312144222,1600,220,0.7626,0.0065
20260312144223,1600,220,0.7626,0.0065
20260312144224,1600,220,0.7626,0.0065
20260312144225,1600,220,0.7626,0.0065
20260312144226,1600,220,0.7626,0.0065
20260312144227,1600,220,0.7626,0.0065
20260312144228,1600,220,0.7626,0.0065
20260312144229,1600,220,0.7626,0.0065
20260312144230,1600,220,0.7626,0.0065
20260312144231,1600,220,0.7626,0.0065
20260312144232,1600,220,0.7626,0.0065
20260312144233,1600,220,0.7626,0.0065
20260312144234,1600,220,0.7626,0.0065
20260312144235,1600,220,0.7626,0.0065
20260312144236,1600,220,0.7626,0.0065
20260312144237,1600,221,0.7626,0.0065
20260312144238,1600,221,0.7626,0.0065
20260312144239,1600,221,0.7626,0.0065
20260312144240,1600,221,0.7626,0.0065
20260312144241,1600,221,0.7626,0.0065
20260312144242,1600,221,0.7626,0.0065
20260312144243,1600,221,0.7626,0.0065
20260312144244,1600,221,0.7626,0.0065
20260312144245,1600,221,0.7626,0.0065
20260312144246,1600,221,0.7626,0.0065
20260312144247,1600,221,0.7626,0.0065
20260312144248,1600,221,0.7626,0.0065
20260312144249,1600,221,0.7626,0.0065
20260312144250,1600,221,0.7626,0.0065
20260312144251,1600,221,0.7626,0.0065
20260312144252,1600,221,0.7626,0.0065
20260312144253,1600,221,0.7626,0.0065
20260312144254,1600,221,0.7626,0.0065
20260312144255,1600,221,0.7626,0.0065
20260312144256,1600,221,0.7626,0.0065
20260312144257,1600,221,0.7626,0.0065
20260312144258,1600,221,0.7626,0.0065
20260312144259,1600,221,0.7626,0.0065
20260312144300,1600,221,0.7626,0.0065
20260312144301,1600,221,0.7626,0.0065
20260312144302,1600,221,0.7626,0.0065
20260312144303,1600,221,0.7626,0.0065
20260312144304,1600,221,0.7626,0.0065
20260312144305,1600,221,0.7626,0.0065
20260312144306,1600,221,0.7626,0.0065
20260312144307,1600,221,0.7626,0.0065
20260312144308,1600,221,0.7626,0.0065
20260312144309,1600,221,0.7626,0.0065
20260312144310,1600,221,0.7626,0.0065
20260312144311,1600,221,0.7626,0.0065
20260312144312,1600,221,0.7626,0.0065
20260312144313,1600,221,0.7626,0.0065
20260312144314,1600,221,0.7626,0.0065
20260312144315,1600,221,0.7626,0.0065
20260312144316,1600,221,0.7626,0.0065
20260312144317,1600,221,0.7626,0.0065
20260312144318,1600,221,0.7626,0.0065
20260312144319,1600,221,0.7626,0.0065
20260312144320,1600,221,0.7626,0.0065
20260312144321,1600,221,0.7626,0.0065
20260312144322,1600,221,0.7626,0.0065
20260312144323,1600,221,0.7626,0.0065
20260312144324,1600,222,0.7626,0.0065
20260312144325,1600,222,0.7626,0.0065
20260312144326,1600,222,0.7626,0.0065
20260312144327,1600,222,0.7626,0.0065
20260312144328,1600,222,0.7626,0.0065
20260312144329,1600,222,0.7626,0.0065
20260312144330,1600,222,0.7626,0.0065
20260312144331,1600,222,0.7626,0.0065
20260312144332,1600,222,0.7626,0.0065
20260312144333,1600,222,0.7626,0.0065
20260312144334,1600,222,0.7626,0.0065
20260312144335,1600,222,0.7626,0.0065
20260312144336,1600,222,0.7626,0.0065
20260312144337,1600,222,0.7626,0.0065
20260312144338,1600,222,0.7626,0.0065
20260312144339,1600,222,0.7626,0.0065
20260312144340,1600,222,0.7626,0.0065
20260312144342,1600,222,0.7626,0.0065
20260312144343,1600,222,0.7626,0.0065
20260312144344,1600,222,0.7626,0.0065
20260312144345,1600,222,0.7626,0.0065
20260312144346,1600,222,0.7626,0.0065
20260312144347,1600,222,0.7626,0.0065
20260312144348,1600,222,0.7626,0.0065
20260312144349,1600,222,0.7626,0.0065
20260312144350,1600,222,0.7626,0.0065
20260312144351,1600,222,0.7626,0.0065
20260312144352,1600,222,0.7626,0.0065
20260312144353,1600,222,0.7626,0.0065
20260312144354,1600,222,0.7626,0.0065
20260312144355,1600,222,0.7626,0.0065
20260312144356,1600,222,0.7626,0.0065
20260312144357,1600,222,0.7626,0.0065
20260312144358,1600,222,0.7626,0.0065
20260312144359,1600,222,0.7626,0.0065
20260312144400,1600,222,0.7626,0.0065
20260312144401,1600,222,0.7626,0.0065
20260312144402,1600,222,0.7626,0.0065
20260312144403,1600,222,0.7626,0.0065
20260312144404,1600,222,0.7626,0.0065
20260312144405,1600,222,0.7626,0.0065
20260312144406,1600,222,0.7626,0.0065
20260312144407,1600,222,0.7626,0.0065
20260312144408,1600,222,0.7626,0.0065
20260312144409,1600,222,0.7626,0.0065
20260312144410,1600,222,0.7626,0.0065
20260312144411,1600,222,0.7626,0.0065
20260312144412,1600,222,0.7626,0.0065
20260312144413,1600,223,0.7626,0.0065
20260312144414,1600,223,0.7626,0.0065
20260312144415,1600,223,0.7626,0.0065
20260312144416,1600,223,0.7626,0.0065
20260312144417,1600,223,0.7626,0.0065
20260312144418,1600,223,0.7626,0.0065
20260312144419,1600,223,0.7626,0.0065
20260312144420,1600,223,0.7626,0.0065
20260312144421,1600,223,0.7626,0.0065
20260312144422,1600,223,0.7626,0.0065
20260312144423,1600,223,0.7626,0.0065
20260312144424,1600,223,0.7626,0.0065
20260312144425,1600,223,0.7626,0.0065
20260312144426,1600,223,0.7626,0.0065
20260312144427,1600,223,0.7626,0.0065
20260312144428,1600,223,0.7626,0.0065
20260312144429,1600,223,0.7626,0.0065
20260312144430,1600,223,0.7626,0.0065
20260312144431,1600,223,0.7626,0.0065
20260312144432,1600,223,0.7626,0.0065
20260312144433,1600,223,0.7626,0.0065
20260312144434,1600,223,0.7626,0.0065
20260312144435,1600,223,0.7626,0.0065
20260312144436,1600,223,0.7626,0.0065
20260312144437,1600,223,0.7626,0.0065
20260312144438,1600,223,0.7626,0.0065
20260312144439,1600,223,0.7626,0.0065
20260312144440,1600,223,0.7626,0.0065
20260312144441,1600,223,0.7626,0.0065
20260312144442,1600,223,0.7626,0.0065
20260312144443,1600,223,0.7626,0.0065
20260312144444,1600,223,0.7626,0.0065
20260312144445,1600,223,0.7626,0.0065
20260312144446,1600,223,0.7626,0.0065
20260312144447,1600,223,0.7626,0.0065
20260312144448,1600,223,0.7626,0.0065
20260312144449,1600,223,0.7626,0.0065
20260312144450,1600,223,0.7626,0.0065
20260312144451,1600,223,0.7626,0.0065
20260312144452,1600,223,0.7626,0.0065
20260312144453,1600,223,0.7626,0.0065
20260312144454,1600,223,0.7626,0.0065
20260312144455,1600,223,0.7626,0.0065
20260312144456,1600,223,0.7626,0.0065
20260312144457,1600,223,0.7626,0.0065
20260312144458,1600,223,0.7626,0.0065
20260312144459,1600,224,0.7626,0.0065
20260312144500,1600,224,0.7626,0.0065
20260312144501,1600,224,0.7626,0.0065
20260312144502,1600,224,0.7626,0.0065
20260312144503,1600,224,0.7626,0.0065
20260312144504,1600,224,0.7626,0.0065
20260312144505,1600,224,0.7626,0.0065
20260312144507,1600,224,0.7626,0.0065
20260312144508,1600,224,0.7626,0.0065
20260312144509,1600,224,0.7626,0.0065
20260312144510,1600,224,0.7626,0.0065
20260312144511,1600,224,0.7626,0.0065
20260312144512,1600,224,0.7626,0.0065
20260312144513,1600,224,0.7626,0.0065
20260312144514,1600,224,0.7626,0.0065
20260312144515,1600,224,0.7626,0.0065
20260312144516,1600,224,0.7626,0.0065
20260312144517,1600,224,0.7626,0.0065
20260312144518,1600,224,0.7626,0.0065
20260312144519,1600,224,0.7626,0.0065
20260312144520,1600,224,0.7626,0.0065
20260312144521,1600,224,0.7626,0.0065
20260312144522,1600,224,0.7626,0.0065
20260312144523,1600,224,0.7626,0.0065
20260312144524,1600,224,0.7626,0.0065
20260312144525,1600,224,0.7626,0.0065
20260312144526,1600,224,0.7626,0.0065
20260312144527,1600,224,0.7626,0.0065
20260312144528,1600,224,0.7626,0.0065
20260312144529,1600,224,0.7626,0.0065
20260312144530,1600,224,0.7626,0.0065
20260312144531,1600,224,0.7626,0.0065
20260312144532,1600,224,0.7626,0.0065
20260312144533,1600,224,0.7626,0.0065
20260312144534,1600,224,0.7626,0.0065
20260312144535,1600,224,0.7626,0.0065
20260312144536,1600,224,0.7626,0.0065
20260312144537,1600,224,0.7626,0.0065
20260312144538,1600,224,0.7626,0.0065
20260312144539,1600,224,0.7626,0.0065
20260312144540,1600,224,0.7626,0.0065
20260312144541,1600,224,0.7626,0.0065
20260312144542,1600,224,0.7626,0.0065
20260312144543,1600,224,0.7626,0.0065
20260312144544,1600,224,0.7626,0.0065
20260312144545,1600,225,0.7626,0.0065
20260312144546,1600,225,0.7626,0.0065
20260312144547,1600,225,0.7626,0.0065
20260312144548,1600,225,0.7626,0.0065
20260312144549,1600,225,0.7626,0.0065
20260312144550,1600,225,0.7626,0.0065
20260312144551,1600,225,0.7626,0.0065
20260312144552,1600,225,0.7625,0.0065
20260312144553,1600,225,0.7625,0.0065
20260312144554,1600,225,0.7625,0.0065
20260312144555,1600,225,0.7625,0.0065
20260312144556,1600,225,0.7625,0.0065
20260312144557,1600,225,0.7625,0.0065
20260312144558,1600,225,0.7625,0.0065
20260312144559,1600,225,0.7625,0.0065
20260312144600,1600,225,0.7625,0.0065
20260312144601,1600,225,0.7625,0.0065
20260312144602,1600,225,0.7625,0.0065
20260312144603,1600,225,0.7625,0.0065
20260312144604,1600,225,0.7625,0.0065
20260312144605,1600,225,0.7625,0.0065
20260312144606,1600,225,0.7625,0.0065
20260312144607,1600,225,0.7625,0.0065
20260312144608,1600,225,0.7625,0.0065
20260312144609,1600,225,0.7625,0.0065
20260312144610,1600,225,0.7625,0.0065
20260312144611,1600,225,0.7625,0.0065
20260312144612,1600,225,0.7625,0.0065
20260312144613,1600,225,0.7625,0.0065
20260312144614,1600,225,0.7625,0.0065
20260312144615,1600,225,0.7625,0.0065
20260312144616,1600,225,0.7625,0.0065
20260312144617,1600,225,0.7625,0.0065
20260312144618,1600,225,0.7625,0.0065
20260312144619,1600,225,0.7625,0.0065
20260312144620,1600,225,0.7625,0.0065
20260312144621,1600,225,0.7625,0.0065
20260312144622,1600,225,0.7625,0.0065
20260312144623,1600,225,0.7625,0.0065
20260312144624,1600,225,0.7625,0.0065
20260312144625,1600,225,0.7625,0.0065
20260312144626,1600,225,0.7625,0.0065
20260312144627,1600,225,0.7625,0.0065
20260312144628,1600,225,0.7625,0.0065
20260312144629,1600,225,0.7625,0.0065
20260312144631,1600,225,0.7625,0.0065
20260312144632,1600,226,0.7625,0.0065
20260312144633,1600,226,0.7625,0.0065
20260312144634,1600,226,0.7625,0.0065
20260312144635,1600,226,0.7625,0.0065
20260312144636,1600,226,0.7625,0.0065
20260312144637,1600,226,0.7625,0.0065
20260312144638,1600,226,0.7625,0.0065
20260312144639,1600,226,0.7625,0.0065
20260312144640,1600,226,0.7625,0.0065
20260312144641,1600,226,0.7625,0.0065
20260312144642,1600,226,0.7625,0.0065
20260312144643,1600,226,0.7625,0.0065
20260312144644,1600,226,0.7625,0.0065
20260312144645,1600,226,0.7625,0.0065
20260312144646,1600,226,0.7625,0.0065
20260312144647,1600,226,0.7625,0.0065
20260312144648,1600,226,0.7625,0.0065
20260312144649,1600,226,0.7625,0.0065
20260312144650,1600,226,0.7625,0.0065
20260312144651,1600,226,0.7625,0.0065
20260312144652,1600,226,0.7625,0.0065
20260312144653,1600,226,0.7625,0.0065
20260312144654,1600,226,0.7625,0.0065
20260312144655,1600,226,0.7625,0.0065
20260312144656,1600,226,0.7625,0.0065
20260312144657,1600,226,0.7625,0.0065
20260312144658,1600,226,0.7625,0.0065
20260312144659,1600,226,0.7625,0.0065
20260312144700,1600,226,0.7625,0.0065
20260312144701,1600,226,0.7625,0.0065
20260312144702,1600,226,0.7625,0.0065
20260312144703,1600,226,0.7625,0.0065
20260312144704,1600,226,0.7625,0.0065
20260312144705,1600,226,0.7625,0.0065
20260312144706,1600,226,0.7625,0.0065
20260312144707,1600,226,0.7625,0.0065
20260312144708,1600,226,0.7625,0.0065
20260312144709,1600,226,0.7625,0.0065
20260312144710,1600,226,0.7625,0.0065
20260312144711,1600,226,0.7625,0.0065
20260312144712,1600,226,0.7625,0.0065
20260312144713,1600,226,0.7625,0.0065
20260312144714,1600,226,0.7625,0.0065
20260312144715,1600,226,0.7625,0.0065
20260312144716,1600,226,0.7625,0.0065
20260312144717,1600,226,0.7625,0.0065
20260312144718,1600,227,0.7625,0.0065
20260312144719,1600,227,0.7625,0.0065
20260312144720,1600,227,0.7625,0.0065
20260312144721,1600,227,0.7625,0.0065
20260312144722,1600,227,0.7625,0.0065
20260312144723,1600,227,0.7625,0.0065
20260312144724,1600,227,0.7625,0.0065
20260312144725,1600,227,0.7625,0.0065
20260312144726,1600,227,0.7625,0.0065
20260312144727,1600,227,0.7625,0.0065
20260312144728,1600,227,0.7625,0.0065
20260312144729,1600,227,0.7625,0.0065
20260312144730,1600,227,0.7625,0.0065
20260312144731,1600,227,0.7625,0.0065
20260312144732,1600,227,0.7625,0.0065
20260312144733,1600,227,0.7625,0.0065
20260312144734,1600,227,0.7625,0.0065
20260312144735,1600,227,0.7625,0.0065
20260312144736,1600,227,0.7625,0.0065
20260312144737,1600,227,0.7625,0.0065
20260312144738,1600,227,0.7625,0.0065
20260312144739,1600,227,0.7625,0.0065
20260312144740,1600,227,0.7625,0.0065
20260312144741,1600,227,0.7625,0.0065
20260312144742,1600,227,0.7625,0.0065
20260312144743,1600,227,0.7625,0.0065
20260312144744,1600,227,0.7625,0.0065
20260312144745,1600,227,0.7625,0.0065
20260312144746,1600,227,0.7625,0.0065
20260312144747,1600,227,0.7625,0.0065
20260312144748,1600,227,0.7625,0.0065
20260312144749,1600,227,0.7625,0.0065
20260312144750,1600,227,0.7625,0.0065
20260312144751,1600,227,0.7625,0.0065
20260312144752,1600,227,0.7625,0.0065
20260312144753,1600,227,0.7625,0.0065
20260312144754,1600,227,0.7625,0.0065
20260312144755,1600,227,0.7625,0.0065
20260312144756,1600,227,0.7625,0.0065
20260312144757,1600,227,0.7625,0.0065
20260312144759,1600,227,0.7625,0.0065
20260312144800,1600,227,0.7625,0.0065
20260312144801,1600,227,0.7625,0.0065
20260312144802,1600,227,0.7625,0.0065
20260312144803,1600,227,0.7625,0.0065
20260312144804,1600,227,0.7625,0.0065
20260312144805,1600,227,0.7625,0.0065
20260312144806,1600,228,0.7625,0.0065
20260312144807,1600,228,0.7625,0.0065
20260312144808,1600,228,0.7625,0.0065
20260312144809,1600,228,0.7625,0.0065
20260312144810,1600,228,0.7625,0.0065
20260312144811,1600,228,0.7625,0.0065
20260312144812,1600,228,0.7625,0.0065
20260312144813,1600,228,0.7625,0.0065
20260312144814,1600,228,0.7625,0.0065
20260312144815,1600,228,0.7625,0.0065
20260312144816,1600,228,0.7625,0.0065
20260312144817,1600,228,0.7625,0.0065
20260312144818,1600,228,0.7625,0.0065
20260312144819,1600,228,0.7625,0.0065
20260312144820,1600,228,0.7625,0.0065
20260312144821,1600,228,0.7625,0.0065
20260312144822,1600,228,0.7625,0.0065
20260312144823,1600,228,0.7625,0.0065
20260312144824,1600,228,0.7625,0.0065
20260312144825,1600,228,0.7625,0.0065
20260312144826,1600,228,0.7625,0.0065
20260312144827,1600,228,0.7625,0.0065
20260312144828,1600,228,0.7625,0.0065
20260312144829,1600,228,0.7625,0.0065
20260312144830,1600,228,0.7625,0.0065
20260312144831,1600,228,0.7625,0.0065
20260312144832,1600,228,0.7625,0.0065
20260312144833,1600,228,0.7625,0.0065
20260312144834,1600,228,0.7625,0.0065
20260312144835,1600,228,0.7625,0.0065
20260312144836,1600,228,0.7625,0.0065
20260312144837,1600,228,0.7625,0.0065
20260312144838,1600,228,0.7625,0.0065
20260312144839,1600,228,0.7625,0.0065
20260312144840,1600,228,0.7625,0.0065
20260312144841,1600,228,0.7625,0.0065
20260312144842,1600,228,0.7625,0.0065
20260312144843,1600,228,0.7625,0.0065
20260312144844,1600,228,0.7625,0.0065
20260312144845,1600,228,0.7625,0.0065
20260312144846,1600,228,0.7625,0.0065
20260312144847,1600,228,0.7625,0.0065
20260312144848,1600,228,0.7625,0.0065
20260312144849,1600,228,0.7625,0.0065
20260312144850,1600,228,0.7625,0.0065
20260312144851,1600,228,0.7625,0.0065
20260312144852,1600,228,0.7625,0.0065
20260312144853,1600,229,0.7625,0.0065
20260312144854,1600,229,0.7625,0.0065
20260312144855,1600,229,0.7625,0.0065
20260312144856,1600,229,0.7625,0.0065
20260312144857,1600,229,0.7625,0.0065
20260312144858,1600,229,0.7625,0.0065
20260312144859,1600,229,0.7625,0.0065
20260312144900,1600,229,0.7625,0.0065
20260312144901,1600,229,0.7625,0.0065
20260312144902,1600,229,0.7625,0.0065
20260312144903,1600,229,0.7625,0.0065
20260312144904,1600,229,0.7625,0.0065
20260312144905,1600,229,0.7625,0.0065
20260312144906,1600,229,0.7625,0.0065
20260312144907,1600,229,0.7625,0.0065
20260312144908,1600,229,0.7625,0.0065
20260312144909,1600,229,0.7625,0.0065
20260312144910,1600,229,0.7625,0.0065
20260312144911,1600,229,0.7625,0.0065
20260312144912,1600,229,0.7625,0.0065
20260312144913,1600,229,0.7625,0.0065
20260312144914,1600,229,0.7625,0.0065
20260312144915,1600,229,0.7625,0.0065
20260312144916,1600,229,0.7625,0.0065
20260312144917,1600,229,0.7625,0.0065
20260312144918,1600,229,0.7625,0.0065
20260312144919,1600,229,0.7625,0.0065
20260312144920,1600,229,0.7625,0.0065
20260312144921,1600,229,0.7625,0.0065
20260312144922,1600,229,0.7625,0.0065
20260312144924,1600,229,0.7625,0.0065
20260312144925,1600,229,0.7625,0.0065
20260312144926,1600,229,0.7625,0.0065
20260312144927,1600,229,0.7625,0.0065
20260312144928,1600,229,0.7625,0.0065
20260312144929,1600,229,0.7625,0.0065
20260312144930,1600,229,0.7625,0.0065
20260312144931,1600,229,0.7625,0.0065
20260312144932,1600,229,0.7625,0.0065
20260312144933,1600,229,0.7625,0.0065
20260312144934,1600,229,0.7625,0.0065
20260312144935,1600,229,0.7625,0.0065
20260312144936,1600,229,0.7625,0.0065
20260312144937,1600,229,0.7625,0.0065
20260312144938,1600,229,0.7625,0.0065
20260312144939,1600,229,0.7625,0.0065
20260312144940,1600,230,0.7625,0.0065
20260312144941,1600,230,0.7625,0.0065
20260312144942,1600,230,0.7625,0.0065
20260312144943,1600,230,0.7625,0.0065
20260312144944,1600,230,0.7625,0.0065
20260312144945,1600,230,0.7625,0.0065
20260312144946,1600,230,0.7625,0.0065
20260312144947,1600,230,0.7625,0.0065
20260312144948,1600,230,0.7625,0.0065
20260312144949,1600,230,0.7625,0.0065
20260312144950,1600,230,0.7625,0.0065
20260312144951,1600,230,0.7625,0.0065
20260312144952,1600,230,0.7625,0.0065
20260312144953,1600,230,0.7625,0.0065
20260312144954,1600,230,0.7625,0.0065
20260312144955,1600,230,0.7625,0.0065
20260312144956,1600,230,0.7625,0.0065
20260312144957,1600,230,0.7625,0.0065
20260312144958,1600,230,0.7625,0.0065
20260312144959,1600,230,0.7625,0.0065
20260312145000,1600,230,0.7625,0.0065
20260312145001,1600,230,0.7625,0.0065
20260312145002,1600,230,0.7625,0.0065
20260312145003,1600,230,0.7625,0.0065
20260312145004,1600,230,0.7625,0.0065
20260312145005,1600,230,0.7625,0.0065
20260312145006,1600,230,0.7625,0.0065
20260312145007,1600,230,0.7625,0.0065
20260312145008,1600,230,0.7625,0.0065
20260312145009,1600,230,0.7625,0.0065
20260312145010,1600,230,0.7625,0.0065
20260312145011,1600,230,0.7625,0.0065
20260312145012,1600,230,0.7625,0.0065
20260312145013,1600,230,0.7625,0.0065
20260312145014,1600,230,0.7625,0.0065
20260312145015,1600,230,0.7625,0.0065
20260312145016,1600,230,0.7625,0.0065
20260312145017,1600,230,0.7625,0.0065
20260312145018,1600,230,0.7625,0.0065
20260312145019,1600,230,0.7625,0.0065
20260312145020,1600,230,0.7625,0.0065
20260312145021,1600,230,0.7625,0.0065
20260312145022,1600,230,0.7625,0.0065
20260312145023,1600,230,0.7625,0.0065
20260312145024,1600,230,0.7625,0.0065
20260312145025,1600,230,0.7625,0.0065
20260312145026,1600,230,0.7625,0.0065
20260312145027,1600,231,0.7625,0.0065
20260312145028,1600,231,0.7624,0.0065
20260312145029,1600,231,0.7624,0.0065
20260312145030,1600,231,0.7624,0.0065
20260312145031,1600,231,0.7624,0.0065
20260312145032,1600,231,0.7624,0.0065
20260312145033,1600,231,0.7624,0.0065
20260312145034,1600,231,0.7624,0.0065
20260312145035,1600,231,0.7624,0.0065
20260312145036,1600,231,0.7624,0.0065
20260312145037,1600,231,0.7624,0.0065
20260312145038,1600,231,0.7624,0.0065
20260312145039,1600,231,0.7624,0.0065
20260312145040,1600,231,0.7624,0.0065
20260312145041,1600,231,0.7624,0.0065
20260312145042,1600,231,0.7624,0.0065
20260312145043,1600,231,0.7624,0.0065
20260312145044,1600,231,0.7624,0.0065
20260312145046,1600,231,0.7624,0.0065
20260312145047,1600,231,0.7624,0.0065
20260312145048,1600,231,0.7624,0.0065
20260312145049,1600,231,0.7624,0.0065
20260312145050,1600,231,0.7624,0.0065
20260312145051,1600,231,0.7624,0.0065
20260312145052,1600,231,0.7624,0.0065
20260312145053,1600,231,0.7624,0.0065
20260312145054,1600,231,0.7624,0.0065
20260312145055,1600,231,0.7624,0.0065
20260312145056,1600,231,0.7624,0.0065
20260312145057,1600,231,0.7624,0.0065
20260312145058,1600,231,0.7624,0.0065
20260312145059,1600,231,0.7624,0.0065
20260312145100,1600,231,0.7624,0.0065
20260312145101,1600,231,0.7624,0.0065
20260312145102,1600,231,0.7624,0.0065
20260312145103,1600,231,0.7624,0.0065
20260312145104,1600,231,0.7624,0.0065
20260312145105,1600,231,0.7624,0.0065
20260312145106,1600,231,0.7624,0.0065
20260312145107,1600,231,0.7624,0.0065
20260312145108,1600,231,0.7624,0.0065
20260312145109,1600,231,0.7624,0.0065
20260312145110,1600,231,0.7624,0.0065
20260312145111,1600,231,0.7624,0.0065
20260312145112,1600,231,0.7624,0.0065
20260312145113,1600,231,0.7624,0.0065
20260312145114,1600,232,0.7624,0.0065
20260312145115,1600,232,0.7624,0.0065
20260312145116,1600,232,0.7624,0.0065
20260312145117,1600,232,0.7624,0.0065
20260312145118,1600,232,0.7624,0.0065
20260312145119,1600,232,0.7624,0.0065
20260312145120,1600,232,0.7624,0.0065
20260312145121,1600,232,0.7624,0.0065
20260312145122,1600,232,0.7624,0.0065
20260312145123,1600,232,0.7624,0.0065
20260312145124,1600,232,0.7624,0.0065
20260312145125,1600,232,0.7624,0.0065
20260312145126,1600,232,0.7624,0.0065
20260312145127,1600,232,0.7624,0.0065
20260312145128,1600,232,0.7624,0.0065
20260312145129,1600,232,0.7624,0.0065
20260312145130,1600,232,0.7624,0.0065
20260312145131,1600,232,0.7624,0.0065
20260312145132,1600,232,0.7624,0.0065
20260312145133,1600,232,0.7624,0.0065
20260312145134,1600,232,0.7624,0.0065
20260312145135,1600,232,0.7624,0.0065
20260312145136,1600,232,0.7624,0.0065
20260312145137,1600,232,0.7624,0.0065
20260312145138,1600,232,0.7624,0.0065
20260312145139,1600,232,0.7624,0.0065
20260312145140,1600,232,0.7624,0.0065
20260312145141,1600,232,0.7624,0.0065
20260312145142,1600,232,0.7624,0.0065
20260312145143,1600,232,0.7624,0.0065
20260312145144,1600,232,0.7624,0.0065
20260312145145,1600,232,0.7624,0.0065
20260312145146,1600,232,0.7624,0.0065
20260312145147,1600,232,0.7624,0.0065
20260312145148,1600,232,0.7624,0.0065
20260312145149,1600,232,0.7624,0.0065
20260312145150,1600,232,0.7624,0.0065
20260312145151,1600,232,0.7624,0.0065
20260312145152,1600,232,0.7624,0.0065
20260312145153,1600,232,0.7624,0.0065
20260312145154,1600,232,0.7624,0.0065
20260312145155,1600,232,0.7624,0.0065
20260312145156,1600,232,0.7624,0.0065
20260312145157,1600,232,0.7624,0.0065
20260312145158,1600,232,0.7624,0.0065
20260312145159,1600,232,0.7624,0.0065
20260312145200,1600,233,0.7624,0.0065
20260312145201,1600,233,0.7624,0.0065
20260312145202,1600,233,0.7624,0.0065
20260312145203,1600,233,0.7624,0.0065
20260312145204,1600,233,0.7624,0.0065
20260312145205,1600,233,0.7624,0.0065
20260312145206,1600,233,0.7624,0.0065
20260312145208,1600,233,0.7624,0.0065
20260312145209,1600,233,0.7624,0.0065
20260312145210,1600,233,0.7624,0.0065
20260312145211,1600,233,0.7624,0.0065
20260312145212,1600,233,0.7624,0.0065
20260312145213,1600,233,0.7624,0.0065
20260312145214,1600,233,0.7624,0.0065
20260312145215,1600,233,0.7624,0.0065
20260312145216,1600,233,0.7624,0.0065
20260312145217,1600,233,0.7624,0.0065
20260312145218,1600,233,0.7624,0.0065
20260312145219,1600,233,0.7624,0.0065
20260312145220,1600,233,0.7624,0.0065
20260312145221,1600,233,0.7624,0.0065
20260312145222,1600,233,0.7624,0.0065
20260312145223,1600,233,0.7624,0.0065
20260312145224,1600,233,0.7624,0.0065
20260312145225,1600,233,0.7624,0.0065
20260312145226,1600,233,0.7624,0.0065
20260312145227,1600,233,0.7624,0.0065
20260312145228,1600,233,0.7624,0.0065
20260312145229,1600,233,0.7624,0.0065
20260312145230,1600,233,0.7624,0.0065
20260312145231,1600,233,0.7624,0.0065
20260312145232,1600,233,0.7624,0.0065
20260312145233,1600,233,0.7624,0.0065
20260312145234,1600,233,0.7624,0.0065
20260312145235,1600,233,0.7624,0.0065
20260312145236,1600,233,0.7624,0.0065
20260312145237,1600,233,0.7624,0.0065
20260312145238,1600,233,0.7624,0.0065
20260312145239,1600,233,0.7624,0.0065
20260312145240,1600,233,0.7624,0.0065
20260312145241,1600,233,0.7624,0.0065
20260312145242,1600,233,0.7624,0.0065
20260312145243,1600,233,0.7624,0.0065
20260312145244,1600,233,0.7624,0.0065
20260312145245,1600,233,0.7624,0.0065
20260312145246,1600,233,0.7624,0.0065
20260312145247,1600,233,0.7624,0.0065
20260312145248,1600,233,0.7624,0.0065
20260312145249,1600,234,0.7624,0.0065
20260312145250,1600,234,0.7624,0.0065
20260312145251,1600,234,0.7624,0.0065
20260312145252,1600,234,0.7624,0.0065
20260312145253,1600,234,0.7624,0.0065
20260312145254,1600,234,0.7624,0.0065
20260312145255,1600,234,0.7624,0.0065
20260312145256,1600,234,0.7624,0.0065
20260312145257,1600,234,0.7624,0.0065
20260312145258,1600,234,0.7624,0.0065
20260312145259,1600,234,0.7624,0.0065
20260312145300,1600,234,0.7624,0.0065
20260312145301,1600,234,0.7624,0.0065
20260312145302,1600,234,0.7624,0.0065
20260312145303,1600,234,0.7624,0.0065
20260312145304,1600,234,0.7624,0.0065
20260312145305,1600,234,0.7624,0.0065
20260312145306,1600,234,0.7624,0.0065
20260312145307,1600,234,0.7624,0.0065
20260312145308,1600,234,0.7624,0.0065
20260312145309,1600,234,0.7624,0.0065
20260312145310,1600,234,0.7624,0.0065
20260312145311,1600,234,0.7624,0.0065
20260312145312,1600,234,0.7624,0.0065
20260312145313,1600,234,0.7624,0.0065
20260312145314,1600,234,0.7624,0.0065
20260312145315,1600,234,0.7624,0.0065
20260312145316,1600,234,0.7624,0.0065
20260312145317,1600,234,0.7624,0.0065
20260312145318,1600,234,0.7624,0.0065
20260312145319,1600,234,0.7624,0.0065
20260312145320,1600,234,0.7624,0.0065
20260312145321,1600,234,0.7624,0.0065
20260312145322,1600,234,0.7624,0.0065
20260312145323,1600,234,0.7624,0.0065
20260312145324,1600,234,0.7624,0.0065
20260312145325,1600,234,0.7624,0.0065
20260312145326,1600,234,0.7624,0.0065
20260312145327,1600,234,0.7624,0.0065
20260312145328,1600,234,0.7624,0.0065
20260312145329,1600,234,0.7624,0.0065
20260312145330,1600,234,0.7624,0.0065
20260312145332,1600,234,0.7624,0.0065
20260312145333,1600,234,0.7624,0.0065
20260312145334,1600,234,0.7624,0.0065
20260312145335,1600,235,0.7624,0.0065
20260312145336,1600,235,0.7624,0.0065
20260312145337,1600,235,0.7624,0.0065
20260312145338,1600,235,0.7624,0.0065
20260312145339,1600,235,0.7624,0.0065
20260312145340,1600,235,0.7624,0.0065
20260312145341,1600,235,0.7624,0.0065
20260312145342,1600,235,0.7624,0.0065
20260312145343,1600,235,0.7624,0.0065
20260312145344,1600,235,0.7624,0.0065
20260312145345,1600,235,0.7624,0.0065
20260312145346,1600,235,0.7624,0.0065
20260312145347,1600,235,0.7624,0.0065
20260312145348,1600,235,0.7624,0.0065
20260312145349,1600,235,0.7624,0.0065
20260312145350,1600,235,0.7624,0.0065
20260312145351,1600,235,0.7624,0.0065
20260312145352,1600,235,0.7624,0.0065
20260312145353,1600,235,0.7624,0.0065
20260312145354,1600,235,0.7624,0.0065
20260312145355,1600,235,0.7624,0.0065
20260312145356,1600,235,0.7624,0.0065
20260312145357,1600,235,0.7624,0.0065
20260312145358,1600,235,0.7624,0.0065
20260312145359,1600,235,0.7624,0.0065
20260312145400,1600,235,0.7624,0.0065
20260312145401,1600,235,0.7624,0.0065
20260312145402,1600,235,0.7624,0.0065
20260312145403,1600,235,0.7624,0.0065
20260312145404,1600,235,0.7624,0.0065
20260312145405,1600,235,0.7624,0.0065
20260312145406,1600,235,0.7624,0.0065
20260312145407,1600,235,0.7624,0.0065
20260312145408,1600,235,0.7624,0.0065
20260312145409,1600,235,0.7624,0.0065
20260312145410,1600,235,0.7624,0.0065
20260312145411,1600,235,0.7624,0.0065
20260312145412,1600,235,0.7624,0.0065
20260312145413,1600,235,0.7624,0.0065
20260312145414,1600,235,0.7624,0.0065
20260312145415,1600,235,0.7624,0.0065
20260312145416,1600,235,0.7624,0.0065
20260312145417,1600,235,0.7624,0.0065
20260312145418,1600,235,0.7624,0.0065
20260312145419,1600,235,0.7624,0.0065
20260312145420,1600,235,0.7624,0.0065
20260312145421,1600,235,0.7624,0.0065
20260312145422,1600,236,0.7624,0.0065
20260312145423,1600,236,0.7624,0.0065
20260312145424,1600,236,0.7624,0.0065
20260312145425,1600,236,0.7624,0.0065
20260312145426,1600,236,0.7624,0.0065
20260312145427,1600,236,0.7624,0.0065
20260312145428,1600,236,0.7624,0.0065
20260312145429,1600,236,0.7624,0.0065
20260312145430,1600,236,0.7624,0.0065
20260312145431,1600,236,0.7623,0.0065
20260312145432,1600,236,0.7623,0.0065
20260312145433,1600,236,0.7623,0.0065
20260312145434,1600,236,0.7623,0.0065
20260312145435,1600,236,0.7623,0.0065
20260312145436,1600,236,0.7623,0.0065
20260312145437,1600,236,0.7623,0.0065
20260312145438,1600,236,0.7623,0.0065
20260312145439,1600,236,0.7623,0.0065
20260312145440,1600,236,0.7623,0.0065
20260312145441,1600,236,0.7623,0.0065
20260312145442,1600,236,0.7623,0.0065
20260312145443,1600,236,0.7623,0.0065
20260312145444,1600,236,0.7623,0.0065
20260312145446,1600,236,0.7623,0.0065
20260312145447,1600,236,0.7623,0.0065
20260312145448,1600,236,0.7623,0.0065
20260312145449,1600,236,0.7623,0.0065
20260312145450,1600,236,0.7623,0.0065
20260312145451,1600,236,0.7623,0.0065
20260312145452,1600,236,0.7623,0.0065
20260312145453,1600,236,0.7623,0.0065
20260312145454,1600,236,0.7623,0.0065
20260312145455,1600,236,0.7623,0.0065
20260312145456,1600,236,0.7623,0.0065
20260312145457,1600,236,0.7623,0.0065
20260312145458,1600,236,0.7623,0.0065
20260312145459,1600,236,0.7623,0.0065
20260312145500,1600,236,0.7623,0.0065
20260312145501,1600,236,0.7623,0.0065
20260312145502,1600,236,0.7623,0.0065
20260312145503,1600,236,0.7623,0.0065
20260312145504,1600,236,0.7623,0.0065
20260312145505,1600,236,0.7623,0.0065
20260312145506,1600,236,0.7623,0.0065
20260312145507,1600,237,0.7623,0.0065
20260312145508,1600,237,0.7623,0.0065
20260312145509,1600,237,0.7623,0.0065
20260312145510,1600,237,0.7623,0.0065
20260312145511,1600,237,0.7623,0.0065
20260312145512,1600,237,0.7623,0.0065
20260312145513,1600,237,0.7623,0.0065
20260312145514,1600,237,0.7623,0.0065
20260312145515,1600,237,0.7623,0.0065
20260312145516,1600,237,0.7623,0.0065
20260312145517,1600,237,0.7623,0.0065
20260312145518,1600,237,0.7623,0.0065
20260312145519,1600,237,0.7623,0.0065
20260312145520,1600,237,0.7623,0.0065
20260312145521,1600,237,0.7623,0.0065
20260312145522,1600,237,0.7623,0.0065
20260312145523,1600,237,0.7623,0.0065
20260312145524,1600,237,0.7623,0.0065
20260312145525,1600,237,0.7623,0.0065
20260312145526,1600,237,0.7623,0.0065
20260312145527,1600,237,0.7623,0.0065
20260312145528,1600,237,0.7623,0.0065
20260312145529,1600,237,0.7623,0.0065
20260312145530,1600,237,0.7623,0.0065
20260312145531,1600,237,0.7623,0.0065
20260312145532,1600,237,0.7623,0.0065
20260312145533,1600,237,0.7623,0.0065
20260312145534,1600,237,0.7623,0.0065
20260312145535,1600,237,0.7623,0.0065
20260312145536,1600,237,0.7623,0.0065
20260312145537,1600,237,0.7623,0.0065
20260312145538,1600,237,0.7623,0.0065
20260312145539,1600,237,0.7623,0.0065
20260312145540,1600,237,0.7623,0.0065
20260312145541,1600,237,0.7623,0.0065
20260312145542,1600,237,0.7623,0.0065
20260312145543,1600,237,0.7623,0.0065
20260312145544,1600,237,0.7623,0.0065
20260312145545,1600,237,0.7623,0.0065
20260312145546,1600,237,0.7623,0.0065
20260312145547,1600,237,0.7623,0.0065
20260312145548,1600,237,0.7623,0.0065
20260312145549,1600,237,0.7623,0.0065
20260312145550,1600,237,0.7623,0.0065
20260312145551,1600,237,0.7623,0.0065
20260312145552,1600,237,0.7623,0.0065
20260312145553,1600,237,0.7623,0.0065
20260312145554,1600,237,0.7623,0.0065
20260312145555,1600,238,0.7623,0.0065
20260312145556,1600,238,0.7623,0.0065
20260312145557,1600,238,0.7623,0.0065
20260312145558,1600,238,0.7623,0.0065
20260312145559,1600,238,0.7623,0.0065
20260312145600,1600,238,0.7623,0.0065
20260312145601,1600,238,0.7623,0.0065
20260312145602,1600,238,0.7623,0.0065
20260312145603,1600,238,0.7623,0.0065
20260312145604,1600,238,0.7623,0.0065
20260312145605,1600,238,0.7623,0.0065
20260312145606,1600,238,0.7623,0.0065
20260312145607,1600,238,0.7623,0.0065
20260312145608,1600,238,0.7623,0.0065
20260312145609,1600,238,0.7623,0.0065
20260312145611,1600,238,0.7623,0.0065
20260312145612,1600,238,0.7623,0.0065
20260312145613,1600,238,0.7623,0.0065
20260312145614,1600,238,0.7623,0.0065
20260312145615,1600,238,0.7623,0.0065
20260312145616,1600,238,0.7623,0.0065
20260312145617,1600,238,0.7623,0.0065
20260312145618,1600,238,0.7623,0.0065
20260312145619,1600,238,0.7623,0.0065
20260312145620,1600,238,0.7623,0.0065
20260312145621,1600,238,0.7623,0.0065
20260312145622,1600,238,0.7623,0.0065
20260312145623,1600,238,0.7623,0.0065
20260312145624,1600,238,0.7623,0.0065
20260312145625,1600,238,0.7623,0.0065
20260312145626,1600,238,0.7623,0.0065
20260312145627,1600,238,0.7623,0.0065
20260312145628,1600,238,0.7623,0.0065
20260312145629,1600,238,0.7623,0.0065
20260312145630,1600,238,0.7623,0.0065
20260312145631,1600,238,0.7623,0.0065
20260312145632,1600,238,0.7623,0.0065
20260312145633,1600,238,0.7623,0.0065
20260312145634,1600,238,0.7623,0.0065
20260312145635,1600,238,0.7623,0.0065
20260312145636,1600,238,0.7623,0.0065
20260312145637,1600,238,0.7623,0.0065
20260312145638,1600,238,0.7623,0.0065
20260312145639,1600,238,0.7623,0.0065
20260312145640,1600,238,0.7623,0.0065
20260312145641,1600,238,0.7623,0.0065
20260312145642,1600,239,0.7623,0.0065
20260312145643,1600,239,0.7623,0.0065
20260312145644,1600,239,0.7623,0.0065
20260312145645,1600,239,0.7623,0.0065
20260312145646,1600,239,0.7623,0.0065
20260312145647,1600,239,0.7623,0.0065
20260312145648,1600,239,0.7623,0.0065
20260312145649,1600,239,0.7623,0.0065
20260312145650,1600,239,0.7623,0.0065
20260312145651,1600,239,0.7623,0.0065
20260312145652,1600,239,0.7623,0.0065
20260312145653,1600,239,0.7623,0.0065
20260312145654,1600,239,0.7623,0.0065
20260312145655,1600,239,0.7623,0.0065
20260312145656,1600,239,0.7623,0.0065
20260312145657,1600,239,0.7623,0.0065
20260312145658,1600,239,0.7623,0.0065
20260312145659,1600,239,0.7623,0.0065
20260312145700,1600,239,0.7623,0.0065
20260312145701,1600,239,0.7623,0.0065
20260312145702,1600,239,0.7623,0.0065
20260312145703,1600,239,0.7623,0.0065
20260312145704,1600,239,0.7623,0.0065
20260312145705,1600,239,0.7623,0.0065
20260312145706,1600,239,0.7623,0.0065
20260312145707,1600,239,0.7623,0.0065
20260312145708,1600,239,0.7623,0.0065
20260312145709,1600,239,0.7623,0.0065
20260312145710,1600,239,0.7623,0.0065
20260312145711,1600,239,0.7623,0.0065
20260312145712,1600,239,0.7623,0.0065
20260312145713,1600,239,0.7623,0.0065
20260312145714,1600,239,0.7623,0.0065
20260312145715,1600,239,0.7623,0.0065
20260312145716,1600,239,0.7623,0.0065
20260312145717,1600,239,0.7623,0.0065
20260312145718,1600,239,0.7623,0.0065
20260312145719,1600,239,0.7623,0.0065
20260312145720,1600,239,0.7623,0.0065
20260312145721,1600,239,0.7623,0.0065
20260312145722,1600,239,0.7623,0.0065
20260312145723,1600,239,0.7623,0.0065
20260312145724,1600,239,0.7623,0.0065
20260312145725,1600,239,0.7623,0.0065
20260312145726,1600,239,0.7623,0.0065
20260312145727,1600,239,0.7623,0.0065
20260312145728,1600,239,0.7623,0.0065
20260312145729,1600,240,0.7623,0.0065
20260312145730,1600,240,0.7623,0.0065
20260312145731,1600,240,0.7623,0.0065
20260312145732,1600,240,0.7623,0.0065
20260312145733,1600,240,0.7623,0.0065
20260312145734,1600,240,0.7623,0.0065
20260312145735,1600,240,0.7623,0.0065
20260312145736,1600,240,0.7623,0.0065
20260312145738,1600,240,0.7623,0.0065
20260312145739,1600,240,0.7623,0.0065
20260312145740,1600,240,0.7623,0.0065
20260312145741,1600,240,0.7623,0.0065
20260312145742,1600,240,0.7623,0.0065
20260312145743,1600,240,0.7623,0.0065
20260312145744,1600,240,0.7623,0.0065
20260312145745,1600,240,0.7623,0.0065
20260312145746,1600,240,0.7623,0.0065
20260312145747,1600,240,0.7623,0.0065
20260312145748,1600,240,0.7623,0.0065
20260312145749,1600,240,0.7623,0.0065
20260312145750,1600,240,0.7623,0.0065
20260312145751,1600,240,0.7623,0.0065
20260312145752,1600,240,0.7623,0.0065
20260312145753,1600,240,0.7623,0.0065
20260312145754,1600,240,0.7623,0.0065
20260312145755,1600,240,0.7623,0.0065
20260312145756,1600,240,0.7623,0.0065
20260312145757,1600,240,0.7623,0.0065
20260312145758,1600,240,0.7623,0.0065
20260312145759,1600,240,0.7623,0.0065
20260312145800,1600,240,0.7623,0.0065
20260312145801,1600,240,0.7623,0.0065
20260312145802,1600,240,0.7623,0.0065
20260312145803,1600,240,0.7623,0.0065
20260312145804,1600,240,0.7623,0.0065
20260312145805,1600,240,0.7623,0.0065
20260312145806,1600,240,0.7623,0.0065
20260312145807,1600,240,0.7623,0.0065
20260312145808,1600,240,0.7623,0.0065
20260312145809,1600,240,0.7623,0.0065
20260312145810,1600,240,0.7623,0.0065
20260312145811,1600,240,0.7623,0.0065
20260312145812,1600,240,0.7623,0.0065
20260312145813,1600,240,0.7623,0.0065
20260312145814,1600,240,0.7623,0.0065
20260312145815,1600,240,0.7623,0.0065
20260312145816,1600,241,0.7623,0.0065
20260312145817,1600,241,0.7623,0.0065
20260312145818,1600,241,0.7623,0.0065
20260312145819,1600,241,0.7623,0.0065
20260312145820,1600,241,0.7623,0.0065
20260312145821,1600,241,0.7623,0.0065
20260312145822,1600,241,0.7623,0.0065
20260312145823,1600,241,0.7623,0.0065
20260312145824,1600,241,0.7623,0.0065
20260312145825,1600,241,0.7623,0.0065
20260312145826,1600,241,0.7623,0.0065
20260312145827,1600,241,0.7623,0.0065
20260312145828,1600,241,0.7623,0.0065
20260312145829,1600,241,0.7623,0.0065
20260312145830,1600,241,0.7623,0.0065
20260312145831,1600,241,0.7623,0.0065
20260312145832,1600,241,0.7623,0.0065
20260312145833,1600,241,0.7623,0.0065
20260312145834,1600,241,0.7623,0.0065
20260312145835,1600,241,0.7623,0.0065
20260312145836,1600,241,0.7623,0.0065
20260312145837,1600,241,0.7623,0.0065
20260312145838,1600,241,0.7623,0.0065
20260312145839,1600,241,0.7623,0.0065
20260312145840,1600,241,0.7623,0.0065
20260312145841,1600,241,0.7623,0.0065
20260312145842,1600,241,0.7623,0.0065
20260312145843,1600,241,0.7623,0.0065
20260312145844,1600,241,0.7623,0.0065
20260312145845,1600,241,0.7623,0.0065
20260312145846,1600,241,0.7623,0.0065
20260312145847,1600,241,0.7623,0.0065
20260312145848,1600,241,0.7623,0.0065
20260312145849,1600,241,0.7623,0.0065
20260312145850,1600,241,0.7623,0.0065
20260312145851,1600,241,0.7623,0.0065
20260312145852,1600,241,0.7623,0.0065
20260312145853,1600,241,0.7623,0.0065
20260312145854,1600,241,0.7623,0.0065
20260312145855,1600,241,0.7623,0.0065
20260312145856,1600,241,0.7623,0.0065
20260312145857,1600,241,0.7623,0.0065
20260312145858,1600,241,0.7623,0.0065
20260312145859,1600,241,0.7623,0.0065
20260312145900,1600,241,0.7623,0.0065
20260312145901,1600,241,0.7623,0.0065
20260312145903,1600,242,0.7623,0.0065
20260312145904,1600,242,0.7623,0.0065
20260312145905,1600,242,0.7622,0.0065
20260312145906,1600,242,0.7622,0.0065
20260312145907,1600,242,0.7622,0.0065
20260312145908,1600,242,0.7622,0.0065
20260312145909,1600,242,0.7622,0.0065
20260312145910,1600,242,0.7622,0.0065
20260312145911,1600,242,0.7622,0.0065
20260312145912,1600,242,0.7622,0.0065
20260312145913,1600,242,0.7622,0.0065
20260312145914,1600,242,0.7622,0.0065
20260312145915,1600,242,0.7622,0.0065
20260312145916,1600,242,0.7622,0.0065
20260312145917,1600,242,0.7622,0.0065
20260312145918,1600,242,0.7622,0.0065
20260312145919,1600,242,0.7622,0.0065
20260312145920,1600,242,0.7622,0.0065
20260312145921,1600,242,0.7622,0.0065
20260312145922,1600,242,0.7622,0.0065
20260312145923,1600,242,0.7622,0.0065
20260312145924,1600,242,0.7622,0.0065
20260312145925,1600,242,0.7622,0.0065
20260312145926,1600,242,0.7622,0.0065
20260312145927,1600,242,0.7622,0.0065
20260312145928,1600,242,0.7622,0.0065
20260312145929,1600,242,0.7622,0.0065
20260312145930,1600,242,0.7622,0.0065
20260312145931,1600,242,0.7622,0.0065
20260312145932,1600,242,0.7622,0.0065
20260312145933,1600,242,0.7622,0.0065
20260312145934,1600,242,0.7622,0.0065
20260312145935,1600,242,0.7622,0.0065
20260312145936,1600,242,0.7622,0.0065
20260312145937,1600,242,0.7622,0.0065
20260312145938,1600,242,0.7622,0.0065
20260312145939,1600,242,0.7622,0.0065
20260312145940,1600,242,0.7622,0.0065
20260312145941,1600,242,0.7622,0.0065
20260312145942,1600,242,0.7622,0.0065
20260312145943,1600,242,0.7622,0.0065
20260312145944,1600,242,0.7622,0.0065
20260312145945,1600,242,0.7622,0.0065
20260312145946,1600,242,0.7622,0.0065
20260312145947,1600,242,0.7622,0.0065
20260312145948,1600,242,0.7622,0.0065
20260312145949,1600,243,0.7622,0.0065
20260312145950,1600,243,0.7622,0.0065
20260312145951,1600,243,0.7622,0.0065
20260312145952,1600,243,0.7622,0.0065
20260312145953,1600,243,0.7622,0.0065
20260312145954,1600,243,0.7622,0.0065
20260312145955,1600,243,0.7622,0.0065
20260312145956,1600,243,0.7622,0.0065
20260312145957,1600,243,0.7622,0.0065
20260312145958,1600,243,0.7622,0.0065
20260312145959,1600,243,0.7622,0.0065
20260312150000,1600,243,0.7622,0.0065
20260312150001,1600,243,0.7622,0.0065
20260312150002,1600,243,0.7622,0.0065
20260312150003,1600,243,0.7622,0.0065
20260312150004,1600,243,0.7622,0.0065
20260312150005,1600,243,0.7622,0.0065
20260312150006,1600,243,0.7622,0.0065
20260312150007,1600,243,0.7622,0.0065
20260312150008,1600,243,0.7622,0.0065
20260312150009,1600,243,0.7622,0.0065
20260312150010,1600,243,0.7622,0.0065
20260312150011,1600,243,0.7622,0.0065
20260312150012,1600,243,0.7622,0.0065
20260312150013,1600,243,0.7622,0.0065
20260312150014,1600,243,0.7622,0.0065
20260312150015,1600,243,0.7622,0.0065
20260312150016,1600,243,0.7622,0.0065
20260312150017,1600,243,0.7622,0.0065
20260312150018,1600,243,0.7622,0.0065
20260312150019,1600,243,0.7622,0.0065
20260312150020,1600,243,0.7622,0.0065
20260312150021,1600,243,0.7622,0.0065
20260312150022,1600,243,0.7622,0.0065
20260312150024,1600,243,0.7622,0.0065
20260312150025,1600,243,0.7622,0.0065
20260312150026,1600,243,0.7622,0.0065
20260312150027,1600,243,0.7622,0.0065
20260312150028,1600,243,0.7622,0.0065
20260312150029,1600,243,0.7622,0.0065
20260312150030,1600,243,0.7622,0.0065
20260312150031,1600,243,0.7622,0.0065
20260312150032,1600,243,0.7622,0.0065
20260312150033,1600,243,0.7622,0.0065
20260312150034,1600,243,0.7622,0.0065
20260312150035,1600,244,0.7622,0.0065
20260312150036,1600,244,0.7622,0.0065
20260312150037,1600,244,0.7622,0.0065
20260312150038,1600,244,0.7622,0.0065
20260312150039,1600,244,0.7622,0.0065
20260312150040,1600,244,0.7622,0.0065
20260312150041,1600,244,0.7622,0.0065
20260312150042,1600,244,0.7622,0.0065
20260312150043,1600,244,0.7622,0.0065
20260312150044,1600,244,0.7622,0.0065
20260312150045,1600,244,0.7622,0.0065
20260312150046,1600,244,0.7622,0.0065
20260312150047,1600,244,0.7622,0.0065
20260312150048,1600,244,0.7622,0.0065
20260312150049,1600,244,0.7622,0.0065
20260312150050,1600,244,0.7622,0.0065
20260312150051,1600,244,0.7622,0.0065
20260312150052,1600,244,0.7622,0.0065
20260312150053,1600,244,0.7622,0.0065
20260312150054,1600,244,0.7622,0.0065
20260312150055,1600,244,0.7622,0.0065
20260312150056,1600,244,0.7622,0.0065
20260312150057,1600,244,0.7622,0.0065
20260312150058,1600,244,0.7622,0.0065
20260312150059,1600,244,0.7622,0.0065
20260312150100,1600,244,0.7622,0.0065
20260312150101,1600,244,0.7622,0.0065
20260312150102,1600,244,0.7622,0.0065
20260312150103,1600,244,0.7622,0.0065
20260312150104,1600,244,0.7622,0.0065
20260312150105,1600,244,0.7622,0.0065
20260312150106,1600,244,0.7622,0.0065
20260312150107,1600,244,0.7622,0.0065
20260312150108,1600,244,0.7622,0.0065
20260312150109,1600,244,0.7622,0.0065
20260312150110,1600,244,0.7622,0.0065
20260312150111,1600,244,0.7622,0.0065
20260312150112,1600,244,0.7622,0.0065
20260312150113,1600,244,0.7622,0.0065
20260312150114,1600,244,0.7622,0.0065
20260312150115,1600,244,0.7622,0.0065
20260312150116,1600,244,0.7622,0.0065
20260312150117,1600,244,0.7622,0.0065
20260312150118,1600,244,0.7622,0.0065
20260312150119,1600,244,0.7622,0.0065
20260312150120,1600,244,0.7622,0.0065
20260312150121,1600,244,0.7622,0.0065
20260312150122,1600,245,0.7622,0.0065
20260312150123,1600,245,0.7622,0.0065
20260312150124,1600,245,0.7622,0.0065
20260312150125,1600,245,0.7622,0.0065
20260312150126,1600,245,0.7622,0.0065
20260312150127,1600,245,0.7622,0.0065
20260312150128,1600,245,0.7622,0.0065
20260312150129,1600,245,0.7622,0.0065
20260312150130,1600,245,0.7622,0.0065
20260312150131,1600,245,0.7622,0.0065
20260312150132,1600,245,0.7622,0.0065
20260312150133,1600,245,0.7622,0.0065
20260312150134,1600,245,0.7622,0.0065
20260312150135,1600,245,0.7622,0.0065
20260312150136,1600,245,0.7622,0.0065
20260312150138,1600,245,0.7622,0.0065
20260312150139,1600,245,0.7622,0.0065
20260312150140,1600,245,0.7622,0.0065
20260312150141,1600,245,0.7622,0.0065
20260312150142,1600,245,0.7622,0.0065
20260312150143,1600,245,0.7622,0.0065
20260312150144,1600,245,0.7622,0.0065
20260312150145,1600,245,0.7622,0.0065
20260312150146,1600,245,0.7622,0.0065
20260312150147,1600,245,0.7622,0.0065
20260312150148,1600,245,0.7622,0.0065
20260312150149,1600,245,0.7622,0.0065
20260312150150,1600,245,0.7622,0.0065
20260312150151,1600,245,0.7622,0.0065
20260312150152,1600,245,0.7622,0.0065
20260312150153,1600,245,0.7622,0.0065
20260312150154,1600,245,0.7622,0.0065
20260312150155,1600,245,0.7622,0.0065
20260312150156,1600,245,0.7622,0.0065
20260312150157,1600,245,0.7622,0.0065
20260312150158,1600,245,0.7622,0.0065
20260312150159,1600,245,0.7622,0.0065
20260312150200,1600,245,0.7622,0.0065
20260312150201,1600,245,0.7622,0.0065
20260312150202,1600,245,0.7622,0.0065
20260312150203,1600,245,0.7622,0.0065
20260312150204,1600,245,0.7622,0.0065
20260312150205,1600,245,0.7622,0.0065
20260312150206,1600,245,0.7622,0.0065
20260312150207,1600,245,0.7622,0.0065
20260312150208,1600,245,0.7622,0.0065
20260312150209,1600,246,0.7622,0.0065
20260312150210,1600,246,0.7622,0.0065
20260312150211,1600,246,0.7622,0.0065
20260312150212,1600,246,0.7622,0.0065
20260312150213,1600,246,0.7622,0.0065
20260312150214,1600,246,0.7622,0.0065
20260312150215,1600,246,0.7622,0.0065
20260312150216,1600,246,0.7622,0.0065
20260312150217,1600,246,0.7622,0.0065
20260312150218,1600,246,0.7622,0.0065
20260312150219,1600,246,0.7622,0.0065
20260312150220,1600,246,0.7622,0.0065
20260312150221,1600,246,0.7622,0.0065
20260312150222,1600,246,0.7622,0.0065
20260312150223,1600,246,0.7622,0.0065
20260312150224,1600,246,0.7622,0.0065
20260312150225,1600,246,0.7622,0.0065
20260312150226,1600,246,0.7622,0.0065
20260312150227,1600,246,0.7622,0.0065
20260312150228,1600,246,0.7622,0.0065
20260312150229,1600,246,0.7622,0.0065
20260312150230,1600,246,0.7622,0.0065
20260312150231,1600,246,0.7622,0.0065
20260312150232,1600,246,0.7622,0.0065
20260312150233,1600,246,0.7622,0.0065
20260312150234,1600,246,0.7622,0.0065
20260312150235,1600,246,0.7622,0.0065
20260312150236,1600,246,0.7622,0.0065
20260312150237,1600,246,0.7622,0.0065
20260312150238,1600,246,0.7622,0.0065
20260312150239,1600,246,0.7622,0.0065
20260312150240,1600,246,0.7622,0.0065
20260312150241,1600,246,0.7622,0.0065
20260312150242,1600,246,0.7622,0.0065
20260312150243,1600,246,0.7622,0.0065
20260312150244,1600,246,0.7622,0.0065
20260312150245,1600,246,0.7622,0.0065
20260312150246,1600,246,0.7622,0.0065
20260312150247,1600,246,0.7622,0.0065
20260312150248,1600,246,0.7622,0.0065
20260312150249,1600,246,0.7622,0.0065
20260312150250,1600,246,0.7622,0.0065
20260312150251,1600,246,0.7622,0.0065
20260312150252,1600,246,0.7622,0.0065
20260312150253,1600,246,0.7622,0.0065
20260312150254,1600,246,0.7622,0.0065
20260312150255,1600,246,0.7622,0.0065
20260312150256,1600,247,0.7622,0.0065
20260312150257,1600,247,0.7622,0.0065
20260312150258,1600,247,0.7622,0.0065
20260312150259,1600,247,0.7622,0.0065
20260312150301,1600,247,0.7622,0.0065
20260312150302,1600,247,0.7622,0.0065
20260312150303,1600,247,0.7622,0.0065
20260312150304,1600,247,0.7622,0.0065
20260312150305,1600,247,0.7622,0.0065
20260312150306,1600,247,0.7622,0.0065
20260312150307,1600,247,0.7621,0.0065
20260312150308,1600,247,0.7621,0.0065
20260312150309,1600,247,0.7621,0.0065
20260312150310,1600,247,0.7621,0.0065
20260312150311,1600,247,0.7621,0.0065
20260312150312,1600,247,0.7621,0.0065
20260312150313,1600,247,0.7621,0.0065
20260312150314,1600,247,0.7621,0.0065
20260312150315,1600,247,0.7621,0.0065
20260312150316,1600,247,0.7621,0.0065
20260312150317,1600,247,0.7621,0.0065
20260312150318,1600,247,0.7621,0.0065
20260312150319,1600,247,0.7621,0.0065
20260312150320,1600,247,0.7621,0.0065
20260312150321,1600,247,0.7622,0.0065
20260312150322,1600,247,0.7622,0.0065
20260312150323,1600,247,0.7622,0.0065
20260312150324,1600,247,0.7622,0.0065
20260312150325,1600,247,0.7622,0.0065
20260312150326,1600,247,0.7622,0.0065
20260312150327,1600,247,0.7621,0.0065
20260312150328,1600,247,0.7621,0.0065
20260312150329,1600,247,0.7621,0.0065
20260312150330,1600,247,0.7621,0.0065
20260312150331,1600,247,0.7621,0.0065
20260312150332,1600,247,0.7621,0.0065
20260312150333,1600,247,0.7621,0.0065
20260312150334,1600,247,0.7621,0.0065
20260312150335,1600,247,0.7621,0.0065
20260312150336,1600,247,0.7621,0.0065
20260312150337,1600,247,0.7621,0.0065
20260312150338,1600,247,0.7621,0.0065
20260312150339,1600,247,0.7621,0.0065
20260312150340,1600,247,0.7621,0.0065
20260312150341,1600,247,0.7621,0.0065
20260312150342,1600,247,0.7621,0.0065
20260312150343,1600,248,0.7621,0.0065
20260312150344,1600,248,0.7621,0.0065
20260312150345,1600,248,0.7621,0.0065
20260312150346,1600,248,0.7621,0.0065
20260312150347,1600,248,0.7621,0.0065
20260312150348,1600,248,0.7621,0.0065
20260312150349,1600,248,0.7621,0.0065
20260312150350,1600,248,0.7621,0.0065
20260312150351,1600,248,0.7621,0.0065
20260312150352,1600,248,0.7621,0.0065
20260312150353,1600,248,0.7621,0.0065
20260312150354,1600,248,0.7621,0.0065
20260312150355,1600,248,0.7621,0.0065
20260312150356,1600,248,0.7621,0.0065
20260312150357,1600,248,0.7621,0.0065
20260312150358,1600,248,0.7621,0.0065
20260312150359,1600,248,0.7621,0.0065
20260312150400,1600,248,0.7621,0.0065
20260312150401,1600,248,0.7621,0.0065
20260312150402,1600,248,0.7621,0.0065
20260312150403,1600,248,0.7621,0.0065
20260312150404,1600,248,0.7621,0.0065
20260312150405,1600,248,0.7621,0.0065
20260312150406,1600,248,0.7621,0.0065
20260312150407,1600,248,0.7621,0.0065
20260312150408,1600,248,0.7621,0.0065
20260312150409,1600,248,0.7621,0.0065
20260312150410,1600,248,0.7621,0.0065
20260312150411,1600,248,0.7621,0.0065
20260312150412,1600,248,0.7621,0.0065
20260312150413,1600,248,0.7621,0.0065
20260312150414,1600,248,0.7621,0.0065
20260312150415,1600,248,0.7621,0.0065
20260312150416,1600,248,0.7621,0.0065
20260312150417,1600,248,0.7621,0.0065
20260312150418,1600,248,0.7621,0.0065
20260312150419,1600,248,0.7621,0.0065
20260312150420,1600,248,0.7621,0.0065
20260312150421,1600,248,0.7621,0.0065
20260312150422,1600,248,0.7621,0.0065
20260312150423,1600,248,0.7621,0.0065
20260312150424,1600,248,0.7621,0.0065
20260312150425,1600,248,0.7621,0.0065
20260312150426,1600,248,0.7621,0.0065
20260312150428,1600,248,0.7621,0.0065
20260312150429,1600,248,0.7621,0.0065
20260312150430,1600,249,0.7621,0.0065
20260312150431,1600,249,0.7621,0.0065
20260312150432,1600,249,0.7621,0.0065
20260312150433,1600,249,0.7621,0.0065
20260312150434,1600,249,0.7621,0.0065
20260312150435,1600,249,0.7621,0.0065
20260312150436,1600,249,0.7621,0.0065
20260312150437,1600,249,0.7621,0.0065
20260312150438,1600,249,0.7621,0.0065
20260312150439,1600,249,0.7621,0.0065
20260312150440,1600,249,0.7621,0.0065
20260312150441,1600,249,0.7621,0.0065
20260312150442,1600,249,0.7621,0.0065
20260312150443,1600,249,0.7621,0.0065
20260312150444,1600,249,0.7621,0.0065
20260312150445,1600,249,0.7621,0.0065
20260312150446,1600,249,0.7621,0.0065
20260312150447,1600,249,0.7621,0.0065
20260312150448,1600,249,0.7621,0.0065
20260312150449,1600,249,0.7621,0.0065
20260312150450,1600,249,0.7621,0.0065
20260312150451,1600,249,0.7621,0.0065
20260312150452,1600,249,0.7621,0.0065
20260312150453,1600,249,0.7621,0.0065
20260312150454,1600,249,0.7621,0.0065
20260312150455,1600,249,0.7621,0.0065
20260312150456,1600,249,0.7621,0.0065
20260312150457,1600,249,0.7621,0.0065
20260312150458,1600,249,0.7621,0.0065
20260312150459,1600,249,0.7621,0.0065
20260312150500,1600,249,0.7621,0.0065
20260312150501,1600,249,0.7621,0.0065
20260312150502,1600,249,0.7621,0.0065
20260312150503,1600,249,0.7621,0.0065
20260312150504,1600,249,0.7621,0.0065
20260312150505,1600,249,0.7621,0.0065
20260312150506,1600,249,0.7621,0.0065
20260312150507,1600,249,0.7621,0.0065
20260312150508,1600,249,0.7621,0.0065
20260312150509,1600,249,0.7621,0.0065
20260312150510,1600,249,0.7621,0.0065
20260312150511,1600,249,0.7621,0.0065
20260312150512,1600,249,0.7621,0.0065
20260312150513,1600,249,0.7621,0.0065
20260312150514,1600,249,0.7621,0.0065
20260312150515,1600,249,0.7621,0.0065
20260312150516,1600,249,0.7621,0.0065
20260312150517,1600,249,0.7621,0.0065
20260312150518,1600,250,0.7621,0.0065
20260312150519,1600,250,0.7621,0.0065
20260312150520,1600,250,0.7621,0.0065
20260312150521,1600,250,0.7621,0.0065
20260312150522,1600,250,0.7621,0.0065
20260312150523,1600,250,0.7621,0.0065
20260312150524,1600,250,0.7621,0.0065
20260312150525,1600,250,0.7621,0.0065
20260312150526,1600,250,0.7621,0.0065
20260312150527,1600,250,0.7621,0.0065
20260312150528,1600,250,0.7621,0.0065
20260312150529,1600,250,0.7621,0.0065
20260312150530,1600,250,0.7621,0.0065
20260312150531,1600,250,0.7621,0.0065
20260312150532,1600,250,0.7621,0.0065
20260312150533,1600,250,0.7621,0.0065
20260312150534,1600,250,0.7621,0.0065
20260312150535,1600,250,0.7621,0.0065
20260312150536,1600,250,0.7621,0.0065
20260312150537,1600,250,0.7621,0.0065
20260312150538,1600,250,0.7621,0.0065
20260312150539,1600,250,0.7621,0.0065
20260312150540,1600,250,0.7621,0.0065
20260312150541,1600,250,0.7621,0.0065
20260312150542,1600,250,0.7621,0.0065
20260312150543,1600,250,0.7621,0.0065
20260312150544,1600,250,0.7621,0.0065
20260312150545,1600,250,0.7621,0.0065
20260312150546,1600,250,0.7621,0.0065
20260312150548,1600,250,0.7621,0.0065
20260312150549,1600,250,0.7621,0.0065
20260312150550,1600,250,0.7621,0.0065
20260312150551,1600,250,0.7621,0.0065
20260312150552,1600,250,0.7621,0.0065
20260312150553,1600,250,0.7621,0.0065
20260312150554,1600,250,0.7621,0.0065
20260312150555,1600,250,0.7621,0.0065
20260312150556,1600,250,0.7621,0.0065
20260312150557,1600,250,0.7621,0.0065
20260312150558,1600,250,0.7621,0.0065
20260312150559,1600,250,0.7621,0.0065
20260312150600,1600,250,0.7621,0.0065
20260312150601,1600,250,0.7621,0.0065
20260312150602,1600,250,0.7621,0.0065
20260312150603,1600,250,0.7621,0.0065
20260312150604,1600,250,0.7621,0.0065
20260312150605,1600,251,0.7621,0.0065
20260312150606,1600,251,0.7621,0.0065
20260312150607,1600,251,0.7621,0.0065
20260312150608,1600,251,0.7621,0.0065
20260312150609,1600,251,0.7621,0.0065
20260312150610,1600,251,0.7621,0.0065
20260312150611,1600,251,0.7621,0.0065
20260312150612,1600,251,0.7621,0.0065
20260312150613,1600,251,0.7621,0.0065
20260312150614,1600,251,0.7621,0.0065
20260312150615,1600,251,0.7621,0.0065
20260312150616,1600,251,0.7621,0.0065
20260312150617,1600,251,0.7621,0.0065
20260312150618,1600,251,0.7621,0.0065
20260312150619,1600,251,0.7621,0.0065
20260312150620,1600,251,0.7621,0.0065
20260312150621,1600,251,0.7621,0.0065
20260312150622,1600,251,0.7621,0.0065
20260312150623,1600,251,0.7621,0.0065
20260312150624,1600,251,0.7621,0.0065
20260312150625,1600,251,0.7621,0.0065
20260312150626,1600,251,0.7621,0.0065
20260312150627,1600,251,0.7621,0.0065
20260312150628,1600,251,0.7621,0.0065
20260312150629,1600,251,0.7621,0.0065
20260312150630,1600,251,0.7621,0.0065
20260312150631,1600,251,0.7621,0.0065
20260312150632,1600,251,0.7621,0.0065
20260312150633,1600,251,0.7621,0.0065
20260312150634,1600,251,0.7621,0.0065
20260312150635,1600,251,0.7621,0.0065
20260312150636,1600,251,0.7621,0.0065
20260312150637,1600,251,0.7621,0.0065
20260312150638,1600,251,0.7621,0.0065
20260312150639,1600,251,0.7621,0.0065
20260312150640,1600,251,0.7621,0.0065
20260312150641,1600,251,0.7621,0.0065
20260312150642,1600,251,0.7621,0.0065
20260312150643,1600,251,0.7621,0.0065
20260312150644,1600,251,0.7621,0.0065
20260312150645,1600,251,0.7621,0.0065
20260312150646,1600,251,0.7621,0.0065
20260312150647,1600,251,0.7621,0.0065
20260312150648,1600,251,0.7621,0.0065
20260312150649,1600,251,0.7621,0.0065
20260312150650,1600,252,0.7621,0.0065
20260312150651,1600,252,0.7621,0.0065
20260312150652,1600,252,0.7621,0.0065
20260312150653,1600,252,0.7621,0.0065
20260312150654,1600,252,0.7621,0.0065
20260312150655,1600,252,0.7621,0.0065
20260312150656,1600,252,0.7621,0.0065
20260312150657,1600,252,0.7621,0.0065
20260312150658,1600,252,0.7621,0.0065
20260312150659,1600,252,0.7621,0.0065
20260312150700,1600,252,0.7621,0.0065
20260312150701,1600,252,0.7621,0.0065
20260312150702,1600,252,0.7621,0.0065
20260312150703,1600,252,0.7621,0.0065
20260312150705,1600,252,0.7621,0.0065
20260312150706,1600,252,0.7621,0.0065
20260312150707,1600,252,0.7621,0.0065
20260312150708,1600,252,0.7621,0.0065
20260312150709,1600,252,0.7621,0.0065
20260312150710,1600,252,0.7621,0.0065
20260312150711,1600,252,0.7621,0.0065
20260312150712,1600,252,0.7621,0.0065
20260312150713,1600,252,0.7621,0.0065
20260312150714,1600,252,0.7621,0.0065
20260312150715,1600,252,0.7621,0.0065
20260312150716,1600,252,0.7621,0.0065
20260312150717,1600,252,0.7621,0.0065
20260312150718,1600,252,0.7621,0.0065
20260312150719,1600,252,0.7621,0.0065
20260312150720,1600,252,0.7621,0.0065
20260312150721,1600,252,0.7621,0.0065
20260312150722,1600,252,0.7621,0.0065
20260312150723,1600,252,0.7621,0.0065
20260312150724,1600,252,0.7621,0.0065
20260312150725,1600,252,0.7621,0.0065
20260312150726,1600,252,0.7621,0.0065
20260312150727,1600,252,0.7621,0.0065
20260312150728,1600,252,0.7621,0.0065
20260312150729,1600,252,0.7621,0.0065
20260312150730,1600,252,0.7621,0.0065
20260312150731,1600,252,0.7621,0.0065
20260312150732,1600,252,0.7621,0.0065
20260312150733,1600,252,0.7621,0.0065
20260312150734,1600,252,0.7621,0.0065
20260312150735,1600,252,0.7621,0.0065
20260312150736,1600,252,0.7621,0.0065
20260312150737,1600,253,0.7621,0.0065
20260312150738,1600,253,0.7621,0.0065
20260312150739,1600,253,0.7621,0.0065
20260312150740,1600,253,0.7621,0.0065
20260312150741,1600,253,0.7621,0.0065
20260312150742,1600,253,0.762,0.0065
20260312150743,1600,253,0.762,0.0065
20260312150744,1600,253,0.762,0.0065
20260312150745,1600,253,0.762,0.0065
20260312150746,1600,253,0.762,0.0065
20260312150747,1600,253,0.762,0.0065
20260312150748,1600,253,0.762,0.0065
20260312150749,1600,253,0.762,0.0065
20260312150750,1600,253,0.762,0.0065
20260312150751,1600,253,0.762,0.0065
20260312150752,1600,253,0.762,0.0065
20260312150753,1600,253,0.762,0.0065
20260312150754,1600,253,0.762,0.0065
20260312150755,1600,253,0.762,0.0065
20260312150756,1600,253,0.762,0.0065
20260312150757,1600,253,0.762,0.0065
20260312150758,1600,253,0.762,0.0065
20260312150759,1600,253,0.762,0.0065
20260312150800,1600,253,0.762,0.0065
20260312150801,1600,253,0.762,0.0065
20260312150802,1600,253,0.762,0.0065
20260312150803,1600,253,0.762,0.0065
20260312150804,1600,253,0.762,0.0065
20260312150805,1600,253,0.762,0.0065
20260312150806,1600,253,0.762,0.0065
20260312150807,1600,253,0.762,0.0065
20260312150808,1600,253,0.762,0.0065
20260312150809,1600,253,0.762,0.0065
20260312150810,1600,253,0.762,0.0065
20260312150811,1600,253,0.762,0.0065
20260312150812,1600,253,0.762,0.0065
20260312150813,1600,253,0.762,0.0065
20260312150814,1600,253,0.762,0.0065
20260312150815,1600,253,0.762,0.0065
20260312150816,1600,253,0.762,0.0065
20260312150817,1600,253,0.762,0.0065
20260312150818,1600,253,0.762,0.0065
20260312150819,1600,253,0.762,0.0065
20260312150820,1600,253,0.762,0.0065
20260312150821,1600,253,0.762,0.0065
20260312150822,1600,253,0.762,0.0065
20260312150823,1600,253,0.762,0.0065
20260312150824,1600,254,0.762,0.0065
20260312150825,1600,254,0.762,0.0065
20260312150827,1600,254,0.762,0.0065
20260312150828,1600,254,0.762,0.0065
20260312150829,1600,254,0.762,0.0065
20260312150830,1600,254,0.762,0.0065
20260312150831,1600,254,0.762,0.0065
20260312150832,1600,254,0.762,0.0065
20260312150833,1600,254,0.762,0.0065
20260312150834,1600,254,0.762,0.0065
20260312150835,1600,254,0.762,0.0065
20260312150836,1600,254,0.762,0.0065
20260312150837,1600,254,0.762,0.0065
20260312150838,1600,254,0.762,0.0065
20260312150839,1600,254,0.762,0.0065
20260312150840,1600,254,0.762,0.0065
20260312150841,1600,254,0.762,0.0065
20260312150842,1600,254,0.762,0.0065
20260312150843,1600,254,0.762,0.0065
20260312150844,1600,254,0.762,0.0065
20260312150845,1600,254,0.762,0.0065
20260312150846,1600,254,0.762,0.0065
20260312150847,1600,254,0.762,0.0065
20260312150848,1600,254,0.762,0.0065
20260312150849,1600,254,0.762,0.0065
20260312150850,1600,254,0.762,0.0065
20260312150851,1600,254,0.762,0.0065
20260312150852,1600,254,0.762,0.0065
20260312150853,1600,254,0.762,0.0065
20260312150854,1600,254,0.762,0.0065
20260312150855,1600,254,0.762,0.0065
20260312150856,1600,254,0.762,0.0065
20260312150857,1600,254,0.762,0.0065
20260312150858,1600,254,0.762,0.0065
20260312150859,1600,254,0.762,0.0065
20260312150900,1600,254,0.762,0.0065
20260312150901,1600,254,0.762,0.0065
20260312150902,1600,254,0.762,0.0065
20260312150903,1600,254,0.762,0.0065
20260312150904,1600,254,0.762,0.0065
20260312150905,1600,254,0.762,0.0065
20260312150906,1600,254,0.762,0.0065
20260312150907,1600,254,0.762,0.0065
20260312150908,1600,254,0.762,0.0065
20260312150909,1600,254,0.762,0.0065
20260312150910,1600,254,0.762,0.0065
20260312150911,1600,255,0.762,0.0065
20260312150912,1600,255,0.762,0.0065
20260312150913,1600,255,0.762,0.0065
20260312150914,1600,255,0.762,0.0065
20260312150915,1600,255,0.762,0.0065
20260312150916,1600,255,0.762,0.0065
20260312150917,1600,255,0.762,0.0065
20260312150918,1600,255,0.762,0.0065
20260312150919,1600,255,0.762,0.0065
20260312150920,1600,255,0.762,0.0065
20260312150921,1600,255,0.762,0.0065
20260312150922,1600,255,0.762,0.0065
20260312150923,1600,255,0.762,0.0065
20260312150924,1600,255,0.762,0.0065
20260312150925,1600,255,0.762,0.0065
20260312150926,1600,255,0.762,0.0065
20260312150927,1600,255,0.762,0.0065
20260312150928,1600,255,0.762,0.0065
20260312150929,1600,255,0.762,0.0065
20260312150930,1600,255,0.762,0.0065
20260312150931,1600,255,0.762,0.0065
20260312150932,1600,255,0.762,0.0065
20260312150933,1600,255,0.762,0.0065
20260312150934,1600,255,0.762,0.0065
20260312150935,1600,255,0.762,0.0065
20260312150936,1600,255,0.762,0.0065
20260312150937,1600,255,0.762,0.0065
20260312150938,1600,255,0.762,0.0065
20260312150939,1600,255,0.762,0.0065
20260312150940,1600,255,0.762,0.0065
20260312150941,1600,255,0.762,0.0065
20260312150942,1600,255,0.762,0.0065
20260312150943,1600,255,0.762,0.0065
20260312150944,1600,255,0.762,0.0065
20260312150946,1600,255,0.762,0.0065
20260312150947,1600,255,0.762,0.0065
20260312150948,1600,255,0.762,0.0065
20260312150949,1600,255,0.762,0.0065
20260312150950,1600,255,0.762,0.0065
20260312150951,1600,255,0.762,0.0065
20260312150952,1600,255,0.762,0.0065
20260312150953,1600,255,0.762,0.0065
20260312150954,1600,255,0.762,0.0065
20260312150955,1600,255,0.762,0.0065
20260312150956,1600,255,0.762,0.0065
20260312150957,1600,255,0.762,0.0065
20260312150958,1600,256,0.762,0.0065
20260312150959,1600,256,0.762,0.0065
20260312151000,1600,256,0.762,0.0065
20260312151001,1600,256,0.762,0.0065
20260312151002,1600,256,0.762,0.0065
20260312151003,1600,256,0.762,0.0065
20260312151004,1600,256,0.762,0.0065
20260312151005,1600,256,0.762,0.0065
20260312151006,1600,256,0.762,0.0065
20260312151007,1600,256,0.762,0.0065
20260312151008,1600,256,0.762,0.0065
20260312151009,1600,256,0.762,0.0065
20260312151010,1600,256,0.762,0.0065
20260312151011,1600,256,0.762,0.0065
20260312151012,1600,256,0.762,0.0065
20260312151013,1600,256,0.762,0.0065
20260312151014,1600,256,0.762,0.0065
20260312151015,1600,256,0.762,0.0065
20260312151016,1600,256,0.762,0.0065
20260312151017,1600,256,0.762,0.0065
20260312151018,1600,256,0.762,0.0065
20260312151019,1600,256,0.762,0.0065
20260312151020,1600,256,0.762,0.0065
20260312151021,1600,256,0.762,0.0065
20260312151022,1600,256,0.762,0.0065
20260312151023,1600,256,0.762,0.0065
20260312151024,1600,256,0.762,0.0065
20260312151025,1600,256,0.762,0.0065
20260312151026,1600,256,0.762,0.0065
20260312151027,1600,256,0.762,0.0065
20260312151028,1600,256,0.762,0.0065
20260312151029,1600,256,0.762,0.0065
20260312151030,1600,256,0.762,0.0065
20260312151031,1600,256,0.762,0.0065
20260312151032,1600,256,0.762,0.0065
20260312151033,1600,256,0.762,0.0065
20260312151034,1600,256,0.762,0.0065
20260312151035,1600,256,0.762,0.0065
20260312151036,1600,256,0.762,0.0065
20260312151037,1600,256,0.762,0.0065
20260312151038,1600,256,0.762,0.0065
20260312151039,1600,256,0.762,0.0065
20260312151040,1600,256,0.762,0.0065
20260312151041,1600,256,0.762,0.0065
20260312151042,1600,256,0.762,0.0065
20260312151043,1600,256,0.762,0.0065
20260312151044,1600,257,0.762,0.0065
20260312151045,1600,257,0.762,0.0065
20260312151046,1600,257,0.762,0.0065
20260312151047,1600,257,0.762,0.0065
20260312151048,1600,257,0.762,0.0065
20260312151049,1600,257,0.762,0.0065
20260312151050,1600,257,0.762,0.0065
20260312151051,1600,257,0.762,0.0065
20260312151052,1600,257,0.762,0.0065
20260312151053,1600,257,0.762,0.0065
20260312151054,1600,257,0.762,0.0065
20260312151055,1600,257,0.762,0.0065
20260312151056,1600,257,0.762,0.0065
20260312151057,1600,257,0.762,0.0065
20260312151058,1600,257,0.762,0.0065
20260312151059,1600,257,0.762,0.0065
20260312151100,1600,257,0.762,0.0065
20260312151101,1600,257,0.762,0.0065
20260312151102,1600,257,0.762,0.0065
20260312151103,1600,257,0.762,0.0065
20260312151104,1600,257,0.762,0.0065
20260312151106,1600,257,0.762,0.0065
20260312151107,1600,257,0.762,0.0065
20260312151108,1600,257,0.762,0.0065
20260312151109,1600,257,0.762,0.0065
20260312151110,1600,257,0.762,0.0065
20260312151111,1600,257,0.762,0.0065
20260312151112,1600,257,0.762,0.0065
20260312151113,1600,257,0.762,0.0065
20260312151114,1600,257,0.762,0.0065
20260312151115,1600,257,0.762,0.0065
20260312151116,1600,257,0.762,0.0065
20260312151117,1600,257,0.762,0.0065
20260312151118,1600,257,0.762,0.0065
20260312151119,1600,257,0.762,0.0065
20260312151120,1600,257,0.762,0.0065
20260312151121,1600,257,0.762,0.0065
20260312151122,1600,257,0.762,0.0065
20260312151123,1600,257,0.762,0.0065
20260312151124,1600,257,0.762,0.0065
20260312151125,1600,257,0.762,0.0065
20260312151126,1600,257,0.762,0.0065
20260312151127,1600,257,0.762,0.0065
20260312151128,1600,257,0.762,0.0065
20260312151129,1600,257,0.762,0.0065
20260312151130,1600,257,0.762,0.0065
20260312151131,1600,258,0.762,0.0065
20260312151132,1600,258,0.762,0.0065
20260312151133,1600,258,0.762,0.0065
20260312151134,1600,258,0.762,0.0065
20260312151135,1600,258,0.762,0.0065
20260312151136,1600,258,0.762,0.0065
20260312151137,1600,258,0.762,0.0065
20260312151138,1600,258,0.762,0.0065
20260312151139,1600,258,0.762,0.0065
20260312151140,1600,258,0.7619,0.0065
20260312151141,1600,258,0.7619,0.0065
20260312151142,1600,258,0.7619,0.0065
20260312151143,1600,258,0.7619,0.0065
20260312151144,1600,258,0.7619,0.0065
20260312151145,1600,258,0.7619,0.0065
20260312151146,1600,258,0.7619,0.0065
20260312151147,1600,258,0.7619,0.0065
20260312151148,1600,258,0.7619,0.0065
20260312151149,1600,258,0.7619,0.0065
20260312151150,1600,258,0.7619,0.0065
20260312151151,1600,258,0.7619,0.0065
20260312151152,1600,258,0.7619,0.0065
20260312151153,1600,258,0.7619,0.0065
20260312151154,1600,258,0.7619,0.0065
20260312151155,1600,258,0.7619,0.0065
20260312151156,1600,258,0.7619,0.0065
20260312151157,1600,258,0.7619,0.0065
20260312151158,1600,258,0.7619,0.0065
20260312151159,1600,258,0.7619,0.0065
20260312151200,1600,258,0.7619,0.0065
20260312151201,1600,258,0.7619,0.0065
20260312151202,1600,258,0.7619,0.0065
20260312151203,1600,258,0.7619,0.0065
20260312151204,1600,258,0.7619,0.0065
20260312151205,1600,258,0.7619,0.0065
20260312151206,1600,258,0.7619,0.0065
20260312151207,1600,258,0.7619,0.0065
20260312151208,1600,258,0.7619,0.0065
20260312151209,1600,258,0.7619,0.0065
20260312151210,1600,258,0.7619,0.0065
20260312151211,1600,258,0.7619,0.0065
20260312151212,1600,258,0.7619,0.0065
20260312151213,1600,258,0.7619,0.0065
20260312151214,1600,258,0.7619,0.0065
20260312151215,1600,258,0.7619,0.0065
20260312151216,1600,258,0.7619,0.0065
20260312151217,1600,259,0.7619,0.0065
20260312151218,1600,259,0.7619,0.0065
20260312151219,1600,259,0.7619,0.0065
20260312151220,1600,259,0.7619,0.0065
20260312151221,1600,259,0.7619,0.0065
20260312151222,1600,259,0.7619,0.0065
20260312151223,1600,259,0.7619,0.0065
20260312151224,1600,259,0.7619,0.0065
20260312151225,1600,259,0.7619,0.0065
20260312151226,1600,259,0.7619,0.0065
20260312151227,1600,259,0.7619,0.0065
20260312151228,1600,259,0.7619,0.0065
20260312151229,1600,259,0.7619,0.0065
20260312151230,1600,259,0.7619,0.0065
20260312151231,1600,259,0.7619,0.0065
20260312151232,1600,259,0.7619,0.0065
20260312151233,1600,259,0.7619,0.0065
20260312151235,1600,259,0.7619,0.0065
20260312151236,1600,259,0.7619,0.0065
20260312151237,1600,259,0.7619,0.0065
20260312151238,1600,259,0.7619,0.0065
20260312151239,1600,259,0.7619,0.0065
20260312151240,1600,259,0.7619,0.0065
20260312151241,1600,259,0.7619,0.0065
20260312151242,1600,259,0.7619,0.0065
20260312151243,1600,259,0.7619,0.0065
20260312151244,1600,259,0.7619,0.0065
20260312151245,1600,259,0.7619,0.0065
20260312151246,1600,259,0.7619,0.0065
20260312151247,1600,259,0.7619,0.0065
20260312151248,1600,259,0.7619,0.0065
20260312151249,1600,259,0.7619,0.0065
20260312151250,1600,259,0.7619,0.0065
20260312151251,1600,259,0.7619,0.0065
20260312151252,1600,259,0.7619,0.0065
20260312151253,1600,259,0.7619,0.0065
20260312151254,1600,259,0.7619,0.0065
20260312151255,1600,259,0.7619,0.0065
20260312151256,1600,259,0.7619,0.0065
20260312151257,1600,259,0.7619,0.0065
20260312151258,1600,259,0.7619,0.0065
20260312151259,1600,259,0.7619,0.0065
20260312151300,1600,259,0.7619,0.0065
20260312151301,1600,259,0.7619,0.0065
20260312151302,1600,259,0.7619,0.0065
20260312151303,1600,259,0.7619,0.0065
20260312151304,1600,260,0.7619,0.0065
20260312151305,1600,260,0.7619,0.0065
20260312151306,1600,260,0.7619,0.0065
20260312151307,1600,260,0.7619,0.0065
20260312151308,1600,260,0.7619,0.0065
20260312151309,1600,260,0.7619,0.0065
20260312151310,1600,260,0.7619,0.0065
20260312151311,1600,260,0.7619,0.0065
20260312151312,1600,260,0.7619,0.0065
20260312151313,1600,260,0.7619,0.0065
20260312151314,1600,260,0.7619,0.0065
20260312151315,1600,260,0.7619,0.0065
20260312151316,1600,260,0.7619,0.0065
20260312151317,1600,260,0.7619,0.0065
20260312151318,1600,260,0.7619,0.0065
20260312151319,1600,260,0.7619,0.0065
20260312151320,1600,260,0.7619,0.0065
20260312151321,1600,260,0.7619,0.0065
20260312151322,1600,260,0.7619,0.0065
20260312151323,1600,260,0.7619,0.0065
20260312151324,1600,260,0.7619,0.0065
20260312151325,1600,260,0.7619,0.0065
20260312151326,1600,260,0.7619,0.0065
20260312151327,1600,260,0.7619,0.0065
20260312151328,1600,260,0.7619,0.0065
20260312151329,1600,260,0.7619,0.0065
20260312151330,1600,260,0.7619,0.0065
20260312151331,1600,260,0.7619,0.0065
20260312151332,1600,260,0.7619,0.0065
20260312151333,1600,260,0.7619,0.0065
20260312151334,1600,260,0.7619,0.0065
20260312151335,1600,260,0.7619,0.0065
20260312151336,1600,260,0.7619,0.0065
20260312151337,1600,260,0.7619,0.0065
20260312151338,1600,260,0.7619,0.0065
20260312151339,1600,260,0.7619,0.0065
20260312151340,1600,260,0.7619,0.0065
20260312151341,1600,260,0.7619,0.0065
20260312151342,1600,260,0.7619,0.0065
20260312151343,1600,260,0.7619,0.0065
20260312151344,1600,260,0.7619,0.0065
20260312151345,1600,260,0.7619,0.0065
20260312151346,1600,260,0.7619,0.0065
20260312151347,1600,260,0.7619,0.0065
20260312151348,1600,260,0.7619,0.0065
20260312151349,1600,260,0.7619,0.0065
20260312151350,1600,260,0.7619,0.0065
20260312151351,1600,261,0.7619,0.0065
20260312151352,1600,261,0.7619,0.0065
20260312151353,1600,261,0.7619,0.0065
20260312151354,1600,261,0.7619,0.0065
20260312151356,1600,261,0.7619,0.0065
20260312151357,1600,261,0.7619,0.0065
20260312151358,1600,261,0.7619,0.0065
20260312151359,1600,261,0.7619,0.0065
20260312151400,1600,261,0.7619,0.0065
20260312151401,1600,261,0.7619,0.0065
20260312151402,1600,261,0.7619,0.0065
20260312151403,1600,261,0.7619,0.0065
20260312151404,1600,261,0.7619,0.0065
20260312151405,1600,261,0.7619,0.0065
20260312151406,1600,261,0.7619,0.0065
20260312151407,1600,261,0.7619,0.0065
20260312151408,1600,261,0.7619,0.0065
20260312151409,1600,261,0.7619,0.0065
20260312151410,1600,261,0.7619,0.0065
20260312151411,1600,261,0.7619,0.0065
20260312151412,1600,261,0.7619,0.0065
20260312151413,1600,261,0.7619,0.0065
20260312151414,1600,261,0.7619,0.0065
20260312151415,1600,261,0.7619,0.0065
20260312151416,1600,261,0.7619,0.0065
20260312151417,1600,261,0.7619,0.0065
20260312151418,1600,261,0.7619,0.0065
20260312151419,1600,261,0.7619,0.0065
20260312151420,1600,261,0.7619,0.0065
20260312151421,1600,261,0.7619,0.0065
20260312151422,1600,261,0.7619,0.0065
20260312151423,1600,261,0.7619,0.0065
20260312151424,1600,261,0.7619,0.0065
20260312151425,1600,261,0.7619,0.0065
20260312151426,1600,261,0.7619,0.0065
20260312151427,1600,261,0.7619,0.0065
20260312151428,1600,261,0.7619,0.0065
20260312151429,1600,261,0.7619,0.0065
20260312151430,1600,261,0.7619,0.0065
20260312151431,1600,261,0.7619,0.0065
20260312151432,1600,261,0.7619,0.0065
20260312151433,1600,261,0.7619,0.0065
20260312151434,1600,261,0.7619,0.0065
20260312151435,1600,261,0.7619,0.0065
20260312151436,1600,261,0.7619,0.0065
20260312151437,1600,261,0.7619,0.0065
20260312151438,1600,262,0.7619,0.0065
20260312151439,1600,262,0.7619,0.0065
20260312151440,1600,262,0.7619,0.0065
20260312151441,1600,262,0.7619,0.0065
20260312151442,1600,262,0.7619,0.0065
20260312151443,1600,262,0.7619,0.0065
20260312151444,1600,262,0.7619,0.0065
20260312151445,1600,262,0.7619,0.0065
20260312151446,1600,262,0.7619,0.0065
20260312151447,1600,262,0.7619,0.0065
20260312151448,1600,262,0.7619,0.0065
20260312151449,1600,262,0.7619,0.0065
20260312151450,1600,262,0.7619,0.0065
20260312151451,1600,262,0.7619,0.0065
20260312151452,1600,262,0.7619,0.0065
20260312151453,1600,262,0.7619,0.0065
20260312151454,1600,262,0.7619,0.0065
20260312151455,1600,262,0.7619,0.0065
20260312151456,1600,262,0.7619,0.0065
20260312151457,1600,262,0.7619,0.0065
20260312151458,1600,262,0.7619,0.0065
20260312151459,1600,262,0.7619,0.0065
20260312151500,1600,262,0.7619,0.0065
20260312151501,1600,262,0.7619,0.0065
20260312151502,1600,262,0.7619,0.0065
20260312151503,1600,262,0.7619,0.0065
20260312151504,1600,262,0.7619,0.0065
20260312151505,1600,262,0.7619,0.0065
20260312151506,1600,262,0.7619,0.0065
20260312151507,1600,262,0.7619,0.0065
20260312151508,1600,262,0.7619,0.0065
20260312151509,1600,262,0.7619,0.0065
20260312151510,1600,262,0.7619,0.0065
20260312151511,1600,262,0.7619,0.0065
20260312151512,1600,262,0.7619,0.0065
20260312151513,1600,262,0.7619,0.0065
20260312151514,1600,262,0.7619,0.0065
20260312151515,1600,262,0.7619,0.0065
20260312151516,1600,262,0.7619,0.0065
20260312151517,1600,262,0.7619,0.0065
20260312151518,1600,262,0.7619,0.0065
20260312151520,1600,262,0.7619,0.0065
20260312151521,1600,262,0.7619,0.0065
20260312151522,1600,262,0.7619,0.0065
20260312151523,1600,262,0.7619,0.0065
20260312151524,1600,262,0.7619,0.0065
20260312151525,1600,263,0.7619,0.0065
20260312151526,1600,263,0.7619,0.0065
20260312151527,1600,263,0.7619,0.0065
20260312151528,1600,263,0.7619,0.0065
20260312151529,1600,263,0.7619,0.0065
20260312151530,1600,263,0.7619,0.0065
20260312151531,1600,263,0.7619,0.0065
20260312151532,1600,263,0.7619,0.0065
20260312151533,1600,263,0.7619,0.0065
20260312151534,1600,263,0.7619,0.0065
20260312151535,1600,263,0.7619,0.0065
20260312151536,1600,263,0.7619,0.0065
20260312151537,1600,263,0.7619,0.0065
20260312151538,1600,263,0.7619,0.0065
20260312151539,1600,263,0.7619,0.0065
20260312151540,1600,263,0.7619,0.0065
20260312151541,1600,263,0.7619,0.0065
20260312151542,1600,263,0.7619,0.0065
20260312151543,1600,263,0.7619,0.0065
20260312151544,1600,263,0.7619,0.0065
20260312151545,1600,263,0.7619,0.0065
20260312151546,1600,263,0.7619,0.0065
20260312151547,1600,263,0.7619,0.0065
20260312151548,1600,263,0.7619,0.0065
20260312151549,1600,263,0.7619,0.0065
20260312151550,1600,263,0.7619,0.0065
20260312151551,1600,263,0.7619,0.0065
20260312151552,1600,263,0.7619,0.0065
20260312151553,1600,263,0.7619,0.0065
20260312151554,1600,263,0.7619,0.0065
20260312151555,1600,263,0.7619,0.0065
20260312151556,1600,263,0.7619,0.0065
20260312151557,1600,263,0.7619,0.0065
20260312151558,1600,263,0.7619,0.0065
20260312151559,1600,263,0.7619,0.0065
20260312151600,1600,263,0.7619,0.0065
20260312151601,1600,263,0.7619,0.0065
20260312151602,1600,263,0.7619,0.0065
20260312151603,1600,263,0.7619,0.0065
20260312151604,1600,263,0.7619,0.0065
20260312151605,1600,263,0.7619,0.0065
20260312151606,1600,263,0.7619,0.0065
20260312151607,1600,263,0.7619,0.0065
20260312151608,1600,263,0.7619,0.0065
20260312151609,1600,263,0.7619,0.0065
20260312151610,1600,263,0.7619,0.0065
20260312151611,1600,263,0.7619,0.0065
20260312151612,1600,264,0.7619,0.0065
20260312151613,1600,264,0.7619,0.0065
20260312151614,1600,264,0.7619,0.0065
20260312151615,1600,264,0.7618,0.0065
20260312151616,1600,264,0.7618,0.0065
20260312151617,1600,264,0.7618,0.0065
20260312151618,1600,264,0.7618,0.0065
20260312151619,1600,264,0.7618,0.0065
20260312151620,1600,264,0.7618,0.0065
20260312151621,1600,264,0.7618,0.0065
20260312151622,1600,264,0.7618,0.0065
20260312151623,1600,264,0.7618,0.0065
20260312151624,1600,264,0.7618,0.0065
20260312151625,1600,264,0.7618,0.0065
20260312151626,1600,264,0.7618,0.0065
20260312151627,1600,264,0.7618,0.0065
20260312151628,1600,264,0.7618,0.0065
20260312151629,1600,264,0.7618,0.0065
20260312151630,1600,264,0.7618,0.0065
20260312151631,1600,264,0.7618,0.0065
20260312151632,1600,264,0.7618,0.0065
20260312151633,1600,264,0.7618,0.0065
20260312151634,1600,264,0.7618,0.0065
20260312151635,1600,264,0.7618,0.0065
20260312151636,1600,264,0.7618,0.0065
20260312151637,1600,264,0.7618,0.0065
20260312151638,1600,264,0.7618,0.0065
20260312151639,1600,264,0.7618,0.0065
20260312151640,1600,264,0.7618,0.0065
20260312151641,1600,264,0.7618,0.0065
20260312151643,1600,264,0.7618,0.0065
20260312151644,1600,264,0.7618,0.0065
20260312151645,1600,264,0.7618,0.0065
20260312151646,1600,264,0.7618,0.0065
20260312151647,1600,264,0.7618,0.0065
20260312151648,1600,264,0.7618,0.0065
20260312151649,1600,264,0.7618,0.0065
20260312151650,1600,264,0.7618,0.0065
20260312151651,1600,264,0.7618,0.0065
20260312151652,1600,264,0.7618,0.0065
20260312151653,1600,264,0.7618,0.0065
20260312151654,1600,264,0.7618,0.0065
20260312151655,1600,264,0.7618,0.0065
20260312151656,1600,264,0.7618,0.0065
20260312151657,1600,264,0.7618,0.0065
20260312151658,1600,264,0.7618,0.0065
20260312151659,1600,265,0.7618,0.0065
20260312151700,1600,265,0.7618,0.0065
20260312151701,1600,265,0.7618,0.0065
20260312151702,1600,265,0.7618,0.0065
20260312151703,1600,265,0.7618,0.0065
20260312151704,1600,265,0.7618,0.0065
20260312151705,1600,265,0.7618,0.0065
20260312151706,1600,265,0.7618,0.0065
20260312151707,1600,265,0.7618,0.0065
20260312151708,1600,265,0.7618,0.0065
20260312151709,1600,265,0.7618,0.0065
20260312151710,1600,265,0.7618,0.0065
20260312151711,1600,265,0.7618,0.0065
20260312151712,1600,265,0.7618,0.0065
20260312151713,1600,265,0.7618,0.0065
20260312151714,1600,265,0.7618,0.0065
20260312151715,1600,265,0.7618,0.0065
20260312151716,1600,265,0.7618,0.0065
20260312151717,1600,265,0.7618,0.0065
20260312151718,1600,265,0.7618,0.0065
20260312151719,1600,265,0.7618,0.0065
20260312151720,1600,265,0.7618,0.0065
20260312151721,1600,265,0.7618,0.0065
20260312151722,1600,265,0.7618,0.0065
20260312151723,1600,265,0.7618,0.0065
20260312151724,1600,265,0.7618,0.0065
20260312151725,1600,265,0.7618,0.0065
20260312151726,1600,265,0.7618,0.0065
20260312151727,1600,265,0.7618,0.0065
20260312151728,1600,265,0.7618,0.0065
20260312151729,1600,265,0.7618,0.0065
20260312151730,1600,265,0.7618,0.0065
20260312151731,1600,265,0.7618,0.0065
20260312151732,1600,265,0.7618,0.0065
20260312151733,1600,265,0.7618,0.0065
20260312151734,1600,265,0.7618,0.0065
20260312151735,1600,265,0.7618,0.0065
20260312151736,1600,265,0.7618,0.0065
20260312151737,1600,265,0.7618,0.0065
20260312151738,1600,265,0.7618,0.0065
20260312151739,1600,265,0.7618,0.0065
20260312151740,1600,265,0.7618,0.0065
20260312151741,1600,265,0.7618,0.0065
20260312151742,1600,265,0.7618,0.0065
20260312151743,1600,265,0.7618,0.0065
20260312151744,1600,265,0.7618,0.0065
20260312151745,1600,265,0.7618,0.0065
20260312151746,1600,266,0.7618,0.0065
20260312151747,1600,266,0.7618,0.0065
20260312151748,1600,266,0.7618,0.0065
20260312151749,1600,266,0.7618,0.0065
20260312151750,1600,266,0.7618,0.0065
20260312151751,1600,266,0.7618,0.0065
20260312151752,1600,266,0.7618,0.0065
20260312151753,1600,266,0.7618,0.0065
20260312151754,1600,266,0.7618,0.0065
20260312151755,1600,266,0.7618,0.0065
20260312151756,1600,266,0.7618,0.0065
20260312151757,1600,266,0.7618,0.0065
20260312151758,1600,266,0.7618,0.0065
20260312151759,1600,266,0.7618,0.0065
20260312151800,1600,266,0.7618,0.0065
20260312151802,1600,266,0.7618,0.0065
20260312151803,1600,266,0.7618,0.0065
20260312151804,1600,266,0.7618,0.0065
20260312151805,1600,266,0.7618,0.0065
20260312151806,1600,266,0.7618,0.0065
20260312151807,1600,266,0.7618,0.0065
20260312151808,1600,266,0.7618,0.0065
20260312151809,1600,266,0.7618,0.0065
20260312151810,1600,266,0.7618,0.0065
20260312151811,1600,266,0.7618,0.0065
20260312151812,1600,266,0.7618,0.0065
20260312151813,1600,266,0.7618,0.0065
20260312151814,1600,266,0.7618,0.0065
20260312151815,1600,266,0.7618,0.0065
20260312151816,1600,266,0.7618,0.0065
20260312151817,1600,266,0.7618,0.0065
20260312151818,1600,266,0.7618,0.0065
20260312151819,1600,266,0.7618,0.0065
20260312151820,1600,266,0.7618,0.0065
20260312151821,1600,266,0.7618,0.0065
20260312151822,1600,266,0.7618,0.0065
20260312151823,1600,266,0.7618,0.0065
20260312151824,1600,266,0.7618,0.0065
20260312151825,1600,266,0.7618,0.0065
20260312151826,1600,266,0.7618,0.0065
20260312151827,1600,266,0.7618,0.0065
20260312151828,1600,266,0.7618,0.0065
20260312151829,1600,266,0.7618,0.0065
20260312151830,1600,266,0.7618,0.0065
20260312151831,1600,266,0.7618,0.0065
20260312151832,1600,266,0.7618,0.0065
20260312151833,1600,267,0.7618,0.0065
20260312151834,1600,267,0.7618,0.0065
20260312151835,1600,267,0.7618,0.0065
20260312151836,1600,267,0.7618,0.0065
20260312151837,1600,267,0.7618,0.0065
20260312151838,1600,267,0.7618,0.0065
20260312151839,1600,267,0.7618,0.0065
20260312151840,1600,267,0.7618,0.0065
20260312151841,1600,267,0.7618,0.0065
20260312151842,1600,267,0.7618,0.0065
20260312151843,1600,267,0.7618,0.0065
20260312151844,1600,267,0.7618,0.0065
20260312151845,1600,267,0.7618,0.0065
20260312151846,1600,267,0.7618,0.0065
20260312151847,1600,267,0.7618,0.0065
20260312151848,1600,267,0.7618,0.0065
20260312151849,1600,267,0.7618,0.0065
20260312151850,1600,267,0.7618,0.0065
20260312151851,1600,267,0.7618,0.0065
20260312151852,1600,267,0.7618,0.0065
20260312151853,1600,267,0.7618,0.0065
20260312151854,1600,267,0.7618,0.0065
20260312151855,1600,267,0.7618,0.0065
20260312151856,1600,267,0.7618,0.0065
20260312151857,1600,267,0.7618,0.0065
20260312151858,1600,267,0.7618,0.0065
20260312151859,1600,267,0.7618,0.0065
20260312151900,1600,267,0.7618,0.0065
20260312151901,1600,267,0.7618,0.0065
20260312151902,1600,267,0.7618,0.0065
20260312151903,1600,267,0.7618,0.0065
20260312151904,1600,267,0.7618,0.0065
20260312151905,1600,267,0.7618,0.0065
20260312151906,1600,267,0.7618,0.0065
20260312151907,1600,267,0.7618,0.0065
20260312151908,1600,267,0.7618,0.0065
20260312151909,1600,267,0.7618,0.0065
20260312151910,1600,267,0.7618,0.0065
20260312151911,1600,267,0.7618,0.0065
20260312151912,1600,267,0.7618,0.0065
20260312151913,1600,267,0.7618,0.0065
20260312151914,1600,267,0.7618,0.0065
20260312151915,1600,267,0.7618,0.0065
20260312151916,1600,267,0.7618,0.0065
20260312151917,1600,267,0.7618,0.0065
20260312151918,1600,267,0.7618,0.0065
20260312151919,1600,268,0.7618,0.0065
20260312151920,1600,268,0.7618,0.0065
20260312151921,1600,268,0.7618,0.0065
20260312151922,1600,268,0.7618,0.0065
20260312151923,1600,268,0.7618,0.0065
20260312151925,1600,268,0.7618,0.0065
20260312151926,1600,268,0.7618,0.0065
20260312151927,1600,268,0.7618,0.0065
20260312151928,1600,268,0.7618,0.0065
20260312151929,1600,268,0.7618,0.0065
20260312151930,1600,268,0.7618,0.0065
20260312151931,1600,268,0.7618,0.0065
20260312151932,1600,268,0.7618,0.0065
20260312151933,1600,268,0.7618,0.0065
20260312151934,1600,268,0.7618,0.0065
20260312151935,1600,268,0.7618,0.0065
20260312151936,1600,268,0.7618,0.0065
20260312151937,1600,268,0.7618,0.0065
20260312151938,1600,268,0.7618,0.0065
20260312151939,1600,268,0.7618,0.0065
20260312151940,1600,268,0.7618,0.0065
20260312151941,1600,268,0.7618,0.0065
20260312151942,1600,268,0.7618,0.0065
20260312151943,1600,268,0.7618,0.0065
20260312151944,1600,268,0.7618,0.0065
20260312151945,1600,268,0.7618,0.0065
20260312151946,1600,268,0.7618,0.0065
20260312151947,1600,268,0.7618,0.0065
20260312151948,1600,268,0.7618,0.0065
20260312151949,1600,268,0.7618,0.0065
20260312151950,1600,268,0.7618,0.0065
20260312151951,1600,268,0.7618,0.0065
20260312151952,1600,268,0.7618,0.0065
20260312151953,1600,268,0.7618,0.0065
20260312151954,1600,268,0.7618,0.0065
20260312151955,1600,268,0.7618,0.0065
20260312151956,1600,268,0.7618,0.0065
20260312151957,1600,268,0.7618,0.0065
20260312151958,1600,268,0.7618,0.0065
20260312151959,1600,268,0.7618,0.0065
20260312152000,1600,268,0.7618,0.0065
20260312152001,1600,268,0.7618,0.0065
20260312152002,1600,268,0.7618,0.0065
20260312152003,1600,268,0.7618,0.0065
20260312152004,1600,268,0.7618,0.0065
20260312152005,1600,268,0.7618,0.0065
20260312152006,1600,269,0.7618,0.0065
20260312152007,1600,269,0.7618,0.0065
20260312152008,1600,269,0.7618,0.0065
20260312152009,1600,269,0.7618,0.0065
20260312152010,1600,269,0.7618,0.0065
20260312152011,1600,269,0.7618,0.0065
20260312152012,1600,269,0.7618,0.0065
20260312152013,1600,269,0.7618,0.0065
20260312152014,1600,269,0.7618,0.0065
20260312152015,1600,269,0.7618,0.0065
20260312152016,1600,269,0.7618,0.0065
20260312152017,1600,269,0.7618,0.0065
20260312152018,1600,269,0.7618,0.0065
20260312152019,1600,269,0.7618,0.0065
20260312152020,1600,269,0.7618,0.0065
20260312152021,1600,269,0.7618,0.0065
20260312152022,1600,269,0.7618,0.0065
20260312152023,1600,269,0.7618,0.0065
20260312152024,1600,269,0.7618,0.0065
20260312152025,1600,269,0.7618,0.0065
20260312152026,1600,269,0.7618,0.0065
20260312152027,1600,269,0.7618,0.0065
20260312152028,1600,269,0.7618,0.0065
20260312152029,1600,269,0.7618,0.0065
20260312152030,1600,269,0.7618,0.0065
20260312152031,1600,269,0.7618,0.0065
20260312152032,1600,269,0.7618,0.0065
20260312152033,1600,269,0.7618,0.0065
20260312152034,1600,269,0.7618,0.0065
20260312152035,1600,269,0.7618,0.0065
20260312152036,1600,269,0.7618,0.0065
20260312152037,1600,269,0.7618,0.0065
20260312152038,1600,269,0.7618,0.0065
20260312152039,1600,269,0.7618,0.0065
20260312152040,1600,269,0.7618,0.0065
20260312152041,1600,269,0.7618,0.0065
20260312152042,1600,269,0.7618,0.0065
20260312152043,1600,269,0.7618,0.0065
20260312152044,1600,269,0.7618,0.0065
20260312152045,1600,269,0.7618,0.0065
20260312152046,1600,269,0.7618,0.0065
20260312152047,1600,269,0.7618,0.0065
20260312152048,1600,269,0.7618,0.0065
20260312152049,1600,269,0.7618,0.0065
20260312152050,1600,269,0.7617,0.0065
20260312152051,1600,269,0.7617,0.0065
20260312152053,1600,270,0.7617,0.0065
20260312152054,1600,270,0.7617,0.0065
20260312152055,1600,270,0.7617,0.0065
20260312152056,1600,270,0.7617,0.0065
20260312152057,1600,270,0.7617,0.0065
20260312152058,1600,270,0.7617,0.0065
20260312152059,1600,270,0.7617,0.0065
20260312152100,1600,270,0.7617,0.0065
20260312152101,1600,270,0.7617,0.0065
20260312152102,1600,270,0.7617,0.0065
20260312152103,1600,270,0.7617,0.0065
20260312152104,1600,270,0.7617,0.0065
20260312152105,1600,270,0.7617,0.0065
20260312152106,1600,270,0.7617,0.0065
20260312152107,1600,270,0.7617,0.0065
20260312152108,1600,270,0.7617,0.0065
20260312152109,1600,270,0.7617,0.0065
20260312152110,1600,270,0.7617,0.0065
20260312152111,1600,270,0.7617,0.0065
20260312152112,1600,270,0.7617,0.0065
20260312152113,1600,270,0.7617,0.0065
20260312152114,1600,270,0.7617,0.0065
20260312152115,1600,270,0.7617,0.0065
20260312152116,1600,270,0.7617,0.0065
20260312152117,1600,270,0.7617,0.0065
20260312152118,1600,270,0.7617,0.0065
20260312152119,1600,270,0.7617,0.0065
20260312152120,1600,270,0.7617,0.0065
20260312152121,1600,270,0.7617,0.0065
20260312152122,1600,270,0.7617,0.0065
20260312152123,1600,270,0.7617,0.0065
20260312152124,1600,270,0.7617,0.0065
20260312152125,1600,270,0.7617,0.0065
20260312152126,1600,270,0.7617,0.0065
20260312152127,1600,270,0.7617,0.0065
20260312152128,1600,270,0.7617,0.0065
20260312152129,1600,270,0.7617,0.0065
20260312152130,1600,270,0.7617,0.0065
20260312152131,1600,270,0.7617,0.0065
20260312152132,1600,270,0.7617,0.0065
20260312152133,1600,270,0.7617,0.0065
20260312152134,1600,270,0.7617,0.0065
20260312152135,1600,270,0.7617,0.0065
20260312152136,1600,270,0.7617,0.0065
20260312152137,1600,270,0.7617,0.0065
20260312152138,1600,271,0.7617,0.0065
20260312152139,1600,271,0.7617,0.0065
20260312152140,1600,271,0.7617,0.0065
20260312152141,1600,271,0.7617,0.0065
20260312152142,1600,271,0.7617,0.0065
20260312152143,1600,271,0.7617,0.0065
20260312152144,1600,271,0.7617,0.0065
20260312152145,1600,271,0.7617,0.0065
20260312152146,1600,271,0.7617,0.0065
20260312152147,1600,271,0.7617,0.0065
20260312152148,1600,271,0.7617,0.0065
20260312152149,1600,271,0.7617,0.0065
20260312152150,1600,271,0.7617,0.0065
20260312152151,1600,271,0.7617,0.0065
20260312152152,1600,271,0.7617,0.0065
20260312152153,1600,271,0.7617,0.0065
20260312152154,1600,271,0.7617,0.0065
20260312152155,1600,271,0.7617,0.0065
20260312152156,1600,271,0.7617,0.0065
20260312152157,1600,271,0.7617,0.0065
20260312152158,1600,271,0.7617,0.0065
20260312152159,1600,271,0.7617,0.0065
20260312152200,1600,271,0.7617,0.0065
20260312152201,1600,271,0.7617,0.0065
20260312152202,1600,271,0.7617,0.0065
20260312152203,1600,271,0.7617,0.0065
20260312152204,1600,271,0.7617,0.0065
20260312152205,1600,271,0.7617,0.0065
20260312152206,1600,271,0.7617,0.0065
20260312152207,1600,271,0.7617,0.0065
20260312152208,1600,271,0.7617,0.0065
20260312152209,1600,271,0.7617,0.0065
20260312152211,1600,271,0.7617,0.0065
20260312152212,1600,271,0.7617,0.0065
20260312152213,1600,271,0.7617,0.0065
20260312152214,1600,271,0.7617,0.0065
20260312152215,1600,271,0.7617,0.0065
20260312152216,1600,271,0.7617,0.0065
20260312152217,1600,271,0.7617,0.0065
20260312152218,1600,271,0.7617,0.0065
20260312152219,1600,271,0.7617,0.0065
20260312152220,1600,271,0.7617,0.0065
20260312152221,1600,271,0.7617,0.0065
20260312152222,1600,271,0.7617,0.0065
20260312152223,1600,271,0.7617,0.0065
20260312152224,1600,271,0.7617,0.0065
20260312152225,1600,271,0.7617,0.0065
20260312152226,1600,271,0.7617,0.0065
20260312152227,1600,272,0.7617,0.0065
20260312152228,1600,272,0.7617,0.0065
20260312152229,1600,272,0.7617,0.0065
20260312152230,1600,272,0.7617,0.0065
20260312152231,1600,272,0.7617,0.0065
20260312152232,1600,272,0.7617,0.0065
20260312152233,1600,272,0.7617,0.0065
20260312152234,1600,272,0.7617,0.0065
20260312152235,1600,272,0.7617,0.0065
20260312152236,1600,272,0.7617,0.0065
20260312152237,1600,272,0.7617,0.0065
20260312152238,1600,272,0.7617,0.0065
20260312152239,1600,272,0.7617,0.0065
20260312152240,1600,272,0.7617,0.0065
20260312152241,1600,272,0.7617,0.0065
20260312152242,1600,272,0.7617,0.0065
20260312152243,1600,272,0.7617,0.0065
20260312152244,1600,272,0.7617,0.0065
20260312152245,1600,272,0.7617,0.0065
20260312152246,1600,272,0.7617,0.0065
20260312152247,1600,272,0.7617,0.0065
20260312152248,1600,272,0.7617,0.0065
20260312152249,1600,272,0.7617,0.0065
20260312152250,1600,272,0.7617,0.0065
20260312152251,1600,272,0.7617,0.0065
20260312152252,1600,272,0.7617,0.0065
20260312152253,1600,272,0.7617,0.0065
20260312152254,1600,272,0.7617,0.0065
20260312152255,1600,272,0.7617,0.0065
20260312152256,1600,272,0.7617,0.0065
20260312152257,1600,272,0.7617,0.0065
20260312152258,1600,272,0.7617,0.0065
20260312152259,1600,272,0.7617,0.0065
20260312152300,1600,272,0.7617,0.0065
20260312152301,1600,272,0.7617,0.0065
20260312152302,1600,272,0.7617,0.0065
20260312152303,1600,272,0.7617,0.0065
20260312152304,1600,272,0.7617,0.0065
20260312152305,1600,272,0.7617,0.0065
20260312152306,1600,272,0.7617,0.0065
20260312152307,1600,272,0.7617,0.0065
20260312152308,1600,272,0.7617,0.0065
20260312152309,1600,272,0.7617,0.0065
20260312152310,1600,272,0.7617,0.0065
20260312152311,1600,272,0.7617,0.0065
20260312152312,1600,272,0.7617,0.0065
20260312152313,1600,272,0.7617,0.0065
20260312152314,1600,273,0.7617,0.0065
20260312152315,1600,273,0.7617,0.0065
20260312152316,1600,273,0.7617,0.0065
20260312152317,1600,273,0.7617,0.0065
20260312152318,1600,273,0.7617,0.0065
20260312152319,1600,273,0.7617,0.0065
20260312152320,1600,273,0.7617,0.0065
20260312152321,1600,273,0.7617,0.0065
20260312152322,1600,273,0.7617,0.0065
20260312152323,1600,273,0.7617,0.0065
20260312152324,1600,273,0.7617,0.0065
20260312152325,1600,273,0.7617,0.0065
20260312152326,1600,273,0.7617,0.0065
20260312152327,1600,273,0.7617,0.0065
20260312152328,1600,273,0.7617,0.0065
20260312152329,1600,273,0.7617,0.0065
20260312152331,1600,273,0.7617,0.0065
20260312152332,1600,273,0.7617,0.0065
20260312152333,1600,273,0.7617,0.0065
20260312152334,1600,273,0.7617,0.0065
20260312152335,1600,273,0.7617,0.0065
20260312152336,1600,273,0.7617,0.0065
20260312152337,1600,273,0.7617,0.0065
20260312152338,1600,273,0.7617,0.0065
20260312152339,1600,273,0.7617,0.0065
20260312152340,1600,273,0.7617,0.0065
20260312152341,1600,273,0.7617,0.0065
20260312152342,1600,273,0.7617,0.0065
20260312152343,1600,273,0.7617,0.0065
20260312152344,1600,273,0.7617,0.0065
20260312152345,1600,273,0.7617,0.0065
20260312152346,1600,273,0.7617,0.0065
20260312152347,1600,273,0.7617,0.0065
20260312152348,1600,273,0.7617,0.0065
20260312152349,1600,273,0.7617,0.0065
20260312152350,1600,273,0.7617,0.0065
20260312152351,1600,273,0.7617,0.0065
20260312152352,1600,273,0.7617,0.0065
20260312152353,1600,273,0.7617,0.0065
20260312152354,1600,273,0.7617,0.0065
20260312152355,1600,273,0.7617,0.0065
20260312152356,1600,273,0.7617,0.0065
20260312152357,1600,273,0.7617,0.0065
20260312152358,1600,273,0.7617,0.0065
20260312152359,1600,274,0.7617,0.0065
20260312152400,1600,274,0.7617,0.0065
20260312152401,1600,274,0.7617,0.0065
20260312152402,1600,274,0.7617,0.0065
20260312152403,1600,274,0.7617,0.0065
20260312152404,1600,274,0.7617,0.0065
20260312152405,1600,274,0.7617,0.0065
20260312152406,1600,274,0.7617,0.0065
20260312152407,1600,274,0.7617,0.0065
20260312152408,1600,274,0.7617,0.0065
20260312152409,1600,274,0.7617,0.0065
20260312152410,1600,274,0.7617,0.0065
20260312152411,1600,274,0.7617,0.0065
20260312152412,1600,274,0.7617,0.0065
20260312152413,1600,274,0.7617,0.0065
20260312152414,1600,274,0.7617,0.0065
20260312152415,1600,274,0.7617,0.0065
20260312152416,1600,274,0.7617,0.0065
20260312152417,1600,274,0.7617,0.0065
20260312152418,1600,274,0.7617,0.0065
20260312152419,1600,274,0.7617,0.0065
20260312152420,1600,274,0.7617,0.0065
20260312152421,1600,274,0.7617,0.0065
20260312152422,1600,274,0.7617,0.0065
20260312152423,1600,274,0.7617,0.0065
20260312152424,1600,274,0.7617,0.0065
20260312152425,1600,274,0.7617,0.0065
20260312152426,1600,274,0.7617,0.0065
20260312152427,1600,274,0.7617,0.0065
20260312152428,1600,274,0.7617,0.0065
20260312152429,1600,274,0.7617,0.0065
20260312152430,1600,274,0.7617,0.0065
20260312152431,1600,274,0.7617,0.0065
20260312152432,1600,274,0.7617,0.0065
20260312152433,1600,274,0.7617,0.0065
20260312152434,1600,274,0.7617,0.0065
20260312152435,1600,274,0.7617,0.0065
20260312152436,1600,274,0.7617,0.0065
20260312152437,1600,274,0.7617,0.0065
20260312152438,1600,274,0.7617,0.0065
20260312152439,1600,274,0.7617,0.0065
20260312152440,1600,274,0.7617,0.0065
20260312152441,1600,274,0.7617,0.0065
20260312152442,1600,274,0.7617,0.0065
20260312152443,1600,274,0.7617,0.0065
20260312152444,1600,274,0.7617,0.0065
20260312152445,1600,274,0.7617,0.0065
20260312152446,1600,274,0.7617,0.0065
20260312152448,1600,275,0.7617,0.0065
20260312152449,1600,275,0.7617,0.0065
20260312152450,1600,275,0.7617,0.0065
20260312152451,1600,275,0.7617,0.0065
20260312152452,1600,275,0.7617,0.0065
20260312152453,1600,275,0.7617,0.0065
20260312152454,1600,275,0.7617,0.0065
20260312152455,1600,275,0.7617,0.0065
20260312152456,1600,275,0.7617,0.0065
20260312152457,1600,275,0.7616,0.0065
20260312152458,1600,275,0.7616,0.0065
20260312152459,1600,275,0.7616,0.0065
20260312152500,1600,275,0.7616,0.0065
20260312152501,1600,275,0.7616,0.0065
20260312152502,1600,275,0.7616,0.0065
20260312152503,1600,275,0.7616,0.0065
20260312152504,1600,275,0.7616,0.0065
20260312152505,1600,275,0.7616,0.0065
20260312152506,1600,275,0.7616,0.0065
20260312152507,1600,275,0.7616,0.0065
20260312152508,1600,275,0.7617,0.0065
20260312152509,1600,275,0.7617,0.0065
20260312152510,1600,275,0.7617,0.0065
20260312152511,1600,275,0.7616,0.0065
20260312152512,1600,275,0.7617,0.0065
20260312152513,1600,275,0.7617,0.0065
20260312152514,1600,275,0.7617,0.0065
20260312152515,1600,275,0.7617,0.0065
20260312152516,1600,275,0.7617,0.0065
20260312152517,1600,275,0.7617,0.0065
20260312152518,1600,275,0.7616,0.0065
20260312152519,1600,275,0.7616,0.0065
20260312152520,1600,275,0.7616,0.0065
20260312152521,1600,275,0.7616,0.0065
20260312152522,1600,275,0.7616,0.0065
20260312152523,1600,275,0.7616,0.0065
20260312152524,1600,275,0.7616,0.0065
20260312152525,1600,275,0.7616,0.0065
20260312152526,1600,275,0.7616,0.0065
20260312152527,1600,275,0.7616,0.0065
20260312152528,1600,275,0.7616,0.0065
20260312152529,1600,275,0.7616,0.0065
20260312152530,1600,275,0.7616,0.0065
20260312152531,1600,275,0.7616,0.0065
20260312152532,1600,275,0.7616,0.0065
20260312152533,1600,275,0.7616,0.0065
20260312152534,1600,276,0.7616,0.0065
20260312152535,1600,276,0.7616,0.0065
20260312152536,1600,276,0.7616,0.0065
20260312152537,1600,276,0.7616,0.0065
20260312152538,1600,276,0.7616,0.0065
20260312152539,1600,276,0.7616,0.0065
20260312152540,1600,276,0.7616,0.0065
20260312152541,1600,276,0.7616,0.0065
20260312152542,1600,276,0.7616,0.0065
20260312152543,1600,276,0.7616,0.0065
20260312152544,1600,276,0.7616,0.0065
20260312152545,1600,276,0.7616,0.0065
20260312152546,1600,276,0.7616,0.0065
20260312152547,1600,276,0.7616,0.0065
20260312152548,1600,276,0.7616,0.0065
20260312152549,1600,276,0.7616,0.0065
20260312152550,1600,276,0.7616,0.0065
20260312152551,1600,276,0.7616,0.0065
20260312152552,1600,276,0.7616,0.0065
20260312152553,1600,276,0.7616,0.0065
20260312152554,1600,276,0.7616,0.0065
20260312152555,1600,276,0.7616,0.0065
20260312152556,1600,276,0.7616,0.0065
20260312152557,1600,276,0.7616,0.0065
20260312152558,1600,276,0.7616,0.0065
20260312152559,1600,276,0.7616,0.0065
20260312152600,1600,276,0.7616,0.0065
20260312152601,1600,276,0.7616,0.0065
20260312152602,1600,276,0.7616,0.0065
20260312152603,1600,276,0.7616,0.0065
20260312152605,1600,276,0.7616,0.0065
20260312152606,1600,276,0.7616,0.0065
20260312152607,1600,276,0.7616,0.0065
20260312152608,1600,276,0.7616,0.0065
20260312152609,1600,276,0.7616,0.0065
20260312152610,1600,276,0.7616,0.0065
20260312152611,1600,276,0.7616,0.0065
20260312152612,1600,276,0.7616,0.0065
20260312152613,1600,276,0.7616,0.0065
20260312152614,1600,276,0.7616,0.0065
20260312152615,1600,276,0.7616,0.0065
20260312152616,1600,276,0.7616,0.0065
20260312152617,1600,276,0.7616,0.0065
20260312152618,1600,276,0.7616,0.0065
20260312152619,1600,276,0.7616,0.0065
20260312152620,1600,276,0.7616,0.0065
20260312152621,1600,276,0.7616,0.0065
20260312152622,1600,277,0.7616,0.0065
20260312152623,1600,277,0.7616,0.0065
20260312152624,1600,277,0.7616,0.0065
20260312152625,1600,277,0.7616,0.0065
20260312152626,1600,277,0.7616,0.0065
20260312152627,1600,277,0.7616,0.0065
20260312152628,1600,277,0.7616,0.0065
20260312152629,1600,277,0.7616,0.0065
20260312152630,1600,277,0.7616,0.0065
20260312152631,1600,277,0.7616,0.0065
20260312152632,1600,277,0.7616,0.0065
20260312152633,1600,277,0.7616,0.0065
20260312152634,1600,277,0.7616,0.0065
20260312152635,1600,277,0.7616,0.0065
20260312152636,1600,277,0.7616,0.0065
20260312152637,1600,277,0.7616,0.0065
20260312152638,1600,277,0.7616,0.0065
20260312152639,1600,277,0.7616,0.0065
20260312152640,1600,277,0.7616,0.0065
20260312152641,1600,277,0.7616,0.0065
20260312152642,1600,277,0.7616,0.0065
20260312152643,1600,277,0.7616,0.0065
20260312152644,1600,277,0.7616,0.0065
20260312152645,1600,277,0.7616,0.0065
20260312152646,1600,277,0.7616,0.0065
20260312152647,1600,277,0.7616,0.0065
20260312152648,1600,277,0.7616,0.0065
20260312152649,1600,277,0.7616,0.0065
20260312152650,1600,277,0.7616,0.0065
20260312152651,1600,277,0.7616,0.0065
20260312152652,1600,277,0.7616,0.0065
20260312152653,1600,277,0.7616,0.0065
20260312152654,1600,277,0.7616,0.0065
20260312152655,1600,277,0.7616,0.0065
20260312152656,1600,277,0.7616,0.0065
20260312152657,1600,277,0.7616,0.0065
20260312152658,1600,277,0.7616,0.0065
20260312152659,1600,277,0.7616,0.0065
20260312152700,1600,277,0.7616,0.0065
20260312152701,1600,277,0.7616,0.0065
20260312152702,1600,277,0.7616,0.0065
20260312152703,1600,277,0.7616,0.0065
20260312152704,1600,277,0.7616,0.0065
20260312152705,1600,277,0.7616,0.0065
20260312152706,1600,277,0.7616,0.0065
20260312152707,1600,277,0.7616,0.0065
20260312152708,1600,277,0.7616,0.0065
20260312152709,1600,278,0.7616,0.0065
20260312152710,1600,278,0.7616,0.0065
20260312152711,1600,278,0.7616,0.0065
20260312152712,1600,278,0.7616,0.0065
20260312152713,1600,278,0.7616,0.0065
20260312152714,1600,278,0.7616,0.0065
20260312152715,1600,278,0.7616,0.0065
20260312152716,1600,278,0.7616,0.0065
20260312152717,1600,278,0.7616,0.0065
20260312152719,1600,278,0.7616,0.0065
20260312152720,1600,278,0.7616,0.0065
20260312152721,1600,278,0.7616,0.0065
20260312152722,1600,278,0.7616,0.0065
20260312152723,1600,278,0.7616,0.0065
20260312152724,1600,278,0.7616,0.0065
20260312152725,1600,278,0.7616,0.0065
20260312152726,1600,278,0.7616,0.0065
20260312152727,1600,278,0.7616,0.0065
20260312152728,1600,278,0.7616,0.0065
20260312152729,1600,278,0.7616,0.0065
20260312152730,1600,278,0.7616,0.0065
20260312152731,1600,278,0.7616,0.0065
20260312152732,1600,278,0.7616,0.0065
20260312152733,1600,278,0.7616,0.0065
20260312152734,1600,278,0.7616,0.0065
20260312152735,1600,278,0.7616,0.0065
20260312152736,1600,278,0.7616,0.0065
20260312152737,1600,278,0.7616,0.0065
20260312152738,1600,278,0.7616,0.0065
20260312152739,1600,278,0.7616,0.0065
20260312152740,1600,278,0.7616,0.0065
20260312152741,1600,278,0.7616,0.0065
20260312152742,1600,278,0.7616,0.0065
20260312152743,1600,278,0.7616,0.0065
20260312152744,1600,278,0.7616,0.0065
20260312152745,1600,278,0.7616,0.0065
20260312152746,1600,278,0.7616,0.0065
20260312152747,1600,278,0.7616,0.0065
20260312152748,1600,278,0.7616,0.0065
20260312152749,1600,278,0.7616,0.0065
20260312152750,1600,278,0.7616,0.0065
20260312152751,1600,278,0.7616,0.0065
20260312152752,1600,278,0.7616,0.0065
20260312152753,1600,278,0.7616,0.0065
20260312152754,1600,278,0.7616,0.0065
20260312152755,1600,279,0.7616,0.0065
20260312152756,1600,279,0.7616,0.0065
20260312152757,1600,279,0.7616,0.0065
20260312152758,1600,279,0.7616,0.0065
20260312152759,1600,279,0.7616,0.0065
20260312152800,1600,279,0.7616,0.0065
20260312152801,1600,279,0.7616,0.0065
20260312152802,1600,279,0.7616,0.0065
20260312152803,1600,279,0.7616,0.0065
20260312152804,1600,279,0.7616,0.0065
20260312152805,1600,279,0.7616,0.0065
20260312152806,1600,279,0.7616,0.0065
20260312152807,1600,279,0.7616,0.0065
20260312152808,1600,279,0.7616,0.0065
20260312152809,1600,279,0.7616,0.0065
20260312152810,1600,279,0.7616,0.0065
20260312152811,1600,279,0.7616,0.0065
20260312152812,1600,279,0.7616,0.0065
20260312152813,1600,279,0.7616,0.0065
20260312152814,1600,279,0.7616,0.0065
20260312152815,1600,279,0.7616,0.0065
20260312152816,1600,279,0.7616,0.0065
20260312152817,1600,279,0.7616,0.0065
20260312152818,1600,279,0.7616,0.0065
20260312152819,1600,279,0.7616,0.0065
20260312152820,1600,279,0.7616,0.0065
20260312152821,1600,279,0.7616,0.0065
20260312152822,1600,279,0.7616,0.0065
20260312152823,1600,279,0.7616,0.0065
20260312152824,1600,279,0.7616,0.0065
20260312152825,1600,279,0.7616,0.0065
20260312152826,1600,279,0.7616,0.0065
20260312152827,1600,279,0.7616,0.0065
20260312152828,1600,279,0.7616,0.0065
20260312152829,1600,279,0.7616,0.0065
20260312152830,1600,279,0.7616,0.0065
20260312152831,1600,279,0.7616,0.0065
20260312152832,1600,279,0.7616,0.0065
20260312152833,1600,279,0.7616,0.0065
20260312152834,1600,279,0.7616,0.0065
20260312152835,1600,279,0.7616,0.0065
20260312152836,1600,279,0.7616,0.0065
20260312152838,1600,279,0.7616,0.0065
20260312152839,1600,279,0.7616,0.0065
20260312152840,1600,279,0.7616,0.0065
20260312152841,1600,279,0.7616,0.0065
20260312152842,1600,280,0.7616,0.0065
20260312152843,1600,280,0.7616,0.0065
20260312152844,1600,280,0.7616,0.0065
20260312152845,1600,280,0.7616,0.0065
20260312152846,1600,280,0.7616,0.0065
20260312152847,1600,280,0.7616,0.0065
20260312152848,1600,280,0.7616,0.0065
20260312152849,1600,280,0.7616,0.0065
20260312152850,1600,280,0.7616,0.0065
20260312152851,1600,280,0.7616,0.0065
20260312152852,1600,280,0.7616,0.0065
20260312152853,1600,280,0.7616,0.0065
20260312152854,1600,280,0.7616,0.0065
20260312152855,1600,280,0.7616,0.0065
20260312152856,1600,280,0.7616,0.0065
20260312152857,1600,280,0.7616,0.0065
20260312152858,1600,280,0.7616,0.0065
20260312152859,1600,280,0.7616,0.0065
20260312152900,1600,280,0.7616,0.0065
20260312152901,1600,280,0.7616,0.0065
20260312152902,1600,280,0.7616,0.0065
20260312152903,1600,280,0.7616,0.0065
20260312152904,1600,280,0.7616,0.0065
20260312152905,1600,280,0.7616,0.0065
20260312152906,1600,280,0.7616,0.0065
20260312152907,1600,280,0.7616,0.0065
20260312152908,1600,280,0.7616,0.0065
20260312152909,1600,280,0.7616,0.0065
20260312152910,1600,280,0.7616,0.0065
20260312152911,1600,280,0.7616,0.0065
20260312152912,1600,280,0.7616,0.0065
20260312152913,1600,280,0.7616,0.0065
20260312152914,1600,280,0.7616,0.0065
20260312152915,1600,280,0.7616,0.0065
20260312152916,1600,280,0.7616,0.0065
20260312152917,1600,280,0.7616,0.0065
20260312152918,1600,280,0.7616,0.0065
20260312152919,1600,280,0.7616,0.0065
20260312152920,1600,280,0.7616,0.0065
20260312152921,1600,280,0.7616,0.0065
20260312152922,1600,280,0.7616,0.0065
20260312152923,1600,280,0.7616,0.0065
20260312152924,1600,280,0.7616,0.0065
20260312152925,1600,280,0.7616,0.0065
20260312152926,1600,280,0.7616,0.0065
20260312152927,1600,280,0.7616,0.0065
20260312152928,1600,280,0.7616,0.0065
20260312152929,1600,281,0.7616,0.0065
20260312152930,1600,281,0.7616,0.0065
20260312152931,1600,281,0.7616,0.0065
20260312152932,1600,281,0.7616,0.0065
20260312152933,1600,281,0.7616,0.0065
20260312152934,1600,281,0.7616,0.0065
20260312152935,1600,281,0.7615,0.0065
20260312152936,1600,281,0.7615,0.0065
20260312152937,1600,281,0.7615,0.0065
20260312152938,1600,281,0.7615,0.0065
20260312152939,1600,281,0.7615,0.0065
20260312152940,1600,281,0.7615,0.0065
20260312152941,1600,281,0.7615,0.0065
20260312152942,1600,281,0.7615,0.0065
20260312152943,1600,281,0.7615,0.0065
20260312152944,1600,281,0.7615,0.0065
20260312152945,1600,281,0.7615,0.0065
20260312152946,1600,281,0.7615,0.0065
20260312152947,1600,281,0.7615,0.0065
20260312152948,1600,281,0.7615,0.0065
20260312152949,1600,281,0.7615,0.0065
20260312152950,1600,281,0.7615,0.0065
20260312152951,1600,281,0.7615,0.0065
20260312152952,1600,281,0.7615,0.0065
20260312152953,1600,281,0.7615,0.0065
20260312152954,1600,281,0.7615,0.0065
20260312152955,1600,281,0.7615,0.0065
20260312152956,1600,281,0.7615,0.0065
20260312152958,1600,281,0.7615,0.0065
20260312152959,1600,281,0.7615,0.0065
20260312153000,1600,281,0.7615,0.0065
20260312153001,1600,281,0.7615,0.0065
20260312153002,1600,281,0.7615,0.0065
20260312153003,1600,281,0.7615,0.0065
20260312153004,1600,281,0.7615,0.0065
20260312153005,1600,281,0.7615,0.0065
20260312153006,1600,281,0.7615,0.0065
20260312153007,1600,281,0.7615,0.0065
20260312153008,1600,281,0.7615,0.0065
20260312153009,1600,281,0.7615,0.0065
20260312153010,1600,281,0.7615,0.0065
20260312153011,1600,281,0.7615,0.0065
20260312153012,1600,281,0.7615,0.0065
20260312153013,1600,281,0.7615,0.0065
20260312153014,1600,281,0.7615,0.0065
20260312153015,1600,282,0.7615,0.0065
20260312153016,1600,282,0.7615,0.0065
20260312153017,1600,282,0.7615,0.0065
20260312153018,1600,282,0.7615,0.0065
20260312153019,1600,282,0.7615,0.0065
20260312153020,1600,282,0.7615,0.0065
20260312153021,1600,282,0.7615,0.0065
20260312153022,1600,282,0.7615,0.0065
20260312153023,1600,282,0.7615,0.0065
20260312153024,1600,282,0.7615,0.0065
20260312153025,1600,282,0.7615,0.0065
20260312153026,1600,282,0.7615,0.0065
20260312153027,1600,282,0.7615,0.0065
20260312153028,1600,282,0.7615,0.0065
20260312153029,1600,282,0.7615,0.0065
20260312153030,1600,282,0.7615,0.0065
20260312153031,1600,282,0.7615,0.0065
20260312153032,1600,282,0.7615,0.0065
20260312153033,1600,282,0.7615,0.0065
20260312153034,1600,282,0.7615,0.0065
20260312153035,1600,282,0.7615,0.0065
20260312153036,1600,282,0.7615,0.0065
20260312153037,1600,282,0.7615,0.0065
20260312153038,1600,282,0.7615,0.0065
20260312153039,1600,282,0.7615,0.0065
20260312153040,1600,282,0.7615,0.0065
20260312153041,1600,282,0.7615,0.0065
20260312153042,1600,282,0.7615,0.0065
20260312153043,1600,282,0.7615,0.0065
20260312153044,1600,282,0.7615,0.0065
20260312153045,1600,282,0.7615,0.0065
20260312153046,1600,282,0.7615,0.0065
20260312153047,1600,282,0.7615,0.0065
20260312153048,1600,282,0.7615,0.0065
20260312153049,1600,282,0.7615,0.0065
20260312153050,1600,282,0.7615,0.0065
20260312153051,1600,282,0.7615,0.0065
20260312153052,1600,282,0.7615,0.0065
20260312153053,1600,282,0.7615,0.0065
20260312153054,1600,282,0.7615,0.0065
20260312153055,1600,282,0.7615,0.0065
20260312153056,1600,282,0.7615,0.0065
20260312153057,1600,282,0.7615,0.0065
20260312153058,1600,282,0.7615,0.0065
20260312153059,1600,282,0.7615,0.0065
20260312153100,1600,282,0.7615,0.0065
20260312153101,1600,282,0.7615,0.0065
20260312153102,1600,283,0.7615,0.0065
20260312153103,1600,283,0.7615,0.0065
20260312153104,1600,283,0.7615,0.0065
20260312153105,1600,283,0.7615,0.0065
20260312153106,1600,283,0.7615,0.0065
20260312153107,1600,283,0.7615,0.0065
20260312153108,1600,283,0.7615,0.0065
20260312153109,1600,283,0.7615,0.0065
20260312153110,1600,283,0.7615,0.0065
20260312153111,1600,283,0.7615,0.0065
20260312153112,1600,283,0.7615,0.0065
20260312153114,1600,283,0.7615,0.0065
20260312153115,1600,283,0.7615,0.0065
20260312153116,1600,283,0.7615,0.0065
20260312153117,1600,283,0.7615,0.0065
20260312153118,1600,283,0.7615,0.0065
20260312153119,1600,283,0.7615,0.0065
20260312153120,1600,283,0.7615,0.0065
20260312153121,1600,283,0.7615,0.0065
20260312153122,1600,283,0.7615,0.0065
20260312153123,1600,283,0.7615,0.0065
20260312153124,1600,283,0.7615,0.0065
20260312153125,1600,283,0.7615,0.0065
20260312153126,1600,283,0.7615,0.0065
20260312153127,1600,283,0.7615,0.0065
20260312153128,1600,283,0.7615,0.0065
20260312153129,1600,283,0.7615,0.0065
20260312153130,1600,283,0.7615,0.0065
20260312153131,1600,283,0.7615,0.0065
20260312153132,1600,283,0.7615,0.0065
20260312153133,1600,283,0.7615,0.0065
20260312153134,1600,283,0.7615,0.0065
20260312153135,1600,283,0.7615,0.0065
20260312153136,1600,283,0.7615,0.0065
20260312153137,1600,283,0.7615,0.0065
20260312153138,1600,283,0.7615,0.0065
20260312153139,1600,283,0.7615,0.0065
20260312153140,1600,283,0.7615,0.0065
20260312153141,1600,283,0.7615,0.0065
20260312153142,1600,283,0.7615,0.0065
20260312153143,1600,283,0.7615,0.0065
20260312153144,1600,283,0.7615,0.0065
20260312153145,1600,283,0.7615,0.0065
20260312153146,1600,283,0.7615,0.0065
20260312153147,1600,283,0.7615,0.0065
20260312153148,1600,283,0.7615,0.0065
20260312153149,1600,284,0.7615,0.0065
20260312153150,1600,284,0.7615,0.0065
20260312153151,1600,284,0.7615,0.0065
20260312153152,1600,284,0.7615,0.0065
20260312153153,1600,284,0.7615,0.0065
20260312153154,1600,284,0.7615,0.0065
20260312153155,1600,284,0.7615,0.0065
20260312153156,1600,284,0.7615,0.0065
20260312153157,1600,284,0.7615,0.0065
20260312153158,1600,284,0.7615,0.0065
20260312153159,1600,284,0.7615,0.0065
20260312153200,1600,284,0.7615,0.0065
20260312153201,1600,284,0.7615,0.0065
20260312153202,1600,284,0.7615,0.0065
20260312153203,1600,284,0.7615,0.0065
20260312153204,1600,284,0.7615,0.0065
20260312153205,1600,284,0.7615,0.0065
20260312153206,1600,284,0.7615,0.0065
20260312153207,1600,284,0.7615,0.0065
20260312153208,1600,284,0.7615,0.0065
20260312153209,1600,284,0.7615,0.0065
20260312153210,1600,284,0.7615,0.0065
20260312153211,1600,284,0.7615,0.0065
20260312153212,1600,284,0.7615,0.0065
20260312153213,1600,284,0.7615,0.0065
20260312153214,1600,284,0.7615,0.0065
20260312153215,1600,284,0.7615,0.0065
20260312153216,1600,284,0.7615,0.0065
20260312153217,1600,284,0.7615,0.0065
20260312153218,1600,284,0.7615,0.0065
20260312153219,1600,284,0.7615,0.0065
20260312153220,1600,284,0.7615,0.0065
20260312153221,1600,284,0.7615,0.0065
20260312153222,1600,284,0.7615,0.0065
20260312153223,1600,284,0.7615,0.0065
20260312153225,1600,284,0.7615,0.0065
20260312153226,1600,284,0.7615,0.0065
20260312153227,1600,284,0.7615,0.0065
20260312153228,1600,284,0.7615,0.0065
20260312153229,1600,284,0.7615,0.0065
20260312153230,1600,284,0.7615,0.0065
20260312153231,1600,284,0.7615,0.0065
20260312153232,1600,284,0.7615,0.0065
20260312153233,1600,284,0.7615,0.0065
20260312153234,1600,284,0.7615,0.0065
20260312153235,1600,285,0.7615,0.0065
20260312153236,1600,285,0.7615,0.0065
20260312153237,1600,285,0.7615,0.0065
20260312153238,1600,285,0.7615,0.0065
20260312153239,1600,285,0.7615,0.0065
20260312153240,1600,285,0.7615,0.0065
20260312153241,1600,285,0.7615,0.0065
20260312153242,1600,285,0.7615,0.0065
20260312153243,1600,285,0.7615,0.0065
20260312153244,1600,285,0.7615,0.0065
20260312153245,1600,285,0.7615,0.0065
20260312153246,1600,285,0.7615,0.0065
20260312153247,1600,285,0.7615,0.0065
20260312153248,1600,285,0.7615,0.0065
20260312153249,1600,285,0.7615,0.0065
20260312153250,1600,285,0.7615,0.0065
20260312153251,1600,285,0.7615,0.0065
20260312153252,1600,285,0.7615,0.0065
20260312153253,1600,285,0.7615,0.0065
20260312153254,1600,285,0.7615,0.0065
20260312153255,1600,285,0.7615,0.0065
20260312153256,1600,285,0.7615,0.0065
20260312153257,1600,285,0.7615,0.0065
20260312153258,1600,285,0.7615,0.0065
20260312153259,1600,285,0.7615,0.0065
20260312153300,1600,285,0.7615,0.0065
20260312153301,1600,285,0.7615,0.0065
20260312153302,1600,285,0.7615,0.0065
20260312153303,1600,285,0.7615,0.0065
20260312153304,1600,285,0.7615,0.0065
20260312153305,1600,285,0.7615,0.0065
20260312153306,1600,285,0.7615,0.0065
20260312153307,1600,285,0.7615,0.0065
20260312153308,1600,285,0.7615,0.0065
20260312153309,1600,285,0.7615,0.0065
20260312153310,1600,285,0.7615,0.0065
20260312153311,1600,285,0.7615,0.0065
20260312153312,1600,285,0.7615,0.0065
20260312153313,1600,285,0.7615,0.0065
20260312153314,1600,285,0.7615,0.0065
20260312153315,1600,285,0.7615,0.0065
20260312153316,1600,285,0.7615,0.0065
20260312153317,1600,285,0.7615,0.0065
20260312153318,1600,285,0.7615,0.0065
20260312153319,1600,285,0.7615,0.0065
20260312153320,1600,285,0.7615,0.0065
20260312153321,1600,285,0.7615,0.0065
20260312153322,1600,285,0.7615,0.0065
20260312153323,1600,286,0.7615,0.0065
20260312153324,1600,286,0.7615,0.0065
20260312153325,1600,286,0.7615,0.0065
20260312153326,1600,286,0.7615,0.0065
20260312153327,1600,286,0.7615,0.0065
20260312153328,1600,286,0.7615,0.0065
20260312153329,1600,286,0.7615,0.0065
20260312153330,1600,286,0.7615,0.0065
20260312153331,1600,286,0.7615,0.0065
20260312153332,1600,286,0.7615,0.0065
20260312153333,1600,286,0.7615,0.0065
20260312153334,1600,286,0.7615,0.0065
20260312153335,1600,286,0.7615,0.0065
20260312153336,1600,286,0.7615,0.0065
20260312153337,1600,286,0.7615,0.0065
20260312153338,1600,286,0.7615,0.0065
20260312153339,1600,286,0.7615,0.0065
20260312153340,1600,286,0.7615,0.0065
20260312153341,1600,286,0.7615,0.0065
20260312153342,1600,286,0.7615,0.0065
20260312153343,1600,286,0.7615,0.0065
20260312153344,1600,286,0.7615,0.0065
20260312153345,1600,286,0.7615,0.0065
20260312153346,1600,286,0.7615,0.0065
20260312153347,1600,286,0.7615,0.0065
20260312153349,1600,286,0.7615,0.0065
20260312153350,1600,286,0.7615,0.0065
20260312153351,1600,286,0.7615,0.0065
20260312153352,1600,286,0.7615,0.0065
20260312153353,1600,286,0.7615,0.0065
20260312153354,1600,286,0.7615,0.0065
20260312153355,1600,286,0.7615,0.0065
20260312153356,1600,286,0.7615,0.0065
20260312153357,1600,286,0.7615,0.0065
20260312153358,1600,286,0.7615,0.0065
20260312153359,1600,286,0.7615,0.0065
20260312153400,1600,286,0.7615,0.0065
20260312153401,1600,286,0.7615,0.0065
20260312153402,1600,286,0.7615,0.0065
20260312153403,1600,286,0.7615,0.0065
20260312153404,1600,286,0.7615,0.0065
20260312153405,1600,286,0.7615,0.0065
20260312153406,1600,286,0.7615,0.0065
20260312153407,1600,286,0.7615,0.0065
20260312153408,1600,286,0.7615,0.0065
20260312153409,1600,286,0.7614,0.0065
20260312153410,1600,287,0.7614,0.0065
20260312153411,1600,287,0.7614,0.0065
20260312153412,1600,287,0.7614,0.0065
20260312153413,1600,287,0.7614,0.0065
20260312153414,1600,287,0.7614,0.0065
20260312153415,1600,287,0.7614,0.0065
20260312153416,1600,287,0.7614,0.0065
20260312153417,1600,287,0.7614,0.0065
20260312153418,1600,287,0.7614,0.0065
20260312153419,1600,287,0.7614,0.0065
20260312153420,1600,287,0.7614,0.0065
20260312153421,1600,287,0.7614,0.0065
20260312153422,1600,287,0.7614,0.0065
20260312153423,1600,287,0.7614,0.0065
20260312153424,1600,287,0.7614,0.0065
20260312153425,1600,287,0.7614,0.0065
20260312153426,1600,287,0.7614,0.0065
20260312153427,1600,287,0.7614,0.0065
20260312153428,1600,287,0.7614,0.0065
20260312153429,1600,287,0.7614,0.0065
20260312153430,1600,287,0.7614,0.0065
20260312153431,1600,287,0.7614,0.0065
20260312153432,1600,287,0.7614,0.0065
20260312153433,1600,287,0.7614,0.0065
20260312153434,1600,287,0.7614,0.0065
20260312153435,1600,287,0.7614,0.0065
20260312153436,1600,287,0.7614,0.0065
20260312153437,1600,287,0.7614,0.0065
20260312153438,1600,287,0.7614,0.0065
20260312153439,1600,287,0.7614,0.0065
20260312153440,1600,287,0.7614,0.0065
20260312153441,1600,287,0.7614,0.0065
20260312153442,1600,287,0.7614,0.0065
20260312153443,1600,287,0.7614,0.0065
20260312153444,1600,287,0.7614,0.0065
20260312153445,1600,287,0.7614,0.0065
20260312153446,1600,287,0.7614,0.0065
20260312153447,1600,287,0.7614,0.0065
20260312153448,1600,287,0.7614,0.0065
20260312153449,1600,287,0.7614,0.0065
20260312153450,1600,287,0.7614,0.0065
20260312153451,1600,287,0.7614,0.0065
20260312153452,1600,287,0.7614,0.0065
20260312153453,1600,287,0.7614,0.0065
20260312153454,1600,287,0.7614,0.0065
20260312153455,1600,287,0.7614,0.0065
20260312153456,1600,288,0.7614,0.0065
20260312153457,1600,288,0.7614,0.0065
20260312153458,1600,288,0.7614,0.0065
20260312153459,1600,288,0.7614,0.0065
20260312153500,1600,288,0.7614,0.0065
20260312153501,1600,288,0.7614,0.0065
20260312153502,1600,288,0.7614,0.0065
20260312153503,1600,288,0.7614,0.0065
20260312153504,1600,288,0.7614,0.0065
20260312153506,1600,288,0.7614,0.0065
20260312153507,1600,288,0.7614,0.0065
20260312153508,1600,288,0.7614,0.0065
20260312153509,1600,288,0.7614,0.0065
20260312153510,1600,288,0.7614,0.0065
20260312153511,1600,288,0.7614,0.0065
20260312153512,1600,288,0.7614,0.0065
20260312153513,1600,288,0.7614,0.0065
20260312153514,1600,288,0.7614,0.0065
20260312153515,1600,288,0.7614,0.0065
20260312153516,1600,288,0.7614,0.0065
20260312153517,1600,288,0.7614,0.0065
20260312153518,1600,288,0.7614,0.0065
20260312153519,1600,288,0.7614,0.0065
20260312153520,1600,288,0.7614,0.0065
20260312153521,1600,288,0.7614,0.0065
20260312153522,1600,288,0.7614,0.0065
20260312153523,1600,288,0.7614,0.0065
20260312153524,1600,288,0.7614,0.0065
20260312153525,1600,288,0.7614,0.0065
20260312153526,1600,288,0.7614,0.0065
20260312153527,1600,288,0.7614,0.0065
20260312153528,1600,288,0.7614,0.0065
20260312153529,1600,288,0.7614,0.0065
20260312153530,1600,288,0.7614,0.0065
20260312153531,1600,288,0.7614,0.0065
20260312153532,1600,288,0.7614,0.0065
20260312153533,1600,288,0.7614,0.0065
20260312153534,1600,288,0.7614,0.0065
20260312153535,1600,288,0.7614,0.0065
20260312153536,1600,288,0.7614,0.0065
20260312153537,1600,288,0.7614,0.0065
20260312153538,1600,288,0.7614,0.0065
20260312153539,1600,288,0.7614,0.0065
20260312153540,1600,288,0.7614,0.0065
20260312153541,1600,288,0.7614,0.0065
20260312153542,1600,289,0.7614,0.0065
20260312153543,1600,289,0.7614,0.0065
20260312153544,1600,289,0.7614,0.0065
20260312153545,1600,289,0.7614,0.0065
20260312153546,1600,289,0.7614,0.0065
20260312153547,1600,289,0.7614,0.0065
20260312153548,1600,289,0.7614,0.0065
20260312153549,1600,289,0.7614,0.0065
20260312153550,1600,289,0.7614,0.0065
20260312153551,1600,289,0.7614,0.0065
20260312153552,1600,289,0.7614,0.0065
20260312153553,1600,289,0.7614,0.0065
20260312153554,1600,289,0.7614,0.0065
20260312153555,1600,289,0.7614,0.0065
20260312153556,1600,289,0.7614,0.0065
20260312153557,1600,289,0.7614,0.0065
20260312153558,1600,289,0.7614,0.0065
20260312153559,1600,289,0.7614,0.0065
20260312153600,1600,289,0.7614,0.0065
20260312153601,1600,289,0.7614,0.0065
20260312153602,1600,289,0.7614,0.0065
20260312153603,1600,289,0.7614,0.0065
20260312153604,1600,289,0.7614,0.0065
20260312153605,1600,289,0.7614,0.0065
20260312153606,1600,289,0.7614,0.0065
20260312153607,1600,289,0.7614,0.0065
20260312153608,1600,289,0.7614,0.0065
20260312153609,1600,289,0.7614,0.0065
20260312153610,1600,289,0.7614,0.0065
20260312153611,1600,289,0.7614,0.0065
20260312153612,1600,289,0.7614,0.0065
20260312153613,1600,289,0.7614,0.0065
20260312153614,1600,289,0.7614,0.0065
20260312153615,1600,289,0.7614,0.0065
20260312153616,1600,289,0.7614,0.0065
20260312153617,1600,289,0.7614,0.0065
20260312153618,1600,289,0.7614,0.0065
20260312153619,1600,289,0.7614,0.0065
20260312153620,1600,289,0.7614,0.0065
20260312153621,1600,289,0.7614,0.0065
20260312153622,1600,289,0.7614,0.0065
20260312153623,1600,289,0.7614,0.0065
20260312153624,1600,289,0.7614,0.0065
20260312153626,1600,289,0.7614,0.0065
20260312153627,1600,289,0.7614,0.0065
20260312153628,1600,290,0.7614,0.0065
20260312153629,1600,290,0.7614,0.0065
20260312153630,1600,290,0.7614,0.0065
20260312153631,1600,290,0.7614,0.0065
20260312153632,1600,290,0.7614,0.0065
20260312153633,1600,290,0.7614,0.0065
20260312153634,1600,290,0.7614,0.0065
20260312153635,1600,290,0.7614,0.0065
20260312153636,1600,290,0.7614,0.0065
20260312153637,1600,290,0.7614,0.0065
20260312153638,1600,290,0.7614,0.0065
20260312153639,1600,290,0.7614,0.0065
20260312153640,1600,290,0.7614,0.0065
20260312153641,1600,290,0.7614,0.0065
20260312153642,1600,290,0.7614,0.0065
20260312153643,1600,290,0.7614,0.0065
20260312153644,1600,290,0.7614,0.0065
20260312153645,1600,290,0.7614,0.0065
20260312153646,1600,290,0.7614,0.0065
20260312153647,1600,290,0.7614,0.0065
20260312153648,1600,290,0.7614,0.0065
20260312153649,1600,290,0.7614,0.0065
20260312153650,1600,290,0.7614,0.0065
20260312153651,1600,290,0.7614,0.0065
20260312153652,1600,290,0.7614,0.0065
20260312153653,1600,290,0.7614,0.0065
20260312153654,1600,290,0.7614,0.0065
20260312153655,1600,290,0.7614,0.0065
20260312153656,1600,290,0.7614,0.0065
20260312153657,1600,290,0.7614,0.0065
20260312153658,1600,290,0.7614,0.0065
20260312153659,1600,290,0.7614,0.0065
20260312153700,1600,290,0.7614,0.0065
20260312153701,1600,290,0.7614,0.0065
20260312153702,1600,290,0.7614,0.0065
20260312153703,1600,290,0.7614,0.0065
20260312153704,1600,290,0.7614,0.0065
20260312153705,1600,290,0.7614,0.0065
20260312153706,1600,290,0.7614,0.0065
20260312153707,1600,290,0.7614,0.0065
20260312153708,1600,290,0.7614,0.0065
20260312153709,1600,290,0.7614,0.0065
20260312153710,1600,290,0.7614,0.0065
20260312153711,1600,290,0.7614,0.0065
20260312153712,1600,290,0.7614,0.0065
20260312153713,1600,290,0.7614,0.0065
20260312153714,1600,290,0.7614,0.0065
20260312153715,1600,290,0.7614,0.0065
20260312153716,1600,291,0.7614,0.0065
20260312153717,1600,291,0.7614,0.0065
20260312153718,1600,291,0.7614,0.0065
20260312153719,1600,291,0.7614,0.0065
20260312153720,1600,291,0.7614,0.0065
20260312153721,1600,291,0.7614,0.0065
20260312153722,1600,291,0.7614,0.0065
20260312153723,1600,291,0.7614,0.0065
20260312153724,1600,291,0.7614,0.0065
20260312153725,1600,291,0.7614,0.0065
20260312153726,1600,291,0.7614,0.0065
20260312153727,1600,291,0.7614,0.0065
20260312153728,1600,291,0.7614,0.0065
20260312153729,1600,291,0.7614,0.0065
20260312153730,1600,291,0.7614,0.0065
20260312153731,1600,291,0.7614,0.0065
20260312153732,1600,291,0.7614,0.0065
20260312153733,1600,291,0.7614,0.0065
20260312153734,1600,291,0.7614,0.0065
20260312153735,1600,291,0.7614,0.0065
20260312153736,1600,291,0.7614,0.0065
20260312153737,1600,291,0.7614,0.0065
20260312153738,1600,291,0.7614,0.0065
20260312153739,1600,291,0.7614,0.0065
20260312153741,1600,291,0.7614,0.0065
20260312153742,1600,291,0.7614,0.0065
20260312153743,1600,291,0.7614,0.0065
20260312153744,1600,291,0.7614,0.0065
20260312153745,1600,291,0.7614,0.0065
20260312153746,1600,291,0.7614,0.0065
20260312153747,1600,291,0.7614,0.0065
20260312153748,1600,291,0.7614,0.0065
20260312153749,1600,291,0.7614,0.0065
20260312153750,1600,291,0.7614,0.0065
20260312153751,1600,291,0.7614,0.0065
20260312153752,1600,291,0.7614,0.0065
20260312153753,1600,291,0.7614,0.0065
20260312153754,1600,291,0.7614,0.0065
20260312153755,1600,291,0.7614,0.0065
20260312153756,1600,291,0.7614,0.0065
20260312153757,1600,291,0.7614,0.0065
20260312153758,1600,291,0.7614,0.0065
20260312153759,1600,291,0.7614,0.0065
20260312153800,1600,291,0.7614,0.0065
20260312153801,1600,292,0.7614,0.0065
20260312153802,1600,292,0.7614,0.0065
20260312153803,1600,292,0.7614,0.0065
20260312153804,1600,292,0.7614,0.0065
20260312153805,1600,292,0.7614,0.0065
20260312153806,1600,292,0.7614,0.0065
20260312153807,1600,292,0.7614,0.0065
20260312153808,1600,292,0.7614,0.0065
20260312153809,1600,292,0.7614,0.0065
20260312153810,1600,292,0.7614,0.0065
20260312153811,1600,292,0.7613,0.0065
20260312153812,1600,292,0.7613,0.0065
20260312153813,1600,292,0.7613,0.0065
20260312153814,1600,292,0.7613,0.0065
20260312153815,1600,292,0.7613,0.0065
20260312153816,1600,292,0.7613,0.0065
20260312153817,1600,292,0.7613,0.0065
20260312153818,1600,292,0.7613,0.0065
20260312153819,1600,292,0.7613,0.0065
20260312153820,1600,292,0.7613,0.0065
20260312153821,1600,292,0.7613,0.0065
20260312153822,1600,292,0.7613,0.0065
20260312153823,1600,292,0.7613,0.0065
20260312153824,1600,292,0.7613,0.0065
20260312153825,1600,292,0.7613,0.0065
20260312153826,1600,292,0.7613,0.0065
20260312153827,1600,292,0.7613,0.0065
20260312153828,1600,292,0.7613,0.0065
20260312153829,1600,292,0.7613,0.0065
20260312153830,1600,292,0.7613,0.0065
20260312153831,1600,292,0.7613,0.0065
20260312153832,1600,292,0.7613,0.0065
20260312153833,1600,292,0.7613,0.0065
20260312153834,1600,292,0.7613,0.0065
20260312153835,1600,292,0.7613,0.0065
20260312153836,1600,292,0.7613,0.0065
20260312153837,1600,292,0.7613,0.0065
20260312153838,1600,292,0.7613,0.0065
20260312153839,1600,292,0.7613,0.0065
20260312153840,1600,292,0.7613,0.0065
20260312153841,1600,292,0.7613,0.0065
20260312153842,1600,292,0.7613,0.0065
20260312153843,1600,292,0.7613,0.0065
20260312153844,1600,292,0.7613,0.0065
20260312153845,1600,292,0.7613,0.0065
20260312153846,1600,292,0.7613,0.0065
20260312153847,1600,292,0.7613,0.0065
20260312153848,1600,293,0.7613,0.0065
20260312153849,1600,293,0.7613,0.0065
20260312153850,1600,293,0.7613,0.0065
20260312153851,1600,293,0.7613,0.0065
20260312153852,1600,293,0.7613,0.0065
20260312153853,1600,293,0.7613,0.0065
20260312153854,1600,293,0.7613,0.0065
20260312153855,1600,293,0.7613,0.0065
20260312153856,1600,293,0.7613,0.0065
20260312153857,1600,293,0.7613,0.0065
20260312153858,1600,293,0.7613,0.0065
20260312153859,1600,293,0.7613,0.0065
20260312153900,1600,293,0.7613,0.0065
20260312153901,1600,293,0.7613,0.0065
20260312153902,1600,293,0.7613,0.0065
20260312153904,1600,293,0.7613,0.0065
20260312153905,1600,293,0.7613,0.0065
20260312153906,1600,293,0.7613,0.0065
20260312153907,1600,293,0.7613,0.0065
20260312153908,1600,293,0.7613,0.0065
20260312153909,1600,293,0.7613,0.0065
20260312153910,1600,293,0.7613,0.0065
20260312153911,1600,293,0.7613,0.0065
20260312153912,1600,293,0.7613,0.0065
20260312153913,1600,293,0.7613,0.0065
20260312153914,1600,293,0.7613,0.0065
20260312153915,1600,293,0.7613,0.0065
20260312153916,1600,293,0.7613,0.0065
20260312153917,1600,293,0.7613,0.0065
20260312153918,1600,293,0.7613,0.0065
20260312153919,1600,293,0.7613,0.0065
20260312153920,1600,293,0.7613,0.0065
20260312153921,1600,293,0.7613,0.0065
20260312153922,1600,293,0.7613,0.0065
20260312153923,1600,293,0.7613,0.0065
20260312153924,1600,293,0.7613,0.0065
20260312153925,1600,293,0.7613,0.0065
20260312153926,1600,293,0.7613,0.0065
20260312153927,1600,293,0.7613,0.0065
20260312153928,1600,293,0.7613,0.0065
20260312153929,1600,293,0.7613,0.0065
20260312153930,1600,293,0.7613,0.0065
20260312153931,1600,293,0.7613,0.0065
20260312153932,1600,293,0.7613,0.0065
20260312153933,1600,293,0.7613,0.0065
20260312153934,1600,293,0.7613,0.0065
20260312153935,1600,294,0.7613,0.0065
20260312153936,1600,294,0.7613,0.0065
20260312153937,1600,294,0.7613,0.0065
20260312153938,1600,294,0.7613,0.0065
20260312153939,1600,294,0.7613,0.0065
20260312153940,1600,294,0.7613,0.0065
20260312153941,1600,294,0.7613,0.0065
20260312153942,1600,294,0.7613,0.0065
20260312153943,1600,294,0.7613,0.0065
20260312153944,1600,294,0.7613,0.0065
20260312153945,1600,294,0.7613,0.0065
20260312153946,1600,294,0.7613,0.0065
20260312153947,1600,294,0.7613,0.0065
20260312153948,1600,294,0.7613,0.0065
20260312153949,1600,294,0.7613,0.0065
20260312153950,1600,294,0.7613,0.0065
20260312153951,1600,294,0.7613,0.0065
20260312153952,1600,294,0.7613,0.0065
20260312153953,1600,294,0.7613,0.0065
20260312153954,1600,294,0.7613,0.0065
20260312153955,1600,294,0.7613,0.0065
20260312153956,1600,294,0.7613,0.0065
20260312153957,1600,294,0.7613,0.0065
20260312153958,1600,294,0.7613,0.0065
20260312153959,1600,294,0.7613,0.0065
20260312154000,1600,294,0.7613,0.0065
20260312154001,1600,294,0.7613,0.0065
20260312154002,1600,294,0.7613,0.0065
20260312154003,1600,294,0.7613,0.0065
20260312154004,1600,294,0.7613,0.0065
20260312154005,1600,294,0.7613,0.0065
20260312154006,1600,294,0.7613,0.0065
20260312154007,1600,294,0.7613,0.0065
20260312154008,1600,294,0.7613,0.0065
20260312154009,1600,294,0.7613,0.0065
20260312154010,1600,294,0.7613,0.0065
20260312154011,1600,294,0.7613,0.0065
20260312154012,1600,294,0.7613,0.0065
20260312154013,1600,294,0.7613,0.0065
20260312154014,1600,294,0.7613,0.0065
20260312154015,1600,294,0.7613,0.0065
20260312154016,1600,294,0.7613,0.0065
20260312154017,1600,294,0.7613,0.0065
20260312154018,1600,294,0.7613,0.0065
20260312154019,1600,294,0.7613,0.0065
20260312154020,1600,294,0.7613,0.0065
20260312154021,1600,294,0.7613,0.0065
20260312154022,1600,295,0.7613,0.0065
20260312154023,1600,295,0.7613,0.0065
20260312154024,1600,295,0.7613,0.0065
20260312154025,1600,295,0.7613,0.0065
20260312154026,1600,295,0.7613,0.0065
20260312154027,1600,295,0.7613,0.0065
20260312154028,1600,295,0.7613,0.0065
20260312154030,1600,295,0.7613,0.0065
20260312154031,1600,295,0.7613,0.0065
20260312154032,1600,295,0.7613,0.0065
20260312154033,1600,295,0.7613,0.0065
20260312154034,1600,295,0.7613,0.0065
20260312154035,1600,295,0.7613,0.0065
20260312154036,1600,295,0.7613,0.0065
20260312154037,1600,295,0.7613,0.0065
20260312154038,1600,295,0.7613,0.0065
20260312154039,1600,295,0.7613,0.0065
20260312154040,1600,295,0.7613,0.0065
20260312154041,1600,295,0.7613,0.0065
20260312154042,1600,295,0.7613,0.0065
20260312154043,1600,295,0.7613,0.0065
20260312154044,1600,295,0.7613,0.0065
20260312154045,1600,295,0.7613,0.0065
20260312154046,1600,295,0.7613,0.0065
20260312154047,1600,295,0.7613,0.0065
20260312154048,1600,295,0.7613,0.0065
20260312154049,1600,295,0.7613,0.0065
20260312154050,1600,295,0.7613,0.0065
20260312154051,1600,295,0.7613,0.0065
20260312154052,1600,295,0.7613,0.0065
20260312154053,1600,295,0.7613,0.0065
20260312154054,1600,295,0.7613,0.0065
20260312154055,1600,295,0.7613,0.0065
20260312154056,1600,295,0.7613,0.0065
20260312154057,1600,295,0.7613,0.0065
20260312154058,1600,295,0.7613,0.0065
20260312154059,1600,295,0.7613,0.0065
20260312154100,1600,295,0.7613,0.0065
20260312154101,1600,295,0.7613,0.0065
20260312154102,1600,295,0.7613,0.0065
20260312154103,1600,295,0.7613,0.0065
20260312154104,1600,295,0.7613,0.0065
20260312154105,1600,295,0.7613,0.0065
20260312154106,1600,295,0.7613,0.0065
20260312154107,1600,295,0.7613,0.0065
20260312154108,1600,296,0.7613,0.0065
20260312154109,1600,296,0.7613,0.0065
20260312154110,1600,296,0.7613,0.0065
20260312154111,1600,296,0.7613,0.0065
20260312154112,1600,296,0.7613,0.0065
20260312154113,1600,296,0.7613,0.0065
20260312154114,1600,296,0.7613,0.0065
20260312154115,1600,296,0.7613,0.0065
20260312154116,1600,296,0.7613,0.0065
20260312154117,1600,296,0.7613,0.0065
20260312154118,1600,296,0.7613,0.0065
20260312154119,1600,296,0.7613,0.0065
20260312154120,1600,296,0.7613,0.0065
20260312154121,1600,296,0.7613,0.0065
20260312154122,1600,296,0.7613,0.0065
20260312154123,1600,296,0.7613,0.0065
20260312154124,1600,296,0.7613,0.0065
20260312154125,1600,296,0.7613,0.0065
20260312154126,1600,296,0.7613,0.0065
20260312154127,1600,296,0.7613,0.0065
20260312154128,1600,296,0.7613,0.0065
20260312154129,1600,296,0.7613,0.0065
20260312154130,1600,296,0.7613,0.0065
20260312154131,1600,296,0.7613,0.0065
20260312154132,1600,296,0.7613,0.0065
20260312154133,1600,296,0.7613,0.0065
20260312154134,1600,296,0.7613,0.0065
20260312154135,1600,296,0.7613,0.0065
20260312154136,1600,296,0.7613,0.0065
20260312154137,1600,296,0.7613,0.0065
20260312154138,1600,296,0.7613,0.0065
20260312154139,1600,296,0.7613,0.0065
20260312154140,1600,296,0.7613,0.0065
20260312154141,1600,296,0.7613,0.0065
20260312154142,1600,296,0.7613,0.0065
20260312154143,1600,296,0.7613,0.0065
20260312154144,1600,296,0.7613,0.0065
20260312154145,1600,296,0.7613,0.0065
20260312154146,1600,296,0.7613,0.0065
20260312154147,1600,296,0.7613,0.0065
20260312154148,1600,296,0.7613,0.0065
20260312154149,1600,296,0.7613,0.0065
20260312154150,1600,296,0.7613,0.0065
20260312154152,1600,296,0.7613,0.0065
20260312154153,1600,296,0.7613,0.0065
20260312154154,1600,296,0.7613,0.0065
20260312154155,1600,297,0.7613,0.0065
20260312154156,1600,297,0.7613,0.0065
20260312154157,1600,297,0.7613,0.0065
20260312154158,1600,297,0.7613,0.0065
20260312154159,1600,297,0.7613,0.0065
20260312154200,1600,297,0.7613,0.0065
20260312154201,1600,297,0.7613,0.0065
20260312154202,1600,297,0.7613,0.0065
20260312154203,1600,297,0.7613,0.0065
20260312154204,1600,297,0.7613,0.0065
20260312154205,1600,297,0.7613,0.0065
20260312154206,1600,297,0.7613,0.0065
20260312154207,1600,297,0.7613,0.0065
20260312154208,1600,297,0.7613,0.0065
20260312154209,1600,297,0.7613,0.0065
20260312154210,1600,297,0.7613,0.0065
20260312154211,1600,297,0.7613,0.0065
20260312154212,1600,297,0.7613,0.0065
20260312154213,1600,297,0.7613,0.0065
20260312154214,1600,297,0.7613,0.0065
20260312154215,1600,297,0.7613,0.0065
20260312154216,1600,297,0.7613,0.0065
20260312154217,1600,297,0.7613,0.0065
20260312154218,1600,297,0.7613,0.0065
20260312154219,1600,297,0.7613,0.0065
20260312154220,1600,297,0.7613,0.0065
20260312154221,1600,297,0.7613,0.0065
20260312154222,1600,297,0.7613,0.0065
20260312154223,1600,297,0.7613,0.0065
20260312154224,1600,297,0.7613,0.0065
20260312154225,1600,297,0.7613,0.0065
20260312154226,1600,297,0.7613,0.0065
20260312154227,1600,297,0.7613,0.0065
20260312154228,1600,297,0.7613,0.0065
20260312154229,1600,297,0.7613,0.0065
20260312154230,1600,297,0.7613,0.0065
20260312154231,1600,297,0.7613,0.0065
20260312154232,1600,297,0.7613,0.0065
20260312154233,1600,297,0.7613,0.0065
20260312154234,1600,297,0.7613,0.0065
20260312154235,1600,297,0.7613,0.0065
20260312154236,1600,297,0.7613,0.0065
20260312154237,1600,297,0.7613,0.0065
20260312154238,1600,297,0.7613,0.0065
20260312154239,1600,297,0.7613,0.0065
20260312154240,1600,297,0.7613,0.0065
20260312154241,1600,297,0.7613,0.0065
20260312154242,1600,298,0.7613,0.0065
20260312154243,1600,298,0.7613,0.0065
20260312154244,1600,298,0.7613,0.0065
20260312154245,1600,298,0.7613,0.0065
20260312154246,1600,298,0.7612,0.0065
20260312154247,1600,298,0.7612,0.0065
20260312154248,1600,298,0.7612,0.0065
20260312154249,1600,298,0.7612,0.0065
20260312154250,1600,298,0.7612,0.0065
20260312154251,1600,298,0.7612,0.0065
20260312154252,1600,298,0.7612,0.0065
20260312154253,1600,298,0.7612,0.0065
20260312154254,1600,298,0.7612,0.0065
20260312154255,1600,298,0.7612,0.0065
20260312154256,1600,298,0.7612,0.0065
20260312154257,1600,298,0.7612,0.0065
20260312154258,1600,298,0.7612,0.0065
20260312154259,1600,298,0.7612,0.0065
20260312154300,1600,298,0.7612,0.0065
20260312154301,1600,298,0.7612,0.0065
20260312154302,1600,298,0.7612,0.0065
20260312154303,1600,298,0.7612,0.0065
20260312154304,1600,298,0.7612,0.0065
20260312154305,1600,298,0.7612,0.0065
20260312154306,1600,298,0.7612,0.0065
20260312154307,1600,298,0.7612,0.0065
20260312154308,1600,298,0.7612,0.0065
20260312154309,1600,298,0.7612,0.0065
20260312154310,1600,298,0.7612,0.0065
20260312154312,1600,298,0.7612,0.0065
20260312154313,1600,298,0.7612,0.0065
20260312154314,1600,298,0.7612,0.0065
20260312154315,1600,298,0.7612,0.0065
20260312154316,1600,298,0.7612,0.0065
20260312154317,1600,298,0.7612,0.0065
20260312154318,1600,298,0.7612,0.0065
20260312154319,1600,298,0.7612,0.0065
20260312154320,1600,298,0.7612,0.0065
20260312154321,1600,298,0.7612,0.0065
20260312154322,1600,298,0.7612,0.0065
20260312154323,1600,298,0.7612,0.0065
20260312154324,1600,298,0.7612,0.0065
20260312154325,1600,298,0.7612,0.0065
20260312154326,1600,298,0.7612,0.0065
20260312154327,1600,298,0.7612,0.0065
20260312154328,1600,298,0.7612,0.0065
20260312154329,1600,299,0.7612,0.0065
20260312154330,1600,299,0.7612,0.0065
20260312154331,1600,299,0.7612,0.0065
20260312154332,1600,299,0.7612,0.0065
20260312154333,1600,299,0.7612,0.0065
20260312154334,1600,299,0.7612,0.0065
20260312154335,1600,299,0.7612,0.0065
20260312154336,1600,299,0.7612,0.0065
20260312154337,1600,299,0.7612,0.0065
20260312154338,1600,299,0.7612,0.0065
20260312154339,1600,299,0.7612,0.0065
20260312154340,1600,299,0.7612,0.0065
20260312154341,1600,299,0.7612,0.0065
20260312154342,1600,299,0.7612,0.0065
20260312154343,1600,299,0.7612,0.0065
20260312154344,1600,299,0.7612,0.0065
20260312154345,1600,299,0.7612,0.0065
20260312154346,1600,299,0.7612,0.0065
20260312154347,1600,299,0.7612,0.0065
20260312154348,1600,299,0.7612,0.0065
20260312154349,1600,299,0.7612,0.0065
20260312154350,1600,299,0.7612,0.0065
20260312154351,1600,299,0.7612,0.0065
20260312154352,1600,299,0.7612,0.0065
20260312154353,1600,299,0.7612,0.0065
20260312154354,1600,299,0.7612,0.0065
20260312154355,1600,299,0.7612,0.0065
20260312154356,1600,299,0.7612,0.0065
20260312154357,1600,299,0.7612,0.0065
20260312154358,1600,299,0.7612,0.0065
20260312154359,1600,299,0.7612,0.0065
20260312154400,1600,299,0.7612,0.0065
20260312154401,1600,299,0.7612,0.0065
20260312154402,1600,299,0.7612,0.0065
20260312154403,1600,299,0.7612,0.0065
20260312154404,1600,299,0.7612,0.0065
20260312154405,1600,299,0.7612,0.0065
20260312154406,1600,299,0.7612,0.0065
20260312154407,1600,299,0.7612,0.0065
20260312154408,1600,299,0.7612,0.0065
20260312154409,1600,299,0.7612,0.0065
20260312154410,1600,299,0.7612,0.0065
20260312154411,1600,299,0.7612,0.0065
20260312154412,1600,299,0.7612,0.0065
20260312154413,1600,299,0.7612,0.0065
20260312154414,1600,299,0.7612,0.0065
20260312154415,1600,299,0.7612,0.0065
20260312154416,1600,299,0.7612,0.0065
20260312154417,1600,299,0.7612,0.0065
20260312154418,1600,299,0.7612,0.0065
20260312154419,1600,299,0.7612,0.0065
20260312154420,1600,299,0.7612,0.0065
20260312154421,1600,299,0.7612,0.0065
20260312154422,1600,299,0.7612,0.0065
20260312154423,1600,299,0.7612,0.0065
20260312154424,1600,299,0.7612,0.0065
20260312154425,1600,299,0.7612,0.0065
20260312154426,1600,299,0.7612,0.0065
20260312154427,1600,299,0.7612,0.0065
20260312154428,1600,299,0.7612,0.0065
20260312154429,1600,299,0.7612,0.0065
20260312154430,1600,299,0.7612,0.0065
20260312154432,2000,299,0.7612,0.0065
20260312154433,2000,299,0.7612,0.0065
20260312154434,2000,299,0.7612,0.0065
20260312154435,2000,299,0.7612,0.0065
20260312154436,2000,299,0.7612,0.0065
20260312154437,2000,299,0.7612,0.0065
20260312154438,2000,299,0.7612,0.0065
20260312154439,2000,299,0.7612,0.0065
20260312154440,2000,299,0.7612,0.0065
20260312154441,2000,299,0.7612,0.0065
20260312154442,2000,299,0.7612,0.0065
20260312154443,2000,299,0.7612,0.0065
20260312154444,2000,299,0.7612,0.0065
20260312154445,2000,299,0.7612,0.0065
20260312154446,2000,299,0.7612,0.0065
20260312154447,2000,299,0.7612,0.0065
20260312154448,2000,299,0.7612,0.0065
20260312154449,2000,299,0.7612,0.0065
20260312154450,2000,299,0.7612,0.0065
20260312154451,2000,299,0.7612,0.0065
20260312154452,2000,299,0.7612,0.0065
20260312154453,2000,299,0.7612,0.0065
20260312154454,2000,299,0.7612,0.0065
20260312154455,2000,299,0.7612,0.0065
20260312154456,2000,299,0.7612,0.0065
20260312154457,2000,299,0.7612,0.0065
20260312154458,2000,299,0.7612,0.0065
20260312154459,2000,299,0.7612,0.0065
20260312154500,2000,299,0.7612,0.0065
20260312154501,2000,299,0.7612,0.0065
20260312154502,2000,299,0.7612,0.0065
20260312154503,2000,300,0.7612,0.0065
20260312154504,2000,300,0.7612,0.0065
20260312154505,2000,300,0.7612,0.0065
20260312154506,2000,300,0.7612,0.0065
20260312154507,2000,300,0.7612,0.0065
20260312154508,2000,300,0.7612,0.0065
20260312154509,2000,300,0.7612,0.0065
20260312154510,2000,300,0.7612,0.0065
20260312154511,2000,300,0.7612,0.0065
20260312154512,2000,300,0.7612,0.0065
20260312154513,2000,300,0.7612,0.0065
20260312154514,2000,300,0.7612,0.0065
20260312154515,2000,300,0.7612,0.0065
20260312154516,2000,300,0.7612,0.0065
20260312154517,2000,300,0.7612,0.0065
20260312154518,2000,300,0.7612,0.0065
20260312154519,2000,300,0.7612,0.0065
20260312154520,2000,300,0.7612,0.0065
20260312154521,2000,300,0.7612,0.0065
20260312154522,2000,300,0.7612,0.0065
20260312154523,2000,300,0.7612,0.0065
20260312154524,2000,300,0.7612,0.0065
20260312154525,2000,300,0.7612,0.0065
20260312154526,2000,300,0.7612,0.0065
20260312154527,2000,300,0.7612,0.0065
20260312154528,2000,300,0.7612,0.0065
20260312154529,2000,300,0.7612,0.0065
20260312154530,2000,300,0.7612,0.0065
20260312154531,2000,300,0.7612,0.0065
20260312154532,2000,300,0.7612,0.0065
20260312154533,2000,300,0.7612,0.0065
20260312154534,2000,300,0.7612,0.0065
20260312154535,2000,300,0.7612,0.0065
20260312154536,2000,300,0.7612,0.0065
20260312154537,2000,300,0.7612,0.0065
20260312154538,2000,300,0.7612,0.0065
20260312154539,2000,300,0.7612,0.0065
20260312154540,2000,300,0.7612,0.0065
20260312154541,2000,300,0.7612,0.0065
20260312154542,2000,300,0.7612,0.0065
20260312154543,2000,300,0.7612,0.0065
20260312154544,2000,300,0.7612,0.0065
20260312154546,2000,300,0.7612,0.0065
20260312154547,2000,300,0.7612,0.0065
20260312154548,2000,300,0.7612,0.0065
20260312154549,2000,300,0.7612,0.0065
20260312154550,2000,300,0.7612,0.0065
20260312154551,2000,300,0.7612,0.0065
20260312154552,2000,300,0.7612,0.0065
20260312154553,2000,300,0.7612,0.0065
20260312154554,2000,300,0.7612,0.0065
20260312154555,2000,300,0.7612,0.0065
20260312154556,2000,300,0.7612,0.0065
20260312154557,2000,300,0.7612,0.0065
20260312154558,2000,300,0.7612,0.0065
20260312154559,2000,300,0.7612,0.0065
20260312154600,2000,300,0.7612,0.0065
20260312154601,2000,300,0.7612,0.0065
20260312154602,2000,300,0.7612,0.0065
20260312154603,2000,300,0.7612,0.0065
20260312154604,2000,300,0.7612,0.0065
20260312154605,2000,300,0.7612,0.0065
20260312154606,2000,301,0.7612,0.0065
20260312154607,2000,301,0.7612,0.0065
20260312154608,2000,301,0.7612,0.0065
20260312154609,2000,301,0.7612,0.0065
20260312154610,2000,301,0.7612,0.0065
20260312154611,2000,301,0.7611,0.0065
20260312154612,2000,301,0.7611,0.0065
20260312154613,2000,301,0.7611,0.0065
20260312154614,2000,301,0.7611,0.0065
20260312154615,2000,301,0.7611,0.0065
20260312154616,2000,301,0.7611,0.0065
20260312154617,2000,301,0.7611,0.0065
20260312154618,2000,301,0.7611,0.0065
20260312154619,2000,301,0.7611,0.0065
20260312154620,2000,301,0.7611,0.0065
20260312154621,2000,301,0.7611,0.0065
20260312154622,2000,301,0.7611,0.0065
20260312154623,2000,301,0.7611,0.0065
20260312154624,2000,301,0.7611,0.0065
20260312154625,2000,301,0.7611,0.0065
20260312154626,2000,301,0.7611,0.0065
20260312154627,2000,301,0.7611,0.0065
20260312154628,2000,301,0.7611,0.0065
20260312154629,2000,301,0.7611,0.0065
20260312154630,2000,301,0.7611,0.0065
20260312154631,2000,301,0.7611,0.0065
20260312154632,2000,301,0.7611,0.0065
20260312154633,2000,301,0.7611,0.0065
20260312154634,2000,301,0.7611,0.0065
20260312154635,2000,301,0.7611,0.0065
20260312154636,2000,301,0.7611,0.0065
20260312154637,2000,301,0.7611,0.0065
20260312154638,2000,301,0.7611,0.0065
20260312154639,2000,301,0.7611,0.0065
20260312154640,2000,301,0.7611,0.0065
20260312154641,2000,301,0.7611,0.0065
20260312154642,2000,301,0.7611,0.0065
20260312154643,2000,301,0.7611,0.0065
20260312154644,2000,301,0.7611,0.0065
20260312154645,2000,301,0.7611,0.0065
20260312154646,2000,301,0.7611,0.0065
20260312154647,2000,301,0.7611,0.0065
20260312154648,2000,302,0.7611,0.0065
20260312154649,2000,302,0.7611,0.0065
20260312154650,2000,302,0.7611,0.0065
20260312154651,2000,302,0.7611,0.0065
20260312154652,2000,302,0.7611,0.0065
20260312154653,2000,302,0.7611,0.0065
20260312154654,2000,302,0.7611,0.0065
20260312154655,2000,302,0.7611,0.0065
20260312154656,2000,302,0.7611,0.0066
20260312154657,2000,302,0.7611,0.0066
20260312154658,2000,302,0.7611,0.0066
20260312154659,2000,302,0.7611,0.0066
20260312154700,2000,302,0.7611,0.0066
20260312154701,2000,302,0.7611,0.0066
20260312154702,2000,302,0.7611,0.0066
20260312154703,2000,302,0.7611,0.0066
20260312154704,2000,302,0.7611,0.0066
20260312154705,2000,302,0.7611,0.0066
20260312154706,2000,302,0.7611,0.0066
20260312154707,2000,302,0.7611,0.0066
20260312154708,2000,302,0.7611,0.0066
20260312154709,2000,302,0.7611,0.0066
20260312154710,2000,302,0.7611,0.0066
20260312154711,2000,302,0.7611,0.0066
20260312154712,2000,302,0.7611,0.0066
20260312154713,2000,302,0.7611,0.0066
20260312154714,2000,302,0.7611,0.0066
20260312154715,2000,302,0.7611,0.0066
20260312154716,2000,302,0.7611,0.0066
20260312154717,2000,302,0.7611,0.0066
20260312154719,2000,302,0.7611,0.0066
20260312154720,2000,302,0.7611,0.0066
20260312154721,2000,302,0.7611,0.0066
20260312154722,2000,302,0.7611,0.0066
20260312154723,2000,302,0.7611,0.0066
20260312154724,2000,302,0.7611,0.0066
20260312154725,2000,302,0.7611,0.0066
20260312154726,2000,302,0.7611,0.0066
20260312154727,2000,302,0.7611,0.0066
20260312154728,2000,302,0.7611,0.0066
20260312154729,2000,302,0.7611,0.0066
20260312154730,2000,302,0.7611,0.0066
20260312154731,2000,302,0.7611,0.0066
20260312154732,2000,303,0.7611,0.0066
20260312154733,2000,303,0.7611,0.0066
20260312154734,2000,303,0.7611,0.0066
20260312154735,2000,303,0.7611,0.0066
20260312154736,2000,303,0.7611,0.0066
20260312154737,2000,303,0.7611,0.0066
20260312154738,2000,303,0.7611,0.0066
20260312154739,2000,303,0.7611,0.0066
20260312154740,2000,303,0.7611,0.0066
20260312154741,2000,303,0.7611,0.0066
20260312154742,2000,303,0.7611,0.0066
20260312154743,2000,303,0.7611,0.0066
20260312154744,2000,303,0.7611,0.0066
20260312154745,2000,303,0.7611,0.0066
20260312154746,2000,303,0.7611,0.0066
20260312154747,2000,303,0.7611,0.0066
20260312154748,2000,303,0.7611,0.0066
20260312154749,2000,303,0.7611,0.0066
20260312154750,2000,303,0.7611,0.0066
20260312154751,2000,303,0.7611,0.0066
20260312154752,2000,303,0.7611,0.0066
20260312154753,2000,303,0.7611,0.0066
20260312154754,2000,303,0.7611,0.0066
20260312154755,2000,303,0.7611,0.0066
20260312154756,2000,303,0.7611,0.0066
20260312154757,2000,303,0.7611,0.0066
20260312154758,2000,303,0.7611,0.0066
20260312154759,2000,303,0.7611,0.0066
20260312154800,2000,303,0.7611,0.0066
20260312154801,2000,303,0.7611,0.0066
20260312154802,2000,303,0.7611,0.0066
20260312154803,2000,303,0.7611,0.0066
20260312154804,2000,303,0.7611,0.0066
20260312154805,2000,303,0.7611,0.0066
20260312154806,2000,303,0.7611,0.0066
20260312154807,2000,303,0.7611,0.0066
20260312154808,2000,303,0.7611,0.0066
20260312154809,2000,303,0.7611,0.0066
20260312154810,2000,303,0.7611,0.0066
20260312154811,2000,303,0.7611,0.0066
20260312154812,2000,303,0.7611,0.0066
20260312154813,2000,303,0.7611,0.0066
20260312154814,2000,303,0.7611,0.0066
20260312154815,2000,304,0.7611,0.0066
20260312154816,2000,304,0.7611,0.0066
20260312154817,2000,304,0.7611,0.0066
20260312154818,2000,304,0.7611,0.0066
20260312154819,2000,304,0.7611,0.0066
20260312154820,2000,304,0.7611,0.0066
20260312154821,2000,304,0.7611,0.0066
20260312154822,2000,304,0.7611,0.0066
20260312154823,2000,304,0.7611,0.0066
20260312154824,2000,304,0.7611,0.0066
20260312154825,2000,304,0.7611,0.0066
20260312154826,2000,304,0.7611,0.0066
20260312154827,2000,304,0.7611,0.0066
20260312154828,2000,304,0.7611,0.0066
20260312154829,2000,304,0.7611,0.0066
20260312154830,2000,304,0.7611,0.0066
20260312154831,2000,304,0.7611,0.0066
20260312154832,2000,304,0.7611,0.0066
20260312154833,2000,304,0.7611,0.0066
20260312154834,2000,304,0.7611,0.0066
20260312154835,2000,304,0.7611,0.0066
20260312154836,2000,304,0.7611,0.0066
20260312154837,2000,304,0.7611,0.0066
20260312154838,2000,304,0.7611,0.0066
20260312154839,2000,304,0.7611,0.0066
20260312154840,2000,304,0.7611,0.0066
20260312154841,2000,304,0.7611,0.0066
20260312154842,2000,304,0.7611,0.0066
20260312154843,2000,304,0.7611,0.0066
20260312154844,2000,304,0.7611,0.0066
20260312154845,2000,304,0.7611,0.0066
20260312154846,2000,304,0.7611,0.0066
20260312154847,2000,304,0.7611,0.0066
20260312154848,2000,304,0.7611,0.0066
20260312154849,2000,304,0.7611,0.0066
20260312154850,2000,304,0.7611,0.0066
20260312154851,2000,304,0.7611,0.0066
20260312154852,2000,304,0.7611,0.0066
20260312154853,2000,304,0.7611,0.0066
20260312154855,2000,304,0.7611,0.0066
20260312154856,2000,304,0.7611,0.0066
20260312154857,2000,305,0.7611,0.0066
20260312154858,2000,305,0.7611,0.0066
20260312154859,2000,305,0.7611,0.0066
20260312154900,2000,305,0.7611,0.0066
20260312154901,2000,305,0.7611,0.0066
20260312154902,2000,305,0.7611,0.0066
20260312154903,2000,305,0.7611,0.0066
20260312154904,2000,305,0.7611,0.0066
20260312154905,2000,305,0.7611,0.0066
20260312154906,2000,305,0.7611,0.0066
20260312154907,2000,305,0.7611,0.0066
20260312154908,2000,305,0.7611,0.0066
20260312154909,2000,305,0.7611,0.0066
20260312154910,2000,305,0.7611,0.0066
20260312154911,2000,305,0.7611,0.0066
20260312154912,2000,305,0.7611,0.0066
20260312154913,2000,305,0.7611,0.0066
20260312154914,2000,305,0.7611,0.0066
20260312154915,2000,305,0.7611,0.0066
20260312154916,2000,305,0.7611,0.0066
20260312154917,2000,305,0.7611,0.0066
20260312154918,2000,305,0.7611,0.0066
20260312154919,2000,305,0.7611,0.0066
20260312154920,2000,305,0.7611,0.0066
20260312154921,2000,305,0.7611,0.0066
20260312154922,2000,305,0.7611,0.0066
20260312154923,2000,305,0.7611,0.0066
20260312154924,2000,305,0.7611,0.0066
20260312154925,2000,305,0.7611,0.0066
20260312154926,2000,305,0.7611,0.0066
20260312154927,2000,305,0.7611,0.0066
20260312154928,2000,305,0.7611,0.0066
20260312154929,2000,305,0.7611,0.0066
20260312154930,2000,305,0.7611,0.0066
20260312154931,2000,305,0.7611,0.0066
20260312154932,2000,305,0.7611,0.0066
20260312154933,2000,305,0.7611,0.0066
20260312154934,2000,305,0.7611,0.0066
20260312154935,2000,305,0.7611,0.0066
20260312154936,2000,305,0.7611,0.0066
20260312154937,2000,305,0.7611,0.0066
20260312154938,2000,305,0.7611,0.0066
20260312154939,2000,305,0.7611,0.0066
20260312154940,2000,306,0.7611,0.0066
20260312154941,2000,306,0.7611,0.0066
20260312154942,2000,306,0.7611,0.0066
20260312154943,2000,306,0.7611,0.0066
20260312154944,2000,306,0.7611,0.0066
20260312154945,2000,306,0.7611,0.0066
20260312154946,2000,306,0.7611,0.0066
20260312154947,2000,306,0.7611,0.0066
20260312154948,2000,306,0.7611,0.0066
20260312154949,2000,306,0.7611,0.0066
20260312154950,2000,306,0.7611,0.0066
20260312154951,2000,306,0.7611,0.0066
20260312154952,2000,306,0.7611,0.0066
20260312154953,2000,306,0.7611,0.0066
20260312154954,2000,306,0.7611,0.0066
20260312154955,2000,306,0.7611,0.0066
20260312154956,2000,306,0.7611,0.0066
20260312154957,2000,306,0.7611,0.0066
20260312154958,2000,306,0.7611,0.0066
20260312154959,2000,306,0.7611,0.0066
20260312155000,2000,306,0.7611,0.0066
20260312155001,2000,306,0.7611,0.0066
20260312155002,2000,306,0.7611,0.0066
20260312155003,2000,306,0.7611,0.0066
20260312155004,2000,306,0.7611,0.0066
20260312155005,2000,306,0.7611,0.0066
20260312155006,2000,306,0.7611,0.0066
20260312155007,2000,306,0.7611,0.0066
20260312155008,2000,306,0.7611,0.0066
20260312155009,2000,306,0.7611,0.0066
20260312155010,2000,306,0.7611,0.0066
20260312155011,2000,306,0.7611,0.0066
20260312155012,2000,306,0.7611,0.0066
20260312155013,2000,306,0.7611,0.0066
20260312155014,2000,306,0.7611,0.0066
20260312155015,2000,306,0.7611,0.0066
20260312155016,2000,306,0.7611,0.0066
20260312155017,2000,306,0.7611,0.0066
20260312155018,2000,306,0.7611,0.0066
20260312155019,2000,306,0.7611,0.0066
20260312155020,2000,306,0.7611,0.0066
20260312155021,2000,306,0.7611,0.0066
20260312155022,2000,306,0.7611,0.0066
20260312155024,2000,307,0.7611,0.0066
20260312155025,2000,307,0.7611,0.0066
20260312155026,2000,307,0.7611,0.0066
20260312155027,2000,307,0.7611,0.0066
20260312155028,2000,307,0.7611,0.0066
20260312155029,2000,307,0.7611,0.0066
20260312155030,2000,307,0.7611,0.0066
20260312155031,2000,307,0.7611,0.0066
20260312155032,2000,307,0.7611,0.0066
20260312155033,2000,307,0.7611,0.0066
20260312155034,2000,307,0.7611,0.0066
20260312155035,2000,307,0.7611,0.0066
20260312155036,2000,307,0.7611,0.0066
20260312155037,2000,307,0.7611,0.0066
20260312155038,2000,307,0.7611,0.0066
20260312155039,2000,307,0.7611,0.0066
20260312155040,2000,307,0.7611,0.0066
20260312155041,2000,307,0.7611,0.0066
20260312155042,2000,307,0.7611,0.0066
20260312155043,2000,307,0.7611,0.0066
20260312155044,2000,307,0.7611,0.0066
20260312155045,2000,307,0.7611,0.0066
20260312155046,2000,307,0.7611,0.0066
20260312155047,2000,307,0.7611,0.0066
20260312155048,2000,307,0.7611,0.0066
20260312155049,2000,307,0.7611,0.0066
20260312155050,2000,307,0.7611,0.0066
20260312155051,2000,307,0.7611,0.0066
20260312155052,2000,307,0.7611,0.0066
20260312155053,2000,307,0.7611,0.0066
20260312155054,2000,307,0.7611,0.0066
20260312155055,2000,307,0.7611,0.0066
20260312155056,2000,307,0.7611,0.0066
20260312155057,2000,307,0.7611,0.0066
20260312155058,2000,307,0.7611,0.0066
20260312155059,2000,307,0.7611,0.0066
20260312155100,2000,307,0.7611,0.0066
20260312155101,2000,307,0.7611,0.0066
20260312155102,2000,307,0.7611,0.0066
20260312155103,2000,307,0.7611,0.0066
20260312155104,2000,307,0.7611,0.0066
20260312155105,2000,307,0.7611,0.0066
20260312155106,2000,307,0.7611,0.0066
20260312155107,2000,308,0.7611,0.0066
20260312155108,2000,308,0.7611,0.0066
20260312155109,2000,308,0.7611,0.0066
20260312155110,2000,308,0.7611,0.0066
20260312155111,2000,308,0.7611,0.0066
20260312155112,2000,308,0.7611,0.0066
20260312155113,2000,308,0.7611,0.0066
20260312155114,2000,308,0.7611,0.0066
20260312155115,2000,308,0.7611,0.0066
20260312155116,2000,308,0.7611,0.0066
20260312155117,2000,308,0.7611,0.0066
20260312155118,2000,308,0.7611,0.0066
20260312155119,2000,308,0.7611,0.0066
20260312155120,2000,308,0.7611,0.0066
20260312155121,2000,308,0.7611,0.0066
20260312155122,2000,308,0.7611,0.0066
20260312155123,2000,308,0.7611,0.0066
20260312155124,2000,308,0.7611,0.0066
20260312155125,2000,308,0.7611,0.0066
20260312155126,2000,308,0.7611,0.0066
20260312155127,2000,308,0.7611,0.0066
20260312155128,2000,308,0.7611,0.0066
20260312155129,2000,308,0.7611,0.0066
20260312155130,2000,308,0.7611,0.0066
20260312155131,2000,308,0.7611,0.0066
20260312155132,2000,308,0.7611,0.0066
20260312155133,2000,308,0.7611,0.0066
20260312155134,2000,308,0.7611,0.0066
20260312155135,2000,308,0.7611,0.0066
20260312155136,2000,308,0.7611,0.0066
20260312155137,2000,308,0.7611,0.0066
20260312155138,2000,308,0.7611,0.0066
20260312155139,2000,308,0.7611,0.0066
20260312155140,2000,308,0.7611,0.0066
20260312155141,2000,308,0.7611,0.0066
20260312155142,2000,308,0.7611,0.0066
20260312155143,2000,308,0.7611,0.0066
20260312155144,2000,308,0.7611,0.0066
20260312155145,2000,308,0.7611,0.0066
20260312155146,2000,308,0.7611,0.0066
20260312155147,2000,308,0.7611,0.0066
20260312155148,2000,308,0.7611,0.0066
20260312155149,2000,309,0.7611,0.0066
20260312155150,2000,309,0.7611,0.0066
20260312155151,2000,309,0.7611,0.0066
20260312155152,2000,309,0.7611,0.0066
20260312155153,2000,309,0.7611,0.0066
20260312155155,2000,309,0.761,0.0066
20260312155156,2000,309,0.761,0.0066
20260312155157,2000,309,0.761,0.0066
20260312155158,2000,309,0.761,0.0066
20260312155159,2000,309,0.761,0.0066
20260312155200,2000,309,0.761,0.0066
20260312155201,2000,309,0.761,0.0066
20260312155202,2000,309,0.761,0.0066
20260312155203,2000,309,0.761,0.0066
20260312155204,2000,309,0.761,0.0066
20260312155205,2000,309,0.761,0.0066
20260312155206,2000,309,0.761,0.0066
20260312155207,2000,309,0.761,0.0066
20260312155208,2000,309,0.761,0.0066
20260312155209,2000,309,0.761,0.0066
20260312155210,2000,309,0.761,0.0066
20260312155211,2000,309,0.761,0.0066
20260312155212,2000,309,0.761,0.0066
20260312155213,2000,309,0.761,0.0066
20260312155214,2000,309,0.761,0.0066
20260312155215,2000,309,0.761,0.0066
20260312155216,2000,309,0.761,0.0066
20260312155217,2000,309,0.761,0.0066
20260312155218,2000,309,0.761,0.0066
20260312155219,2000,309,0.761,0.0066
20260312155220,2000,309,0.761,0.0066
20260312155221,2000,309,0.761,0.0066
20260312155222,2000,309,0.761,0.0066
20260312155223,2000,309,0.761,0.0066
20260312155224,2000,309,0.761,0.0066
20260312155225,2000,309,0.761,0.0066
20260312155226,2000,309,0.761,0.0066
20260312155227,2000,309,0.761,0.0066
20260312155228,2000,309,0.761,0.0066
20260312155229,2000,309,0.761,0.0066
20260312155230,2000,309,0.761,0.0066
20260312155231,2000,309,0.761,0.0066
20260312155232,2000,310,0.761,0.0066
20260312155233,2000,310,0.761,0.0066
20260312155234,2000,310,0.761,0.0066
20260312155235,2000,310,0.761,0.0066
20260312155236,2000,310,0.761,0.0066
20260312155237,2000,310,0.761,0.0066
20260312155238,2000,310,0.761,0.0066
20260312155239,2000,310,0.761,0.0066
20260312155240,2000,310,0.761,0.0066
20260312155241,2000,310,0.761,0.0066
20260312155242,2000,310,0.761,0.0066
20260312155243,2000,310,0.761,0.0066
20260312155244,2000,310,0.761,0.0066
20260312155245,2000,310,0.761,0.0066
20260312155246,2000,310,0.761,0.0066
20260312155247,2000,310,0.761,0.0066
20260312155248,2000,310,0.761,0.0066
20260312155249,2000,310,0.761,0.0066
20260312155250,2000,310,0.761,0.0066
20260312155251,2000,310,0.761,0.0066
20260312155252,2000,310,0.761,0.0066
20260312155253,2000,310,0.761,0.0066
20260312155254,2000,310,0.761,0.0066
20260312155255,2000,310,0.761,0.0066
20260312155256,2000,310,0.761,0.0066
20260312155257,2000,310,0.761,0.0066
20260312155258,2000,310,0.761,0.0066
20260312155259,2000,310,0.761,0.0066
20260312155300,2000,310,0.761,0.0066
20260312155301,2000,310,0.761,0.0066
20260312155302,2000,310,0.761,0.0066
20260312155303,2000,310,0.761,0.0066
20260312155304,2000,310,0.761,0.0066
20260312155305,2000,310,0.761,0.0066
20260312155306,2000,310,0.761,0.0066
20260312155307,2000,310,0.761,0.0066
20260312155308,2000,310,0.761,0.0066
20260312155309,2000,310,0.761,0.0066
20260312155310,2000,310,0.761,0.0066
20260312155311,2000,310,0.761,0.0066
20260312155312,2000,310,0.761,0.0066
20260312155313,2000,310,0.761,0.0066
20260312155314,2000,310,0.761,0.0066
20260312155315,2000,311,0.761,0.0066
20260312155316,2000,311,0.761,0.0066
20260312155317,2000,311,0.761,0.0066
20260312155318,2000,311,0.761,0.0066
20260312155319,2000,311,0.761,0.0066
20260312155320,2000,311,0.761,0.0066
20260312155321,2000,311,0.761,0.0066
20260312155322,2000,311,0.761,0.0066
20260312155323,2000,311,0.761,0.0066
20260312155324,2000,311,0.761,0.0066
20260312155325,2000,311,0.761,0.0066
20260312155326,2000,311,0.761,0.0066
20260312155328,2000,311,0.761,0.0066
20260312155329,2000,311,0.761,0.0066
20260312155330,2000,311,0.761,0.0066
20260312155331,2000,311,0.761,0.0066
20260312155332,2000,311,0.761,0.0066
20260312155333,2000,311,0.761,0.0066
20260312155334,2000,311,0.761,0.0066
20260312155335,2000,311,0.761,0.0066
20260312155336,2000,311,0.761,0.0066
20260312155337,2000,311,0.761,0.0066
20260312155338,2000,311,0.761,0.0066
20260312155339,2000,311,0.761,0.0066
20260312155340,2000,311,0.761,0.0066
20260312155341,2000,311,0.761,0.0066
20260312155342,2000,311,0.761,0.0066
20260312155343,2000,311,0.761,0.0066
20260312155344,2000,311,0.761,0.0066
20260312155345,2000,311,0.761,0.0066
20260312155346,2000,311,0.761,0.0066
20260312155347,2000,311,0.761,0.0066
20260312155348,2000,311,0.761,0.0066
20260312155349,2000,311,0.761,0.0066
20260312155350,2000,311,0.761,0.0066
20260312155351,2000,311,0.761,0.0066
20260312155352,2000,311,0.761,0.0066
20260312155353,2000,311,0.761,0.0066
20260312155354,2000,311,0.761,0.0066
20260312155355,2000,311,0.761,0.0066
20260312155356,2000,311,0.761,0.0066
20260312155357,2000,312,0.761,0.0066
20260312155358,2000,312,0.761,0.0066
20260312155359,2000,312,0.761,0.0066
20260312155400,2000,312,0.761,0.0066
20260312155401,2000,312,0.761,0.0066
20260312155402,2000,312,0.761,0.0066
20260312155403,2000,312,0.761,0.0066
20260312155404,2000,312,0.761,0.0066
20260312155405,2000,312,0.761,0.0066
20260312155406,2000,312,0.761,0.0066
20260312155407,2000,312,0.761,0.0066
20260312155408,2000,312,0.761,0.0066
20260312155409,2000,312,0.761,0.0066
20260312155410,2000,312,0.761,0.0066
20260312155411,2000,312,0.761,0.0066
20260312155412,2000,312,0.761,0.0066
20260312155413,2000,312,0.761,0.0066
20260312155414,2000,312,0.761,0.0066
20260312155415,2000,312,0.761,0.0066
20260312155416,2000,312,0.761,0.0066
20260312155417,2000,312,0.761,0.0066
20260312155418,2000,312,0.761,0.0066
20260312155419,2000,312,0.761,0.0066
20260312155420,2000,312,0.761,0.0066
20260312155421,2000,312,0.761,0.0066
20260312155422,2000,312,0.761,0.0066
20260312155423,2000,312,0.761,0.0066
20260312155424,2000,312,0.761,0.0066
20260312155425,2000,312,0.761,0.0066
20260312155426,2000,312,0.761,0.0066
20260312155427,2000,312,0.761,0.0066
20260312155428,2000,312,0.761,0.0066
20260312155429,2000,312,0.761,0.0066
20260312155430,2000,312,0.761,0.0066
20260312155431,2000,312,0.761,0.0066
20260312155432,2000,312,0.761,0.0066
20260312155433,2000,312,0.761,0.0066
20260312155434,2000,312,0.761,0.0066
20260312155435,2000,312,0.761,0.0066
20260312155436,2000,312,0.761,0.0066
20260312155437,2000,312,0.761,0.0066
20260312155438,2000,312,0.761,0.0066
20260312155439,2000,312,0.761,0.0066
20260312155440,2000,313,0.761,0.0066
20260312155441,2000,313,0.761,0.0066
20260312155442,2000,313,0.761,0.0066
20260312155443,2000,313,0.761,0.0066
20260312155444,2000,313,0.761,0.0066
20260312155445,2000,313,0.761,0.0066
20260312155446,2000,313,0.761,0.0066
20260312155447,2000,313,0.761,0.0066
20260312155449,2000,313,0.761,0.0066
20260312155450,2000,313,0.761,0.0066
20260312155451,2000,313,0.761,0.0066
20260312155452,2000,313,0.761,0.0066
20260312155453,2000,313,0.761,0.0066
20260312155454,2000,313,0.761,0.0066
20260312155455,2000,313,0.761,0.0066
20260312155456,2000,313,0.761,0.0066
20260312155457,2000,313,0.761,0.0066
20260312155458,2000,313,0.761,0.0066
20260312155459,2000,313,0.761,0.0066
20260312155500,2000,313,0.761,0.0066
20260312155501,2000,313,0.761,0.0066
20260312155502,2000,313,0.761,0.0066
20260312155503,2000,313,0.761,0.0066
20260312155504,2000,313,0.761,0.0066
20260312155505,2000,313,0.761,0.0066
20260312155506,2000,313,0.761,0.0066
20260312155507,2000,313,0.761,0.0066
20260312155508,2000,313,0.761,0.0066
20260312155509,2000,313,0.761,0.0066
20260312155510,2000,313,0.761,0.0066
20260312155511,2000,313,0.761,0.0066
20260312155512,2000,313,0.761,0.0066
20260312155513,2000,313,0.761,0.0066
20260312155514,2000,313,0.761,0.0066
20260312155515,2000,313,0.761,0.0066
20260312155516,2000,313,0.761,0.0066
20260312155517,2000,313,0.761,0.0066
20260312155518,2000,313,0.761,0.0066
20260312155519,2000,313,0.761,0.0066
20260312155520,2000,313,0.761,0.0066
20260312155521,2000,313,0.761,0.0066
20260312155522,2000,313,0.761,0.0066
20260312155523,2000,314,0.761,0.0066
20260312155524,2000,314,0.761,0.0066
20260312155525,2000,314,0.761,0.0066
20260312155526,2000,314,0.761,0.0066
20260312155527,2000,314,0.761,0.0066
20260312155528,2000,314,0.761,0.0066
20260312155529,2000,314,0.761,0.0066
20260312155530,2000,314,0.761,0.0066
20260312155531,2000,314,0.761,0.0066
20260312155532,2000,314,0.761,0.0066
20260312155533,2000,314,0.761,0.0066
20260312155534,2000,314,0.761,0.0066
20260312155535,2000,314,0.761,0.0066
20260312155536,2000,314,0.761,0.0066
20260312155537,2000,314,0.761,0.0066
20260312155538,2000,314,0.761,0.0066
20260312155539,2000,314,0.761,0.0066
20260312155540,2000,314,0.761,0.0066
20260312155541,2000,314,0.761,0.0066
20260312155542,2000,314,0.761,0.0066
20260312155543,2000,314,0.761,0.0066
20260312155544,2000,314,0.761,0.0066
20260312155545,2000,314,0.761,0.0066
20260312155546,2000,314,0.761,0.0066
20260312155547,2000,314,0.761,0.0066
20260312155548,2000,314,0.761,0.0066
20260312155549,2000,314,0.761,0.0066
20260312155550,2000,314,0.761,0.0066
20260312155551,2000,314,0.761,0.0066
20260312155552,2000,314,0.761,0.0066
20260312155553,2000,314,0.761,0.0066
20260312155554,2000,314,0.761,0.0066
20260312155555,2000,314,0.761,0.0066
20260312155556,2000,314,0.761,0.0066
20260312155557,2000,314,0.761,0.0066
20260312155558,2000,314,0.761,0.0066
20260312155559,2000,314,0.761,0.0066
20260312155600,2000,314,0.761,0.0066
20260312155601,2000,314,0.761,0.0066
20260312155602,2000,314,0.761,0.0066
20260312155603,2000,314,0.761,0.0066
20260312155604,2000,314,0.761,0.0066
20260312155605,2000,314,0.761,0.0066
20260312155606,2000,315,0.761,0.0066
20260312155607,2000,315,0.761,0.0066
20260312155608,2000,315,0.761,0.0066
20260312155609,2000,315,0.761,0.0066
20260312155610,2000,315,0.761,0.0066
20260312155611,2000,315,0.761,0.0066
20260312155612,2000,315,0.761,0.0066
20260312155613,2000,315,0.761,0.0066
20260312155614,2000,315,0.761,0.0066
20260312155615,2000,315,0.761,0.0066
20260312155616,2000,315,0.761,0.0066
20260312155617,2000,315,0.761,0.0066
20260312155618,2000,315,0.761,0.0066
20260312155619,2000,315,0.761,0.0066
20260312155620,2000,315,0.761,0.0066
20260312155621,2000,315,0.761,0.0066
20260312155622,2000,315,0.761,0.0066
20260312155623,2000,315,0.761,0.0066
20260312155625,2000,315,0.761,0.0066
20260312155626,2000,315,0.761,0.0066
20260312155627,2000,315,0.761,0.0066
20260312155628,2000,315,0.761,0.0066
20260312155629,2000,315,0.761,0.0066
20260312155630,2000,315,0.761,0.0066
20260312155631,2000,315,0.761,0.0066
20260312155632,2000,315,0.761,0.0066
20260312155633,2000,315,0.761,0.0066
20260312155634,2000,315,0.761,0.0066
20260312155635,2000,315,0.761,0.0066
20260312155636,2000,315,0.761,0.0066
20260312155637,2000,315,0.761,0.0066
20260312155638,2000,315,0.761,0.0066
20260312155639,2000,315,0.761,0.0066
20260312155640,2000,315,0.761,0.0066
20260312155641,2000,315,0.761,0.0066
20260312155642,2000,315,0.761,0.0066
20260312155643,2000,315,0.761,0.0066
20260312155644,2000,315,0.761,0.0066
20260312155645,2000,315,0.761,0.0066
20260312155646,2000,315,0.761,0.0066
20260312155647,2000,315,0.761,0.0066
20260312155648,2000,316,0.761,0.0066
20260312155649,2000,316,0.761,0.0066
20260312155650,2000,316,0.761,0.0066
20260312155651,2000,316,0.761,0.0066
20260312155652,2000,316,0.761,0.0066
20260312155653,2000,316,0.761,0.0066
20260312155654,2000,316,0.761,0.0066
20260312155655,2000,316,0.761,0.0066
20260312155656,2000,316,0.761,0.0066
20260312155657,2000,316,0.761,0.0066
20260312155658,2000,316,0.761,0.0066
20260312155659,2000,316,0.761,0.0066
20260312155700,2000,316,0.761,0.0066
20260312155701,2000,316,0.761,0.0066
20260312155702,2000,316,0.761,0.0066
20260312155703,2000,316,0.761,0.0066
20260312155704,2000,316,0.761,0.0066
20260312155705,2000,316,0.761,0.0066
20260312155706,2000,316,0.761,0.0066
20260312155707,2000,316,0.761,0.0066
20260312155708,2000,316,0.761,0.0066
20260312155709,2000,316,0.761,0.0066
20260312155710,2000,316,0.761,0.0066
20260312155711,2000,316,0.761,0.0066
20260312155712,2000,316,0.761,0.0066
20260312155713,2000,316,0.761,0.0066
20260312155714,2000,316,0.761,0.0066
20260312155715,2000,316,0.761,0.0066
20260312155716,2000,316,0.761,0.0066
20260312155717,2000,316,0.761,0.0066
20260312155718,2000,316,0.761,0.0066
20260312155719,2000,316,0.761,0.0066
20260312155720,2000,316,0.761,0.0066
20260312155721,2000,316,0.761,0.0066
20260312155722,2000,316,0.761,0.0066
20260312155723,2000,316,0.761,0.0066
20260312155724,2000,316,0.761,0.0066
20260312155725,2000,316,0.761,0.0066
20260312155726,2000,316,0.761,0.0066
20260312155727,2000,316,0.761,0.0066
20260312155728,2000,316,0.761,0.0066
20260312155729,2000,316,0.761,0.0066
20260312155730,2000,317,0.761,0.0066
20260312155731,2000,317,0.761,0.0066
20260312155732,2000,317,0.761,0.0066
20260312155733,2000,317,0.761,0.0066
20260312155734,2000,317,0.761,0.0066
20260312155735,2000,317,0.7609,0.0066
20260312155736,2000,317,0.7609,0.0066
20260312155737,2000,317,0.7609,0.0066
20260312155738,2000,317,0.7609,0.0066
20260312155739,2000,317,0.7609,0.0066
20260312155740,2000,317,0.7609,0.0066
20260312155741,2000,317,0.7609,0.0066
20260312155742,2000,317,0.7609,0.0066
20260312155743,2000,317,0.7609,0.0066
20260312155744,2000,317,0.7609,0.0066
20260312155745,2000,317,0.7609,0.0066
20260312155746,2000,317,0.7609,0.0066
20260312155747,2000,317,0.7609,0.0066
20260312155748,2000,317,0.7609,0.0066
20260312155749,2000,317,0.7609,0.0066
20260312155750,2000,317,0.7609,0.0066
20260312155751,2000,317,0.7609,0.0066
20260312155752,2000,317,0.7609,0.0066
20260312155753,2000,317,0.7609,0.0066
20260312155754,2000,317,0.7609,0.0066
20260312155755,2000,317,0.7609,0.0066
20260312155756,2000,317,0.7609,0.0066
20260312155757,2000,317,0.7609,0.0066
20260312155758,2000,317,0.7609,0.0066
20260312155800,2000,317,0.7609,0.0066
20260312155801,2000,317,0.7609,0.0066
20260312155802,2000,317,0.7609,0.0066
20260312155803,2000,317,0.7609,0.0066
20260312155804,2000,317,0.7609,0.0066
20260312155805,2000,317,0.7609,0.0066
20260312155806,2000,317,0.7609,0.0066
20260312155807,2000,317,0.7609,0.0066
20260312155808,2000,317,0.7609,0.0066
20260312155809,2000,317,0.7609,0.0066
20260312155810,2000,317,0.7609,0.0066
20260312155811,2000,317,0.7609,0.0066
20260312155812,2000,317,0.7609,0.0066
20260312155813,2000,317,0.7609,0.0066
20260312155814,2000,317,0.7609,0.0066
20260312155815,2000,318,0.7609,0.0066
20260312155816,2000,318,0.7609,0.0066
20260312155817,2000,318,0.7609,0.0066
20260312155818,2000,318,0.7609,0.0066
20260312155819,2000,318,0.7609,0.0066
20260312155820,2000,318,0.7609,0.0066
20260312155821,2000,318,0.7609,0.0066
20260312155822,2000,318,0.7609,0.0066
20260312155823,2000,318,0.7609,0.0066
20260312155824,2000,318,0.7609,0.0066
20260312155825,2000,318,0.7609,0.0066
20260312155826,2000,318,0.7609,0.0066
20260312155827,2000,318,0.7609,0.0066
20260312155828,2000,318,0.7609,0.0066
20260312155829,2000,318,0.7609,0.0066
20260312155830,2000,318,0.7609,0.0066
20260312155831,2000,318,0.7609,0.0066
20260312155832,2000,318,0.7609,0.0066
20260312155833,2000,318,0.7609,0.0066
20260312155834,2000,318,0.7609,0.0066
20260312155835,2000,318,0.7609,0.0066
20260312155836,2000,318,0.7609,0.0066
20260312155837,2000,318,0.7609,0.0066
20260312155838,2000,318,0.7609,0.0066
20260312155839,2000,318,0.7609,0.0066
20260312155840,2000,318,0.7609,0.0066
20260312155841,2000,318,0.7609,0.0066
20260312155842,2000,318,0.7609,0.0066
20260312155843,2000,318,0.7609,0.0066
20260312155844,2000,318,0.7609,0.0066
20260312155845,2000,318,0.7609,0.0066
20260312155846,2000,318,0.7609,0.0066
20260312155847,2000,318,0.7609,0.0066
20260312155848,2000,318,0.7609,0.0066
20260312155849,2000,318,0.7609,0.0066
20260312155850,2000,318,0.7609,0.0066
20260312155851,2000,318,0.7609,0.0066
20260312155852,2000,318,0.7609,0.0066
20260312155853,2000,318,0.7609,0.0066
20260312155854,2000,318,0.7609,0.0066
20260312155855,2000,318,0.7609,0.0066
20260312155856,2000,318,0.7609,0.0066
20260312155857,2000,318,0.7609,0.0066
20260312155858,2000,319,0.7609,0.0066
20260312155859,2000,319,0.7609,0.0066
20260312155900,2000,319,0.7609,0.0066
20260312155901,2000,319,0.7609,0.0066
20260312155902,2000,319,0.7609,0.0066
20260312155903,2000,319,0.7609,0.0066
20260312155904,2000,319,0.7609,0.0066
20260312155905,2000,319,0.7609,0.0066
20260312155906,2000,319,0.7609,0.0066
20260312155907,2000,319,0.7609,0.0066
20260312155908,2000,319,0.7609,0.0066
20260312155909,2000,319,0.7609,0.0066
20260312155910,2000,319,0.7609,0.0066
20260312155911,2000,319,0.7609,0.0066
20260312155912,2000,319,0.7609,0.0066
20260312155913,2000,319,0.7609,0.0066
20260312155914,2000,319,0.7609,0.0066
20260312155915,2000,319,0.7609,0.0066
20260312155916,2000,319,0.7609,0.0066
20260312155917,2000,319,0.7609,0.0066
20260312155918,2000,319,0.7609,0.0066
20260312155919,2000,319,0.7609,0.0066
20260312155920,2000,319,0.7609,0.0066
20260312155921,2000,319,0.7609,0.0066
20260312155922,2000,319,0.7609,0.0066
20260312155923,2000,319,0.7609,0.0066
20260312155924,2000,319,0.7609,0.0066
20260312155925,2000,319,0.7609,0.0066
20260312155926,2000,319,0.7609,0.0066
20260312155927,2000,319,0.7609,0.0066
20260312155928,2000,319,0.7609,0.0066
20260312155929,2000,319,0.7609,0.0066
20260312155930,2000,319,0.7609,0.0066
20260312155931,2000,319,0.7609,0.0066
20260312155932,2000,319,0.7609,0.0066
20260312155933,2000,319,0.7609,0.0066
20260312155934,2000,319,0.7609,0.0066
20260312155935,2000,319,0.7609,0.0066
20260312155937,2000,319,0.7609,0.0066
20260312155938,2000,319,0.7609,0.0066
20260312155939,2000,319,0.7609,0.0066
20260312155940,2000,320,0.7609,0.0066
20260312155941,2000,320,0.7609,0.0066
20260312155942,2000,320,0.7609,0.0066
20260312155943,2000,320,0.7609,0.0066
20260312155944,2000,320,0.7609,0.0066
20260312155945,2000,320,0.7609,0.0066
20260312155946,2000,320,0.7609,0.0066
20260312155947,2000,320,0.7609,0.0066
20260312155948,2000,320,0.7609,0.0066
20260312155949,2000,320,0.7609,0.0066
20260312155950,2000,320,0.7609,0.0066
20260312155951,2000,320,0.7609,0.0066
20260312155952,2000,320,0.7609,0.0066
20260312155953,2000,320,0.7609,0.0066
20260312155954,2000,320,0.7609,0.0066
20260312155955,2000,320,0.7609,0.0066
20260312155956,2000,320,0.7609,0.0066
20260312155957,2000,320,0.7609,0.0066
20260312155958,2000,320,0.7609,0.0066
20260312155959,2000,320,0.7609,0.0066
20260312160000,2000,320,0.7609,0.0066
20260312160001,2000,320,0.7609,0.0066
20260312160002,2000,320,0.7609,0.0066
20260312160003,2000,320,0.7609,0.0066
20260312160004,2000,320,0.7609,0.0066
20260312160005,2000,320,0.7609,0.0066
20260312160006,2000,320,0.7609,0.0066
20260312160007,2000,320,0.7609,0.0066
20260312160008,2000,320,0.7609,0.0066
20260312160009,2000,320,0.7609,0.0066
20260312160010,2000,320,0.7609,0.0066
20260312160011,2000,320,0.7609,0.0066
20260312160012,2000,320,0.7609,0.0066
20260312160013,2000,320,0.7609,0.0066
20260312160014,2000,320,0.7609,0.0066
20260312160015,2000,320,0.7609,0.0066
20260312160016,2000,320,0.7609,0.0066
20260312160017,2000,320,0.7609,0.0066
20260312160018,2000,320,0.7609,0.0066
20260312160019,2000,320,0.7609,0.0066
20260312160020,2000,320,0.7609,0.0066
20260312160021,2000,320,0.7609,0.0066
20260312160022,2000,320,0.7609,0.0066
20260312160023,2000,321,0.7609,0.0066
20260312160024,2000,321,0.7609,0.0066
20260312160025,2000,321,0.7609,0.0066
20260312160026,2000,321,0.7609,0.0066
20260312160027,2000,321,0.7609,0.0066
20260312160028,2000,321,0.7609,0.0066
20260312160029,2000,321,0.7609,0.0066
20260312160030,2000,321,0.7609,0.0066
20260312160031,2000,321,0.7609,0.0066
20260312160032,2000,321,0.7609,0.0066
20260312160033,2000,321,0.7609,0.0066
20260312160034,2000,321,0.7609,0.0066
20260312160035,2000,321,0.7609,0.0066
20260312160036,2000,321,0.7609,0.0066
20260312160037,2000,321,0.7609,0.0066
20260312160038,2000,321,0.7609,0.0066
20260312160039,2000,321,0.7609,0.0066
20260312160040,2000,321,0.7609,0.0066
20260312160041,2000,321,0.7609,0.0066
20260312160042,2000,321,0.7609,0.0066
20260312160043,2000,321,0.7609,0.0066
20260312160044,2000,321,0.7609,0.0066
20260312160045,2000,321,0.7609,0.0066
20260312160046,2000,321,0.7609,0.0066
20260312160047,2000,321,0.7609,0.0066
20260312160048,2000,321,0.7609,0.0066
20260312160049,2000,321,0.7609,0.0066
20260312160050,2000,321,0.7609,0.0066
20260312160051,2000,321,0.7609,0.0066
20260312160052,2000,321,0.7609,0.0066
20260312160053,2000,321,0.7609,0.0066
20260312160054,2000,321,0.7609,0.0066
20260312160055,2000,321,0.7609,0.0066
20260312160056,2000,321,0.7609,0.0066
20260312160057,2000,321,0.7609,0.0066
20260312160058,2000,321,0.7609,0.0066
20260312160059,2000,321,0.7609,0.0066
20260312160100,2000,321,0.7609,0.0066
20260312160101,2000,321,0.7609,0.0066
20260312160102,2000,321,0.7609,0.0066
20260312160103,2000,321,0.7609,0.0066
20260312160104,2000,321,0.7609,0.0066
20260312160105,2000,321,0.7609,0.0066
20260312160106,2000,322,0.7609,0.0066
20260312160107,2000,322,0.7609,0.0066
20260312160109,2000,322,0.7609,0.0066
20260312160110,2000,322,0.7609,0.0066
20260312160111,2000,322,0.7609,0.0066
20260312160112,2000,322,0.7609,0.0066
20260312160113,2000,322,0.7609,0.0066
20260312160114,2000,322,0.7609,0.0066
20260312160115,2000,322,0.7609,0.0066
20260312160116,2000,322,0.7609,0.0066
20260312160117,2000,322,0.7609,0.0066
20260312160118,2000,322,0.7609,0.0066
20260312160119,2000,322,0.7609,0.0066
20260312160120,2000,322,0.7609,0.0066
20260312160121,2000,322,0.7609,0.0066
20260312160122,2000,322,0.7609,0.0066
20260312160123,2000,322,0.7609,0.0066
20260312160124,2000,322,0.7609,0.0066
20260312160125,2000,322,0.7609,0.0066
20260312160126,2000,322,0.7609,0.0066
20260312160127,2000,322,0.7609,0.0066
20260312160128,2000,322,0.7609,0.0066
20260312160129,2000,322,0.7609,0.0066
20260312160130,2000,322,0.7609,0.0066
20260312160131,2000,322,0.7609,0.0066
20260312160132,2000,322,0.7609,0.0066
20260312160133,2000,322,0.7609,0.0066
20260312160134,2000,322,0.7609,0.0066
20260312160135,2000,322,0.7609,0.0066
20260312160136,2000,322,0.7609,0.0066
20260312160137,2000,322,0.7609,0.0066
20260312160138,2000,322,0.7609,0.0066
20260312160139,2000,322,0.7609,0.0066
20260312160140,2000,322,0.7609,0.0066
20260312160141,2000,322,0.7609,0.0066
20260312160142,2000,322,0.7609,0.0066
20260312160143,2000,322,0.7609,0.0066
20260312160144,2000,322,0.7609,0.0066
20260312160145,2000,322,0.7609,0.0066
20260312160146,2000,322,0.7609,0.0066
20260312160147,2000,322,0.7609,0.0066
20260312160148,2000,323,0.7609,0.0066
20260312160149,2000,323,0.7609,0.0066
20260312160150,2000,323,0.7609,0.0066
20260312160151,2000,323,0.7609,0.0066
20260312160152,2000,323,0.7609,0.0066
20260312160153,2000,323,0.7609,0.0066
20260312160154,2000,323,0.7609,0.0066
20260312160155,2000,323,0.7609,0.0066
20260312160156,2000,323,0.7609,0.0066
20260312160157,2000,323,0.7609,0.0066
20260312160158,2000,323,0.7609,0.0066
20260312160159,2000,323,0.7609,0.0066
20260312160200,2000,323,0.7609,0.0066
20260312160201,2000,323,0.7609,0.0066
20260312160202,2000,323,0.7609,0.0066
20260312160203,2000,323,0.7609,0.0066
20260312160204,2000,323,0.7609,0.0066
20260312160205,2000,323,0.7609,0.0066
20260312160206,2000,323,0.7609,0.0066
20260312160207,2000,323,0.7609,0.0066
20260312160208,2000,323,0.7609,0.0066
20260312160209,2000,323,0.7609,0.0066
20260312160210,2000,323,0.7609,0.0066
20260312160211,2000,323,0.7609,0.0066
20260312160212,2000,323,0.7609,0.0066
20260312160213,2000,323,0.7609,0.0066
20260312160214,2000,323,0.7609,0.0066
20260312160215,2000,323,0.7609,0.0066
20260312160216,2000,323,0.7609,0.0066
20260312160217,2000,323,0.7609,0.0066
20260312160218,2000,323,0.7609,0.0066
20260312160219,2000,323,0.7609,0.0066
20260312160220,2000,323,0.7609,0.0066
20260312160221,2000,323,0.7609,0.0066
20260312160222,2000,323,0.7609,0.0066
20260312160223,2000,323,0.7609,0.0066
20260312160224,2000,323,0.7609,0.0066
20260312160225,2000,323,0.7609,0.0066
20260312160226,2000,323,0.7609,0.0066
20260312160227,2000,323,0.7609,0.0066
20260312160228,2000,323,0.7609,0.0066
20260312160229,2000,323,0.7609,0.0066
20260312160230,2000,323,0.7609,0.0066
20260312160231,2000,324,0.7609,0.0066
20260312160232,2000,324,0.7609,0.0066
20260312160233,2000,324,0.7609,0.0066
20260312160234,2000,324,0.7609,0.0066
20260312160235,2000,324,0.7609,0.0066
20260312160236,2000,324,0.7609,0.0066
20260312160237,2000,324,0.7609,0.0066
20260312160238,2000,324,0.7609,0.0066
20260312160239,2000,324,0.7609,0.0066
20260312160240,2000,324,0.7609,0.0066
20260312160241,2000,324,0.7609,0.0066
20260312160243,2000,324,0.7609,0.0066
20260312160244,2000,324,0.7609,0.0066
20260312160245,2000,324,0.7609,0.0066
20260312160246,2000,324,0.7609,0.0066
20260312160247,2000,324,0.7609,0.0066
20260312160248,2000,324,0.7609,0.0066
20260312160249,2000,324,0.7609,0.0066
20260312160250,2000,324,0.7609,0.0066
20260312160251,2000,324,0.7609,0.0066
20260312160252,2000,324,0.7609,0.0066
20260312160253,2000,324,0.7609,0.0066
20260312160254,2000,324,0.7609,0.0066
20260312160255,2000,324,0.7609,0.0066
20260312160256,2000,324,0.7609,0.0066
20260312160257,2000,324,0.7609,0.0066
20260312160258,2000,324,0.7609,0.0066
20260312160259,2000,324,0.7609,0.0066
20260312160300,2000,324,0.7609,0.0066
20260312160301,2000,324,0.7609,0.0066
20260312160302,2000,324,0.7609,0.0066
20260312160303,2000,324,0.7609,0.0066
20260312160304,2000,324,0.7609,0.0066
20260312160305,2000,324,0.7609,0.0066
20260312160306,2000,324,0.7609,0.0066
20260312160307,2000,324,0.7609,0.0066
20260312160308,2000,324,0.7609,0.0066
20260312160309,2000,324,0.7609,0.0066
20260312160310,2000,324,0.7609,0.0066
20260312160311,2000,324,0.7609,0.0066
20260312160312,2000,324,0.7609,0.0066
20260312160313,2000,324,0.7609,0.0066
20260312160314,2000,325,0.7609,0.0066
20260312160315,2000,325,0.7609,0.0066
20260312160316,2000,325,0.7609,0.0066
20260312160317,2000,325,0.7609,0.0066
20260312160318,2000,325,0.7608,0.0066
20260312160319,2000,325,0.7608,0.0066
20260312160320,2000,325,0.7608,0.0066
20260312160321,2000,325,0.7608,0.0066
20260312160322,2000,325,0.7608,0.0066
20260312160323,2000,325,0.7608,0.0066
20260312160324,2000,325,0.7608,0.0066
20260312160325,2000,325,0.7608,0.0066
20260312160326,2000,325,0.7608,0.0066
20260312160327,2000,325,0.7608,0.0066
20260312160328,2000,325,0.7608,0.0066
20260312160329,2000,325,0.7608,0.0066
20260312160330,2000,325,0.7608,0.0066
20260312160331,2000,325,0.7608,0.0066
20260312160332,2000,325,0.7608,0.0066
20260312160333,2000,325,0.7608,0.0066
20260312160334,2000,325,0.7608,0.0066
20260312160335,2000,325,0.7608,0.0066
20260312160336,2000,325,0.7608,0.0066
20260312160337,2000,325,0.7608,0.0066
20260312160338,2000,325,0.7608,0.0066
20260312160339,2000,325,0.7608,0.0066
20260312160340,2000,325,0.7608,0.0066
20260312160341,2000,325,0.7608,0.0066
20260312160342,2000,325,0.7608,0.0066
20260312160343,2000,325,0.7608,0.0066
20260312160344,2000,325,0.7608,0.0066
20260312160345,2000,325,0.7608,0.0066
20260312160346,2000,325,0.7608,0.0066
20260312160347,2000,325,0.7608,0.0066
20260312160348,2000,325,0.7608,0.0066
20260312160349,2000,325,0.7608,0.0066
20260312160350,2000,325,0.7608,0.0066
20260312160351,2000,325,0.7608,0.0066
20260312160352,2000,325,0.7608,0.0066
20260312160353,2000,325,0.7608,0.0066
20260312160354,2000,325,0.7608,0.0066
20260312160355,2000,325,0.7608,0.0066
20260312160356,2000,325,0.7608,0.0066
20260312160357,2000,326,0.7608,0.0066
20260312160358,2000,326,0.7608,0.0066
20260312160359,2000,326,0.7608,0.0066
20260312160400,2000,326,0.7608,0.0066
20260312160401,2000,326,0.7608,0.0066
20260312160402,2000,326,0.7608,0.0066
20260312160403,2000,326,0.7608,0.0066
20260312160404,2000,326,0.7608,0.0066
20260312160405,2000,326,0.7608,0.0066
20260312160406,2000,326,0.7608,0.0066
20260312160407,2000,326,0.7608,0.0066
20260312160408,2000,326,0.7608,0.0066
20260312160409,2000,326,0.7608,0.0066
20260312160410,2000,326,0.7608,0.0066
20260312160411,2000,326,0.7608,0.0066
20260312160412,2000,326,0.7608,0.0066
20260312160413,2000,326,0.7608,0.0066
20260312160415,2000,326,0.7608,0.0066
20260312160416,2000,326,0.7608,0.0066
20260312160417,2000,326,0.7608,0.0066
20260312160418,2000,326,0.7608,0.0066
20260312160419,2000,326,0.7608,0.0066
20260312160420,2000,326,0.7608,0.0066
20260312160421,2000,326,0.7608,0.0066
20260312160422,2000,326,0.7608,0.0066
20260312160423,2000,326,0.7608,0.0066
20260312160424,2000,326,0.7608,0.0066
20260312160425,2000,326,0.7608,0.0066
20260312160426,2000,326,0.7608,0.0066
20260312160427,2000,326,0.7608,0.0066
20260312160428,2000,326,0.7608,0.0066
20260312160429,2000,326,0.7608,0.0066
20260312160430,2000,326,0.7608,0.0066
20260312160431,2000,326,0.7608,0.0066
20260312160432,2000,326,0.7608,0.0066
20260312160433,2000,326,0.7608,0.0066
20260312160434,2000,326,0.7608,0.0066
20260312160435,2000,326,0.7608,0.0066
20260312160436,2000,326,0.7608,0.0066
20260312160437,2000,326,0.7608,0.0066
20260312160438,2000,326,0.7608,0.0066
20260312160439,2000,326,0.7608,0.0066
20260312160440,2000,326,0.7608,0.0066
20260312160441,2000,327,0.7608,0.0066
20260312160442,2000,327,0.7608,0.0066
20260312160443,2000,327,0.7608,0.0066
20260312160444,2000,327,0.7608,0.0066
20260312160445,2000,327,0.7608,0.0066
20260312160446,2000,327,0.7608,0.0066
20260312160447,2000,327,0.7608,0.0066
20260312160448,2000,327,0.7608,0.0066
20260312160449,2000,327,0.7608,0.0066
20260312160450,2000,327,0.7608,0.0066
20260312160451,2000,327,0.7608,0.0066
20260312160452,2000,327,0.7608,0.0066
20260312160453,2000,327,0.7608,0.0066
20260312160454,2000,327,0.7608,0.0066
20260312160455,2000,327,0.7608,0.0066
20260312160456,2000,327,0.7608,0.0066
20260312160457,2000,327,0.7608,0.0066
20260312160458,2000,327,0.7608,0.0066
20260312160459,2000,327,0.7608,0.0066
20260312160500,2000,327,0.7608,0.0066
20260312160501,2000,327,0.7608,0.0066
20260312160502,2000,327,0.7608,0.0066
20260312160503,2000,327,0.7608,0.0066
20260312160504,2000,327,0.7608,0.0066
20260312160505,2000,327,0.7608,0.0066
20260312160506,2000,327,0.7608,0.0066
20260312160507,2000,327,0.7608,0.0066
20260312160508,2000,327,0.7608,0.0066
20260312160509,2000,327,0.7608,0.0066
20260312160510,2000,327,0.7608,0.0066
20260312160511,2000,327,0.7608,0.0066
20260312160512,2000,327,0.7608,0.0066
20260312160513,2000,327,0.7608,0.0066
20260312160514,2000,327,0.7608,0.0066
20260312160515,2000,327,0.7608,0.0066
20260312160516,2000,327,0.7608,0.0066
20260312160517,2000,327,0.7608,0.0066
20260312160518,2000,327,0.7608,0.0066
20260312160519,2000,327,0.7608,0.0066
20260312160520,2000,327,0.7608,0.0066
20260312160521,2000,327,0.7608,0.0066
20260312160522,2000,327,0.7608,0.0066
20260312160523,2000,327,0.7608,0.0066
20260312160524,2000,327,0.7608,0.0066
20260312160525,2000,327,0.7608,0.0066
20260312160526,2000,328,0.7608,0.0066
20260312160527,2000,328,0.7608,0.0066
20260312160528,2000,328,0.7608,0.0066
20260312160529,2000,328,0.7608,0.0066
20260312160530,2000,328,0.7608,0.0066
20260312160531,2000,328,0.7608,0.0066
20260312160532,2000,328,0.7608,0.0066
20260312160533,2000,328,0.7608,0.0066
20260312160534,2000,328,0.7608,0.0066
20260312160535,2000,328,0.7608,0.0066
20260312160536,2000,328,0.7608,0.0066
20260312160537,2000,328,0.7608,0.0066
20260312160538,2000,328,0.7608,0.0066
20260312160539,2000,328,0.7608,0.0066
20260312160540,2000,328,0.7608,0.0066
20260312160541,2000,328,0.7608,0.0066
20260312160542,2000,328,0.7608,0.0066
20260312160543,2000,328,0.7608,0.0066
20260312160544,2000,328,0.7608,0.0066
20260312160545,2000,328,0.7608,0.0066
20260312160546,2000,328,0.7608,0.0066
20260312160547,2000,328,0.7608,0.0066
20260312160548,2000,328,0.7608,0.0066
20260312160549,2000,328,0.7608,0.0066
20260312160550,2000,328,0.7608,0.0066
20260312160552,2000,328,0.7608,0.0066
20260312160553,2000,328,0.7608,0.0066
20260312160554,2000,328,0.7608,0.0066
20260312160555,2000,328,0.7608,0.0066
20260312160556,2000,328,0.7608,0.0066
20260312160557,2000,328,0.7608,0.0066
20260312160558,2000,328,0.7608,0.0066
20260312160559,2000,328,0.7608,0.0066
20260312160600,2000,328,0.7608,0.0066
20260312160601,2000,328,0.7608,0.0066
20260312160602,2000,328,0.7608,0.0066
20260312160603,2000,328,0.7608,0.0066
20260312160604,2000,328,0.7608,0.0066
20260312160605,2000,328,0.7608,0.0066
20260312160606,2000,328,0.7608,0.0066
20260312160607,2000,328,0.7608,0.0066
20260312160608,2000,329,0.7608,0.0066
20260312160609,2000,329,0.7608,0.0066
20260312160610,2000,329,0.7608,0.0066
20260312160611,2000,329,0.7608,0.0066
20260312160612,2000,329,0.7608,0.0066
20260312160613,2000,329,0.7608,0.0066
20260312160614,2000,329,0.7608,0.0066
20260312160615,2000,329,0.7608,0.0066
20260312160616,2000,329,0.7608,0.0066
20260312160617,2000,329,0.7608,0.0066
20260312160618,2000,329,0.7608,0.0066
20260312160619,2000,329,0.7608,0.0066
20260312160620,2000,329,0.7608,0.0066
20260312160621,2000,329,0.7608,0.0066
20260312160622,2000,329,0.7608,0.0066
20260312160623,2000,329,0.7608,0.0066
20260312160624,2000,329,0.7608,0.0066
20260312160625,2000,329,0.7608,0.0066
20260312160626,2000,329,0.7608,0.0066
20260312160627,2000,329,0.7608,0.0066
20260312160628,2000,329,0.7608,0.0066
20260312160629,2000,329,0.7608,0.0066
20260312160630,2000,329,0.7608,0.0066
20260312160631,2000,329,0.7608,0.0066
20260312160632,2000,329,0.7608,0.0066
20260312160633,2000,329,0.7608,0.0066
20260312160634,2000,329,0.7608,0.0066
20260312160635,2000,329,0.7608,0.0066
20260312160636,2000,329,0.7608,0.0066
20260312160637,2000,329,0.7608,0.0066
20260312160638,2000,329,0.7608,0.0066
20260312160639,2000,329,0.7608,0.0066
20260312160640,2000,329,0.7608,0.0066
20260312160641,2000,329,0.7608,0.0066
20260312160642,2000,329,0.7608,0.0066
20260312160643,2000,329,0.7608,0.0066
20260312160644,2000,329,0.7608,0.0066
20260312160645,2000,329,0.7608,0.0066
20260312160646,2000,329,0.7608,0.0066
20260312160647,2000,329,0.7608,0.0066
20260312160648,2000,329,0.7608,0.0066
20260312160649,2000,329,0.7608,0.0066
20260312160650,2000,330,0.7608,0.0066
20260312160651,2000,330,0.7608,0.0066
20260312160652,2000,330,0.7608,0.0066
20260312160653,2000,330,0.7608,0.0066
20260312160654,2000,330,0.7608,0.0066
20260312160655,2000,330,0.7608,0.0066
20260312160656,2000,330,0.7608,0.0066
20260312160657,2000,330,0.7608,0.0066
20260312160658,2000,330,0.7608,0.0066
20260312160659,2000,330,0.7608,0.0066
20260312160700,2000,330,0.7608,0.0066
20260312160701,2000,330,0.7608,0.0066
20260312160702,2000,330,0.7608,0.0066
20260312160703,2000,330,0.7608,0.0066
20260312160704,2000,330,0.7608,0.0066
20260312160705,2000,330,0.7608,0.0066
20260312160706,2000,330,0.7608,0.0066
20260312160707,2000,330,0.7608,0.0066
20260312160708,2000,330,0.7608,0.0066
20260312160709,2000,330,0.7608,0.0066
20260312160710,2000,330,0.7608,0.0066
20260312160711,2000,330,0.7608,0.0066
20260312160712,2000,330,0.7608,0.0066
20260312160713,2000,330,0.7608,0.0066
20260312160714,2000,330,0.7608,0.0066
20260312160715,2000,330,0.7608,0.0066
20260312160716,2000,330,0.7608,0.0066
20260312160717,2000,330,0.7608,0.0066
20260312160718,2000,330,0.7608,0.0066
20260312160719,2000,330,0.7608,0.0066
20260312160720,2000,330,0.7608,0.0066
20260312160721,2000,330,0.7608,0.0066
20260312160722,2000,330,0.7608,0.0066
20260312160723,2000,330,0.7608,0.0066
20260312160724,2000,330,0.7608,0.0066
20260312160725,2000,330,0.7608,0.0066
20260312160726,2000,330,0.7608,0.0066
20260312160727,2000,330,0.7608,0.0066
20260312160728,2000,330,0.7608,0.0066
20260312160730,2000,330,0.7608,0.0066
20260312160731,2000,330,0.7608,0.0066
20260312160732,2000,330,0.7608,0.0066
20260312160733,2000,331,0.7608,0.0066
20260312160734,2000,331,0.7608,0.0066
20260312160735,2000,331,0.7608,0.0066
20260312160736,2000,331,0.7608,0.0066
20260312160737,2000,331,0.7608,0.0066
20260312160738,2000,331,0.7608,0.0066
20260312160739,2000,331,0.7608,0.0066
20260312160740,2000,331,0.7608,0.0066
20260312160741,2000,331,0.7608,0.0066
20260312160742,2000,331,0.7608,0.0066
20260312160743,2000,331,0.7608,0.0066
20260312160744,2000,331,0.7608,0.0066
20260312160745,2000,331,0.7608,0.0066
20260312160746,2000,331,0.7608,0.0066
20260312160747,2000,331,0.7608,0.0066
20260312160748,2000,331,0.7608,0.0066
20260312160749,2000,331,0.7608,0.0066
20260312160750,2000,331,0.7608,0.0066
20260312160751,2000,331,0.7608,0.0066
20260312160752,2000,331,0.7608,0.0066
20260312160753,2000,331,0.7608,0.0066
20260312160754,2000,331,0.7608,0.0066
20260312160755,2000,331,0.7608,0.0066
20260312160756,2000,331,0.7608,0.0066
20260312160757,2000,331,0.7608,0.0066
20260312160758,2000,331,0.7608,0.0066
20260312160759,2000,331,0.7608,0.0066
20260312160800,2000,331,0.7608,0.0066
20260312160801,2000,331,0.7608,0.0066
20260312160802,2000,331,0.7608,0.0066
20260312160803,2000,331,0.7608,0.0066
20260312160804,2000,331,0.7608,0.0066
20260312160805,2000,331,0.7608,0.0066
20260312160806,2000,331,0.7608,0.0066
20260312160807,2000,331,0.7608,0.0066
20260312160808,2000,331,0.7608,0.0066
20260312160809,2000,331,0.7608,0.0066
20260312160810,2000,331,0.7608,0.0066
20260312160811,2000,331,0.7608,0.0066
20260312160812,2000,331,0.7608,0.0066
20260312160813,2000,331,0.7608,0.0066
20260312160814,2000,332,0.7608,0.0066
20260312160815,2000,332,0.7608,0.0066
20260312160816,2000,332,0.7608,0.0066
20260312160817,2000,332,0.7608,0.0066
20260312160818,2000,332,0.7608,0.0066
20260312160819,2000,332,0.7608,0.0066
20260312160820,2000,332,0.7608,0.0066
20260312160821,2000,332,0.7608,0.0066
20260312160822,2000,332,0.7608,0.0066
20260312160823,2000,332,0.7608,0.0066
20260312160824,2000,332,0.7608,0.0066
20260312160825,2000,332,0.7608,0.0066
20260312160826,2000,332,0.7608,0.0066
20260312160827,2000,332,0.7608,0.0066
20260312160828,2000,332,0.7608,0.0066
20260312160829,2000,332,0.7608,0.0066
20260312160830,2000,332,0.7608,0.0066
20260312160831,2000,332,0.7608,0.0066
20260312160832,2000,332,0.7608,0.0066
20260312160833,2000,332,0.7608,0.0066
20260312160834,2000,332,0.7608,0.0066
20260312160835,2000,332,0.7608,0.0066
20260312160836,2000,332,0.7608,0.0066
20260312160837,2000,332,0.7608,0.0066
20260312160838,2000,332,0.7608,0.0066
20260312160839,2000,332,0.7608,0.0066
20260312160840,2000,332,0.7608,0.0066
20260312160841,2000,332,0.7608,0.0066
20260312160842,2000,332,0.7608,0.0066
20260312160843,2000,332,0.7608,0.0066
20260312160844,2000,332,0.7608,0.0066
20260312160845,2000,332,0.7608,0.0066
20260312160846,2000,332,0.7608,0.0066
20260312160847,2000,332,0.7608,0.0066
20260312160848,2000,332,0.7608,0.0066
20260312160849,2000,332,0.7608,0.0066
20260312160850,2000,332,0.7608,0.0066
20260312160851,2000,332,0.7608,0.0066
20260312160852,2000,332,0.7608,0.0066
20260312160853,2000,332,0.7608,0.0066
20260312160854,2000,332,0.7608,0.0066
20260312160855,2000,332,0.7608,0.0066
20260312160856,2000,332,0.7608,0.0066
20260312160857,2000,333,0.7608,0.0066
20260312160858,2000,333,0.7608,0.0066
20260312160859,2000,333,0.7608,0.0066
20260312160900,2000,333,0.7608,0.0066
20260312160902,2000,333,0.7607,0.0066
20260312160903,2000,333,0.7607,0.0066
20260312160904,2000,333,0.7607,0.0066
20260312160905,2000,333,0.7607,0.0066
20260312160906,2000,333,0.7607,0.0066
20260312160907,2000,333,0.7607,0.0066
20260312160908,2000,333,0.7607,0.0066
20260312160909,2000,333,0.7607,0.0066
20260312160910,2000,333,0.7607,0.0066
20260312160911,2000,333,0.7607,0.0066
20260312160912,2000,333,0.7607,0.0066
20260312160913,2000,333,0.7607,0.0066
20260312160914,2000,333,0.7607,0.0066
20260312160915,2000,333,0.7607,0.0066
20260312160916,2000,333,0.7607,0.0066
20260312160917,2000,333,0.7607,0.0066
20260312160918,2000,333,0.7607,0.0066
20260312160919,2000,333,0.7607,0.0066
20260312160920,2000,333,0.7607,0.0066
20260312160921,2000,333,0.7607,0.0066
20260312160922,2000,333,0.7607,0.0066
20260312160923,2000,333,0.7607,0.0066
20260312160924,2000,333,0.7607,0.0066
20260312160925,2000,333,0.7607,0.0066
20260312160926,2000,333,0.7607,0.0066
20260312160927,2000,333,0.7607,0.0066
20260312160928,2000,333,0.7607,0.0066
20260312160929,2000,333,0.7607,0.0066
20260312160930,2000,333,0.7607,0.0066
20260312160931,2000,333,0.7607,0.0066
20260312160932,2000,333,0.7607,0.0066
20260312160933,2000,333,0.7607,0.0066
20260312160934,2000,333,0.7607,0.0066
20260312160935,2000,333,0.7607,0.0066
20260312160936,2000,333,0.7607,0.0066
20260312160937,2000,333,0.7607,0.0066
20260312160938,2000,333,0.7607,0.0066
20260312160939,2000,333,0.7607,0.0066
20260312160940,2000,334,0.7607,0.0066
20260312160941,2000,334,0.7607,0.0066
20260312160942,2000,334,0.7607,0.0066
20260312160943,2000,334,0.7607,0.0066
20260312160944,2000,334,0.7607,0.0066
20260312160945,2000,334,0.7607,0.0066
20260312160946,2000,334,0.7607,0.0066
20260312160947,2000,334,0.7607,0.0066
20260312160948,2000,334,0.7607,0.0066
20260312160949,2000,334,0.7607,0.0066
20260312160950,2000,334,0.7607,0.0066
20260312160951,2000,334,0.7607,0.0066
20260312160952,2000,334,0.7607,0.0066
20260312160953,2000,334,0.7607,0.0066
20260312160954,2000,334,0.7607,0.0066
20260312160955,2000,334,0.7607,0.0066
20260312160956,2000,334,0.7607,0.0066
20260312160957,2000,334,0.7607,0.0066
20260312160958,2000,334,0.7607,0.0066
20260312160959,2000,334,0.7607,0.0066
20260312161000,2000,334,0.7607,0.0066
20260312161001,2000,334,0.7607,0.0066
20260312161002,2000,334,0.7607,0.0066
20260312161003,2000,334,0.7607,0.0066
20260312161004,2000,334,0.7607,0.0066
20260312161005,2000,334,0.7607,0.0066
20260312161006,2000,334,0.7607,0.0066
20260312161007,2000,334,0.7607,0.0066
20260312161008,2000,334,0.7607,0.0066
20260312161009,2000,334,0.7607,0.0066
20260312161010,2000,334,0.7607,0.0066
20260312161011,2000,334,0.7607,0.0066
20260312161012,2000,334,0.7607,0.0066
20260312161013,2000,334,0.7607,0.0066
20260312161014,2000,334,0.7607,0.0066
20260312161015,2000,334,0.7607,0.0066
20260312161016,2000,334,0.7607,0.0066
20260312161017,2000,334,0.7607,0.0066
20260312161018,2000,334,0.7607,0.0066
20260312161019,2000,334,0.7607,0.0066
20260312161020,2000,334,0.7607,0.0066
20260312161021,2000,334,0.7607,0.0066
20260312161022,2000,334,0.7607,0.0066
20260312161023,2000,335,0.7607,0.0066
20260312161024,2000,335,0.7607,0.0066
20260312161025,2000,335,0.7607,0.0066
20260312161026,2000,335,0.7607,0.0066
20260312161027,2000,335,0.7607,0.0066
20260312161028,2000,335,0.7607,0.0066
20260312161029,2000,335,0.7607,0.0066
20260312161030,2000,335,0.7607,0.0066
20260312161031,2000,335,0.7607,0.0066
20260312161032,2000,335,0.7607,0.0066
20260312161033,2000,335,0.7607,0.0066
20260312161034,2000,335,0.7607,0.0066
20260312161036,2000,335,0.7607,0.0066
20260312161037,2000,335,0.7607,0.0066
20260312161038,2000,335,0.7607,0.0066
20260312161039,2000,335,0.7607,0.0066
20260312161040,2000,335,0.7607,0.0066
20260312161041,2000,335,0.7607,0.0066
20260312161042,2000,335,0.7607,0.0066
20260312161043,2000,335,0.7607,0.0066
20260312161044,2000,335,0.7607,0.0066
20260312161045,2000,335,0.7607,0.0066
20260312161046,2000,335,0.7607,0.0066
20260312161047,2000,335,0.7607,0.0066
20260312161048,2000,335,0.7607,0.0066
20260312161049,2000,335,0.7607,0.0066
20260312161050,2000,335,0.7607,0.0066
20260312161051,2000,335,0.7607,0.0066
20260312161052,2000,335,0.7607,0.0066
20260312161053,2000,335,0.7607,0.0066
20260312161054,2000,335,0.7607,0.0066
20260312161055,2000,335,0.7607,0.0066
20260312161056,2000,335,0.7607,0.0066
20260312161057,2000,335,0.7607,0.0066
20260312161058,2000,335,0.7607,0.0066
20260312161059,2000,335,0.7607,0.0066
20260312161100,2000,335,0.7607,0.0066
20260312161101,2000,335,0.7607,0.0066
20260312161102,2000,335,0.7607,0.0066
20260312161103,2000,335,0.7607,0.0066
20260312161104,2000,335,0.7607,0.0066
20260312161105,2000,335,0.7607,0.0066
20260312161106,2000,336,0.7607,0.0066
20260312161107,2000,336,0.7607,0.0066
20260312161108,2000,336,0.7607,0.0066
20260312161109,2000,336,0.7607,0.0066
20260312161110,2000,336,0.7607,0.0066
20260312161111,2000,336,0.7607,0.0066
20260312161112,2000,336,0.7607,0.0066
20260312161113,2000,336,0.7607,0.0066
20260312161114,2000,336,0.7607,0.0066
20260312161115,2000,336,0.7607,0.0066
20260312161116,2000,336,0.7607,0.0066
20260312161117,2000,336,0.7607,0.0066
20260312161118,2000,336,0.7607,0.0066
20260312161119,2000,336,0.7607,0.0066
20260312161120,2000,336,0.7607,0.0066
20260312161121,2000,336,0.7607,0.0066
20260312161122,2000,336,0.7607,0.0066
20260312161123,2000,336,0.7607,0.0066
20260312161124,2000,336,0.7607,0.0066
20260312161125,2000,336,0.7607,0.0066
20260312161126,2000,336,0.7607,0.0066
20260312161127,2000,336,0.7607,0.0066
20260312161128,2000,336,0.7607,0.0066
20260312161129,2000,336,0.7607,0.0066
20260312161130,2000,336,0.7607,0.0066
20260312161131,2000,336,0.7607,0.0066
20260312161132,2000,336,0.7607,0.0066
20260312161133,2000,336,0.7607,0.0066
20260312161134,2000,336,0.7607,0.0066
20260312161135,2000,336,0.7607,0.0066
20260312161136,2000,336,0.7607,0.0066
20260312161137,2000,336,0.7607,0.0066
20260312161138,2000,336,0.7607,0.0066
20260312161139,2000,336,0.7607,0.0066
20260312161140,2000,336,0.7607,0.0066
20260312161141,2000,336,0.7607,0.0066
20260312161142,2000,336,0.7607,0.0066
20260312161143,2000,336,0.7607,0.0066
20260312161144,2000,336,0.7607,0.0066
20260312161145,2000,336,0.7607,0.0066
20260312161146,2000,336,0.7607,0.0066
20260312161147,2000,336,0.7607,0.0066
20260312161148,2000,337,0.7607,0.0066
20260312161149,2000,337,0.7607,0.0066
20260312161150,2000,337,0.7607,0.0066
20260312161151,2000,337,0.7607,0.0066
20260312161152,2000,337,0.7607,0.0066
20260312161153,2000,337,0.7607,0.0066
20260312161154,2000,337,0.7607,0.0066
20260312161155,2000,337,0.7607,0.0066
20260312161156,2000,337,0.7607,0.0066
20260312161157,2000,337,0.7607,0.0066
20260312161158,2000,337,0.7607,0.0066
20260312161159,2000,337,0.7607,0.0066
20260312161200,2000,337,0.7607,0.0066
20260312161201,2000,337,0.7607,0.0066
20260312161202,2000,337,0.7607,0.0066
20260312161203,2000,337,0.7607,0.0066
20260312161204,2000,337,0.7607,0.0066
20260312161205,2000,337,0.7607,0.0066
20260312161207,2000,337,0.7607,0.0066
20260312161208,2000,337,0.7607,0.0066
20260312161209,2000,337,0.7607,0.0066
20260312161210,2000,337,0.7607,0.0066
20260312161211,2000,337,0.7607,0.0066
20260312161212,2000,337,0.7607,0.0066
20260312161213,2000,337,0.7607,0.0066
20260312161214,2000,337,0.7607,0.0066
20260312161215,2000,337,0.7607,0.0066
20260312161216,2000,337,0.7607,0.0066
20260312161217,2000,337,0.7607,0.0066
20260312161218,2000,337,0.7607,0.0066
20260312161219,2000,337,0.7607,0.0066
20260312161220,2000,337,0.7607,0.0066
20260312161221,2000,337,0.7607,0.0066
20260312161222,2000,337,0.7607,0.0066
20260312161223,2000,337,0.7607,0.0066
20260312161224,2000,337,0.7607,0.0066
20260312161225,2000,337,0.7607,0.0066
20260312161226,2000,337,0.7607,0.0066
20260312161227,2000,337,0.7607,0.0066
20260312161228,2000,337,0.7607,0.0066
20260312161229,2000,337,0.7607,0.0066
20260312161230,2000,337,0.7607,0.0066
20260312161231,2000,338,0.7607,0.0066
20260312161232,2000,338,0.7607,0.0066
20260312161233,2000,338,0.7607,0.0066
20260312161234,2000,338,0.7607,0.0066
20260312161235,2000,338,0.7607,0.0066
20260312161236,2000,338,0.7607,0.0066
20260312161237,2000,338,0.7607,0.0066
20260312161238,2000,338,0.7607,0.0066
20260312161239,2000,338,0.7607,0.0066
20260312161240,2000,338,0.7607,0.0066
20260312161241,2000,338,0.7607,0.0066
20260312161242,2000,338,0.7607,0.0066
20260312161243,2000,338,0.7607,0.0066
20260312161244,2000,338,0.7607,0.0066
20260312161245,2000,338,0.7607,0.0066
20260312161246,2000,338,0.7607,0.0066
20260312161247,2000,338,0.7607,0.0066
20260312161248,2000,338,0.7607,0.0066
20260312161249,2000,338,0.7607,0.0066
20260312161250,2000,338,0.7607,0.0066
20260312161251,2000,338,0.7607,0.0066
20260312161252,2000,338,0.7607,0.0066
20260312161253,2000,338,0.7607,0.0066
20260312161254,2000,338,0.7607,0.0066
20260312161255,2000,338,0.7607,0.0066
20260312161256,2000,338,0.7607,0.0066
20260312161257,2000,338,0.7607,0.0066
20260312161258,2000,338,0.7607,0.0066
20260312161259,2000,338,0.7607,0.0066
20260312161300,2000,338,0.7607,0.0066
20260312161301,2000,338,0.7607,0.0066
20260312161302,2000,338,0.7607,0.0066
20260312161303,2000,338,0.7607,0.0066
20260312161304,2000,338,0.7607,0.0066
20260312161305,2000,338,0.7607,0.0066
20260312161306,2000,338,0.7607,0.0066
20260312161307,2000,338,0.7607,0.0066
20260312161308,2000,338,0.7607,0.0066
20260312161309,2000,338,0.7607,0.0066
20260312161310,2000,338,0.7607,0.0066
20260312161311,2000,338,0.7607,0.0066
20260312161312,2000,338,0.7607,0.0066
20260312161313,2000,339,0.7607,0.0066
20260312161314,2000,339,0.7607,0.0066
20260312161315,2000,339,0.7607,0.0066
20260312161316,2000,339,0.7607,0.0066
20260312161317,2000,339,0.7607,0.0066
20260312161318,2000,339,0.7607,0.0066
20260312161319,2000,339,0.7607,0.0066
20260312161320,2000,339,0.7607,0.0066
20260312161321,2000,339,0.7607,0.0066
20260312161322,2000,339,0.7607,0.0066
20260312161323,2000,339,0.7607,0.0066
20260312161324,2000,339,0.7607,0.0066
20260312161325,2000,339,0.7607,0.0066
20260312161326,2000,339,0.7607,0.0066
20260312161327,2000,339,0.7607,0.0066
20260312161328,2000,339,0.7607,0.0066
20260312161329,2000,339,0.7607,0.0066
20260312161330,2000,339,0.7607,0.0066
20260312161331,2000,339,0.7607,0.0066
20260312161332,2000,339,0.7607,0.0066
20260312161333,2000,339,0.7607,0.0066
20260312161334,2000,339,0.7607,0.0066
20260312161335,2000,339,0.7607,0.0066
20260312161336,2000,339,0.7607,0.0066
20260312161337,2000,339,0.7607,0.0066
20260312161338,2000,339,0.7607,0.0066
20260312161339,2000,339,0.7607,0.0066
20260312161340,2000,339,0.7607,0.0066
20260312161341,2000,339,0.7607,0.0066
20260312161342,2000,339,0.7607,0.0066
20260312161343,2000,339,0.7607,0.0066
20260312161344,2000,339,0.7607,0.0066
20260312161345,2000,339,0.7607,0.0066
20260312161347,2000,339,0.7607,0.0066
20260312161348,2000,339,0.7607,0.0066
20260312161349,2000,339,0.7607,0.0066
20260312161350,2000,339,0.7607,0.0066
20260312161351,2000,339,0.7607,0.0066
20260312161352,2000,339,0.7607,0.0066
20260312161353,2000,339,0.7607,0.0066
20260312161354,2000,339,0.7607,0.0066
20260312161355,2000,339,0.7607,0.0066
20260312161356,2000,339,0.7607,0.0066
20260312161357,2000,340,0.7607,0.0066
20260312161358,2000,340,0.7607,0.0066
20260312161359,2000,340,0.7607,0.0066
20260312161400,2000,340,0.7607,0.0066
20260312161401,2000,340,0.7607,0.0066
20260312161402,2000,340,0.7607,0.0066
20260312161403,2000,340,0.7607,0.0066
20260312161404,2000,340,0.7607,0.0066
20260312161405,2000,340,0.7607,0.0066
20260312161406,2000,340,0.7607,0.0066
20260312161407,2000,340,0.7607,0.0066
20260312161408,2000,340,0.7607,0.0066
20260312161409,2000,340,0.7607,0.0066
20260312161410,2000,340,0.7607,0.0066
20260312161411,2000,340,0.7607,0.0066
20260312161412,2000,340,0.7607,0.0066
20260312161413,2000,340,0.7607,0.0066
20260312161414,2000,340,0.7607,0.0066
20260312161415,2000,340,0.7607,0.0066
20260312161416,2000,340,0.7607,0.0066
20260312161417,2000,340,0.7607,0.0066
20260312161418,2000,340,0.7607,0.0066
20260312161419,2000,340,0.7607,0.0066
20260312161420,2000,340,0.7607,0.0066
20260312161421,2000,340,0.7607,0.0066
20260312161422,2000,340,0.7607,0.0066
20260312161423,2000,340,0.7607,0.0066
20260312161424,2000,340,0.7607,0.0066
20260312161425,2000,340,0.7607,0.0066
20260312161426,2000,340,0.7607,0.0066
20260312161427,2000,340,0.7607,0.0066
20260312161428,2000,340,0.7607,0.0066
20260312161429,2000,340,0.7607,0.0066
20260312161430,2000,340,0.7607,0.0066
20260312161431,2000,340,0.7607,0.0066
20260312161432,2000,340,0.7607,0.0066
20260312161433,2000,340,0.7607,0.0066
20260312161434,2000,340,0.7607,0.0066
20260312161435,2000,340,0.7607,0.0066
20260312161436,2000,340,0.7607,0.0066
20260312161437,2000,340,0.7607,0.0066
20260312161438,2000,340,0.7607,0.0066
20260312161439,2000,340,0.7607,0.0066
20260312161440,2000,341,0.7607,0.0066
20260312161441,2000,341,0.7607,0.0066
20260312161442,2000,341,0.7607,0.0066
20260312161443,2000,341,0.7607,0.0066
20260312161444,2000,341,0.7606,0.0066
20260312161445,2000,341,0.7606,0.0066
20260312161446,2000,341,0.7606,0.0066
20260312161447,2000,341,0.7606,0.0066
20260312161448,2000,341,0.7606,0.0066
20260312161449,2000,341,0.7606,0.0066
20260312161450,2000,341,0.7606,0.0066
20260312161451,2000,341,0.7606,0.0066
20260312161452,2000,341,0.7606,0.0066
20260312161453,2000,341,0.7606,0.0066
20260312161454,2000,341,0.7606,0.0066
20260312161455,2000,341,0.7606,0.0066
20260312161456,2000,341,0.7606,0.0066
20260312161457,2000,341,0.7606,0.0066
20260312161458,2000,341,0.7606,0.0066
20260312161459,2000,341,0.7606,0.0066
20260312161500,2000,341,0.7606,0.0066
20260312161501,2000,341,0.7606,0.0066
20260312161502,2000,341,0.7606,0.0066
20260312161503,2000,341,0.7606,0.0066
20260312161504,2000,341,0.7606,0.0066
20260312161505,2000,341,0.7606,0.0066
20260312161506,2000,341,0.7606,0.0066
20260312161507,2000,341,0.7606,0.0066
20260312161508,2000,341,0.7606,0.0066
20260312161509,2000,341,0.7606,0.0066
20260312161510,2000,341,0.7606,0.0066
20260312161511,2000,341,0.7606,0.0066
20260312161512,2000,341,0.7606,0.0066
20260312161513,2000,341,0.7606,0.0066
20260312161514,2000,341,0.7606,0.0066
20260312161515,2000,341,0.7606,0.0066
20260312161516,2000,341,0.7606,0.0066
20260312161517,2000,341,0.7606,0.0066
20260312161518,2000,341,0.7606,0.0066
20260312161519,2000,341,0.7606,0.0066
20260312161521,2000,341,0.7606,0.0066
20260312161522,2000,341,0.7606,0.0066
20260312161523,2000,342,0.7606,0.0066
20260312161524,2000,342,0.7606,0.0066
20260312161525,2000,342,0.7606,0.0066
20260312161526,2000,342,0.7606,0.0066
20260312161527,2000,342,0.7606,0.0066
20260312161528,2000,342,0.7606,0.0066
20260312161529,2000,342,0.7606,0.0066
20260312161530,2000,342,0.7606,0.0066
20260312161531,2000,342,0.7606,0.0066
20260312161532,2000,342,0.7606,0.0066
20260312161533,2000,342,0.7606,0.0066
20260312161534,2000,342,0.7606,0.0066
20260312161535,2000,342,0.7606,0.0066
20260312161536,2000,342,0.7606,0.0066
20260312161537,2000,342,0.7606,0.0066
20260312161538,2000,342,0.7606,0.0066
20260312161539,2000,342,0.7606,0.0066
20260312161540,2000,342,0.7606,0.0066
20260312161541,2000,342,0.7606,0.0066
20260312161542,2000,342,0.7606,0.0066
20260312161543,2000,342,0.7606,0.0066
20260312161544,2000,342,0.7606,0.0066
20260312161545,2000,342,0.7606,0.0066
20260312161546,2000,342,0.7606,0.0066
20260312161547,2000,342,0.7606,0.0066
20260312161548,2000,342,0.7606,0.0066
20260312161549,2000,342,0.7606,0.0066
20260312161550,2000,342,0.7606,0.0066
20260312161551,2000,342,0.7606,0.0066
20260312161552,2000,342,0.7606,0.0066
20260312161553,2000,342,0.7606,0.0066
20260312161554,2000,342,0.7606,0.0066
20260312161555,2000,342,0.7606,0.0066
20260312161556,2000,342,0.7606,0.0066
20260312161557,2000,342,0.7606,0.0066
20260312161558,2000,342,0.7606,0.0066
20260312161559,2000,342,0.7606,0.0066
20260312161600,2000,342,0.7606,0.0066
20260312161601,2000,342,0.7606,0.0066
20260312161602,2000,342,0.7606,0.0066
20260312161603,2000,342,0.7606,0.0066
20260312161604,2000,342,0.7606,0.0066
20260312161605,2000,342,0.7606,0.0066
20260312161606,2000,343,0.7606,0.0066
20260312161607,2000,343,0.7606,0.0066
20260312161608,2000,343,0.7606,0.0066
20260312161609,2000,343,0.7606,0.0066
20260312161610,2000,343,0.7606,0.0066
20260312161611,2000,343,0.7606,0.0066
20260312161612,2000,343,0.7606,0.0066
20260312161613,2000,343,0.7606,0.0066
20260312161614,2000,343,0.7606,0.0066
20260312161615,2000,343,0.7606,0.0066
20260312161616,2000,343,0.7606,0.0066
20260312161617,2000,343,0.7606,0.0066
20260312161618,2000,343,0.7606,0.0066
20260312161619,2000,343,0.7606,0.0066
20260312161620,2000,343,0.7606,0.0066
20260312161621,2000,343,0.7606,0.0066
20260312161622,2000,343,0.7606,0.0066
20260312161623,2000,343,0.7606,0.0066
20260312161624,2000,343,0.7606,0.0066
20260312161625,2000,343,0.7606,0.0066
20260312161626,2000,343,0.7606,0.0066
20260312161627,2000,343,0.7606,0.0066
20260312161628,2000,343,0.7606,0.0066
20260312161629,2000,343,0.7606,0.0066
20260312161630,2000,343,0.7606,0.0066
20260312161631,2000,343,0.7606,0.0066
20260312161632,2000,343,0.7606,0.0066
20260312161633,2000,343,0.7606,0.0066
20260312161634,2000,343,0.7606,0.0066
20260312161635,2000,343,0.7606,0.0066
20260312161636,2000,343,0.7606,0.0066
20260312161637,2000,343,0.7606,0.0066
20260312161638,2000,343,0.7606,0.0066
20260312161639,2000,343,0.7606,0.0066
20260312161640,2000,343,0.7606,0.0066
20260312161641,2000,343,0.7606,0.0066
20260312161642,2000,343,0.7606,0.0066
20260312161643,2000,343,0.7606,0.0066
20260312161644,2000,343,0.7606,0.0066
20260312161645,2000,343,0.7606,0.0066
20260312161646,2000,343,0.7606,0.0066
20260312161647,2000,343,0.7606,0.0066
20260312161648,2000,343,0.7606,0.0066
20260312161649,2000,343,0.7606,0.0066
20260312161650,2000,344,0.7606,0.0066
20260312161651,2000,344,0.7606,0.0066
20260312161652,2000,344,0.7606,0.0066
20260312161653,2000,344,0.7606,0.0066
20260312161654,2000,344,0.7606,0.0066
20260312161655,2000,344,0.7606,0.0066
20260312161656,2000,344,0.7606,0.0066
20260312161657,2000,344,0.7606,0.0066
20260312161658,2000,344,0.7606,0.0066
20260312161659,2000,344,0.7606,0.0066
20260312161700,2000,344,0.7606,0.0066
20260312161702,2000,344,0.7606,0.0066
20260312161703,2000,344,0.7606,0.0066
20260312161704,2000,344,0.7606,0.0066
20260312161705,2000,344,0.7606,0.0066
20260312161706,2000,344,0.7606,0.0066
20260312161707,2000,344,0.7606,0.0066
20260312161708,2000,344,0.7606,0.0066
20260312161709,2000,344,0.7606,0.0066
20260312161710,2000,344,0.7606,0.0066
20260312161711,2000,344,0.7606,0.0066
20260312161712,2000,344,0.7606,0.0066
20260312161713,2000,344,0.7606,0.0066
20260312161714,2000,344,0.7606,0.0066
20260312161715,2000,344,0.7606,0.0066
20260312161716,2000,344,0.7606,0.0066
20260312161717,2000,344,0.7606,0.0066
20260312161718,2000,344,0.7606,0.0066
20260312161719,2000,344,0.7606,0.0066
20260312161720,2000,344,0.7606,0.0066
20260312161721,2000,344,0.7606,0.0066
20260312161722,2000,344,0.7606,0.0066
20260312161723,2000,344,0.7606,0.0066
20260312161724,2000,344,0.7606,0.0066
20260312161725,2000,344,0.7606,0.0066
20260312161726,2000,344,0.7606,0.0066
20260312161727,2000,344,0.7606,0.0066
20260312161728,2000,344,0.7606,0.0066
20260312161729,2000,344,0.7606,0.0066
20260312161730,2000,344,0.7606,0.0066
20260312161731,2000,344,0.7606,0.0066
20260312161732,2000,345,0.7606,0.0066
20260312161733,2000,345,0.7606,0.0066
20260312161734,2000,345,0.7606,0.0066
20260312161735,2000,345,0.7606,0.0066
20260312161736,2000,345,0.7606,0.0066
20260312161737,2000,345,0.7606,0.0066
20260312161738,2000,345,0.7606,0.0066
20260312161739,2000,345,0.7606,0.0066
20260312161740,2000,345,0.7606,0.0066
20260312161741,2000,345,0.7606,0.0066
20260312161742,2000,345,0.7606,0.0066
20260312161743,2000,345,0.7606,0.0066
20260312161744,2000,345,0.7606,0.0066
20260312161745,2000,345,0.7606,0.0066
20260312161746,2000,345,0.7606,0.0066
20260312161747,2000,345,0.7606,0.0066
20260312161748,2000,345,0.7606,0.0066
20260312161749,2000,345,0.7606,0.0066
20260312161750,2000,345,0.7606,0.0066
20260312161751,2000,345,0.7606,0.0066
20260312161752,2000,345,0.7606,0.0066
20260312161753,2000,345,0.7606,0.0066
20260312161754,2000,345,0.7606,0.0066
20260312161755,2000,345,0.7606,0.0066
20260312161756,2000,345,0.7606,0.0066
20260312161757,2000,345,0.7606,0.0066
20260312161758,2000,345,0.7606,0.0066
20260312161759,2000,345,0.7606,0.0066
20260312161800,2000,345,0.7606,0.0066
20260312161801,2000,345,0.7606,0.0066
20260312161802,2000,345,0.7606,0.0066
20260312161803,2000,345,0.7606,0.0066
20260312161804,2000,345,0.7606,0.0066
20260312161805,2000,345,0.7606,0.0066
20260312161806,2000,345,0.7606,0.0066
20260312161807,2000,345,0.7606,0.0066
20260312161808,2000,345,0.7606,0.0066
20260312161809,2000,345,0.7606,0.0066
20260312161810,2000,345,0.7606,0.0066
20260312161811,2000,345,0.7606,0.0066
20260312161812,2000,345,0.7606,0.0066
20260312161813,2000,345,0.7606,0.0066
20260312161814,2000,345,0.7606,0.0066
20260312161815,2000,346,0.7606,0.0066
20260312161816,2000,346,0.7606,0.0066
20260312161817,2000,346,0.7606,0.0066
20260312161818,2000,346,0.7606,0.0066
20260312161819,2000,346,0.7606,0.0066
20260312161820,2000,346,0.7606,0.0066
20260312161821,2000,346,0.7606,0.0066
20260312161822,2000,346,0.7606,0.0066
20260312161823,2000,346,0.7606,0.0066
20260312161824,2000,346,0.7606,0.0066
20260312161825,2000,346,0.7606,0.0066
20260312161826,2000,346,0.7606,0.0066
20260312161827,2000,346,0.7606,0.0066
20260312161828,2000,346,0.7606,0.0066
20260312161829,2000,346,0.7606,0.0066
20260312161830,2000,346,0.7606,0.0066
20260312161831,2000,346,0.7606,0.0066
20260312161832,2000,346,0.7606,0.0066
20260312161833,2000,346,0.7606,0.0066
20260312161834,2000,346,0.7606,0.0066
20260312161835,2000,346,0.7606,0.0066
20260312161836,2000,346,0.7606,0.0066
20260312161837,2000,346,0.7606,0.0066
20260312161839,2000,346,0.7606,0.0066
20260312161840,2000,346,0.7606,0.0066
20260312161841,2000,346,0.7606,0.0066
20260312161842,2000,346,0.7606,0.0066
20260312161843,2000,346,0.7606,0.0066
20260312161844,2000,346,0.7606,0.0066
20260312161845,2000,346,0.7606,0.0066
20260312161846,2000,346,0.7606,0.0066
20260312161847,2000,346,0.7606,0.0066
20260312161848,2000,346,0.7606,0.0066
20260312161849,2000,346,0.7606,0.0066
20260312161850,2000,346,0.7606,0.0066
20260312161851,2000,346,0.7606,0.0066
20260312161852,2000,346,0.7606,0.0066
20260312161853,2000,346,0.7606,0.0066
20260312161854,2000,346,0.7606,0.0066
20260312161855,2000,346,0.7606,0.0066
20260312161856,2000,346,0.7606,0.0066
20260312161857,2000,347,0.7606,0.0066
20260312161858,2000,347,0.7606,0.0066
20260312161859,2000,347,0.7606,0.0066
20260312161900,2000,347,0.7606,0.0066
20260312161901,2000,347,0.7606,0.0066
20260312161902,2000,347,0.7606,0.0066
20260312161903,2000,347,0.7606,0.0066
20260312161904,2000,347,0.7606,0.0066
20260312161905,2000,347,0.7606,0.0066
20260312161906,2000,347,0.7606,0.0066
20260312161907,2000,347,0.7606,0.0066
20260312161908,2000,347,0.7606,0.0066
20260312161909,2000,347,0.7606,0.0066
20260312161910,2000,347,0.7606,0.0066
20260312161911,2000,347,0.7606,0.0066
20260312161912,2000,347,0.7606,0.0066
20260312161913,2000,347,0.7606,0.0066
20260312161914,2000,347,0.7606,0.0066
20260312161915,2000,347,0.7606,0.0066
20260312161916,2000,347,0.7606,0.0066
20260312161917,2000,347,0.7606,0.0066
20260312161918,2000,347,0.7606,0.0066
20260312161919,2000,347,0.7606,0.0066
20260312161920,2000,347,0.7606,0.0066
20260312161921,2000,347,0.7606,0.0066
20260312161922,2000,347,0.7606,0.0066
20260312161923,2000,347,0.7606,0.0066
20260312161924,2000,347,0.7606,0.0066
20260312161925,2000,347,0.7606,0.0066
20260312161926,2000,347,0.7606,0.0066
20260312161927,2000,347,0.7606,0.0066
20260312161928,2000,347,0.7606,0.0066
20260312161929,2000,347,0.7606,0.0066
20260312161930,2000,347,0.7606,0.0066
20260312161931,2000,347,0.7606,0.0066
20260312161932,2000,347,0.7606,0.0066
20260312161933,2000,347,0.7606,0.0066
20260312161934,2000,347,0.7606,0.0066
20260312161935,2000,347,0.7606,0.0066
20260312161936,2000,347,0.7606,0.0066
20260312161937,2000,347,0.7606,0.0066
20260312161938,2000,347,0.7606,0.0066
20260312161939,2000,348,0.7606,0.0066
20260312161940,2000,348,0.7606,0.0066
20260312161941,2000,348,0.7606,0.0066
20260312161942,2000,348,0.7606,0.0066
20260312161943,2000,348,0.7606,0.0066
20260312161944,2000,348,0.7606,0.0066
20260312161945,2000,348,0.7606,0.0066
20260312161946,2000,348,0.7606,0.0066
20260312161947,2000,348,0.7606,0.0066
20260312161948,2000,348,0.7606,0.0066
20260312161949,2000,348,0.7606,0.0066
20260312161950,2000,348,0.7606,0.0066
20260312161951,2000,348,0.7606,0.0066
20260312161952,2000,348,0.7606,0.0066
20260312161953,2000,348,0.7606,0.0066
20260312161954,2000,348,0.7606,0.0066
20260312161955,2000,348,0.7606,0.0066
20260312161956,2000,348,0.7606,0.0066
20260312161957,2000,348,0.7606,0.0066
20260312161958,2000,348,0.7606,0.0066
20260312161959,2000,348,0.7606,0.0066
20260312162000,2000,348,0.7606,0.0066
20260312162001,2000,348,0.7606,0.0066
20260312162002,2000,348,0.7606,0.0066
20260312162003,2000,348,0.7606,0.0066
20260312162004,2000,348,0.7606,0.0066
20260312162005,2000,348,0.7606,0.0066
20260312162006,2000,348,0.7606,0.0066
20260312162008,2000,348,0.7606,0.0066
20260312162009,2000,348,0.7606,0.0066
20260312162010,2000,348,0.7606,0.0066
20260312162011,2000,348,0.7606,0.0066
20260312162012,2000,348,0.7606,0.0066
20260312162013,2000,348,0.7606,0.0066
20260312162014,2000,348,0.7606,0.0066
20260312162015,2000,348,0.7606,0.0066
20260312162016,2000,348,0.7606,0.0066
20260312162017,2000,348,0.7606,0.0066
20260312162018,2000,348,0.7606,0.0066
20260312162019,2000,348,0.7606,0.0066
20260312162020,2000,348,0.7606,0.0066
20260312162021,2000,348,0.7606,0.0066
20260312162022,2000,349,0.7606,0.0066
20260312162023,2000,349,0.7606,0.0066
20260312162024,2000,349,0.7606,0.0066
20260312162025,2000,349,0.7606,0.0066
20260312162026,2000,349,0.7606,0.0066
20260312162027,2000,349,0.7606,0.0066
20260312162028,2000,349,0.7605,0.0066
20260312162029,2000,349,0.7605,0.0066
20260312162030,2000,349,0.7605,0.0066
20260312162031,2000,349,0.7605,0.0066
20260312162032,2000,349,0.7605,0.0066
20260312162033,2000,349,0.7605,0.0066
20260312162034,2000,349,0.7605,0.0066
20260312162035,2000,349,0.7605,0.0066
20260312162036,2000,349,0.7605,0.0066
20260312162037,2000,349,0.7605,0.0066
20260312162038,2000,349,0.7605,0.0066
20260312162039,2000,349,0.7605,0.0066
20260312162040,2000,349,0.7605,0.0066
20260312162041,2000,349,0.7605,0.0066
20260312162042,2000,349,0.7605,0.0066
20260312162043,2000,349,0.7605,0.0066
20260312162044,2000,349,0.7605,0.0066
20260312162045,2000,349,0.7605,0.0066
20260312162046,2000,349,0.7605,0.0066
20260312162047,2000,349,0.7605,0.0066
20260312162048,2000,349,0.7605,0.0066
20260312162049,2000,349,0.7605,0.0066
20260312162050,2000,349,0.7605,0.0066
20260312162051,2000,349,0.7605,0.0066
20260312162052,2000,349,0.7605,0.0066
20260312162053,2000,349,0.7605,0.0066
20260312162054,2000,349,0.7605,0.0066
20260312162055,2000,349,0.7605,0.0066
20260312162056,2000,349,0.7605,0.0066
20260312162057,2000,349,0.7605,0.0066
20260312162058,2000,349,0.7605,0.0066
20260312162059,2000,349,0.7605,0.0066
20260312162100,2000,349,0.7605,0.0066
20260312162101,2000,349,0.7605,0.0066
20260312162102,2000,349,0.7605,0.0066
20260312162103,2000,349,0.7605,0.0066
20260312162104,2000,349,0.7605,0.0066
20260312162105,2000,350,0.7605,0.0066
20260312162106,2000,350,0.7605,0.0066
20260312162107,2000,350,0.7605,0.0066
20260312162108,2000,350,0.7605,0.0066
20260312162109,2000,350,0.7605,0.0066
20260312162110,2000,350,0.7605,0.0066
20260312162111,2000,350,0.7605,0.0066
20260312162112,2000,350,0.7605,0.0066
20260312162113,2000,350,0.7605,0.0066
20260312162114,2000,350,0.7605,0.0066
20260312162115,2000,350,0.7605,0.0066
20260312162116,2000,350,0.7605,0.0066
20260312162117,2000,350,0.7605,0.0066
20260312162118,2000,350,0.7605,0.0066
20260312162119,2000,350,0.7605,0.0066
20260312162120,2000,350,0.7605,0.0066
20260312162121,2000,350,0.7605,0.0066
20260312162122,2000,350,0.7605,0.0066
20260312162123,2000,350,0.7605,0.0066
20260312162124,2000,350,0.7605,0.0066
20260312162125,2000,350,0.7605,0.0066
20260312162126,2000,350,0.7605,0.0066
20260312162127,2000,350,0.7605,0.0066
20260312162128,2000,350,0.7605,0.0066
20260312162129,2000,350,0.7605,0.0066
20260312162130,2000,350,0.7605,0.0066
20260312162131,2000,350,0.7605,0.0066
20260312162132,2000,350,0.7605,0.0066
20260312162133,2000,350,0.7605,0.0066
20260312162134,2000,350,0.7605,0.0066
20260312162135,2000,350,0.7605,0.0066
20260312162136,2000,350,0.7605,0.0066
20260312162137,2000,350,0.7605,0.0066
20260312162138,2000,350,0.7605,0.0066
20260312162139,2000,350,0.7605,0.0066
20260312162140,2000,350,0.7605,0.0066
20260312162142,2000,350,0.7605,0.0066
20260312162143,2000,350,0.7605,0.0066
20260312162144,2000,350,0.7605,0.0066
20260312162145,2000,350,0.7605,0.0066
20260312162146,2000,350,0.7605,0.0066
20260312162147,2000,350,0.7605,0.0066
20260312162148,2000,351,0.7605,0.0066
20260312162149,2000,351,0.7605,0.0066
20260312162150,2000,351,0.7605,0.0066
20260312162151,2000,351,0.7605,0.0066
20260312162152,2000,351,0.7605,0.0066
20260312162153,2000,351,0.7605,0.0066
20260312162154,2000,351,0.7605,0.0066
20260312162155,2000,351,0.7605,0.0066
20260312162156,2000,351,0.7605,0.0066
20260312162157,2000,351,0.7605,0.0066
20260312162158,2000,351,0.7605,0.0066
20260312162159,2000,351,0.7605,0.0066
20260312162200,2000,351,0.7605,0.0066
20260312162201,2000,351,0.7605,0.0066
20260312162202,2000,351,0.7605,0.0066
20260312162203,2000,351,0.7605,0.0066
20260312162204,2000,351,0.7605,0.0066
20260312162205,2000,351,0.7605,0.0066
20260312162206,2000,351,0.7605,0.0066
20260312162207,2000,351,0.7605,0.0066
20260312162208,2000,351,0.7605,0.0066
20260312162209,2000,351,0.7605,0.0066
20260312162210,2000,351,0.7605,0.0066
20260312162211,2000,351,0.7605,0.0066
20260312162212,2000,351,0.7605,0.0066
20260312162213,2000,351,0.7605,0.0066
20260312162214,2000,351,0.7605,0.0066
20260312162215,2000,351,0.7605,0.0066
20260312162216,2000,351,0.7605,0.0066
20260312162217,2000,351,0.7605,0.0066
20260312162218,2000,351,0.7605,0.0066
20260312162219,2000,351,0.7605,0.0066
20260312162220,2000,351,0.7605,0.0066
20260312162221,2000,351,0.7605,0.0066
20260312162222,2000,351,0.7605,0.0066
20260312162223,2000,351,0.7605,0.0066
20260312162224,2000,351,0.7605,0.0066
20260312162225,2000,351,0.7605,0.0066
20260312162226,2000,351,0.7605,0.0066
20260312162227,2000,351,0.7605,0.0066
20260312162228,2000,351,0.7605,0.0066
20260312162229,2000,351,0.7605,0.0066
20260312162230,2000,351,0.7605,0.0066
20260312162231,2000,352,0.7605,0.0066
20260312162232,2000,352,0.7605,0.0066
20260312162233,2000,352,0.7605,0.0066
20260312162234,2000,352,0.7605,0.0066
20260312162235,2000,352,0.7605,0.0066
20260312162236,2000,352,0.7605,0.0066
20260312162237,2000,352,0.7605,0.0066
20260312162238,2000,352,0.7605,0.0066
20260312162239,2000,352,0.7605,0.0066
20260312162240,2000,352,0.7605,0.0066
20260312162241,2000,352,0.7605,0.0066
20260312162242,2000,352,0.7605,0.0066
20260312162243,2000,352,0.7605,0.0066
20260312162244,2000,352,0.7605,0.0066
20260312162245,2000,352,0.7605,0.0066
20260312162246,2000,352,0.7605,0.0066
20260312162247,2000,352,0.7605,0.0066
20260312162248,2000,352,0.7605,0.0066
20260312162249,2000,352,0.7605,0.0066
20260312162250,2000,352,0.7605,0.0066
20260312162251,2000,352,0.7605,0.0066
20260312162252,2000,352,0.7605,0.0066
20260312162253,2000,352,0.7605,0.0066
20260312162254,2000,352,0.7605,0.0066
20260312162255,2000,352,0.7605,0.0066
20260312162256,2000,352,0.7605,0.0066
20260312162257,2000,352,0.7605,0.0066
20260312162258,2000,352,0.7605,0.0066
20260312162259,2000,352,0.7605,0.0066
20260312162300,2000,352,0.7605,0.0066
20260312162301,2000,352,0.7605,0.0066
20260312162302,2000,352,0.7605,0.0066
20260312162303,2000,352,0.7605,0.0066
20260312162305,2000,352,0.7605,0.0066
20260312162306,2000,352,0.7605,0.0066
20260312162307,2000,352,0.7605,0.0066
20260312162308,2000,352,0.7605,0.0066
20260312162309,2000,352,0.7605,0.0066
20260312162310,2000,352,0.7605,0.0066
20260312162311,2000,352,0.7605,0.0066
20260312162312,2000,352,0.7605,0.0066
20260312162313,2000,352,0.7605,0.0066
20260312162314,2000,352,0.7605,0.0066
20260312162315,2000,353,0.7605,0.0066
20260312162316,2000,353,0.7605,0.0066
20260312162317,2000,353,0.7605,0.0066
20260312162318,2000,353,0.7605,0.0066
20260312162319,2000,353,0.7605,0.0066
20260312162320,2000,353,0.7605,0.0066
20260312162321,2000,353,0.7605,0.0066
20260312162322,2000,353,0.7605,0.0066
20260312162323,2000,353,0.7605,0.0066
20260312162324,2000,353,0.7605,0.0066
20260312162325,2000,353,0.7605,0.0066
20260312162326,2000,353,0.7605,0.0066
20260312162327,2000,353,0.7605,0.0066
20260312162328,2000,353,0.7605,0.0066
20260312162329,2000,353,0.7605,0.0066
20260312162330,2000,353,0.7605,0.0066
20260312162331,2000,353,0.7605,0.0066
20260312162332,2000,353,0.7605,0.0066
20260312162333,2000,353,0.7605,0.0066
20260312162334,2000,353,0.7605,0.0066
20260312162335,2000,353,0.7605,0.0066
20260312162336,2000,353,0.7605,0.0066
20260312162337,2000,353,0.7605,0.0066
20260312162338,2000,353,0.7605,0.0066
20260312162339,2000,353,0.7605,0.0066
20260312162340,2000,353,0.7605,0.0066
20260312162341,2000,353,0.7605,0.0066
20260312162342,2000,353,0.7605,0.0066
20260312162343,2000,353,0.7605,0.0066
20260312162344,2000,353,0.7605,0.0066
20260312162345,2000,353,0.7605,0.0066
20260312162346,2000,353,0.7605,0.0066
20260312162347,2000,353,0.7605,0.0066
20260312162348,2000,353,0.7605,0.0066
20260312162349,2000,353,0.7605,0.0066
20260312162350,2000,353,0.7605,0.0066
20260312162351,2000,353,0.7605,0.0066
20260312162352,2000,353,0.7605,0.0066
20260312162353,2000,353,0.7605,0.0066
20260312162354,2000,353,0.7605,0.0066
20260312162355,2000,353,0.7605,0.0066
20260312162356,2000,354,0.7605,0.0066
20260312162357,2000,354,0.7605,0.0066
20260312162358,2000,354,0.7605,0.0066
20260312162359,2000,354,0.7605,0.0066
20260312162400,2000,354,0.7605,0.0066
20260312162401,2000,354,0.7605,0.0066
20260312162402,2000,354,0.7605,0.0066
20260312162403,2000,354,0.7605,0.0066
20260312162404,2000,354,0.7605,0.0066
20260312162405,2000,354,0.7605,0.0066
20260312162406,2000,354,0.7605,0.0066
20260312162407,2000,354,0.7605,0.0066
20260312162408,2000,354,0.7605,0.0066
20260312162409,2000,354,0.7605,0.0066
20260312162410,2000,354,0.7605,0.0066
20260312162411,2000,354,0.7605,0.0066
20260312162412,2000,354,0.7605,0.0066
20260312162413,2000,354,0.7605,0.0066
20260312162414,2000,354,0.7605,0.0066
20260312162415,2000,354,0.7605,0.0066
20260312162416,2000,354,0.7605,0.0066
20260312162417,2000,354,0.7605,0.0066
20260312162418,2000,354,0.7605,0.0066
20260312162419,2000,354,0.7605,0.0066
20260312162420,2000,354,0.7605,0.0066
20260312162421,2000,354,0.7605,0.0066
20260312162422,2000,354,0.7605,0.0066
20260312162423,2000,354,0.7605,0.0066
20260312162424,2000,354,0.7605,0.0066
20260312162425,2000,354,0.7605,0.0066
20260312162426,2000,354,0.7605,0.0066
20260312162427,2000,354,0.7605,0.0066
20260312162428,2000,354,0.7605,0.0066
20260312162429,2000,354,0.7605,0.0066
20260312162430,2000,354,0.7605,0.0066
20260312162431,2000,354,0.7605,0.0066
20260312162432,2000,354,0.7605,0.0066
20260312162433,2000,354,0.7605,0.0066
20260312162434,2000,354,0.7605,0.0066
20260312162435,2000,354,0.7605,0.0066
20260312162436,2000,354,0.7605,0.0066
20260312162437,2000,354,0.7605,0.0066
20260312162438,2000,354,0.7605,0.0066
20260312162440,2000,355,0.7605,0.0066
20260312162441,2000,355,0.7605,0.0066
20260312162442,2000,355,0.7605,0.0066
20260312162443,2000,355,0.7605,0.0066
20260312162444,2000,355,0.7605,0.0066
20260312162445,2000,355,0.7605,0.0066
20260312162446,2000,355,0.7605,0.0066
20260312162447,2000,355,0.7605,0.0066
20260312162448,2000,355,0.7605,0.0066
20260312162449,2000,355,0.7605,0.0066
20260312162450,2000,355,0.7605,0.0066
20260312162451,2000,355,0.7605,0.0066
20260312162452,2000,355,0.7605,0.0066
20260312162453,2000,355,0.7605,0.0066
20260312162454,2000,355,0.7605,0.0066
20260312162455,2000,355,0.7605,0.0066
20260312162456,2000,355,0.7605,0.0066
20260312162457,2000,355,0.7605,0.0066
20260312162458,2000,355,0.7605,0.0066
20260312162459,2000,355,0.7605,0.0066
20260312162500,2000,355,0.7605,0.0066
20260312162501,2000,355,0.7605,0.0066
20260312162502,2000,355,0.7605,0.0066
20260312162503,2000,355,0.7605,0.0066
20260312162504,2000,355,0.7605,0.0066
20260312162505,2000,355,0.7605,0.0066
20260312162506,2000,355,0.7605,0.0066
20260312162507,2000,355,0.7605,0.0066
20260312162508,2000,355,0.7605,0.0066
20260312162509,2000,355,0.7605,0.0066
20260312162510,2000,355,0.7605,0.0066
20260312162511,2000,355,0.7605,0.0066
20260312162512,2000,355,0.7605,0.0066
20260312162513,2000,355,0.7605,0.0066
20260312162514,2000,355,0.7605,0.0066
20260312162515,2000,355,0.7605,0.0066
20260312162516,2000,355,0.7605,0.0066
20260312162517,2000,355,0.7605,0.0066
20260312162518,2000,355,0.7605,0.0066
20260312162519,2000,355,0.7605,0.0066
20260312162520,2000,355,0.7605,0.0066
20260312162521,2000,355,0.7605,0.0066
20260312162522,2000,356,0.7605,0.0066
20260312162523,2000,356,0.7605,0.0066
20260312162524,2000,356,0.7605,0.0066
20260312162525,2000,356,0.7605,0.0066
20260312162526,2000,356,0.7605,0.0066
20260312162527,2000,356,0.7605,0.0066
20260312162528,2000,356,0.7605,0.0066
20260312162529,2000,356,0.7605,0.0066
20260312162530,2000,356,0.7605,0.0066
20260312162531,2000,356,0.7605,0.0066
20260312162532,2000,356,0.7605,0.0066
20260312162533,2000,356,0.7605,0.0066
20260312162534,2000,356,0.7605,0.0066
20260312162535,2000,356,0.7605,0.0066
20260312162536,2000,356,0.7605,0.0066
20260312162537,2000,356,0.7605,0.0066
20260312162538,2000,356,0.7605,0.0066
20260312162539,2000,356,0.7605,0.0066
20260312162540,2000,356,0.7605,0.0066
20260312162541,2000,356,0.7605,0.0066
20260312162542,2000,356,0.7605,0.0066
20260312162543,2000,356,0.7605,0.0066
20260312162544,2000,356,0.7605,0.0066
20260312162545,2000,356,0.7605,0.0066
20260312162546,2000,356,0.7605,0.0066
20260312162547,2000,356,0.7605,0.0066
20260312162548,2000,356,0.7605,0.0066
20260312162549,2000,356,0.7605,0.0066
20260312162550,2000,356,0.7605,0.0066
20260312162551,2000,356,0.7605,0.0066
20260312162552,2000,356,0.7605,0.0066
20260312162553,2000,356,0.7605,0.0066
20260312162554,2000,356,0.7605,0.0066
20260312162555,2000,356,0.7605,0.0066
20260312162556,2000,356,0.7605,0.0066
20260312162557,2000,356,0.7605,0.0066
20260312162558,2000,356,0.7605,0.0066
20260312162559,2000,356,0.7605,0.0066
20260312162600,2000,356,0.7605,0.0066
20260312162601,2000,356,0.7605,0.0066
20260312162602,2000,356,0.7605,0.0066
20260312162603,2000,356,0.7605,0.0066
20260312162604,2000,356,0.7605,0.0066
20260312162605,2000,357,0.7605,0.0066
20260312162606,2000,357,0.7605,0.0066
20260312162607,2000,357,0.7605,0.0066
20260312162608,2000,357,0.7605,0.0066
20260312162609,2000,357,0.7605,0.0066
20260312162610,2000,357,0.7605,0.0066
20260312162611,2000,357,0.7604,0.0066
20260312162612,2000,357,0.7604,0.0066
20260312162614,2000,357,0.7604,0.0066
20260312162615,2000,357,0.7604,0.0066
20260312162616,2000,357,0.7604,0.0066
20260312162617,2000,357,0.7604,0.0066
20260312162618,2000,357,0.7604,0.0066
20260312162619,2000,357,0.7604,0.0066
20260312162620,2000,357,0.7604,0.0066
20260312162621,2000,357,0.7604,0.0066
20260312162622,2000,357,0.7604,0.0066
20260312162623,2000,357,0.7604,0.0066
20260312162624,2000,357,0.7604,0.0066
20260312162625,2000,357,0.7604,0.0066
20260312162626,2000,357,0.7604,0.0066
20260312162627,2000,357,0.7604,0.0066
20260312162628,2000,357,0.7604,0.0066
20260312162629,2000,357,0.7604,0.0066
20260312162630,2000,357,0.7604,0.0066
20260312162631,2000,357,0.7604,0.0066
20260312162632,2000,357,0.7604,0.0066
20260312162633,2000,357,0.7604,0.0066
20260312162634,2000,357,0.7604,0.0066
20260312162635,2000,357,0.7604,0.0066
20260312162636,2000,357,0.7604,0.0066
20260312162637,2000,357,0.7604,0.0066
20260312162638,2000,357,0.7604,0.0066
20260312162639,2000,357,0.7604,0.0066
20260312162640,2000,357,0.7604,0.0066
20260312162641,2000,357,0.7604,0.0066
20260312162642,2000,357,0.7604,0.0066
20260312162643,2000,357,0.7604,0.0066
20260312162644,2000,357,0.7604,0.0066
20260312162645,2000,357,0.7604,0.0066
20260312162646,2000,357,0.7604,0.0066
20260312162647,2000,357,0.7604,0.0066
20260312162648,2000,358,0.7604,0.0066
20260312162649,2000,358,0.7604,0.0066
20260312162650,2000,358,0.7604,0.0066
20260312162651,2000,358,0.7604,0.0066
20260312162652,2000,358,0.7604,0.0066
20260312162653,2000,358,0.7604,0.0066
20260312162654,2000,358,0.7604,0.0066
20260312162655,2000,358,0.7604,0.0066
20260312162656,2000,358,0.7604,0.0066
20260312162657,2000,358,0.7604,0.0066
20260312162658,2000,358,0.7604,0.0066
20260312162659,2000,358,0.7604,0.0066
20260312162700,2000,358,0.7604,0.0066
20260312162701,2000,358,0.7604,0.0066
20260312162702,2000,358,0.7604,0.0066
20260312162703,2000,358,0.7604,0.0066
20260312162704,2000,358,0.7604,0.0066
20260312162705,2000,358,0.7604,0.0066
20260312162706,2000,358,0.7604,0.0066
20260312162707,2000,358,0.7604,0.0066
20260312162708,2000,358,0.7604,0.0066
20260312162709,2000,358,0.7604,0.0066
20260312162710,2000,358,0.7604,0.0066
20260312162711,2000,358,0.7604,0.0066
20260312162712,2000,358,0.7604,0.0066
20260312162713,2000,358,0.7604,0.0066
20260312162714,2000,358,0.7604,0.0066
20260312162715,2000,358,0.7604,0.0066
20260312162716,2000,358,0.7604,0.0066
20260312162717,2000,358,0.7604,0.0066
20260312162718,2000,358,0.7604,0.0066
20260312162719,2000,358,0.7604,0.0066
20260312162720,2000,358,0.7604,0.0066
20260312162721,2000,358,0.7604,0.0066
20260312162722,2000,358,0.7604,0.0066
20260312162723,2000,358,0.7604,0.0066
20260312162724,2000,358,0.7604,0.0066
20260312162725,2000,358,0.7604,0.0066
20260312162726,2000,358,0.7604,0.0066
20260312162727,2000,358,0.7604,0.0066
20260312162728,2000,358,0.7604,0.0066
20260312162729,2000,358,0.7604,0.0066
20260312162730,2000,358,0.7604,0.0066
20260312162731,2000,359,0.7604,0.0066
20260312162732,2000,359,0.7604,0.0066
20260312162733,2000,359,0.7604,0.0066
20260312162734,2000,359,0.7604,0.0066
20260312162735,2000,359,0.7604,0.0066
20260312162736,2000,359,0.7604,0.0066
20260312162737,2000,359,0.7604,0.0066
20260312162738,2000,359,0.7604,0.0066
20260312162739,2000,359,0.7604,0.0066
20260312162740,2000,359,0.7604,0.0066
20260312162741,2000,359,0.7604,0.0066
20260312162742,2000,359,0.7604,0.0066
20260312162743,2000,359,0.7604,0.0066
20260312162744,2000,359,0.7604,0.0066
20260312162745,2000,359,0.7604,0.0066
20260312162746,2000,359,0.7604,0.0066
20260312162747,2000,359,0.7604,0.0066
20260312162749,2000,359,0.7604,0.0066
20260312162750,2000,359,0.7604,0.0066
20260312162751,2000,359,0.7604,0.0066
20260312162752,2000,359,0.7604,0.0066
20260312162753,2000,359,0.7604,0.0066
20260312162754,2000,359,0.7604,0.0066
20260312162755,2000,359,0.7604,0.0066
20260312162756,2000,359,0.7604,0.0066
20260312162757,2000,359,0.7604,0.0066
20260312162758,2000,359,0.7604,0.0066
20260312162759,2000,359,0.7604,0.0066
20260312162800,2000,359,0.7604,0.0066
20260312162801,2000,359,0.7604,0.0066
20260312162802,2000,359,0.7604,0.0066
20260312162803,2000,359,0.7604,0.0066
20260312162804,2000,359,0.7604,0.0066
20260312162805,2000,359,0.7604,0.0066
20260312162806,2000,359,0.7604,0.0066
20260312162807,2000,359,0.7604,0.0066
20260312162808,2000,359,0.7604,0.0066
20260312162809,2000,359,0.7604,0.0066
20260312162810,2000,359,0.7604,0.0066
20260312162811,2000,359,0.7604,0.0066
20260312162812,2000,359,0.7604,0.0066
20260312162813,2000,359,0.7604,0.0066
20260312162814,2000,360,0.7604,0.0066
20260312162815,2000,360,0.7604,0.0066
20260312162816,2000,360,0.7604,0.0066
20260312162817,2000,360,0.7604,0.0066
20260312162818,2000,360,0.7604,0.0066
20260312162819,2000,360,0.7604,0.0066
20260312162820,2000,360,0.7604,0.0066
20260312162821,2000,360,0.7604,0.0066
20260312162822,2000,360,0.7604,0.0066
20260312162823,2000,360,0.7604,0.0066
20260312162824,2000,360,0.7604,0.0066
20260312162825,2000,360,0.7604,0.0066
20260312162826,2000,360,0.7604,0.0066
20260312162827,2000,360,0.7604,0.0066
20260312162828,2000,360,0.7604,0.0066
20260312162829,2000,360,0.7604,0.0066
20260312162830,2000,360,0.7604,0.0066
20260312162831,2000,360,0.7604,0.0066
20260312162832,2000,360,0.7604,0.0066
20260312162833,2000,360,0.7604,0.0066
20260312162834,2000,360,0.7604,0.0066
20260312162835,2000,360,0.7604,0.0066
20260312162836,2000,360,0.7604,0.0066
20260312162837,2000,360,0.7604,0.0066
20260312162838,2000,360,0.7604,0.0066
20260312162839,2000,360,0.7604,0.0066
20260312162840,2000,360,0.7604,0.0066
20260312162841,2000,360,0.7604,0.0066
20260312162842,2000,360,0.7604,0.0066
20260312162843,2000,360,0.7604,0.0066
20260312162844,2000,360,0.7604,0.0066
20260312162845,2000,360,0.7604,0.0066
20260312162846,2000,360,0.7604,0.0066
20260312162847,2000,360,0.7604,0.0066
20260312162848,2000,360,0.7604,0.0066
20260312162849,2000,360,0.7604,0.0066
20260312162850,2000,360,0.7604,0.0066
20260312162851,2000,360,0.7604,0.0066
20260312162852,2000,360,0.7604,0.0066
20260312162853,2000,360,0.7604,0.0066
20260312162854,2000,360,0.7604,0.0066
20260312162855,2000,360,0.7604,0.0066
20260312162856,2000,360,0.7604,0.0066
20260312162857,2000,360,0.7604,0.0066
20260312162858,2000,360,0.7604,0.0066
20260312162859,2000,361,0.7604,0.0066
20260312162900,2000,361,0.7604,0.0066
20260312162901,2000,361,0.7604,0.0066
20260312162902,2000,361,0.7604,0.0066
20260312162903,2000,361,0.7604,0.0066
20260312162904,2000,361,0.7604,0.0066
20260312162905,2000,361,0.7604,0.0066
20260312162906,2000,361,0.7604,0.0066
20260312162907,2000,361,0.7604,0.0066
20260312162908,2000,361,0.7604,0.0066
20260312162909,2000,361,0.7604,0.0066
20260312162910,2000,361,0.7604,0.0066
20260312162911,2000,361,0.7604,0.0066
20260312162912,2000,361,0.7604,0.0066
20260312162913,2000,361,0.7604,0.0066
20260312162914,2000,361,0.7604,0.0066
20260312162915,2000,361,0.7604,0.0066
20260312162916,2000,361,0.7604,0.0066
20260312162917,2000,361,0.7604,0.0066
20260312162918,2000,361,0.7604,0.0066
20260312162919,2000,361,0.7604,0.0066
20260312162920,2000,361,0.7604,0.0066
20260312162921,2000,361,0.7604,0.0066
20260312162922,2000,361,0.7604,0.0066
20260312162923,2000,361,0.7604,0.0066
20260312162924,2000,361,0.7604,0.0066
20260312162926,2000,361,0.7604,0.0066
20260312162927,2000,361,0.7604,0.0066
20260312162928,2000,361,0.7604,0.0066
20260312162929,2000,361,0.7604,0.0066
20260312162930,2000,361,0.7604,0.0066
20260312162931,2000,361,0.7604,0.0066
20260312162932,2000,361,0.7604,0.0066
20260312162933,2000,361,0.7604,0.0066
20260312162934,2000,361,0.7604,0.0066
20260312162935,2000,361,0.7604,0.0066
20260312162936,2000,361,0.7604,0.0066
20260312162937,2000,361,0.7604,0.0066
20260312162938,2000,361,0.7604,0.0066
20260312162939,2000,361,0.7604,0.0066
20260312162940,2000,361,0.7604,0.0066
20260312162941,2000,361,0.7604,0.0066
20260312162942,2000,362,0.7604,0.0066
20260312162943,2000,362,0.7604,0.0066
20260312162944,2000,362,0.7604,0.0066
20260312162945,2000,362,0.7604,0.0066
20260312162946,2000,362,0.7604,0.0066
20260312162947,2000,362,0.7604,0.0066
20260312162948,2000,362,0.7604,0.0066
20260312162949,2000,362,0.7604,0.0066
20260312162950,2000,362,0.7604,0.0066
20260312162951,2000,362,0.7604,0.0066
20260312162952,2000,362,0.7604,0.0066
20260312162953,2000,362,0.7604,0.0066
20260312162954,2000,362,0.7604,0.0066
20260312162955,2000,362,0.7604,0.0066
20260312162956,2000,362,0.7604,0.0066
20260312162957,2000,362,0.7604,0.0066
20260312162958,2000,362,0.7604,0.0066
20260312162959,2000,362,0.7604,0.0066
20260312163000,2000,362,0.7604,0.0066
20260312163001,2000,362,0.7604,0.0066
20260312163002,2000,362,0.7604,0.0066
20260312163003,2000,362,0.7604,0.0066
20260312163004,2000,362,0.7604,0.0066
20260312163005,2000,362,0.7604,0.0066
20260312163006,2000,362,0.7604,0.0066
20260312163007,2000,362,0.7604,0.0066
20260312163008,2000,362,0.7604,0.0066
20260312163009,2000,362,0.7604,0.0066
20260312163010,2000,362,0.7604,0.0066
20260312163011,2000,362,0.7604,0.0066
20260312163012,2000,362,0.7604,0.0066
20260312163013,2000,362,0.7604,0.0066
20260312163014,2000,362,0.7604,0.0066
20260312163015,2000,362,0.7604,0.0066
20260312163016,2000,362,0.7604,0.0066
20260312163017,2000,362,0.7604,0.0066
20260312163018,2000,362,0.7604,0.0066
20260312163019,2000,362,0.7604,0.0066
20260312163020,2000,362,0.7604,0.0066
20260312163021,2000,362,0.7604,0.0066
20260312163022,2000,362,0.7604,0.0066
20260312163023,2000,363,0.7604,0.0066
20260312163024,2000,363,0.7604,0.0066
20260312163025,2000,363,0.7604,0.0066
20260312163026,2000,363,0.7604,0.0066
20260312163027,2000,363,0.7604,0.0066
20260312163028,2000,363,0.7604,0.0066
20260312163029,2000,363,0.7604,0.0066
20260312163030,2000,363,0.7604,0.0066
20260312163031,2000,363,0.7604,0.0066
20260312163032,2000,363,0.7604,0.0066
20260312163033,2000,363,0.7604,0.0066
20260312163034,2000,363,0.7604,0.0066
20260312163035,2000,363,0.7604,0.0066
20260312163036,2000,363,0.7604,0.0066
20260312163037,2000,363,0.7604,0.0066
20260312163038,2000,363,0.7604,0.0066
20260312163039,2000,363,0.7604,0.0066
20260312163040,2000,363,0.7604,0.0066
20260312163041,2000,363,0.7604,0.0066
20260312163042,2000,363,0.7604,0.0066
20260312163043,2000,363,0.7604,0.0066
20260312163044,2000,363,0.7604,0.0066
20260312163045,2000,363,0.7604,0.0066
20260312163046,2000,363,0.7604,0.0066
20260312163047,2000,363,0.7604,0.0066
20260312163048,2000,363,0.7604,0.0066
20260312163049,2000,363,0.7604,0.0066
20260312163050,2000,363,0.7604,0.0066
20260312163051,2000,363,0.7604,0.0066
20260312163052,2000,363,0.7604,0.0066
20260312163053,2000,363,0.7604,0.0066
20260312163054,2000,363,0.7604,0.0066
20260312163055,2000,363,0.7604,0.0066
20260312163056,2000,363,0.7604,0.0066
20260312163057,2000,363,0.7604,0.0066
20260312163058,2000,363,0.7604,0.0066
20260312163059,2000,363,0.7604,0.0066
20260312163100,2000,363,0.7604,0.0066
20260312163101,2000,363,0.7604,0.0066
20260312163102,2000,363,0.7604,0.0066
20260312163104,2000,363,0.7604,0.0066
20260312163105,2000,363,0.7604,0.0066
20260312163106,2000,364,0.7604,0.0066
20260312163107,2000,364,0.7604,0.0066
20260312163108,2000,364,0.7604,0.0066
20260312163109,2000,364,0.7604,0.0066
20260312163110,2000,364,0.7604,0.0066
20260312163111,2000,364,0.7604,0.0066
20260312163112,2000,364,0.7604,0.0066
20260312163113,2000,364,0.7604,0.0066
20260312163114,2000,364,0.7604,0.0066
20260312163115,2000,364,0.7604,0.0066
20260312163116,2000,364,0.7604,0.0066
20260312163117,2000,364,0.7604,0.0066
20260312163118,2000,364,0.7604,0.0066
20260312163119,2000,364,0.7604,0.0066
20260312163120,2000,364,0.7604,0.0066
20260312163121,2000,364,0.7604,0.0066
20260312163122,2000,364,0.7604,0.0066
20260312163123,2000,364,0.7604,0.0066
20260312163124,2000,364,0.7604,0.0066
20260312163125,2000,364,0.7604,0.0066
20260312163126,2000,364,0.7604,0.0066
20260312163127,2000,364,0.7604,0.0066
20260312163128,2000,364,0.7604,0.0066
20260312163129,2000,364,0.7604,0.0066
20260312163130,2000,364,0.7604,0.0066
20260312163131,2000,364,0.7604,0.0066
20260312163132,2000,364,0.7604,0.0066
20260312163133,2000,364,0.7604,0.0066
20260312163134,2000,364,0.7604,0.0066
20260312163135,2000,364,0.7604,0.0066
20260312163136,2000,364,0.7604,0.0066
20260312163137,2000,364,0.7604,0.0066
20260312163138,2000,364,0.7604,0.0066
20260312163139,2000,364,0.7604,0.0066
20260312163140,2000,364,0.7604,0.0066
20260312163141,2000,364,0.7604,0.0066
20260312163142,2000,364,0.7604,0.0066
20260312163143,2000,364,0.7604,0.0066
20260312163144,2000,364,0.7604,0.0066
20260312163145,2000,364,0.7604,0.0066
20260312163146,2000,364,0.7604,0.0066
20260312163147,2000,364,0.7604,0.0066
20260312163148,2000,365,0.7604,0.0066
20260312163149,2000,365,0.7604,0.0066
20260312163150,2000,365,0.7604,0.0066
20260312163151,2000,365,0.7604,0.0066
20260312163152,2000,365,0.7604,0.0066
20260312163153,2000,365,0.7603,0.0066
20260312163154,2000,365,0.7603,0.0066
20260312163155,2000,365,0.7603,0.0066
20260312163156,2000,365,0.7603,0.0066
20260312163157,2000,365,0.7603,0.0066
20260312163158,2000,365,0.7603,0.0066
20260312163159,2000,365,0.7603,0.0066
20260312163200,2000,365,0.7603,0.0066
20260312163201,2000,365,0.7603,0.0066
20260312163202,2000,365,0.7603,0.0066
20260312163203,2000,365,0.7603,0.0066
20260312163204,2000,365,0.7603,0.0066
20260312163205,2000,365,0.7603,0.0066
20260312163206,2000,365,0.7603,0.0066
20260312163207,2000,365,0.7603,0.0066
20260312163208,2000,365,0.7603,0.0066
20260312163209,2000,365,0.7603,0.0066
20260312163210,2000,365,0.7603,0.0066
20260312163211,2000,365,0.7603,0.0066
20260312163212,2000,365,0.7603,0.0066
20260312163213,2000,365,0.7603,0.0066
20260312163214,2000,365,0.7603,0.0066
20260312163215,2000,365,0.7603,0.0066
20260312163216,2000,365,0.7603,0.0066
20260312163217,2000,365,0.7603,0.0066
20260312163218,2000,365,0.7603,0.0066
20260312163219,2000,365,0.7603,0.0066
20260312163220,2000,365,0.7603,0.0066
20260312163221,2000,365,0.7603,0.0066
20260312163222,2000,365,0.7603,0.0066
20260312163223,2000,365,0.7603,0.0066
20260312163224,2000,365,0.7603,0.0066
20260312163225,2000,365,0.7603,0.0066
20260312163226,2000,365,0.7603,0.0066
20260312163227,2000,365,0.7603,0.0066
20260312163228,2000,365,0.7603,0.0066
20260312163229,2000,365,0.7603,0.0066
20260312163230,2000,366,0.7603,0.0066
20260312163231,2000,366,0.7603,0.0066
20260312163232,2000,366,0.7603,0.0066
20260312163233,2000,366,0.7603,0.0066
20260312163234,2000,366,0.7603,0.0066
20260312163235,2000,366,0.7603,0.0066
20260312163236,2000,366,0.7603,0.0066
20260312163237,2000,366,0.7603,0.0066
20260312163239,2000,366,0.7603,0.0066
20260312163240,2000,366,0.7603,0.0066
20260312163241,2000,366,0.7603,0.0066
20260312163242,2000,366,0.7603,0.0066
20260312163243,2000,366,0.7603,0.0066
20260312163244,2000,366,0.7603,0.0066
20260312163245,2000,366,0.7603,0.0066
20260312163246,2000,366,0.7603,0.0066
20260312163247,2000,366,0.7603,0.0066
20260312163248,2000,366,0.7603,0.0066
20260312163249,2000,366,0.7603,0.0066
20260312163250,2000,366,0.7603,0.0066
20260312163251,2000,366,0.7603,0.0066
20260312163252,2000,366,0.7603,0.0066
20260312163253,2000,366,0.7603,0.0066
20260312163254,2000,366,0.7603,0.0066
20260312163255,2000,366,0.7603,0.0066
20260312163256,2000,366,0.7603,0.0066
20260312163257,2000,366,0.7603,0.0066
20260312163258,2000,366,0.7603,0.0066
20260312163259,2000,366,0.7603,0.0066
20260312163300,2000,366,0.7603,0.0066
20260312163301,2000,366,0.7603,0.0066
20260312163302,2000,366,0.7603,0.0066
20260312163303,2000,366,0.7603,0.0066
20260312163304,2000,366,0.7603,0.0066
20260312163305,2000,366,0.7603,0.0066
20260312163306,2000,366,0.7603,0.0066
20260312163307,2000,366,0.7603,0.0066
20260312163308,2000,366,0.7603,0.0066
20260312163309,2000,366,0.7603,0.0066
20260312163310,2000,366,0.7603,0.0066
20260312163311,2000,366,0.7603,0.0066
20260312163312,2000,366,0.7603,0.0066
20260312163313,2000,367,0.7603,0.0066
20260312163314,2000,367,0.7603,0.0066
20260312163315,2000,367,0.7603,0.0066
20260312163316,2000,367,0.7603,0.0066
20260312163317,2000,367,0.7603,0.0066
20260312163318,2000,367,0.7603,0.0066
20260312163319,2000,367,0.7603,0.0066
20260312163320,2000,367,0.7603,0.0066
20260312163321,2000,367,0.7603,0.0066
20260312163322,2000,367,0.7603,0.0066
20260312163323,2000,367,0.7603,0.0066
20260312163324,2000,367,0.7603,0.0066
20260312163325,2000,367,0.7603,0.0066
20260312163326,2000,367,0.7603,0.0066
20260312163327,2000,367,0.7603,0.0066
20260312163328,2000,367,0.7603,0.0066
20260312163329,2000,367,0.7603,0.0066
20260312163330,2000,367,0.7603,0.0066
20260312163331,2000,367,0.7603,0.0066
20260312163332,2000,367,0.7603,0.0066
20260312163333,2000,367,0.7603,0.0066
20260312163334,2000,367,0.7603,0.0066
20260312163335,2000,367,0.7603,0.0066
20260312163336,2000,367,0.7603,0.0066
20260312163337,2000,367,0.7603,0.0066
20260312163338,2000,367,0.7603,0.0066
20260312163339,2000,367,0.7603,0.0066
20260312163340,2000,367,0.7603,0.0066
20260312163341,2000,367,0.7603,0.0066
20260312163342,2000,367,0.7603,0.0066
20260312163343,2000,367,0.7603,0.0066
20260312163344,2000,367,0.7603,0.0066
20260312163345,2000,367,0.7603,0.0066
20260312163346,2000,367,0.7603,0.0066
20260312163347,2000,367,0.7603,0.0066
20260312163348,2000,367,0.7603,0.0066
20260312163349,2000,367,0.7603,0.0066
20260312163350,2000,367,0.7603,0.0066
20260312163351,2000,367,0.7603,0.0066
20260312163352,2000,367,0.7603,0.0066
20260312163353,2000,367,0.7603,0.0066
20260312163354,2000,368,0.7603,0.0066
20260312163355,2000,368,0.7603,0.0066
20260312163356,2000,368,0.7603,0.0066
20260312163357,2000,368,0.7603,0.0066
20260312163358,2000,368,0.7603,0.0066
20260312163359,2000,368,0.7603,0.0066
20260312163400,2000,368,0.7603,0.0066
20260312163401,2000,368,0.7603,0.0066
20260312163402,2000,368,0.7603,0.0066
20260312163403,2000,368,0.7603,0.0066
20260312163404,2000,368,0.7603,0.0066
20260312163405,2000,368,0.7603,0.0066
20260312163406,2000,368,0.7603,0.0066
20260312163407,2000,368,0.7603,0.0066
20260312163408,2000,368,0.7603,0.0066
20260312163409,2000,368,0.7603,0.0066
20260312163410,2000,368,0.7603,0.0066
20260312163411,2000,368,0.7603,0.0066
20260312163412,2000,368,0.7603,0.0066
20260312163413,2000,368,0.7603,0.0066
20260312163414,2000,368,0.7603,0.0066
20260312163415,2000,368,0.7603,0.0066
20260312163416,2000,368,0.7603,0.0066
20260312163417,2000,368,0.7603,0.0066
20260312163418,2000,368,0.7603,0.0066
20260312163419,2000,368,0.7603,0.0066
20260312163420,2000,368,0.7603,0.0066
20260312163422,2000,368,0.7603,0.0066
20260312163423,2000,368,0.7603,0.0066
20260312163424,2000,368,0.7603,0.0066
20260312163425,2000,368,0.7603,0.0066
20260312163426,2000,368,0.7603,0.0066
20260312163427,2000,368,0.7603,0.0066
20260312163428,2000,368,0.7603,0.0066
20260312163429,2000,368,0.7603,0.0066
20260312163430,2000,368,0.7603,0.0066
20260312163431,2000,368,0.7603,0.0066
20260312163432,2000,368,0.7603,0.0066
20260312163433,2000,368,0.7603,0.0066
20260312163434,2000,368,0.7603,0.0066
20260312163435,2000,368,0.7603,0.0066
20260312163436,2000,369,0.7603,0.0066
20260312163437,2000,369,0.7603,0.0066
20260312163438,2000,369,0.7603,0.0066
20260312163439,2000,369,0.7603,0.0066
20260312163440,2000,369,0.7603,0.0066
20260312163441,2000,369,0.7603,0.0066
20260312163442,2000,369,0.7603,0.0066
20260312163443,2000,369,0.7603,0.0066
20260312163444,2000,369,0.7603,0.0066
20260312163445,2000,369,0.7603,0.0066
20260312163446,2000,369,0.7603,0.0066
20260312163447,2000,369,0.7603,0.0066
20260312163448,2000,369,0.7603,0.0066
20260312163449,2000,369,0.7603,0.0066
20260312163450,2000,369,0.7603,0.0066
20260312163451,2000,369,0.7603,0.0066
20260312163452,2000,369,0.7603,0.0066
20260312163453,2000,369,0.7603,0.0066
20260312163454,2000,369,0.7603,0.0066
20260312163455,2000,369,0.7603,0.0066
20260312163456,2000,369,0.7603,0.0066
20260312163457,2000,369,0.7603,0.0066
20260312163458,2000,369,0.7603,0.0066
20260312163459,2000,369,0.7603,0.0066
20260312163500,2000,369,0.7603,0.0066
20260312163501,2000,369,0.7603,0.0066
20260312163502,2000,369,0.7603,0.0066
20260312163503,2000,369,0.7603,0.0066
20260312163504,2000,369,0.7603,0.0066
20260312163505,2000,369,0.7603,0.0066
20260312163506,2000,369,0.7603,0.0066
20260312163507,2000,369,0.7603,0.0066
20260312163508,2000,369,0.7603,0.0066
20260312163509,2000,369,0.7603,0.0066
20260312163510,2000,369,0.7603,0.0066
20260312163511,2000,369,0.7603,0.0066
20260312163512,2000,369,0.7603,0.0066
20260312163513,2000,369,0.7603,0.0066
20260312163514,2000,369,0.7603,0.0066
20260312163515,2000,369,0.7603,0.0066
20260312163516,2000,369,0.7603,0.0066
20260312163517,2000,369,0.7603,0.0066
20260312163518,2000,370,0.7603,0.0066
20260312163519,2000,370,0.7603,0.0066
20260312163520,2000,370,0.7603,0.0066
20260312163521,2000,370,0.7603,0.0066
20260312163522,2000,370,0.7603,0.0066
20260312163523,2000,370,0.7603,0.0066
20260312163524,2000,370,0.7603,0.0066
20260312163525,2000,370,0.7603,0.0066
20260312163526,2000,370,0.7603,0.0066
20260312163527,2000,370,0.7603,0.0066
20260312163528,2000,370,0.7603,0.0066
20260312163529,2000,370,0.7603,0.0066
20260312163530,2000,370,0.7603,0.0066
20260312163531,2000,370,0.7603,0.0066
20260312163532,2000,370,0.7603,0.0066
20260312163533,2000,370,0.7603,0.0066
20260312163534,2000,370,0.7603,0.0066
20260312163535,2000,370,0.7603,0.0066
20260312163536,2000,370,0.7603,0.0066
20260312163537,2000,370,0.7603,0.0066
20260312163538,2000,370,0.7603,0.0066
20260312163539,2000,370,0.7603,0.0066
20260312163540,2000,370,0.7603,0.0066
20260312163541,2000,370,0.7603,0.0066
20260312163542,2000,370,0.7603,0.0066
20260312163543,2000,370,0.7603,0.0066
20260312163544,2000,370,0.7603,0.0066
20260312163545,2000,370,0.7603,0.0066
20260312163546,2000,370,0.7603,0.0066
20260312163547,2000,370,0.7603,0.0066
20260312163549,2000,370,0.7603,0.0066
20260312163550,2000,370,0.7603,0.0066
20260312163551,2000,370,0.7603,0.0066
20260312163552,2000,370,0.7603,0.0066
20260312163553,2000,370,0.7603,0.0066
20260312163554,2000,370,0.7603,0.0066
20260312163555,2000,370,0.7603,0.0066
20260312163556,2000,370,0.7603,0.0066
20260312163557,2000,370,0.7603,0.0066
20260312163558,2000,370,0.7603,0.0066
20260312163559,2000,370,0.7603,0.0066
20260312163600,2000,371,0.7603,0.0066
20260312163601,2000,371,0.7603,0.0066
20260312163602,2000,371,0.7603,0.0066
20260312163603,2000,371,0.7603,0.0066
20260312163604,2000,371,0.7603,0.0066
20260312163605,2000,371,0.7603,0.0066
20260312163606,2000,371,0.7603,0.0066
20260312163607,2000,371,0.7603,0.0066
20260312163608,2000,371,0.7603,0.0066
20260312163609,2000,371,0.7603,0.0066
20260312163610,2000,371,0.7603,0.0066
20260312163611,2000,371,0.7603,0.0066
20260312163612,2000,371,0.7603,0.0066
20260312163613,2000,371,0.7603,0.0066
20260312163614,2000,371,0.7603,0.0066
20260312163615,2000,371,0.7603,0.0066
20260312163616,2000,371,0.7603,0.0066
20260312163617,2000,371,0.7603,0.0066
20260312163618,2000,371,0.7603,0.0066
20260312163619,2000,371,0.7603,0.0066
20260312163620,2000,371,0.7603,0.0066
20260312163621,2000,371,0.7603,0.0066
20260312163622,2000,371,0.7603,0.0066
20260312163623,2000,371,0.7603,0.0066
20260312163624,2000,371,0.7603,0.0066
20260312163625,2000,371,0.7603,0.0066
20260312163626,2000,371,0.7603,0.0066
20260312163627,2000,371,0.7603,0.0066
20260312163628,2000,371,0.7603,0.0066
20260312163629,2000,371,0.7603,0.0066
20260312163630,2000,371,0.7603,0.0066
20260312163631,2000,371,0.7603,0.0066
20260312163632,2000,371,0.7603,0.0066
20260312163633,2000,371,0.7603,0.0066
20260312163634,2000,371,0.7603,0.0066
20260312163635,2000,371,0.7603,0.0066
20260312163636,2000,371,0.7603,0.0066
20260312163637,2000,371,0.7603,0.0066
20260312163638,2000,371,0.7603,0.0066
20260312163639,2000,371,0.7603,0.0066
20260312163640,2000,371,0.7603,0.0066
20260312163641,2000,371,0.7603,0.0066
20260312163642,2000,372,0.7603,0.0066
20260312163643,2000,372,0.7603,0.0066
20260312163644,2000,372,0.7603,0.0066
20260312163645,2000,372,0.7603,0.0066
20260312163646,2000,372,0.7603,0.0066
20260312163647,2000,372,0.7603,0.0066
20260312163648,2000,372,0.7603,0.0066
20260312163649,2000,372,0.7603,0.0066
20260312163650,2000,372,0.7603,0.0066
20260312163651,2000,372,0.7603,0.0066
20260312163652,2000,372,0.7603,0.0066
20260312163653,2000,372,0.7603,0.0066
20260312163654,2000,372,0.7603,0.0066
20260312163655,2000,372,0.7603,0.0066
20260312163656,2000,372,0.7603,0.0066
20260312163657,2000,372,0.7603,0.0066
20260312163658,2000,372,0.7603,0.0066
20260312163659,2000,372,0.7603,0.0066
20260312163700,2000,372,0.7603,0.0066
20260312163701,2000,372,0.7603,0.0066
20260312163702,2000,372,0.7603,0.0066
20260312163703,2000,372,0.7603,0.0066
20260312163704,2000,372,0.7603,0.0066
20260312163705,2000,372,0.7603,0.0066
20260312163706,2000,372,0.7603,0.0066
20260312163707,2000,372,0.7603,0.0066
20260312163708,2000,372,0.7603,0.0066
20260312163709,2000,372,0.7603,0.0066
20260312163710,2000,372,0.7603,0.0066
20260312163711,2000,372,0.7603,0.0066
20260312163712,2000,372,0.7603,0.0066
20260312163713,2000,372,0.7603,0.0066
20260312163714,2000,372,0.7603,0.0066
20260312163715,2000,372,0.7603,0.0066
20260312163716,2000,372,0.7603,0.0066
20260312163717,2000,372,0.7603,0.0066
20260312163718,2000,372,0.7603,0.0066
20260312163719,2000,372,0.7603,0.0066
20260312163720,2000,372,0.7603,0.0066
20260312163721,2000,372,0.7603,0.0066
20260312163722,2000,372,0.7603,0.0066
20260312163723,2000,372,0.7603,0.0066
20260312163724,2000,372,0.7603,0.0066
20260312163725,2000,372,0.7603,0.0066
20260312163726,2000,372,0.7603,0.0066
20260312163727,2000,373,0.7603,0.0066
20260312163728,2000,373,0.7603,0.0066
20260312163729,2000,373,0.7603,0.0066
20260312163731,2000,373,0.7603,0.0066
20260312163732,2000,373,0.7603,0.0066
20260312163733,2000,373,0.7603,0.0066
20260312163734,2000,373,0.7603,0.0066
20260312163735,2000,373,0.7603,0.0066
20260312163736,2000,373,0.7602,0.0066
20260312163737,2000,373,0.7602,0.0066
20260312163738,2000,373,0.7602,0.0066
20260312163739,2000,373,0.7602,0.0066
20260312163740,2000,373,0.7602,0.0066
20260312163741,2000,373,0.7602,0.0066
20260312163742,2000,373,0.7602,0.0066
20260312163743,2000,373,0.7602,0.0066
20260312163744,2000,373,0.7602,0.0066
20260312163745,2000,373,0.7602,0.0066
20260312163746,2000,373,0.7602,0.0066
20260312163747,2000,373,0.7602,0.0066
20260312163748,2000,373,0.7602,0.0066
20260312163749,2000,373,0.7602,0.0066
20260312163750,2000,373,0.7602,0.0066
20260312163751,2000,373,0.7602,0.0066
20260312163752,2000,373,0.7602,0.0066
20260312163753,2000,373,0.7602,0.0066
20260312163754,2000,373,0.7602,0.0066
20260312163755,2000,373,0.7602,0.0066
20260312163756,2000,373,0.7602,0.0066
20260312163757,2000,373,0.7602,0.0066
20260312163758,2000,373,0.7602,0.0066
20260312163759,2000,373,0.7602,0.0066
20260312163800,2000,373,0.7602,0.0066
20260312163801,2000,373,0.7602,0.0066
20260312163802,2000,373,0.7602,0.0066
20260312163803,2000,373,0.7602,0.0066
20260312163804,2000,373,0.7602,0.0066
20260312163805,2000,373,0.7602,0.0066
20260312163806,2000,373,0.7602,0.0066
20260312163807,2000,373,0.7602,0.0066
20260312163808,2000,373,0.7602,0.0066
20260312163809,2000,373,0.7602,0.0066
20260312163810,2000,374,0.7602,0.0066
20260312163811,2000,374,0.7602,0.0066
20260312163812,2000,374,0.7602,0.0066
20260312163813,2000,374,0.7602,0.0066
20260312163814,2000,374,0.7602,0.0066
20260312163815,2000,374,0.7602,0.0066
20260312163816,2000,374,0.7602,0.0066
20260312163817,2000,374,0.7602,0.0066
20260312163818,2000,374,0.7602,0.0066
20260312163819,2000,374,0.7602,0.0066
20260312163820,2000,374,0.7602,0.0066
20260312163821,2000,374,0.7602,0.0066
20260312163822,2000,374,0.7602,0.0066
20260312163823,2000,374,0.7602,0.0066
20260312163824,2000,374,0.7602,0.0066
20260312163825,2000,374,0.7602,0.0066
20260312163826,2000,374,0.7602,0.0066
20260312163827,2000,374,0.7602,0.0066
20260312163828,2000,374,0.7602,0.0066
20260312163829,2000,374,0.7602,0.0066
20260312163830,2000,374,0.7602,0.0066
20260312163831,2000,374,0.7602,0.0066
20260312163832,2000,374,0.7602,0.0066
20260312163833,2000,374,0.7602,0.0066
20260312163834,2000,374,0.7602,0.0066
20260312163835,2000,374,0.7602,0.0066
20260312163836,2000,374,0.7602,0.0066
20260312163837,2000,374,0.7602,0.0066
20260312163838,2000,374,0.7602,0.0066
20260312163839,2000,374,0.7602,0.0066
20260312163840,2000,374,0.7602,0.0066
20260312163841,2000,374,0.7602,0.0066
20260312163842,2000,374,0.7602,0.0066
20260312163843,2000,374,0.7602,0.0066
20260312163844,2000,374,0.7602,0.0066
20260312163845,2000,374,0.7602,0.0066
20260312163846,2000,374,0.7602,0.0066
20260312163847,2000,374,0.7602,0.0066
20260312163848,2000,374,0.7602,0.0066
20260312163849,2000,374,0.7602,0.0066
20260312163850,2000,374,0.7602,0.0066
20260312163851,2000,374,0.7602,0.0066
20260312163852,2000,375,0.7602,0.0066
20260312163853,2000,375,0.7602,0.0066
20260312163854,2000,375,0.7602,0.0066
20260312163855,2000,375,0.7602,0.0066
20260312163856,2000,375,0.7602,0.0066
20260312163857,2000,375,0.7602,0.0066
20260312163858,2000,375,0.7602,0.0066
20260312163859,2000,375,0.7602,0.0066
20260312163900,2000,375,0.7602,0.0066
20260312163902,2000,375,0.7602,0.0066
20260312163903,2000,375,0.7602,0.0066
20260312163904,2000,375,0.7602,0.0066
20260312163905,2000,375,0.7602,0.0066
20260312163906,2000,375,0.7602,0.0066
20260312163907,2000,375,0.7602,0.0066
20260312163908,2000,375,0.7602,0.0066
20260312163909,2000,375,0.7602,0.0066
20260312163910,2000,375,0.7602,0.0066
20260312163911,2000,375,0.7602,0.0066
20260312163912,2000,375,0.7602,0.0066
20260312163913,2000,375,0.7602,0.0066
20260312163914,2000,375,0.7602,0.0066
20260312163915,2000,375,0.7602,0.0066
20260312163916,2000,375,0.7602,0.0066
20260312163917,2000,375,0.7602,0.0066
20260312163918,2000,375,0.7602,0.0066
20260312163919,2000,375,0.7602,0.0066
20260312163920,2000,375,0.7602,0.0066
20260312163921,2000,375,0.7602,0.0066
20260312163922,2000,375,0.7602,0.0066
20260312163923,2000,375,0.7602,0.0066
20260312163924,2000,375,0.7602,0.0066
20260312163925,2000,375,0.7602,0.0066
20260312163926,2000,375,0.7602,0.0066
20260312163927,2000,375,0.7602,0.0066
20260312163928,2000,375,0.7602,0.0066
20260312163929,2000,375,0.7602,0.0066
20260312163930,2000,375,0.7602,0.0066
20260312163931,2000,375,0.7602,0.0066
20260312163932,2000,375,0.7602,0.0066
20260312163933,2000,375,0.7602,0.0066
20260312163934,2000,375,0.7602,0.0066
20260312163935,2000,376,0.7602,0.0066
20260312163936,2000,376,0.7602,0.0066
20260312163937,2000,376,0.7602,0.0066
20260312163938,2000,376,0.7602,0.0066
20260312163939,2000,376,0.7602,0.0066
20260312163940,2000,376,0.7602,0.0066
20260312163941,2000,376,0.7602,0.0066
20260312163942,2000,376,0.7602,0.0066
20260312163943,2000,376,0.7602,0.0066
20260312163944,2000,376,0.7602,0.0066
20260312163945,2000,376,0.7602,0.0066
20260312163946,2000,376,0.7602,0.0066
20260312163947,2000,376,0.7602,0.0066
20260312163948,2000,376,0.7602,0.0066
20260312163949,2000,376,0.7602,0.0066
20260312163950,2000,376,0.7602,0.0066
20260312163951,2000,376,0.7602,0.0066
20260312163952,2000,376,0.7602,0.0066
20260312163953,2000,376,0.7602,0.0066
20260312163954,2000,376,0.7602,0.0066
20260312163955,2000,376,0.7602,0.0066
20260312163956,2000,376,0.7602,0.0066
20260312163957,2000,376,0.7602,0.0066
20260312163958,2000,376,0.7602,0.0066
20260312163959,2000,376,0.7602,0.0066
20260312164000,2000,376,0.7602,0.0066
20260312164001,2000,376,0.7602,0.0066
20260312164002,2000,376,0.7602,0.0066
20260312164003,2000,376,0.7602,0.0066
20260312164004,2000,376,0.7602,0.0066
20260312164005,2000,376,0.7602,0.0066
20260312164006,2000,376,0.7602,0.0066
20260312164007,2000,376,0.7602,0.0066
20260312164008,2000,376,0.7602,0.0066
20260312164009,2000,376,0.7602,0.0066
20260312164010,2000,376,0.7602,0.0066
20260312164011,2000,376,0.7602,0.0066
20260312164012,2000,376,0.7602,0.0066
20260312164013,2000,376,0.7602,0.0066
20260312164014,2000,376,0.7602,0.0066
20260312164015,2000,376,0.7602,0.0066
20260312164016,2000,376,0.7602,0.0066
20260312164017,2000,376,0.7602,0.0066
20260312164018,2000,376,0.7602,0.0066
20260312164019,2000,377,0.7602,0.0066
20260312164020,2000,377,0.7602,0.0066
20260312164021,2000,377,0.7602,0.0066
20260312164022,2000,377,0.7602,0.0066
20260312164023,2000,377,0.7602,0.0066
20260312164024,2000,377,0.7602,0.0066
20260312164025,2000,377,0.7602,0.0066
20260312164026,2000,377,0.7602,0.0066
20260312164027,2000,377,0.7602,0.0066
20260312164028,2000,377,0.7602,0.0066
20260312164029,2000,377,0.7602,0.0066
20260312164030,2000,377,0.7602,0.0066
20260312164031,2000,377,0.7602,0.0066
20260312164032,2000,377,0.7602,0.0066
20260312164033,2000,377,0.7602,0.0066
20260312164034,2000,377,0.7602,0.0066
20260312164035,2000,377,0.7602,0.0066
20260312164036,2000,377,0.7602,0.0066
20260312164037,2000,377,0.7602,0.0066
20260312164038,2000,377,0.7602,0.0066
20260312164039,2000,377,0.7602,0.0066
20260312164040,2000,377,0.7602,0.0066
20260312164041,2000,377,0.7602,0.0066
20260312164042,2000,377,0.7602,0.0066
20260312164044,2000,377,0.7602,0.0066
20260312164045,2000,377,0.7602,0.0066
20260312164046,2000,377,0.7602,0.0066
20260312164047,2000,377,0.7602,0.0066
20260312164048,2000,377,0.7602,0.0066
20260312164049,2000,377,0.7602,0.0066
20260312164050,2000,377,0.7602,0.0066
20260312164051,2000,377,0.7602,0.0066
20260312164052,2000,377,0.7602,0.0066
20260312164053,2000,377,0.7602,0.0066
20260312164054,2000,377,0.7602,0.0066
20260312164055,2000,377,0.7602,0.0066
20260312164056,2000,377,0.7602,0.0066
20260312164057,2000,377,0.7602,0.0066
20260312164058,2000,377,0.7602,0.0066
20260312164059,2000,377,0.7602,0.0066
20260312164100,2000,377,0.7602,0.0066
20260312164101,2000,377,0.7602,0.0066
20260312164102,2000,377,0.7602,0.0066
20260312164103,2000,378,0.7602,0.0066
20260312164104,2000,378,0.7602,0.0066
20260312164105,2000,378,0.7602,0.0066
20260312164106,2000,378,0.7602,0.0066
20260312164107,2000,378,0.7602,0.0066
20260312164108,2000,378,0.7602,0.0066
20260312164109,2000,378,0.7602,0.0066
20260312164110,2000,378,0.7602,0.0066
20260312164111,2000,378,0.7602,0.0066
20260312164112,2000,378,0.7602,0.0066
20260312164113,2000,378,0.7602,0.0066
20260312164114,2000,378,0.7602,0.0066
20260312164115,2000,378,0.7602,0.0066
20260312164116,2000,378,0.7602,0.0066
20260312164117,2000,378,0.7602,0.0066
20260312164118,2000,378,0.7602,0.0066
20260312164119,2000,378,0.7602,0.0066
20260312164120,2000,378,0.7602,0.0066
20260312164121,2000,378,0.7602,0.0066
20260312164122,2000,378,0.7602,0.0066
20260312164123,2000,378,0.7602,0.0066
20260312164124,2000,378,0.7602,0.0066
20260312164125,2000,378,0.7602,0.0066
20260312164126,2000,378,0.7602,0.0066
20260312164127,2000,378,0.7602,0.0066
20260312164128,2000,378,0.7602,0.0066
20260312164129,2000,378,0.7602,0.0066
20260312164130,2000,378,0.7602,0.0066
20260312164131,2000,378,0.7602,0.0066
20260312164132,2000,378,0.7602,0.0066
20260312164133,2000,378,0.7602,0.0066
20260312164134,2000,378,0.7602,0.0066
20260312164135,2000,378,0.7602,0.0066
20260312164136,2000,378,0.7602,0.0066
20260312164137,2000,378,0.7602,0.0066
20260312164138,2000,378,0.7602,0.0066
20260312164139,2000,378,0.7602,0.0066
20260312164140,2000,378,0.7602,0.0066
20260312164141,2000,378,0.7602,0.0066
20260312164142,2000,378,0.7602,0.0066
20260312164143,2000,378,0.7602,0.0066
20260312164144,2000,378,0.7602,0.0066
20260312164145,2000,379,0.7602,0.0066
20260312164146,2000,379,0.7602,0.0066
20260312164147,2000,379,0.7602,0.0066
20260312164148,2000,379,0.7602,0.0066
20260312164149,2000,379,0.7602,0.0066
20260312164150,2000,379,0.7602,0.0066
20260312164151,2000,379,0.7602,0.0066
20260312164152,2000,379,0.7602,0.0066
20260312164153,2000,379,0.7602,0.0066
20260312164154,2000,379,0.7602,0.0066
20260312164155,2000,379,0.7602,0.0066
20260312164156,2000,379,0.7602,0.0066
20260312164157,2000,379,0.7602,0.0066
20260312164158,2000,379,0.7602,0.0066
20260312164159,2000,379,0.7602,0.0066
20260312164200,2000,379,0.7602,0.0066
20260312164201,2000,379,0.7602,0.0066
20260312164202,2000,379,0.7602,0.0066
20260312164203,2000,379,0.7602,0.0066
20260312164204,2000,379,0.7602,0.0066
20260312164205,2000,379,0.7602,0.0066
20260312164206,2000,379,0.7602,0.0066
20260312164207,2000,379,0.7602,0.0066
20260312164208,2000,379,0.7602,0.0066
20260312164209,2000,379,0.7602,0.0066
20260312164210,2000,379,0.7602,0.0066
20260312164211,2000,379,0.7602,0.0066
20260312164212,2000,379,0.7602,0.0066
20260312164213,2000,379,0.7602,0.0066
20260312164214,2000,379,0.7602,0.0066
20260312164215,2000,379,0.7602,0.0066
20260312164216,2000,379,0.7602,0.0066
20260312164217,2000,379,0.7602,0.0066
20260312164218,2000,379,0.7602,0.0066
20260312164219,2000,379,0.7602,0.0066
20260312164220,2000,379,0.7602,0.0066
20260312164222,2000,379,0.7602,0.0066
20260312164223,2000,379,0.7602,0.0066
20260312164224,2000,379,0.7602,0.0066
20260312164225,2000,379,0.7602,0.0066
20260312164226,2000,379,0.7602,0.0066
20260312164227,2000,379,0.7602,0.0066
20260312164228,2000,380,0.7602,0.0066
20260312164229,2000,380,0.7602,0.0066
20260312164230,2000,380,0.7602,0.0066
20260312164231,2000,380,0.7602,0.0066
20260312164232,2000,380,0.7602,0.0066
20260312164233,2000,380,0.7602,0.0066
20260312164234,2000,380,0.7602,0.0066
20260312164235,2000,380,0.7602,0.0066
20260312164236,2000,380,0.7602,0.0066
20260312164237,2000,380,0.7602,0.0066
20260312164238,2000,380,0.7602,0.0066
20260312164239,2000,380,0.7602,0.0066
20260312164240,2000,380,0.7602,0.0066
20260312164241,2000,380,0.7602,0.0066
20260312164242,2000,380,0.7602,0.0066
20260312164243,2000,380,0.7602,0.0066
20260312164244,2000,380,0.7602,0.0066
20260312164245,2000,380,0.7602,0.0066
20260312164246,2000,380,0.7602,0.0066
20260312164247,2000,380,0.7602,0.0066
20260312164248,2000,380,0.7602,0.0066
20260312164249,2000,380,0.7602,0.0066
20260312164250,2000,380,0.7602,0.0066
20260312164251,2000,380,0.7602,0.0066
20260312164252,2000,380,0.7602,0.0066
20260312164253,2000,380,0.7602,0.0066
20260312164254,2000,380,0.7602,0.0066
20260312164255,2000,380,0.7602,0.0066
20260312164256,2000,380,0.7602,0.0066
20260312164257,2000,380,0.7602,0.0066
20260312164258,2000,380,0.7602,0.0066
20260312164259,2000,380,0.7602,0.0066
20260312164300,2000,380,0.7602,0.0066
20260312164301,2000,380,0.7602,0.0066
20260312164302,2000,380,0.7602,0.0066
20260312164303,2000,380,0.7602,0.0066
20260312164304,2000,380,0.7602,0.0066
20260312164305,2000,380,0.7602,0.0066
20260312164306,2000,380,0.7602,0.0066
20260312164307,2000,380,0.7602,0.0066
20260312164308,2000,380,0.7602,0.0066
20260312164309,2000,380,0.7602,0.0066
20260312164310,2000,381,0.7602,0.0066
20260312164311,2000,381,0.7602,0.0066
20260312164312,2000,381,0.7602,0.0066
20260312164313,2000,381,0.7602,0.0066
20260312164314,2000,381,0.7602,0.0066
20260312164315,2000,381,0.7602,0.0066
20260312164316,2000,381,0.7602,0.0066
20260312164317,2000,381,0.7602,0.0066
20260312164318,2000,381,0.7602,0.0066
20260312164319,2000,381,0.7602,0.0066
20260312164320,2000,381,0.7602,0.0066
20260312164321,2000,381,0.7602,0.0066
20260312164322,2000,381,0.7602,0.0066
20260312164323,2000,381,0.7602,0.0066
20260312164324,2000,381,0.7602,0.0066
20260312164325,2000,381,0.7602,0.0066
20260312164326,2000,381,0.7602,0.0066
20260312164327,2000,381,0.7602,0.0066
20260312164328,2000,381,0.7602,0.0066
20260312164329,2000,381,0.7602,0.0066
20260312164330,2000,381,0.7602,0.0066
20260312164331,2000,381,0.7602,0.0066
20260312164332,2000,381,0.7602,0.0066
20260312164333,2000,381,0.7602,0.0066
20260312164334,2000,381,0.7602,0.0066
20260312164335,2000,381,0.7602,0.0066
20260312164336,2000,381,0.7602,0.0066
20260312164337,2000,381,0.7602,0.0066
20260312164338,2000,381,0.7602,0.0066
20260312164339,2000,381,0.7601,0.0066
20260312164340,2000,381,0.7601,0.0066
20260312164341,2000,381,0.7602,0.0066
20260312164342,2000,381,0.7602,0.0066
20260312164343,2000,381,0.7602,0.0066
20260312164344,2000,381,0.7602,0.0066
20260312164345,2000,381,0.7602,0.0066
20260312164346,2000,381,0.7602,0.0066
20260312164347,2000,381,0.7602,0.0066
20260312164348,2000,381,0.7602,0.0066
20260312164349,2000,381,0.7602,0.0066
20260312164350,2000,381,0.7602,0.0066
20260312164351,2000,381,0.7601,0.0066
20260312164352,2000,381,0.7601,0.0066
20260312164353,2000,382,0.7601,0.0066
20260312164354,2000,382,0.7601,0.0066
20260312164355,2000,382,0.7601,0.0066
20260312164356,2000,382,0.7601,0.0066
20260312164358,2000,382,0.7601,0.0066
20260312164359,2000,382,0.7601,0.0066
20260312164400,2000,382,0.7601,0.0066
20260312164401,2000,382,0.7601,0.0066
20260312164402,2000,382,0.7601,0.0066
20260312164403,2000,382,0.7601,0.0066
20260312164404,2000,382,0.7601,0.0066
20260312164405,2000,382,0.7601,0.0066
20260312164406,2000,382,0.7601,0.0066
20260312164407,2000,382,0.7601,0.0066
20260312164408,2000,382,0.7601,0.0066
20260312164409,2000,382,0.7601,0.0066
20260312164410,2000,382,0.7601,0.0066
20260312164411,2000,382,0.7601,0.0066
20260312164412,2000,382,0.7601,0.0066
20260312164413,2000,382,0.7601,0.0066
20260312164414,2000,382,0.7601,0.0066
20260312164415,2000,382,0.7601,0.0066
20260312164416,2000,382,0.7601,0.0066
20260312164417,2000,382,0.7601,0.0066
20260312164418,2000,382,0.7601,0.0066
20260312164419,2000,382,0.7601,0.0066
20260312164420,2000,382,0.7601,0.0066
20260312164421,2000,382,0.7601,0.0066
20260312164422,2000,382,0.7601,0.0066
20260312164423,2000,382,0.7601,0.0066
20260312164424,2000,382,0.7601,0.0066
20260312164425,2000,382,0.7601,0.0066
20260312164426,2000,382,0.7601,0.0066
20260312164427,2000,382,0.7601,0.0066
20260312164428,2000,382,0.7601,0.0066
20260312164429,2000,382,0.7601,0.0066
20260312164430,2000,382,0.7601,0.0066
20260312164431,2000,382,0.7601,0.0066
20260312164432,2000,382,0.7601,0.0066
20260312164433,2000,382,0.7601,0.0066
20260312164434,2000,382,0.7601,0.0066
20260312164435,2000,382,0.7601,0.0066
20260312164436,2000,383,0.7601,0.0066
20260312164437,2000,383,0.7601,0.0066
20260312164438,2000,383,0.7601,0.0066
20260312164439,2000,383,0.7601,0.0066
20260312164440,2000,383,0.7601,0.0066
20260312164441,2000,383,0.7601,0.0066
20260312164442,2000,383,0.7601,0.0066
20260312164443,2000,383,0.7601,0.0066
20260312164444,2000,383,0.7601,0.0066
20260312164445,2000,383,0.7601,0.0066
20260312164446,2000,383,0.7601,0.0066
20260312164447,2000,383,0.7601,0.0066
20260312164448,2000,383,0.7601,0.0066
20260312164449,2000,383,0.7601,0.0066
20260312164450,2000,383,0.7601,0.0066
20260312164451,2000,383,0.7601,0.0066
20260312164452,2000,383,0.7601,0.0066
20260312164453,2000,383,0.7601,0.0066
20260312164454,2000,383,0.7601,0.0066
20260312164455,2000,383,0.7601,0.0066
20260312164456,2000,383,0.7601,0.0066
20260312164457,2000,383,0.7601,0.0066
20260312164458,2000,383,0.7601,0.0066
20260312164459,2000,383,0.7601,0.0066
20260312164500,2000,383,0.7601,0.0066
20260312164501,2000,383,0.7601,0.0066
20260312164502,2000,383,0.7601,0.0066
20260312164503,2000,383,0.7601,0.0066
20260312164504,2000,383,0.7601,0.0066
20260312164505,2000,383,0.7601,0.0066
20260312164506,2000,383,0.7601,0.0066
20260312164507,2000,383,0.7601,0.0066
20260312164508,2000,383,0.7601,0.0066
20260312164509,2000,383,0.7601,0.0066
20260312164510,2000,383,0.7601,0.0066
20260312164511,2000,383,0.7601,0.0066
20260312164512,2000,383,0.7601,0.0066
20260312164513,2000,383,0.7601,0.0066
20260312164514,2000,383,0.7601,0.0066
20260312164515,2000,383,0.7601,0.0066
20260312164516,2000,383,0.7601,0.0066
20260312164517,2000,383,0.7601,0.0066
20260312164518,2000,384,0.7601,0.0066
20260312164519,2000,384,0.7601,0.0066
20260312164520,2000,384,0.7601,0.0066
20260312164521,2000,384,0.7601,0.0066
20260312164523,2000,384,0.7601,0.0066
20260312164524,2000,384,0.7601,0.0066
20260312164525,2000,384,0.7601,0.0066
20260312164526,2000,384,0.7601,0.0066
20260312164527,2000,384,0.7601,0.0066
20260312164528,2000,384,0.7601,0.0066
20260312164529,2000,384,0.7601,0.0066
20260312164530,2000,384,0.7601,0.0066
20260312164531,2000,384,0.7601,0.0066
20260312164532,2000,384,0.7601,0.0066
20260312164533,2000,384,0.7601,0.0066
20260312164534,2000,384,0.7601,0.0066
20260312164535,2000,384,0.7601,0.0066
20260312164536,2000,384,0.7601,0.0066
20260312164537,2000,384,0.7601,0.0066
20260312164538,2000,384,0.7601,0.0066
20260312164539,2000,384,0.7601,0.0066
20260312164540,2000,384,0.7601,0.0066
20260312164541,2000,384,0.7601,0.0066
20260312164542,2000,384,0.7601,0.0066
20260312164543,2000,384,0.7601,0.0066
20260312164544,2000,384,0.7601,0.0066
20260312164545,2000,384,0.7601,0.0066
20260312164546,2000,384,0.7601,0.0066
20260312164547,2000,384,0.7601,0.0066
20260312164548,2000,384,0.7601,0.0066
20260312164549,2000,384,0.7601,0.0066
20260312164550,2000,384,0.7601,0.0066
20260312164551,2000,384,0.7601,0.0066
20260312164552,2000,384,0.7601,0.0066
20260312164553,2000,384,0.7601,0.0066
20260312164554,2000,384,0.7601,0.0066
20260312164555,2000,384,0.7601,0.0066
20260312164556,2000,384,0.7601,0.0066
20260312164557,2000,384,0.7601,0.0066
20260312164558,2000,384,0.7601,0.0066
20260312164559,2000,384,0.7601,0.0066
20260312164600,2000,384,0.7601,0.0066
20260312164601,2000,385,0.7601,0.0066
20260312164602,2000,385,0.7601,0.0066
20260312164603,2000,385,0.7601,0.0066
20260312164604,2000,385,0.7601,0.0066
20260312164605,2000,385,0.7601,0.0066
20260312164606,2000,385,0.7601,0.0066
20260312164607,2000,385,0.7601,0.0066
20260312164608,2000,385,0.7601,0.0066
20260312164609,2000,385,0.7601,0.0066
20260312164610,2000,385,0.7601,0.0066
20260312164611,2000,385,0.7601,0.0066
20260312164612,2000,385,0.7601,0.0066
20260312164613,2000,385,0.7601,0.0066
20260312164614,2000,385,0.7601,0.0066
20260312164615,2000,385,0.7601,0.0066
20260312164616,2000,385,0.7601,0.0066
20260312164617,2000,385,0.7601,0.0066
20260312164618,2000,385,0.7601,0.0066
20260312164619,2000,385,0.7601,0.0066
20260312164620,2000,385,0.7601,0.0066
20260312164621,2000,385,0.7601,0.0066
20260312164622,2000,385,0.7601,0.0066
20260312164623,2000,385,0.7601,0.0066
20260312164624,2000,385,0.7601,0.0066
20260312164625,2000,385,0.7601,0.0066
20260312164626,2000,385,0.7601,0.0066
20260312164627,2000,385,0.7601,0.0066
20260312164628,2000,385,0.7601,0.0066
20260312164629,2000,385,0.7601,0.0066
20260312164630,2000,385,0.7601,0.0066
20260312164631,2000,385,0.7601,0.0066
20260312164632,2000,385,0.7601,0.0066
20260312164633,2000,385,0.7601,0.0066
20260312164634,2000,385,0.7601,0.0066
20260312164635,2000,385,0.7601,0.0066
20260312164636,2000,385,0.7601,0.0066
20260312164637,2000,385,0.7601,0.0066
20260312164638,2000,385,0.7601,0.0066
20260312164639,2000,385,0.7601,0.0066
20260312164640,2000,385,0.7601,0.0066
20260312164641,2000,385,0.7601,0.0066
20260312164642,2000,385,0.7601,0.0066
20260312164643,2000,385,0.7601,0.0066
20260312164644,2000,386,0.7601,0.0066
20260312164645,2000,386,0.7601,0.0066
20260312164646,2000,386,0.7601,0.0066
20260312164647,2000,386,0.7601,0.0066
20260312164648,2000,386,0.7601,0.0066
20260312164649,2000,386,0.7601,0.0066
20260312164650,2000,386,0.7601,0.0066
20260312164652,2000,386,0.7601,0.0066
20260312164653,2000,386,0.7601,0.0066
20260312164654,2000,386,0.7601,0.0066
20260312164655,2000,386,0.7601,0.0066
20260312164656,2000,386,0.7601,0.0066
20260312164657,2000,386,0.7601,0.0066
20260312164658,2000,386,0.7601,0.0066
20260312164659,2000,386,0.7601,0.0066
20260312164700,2000,386,0.7601,0.0066
20260312164701,2000,386,0.7601,0.0066
20260312164702,2000,386,0.7601,0.0066
20260312164703,2000,386,0.7601,0.0066
20260312164704,2000,386,0.7601,0.0066
20260312164705,2000,386,0.7601,0.0066
20260312164706,2000,386,0.7601,0.0066
20260312164707,2000,386,0.7601,0.0066
20260312164708,2000,386,0.7601,0.0066
20260312164709,2000,386,0.7601,0.0066
20260312164710,2000,386,0.7601,0.0066
20260312164711,2000,386,0.7601,0.0066
20260312164712,2000,386,0.7601,0.0066
20260312164713,2000,386,0.7601,0.0066
20260312164714,2000,386,0.7601,0.0066
20260312164715,2000,386,0.7601,0.0066
20260312164716,2000,386,0.7601,0.0066
20260312164717,2000,386,0.7601,0.0066
20260312164718,2000,386,0.7601,0.0066
20260312164719,2000,386,0.7601,0.0066
20260312164720,2000,386,0.7601,0.0066
20260312164721,2000,386,0.7601,0.0066
20260312164722,2000,386,0.7601,0.0066
20260312164723,2000,386,0.7601,0.0066
20260312164724,2000,386,0.7601,0.0066
20260312164725,2000,386,0.7601,0.0066
20260312164726,2000,387,0.7601,0.0066
20260312164727,2000,387,0.7601,0.0066
20260312164728,2000,387,0.7601,0.0066
20260312164729,2000,387,0.7601,0.0066
20260312164730,2000,387,0.7601,0.0066
20260312164731,2000,387,0.7601,0.0066
20260312164732,2000,387,0.7601,0.0066
20260312164733,2000,387,0.7601,0.0066
20260312164734,2000,387,0.7601,0.0066
20260312164735,2000,387,0.7601,0.0066
20260312164736,2000,387,0.7601,0.0066
20260312164737,2000,387,0.7601,0.0066
20260312164738,2000,387,0.7601,0.0066
20260312164739,2000,387,0.7601,0.0066
20260312164740,2000,387,0.7601,0.0066
20260312164741,2000,387,0.7601,0.0066
20260312164742,2000,387,0.7601,0.0066
20260312164743,2000,387,0.7601,0.0066
20260312164744,2000,387,0.7601,0.0066
20260312164745,2000,387,0.7601,0.0066
20260312164746,2000,387,0.7601,0.0066
20260312164747,2000,387,0.7601,0.0066
20260312164748,2000,387,0.7601,0.0066
20260312164749,2000,387,0.7601,0.0066
20260312164750,2000,387,0.7601,0.0066
20260312164751,2000,387,0.7601,0.0066
20260312164752,2000,387,0.7601,0.0066
20260312164753,2000,387,0.7601,0.0066
20260312164754,2000,387,0.7601,0.0066
20260312164755,2000,387,0.7601,0.0066
20260312164756,2000,387,0.7601,0.0066
20260312164757,2000,387,0.7601,0.0066
20260312164758,2000,387,0.7601,0.0066
20260312164759,2000,387,0.7601,0.0066
20260312164800,2000,387,0.7601,0.0066
20260312164801,2000,387,0.7601,0.0066
20260312164802,2000,387,0.7601,0.0066
20260312164803,2000,387,0.7601,0.0066
20260312164804,2000,387,0.7601,0.0066
20260312164805,2000,387,0.7601,0.0066
20260312164806,2000,387,0.7601,0.0066
20260312164807,2000,387,0.7601,0.0066
20260312164808,2000,387,0.7601,0.0066
20260312164809,2000,387,0.7601,0.0066
20260312164810,2000,388,0.7601,0.0066
20260312164811,2000,388,0.7601,0.0066
20260312164812,2000,388,0.7601,0.0066
20260312164813,2000,388,0.7601,0.0066
20260312164814,2000,388,0.7601,0.0066
20260312164815,2000,388,0.7601,0.0066
20260312164816,2000,388,0.7601,0.0066
20260312164817,2000,388,0.7601,0.0066
20260312164818,2000,388,0.7601,0.0066
20260312164819,2000,388,0.7601,0.0066
20260312164820,2000,388,0.7601,0.0066
20260312164821,2000,388,0.7601,0.0066
20260312164822,2000,388,0.7601,0.0066
20260312164823,2000,388,0.7601,0.0066
20260312164824,2000,388,0.7601,0.0066
20260312164825,2000,388,0.7601,0.0066
20260312164826,2000,388,0.7601,0.0066
20260312164827,2000,388,0.7601,0.0066
20260312164828,2000,388,0.7601,0.0066
20260312164829,2000,388,0.7601,0.0066
20260312164830,2000,388,0.7601,0.0066
20260312164831,2000,388,0.7601,0.0066
20260312164832,2000,388,0.7601,0.0066
20260312164833,2000,388,0.7601,0.0066
20260312164834,2000,388,0.7601,0.0066
20260312164836,2000,388,0.7601,0.0066
20260312164837,2000,388,0.7601,0.0066
20260312164838,2000,388,0.7601,0.0066
20260312164839,2000,388,0.7601,0.0066
20260312164840,2000,388,0.7601,0.0066
20260312164841,2000,388,0.7601,0.0066
20260312164842,2000,388,0.7601,0.0066
20260312164843,2000,388,0.7601,0.0066
20260312164844,2000,388,0.7601,0.0066
20260312164845,2000,388,0.7601,0.0066
20260312164846,2000,388,0.7601,0.0066
20260312164847,2000,388,0.7601,0.0066
20260312164848,2000,388,0.7601,0.0066
20260312164849,2000,388,0.7601,0.0066
20260312164850,2000,388,0.7601,0.0066
20260312164851,2000,388,0.7601,0.0066
20260312164852,2000,388,0.7601,0.0066
20260312164853,2000,388,0.7601,0.0066
20260312164854,2000,389,0.7601,0.0066
20260312164855,2000,389,0.7601,0.0066
20260312164856,2000,389,0.7601,0.0066
20260312164857,2000,389,0.7601,0.0066
20260312164858,2000,389,0.7601,0.0066
20260312164859,2000,389,0.7601,0.0066
20260312164900,2000,389,0.7601,0.0066
20260312164901,2000,389,0.7601,0.0066
20260312164902,2000,389,0.7601,0.0066
20260312164903,2000,389,0.7601,0.0066
20260312164904,2000,389,0.7601,0.0066
20260312164905,2000,389,0.7601,0.0066
20260312164906,2000,389,0.7601,0.0066
20260312164907,2000,389,0.7601,0.0066
20260312164908,2000,389,0.7601,0.0066
20260312164909,2000,389,0.7601,0.0066
20260312164910,2000,389,0.7601,0.0066
20260312164911,2000,389,0.7601,0.0066
20260312164912,2000,389,0.7601,0.0066
20260312164913,2000,389,0.7601,0.0066
20260312164914,2000,389,0.7601,0.0066
20260312164915,2000,389,0.7601,0.0066
20260312164916,2000,389,0.7601,0.0066
20260312164917,2000,389,0.7601,0.0066
20260312164918,2000,389,0.7601,0.0066
20260312164919,2000,389,0.7601,0.0066
20260312164920,2000,389,0.7601,0.0066
20260312164921,2000,389,0.7601,0.0066
20260312164922,2000,389,0.7601,0.0066
20260312164923,2000,389,0.7601,0.0066
20260312164924,2000,389,0.7601,0.0066
20260312164925,2000,389,0.7601,0.0066
20260312164926,2000,389,0.7601,0.0066
20260312164927,2000,389,0.7601,0.0066
20260312164928,2000,389,0.7601,0.0066
20260312164929,2000,389,0.7601,0.0066
20260312164930,2000,389,0.7601,0.0066
20260312164931,2000,389,0.7601,0.0066
20260312164932,2000,389,0.7601,0.0066
20260312164933,2000,389,0.7601,0.0066
20260312164934,2000,389,0.7601,0.0066
20260312164935,2000,389,0.7601,0.0066
20260312164936,2000,390,0.7601,0.0066
20260312164937,2000,390,0.76,0.0066
20260312164938,2000,390,0.76,0.0066
20260312164939,2000,390,0.76,0.0066
20260312164940,2000,390,0.76,0.0066
20260312164941,2000,390,0.76,0.0066
20260312164942,2000,390,0.76,0.0066
20260312164943,2000,390,0.76,0.0066
20260312164944,2000,390,0.76,0.0066
20260312164945,2000,390,0.76,0.0066
20260312164946,2000,390,0.76,0.0066
20260312164947,2000,390,0.76,0.0066
20260312164948,2000,390,0.76,0.0066
20260312164949,2000,390,0.76,0.0066
20260312164950,2000,390,0.76,0.0066
20260312164951,2000,390,0.76,0.0066
20260312164952,2000,390,0.76,0.0066
20260312164953,2000,390,0.76,0.0066
20260312164954,2000,390,0.76,0.0066
20260312164955,2000,390,0.76,0.0066
20260312164956,2000,390,0.76,0.0066
20260312164957,2000,390,0.76,0.0066
20260312164958,2000,390,0.76,0.0066
20260312164959,2000,390,0.76,0.0066
20260312165000,2000,390,0.76,0.0066
20260312165001,2000,390,0.76,0.0066
20260312165002,2000,390,0.76,0.0066
20260312165003,2000,390,0.76,0.0066
20260312165004,2000,390,0.76,0.0066
20260312165005,2000,390,0.76,0.0066
20260312165006,2000,390,0.76,0.0066
20260312165007,2000,390,0.76,0.0066
20260312165008,2000,390,0.76,0.0066
20260312165009,2000,390,0.76,0.0066
20260312165010,2000,390,0.76,0.0066
20260312165011,2000,390,0.76,0.0066
20260312165012,2000,390,0.76,0.0066
20260312165013,2000,390,0.76,0.0066
20260312165014,2000,390,0.76,0.0066
20260312165015,2000,390,0.76,0.0066
20260312165016,2000,390,0.76,0.0066
20260312165017,2000,390,0.76,0.0066
20260312165019,2000,391,0.76,0.0066
20260312165020,2000,391,0.76,0.0066
20260312165021,2000,391,0.76,0.0066
20260312165022,2000,391,0.76,0.0066
20260312165023,2000,391,0.76,0.0066
20260312165024,2000,391,0.76,0.0066
20260312165025,2000,391,0.76,0.0066
20260312165026,2000,391,0.76,0.0066
20260312165027,2000,391,0.76,0.0066
20260312165028,2000,391,0.76,0.0066
20260312165029,2000,391,0.76,0.0066
20260312165030,2000,391,0.76,0.0066
20260312165031,2000,391,0.76,0.0066
20260312165032,2000,391,0.76,0.0066
20260312165033,2000,391,0.76,0.0066
20260312165034,2000,391,0.76,0.0066
20260312165035,2000,391,0.76,0.0066
20260312165036,2000,391,0.76,0.0066
20260312165037,2000,391,0.76,0.0066
20260312165038,2000,391,0.76,0.0066
20260312165039,2000,391,0.76,0.0066
20260312165040,2000,391,0.76,0.0066
20260312165041,2000,391,0.76,0.0066
20260312165042,2000,391,0.76,0.0066
20260312165043,2000,391,0.76,0.0066
20260312165044,2000,391,0.76,0.0066
20260312165045,2000,391,0.76,0.0066
20260312165046,2000,391,0.76,0.0066
20260312165047,2000,391,0.76,0.0066
20260312165048,2000,391,0.76,0.0066
20260312165049,2000,391,0.76,0.0066
20260312165050,2000,391,0.76,0.0066
20260312165051,2000,391,0.76,0.0066
20260312165052,2000,391,0.76,0.0066
20260312165053,2000,391,0.76,0.0066
20260312165054,2000,391,0.76,0.0066
20260312165055,2000,391,0.76,0.0066
20260312165056,2000,391,0.76,0.0066
20260312165057,2000,391,0.76,0.0066
20260312165058,2000,391,0.76,0.0066
20260312165059,2000,391,0.76,0.0066
20260312165100,2000,391,0.76,0.0066
20260312165101,2000,391,0.76,0.0066
20260312165102,2000,392,0.76,0.0066
20260312165103,2000,392,0.76,0.0066
20260312165104,2000,392,0.76,0.0066
20260312165105,2000,392,0.76,0.0066
20260312165106,2000,392,0.76,0.0066
20260312165107,2000,392,0.76,0.0066
20260312165108,2000,392,0.76,0.0066
20260312165109,2000,392,0.76,0.0066
20260312165110,2000,392,0.76,0.0066
20260312165111,2000,392,0.76,0.0066
20260312165112,2000,392,0.76,0.0066
20260312165113,2000,392,0.76,0.0066
20260312165114,2000,392,0.76,0.0066
20260312165115,2000,392,0.76,0.0066
20260312165116,2000,392,0.76,0.0066
20260312165117,2000,392,0.76,0.0066
20260312165118,2000,392,0.76,0.0066
20260312165119,2000,392,0.76,0.0066
20260312165120,2000,392,0.76,0.0066
20260312165121,2000,392,0.76,0.0066
20260312165122,2000,392,0.76,0.0066
20260312165123,2000,392,0.76,0.0066
20260312165124,2000,392,0.76,0.0066
20260312165125,2000,392,0.76,0.0066
20260312165126,2000,392,0.76,0.0066
20260312165127,2000,392,0.76,0.0066
20260312165128,2000,392,0.76,0.0066
20260312165129,2000,392,0.76,0.0066
20260312165130,2000,392,0.76,0.0066
20260312165131,2000,392,0.76,0.0066
20260312165132,2000,392,0.76,0.0066
20260312165133,2000,392,0.76,0.0066
20260312165134,2000,392,0.76,0.0066
20260312165135,2000,392,0.76,0.0066
20260312165136,2000,392,0.76,0.0066
20260312165137,2000,392,0.76,0.0066
20260312165138,2000,392,0.76,0.0066
20260312165139,2000,392,0.76,0.0066
20260312165140,2000,392,0.76,0.0066
20260312165141,2000,392,0.76,0.0066
20260312165142,2000,392,0.76,0.0066
20260312165143,2000,392,0.76,0.0066
20260312165144,2000,392,0.76,0.0066
20260312165145,2000,393,0.76,0.0066
20260312165146,2000,393,0.76,0.0066
20260312165147,2000,393,0.76,0.0066
20260312165148,2000,393,0.76,0.0066
20260312165149,2000,393,0.76,0.0066
20260312165150,2000,393,0.76,0.0066
20260312165151,2000,393,0.76,0.0066
20260312165152,2000,393,0.76,0.0066
20260312165153,2000,393,0.76,0.0066
20260312165154,2000,393,0.76,0.0066
20260312165155,2000,393,0.76,0.0066
20260312165156,2000,393,0.76,0.0066
20260312165157,2000,393,0.76,0.0066
20260312165158,2000,393,0.76,0.0066
20260312165200,2000,393,0.76,0.0066
20260312165201,2000,393,0.76,0.0066
20260312165202,2000,393,0.76,0.0066
20260312165203,2000,393,0.76,0.0066
20260312165204,2000,393,0.76,0.0066
20260312165205,2000,393,0.76,0.0066
20260312165206,2000,393,0.76,0.0066
20260312165207,2000,393,0.76,0.0066
20260312165208,2000,393,0.76,0.0066
20260312165209,2000,393,0.76,0.0066
20260312165210,2000,393,0.76,0.0066
20260312165211,2000,393,0.76,0.0066
20260312165212,2000,393,0.76,0.0066
20260312165213,2000,393,0.76,0.0066
20260312165214,2000,393,0.76,0.0066
20260312165215,2000,393,0.76,0.0066
20260312165216,2000,393,0.76,0.0066
20260312165217,2000,393,0.76,0.0066
20260312165218,2000,393,0.76,0.0066
20260312165219,2000,393,0.76,0.0066
20260312165220,2000,393,0.76,0.0066
20260312165221,2000,393,0.76,0.0066
20260312165222,2000,393,0.76,0.0066
20260312165223,2000,393,0.76,0.0066
20260312165224,2000,393,0.76,0.0066
20260312165225,2000,393,0.76,0.0066
20260312165226,2000,393,0.76,0.0066
20260312165227,2000,393,0.76,0.0066
20260312165228,2000,394,0.76,0.0066
20260312165229,2000,394,0.76,0.0066
20260312165230,2000,394,0.76,0.0066
20260312165231,2000,394,0.76,0.0066
20260312165232,2000,394,0.76,0.0066
20260312165233,2000,394,0.76,0.0066
20260312165234,2000,394,0.76,0.0066
20260312165235,2000,394,0.76,0.0066
20260312165236,2000,394,0.76,0.0066
20260312165237,2000,394,0.76,0.0066
20260312165238,2000,394,0.76,0.0066
20260312165239,2000,394,0.76,0.0066
20260312165240,2000,394,0.76,0.0066
20260312165241,2000,394,0.76,0.0066
20260312165242,2000,394,0.76,0.0066
20260312165243,2000,394,0.76,0.0066
20260312165244,2000,394,0.76,0.0066
20260312165245,2000,394,0.76,0.0066
20260312165246,2000,394,0.76,0.0066
20260312165247,2000,394,0.76,0.0066
20260312165248,2000,394,0.76,0.0066
20260312165249,2000,394,0.76,0.0066
20260312165250,2000,394,0.76,0.0066
20260312165251,2000,394,0.76,0.0066
20260312165252,2000,394,0.76,0.0066
20260312165253,2000,394,0.76,0.0066
20260312165254,2000,394,0.76,0.0066
20260312165255,2000,394,0.76,0.0066
20260312165256,2000,394,0.76,0.0066
20260312165257,2000,394,0.76,0.0066
20260312165258,2000,394,0.76,0.0066
20260312165259,2000,394,0.76,0.0066
20260312165300,2000,394,0.76,0.0066
20260312165301,2000,394,0.76,0.0066
20260312165302,2000,394,0.76,0.0066
20260312165303,2000,394,0.76,0.0066
20260312165304,2000,394,0.76,0.0066
20260312165305,2000,394,0.76,0.0066
20260312165306,2000,394,0.76,0.0066
20260312165307,2000,394,0.76,0.0066
20260312165308,2000,394,0.76,0.0066
20260312165309,2000,394,0.76,0.0066
20260312165310,2000,394,0.76,0.0066
20260312165311,2000,395,0.76,0.0066
20260312165312,2000,395,0.76,0.0066
20260312165313,2000,395,0.76,0.0066
20260312165314,2000,395,0.76,0.0066
20260312165315,2000,395,0.76,0.0066
20260312165316,2000,395,0.76,0.0066
20260312165317,2000,395,0.76,0.0066
20260312165318,2000,395,0.76,0.0066
20260312165319,2000,395,0.76,0.0066
20260312165320,2000,395,0.76,0.0066
20260312165321,2000,395,0.76,0.0066
20260312165322,2000,395,0.76,0.0066
20260312165323,2000,395,0.76,0.0066
20260312165324,2000,395,0.76,0.0066
20260312165325,2000,395,0.76,0.0066
20260312165326,2000,395,0.76,0.0066
20260312165327,2000,395,0.76,0.0066
20260312165328,2000,395,0.76,0.0066
20260312165329,2000,395,0.76,0.0066
20260312165330,2000,395,0.76,0.0066
20260312165331,2000,395,0.76,0.0066
20260312165332,2000,395,0.76,0.0066
20260312165333,2000,395,0.76,0.0066
20260312165334,2000,395,0.76,0.0066
20260312165335,2000,395,0.76,0.0066
20260312165336,2000,395,0.76,0.0066
20260312165337,2000,395,0.76,0.0066
20260312165338,2000,395,0.76,0.0066
20260312165339,2000,395,0.76,0.0066
20260312165340,2000,395,0.76,0.0066
20260312165341,2000,395,0.76,0.0066
20260312165342,2000,395,0.76,0.0066
20260312165344,2000,395,0.76,0.0066
20260312165345,2000,395,0.76,0.0066
20260312165346,2000,395,0.76,0.0066
20260312165347,2000,395,0.76,0.0066
20260312165348,2000,395,0.76,0.0066
20260312165349,2000,395,0.76,0.0066
20260312165350,2000,395,0.76,0.0066
20260312165351,2000,395,0.76,0.0066
20260312165352,2000,395,0.76,0.0066
20260312165353,2000,396,0.76,0.0066
20260312165354,2000,396,0.76,0.0066
20260312165355,2000,396,0.76,0.0066
20260312165356,2000,396,0.76,0.0066
20260312165357,2000,396,0.76,0.0066
20260312165358,2000,396,0.76,0.0066
20260312165359,2000,396,0.76,0.0066
20260312165400,2000,396,0.76,0.0066
20260312165401,2000,396,0.76,0.0066
20260312165402,2000,396,0.76,0.0066
20260312165403,2000,396,0.76,0.0066
20260312165404,2000,396,0.76,0.0066
20260312165405,2000,396,0.76,0.0066
20260312165406,2000,396,0.76,0.0066
20260312165407,2000,396,0.76,0.0066
20260312165408,2000,396,0.76,0.0066
20260312165409,2000,396,0.76,0.0066
20260312165410,2000,396,0.76,0.0066
20260312165411,2000,396,0.76,0.0066
20260312165412,2000,396,0.76,0.0066
20260312165413,2000,396,0.76,0.0066
20260312165414,2000,396,0.76,0.0066
20260312165415,2000,396,0.76,0.0066
20260312165416,2000,396,0.76,0.0066
20260312165417,2000,396,0.76,0.0066
20260312165418,2000,396,0.76,0.0066
20260312165419,2000,396,0.76,0.0066
20260312165420,2000,396,0.76,0.0066
20260312165421,2000,396,0.76,0.0066
20260312165422,2000,396,0.76,0.0066
20260312165423,2000,396,0.76,0.0066
20260312165424,2000,396,0.76,0.0066
20260312165425,2000,396,0.76,0.0066
20260312165426,2000,396,0.76,0.0066
20260312165427,2000,396,0.76,0.0066
20260312165428,2000,396,0.76,0.0066
20260312165429,2000,396,0.76,0.0066
20260312165430,2000,396,0.76,0.0066
20260312165431,2000,396,0.76,0.0066
20260312165432,2000,396,0.76,0.0066
20260312165433,2000,396,0.76,0.0066
20260312165434,2000,396,0.76,0.0066
20260312165435,2000,396,0.76,0.0066
20260312165436,2000,397,0.76,0.0066
20260312165437,2000,397,0.76,0.0066
20260312165438,2000,397,0.76,0.0066
20260312165439,2000,397,0.76,0.0066
20260312165440,2000,397,0.76,0.0066
20260312165441,2000,397,0.76,0.0066
20260312165442,2000,397,0.76,0.0066
20260312165443,2000,397,0.76,0.0066
20260312165444,2000,397,0.76,0.0066
20260312165445,2000,397,0.76,0.0066
20260312165446,2000,397,0.76,0.0066
20260312165447,2000,397,0.76,0.0066
20260312165448,2000,397,0.76,0.0066
20260312165449,2000,397,0.76,0.0066
20260312165450,2000,397,0.76,0.0066
20260312165451,2000,397,0.76,0.0066
20260312165452,2000,397,0.76,0.0066
20260312165453,2000,397,0.76,0.0066
20260312165454,2000,397,0.76,0.0066
20260312165455,2000,397,0.76,0.0066
20260312165456,2000,397,0.76,0.0066
20260312165457,2000,397,0.76,0.0066
20260312165458,2000,397,0.76,0.0066
20260312165459,2000,397,0.76,0.0066
20260312165500,2000,397,0.76,0.0066
20260312165501,2000,397,0.76,0.0066
20260312165502,2000,397,0.76,0.0066
20260312165503,2000,397,0.76,0.0066
20260312165504,2000,397,0.76,0.0066
20260312165505,2000,397,0.76,0.0066
20260312165506,2000,397,0.76,0.0066
20260312165507,2000,397,0.76,0.0066
20260312165508,2000,397,0.76,0.0066
20260312165509,2000,397,0.76,0.0066
20260312165510,2000,397,0.76,0.0066
20260312165511,2000,397,0.76,0.0066
20260312165513,2000,397,0.76,0.0066
20260312165514,2000,397,0.76,0.0066
20260312165515,2000,397,0.76,0.0066
20260312165516,2000,397,0.76,0.0066
20260312165517,2000,397,0.76,0.0066
20260312165518,2000,397,0.76,0.0066
20260312165519,2000,398,0.76,0.0066
20260312165520,2000,398,0.76,0.0066
20260312165521,2000,398,0.76,0.0066
20260312165522,2000,398,0.76,0.0066
20260312165523,2000,398,0.76,0.0066
20260312165524,2000,398,0.76,0.0066
20260312165525,2000,398,0.76,0.0066
20260312165526,2000,398,0.7599,0.0066
20260312165527,2000,398,0.7599,0.0066
20260312165528,2000,398,0.7599,0.0066
20260312165529,2000,398,0.7599,0.0066
20260312165530,2000,398,0.7599,0.0066
20260312165531,2000,398,0.7599,0.0066
20260312165532,2000,398,0.7599,0.0066
20260312165533,2000,398,0.7599,0.0066
20260312165534,2000,398,0.7599,0.0066
20260312165535,2000,398,0.7599,0.0066
20260312165536,2000,398,0.7599,0.0066
20260312165537,2000,398,0.7599,0.0066
20260312165538,2000,398,0.7599,0.0066
20260312165539,2000,398,0.7599,0.0066
20260312165540,2000,398,0.7599,0.0066
20260312165541,2000,398,0.7599,0.0066
20260312165542,2000,398,0.7599,0.0066
20260312165543,2000,398,0.7599,0.0066
20260312165544,2000,398,0.7599,0.0066
20260312165545,2000,398,0.7599,0.0066
20260312165546,2000,398,0.7599,0.0066
20260312165547,2000,398,0.7599,0.0066
20260312165548,2000,398,0.7599,0.0066
20260312165549,2000,398,0.7599,0.0066
20260312165550,2000,398,0.7599,0.0066
20260312165551,2000,398,0.7599,0.0066
20260312165552,2000,398,0.7599,0.0066
20260312165553,2000,398,0.7599,0.0066
20260312165554,2000,398,0.7599,0.0066
20260312165555,2000,398,0.7599,0.0066
20260312165556,2000,398,0.7599,0.0066
20260312165557,2000,398,0.7599,0.0066
20260312165558,2000,398,0.7599,0.0066
20260312165559,2000,398,0.7599,0.0066
20260312165600,2000,398,0.7599,0.0066
20260312165601,2000,398,0.7599,0.0066
20260312165602,2000,399,0.7599,0.0066
20260312165603,2000,399,0.7599,0.0066
20260312165604,2000,399,0.7599,0.0066
20260312165605,2000,399,0.7599,0.0066
20260312165606,2000,399,0.7599,0.0066
20260312165607,2000,399,0.7599,0.0066
20260312165608,2000,399,0.7599,0.0066
20260312165609,2000,399,0.7599,0.0066
20260312165610,2000,399,0.7599,0.0066
20260312165611,2000,399,0.7599,0.0066
20260312165612,2000,399,0.7599,0.0066
20260312165613,2000,399,0.7599,0.0066
20260312165614,2000,399,0.7599,0.0066
20260312165615,2000,399,0.7599,0.0066
20260312165616,2000,399,0.7599,0.0066
20260312165617,2000,399,0.7599,0.0066
20260312165618,2000,399,0.7599,0.0066
20260312165619,2000,399,0.7599,0.0066
20260312165620,2000,399,0.7599,0.0066
20260312165621,2000,399,0.7599,0.0066
20260312165622,2000,399,0.7599,0.0066
20260312165623,2000,399,0.7599,0.0066
20260312165624,2000,399,0.7599,0.0066
20260312165625,2000,399,0.7599,0.0066
20260312165626,2000,399,0.7599,0.0066
20260312165627,2000,399,0.7599,0.0066
20260312165628,2000,399,0.7599,0.0066
20260312165629,2000,399,0.7599,0.0066
20260312165630,2000,399,0.7599,0.0066
20260312165631,2000,399,0.7599,0.0066
20260312165632,2000,399,0.7599,0.0066
20260312165633,2000,399,0.7599,0.0066
20260312165634,2000,399,0.7599,0.0066
20260312165635,2000,399,0.7599,0.0066
20260312165636,2000,399,0.7599,0.0066
20260312165637,2000,399,0.7599,0.0066
20260312165638,2000,399,0.7599,0.0066
20260312165639,2000,399,0.7599,0.0066
20260312165640,2000,399,0.7599,0.0066
20260312165641,2000,399,0.7599,0.0066
20260312165642,2000,399,0.7599,0.0066
20260312165643,2000,399,0.7599,0.0066
20260312165644,2000,399,0.7599,0.0066
20260312165645,2000,399,0.7599,0.0066
20260312165647,2000,399,0.7599,0.0066
20260312165648,2000,399,0.7599,0.0066
20260312165649,2000,399,0.7599,0.0066
20260312165650,2000,399,0.7599,0.0066
20260312165651,2000,399,0.7599,0.0066
20260312165652,2000,399,0.7599,0.0066
20260312165653,2000,399,0.7599,0.0066
20260312165654,2000,399,0.7599,0.0066
20260312165655,2000,399,0.7599,0.0066
20260312165656,2000,399,0.7599,0.0066
20260312165657,2000,399,0.7599,0.0066
20260312165658,2000,399,0.7599,0.0066
20260312165659,2000,399,0.7599,0.0066
20260312165700,2000,399,0.7599,0.0066
20260312165701,2400,399,0.7599,0.0066
20260312165702,2400,399,0.7599,0.0066
20260312165703,2400,399,0.7599,0.0066
20260312165704,2400,399,0.7599,0.0066
20260312165705,2400,399,0.7599,0.0066
20260312165706,2400,399,0.7599,0.0066
20260312165707,2400,399,0.7599,0.0066
20260312165708,2400,399,0.7599,0.0066
20260312165709,2400,399,0.7599,0.0066
20260312165710,2400,399,0.7599,0.0066
20260312165711,2400,399,0.7599,0.0066
20260312165712,2400,399,0.7599,0.0066
20260312165713,2400,399,0.7599,0.0066
20260312165714,2400,399,0.7599,0.0066
20260312165715,2400,399,0.7599,0.0066
20260312165716,2400,399,0.7599,0.0066
20260312165717,2400,399,0.7599,0.0066
20260312165718,2400,399,0.7599,0.0066
20260312165719,2400,399,0.7599,0.0066
20260312165720,2400,399,0.7599,0.0066
20260312165721,2400,399,0.7599,0.0066
20260312165722,2400,399,0.7599,0.0066
20260312165723,2400,399,0.7599,0.0066
20260312165724,2400,399,0.7599,0.0066
20260312165725,2400,399,0.7599,0.0066
20260312165726,2400,399,0.7599,0.0066
20260312165727,2400,399,0.7599,0.0066
20260312165728,2400,399,0.7599,0.0066
20260312165729,2400,400,0.7599,0.0066
20260312165730,2400,400,0.7599,0.0066
20260312165731,2400,400,0.7599,0.0066
20260312165732,2400,400,0.7599,0.0066
20260312165733,2400,400,0.7599,0.0066
20260312165734,2400,400,0.7599,0.0066
20260312165735,2400,400,0.7599,0.0066
20260312165736,2400,400,0.7599,0.0066
20260312165737,2400,400,0.7599,0.0066
20260312165738,2400,400,0.7599,0.0066
20260312165739,2400,400,0.7599,0.0066
20260312165740,2400,400,0.7599,0.0066
20260312165741,2400,400,0.7599,0.0066
20260312165742,2400,400,0.7599,0.0066
20260312165743,2400,400,0.7599,0.0066
20260312165744,2400,400,0.7599,0.0066
20260312165745,2400,400,0.7599,0.0066
20260312165746,2400,400,0.7599,0.0066
20260312165747,2400,400,0.7599,0.0066
20260312165748,2400,400,0.7599,0.0066
20260312165749,2400,400,0.7599,0.0066
20260312165750,2400,400,0.7599,0.0066
20260312165751,2400,400,0.7599,0.0066
20260312165752,2400,400,0.7599,0.0066
20260312165753,2400,400,0.7599,0.0066
20260312165754,2400,400,0.7599,0.0066
20260312165755,2400,400,0.7599,0.0066
20260312165756,2400,400,0.7599,0.0066
20260312165757,2400,400,0.7599,0.0066
20260312165758,2400,400,0.7599,0.0066
20260312165759,2400,400,0.7599,0.0066
20260312165800,2400,400,0.7599,0.0066
20260312165801,2400,400,0.7599,0.0066
20260312165802,2400,400,0.7599,0.0066
20260312165803,2400,400,0.7599,0.0066
20260312165804,2400,400,0.7599,0.0066
20260312165805,2400,400,0.7599,0.0066
20260312165806,2400,400,0.7599,0.0066
20260312165807,2400,400,0.7599,0.0066
20260312165808,2400,400,0.7599,0.0066
20260312165809,2400,400,0.7599,0.0066
20260312165810,2400,400,0.7599,0.0066
20260312165811,2400,400,0.7599,0.0066
20260312165812,2400,400,0.7599,0.0066
20260312165813,2400,400,0.7599,0.0066
20260312165814,2400,400,0.7599,0.0066
20260312165815,2400,400,0.7599,0.0066
20260312165816,2400,400,0.7599,0.0066
20260312165817,2400,400,0.7599,0.0066
20260312165818,2400,400,0.7599,0.0066
20260312165819,2400,400,0.7599,0.0066
20260312165820,2400,400,0.7599,0.0066
20260312165821,2400,400,0.7599,0.0066
20260312165823,2400,400,0.7599,0.0066
20260312165824,2400,400,0.7599,0.0066
20260312165825,2400,400,0.7599,0.0066
20260312165826,2400,401,0.7599,0.0066
20260312165827,2400,401,0.7599,0.0066
20260312165828,2400,401,0.7599,0.0066
20260312165829,2400,401,0.7599,0.0066
20260312165830,2400,401,0.7599,0.0066
20260312165831,2400,401,0.7599,0.0066
20260312165832,2400,401,0.7599,0.0066
20260312165833,2400,401,0.7599,0.0066
20260312165834,2400,401,0.7599,0.0066
20260312165835,2400,401,0.7599,0.0066
20260312165836,2400,401,0.7599,0.0066
20260312165837,2400,401,0.7599,0.0066
20260312165838,2400,401,0.7599,0.0066
20260312165839,2400,401,0.7599,0.0066
20260312165840,2400,401,0.7599,0.0066
20260312165841,2400,401,0.7599,0.0066
20260312165842,2400,401,0.7599,0.0066
20260312165843,2400,401,0.7599,0.0066
20260312165844,2400,401,0.7599,0.0066
20260312165845,2400,401,0.7599,0.0066
20260312165846,2400,401,0.7599,0.0066
20260312165847,2400,401,0.7599,0.0066
20260312165848,2400,401,0.7599,0.0066
20260312165849,2400,401,0.7599,0.0066
20260312165850,2400,401,0.7599,0.0066
20260312165851,2400,401,0.7599,0.0066
20260312165852,2400,401,0.7599,0.0066
20260312165853,2400,401,0.7599,0.0066
20260312165854,2400,401,0.7599,0.0066
20260312165855,2400,401,0.7599,0.0066
20260312165856,2400,401,0.7599,0.0066
20260312165857,2400,401,0.7599,0.0066
20260312165858,2400,401,0.7599,0.0066
20260312165859,2400,401,0.7599,0.0066
20260312165900,2400,401,0.7599,0.0066
20260312165901,2400,401,0.7599,0.0066
20260312165902,2400,401,0.7599,0.0066
20260312165903,2400,402,0.7599,0.0066
20260312165904,2400,402,0.7599,0.0066
20260312165905,2400,402,0.7599,0.0066
20260312165906,2400,402,0.7599,0.0066
20260312165907,2400,402,0.7599,0.0066
20260312165908,2400,402,0.7599,0.0066
20260312165909,2400,402,0.7599,0.0066
20260312165910,2400,402,0.7599,0.0066
20260312165911,2400,402,0.7599,0.0066
20260312165912,2400,402,0.7599,0.0066
20260312165913,2400,402,0.7599,0.0066
20260312165914,2400,402,0.7599,0.0066
20260312165915,2400,402,0.7599,0.0066
20260312165916,2400,402,0.7599,0.0066
20260312165917,2400,402,0.7599,0.0066
20260312165918,2400,402,0.7599,0.0066
20260312165919,2400,402,0.7599,0.0066
20260312165920,2400,402,0.7599,0.0066
20260312165921,2400,402,0.7599,0.0066
20260312165922,2400,402,0.7599,0.0066
20260312165923,2400,402,0.7599,0.0066
20260312165924,2400,402,0.7599,0.0066
20260312165925,2400,402,0.7599,0.0066
20260312165926,2400,402,0.7599,0.0066
20260312165927,2400,402,0.7599,0.0066
20260312165928,2400,402,0.7599,0.0066
20260312165929,2400,402,0.7599,0.0066
20260312165930,2400,402,0.7599,0.0066
20260312165931,2400,402,0.7599,0.0066
20260312165932,2400,402,0.7599,0.0066
20260312165933,2400,402,0.7599,0.0066
20260312165934,2400,402,0.7599,0.0066
20260312165935,2400,402,0.7599,0.0066
20260312165936,2400,402,0.7599,0.0066
20260312165937,2400,402,0.7599,0.0066
20260312165938,2400,402,0.7599,0.0066
20260312165939,2400,402,0.7599,0.0066
20260312165940,2400,402,0.7599,0.0066
20260312165941,2400,403,0.7599,0.0066
20260312165942,2400,403,0.7599,0.0066
20260312165943,2400,403,0.7599,0.0066
20260312165944,2400,403,0.7599,0.0066
20260312165945,2400,403,0.7599,0.0066
20260312165946,2400,403,0.7599,0.0066
20260312165947,2400,403,0.7599,0.0066
20260312165948,2400,403,0.7599,0.0066
20260312165949,2400,403,0.7599,0.0066
20260312165950,2400,403,0.7599,0.0066
20260312165951,2400,403,0.7599,0.0066
20260312165952,2400,403,0.7599,0.0066
20260312165953,2400,403,0.7599,0.0066
20260312165954,2400,403,0.7599,0.0066
20260312165955,2400,403,0.7599,0.0066
20260312165956,2400,403,0.7599,0.0066
20260312165957,2400,403,0.7599,0.0066
20260312165958,2400,403,0.7599,0.0066
20260312165959,2400,403,0.7599,0.0066
20260312170000,2400,403,0.7599,0.0066
20260312170001,2400,403,0.7599,0.0066
20260312170002,2400,403,0.7599,0.0066
20260312170003,2400,403,0.7599,0.0066
20260312170004,2400,403,0.7599,0.0066
20260312170005,2400,403,0.7599,0.0066
20260312170006,2400,403,0.7599,0.0066
20260312170007,2400,403,0.7599,0.0066
20260312170008,2400,403,0.7599,0.0066
20260312170009,2400,403,0.7599,0.0066
20260312170010,2400,403,0.7599,0.0066
20260312170011,2400,403,0.7599,0.0066
20260312170012,2400,403,0.7599,0.0066
20260312170013,2400,403,0.7599,0.0066
20260312170014,2400,403,0.7599,0.0066
20260312170015,2400,403,0.7599,0.0066
20260312170016,2400,403,0.7599,0.0066
20260312170017,2400,403,0.7599,0.0066
20260312170019,2400,404,0.7599,0.0066
20260312170020,2400,404,0.7599,0.0066
20260312170021,2400,404,0.7599,0.0066
20260312170022,2400,404,0.7599,0.0066
20260312170023,2400,404,0.7599,0.0066
20260312170024,2400,404,0.7599,0.0066
20260312170025,2400,404,0.7599,0.0066
20260312170026,2400,404,0.7599,0.0066
20260312170027,2400,404,0.7599,0.0066
20260312170028,2400,404,0.7599,0.0066
20260312170029,2400,404,0.7599,0.0066
20260312170030,2400,404,0.7599,0.0066
20260312170031,2400,404,0.7599,0.0066
20260312170032,2400,404,0.7599,0.0066
20260312170033,2400,404,0.7599,0.0066
20260312170034,2400,404,0.7599,0.0066
20260312170035,2400,404,0.7599,0.0066
20260312170036,2400,404,0.7599,0.0066
20260312170037,2400,404,0.7599,0.0066
20260312170038,2400,404,0.7599,0.0066
20260312170039,2400,404,0.7599,0.0066
20260312170040,2400,404,0.7599,0.0066
20260312170041,2400,404,0.7599,0.0066
20260312170042,2400,404,0.7599,0.0066
20260312170043,2400,404,0.7599,0.0066
20260312170044,2400,404,0.7599,0.0066
20260312170045,2400,404,0.7599,0.0066
20260312170046,2400,404,0.7599,0.0066
20260312170047,2400,404,0.7599,0.0066
20260312170048,2400,404,0.7599,0.0066
20260312170049,2400,404,0.7599,0.0066
20260312170050,2400,404,0.7599,0.0066
20260312170051,2400,404,0.7599,0.0066
20260312170052,2400,404,0.7599,0.0066
20260312170053,2400,404,0.7599,0.0066
20260312170054,2400,404,0.7599,0.0066
20260312170055,2400,404,0.7599,0.0066
20260312170056,2400,404,0.7599,0.0066
20260312170057,2400,404,0.7599,0.0066
20260312170058,2400,405,0.7599,0.0066
20260312170059,2400,405,0.7599,0.0066
20260312170100,2400,405,0.7599,0.0066
20260312170101,2400,405,0.7599,0.0066
20260312170102,2400,405,0.7599,0.0066
20260312170103,2400,405,0.7599,0.0066
20260312170104,2400,405,0.7599,0.0066
20260312170105,2400,405,0.7599,0.0066
20260312170106,2400,405,0.7599,0.0066
20260312170107,2400,405,0.7599,0.0066
20260312170108,2400,405,0.7599,0.0066
20260312170109,2400,405,0.7599,0.0066
20260312170110,2400,405,0.7599,0.0066
20260312170111,2400,405,0.7599,0.0066
20260312170112,2400,405,0.7599,0.0066
20260312170113,2400,405,0.7599,0.0066
20260312170114,2400,405,0.7599,0.0066
20260312170115,2400,405,0.7599,0.0066
20260312170116,2400,405,0.7599,0.0066
20260312170117,2400,405,0.7599,0.0066
20260312170118,2400,405,0.7599,0.0066
20260312170119,2400,405,0.7599,0.0066
20260312170120,2400,405,0.7599,0.0066
20260312170121,2400,405,0.7599,0.0066
20260312170122,2400,405,0.7599,0.0066
20260312170123,2400,405,0.7599,0.0066
20260312170124,2400,405,0.7599,0.0066
20260312170125,2400,405,0.7599,0.0066
20260312170126,2400,405,0.7599,0.0066
20260312170127,2400,405,0.7599,0.0066
20260312170128,2400,405,0.7599,0.0066
20260312170129,2400,405,0.7599,0.0066
20260312170130,2400,405,0.7599,0.0066
20260312170131,2400,405,0.7599,0.0066
20260312170132,2400,405,0.7599,0.0066
20260312170133,2400,405,0.7599,0.0066
20260312170134,2400,405,0.7599,0.0066
20260312170135,2400,405,0.7599,0.0066
20260312170136,2400,406,0.7599,0.0066
20260312170137,2400,406,0.7599,0.0066
20260312170138,2400,406,0.7599,0.0066
20260312170139,2400,406,0.7599,0.0066
20260312170140,2400,406,0.7599,0.0066
20260312170141,2400,406,0.7599,0.0066
20260312170142,2400,406,0.7599,0.0066
20260312170143,2400,406,0.7599,0.0066
20260312170144,2400,406,0.7599,0.0066
20260312170145,2400,406,0.7599,0.0066
20260312170146,2400,406,0.7599,0.0066
20260312170147,2400,406,0.7599,0.0066
20260312170148,2400,406,0.7599,0.0066
20260312170149,2400,406,0.7599,0.0066
20260312170150,2400,406,0.7599,0.0066
20260312170151,2400,406,0.7599,0.0066
20260312170152,2400,406,0.7599,0.0066
20260312170153,2400,406,0.7599,0.0066
20260312170154,2400,406,0.7599,0.0066
20260312170155,2400,406,0.7599,0.0066
20260312170156,2400,406,0.7599,0.0066
20260312170157,2400,406,0.7599,0.0066
20260312170158,2400,406,0.7599,0.0066
20260312170159,2400,406,0.7599,0.0066
20260312170200,2400,406,0.7599,0.0066
20260312170201,2400,406,0.7599,0.0066
20260312170202,2400,406,0.7599,0.0066
20260312170203,2400,406,0.7599,0.0066
20260312170204,2400,406,0.7599,0.0066
20260312170205,2400,406,0.7599,0.0066
20260312170206,2400,406,0.7599,0.0066
20260312170207,2400,406,0.7599,0.0066
20260312170208,2400,406,0.7599,0.0066
20260312170210,2400,406,0.7599,0.0066
20260312170211,2400,406,0.7599,0.0066
20260312170212,2400,406,0.7599,0.0066
20260312170213,2400,406,0.7599,0.0066
20260312170214,2400,406,0.7599,0.0066
20260312170215,2400,406,0.7599,0.0066
20260312170216,2400,407,0.7599,0.0066
20260312170217,2400,407,0.7599,0.0066
20260312170218,2400,407,0.7599,0.0066
20260312170219,2400,407,0.7598,0.0066
20260312170220,2400,407,0.7598,0.0066
20260312170221,2400,407,0.7598,0.0066
20260312170222,2400,407,0.7598,0.0066
20260312170223,2400,407,0.7598,0.0066
20260312170224,2400,407,0.7598,0.0066
20260312170225,2400,407,0.7598,0.0066
20260312170226,2400,407,0.7598,0.0066
20260312170227,2400,407,0.7598,0.0066
20260312170228,2400,407,0.7598,0.0066
20260312170229,2400,407,0.7598,0.0066
20260312170230,2400,407,0.7598,0.0066
20260312170231,2400,407,0.7598,0.0066
20260312170232,2400,407,0.7598,0.0066
20260312170233,2400,407,0.7598,0.0066
20260312170234,2400,407,0.7598,0.0066
20260312170235,2400,407,0.7598,0.0066
20260312170236,2400,407,0.7598,0.0066
20260312170237,2400,407,0.7598,0.0066
20260312170238,2400,407,0.7598,0.0066
20260312170239,2400,407,0.7598,0.0066
20260312170240,2400,407,0.7598,0.0066
20260312170241,2400,407,0.7598,0.0066
20260312170242,2400,407,0.7598,0.0066
20260312170243,2400,407,0.7598,0.0066
20260312170244,2400,407,0.7598,0.0066
20260312170245,2400,407,0.7598,0.0066
20260312170246,2400,407,0.7598,0.0066
20260312170247,2400,407,0.7598,0.0066
20260312170248,2400,407,0.7598,0.0066
20260312170249,2400,407,0.7598,0.0066
20260312170250,2400,407,0.7598,0.0066
20260312170251,2400,407,0.7598,0.0066
20260312170252,2400,407,0.7598,0.0066
20260312170253,2400,407,0.7598,0.0066
20260312170254,2400,407,0.7598,0.0066
20260312170255,2400,408,0.7598,0.0066
20260312170256,2400,408,0.7598,0.0066
20260312170257,2400,408,0.7598,0.0066
20260312170258,2400,408,0.7598,0.0066
20260312170259,2400,408,0.7598,0.0066
20260312170300,2400,408,0.7598,0.0066
20260312170301,2400,408,0.7598,0.0066
20260312170302,2400,408,0.7598,0.0066
20260312170303,2400,408,0.7598,0.0066
20260312170304,2400,408,0.7598,0.0066
20260312170305,2400,408,0.7598,0.0066
20260312170306,2400,408,0.7598,0.0066
20260312170307,2400,408,0.7598,0.0066
20260312170308,2400,408,0.7598,0.0066
20260312170309,2400,408,0.7598,0.0066
20260312170310,2400,408,0.7598,0.0066
20260312170311,2400,408,0.7598,0.0066
20260312170312,2400,408,0.7598,0.0066
20260312170313,2400,408,0.7598,0.0066
20260312170314,2400,408,0.7598,0.0066
20260312170315,2400,408,0.7598,0.0066
20260312170316,2400,408,0.7598,0.0066
20260312170317,2400,408,0.7598,0.0066
20260312170318,2400,408,0.7598,0.0066
20260312170319,2400,408,0.7598,0.0066
20260312170320,2400,408,0.7598,0.0066
20260312170321,2400,408,0.7598,0.0066
20260312170322,2400,408,0.7598,0.0066
20260312170323,2400,408,0.7598,0.0066
20260312170324,2400,408,0.7598,0.0066
20260312170325,2400,408,0.7598,0.0066
20260312170326,2400,408,0.7598,0.0066
20260312170327,2400,408,0.7598,0.0066
20260312170328,2400,408,0.7598,0.0066
20260312170329,2400,408,0.7598,0.0066
20260312170330,2400,408,0.7598,0.0066
20260312170331,2400,408,0.7598,0.0066
20260312170332,2400,408,0.7598,0.0066
20260312170333,2400,409,0.7598,0.0066
20260312170334,2400,409,0.7598,0.0066
20260312170335,2400,409,0.7598,0.0066
20260312170336,2400,409,0.7598,0.0066
20260312170337,2400,409,0.7598,0.0066
20260312170338,2400,409,0.7598,0.0066
20260312170339,2400,409,0.7598,0.0066
20260312170340,2400,409,0.7598,0.0066
20260312170341,2400,409,0.7598,0.0066
20260312170342,2400,409,0.7598,0.0066
20260312170343,2400,409,0.7598,0.0066
20260312170344,2400,409,0.7598,0.0066
20260312170345,2400,409,0.7598,0.0066
20260312170346,2400,409,0.7598,0.0066
20260312170347,2400,409,0.7598,0.0066
20260312170348,2400,409,0.7598,0.0066
20260312170349,2400,409,0.7598,0.0066
20260312170350,2400,409,0.7598,0.0066
20260312170351,2400,409,0.7598,0.0066
20260312170352,2400,409,0.7598,0.0066
20260312170353,2400,409,0.7598,0.0066
20260312170354,2400,409,0.7598,0.0066
20260312170355,2400,409,0.7598,0.0066
20260312170356,2400,409,0.7598,0.0066
20260312170357,2400,409,0.7598,0.0066
20260312170358,2400,409,0.7598,0.0066
20260312170359,2400,409,0.7598,0.0066
20260312170400,2400,409,0.7598,0.0066
20260312170401,2400,409,0.7598,0.0066
20260312170402,2400,409,0.7598,0.0066
20260312170403,2400,409,0.7598,0.0066
20260312170404,2400,409,0.7598,0.0066
20260312170405,2400,409,0.7598,0.0066
20260312170406,2400,409,0.7598,0.0066
20260312170407,2400,409,0.7598,0.0066
20260312170408,2400,409,0.7598,0.0066
20260312170409,2400,409,0.7598,0.0066
20260312170411,2400,409,0.7598,0.0066
20260312170412,2400,410,0.7598,0.0066
20260312170413,2400,410,0.7598,0.0066
20260312170414,2400,410,0.7598,0.0066
20260312170415,2400,410,0.7598,0.0066
20260312170416,2400,410,0.7598,0.0066
20260312170417,2400,410,0.7598,0.0066
20260312170418,2400,410,0.7598,0.0066
20260312170419,2400,410,0.7598,0.0066
20260312170420,2400,410,0.7598,0.0066
20260312170421,2400,410,0.7598,0.0066
20260312170422,2400,410,0.7598,0.0066
20260312170423,2400,410,0.7598,0.0066
20260312170424,2400,410,0.7598,0.0066
20260312170425,2400,410,0.7598,0.0066
20260312170426,2400,410,0.7598,0.0066
20260312170427,2400,410,0.7598,0.0066
20260312170428,2400,410,0.7598,0.0066
20260312170429,2400,410,0.7598,0.0066
20260312170430,2400,410,0.7598,0.0066
20260312170431,2400,410,0.7598,0.0066
20260312170432,2400,410,0.7598,0.0066
20260312170433,2400,410,0.7598,0.0066
20260312170434,2400,410,0.7598,0.0066
20260312170435,2400,410,0.7598,0.0066
20260312170436,2400,410,0.7598,0.0066
20260312170437,2400,410,0.7598,0.0066
20260312170438,2400,410,0.7598,0.0066
20260312170439,2400,410,0.7598,0.0066
20260312170440,2400,410,0.7598,0.0066
20260312170441,2400,410,0.7598,0.0066
20260312170442,2400,410,0.7598,0.0066
20260312170443,2400,410,0.7598,0.0066
20260312170444,2400,410,0.7598,0.0066
20260312170445,2400,410,0.7598,0.0066
20260312170446,2400,410,0.7598,0.0066
20260312170447,2400,410,0.7598,0.0066
20260312170448,2400,410,0.7598,0.0066
20260312170449,2400,410,0.7598,0.0066
20260312170450,2400,410,0.7598,0.0066
20260312170451,2400,410,0.7598,0.0066
20260312170452,2400,411,0.7598,0.0066
20260312170453,2400,411,0.7598,0.0066
20260312170454,2400,411,0.7598,0.0066
20260312170455,2400,411,0.7598,0.0066
20260312170456,2400,411,0.7598,0.0066
20260312170457,2400,411,0.7598,0.0066
20260312170458,2400,411,0.7598,0.0066
20260312170459,2400,411,0.7598,0.0066
20260312170500,2400,411,0.7598,0.0066
20260312170501,2400,411,0.7598,0.0066
20260312170502,2400,411,0.7598,0.0066
20260312170503,2400,411,0.7598,0.0066
20260312170504,2400,411,0.7598,0.0066
20260312170505,2400,411,0.7598,0.0066
20260312170506,2400,411,0.7598,0.0066
20260312170507,2400,411,0.7598,0.0066
20260312170508,2400,411,0.7598,0.0066
20260312170509,2400,411,0.7598,0.0066
20260312170510,2400,411,0.7598,0.0066
20260312170511,2400,411,0.7598,0.0066
20260312170512,2400,411,0.7598,0.0066
20260312170513,2400,411,0.7598,0.0066
20260312170514,2400,411,0.7598,0.0066
20260312170515,2400,411,0.7598,0.0066
20260312170516,2400,411,0.7598,0.0066
20260312170517,2400,411,0.7598,0.0066
20260312170518,2400,411,0.7598,0.0066
20260312170519,2400,411,0.7598,0.0066
20260312170520,2400,411,0.7598,0.0066
20260312170521,2400,411,0.7598,0.0066
20260312170522,2400,411,0.7598,0.0066
20260312170523,2400,411,0.7598,0.0066
20260312170524,2400,411,0.7598,0.0066
20260312170525,2400,411,0.7598,0.0066
20260312170526,2400,411,0.7598,0.0066
20260312170527,2400,411,0.7598,0.0066
20260312170528,2400,411,0.7598,0.0066
20260312170529,2400,411,0.7598,0.0066
20260312170530,2400,412,0.7598,0.0066
20260312170531,2400,412,0.7598,0.0066
20260312170532,2400,412,0.7598,0.0066
20260312170533,2400,412,0.7598,0.0066
20260312170534,2400,412,0.7598,0.0066
20260312170535,2400,412,0.7598,0.0066
20260312170536,2400,412,0.7598,0.0066
20260312170537,2400,412,0.7598,0.0066
20260312170538,2400,412,0.7598,0.0066
20260312170539,2400,412,0.7598,0.0066
20260312170540,2400,412,0.7598,0.0066
20260312170541,2400,412,0.7598,0.0066
20260312170542,2400,412,0.7598,0.0066
20260312170543,2400,412,0.7598,0.0066
20260312170544,2400,412,0.7598,0.0066
20260312170545,2400,412,0.7598,0.0066
20260312170546,2400,412,0.7598,0.0066
20260312170547,2400,412,0.7598,0.0066
20260312170548,2400,412,0.7598,0.0066
20260312170549,2400,412,0.7598,0.0066
20260312170550,2400,412,0.7598,0.0066
20260312170551,2400,412,0.7598,0.0066
20260312170553,2400,412,0.7598,0.0066
20260312170554,2400,412,0.7598,0.0066
20260312170555,2400,412,0.7598,0.0066
20260312170556,2400,412,0.7598,0.0066
20260312170557,2400,412,0.7598,0.0066
20260312170558,2400,412,0.7598,0.0066
20260312170559,2400,412,0.7598,0.0066
20260312170600,2400,412,0.7598,0.0066
20260312170601,2400,412,0.7598,0.0066
20260312170602,2400,412,0.7598,0.0066
20260312170603,2400,412,0.7598,0.0066
20260312170604,2400,412,0.7598,0.0066
20260312170605,2400,412,0.7598,0.0066
20260312170606,2400,412,0.7598,0.0066
20260312170607,2400,412,0.7598,0.0066
20260312170608,2400,412,0.7598,0.0066
20260312170609,2400,412,0.7598,0.0066
20260312170610,2400,413,0.7598,0.0066
20260312170611,2400,413,0.7598,0.0066
20260312170612,2400,413,0.7598,0.0066
20260312170613,2400,413,0.7598,0.0066
20260312170614,2400,413,0.7598,0.0066
20260312170615,2400,413,0.7598,0.0066
20260312170616,2400,413,0.7598,0.0066
20260312170617,2400,413,0.7598,0.0066
20260312170618,2400,413,0.7598,0.0066
20260312170619,2400,413,0.7598,0.0066
20260312170620,2400,413,0.7598,0.0066
20260312170621,2400,413,0.7598,0.0066
20260312170622,2400,413,0.7598,0.0066
20260312170623,2400,413,0.7598,0.0066
20260312170624,2400,413,0.7598,0.0066
20260312170625,2400,413,0.7598,0.0066
20260312170626,2400,413,0.7598,0.0066
20260312170627,2400,413,0.7598,0.0066
20260312170628,2400,413,0.7598,0.0066
20260312170629,2400,413,0.7598,0.0066
20260312170630,2400,413,0.7598,0.0066
20260312170631,2400,413,0.7598,0.0066
20260312170632,2400,413,0.7598,0.0066
20260312170633,2400,413,0.7598,0.0066
20260312170634,2400,413,0.7598,0.0066
20260312170635,2400,413,0.7598,0.0066
20260312170636,2400,413,0.7598,0.0066
20260312170637,2400,413,0.7598,0.0066
20260312170638,2400,413,0.7598,0.0066
20260312170639,2400,413,0.7598,0.0066
20260312170640,2400,413,0.7598,0.0066
20260312170641,2400,413,0.7598,0.0066
20260312170642,2400,413,0.7598,0.0066
20260312170643,2400,413,0.7598,0.0066
20260312170644,2400,413,0.7598,0.0066
20260312170645,2400,413,0.7598,0.0066
20260312170646,2400,413,0.7598,0.0066
20260312170647,2400,414,0.7598,0.0066
20260312170648,2400,414,0.7598,0.0066
20260312170649,2400,414,0.7598,0.0066
20260312170650,2400,414,0.7598,0.0066
20260312170651,2400,414,0.7598,0.0066
20260312170652,2400,414,0.7598,0.0066
20260312170653,2400,414,0.7598,0.0066
20260312170654,2400,414,0.7598,0.0066
20260312170655,2400,414,0.7598,0.0066
20260312170656,2400,414,0.7598,0.0066
20260312170657,2400,414,0.7598,0.0066
20260312170658,2400,414,0.7598,0.0066
20260312170659,2400,414,0.7598,0.0066
20260312170700,2400,414,0.7598,0.0066
20260312170701,2400,414,0.7598,0.0066
20260312170702,2400,414,0.7598,0.0066
20260312170703,2400,414,0.7598,0.0066
20260312170704,2400,414,0.7598,0.0066
20260312170705,2400,414,0.7598,0.0066
20260312170706,2400,414,0.7598,0.0066
20260312170707,2400,414,0.7598,0.0066
20260312170708,2400,414,0.7598,0.0066
20260312170709,2400,414,0.7598,0.0066
20260312170710,2400,414,0.7598,0.0066
20260312170711,2400,414,0.7598,0.0066
20260312170712,2400,414,0.7598,0.0066
20260312170713,2400,414,0.7598,0.0066
20260312170714,2400,414,0.7598,0.0066
20260312170715,2400,414,0.7598,0.0066
20260312170716,2400,414,0.7598,0.0066
20260312170717,2400,414,0.7598,0.0066
20260312170718,2400,414,0.7598,0.0066
20260312170719,2400,414,0.7598,0.0066
20260312170720,2400,414,0.7598,0.0066
20260312170721,2400,414,0.7598,0.0066
20260312170722,2400,414,0.7598,0.0066
20260312170723,2400,414,0.7598,0.0066
20260312170724,2400,415,0.7598,0.0066
20260312170725,2400,415,0.7598,0.0066
20260312170726,2400,415,0.7598,0.0066
20260312170727,2400,415,0.7598,0.0066
20260312170728,2400,415,0.7598,0.0066
20260312170729,2400,415,0.7598,0.0066
20260312170730,2400,415,0.7598,0.0066
20260312170731,2400,415,0.7598,0.0066
20260312170732,2400,415,0.7598,0.0066
20260312170733,2400,415,0.7598,0.0066
20260312170734,2400,415,0.7598,0.0066
20260312170735,2400,415,0.7598,0.0066
20260312170736,2400,415,0.7598,0.0066
20260312170737,2400,415,0.7598,0.0066
20260312170738,2400,415,0.7598,0.0066
20260312170739,2400,415,0.7598,0.0066
20260312170740,2400,415,0.7598,0.0066
20260312170741,2400,415,0.7598,0.0066
20260312170742,2400,415,0.7598,0.0066
20260312170743,2400,415,0.7598,0.0066
20260312170744,2400,415,0.7598,0.0066
20260312170745,2400,415,0.7598,0.0066
20260312170746,2400,415,0.7598,0.0066
20260312170747,2400,415,0.7598,0.0066
20260312170748,2400,415,0.7598,0.0066
20260312170749,2400,415,0.7598,0.0066
20260312170750,2400,415,0.7598,0.0066
20260312170751,2400,415,0.7598,0.0066
20260312170752,2400,415,0.7598,0.0066
20260312170753,2400,415,0.7598,0.0066
20260312170755,2400,415,0.7598,0.0066
20260312170756,2400,415,0.7598,0.0066
20260312170757,2400,415,0.7598,0.0066
20260312170758,2400,415,0.7598,0.0066
20260312170759,2400,415,0.7598,0.0066
20260312170800,2400,415,0.7598,0.0066
20260312170801,2400,415,0.7598,0.0066
20260312170802,2400,416,0.7598,0.0066
20260312170803,2400,416,0.7598,0.0066
20260312170804,2400,416,0.7598,0.0066
20260312170805,2400,416,0.7598,0.0066
20260312170806,2400,416,0.7598,0.0066
20260312170807,2400,416,0.7598,0.0066
20260312170808,2400,416,0.7598,0.0066
20260312170809,2400,416,0.7598,0.0066
20260312170810,2400,416,0.7598,0.0066
20260312170811,2400,416,0.7598,0.0066
20260312170812,2400,416,0.7598,0.0066
20260312170813,2400,416,0.7598,0.0066
20260312170814,2400,416,0.7598,0.0066
20260312170815,2400,416,0.7598,0.0066
20260312170816,2400,416,0.7598,0.0066
20260312170817,2400,416,0.7598,0.0066
20260312170818,2400,416,0.7598,0.0066
20260312170819,2400,416,0.7598,0.0066
20260312170820,2400,416,0.7598,0.0066
20260312170821,2400,416,0.7598,0.0066
20260312170822,2400,416,0.7598,0.0066
20260312170823,2400,416,0.7598,0.0066
20260312170824,2400,416,0.7598,0.0066
20260312170825,2400,416,0.7598,0.0066
20260312170826,2400,416,0.7598,0.0066
20260312170827,2400,416,0.7598,0.0066
20260312170828,2400,416,0.7598,0.0066
20260312170829,2400,416,0.7598,0.0066
20260312170830,2400,416,0.7598,0.0066
20260312170831,2400,416,0.7598,0.0066
20260312170832,2400,416,0.7598,0.0066
20260312170833,2400,416,0.7598,0.0066
20260312170834,2400,416,0.7598,0.0066
20260312170835,2400,416,0.7598,0.0066
20260312170836,2400,416,0.7598,0.0066
20260312170837,2400,416,0.7598,0.0066
20260312170838,2400,416,0.7598,0.0066
20260312170839,2400,416,0.7598,0.0066
20260312170840,2400,417,0.7598,0.0066
20260312170841,2400,417,0.7598,0.0066
20260312170842,2400,417,0.7598,0.0066
20260312170843,2400,417,0.7598,0.0066
20260312170844,2400,417,0.7598,0.0066
20260312170845,2400,417,0.7598,0.0066
20260312170846,2400,417,0.7598,0.0066
20260312170847,2400,417,0.7598,0.0066
20260312170848,2400,417,0.7598,0.0066
20260312170849,2400,417,0.7598,0.0066
20260312170850,2400,417,0.7598,0.0066
20260312170851,2400,417,0.7598,0.0066
20260312170852,2400,417,0.7598,0.0066
20260312170853,2400,417,0.7598,0.0066
20260312170854,2400,417,0.7598,0.0066
20260312170855,2400,417,0.7598,0.0066
20260312170856,2400,417,0.7598,0.0066
20260312170857,2400,417,0.7598,0.0066
20260312170858,2400,417,0.7598,0.0066
20260312170859,2400,417,0.7598,0.0066
20260312170900,2400,417,0.7598,0.0066
20260312170901,2400,417,0.7598,0.0066
20260312170902,2400,417,0.7598,0.0066
20260312170903,2400,417,0.7598,0.0066
20260312170904,2400,417,0.7598,0.0066
20260312170905,2400,417,0.7598,0.0066
20260312170906,2400,417,0.7598,0.0066
20260312170907,2400,417,0.7598,0.0066
20260312170908,2400,417,0.7598,0.0066
20260312170909,2400,417,0.7598,0.0066
20260312170910,2400,417,0.7598,0.0066
20260312170911,2400,417,0.7598,0.0066
20260312170912,2400,417,0.7598,0.0066
20260312170913,2400,417,0.7598,0.0066
20260312170914,2400,417,0.7598,0.0066
20260312170915,2400,417,0.7598,0.0066
20260312170916,2400,417,0.7598,0.0066
20260312170917,2400,417,0.7598,0.0066
20260312170918,2400,417,0.7598,0.0066
20260312170919,2400,417,0.7598,0.0066
20260312170920,2400,418,0.7598,0.0066
20260312170921,2400,418,0.7598,0.0066
20260312170922,2400,418,0.7598,0.0066
20260312170923,2400,418,0.7598,0.0066
20260312170924,2400,418,0.7598,0.0066
20260312170925,2400,418,0.7598,0.0066
20260312170926,2400,418,0.7598,0.0066
20260312170927,2400,418,0.7598,0.0066
20260312170928,2400,418,0.7598,0.0066
20260312170929,2400,418,0.7598,0.0066
20260312170930,2400,418,0.7598,0.0066
20260312170931,2400,418,0.7598,0.0066
20260312170932,2400,418,0.7598,0.0066
20260312170933,2400,418,0.7598,0.0066
20260312170934,2400,418,0.7598,0.0066
20260312170935,2400,418,0.7598,0.0066
20260312170936,2400,418,0.7598,0.0066
20260312170937,2400,418,0.7598,0.0066
20260312170938,2400,418,0.7598,0.0066
20260312170939,2400,418,0.7598,0.0066
20260312170940,2400,418,0.7598,0.0066
20260312170941,2400,418,0.7598,0.0066
20260312170942,2400,418,0.7598,0.0066
20260312170943,2400,418,0.7598,0.0066
20260312170944,2400,418,0.7598,0.0066
20260312170945,2400,418,0.7598,0.0066
20260312170946,2400,418,0.7598,0.0066
20260312170947,2400,418,0.7598,0.0066
20260312170948,2400,418,0.7598,0.0066
20260312170949,2400,418,0.7598,0.0066
20260312170950,2400,418,0.7598,0.0066
20260312170951,2400,418,0.7598,0.0066
20260312170952,2400,418,0.7598,0.0066
20260312170953,2400,418,0.7598,0.0066
20260312170954,2400,418,0.7598,0.0066
20260312170955,2400,418,0.7598,0.0066
20260312170956,2400,418,0.7598,0.0066
20260312170958,2400,418,0.7598,0.0066
20260312170959,2400,419,0.7598,0.0066
20260312171000,2400,419,0.7598,0.0066
20260312171001,2400,419,0.7598,0.0066
20260312171002,2400,419,0.7598,0.0066
20260312171003,2400,419,0.7598,0.0066
20260312171004,2400,419,0.7598,0.0066
20260312171005,2400,419,0.7598,0.0066
20260312171006,2400,419,0.7598,0.0066
20260312171007,2400,419,0.7598,0.0066
20260312171008,2400,419,0.7598,0.0066
20260312171009,2400,419,0.7598,0.0066
20260312171010,2400,419,0.7598,0.0066
20260312171011,2400,419,0.7598,0.0066
20260312171012,2400,419,0.7598,0.0066
20260312171013,2400,419,0.7598,0.0066
20260312171014,2400,419,0.7598,0.0066
20260312171015,2400,419,0.7598,0.0066
20260312171016,2400,419,0.7598,0.0066
20260312171017,2400,419,0.7598,0.0066
20260312171018,2400,419,0.7598,0.0066
20260312171019,2400,419,0.7598,0.0066
20260312171020,2400,419,0.7598,0.0066
20260312171021,2400,419,0.7598,0.0066
20260312171022,2400,419,0.7598,0.0066
20260312171023,2400,419,0.7598,0.0066
20260312171024,2400,419,0.7598,0.0066
20260312171025,2400,419,0.7598,0.0066
20260312171026,2400,419,0.7598,0.0066
20260312171027,2400,419,0.7598,0.0066
20260312171028,2400,419,0.7598,0.0066
20260312171029,2400,419,0.7598,0.0066
20260312171030,2400,419,0.7598,0.0066
20260312171031,2400,419,0.7598,0.0066
20260312171032,2400,419,0.7598,0.0066
20260312171033,2400,419,0.7598,0.0066
20260312171034,2400,419,0.7598,0.0066
20260312171035,2400,419,0.7598,0.0066
20260312171036,2400,419,0.7598,0.0066
20260312171037,2400,419,0.7598,0.0066
20260312171038,2400,420,0.7598,0.0066
20260312171039,2400,420,0.7598,0.0066
20260312171040,2400,420,0.7598,0.0066
20260312171041,2400,420,0.7598,0.0066
20260312171042,2400,420,0.7598,0.0066
20260312171043,2400,420,0.7598,0.0066
20260312171044,2400,420,0.7598,0.0066
20260312171045,2400,420,0.7598,0.0066
20260312171046,2400,420,0.7598,0.0066
20260312171047,2400,420,0.7598,0.0066
20260312171048,2400,420,0.7598,0.0066
20260312171049,2400,420,0.7598,0.0066
20260312171050,2400,420,0.7598,0.0066
20260312171051,2400,420,0.7598,0.0066
20260312171052,2400,420,0.7598,0.0066
20260312171053,2400,420,0.7598,0.0066
20260312171054,2400,420,0.7598,0.0066
20260312171055,2400,420,0.7598,0.0066
20260312171056,2400,420,0.7598,0.0066
20260312171057,2400,420,0.7598,0.0066
20260312171058,2400,420,0.7598,0.0066
20260312171059,2400,420,0.7598,0.0066
20260312171100,2400,420,0.7598,0.0066
20260312171101,2400,420,0.7598,0.0066
20260312171102,2400,420,0.7598,0.0066
20260312171103,2400,420,0.7598,0.0066
20260312171104,2400,420,0.7598,0.0066
20260312171105,2400,420,0.7598,0.0066
20260312171106,2400,420,0.7598,0.0066
20260312171107,2400,420,0.7598,0.0066
20260312171108,2400,420,0.7598,0.0066
20260312171109,2400,420,0.7598,0.0066
20260312171110,2400,420,0.7598,0.0066
20260312171111,2400,420,0.7598,0.0066
20260312171112,2400,420,0.7598,0.0066
20260312171113,2400,420,0.7598,0.0066
20260312171114,2400,420,0.7598,0.0066
20260312171115,2400,420,0.7598,0.0066
20260312171116,2400,421,0.7598,0.0066
20260312171117,2400,421,0.7598,0.0066
20260312171118,2400,421,0.7598,0.0066
20260312171119,2400,421,0.7598,0.0066
20260312171120,2400,421,0.7598,0.0066
20260312171121,2400,421,0.7598,0.0066
20260312171122,2400,421,0.7597,0.0066
20260312171123,2400,421,0.7597,0.0066
20260312171124,2400,421,0.7597,0.0066
20260312171125,2400,421,0.7597,0.0066
20260312171126,2400,421,0.7597,0.0066
20260312171127,2400,421,0.7597,0.0066
20260312171128,2400,421,0.7597,0.0066
20260312171129,2400,421,0.7597,0.0066
20260312171130,2400,421,0.7597,0.0066
20260312171131,2400,421,0.7597,0.0066
20260312171132,2400,421,0.7597,0.0066
20260312171133,2400,421,0.7598,0.0066
20260312171134,2400,421,0.7598,0.0066
20260312171135,2400,421,0.7598,0.0066
20260312171136,2400,421,0.7598,0.0066
20260312171137,2400,421,0.7598,0.0066
20260312171138,2400,421,0.7598,0.0066
20260312171139,2400,421,0.7598,0.0066
20260312171140,2400,421,0.7598,0.0066
20260312171141,2400,421,0.7597,0.0066
20260312171142,2400,421,0.7597,0.0066
20260312171143,2400,421,0.7597,0.0066
20260312171144,2400,421,0.7597,0.0066
20260312171145,2400,421,0.7598,0.0066
20260312171146,2400,421,0.7598,0.0066
20260312171147,2400,421,0.7598,0.0066
20260312171148,2400,421,0.7598,0.0066
20260312171149,2400,421,0.7598,0.0066
20260312171150,2400,421,0.7598,0.0066
20260312171151,2400,421,0.7598,0.0066
20260312171152,2400,421,0.7598,0.0066
20260312171153,2400,421,0.7598,0.0066
20260312171154,2400,421,0.7597,0.0066
20260312171155,2400,422,0.7597,0.0066
20260312171157,2400,422,0.7597,0.0066
20260312171158,2400,422,0.7597,0.0066
20260312171159,2400,422,0.7597,0.0066
20260312171200,2400,422,0.7597,0.0066
20260312171201,2400,422,0.7597,0.0066
20260312171202,2400,422,0.7597,0.0066
20260312171203,2400,422,0.7597,0.0066
20260312171204,2400,422,0.7597,0.0066
20260312171205,2400,422,0.7597,0.0066
20260312171206,2400,422,0.7597,0.0066
20260312171207,2400,422,0.7597,0.0066
20260312171208,2400,422,0.7597,0.0066
20260312171209,2400,422,0.7597,0.0066
20260312171210,2400,422,0.7597,0.0066
20260312171211,2400,422,0.7597,0.0066
20260312171212,2400,422,0.7597,0.0066
20260312171213,2400,422,0.7597,0.0066
20260312171214,2400,422,0.7597,0.0066
20260312171215,2400,422,0.7597,0.0066
20260312171216,2400,422,0.7597,0.0066
20260312171217,2400,422,0.7597,0.0066
20260312171218,2400,422,0.7597,0.0066
20260312171219,2400,422,0.7597,0.0066
20260312171220,2400,422,0.7597,0.0066
20260312171221,2400,422,0.7597,0.0066
20260312171222,2400,422,0.7597,0.0066
20260312171223,2400,422,0.7597,0.0066
20260312171224,2400,422,0.7597,0.0066
20260312171225,2400,422,0.7597,0.0066
20260312171226,2400,422,0.7597,0.0066
20260312171227,2400,422,0.7597,0.0066
20260312171228,2400,422,0.7597,0.0066
20260312171229,2400,422,0.7597,0.0066
20260312171230,2400,422,0.7597,0.0066
20260312171231,2400,422,0.7597,0.0066
20260312171232,2400,422,0.7597,0.0066
20260312171233,2400,422,0.7597,0.0066
20260312171234,2400,423,0.7597,0.0066
20260312171235,2400,423,0.7597,0.0066
20260312171236,2400,423,0.7597,0.0066
20260312171237,2400,423,0.7597,0.0066
20260312171238,2400,423,0.7597,0.0066
20260312171239,2400,423,0.7597,0.0066
20260312171240,2400,423,0.7597,0.0066
20260312171241,2400,423,0.7597,0.0066
20260312171242,2400,423,0.7597,0.0066
20260312171243,2400,423,0.7597,0.0066
20260312171244,2400,423,0.7597,0.0066
20260312171245,2400,423,0.7597,0.0066
20260312171246,2400,423,0.7597,0.0066
20260312171247,2400,423,0.7597,0.0066
20260312171248,2400,423,0.7597,0.0066
20260312171249,2400,423,0.7597,0.0066
20260312171250,2400,423,0.7597,0.0066
20260312171251,2400,423,0.7597,0.0066
20260312171252,2400,423,0.7597,0.0066
20260312171253,2400,423,0.7597,0.0066
20260312171254,2400,423,0.7597,0.0066
20260312171255,2400,423,0.7597,0.0066
20260312171256,2400,423,0.7597,0.0066
20260312171257,2400,423,0.7597,0.0066
20260312171258,2400,423,0.7597,0.0066
20260312171259,2400,423,0.7597,0.0066
20260312171300,2400,423,0.7597,0.0066
20260312171301,2400,423,0.7597,0.0066
20260312171302,2400,423,0.7597,0.0066
20260312171303,2400,423,0.7597,0.0066
20260312171304,2400,423,0.7597,0.0066
20260312171305,2400,423,0.7597,0.0066
20260312171306,2400,423,0.7597,0.0066
20260312171307,2400,423,0.7597,0.0066
20260312171308,2400,423,0.7597,0.0066
20260312171309,2400,423,0.7597,0.0066
20260312171310,2400,423,0.7597,0.0066
20260312171311,2400,423,0.7597,0.0066
20260312171312,2400,423,0.7597,0.0066
20260312171313,2400,423,0.7597,0.0066
20260312171314,2400,424,0.7597,0.0066
20260312171315,2400,424,0.7597,0.0066
20260312171316,2400,424,0.7597,0.0066
20260312171317,2400,424,0.7597,0.0066
20260312171318,2400,424,0.7597,0.0066
20260312171319,2400,424,0.7597,0.0066
20260312171320,2400,424,0.7597,0.0066
20260312171321,2400,424,0.7597,0.0066
20260312171322,2400,424,0.7597,0.0066
20260312171323,2400,424,0.7597,0.0066
20260312171324,2400,424,0.7597,0.0066
20260312171325,2400,424,0.7597,0.0066
20260312171326,2400,424,0.7597,0.0066
20260312171327,2400,424,0.7597,0.0066
20260312171328,2400,424,0.7597,0.0066
20260312171329,2400,424,0.7597,0.0066
20260312171330,2400,424,0.7597,0.0066
20260312171331,2400,424,0.7597,0.0066
20260312171332,2400,424,0.7597,0.0066
20260312171333,2400,424,0.7597,0.0066
20260312171334,2400,424,0.7597,0.0066
20260312171335,2400,424,0.7597,0.0066
20260312171336,2400,424,0.7597,0.0066
20260312171337,2400,424,0.7597,0.0066
20260312171338,2400,424,0.7597,0.0066
20260312171339,2400,424,0.7597,0.0066
20260312171340,2400,424,0.7597,0.0066
20260312171341,2400,424,0.7597,0.0066
20260312171342,2400,424,0.7597,0.0066
20260312171343,2400,424,0.7597,0.0066
20260312171344,2400,424,0.7597,0.0066
20260312171345,2400,424,0.7597,0.0066
20260312171346,2400,424,0.7597,0.0066
20260312171347,2400,424,0.7597,0.0066
20260312171348,2400,424,0.7597,0.0066
20260312171349,2400,424,0.7597,0.0066
20260312171350,2400,424,0.7597,0.0066
20260312171351,2400,424,0.7597,0.0066
20260312171353,2400,424,0.7597,0.0066
20260312171354,2400,425,0.7597,0.0066
20260312171355,2400,425,0.7597,0.0066
20260312171356,2400,425,0.7597,0.0066
20260312171357,2400,425,0.7597,0.0066
20260312171358,2400,425,0.7597,0.0066
20260312171359,2400,425,0.7597,0.0066
20260312171400,2400,425,0.7597,0.0066
20260312171401,2400,425,0.7597,0.0066
20260312171402,2400,425,0.7597,0.0066
20260312171403,2400,425,0.7597,0.0066
20260312171404,2400,425,0.7597,0.0066
20260312171405,2400,425,0.7597,0.0066
20260312171406,2400,425,0.7597,0.0066
20260312171407,2400,425,0.7597,0.0066
20260312171408,2400,425,0.7597,0.0066
20260312171409,2400,425,0.7597,0.0066
20260312171410,2400,425,0.7597,0.0066
20260312171411,2400,425,0.7597,0.0066
20260312171412,2400,425,0.7597,0.0066
20260312171413,2400,425,0.7597,0.0066
20260312171414,2400,425,0.7597,0.0066
20260312171415,2400,425,0.7597,0.0066
20260312171416,2400,425,0.7597,0.0066
20260312171417,2400,425,0.7597,0.0066
20260312171418,2400,425,0.7597,0.0066
20260312171419,2400,425,0.7597,0.0066
20260312171420,2400,425,0.7597,0.0066
20260312171421,2400,425,0.7597,0.0066
20260312171422,2400,425,0.7597,0.0066
20260312171423,2400,425,0.7597,0.0066
20260312171424,2400,425,0.7597,0.0066
20260312171425,2400,425,0.7597,0.0066
20260312171426,2400,425,0.7597,0.0066
20260312171427,2400,425,0.7597,0.0066
20260312171428,2400,425,0.7597,0.0066
20260312171429,2400,425,0.7597,0.0066
20260312171430,2400,425,0.7597,0.0066
20260312171431,2400,426,0.7597,0.0066
20260312171432,2400,426,0.7597,0.0066
20260312171433,2400,426,0.7597,0.0066
20260312171434,2400,426,0.7597,0.0066
20260312171435,2400,426,0.7597,0.0066
20260312171436,2400,426,0.7597,0.0066
20260312171437,2400,426,0.7597,0.0066
20260312171438,2400,426,0.7597,0.0066
20260312171439,2400,426,0.7597,0.0066
20260312171440,2400,426,0.7597,0.0066
20260312171441,2400,426,0.7597,0.0066
20260312171442,2400,426,0.7597,0.0066
20260312171443,2400,426,0.7597,0.0066
20260312171444,2400,426,0.7597,0.0066
20260312171445,2400,426,0.7597,0.0066
20260312171446,2400,426,0.7597,0.0066
20260312171447,2400,426,0.7597,0.0066
20260312171448,2400,426,0.7597,0.0066
20260312171449,2400,426,0.7597,0.0066
20260312171450,2400,426,0.7597,0.0066
20260312171451,2400,426,0.7597,0.0066
20260312171452,2400,426,0.7597,0.0066
20260312171453,2400,426,0.7597,0.0066
20260312171454,2400,426,0.7597,0.0066
20260312171455,2400,426,0.7597,0.0066
20260312171456,2400,426,0.7597,0.0066
20260312171457,2400,426,0.7597,0.0066
20260312171458,2400,426,0.7597,0.0066
20260312171459,2400,426,0.7597,0.0066
20260312171500,2400,426,0.7597,0.0066
20260312171501,2400,426,0.7597,0.0066
20260312171502,2400,426,0.7597,0.0066
20260312171503,2400,426,0.7597,0.0066
20260312171504,2400,426,0.7597,0.0066
20260312171505,2400,426,0.7597,0.0066
20260312171506,2400,426,0.7597,0.0066
20260312171507,2400,426,0.7597,0.0066
20260312171508,2400,426,0.7597,0.0066
20260312171509,2400,427,0.7597,0.0066
20260312171510,2400,427,0.7597,0.0066
20260312171511,2400,427,0.7597,0.0066
20260312171512,2400,427,0.7597,0.0066
20260312171513,2400,427,0.7597,0.0066
20260312171514,2400,427,0.7597,0.0066
20260312171515,2400,427,0.7597,0.0066
20260312171516,2400,427,0.7597,0.0066
20260312171517,2400,427,0.7597,0.0066
20260312171518,2400,427,0.7597,0.0066
20260312171519,2400,427,0.7597,0.0066
20260312171520,2400,427,0.7597,0.0066
20260312171521,2400,427,0.7597,0.0066
20260312171522,2400,427,0.7597,0.0066
20260312171523,2400,427,0.7597,0.0066
20260312171524,2400,427,0.7597,0.0066
20260312171525,2400,427,0.7597,0.0066
20260312171526,2400,427,0.7597,0.0066
20260312171527,2400,427,0.7597,0.0066
20260312171528,2400,427,0.7597,0.0066
20260312171529,2400,427,0.7597,0.0066
20260312171530,2400,427,0.7597,0.0066
20260312171531,2400,427,0.7597,0.0066
20260312171532,2400,427,0.7597,0.0066
20260312171533,2400,427,0.7597,0.0066
20260312171534,2400,427,0.7597,0.0066
20260312171535,2400,427,0.7597,0.0066
20260312171536,2400,427,0.7597,0.0066
20260312171537,2400,427,0.7597,0.0066
20260312171538,2400,427,0.7597,0.0066
20260312171539,2400,427,0.7597,0.0066
20260312171540,2400,427,0.7597,0.0066
20260312171541,2400,427,0.7597,0.0066
20260312171542,2400,427,0.7597,0.0066
20260312171543,2400,427,0.7597,0.0066
20260312171544,2400,427,0.7597,0.0066
20260312171545,2400,427,0.7597,0.0066
20260312171546,2400,427,0.7597,0.0066
20260312171547,2400,427,0.7597,0.0066
20260312171548,2400,428,0.7597,0.0066
20260312171549,2400,428,0.7597,0.0066
20260312171550,2400,428,0.7597,0.0066
20260312171551,2400,428,0.7597,0.0066
20260312171552,2400,428,0.7597,0.0066
20260312171553,2400,428,0.7597,0.0066
20260312171554,2400,428,0.7597,0.0066
20260312171555,2400,428,0.7597,0.0066
20260312171556,2400,428,0.7597,0.0066
20260312171557,2400,428,0.7597,0.0066
20260312171558,2400,428,0.7597,0.0066
20260312171600,2400,428,0.7597,0.0066
20260312171601,2400,428,0.7597,0.0066
20260312171602,2400,428,0.7597,0.0066
20260312171603,2400,428,0.7597,0.0066
20260312171604,2400,428,0.7597,0.0066
20260312171605,2400,428,0.7597,0.0066
20260312171606,2400,428,0.7597,0.0066
20260312171607,2400,428,0.7597,0.0066
20260312171608,2400,428,0.7597,0.0066
20260312171609,2400,428,0.7597,0.0066
20260312171610,2400,428,0.7597,0.0066
20260312171611,2400,428,0.7597,0.0066
20260312171612,2400,428,0.7597,0.0066
20260312171613,2400,428,0.7597,0.0066
20260312171614,2400,428,0.7597,0.0066
20260312171615,2400,428,0.7597,0.0066
20260312171616,2400,428,0.7597,0.0066
20260312171617,2400,428,0.7597,0.0066
20260312171618,2400,428,0.7597,0.0066
20260312171619,2400,428,0.7597,0.0066
20260312171620,2400,428,0.7597,0.0066
20260312171621,2400,428,0.7597,0.0066
20260312171622,2400,428,0.7597,0.0066
20260312171623,2400,428,0.7597,0.0066
20260312171624,2400,428,0.7597,0.0066
20260312171625,2400,428,0.7597,0.0066
20260312171626,2400,428,0.7597,0.0066
20260312171627,2400,429,0.7597,0.0066
20260312171628,2400,429,0.7597,0.0066
20260312171629,2400,429,0.7597,0.0066
20260312171630,2400,429,0.7597,0.0066
20260312171631,2400,429,0.7597,0.0066
20260312171632,2400,429,0.7597,0.0066
20260312171633,2400,429,0.7597,0.0066
20260312171634,2400,429,0.7597,0.0066
20260312171635,2400,429,0.7597,0.0066
20260312171636,2400,429,0.7597,0.0066
20260312171637,2400,429,0.7597,0.0066
20260312171638,2400,429,0.7597,0.0066
20260312171639,2400,429,0.7597,0.0066
20260312171640,2400,429,0.7597,0.0066
20260312171641,2400,429,0.7597,0.0066
20260312171642,2400,429,0.7597,0.0066
20260312171643,2400,429,0.7597,0.0066
20260312171644,2400,429,0.7597,0.0066
20260312171645,2400,429,0.7597,0.0066
20260312171646,2400,429,0.7597,0.0066
20260312171647,2400,429,0.7597,0.0066
20260312171648,2400,429,0.7597,0.0066
20260312171649,2400,429,0.7597,0.0066
20260312171650,2400,429,0.7597,0.0066
20260312171651,2400,429,0.7597,0.0066
20260312171652,2400,429,0.7597,0.0066
20260312171653,2400,429,0.7597,0.0066
20260312171654,2400,429,0.7597,0.0066
20260312171655,2400,429,0.7597,0.0066
20260312171656,2400,429,0.7597,0.0066
20260312171657,2400,429,0.7597,0.0066
20260312171658,2400,429,0.7597,0.0066
20260312171659,2400,429,0.7597,0.0066
20260312171700,2400,429,0.7597,0.0066
20260312171701,2400,429,0.7597,0.0066
20260312171702,2400,429,0.7597,0.0066
20260312171703,2400,429,0.7597,0.0066
20260312171704,2400,429,0.7597,0.0066
20260312171705,2400,430,0.7597,0.0066
20260312171706,2400,430,0.7597,0.0066
20260312171707,2400,430,0.7597,0.0066
20260312171708,2400,430,0.7597,0.0066
20260312171709,2400,430,0.7597,0.0066
20260312171710,2400,430,0.7597,0.0066
20260312171711,2400,430,0.7597,0.0066
20260312171712,2400,430,0.7597,0.0066
20260312171713,2400,430,0.7597,0.0066
20260312171714,2400,430,0.7597,0.0066
20260312171715,2400,430,0.7597,0.0066
20260312171716,2400,430,0.7597,0.0066
20260312171717,2400,430,0.7597,0.0066
20260312171718,2400,430,0.7597,0.0066
20260312171719,2400,430,0.7597,0.0066
20260312171720,2400,430,0.7597,0.0066
20260312171721,2400,430,0.7597,0.0066
20260312171722,2400,430,0.7597,0.0066
20260312171723,2400,430,0.7597,0.0066
20260312171724,2400,430,0.7597,0.0066
20260312171725,2400,430,0.7597,0.0066
20260312171726,2400,430,0.7597,0.0066
20260312171727,2400,430,0.7597,0.0066
20260312171728,2400,430,0.7597,0.0066
20260312171729,2400,430,0.7597,0.0066
20260312171730,2400,430,0.7597,0.0066
20260312171731,2400,430,0.7597,0.0066
20260312171732,2400,430,0.7597,0.0066
20260312171733,2400,430,0.7597,0.0066
20260312171734,2400,430,0.7597,0.0066
20260312171735,2400,430,0.7597,0.0066
20260312171736,2400,430,0.7597,0.0066
20260312171737,2400,430,0.7597,0.0066
20260312171738,2400,430,0.7597,0.0066
20260312171739,2400,430,0.7597,0.0066
20260312171740,2400,430,0.7597,0.0066
20260312171741,2400,430,0.7597,0.0066
20260312171742,2400,430,0.7597,0.0066
20260312171743,2400,430,0.7597,0.0066
20260312171744,2400,430,0.7597,0.0066
20260312171745,2400,431,0.7597,0.0066
20260312171746,2400,431,0.7597,0.0066
20260312171747,2400,431,0.7597,0.0066
20260312171748,2400,431,0.7597,0.0066
20260312171749,2400,431,0.7597,0.0066
20260312171750,2400,431,0.7597,0.0066
20260312171751,2400,431,0.7597,0.0066
20260312171752,2400,431,0.7597,0.0066
20260312171753,2400,431,0.7597,0.0066
20260312171754,2400,431,0.7597,0.0066
20260312171755,2400,431,0.7597,0.0066
20260312171756,2400,431,0.7597,0.0066
20260312171757,2400,431,0.7597,0.0066
20260312171758,2400,431,0.7597,0.0066
20260312171759,2400,431,0.7597,0.0066
20260312171800,2400,431,0.7597,0.0066
20260312171801,2400,431,0.7597,0.0066
20260312171802,2400,431,0.7597,0.0066
20260312171803,2400,431,0.7597,0.0066
20260312171804,2400,431,0.7597,0.0066
20260312171806,2400,431,0.7597,0.0066
20260312171807,2400,431,0.7597,0.0066
20260312171808,2400,431,0.7597,0.0066
20260312171809,2400,431,0.7597,0.0066
20260312171810,2400,431,0.7597,0.0066
20260312171811,2400,431,0.7597,0.0066
20260312171812,2400,431,0.7597,0.0066
20260312171813,2400,431,0.7597,0.0066
20260312171814,2400,431,0.7597,0.0066
20260312171815,2400,431,0.7597,0.0066
20260312171816,2400,431,0.7597,0.0066
20260312171817,2400,431,0.7597,0.0066
20260312171818,2400,431,0.7597,0.0066
20260312171819,2400,431,0.7597,0.0066
20260312171820,2400,431,0.7597,0.0066
20260312171821,2400,431,0.7597,0.0066
20260312171822,2400,432,0.7597,0.0066
20260312171823,2400,432,0.7597,0.0066
20260312171824,2400,432,0.7597,0.0066
20260312171825,2400,432,0.7597,0.0066
20260312171826,2400,432,0.7597,0.0066
20260312171827,2400,432,0.7597,0.0066
20260312171828,2400,432,0.7597,0.0066
20260312171829,2400,432,0.7597,0.0066
20260312171830,2400,432,0.7597,0.0066
20260312171831,2400,432,0.7597,0.0066
20260312171832,2400,432,0.7597,0.0066
20260312171833,2400,432,0.7597,0.0066
20260312171834,2400,432,0.7597,0.0066
20260312171835,2400,432,0.7597,0.0066
20260312171836,2400,432,0.7597,0.0066
20260312171837,2400,432,0.7597,0.0066
20260312171838,2400,432,0.7597,0.0066
20260312171839,2400,432,0.7597,0.0066
20260312171840,2400,432,0.7597,0.0066
20260312171841,2400,432,0.7597,0.0066
20260312171842,2400,432,0.7597,0.0066
20260312171843,2400,432,0.7597,0.0066
20260312171844,2400,432,0.7597,0.0066
20260312171845,2400,432,0.7597,0.0066
20260312171846,2400,432,0.7597,0.0066
20260312171847,2400,432,0.7597,0.0066
20260312171848,2400,432,0.7597,0.0066
20260312171849,2400,432,0.7597,0.0066
20260312171850,2400,432,0.7597,0.0066
20260312171851,2400,432,0.7597,0.0066
20260312171852,2400,432,0.7597,0.0066
20260312171853,2400,432,0.7597,0.0066
20260312171854,2400,432,0.7597,0.0066
20260312171855,2400,432,0.7597,0.0066
20260312171856,2400,432,0.7597,0.0066
20260312171857,2400,432,0.7597,0.0066
20260312171858,2400,432,0.7597,0.0066
20260312171859,2400,433,0.7597,0.0066
20260312171900,2400,433,0.7597,0.0066
20260312171901,2400,433,0.7597,0.0066
20260312171902,2400,433,0.7597,0.0066
20260312171903,2400,433,0.7597,0.0066
20260312171904,2400,433,0.7597,0.0066
20260312171905,2400,433,0.7597,0.0066
20260312171906,2400,433,0.7597,0.0066
20260312171907,2400,433,0.7597,0.0066
20260312171908,2400,433,0.7597,0.0066
20260312171909,2400,433,0.7597,0.0066
20260312171910,2400,433,0.7597,0.0066
20260312171911,2400,433,0.7597,0.0066
20260312171912,2400,433,0.7597,0.0066
20260312171913,2400,433,0.7597,0.0066
20260312171914,2400,433,0.7597,0.0066
20260312171915,2400,433,0.7597,0.0066
20260312171916,2400,433,0.7597,0.0066
20260312171917,2400,433,0.7597,0.0066
20260312171918,2400,433,0.7597,0.0066
20260312171919,2400,433,0.7597,0.0066
20260312171920,2400,433,0.7597,0.0066
20260312171921,2400,433,0.7597,0.0066
20260312171922,2400,433,0.7597,0.0066
20260312171923,2400,433,0.7597,0.0066
20260312171924,2400,433,0.7597,0.0066
20260312171925,2400,433,0.7597,0.0066
20260312171926,2400,433,0.7597,0.0066
20260312171927,2400,433,0.7597,0.0066
20260312171928,2400,433,0.7597,0.0066
20260312171929,2400,433,0.7597,0.0066
20260312171930,2400,433,0.7597,0.0066
20260312171931,2400,433,0.7597,0.0066
20260312171932,2400,433,0.7597,0.0066
20260312171933,2400,433,0.7597,0.0066
20260312171934,2400,433,0.7597,0.0066
20260312171935,2400,433,0.7597,0.0066
20260312171936,2400,433,0.7597,0.0066
20260312171937,2400,433,0.7597,0.0066
20260312171938,2400,434,0.7597,0.0066
20260312171939,2400,434,0.7597,0.0066
20260312171940,2400,434,0.7597,0.0066
20260312171941,2400,434,0.7597,0.0066
20260312171942,2400,434,0.7597,0.0066
20260312171943,2400,434,0.7597,0.0066
20260312171944,2400,434,0.7597,0.0066
20260312171945,2400,434,0.7597,0.0066
20260312171946,2400,434,0.7597,0.0066
20260312171948,2400,434,0.7597,0.0066
20260312171949,2400,434,0.7597,0.0066
20260312171950,2400,434,0.7597,0.0066
20260312171951,2400,434,0.7597,0.0066
20260312171952,2400,434,0.7597,0.0066
20260312171953,2400,434,0.7597,0.0066
20260312171954,2400,434,0.7597,0.0066
20260312171955,2400,434,0.7597,0.0066
20260312171956,2400,434,0.7597,0.0066
20260312171957,2400,434,0.7597,0.0066
20260312171958,2400,434,0.7597,0.0066
20260312171959,2400,434,0.7597,0.0066
20260312172000,2400,434,0.7597,0.0066
20260312172001,2400,434,0.7597,0.0066
20260312172002,2400,434,0.7597,0.0066
20260312172003,2400,434,0.7597,0.0066
20260312172004,2400,434,0.7597,0.0066
20260312172005,2400,434,0.7597,0.0066
20260312172006,2400,434,0.7597,0.0066
20260312172007,2400,434,0.7597,0.0066
20260312172008,2400,434,0.7597,0.0066
20260312172009,2400,434,0.7597,0.0066
20260312172010,2400,434,0.7597,0.0066
20260312172011,2400,434,0.7597,0.0066
20260312172012,2400,434,0.7597,0.0066
20260312172013,2400,434,0.7597,0.0066
20260312172014,2400,434,0.7597,0.0066
20260312172015,2400,434,0.7597,0.0066
20260312172016,2400,435,0.7597,0.0066
20260312172017,2400,435,0.7597,0.0066
20260312172018,2400,435,0.7597,0.0066
20260312172019,2400,435,0.7597,0.0066
20260312172020,2400,435,0.7597,0.0066
20260312172021,2400,435,0.7597,0.0066
20260312172022,2400,435,0.7597,0.0066
20260312172023,2400,435,0.7597,0.0066
20260312172024,2400,435,0.7597,0.0066
20260312172025,2400,435,0.7597,0.0066
20260312172026,2400,435,0.7597,0.0066
20260312172027,2400,435,0.7597,0.0066
20260312172028,2400,435,0.7597,0.0066
20260312172029,2400,435,0.7597,0.0066
20260312172030,2400,435,0.7597,0.0066
20260312172031,2400,435,0.7597,0.0066
20260312172032,2400,435,0.7597,0.0066
20260312172033,2400,435,0.7597,0.0066
20260312172034,2400,435,0.7597,0.0066
20260312172035,2400,435,0.7597,0.0066
20260312172036,2400,435,0.7597,0.0066
20260312172037,2400,435,0.7597,0.0066
20260312172038,2400,435,0.7597,0.0066
20260312172039,2400,435,0.7597,0.0066
20260312172040,2400,435,0.7597,0.0066
20260312172041,2400,435,0.7597,0.0066
20260312172042,2400,435,0.7597,0.0066
20260312172043,2400,435,0.7597,0.0066
20260312172044,2400,435,0.7597,0.0066
20260312172045,2400,435,0.7597,0.0066
20260312172046,2400,435,0.7597,0.0066
20260312172047,2400,435,0.7597,0.0066
20260312172048,2400,435,0.7597,0.0066
20260312172049,2400,435,0.7597,0.0066
20260312172050,2400,435,0.7597,0.0066
20260312172051,2400,435,0.7597,0.0066
20260312172052,2400,435,0.7597,0.0066
20260312172053,2400,435,0.7597,0.0066
20260312172054,2400,436,0.7597,0.0066
20260312172055,2400,436,0.7597,0.0066
20260312172056,2400,436,0.7597,0.0066
20260312172057,2400,436,0.7597,0.0066
20260312172058,2400,436,0.7597,0.0066
20260312172059,2400,436,0.7597,0.0066
20260312172100,2400,436,0.7596,0.0066
20260312172101,2400,436,0.7596,0.0066
20260312172102,2400,436,0.7596,0.0066
20260312172103,2400,436,0.7596,0.0066
20260312172104,2400,436,0.7596,0.0066
20260312172105,2400,436,0.7596,0.0066
20260312172106,2400,436,0.7596,0.0066
20260312172107,2400,436,0.7596,0.0066
20260312172108,2400,436,0.7597,0.0066
20260312172109,2400,436,0.7597,0.0066
20260312172110,2400,436,0.7597,0.0066
20260312172111,2400,436,0.7597,0.0066
20260312172112,2400,436,0.7597,0.0066
20260312172113,2400,436,0.7597,0.0066
20260312172114,2400,436,0.7597,0.0066
20260312172115,2400,436,0.7597,0.0066
20260312172116,2400,436,0.7597,0.0066
20260312172117,2400,436,0.7597,0.0066
20260312172118,2400,436,0.7597,0.0066
20260312172119,2400,436,0.7596,0.0066
20260312172120,2400,436,0.7597,0.0066
20260312172121,2400,436,0.7597,0.0066
20260312172122,2400,436,0.7597,0.0066
20260312172123,2400,436,0.7597,0.0066
20260312172124,2400,436,0.7597,0.0066
20260312172125,2400,436,0.7597,0.0066
20260312172126,2400,436,0.7597,0.0066
20260312172127,2400,436,0.7597,0.0066
20260312172128,2400,436,0.7597,0.0066
20260312172129,2400,436,0.7597,0.0066
20260312172130,2400,436,0.7597,0.0066
20260312172131,2400,436,0.7597,0.0066
20260312172132,2400,437,0.7596,0.0066
20260312172133,2400,437,0.7596,0.0066
20260312172134,2400,437,0.7596,0.0066
20260312172135,2400,437,0.7596,0.0066
20260312172136,2400,437,0.7596,0.0066
20260312172137,2400,437,0.7596,0.0066
20260312172139,2400,437,0.7596,0.0067
20260312172140,2400,437,0.7596,0.0067
20260312172141,2400,437,0.7596,0.0067
20260312172142,2400,437,0.7596,0.0067
20260312172143,2400,437,0.7596,0.0067
20260312172144,2400,437,0.7596,0.0067
20260312172145,2400,437,0.7596,0.0067
20260312172146,2400,437,0.7596,0.0067
20260312172147,2400,437,0.7596,0.0067
20260312172148,2400,437,0.7596,0.0067
20260312172149,2400,437,0.7596,0.0067
20260312172150,2400,437,0.7596,0.0067
20260312172151,2400,437,0.7596,0.0067
20260312172152,2400,437,0.7596,0.0067
20260312172153,2400,437,0.7596,0.0067
20260312172154,2400,437,0.7596,0.0067
20260312172155,2400,437,0.7596,0.0067
20260312172156,2400,437,0.7596,0.0067
20260312172157,2400,437,0.7596,0.0067
20260312172158,2400,437,0.7596,0.0067
20260312172159,2400,437,0.7596,0.0067
20260312172200,2400,437,0.7596,0.0067
20260312172201,2400,437,0.7596,0.0067
20260312172202,2400,437,0.7596,0.0067
20260312172203,2400,437,0.7596,0.0067
20260312172204,2400,437,0.7596,0.0067
20260312172205,2400,437,0.7596,0.0067
20260312172206,2400,437,0.7596,0.0067
20260312172207,2400,437,0.7596,0.0067
20260312172208,2400,437,0.7596,0.0067
20260312172209,2400,437,0.7596,0.0067
20260312172210,2400,438,0.7596,0.0067
20260312172211,2400,438,0.7596,0.0067
20260312172212,2400,438,0.7596,0.0067
20260312172213,2400,438,0.7596,0.0067
20260312172214,2400,438,0.7596,0.0067
20260312172215,2400,438,0.7596,0.0067
20260312172216,2400,438,0.7596,0.0067
20260312172217,2400,438,0.7596,0.0067
20260312172218,2400,438,0.7596,0.0067
20260312172219,2400,438,0.7596,0.0067
20260312172220,2400,438,0.7596,0.0067
20260312172221,2400,438,0.7596,0.0067
20260312172222,2400,438,0.7596,0.0067
20260312172223,2400,438,0.7596,0.0067
20260312172224,2400,438,0.7596,0.0067
20260312172225,2400,438,0.7596,0.0067
20260312172226,2400,438,0.7596,0.0067
20260312172227,2400,438,0.7596,0.0067
20260312172228,2400,438,0.7596,0.0067
20260312172229,2400,438,0.7596,0.0067
20260312172230,2400,438,0.7596,0.0067
20260312172231,2400,438,0.7596,0.0067
20260312172232,2400,438,0.7596,0.0067
20260312172233,2400,438,0.7596,0.0067
20260312172234,2400,438,0.7596,0.0067
20260312172235,2400,438,0.7596,0.0067
20260312172236,2400,438,0.7596,0.0067
20260312172237,2400,438,0.7596,0.0067
20260312172238,2400,438,0.7596,0.0067
20260312172239,2400,438,0.7596,0.0067
20260312172240,2400,438,0.7596,0.0067
20260312172241,2400,438,0.7596,0.0067
20260312172242,2400,438,0.7596,0.0067
20260312172243,2400,438,0.7596,0.0067
20260312172244,2400,438,0.7596,0.0067
20260312172245,2400,438,0.7596,0.0067
20260312172246,2400,438,0.7596,0.0067
20260312172247,2400,438,0.7596,0.0067
20260312172248,2400,439,0.7596,0.0067
20260312172249,2400,439,0.7596,0.0067
20260312172250,2400,439,0.7596,0.0067
20260312172251,2400,439,0.7596,0.0067
20260312172252,2400,439,0.7596,0.0067
20260312172253,2400,439,0.7596,0.0067
20260312172254,2400,439,0.7596,0.0067
20260312172255,2400,439,0.7596,0.0067
20260312172256,2400,439,0.7596,0.0067
20260312172257,2400,439,0.7596,0.0067
20260312172258,2400,439,0.7596,0.0067
20260312172259,2400,439,0.7596,0.0067
20260312172300,2400,439,0.7596,0.0067
20260312172301,2400,439,0.7596,0.0067
20260312172302,2400,439,0.7596,0.0067
20260312172303,2400,439,0.7596,0.0067
20260312172304,2400,439,0.7596,0.0067
20260312172305,2400,439,0.7596,0.0067
20260312172306,2400,439,0.7596,0.0067
20260312172307,2400,439,0.7596,0.0067
20260312172308,2400,439,0.7596,0.0067
20260312172309,2400,439,0.7596,0.0067
20260312172310,2400,439,0.7596,0.0067
20260312172311,2400,439,0.7596,0.0067
20260312172312,2400,439,0.7596,0.0067
20260312172313,2400,439,0.7596,0.0067
20260312172314,2400,439,0.7596,0.0067
20260312172315,2400,439,0.7596,0.0067
20260312172316,2400,439,0.7596,0.0067
20260312172317,2400,439,0.7596,0.0067
20260312172318,2400,439,0.7596,0.0067
20260312172319,2400,439,0.7596,0.0067
20260312172320,2400,439,0.7596,0.0067
20260312172321,2400,439,0.7596,0.0067
20260312172322,2400,439,0.7596,0.0067
20260312172323,2400,439,0.7596,0.0067
20260312172324,2400,439,0.7596,0.0067
20260312172325,2400,440,0.7596,0.0067
20260312172326,2400,440,0.7596,0.0067
20260312172327,2400,440,0.7596,0.0067
20260312172328,2400,440,0.7596,0.0067
20260312172329,2400,440,0.7596,0.0067
20260312172331,2400,440,0.7596,0.0067
20260312172332,2400,440,0.7596,0.0067
20260312172333,2400,440,0.7596,0.0067
20260312172334,2400,440,0.7596,0.0067
20260312172335,2400,440,0.7596,0.0067
20260312172336,2400,440,0.7596,0.0067
20260312172337,2400,440,0.7596,0.0067
20260312172338,2400,440,0.7596,0.0067
20260312172339,2400,440,0.7596,0.0067
20260312172340,2400,440,0.7596,0.0067
20260312172341,2400,440,0.7596,0.0067
20260312172342,2400,440,0.7596,0.0067
20260312172343,2400,440,0.7596,0.0067
20260312172344,2400,440,0.7596,0.0067
20260312172345,2400,440,0.7596,0.0067
20260312172346,2400,440,0.7596,0.0067
20260312172347,2400,440,0.7596,0.0067
20260312172348,2400,440,0.7596,0.0067
20260312172349,2400,440,0.7596,0.0067
20260312172350,2400,440,0.7596,0.0067
20260312172351,2400,440,0.7596,0.0067
20260312172352,2400,440,0.7596,0.0067
20260312172353,2400,440,0.7596,0.0067
20260312172354,2400,440,0.7596,0.0067
20260312172355,2400,440,0.7596,0.0067
20260312172356,2400,440,0.7596,0.0067
20260312172357,2400,440,0.7596,0.0067
20260312172358,2400,440,0.7596,0.0067
20260312172359,2400,440,0.7596,0.0067
20260312172400,2400,440,0.7596,0.0067
20260312172401,2400,440,0.7596,0.0067
20260312172402,2400,440,0.7596,0.0067
20260312172403,2400,440,0.7596,0.0067
20260312172404,2400,441,0.7596,0.0067
20260312172405,2400,441,0.7596,0.0067
20260312172406,2400,441,0.7596,0.0067
20260312172407,2400,441,0.7596,0.0067
20260312172408,2400,441,0.7596,0.0067
20260312172409,2400,441,0.7596,0.0067
20260312172410,2400,441,0.7596,0.0067
20260312172411,2400,441,0.7596,0.0067
20260312172412,2400,441,0.7596,0.0067
20260312172413,2400,441,0.7596,0.0067
20260312172414,2400,441,0.7596,0.0067
20260312172415,2400,441,0.7596,0.0067
20260312172416,2400,441,0.7596,0.0067
20260312172417,2400,441,0.7596,0.0067
20260312172418,2400,441,0.7596,0.0067
20260312172419,2400,441,0.7596,0.0067
20260312172420,2400,441,0.7596,0.0067
20260312172421,2400,441,0.7596,0.0067
20260312172422,2400,441,0.7596,0.0067
20260312172423,2400,441,0.7596,0.0067
20260312172424,2400,441,0.7596,0.0067
20260312172425,2400,441,0.7596,0.0067
20260312172426,2400,441,0.7596,0.0067
20260312172427,2400,441,0.7596,0.0067
20260312172428,2400,441,0.7596,0.0067
20260312172429,2400,441,0.7596,0.0067
20260312172430,2400,441,0.7596,0.0067
20260312172431,2400,441,0.7596,0.0067
20260312172432,2400,441,0.7596,0.0067
20260312172433,2400,441,0.7596,0.0067
20260312172434,2400,441,0.7596,0.0067
20260312172435,2400,441,0.7596,0.0067
20260312172436,2400,441,0.7596,0.0067
20260312172437,2400,441,0.7596,0.0067
20260312172438,2400,441,0.7596,0.0067
20260312172439,2400,441,0.7596,0.0067
20260312172440,2400,441,0.7596,0.0067
20260312172441,2400,442,0.7596,0.0067
20260312172442,2400,442,0.7596,0.0067
20260312172443,2400,442,0.7596,0.0067
20260312172444,2400,442,0.7596,0.0067
20260312172445,2400,442,0.7596,0.0067
20260312172446,2400,442,0.7596,0.0067
20260312172447,2400,442,0.7596,0.0067
20260312172448,2400,442,0.7596,0.0067
20260312172449,2400,442,0.7596,0.0067
20260312172450,2400,442,0.7596,0.0067
20260312172451,2400,442,0.7596,0.0067
20260312172452,2400,442,0.7596,0.0067
20260312172453,2400,442,0.7596,0.0067
20260312172454,2400,442,0.7596,0.0067
20260312172455,2400,442,0.7596,0.0067
20260312172456,2400,442,0.7596,0.0067
20260312172457,2400,442,0.7596,0.0067
20260312172458,2400,442,0.7596,0.0067
20260312172459,2400,442,0.7596,0.0067
20260312172500,2400,442,0.7596,0.0067
20260312172501,2400,442,0.7596,0.0067
20260312172502,2400,442,0.7596,0.0067
20260312172503,2400,442,0.7596,0.0067
20260312172504,2400,442,0.7596,0.0067
20260312172505,2400,442,0.7596,0.0067
20260312172506,2400,442,0.7596,0.0067
20260312172507,2400,442,0.7596,0.0067
20260312172508,2400,442,0.7596,0.0067
20260312172509,2400,442,0.7596,0.0067
20260312172510,2400,442,0.7596,0.0067
20260312172511,2400,442,0.7596,0.0067
20260312172512,2400,442,0.7596,0.0067
20260312172513,2400,442,0.7596,0.0067
20260312172514,2400,442,0.7596,0.0067
20260312172515,2400,442,0.7596,0.0067
20260312172516,2400,442,0.7596,0.0067
20260312172517,2400,442,0.7596,0.0067
20260312172518,2400,443,0.7596,0.0067
20260312172519,2400,443,0.7596,0.0067
20260312172520,2400,443,0.7596,0.0067
20260312172521,2400,443,0.7596,0.0067
20260312172522,2400,443,0.7596,0.0067
20260312172523,2400,443,0.7596,0.0067
20260312172524,2400,443,0.7596,0.0067
20260312172525,2400,443,0.7596,0.0067
20260312172526,2400,443,0.7596,0.0067
20260312172527,2400,443,0.7596,0.0067
20260312172528,2400,443,0.7596,0.0067
20260312172529,2400,443,0.7596,0.0067
20260312172530,2400,443,0.7596,0.0067
20260312172531,2400,443,0.7596,0.0067
20260312172532,2400,443,0.7596,0.0067
20260312172533,2400,443,0.7596,0.0067
20260312172534,2400,443,0.7596,0.0067
20260312172535,2400,443,0.7596,0.0067
20260312172537,2400,443,0.7596,0.0067
20260312172538,2400,443,0.7596,0.0067
20260312172539,2400,443,0.7596,0.0067
20260312172540,2400,443,0.7596,0.0067
20260312172541,2400,443,0.7596,0.0067
20260312172542,2400,443,0.7596,0.0067
20260312172543,2400,443,0.7596,0.0067
20260312172544,2400,443,0.7596,0.0067
20260312172545,2400,443,0.7596,0.0067
20260312172546,2400,443,0.7596,0.0067
20260312172547,2400,443,0.7596,0.0067
20260312172548,2400,443,0.7596,0.0067
20260312172549,2400,443,0.7596,0.0067
20260312172550,2400,443,0.7596,0.0067
20260312172551,2400,443,0.7596,0.0067
20260312172552,2400,443,0.7596,0.0067
20260312172553,2400,443,0.7596,0.0067
20260312172554,2400,443,0.7596,0.0067
20260312172555,2400,443,0.7596,0.0067
20260312172556,2400,444,0.7596,0.0067
20260312172557,2400,444,0.7596,0.0067
20260312172558,2400,444,0.7596,0.0067
20260312172559,2400,444,0.7596,0.0067
20260312172600,2400,444,0.7596,0.0067
20260312172601,2400,444,0.7596,0.0067
20260312172602,2400,444,0.7596,0.0067
20260312172603,2400,444,0.7596,0.0067
20260312172604,2400,444,0.7596,0.0067
20260312172605,2400,444,0.7596,0.0067
20260312172606,2400,444,0.7596,0.0067
20260312172607,2400,444,0.7596,0.0067
20260312172608,2400,444,0.7596,0.0067
20260312172609,2400,444,0.7596,0.0067
20260312172610,2400,444,0.7596,0.0067
20260312172611,2400,444,0.7596,0.0067
20260312172612,2400,444,0.7596,0.0067
20260312172613,2400,444,0.7596,0.0067
20260312172614,2400,444,0.7596,0.0067
20260312172615,2400,444,0.7596,0.0067
20260312172616,2400,444,0.7596,0.0067
20260312172617,2400,444,0.7596,0.0067
20260312172618,2400,444,0.7596,0.0067
20260312172619,2400,444,0.7596,0.0067
20260312172620,2400,444,0.7596,0.0067
20260312172621,2400,444,0.7596,0.0067
20260312172622,2400,444,0.7596,0.0067
20260312172623,2400,444,0.7596,0.0067
20260312172624,2400,444,0.7596,0.0067
20260312172625,2400,444,0.7596,0.0067
20260312172626,2400,444,0.7596,0.0067
20260312172627,2400,444,0.7596,0.0067
20260312172628,2400,444,0.7596,0.0067
20260312172629,2400,444,0.7596,0.0067
20260312172630,2400,444,0.7596,0.0067
20260312172631,2400,444,0.7596,0.0067
20260312172632,2400,444,0.7596,0.0067
20260312172633,2400,444,0.7596,0.0067
20260312172634,2400,445,0.7596,0.0067
20260312172635,2400,445,0.7596,0.0067
20260312172636,2400,445,0.7596,0.0067
20260312172637,2400,445,0.7596,0.0067
20260312172638,2400,445,0.7596,0.0067
20260312172639,2400,445,0.7596,0.0067
20260312172640,2400,445,0.7596,0.0067
20260312172641,2400,445,0.7596,0.0067
20260312172642,2400,445,0.7596,0.0067
20260312172643,2400,445,0.7596,0.0067
20260312172644,2400,445,0.7596,0.0067
20260312172645,2400,445,0.7596,0.0067
20260312172646,2400,445,0.7596,0.0067
20260312172647,2400,445,0.7596,0.0067
20260312172648,2400,445,0.7596,0.0067
20260312172649,2400,445,0.7596,0.0067
20260312172650,2400,445,0.7596,0.0067
20260312172651,2400,445,0.7596,0.0067
20260312172652,2400,445,0.7596,0.0067
20260312172653,2400,445,0.7596,0.0067
20260312172654,2400,445,0.7596,0.0067
20260312172655,2400,445,0.7596,0.0067
20260312172656,2400,445,0.7596,0.0067
20260312172657,2400,445,0.7596,0.0067
20260312172658,2400,445,0.7596,0.0067
20260312172659,2400,445,0.7596,0.0067
20260312172700,2400,445,0.7596,0.0067
20260312172701,2400,445,0.7596,0.0067
20260312172702,2400,445,0.7596,0.0067
20260312172703,2400,445,0.7596,0.0067
20260312172704,2400,445,0.7596,0.0067
20260312172705,2400,445,0.7596,0.0067
20260312172706,2400,445,0.7596,0.0067
20260312172707,2400,445,0.7596,0.0067
20260312172708,2400,445,0.7596,0.0067
20260312172709,2400,445,0.7596,0.0067
20260312172710,2400,445,0.7596,0.0067
20260312172711,2400,445,0.7596,0.0067
20260312172712,2400,445,0.7596,0.0067
20260312172713,2400,445,0.7596,0.0067
20260312172714,2400,446,0.7596,0.0067
20260312172715,2400,446,0.7596,0.0067
20260312172716,2400,446,0.7596,0.0067
20260312172717,2400,446,0.7596,0.0067
20260312172718,2400,446,0.7596,0.0067
20260312172719,2400,446,0.7596,0.0067
20260312172720,2400,446,0.7596,0.0067
20260312172722,2400,446,0.7596,0.0067
20260312172723,2400,446,0.7596,0.0067
20260312172724,2400,446,0.7596,0.0067
20260312172725,2400,446,0.7596,0.0067
20260312172726,2400,446,0.7596,0.0067
20260312172727,2400,446,0.7596,0.0067
20260312172728,2400,446,0.7596,0.0067
20260312172729,2400,446,0.7596,0.0067
20260312172730,2400,446,0.7596,0.0067
20260312172731,2400,446,0.7596,0.0067
20260312172732,2400,446,0.7596,0.0067
20260312172733,2400,446,0.7596,0.0067
20260312172734,2400,446,0.7596,0.0067
20260312172735,2400,446,0.7596,0.0067
20260312172736,2400,446,0.7596,0.0067
20260312172737,2400,446,0.7596,0.0067
20260312172738,2400,446,0.7596,0.0067
20260312172739,2400,446,0.7596,0.0067
20260312172740,2400,446,0.7596,0.0067
20260312172741,2400,446,0.7596,0.0067
20260312172742,2400,446,0.7596,0.0067
20260312172743,2400,446,0.7596,0.0067
20260312172744,2400,446,0.7596,0.0067
20260312172745,2400,446,0.7596,0.0067
20260312172746,2400,446,0.7596,0.0067
20260312172747,2400,446,0.7596,0.0067
20260312172748,2400,446,0.7596,0.0067
20260312172749,2400,446,0.7596,0.0067
20260312172750,2400,446,0.7596,0.0067
20260312172751,2400,446,0.7596,0.0067
20260312172752,2400,447,0.7596,0.0067
20260312172753,2400,447,0.7596,0.0067
20260312172754,2400,447,0.7596,0.0067
20260312172755,2400,447,0.7596,0.0067
20260312172756,2400,447,0.7596,0.0067
20260312172757,2400,447,0.7596,0.0067
20260312172758,2400,447,0.7596,0.0067
20260312172759,2400,447,0.7596,0.0067
20260312172800,2400,447,0.7596,0.0067
20260312172801,2400,447,0.7596,0.0067
20260312172802,2400,447,0.7596,0.0067
20260312172803,2400,447,0.7596,0.0067
20260312172804,2400,447,0.7596,0.0067
20260312172805,2400,447,0.7596,0.0067
20260312172806,2400,447,0.7596,0.0067
20260312172807,2400,447,0.7596,0.0067
20260312172808,2400,447,0.7596,0.0067
20260312172809,2400,447,0.7596,0.0067
20260312172810,2400,447,0.7596,0.0067
20260312172811,2400,447,0.7596,0.0067
20260312172812,2400,447,0.7596,0.0067
20260312172813,2400,447,0.7596,0.0067
20260312172814,2400,447,0.7596,0.0067
20260312172815,2400,447,0.7596,0.0067
20260312172816,2400,447,0.7596,0.0067
20260312172817,2400,447,0.7596,0.0067
20260312172818,2400,447,0.7596,0.0067
20260312172819,2400,447,0.7596,0.0067
20260312172820,2400,447,0.7596,0.0067
20260312172821,2400,447,0.7596,0.0067
20260312172822,2400,447,0.7596,0.0067
20260312172823,2400,447,0.7596,0.0067
20260312172824,2400,447,0.7596,0.0067
20260312172825,2400,447,0.7596,0.0067
20260312172826,2400,447,0.7596,0.0067
20260312172827,2400,447,0.7596,0.0067
20260312172828,2400,447,0.7596,0.0067
20260312172829,2400,447,0.7596,0.0067
20260312172830,2400,447,0.7596,0.0067
20260312172831,2400,447,0.7596,0.0067
20260312172832,2400,448,0.7596,0.0067
20260312172833,2400,448,0.7596,0.0067
20260312172834,2400,448,0.7596,0.0067
20260312172835,2400,448,0.7596,0.0067
20260312172836,2400,448,0.7596,0.0067
20260312172837,2400,448,0.7596,0.0067
20260312172838,2400,448,0.7596,0.0067
20260312172839,2400,448,0.7596,0.0067
20260312172840,2400,448,0.7596,0.0067
20260312172841,2400,448,0.7596,0.0067
20260312172842,2400,448,0.7596,0.0067
20260312172843,2400,448,0.7596,0.0067
20260312172844,2400,448,0.7596,0.0067
20260312172845,2400,448,0.7596,0.0067
20260312172846,2400,448,0.7596,0.0067
20260312172847,2400,448,0.7596,0.0067
20260312172848,2400,448,0.7596,0.0067
20260312172849,2400,448,0.7596,0.0067
20260312172850,2400,448,0.7596,0.0067
20260312172851,2400,448,0.7596,0.0067
20260312172852,2400,448,0.7596,0.0067
20260312172853,2400,448,0.7596,0.0067
20260312172854,2400,448,0.7596,0.0067
20260312172855,2400,448,0.7596,0.0067
20260312172856,2400,448,0.7596,0.0067
20260312172857,2400,448,0.7596,0.0067
20260312172858,2400,448,0.7596,0.0067
20260312172859,2400,448,0.7596,0.0067
20260312172900,2400,448,0.7596,0.0067
20260312172901,2400,448,0.7596,0.0067
20260312172902,2400,448,0.7596,0.0067
20260312172903,2400,448,0.7596,0.0067
20260312172904,2400,448,0.7596,0.0067
20260312172905,2400,448,0.7596,0.0067
20260312172906,2400,448,0.7596,0.0067
20260312172907,2400,448,0.7596,0.0067
20260312172908,2400,448,0.7596,0.0067
20260312172909,2400,449,0.7596,0.0067
20260312172911,2400,449,0.7596,0.0067
20260312172912,2400,449,0.7596,0.0067
20260312172913,2400,449,0.7596,0.0067
20260312172914,2400,449,0.7596,0.0067
20260312172915,2400,449,0.7596,0.0067
20260312172916,2400,449,0.7596,0.0067
20260312172917,2400,449,0.7596,0.0067
20260312172918,2400,449,0.7596,0.0067
20260312172919,2400,449,0.7596,0.0067
20260312172920,2400,449,0.7596,0.0067
20260312172921,2400,449,0.7596,0.0067
20260312172922,2400,449,0.7596,0.0067
20260312172923,2400,449,0.7596,0.0067
20260312172924,2400,449,0.7596,0.0067
20260312172925,2400,449,0.7596,0.0067
20260312172926,2400,449,0.7596,0.0067
20260312172927,2400,449,0.7596,0.0067
20260312172928,2400,449,0.7596,0.0067
20260312172929,2400,449,0.7596,0.0067
20260312172930,2400,449,0.7596,0.0067
20260312172931,2400,449,0.7596,0.0067
20260312172932,2400,449,0.7596,0.0067
20260312172933,2400,449,0.7596,0.0067
20260312172934,2400,449,0.7596,0.0067
20260312172935,2400,449,0.7596,0.0067
20260312172936,2400,449,0.7596,0.0067
20260312172937,2400,449,0.7596,0.0067
20260312172938,2400,449,0.7596,0.0067
20260312172939,2400,449,0.7596,0.0067
20260312172940,2400,449,0.7596,0.0067
20260312172941,2400,449,0.7596,0.0067
20260312172942,2400,449,0.7596,0.0067
20260312172943,2400,449,0.7596,0.0067
20260312172944,2400,449,0.7596,0.0067
20260312172945,2400,449,0.7596,0.0067
20260312172946,2400,449,0.7596,0.0067
20260312172947,2400,449,0.7596,0.0067
20260312172948,2400,450,0.7596,0.0067
20260312172949,2400,450,0.7596,0.0067
20260312172950,2400,450,0.7596,0.0067
20260312172951,2400,450,0.7596,0.0067
20260312172952,2400,450,0.7596,0.0067
20260312172953,2400,450,0.7596,0.0067
20260312172954,2400,450,0.7596,0.0067
20260312172955,2400,450,0.7596,0.0067
20260312172956,2400,450,0.7596,0.0067
20260312172957,2400,450,0.7596,0.0067
20260312172958,2400,450,0.7596,0.0067
20260312172959,2400,450,0.7596,0.0067
20260312173000,2400,450,0.7596,0.0067
20260312173001,2400,450,0.7596,0.0067
20260312173002,2400,450,0.7596,0.0067
20260312173003,2400,450,0.7596,0.0067
20260312173004,2400,450,0.7596,0.0067
20260312173005,2400,450,0.7596,0.0067
20260312173006,2400,450,0.7596,0.0067
20260312173007,2400,450,0.7596,0.0067
20260312173008,2400,450,0.7596,0.0067
20260312173009,2400,450,0.7596,0.0067
20260312173010,2400,450,0.7596,0.0067
20260312173011,2400,450,0.7596,0.0067
20260312173012,2400,450,0.7596,0.0067
20260312173013,2400,450,0.7596,0.0067
20260312173014,2400,450,0.7596,0.0067
20260312173015,2400,450,0.7596,0.0067
20260312173016,2400,450,0.7596,0.0067
20260312173017,2400,450,0.7596,0.0067
20260312173018,2400,450,0.7596,0.0067
20260312173019,2400,450,0.7596,0.0067
20260312173020,2400,450,0.7596,0.0067
20260312173021,2400,450,0.7596,0.0067
20260312173022,2400,450,0.7596,0.0067
20260312173023,2400,450,0.7596,0.0067
20260312173024,2400,450,0.7596,0.0067
20260312173025,2400,450,0.7596,0.0067
20260312173026,2400,451,0.7596,0.0067
20260312173027,2400,451,0.7596,0.0067
20260312173028,2400,451,0.7596,0.0067
20260312173029,2400,451,0.7595,0.0067
20260312173030,2400,451,0.7595,0.0067
20260312173031,2400,451,0.7595,0.0067
20260312173032,2400,451,0.7595,0.0067
20260312173033,2400,451,0.7595,0.0067
20260312173034,2400,451,0.7595,0.0067
20260312173035,2400,451,0.7595,0.0067
20260312173036,2400,451,0.7595,0.0067
20260312173037,2400,451,0.7595,0.0067
20260312173038,2400,451,0.7595,0.0067
20260312173039,2400,451,0.7595,0.0067
20260312173040,2400,451,0.7595,0.0067
20260312173041,2400,451,0.7595,0.0067
20260312173042,2400,451,0.7595,0.0067
20260312173043,2400,451,0.7595,0.0067
20260312173044,2400,451,0.7595,0.0067
20260312173045,2400,451,0.7595,0.0067
20260312173046,2400,451,0.7595,0.0067
20260312173047,2400,451,0.7595,0.0067
20260312173048,2400,451,0.7595,0.0067
20260312173049,2400,451,0.7595,0.0067
20260312173050,2400,451,0.7595,0.0067
20260312173051,2400,451,0.7595,0.0067
20260312173052,2400,451,0.7595,0.0067
20260312173053,2400,451,0.7595,0.0067
20260312173054,2400,451,0.7595,0.0067
20260312173056,2400,451,0.7595,0.0067
20260312173057,2400,451,0.7595,0.0067
20260312173058,2400,451,0.7595,0.0067
20260312173059,2400,451,0.7595,0.0067
20260312173100,2400,451,0.7595,0.0067
20260312173101,2400,451,0.7595,0.0067
20260312173102,2400,451,0.7595,0.0067
20260312173103,2400,451,0.7595,0.0067
20260312173104,2400,452,0.7595,0.0067
20260312173105,2400,452,0.7595,0.0067
20260312173106,2400,452,0.7595,0.0067
20260312173107,2400,452,0.7595,0.0067
20260312173108,2400,452,0.7595,0.0067
20260312173109,2400,452,0.7595,0.0067
20260312173110,2400,452,0.7595,0.0067
20260312173111,2400,452,0.7595,0.0067
20260312173112,2400,452,0.7595,0.0067
20260312173113,2400,452,0.7595,0.0067
20260312173114,2400,452,0.7595,0.0067
20260312173115,2400,452,0.7595,0.0067
20260312173116,2400,452,0.7595,0.0067
20260312173117,2400,452,0.7595,0.0067
20260312173118,2400,452,0.7595,0.0067
20260312173119,2400,452,0.7595,0.0067
20260312173120,2400,452,0.7595,0.0067
20260312173121,2400,452,0.7595,0.0067
20260312173122,2400,452,0.7595,0.0067
20260312173123,2400,452,0.7595,0.0067
20260312173124,2400,452,0.7595,0.0067
20260312173125,2400,452,0.7595,0.0067
20260312173126,2400,452,0.7595,0.0067
20260312173127,2400,452,0.7595,0.0067
20260312173128,2400,452,0.7595,0.0067
20260312173129,2400,452,0.7595,0.0067
20260312173130,2400,452,0.7595,0.0067
20260312173131,2400,452,0.7595,0.0067
20260312173132,2400,452,0.7595,0.0067
20260312173133,2400,452,0.7595,0.0067
20260312173134,2400,452,0.7595,0.0067
20260312173135,2400,452,0.7595,0.0067
20260312173136,2400,452,0.7595,0.0067
20260312173137,2400,452,0.7595,0.0067
20260312173138,2400,452,0.7595,0.0067
20260312173139,2400,452,0.7595,0.0067
20260312173140,2400,452,0.7595,0.0067
20260312173141,2400,452,0.7595,0.0067
20260312173142,2400,452,0.7595,0.0067
20260312173143,2400,453,0.7595,0.0067
20260312173144,2400,453,0.7595,0.0067
20260312173145,2400,453,0.7595,0.0067
20260312173146,2400,453,0.7595,0.0067
20260312173147,2400,453,0.7595,0.0067
20260312173148,2400,453,0.7595,0.0067
20260312173149,2400,453,0.7595,0.0067
20260312173150,2400,453,0.7595,0.0067
20260312173151,2400,453,0.7595,0.0067
20260312173152,2400,453,0.7595,0.0067
20260312173153,2400,453,0.7595,0.0067
20260312173154,2400,453,0.7595,0.0067
20260312173155,2400,453,0.7595,0.0067
20260312173156,2400,453,0.7595,0.0067
20260312173157,2400,453,0.7595,0.0067
20260312173158,2400,453,0.7595,0.0067
20260312173159,2400,453,0.7595,0.0067
20260312173200,2400,453,0.7595,0.0067
20260312173201,2400,453,0.7595,0.0067
20260312173202,2400,453,0.7595,0.0067
20260312173203,2400,453,0.7595,0.0067
20260312173204,2400,453,0.7595,0.0067
20260312173205,2400,453,0.7595,0.0067
20260312173206,2400,453,0.7595,0.0067
20260312173207,2400,453,0.7595,0.0067
20260312173208,2400,453,0.7595,0.0067
20260312173209,2400,453,0.7595,0.0067
20260312173210,2400,453,0.7595,0.0067
20260312173211,2400,453,0.7595,0.0067
20260312173212,2400,453,0.7595,0.0067
20260312173213,2400,453,0.7595,0.0067
20260312173214,2400,453,0.7595,0.0067
20260312173215,2400,453,0.7595,0.0067
20260312173216,2400,453,0.7595,0.0067
20260312173217,2400,453,0.7595,0.0067
20260312173218,2400,453,0.7595,0.0067
20260312173219,2400,453,0.7595,0.0067
20260312173220,2400,454,0.7595,0.0067
20260312173221,2400,454,0.7595,0.0067
20260312173222,2400,454,0.7595,0.0067
20260312173223,2400,454,0.7595,0.0067
20260312173224,2400,454,0.7595,0.0067
20260312173225,2400,454,0.7595,0.0067
20260312173226,2400,454,0.7595,0.0067
20260312173227,2400,454,0.7595,0.0067
20260312173228,2400,454,0.7595,0.0067
20260312173229,2400,454,0.7595,0.0067
20260312173230,2400,454,0.7595,0.0067
20260312173231,2400,454,0.7595,0.0067
20260312173232,2400,454,0.7595,0.0067
20260312173233,2400,454,0.7595,0.0067
20260312173234,2400,454,0.7595,0.0067
20260312173235,2400,454,0.7595,0.0067
20260312173236,2400,454,0.7595,0.0067
20260312173237,2400,454,0.7595,0.0067
20260312173238,2400,454,0.7595,0.0067
20260312173239,2400,454,0.7595,0.0067
20260312173240,2400,454,0.7595,0.0067
20260312173241,2400,454,0.7595,0.0067
20260312173242,2400,454,0.7595,0.0067
20260312173243,2400,454,0.7595,0.0067
20260312173244,2400,454,0.7595,0.0067
20260312173245,2400,454,0.7595,0.0067
20260312173246,2400,454,0.7595,0.0067
20260312173247,2400,454,0.7595,0.0067
20260312173248,2400,454,0.7595,0.0067
20260312173249,2400,454,0.7595,0.0067
20260312173250,2400,454,0.7595,0.0067
20260312173251,2400,454,0.7595,0.0067
20260312173253,2400,454,0.7595,0.0067
20260312173254,2400,454,0.7595,0.0067
20260312173255,2400,454,0.7595,0.0067
20260312173256,2400,454,0.7595,0.0067
20260312173257,2400,454,0.7595,0.0067
20260312173258,2400,455,0.7595,0.0067
20260312173259,2400,455,0.7595,0.0067
20260312173300,2400,455,0.7595,0.0067
20260312173301,2400,455,0.7595,0.0067
20260312173302,2400,455,0.7595,0.0067
20260312173303,2400,455,0.7595,0.0067
20260312173304,2400,455,0.7595,0.0067
20260312173305,2400,455,0.7595,0.0067
20260312173306,2400,455,0.7595,0.0067
20260312173307,2400,455,0.7595,0.0067
20260312173308,2400,455,0.7595,0.0067
20260312173309,2400,455,0.7595,0.0067
20260312173310,2400,455,0.7595,0.0067
20260312173311,2400,455,0.7595,0.0067
20260312173312,2400,455,0.7595,0.0067
20260312173313,2400,455,0.7595,0.0067
20260312173314,2400,455,0.7595,0.0067
20260312173315,2400,455,0.7595,0.0067
20260312173316,2400,455,0.7595,0.0067
20260312173317,2400,455,0.7595,0.0067
20260312173318,2400,455,0.7595,0.0067
20260312173319,2400,455,0.7595,0.0067
20260312173320,2400,455,0.7595,0.0067
20260312173321,2400,455,0.7595,0.0067
20260312173322,2400,455,0.7595,0.0067
20260312173323,2400,455,0.7595,0.0067
20260312173324,2400,455,0.7595,0.0067
20260312173325,2400,455,0.7595,0.0067
20260312173326,2400,455,0.7595,0.0067
20260312173327,2400,455,0.7595,0.0067
20260312173328,2400,455,0.7595,0.0067
20260312173329,2400,455,0.7595,0.0067
20260312173330,2400,455,0.7595,0.0067
20260312173331,2400,455,0.7595,0.0067
20260312173332,2400,455,0.7595,0.0067
20260312173333,2400,455,0.7595,0.0067
20260312173334,2400,455,0.7595,0.0067
20260312173335,2400,455,0.7595,0.0067
20260312173336,2400,456,0.7595,0.0067
20260312173337,2400,456,0.7595,0.0067
20260312173338,2400,456,0.7595,0.0067
20260312173339,2400,456,0.7595,0.0067
20260312173340,2400,456,0.7595,0.0067
20260312173341,2400,456,0.7595,0.0067
20260312173342,2400,456,0.7595,0.0067
20260312173343,2400,456,0.7595,0.0067
20260312173344,2400,456,0.7595,0.0067
20260312173345,2400,456,0.7595,0.0067
20260312173346,2400,456,0.7595,0.0067
20260312173347,2400,456,0.7595,0.0067
20260312173348,2400,456,0.7595,0.0067
20260312173349,2400,456,0.7595,0.0067
20260312173350,2400,456,0.7595,0.0067
20260312173351,2400,456,0.7595,0.0067
20260312173352,2400,456,0.7595,0.0067
20260312173353,2400,456,0.7595,0.0067
20260312173354,2400,456,0.7595,0.0067
20260312173355,2400,456,0.7595,0.0067
20260312173356,2400,456,0.7595,0.0067
20260312173357,2400,456,0.7595,0.0067
20260312173358,2400,456,0.7595,0.0067
20260312173359,2400,456,0.7595,0.0067
20260312173400,2400,456,0.7595,0.0067
20260312173401,2400,456,0.7595,0.0067
20260312173402,2400,456,0.7595,0.0067
20260312173403,2400,456,0.7595,0.0067
20260312173404,2400,456,0.7595,0.0067
20260312173405,2400,456,0.7595,0.0067
20260312173406,2400,456,0.7595,0.0067
20260312173407,2400,456,0.7595,0.0067
20260312173408,2400,456,0.7595,0.0067
20260312173409,2400,456,0.7595,0.0067
20260312173410,2400,456,0.7595,0.0067
20260312173411,2400,456,0.7595,0.0067
20260312173412,2400,456,0.7595,0.0067
20260312173413,2400,457,0.7595,0.0067
20260312173414,2400,457,0.7595,0.0067
20260312173415,2400,457,0.7595,0.0067
20260312173416,2400,457,0.7595,0.0067
20260312173417,2400,457,0.7595,0.0067
20260312173418,2400,457,0.7595,0.0067
20260312173419,2400,457,0.7595,0.0067
20260312173420,2400,457,0.7595,0.0067
20260312173421,2400,457,0.7595,0.0067
20260312173422,2400,457,0.7595,0.0067
20260312173423,2400,457,0.7595,0.0067
20260312173424,2400,457,0.7595,0.0067
20260312173425,2400,457,0.7595,0.0067
20260312173426,2400,457,0.7595,0.0067
20260312173427,2400,457,0.7595,0.0067
20260312173428,2400,457,0.7595,0.0067
20260312173429,2400,457,0.7595,0.0067
20260312173430,2400,457,0.7595,0.0067
20260312173431,2400,457,0.7595,0.0067
20260312173432,2400,457,0.7595,0.0067
20260312173433,2400,457,0.7595,0.0067
20260312173434,2400,457,0.7595,0.0067
20260312173435,2400,457,0.7595,0.0067
20260312173436,2400,457,0.7595,0.0067
20260312173437,2400,457,0.7595,0.0067
20260312173438,2400,457,0.7595,0.0067
20260312173439,2400,457,0.7595,0.0067
20260312173440,2400,457,0.7595,0.0067
20260312173441,2400,457,0.7595,0.0067
20260312173442,2400,457,0.7595,0.0067
20260312173444,2400,457,0.7595,0.0067
20260312173445,2400,457,0.7595,0.0067
20260312173446,2400,457,0.7595,0.0067
20260312173447,2400,457,0.7595,0.0067
20260312173448,2400,457,0.7595,0.0067
20260312173449,2400,457,0.7595,0.0067
20260312173450,2400,457,0.7595,0.0067
20260312173451,2400,457,0.7595,0.0067
20260312173452,2400,458,0.7595,0.0067
20260312173453,2400,458,0.7595,0.0067
20260312173454,2400,458,0.7595,0.0067
20260312173455,2400,458,0.7595,0.0067
20260312173456,2400,458,0.7595,0.0067
20260312173457,2400,458,0.7595,0.0067
20260312173458,2400,458,0.7595,0.0067
20260312173459,2400,458,0.7595,0.0067
20260312173500,2400,458,0.7595,0.0067
20260312173501,2400,458,0.7595,0.0067
20260312173502,2400,458,0.7595,0.0067
20260312173503,2400,458,0.7595,0.0067
20260312173504,2400,458,0.7595,0.0067
20260312173505,2400,458,0.7595,0.0067
20260312173506,2400,458,0.7595,0.0067
20260312173507,2400,458,0.7595,0.0067
20260312173508,2400,458,0.7595,0.0067
20260312173509,2400,458,0.7595,0.0067
20260312173510,2400,458,0.7595,0.0067
20260312173511,2400,458,0.7595,0.0067
20260312173512,2400,458,0.7595,0.0067
20260312173513,2400,458,0.7595,0.0067
20260312173514,2400,458,0.7595,0.0067
20260312173515,2400,458,0.7595,0.0067
20260312173516,2400,458,0.7595,0.0067
20260312173517,2400,458,0.7595,0.0067
20260312173518,2400,458,0.7595,0.0067
20260312173519,2400,458,0.7595,0.0067
20260312173520,2400,458,0.7595,0.0067
20260312173521,2400,458,0.7595,0.0067
20260312173522,2400,458,0.7595,0.0067
20260312173523,2400,458,0.7595,0.0067
20260312173524,2400,458,0.7595,0.0067
20260312173525,2400,458,0.7595,0.0067
20260312173526,2400,458,0.7595,0.0067
20260312173527,2400,458,0.7595,0.0067
20260312173528,2400,458,0.7595,0.0067
20260312173529,2400,458,0.7595,0.0067
20260312173530,2400,459,0.7595,0.0067
20260312173531,2400,459,0.7595,0.0067
20260312173532,2400,459,0.7595,0.0067
20260312173533,2400,459,0.7595,0.0067
20260312173534,2400,459,0.7595,0.0067
20260312173535,2400,459,0.7595,0.0067
20260312173536,2400,459,0.7595,0.0067
20260312173537,2400,459,0.7595,0.0067
20260312173538,2400,459,0.7595,0.0067
20260312173539,2400,459,0.7595,0.0067
20260312173540,2400,459,0.7595,0.0067
20260312173541,2400,459,0.7595,0.0067
20260312173542,2400,459,0.7595,0.0067
20260312173543,2400,459,0.7595,0.0067
20260312173544,2400,459,0.7595,0.0067
20260312173545,2400,459,0.7595,0.0067
20260312173546,2400,459,0.7595,0.0067
20260312173547,2400,459,0.7595,0.0067
20260312173548,2400,459,0.7595,0.0067
20260312173549,2400,459,0.7595,0.0067
20260312173550,2400,459,0.7595,0.0067
20260312173551,2400,459,0.7595,0.0067
20260312173552,2400,459,0.7595,0.0067
20260312173553,2400,459,0.7595,0.0067
20260312173554,2400,459,0.7595,0.0067
20260312173555,2400,459,0.7595,0.0067
20260312173556,2400,459,0.7595,0.0067
20260312173557,2400,459,0.7595,0.0067
20260312173558,2400,459,0.7595,0.0067
20260312173559,2400,459,0.7595,0.0067
20260312173600,2400,459,0.7595,0.0067
20260312173601,2400,459,0.7595,0.0067
20260312173602,2400,459,0.7595,0.0067
20260312173603,2400,459,0.7595,0.0067
20260312173604,2400,459,0.7595,0.0067
20260312173605,2400,459,0.7595,0.0067
20260312173606,2400,459,0.7595,0.0067
20260312173607,2400,460,0.7595,0.0067
20260312173608,2400,460,0.7595,0.0067
20260312173609,2400,460,0.7595,0.0067
20260312173610,2400,460,0.7595,0.0067
20260312173611,2400,460,0.7595,0.0067
20260312173612,2400,460,0.7595,0.0067
20260312173613,2400,460,0.7595,0.0067
20260312173614,2400,460,0.7595,0.0067
20260312173615,2400,460,0.7595,0.0067
20260312173616,2400,460,0.7595,0.0067
20260312173617,2400,460,0.7595,0.0067
20260312173618,2400,460,0.7595,0.0067
20260312173619,2400,460,0.7595,0.0067
20260312173620,2400,460,0.7595,0.0067
20260312173621,2400,460,0.7595,0.0067
20260312173622,2400,460,0.7595,0.0067
20260312173623,2400,460,0.7595,0.0067
20260312173624,2400,460,0.7595,0.0067
20260312173625,2400,460,0.7595,0.0067
20260312173626,2400,460,0.7595,0.0067
20260312173627,2400,460,0.7595,0.0067
20260312173628,2400,460,0.7595,0.0067
20260312173629,2400,460,0.7595,0.0067
20260312173630,2400,460,0.7595,0.0067
20260312173631,2400,460,0.7595,0.0067
20260312173632,2400,460,0.7595,0.0067
20260312173633,2400,460,0.7595,0.0067
20260312173635,2400,460,0.7595,0.0067
20260312173636,2400,460,0.7595,0.0067
20260312173637,2400,460,0.7595,0.0067
20260312173638,2400,460,0.7595,0.0067
20260312173639,2400,460,0.7595,0.0067
20260312173640,2400,460,0.7595,0.0067
20260312173641,2400,460,0.7595,0.0067
20260312173642,2400,460,0.7595,0.0067
20260312173643,2400,460,0.7595,0.0067
20260312173644,2400,460,0.7595,0.0067
20260312173645,2400,460,0.7595,0.0067
20260312173646,2400,461,0.7595,0.0067
20260312173647,2400,461,0.7595,0.0067
20260312173648,2400,461,0.7595,0.0067
20260312173649,2400,461,0.7595,0.0067
20260312173650,2400,461,0.7595,0.0067
20260312173651,2400,461,0.7595,0.0067
20260312173652,2400,461,0.7595,0.0067
20260312173653,2400,461,0.7595,0.0067
20260312173654,2400,461,0.7595,0.0067
20260312173655,2400,461,0.7595,0.0067
20260312173656,2400,461,0.7595,0.0067
20260312173657,2400,461,0.7595,0.0067
20260312173658,2400,461,0.7595,0.0067
20260312173659,2400,461,0.7595,0.0067
20260312173700,2400,461,0.7595,0.0067
20260312173701,2400,461,0.7595,0.0067
20260312173702,2400,461,0.7595,0.0067
20260312173703,2400,461,0.7595,0.0067
20260312173704,2400,461,0.7595,0.0067
20260312173705,2400,461,0.7595,0.0067
20260312173706,2400,461,0.7595,0.0067
20260312173707,2400,461,0.7595,0.0067
20260312173708,2400,461,0.7595,0.0067
20260312173709,2400,461,0.7595,0.0067
20260312173710,2400,461,0.7595,0.0067
20260312173711,2400,461,0.7595,0.0067
20260312173712,2400,461,0.7595,0.0067
20260312173713,2400,461,0.7595,0.0067
20260312173714,2400,461,0.7595,0.0067
20260312173715,2400,461,0.7595,0.0067
20260312173716,2400,461,0.7595,0.0067
20260312173717,2400,461,0.7595,0.0067
20260312173718,2400,461,0.7595,0.0067
20260312173719,2400,461,0.7595,0.0067
20260312173720,2400,461,0.7595,0.0067
20260312173721,2400,461,0.7595,0.0067
20260312173722,2400,461,0.7595,0.0067
20260312173723,2400,462,0.7595,0.0067
20260312173724,2400,462,0.7595,0.0067
20260312173725,2400,462,0.7595,0.0067
20260312173726,2400,462,0.7595,0.0067
20260312173727,2400,462,0.7595,0.0067
20260312173728,2400,462,0.7595,0.0067
20260312173729,2400,462,0.7595,0.0067
20260312173730,2400,462,0.7595,0.0067
20260312173731,2400,462,0.7595,0.0067
20260312173732,2400,462,0.7595,0.0067
20260312173733,2400,462,0.7595,0.0067
20260312173734,2400,462,0.7595,0.0067
20260312173735,2400,462,0.7595,0.0067
20260312173736,2400,462,0.7595,0.0067
20260312173737,2400,462,0.7595,0.0067
20260312173738,2400,462,0.7595,0.0067
20260312173739,2400,462,0.7595,0.0067
20260312173740,2400,462,0.7595,0.0067
20260312173741,2400,462,0.7595,0.0067
20260312173742,2400,462,0.7595,0.0067
20260312173743,2400,462,0.7595,0.0067
20260312173744,2400,462,0.7595,0.0067
20260312173745,2400,462,0.7595,0.0067
20260312173746,2400,462,0.7595,0.0067
20260312173747,2400,462,0.7595,0.0067
20260312173748,2400,462,0.7595,0.0067
20260312173749,2400,462,0.7595,0.0067
20260312173750,2400,462,0.7595,0.0067
20260312173751,2400,462,0.7595,0.0067
20260312173752,2400,462,0.7595,0.0067
20260312173753,2400,462,0.7595,0.0067
20260312173754,2400,462,0.7595,0.0067
20260312173755,2400,462,0.7595,0.0067
20260312173756,2400,462,0.7595,0.0067
20260312173757,2400,462,0.7595,0.0067
20260312173758,2400,462,0.7595,0.0067
20260312173759,2400,462,0.7595,0.0067
20260312173800,2400,462,0.7595,0.0067
20260312173801,2400,462,0.7595,0.0067
20260312173802,2400,463,0.7595,0.0067
20260312173803,2400,463,0.7595,0.0067
20260312173804,2400,463,0.7595,0.0067
20260312173805,2400,463,0.7595,0.0067
20260312173806,2400,463,0.7595,0.0067
20260312173807,2400,463,0.7595,0.0067
20260312173808,2400,463,0.7595,0.0067
20260312173809,2400,463,0.7595,0.0067
20260312173810,2400,463,0.7595,0.0067
20260312173811,2400,463,0.7595,0.0067
20260312173812,2400,463,0.7595,0.0067
20260312173813,2400,463,0.7595,0.0067
20260312173814,2400,463,0.7595,0.0067
20260312173815,2400,463,0.7595,0.0067
20260312173816,2400,463,0.7595,0.0067
20260312173817,2400,463,0.7595,0.0067
20260312173818,2400,463,0.7595,0.0067
20260312173819,2400,463,0.7595,0.0067
20260312173820,2400,463,0.7595,0.0067
20260312173821,2400,463,0.7595,0.0067
20260312173822,2400,463,0.7595,0.0067
20260312173823,2400,463,0.7595,0.0067
20260312173824,2400,463,0.7595,0.0067
20260312173825,2400,463,0.7595,0.0067
20260312173826,2400,463,0.7595,0.0067
20260312173827,2400,463,0.7595,0.0067
20260312173828,2400,463,0.7595,0.0067
20260312173829,2400,463,0.7595,0.0067
20260312173830,2400,463,0.7595,0.0067
20260312173831,2400,463,0.7595,0.0067
20260312173832,2400,463,0.7595,0.0067
20260312173833,2400,463,0.7595,0.0067
20260312173834,2400,463,0.7595,0.0067
20260312173835,2400,463,0.7595,0.0067
20260312173837,2400,463,0.7595,0.0067
20260312173838,2400,463,0.7595,0.0067
20260312173839,2400,463,0.7595,0.0067
20260312173840,2400,463,0.7595,0.0067
20260312173841,2400,463,0.7595,0.0067
20260312173842,2400,464,0.7595,0.0067
20260312173843,2400,464,0.7595,0.0067
20260312173844,2400,464,0.7595,0.0067
20260312173845,2400,464,0.7595,0.0067
20260312173846,2400,464,0.7595,0.0067
20260312173847,2400,464,0.7595,0.0067
20260312173848,2400,464,0.7595,0.0067
20260312173849,2400,464,0.7595,0.0067
20260312173850,2400,464,0.7595,0.0067
20260312173851,2400,464,0.7595,0.0067
20260312173852,2400,464,0.7595,0.0067
20260312173853,2400,464,0.7595,0.0067
20260312173854,2400,464,0.7595,0.0067
20260312173855,2400,464,0.7595,0.0067
20260312173856,2400,464,0.7595,0.0067
20260312173857,2400,464,0.7595,0.0067
20260312173858,2400,464,0.7595,0.0067
20260312173859,2400,464,0.7595,0.0067
20260312173900,2400,464,0.7595,0.0067
20260312173901,2400,464,0.7595,0.0067
20260312173902,2400,464,0.7595,0.0067
20260312173903,2400,464,0.7595,0.0067
20260312173904,2400,464,0.7595,0.0067
20260312173905,2400,464,0.7595,0.0067
20260312173906,2400,464,0.7595,0.0067
20260312173907,2400,464,0.7595,0.0067
20260312173908,2400,464,0.7595,0.0067
20260312173909,2400,464,0.7595,0.0067
20260312173910,2400,464,0.7595,0.0067
20260312173911,2400,464,0.7595,0.0067
20260312173912,2400,464,0.7595,0.0067
20260312173913,2400,464,0.7595,0.0067
20260312173914,2400,464,0.7595,0.0067
20260312173915,2400,464,0.7595,0.0067
20260312173916,2400,464,0.7595,0.0067
20260312173917,2400,464,0.7595,0.0067
20260312173918,2400,464,0.7595,0.0067
20260312173919,2400,464,0.7595,0.0067
20260312173920,2400,464,0.7595,0.0067
20260312173921,2400,465,0.7595,0.0067
20260312173922,2400,465,0.7595,0.0067
20260312173923,2400,465,0.7595,0.0067
20260312173924,2400,465,0.7595,0.0067
20260312173925,2400,465,0.7595,0.0067
20260312173926,2400,465,0.7595,0.0067
20260312173927,2400,465,0.7595,0.0067
20260312173928,2400,465,0.7595,0.0067
20260312173929,2400,465,0.7595,0.0067
20260312173930,2400,465,0.7595,0.0067
20260312173931,2400,465,0.7595,0.0067
20260312173932,2400,465,0.7595,0.0067
20260312173933,2400,465,0.7595,0.0067
20260312173934,2400,465,0.7595,0.0067
20260312173935,2400,465,0.7595,0.0067
20260312173936,2400,465,0.7595,0.0067
20260312173937,2400,465,0.7595,0.0067
20260312173938,2400,465,0.7595,0.0067
20260312173939,2400,465,0.7595,0.0067
20260312173940,2400,465,0.7595,0.0067
20260312173941,2400,465,0.7595,0.0067
20260312173942,2400,465,0.7595,0.0067
20260312173943,2400,465,0.7595,0.0067
20260312173944,2400,465,0.7595,0.0067
20260312173945,2400,465,0.7595,0.0067
20260312173946,2400,465,0.7595,0.0067
20260312173947,2400,465,0.7595,0.0067
20260312173948,2400,465,0.7595,0.0067
20260312173949,2400,465,0.7595,0.0067
20260312173950,2400,465,0.7595,0.0067
20260312173951,2400,465,0.7595,0.0067
20260312173952,2400,465,0.7595,0.0067
20260312173953,2400,465,0.7595,0.0067
20260312173954,2400,465,0.7595,0.0067
20260312173955,2400,465,0.7595,0.0067
20260312173956,2400,465,0.7595,0.0067
20260312173957,2400,465,0.7595,0.0067
20260312173958,2400,465,0.7595,0.0067
20260312173959,2400,466,0.7595,0.0067
20260312174000,2400,466,0.7595,0.0067
20260312174001,2400,466,0.7595,0.0067
20260312174002,2400,466,0.7594,0.0067
20260312174003,2400,466,0.7594,0.0067
20260312174004,2400,466,0.7594,0.0067
20260312174005,2400,466,0.7594,0.0067
20260312174006,2400,466,0.7594,0.0067
20260312174007,2400,466,0.7594,0.0067
20260312174008,2400,466,0.7594,0.0067
20260312174009,2400,466,0.7594,0.0067
20260312174010,2400,466,0.7594,0.0067
20260312174011,2400,466,0.7594,0.0067
20260312174012,2400,466,0.7594,0.0067
20260312174013,2400,466,0.7594,0.0067
20260312174014,2400,466,0.7594,0.0067
20260312174015,2400,466,0.7594,0.0067
20260312174016,2400,466,0.7594,0.0067
20260312174017,2400,466,0.7594,0.0067
20260312174018,2400,466,0.7594,0.0067
20260312174019,2400,466,0.7594,0.0067
20260312174020,2400,466,0.7594,0.0067
20260312174021,2400,466,0.7594,0.0067
20260312174022,2400,466,0.7594,0.0067
20260312174023,2400,466,0.7594,0.0067
20260312174024,2400,466,0.7594,0.0067
20260312174025,2400,466,0.7594,0.0067
20260312174026,2400,466,0.7594,0.0067
20260312174027,2400,466,0.7594,0.0067
20260312174028,2400,466,0.7594,0.0067
20260312174029,2400,466,0.7594,0.0067
20260312174030,2400,466,0.7594,0.0067
20260312174031,2400,466,0.7594,0.0067
20260312174032,2400,466,0.7594,0.0067
20260312174033,2400,466,0.7594,0.0067
20260312174034,2400,466,0.7594,0.0067
20260312174036,2400,466,0.7594,0.0067
20260312174037,2400,467,0.7594,0.0067
20260312174038,2400,467,0.7594,0.0067
20260312174039,2400,467,0.7594,0.0067
20260312174040,2400,467,0.7594,0.0067
20260312174041,2400,467,0.7594,0.0067
20260312174042,2400,467,0.7594,0.0067
20260312174043,2400,467,0.7594,0.0067
20260312174044,2400,467,0.7594,0.0067
20260312174045,2400,467,0.7594,0.0067
20260312174046,2400,467,0.7594,0.0067
20260312174047,2400,467,0.7594,0.0067
20260312174048,2400,467,0.7594,0.0067
20260312174049,2400,467,0.7594,0.0067
20260312174050,2400,467,0.7594,0.0067
20260312174051,2400,467,0.7594,0.0067
20260312174052,2400,467,0.7594,0.0067
20260312174053,2400,467,0.7594,0.0067
20260312174054,2400,467,0.7594,0.0067
20260312174055,2400,467,0.7594,0.0067
20260312174056,2400,467,0.7594,0.0067
20260312174057,2400,467,0.7594,0.0067
20260312174058,2400,467,0.7594,0.0067
20260312174059,2400,467,0.7594,0.0067
20260312174100,2400,467,0.7594,0.0067
20260312174101,2400,467,0.7594,0.0067
20260312174102,2400,467,0.7594,0.0067
20260312174103,2400,467,0.7594,0.0067
20260312174104,2400,467,0.7594,0.0067
20260312174105,2400,467,0.7594,0.0067
20260312174106,2400,467,0.7594,0.0067
20260312174107,2400,467,0.7594,0.0067
20260312174108,2400,467,0.7594,0.0067
20260312174109,2400,467,0.7594,0.0067
20260312174110,2400,467,0.7594,0.0067
20260312174111,2400,467,0.7594,0.0067
20260312174112,2400,467,0.7594,0.0067
20260312174113,2400,467,0.7594,0.0067
20260312174114,2400,468,0.7594,0.0067
20260312174115,2400,468,0.7594,0.0067
20260312174116,2400,468,0.7594,0.0067
20260312174117,2400,468,0.7594,0.0067
20260312174118,2400,468,0.7594,0.0067
20260312174119,2400,468,0.7594,0.0067
20260312174120,2400,468,0.7594,0.0067
20260312174121,2400,468,0.7594,0.0067
20260312174122,2400,468,0.7594,0.0067
20260312174123,2400,468,0.7594,0.0067
20260312174124,2400,468,0.7594,0.0067
20260312174125,2400,468,0.7594,0.0067
20260312174126,2400,468,0.7594,0.0067
20260312174127,2400,468,0.7594,0.0067
20260312174128,2400,468,0.7594,0.0067
20260312174129,2400,468,0.7594,0.0067
20260312174130,2400,468,0.7594,0.0067
20260312174131,2400,468,0.7594,0.0067
20260312174132,2400,468,0.7594,0.0067
20260312174133,2400,468,0.7594,0.0067
20260312174134,2400,468,0.7594,0.0067
20260312174135,2400,468,0.7594,0.0067
20260312174136,2400,468,0.7594,0.0067
20260312174137,2400,468,0.7594,0.0067
20260312174138,2400,468,0.7594,0.0067
20260312174139,2400,468,0.7594,0.0067
20260312174140,2400,468,0.7594,0.0067
20260312174141,2400,468,0.7594,0.0067
20260312174142,2400,468,0.7594,0.0067
20260312174143,2400,468,0.7594,0.0067
20260312174144,2400,468,0.7594,0.0067
20260312174145,2400,468,0.7594,0.0067
20260312174146,2400,468,0.7594,0.0067
20260312174147,2400,468,0.7594,0.0067
20260312174148,2400,468,0.7594,0.0067
20260312174149,2400,468,0.7594,0.0067
20260312174150,2400,468,0.7594,0.0067
20260312174151,2400,468,0.7594,0.0067
20260312174152,2400,468,0.7594,0.0067
20260312174153,2400,468,0.7594,0.0067
20260312174154,2400,469,0.7594,0.0067
20260312174155,2400,469,0.7594,0.0067
20260312174156,2400,469,0.7594,0.0067
20260312174157,2400,469,0.7594,0.0067
20260312174158,2400,469,0.7594,0.0067
20260312174159,2400,469,0.7594,0.0067
20260312174200,2400,469,0.7594,0.0067
20260312174201,2400,469,0.7594,0.0067
20260312174202,2400,469,0.7594,0.0067
20260312174203,2400,469,0.7594,0.0067
20260312174204,2400,469,0.7594,0.0067
20260312174205,2400,469,0.7594,0.0067
20260312174206,2400,469,0.7594,0.0067
20260312174207,2400,469,0.7594,0.0067
20260312174208,2400,469,0.7594,0.0067
20260312174209,2400,469,0.7594,0.0067
20260312174210,2400,469,0.7594,0.0067
20260312174211,2400,469,0.7594,0.0067
20260312174212,2400,469,0.7594,0.0067
20260312174213,2400,469,0.7594,0.0067
20260312174214,2400,469,0.7594,0.0067
20260312174215,2400,469,0.7594,0.0067
20260312174216,2400,469,0.7594,0.0067
20260312174217,2400,469,0.7594,0.0067
20260312174218,2400,469,0.7594,0.0067
20260312174219,2400,469,0.7594,0.0067
20260312174220,2400,469,0.7594,0.0067
20260312174221,2400,469,0.7594,0.0067
20260312174222,2400,469,0.7594,0.0067
20260312174223,2400,469,0.7594,0.0067
20260312174224,2400,469,0.7594,0.0067
20260312174225,2400,469,0.7594,0.0067
20260312174226,2400,469,0.7594,0.0067
20260312174227,2400,469,0.7594,0.0067
20260312174228,2400,469,0.7594,0.0067
20260312174229,2400,469,0.7594,0.0067
20260312174230,2400,469,0.7594,0.0067
20260312174231,2400,469,0.7594,0.0067
20260312174233,2400,470,0.7594,0.0067
20260312174234,2400,470,0.7594,0.0067
20260312174235,2400,470,0.7594,0.0067
20260312174236,2400,470,0.7594,0.0067
20260312174237,2400,470,0.7594,0.0067
20260312174238,2400,470,0.7594,0.0067
20260312174239,2400,470,0.7594,0.0067
20260312174240,2400,470,0.7594,0.0067
20260312174241,2400,470,0.7594,0.0067
20260312174242,2400,470,0.7594,0.0067
20260312174243,2400,470,0.7594,0.0067
20260312174244,2400,470,0.7594,0.0067
20260312174245,2400,470,0.7594,0.0067
20260312174246,2400,470,0.7594,0.0067
20260312174247,2400,470,0.7594,0.0067
20260312174248,2400,470,0.7594,0.0067
20260312174249,2400,470,0.7594,0.0067
20260312174250,2400,470,0.7594,0.0067
20260312174251,2400,470,0.7594,0.0067
20260312174252,2400,470,0.7594,0.0067
20260312174253,2400,470,0.7594,0.0067
20260312174254,2400,470,0.7594,0.0067
20260312174255,2400,470,0.7594,0.0067
20260312174256,2400,470,0.7594,0.0067
20260312174257,2400,470,0.7594,0.0067
20260312174258,2400,470,0.7594,0.0067
20260312174259,2400,470,0.7594,0.0067
20260312174300,2400,470,0.7594,0.0067
20260312174301,2400,470,0.7594,0.0067
20260312174302,2400,470,0.7594,0.0067
20260312174303,2400,470,0.7594,0.0067
20260312174304,2400,470,0.7594,0.0067
20260312174305,2400,470,0.7594,0.0067
20260312174306,2400,470,0.7594,0.0067
20260312174307,2400,470,0.7594,0.0067
20260312174308,2400,470,0.7594,0.0067
20260312174309,2400,470,0.7594,0.0067
20260312174310,2400,471,0.7594,0.0067
20260312174311,2400,471,0.7594,0.0067
20260312174312,2400,471,0.7594,0.0067
20260312174313,2400,471,0.7594,0.0067
20260312174314,2400,471,0.7594,0.0067
20260312174315,2400,471,0.7594,0.0067
20260312174316,2400,471,0.7594,0.0067
20260312174317,2400,471,0.7594,0.0067
20260312174318,2400,471,0.7594,0.0067
20260312174319,2400,471,0.7594,0.0067
20260312174320,2400,471,0.7594,0.0067
20260312174321,2400,471,0.7594,0.0067
20260312174322,2400,471,0.7594,0.0067
20260312174323,2400,471,0.7594,0.0067
20260312174324,2400,471,0.7594,0.0067
20260312174325,2400,471,0.7594,0.0067
20260312174326,2400,471,0.7594,0.0067
20260312174327,2400,471,0.7594,0.0067
20260312174328,2400,471,0.7594,0.0067
20260312174329,2400,471,0.7594,0.0067
20260312174330,2400,471,0.7594,0.0067
20260312174331,2400,471,0.7594,0.0067
20260312174332,2400,471,0.7594,0.0067
20260312174333,2400,471,0.7594,0.0067
20260312174334,2400,471,0.7594,0.0067
20260312174335,2400,471,0.7594,0.0067
20260312174336,2400,471,0.7594,0.0067
20260312174337,2400,471,0.7594,0.0067
20260312174338,2400,471,0.7594,0.0067
20260312174339,2400,471,0.7594,0.0067
20260312174340,2400,471,0.7594,0.0067
20260312174341,2400,471,0.7594,0.0067
20260312174342,2400,471,0.7594,0.0067
20260312174343,2400,471,0.7594,0.0067
20260312174344,2400,471,0.7594,0.0067
20260312174345,2400,471,0.7594,0.0067
20260312174346,2400,471,0.7594,0.0067
20260312174347,2400,471,0.7594,0.0067
20260312174348,2400,472,0.7594,0.0067
20260312174349,2400,472,0.7594,0.0067
20260312174350,2400,472,0.7594,0.0067
20260312174351,2400,472,0.7594,0.0067
20260312174352,2400,472,0.7594,0.0067
20260312174353,2400,472,0.7594,0.0067
20260312174354,2400,472,0.7594,0.0067
20260312174355,2400,472,0.7594,0.0067
20260312174356,2400,472,0.7594,0.0067
20260312174357,2400,472,0.7594,0.0067
20260312174358,2400,472,0.7594,0.0067
20260312174359,2400,472,0.7594,0.0067
20260312174400,2400,472,0.7594,0.0067
20260312174401,2400,472,0.7594,0.0067
20260312174402,2400,472,0.7594,0.0067
20260312174403,2400,472,0.7594,0.0067
20260312174404,2400,472,0.7594,0.0067
20260312174405,2400,472,0.7594,0.0067
20260312174406,2400,472,0.7594,0.0067
20260312174407,2400,472,0.7594,0.0067
20260312174408,2400,472,0.7594,0.0067
20260312174409,2400,472,0.7594,0.0067
20260312174410,2400,472,0.7594,0.0067
20260312174411,2400,472,0.7594,0.0067
20260312174412,2400,472,0.7594,0.0067
20260312174413,2400,472,0.7594,0.0067
20260312174414,2400,472,0.7594,0.0067
20260312174415,2400,472,0.7594,0.0067
20260312174416,2400,472,0.7594,0.0067
20260312174417,2400,472,0.7594,0.0067
20260312174418,2400,472,0.7594,0.0067
20260312174419,2400,472,0.7594,0.0067
20260312174420,2400,472,0.7594,0.0067
20260312174421,2400,472,0.7594,0.0067
20260312174422,2400,472,0.7594,0.0067
20260312174423,2400,472,0.7594,0.0067
20260312174424,2400,472,0.7594,0.0067
20260312174426,2400,473,0.7594,0.0067
20260312174427,2400,473,0.7594,0.0067
20260312174428,2400,473,0.7594,0.0067
20260312174429,2400,473,0.7594,0.0067
20260312174430,2400,473,0.7594,0.0067
20260312174431,2400,473,0.7594,0.0067
20260312174432,2400,473,0.7594,0.0067
20260312174433,2400,473,0.7594,0.0067
20260312174434,2400,473,0.7594,0.0067
20260312174435,2400,473,0.7594,0.0067
20260312174436,2400,473,0.7594,0.0067
20260312174437,2400,473,0.7594,0.0067
20260312174438,2400,473,0.7594,0.0067
20260312174439,2400,473,0.7594,0.0067
20260312174440,2400,473,0.7594,0.0067
20260312174441,2400,473,0.7594,0.0067
20260312174442,2400,473,0.7594,0.0067
20260312174443,2400,473,0.7594,0.0067
20260312174444,2400,473,0.7594,0.0067
20260312174445,2400,473,0.7594,0.0067
20260312174446,2400,473,0.7594,0.0067
20260312174447,2400,473,0.7594,0.0067
20260312174448,2400,473,0.7594,0.0067
20260312174449,2400,473,0.7594,0.0067
20260312174450,2400,473,0.7594,0.0067
20260312174451,2400,473,0.7594,0.0067
20260312174452,2400,473,0.7594,0.0067
20260312174453,2400,473,0.7594,0.0067
20260312174454,2400,473,0.7594,0.0067
20260312174455,2400,473,0.7594,0.0067
20260312174456,2400,473,0.7594,0.0067
20260312174457,2400,473,0.7594,0.0067
20260312174458,2400,473,0.7594,0.0067
20260312174459,2400,473,0.7594,0.0067
20260312174500,2400,473,0.7594,0.0067
20260312174501,2400,473,0.7594,0.0067
20260312174502,2400,473,0.7594,0.0067
20260312174503,2400,474,0.7594,0.0067
20260312174504,2400,474,0.7594,0.0067
20260312174505,2400,474,0.7594,0.0067
20260312174506,2400,474,0.7594,0.0067
20260312174507,2400,474,0.7594,0.0067
20260312174508,2400,474,0.7594,0.0067
20260312174509,2400,474,0.7594,0.0067
20260312174510,2400,474,0.7594,0.0067
20260312174511,2400,474,0.7594,0.0067
20260312174512,2400,474,0.7594,0.0067
20260312174513,2400,474,0.7594,0.0067
20260312174514,2400,474,0.7594,0.0067
20260312174515,2400,474,0.7594,0.0067
20260312174516,2400,474,0.7594,0.0067
20260312174517,2400,474,0.7594,0.0067
20260312174518,2400,474,0.7594,0.0067
20260312174519,2400,474,0.7594,0.0067
20260312174520,2400,474,0.7594,0.0067
20260312174521,2400,474,0.7594,0.0067
20260312174522,2400,474,0.7594,0.0067
20260312174523,2400,474,0.7594,0.0067
20260312174524,2400,474,0.7594,0.0067
20260312174525,2400,474,0.7594,0.0067
20260312174526,2400,474,0.7594,0.0067
20260312174527,2400,474,0.7594,0.0067
20260312174528,2400,474,0.7594,0.0067
20260312174529,2400,474,0.7594,0.0067
20260312174530,2400,474,0.7594,0.0067
20260312174531,2400,474,0.7594,0.0067
20260312174532,2400,474,0.7594,0.0067
20260312174533,2400,474,0.7594,0.0067
20260312174534,2400,474,0.7594,0.0067
20260312174535,2400,474,0.7594,0.0067
20260312174536,2400,474,0.7594,0.0067
20260312174537,2400,474,0.7594,0.0067
20260312174538,2400,474,0.7594,0.0067
20260312174539,2400,474,0.7594,0.0067
20260312174540,2400,475,0.7594,0.0067
20260312174541,2400,475,0.7594,0.0067
20260312174542,2400,475,0.7594,0.0067
20260312174543,2400,475,0.7594,0.0067
20260312174544,2400,475,0.7594,0.0067
20260312174545,2400,475,0.7594,0.0067
20260312174546,2400,475,0.7594,0.0067
20260312174547,2400,475,0.7594,0.0067
20260312174548,2400,475,0.7594,0.0067
20260312174549,2400,475,0.7594,0.0067
20260312174550,2400,475,0.7594,0.0067
20260312174551,2400,475,0.7594,0.0067
20260312174552,2400,475,0.7594,0.0067
20260312174553,2400,475,0.7594,0.0067
20260312174554,2400,475,0.7594,0.0067
20260312174555,2400,475,0.7594,0.0067
20260312174556,2400,475,0.7594,0.0067
20260312174557,2400,475,0.7594,0.0067
20260312174558,2400,475,0.7594,0.0067
20260312174559,2400,475,0.7594,0.0067
20260312174600,2400,475,0.7594,0.0067
20260312174601,2400,475,0.7594,0.0067
20260312174602,2400,475,0.7594,0.0067
20260312174603,2400,475,0.7594,0.0067
20260312174604,2400,475,0.7594,0.0067
20260312174605,2400,475,0.7594,0.0067
20260312174606,2400,475,0.7594,0.0067
20260312174607,2400,475,0.7594,0.0067
20260312174608,2400,475,0.7594,0.0067
20260312174609,2400,475,0.7594,0.0067
20260312174610,2400,475,0.7594,0.0067
20260312174611,2400,475,0.7594,0.0067
20260312174612,2400,475,0.7594,0.0067
20260312174613,2400,475,0.7594,0.0067
20260312174614,2400,475,0.7594,0.0067
20260312174615,2400,475,0.7594,0.0067
20260312174616,2400,475,0.7594,0.0067
20260312174617,2400,475,0.7594,0.0067
20260312174618,2400,476,0.7594,0.0067
20260312174619,2400,476,0.7594,0.0067
20260312174620,2400,476,0.7594,0.0067
20260312174622,2400,476,0.7594,0.0067
20260312174623,2400,476,0.7594,0.0067
20260312174624,2400,476,0.7594,0.0067
20260312174625,2400,476,0.7594,0.0067
20260312174626,2400,476,0.7594,0.0067
20260312174627,2400,476,0.7594,0.0067
20260312174628,2400,476,0.7594,0.0067
20260312174629,2400,476,0.7594,0.0067
20260312174630,2400,476,0.7594,0.0067
20260312174631,2400,476,0.7594,0.0067
20260312174632,2400,476,0.7594,0.0067
20260312174633,2400,476,0.7594,0.0067
20260312174634,2400,476,0.7594,0.0067
20260312174635,2400,476,0.7594,0.0067
20260312174636,2400,476,0.7594,0.0067
20260312174637,2400,476,0.7594,0.0067
20260312174638,2400,476,0.7594,0.0067
20260312174639,2400,476,0.7594,0.0067
20260312174640,2400,476,0.7594,0.0067
20260312174641,2400,476,0.7594,0.0067
20260312174642,2400,476,0.7594,0.0067
20260312174643,2400,476,0.7594,0.0067
20260312174644,2400,476,0.7594,0.0067
20260312174645,2400,476,0.7594,0.0067
20260312174646,2400,476,0.7594,0.0067
20260312174647,2400,476,0.7594,0.0067
20260312174648,2400,476,0.7594,0.0067
20260312174649,2400,476,0.7594,0.0067
20260312174650,2400,476,0.7594,0.0067
20260312174651,2400,476,0.7594,0.0067
20260312174652,2400,476,0.7594,0.0067
20260312174653,2400,476,0.7594,0.0067
20260312174654,2400,476,0.7594,0.0067
20260312174655,2400,476,0.7594,0.0067
20260312174656,2400,476,0.7594,0.0067
20260312174657,2400,477,0.7594,0.0067
20260312174658,2400,477,0.7594,0.0067
20260312174659,2400,477,0.7594,0.0067
20260312174700,2400,477,0.7594,0.0067
20260312174701,2400,477,0.7594,0.0067
20260312174702,2400,477,0.7594,0.0067
20260312174703,2400,477,0.7594,0.0067
20260312174704,2400,477,0.7594,0.0067
20260312174705,2400,477,0.7594,0.0067
20260312174706,2400,477,0.7594,0.0067
20260312174707,2400,477,0.7594,0.0067
20260312174708,2400,477,0.7594,0.0067
20260312174709,2400,477,0.7594,0.0067
20260312174710,2400,477,0.7594,0.0067
20260312174711,2400,477,0.7594,0.0067
20260312174712,2400,477,0.7594,0.0067
20260312174713,2400,477,0.7594,0.0067
20260312174714,2400,477,0.7594,0.0067
20260312174715,2400,477,0.7594,0.0067
20260312174716,2400,477,0.7594,0.0067
20260312174717,2400,477,0.7594,0.0067
20260312174718,2400,477,0.7594,0.0067
20260312174719,2400,477,0.7594,0.0067
20260312174720,2400,477,0.7594,0.0067
20260312174721,2400,477,0.7594,0.0067
20260312174722,2400,477,0.7594,0.0067
20260312174723,2400,477,0.7594,0.0067
20260312174724,2400,477,0.7594,0.0067
20260312174725,2400,477,0.7594,0.0067
20260312174726,2400,477,0.7594,0.0067
20260312174727,2400,477,0.7594,0.0067
20260312174728,2400,477,0.7594,0.0067
20260312174729,2400,477,0.7594,0.0067
20260312174730,2400,477,0.7594,0.0067
20260312174731,2400,477,0.7594,0.0067
20260312174732,2400,477,0.7594,0.0067
20260312174733,2400,477,0.7594,0.0067
20260312174734,2400,477,0.7594,0.0067
20260312174735,2400,478,0.7594,0.0067
20260312174736,2400,478,0.7594,0.0067
20260312174737,2400,478,0.7594,0.0067
20260312174738,2400,478,0.7594,0.0067
20260312174739,2400,478,0.7594,0.0067
20260312174740,2400,478,0.7594,0.0067
20260312174741,2400,478,0.7594,0.0067
20260312174742,2400,478,0.7594,0.0067
20260312174743,2400,478,0.7594,0.0067
20260312174744,2400,478,0.7594,0.0067
20260312174745,2400,478,0.7594,0.0067
20260312174746,2400,478,0.7594,0.0067
20260312174747,2400,478,0.7594,0.0067
20260312174748,2400,478,0.7594,0.0067
20260312174749,2400,478,0.7594,0.0067
20260312174750,2400,478,0.7594,0.0067
20260312174751,2400,478,0.7594,0.0067
20260312174752,2400,478,0.7594,0.0067
20260312174753,2400,478,0.7594,0.0067
20260312174754,2400,478,0.7594,0.0067
20260312174755,2400,478,0.7594,0.0067
20260312174756,2400,478,0.7594,0.0067
20260312174757,2400,478,0.7594,0.0067
20260312174758,2400,478,0.7594,0.0067
20260312174759,2400,478,0.7594,0.0067
20260312174800,2400,478,0.7594,0.0067
20260312174801,2400,478,0.7594,0.0067
20260312174802,2400,478,0.7594,0.0067
20260312174803,2400,478,0.7594,0.0067
20260312174804,2400,478,0.7594,0.0067
20260312174805,2400,478,0.7594,0.0067
20260312174806,2400,478,0.7594,0.0067
20260312174807,2400,478,0.7594,0.0067
20260312174808,2400,478,0.7594,0.0067
20260312174809,2400,478,0.7594,0.0067
20260312174810,2400,478,0.7594,0.0067
20260312174811,2400,478,0.7594,0.0067
20260312174812,2400,478,0.7594,0.0067
20260312174814,2400,479,0.7594,0.0067
20260312174815,2400,479,0.7594,0.0067
20260312174816,2400,479,0.7594,0.0067
20260312174817,2400,479,0.7594,0.0067
20260312174818,2400,479,0.7594,0.0067
20260312174819,2400,479,0.7594,0.0067
20260312174820,2400,479,0.7594,0.0067
20260312174821,2400,479,0.7594,0.0067
20260312174822,2400,479,0.7594,0.0067
20260312174823,2400,479,0.7594,0.0067
20260312174824,2400,479,0.7594,0.0067
20260312174825,2400,479,0.7594,0.0067
20260312174826,2400,479,0.7594,0.0067
20260312174827,2400,479,0.7594,0.0067
20260312174828,2400,479,0.7594,0.0067
20260312174829,2400,479,0.7594,0.0067
20260312174830,2400,479,0.7594,0.0067
20260312174831,2400,479,0.7594,0.0067
20260312174832,2400,479,0.7594,0.0067
20260312174833,2400,479,0.7594,0.0067
20260312174834,2400,479,0.7594,0.0067
20260312174835,2400,479,0.7594,0.0067
20260312174836,2400,479,0.7594,0.0067
20260312174837,2400,479,0.7594,0.0067
20260312174838,2400,479,0.7594,0.0067
20260312174839,2400,479,0.7594,0.0067
20260312174840,2400,479,0.7594,0.0067
20260312174841,2400,479,0.7594,0.0067
20260312174842,2400,479,0.7594,0.0067
20260312174843,2400,479,0.7594,0.0067
20260312174844,2400,479,0.7594,0.0067
20260312174845,2400,479,0.7594,0.0067
20260312174846,2400,479,0.7594,0.0067
20260312174847,2400,479,0.7594,0.0067
20260312174848,2400,479,0.7594,0.0067
20260312174849,2400,479,0.7594,0.0067
20260312174850,2400,479,0.7594,0.0067
20260312174851,2400,479,0.7594,0.0067
20260312174852,2400,480,0.7594,0.0067
20260312174853,2400,480,0.7594,0.0067
20260312174854,2400,480,0.7594,0.0067
20260312174855,2400,480,0.7594,0.0067
20260312174856,2400,480,0.7594,0.0067
20260312174857,2400,480,0.7594,0.0067
20260312174858,2400,480,0.7594,0.0067
20260312174859,2400,480,0.7594,0.0067
20260312174900,2400,480,0.7593,0.0067
20260312174901,2400,480,0.7593,0.0067
20260312174902,2400,480,0.7594,0.0067
20260312174903,2400,480,0.7594,0.0067
20260312174904,2400,480,0.7594,0.0067
20260312174905,2400,480,0.7594,0.0067
20260312174906,2400,480,0.7594,0.0067
20260312174907,2400,480,0.7594,0.0067
20260312174908,2400,480,0.7594,0.0067
20260312174909,2400,480,0.7594,0.0067
20260312174910,2400,480,0.7594,0.0067
20260312174911,2400,480,0.7594,0.0067
20260312174912,2400,480,0.7594,0.0067
20260312174913,2400,480,0.7594,0.0067
20260312174914,2400,480,0.7594,0.0067
20260312174915,2400,480,0.7594,0.0067
20260312174916,2400,480,0.7594,0.0067
20260312174917,2400,480,0.7594,0.0067
20260312174918,2400,480,0.7594,0.0067
20260312174919,2400,480,0.7594,0.0067
20260312174920,2400,480,0.7594,0.0067
20260312174921,2400,480,0.7594,0.0067
20260312174922,2400,480,0.7594,0.0067
20260312174923,2400,480,0.7594,0.0067
20260312174924,2400,480,0.7594,0.0067
20260312174925,2400,480,0.7594,0.0067
20260312174926,2400,480,0.7594,0.0067
20260312174927,2400,480,0.7594,0.0067
20260312174928,2400,480,0.7594,0.0067
20260312174929,2400,480,0.7594,0.0067
20260312174930,2400,480,0.7594,0.0067
20260312174931,2400,481,0.7594,0.0067
20260312174932,2400,481,0.7593,0.0067
20260312174933,2400,481,0.7593,0.0067
20260312174934,2400,481,0.7593,0.0067
20260312174935,2400,481,0.7593,0.0067
20260312174936,2400,481,0.7593,0.0067
20260312174937,2400,481,0.7593,0.0067
20260312174938,2400,481,0.7593,0.0067
20260312174939,2400,481,0.7593,0.0067
20260312174940,2400,481,0.7593,0.0067
20260312174941,2400,481,0.7593,0.0067
20260312174942,2400,481,0.7593,0.0067
20260312174943,2400,481,0.7593,0.0067
20260312174944,2400,481,0.7593,0.0067
20260312174945,2400,481,0.7593,0.0067
20260312174946,2400,481,0.7593,0.0067
20260312174947,2400,481,0.7593,0.0067
20260312174948,2400,481,0.7593,0.0067
20260312174949,2400,481,0.7593,0.0067
20260312174950,2400,481,0.7593,0.0067
20260312174951,2400,481,0.7593,0.0067
20260312174952,2400,481,0.7593,0.0067
20260312174953,2400,481,0.7593,0.0067
20260312174954,2400,481,0.7593,0.0067
20260312174955,2400,481,0.7593,0.0067
20260312174956,2400,481,0.7593,0.0067
20260312174957,2400,481,0.7593,0.0067
20260312174958,2400,481,0.7593,0.0067
20260312174959,2400,481,0.7593,0.0067
20260312175000,2400,481,0.7593,0.0067
20260312175001,2400,481,0.7593,0.0067
20260312175002,2400,481,0.7593,0.0067
20260312175003,2400,481,0.7593,0.0067
20260312175004,2400,481,0.7593,0.0067
20260312175005,2400,481,0.7593,0.0067
20260312175006,2400,481,0.7593,0.0067
20260312175007,2400,481,0.7593,0.0067
20260312175008,2400,481,0.7593,0.0067
20260312175009,2400,482,0.7593,0.0067
20260312175010,2400,482,0.7593,0.0067
20260312175012,2400,482,0.7593,0.0067
20260312175013,2400,482,0.7593,0.0067
20260312175014,2400,482,0.7593,0.0067
20260312175015,2400,482,0.7593,0.0067
20260312175016,2400,482,0.7593,0.0067
20260312175017,2400,482,0.7593,0.0067
20260312175018,2400,482,0.7593,0.0067
20260312175019,2400,482,0.7593,0.0067
20260312175020,2400,482,0.7593,0.0067
20260312175021,2400,482,0.7593,0.0067
20260312175022,2400,482,0.7593,0.0067
20260312175023,2400,482,0.7593,0.0067
20260312175024,2400,482,0.7593,0.0067
20260312175025,2400,482,0.7593,0.0067
20260312175026,2400,482,0.7593,0.0067
20260312175027,2400,482,0.7593,0.0067
20260312175028,2400,482,0.7593,0.0067
20260312175029,2400,482,0.7593,0.0067
20260312175030,2400,482,0.7593,0.0067
20260312175031,2400,482,0.7593,0.0067
20260312175032,2400,482,0.7593,0.0067
20260312175033,2400,482,0.7593,0.0067
20260312175034,2400,482,0.7593,0.0067
20260312175035,2400,482,0.7593,0.0067
20260312175036,2400,482,0.7593,0.0067
20260312175037,2400,482,0.7593,0.0067
20260312175038,2400,482,0.7593,0.0067
20260312175039,2400,482,0.7593,0.0067
20260312175040,2400,482,0.7593,0.0067
20260312175041,2400,482,0.7593,0.0067
20260312175042,2400,482,0.7593,0.0067
20260312175043,2400,482,0.7593,0.0067
20260312175044,2400,482,0.7593,0.0067
20260312175045,2400,482,0.7593,0.0067
20260312175046,2400,482,0.7593,0.0067
20260312175047,2400,483,0.7593,0.0067
20260312175048,2400,483,0.7593,0.0067
20260312175049,2400,483,0.7593,0.0067
20260312175050,2400,483,0.7593,0.0067
20260312175051,2400,483,0.7593,0.0067
20260312175052,2400,483,0.7593,0.0067
20260312175053,2400,483,0.7593,0.0067
20260312175054,2400,483,0.7593,0.0067
20260312175055,2400,483,0.7593,0.0067
20260312175056,2400,483,0.7593,0.0067
20260312175057,2400,483,0.7593,0.0067
20260312175058,2400,483,0.7593,0.0067
20260312175059,2400,483,0.7593,0.0067
20260312175100,2400,483,0.7593,0.0067
20260312175101,2400,483,0.7593,0.0067
20260312175102,2400,483,0.7593,0.0067
20260312175103,2400,483,0.7593,0.0067
20260312175104,2400,483,0.7593,0.0067
20260312175105,2400,483,0.7593,0.0067
20260312175106,2400,483,0.7593,0.0067
20260312175107,2400,483,0.7593,0.0067
20260312175108,2400,483,0.7593,0.0067
20260312175109,2400,483,0.7593,0.0067
20260312175110,2400,483,0.7593,0.0067
20260312175111,2400,483,0.7593,0.0067
20260312175112,2400,483,0.7593,0.0067
20260312175113,2400,483,0.7593,0.0067
20260312175114,2400,483,0.7593,0.0067
20260312175115,2400,483,0.7593,0.0067
20260312175116,2400,483,0.7593,0.0067
20260312175117,2400,483,0.7593,0.0067
20260312175118,2400,483,0.7593,0.0067
20260312175119,2400,483,0.7593,0.0067
20260312175120,2400,483,0.7593,0.0067
20260312175121,2400,483,0.7593,0.0067
20260312175122,2400,483,0.7593,0.0067
20260312175123,2400,483,0.7593,0.0067
20260312175124,2400,483,0.7593,0.0067
20260312175125,2400,483,0.7593,0.0067
20260312175126,2400,484,0.7593,0.0067
20260312175127,2400,484,0.7593,0.0067
20260312175128,2400,484,0.7593,0.0067
20260312175129,2400,484,0.7593,0.0067
20260312175130,2400,484,0.7593,0.0067
20260312175131,2400,484,0.7593,0.0067
20260312175132,2400,484,0.7593,0.0067
20260312175133,2400,484,0.7593,0.0067
20260312175134,2400,484,0.7593,0.0067
20260312175135,2400,484,0.7593,0.0067
20260312175136,2400,484,0.7593,0.0067
20260312175137,2400,484,0.7593,0.0067
20260312175138,2400,484,0.7593,0.0067
20260312175139,2400,484,0.7593,0.0067
20260312175140,2400,484,0.7593,0.0067
20260312175141,2400,484,0.7593,0.0067
20260312175142,2400,484,0.7593,0.0067
20260312175143,2400,484,0.7593,0.0067
20260312175144,2400,484,0.7593,0.0067
20260312175145,2400,484,0.7593,0.0067
20260312175146,2400,484,0.7593,0.0067
20260312175147,2400,484,0.7593,0.0067
20260312175148,2400,484,0.7593,0.0067
20260312175149,2400,484,0.7593,0.0067
20260312175150,2400,484,0.7593,0.0067
20260312175151,2400,484,0.7593,0.0067
20260312175152,2400,484,0.7593,0.0067
20260312175153,2400,484,0.7593,0.0067
20260312175154,2400,484,0.7593,0.0067
20260312175155,2400,484,0.7593,0.0067
20260312175156,2400,484,0.7593,0.0067
20260312175157,2400,484,0.7593,0.0067
20260312175158,2400,484,0.7593,0.0067
20260312175159,2400,484,0.7593,0.0067
20260312175200,2400,484,0.7593,0.0067
20260312175201,2400,484,0.7593,0.0067
20260312175202,2400,484,0.7593,0.0067
20260312175203,2400,484,0.7593,0.0067
20260312175204,2400,485,0.7593,0.0067
20260312175205,2400,485,0.7593,0.0067
20260312175206,2400,485,0.7593,0.0067
20260312175207,2400,485,0.7593,0.0067
20260312175208,2400,485,0.7593,0.0067
20260312175209,2400,485,0.7593,0.0067
20260312175210,2400,485,0.7593,0.0067
20260312175211,2400,485,0.7593,0.0067
20260312175213,2400,485,0.7593,0.0067
20260312175214,2400,485,0.7593,0.0067
20260312175215,2400,485,0.7593,0.0067
20260312175216,2400,485,0.7593,0.0067
20260312175217,2400,485,0.7593,0.0067
20260312175218,2400,485,0.7593,0.0067
20260312175219,2400,485,0.7593,0.0067
20260312175220,2400,485,0.7593,0.0067
20260312175221,2400,485,0.7593,0.0067
20260312175222,2400,485,0.7593,0.0067
20260312175223,2400,485,0.7593,0.0067
20260312175224,2400,485,0.7593,0.0067
20260312175225,2400,485,0.7593,0.0067
20260312175226,2400,485,0.7593,0.0067
20260312175227,2400,485,0.7593,0.0067
20260312175228,2400,485,0.7593,0.0067
20260312175229,2400,485,0.7593,0.0067
20260312175230,2400,485,0.7593,0.0067
20260312175231,2400,485,0.7593,0.0067
20260312175232,2400,485,0.7593,0.0067
20260312175233,2400,485,0.7593,0.0067
20260312175234,2400,485,0.7593,0.0067
20260312175235,2400,485,0.7593,0.0067
20260312175236,2400,485,0.7593,0.0067
20260312175237,2400,485,0.7593,0.0067
20260312175238,2400,485,0.7593,0.0067
20260312175239,2400,485,0.7593,0.0067
20260312175240,2400,485,0.7593,0.0067
20260312175241,2400,486,0.7593,0.0067
20260312175242,2400,486,0.7593,0.0067
20260312175243,2400,486,0.7593,0.0067
20260312175244,2400,486,0.7593,0.0067
20260312175245,2400,486,0.7593,0.0067
20260312175246,2400,486,0.7593,0.0067
20260312175247,2400,486,0.7593,0.0067
20260312175248,2400,486,0.7593,0.0067
20260312175249,2400,486,0.7593,0.0067
20260312175250,2400,486,0.7593,0.0067
20260312175251,2400,486,0.7593,0.0067
20260312175252,2400,486,0.7593,0.0067
20260312175253,2400,486,0.7593,0.0067
20260312175254,2400,486,0.7593,0.0067
20260312175255,2400,486,0.7593,0.0067
20260312175256,2400,486,0.7593,0.0067
20260312175257,2400,486,0.7593,0.0067
20260312175258,2400,486,0.7593,0.0067
20260312175259,2400,486,0.7593,0.0067
20260312175300,2400,486,0.7593,0.0067
20260312175301,2400,486,0.7593,0.0067
20260312175302,2400,486,0.7593,0.0067
20260312175303,2400,486,0.7593,0.0067
20260312175304,2400,486,0.7593,0.0067
20260312175305,2400,486,0.7593,0.0067
20260312175306,2400,486,0.7593,0.0067
20260312175307,2400,486,0.7593,0.0067
20260312175308,2400,486,0.7593,0.0067
20260312175309,2400,486,0.7593,0.0067
20260312175310,2400,486,0.7593,0.0067
20260312175311,2400,486,0.7593,0.0067
20260312175312,2400,486,0.7593,0.0067
20260312175313,2400,486,0.7593,0.0067
20260312175314,2400,486,0.7593,0.0067
20260312175315,2400,486,0.7593,0.0067
20260312175316,2400,486,0.7593,0.0067
20260312175317,2400,486,0.7593,0.0067
20260312175318,2400,487,0.7593,0.0067
20260312175319,2400,487,0.7593,0.0067
20260312175320,2400,487,0.7593,0.0067
20260312175321,2400,487,0.7593,0.0067
20260312175322,2400,487,0.7593,0.0067
20260312175323,2400,487,0.7593,0.0067
20260312175324,2400,487,0.7593,0.0067
20260312175325,2400,487,0.7593,0.0067
20260312175326,2400,487,0.7593,0.0067
20260312175327,2400,487,0.7593,0.0067
20260312175328,2400,487,0.7593,0.0067
20260312175329,2400,487,0.7593,0.0067
20260312175330,2400,487,0.7593,0.0067
20260312175331,2400,487,0.7593,0.0067
20260312175332,2400,487,0.7593,0.0067
20260312175333,2400,487,0.7593,0.0067
20260312175334,2400,487,0.7593,0.0067
20260312175335,2400,487,0.7593,0.0067
20260312175336,2400,487,0.7593,0.0067
20260312175337,2400,487,0.7593,0.0067
20260312175338,2400,487,0.7593,0.0067
20260312175339,2400,487,0.7593,0.0067
20260312175340,2400,487,0.7593,0.0067
20260312175341,2400,487,0.7593,0.0067
20260312175342,2400,487,0.7593,0.0067
20260312175343,2400,487,0.7593,0.0067
20260312175344,2400,487,0.7593,0.0067
20260312175345,2400,487,0.7593,0.0067
20260312175346,2400,487,0.7593,0.0067
20260312175347,2400,487,0.7593,0.0067
20260312175348,2400,487,0.7593,0.0067
20260312175349,2400,487,0.7593,0.0067
20260312175350,2400,487,0.7593,0.0067
20260312175351,2400,487,0.7593,0.0067
20260312175352,2400,487,0.7593,0.0067
20260312175353,2400,487,0.7593,0.0067
20260312175354,2400,487,0.7593,0.0067
20260312175355,2400,487,0.7593,0.0067
20260312175356,2400,487,0.7593,0.0067
20260312175357,2400,488,0.7593,0.0067
20260312175358,2400,488,0.7593,0.0067
20260312175359,2400,488,0.7593,0.0067
20260312175400,2400,488,0.7593,0.0067
20260312175401,2400,488,0.7593,0.0067
20260312175402,2400,488,0.7593,0.0067
20260312175403,2400,488,0.7593,0.0067
20260312175404,2400,488,0.7593,0.0067
20260312175405,2400,488,0.7593,0.0067
20260312175406,2400,488,0.7593,0.0067
20260312175407,2400,488,0.7593,0.0067
20260312175408,2400,488,0.7593,0.0067
20260312175409,2400,488,0.7593,0.0067
20260312175411,2400,488,0.7593,0.0067
20260312175412,2400,488,0.7593,0.0067
20260312175413,2400,488,0.7593,0.0067
20260312175414,2400,488,0.7593,0.0067
20260312175415,2400,488,0.7593,0.0067
20260312175416,2400,488,0.7593,0.0067
20260312175417,2400,488,0.7593,0.0067
20260312175418,2400,488,0.7593,0.0067
20260312175419,2400,488,0.7593,0.0067
20260312175420,2400,488,0.7593,0.0067
20260312175421,2400,488,0.7593,0.0067
20260312175422,2400,488,0.7593,0.0067
20260312175423,2400,488,0.7593,0.0067
20260312175424,2400,488,0.7593,0.0067
20260312175425,2400,488,0.7593,0.0067
20260312175426,2400,488,0.7593,0.0067
20260312175427,2400,488,0.7593,0.0067
20260312175428,2400,488,0.7593,0.0067
20260312175429,2400,488,0.7593,0.0067
20260312175430,2400,488,0.7593,0.0067
20260312175431,2400,488,0.7593,0.0067
20260312175432,2400,488,0.7593,0.0067
20260312175433,2400,488,0.7593,0.0067
20260312175434,2400,488,0.7593,0.0067
20260312175435,2400,489,0.7593,0.0067
20260312175436,2400,489,0.7593,0.0067
20260312175437,2400,489,0.7593,0.0067
20260312175438,2400,489,0.7593,0.0067
20260312175439,2400,489,0.7593,0.0067
20260312175440,2400,489,0.7593,0.0067
20260312175441,2400,489,0.7593,0.0067
20260312175442,2400,489,0.7593,0.0067
20260312175443,2400,489,0.7593,0.0067
20260312175444,2400,489,0.7593,0.0067
20260312175445,2400,489,0.7593,0.0067
20260312175446,2400,489,0.7593,0.0067
20260312175447,2400,489,0.7593,0.0067
20260312175448,2400,489,0.7593,0.0067
20260312175449,2400,489,0.7593,0.0067
20260312175450,2400,489,0.7593,0.0067
20260312175451,2400,489,0.7593,0.0067
20260312175452,2400,489,0.7593,0.0067
20260312175453,2400,489,0.7593,0.0067
20260312175454,2400,489,0.7593,0.0067
20260312175455,2400,489,0.7593,0.0067
20260312175456,2400,489,0.7593,0.0067
20260312175457,2400,489,0.7593,0.0067
20260312175458,2400,489,0.7593,0.0067
20260312175459,2400,489,0.7593,0.0067
20260312175500,2400,489,0.7593,0.0067
20260312175501,2400,489,0.7593,0.0067
20260312175502,2400,489,0.7593,0.0067
20260312175503,2400,489,0.7593,0.0067
20260312175504,2400,489,0.7593,0.0067
20260312175505,2400,489,0.7593,0.0067
20260312175506,2400,489,0.7593,0.0067
20260312175507,2400,489,0.7593,0.0067
20260312175508,2400,489,0.7593,0.0067
20260312175509,2400,489,0.7593,0.0067
20260312175510,2400,489,0.7593,0.0067
20260312175511,2400,489,0.7593,0.0067
20260312175512,2400,489,0.7593,0.0067
20260312175513,2400,489,0.7593,0.0067
20260312175514,2400,490,0.7593,0.0067
20260312175515,2400,490,0.7593,0.0067
20260312175516,2400,490,0.7593,0.0067
20260312175517,2400,490,0.7593,0.0067
20260312175518,2400,490,0.7593,0.0067
20260312175519,2400,490,0.7593,0.0067
20260312175520,2400,490,0.7593,0.0067
20260312175521,2400,490,0.7593,0.0067
20260312175522,2400,490,0.7593,0.0067
20260312175523,2400,490,0.7593,0.0067
20260312175524,2400,490,0.7593,0.0067
20260312175525,2400,490,0.7593,0.0067
20260312175526,2400,490,0.7593,0.0067
20260312175527,2400,490,0.7593,0.0067
20260312175528,2400,490,0.7593,0.0067
20260312175529,2400,490,0.7593,0.0067
20260312175530,2400,490,0.7593,0.0067
20260312175531,2400,490,0.7593,0.0067
20260312175532,2400,490,0.7593,0.0067
20260312175533,2400,490,0.7593,0.0067
20260312175534,2400,490,0.7593,0.0067
20260312175535,2400,490,0.7593,0.0067
20260312175536,2400,490,0.7593,0.0067
20260312175537,2400,490,0.7593,0.0067
20260312175538,2400,490,0.7593,0.0067
20260312175539,2400,490,0.7593,0.0067
20260312175540,2400,490,0.7593,0.0067
20260312175541,2400,490,0.7593,0.0067
20260312175542,2400,490,0.7593,0.0067
20260312175543,2400,490,0.7593,0.0067
20260312175544,2400,490,0.7593,0.0067
20260312175545,2400,490,0.7593,0.0067
20260312175546,2400,490,0.7593,0.0067
20260312175547,2400,490,0.7593,0.0067
20260312175548,2400,490,0.7593,0.0067
20260312175549,2400,490,0.7593,0.0067
20260312175550,2400,490,0.7593,0.0067
20260312175551,2400,491,0.7593,0.0067
20260312175552,2400,491,0.7593,0.0067
20260312175553,2400,491,0.7593,0.0067
20260312175554,2400,491,0.7593,0.0067
20260312175555,2400,491,0.7593,0.0067
20260312175556,2400,491,0.7593,0.0067
20260312175557,2400,491,0.7593,0.0067
20260312175558,2400,491,0.7593,0.0067
20260312175559,2400,491,0.7593,0.0067
20260312175600,2400,491,0.7593,0.0067
20260312175601,2400,491,0.7593,0.0067
20260312175603,2400,491,0.7593,0.0067
20260312175604,2400,491,0.7593,0.0067
20260312175605,2400,491,0.7593,0.0067
20260312175606,2400,491,0.7593,0.0067
20260312175607,2400,491,0.7593,0.0067
20260312175608,2400,491,0.7593,0.0067
20260312175609,2400,491,0.7593,0.0067
20260312175610,2400,491,0.7593,0.0067
20260312175611,2400,491,0.7593,0.0067
20260312175612,2400,491,0.7593,0.0067
20260312175613,2400,491,0.7593,0.0067
20260312175614,2400,491,0.7593,0.0067
20260312175615,2400,491,0.7593,0.0067
20260312175616,2400,491,0.7593,0.0067
20260312175617,2400,491,0.7593,0.0067
20260312175618,2400,491,0.7593,0.0067
20260312175619,2400,491,0.7593,0.0067
20260312175620,2400,491,0.7593,0.0067
20260312175621,2400,491,0.7593,0.0067
20260312175622,2400,491,0.7593,0.0067
20260312175623,2400,491,0.7593,0.0067
20260312175624,2400,491,0.7593,0.0067
20260312175625,2400,491,0.7593,0.0067
20260312175626,2400,491,0.7593,0.0067
20260312175627,2400,491,0.7593,0.0067
20260312175628,2400,491,0.7593,0.0067
20260312175629,2400,492,0.7593,0.0067
20260312175630,2400,492,0.7593,0.0067
20260312175631,2400,492,0.7593,0.0067
20260312175632,2400,492,0.7593,0.0067
20260312175633,2400,492,0.7593,0.0067
20260312175634,2400,492,0.7593,0.0067
20260312175635,2400,492,0.7593,0.0067
20260312175636,2400,492,0.7593,0.0067
20260312175637,2400,492,0.7593,0.0067
20260312175638,2400,492,0.7593,0.0067
20260312175639,2400,492,0.7593,0.0067
20260312175640,2400,492,0.7593,0.0067
20260312175641,2400,492,0.7593,0.0067
20260312175642,2400,492,0.7593,0.0067
20260312175643,2400,492,0.7593,0.0067
20260312175644,2400,492,0.7593,0.0067
20260312175645,2400,492,0.7593,0.0067
20260312175646,2400,492,0.7593,0.0067
20260312175647,2400,492,0.7593,0.0067
20260312175648,2400,492,0.7593,0.0067
20260312175649,2400,492,0.7593,0.0067
20260312175650,2400,492,0.7593,0.0067
20260312175651,2400,492,0.7593,0.0067
20260312175652,2400,492,0.7593,0.0067
20260312175653,2400,492,0.7593,0.0067
20260312175654,2400,492,0.7593,0.0067
20260312175655,2400,492,0.7593,0.0067
20260312175656,2400,492,0.7593,0.0067
20260312175657,2400,492,0.7593,0.0067
20260312175658,2400,492,0.7593,0.0067
20260312175659,2400,492,0.7593,0.0067
20260312175700,2400,492,0.7593,0.0067
20260312175701,2400,492,0.7593,0.0067
20260312175702,2400,492,0.7593,0.0067
20260312175703,2400,492,0.7593,0.0067
20260312175704,2400,492,0.7593,0.0067
20260312175705,2400,492,0.7593,0.0067
20260312175706,2400,492,0.7593,0.0067
20260312175707,2400,493,0.7593,0.0067
20260312175708,2400,493,0.7593,0.0067
20260312175709,2400,493,0.7593,0.0067
20260312175710,2400,493,0.7593,0.0067
20260312175711,2400,493,0.7593,0.0067
20260312175712,2400,493,0.7593,0.0067
20260312175713,2400,493,0.7593,0.0067
20260312175714,2400,493,0.7593,0.0067
20260312175715,2400,493,0.7593,0.0067
20260312175716,2400,493,0.7593,0.0067
20260312175717,2400,493,0.7593,0.0067
20260312175718,2400,493,0.7593,0.0067
20260312175719,2400,493,0.7593,0.0067
20260312175720,2400,493,0.7593,0.0067
20260312175721,2400,493,0.7593,0.0067
20260312175722,2400,493,0.7593,0.0067
20260312175723,2400,493,0.7593,0.0067
20260312175724,2400,493,0.7593,0.0067
20260312175725,2400,493,0.7593,0.0067
20260312175726,2400,493,0.7593,0.0067
20260312175727,2400,493,0.7593,0.0067
20260312175728,2400,493,0.7593,0.0067
20260312175729,2400,493,0.7593,0.0067
20260312175730,2400,493,0.7593,0.0067
20260312175731,2400,493,0.7593,0.0067
20260312175732,2400,493,0.7593,0.0067
20260312175733,2400,493,0.7593,0.0067
20260312175734,2400,493,0.7593,0.0067
20260312175735,2400,493,0.7593,0.0067
20260312175736,2400,493,0.7593,0.0067
20260312175737,2400,493,0.7593,0.0067
20260312175738,2400,493,0.7593,0.0067
20260312175739,2400,493,0.7593,0.0067
20260312175740,2400,493,0.7593,0.0067
20260312175741,2400,493,0.7593,0.0067
20260312175742,2400,493,0.7593,0.0067
20260312175743,2400,493,0.7593,0.0067
20260312175744,2400,494,0.7593,0.0067
20260312175745,2400,494,0.7593,0.0067
20260312175746,2400,494,0.7593,0.0067
20260312175747,2400,494,0.7593,0.0067
20260312175748,2400,494,0.7593,0.0067
20260312175749,2400,494,0.7593,0.0067
20260312175750,2400,494,0.7593,0.0067
20260312175751,2400,494,0.7593,0.0067
20260312175752,2400,494,0.7593,0.0067
20260312175753,2400,494,0.7593,0.0067
20260312175755,2400,494,0.7593,0.0067
20260312175756,2400,494,0.7593,0.0067
20260312175757,2400,494,0.7593,0.0067
20260312175758,2400,494,0.7593,0.0067
20260312175759,2400,494,0.7593,0.0067
20260312175800,2400,494,0.7593,0.0067
20260312175801,2400,494,0.7593,0.0067
20260312175802,2400,494,0.7593,0.0067
20260312175803,2400,494,0.7593,0.0067
20260312175804,2400,494,0.7593,0.0067
20260312175805,2400,494,0.7593,0.0067
20260312175806,2400,494,0.7593,0.0067
20260312175807,2400,494,0.7593,0.0067
20260312175808,2400,494,0.7593,0.0067
20260312175809,2400,494,0.7593,0.0067
20260312175810,2400,494,0.7593,0.0067
20260312175811,2400,494,0.7593,0.0067
20260312175812,2400,494,0.7593,0.0067
20260312175813,2400,494,0.7593,0.0067
20260312175814,2400,494,0.7593,0.0067
20260312175815,2400,494,0.7593,0.0067
20260312175816,2400,494,0.7593,0.0067
20260312175817,2400,494,0.7593,0.0067
20260312175818,2400,494,0.7593,0.0067
20260312175819,2400,494,0.7593,0.0067
20260312175820,2400,494,0.7593,0.0067
20260312175821,2400,494,0.7593,0.0067
20260312175822,2400,495,0.7593,0.0067
20260312175823,2400,495,0.7593,0.0067
20260312175824,2400,495,0.7593,0.0067
20260312175825,2400,495,0.7593,0.0067
20260312175826,2400,495,0.7593,0.0067
20260312175827,2400,495,0.7593,0.0067
20260312175828,2400,495,0.7593,0.0067
20260312175829,2400,495,0.7592,0.0067
20260312175830,2400,495,0.7592,0.0067
20260312175831,2400,495,0.7593,0.0067
20260312175832,2400,495,0.7593,0.0067
20260312175833,2400,495,0.7593,0.0067
20260312175834,2400,495,0.7593,0.0067
20260312175835,2400,495,0.7593,0.0067
20260312175836,2400,495,0.7593,0.0067
20260312175837,2400,495,0.7593,0.0067
20260312175838,2400,495,0.7593,0.0067
20260312175839,2400,495,0.7593,0.0067
20260312175840,2400,495,0.7593,0.0067
20260312175841,2400,495,0.7593,0.0067
20260312175842,2400,495,0.7593,0.0067
20260312175843,2400,495,0.7593,0.0067
20260312175844,2400,495,0.7593,0.0067
20260312175845,2400,495,0.7593,0.0067
20260312175846,2400,495,0.7593,0.0067
20260312175847,2400,495,0.7593,0.0067
20260312175848,2400,495,0.7593,0.0067
20260312175849,2400,495,0.7593,0.0067
20260312175850,2400,495,0.7593,0.0067
20260312175851,2400,495,0.7593,0.0067
20260312175852,2400,495,0.7593,0.0067
20260312175853,2400,495,0.7593,0.0067
20260312175854,2400,495,0.7593,0.0067
20260312175855,2400,495,0.7593,0.0067
20260312175856,2400,495,0.7593,0.0067
20260312175857,2400,495,0.7593,0.0067
20260312175858,2400,495,0.7593,0.0067
20260312175859,2400,496,0.7593,0.0067
20260312175900,2400,496,0.7592,0.0067
20260312175901,2400,496,0.7592,0.0067
20260312175902,2400,496,0.7592,0.0067
20260312175903,2400,496,0.7592,0.0067
20260312175904,2400,496,0.7592,0.0067
20260312175905,2400,496,0.7592,0.0067
20260312175906,2400,496,0.7592,0.0067
20260312175907,2400,496,0.7592,0.0067
20260312175908,2400,496,0.7592,0.0067
20260312175909,2400,496,0.7592,0.0067
20260312175910,2400,496,0.7592,0.0067
20260312175911,2400,496,0.7592,0.0067
20260312175912,2400,496,0.7592,0.0067
20260312175913,2400,496,0.7592,0.0067
20260312175914,2400,496,0.7592,0.0067
20260312175915,2400,496,0.7592,0.0067
20260312175916,2400,496,0.7592,0.0067
20260312175917,2400,496,0.7592,0.0067
20260312175918,2400,496,0.7592,0.0067
20260312175919,2400,496,0.7592,0.0067
20260312175920,2400,496,0.7592,0.0067
20260312175921,2400,496,0.7592,0.0067
20260312175922,2400,496,0.7592,0.0067
20260312175923,2400,496,0.7592,0.0067
20260312175924,2400,496,0.7592,0.0067
20260312175925,2400,496,0.7592,0.0067
20260312175926,2400,496,0.7592,0.0067
20260312175927,2400,496,0.7592,0.0067
20260312175928,2400,496,0.7592,0.0067
20260312175929,2400,496,0.7592,0.0067
20260312175930,2400,496,0.7592,0.0067
20260312175931,2400,496,0.7592,0.0067
20260312175932,2400,496,0.7592,0.0067
20260312175933,2400,496,0.7592,0.0067
20260312175934,2400,496,0.7592,0.0067
20260312175935,2400,496,0.7592,0.0067
20260312175936,2400,497,0.7592,0.0067
20260312175937,2400,497,0.7592,0.0067
20260312175938,2400,497,0.7592,0.0067
20260312175939,2400,497,0.7592,0.0067
20260312175940,2400,497,0.7592,0.0067
20260312175941,2400,497,0.7592,0.0067
20260312175943,2400,497,0.7592,0.0067
20260312175944,2400,497,0.7592,0.0067
20260312175945,2400,497,0.7592,0.0067
20260312175946,2400,497,0.7592,0.0067
20260312175947,2400,497,0.7592,0.0067
20260312175948,2400,497,0.7592,0.0067
20260312175949,2400,497,0.7592,0.0067
20260312175950,2400,497,0.7592,0.0067
20260312175951,2400,497,0.7592,0.0067
20260312175952,2400,497,0.7592,0.0067
20260312175953,2400,497,0.7592,0.0067
20260312175954,2400,497,0.7592,0.0067
20260312175955,2400,497,0.7592,0.0067
20260312175956,2400,497,0.7592,0.0067
20260312175957,2400,497,0.7592,0.0067
20260312175958,2400,497,0.7592,0.0067
20260312175959,2400,497,0.7592,0.0067
20260312180000,2400,497,0.7592,0.0067
20260312180001,2400,497,0.7592,0.0067
20260312180002,2400,497,0.7592,0.0067
20260312180003,2400,497,0.7592,0.0067
20260312180004,2400,497,0.7592,0.0067
20260312180005,2400,497,0.7592,0.0067
20260312180006,2400,497,0.7592,0.0067
20260312180007,2400,497,0.7592,0.0067
20260312180008,2400,497,0.7592,0.0067
20260312180009,2400,497,0.7592,0.0067
20260312180010,2400,497,0.7592,0.0067
20260312180011,2400,497,0.7592,0.0067
20260312180012,2400,497,0.7592,0.0067
20260312180013,2400,497,0.7592,0.0067
20260312180014,2400,497,0.7592,0.0067
20260312180015,2400,498,0.7592,0.0067
20260312180016,2400,498,0.7592,0.0067
20260312180017,2400,498,0.7592,0.0067
20260312180018,2400,498,0.7592,0.0067
20260312180019,2400,498,0.7592,0.0067
20260312180020,2400,498,0.7592,0.0067
20260312180021,2400,498,0.7592,0.0067
20260312180022,2400,498,0.7592,0.0067
20260312180023,2400,498,0.7592,0.0067
20260312180024,2400,498,0.7592,0.0067
20260312180025,2400,498,0.7592,0.0067
20260312180026,2400,498,0.7592,0.0067
20260312180027,2400,498,0.7592,0.0067
20260312180028,2400,498,0.7592,0.0067
20260312180029,2400,498,0.7592,0.0067
20260312180030,2400,498,0.7592,0.0067
20260312180031,2400,498,0.7592,0.0067
20260312180032,2400,498,0.7592,0.0067
20260312180033,2400,498,0.7592,0.0067
20260312180034,2400,498,0.7592,0.0067
20260312180035,2400,498,0.7592,0.0067
20260312180036,2400,498,0.7592,0.0067
20260312180037,2400,498,0.7592,0.0067
20260312180038,2400,498,0.7592,0.0067
20260312180039,2400,498,0.7592,0.0067
20260312180040,2400,498,0.7592,0.0067
20260312180041,2400,498,0.7592,0.0067
20260312180042,2400,498,0.7592,0.0067
20260312180043,2400,498,0.7592,0.0067
20260312180044,2400,498,0.7592,0.0067
20260312180045,2400,498,0.7592,0.0067
20260312180046,2400,498,0.7592,0.0067
20260312180047,2400,498,0.7592,0.0067
20260312180048,2400,498,0.7592,0.0067
20260312180049,2400,498,0.7592,0.0067
20260312180050,2400,498,0.7592,0.0067
