param_1,param_2,param_3,param_4,param_5,param_6,param_7,param_8,cpu_frequency,run_time,run_1,run_2,run_3,run_4,run_5,run_6,run_7,run_8,run_9,run_10,run_11,run_12,run_13,run_14,run_15,run_16,run_17,run_18,run_19,run_20,run_21,run_22,run_23,run_24,run_25,run_26,run_27,run_28,run_29,run_30,run_31,run_32,run_33,run_34,run_35,run_36,run_37,run_38,run_39,run_40,run_41,run_42,run_43,run_44,run_45,run_46,run_47,run_48,run_49,run_50,run_51,run_52,run_53,run_54,run_55,run_56,run_57,run_58,run_59,run_60,run_61,run_62,run_63,run_64,run_65,run_66,run_67,run_68,run_69,run_70,run_71,run_72,run_73,run_74,run_75,run_76,run_77,run_78,run_79,run_80,run_81,run_82,run_83,run_84,run_85,run_86,run_87,run_88,run_89,run_90
80,0.9,230,0.48,0.6,510,TRUE,FALSE,800,247,45,6,3,9,5,3,2,2,8,94,6,0,0,1,2,0,0,1,0,3,10,0,0,0,3,1,1,1,1,13,5,0,0,0,0,0,0,0,1,5,1,0,0,1,1,0,0,0,1,2,0,1,0,0,0,0,0,0,0,2,0,0,0,0,1,0,0,0,0,1,0,0,0,0,0,2,0,0,0,2,0,0,0,0,0,0,0,1,0,1
50,0.6,150,0.93,0.8,410,TRUE,FALSE,800,258,62,5,3,13,16,3,1,7,3,71,5,1,1,0,0,0,1,2,0,1,10,0,1,3,2,1,1,1,1,9,2,0,2,1,1,1,1,2,1,6,4,1,0,1,0,0,1,0,0,1,2,0,0,0,0,0,0,0,1,1,3,0,0,0,0,1,0,0,0,0,1,0,0,0,0,0,0,0,0,1,0,0,0,0,0,0,0,0,0,0
60,0.8,210,0.43,0.6,830,FALSE,FALSE,800,258,47,2,10,10,8,7,6,5,12,80,2,1,0,1,2,0,1,0,2,3,6,0,0,1,0,0,0,0,0,8,7,1,1,0,2,2,1,0,0,11,5,0,1,2,0,0,0,0,0,3,1,0,0,0,0,0,0,0,0,0,2,0,0,0,1,0,0,0,0,3,1,0,0,0,0,1,0,0,0,0,0,0,0,0,0,0,0,0,0,0
80,0.5,130,0.77,0.6,810,FALSE,TRUE,800,250,44,8,9,10,15,5,3,4,9,80,2,1,1,0,0,0,0,0,0,0,1,1,1,2,1,1,1,0,0,7,5,0,2,0,2,1,0,1,2,6,5,0,1,0,1,0,0,2,1,4,1,0,0,0,1,0,0,0,0,2,2,0,0,1,0,0,1,0,0,1,0,0,0,0,0,0,0,0,0,2,0,0,0,0,0,0,0,0,0,1
40,0.9,120,0.42,0.3,700,FALSE,TRUE,800,245,51,2,5,10,8,8,2,6,5,84,5,0,0,0,1,0,1,0,1,1,4,0,1,0,2,0,1,0,0,11,7,1,0,3,1,1,0,0,1,7,5,0,1,1,0,0,0,0,0,2,1,0,0,0,0,0,0,0,0,0,0,0,0,0,0,0,0,1,0,0,0,0,0,0,1,0,0,0,0,1,0,0,0,1,1,0,0,0,0,1
80,0.7,220,0.86,0.9,830,TRUE,FALSE,800,247,56,1,5,9,4,5,2,2,6,96,4,0,1,2,0,0,0,0,0,2,7,2,0,0,0,0,0,0,0,9,3,0,0,0,2,1,0,0,1,7,4,0,0,1,0,0,0,0,1,3,1,0,0,0,1,0,1,0,0,1,0,0,0,1,0,0,0,0,0,2,0,0,0,0,0,0,0,0,0,2,0,0,0,0,1,1,0,0,0,1
90,0.8,130,0.47,0.7,280,TRUE,TRUE,800,240,48,1,2,10,7,3,2,3,5,90,8,0,2,0,2,1,0,0,0,4,4,1,1,0,0,0,0,0,0,9,5,0,0,0,2,2,0,0,0,12,2,0,2,1,0,0,0,0,0,2,0,0,0,0,0,0,0,0,0,2,1,0,0,0,0,1,0,0,0,0,1,0,0,0,1,1,0,0,1,0,0,0,0,0,0,0,0,0,0,2
20,0.6,300,0.71,0.8,570,TRUE,FALSE,800,249,43,3,8,13,10,7,3,2,9,80,2,0,3,0,1,1,0,0,1,5,4,0,1,1,2,2,0,0,1,9,3,0,0,1,2,0,0,0,3,11,2,0,2,0,2,0,1,1,0,1,1,0,0,0,0,0,0,0,0,2,0,0,0,0,0,0,0,0,0,0,1,0,1,0,0,0,1,0,1,1,0,0,0,0,0,0,0,0,0,2
60,0.8,220,0.86,0.8,950,FALSE,FALSE,800,246,45,0,6,16,9,7,2,6,7,82,5,0,0,2,0,1,0,1,0,1,5,0,0,2,1,1,0,0,0,5,7,3,0,0,1,1,0,0,0,14,3,2,0,0,1,0,0,0,0,2,0,0,0,0,0,0,0,0,1,3,0,0,0,0,0,0,0,0,0,0,0,0,0,0,0,1,1,0,0,1,0,1,0,0,0,0,0,0,0,1
30,0.5,120,0.8,0.4,650,TRUE,FALSE,800,245,42,7,9,9,17,6,3,6,11,69,3,0,0,0,1,1,0,0,1,4,5,0,0,1,1,0,1,0,0,10,7,3,1,3,2,1,2,1,1,5,1,1,0,0,1,0,0,0,0,2,0,0,0,0,0,1,0,0,0,2,1,0,0,0,0,0,0,0,0,0,0,0,0,0,0,0,0,0,1,2,0,0,0,0,0,0,0,0,0,1
20,0.5,270,0.32,0.3,920,FALSE,FALSE,800,247,41,8,4,10,6,6,3,3,7,94,2,1,1,0,0,0,0,1,0,1,5,0,0,1,1,0,1,0,0,7,9,0,0,0,2,1,1,0,1,9,3,0,0,0,0,1,0,0,1,8,1,0,0,0,1,1,0,0,1,1,0,0,0,1,0,0,0,0,0,0,0,0,0,0,0,0,0,0,1,1,0,0,0,0,0,0,1,0,0,0
80,0.7,220,0.92,0.5,820,TRUE,FALSE,800,247,42,4,13,12,12,3,1,2,8,81,5,1,1,1,1,0,1,0,1,4,2,0,0,1,1,2,0,0,0,6,5,0,1,0,2,0,0,0,0,8,2,1,0,0,1,1,0,1,1,4,1,0,0,0,2,0,1,0,1,4,0,1,0,0,1,0,0,0,0,0,2,0,0,1,0,0,0,0,1,0,1,0,0,0,0,0,0,0,0,0
90,0.6,250,0.44,0.3,530,FALSE,FALSE,800,254,39,7,6,15,20,7,2,4,9,79,3,1,1,0,1,0,1,0,0,2,3,1,2,1,1,0,1,0,2,9,6,1,1,3,2,1,0,1,1,6,0,0,0,0,0,1,0,2,0,2,0,0,1,0,1,0,0,0,1,2,0,0,0,0,0,0,0,0,0,0,2,0,0,0,0,0,0,1,0,3,0,0,0,0,0,0,0,0,0,0
30,0.9,200,0.45,0.7,930,TRUE,FALSE,800,250,40,6,7,13,15,7,2,6,12,74,4,2,1,0,1,0,2,0,1,3,2,0,1,1,0,0,0,0,0,10,10,0,0,2,1,3,2,0,1,8,2,0,0,0,1,0,0,1,0,2,2,0,0,0,0,0,0,0,0,1,0,0,0,0,0,1,0,0,0,0,0,0,0,1,1,0,0,0,0,1,0,0,0,1,0,0,0,0,0,0
60,0.7,230,0.36,0.3,520,TRUE,TRUE,800,254,43,4,6,15,13,4,5,4,4,86,8,0,2,0,1,1,0,0,0,2,2,0,1,0,2,1,0,0,0,9,4,0,1,0,3,0,0,0,0,4,5,0,1,0,0,2,1,0,0,4,1,0,0,0,0,2,1,0,1,4,0,0,0,0,0,0,0,0,1,2,1,0,0,0,0,1,1,1,0,1,0,0,0,0,0,0,0,0,0,0
40,0.6,120,0.68,0.6,460,FALSE,TRUE,800,252,58,6,4,14,9,6,4,3,6,73,9,0,0,1,1,2,1,0,0,2,4,0,0,1,0,1,1,0,0,8,2,0,1,3,1,2,0,1,1,6,4,1,1,1,2,0,0,0,0,2,2,0,0,0,0,1,0,0,0,2,4,0,0,0,0,0,0,0,0,1,0,0,0,1,0,0,0,0,0,0,0,0,0,0,0,0,0,0,0,0
90,0.9,110,0.9,0.4,700,TRUE,TRUE,800,248,51,1,4,5,6,3,2,3,3,97,1,0,1,5,0,0,1,0,1,4,8,0,0,4,1,0,0,1,1,16,3,1,0,0,1,1,0,0,0,5,2,1,0,0,1,0,2,1,0,1,1,1,0,0,2,0,0,0,0,2,0,1,0,0,0,0,0,0,0,2,0,0,0,0,0,1,0,0,0,1,0,0,0,0,0,0,0,0,0,0
10,0.8,140,0.86,0.3,200,TRUE,FALSE,800,244,42,2,6,14,10,5,3,3,4,87,2,1,0,1,2,0,1,1,1,2,6,1,0,3,1,0,0,0,3,6,5,1,0,0,1,2,0,1,1,10,2,0,1,0,1,0,0,0,0,5,0,0,0,1,1,0,0,0,0,1,0,0,0,0,0,0,1,1,0,0,1,0,0,0,0,0,0,0,0,1,0,0,0,0,0,0,0,0,0,1
40,0.8,150,0.45,0.3,150,FALSE,TRUE,800,251,59,6,8,12,11,8,0,6,8,61,8,0,1,2,0,0,1,0,0,2,9,2,0,1,2,2,0,0,1,6,10,0,1,2,1,1,0,0,0,8,2,0,0,0,0,0,0,0,0,2,1,0,0,1,0,0,0,0,0,2,0,0,0,0,0,0,0,0,0,0,1,0,0,0,0,1,0,0,1,2,0,0,0,0,0,0,0,0,0,0
10,0.6,250,0.57,0.8,780,FALSE,TRUE,800,248,52,3,4,13,13,7,6,4,6,77,3,0,0,1,0,0,0,1,0,0,3,0,0,1,1,2,1,1,1,3,5,2,2,1,2,0,0,0,2,12,3,0,0,0,1,0,1,1,0,2,1,0,0,0,0,0,0,1,0,2,1,0,0,0,0,0,0,0,0,0,2,0,0,0,0,1,0,0,1,1,0,0,0,0,0,1,0,0,1,0
60,0.9,220,0.49,0.9,880,FALSE,TRUE,800,256,44,7,3,10,9,1,5,1,4,99,3,1,2,1,0,1,0,0,0,5,8,0,0,1,3,0,1,0,5,5,6,1,0,1,2,2,1,0,0,12,0,0,0,1,0,1,0,0,1,2,1,0,0,0,0,1,0,0,0,1,0,0,0,1,0,0,0,0,0,0,0,0,0,1,0,0,0,0,0,1,0,0,0,0,0,0,1,0,0,1
10,0.8,230,0.68,0.5,800,FALSE,FALSE,800,239,48,2,5,11,4,3,2,3,6,81,7,0,2,1,0,1,1,0,0,4,8,0,3,2,0,2,0,0,1,8,6,0,0,1,2,0,0,0,1,8,3,1,0,0,0,0,0,0,0,1,1,0,0,1,0,2,1,0,1,2,0,0,0,0,0,0,0,0,0,1,0,0,0,0,0,0,0,0,2,1,0,0,0,0,0,0,0,0,0,0
80,0.7,250,0.81,0.6,1000,TRUE,FALSE,800,246,44,1,7,17,14,9,4,3,14,64,11,0,0,0,1,0,0,1,0,1,1,2,0,0,2,2,0,0,0,12,6,0,3,1,2,1,0,1,0,4,4,0,1,0,1,1,0,0,1,2,1,0,0,0,0,0,0,1,0,0,0,0,0,0,0,1,0,0,0,1,0,0,0,1,0,0,0,0,0,2,0,0,0,1,0,0,0,0,0,1
20,0.7,170,0.31,0.3,130,FALSE,FALSE,800,246,49,7,4,9,13,3,5,5,9,74,6,0,1,0,0,0,0,0,1,3,4,2,0,1,2,2,0,0,1,8,7,0,1,0,1,2,0,1,0,8,3,0,0,1,1,0,0,0,0,4,0,0,0,0,0,0,0,0,1,1,1,0,0,0,0,0,0,0,0,1,0,1,0,0,0,0,0,0,0,0,0,1,0,2,0,0,0,0,0,1
70,0.7,250,0.64,0.3,710,FALSE,FALSE,800,250,45,3,8,11,11,5,2,7,8,82,7,1,1,0,2,3,0,0,0,2,6,1,0,0,0,0,1,0,1,7,5,2,0,1,3,3,0,0,1,9,1,0,1,0,1,0,0,0,0,2,1,0,0,0,0,0,0,0,0,2,0,0,0,0,0,0,0,0,0,1,0,0,0,0,2,0,0,0,0,2,0,0,0,0,0,0,0,0,0,0
50,0.8,260,0.59,0.5,910,FALSE,FALSE,800,241,47,6,5,11,6,7,3,3,8,81,3,0,1,1,0,0,0,1,2,0,2,0,0,2,0,0,1,0,2,10,8,0,1,0,2,3,0,0,0,7,2,0,0,0,1,1,0,1,1,2,1,0,0,1,1,0,0,0,0,2,0,0,0,1,0,0,0,0,0,1,1,0,0,0,0,1,0,0,0,0,0,0,0,0,0,0,0,0,1,1
30,0.8,120,1,0.7,230,FALSE,FALSE,800,246,59,2,0,8,5,3,2,4,2,88,5,1,1,1,1,0,0,1,0,1,3,0,1,0,2,0,1,1,0,10,7,0,1,0,1,1,0,0,0,9,2,0,1,0,0,1,0,1,0,0,2,0,1,0,0,1,0,1,0,5,0,0,0,0,1,0,0,0,1,0,3,0,0,1,0,0,0,0,0,1,1,0,0,0,0,1,0,0,1,1
20,0.5,270,0.95,0.3,910,TRUE,FALSE,800,255,45,6,8,9,12,5,3,6,6,93,3,0,1,1,0,1,0,0,0,2,8,0,2,0,0,0,0,0,0,7,3,0,0,1,2,3,0,2,1,10,2,0,0,2,0,0,0,1,2,0,2,0,0,0,0,0,0,0,0,2,1,0,0,0,0,0,0,0,0,0,0,0,0,0,0,0,1,0,0,2,0,0,0,0,0,1,0,0,0,0
50,0.6,160,1,0.9,950,TRUE,FALSE,800,242,48,4,6,10,12,8,2,5,12,72,2,2,1,3,1,0,1,0,0,0,1,0,1,0,1,1,0,0,1,4,5,0,2,0,2,1,0,0,1,11,2,0,0,0,0,0,0,0,1,2,2,0,1,0,1,0,0,0,0,4,1,0,0,1,0,0,0,0,0,1,1,0,0,1,0,1,0,0,0,2,0,1,0,0,0,0,0,0,0,1
80,0.7,270,0.93,0.6,460,FALSE,FALSE,800,246,53,6,10,8,10,4,3,6,7,70,5,0,1,1,1,1,0,0,1,2,7,0,0,1,1,1,0,1,1,2,9,0,2,2,1,1,0,0,1,10,3,0,0,1,2,2,0,1,0,3,0,0,0,0,0,0,0,0,0,1,0,0,0,0,1,1,0,0,1,0,0,0,0,1,0,0,0,0,0,1,0,0,0,0,0,0,0,0,0,0
70,0.6,240,0.83,0.8,790,TRUE,TRUE,800,255,59,1,8,13,7,7,3,7,5,75,6,2,0,1,0,1,2,0,1,2,6,1,2,1,2,0,0,0,1,5,6,2,0,1,1,0,0,0,0,6,6,1,0,0,0,0,1,0,0,3,3,0,0,0,1,0,0,0,1,1,0,0,0,0,0,0,0,0,0,0,1,0,0,1,0,0,0,0,0,1,0,0,0,0,0,0,0,0,0,2
10,0.7,110,0.46,0.9,430,TRUE,TRUE,800,251,40,3,2,9,10,8,1,2,8,95,6,0,1,4,0,0,0,0,3,2,6,2,0,1,1,2,0,0,2,10,5,0,0,0,2,1,0,1,0,11,1,0,1,0,0,0,0,0,1,3,0,0,0,0,0,0,0,0,1,1,0,0,0,0,1,0,0,0,1,1,0,0,0,1,0,0,0,0,0,1,0,0,0,0,0,0,0,0,0,1
10,0.5,190,0.84,0.3,840,TRUE,FALSE,800,246,52,0,5,12,10,2,2,3,7,78,6,0,2,1,0,0,2,1,1,2,9,0,1,0,2,2,0,0,0,11,7,1,1,1,3,1,0,0,0,8,1,0,0,0,0,0,1,0,1,1,1,0,0,0,0,0,0,0,0,2,0,0,0,0,0,0,1,0,0,1,2,0,0,0,0,0,0,0,0,3,0,0,0,0,0,0,0,0,0,0
70,0.6,210,0.86,0.6,780,FALSE,TRUE,800,249,44,4,9,11,7,9,2,3,9,82,8,1,2,1,0,0,0,1,0,2,7,0,1,0,0,2,0,0,1,7,6,0,1,2,1,2,0,1,1,6,1,1,1,0,0,1,0,0,0,5,0,0,0,0,0,0,0,0,0,1,0,0,0,1,0,0,0,0,2,0,0,0,0,0,0,0,1,0,0,0,1,0,0,0,0,0,0,1,0,1
20,0.7,190,0.38,0.6,300,FALSE,TRUE,800,254,40,6,9,13,13,12,1,7,10,83,1,1,1,1,1,0,1,0,1,0,2,0,0,1,1,1,0,0,1,9,8,0,2,0,1,2,1,1,2,8,2,1,1,0,1,0,0,0,0,2,0,0,0,0,0,0,0,0,0,2,1,0,0,0,0,0,0,0,0,1,1,0,0,0,1,0,0,0,0,1,0,0,0,0,0,0,0,0,0,0
20,0.5,190,0.71,0.8,320,TRUE,TRUE,800,248,50,6,10,10,15,7,2,10,8,68,6,1,1,0,1,0,0,0,0,0,3,0,2,3,1,1,1,0,0,2,3,1,0,2,1,0,0,1,0,9,4,0,1,0,1,0,1,0,1,1,2,0,0,0,0,1,0,0,0,1,1,0,1,1,0,0,0,0,0,1,0,0,0,0,1,0,0,1,0,4,0,0,0,0,0,0,0,1,0,0
30,0.6,200,0.67,0.4,130,TRUE,TRUE,800,256,49,6,4,11,11,5,3,5,7,86,4,2,3,1,0,0,0,0,2,0,6,0,0,1,2,0,0,0,1,8,9,0,0,2,1,2,1,1,0,7,4,0,0,0,0,0,0,0,0,3,0,0,0,0,1,0,0,0,0,3,0,0,0,0,0,1,0,1,0,1,1,0,0,0,0,0,0,0,0,1,0,0,0,0,0,0,0,0,1,0
20,0.9,280,0.52,0.5,710,TRUE,TRUE,800,256,47,2,3,11,10,3,1,3,3,101,4,1,1,1,1,0,0,0,1,5,7,0,1,0,0,0,2,0,0,9,4,1,1,1,2,1,0,2,2,8,3,1,0,2,0,0,0,1,1,4,0,0,0,0,0,1,0,0,0,1,0,0,0,0,0,0,0,0,0,0,0,0,0,0,0,0,1,1,0,1,0,0,0,0,0,0,0,0,0,1
30,0.9,200,0.46,0.5,750,TRUE,TRUE,800,248,46,3,6,16,13,5,3,4,6,76,8,1,0,0,0,0,0,2,1,4,0,2,0,4,1,0,1,1,0,5,9,0,0,0,2,1,1,0,1,8,1,0,1,0,0,0,0,0,0,1,0,0,0,0,1,0,0,0,1,2,0,0,0,0,0,0,0,0,0,3,1,0,0,0,0,0,0,3,0,1,1,0,0,1,0,0,1,0,0,1
90,0.5,240,0.41,0.7,820,TRUE,FALSE,800,249,53,2,9,15,8,5,3,6,6,73,10,1,1,0,1,0,0,0,0,1,8,0,0,1,0,1,1,1,0,11,3,1,0,0,2,1,1,0,2,5,6,1,0,1,1,1,0,0,0,2,0,0,0,1,0,0,0,0,0,2,1,0,0,1,0,1,0,0,0,0,0,0,0,0,0,0,0,0,0,0,0,0,0,0,0,0,0,0,0,0
90,0.5,220,0.75,0.7,670,FALSE,TRUE,800,258,46,3,7,12,11,7,2,6,8,89,5,0,2,0,0,0,0,0,1,1,5,3,2,1,2,0,0,1,1,12,8,0,1,1,1,1,1,1,2,6,0,1,0,1,0,0,0,0,0,1,0,0,0,0,0,0,0,0,0,2,0,0,0,0,0,1,0,0,0,0,0,0,0,1,0,1,0,0,0,0,1,0,0,0,0,0,0,0,0,1
60,0.8,290,0.57,0.9,390,FALSE,TRUE,800,248,53,5,5,14,13,6,1,6,10,72,7,0,1,2,0,0,0,0,0,3,0,0,0,1,0,1,0,1,0,2,7,1,1,1,0,1,1,0,1,9,3,0,0,0,3,0,0,0,0,3,3,1,0,0,0,0,0,1,0,2,1,0,0,0,0,0,0,0,0,0,1,0,0,1,1,0,0,0,0,1,0,0,0,0,0,1,0,0,0,2
70,0.5,220,0.39,0.6,770,FALSE,TRUE,800,246,50,2,5,12,6,5,3,7,7,83,5,0,0,1,0,0,0,0,0,0,6,1,1,1,1,1,0,0,0,10,7,1,1,1,2,0,1,1,0,2,3,0,0,0,1,0,0,0,2,3,0,0,0,0,0,1,2,1,0,1,0,0,0,0,0,0,0,0,0,1,1,0,0,0,1,0,0,1,0,4,0,0,0,0,0,0,0,0,0,2
30,0.5,280,0.44,0.9,940,TRUE,FALSE,800,248,52,6,6,15,12,4,3,6,6,67,4,2,0,1,0,1,1,3,0,1,7,1,0,1,1,2,0,0,0,5,3,1,2,2,2,1,2,1,3,6,2,0,0,2,0,0,0,0,0,3,2,0,0,0,0,0,0,0,1,3,1,0,0,0,0,0,0,0,1,1,0,0,0,0,0,1,0,0,0,1,1,0,0,0,0,0,0,0,0,0
90,0.6,100,0.35,0.5,860,TRUE,TRUE,800,250,49,2,14,6,11,4,4,10,4,70,10,1,1,3,0,0,0,0,1,3,3,2,2,0,0,1,1,0,1,6,8,1,0,0,3,2,0,0,0,5,3,0,0,0,1,1,1,1,0,5,2,0,0,0,1,0,0,0,0,2,0,0,0,0,0,0,0,0,0,0,1,0,0,1,0,0,0,0,0,1,1,0,0,0,0,0,0,1,0,1
20,0.7,100,0.31,0.8,610,FALSE,FALSE,800,246,48,3,8,15,12,5,3,5,5,70,7,0,1,3,0,0,3,0,0,2,9,0,0,0,1,1,1,0,0,8,5,0,3,0,2,1,0,2,0,8,1,1,0,0,1,0,0,0,0,2,3,0,0,0,0,0,0,0,0,1,0,0,0,0,0,0,1,0,0,1,0,0,0,0,1,0,2,0,0,2,0,0,0,0,0,0,0,0,0,0
20,0.8,180,0.98,0.3,1000,FALSE,FALSE,800,247,45,8,10,8,11,4,3,7,6,80,2,3,2,1,0,0,0,1,0,2,2,2,0,0,4,3,0,0,1,7,4,0,0,1,1,1,1,1,1,5,2,0,0,0,1,0,0,0,0,2,1,0,0,0,1,1,0,0,0,3,1,0,0,0,0,0,0,0,0,3,1,0,0,0,0,1,0,0,1,2,0,0,0,0,0,0,0,0,0,0
70,0.7,140,0.95,0.9,920,TRUE,FALSE,800,248,47,4,4,9,8,4,3,3,8,85,6,1,0,0,2,0,3,1,1,2,5,1,0,0,0,2,0,1,0,7,5,0,1,1,1,1,0,1,0,10,3,0,2,0,0,0,0,0,0,1,2,0,0,0,1,0,0,1,0,1,1,1,0,0,0,1,0,0,0,1,0,0,0,0,1,1,0,0,0,3,1,0,0,1,0,0,0,0,0,0
90,0.9,270,0.44,0.5,810,TRUE,FALSE,800,254,46,2,5,16,7,5,4,3,7,95,4,0,0,0,3,0,0,0,0,4,4,0,1,1,2,1,0,0,0,12,4,0,2,0,2,0,0,0,0,6,1,0,0,1,0,1,0,0,0,1,1,0,0,0,1,1,0,0,0,3,0,0,0,0,0,0,1,1,0,2,1,0,0,0,0,0,1,0,0,2,0,0,0,0,1,0,0,0,0,0
80,0.9,300,0.53,0.5,170,FALSE,FALSE,800,257,61,2,7,11,9,5,3,3,4,79,8,0,0,0,0,1,1,0,0,1,7,2,0,2,3,0,0,0,0,7,3,0,0,2,0,1,0,0,2,7,6,0,0,1,2,3,1,0,1,1,2,0,0,0,0,0,0,0,0,3,0,0,0,0,0,0,0,0,0,2,2,0,0,0,0,0,0,1,0,1,0,0,0,0,0,0,0,1,0,0
60,0.5,280,0.65,0.8,380,TRUE,FALSE,800,245,42,4,5,17,11,5,5,3,8,80,3,1,0,0,0,1,0,1,0,1,5,0,0,0,0,1,0,1,1,6,6,0,2,0,2,0,0,1,0,10,3,1,1,0,1,3,0,0,0,5,0,0,0,0,0,0,0,0,2,1,0,0,0,0,1,0,0,0,0,2,1,0,0,0,1,0,0,0,0,0,0,0,0,0,0,0,0,1,1,0
90,0.8,220,0.59,0.8,930,FALSE,FALSE,800,247,53,0,2,8,11,3,1,1,2,100,8,0,0,2,1,0,0,0,0,2,0,0,0,1,0,1,0,0,0,6,7,0,0,0,1,0,1,0,0,6,4,0,0,1,1,0,0,1,1,7,3,0,0,1,0,1,0,0,0,3,1,0,0,0,0,0,0,0,0,3,0,0,0,1,0,0,1,1,0,1,0,0,0,0,0,0,0,0,0,0
100,0.5,270,0.62,0.5,390,TRUE,TRUE,800,261,49,0,2,10,7,2,2,1,2,109,6,2,1,6,2,0,0,1,0,1,10,0,2,0,1,1,0,0,0,6,4,0,0,0,0,1,1,0,0,15,0,0,0,0,3,1,0,0,1,4,0,0,0,1,0,0,0,0,0,2,0,0,0,0,0,0,0,0,0,1,0,0,0,0,0,0,1,0,0,1,0,0,0,0,0,0,0,2,0,1
90,0.6,270,0.74,0.9,930,TRUE,TRUE,800,251,50,5,5,7,9,3,2,2,6,91,6,2,3,1,1,1,1,0,0,2,3,1,0,1,0,0,1,0,2,6,7,1,0,1,2,0,0,0,1,6,1,0,0,1,0,2,0,0,0,5,2,0,0,0,0,1,0,0,0,2,0,0,0,0,0,0,0,1,1,2,0,0,0,1,0,0,1,0,0,2,0,0,0,0,0,0,0,0,0,1
70,0.7,190,0.59,0.7,410,TRUE,TRUE,800,251,52,4,6,12,19,1,4,5,8,72,6,0,1,1,2,0,1,1,0,0,7,0,0,1,1,1,0,0,0,4,8,0,0,0,1,1,0,0,1,10,1,0,0,0,0,0,0,0,0,3,3,0,0,0,1,0,0,1,0,2,0,0,0,0,0,0,0,0,0,1,1,0,0,1,0,0,1,0,0,1,1,0,0,1,1,2,0,0,0,1
80,0.5,220,0.34,0.4,550,TRUE,FALSE,800,248,60,3,6,13,14,6,2,3,6,61,9,0,3,1,0,1,0,0,1,2,10,1,0,0,2,2,2,0,1,4,5,2,0,0,2,1,0,2,0,5,6,0,0,0,0,0,0,0,0,3,0,0,0,0,0,1,0,0,0,1,2,0,0,0,0,0,0,0,0,2,1,0,0,0,1,0,0,0,0,1,0,0,0,0,0,0,0,0,1,0
80,0.9,250,0.88,0.7,850,FALSE,TRUE,800,253,46,5,5,13,13,4,3,2,12,74,8,2,0,1,2,0,0,1,0,3,10,1,3,0,1,0,2,1,1,7,5,0,0,1,1,1,1,0,0,8,2,1,1,0,0,0,1,2,1,3,0,0,0,0,0,0,0,0,1,1,0,0,0,0,0,0,0,0,0,0,0,0,0,0,0,0,1,0,0,2,0,0,0,0,0,0,1,0,0,0
80,0.9,220,0.54,0.9,260,FALSE,FALSE,800,254,47,3,2,10,10,9,0,6,6,95,2,1,0,0,1,0,0,0,0,5,3,0,2,0,1,2,0,1,1,9,8,1,1,2,0,1,0,0,1,10,1,0,0,1,0,0,0,0,0,6,0,0,1,0,0,0,0,0,0,0,2,0,0,0,0,0,0,0,0,0,1,0,0,0,1,0,0,0,0,0,0,0,0,0,0,0,0,0,0,2
50,0.5,300,0.87,0.3,660,FALSE,FALSE,800,242,47,4,6,9,10,9,3,2,11,74,3,0,2,0,0,0,0,1,1,1,6,0,1,1,2,0,0,0,1,10,8,0,1,2,1,1,0,0,0,10,2,0,0,0,1,0,0,0,0,2,2,0,0,0,0,1,0,0,0,2,2,0,0,0,0,0,0,0,0,0,0,0,0,0,0,1,0,0,1,1,0,0,0,0,0,0,0,0,0,1
90,0.6,210,0.71,0.3,180,TRUE,FALSE,800,249,48,4,7,5,10,4,2,3,7,90,8,0,1,0,1,0,0,0,2,2,3,0,2,0,1,0,0,0,0,11,10,1,0,1,1,0,0,0,1,5,2,0,0,1,0,1,0,0,1,7,0,0,0,0,0,0,0,0,0,3,0,0,0,0,0,0,0,0,0,1,1,0,0,0,1,0,0,0,0,1,0,0,0,0,1,0,0,0,0,0
70,0.8,200,0.49,0.5,310,FALSE,TRUE,800,250,55,0,2,10,4,4,4,2,6,87,5,2,1,0,1,1,0,0,0,6,7,0,1,0,2,2,0,0,1,11,9,0,0,2,1,0,0,0,0,10,3,0,0,0,1,0,0,1,0,4,0,0,1,0,0,0,0,0,0,0,0,0,0,0,0,0,0,0,0,0,0,0,1,0,0,1,0,0,0,2,0,0,0,1,0,0,0,0,0,0
100,0.6,300,0.58,0.9,630,FALSE,FALSE,800,247,50,3,3,9,9,3,2,6,6,82,6,2,0,1,1,1,0,0,0,4,8,1,1,2,4,0,0,0,0,7,9,0,0,0,2,2,1,0,2,6,2,0,0,0,0,0,0,0,0,6,0,0,0,0,0,0,0,0,1,1,0,0,0,0,0,0,0,0,0,0,0,0,0,0,1,0,0,0,2,0,0,0,0,0,0,0,0,0,0,2
70,0.5,150,0.61,0.4,950,TRUE,FALSE,800,247,43,4,6,11,18,4,5,4,7,81,3,1,2,0,1,0,0,1,0,0,6,1,1,2,0,1,1,0,1,8,4,1,1,1,1,0,0,1,0,7,3,0,1,0,1,0,0,0,0,2,1,0,0,0,0,1,0,0,1,2,0,0,0,0,0,1,0,0,1,0,1,0,1,0,1,0,0,0,0,1,0,0,0,0,0,0,0,0,0,2
40,0.9,210,0.56,0.4,280,TRUE,FALSE,800,247,45,4,6,11,9,6,1,7,9,82,5,0,1,2,0,0,0,1,1,4,1,1,1,0,0,2,0,0,0,7,9,0,0,1,1,1,0,0,0,5,3,0,0,0,0,1,1,0,1,4,1,0,0,0,0,0,0,0,2,1,1,0,0,1,1,1,0,1,0,0,0,1,0,0,1,0,0,0,0,2,0,0,0,0,0,0,0,0,1,1
100,0.8,280,0.56,0.7,170,FALSE,FALSE,800,237,37,4,7,17,11,8,2,4,11,73,6,1,1,0,1,0,0,1,1,2,1,0,0,0,2,1,0,0,0,8,4,2,0,2,2,1,0,0,1,6,4,0,0,0,1,0,0,0,1,2,2,0,0,0,0,0,0,1,0,2,2,0,0,0,1,0,0,0,0,1,0,0,0,0,1,0,0,0,0,2,0,0,0,0,0,0,0,0,0,1
80,0.5,280,0.96,0.5,1000,FALSE,TRUE,800,254,44,6,6,6,10,9,4,4,13,83,4,1,1,0,1,1,0,0,0,2,5,1,0,0,3,0,0,0,1,12,8,0,3,1,2,0,0,0,1,5,2,0,1,0,0,0,0,0,1,1,0,0,0,0,0,1,0,1,0,1,0,0,1,0,0,0,0,1,0,1,1,0,0,0,1,0,0,0,0,2,0,0,0,0,0,0,0,1,1,1
20,0.8,210,0.33,0.9,110,TRUE,FALSE,800,245,56,1,6,7,7,3,4,5,6,74,6,2,1,2,0,0,0,1,1,0,7,2,2,1,0,1,1,0,0,13,5,0,0,2,2,1,0,0,1,5,5,0,0,0,1,0,0,1,0,3,1,0,0,0,0,1,0,0,0,1,2,0,0,0,0,0,0,0,0,0,0,0,0,0,0,1,0,0,0,3,0,0,0,0,0,0,0,0,0,2
40,0.9,220,0.77,0.8,790,FALSE,FALSE,800,245,44,2,5,11,13,4,4,3,10,79,3,1,1,1,0,0,0,0,1,3,5,0,3,1,0,0,1,2,1,6,4,0,0,0,0,1,1,0,0,10,2,2,1,2,1,0,0,0,1,1,4,0,0,1,1,1,0,0,0,1,0,0,1,0,0,0,0,0,0,3,1,0,0,0,0,1,0,0,0,1,0,0,0,1,0,0,0,0,0,0
50,0.7,110,0.54,0.7,140,FALSE,FALSE,800,247,53,4,3,9,10,5,3,3,8,84,6,0,0,1,1,0,0,0,1,1,7,0,0,1,2,1,1,0,0,10,3,0,1,1,0,3,1,1,0,5,2,1,0,0,1,0,0,0,0,2,2,0,1,1,0,0,0,0,1,2,0,0,0,0,0,0,0,0,0,2,1,0,0,1,1,0,0,0,0,1,0,0,0,0,0,0,0,0,0,0
30,0.8,240,0.96,0.5,530,TRUE,TRUE,800,253,47,5,11,13,16,3,4,6,11,62,8,2,1,2,0,0,1,0,1,2,5,0,1,0,0,1,1,0,0,6,5,0,1,1,4,1,0,2,1,6,3,1,0,0,0,1,0,0,2,4,1,0,0,0,0,0,0,0,1,4,1,0,0,0,0,0,0,0,0,1,2,0,0,1,0,1,0,0,0,0,0,0,0,0,0,0,0,0,1,0
20,0.7,130,0.34,0.4,870,TRUE,FALSE,800,252,51,1,9,9,13,7,4,3,11,77,5,0,2,2,1,0,0,0,1,2,4,0,1,3,1,2,0,1,0,10,5,1,0,1,1,0,0,0,0,5,2,0,0,0,0,0,0,1,0,3,1,0,1,0,1,0,0,0,0,4,1,0,0,0,0,0,0,0,0,1,0,0,0,1,0,0,0,0,0,3,0,0,0,0,0,0,0,0,0,0
10,0.6,100,0.52,0.6,200,TRUE,TRUE,800,248,54,2,4,8,10,2,3,5,5,89,5,1,3,0,0,1,1,0,1,0,6,0,1,0,1,1,0,0,0,15,7,0,0,0,0,2,1,0,1,5,2,0,1,0,0,0,0,1,1,2,0,0,0,0,0,0,0,0,0,2,0,0,0,0,0,0,0,0,0,1,0,0,0,0,0,0,1,0,0,1,0,1,0,0,0,0,0,0,1,1
70,0.7,130,0.44,0.6,750,TRUE,TRUE,800,256,48,6,5,14,12,6,3,8,8,78,5,1,0,1,1,0,1,0,0,1,2,0,0,1,1,1,0,0,0,11,7,1,0,2,2,1,0,0,1,6,4,0,0,0,0,0,1,0,0,4,0,0,1,0,0,1,0,0,0,3,0,0,0,0,1,0,0,0,0,1,2,0,0,0,1,0,0,0,1,2,0,0,0,0,0,0,0,0,0,1
60,0.7,230,0.35,0.4,420,FALSE,TRUE,800,256,50,2,6,19,10,7,3,3,9,79,3,2,1,1,2,0,0,0,0,4,5,0,1,1,1,1,0,0,1,6,6,0,0,3,2,3,0,0,0,8,4,0,0,0,1,0,0,0,0,5,0,0,0,0,0,1,0,0,0,2,0,0,0,0,1,1,0,0,0,1,0,0,0,0,0,0,0,0,0,1,0,1,0,0,0,0,0,0,0,0
50,0.7,150,0.69,0.6,700,TRUE,TRUE,800,253,47,5,4,11,15,3,2,6,11,72,5,0,0,0,3,0,1,0,1,6,7,1,1,2,1,1,0,0,0,15,5,0,4,1,1,1,0,0,1,5,2,0,1,0,0,1,0,1,0,3,1,0,0,0,0,0,0,0,0,2,0,0,0,0,0,0,0,0,0,0,1,0,1,0,0,1,1,0,0,1,0,0,0,0,0,0,0,0,0,0
10,0.7,280,0.49,0.9,450,FALSE,FALSE,800,247,54,2,5,13,10,5,4,8,6,82,3,0,0,1,0,0,0,1,1,0,7,1,0,0,0,1,0,0,1,3,1,0,1,1,3,0,0,0,0,11,2,0,0,0,0,2,0,0,0,2,0,1,0,1,0,0,0,0,2,2,2,0,0,0,0,0,0,0,0,1,1,0,0,1,1,0,0,1,1,1,1,0,0,1,0,0,0,0,0,0
90,0.6,120,0.43,0.8,480,TRUE,TRUE,800,252,46,5,6,14,7,8,4,7,7,83,5,0,2,1,0,0,0,0,0,1,8,1,0,0,0,0,1,1,2,9,5,0,2,3,0,2,0,1,0,8,0,1,2,0,0,0,0,0,0,2,0,0,0,0,0,0,0,0,0,2,1,0,0,0,0,0,0,0,1,1,1,0,0,0,0,0,1,0,1,1,0,0,0,0,0,0,0,0,0,0
30,0.6,300,0.44,0.3,140,FALSE,TRUE,800,246,52,3,7,9,8,6,0,5,12,70,7,0,1,0,2,2,1,0,0,2,11,1,0,1,2,1,0,0,0,7,11,1,0,3,1,1,0,0,0,5,4,0,0,0,0,0,0,0,1,2,0,0,0,0,2,1,1,0,0,2,0,0,0,0,0,0,0,1,0,0,0,0,0,0,0,0,0,0,0,1,0,0,0,0,0,0,0,0,0,0
80,0.5,100,0.79,0.5,710,FALSE,FALSE,800,242,44,5,9,10,16,4,2,7,11,77,5,0,0,2,0,1,1,0,0,0,1,1,1,1,1,0,0,0,2,6,4,0,0,1,2,1,0,0,1,7,3,0,0,0,1,0,0,0,1,1,0,1,0,1,0,0,0,0,0,3,0,0,1,0,1,1,0,0,0,0,2,0,0,0,0,0,0,0,0,1,0,0,0,0,0,0,1,0,0,2
40,0.6,100,0.75,0.3,750,TRUE,TRUE,800,247,42,6,8,14,12,6,2,6,7,79,3,1,1,1,0,1,2,0,1,1,6,0,4,1,1,1,0,0,3,3,7,0,2,0,1,1,0,2,2,8,1,0,1,0,1,0,0,0,1,2,1,0,0,0,0,0,0,0,0,1,0,0,0,0,0,1,0,0,0,0,0,0,0,0,0,0,0,0,0,1,0,0,0,0,0,1,0,1,1,0
90,0.6,180,0.65,0.5,110,FALSE,TRUE,800,252,57,3,5,11,7,5,1,3,7,81,7,0,1,1,2,0,0,1,1,2,7,1,1,0,2,1,0,0,0,7,9,1,1,0,1,1,0,0,1,9,1,0,1,0,0,0,0,1,0,2,1,0,0,0,0,0,1,0,1,2,0,0,0,0,0,0,0,0,0,1,0,0,0,1,0,1,0,0,0,0,0,0,0,0,0,0,0,0,1,2
60,0.9,260,0.5,0.5,440,TRUE,TRUE,800,252,49,2,1,8,10,5,1,2,5,98,5,1,2,3,1,0,0,0,1,2,3,0,1,2,1,0,0,0,0,7,3,0,1,0,0,0,2,0,0,8,3,0,0,0,1,0,0,0,0,4,1,0,0,0,1,0,0,0,0,4,2,0,0,1,0,1,0,2,0,0,2,0,0,0,1,0,1,1,0,3,1,0,0,0,0,0,0,0,0,0
30,0.6,250,0.33,0.9,120,FALSE,TRUE,800,254,43,5,5,9,15,9,3,4,8,84,4,1,0,1,1,1,0,1,2,2,4,0,2,1,1,1,0,0,2,9,7,0,2,1,2,2,0,0,1,7,4,0,0,0,0,0,0,0,0,4,0,0,0,0,0,0,0,0,0,2,0,0,0,0,0,0,0,1,0,1,0,0,0,0,1,0,0,1,0,1,0,0,0,0,0,0,0,0,0,0
40,0.9,200,0.81,0.6,190,FALSE,FALSE,800,245,46,6,3,8,9,2,4,1,4,94,5,1,0,1,1,0,0,0,0,3,3,1,0,0,2,2,0,0,2,10,6,0,1,0,1,1,2,0,2,10,2,0,0,1,0,0,0,0,1,1,1,0,0,0,0,0,1,0,0,3,0,0,0,0,0,0,0,1,0,2,0,0,0,0,1,0,1,0,0,0,0,0,0,0,0,0,0,0,0,0
50,0.8,210,0.44,0.8,810,TRUE,FALSE,800,254,55,0,1,7,9,4,2,1,3,93,6,1,3,1,4,1,0,1,0,2,6,0,0,1,0,1,0,0,1,6,5,0,0,3,1,1,1,0,1,13,2,1,0,1,0,2,0,0,0,3,2,0,1,0,0,0,0,1,0,3,1,0,0,0,0,0,0,1,0,0,0,0,0,0,1,0,0,0,0,2,0,0,0,0,0,0,0,0,0,0
80,0.6,250,0.36,0.5,350,FALSE,FALSE,800,250,51,4,9,17,13,4,3,5,7,70,5,1,1,2,0,0,1,1,0,1,7,0,1,1,1,2,0,1,0,3,8,0,0,0,2,0,1,0,1,7,2,0,0,0,3,0,0,1,0,4,0,0,0,0,0,0,0,0,1,1,0,0,0,0,0,0,0,0,0,0,2,0,0,0,1,0,0,0,1,2,0,0,0,0,0,0,0,0,0,3
20,0.8,270,0.87,0.4,510,TRUE,TRUE,800,250,53,1,1,8,5,5,0,2,8,94,3,3,1,1,3,0,2,1,0,1,7,2,1,0,0,0,0,0,0,6,9,0,0,2,2,1,0,0,1,13,4,0,0,0,0,0,0,1,0,2,1,0,0,0,0,0,0,0,0,1,0,0,0,0,0,0,0,0,0,0,0,0,0,0,1,0,0,0,0,0,1,0,0,0,0,0,0,0,0,4
40,0.8,200,0.84,0.8,230,FALSE,TRUE,800,258,55,7,4,12,9,6,3,2,7,82,7,1,0,3,1,0,0,3,0,5,5,0,0,2,0,2,0,1,0,4,8,0,1,1,2,0,0,0,0,8,3,1,2,0,1,0,0,0,1,0,0,1,0,0,0,0,0,0,0,2,0,0,0,0,0,1,0,0,0,1,0,0,1,0,0,0,0,0,1,0,0,0,1,0,0,0,0,0,0,2
10,0.7,290,0.82,0.6,710,FALSE,TRUE,800,252,52,5,5,14,11,4,3,5,8,71,5,0,2,0,1,0,1,0,2,3,2,2,2,0,1,0,0,0,2,9,5,0,2,1,2,2,0,0,0,4,5,1,0,0,0,1,0,0,0,7,2,0,0,0,0,0,0,1,0,1,1,0,1,0,0,0,1,0,0,0,1,0,0,0,1,0,1,0,1,2,0,0,0,0,0,0,0,0,0,0
90,0.8,130,0.85,0.8,320,FALSE,FALSE,800,241,50,3,4,12,6,5,5,3,4,79,4,0,2,0,5,0,0,0,0,4,7,0,0,2,1,0,0,0,0,4,10,0,0,2,0,0,1,0,0,10,3,1,0,0,0,0,0,1,1,2,0,0,0,0,2,0,0,0,0,2,0,1,0,0,0,0,0,0,1,0,0,0,0,0,1,0,0,1,0,1,0,0,0,0,0,0,0,0,1,1
70,0.7,210,0.49,0.7,800,FALSE,FALSE,800,244,45,3,5,8,6,10,2,4,9,83,4,0,3,0,1,0,0,0,0,3,11,0,1,3,1,0,0,1,0,6,5,0,0,1,0,2,1,0,0,11,4,0,0,0,0,0,1,1,0,4,1,0,0,0,0,0,0,0,0,0,0,0,0,1,0,0,0,0,0,0,0,0,0,0,1,0,0,0,0,1,0,0,0,0,0,0,1,0,0,1
20,0.8,140,0.39,0.9,190,FALSE,TRUE,800,245,48,3,5,11,10,5,3,4,8,82,6,0,2,0,0,1,0,0,0,2,8,1,1,1,1,1,0,0,1,9,5,0,0,2,1,2,0,0,1,6,5,0,1,0,1,0,0,0,1,2,0,0,0,0,0,0,0,0,1,1,1,0,0,0,0,1,0,0,0,0,0,0,0,1,0,0,0,0,0,1,0,0,0,0,0,0,0,0,0,0
100,0.5,290,0.52,0.9,960,TRUE,FALSE,800,249,48,4,8,16,10,10,3,8,9,65,8,0,0,0,2,1,1,0,0,3,5,1,0,2,3,0,0,0,0,7,7,0,1,2,3,1,0,1,2,3,3,0,0,0,0,0,0,0,2,6,0,0,0,0,0,0,0,0,0,0,0,0,0,0,0,0,0,0,0,0,1,1,0,0,1,1,0,1,0,0,0,0,0,0,0,0,0,0,0,0
80,0.9,160,1,0.8,640,FALSE,FALSE,800,246,47,3,8,13,13,6,4,3,14,71,2,0,1,1,0,0,0,0,2,0,5,0,2,0,0,1,1,1,2,4,4,0,1,2,2,2,0,0,2,9,3,1,0,2,1,0,0,0,0,3,2,0,1,0,0,0,0,0,0,2,0,0,0,0,1,0,0,0,0,3,0,0,0,0,0,1,0,0,0,1,0,0,0,0,0,0,0,0,0,0
20,0.7,270,0.86,0.8,320,FALSE,TRUE,800,241,46,5,5,11,8,2,2,8,5,73,7,2,1,1,2,0,0,0,0,2,7,0,1,2,3,0,1,0,1,9,6,0,0,0,1,1,0,1,1,7,2,0,1,0,0,1,0,0,0,2,1,0,1,0,1,0,1,1,0,2,1,0,0,0,0,0,0,0,0,1,0,0,0,0,0,0,1,0,0,0,0,0,1,1,0,0,0,0,1,2
10,0.5,200,0.32,0.7,190,FALSE,FALSE,800,240,46,2,4,15,10,0,4,3,3,85,3,2,1,0,0,1,0,0,0,1,10,0,1,0,2,0,0,1,1,7,7,0,0,0,0,2,0,0,1,7,2,0,1,2,0,0,2,0,0,3,2,0,0,0,0,0,0,0,1,3,1,0,0,0,1,0,0,0,0,0,0,0,0,0,0,0,0,1,0,2,0,0,0,0,0,0,0,0,0,1
70,0.9,100,0.7,0.9,350,FALSE,FALSE,800,241,52,4,6,8,11,7,2,3,7,73,6,1,0,3,2,0,0,0,0,1,5,1,1,0,2,3,0,2,0,5,5,0,1,2,0,0,0,1,0,8,4,0,0,1,0,0,0,0,2,2,2,0,0,0,2,0,0,0,0,0,0,0,0,0,0,0,0,0,0,0,0,1,0,0,1,1,0,0,0,3,0,0,0,0,0,0,0,0,0,1
20,0.6,230,0.93,0.5,190,TRUE,FALSE,800,246,47,4,6,11,8,7,1,5,6,83,6,1,1,1,2,1,0,0,0,0,2,1,1,2,1,0,0,0,2,3,8,0,0,0,2,0,1,0,0,13,4,0,0,0,1,0,0,0,1,1,0,0,0,0,0,2,0,0,1,4,0,0,0,0,1,0,0,0,0,1,2,0,0,0,0,1,0,0,0,2,0,0,0,0,0,0,0,0,0,0
50,0.7,210,0.84,0.6,420,TRUE,TRUE,800,246,51,3,9,13,10,6,4,7,9,73,2,1,1,2,0,0,0,0,0,1,3,1,1,1,1,0,0,0,0,6,5,0,1,1,2,1,0,1,2,5,3,1,1,0,1,0,0,0,1,3,1,0,0,0,1,1,0,0,1,2,0,0,0,0,0,0,0,0,0,2,1,0,1,0,0,0,0,0,0,3,0,0,0,0,0,0,0,0,1,0
50,0.9,150,0.83,0.9,960,TRUE,TRUE,800,254,40,3,4,8,14,5,1,7,5,98,6,2,1,1,0,0,1,0,0,0,4,0,0,3,0,1,0,1,1,15,5,0,0,0,0,4,0,1,0,10,2,0,0,0,0,0,0,0,0,0,1,0,0,0,0,0,0,0,1,5,0,0,0,0,0,0,0,0,0,0,0,0,1,0,1,1,0,0,0,2,0,0,0,0,0,0,0,0,0,0
80,0.9,230,0.48,0.6,510,TRUE,FALSE,1000,233,39,2,4,8,8,5,3,2,7,84,3,1,1,1,2,0,1,0,1,4,6,1,1,2,1,0,0,1,0,8,7,0,1,1,0,2,0,1,0,15,1,0,1,0,1,1,0,0,1,1,0,0,0,0,0,0,0,0,0,0,0,0,0,1,0,0,0,0,1,0,0,0,0,0,0,0,0,0,0,0,0,0,0,0,0,0,0,0,1,2
50,0.6,150,0.93,0.8,410,TRUE,FALSE,1000,236,45,2,4,7,10,4,3,3,9,72,9,2,0,3,0,0,1,0,1,1,10,2,3,2,1,1,0,1,2,8,7,0,0,2,2,0,0,0,0,7,1,0,0,0,0,2,0,0,0,0,2,0,0,1,0,0,0,0,1,3,0,0,0,0,0,0,0,0,0,0,0,0,0,0,0,0,0,0,0,1,0,0,0,0,1,0,0,0,0,1
60,0.8,210,0.43,0.6,830,FALSE,FALSE,1000,228,36,0,10,9,13,6,3,7,9,78,5,0,0,1,1,0,0,0,0,1,2,0,1,0,0,0,0,0,0,7,4,0,1,2,3,2,0,0,1,8,3,0,0,0,0,0,0,1,0,3,0,0,0,0,0,0,0,0,0,3,1,0,0,0,1,0,0,0,1,0,1,0,0,0,0,0,0,1,0,1,0,0,0,0,0,0,0,0,0,3
80,0.5,130,0.77,0.6,810,FALSE,TRUE,1000,232,42,3,1,11,7,0,5,4,7,88,4,1,0,2,0,0,0,0,0,1,7,0,2,0,1,1,0,1,0,18,4,0,0,0,0,1,0,1,0,5,1,0,1,2,1,0,0,0,0,1,1,1,0,0,1,0,0,0,0,2,0,0,0,0,1,0,0,0,0,0,0,0,1,0,0,0,0,0,0,2,0,0,0,0,0,0,0,0,0,1
40,0.9,120,0.42,0.3,700,FALSE,TRUE,1000,234,48,3,1,4,4,3,3,2,7,83,8,2,2,2,0,0,1,0,2,5,7,0,1,0,0,1,0,1,0,8,8,0,0,1,0,0,0,0,0,8,2,1,2,0,0,0,0,1,1,2,1,0,0,0,0,0,0,0,0,3,0,0,1,1,0,0,0,0,0,1,0,0,0,0,0,0,0,1,0,2,0,0,0,0,0,0,0,0,0,1
80,0.7,220,0.86,0.9,830,TRUE,FALSE,1000,235,38,2,4,14,11,5,2,6,6,84,2,1,2,1,0,0,1,0,0,2,10,0,1,1,1,0,0,2,0,9,3,1,1,0,1,2,0,1,0,9,1,0,0,0,0,0,0,0,1,2,0,0,0,0,1,1,0,0,1,1,0,0,0,0,1,0,0,0,1,2,0,0,0,0,0,0,0,0,0,0,0,0,0,0,0,0,0,0,0,1
90,0.8,130,0.47,0.7,280,TRUE,TRUE,1000,233,42,1,4,8,9,6,1,4,5,88,3,0,3,0,2,1,0,1,0,3,4,0,0,1,0,1,0,0,1,11,3,0,1,1,1,1,0,0,2,7,1,0,1,0,1,1,0,0,1,3,1,0,0,0,1,0,0,0,0,2,0,0,0,0,0,1,0,0,0,0,1,0,0,0,1,0,0,0,0,4,0,0,0,0,0,0,0,0,0,0
20,0.6,300,0.71,0.8,570,TRUE,FALSE,1000,238,40,4,4,12,6,5,1,6,7,82,5,2,1,0,0,0,0,2,1,1,7,2,1,1,0,0,0,0,1,14,8,0,0,0,3,1,0,1,0,3,0,1,0,1,1,0,0,0,0,1,1,1,0,0,0,0,0,0,0,2,0,0,0,0,0,0,1,0,1,1,1,0,0,0,1,0,0,0,0,4,1,0,0,0,0,0,0,0,0,0
60,0.8,220,0.86,0.8,950,FALSE,FALSE,1000,231,51,3,0,6,2,3,1,5,2,95,7,2,1,1,0,1,0,0,0,1,2,0,1,1,0,0,0,1,1,7,7,0,0,0,0,1,0,0,0,8,4,0,0,1,1,0,0,1,0,4,2,0,0,0,0,0,0,0,1,1,1,0,0,0,0,1,0,0,0,0,3,0,0,0,0,0,0,0,0,0,0,0,0,0,0,0,0,0,0,2
30,0.5,120,0.8,0.4,650,TRUE,FALSE,1000,238,43,5,7,10,9,4,2,5,7,81,2,2,0,0,1,0,0,0,0,3,8,0,0,1,0,1,1,0,2,5,3,1,0,3,0,1,0,2,1,7,6,0,0,1,0,1,0,0,1,2,1,0,0,0,0,0,0,0,1,3,0,0,0,0,0,1,0,0,0,0,0,0,0,0,0,0,0,0,1,2,1,0,0,0,0,0,0,0,0,1
20,0.5,270,0.32,0.3,920,FALSE,FALSE,1000,233,38,2,5,10,13,6,2,4,6,89,2,0,0,0,2,0,1,0,0,1,7,0,1,2,3,0,0,0,0,12,3,0,1,1,0,2,0,1,1,5,1,0,1,0,0,0,0,0,0,2,0,0,0,0,1,0,1,1,1,2,0,0,0,0,0,0,0,0,0,0,0,0,1,0,0,1,0,0,0,1,0,0,0,0,0,0,0,0,1,0
80,0.7,220,0.92,0.5,820,TRUE,FALSE,1000,225,39,2,5,7,9,5,1,8,5,79,7,0,1,1,1,0,0,1,0,2,4,1,1,0,1,0,0,0,1,10,1,1,1,2,0,1,0,0,1,7,3,1,0,1,0,1,0,0,0,2,1,0,0,0,1,0,0,0,1,1,0,0,0,0,1,0,0,1,0,3,0,1,1,0,0,0,0,0,0,2,0,0,0,0,0,0,0,0,0,0
90,0.6,250,0.44,0.3,530,FALSE,FALSE,1000,235,40,7,5,3,13,6,4,4,9,77,6,1,0,1,0,0,0,0,0,5,4,1,0,2,1,0,2,0,0,6,5,0,2,3,0,0,0,0,0,9,3,1,1,0,0,0,0,0,0,5,1,0,0,0,0,1,0,0,0,1,0,0,0,1,0,0,0,0,0,2,0,0,0,0,0,0,0,0,0,2,0,0,0,0,0,0,0,0,0,2
30,0.9,200,0.45,0.7,930,TRUE,FALSE,1000,230,51,2,5,5,9,3,4,6,4,77,6,0,2,2,0,0,1,0,0,3,5,0,1,1,0,0,0,0,2,8,8,1,0,2,0,0,0,0,0,9,3,0,0,0,0,1,0,1,0,1,0,0,0,1,0,0,0,0,0,0,2,0,0,1,0,0,0,0,0,0,0,0,0,0,0,0,0,0,0,1,1,0,0,0,0,0,0,0,0,2
60,0.7,230,0.36,0.3,520,TRUE,TRUE,1000,236,41,4,10,15,11,4,3,6,8,72,4,0,1,0,1,0,0,1,1,3,6,1,0,0,1,0,0,0,0,8,5,1,1,0,5,1,0,0,5,5,3,0,0,0,0,0,0,0,1,3,1,0,0,0,0,0,0,0,0,1,0,0,0,0,1,0,0,0,0,0,1,0,0,0,0,0,0,0,0,0,0,0,0,0,0,0,0,0,0,2
40,0.6,120,0.68,0.6,460,FALSE,TRUE,1000,228,39,6,0,9,7,5,1,6,4,91,6,3,2,0,0,0,0,0,0,1,2,0,0,1,0,1,0,0,1,12,7,0,0,1,0,0,0,0,0,7,6,0,0,0,0,1,0,0,1,0,0,0,0,0,0,1,0,0,0,2,0,0,0,1,1,0,0,0,0,1,0,0,0,0,1,0,0,0,0,1,1,0,0,0,0,0,0,0,0,0
90,0.9,110,0.9,0.4,700,TRUE,TRUE,1000,228,44,2,3,8,9,3,4,6,4,83,4,2,1,0,1,1,0,0,0,1,1,2,0,0,0,1,0,1,1,9,5,1,0,1,1,0,0,0,1,7,2,2,0,0,0,0,0,2,0,2,0,0,0,0,1,1,0,0,1,1,0,0,0,1,2,0,0,0,0,1,1,0,0,0,0,0,0,0,0,1,0,0,0,0,0,0,0,0,0,4
10,0.8,140,0.86,0.3,200,TRUE,FALSE,1000,225,51,2,2,7,10,3,3,2,8,76,3,1,0,1,0,0,2,1,0,2,5,0,1,1,1,1,1,0,2,7,6,0,1,0,0,1,0,0,1,8,3,0,1,0,0,0,0,0,1,2,0,0,0,1,0,0,0,0,0,0,1,0,0,1,0,0,0,0,0,0,1,0,0,0,0,0,0,0,0,1,0,0,0,1,0,0,0,0,1,2
40,0.8,150,0.45,0.3,150,FALSE,TRUE,1000,231,56,3,2,8,8,4,0,1,5,77,4,0,0,1,0,1,1,0,1,3,14,1,1,0,0,0,1,1,0,6,5,0,0,1,1,0,0,1,0,8,4,0,0,1,0,0,1,0,0,0,1,0,0,0,0,0,0,0,0,1,0,0,0,0,1,1,0,0,0,1,1,0,0,0,0,0,0,0,0,4,0,0,0,0,0,0,0,0,0,1
10,0.6,250,0.57,0.8,780,FALSE,TRUE,1000,235,54,2,2,5,5,6,0,3,3,89,8,1,0,1,0,0,0,1,0,3,2,0,1,1,0,0,0,0,1,10,3,0,0,0,1,2,0,0,1,3,5,0,0,1,0,0,0,0,0,3,4,0,1,1,0,0,0,0,1,1,0,0,0,0,0,1,0,0,0,1,1,0,1,0,0,0,0,1,0,3,1,0,0,0,0,0,1,0,0,1
60,0.9,220,0.49,0.9,880,FALSE,TRUE,1000,232,43,1,4,8,7,5,3,4,3,85,8,0,3,2,0,1,0,0,0,2,6,0,0,1,1,0,0,2,1,4,4,0,0,0,0,0,0,0,0,8,2,0,0,2,2,0,2,0,1,4,0,1,0,0,1,2,0,0,0,3,1,0,0,0,0,0,0,0,0,2,1,0,0,0,0,1,0,0,0,0,0,1,0,0,0,0,0,0,0,1
10,0.8,230,0.68,0.5,800,FALSE,FALSE,1000,228,42,1,3,9,9,6,2,6,7,81,4,1,1,0,0,0,2,0,0,7,3,0,0,1,3,0,0,1,0,9,4,0,0,1,0,1,0,0,2,3,4,0,2,1,0,0,0,0,0,1,0,0,0,0,0,0,0,0,0,3,2,0,0,1,2,0,0,0,0,2,0,0,0,0,0,0,0,0,0,0,0,0,0,1,0,0,0,0,0,1
80,0.7,250,0.81,0.6,1000,TRUE,FALSE,1000,233,49,3,2,10,5,1,2,5,5,83,6,0,0,1,1,1,0,1,0,4,5,1,1,1,1,0,0,0,1,10,5,0,1,0,0,0,0,0,1,10,3,0,0,0,1,1,0,0,0,1,2,1,0,0,0,2,0,0,0,0,0,0,0,0,1,0,0,0,0,0,0,0,0,0,0,0,0,0,1,2,0,0,0,0,0,0,0,0,0,3
20,0.7,170,0.31,0.3,130,FALSE,FALSE,1000,225,42,1,8,5,4,5,2,4,7,86,5,0,1,0,1,0,0,0,0,3,4,0,0,1,0,0,1,0,0,9,4,0,0,1,0,2,0,0,0,8,3,0,0,0,0,0,1,0,1,4,2,0,0,0,0,0,0,0,0,2,2,0,0,0,0,1,0,0,0,1,2,0,0,0,0,0,0,0,0,0,0,0,0,0,0,0,0,0,0,2
70,0.7,250,0.64,0.3,710,FALSE,FALSE,1000,235,37,4,9,5,14,4,4,7,8,85,3,0,0,0,1,0,0,0,0,2,1,0,1,0,2,0,0,0,2,9,4,1,2,2,0,1,0,1,0,6,1,0,1,2,0,0,0,0,0,1,0,0,0,1,0,0,0,0,0,2,2,0,0,0,0,0,0,0,0,3,2,0,0,1,1,0,0,0,0,2,0,0,0,1,0,0,0,0,0,1
50,0.8,260,0.59,0.5,910,FALSE,FALSE,1000,229,38,3,4,8,8,4,2,4,7,88,2,3,0,1,1,0,0,0,1,2,2,1,1,0,1,1,0,0,2,7,3,0,1,1,2,1,2,0,0,8,8,1,0,0,1,0,0,0,1,2,0,0,0,0,0,0,0,0,2,1,0,0,0,0,1,0,0,0,0,1,0,0,0,0,0,0,0,0,1,0,0,0,0,1,0,0,0,0,0,1
30,0.8,120,1,0.7,230,FALSE,FALSE,1000,228,45,3,0,7,6,2,0,6,5,91,7,0,2,0,1,0,0,0,0,3,4,0,0,0,1,1,0,0,0,10,5,0,0,0,1,1,0,0,1,7,3,0,0,0,1,0,1,0,0,3,1,0,0,2,0,0,0,0,0,1,1,0,0,0,1,0,0,0,0,1,1,0,0,0,0,0,0,0,0,1,0,0,0,0,0,0,0,0,1,2
20,0.5,270,0.95,0.3,910,TRUE,FALSE,1000,231,46,5,3,8,12,3,3,4,5,82,3,0,1,0,0,0,1,0,0,2,4,1,0,0,0,1,1,0,0,7,7,0,1,2,2,1,0,1,0,7,0,1,0,0,2,0,0,0,1,1,2,0,0,0,0,0,0,0,1,2,0,0,0,0,1,0,0,0,0,1,1,0,0,0,0,0,0,1,0,1,0,0,0,0,1,0,0,0,0,3
50,0.6,160,1,0.9,950,TRUE,FALSE,1000,231,47,2,4,4,9,5,3,8,7,84,5,1,1,0,1,0,0,1,0,1,3,0,0,1,0,2,0,0,0,9,2,0,2,2,0,0,0,0,0,10,5,0,0,2,0,0,0,0,0,3,1,0,0,0,0,0,0,1,0,1,1,0,0,0,1,0,0,0,0,0,1,0,0,0,0,0,0,0,0,0,0,0,0,0,0,0,0,0,0,2
80,0.7,270,0.93,0.6,460,FALSE,FALSE,1000,235,47,6,3,3,7,2,0,5,2,96,5,0,0,2,0,1,0,1,0,1,5,0,0,1,0,3,0,0,0,13,7,0,0,1,0,1,0,1,0,8,3,0,0,0,1,0,0,0,1,2,3,0,0,0,0,0,0,0,0,0,1,0,0,0,0,0,0,0,0,0,1,0,0,0,1,0,0,0,0,1,0,0,0,0,0,0,0,0,0,1
70,0.6,240,0.83,0.8,790,TRUE,TRUE,1000,233,40,4,6,11,9,8,2,6,6,76,1,1,2,1,0,0,2,0,1,2,5,3,0,1,2,0,0,0,0,8,6,0,1,1,2,1,0,0,1,8,1,0,0,1,1,0,0,0,2,2,0,0,0,0,0,1,0,0,0,2,0,0,0,0,0,0,0,0,0,1,2,0,0,0,0,0,0,0,0,2,0,0,0,0,0,0,0,1,0,1
10,0.7,110,0.46,0.9,430,TRUE,TRUE,1000,231,35,2,4,11,7,8,0,5,10,80,9,1,3,0,0,0,0,2,0,2,5,1,0,1,1,1,0,1,1,7,9,1,1,1,0,2,0,0,0,10,0,0,0,0,0,0,0,0,0,0,0,0,0,0,0,0,0,0,1,3,1,0,0,0,0,1,0,0,0,1,0,0,0,0,0,0,0,0,0,1,1,0,0,0,0,0,0,0,0,2
10,0.5,190,0.84,0.3,840,TRUE,FALSE,1000,238,48,3,8,7,16,7,3,6,9,69,6,1,0,0,0,1,1,1,2,3,5,0,1,1,0,0,0,1,1,4,3,1,3,2,0,0,0,0,0,3,2,0,1,2,0,0,0,0,1,2,0,0,0,1,1,0,0,0,0,1,4,0,1,1,0,0,0,1,0,1,0,0,0,0,0,0,0,0,0,2,0,0,0,0,0,1,0,0,0,1
70,0.6,210,0.86,0.6,780,FALSE,TRUE,1000,232,55,2,4,10,7,4,3,5,5,78,4,1,0,0,0,1,0,0,0,1,5,0,0,0,0,1,0,0,0,6,3,0,0,0,2,2,1,0,0,9,4,0,0,1,0,0,0,0,1,5,3,0,0,0,1,0,0,1,0,2,1,0,0,0,1,0,0,0,0,1,0,0,0,0,0,0,0,0,0,2,1,0,0,0,0,0,0,0,0,0
20,0.7,190,0.38,0.6,300,FALSE,TRUE,1000,235,52,4,6,6,7,4,1,5,4,82,6,0,2,0,0,0,1,1,1,0,3,1,0,1,0,1,1,0,0,8,11,0,0,2,2,0,0,0,1,8,1,1,1,0,1,0,0,0,0,1,2,0,0,0,0,0,0,1,0,1,1,0,0,0,0,0,0,0,0,1,1,0,0,0,1,0,0,0,0,1,0,0,0,0,0,0,0,0,0,1
20,0.5,190,0.71,0.8,320,TRUE,TRUE,1000,228,56,2,0,5,4,4,3,4,1,86,6,0,2,1,0,0,0,1,0,5,7,0,0,1,0,1,0,0,0,9,4,0,1,0,0,0,0,0,0,2,4,0,0,0,1,0,0,0,0,7,0,0,0,0,2,0,0,0,1,2,1,0,0,0,0,0,0,0,0,1,1,0,0,0,0,0,0,0,0,3,0,0,0,0,0,0,0,0,0,1
30,0.6,200,0.67,0.4,130,TRUE,TRUE,1000,240,50,3,10,8,7,4,2,5,5,74,7,2,0,2,2,1,1,1,0,3,8,0,1,1,0,1,0,0,1,8,8,1,0,0,1,1,1,1,1,6,1,0,0,0,1,0,0,0,0,3,0,0,1,0,0,0,0,1,0,1,0,0,0,0,1,0,0,1,0,0,1,0,0,0,1,0,0,0,1,0,0,0,0,0,0,0,0,0,1,0
20,0.9,280,0.52,0.5,710,TRUE,TRUE,1000,234,51,4,1,7,9,3,2,2,6,88,1,3,1,0,0,0,0,0,0,5,6,0,0,2,0,1,0,0,0,10,5,0,1,2,0,1,1,0,0,6,3,0,1,0,0,0,1,0,0,3,1,0,0,1,0,1,0,0,0,1,0,0,0,1,0,0,0,0,0,0,0,0,0,0,1,0,0,0,1,1,0,0,0,0,0,0,0,0,0,1
30,0.9,200,0.46,0.5,750,TRUE,TRUE,1000,238,37,3,6,8,7,2,1,7,3,96,6,1,0,1,1,0,0,0,0,2,3,1,0,3,0,1,1,1,0,9,3,1,0,0,1,1,0,0,4,13,2,0,0,0,2,0,1,0,0,2,0,0,0,1,0,0,1,0,0,1,0,0,0,0,0,0,0,1,0,0,0,0,0,1,2,0,0,0,0,2,0,0,0,0,0,0,0,0,0,0
90,0.5,240,0.41,0.7,820,TRUE,FALSE,1000,228,46,4,5,11,12,6,0,8,11,70,3,0,0,0,1,1,0,0,0,1,3,0,1,1,0,1,0,0,0,4,4,0,0,0,2,0,0,0,0,10,1,0,0,1,1,0,0,0,0,3,1,1,0,1,0,0,0,0,0,1,3,0,0,0,2,0,0,0,0,3,0,1,0,0,1,0,0,0,0,1,1,0,0,1,0,0,0,0,0,1
90,0.5,220,0.75,0.7,670,FALSE,TRUE,1000,230,37,5,4,11,10,4,6,6,4,77,5,3,1,3,0,0,1,1,0,1,4,1,0,2,1,0,1,0,0,7,6,1,0,0,0,2,1,0,3,7,4,0,0,1,0,0,0,0,0,3,0,0,0,0,0,0,0,0,0,1,2,0,0,0,0,0,0,0,0,1,0,0,0,0,1,0,0,0,0,1,0,0,0,0,0,0,0,0,0,2
60,0.8,290,0.57,0.9,390,FALSE,TRUE,1000,230,39,1,4,7,8,6,4,1,8,89,8,0,0,0,1,0,1,0,0,1,6,0,0,2,0,3,0,0,2,11,2,0,1,1,3,0,2,1,0,6,2,0,2,0,0,0,0,0,0,2,0,0,0,0,0,0,0,0,0,1,0,0,0,1,0,0,0,0,0,1,0,0,0,0,0,0,0,0,2,0,0,0,0,0,0,0,0,0,0,2
70,0.5,220,0.39,0.6,770,FALSE,TRUE,1000,235,38,3,3,13,5,14,4,6,1,86,4,1,0,1,0,0,1,0,0,2,3,2,0,0,1,0,0,0,1,6,4,0,1,1,2,0,0,0,1,11,4,0,0,0,1,1,0,0,0,3,1,0,0,1,1,0,0,0,0,1,0,0,0,0,0,0,0,0,0,2,0,0,0,0,0,0,0,1,0,2,0,0,1,0,0,0,0,0,0,2
30,0.5,280,0.44,0.9,940,TRUE,FALSE,1000,228,46,3,7,9,8,6,2,7,3,75,4,0,0,0,0,0,1,1,0,2,6,1,1,3,1,2,0,0,0,12,10,0,0,0,1,0,0,0,0,4,3,0,0,0,0,1,0,1,0,0,2,0,0,0,1,1,0,0,0,2,0,0,0,0,0,0,0,0,0,0,1,0,0,0,0,0,0,0,0,0,0,0,0,0,0,0,0,0,0,2
90,0.6,100,0.35,0.5,860,TRUE,TRUE,1000,234,40,3,4,11,7,8,2,5,5,85,3,0,1,1,1,0,0,0,1,1,6,0,1,0,0,0,0,0,2,9,6,0,0,1,1,1,0,0,0,10,0,0,0,1,2,0,0,0,1,2,1,0,1,1,0,1,0,0,0,2,0,0,0,1,1,0,0,0,1,1,0,1,0,0,0,0,0,0,0,2,0,0,0,0,0,0,0,0,0,1
20,0.7,100,0.31,0.8,610,FALSE,FALSE,1000,223,40,1,2,6,2,5,1,2,7,93,7,0,2,0,0,1,0,0,1,2,2,0,1,0,0,0,0,0,1,7,6,0,0,0,1,0,0,1,0,9,4,2,0,2,0,1,0,0,1,4,2,0,0,0,0,0,0,0,0,2,0,0,0,0,0,1,0,1,0,0,0,0,0,1,0,0,0,0,0,1,0,0,0,0,0,0,0,0,0,2
20,0.8,180,0.98,0.3,1000,FALSE,FALSE,1000,227,44,2,4,5,6,6,2,5,5,83,5,1,0,0,0,2,0,1,1,3,9,1,0,0,0,0,0,0,0,10,9,0,1,1,0,1,0,0,1,6,1,0,0,0,0,1,0,0,0,3,1,0,0,0,0,0,0,0,1,1,1,1,0,0,0,1,0,0,0,0,0,0,0,0,0,0,0,0,0,2,0,0,0,0,0,0,0,0,0,1
70,0.7,140,0.95,0.9,920,TRUE,FALSE,1000,233,44,2,4,12,8,6,3,7,4,77,6,0,0,0,0,0,0,1,1,2,3,0,2,1,1,2,0,0,0,7,8,0,2,2,2,0,1,0,1,5,4,1,0,0,1,0,1,0,0,4,0,0,0,0,1,0,0,0,0,1,1,0,0,0,0,0,0,0,1,0,0,0,0,1,1,0,0,0,0,1,0,0,0,0,0,0,0,0,0,2
90,0.9,270,0.44,0.5,810,TRUE,FALSE,1000,234,48,2,5,6,7,2,0,4,5,81,12,1,1,1,0,1,0,2,0,3,7,1,0,2,0,0,1,0,0,7,4,1,0,0,2,1,0,1,0,9,4,0,1,0,0,0,2,0,0,1,0,0,0,0,0,0,0,0,0,1,1,0,0,0,0,1,0,1,0,2,0,0,0,0,0,0,0,0,1,1,0,0,0,1,0,0,0,0,0,1
80,0.9,300,0.53,0.5,170,FALSE,FALSE,1000,235,48,1,3,12,9,4,1,3,2,88,7,1,1,0,1,0,0,0,0,3,4,0,0,1,2,0,1,0,1,8,3,0,1,0,2,0,1,1,0,8,4,0,1,1,0,0,0,0,0,0,2,0,0,0,1,0,1,0,0,2,1,0,0,0,0,0,0,0,0,0,0,0,0,0,1,1,0,0,0,4,0,0,0,0,0,0,0,0,0,0
60,0.5,280,0.65,0.8,380,TRUE,FALSE,1000,231,37,4,4,8,12,8,3,7,5,79,2,2,0,1,1,0,0,0,0,3,1,1,2,1,1,2,0,0,1,6,9,0,2,1,2,2,0,0,0,9,2,1,0,1,1,1,1,0,0,3,0,0,0,0,0,0,0,0,0,1,0,0,0,1,0,0,0,0,0,1,1,0,0,0,0,0,0,0,0,1,0,0,0,0,0,0,0,0,0,1
90,0.8,220,0.59,0.8,930,FALSE,FALSE,1000,231,38,3,5,7,13,7,1,3,8,86,4,0,0,2,0,0,1,0,0,2,3,1,0,2,0,1,0,1,0,5,7,0,1,3,0,4,0,0,1,7,1,0,0,0,0,0,0,0,0,5,0,0,0,0,0,0,1,0,0,2,0,0,0,0,0,0,0,0,0,0,0,0,1,0,0,2,0,0,1,3,0,0,0,0,0,0,0,0,0,0
100,0.5,270,0.62,0.5,390,TRUE,TRUE,1000,232,49,4,4,8,6,6,0,4,6,88,4,1,0,0,1,0,1,1,0,1,2,0,0,0,0,0,0,0,1,5,5,0,0,1,2,1,1,1,1,10,4,0,0,0,0,0,0,0,0,1,0,0,0,0,1,0,0,0,1,3,1,0,0,0,1,0,0,0,0,2,0,1,0,0,0,0,0,1,0,0,1,0,0,0,0,0,0,0,0,2
90,0.6,270,0.74,0.9,930,TRUE,TRUE,1000,236,42,3,7,13,12,6,5,1,15,71,4,1,0,1,2,2,0,0,1,0,3,1,2,1,0,1,0,0,0,13,7,0,2,2,1,0,0,1,0,3,2,0,0,1,0,0,0,0,0,5,0,0,0,0,0,0,0,0,1,1,0,0,0,1,0,0,0,0,0,0,0,0,0,0,0,0,0,0,0,1,0,0,0,1,0,0,0,0,0,1
70,0.7,190,0.59,0.7,410,TRUE,TRUE,1000,232,44,4,2,5,9,2,3,4,2,95,3,0,1,1,1,0,0,0,0,3,6,0,0,1,0,1,0,0,1,9,8,1,0,0,0,2,0,2,1,9,3,0,0,0,1,0,0,0,0,0,1,0,0,0,0,0,0,0,0,2,0,0,0,0,0,1,0,0,0,2,0,0,0,0,0,0,0,0,0,1,1,0,0,0,0,0,0,0,0,1
80,0.5,220,0.34,0.4,550,TRUE,FALSE,1000,228,48,1,3,6,2,5,0,2,5,93,4,2,0,0,1,3,0,1,0,3,4,0,1,0,0,0,0,0,1,8,7,0,0,1,0,1,0,0,2,10,4,1,0,1,0,0,0,0,0,2,0,0,0,0,0,1,0,0,1,1,0,0,0,0,0,0,0,0,0,1,0,0,0,0,0,0,0,0,0,0,1,0,0,0,0,0,0,0,0,2
80,0.9,250,0.88,0.7,850,FALSE,TRUE,1000,240,48,1,8,5,7,2,2,5,6,84,9,0,1,1,1,0,0,0,1,3,9,0,1,2,1,1,0,0,0,8,5,1,0,1,1,0,0,0,1,6,4,0,0,0,1,0,0,1,0,4,3,0,0,0,0,0,0,0,0,1,0,1,0,0,0,0,0,0,1,0,1,0,0,0,0,0,0,0,0,0,0,0,0,0,0,0,0,0,0,3
80,0.9,220,0.54,0.9,260,FALSE,FALSE,1000,228,50,2,4,9,4,6,2,6,6,74,9,0,1,1,1,0,0,0,0,0,3,0,0,0,0,0,1,0,0,9,6,1,0,1,0,2,0,0,0,5,4,0,1,2,0,0,0,0,1,2,3,0,0,0,1,0,0,0,1,1,0,0,0,0,0,0,0,0,0,2,1,0,0,0,1,0,0,0,1,3,1,0,0,0,0,0,0,0,0,1
50,0.5,300,0.87,0.3,660,FALSE,FALSE,1000,232,33,2,5,9,14,3,3,3,13,81,8,1,0,0,0,0,0,0,1,2,2,0,0,1,1,0,1,0,0,12,4,0,1,1,1,3,0,0,0,9,2,0,1,2,1,0,0,0,0,3,1,0,1,0,0,0,0,0,1,1,1,0,0,0,1,0,0,0,0,2,0,0,0,0,0,0,0,0,0,1,1,0,0,0,0,0,0,0,0,0
90,0.6,210,0.71,0.3,180,TRUE,FALSE,1000,226,45,5,5,6,13,2,0,7,6,70,8,1,0,0,1,1,0,1,0,0,6,0,0,2,0,2,0,0,0,4,9,2,0,2,0,1,0,0,1,12,5,0,0,0,1,1,0,0,1,0,0,0,0,0,0,0,0,0,1,2,0,0,0,0,0,1,0,0,0,0,0,0,0,0,0,0,0,0,0,1,0,0,0,0,0,0,0,0,0,2
70,0.8,200,0.49,0.5,310,FALSE,TRUE,1000,228,39,2,8,9,10,3,3,4,11,75,8,1,0,0,1,1,0,1,0,2,4,0,0,0,1,0,0,0,1,11,7,0,1,3,0,1,0,0,0,8,1,0,0,1,0,0,0,0,0,2,0,0,1,0,0,0,0,0,0,1,0,0,0,1,1,0,0,0,0,0,0,0,0,1,0,0,0,0,1,2,0,0,0,0,0,0,0,0,0,2
100,0.6,300,0.58,0.9,630,FALSE,FALSE,1000,225,47,4,1,5,7,5,0,4,4,86,5,0,1,1,1,0,1,0,2,2,2,0,0,0,1,0,0,0,0,4,7,0,1,0,0,1,1,0,2,8,3,0,1,0,2,0,0,0,0,5,0,0,1,0,0,0,0,0,0,3,0,0,0,0,1,0,0,0,0,2,1,0,0,0,0,0,0,0,0,0,0,0,0,0,0,0,0,0,1,3
70,0.5,150,0.61,0.4,950,TRUE,FALSE,1000,230,40,3,8,11,13,5,2,6,4,75,3,0,0,1,1,1,1,1,0,1,2,0,1,1,2,0,0,1,3,6,4,0,1,2,1,1,2,0,0,9,2,0,1,0,1,0,0,1,0,1,2,0,0,0,0,0,1,0,2,1,0,0,0,0,1,0,0,0,0,1,3,0,0,0,0,0,0,0,0,0,0,0,0,0,0,0,0,0,0,2
40,0.9,210,0.56,0.4,280,TRUE,FALSE,1000,228,46,3,2,4,4,3,0,5,3,94,2,2,1,3,0,1,0,0,2,2,9,0,0,1,0,0,0,0,0,8,6,0,0,2,0,1,0,1,0,10,0,0,0,0,0,0,1,0,0,1,1,1,0,0,0,0,0,0,2,3,0,0,0,0,1,0,0,0,0,0,0,0,0,0,1,0,0,0,1,0,0,0,0,1,0,0,0,0,0,1
100,0.8,280,0.56,0.7,170,FALSE,FALSE,1000,234,45,3,2,8,9,5,3,4,8,83,2,2,1,1,2,0,0,0,0,3,7,0,1,1,0,1,1,0,1,9,2,0,1,1,1,1,0,0,2,8,3,0,0,1,0,0,1,0,0,3,1,0,0,2,0,1,0,0,0,1,0,0,0,1,0,0,0,0,0,0,1,0,0,0,0,0,0,0,0,0,0,0,0,0,0,0,0,0,0,2
80,0.5,280,0.96,0.5,1000,FALSE,TRUE,1000,243,48,3,3,5,8,2,4,7,1,87,5,1,0,3,0,0,1,1,0,2,12,0,2,1,3,1,0,0,1,8,2,0,2,0,0,0,1,0,2,9,2,0,0,1,0,2,0,1,0,2,1,0,0,0,0,0,0,0,1,1,0,0,0,0,1,0,0,0,0,1,2,0,0,0,0,0,0,0,0,2,0,0,0,1,0,0,0,0,0,1
20,0.8,210,0.33,0.9,110,TRUE,FALSE,1000,230,53,0,2,6,2,3,2,2,5,92,2,1,0,1,1,1,0,0,1,2,2,0,1,1,1,0,1,0,1,11,6,1,0,1,1,0,0,0,0,8,6,0,0,1,0,1,0,0,0,2,1,1,0,2,0,0,0,0,0,1,0,0,0,0,0,1,0,0,0,0,0,1,0,0,0,0,0,0,0,0,0,1,0,0,0,0,0,0,0,2
40,0.9,220,0.77,0.8,790,FALSE,FALSE,1000,232,42,2,4,5,5,3,0,4,5,89,6,1,0,1,1,2,0,1,0,5,7,0,2,1,3,1,0,0,0,9,5,0,0,0,0,2,0,0,0,7,2,1,2,1,1,0,0,0,0,0,0,0,0,0,0,0,0,0,1,3,0,0,0,0,0,1,0,0,0,2,1,0,0,0,0,0,0,0,0,4,0,0,0,0,0,1,0,0,0,0
50,0.7,110,0.54,0.7,140,FALSE,FALSE,1000,229,44,1,0,11,3,3,3,5,3,91,4,1,0,1,1,1,0,1,0,1,3,0,2,1,2,0,0,0,0,15,7,0,0,2,2,2,0,0,1,5,2,0,1,0,1,0,0,0,0,3,0,0,1,0,0,1,0,0,0,1,0,0,0,0,0,0,0,0,0,1,0,0,0,0,0,0,0,0,0,1,0,0,0,0,0,0,0,0,0,2
30,0.8,240,0.96,0.5,530,TRUE,TRUE,1000,229,41,5,4,11,9,3,5,8,6,71,4,2,0,1,0,0,2,1,0,1,5,0,0,1,0,0,0,0,1,7,5,1,1,0,2,2,0,3,1,6,1,0,1,0,1,0,0,0,0,3,2,1,0,0,0,0,1,0,1,3,0,0,1,0,0,1,0,1,0,0,1,0,0,1,0,0,0,0,0,1,0,0,0,0,0,0,0,0,0,1
20,0.7,130,0.34,0.4,870,TRUE,FALSE,1000,232,32,2,9,9,14,6,3,6,9,84,3,0,1,0,0,0,0,0,2,3,1,0,1,1,0,2,0,0,1,8,8,0,0,0,3,0,0,1,4,6,0,0,1,0,0,0,0,0,0,2,0,0,0,0,2,0,0,0,0,2,0,0,0,0,0,1,0,0,0,1,0,1,0,0,0,0,0,0,0,1,1,0,0,0,0,0,0,0,0,2
10,0.6,100,0.52,0.6,200,TRUE,TRUE,1000,233,46,4,5,8,7,5,1,2,10,83,2,2,2,0,1,0,0,0,0,1,5,0,0,0,0,0,0,2,1,7,10,0,0,2,1,0,0,1,0,10,0,0,0,1,1,1,0,0,0,3,1,0,0,1,0,0,0,0,1,2,0,0,0,0,0,0,0,0,0,0,0,0,0,1,0,0,0,0,0,1,0,0,0,0,0,0,0,0,0,3
70,0.7,130,0.44,0.6,750,TRUE,TRUE,1000,226,39,4,5,11,9,3,3,4,9,74,4,1,0,2,0,2,0,1,1,2,3,0,1,0,0,0,0,1,1,12,7,0,1,0,3,0,0,0,1,6,1,1,0,1,2,0,0,0,0,2,0,0,0,0,0,0,0,0,0,3,0,0,0,0,0,0,0,0,0,0,2,0,0,1,0,0,0,0,1,2,0,0,0,0,0,0,0,1,0,0
60,0.7,230,0.35,0.4,420,FALSE,TRUE,1000,235,52,0,1,6,8,4,3,3,5,92,2,1,1,1,1,0,0,1,1,2,2,0,0,1,0,0,0,0,1,9,4,0,0,0,0,1,0,0,0,9,2,2,0,3,2,0,0,0,0,1,2,0,1,0,1,0,0,0,0,2,0,1,0,0,1,0,0,0,0,3,2,0,0,0,0,0,0,0,0,2,0,0,0,0,0,0,0,0,0,0
50,0.7,150,0.69,0.6,700,TRUE,TRUE,1000,230,43,1,5,7,10,2,1,8,4,94,1,1,0,1,0,0,0,0,0,3,2,0,0,0,2,0,0,0,1,10,4,0,1,1,1,0,0,1,0,7,4,1,0,1,0,0,0,1,0,2,0,0,0,1,1,0,0,0,0,1,0,0,0,0,0,0,0,0,1,1,1,0,0,0,0,1,0,0,0,1,1,0,0,0,1,0,0,0,0,1
10,0.7,280,0.49,0.9,450,FALSE,FALSE,1000,234,55,4,4,6,2,5,1,2,6,85,3,2,0,3,0,1,0,0,0,3,4,1,0,1,0,1,0,1,2,10,4,0,0,2,0,0,0,0,1,4,4,0,0,0,1,0,0,0,1,4,0,1,0,0,1,0,1,0,0,0,0,0,0,0,0,0,0,0,0,2,2,0,0,0,0,0,0,0,0,4,0,0,0,0,0,0,0,0,0,1
90,0.6,120,0.43,0.8,480,TRUE,TRUE,1000,228,53,7,0,7,5,4,2,4,7,78,4,0,1,0,1,0,0,0,1,1,1,0,1,0,1,0,1,1,0,8,9,1,1,2,1,1,0,0,0,4,4,0,0,0,3,1,0,0,0,0,1,0,0,0,0,0,0,0,0,3,0,0,0,0,0,0,0,0,0,1,2,0,1,0,0,0,0,0,0,5,0,0,0,0,0,0,0,0,1,0
30,0.6,300,0.44,0.3,140,FALSE,TRUE,1000,232,44,5,4,5,10,5,4,4,9,79,5,1,1,1,1,0,1,0,0,0,5,0,2,1,1,0,1,0,0,8,4,1,0,1,0,1,0,2,1,8,1,2,1,0,0,0,0,0,2,2,2,0,0,0,0,0,0,0,0,2,0,0,0,0,1,0,0,0,0,0,1,0,0,1,0,0,0,0,0,0,1,0,0,0,0,0,0,0,0,2
80,0.5,100,0.79,0.5,710,FALSE,FALSE,1000,232,46,4,6,6,5,5,4,3,8,83,4,0,1,0,0,0,0,0,0,0,9,0,0,1,2,0,1,1,1,13,5,0,2,2,1,0,0,0,0,3,4,0,0,0,0,0,0,0,1,1,1,1,0,0,0,1,0,0,0,2,0,0,0,1,0,0,0,0,0,0,1,0,0,0,0,0,0,1,0,1,0,0,0,0,0,0,0,0,0,2
40,0.6,100,0.75,0.3,750,TRUE,TRUE,1000,232,43,0,3,6,8,8,2,2,8,92,4,0,1,1,0,0,0,0,1,1,4,0,0,1,0,0,0,0,0,7,6,1,0,4,2,0,0,0,1,9,2,0,1,0,2,0,0,0,1,2,1,0,0,0,0,0,0,0,0,2,0,0,0,0,1,0,0,0,1,0,1,0,0,0,0,0,0,0,0,2,0,0,0,0,0,0,0,0,0,2
90,0.6,180,0.65,0.5,110,FALSE,TRUE,1000,229,35,2,3,12,9,5,3,3,6,90,3,2,0,0,0,0,0,1,0,8,2,0,0,1,1,1,0,0,0,6,5,0,0,3,2,1,0,0,1,5,0,2,0,0,1,1,0,0,0,2,0,0,0,0,0,0,0,0,2,3,1,0,0,0,1,0,0,1,0,0,0,0,0,0,0,0,0,1,0,1,1,0,0,0,0,0,0,0,0,3
60,0.9,260,0.5,0.5,440,TRUE,TRUE,1000,237,46,1,1,8,9,1,2,2,5,96,4,1,1,1,1,1,0,0,2,4,4,0,0,2,0,0,0,1,0,5,4,0,1,0,0,1,0,0,0,8,3,1,0,0,2,1,0,0,2,6,0,0,1,0,0,0,0,0,1,1,1,0,0,0,1,1,0,0,0,0,1,0,0,0,0,0,0,0,0,2,1,1,0,0,0,0,0,0,0,0
30,0.6,250,0.33,0.9,120,FALSE,TRUE,1000,234,35,3,3,12,11,7,2,3,7,87,8,2,1,0,0,0,0,0,1,4,6,1,0,1,0,1,0,1,0,7,6,1,0,2,1,0,0,1,2,8,2,0,0,0,1,0,0,0,0,1,0,0,0,0,0,0,0,0,0,2,0,0,0,1,0,1,0,0,0,0,1,0,0,0,0,0,0,0,0,0,0,0,0,0,0,0,0,0,0,2
40,0.9,200,0.81,0.6,190,FALSE,FALSE,1000,228,41,1,4,10,9,9,0,3,6,85,2,2,0,0,0,1,1,1,1,1,5,2,0,0,1,1,0,1,0,13,5,0,0,1,0,2,0,0,0,7,2,1,0,1,1,0,0,0,0,2,0,0,0,0,0,0,0,0,0,1,0,0,0,0,0,1,0,0,1,1,0,0,1,0,0,0,0,0,0,0,1,0,0,0,0,0,0,0,0,1
50,0.8,210,0.44,0.8,810,TRUE,FALSE,1000,236,39,4,4,10,8,9,0,6,6,88,3,1,0,2,0,1,0,0,0,3,2,0,0,0,0,1,0,0,0,9,5,0,0,2,1,1,0,0,0,9,5,1,2,1,0,0,0,0,1,3,0,0,0,0,0,1,0,0,0,2,0,0,0,0,0,1,0,0,0,1,0,0,0,0,0,1,0,1,0,0,0,0,0,1,0,0,0,0,0,2
80,0.6,250,0.36,0.5,350,FALSE,FALSE,1000,230,55,2,1,4,8,2,2,3,8,87,2,0,0,4,0,1,0,0,1,1,5,0,0,0,0,0,0,0,0,9,8,0,0,0,0,1,0,1,0,9,1,0,1,2,0,0,0,0,0,1,0,0,0,1,0,0,0,0,0,3,0,0,0,0,1,0,0,0,0,2,1,0,0,0,0,0,0,0,0,1,0,0,0,0,0,0,1,0,0,2
20,0.8,270,0.87,0.4,510,TRUE,TRUE,1000,232,35,2,7,11,13,3,2,7,10,81,8,0,0,2,0,1,0,0,0,2,2,1,0,0,1,1,0,1,0,4,8,0,1,2,3,0,0,0,2,7,0,0,0,0,0,0,0,1,0,5,0,0,0,0,0,0,0,0,0,0,0,0,0,0,0,0,0,0,0,2,0,0,0,0,0,1,1,1,1,1,0,0,0,0,0,2,0,0,1,0
40,0.8,200,0.84,0.8,230,FALSE,TRUE,1000,229,47,2,2,7,10,2,3,6,4,85,3,1,1,0,0,0,0,1,0,2,5,2,2,0,2,0,0,0,0,8,5,0,1,2,0,1,1,0,1,7,2,1,0,1,1,1,0,0,1,3,1,0,0,0,0,0,0,0,1,1,0,0,0,0,1,0,0,0,0,0,0,0,0,0,0,0,0,0,0,1,1,0,0,0,0,0,0,0,0,1
10,0.7,290,0.82,0.6,710,FALSE,TRUE,1000,233,49,2,3,8,7,4,9,5,8,69,7,0,0,2,3,1,0,1,0,1,2,1,1,1,0,0,0,1,0,7,6,0,0,2,0,1,0,0,0,5,3,0,0,0,0,1,0,0,0,3,6,0,1,1,0,0,0,0,0,0,1,0,0,0,0,1,0,0,0,2,2,1,0,0,0,0,0,0,0,1,1,0,0,0,0,0,0,1,2,1
90,0.8,130,0.85,0.8,320,FALSE,FALSE,1000,235,43,5,3,10,7,7,1,3,5,77,11,2,0,0,0,1,1,0,0,3,1,1,0,0,1,1,1,0,2,11,8,0,1,0,3,0,0,1,3,5,1,1,0,0,0,0,0,0,0,2,3,1,0,0,0,0,0,1,0,1,1,0,0,0,0,0,0,0,0,1,0,1,0,1,0,2,0,0,1,0,0,0,0,0,0,0,0,1,0,0
70,0.7,210,0.49,0.7,800,FALSE,FALSE,1000,232,49,2,0,8,5,5,0,4,5,91,5,2,0,1,0,0,0,0,1,0,5,1,2,0,1,1,0,1,1,7,4,0,1,0,1,3,1,0,0,10,4,1,0,0,0,0,0,0,0,4,2,0,0,0,0,0,0,0,0,0,0,0,0,0,1,0,0,0,0,0,1,0,0,0,0,0,0,0,1,0,0,0,0,0,0,0,0,0,0,2
20,0.8,140,0.39,0.9,190,FALSE,TRUE,1000,231,43,1,4,7,10,3,3,5,6,83,4,1,0,0,1,0,0,0,0,2,11,0,0,1,0,0,0,1,0,7,6,1,0,3,1,1,0,0,0,8,3,1,0,0,0,0,0,1,0,2,1,0,1,1,1,0,0,0,0,0,0,0,0,1,0,0,0,0,0,2,1,0,0,0,0,0,0,0,0,1,1,0,0,0,0,0,0,0,0,2
100,0.5,290,0.52,0.9,960,TRUE,FALSE,1000,234,44,0,7,10,8,3,0,4,5,82,6,0,0,1,0,0,0,1,1,7,8,0,0,0,1,1,1,0,2,6,8,0,0,1,1,1,0,0,0,9,1,0,0,0,2,0,0,0,1,0,1,0,0,1,0,0,0,0,0,5,0,0,0,0,0,0,0,1,0,0,0,0,1,0,1,0,0,0,0,0,0,0,0,0,0,0,0,0,0,3
80,0.9,160,1,0.8,640,FALSE,FALSE,1000,227,55,3,2,3,5,3,0,6,2,89,2,1,1,1,1,1,0,0,1,2,2,1,0,0,0,0,0,1,0,4,5,1,0,0,1,1,0,0,1,10,6,0,0,0,0,0,0,0,1,2,3,0,0,0,0,1,0,0,0,3,0,0,0,0,0,0,0,0,0,2,0,0,0,0,1,0,0,0,0,1,0,0,0,1,0,0,0,0,0,2
20,0.7,270,0.86,0.8,320,FALSE,TRUE,1000,236,40,2,4,10,11,4,1,7,6,84,5,1,0,1,2,0,0,0,0,2,7,1,1,1,0,0,1,0,2,8,4,2,0,3,1,2,0,0,0,8,1,0,0,1,0,1,0,1,0,0,0,0,0,0,0,0,0,0,1,2,1,0,0,0,0,0,0,0,0,0,0,0,0,0,1,1,0,0,0,4,0,0,0,0,0,0,0,0,0,2
10,0.5,200,0.32,0.7,190,FALSE,FALSE,1000,239,43,5,5,10,9,9,3,3,4,79,6,2,0,2,0,1,1,0,0,1,5,1,0,0,0,0,0,1,0,11,5,0,0,2,1,0,0,0,1,6,4,0,0,3,0,0,0,0,0,2,0,0,1,1,0,1,1,1,0,1,1,0,1,0,1,0,0,0,0,3,0,0,0,0,0,0,0,0,0,1,0,0,0,0,1,0,0,0,0,1
70,0.9,100,0.7,0.9,350,FALSE,FALSE,1000,227,42,0,4,9,8,2,1,8,4,81,6,0,2,1,6,1,1,0,0,3,5,0,0,1,0,0,1,0,1,6,3,1,0,1,3,1,0,0,1,10,1,1,0,1,0,0,0,1,0,1,2,0,0,0,1,0,0,0,0,2,0,0,0,0,0,0,0,0,0,0,0,0,0,0,0,0,0,1,1,1,0,0,0,0,0,0,0,0,0,2
20,0.6,230,0.93,0.5,190,TRUE,FALSE,1000,228,40,2,6,15,9,4,6,2,9,73,2,0,2,0,3,0,0,0,1,3,3,0,1,1,0,2,0,0,1,7,7,0,0,4,1,0,0,0,0,7,1,0,2,2,0,0,0,0,0,2,0,0,0,1,0,1,0,0,0,3,0,0,0,0,1,0,0,0,0,2,0,0,0,0,0,0,0,0,0,1,1,0,0,0,0,0,0,0,0,1
50,0.7,210,0.84,0.6,420,TRUE,TRUE,1000,228,46,4,5,10,13,6,0,5,5,69,1,0,2,0,1,0,1,1,0,3,7,0,0,0,0,1,1,0,0,7,8,0,1,3,1,1,0,0,3,7,1,0,0,0,0,0,0,0,0,2,2,0,1,1,0,0,0,1,0,0,0,0,1,1,1,0,0,0,0,1,1,0,0,0,0,0,0,0,1,2,0,0,0,0,0,0,0,0,0,1
50,0.9,150,0.83,0.9,960,TRUE,TRUE,1100,224,34,1,3,12,5,5,2,6,3,99,0,1,2,2,0,0,0,0,0,2,6,0,0,0,1,1,0,2,0,8,4,1,0,0,1,1,1,0,0,5,1,0,0,1,0,1,0,2,0,2,1,0,0,0,0,0,0,0,0,2,0,1,0,0,0,0,0,0,0,2,0,0,0,0,0,0,0,0,0,1,0,0,0,0,1,0,0,0,1,1
80,0.9,230,0.48,0.6,510,TRUE,FALSE,1100,220,41,3,5,7,1,6,3,3,2,86,5,1,0,1,1,0,0,1,0,3,7,1,1,0,0,0,0,0,0,9,9,0,0,1,2,1,0,0,1,5,0,1,0,1,0,0,0,0,0,3,0,0,0,1,0,1,0,1,2,0,0,0,0,0,0,0,0,0,0,1,1,0,0,0,0,0,0,0,0,0,1,0,0,0,0,0,0,0,0,2
50,0.6,150,0.93,0.8,410,TRUE,FALSE,1100,228,37,4,4,11,7,3,3,6,5,85,4,0,0,1,0,1,0,0,1,3,8,0,0,0,1,1,1,0,0,11,5,0,1,1,2,0,1,0,0,2,4,0,1,2,0,0,0,1,0,5,0,0,0,1,0,0,0,0,0,2,0,0,0,0,0,0,0,0,0,0,0,0,0,0,0,0,0,0,0,1,0,0,0,0,0,0,0,1,0,2
60,0.8,210,0.43,0.6,830,FALSE,FALSE,1100,219,43,1,1,3,0,7,1,2,6,90,6,0,2,1,0,0,2,0,0,2,4,1,0,0,0,0,0,0,1,11,10,0,0,0,0,3,0,0,0,7,3,1,0,1,0,0,0,0,2,0,0,0,0,0,0,1,0,0,0,2,0,0,0,0,0,0,0,0,0,0,1,1,0,0,0,0,0,0,0,2,0,0,0,0,0,0,0,0,0,2
80,0.5,130,0.77,0.6,810,FALSE,TRUE,1100,226,37,6,3,8,10,3,1,3,11,87,5,0,0,1,0,1,0,0,0,1,4,0,0,0,1,0,1,0,0,8,1,0,2,2,0,2,1,0,2,5,2,0,0,1,1,2,0,0,1,4,0,0,0,0,0,1,1,0,0,0,2,0,0,0,0,1,0,0,0,0,0,0,0,1,0,0,0,0,0,2,0,0,0,0,0,0,0,0,0,1
40,0.9,120,0.42,0.3,700,FALSE,TRUE,1100,223,36,2,3,5,6,6,2,1,6,93,5,1,2,1,0,0,0,0,2,2,5,1,0,0,0,0,0,2,0,12,6,0,0,3,0,1,0,0,0,9,2,0,0,1,0,0,0,0,0,2,0,0,0,0,1,0,0,0,0,1,0,0,0,0,0,0,0,0,1,0,0,0,0,0,0,1,0,0,0,0,0,0,0,0,1,0,0,0,0,2
80,0.7,220,0.86,0.9,830,TRUE,FALSE,1100,216,41,3,3,4,3,4,1,4,6,83,4,2,2,0,0,0,0,0,3,4,7,0,1,0,0,0,0,0,0,11,7,0,1,0,2,0,1,0,1,2,1,1,0,0,0,0,0,0,0,4,0,0,0,1,0,0,0,0,0,0,0,0,0,0,0,1,0,0,0,1,1,0,0,1,0,0,0,0,1,4,0,0,0,0,0,0,0,0,1,0
90,0.8,130,0.47,0.7,280,TRUE,TRUE,1100,218,50,2,1,3,4,2,0,4,2,89,2,0,2,1,0,2,0,0,0,1,6,0,1,0,0,1,1,0,0,4,2,1,0,1,0,1,0,0,0,13,3,0,0,0,1,0,0,0,0,4,1,0,0,0,0,0,0,1,0,1,0,0,0,0,0,0,0,0,0,3,2,1,0,0,0,1,0,1,2,0,0,0,0,0,0,1,0,0,1,0
20,0.6,300,0.71,0.8,570,TRUE,FALSE,1100,220,41,0,2,9,3,4,0,6,2,88,7,0,1,0,0,2,1,0,0,1,8,0,1,0,0,1,0,0,0,10,5,1,0,0,1,1,0,0,1,9,5,0,0,0,0,0,0,0,0,1,1,0,0,0,0,0,0,1,1,1,0,0,0,0,0,0,0,0,0,0,2,0,0,0,0,1,0,1,0,1,0,0,0,0,0,0,0,0,1,0
60,0.8,220,0.86,0.8,950,FALSE,FALSE,1100,217,43,1,2,5,4,3,2,2,2,93,1,1,0,0,0,0,0,0,0,3,7,1,0,2,0,1,1,1,0,5,5,0,1,1,1,1,0,1,1,7,1,0,1,0,0,0,0,0,0,1,1,0,0,1,1,0,0,1,0,2,1,0,0,0,0,0,0,0,0,2,3,0,0,1,0,0,0,1,0,0,0,0,0,0,0,0,0,0,1,2
30,0.5,120,0.8,0.4,650,TRUE,FALSE,1100,217,34,5,5,8,10,3,2,4,12,74,5,1,0,0,0,2,0,0,0,2,2,0,0,0,1,0,0,0,0,8,4,1,0,2,3,2,1,0,0,8,5,0,0,0,0,0,1,0,2,1,0,0,0,1,0,0,0,1,0,2,0,0,0,0,0,1,0,0,0,0,1,0,0,0,0,0,0,0,1,2,0,0,0,0,0,0,0,0,1,0
20,0.5,270,0.32,0.3,920,FALSE,FALSE,1100,216,30,2,4,7,11,2,0,4,7,79,10,0,0,2,2,1,0,1,0,4,3,2,1,1,2,0,0,0,0,9,8,0,1,0,1,0,0,0,0,9,0,0,0,0,1,0,0,0,1,5,0,0,0,1,0,0,0,0,1,0,1,0,0,0,0,1,0,0,0,0,0,1,0,0,0,0,0,0,0,0,0,0,0,0,1,0,0,0,1,0
80,0.7,220,0.92,0.5,820,TRUE,FALSE,1100,226,39,2,6,6,10,5,1,5,3,75,6,1,2,1,1,1,1,1,1,7,5,0,2,1,1,0,2,0,0,9,8,0,0,0,1,0,0,0,0,5,2,0,0,0,1,0,1,0,1,2,0,0,0,0,1,0,1,0,0,1,1,0,0,1,0,0,0,0,0,1,0,0,0,1,0,0,0,0,1,3,0,0,0,0,0,1,0,0,0,0
90,0.6,250,0.44,0.3,530,FALSE,FALSE,1100,216,42,3,2,6,6,1,2,4,3,84,5,1,3,2,0,0,1,0,2,2,2,0,0,1,1,0,2,1,0,9,6,0,0,0,1,1,0,0,0,7,3,0,0,0,1,0,0,0,0,2,0,0,0,0,0,0,0,0,0,2,1,0,0,1,0,0,0,0,0,0,3,0,0,0,0,1,0,1,0,1,0,0,0,0,1,0,0,0,0,0
30,0.9,200,0.45,0.7,930,TRUE,FALSE,1100,219,50,2,4,2,3,5,2,1,2,89,2,2,0,1,0,0,0,1,1,2,2,1,1,0,1,0,1,0,0,5,8,0,0,1,1,0,0,0,1,11,4,0,0,0,0,1,1,0,0,1,2,1,0,0,0,1,0,0,0,2,0,0,0,0,0,0,0,0,0,0,0,0,0,0,0,0,0,1,0,2,1,0,0,0,0,0,1,0,0,0
60,0.7,230,0.36,0.3,520,TRUE,TRUE,1100,222,43,5,3,7,7,3,1,4,8,84,2,1,1,1,1,0,0,0,1,2,2,0,0,1,2,0,0,0,0,2,7,0,1,2,1,0,0,0,1,7,3,0,0,0,1,0,0,1,0,6,1,0,0,0,0,0,0,0,0,1,1,0,0,0,0,2,0,0,0,1,0,0,0,0,1,0,0,1,0,0,0,0,0,1,0,0,0,0,0,3
40,0.6,120,0.68,0.6,460,FALSE,TRUE,1100,219,34,4,4,6,5,3,4,0,4,94,2,2,0,1,1,1,0,0,1,1,5,0,0,2,0,0,0,1,0,7,3,0,0,1,1,1,0,2,2,11,5,0,0,1,0,0,0,0,1,2,2,0,0,0,0,1,0,0,0,0,0,0,0,1,0,0,0,0,0,0,0,0,0,0,0,0,0,0,0,2,0,0,0,0,0,0,1,0,0,1
90,0.9,110,0.9,0.4,700,TRUE,TRUE,1100,220,35,3,6,7,7,4,2,5,5,82,5,0,0,1,1,0,0,0,1,1,7,0,0,0,0,0,0,0,1,12,8,0,0,3,1,2,0,1,1,8,1,0,0,0,0,0,0,0,2,1,1,0,0,0,0,0,0,0,0,2,0,0,0,0,1,0,0,0,0,1,0,0,0,0,0,0,0,0,0,2,0,0,0,0,0,1,0,0,0,0
10,0.8,140,0.86,0.3,200,TRUE,FALSE,1100,216,41,1,2,7,4,3,4,4,5,84,7,0,0,1,0,3,0,2,0,2,1,0,0,0,1,0,0,1,2,7,9,0,0,1,1,1,0,0,0,7,1,1,1,0,0,0,0,0,1,2,0,0,1,0,0,0,0,0,0,3,0,0,0,0,0,0,0,0,1,0,1,0,0,0,0,1,0,0,0,2,0,0,0,0,0,0,0,0,1,0
40,0.8,150,0.45,0.3,150,FALSE,TRUE,1100,221,39,3,4,6,9,3,2,3,5,87,2,0,4,3,0,0,0,0,1,3,3,0,1,1,1,0,0,0,0,9,10,0,1,0,0,1,0,0,0,7,1,0,0,0,0,0,0,0,0,2,0,0,1,1,0,1,0,0,1,3,0,0,0,1,0,0,0,0,0,0,0,0,0,0,0,0,0,0,0,0,1,0,0,0,0,0,0,0,0,2
10,0.6,250,0.57,0.8,780,FALSE,TRUE,1100,222,31,5,4,5,7,7,1,3,10,92,4,0,0,0,0,0,0,0,1,3,2,1,0,1,1,0,0,1,1,11,4,1,1,0,1,1,1,1,2,2,1,0,0,2,1,0,0,0,0,3,1,0,0,0,0,0,1,0,0,3,0,0,0,0,0,1,0,0,0,0,0,1,0,0,0,0,0,0,0,2,0,0,0,0,0,0,0,0,0,2
60,0.9,220,0.49,0.9,880,FALSE,TRUE,1100,229,34,2,5,5,7,7,1,4,6,94,8,1,0,1,1,0,0,0,1,1,3,0,1,0,1,0,0,0,1,13,10,1,0,2,1,0,1,1,1,4,1,0,0,0,0,0,0,0,0,1,0,0,0,0,0,0,1,0,1,2,0,0,0,0,0,1,0,0,0,2,0,0,0,0,0,0,0,0,0,1,0,0,0,0,0,0,0,1,1,0
10,0.8,230,0.68,0.5,800,FALSE,FALSE,1100,220,35,1,3,9,7,1,1,6,9,88,2,2,1,2,2,0,0,0,0,1,5,1,0,0,0,0,0,0,2,7,5,0,0,1,0,2,0,1,0,10,3,0,1,0,0,0,0,0,1,1,0,1,0,0,0,0,0,0,0,4,0,0,1,1,0,0,0,0,0,2,0,0,0,0,0,0,0,0,0,1,0,0,0,0,0,0,0,0,0,1
80,0.7,250,0.81,0.6,1000,TRUE,FALSE,1100,223,40,3,1,11,5,6,1,4,5,82,1,1,2,3,0,0,0,1,0,5,0,0,1,1,2,0,0,0,1,5,5,0,1,1,2,0,0,0,1,8,3,1,0,2,1,0,0,0,0,5,0,0,0,0,1,0,0,0,0,2,1,0,0,0,1,0,0,0,0,1,1,0,0,0,0,0,0,0,1,1,0,0,0,0,0,1,0,0,0,3
20,0.7,170,0.31,0.3,130,FALSE,FALSE,1100,213,37,2,2,6,5,5,4,6,6,76,2,0,0,2,1,1,1,0,0,4,8,0,0,1,3,0,1,0,0,12,3,0,1,4,0,1,0,0,0,4,2,0,0,0,1,0,0,0,1,2,1,0,0,0,0,0,0,0,0,1,1,0,0,1,0,0,0,0,0,2,0,0,0,0,0,0,0,0,0,1,0,0,0,1,0,0,0,0,1,1
70,0.7,250,0.64,0.3,710,FALSE,FALSE,1100,210,40,2,1,1,8,3,1,2,3,85,8,1,2,0,0,0,0,0,1,1,5,1,1,0,0,0,0,1,1,10,7,1,0,1,1,0,0,0,1,4,3,0,0,1,0,0,0,0,0,7,0,0,0,0,0,0,0,0,0,1,0,0,0,1,0,0,0,0,0,1,0,0,0,0,0,0,0,1,0,2,0,0,0,0,0,0,0,0,1,0
50,0.8,260,0.59,0.5,910,FALSE,FALSE,1100,222,39,3,2,8,7,4,0,3,5,86,6,1,0,2,0,2,0,0,0,0,4,0,0,0,0,0,0,1,0,13,9,1,0,0,1,2,0,1,0,6,1,0,0,2,0,1,0,1,0,1,2,0,0,0,0,0,0,0,0,1,0,1,0,0,0,0,0,1,0,0,2,0,0,0,1,0,0,0,0,2,0,0,0,0,0,0,0,0,1,0
30,0.8,120,1,0.7,230,FALSE,FALSE,1100,221,44,3,5,9,2,5,1,2,2,84,6,1,1,0,0,1,1,0,0,3,4,2,0,2,0,0,0,2,0,8,8,0,0,1,1,0,0,1,0,7,1,1,0,0,0,0,3,0,0,4,0,0,0,0,0,0,0,0,1,0,0,0,0,0,0,1,0,0,0,1,1,0,0,0,0,0,0,0,0,2,0,0,0,0,0,0,0,0,1,0
20,0.5,270,0.95,0.3,910,TRUE,FALSE,1100,223,44,3,2,3,8,1,0,2,4,88,4,0,1,1,3,1,0,0,0,3,7,0,0,1,0,2,0,0,0,11,4,0,0,2,0,1,1,0,2,8,3,1,0,0,1,0,0,0,0,1,0,1,0,0,0,0,0,0,0,1,0,0,0,1,1,0,0,0,0,2,0,0,0,0,0,0,0,1,0,1,0,0,0,0,0,1,0,0,0,2
50,0.6,160,1,0.9,950,TRUE,FALSE,1100,218,35,0,5,12,7,4,1,4,6,85,4,0,1,0,0,2,0,0,3,2,2,0,2,0,1,0,0,0,0,7,6,0,1,1,0,1,0,1,1,5,3,0,0,0,1,0,0,0,0,3,2,0,0,0,1,0,0,0,1,2,0,0,0,0,0,2,0,0,0,1,1,0,0,0,0,0,0,0,1,1,0,0,0,0,0,0,1,0,0,0
80,0.7,270,0.93,0.6,460,FALSE,FALSE,1100,220,41,0,2,5,7,3,1,2,4,90,2,0,0,2,2,1,0,0,2,1,3,0,1,2,1,2,0,0,0,8,5,0,0,0,1,0,1,0,0,10,2,0,0,0,0,0,0,0,0,3,1,0,0,0,0,0,0,0,0,2,0,0,0,1,0,0,0,1,0,2,1,0,0,0,1,0,0,1,0,1,0,1,0,0,0,0,0,0,1,4
70,0.6,240,0.83,0.8,790,TRUE,TRUE,1100,218,29,1,6,10,15,10,2,6,6,79,4,0,1,1,1,1,0,0,0,2,1,0,0,1,0,0,0,0,0,9,5,2,1,3,1,1,0,2,0,2,2,0,0,0,0,1,0,0,0,4,1,0,1,1,0,0,0,0,0,3,0,0,0,0,0,0,0,0,0,0,0,0,0,2,0,0,0,1,0,0,0,0,0,0,0,0,0,1,0,0
10,0.7,110,0.46,0.9,430,TRUE,TRUE,1100,221,41,3,5,11,9,4,1,2,10,71,6,2,1,1,0,0,0,1,2,1,3,1,0,2,1,0,0,0,0,9,4,1,0,0,2,0,0,0,0,9,3,0,0,0,1,0,1,1,0,2,1,0,0,1,1,1,1,0,0,0,1,0,0,0,1,0,0,0,0,0,0,0,0,0,0,1,0,0,0,1,0,0,0,0,0,1,0,1,0,0
10,0.5,190,0.84,0.3,840,TRUE,FALSE,1100,217,30,2,6,6,10,3,3,5,8,87,3,0,0,0,0,0,0,1,1,2,1,1,1,1,0,0,0,0,0,11,6,1,1,0,2,1,0,0,1,4,2,2,0,0,1,0,0,0,0,4,0,0,0,0,0,1,0,0,1,1,0,0,0,0,0,0,0,0,1,0,0,0,0,0,0,1,0,0,1,2,0,0,0,1,0,1,0,0,1,0
70,0.6,210,0.86,0.6,780,FALSE,TRUE,1100,226,44,1,4,9,7,3,0,5,10,86,3,0,1,0,1,0,0,0,0,6,6,0,1,0,0,0,0,0,0,9,5,0,1,0,1,1,0,1,0,6,2,0,0,1,0,0,0,0,0,0,1,0,1,0,1,2,0,0,0,2,0,0,0,0,0,0,0,0,0,1,0,0,0,0,1,0,0,0,0,2,1,0,0,1,0,0,0,0,0,0
20,0.7,190,0.38,0.6,300,FALSE,TRUE,1100,220,37,2,9,9,7,5,3,5,3,86,2,0,1,1,0,0,0,0,0,1,2,0,0,0,0,0,0,0,0,8,3,0,1,1,0,1,0,1,2,10,5,0,0,0,1,0,0,0,1,3,1,0,0,0,1,1,0,1,0,1,0,0,0,0,0,1,0,1,0,0,0,0,0,0,0,0,0,0,0,2,1,0,0,0,0,0,0,0,1,0
20,0.5,190,0.71,0.8,320,TRUE,TRUE,1100,222,37,3,4,11,16,5,3,3,10,71,4,0,0,0,1,0,0,1,1,3,1,3,0,0,1,1,1,0,1,5,5,0,1,0,2,0,0,1,2,7,3,0,2,0,2,0,0,0,0,0,1,0,0,1,0,0,0,0,1,0,0,0,0,0,1,0,0,0,0,2,1,0,0,0,0,0,0,0,0,2,0,0,0,0,0,0,0,0,1,2
30,0.6,200,0.67,0.4,130,TRUE,TRUE,1100,223,46,3,3,8,6,2,1,5,3,86,3,0,0,3,1,0,2,1,0,2,3,0,1,0,0,1,0,0,0,10,3,0,0,0,1,0,0,0,0,6,3,0,0,1,2,1,0,0,1,2,1,1,0,0,2,1,0,0,0,0,2,0,0,0,0,0,0,0,0,2,0,0,0,0,0,0,0,0,0,1,0,0,0,0,0,0,0,1,0,3
20,0.9,280,0.52,0.5,710,TRUE,TRUE,1100,222,37,4,5,8,8,3,0,5,6,90,1,0,0,2,0,0,0,0,0,1,1,0,0,0,4,0,0,0,0,9,7,0,1,0,0,1,0,0,2,10,3,0,0,1,0,0,0,0,0,3,0,0,0,0,1,1,1,0,0,0,0,0,0,0,1,0,0,0,0,0,0,0,0,0,1,0,0,0,1,3,1,0,0,0,0,0,0,0,0,1
30,0.9,200,0.46,0.5,750,TRUE,TRUE,1100,219,33,4,7,8,5,5,1,3,4,82,6,0,2,1,1,2,0,0,0,0,2,2,0,1,1,1,0,2,1,9,5,2,1,0,0,0,2,0,0,9,2,0,1,0,2,0,1,0,0,4,0,0,0,1,0,0,0,0,0,1,1,0,0,0,0,1,0,0,0,0,0,0,0,0,0,1,0,0,0,0,0,0,0,0,0,0,0,1,2,0
90,0.5,240,0.41,0.7,820,TRUE,FALSE,1100,221,39,3,2,6,9,4,3,3,3,85,5,1,0,1,1,2,0,2,0,0,4,1,0,0,0,0,0,2,0,9,8,0,0,0,2,0,0,0,1,12,1,1,0,1,0,0,0,0,0,2,1,0,0,0,0,1,0,1,1,0,0,0,0,0,1,0,0,0,0,0,0,0,0,0,0,0,0,0,0,1,0,0,0,0,0,0,0,1,1,1
90,0.5,220,0.75,0.7,670,FALSE,TRUE,1100,218,34,2,4,8,11,5,3,5,2,82,6,0,1,0,0,0,1,0,1,2,4,1,1,1,0,0,1,0,2,8,6,2,0,0,0,1,0,1,0,5,1,0,0,0,2,0,0,0,0,4,0,0,2,0,1,0,0,0,0,1,1,0,0,0,1,0,0,0,0,2,1,0,0,0,0,0,0,0,0,0,0,0,1,0,1,0,0,0,0,1
60,0.8,290,0.57,0.9,390,FALSE,TRUE,1100,226,37,5,2,9,9,9,1,2,6,86,3,0,2,0,2,1,0,0,1,2,4,0,0,0,1,1,1,0,2,4,4,0,0,0,1,0,0,0,1,14,4,1,0,0,0,1,0,0,1,1,0,0,0,0,2,0,0,0,0,0,0,0,1,0,0,0,0,0,0,1,1,0,0,0,1,0,0,0,0,1,0,0,0,0,0,0,0,0,1,1
70,0.5,220,0.39,0.6,770,FALSE,TRUE,1100,217,40,0,3,2,4,4,0,4,5,88,4,1,0,1,2,0,0,2,1,2,7,1,0,3,1,0,0,0,0,11,10,0,0,0,0,1,0,1,2,4,0,0,0,0,1,0,0,0,0,2,1,0,1,0,0,0,0,0,0,2,0,0,0,0,0,0,0,0,0,2,0,0,1,0,0,0,0,0,0,1,1,0,0,0,1,1,0,0,0,0
30,0.5,280,0.44,0.9,940,TRUE,FALSE,1100,222,43,2,7,7,8,5,1,3,7,82,2,1,0,0,1,1,0,0,1,4,5,0,0,0,3,1,0,0,0,5,6,0,0,0,1,0,1,0,1,11,2,0,0,0,0,1,0,0,0,3,0,0,0,0,1,1,0,0,0,0,0,0,0,0,0,0,0,0,0,1,0,0,0,0,0,1,0,0,0,2,0,0,0,1,0,0,0,1,0,0
90,0.6,100,0.35,0.5,860,TRUE,TRUE,1100,227,39,2,3,10,5,4,1,2,7,83,2,1,1,0,0,0,1,2,2,4,6,0,3,0,1,0,0,0,1,10,11,0,0,1,0,0,1,1,0,6,4,0,0,0,0,0,0,1,0,1,0,0,0,0,1,0,1,0,0,1,0,0,0,0,0,0,0,0,0,1,1,0,0,0,0,0,0,0,0,4,0,0,0,1,1,0,0,0,0,1
20,0.7,100,0.31,0.8,610,FALSE,FALSE,1100,220,43,1,3,4,5,3,2,2,5,81,3,1,3,1,1,0,0,1,1,2,7,2,0,0,0,0,1,0,0,13,9,0,0,1,1,1,0,0,0,5,3,0,0,0,0,0,0,0,0,4,0,0,0,1,0,1,1,1,1,2,0,0,0,0,0,1,0,0,0,2,1,0,0,0,0,0,0,0,0,0,0,0,0,0,0,0,0,0,1,0
20,0.8,180,0.98,0.3,1000,FALSE,FALSE,1100,213,38,0,1,6,6,3,0,5,6,86,2,0,0,1,2,2,0,1,0,2,5,0,0,0,2,1,0,0,0,12,9,0,1,1,1,1,0,0,0,6,3,0,0,0,1,1,0,0,0,2,1,0,0,0,0,0,0,0,0,0,0,0,0,1,1,0,0,0,0,0,1,0,0,0,0,0,0,1,0,0,0,1,0,0,0,0,0,0,0,1
70,0.7,140,0.95,0.9,920,TRUE,FALSE,1100,222,37,0,2,5,6,3,2,3,3,101,4,1,1,0,3,0,0,0,0,0,6,0,0,0,0,0,0,0,2,11,3,0,0,2,1,0,1,0,1,9,1,0,0,0,2,0,0,1,1,0,0,0,0,1,0,1,0,0,0,1,0,0,0,1,0,1,0,0,0,1,1,0,0,0,0,0,0,1,0,0,1,0,0,0,0,0,0,0,0,2
90,0.9,270,0.44,0.5,810,TRUE,FALSE,1100,222,40,6,2,6,4,2,3,4,3,86,7,0,1,1,0,1,0,1,0,1,2,0,0,0,0,0,0,0,2,10,5,0,0,1,1,0,0,0,1,9,1,0,1,0,1,4,0,0,1,3,3,0,0,0,0,0,0,0,0,1,0,0,0,0,0,0,0,0,0,2,2,0,0,0,1,0,0,0,0,1,0,0,1,0,0,0,0,1,0,1
80,0.9,300,0.53,0.5,170,FALSE,FALSE,1100,218,38,2,5,3,10,5,2,1,7,87,5,0,1,0,0,0,2,0,0,1,6,0,1,1,1,1,1,1,1,8,3,2,0,1,1,0,0,0,0,9,4,0,0,0,0,0,0,0,0,0,0,0,0,0,1,0,0,0,0,1,0,0,0,1,0,1,0,0,0,1,0,0,0,0,0,0,0,0,0,1,0,0,0,0,0,0,0,1,0,2
60,0.5,280,0.65,0.8,380,TRUE,FALSE,1100,217,46,0,3,5,1,4,2,0,4,87,7,0,3,0,0,0,0,0,4,1,4,1,0,0,1,0,0,1,0,6,4,2,1,0,1,0,0,0,1,8,4,0,0,1,0,0,0,0,1,4,4,0,0,0,0,0,0,0,0,1,1,0,0,0,0,1,0,0,1,0,1,0,0,0,0,0,0,0,0,2,0,0,0,0,0,0,0,0,0,0
90,0.8,220,0.59,0.8,930,FALSE,FALSE,1100,217,46,3,1,6,1,2,3,1,6,89,1,1,0,0,1,2,0,0,0,0,8,2,0,0,0,0,0,1,1,5,3,0,0,1,1,0,0,0,0,11,2,1,0,0,0,0,1,0,0,3,0,0,0,0,1,0,0,0,0,3,2,0,0,0,0,1,0,0,0,0,0,0,0,0,0,0,0,0,0,5,0,0,0,0,0,0,0,0,1,2
100,0.5,270,0.62,0.5,390,TRUE,TRUE,1100,229,33,2,6,12,10,7,1,6,9,84,7,0,0,0,1,0,0,0,1,2,3,1,0,1,3,0,0,1,1,7,6,0,3,3,0,1,1,0,1,5,0,0,0,0,0,0,0,0,1,3,1,0,0,0,0,0,0,0,0,1,0,0,0,0,0,1,0,0,0,0,0,0,0,0,0,0,0,0,0,3,0,0,0,0,0,0,0,0,1,1
90,0.6,270,0.74,0.9,930,TRUE,TRUE,1100,222,51,3,3,4,5,2,1,3,3,86,7,0,1,0,0,1,0,0,1,0,6,0,0,0,2,1,1,0,1,5,3,0,0,1,1,0,0,1,0,9,4,0,0,0,0,0,1,0,0,2,0,0,0,0,0,0,0,0,0,3,2,0,0,0,1,0,0,0,0,0,1,0,0,0,0,0,0,0,0,4,1,0,0,1,0,0,0,0,0,1
70,0.7,190,0.59,0.7,410,TRUE,TRUE,1100,219,36,5,7,14,8,5,2,2,9,77,5,1,0,1,0,1,0,0,0,2,4,0,1,0,2,0,0,1,0,6,2,1,0,0,2,1,1,2,1,7,0,0,0,1,0,0,0,0,0,1,2,0,0,1,0,0,0,0,0,3,0,0,0,0,1,1,0,0,0,0,2,0,0,0,0,0,0,0,0,0,0,0,0,0,1,0,0,0,0,1
80,0.5,220,0.34,0.4,550,TRUE,FALSE,1100,225,46,2,2,9,6,5,4,4,6,81,3,2,0,0,0,0,1,1,0,2,1,0,2,0,0,2,0,0,0,10,7,0,0,1,1,0,0,1,0,5,4,3,0,1,0,0,0,0,1,3,0,0,0,0,0,0,0,0,0,2,0,0,0,0,0,0,0,0,1,2,0,0,0,0,1,0,0,0,0,2,0,1,0,0,0,0,0,0,0,1
80,0.9,250,0.88,0.7,850,FALSE,TRUE,1100,224,39,1,4,7,5,4,3,5,5,87,5,0,0,0,1,1,0,0,0,3,6,0,1,0,1,0,0,0,0,4,7,0,0,1,1,0,0,0,0,8,4,0,0,1,1,0,0,0,2,2,3,0,0,0,1,0,0,1,0,1,0,0,0,0,1,0,0,0,0,2,1,0,0,0,0,0,0,0,0,2,0,0,0,0,0,0,0,0,1,3
80,0.9,220,0.54,0.9,260,FALSE,FALSE,1100,221,31,6,5,10,9,4,2,4,6,84,2,0,1,0,1,1,0,1,1,3,1,2,1,1,1,1,0,0,0,6,7,1,0,1,1,0,1,0,0,10,0,0,0,0,2,0,0,0,1,4,0,0,0,0,1,0,0,0,0,1,0,0,0,0,0,0,0,0,0,2,1,0,0,0,0,0,0,0,0,2,0,0,0,0,1,0,0,0,0,1
50,0.5,300,0.87,0.3,660,FALSE,FALSE,1100,219,41,1,4,7,2,5,3,3,6,84,6,1,1,1,1,0,1,1,0,1,5,0,1,0,1,0,1,0,1,9,5,0,0,1,1,0,0,0,0,10,4,0,0,0,2,0,1,0,0,1,0,0,0,0,0,0,0,0,0,2,0,0,0,0,1,1,0,0,0,0,1,0,0,0,0,0,0,0,0,0,0,0,0,0,0,0,0,1,0,2
90,0.6,210,0.71,0.3,180,TRUE,FALSE,1100,218,48,1,3,4,1,3,0,3,6,83,4,1,1,3,0,0,1,1,0,2,8,1,0,0,1,0,0,0,0,8,6,0,0,0,1,0,1,0,0,7,1,0,0,0,0,1,0,0,0,5,0,0,0,0,0,0,0,0,1,2,1,0,0,0,0,0,0,0,0,2,3,0,0,0,0,0,0,0,0,3,0,0,0,0,1,0,0,0,1,0
70,0.8,200,0.49,0.5,310,FALSE,TRUE,1100,223,34,3,2,9,12,6,2,2,5,84,1,1,1,2,1,0,0,0,0,2,3,0,2,0,0,1,2,0,2,10,7,0,2,1,0,0,0,2,1,6,1,0,1,0,1,2,0,0,0,3,0,0,0,0,2,0,0,0,1,1,0,0,0,0,2,0,0,0,0,0,0,0,0,1,0,0,0,0,0,1,0,0,0,0,0,0,0,0,2,0
100,0.6,300,0.58,0.9,630,FALSE,FALSE,1100,217,44,3,3,8,4,4,3,1,3,79,6,0,1,0,0,0,0,0,3,4,7,0,0,1,1,0,1,1,0,7,5,1,0,1,0,0,1,1,0,5,3,0,0,1,0,0,0,0,1,1,2,0,0,0,0,0,0,0,1,2,0,0,0,1,0,1,0,0,0,0,2,0,0,0,0,0,0,0,0,2,0,0,0,1,0,0,0,1,0,1
70,0.5,150,0.61,0.4,950,TRUE,FALSE,1100,216,23,1,6,8,12,6,3,3,6,91,3,2,1,0,1,0,0,0,0,2,2,0,1,0,1,0,0,1,0,10,6,0,1,1,1,1,0,0,0,9,1,0,0,0,1,0,0,0,0,3,0,0,0,1,0,0,0,0,0,1,0,0,0,1,1,0,0,0,0,0,1,0,0,0,0,0,0,0,0,2,0,0,0,0,0,0,0,0,2,1
40,0.9,210,0.56,0.4,280,TRUE,FALSE,1100,220,43,1,2,7,6,3,1,2,2,88,4,1,1,2,0,0,1,0,1,2,4,1,0,0,0,1,1,1,2,9,4,0,0,1,1,1,1,1,1,8,2,0,0,1,0,0,0,0,0,2,1,0,0,2,1,0,0,0,0,2,0,0,0,1,0,0,0,1,0,1,1,0,0,0,0,0,0,0,0,1,0,0,0,0,0,0,0,0,1,0
100,0.8,280,0.56,0.7,170,FALSE,FALSE,1100,220,40,4,3,8,9,7,1,2,4,84,2,0,0,1,1,0,0,0,1,6,1,1,1,1,1,0,0,1,2,9,8,0,0,0,2,0,0,0,0,6,1,0,0,1,1,0,0,0,0,1,1,0,1,0,0,0,0,0,0,1,0,0,0,0,0,1,1,0,0,1,1,0,0,1,0,0,0,0,0,0,0,0,0,0,0,0,0,0,2,1
80,0.5,280,0.96,0.5,1000,FALSE,TRUE,1100,219,42,2,5,7,6,1,4,1,4,82,6,2,0,2,1,0,2,0,0,1,6,0,1,1,0,1,2,0,0,4,4,0,0,1,0,0,0,0,1,7,4,0,0,0,0,0,0,0,0,3,0,0,1,0,0,0,0,1,0,2,2,0,0,0,0,2,0,0,1,1,0,0,1,0,0,0,0,0,0,4,0,0,0,0,0,0,1,0,0,1
20,0.8,210,0.33,0.9,110,TRUE,FALSE,1100,211,40,2,1,6,2,4,1,2,4,87,4,2,0,2,1,0,0,0,0,1,9,0,0,1,1,0,0,0,0,5,5,0,0,0,0,0,0,2,0,9,6,1,0,0,0,0,0,1,0,2,0,0,0,0,2,1,0,0,0,2,0,0,0,0,0,0,0,1,0,0,1,0,0,0,0,0,0,0,0,1,0,0,0,0,0,0,0,0,1,2
40,0.9,220,0.77,0.8,790,FALSE,FALSE,1100,214,33,2,4,8,9,5,4,1,7,82,7,1,0,0,1,0,0,0,0,0,6,0,1,2,0,0,0,2,0,9,6,0,0,0,2,0,0,0,1,6,0,0,0,1,0,0,0,0,1,3,2,0,0,0,1,1,0,0,0,1,0,0,0,0,0,1,0,0,1,0,1,0,0,0,0,0,0,0,0,1,0,1,0,0,1,0,0,0,0,0
50,0.7,110,0.54,0.7,140,FALSE,FALSE,1100,222,33,2,5,7,5,3,1,5,3,97,3,0,1,2,1,0,0,1,1,2,5,0,0,1,0,1,1,2,0,8,3,0,0,3,2,0,0,0,0,8,2,1,0,1,0,0,0,1,1,1,0,0,0,0,0,0,0,0,0,3,0,0,0,0,0,0,0,0,0,2,1,0,0,0,1,1,0,0,0,1,0,0,0,0,0,0,0,0,0,1
30,0.8,240,0.96,0.5,530,TRUE,TRUE,1100,227,42,4,1,6,1,4,2,3,2,87,8,1,1,0,0,0,0,2,0,2,9,0,0,1,1,1,0,0,1,11,9,2,2,0,1,0,0,1,0,6,3,0,0,0,0,0,0,1,0,1,0,0,0,0,0,1,0,0,0,3,0,0,0,1,0,0,0,0,0,1,0,0,0,0,1,0,0,1,0,1,1,0,0,0,0,0,0,0,1,1
20,0.7,130,0.34,0.4,870,TRUE,FALSE,1100,225,40,2,4,14,5,5,1,2,7,84,4,0,0,1,2,1,1,0,2,4,3,0,1,0,0,0,0,1,0,9,7,0,1,0,2,1,0,0,2,5,1,0,0,0,0,1,0,0,2,2,0,1,0,0,0,0,0,0,0,0,0,0,0,0,1,0,0,0,0,3,1,0,0,0,1,0,0,0,0,2,0,0,0,0,0,0,0,0,0,0
10,0.6,100,0.52,0.6,200,TRUE,TRUE,1100,216,38,5,1,7,6,2,2,3,6,88,5,0,0,1,0,0,0,1,0,2,4,1,0,0,0,0,0,0,2,11,2,0,0,1,1,2,0,0,4,3,1,0,0,2,0,0,0,1,0,0,1,0,0,1,1,0,0,0,0,3,1,0,0,0,0,0,0,0,0,0,2,0,0,0,1,0,0,0,0,2,0,0,0,0,0,0,0,1,0,2
70,0.7,130,0.44,0.6,750,TRUE,TRUE,1100,219,37,4,4,6,11,2,1,4,7,79,5,0,2,2,1,0,1,1,0,1,4,1,3,2,0,1,0,0,0,8,4,0,1,1,1,1,0,0,1,9,1,0,0,0,1,1,0,1,0,2,0,0,0,0,1,1,0,0,0,0,0,0,0,0,1,0,0,0,0,1,1,0,0,0,0,0,0,0,0,3,1,0,0,0,0,0,0,0,0,0
60,0.7,230,0.35,0.4,420,FALSE,TRUE,1100,231,38,3,5,10,8,9,1,4,8,83,1,2,0,0,2,1,1,2,0,1,4,0,0,2,1,0,0,1,0,8,4,0,0,2,1,1,1,0,1,6,2,0,1,0,0,0,0,0,0,3,0,2,0,0,0,0,0,1,0,5,0,0,0,0,0,0,0,0,0,1,0,0,0,0,0,1,0,1,1,0,1,1,0,0,0,0,0,0,0,1
50,0.7,150,0.69,0.6,700,TRUE,TRUE,1100,221,28,2,3,17,7,10,7,3,7,73,8,2,0,1,0,1,0,0,0,1,5,0,1,1,3,0,0,1,3,5,3,0,1,2,2,1,0,2,0,9,2,0,0,0,0,0,0,0,0,1,1,0,0,0,0,0,0,0,0,3,0,0,0,0,0,1,0,0,0,0,0,0,0,0,0,0,0,0,1,1,1,0,0,0,0,0,0,0,0,2
10,0.7,280,0.49,0.9,450,FALSE,FALSE,1100,218,43,2,1,7,3,7,0,0,4,94,3,0,0,0,0,2,1,1,0,2,2,0,0,1,1,0,1,0,3,11,3,0,1,0,0,1,0,0,0,6,0,1,0,2,1,0,0,0,0,0,2,1,0,0,0,0,0,0,0,4,0,0,0,0,0,0,0,0,0,1,2,0,0,0,2,1,0,0,0,0,0,0,0,0,0,1,0,0,1,0
90,0.6,120,0.43,0.8,480,TRUE,TRUE,1100,229,44,2,3,4,4,2,1,3,2,93,6,2,2,1,0,1,0,0,1,2,8,0,0,0,2,1,0,2,0,11,6,0,0,1,1,0,0,0,1,7,2,0,1,1,0,0,0,0,0,3,0,1,0,0,0,1,0,0,0,1,1,0,0,0,1,0,0,0,0,1,1,0,0,0,0,0,0,0,0,1,0,0,0,0,0,0,0,0,1,1
30,0.6,300,0.44,0.3,140,FALSE,TRUE,1100,219,45,0,2,4,2,4,1,2,5,91,7,0,1,3,1,1,0,1,1,0,5,0,0,1,1,0,0,1,1,7,4,0,0,1,0,1,0,0,0,4,4,0,0,0,0,0,0,0,1,3,1,0,0,1,0,1,1,0,0,2,0,0,0,0,0,0,0,0,0,2,0,0,0,0,0,0,0,0,0,1,0,0,1,0,0,0,1,1,0,3
80,0.5,100,0.79,0.5,710,FALSE,FALSE,1100,215,40,1,2,8,4,3,1,0,3,91,6,0,0,0,0,0,1,0,0,3,5,0,1,1,1,0,0,2,1,9,7,0,1,0,0,1,1,1,1,7,2,1,0,0,0,0,0,0,1,1,1,0,0,0,0,0,0,0,0,2,0,0,0,0,0,0,0,0,1,0,0,0,0,0,0,1,0,0,1,0,1,0,0,0,0,0,0,0,1,1
40,0.6,100,0.75,0.3,750,TRUE,TRUE,1100,220,28,2,4,12,11,6,4,4,6,81,1,2,0,0,0,0,1,1,0,4,2,0,1,0,2,0,0,0,1,9,4,0,1,3,0,1,0,3,2,9,1,0,0,0,1,0,0,0,1,2,0,0,0,0,0,0,0,0,0,1,0,0,0,1,0,0,0,0,0,1,1,0,0,1,0,1,0,0,0,3,0,0,0,0,0,0,0,0,2,0
90,0.6,180,0.65,0.5,110,FALSE,TRUE,1100,221,48,2,1,7,3,5,3,3,1,86,3,1,1,2,0,0,0,0,0,4,4,0,0,0,0,2,0,0,0,9,4,0,0,0,1,1,0,0,0,8,4,0,0,1,1,1,0,0,1,1,1,0,0,0,0,0,0,0,1,1,0,0,0,0,1,0,0,0,0,1,0,0,0,0,1,0,0,1,0,4,1,0,0,0,0,0,0,0,1,1
60,0.9,260,0.5,0.5,440,TRUE,TRUE,1100,221,46,0,1,4,4,4,2,4,6,82,8,0,1,1,2,0,1,0,1,2,6,0,0,1,3,1,0,0,0,15,5,0,2,2,1,1,0,0,0,3,1,0,0,0,0,0,1,0,0,2,0,0,0,0,0,0,0,0,1,2,0,0,0,0,0,0,1,0,0,0,1,0,0,0,0,0,0,0,0,3,0,0,0,0,0,0,0,0,1,0
30,0.6,250,0.33,0.9,120,FALSE,TRUE,1100,219,42,1,3,7,6,2,3,3,2,87,8,1,0,1,0,1,0,1,0,2,2,0,1,1,0,0,0,0,0,7,7,0,0,0,1,2,0,0,1,10,2,0,0,1,0,0,0,0,0,3,2,0,0,0,0,0,0,0,0,0,0,0,0,0,0,0,0,2,0,1,2,0,0,0,0,0,0,1,1,0,0,0,0,0,1,0,1,0,0,1
40,0.9,200,0.81,0.6,190,FALSE,FALSE,1100,232,39,2,4,6,7,6,1,6,5,98,1,1,0,2,2,0,1,0,0,2,3,0,1,1,0,1,0,0,0,9,2,0,0,0,1,0,0,0,0,11,5,0,0,0,4,1,0,0,0,1,1,0,0,0,1,0,0,0,0,1,0,0,0,1,0,0,0,0,0,1,2,0,0,0,0,0,0,0,0,0,0,0,0,0,0,0,0,0,0,3
50,0.8,210,0.44,0.8,810,TRUE,FALSE,1100,216,34,5,3,3,9,4,1,3,2,91,6,0,1,0,0,0,0,1,1,0,6,0,0,1,1,1,0,0,0,9,6,0,0,0,2,1,0,1,0,12,1,0,0,0,0,0,0,0,0,1,1,0,0,1,0,0,0,0,0,1,0,0,0,0,1,0,0,0,0,0,0,0,0,0,0,0,0,1,0,2,1,0,0,0,0,0,0,0,1,1
80,0.6,250,0.36,0.5,350,FALSE,FALSE,1100,218,42,2,3,7,0,3,2,2,2,96,2,1,0,0,1,1,0,0,2,4,6,0,0,0,0,1,0,0,1,12,3,0,0,0,3,1,0,0,1,5,3,0,0,0,0,2,0,0,0,3,1,0,0,0,0,0,0,0,0,0,1,0,0,0,1,0,0,0,0,0,0,0,0,0,0,1,0,0,0,2,0,0,0,0,0,0,0,0,1,1
20,0.8,270,0.87,0.4,510,TRUE,TRUE,1100,235,50,0,2,6,1,6,0,2,5,99,5,1,0,1,0,0,0,2,0,4,7,1,1,1,0,1,1,0,1,11,5,0,0,0,0,1,0,1,0,5,1,1,0,2,0,0,1,1,0,1,0,1,0,0,0,0,0,0,1,1,1,0,0,0,0,1,0,0,0,0,0,0,0,0,1,0,0,0,0,0,0,0,0,0,0,0,0,0,0,3
40,0.8,200,0.84,0.8,230,FALSE,TRUE,1100,229,36,2,5,11,12,3,1,3,10,84,1,1,1,0,3,1,1,0,0,3,4,0,1,1,1,0,0,0,0,9,5,0,1,2,2,2,0,0,0,8,1,0,1,0,0,0,0,0,2,3,0,0,0,1,0,0,0,0,1,1,0,0,0,1,0,0,0,1,0,0,0,0,0,0,1,0,0,0,0,1,0,0,0,0,0,0,0,0,0,2
10,0.7,290,0.82,0.6,710,FALSE,TRUE,1100,223,47,2,1,5,2,5,2,1,6,88,5,2,0,1,0,0,0,0,1,2,7,1,0,0,1,2,0,1,0,7,5,0,0,0,1,1,0,0,0,10,2,0,0,0,1,0,0,0,0,3,1,0,0,0,0,0,0,0,0,1,0,0,1,0,0,1,0,0,0,1,1,0,0,0,1,0,0,0,0,2,1,0,0,0,0,0,0,0,0,2
90,0.8,130,0.85,0.8,320,FALSE,FALSE,1100,225,44,2,6,5,6,4,1,7,1,84,4,2,0,0,0,2,0,0,0,4,8,0,2,0,0,1,1,0,0,4,5,0,0,1,1,0,0,0,0,10,2,0,1,1,0,3,2,0,0,4,0,0,0,0,0,0,1,0,1,1,0,0,0,0,1,0,0,0,0,0,2,0,0,0,0,0,0,0,0,0,0,0,0,0,0,0,0,0,0,2
70,0.7,210,0.49,0.7,800,FALSE,FALSE,1100,213,37,4,2,10,12,3,4,2,6,75,3,0,0,0,2,0,0,0,0,1,7,1,1,1,1,1,0,1,0,5,1,0,1,1,1,2,0,0,2,10,1,1,0,0,1,0,0,0,1,1,1,0,1,0,1,0,0,0,1,1,0,0,0,0,1,0,0,0,0,1,1,0,0,0,0,1,0,1,0,1,0,0,0,0,0,0,0,0,1,0
20,0.8,140,0.39,0.9,190,FALSE,TRUE,1100,215,44,2,4,4,5,1,3,4,2,79,4,0,0,1,3,0,3,1,0,2,8,1,1,1,0,2,0,0,0,9,5,0,1,0,1,1,1,0,0,11,3,0,1,0,0,0,0,0,0,0,1,0,0,0,0,0,0,1,0,1,0,0,0,0,1,0,0,0,0,1,0,1,0,0,0,0,0,0,0,0,0,0,0,0,0,0,0,0,1,1
100,0.5,290,0.52,0.9,960,TRUE,FALSE,1100,217,42,0,5,7,7,3,1,0,5,82,5,1,2,2,0,1,0,0,0,4,5,0,0,1,0,0,0,1,2,8,3,0,0,0,2,0,0,2,0,10,1,0,0,0,0,1,1,0,0,1,2,0,0,0,0,0,1,0,0,1,2,0,1,0,0,1,0,0,0,2,1,0,0,0,0,0,0,1,0,0,0,0,0,0,0,0,0,1,0,0
80,0.9,160,1,0.8,640,FALSE,FALSE,1100,231,34,3,9,20,7,7,3,4,4,78,4,1,0,1,1,0,1,0,1,5,3,0,0,0,2,0,0,0,0,15,5,1,1,1,1,0,0,2,2,2,2,0,0,2,0,0,0,0,0,0,0,0,0,0,0,0,0,0,0,1,1,0,0,2,0,0,0,0,0,0,1,0,0,1,0,0,0,1,0,2,0,0,0,0,0,0,0,0,1,0
20,0.7,270,0.86,0.8,320,FALSE,TRUE,1100,217,33,5,7,9,8,4,1,4,6,81,4,2,0,0,0,0,0,0,0,3,3,0,0,0,0,0,0,1,1,13,5,0,0,1,0,2,1,0,1,8,0,0,0,0,0,1,0,1,0,2,1,0,0,0,0,0,0,0,1,1,0,0,0,1,1,0,0,0,0,0,1,0,0,0,0,0,0,0,0,3,0,0,0,0,0,0,0,0,1,1
10,0.5,200,0.32,0.7,190,FALSE,FALSE,1100,227,34,2,3,8,17,1,0,3,9,93,2,0,0,2,0,0,0,0,0,0,3,0,0,0,0,1,0,3,0,8,5,0,0,2,2,1,0,0,1,12,0,1,0,0,1,1,0,0,0,1,0,0,2,0,0,1,0,0,0,2,0,0,0,0,0,0,0,0,0,2,0,0,1,0,1,0,0,0,0,0,0,0,0,0,0,0,0,1,0,2
70,0.9,100,0.7,0.9,350,FALSE,FALSE,1100,226,43,2,4,13,4,5,3,2,5,83,4,0,2,0,1,0,1,1,0,1,3,0,1,0,0,1,0,2,1,5,8,1,0,1,0,1,1,0,1,10,1,0,1,0,1,1,1,0,0,2,2,0,0,0,0,0,0,0,0,1,0,0,0,0,0,0,0,0,0,1,2,0,0,0,0,1,0,0,0,0,0,0,0,0,0,0,0,1,1,1
20,0.6,230,0.93,0.5,190,TRUE,FALSE,1100,217,42,2,0,7,11,3,1,2,6,85,4,0,0,0,0,0,1,1,0,2,2,0,2,0,0,1,0,2,1,6,5,0,1,0,0,0,0,0,0,9,3,0,1,0,1,1,0,1,0,3,0,0,1,1,0,0,0,0,1,3,0,0,0,0,0,0,0,0,0,0,1,0,0,0,0,2,0,0,0,0,0,0,0,0,0,0,0,1,1,1
50,0.7,210,0.84,0.6,420,TRUE,TRUE,1100,221,33,2,5,11,8,5,2,2,5,83,5,1,0,0,0,1,0,1,0,1,4,0,2,0,2,0,1,0,0,8,6,0,0,0,1,2,1,3,1,6,1,0,2,0,0,0,0,1,0,6,0,0,0,2,0,0,1,0,0,1,0,0,0,0,0,1,0,0,0,0,0,0,0,0,0,0,0,0,0,3,0,0,0,0,0,0,0,0,1,1
50,0.9,150,0.83,0.9,960,TRUE,TRUE,1100,229,37,0,3,8,5,2,3,4,5,93,7,0,0,0,2,0,1,0,0,3,2,0,0,1,3,1,0,1,1,13,8,0,2,0,1,2,0,0,0,4,0,0,0,1,1,0,0,0,1,2,0,0,0,0,1,0,0,0,2,2,0,0,0,0,0,0,0,0,0,1,0,0,0,0,0,1,1,0,0,2,0,0,0,0,0,0,0,0,2,1
80,0.9,230,0.48,0.6,510,TRUE,FALSE,1300,196,22,4,1,9,9,3,3,3,3,83,3,0,0,1,0,1,1,1,0,3,2,0,0,2,0,0,1,0,1,9,6,0,1,1,0,1,0,0,1,6,0,0,0,0,1,0,0,0,0,3,0,0,0,1,0,1,0,0,0,2,0,0,0,1,0,0,0,0,0,0,1,0,0,1,0,1,1,0,0,1,0,0,0,0,0,0,0,0,0,2
50,0.6,150,0.93,0.8,410,TRUE,FALSE,1300,199,21,6,4,9,8,4,2,2,11,79,3,0,1,0,2,0,1,0,1,2,5,1,0,0,1,0,0,1,0,9,5,0,1,2,1,0,0,0,0,6,1,0,2,0,0,0,0,0,0,0,0,0,0,0,1,0,0,0,0,0,0,0,0,0,0,0,0,0,0,1,0,0,0,0,0,0,1,1,0,2,1,0,0,0,0,0,0,0,0,2
60,0.8,210,0.43,0.6,830,FALSE,FALSE,1300,207,28,2,1,10,9,7,1,6,3,84,6,0,0,1,0,0,1,1,0,2,2,0,0,2,1,1,0,0,2,7,5,0,0,1,1,1,0,0,1,10,3,0,0,0,0,0,0,1,0,1,0,0,0,0,0,1,0,0,0,1,0,0,0,0,0,0,1,0,0,0,0,0,1,1,0,0,0,0,0,1,0,0,0,0,0,0,0,0,0,1
80,0.5,130,0.77,0.6,810,FALSE,TRUE,1300,195,23,5,2,6,2,5,3,2,3,94,3,0,0,0,0,0,0,0,0,2,2,1,1,0,1,0,0,1,1,7,1,0,1,0,4,0,0,0,1,8,3,1,0,1,0,0,1,0,0,2,0,0,0,0,0,0,1,0,0,1,1,0,0,0,0,0,0,0,0,1,0,0,0,0,0,0,0,0,0,3,0,0,0,0,0,0,0,1,0,1
40,0.9,120,0.42,0.3,700,FALSE,TRUE,1300,201,36,0,1,7,6,3,1,0,3,82,8,1,1,0,1,1,0,0,1,0,6,0,0,2,1,0,1,1,1,8,4,0,0,0,0,1,1,0,0,7,1,1,0,0,0,0,0,0,1,2,4,0,0,0,0,0,0,0,1,2,0,0,0,0,0,0,2,0,0,0,0,0,0,0,0,0,0,0,0,0,0,0,1,0,0,0,0,1,0,1
80,0.7,220,0.86,0.9,830,TRUE,FALSE,1300,195,33,1,1,4,4,2,1,0,2,89,1,1,2,0,2,1,0,0,1,1,5,0,0,0,0,3,1,1,0,11,2,0,1,0,0,1,0,0,0,4,4,0,1,0,0,0,0,0,0,2,1,0,0,0,1,0,0,1,0,3,0,0,0,0,1,0,0,0,0,1,2,0,0,0,0,0,0,1,0,1,0,0,0,0,0,0,0,0,1,1
90,0.8,130,0.47,0.7,280,TRUE,TRUE,1300,198,25,1,3,9,4,3,1,2,4,88,2,0,0,3,0,0,1,0,0,4,5,0,1,0,2,0,0,2,0,6,2,0,0,2,2,1,0,0,0,10,2,0,0,0,0,0,0,0,0,4,0,0,0,3,0,0,0,1,0,1,0,0,0,0,0,0,1,1,0,1,0,0,0,0,0,0,0,1,0,0,0,0,1,0,0,0,0,0,0,0
20,0.6,300,0.71,0.8,570,TRUE,FALSE,1300,196,16,4,1,14,9,5,0,1,10,79,2,1,0,2,2,0,1,1,1,5,0,0,1,0,0,1,0,0,1,11,4,1,0,1,3,0,0,0,0,5,2,0,1,1,2,0,0,0,0,2,0,0,0,0,0,0,0,0,1,0,0,0,0,0,0,0,1,0,0,0,1,0,0,0,0,0,0,0,0,1,0,0,0,0,0,0,0,0,0,3
60,0.8,220,0.86,0.8,950,FALSE,FALSE,1300,206,33,1,4,2,6,1,2,0,5,91,7,0,1,0,1,0,0,0,0,3,4,0,0,0,0,1,1,2,1,12,5,0,0,1,1,1,0,0,0,6,1,2,0,0,1,0,0,1,0,2,1,0,0,0,0,0,0,0,0,1,0,0,0,0,0,0,1,0,0,0,1,0,0,0,0,0,0,1,1,1,1,0,0,0,0,0,0,0,0,0
30,0.5,120,0.8,0.4,650,TRUE,FALSE,1300,196,22,1,5,7,5,8,3,2,3,82,4,1,1,2,1,1,1,1,0,3,4,0,1,1,2,0,0,1,0,7,1,0,0,1,1,2,1,1,0,6,4,0,0,0,0,0,0,0,0,3,0,0,1,0,0,1,0,0,1,1,0,0,0,0,0,0,0,0,0,0,0,0,0,0,0,0,1,1,0,0,0,0,0,1,0,0,0,0,0,1
20,0.5,270,0.32,0.3,920,FALSE,FALSE,1300,197,17,5,3,8,10,5,3,3,3,91,3,0,0,0,1,0,1,0,0,3,1,0,0,0,0,1,2,0,2,10,2,0,0,0,0,0,0,0,1,7,2,0,0,0,1,0,0,1,0,1,2,0,0,0,0,0,1,0,0,2,1,0,0,0,2,0,0,0,0,0,0,0,0,0,0,0,1,1,0,0,0,0,0,0,0,0,0,0,1,0
80,0.7,220,0.92,0.5,820,TRUE,FALSE,1300,201,29,2,2,2,2,3,1,2,6,92,4,1,1,3,1,1,0,0,2,2,4,1,0,1,0,0,1,0,1,6,6,0,0,0,0,0,0,0,0,8,1,0,0,0,0,0,0,0,1,3,0,0,0,0,1,0,0,0,0,2,1,0,0,0,0,0,0,0,0,2,0,0,0,0,1,0,1,0,0,3,0,0,1,1,0,0,0,0,0,0
90,0.6,250,0.44,0.3,530,FALSE,FALSE,1300,198,22,1,4,11,13,7,0,4,4,79,7,0,0,1,1,1,1,0,0,1,3,0,0,0,1,1,1,0,0,5,4,0,1,0,1,1,0,0,2,7,3,0,0,0,0,1,1,0,0,1,1,0,0,1,0,1,0,0,0,0,0,0,0,0,0,0,0,1,0,0,0,0,0,0,1,0,1,0,0,3,0,0,0,0,0,0,0,0,0,0
30,0.9,200,0.45,0.7,930,TRUE,FALSE,1300,193,40,1,1,1,3,3,1,0,6,84,5,1,0,0,0,0,2,0,0,2,2,1,0,0,2,0,0,0,1,7,4,1,0,1,1,0,1,0,0,5,4,0,0,0,0,0,0,0,0,5,2,0,0,0,0,1,1,0,0,0,0,0,0,0,0,0,0,0,0,1,0,0,0,0,1,0,0,0,1,0,1,0,0,0,1,0,0,0,0,0
60,0.7,230,0.36,0.3,520,TRUE,TRUE,1300,203,31,4,2,14,10,8,0,4,7,68,4,0,0,0,1,1,1,0,1,1,2,0,0,1,2,1,0,0,4,6,6,0,1,2,2,0,0,0,1,4,1,0,0,1,0,0,2,0,0,2,0,0,0,0,0,0,0,0,0,2,1,0,0,0,1,0,0,0,0,2,0,0,0,1,0,0,1,0,0,1,0,0,0,0,0,0,0,0,0,0
40,0.6,120,0.68,0.6,460,FALSE,TRUE,1300,198,23,0,3,6,3,4,2,3,5,96,4,1,0,1,1,0,0,1,0,1,0,0,0,2,1,0,0,0,0,8,4,0,0,1,1,1,0,0,0,10,0,0,0,2,2,0,0,0,2,0,1,0,0,0,0,1,0,0,0,2,0,0,0,0,0,0,0,0,0,1,0,0,0,0,1,0,0,0,0,2,0,0,0,0,0,1,0,0,1,1
90,0.9,110,0.9,0.4,700,TRUE,TRUE,1300,203,32,3,5,9,6,2,2,3,4,82,3,3,0,0,0,0,1,1,0,1,1,0,0,1,1,2,0,1,1,8,5,0,0,0,2,0,0,1,0,6,4,0,0,1,0,0,1,0,2,3,0,0,0,0,0,0,0,0,1,1,0,0,0,0,1,0,0,0,0,0,0,0,0,0,0,0,0,0,2,1,0,0,0,0,0,0,0,0,1,0
10,0.8,140,0.86,0.3,200,TRUE,FALSE,1300,196,27,2,3,3,8,4,1,3,5,86,3,1,0,1,0,0,0,0,1,1,2,1,0,0,0,0,1,1,0,9,6,0,1,0,2,2,1,0,0,9,0,0,0,1,0,0,0,0,0,2,0,0,0,0,0,0,0,1,0,0,0,0,0,0,1,0,0,0,1,0,0,0,0,1,0,1,1,0,0,1,1,0,0,0,1,0,0,0,0,1
40,0.8,150,0.45,0.3,150,FALSE,TRUE,1300,199,29,2,2,4,2,2,3,3,7,88,2,1,1,1,0,0,0,0,0,7,4,0,0,0,0,1,0,1,0,6,5,0,0,0,2,0,0,0,2,9,4,0,1,0,0,0,0,0,0,1,0,0,0,0,0,0,0,0,0,4,0,0,0,3,0,0,0,0,0,1,0,0,0,0,1,0,0,0,0,0,0,1,0,0,0,0,0,0,0,0
10,0.6,250,0.57,0.8,780,FALSE,TRUE,1300,199,28,3,1,6,3,2,0,5,2,89,7,0,1,2,0,1,0,0,2,2,3,0,0,0,1,1,0,0,0,12,3,0,0,1,1,1,0,2,0,8,2,0,0,0,0,0,0,0,1,3,1,0,0,0,0,0,0,0,0,0,0,0,0,0,1,0,0,0,0,1,0,0,0,0,0,0,1,1,0,1,0,0,0,0,0,0,0,0,0,1
60,0.9,220,0.49,0.9,880,FALSE,TRUE,1300,207,40,0,2,2,4,1,2,1,4,90,7,2,0,0,0,0,2,0,0,2,5,1,0,1,0,0,0,2,0,6,5,0,0,0,1,0,0,0,0,11,2,0,0,0,0,0,0,0,0,2,3,0,0,0,1,0,0,0,0,1,0,0,0,0,0,0,0,0,2,1,0,0,0,1,0,1,0,0,0,1,0,0,0,0,0,0,0,0,1,1
10,0.8,230,0.68,0.5,800,FALSE,FALSE,1300,200,27,2,2,6,6,4,2,1,6,92,4,0,0,0,0,0,0,1,0,2,1,0,0,0,0,0,0,0,0,7,3,0,0,0,1,1,0,3,1,4,6,0,0,0,0,0,0,0,1,4,0,0,0,0,1,0,0,0,0,5,0,0,0,0,0,0,0,0,0,0,0,0,0,1,0,0,0,1,1,2,0,0,0,0,1,0,0,0,1,1
80,0.7,250,0.81,0.6,1000,TRUE,FALSE,1300,197,34,0,3,6,4,4,2,2,4,82,4,0,1,0,1,0,1,0,1,3,4,2,0,1,1,2,0,0,0,7,3,0,0,0,0,1,0,0,1,3,2,0,0,0,1,1,0,0,0,4,1,0,0,0,0,0,0,0,2,2,1,0,1,1,0,0,0,0,0,1,0,0,0,0,1,0,0,0,0,1,0,0,0,0,0,0,0,1,0,1
20,0.7,170,0.31,0.3,130,FALSE,FALSE,1300,193,26,1,4,2,7,2,2,1,4,89,4,1,1,0,0,0,0,0,1,4,3,0,0,0,0,0,1,1,1,5,6,0,0,0,1,2,0,0,0,7,1,0,0,1,0,0,1,0,1,0,2,0,0,0,0,0,0,0,0,3,0,0,0,0,1,0,0,0,0,0,2,0,0,0,0,0,0,0,0,4,0,0,0,0,0,0,0,0,0,2
70,0.7,250,0.64,0.3,710,FALSE,FALSE,1300,204,35,2,2,4,6,1,2,1,7,81,3,1,1,0,1,0,1,1,1,4,2,3,0,1,0,2,1,1,2,9,5,0,1,1,1,0,0,0,1,5,4,0,0,1,0,1,0,0,0,1,0,0,1,0,0,0,0,0,0,2,2,0,0,0,1,0,0,0,0,0,1,0,0,0,0,0,0,0,0,2,0,0,0,0,0,0,0,0,0,0
50,0.8,260,0.59,0.5,910,FALSE,FALSE,1300,195,30,0,3,5,5,3,2,3,5,83,6,0,1,0,0,0,0,1,0,2,5,1,0,2,0,1,0,0,0,8,6,0,0,1,1,0,0,0,1,6,0,0,1,0,0,2,0,0,1,1,2,0,0,0,0,0,0,0,0,2,1,0,0,0,0,0,0,0,0,1,0,0,0,0,1,0,0,0,0,1,1,0,0,0,0,0,0,0,1,0
30,0.8,120,1,0.7,230,FALSE,FALSE,1300,203,31,2,2,8,6,3,3,5,7,79,3,0,0,0,1,0,0,0,0,3,6,0,0,0,1,0,1,0,1,7,3,1,1,1,1,0,2,0,0,9,4,0,1,0,0,0,0,0,0,2,0,0,0,0,0,1,0,0,0,0,1,0,0,0,0,0,1,0,0,0,2,0,0,0,0,0,0,0,0,4,0,0,0,0,0,0,0,0,1,0
20,0.5,270,0.95,0.3,910,TRUE,FALSE,1300,196,31,0,4,3,2,4,1,0,4,89,3,1,1,0,0,0,0,1,0,3,5,0,0,0,2,0,0,0,1,6,7,0,0,0,1,1,0,0,2,8,1,1,0,1,0,1,0,1,0,3,2,0,0,0,0,0,0,0,0,0,0,0,0,0,1,0,0,1,0,1,1,0,0,0,0,0,0,0,0,1,0,0,0,0,0,0,0,0,0,2
50,0.6,160,1,0.9,950,TRUE,FALSE,1300,199,21,1,5,8,10,2,5,3,7,90,0,0,0,0,0,0,0,0,1,1,2,0,0,2,2,0,0,1,1,9,2,1,0,1,2,0,0,1,1,8,2,0,0,0,1,1,0,0,0,2,1,0,0,0,0,0,0,0,0,1,0,0,0,0,0,0,1,0,0,1,1,0,0,0,0,0,0,0,0,0,0,0,0,0,1,0,0,1,0,0
80,0.7,270,0.93,0.6,460,FALSE,FALSE,1300,208,35,2,1,4,4,4,1,3,6,91,3,2,3,0,1,0,1,0,0,4,2,0,0,1,0,0,1,0,1,6,3,1,0,1,0,2,0,0,0,7,1,0,0,0,0,0,0,0,0,1,3,1,0,0,1,0,0,0,0,2,0,0,0,1,0,0,0,0,0,1,2,0,0,0,1,0,0,0,0,4,0,1,0,0,0,0,0,0,0,0
70,0.6,240,0.83,0.8,790,TRUE,TRUE,1300,199,21,5,6,14,9,3,4,9,7,69,4,0,0,0,0,1,0,1,0,0,1,1,1,0,0,0,0,2,0,7,2,0,1,2,3,0,1,1,1,5,2,0,0,0,2,0,0,0,0,0,1,0,0,0,0,0,0,0,2,3,0,0,0,0,0,0,0,0,0,3,1,0,0,1,0,0,0,0,0,0,1,0,0,0,0,0,0,0,2,1
10,0.7,110,0.46,0.9,430,TRUE,TRUE,1300,205,30,6,1,7,5,8,0,3,4,85,2,1,0,0,0,0,1,0,2,3,8,1,0,1,0,0,0,1,0,7,5,0,2,0,1,1,1,0,1,3,2,1,0,0,0,0,0,0,1,1,0,0,0,0,0,0,0,0,0,3,1,0,0,0,0,1,0,0,0,0,0,0,0,0,0,0,0,1,0,1,1,0,0,1,0,0,0,0,1,1
10,0.5,190,0.84,0.3,840,TRUE,FALSE,1300,196,20,3,6,5,7,4,3,3,4,88,1,4,0,1,1,0,0,0,1,3,1,0,1,1,0,1,0,1,0,12,4,0,0,3,0,2,0,1,2,4,0,1,0,0,0,0,0,1,0,1,0,0,0,0,0,0,0,0,0,0,0,0,0,0,0,0,1,0,0,1,0,0,0,0,0,0,0,1,0,1,0,0,0,1,1,0,0,0,0,1
70,0.6,210,0.86,0.6,780,FALSE,TRUE,1300,204,27,2,2,13,5,8,4,4,5,83,4,0,1,0,0,0,0,0,0,2,2,0,0,1,0,1,0,0,0,4,2,0,0,0,2,0,0,1,4,8,3,0,0,0,2,1,0,0,1,3,0,0,0,0,0,0,0,0,0,1,0,0,0,0,0,1,0,0,0,1,2,0,0,0,1,0,0,0,0,2,0,0,0,0,1,0,0,0,0,1
20,0.7,190,0.38,0.6,300,FALSE,TRUE,1300,201,27,1,5,7,8,2,2,3,4,84,4,1,0,1,1,2,1,0,0,0,8,0,0,0,3,1,1,0,0,13,4,0,0,1,0,0,0,2,1,4,2,0,1,0,0,0,0,0,1,3,0,0,0,0,0,0,0,0,0,1,0,0,0,1,0,0,0,0,0,1,0,0,0,0,0,0,1,0,0,0,0,0,0,0,0,0,0,0,0,0
20,0.5,190,0.71,0.8,320,TRUE,TRUE,1300,192,25,3,2,9,8,5,1,1,10,76,2,0,0,0,2,1,0,1,0,2,3,0,0,1,1,0,1,0,0,4,2,1,0,1,1,1,0,0,0,7,2,0,0,1,0,1,0,0,0,5,1,0,0,0,0,0,0,0,1,1,1,0,0,0,0,0,1,1,0,1,1,0,0,0,0,0,0,1,0,3,0,0,0,0,0,0,0,0,1,0
30,0.6,200,0.67,0.4,130,TRUE,TRUE,1300,201,20,2,5,9,7,3,1,3,11,86,6,0,1,0,0,0,1,0,0,3,0,0,1,0,1,0,0,0,1,6,3,0,0,0,2,0,2,0,2,10,1,1,0,1,0,0,1,0,0,2,0,0,0,1,0,0,0,0,0,1,0,0,0,0,0,0,1,0,0,2,0,0,0,0,1,0,0,0,0,2,0,0,0,0,0,0,1,0,0,1
20,0.9,280,0.52,0.5,710,TRUE,TRUE,1300,202,24,4,7,6,9,4,3,1,8,82,6,0,0,1,0,0,0,0,0,2,1,0,0,2,0,1,0,1,0,4,5,1,0,0,2,1,0,0,0,12,1,2,0,0,0,1,0,0,0,2,0,0,0,0,0,0,0,0,0,1,0,0,0,0,1,0,1,1,0,1,0,1,0,0,0,0,0,1,0,1,0,0,0,0,0,0,0,0,0,2
30,0.9,200,0.46,0.5,750,TRUE,TRUE,1300,198,31,1,4,2,2,3,0,3,3,86,6,1,0,0,1,0,1,1,1,3,7,0,1,0,0,0,0,3,0,9,8,0,0,1,1,0,0,0,1,7,1,0,0,0,0,0,0,0,0,2,1,1,0,0,0,0,0,0,0,0,1,0,0,0,0,0,1,0,0,0,0,0,0,0,0,0,0,1,0,3,0,0,0,0,0,0,0,0,0,1
90,0.5,240,0.41,0.7,820,TRUE,FALSE,1300,197,34,1,3,8,8,5,2,1,10,73,4,0,1,0,0,1,0,0,0,1,4,0,0,1,2,0,0,0,0,5,5,0,0,1,2,0,1,0,1,9,1,0,0,1,1,0,1,1,0,2,0,1,0,1,0,0,0,0,1,1,0,0,0,0,0,0,0,0,0,1,0,0,0,0,0,1,0,0,0,1,0,0,0,0,0,0,1,0,0,0
90,0.5,220,0.75,0.7,670,FALSE,TRUE,1300,194,27,0,4,9,10,4,2,4,4,78,5,0,0,0,0,0,1,0,0,1,4,0,0,3,1,0,0,0,1,9,3,1,1,1,0,1,0,1,0,5,1,1,1,3,1,0,0,0,1,1,1,0,0,0,0,0,0,0,0,2,0,0,0,0,0,0,0,0,0,0,0,0,0,0,0,0,1,0,0,0,0,0,0,0,0,0,0,1,1,0
60,0.8,290,0.57,0.9,390,FALSE,TRUE,1300,205,30,3,3,6,2,6,1,3,2,91,3,2,0,0,0,1,1,2,0,0,7,0,1,0,0,0,0,0,0,10,6,0,1,2,0,0,0,0,0,9,0,0,0,0,0,0,0,0,1,1,0,0,0,0,1,0,1,0,0,1,0,0,0,0,0,0,1,0,0,1,0,0,0,0,0,0,0,0,1,2,1,0,0,0,0,0,0,0,0,2
70,0.5,220,0.39,0.6,770,FALSE,TRUE,1300,199,21,6,3,8,9,8,2,1,6,81,1,1,1,2,2,3,1,0,0,1,2,0,0,1,0,2,0,0,0,10,2,0,1,2,0,1,0,0,0,3,2,0,0,1,0,0,0,1,2,2,1,0,0,0,0,0,0,0,0,2,0,0,0,1,1,1,0,0,0,0,0,0,0,0,0,1,0,0,1,1,0,0,0,0,0,0,0,0,1,1
30,0.5,280,0.44,0.9,940,TRUE,FALSE,1300,203,20,4,2,9,14,10,4,1,6,83,4,0,1,0,0,0,1,1,2,3,1,0,0,0,0,1,0,0,0,5,5,1,1,1,2,0,0,1,1,8,1,1,0,0,1,0,0,0,0,2,0,0,0,0,0,0,0,0,0,1,0,0,0,0,0,1,0,0,0,0,0,0,0,1,0,0,1,0,0,1,0,0,0,0,0,0,0,1,0,1
90,0.6,100,0.35,0.5,860,TRUE,TRUE,1300,196,25,1,1,3,5,4,1,0,5,95,2,1,1,0,0,0,0,0,1,3,2,0,1,1,0,2,0,0,1,4,4,0,0,3,1,2,0,0,0,8,1,0,0,0,1,0,0,0,0,5,1,0,0,0,0,0,0,0,0,2,1,0,0,0,1,0,0,0,0,1,1,0,0,0,0,0,1,0,1,2,0,0,0,0,0,0,0,0,0,2
20,0.7,100,0.31,0.8,610,FALSE,FALSE,1300,193,26,1,2,3,3,4,3,1,5,91,1,0,1,3,0,1,0,0,0,2,2,0,0,1,2,0,0,0,0,11,2,0,0,1,2,0,0,0,0,6,1,0,0,0,0,0,0,1,1,3,1,0,0,0,1,0,1,0,0,2,1,0,0,0,0,0,0,0,0,1,1,0,0,0,0,0,0,0,1,1,2,0,0,0,2,0,0,0,0,0
20,0.8,180,0.98,0.3,1000,FALSE,FALSE,1300,196,32,3,3,6,6,4,2,1,4,84,4,1,1,0,0,0,1,0,0,0,3,0,0,0,0,0,0,0,2,6,3,0,0,0,2,1,0,2,1,7,4,0,0,0,0,0,0,0,1,1,1,0,0,1,0,0,0,0,0,3,1,0,0,0,0,0,0,1,0,1,0,0,0,1,0,0,0,0,0,0,0,0,0,0,1,0,0,0,1,1
70,0.7,140,0.95,0.9,920,TRUE,FALSE,1300,198,24,2,4,9,12,4,5,6,5,76,4,1,0,0,0,0,1,1,0,3,2,1,0,0,0,0,0,0,1,6,4,0,1,0,3,1,0,0,0,11,3,0,0,0,0,0,0,1,0,1,0,0,0,0,0,0,0,0,0,0,1,0,0,0,0,0,0,2,0,1,1,0,0,0,0,0,0,0,0,0,0,0,1,0,0,0,0,0,0,1
90,0.9,270,0.44,0.5,810,TRUE,FALSE,1300,195,25,1,1,7,5,8,2,2,4,86,1,1,2,1,0,1,2,1,1,4,4,0,0,1,0,0,0,0,0,13,2,1,0,3,1,0,0,0,1,4,0,0,2,1,0,0,0,0,0,1,0,0,0,0,1,0,0,0,0,0,0,0,0,0,0,0,0,0,0,2,0,0,0,1,0,0,0,0,0,0,1,0,0,0,0,0,0,0,1,1
80,0.9,300,0.53,0.5,170,FALSE,FALSE,1300,200,23,5,4,9,8,2,3,3,6,82,2,0,0,1,0,0,0,1,0,2,4,0,0,2,0,1,1,2,0,12,5,0,0,1,1,1,0,1,1,5,0,0,0,0,0,0,0,0,1,1,0,0,0,0,0,1,0,0,0,4,0,0,0,1,0,0,1,0,1,0,2,0,0,0,0,0,0,0,0,1,0,0,0,0,0,0,0,0,0,0
60,0.5,280,0.65,0.8,380,TRUE,FALSE,1300,209,32,3,1,5,9,4,1,3,5,79,4,0,2,2,2,0,1,3,0,3,4,0,1,1,2,0,0,0,0,8,5,0,0,0,0,2,0,0,0,4,3,1,0,0,1,0,0,2,0,1,2,0,0,0,0,0,0,0,0,4,0,0,0,0,1,0,0,1,0,1,0,0,0,0,1,0,0,0,0,2,0,0,0,0,0,0,0,0,1,3
90,0.8,220,0.59,0.8,930,FALSE,FALSE,1300,199,32,3,4,4,2,2,1,1,3,91,9,0,1,0,0,1,0,0,0,1,2,0,1,0,0,1,0,0,0,6,4,1,0,0,1,0,0,2,0,8,4,0,0,1,1,0,0,1,0,3,0,0,0,0,1,0,0,0,0,1,1,0,0,0,0,0,0,0,0,0,0,0,0,0,0,0,1,0,1,3,0,0,0,0,0,0,0,0,1,0
100,0.5,270,0.62,0.5,390,TRUE,TRUE,1300,203,32,3,3,4,7,4,3,2,3,84,4,0,1,1,1,0,0,0,2,2,3,1,1,1,1,3,0,0,1,6,5,0,0,0,1,0,1,0,0,6,1,1,0,0,0,0,0,0,1,2,1,0,0,1,1,0,0,0,0,2,1,0,0,0,0,0,0,0,0,2,1,0,0,1,0,0,1,0,0,0,0,1,0,0,0,0,0,0,0,1
90,0.6,270,0.74,0.9,930,TRUE,TRUE,1300,198,26,2,4,5,5,3,3,2,7,89,4,0,0,0,1,1,2,0,0,1,3,0,0,3,0,0,0,0,1,11,1,0,0,1,0,1,0,0,1,7,2,0,0,0,1,0,0,0,0,3,0,0,0,0,0,0,0,0,0,0,1,0,0,0,1,0,0,0,0,1,2,0,0,0,0,0,0,0,0,1,1,0,0,0,0,0,0,0,0,2
70,0.7,190,0.59,0.7,410,TRUE,TRUE,1300,200,30,0,2,5,5,7,2,2,6,85,0,1,2,1,1,0,0,0,0,2,2,1,1,0,0,0,0,0,0,13,7,0,0,1,0,0,0,0,1,5,0,0,0,1,1,0,1,1,0,1,1,0,0,1,0,0,0,0,1,3,1,0,0,1,0,0,0,0,0,0,1,0,1,0,0,0,0,0,0,2,0,0,0,0,0,0,1,0,1,0
80,0.5,220,0.34,0.4,550,TRUE,FALSE,1300,197,22,1,3,10,13,6,3,1,5,80,2,0,1,3,0,0,0,1,1,1,4,1,1,0,0,1,0,0,1,8,2,0,0,1,2,1,0,0,1,5,2,0,0,1,0,1,1,0,1,3,0,0,0,0,0,0,0,0,1,1,0,0,0,0,0,0,0,0,0,1,0,0,0,1,0,0,0,0,0,3,0,0,0,0,0,0,0,0,1,0
80,0.9,250,0.88,0.7,850,FALSE,TRUE,1300,203,35,2,2,5,3,1,1,4,3,90,1,0,0,0,1,0,1,0,0,4,3,0,0,3,1,0,0,0,1,9,5,0,2,0,1,0,0,0,0,5,3,0,0,0,1,0,0,0,0,3,0,1,0,0,0,0,0,0,0,3,0,0,0,0,1,0,1,0,0,3,0,0,0,0,1,0,1,0,0,2,0,0,0,0,0,0,0,0,1,0
80,0.9,220,0.54,0.9,260,FALSE,FALSE,1300,199,35,0,0,4,3,3,2,2,4,86,3,1,0,2,2,0,0,0,0,3,8,0,1,1,0,1,2,1,0,8,3,0,1,1,0,0,1,0,1,5,0,0,0,0,0,0,0,0,1,0,3,0,0,0,0,1,0,0,0,2,0,0,0,0,0,1,0,0,0,1,1,0,1,1,0,0,0,0,0,1,1,0,0,0,0,0,1,0,0,1
50,0.5,300,0.87,0.3,660,FALSE,FALSE,1300,203,31,1,3,7,11,4,2,1,7,77,4,2,1,1,1,1,0,0,0,3,1,0,0,1,3,0,0,0,1,7,3,0,0,0,1,2,0,0,0,8,1,0,1,2,1,0,1,0,0,3,2,0,0,1,0,0,0,1,0,1,0,0,0,0,0,1,0,0,0,1,0,0,0,0,0,0,0,0,0,3,0,0,0,0,0,0,0,0,1,0
90,0.6,210,0.71,0.3,180,TRUE,FALSE,1300,193,30,1,4,2,4,2,2,2,5,88,4,1,0,0,1,0,0,0,1,0,2,0,0,0,2,1,0,0,0,6,4,1,3,1,0,0,1,0,0,9,0,0,1,0,0,1,1,0,0,3,0,0,0,0,0,0,0,0,1,0,2,0,0,0,0,0,0,0,0,2,1,0,0,0,1,0,0,0,0,2,0,0,0,0,0,0,0,0,0,2
70,0.8,200,0.49,0.5,310,FALSE,TRUE,1300,197,28,2,4,8,5,5,3,3,4,87,3,1,1,0,1,0,1,0,0,3,1,0,1,1,2,0,1,0,0,3,5,0,0,0,1,0,0,1,1,7,0,0,0,0,1,0,0,0,0,3,0,0,0,0,1,0,0,0,0,2,0,0,0,0,0,0,0,0,1,0,1,0,0,0,0,1,1,0,0,2,1,0,0,0,0,0,0,0,1,0
100,0.6,300,0.58,0.9,630,FALSE,FALSE,1300,195,22,0,4,9,3,1,2,3,8,94,3,0,1,0,0,1,1,1,1,0,2,0,0,0,0,2,1,0,1,12,5,0,0,1,0,1,0,1,0,4,0,0,0,1,0,1,0,0,0,2,0,0,0,0,0,0,0,0,1,3,0,0,0,0,1,0,0,0,0,0,0,0,0,0,0,0,0,0,0,1,0,0,0,1,0,0,0,1,0,0
70,0.5,150,0.61,0.4,950,TRUE,FALSE,1300,206,24,1,4,8,5,8,1,1,7,93,2,0,1,1,1,0,0,0,0,1,4,0,0,1,2,2,1,0,1,9,5,0,0,0,1,0,0,0,0,6,0,0,1,0,0,0,0,0,0,2,0,1,0,0,0,1,0,0,1,2,0,0,0,0,0,0,0,0,0,1,0,0,0,1,0,0,0,0,0,2,1,0,0,0,0,0,0,0,1,3
40,0.9,210,0.56,0.4,280,TRUE,FALSE,1300,200,36,0,2,2,3,1,2,2,4,85,4,0,1,2,1,1,0,0,1,3,6,1,2,1,1,1,1,0,1,7,9,0,0,0,0,1,0,0,1,7,1,0,0,1,0,0,0,0,1,2,0,0,0,0,0,0,0,0,0,1,0,0,0,0,0,0,0,0,0,1,0,0,0,1,0,0,0,0,0,1,1,0,0,0,0,0,0,0,1,1
100,0.8,280,0.56,0.7,170,FALSE,FALSE,1300,197,22,2,0,7,5,5,2,2,8,95,1,1,0,1,0,1,0,0,0,1,3,0,0,0,0,1,0,0,0,8,2,0,1,0,0,2,0,1,0,9,1,2,1,0,1,0,0,0,1,2,0,0,0,0,0,0,0,0,1,1,1,0,0,0,0,0,0,0,0,2,0,0,0,0,1,0,0,0,1,0,2,0,0,0,0,0,0,0,0,1
80,0.5,280,0.96,0.5,1000,FALSE,TRUE,1300,209,34,0,2,6,6,3,1,2,6,84,8,1,0,1,1,1,0,1,2,1,3,1,0,2,1,1,0,0,0,4,7,0,1,1,0,0,1,1,1,8,0,0,0,0,1,1,1,0,0,5,0,0,0,0,2,0,0,0,0,1,0,0,0,0,0,0,1,1,0,2,0,0,0,0,0,0,0,0,0,2,0,0,0,1,0,0,0,0,0,0
20,0.8,210,0.33,0.9,110,TRUE,FALSE,1300,193,30,0,3,2,3,4,0,1,6,90,2,1,0,0,0,0,1,2,1,1,4,1,0,1,1,1,0,0,1,7,4,1,0,1,0,0,0,0,0,8,3,0,0,0,0,0,0,0,1,2,0,0,0,0,0,0,0,0,0,2,2,0,0,0,0,0,0,0,1,1,0,0,0,1,0,0,0,0,0,2,0,0,0,0,1,0,0,1,0,0
40,0.9,220,0.77,0.8,790,FALSE,FALSE,1300,196,23,1,5,12,6,7,2,2,7,79,4,0,0,0,0,0,1,2,1,0,1,0,0,2,0,1,0,0,0,9,3,1,0,1,2,1,0,0,2,5,2,0,0,2,0,1,0,0,0,1,0,0,0,0,2,0,2,0,0,3,0,0,0,0,0,0,0,0,0,2,0,0,0,0,0,0,0,0,0,0,0,0,0,0,0,0,0,0,1,1
50,0.7,110,0.54,0.7,140,FALSE,FALSE,1300,199,30,0,7,7,8,8,0,3,3,78,7,0,1,1,1,1,0,1,0,2,3,0,0,2,0,1,0,0,1,8,5,1,0,1,2,0,0,1,1,3,0,0,0,2,0,0,0,0,0,1,1,0,0,0,0,1,0,0,0,1,0,0,0,0,0,0,0,0,0,0,0,1,0,0,0,0,1,1,0,2,0,0,0,0,0,0,0,0,0,2
30,0.8,240,0.96,0.5,530,TRUE,TRUE,1300,198,24,1,5,10,8,4,2,3,6,81,2,1,1,0,2,2,0,0,1,1,3,0,0,0,1,0,0,0,1,5,3,0,0,2,2,1,0,0,1,9,1,0,0,0,2,0,0,0,0,4,1,0,0,0,0,0,0,0,0,2,1,1,0,1,0,0,0,0,0,0,0,0,0,0,1,0,0,0,0,1,1,0,0,0,0,0,0,0,1,0
20,0.7,130,0.34,0.4,870,TRUE,FALSE,1300,205,40,0,2,8,1,4,3,2,3,83,4,1,0,2,0,1,2,1,1,1,7,0,0,0,0,2,0,0,1,9,6,0,0,0,1,0,0,0,1,5,2,0,0,0,0,1,0,0,0,1,2,1,0,0,0,0,0,0,0,2,1,0,0,0,0,0,1,0,0,0,0,0,0,0,0,1,0,0,0,1,0,0,0,1,0,0,0,0,0,1
10,0.6,100,0.52,0.6,200,TRUE,TRUE,1300,207,34,3,3,5,5,2,2,2,4,82,5,2,1,1,0,2,0,0,1,4,5,0,1,0,1,2,0,1,0,4,5,0,0,1,3,0,0,0,1,7,1,0,1,0,1,0,0,0,1,2,1,0,0,0,0,0,0,0,0,3,0,0,0,0,0,0,0,0,0,2,1,0,0,0,0,1,0,0,1,1,0,0,0,0,0,1,0,0,1,0
70,0.7,130,0.44,0.6,750,TRUE,TRUE,1300,194,26,1,1,6,2,2,1,3,2,96,4,0,0,2,2,0,0,1,0,4,0,0,0,0,0,1,1,0,0,7,5,0,0,0,0,0,1,1,0,6,1,2,0,0,0,0,0,0,1,2,0,0,0,0,1,0,0,0,0,1,0,0,0,1,0,1,0,0,0,3,1,0,0,1,1,0,0,0,0,0,0,0,0,1,0,1,0,0,0,2
60,0.7,230,0.35,0.4,420,FALSE,TRUE,1300,200,32,2,2,3,6,4,0,1,4,90,2,1,2,3,0,0,0,0,0,2,0,0,0,0,1,0,0,2,1,15,2,2,0,0,0,0,0,0,0,5,4,0,0,0,1,1,0,0,0,2,0,1,0,0,0,1,0,0,1,1,1,0,0,0,0,0,0,0,0,2,0,0,0,0,0,0,1,0,2,0,0,0,0,0,0,0,0,0,1,0
50,0.7,150,0.69,0.6,700,TRUE,TRUE,1300,195,26,7,3,2,8,3,1,2,7,78,6,0,0,0,0,1,0,1,2,3,4,2,1,0,1,0,0,0,0,4,4,0,1,0,1,1,0,0,1,7,4,0,0,0,0,0,0,0,0,3,0,0,0,1,0,0,0,0,0,1,1,0,0,0,0,0,0,0,1,1,0,1,1,0,0,0,0,0,0,2,0,0,0,0,0,0,0,0,0,3
10,0.7,280,0.49,0.9,450,FALSE,FALSE,1300,203,28,3,2,6,7,4,1,3,8,85,1,1,1,0,1,2,0,2,0,1,3,1,0,2,0,0,1,1,1,7,4,0,0,3,2,0,0,0,0,9,0,0,1,0,0,0,0,0,1,4,0,0,1,0,0,0,0,1,0,0,1,0,0,1,0,0,1,0,0,0,1,0,0,0,0,0,0,0,0,0,0,0,0,0,0,0,0,0,1,1
90,0.6,120,0.43,0.8,480,TRUE,TRUE,1300,198,32,4,0,7,2,3,1,2,2,90,4,1,0,0,0,1,0,1,0,2,7,0,0,0,0,1,0,0,0,11,4,0,1,0,0,1,0,2,1,4,3,0,0,1,0,0,1,0,0,2,0,0,0,0,0,0,0,0,0,2,0,0,0,0,0,0,0,0,0,2,1,0,0,0,0,0,1,1,0,0,0,0,0,0,0,0,0,0,1,0
30,0.6,300,0.44,0.3,140,FALSE,TRUE,1300,203,32,2,1,5,6,0,1,2,5,89,5,1,2,1,0,0,0,0,1,3,4,0,0,1,0,0,0,0,2,12,6,0,0,0,0,0,0,1,1,5,1,0,0,1,0,0,0,0,0,2,1,0,0,0,0,1,0,0,0,2,0,0,0,0,0,1,1,0,0,0,2,0,0,0,0,1,0,0,0,0,0,0,0,0,0,0,0,1,1,1
80,0.5,100,0.79,0.5,710,FALSE,FALSE,1300,195,25,2,5,15,5,4,3,2,2,78,3,0,0,1,3,0,0,0,0,1,2,0,0,0,1,1,0,0,1,9,4,0,0,0,1,1,1,1,1,8,2,0,0,0,1,0,1,0,1,0,0,0,1,1,0,0,0,0,0,1,0,0,0,1,0,0,1,0,1,2,0,0,0,0,0,0,0,0,0,0,1,0,0,0,0,0,0,0,0,2
40,0.6,100,0.75,0.3,750,TRUE,TRUE,1300,195,26,0,4,12,11,6,0,4,4,71,3,0,0,2,3,0,1,1,0,1,4,0,2,0,0,0,2,1,0,8,5,0,0,1,2,1,1,0,0,7,0,0,0,2,1,1,0,0,0,2,0,1,0,0,0,0,0,0,0,0,0,0,0,0,0,0,1,0,0,2,1,0,0,0,0,0,0,0,1,0,1,0,0,0,0,0,0,0,0,0
90,0.6,180,0.65,0.5,110,FALSE,TRUE,1300,207,37,5,2,11,7,3,1,2,7,73,5,1,0,0,3,0,0,0,1,2,3,0,0,1,1,0,0,0,1,7,5,0,0,1,1,1,0,1,1,5,2,0,0,0,0,0,0,0,0,3,1,0,0,0,0,1,1,0,0,0,3,0,0,0,0,0,0,0,0,2,0,0,0,2,0,0,0,0,0,4,0,0,0,0,0,0,0,0,0,1
60,0.9,260,0.5,0.5,440,TRUE,TRUE,1300,195,27,2,2,6,5,1,1,4,11,86,5,0,1,0,0,0,1,0,0,2,3,0,0,0,0,0,1,0,0,7,3,0,0,0,2,0,0,0,0,4,0,0,1,0,0,0,0,0,0,2,0,1,0,0,1,0,0,0,0,1,2,0,0,0,0,0,0,0,0,5,0,0,0,0,0,0,0,0,0,3,1,0,0,0,0,0,1,0,1,3
30,0.6,250,0.33,0.9,120,FALSE,TRUE,1300,201,25,3,4,6,13,2,3,2,8,81,5,1,0,0,1,0,0,2,0,1,3,0,0,0,2,1,1,0,1,5,4,0,0,0,3,2,1,0,1,7,3,0,0,0,0,1,0,0,1,2,2,0,0,0,0,0,0,0,0,0,0,0,0,0,0,1,0,0,0,1,0,0,0,0,0,0,0,1,0,0,0,0,0,0,0,0,0,0,1,1
40,0.9,200,0.81,0.6,190,FALSE,FALSE,1300,199,27,2,3,9,4,3,4,2,3,87,1,1,0,2,2,1,0,0,2,1,5,1,1,0,1,0,0,0,1,9,4,0,0,0,0,0,0,0,1,6,2,0,0,2,0,1,0,0,0,2,1,1,0,0,0,1,0,0,0,0,1,0,0,0,0,0,1,0,0,2,0,0,0,0,0,0,0,0,0,1,1,0,0,1,0,0,0,0,0,0
50,0.8,210,0.44,0.8,810,TRUE,FALSE,1300,196,32,1,1,3,7,3,3,1,4,80,3,2,2,0,1,0,1,0,1,4,7,0,0,1,0,1,0,0,0,12,5,0,0,0,0,3,0,0,0,2,2,0,0,0,0,1,0,1,0,2,1,0,0,0,0,0,0,1,0,2,0,0,0,0,0,1,0,1,0,1,1,0,0,0,0,1,0,1,0,0,0,0,0,0,0,0,0,0,1,0
80,0.6,250,0.36,0.5,350,FALSE,FALSE,1300,193,22,1,3,8,6,8,3,1,3,89,3,0,0,0,0,2,1,0,0,2,1,0,1,0,0,1,0,0,0,8,7,0,0,1,1,1,0,0,0,7,0,0,0,1,0,0,0,0,0,5,1,0,0,0,0,0,0,0,0,0,1,0,0,0,1,0,0,0,0,1,0,0,0,0,1,0,0,1,0,1,1,0,0,0,0,0,0,0,0,0
20,0.8,270,0.87,0.4,510,TRUE,TRUE,1300,200,27,0,5,8,11,3,2,5,6,78,4,0,0,0,1,0,0,0,0,4,2,1,1,1,0,1,0,1,0,9,2,0,0,2,4,0,0,1,4,5,2,0,0,0,0,0,0,1,1,1,0,0,0,0,0,0,0,0,0,2,0,0,0,0,0,0,0,0,1,0,1,0,0,1,0,0,0,0,1,1,0,0,0,0,0,0,0,0,0,1
40,0.8,200,0.84,0.8,230,FALSE,TRUE,1300,197,28,0,2,8,6,4,2,2,2,88,5,1,1,0,0,1,1,1,0,2,4,0,0,1,1,0,0,0,2,7,2,0,0,1,0,1,0,0,1,6,1,0,1,1,0,0,0,0,0,2,1,0,0,1,0,0,0,0,1,4,0,0,0,0,0,0,0,0,0,0,1,0,0,0,0,0,1,0,0,1,0,0,0,1,0,0,0,1,1,0
10,0.7,290,0.82,0.6,710,FALSE,TRUE,1300,199,20,7,1,8,7,2,1,4,6,94,4,0,0,0,0,0,2,2,0,0,3,1,0,0,0,1,0,0,1,10,1,0,1,0,0,0,0,1,0,9,3,0,0,1,0,0,0,0,0,2,0,0,0,1,0,0,1,0,0,0,0,0,0,0,0,0,0,0,0,0,0,0,0,0,1,0,0,1,0,0,0,0,0,1,0,0,0,0,0,3
90,0.8,130,0.85,0.8,320,FALSE,FALSE,1300,196,25,1,2,4,7,1,0,2,4,90,3,0,0,1,1,1,1,0,1,5,5,0,1,0,2,0,0,0,2,6,2,0,0,0,2,1,0,0,1,6,0,0,0,2,0,1,0,0,1,1,0,1,0,0,0,0,0,0,0,2,0,0,1,0,0,0,1,0,0,2,2,0,0,0,0,0,0,2,0,2,0,0,0,0,0,0,0,1,0,1
70,0.7,210,0.49,0.7,800,FALSE,FALSE,1300,197,30,0,4,9,5,3,1,4,6,86,1,0,1,1,2,1,0,0,0,2,1,0,0,0,1,1,1,0,0,7,4,0,0,0,1,0,0,1,0,11,0,0,1,1,1,0,1,0,0,1,2,0,0,0,0,0,0,0,0,1,0,0,0,1,0,0,0,0,1,0,1,0,0,0,0,0,1,0,0,1,0,0,0,0,0,0,0,0,1,0
20,0.8,140,0.39,0.9,190,FALSE,TRUE,1300,200,23,2,4,5,8,4,1,3,9,87,3,0,1,0,0,0,0,1,0,2,3,2,0,2,0,1,0,1,2,11,2,0,0,1,1,1,0,0,1,7,1,1,0,0,0,0,0,0,0,3,0,0,0,0,1,0,0,0,1,1,0,0,0,1,0,0,0,0,0,1,0,0,0,0,0,0,0,0,1,0,1,0,0,0,0,0,0,0,0,1
100,0.5,290,0.52,0.9,960,TRUE,FALSE,1300,203,25,1,2,13,9,5,4,4,5,80,2,0,0,4,0,0,0,1,0,4,2,0,0,0,0,1,1,0,0,4,3,0,0,1,3,0,0,0,1,6,3,0,1,1,0,1,0,1,0,3,1,0,0,0,0,0,0,2,1,3,0,0,1,0,0,1,0,0,0,0,0,0,0,0,0,0,0,0,0,1,0,1,0,0,0,0,0,1,0,1
80,0.9,160,1,0.8,640,FALSE,FALSE,1300,193,25,2,3,5,7,3,3,1,8,85,1,0,1,0,0,1,0,0,0,4,0,0,2,0,0,2,0,0,0,8,3,0,0,0,3,0,0,1,1,7,0,1,0,0,0,0,0,0,0,4,0,0,0,0,1,1,1,0,1,3,1,0,0,1,0,0,0,0,0,1,0,0,0,0,0,0,0,0,0,1,0,0,0,1,0,0,0,1,0,0
20,0.7,270,0.86,0.8,320,FALSE,TRUE,1300,206,37,1,2,6,1,5,2,4,2,82,4,2,0,1,2,0,1,1,0,4,2,1,0,1,1,0,0,0,3,4,4,1,0,1,1,0,0,0,0,6,4,0,0,1,0,0,1,0,1,4,1,0,0,0,1,0,0,1,0,1,1,0,0,0,0,0,0,0,0,0,1,0,0,0,0,0,1,1,0,3,0,0,0,0,0,0,0,0,1,2
10,0.5,200,0.32,0.7,190,FALSE,FALSE,1300,194,16,9,1,7,8,5,3,1,5,87,5,0,0,0,2,1,0,0,1,1,1,1,0,0,1,2,0,0,1,8,4,1,0,0,1,1,1,1,0,6,1,0,1,0,0,0,0,0,0,1,1,0,0,0,0,0,2,0,0,2,0,0,0,0,0,0,0,0,0,2,1,0,0,0,0,0,0,1,0,1,0,0,0,0,0,0,0,1,0,0
70,0.9,100,0.7,0.9,350,FALSE,FALSE,1300,195,29,2,2,4,5,0,2,1,5,84,5,0,0,3,1,1,0,2,1,3,1,1,2,1,1,0,0,0,1,9,2,0,0,1,1,2,0,0,2,8,4,0,0,0,0,1,0,1,0,0,0,0,0,0,1,0,0,0,0,2,0,0,0,0,0,0,0,0,0,0,0,0,0,1,1,0,0,0,0,0,1,0,1,0,0,0,0,0,0,1
20,0.6,230,0.93,0.5,190,TRUE,FALSE,1300,192,26,4,3,8,10,2,3,4,6,78,1,0,1,1,1,1,1,0,0,1,3,0,0,1,0,0,0,1,1,6,3,1,0,0,3,0,0,0,0,6,3,0,0,0,0,1,1,1,0,1,0,0,0,0,1,0,0,0,0,2,0,0,0,0,0,1,0,0,0,2,0,0,0,0,0,0,0,0,0,1,1,0,0,0,0,0,0,0,0,2
50,0.7,210,0.84,0.6,420,TRUE,TRUE,1300,210,36,1,3,11,4,2,1,4,5,81,3,0,1,0,1,0,2,0,2,1,2,0,1,0,2,3,0,0,1,6,6,1,0,0,0,0,0,1,2,8,4,0,0,0,0,0,0,0,0,3,1,0,0,0,0,0,0,0,0,1,0,0,0,0,0,0,0,0,0,2,1,0,0,1,0,0,0,0,1,3,1,0,0,0,0,0,0,0,1,1
50,0.9,150,0.83,0.9,960,TRUE,TRUE,1300,205,25,3,3,8,4,4,3,1,10,84,4,0,1,0,0,1,0,1,1,2,3,0,0,0,0,0,1,0,0,11,5,0,1,0,1,2,0,0,2,6,1,0,1,0,0,0,0,0,1,2,0,0,0,0,0,0,0,0,0,3,0,0,0,0,1,0,0,0,1,1,2,0,0,0,0,0,0,0,1,3,1,0,0,0,0,0,0,0,0,1
80,0.9,230,0.48,0.6,510,TRUE,FALSE,1500,184,21,4,0,5,11,3,3,2,4,81,2,1,0,0,1,0,0,1,0,3,4,0,0,2,2,0,1,0,0,6,4,0,0,1,1,1,0,0,1,6,0,1,0,0,1,0,0,0,1,3,0,0,0,0,0,1,1,0,0,1,1,0,0,0,0,0,0,0,0,1,0,0,0,0,0,0,0,0,1,0,0,0,0,0,0,0,0,1,1,0
50,0.6,150,0.93,0.8,410,TRUE,FALSE,1500,183,24,2,1,5,4,3,4,1,4,79,5,0,0,0,0,1,0,0,1,1,4,0,0,0,2,0,2,0,0,12,2,0,1,1,1,1,0,0,0,3,3,0,0,1,1,1,0,0,0,4,0,0,0,0,0,0,1,0,0,2,2,0,0,0,0,0,0,0,0,1,0,0,0,1,0,0,0,0,2,0,0,0,0,0,0,0,0,0,1,0
60,0.8,210,0.43,0.6,830,FALSE,FALSE,1500,188,17,2,6,6,7,4,4,1,7,80,2,1,0,0,3,0,0,1,1,1,1,0,0,0,0,1,0,0,2,11,1,2,0,4,1,1,0,0,1,5,3,0,0,0,1,0,0,0,0,3,0,0,0,1,0,0,0,0,0,0,1,0,0,0,0,0,0,0,0,1,0,0,0,0,1,1,0,0,0,2,0,0,0,0,0,0,0,0,0,1
80,0.5,130,0.77,0.6,810,FALSE,TRUE,1500,187,21,4,5,9,7,3,2,1,3,77,6,2,0,0,0,0,0,0,2,1,3,1,0,1,0,0,0,0,1,12,3,0,0,1,1,0,0,1,2,5,3,0,0,0,1,0,0,0,0,2,2,0,0,0,0,0,0,0,0,1,0,0,0,0,0,0,1,0,0,1,0,0,0,0,0,0,0,0,1,1,0,0,0,0,0,0,0,0,1,0
40,0.9,120,0.42,0.3,700,FALSE,TRUE,1500,184,25,1,2,4,2,1,2,0,3,89,3,0,2,2,0,1,1,0,0,1,1,0,0,0,0,1,0,2,1,9,2,0,0,0,1,1,0,0,0,9,3,0,0,0,1,0,2,0,2,1,2,0,0,0,0,0,0,0,0,2,1,0,0,0,1,0,0,0,0,0,0,0,0,0,0,0,0,0,0,2,0,0,0,0,0,0,0,1,0,1
80,0.7,220,0.86,0.9,830,TRUE,FALSE,1500,185,30,1,1,2,3,3,0,0,3,88,4,0,0,2,2,1,1,0,1,4,4,0,0,0,0,1,0,0,0,5,4,0,0,0,1,0,0,0,0,6,2,0,0,0,1,0,0,0,0,3,1,0,1,0,0,0,0,1,0,3,0,0,0,0,0,0,0,0,0,0,1,0,0,0,0,0,1,0,1,0,1,0,0,0,0,0,0,0,1,2
90,0.8,130,0.47,0.7,280,TRUE,TRUE,1500,187,21,3,4,10,9,4,2,7,11,66,4,0,0,0,0,0,0,1,0,4,3,1,0,0,0,0,1,0,0,6,4,0,2,0,1,0,1,1,0,5,0,0,0,0,1,0,0,1,0,2,1,0,0,1,0,0,0,1,0,2,0,0,0,0,0,0,0,0,0,1,1,0,0,0,1,0,0,0,0,1,0,0,0,0,0,0,0,0,2,2
20,0.6,300,0.71,0.8,570,TRUE,FALSE,1500,184,20,2,2,4,9,2,3,1,3,86,1,0,0,1,0,0,1,1,1,2,2,0,1,2,0,0,0,1,0,8,6,0,0,0,1,0,0,0,0,9,2,0,0,0,1,1,0,0,1,2,1,0,0,0,0,0,0,0,0,4,0,1,0,0,0,0,0,0,0,0,0,0,0,0,0,0,1,0,0,1,0,0,0,0,0,0,0,1,0,0
60,0.8,220,0.86,0.8,950,FALSE,FALSE,1500,177,31,1,2,3,4,1,1,0,2,81,2,0,0,1,0,0,0,0,0,3,3,2,0,1,1,0,0,0,0,3,2,0,0,0,1,0,0,0,1,12,2,0,1,1,0,2,0,0,1,2,2,1,0,0,1,0,0,0,0,0,0,0,0,0,0,0,0,0,0,2,1,0,0,0,0,0,1,0,0,1,0,0,0,0,0,0,0,0,0,2
30,0.5,120,0.8,0.4,650,TRUE,FALSE,1500,187,26,2,0,4,3,4,0,0,3,91,3,1,0,1,0,0,1,0,0,2,5,0,0,1,2,0,0,1,0,10,3,0,0,0,1,0,0,0,1,6,3,0,0,1,1,0,0,0,1,0,2,1,0,0,0,0,0,0,0,3,0,0,0,0,0,0,0,0,0,1,0,0,0,0,0,0,0,0,0,1,0,0,0,0,0,0,1,1,0,1
20,0.5,270,0.32,0.3,920,FALSE,FALSE,1500,184,15,6,3,8,5,4,2,1,5,89,1,0,0,1,1,1,0,1,2,1,2,0,0,0,0,0,0,0,0,10,3,0,1,1,0,1,0,0,1,7,1,0,0,1,1,0,0,1,1,1,2,0,0,0,0,0,0,0,0,1,0,0,0,0,0,0,0,0,0,0,0,0,0,0,0,0,2,0,1,1,0,0,0,0,0,0,0,0,0,0
80,0.7,220,0.92,0.5,820,TRUE,FALSE,1500,188,27,0,3,3,7,2,0,1,7,80,8,1,1,0,0,1,1,0,0,4,4,0,0,0,1,0,1,1,0,8,3,0,0,0,2,0,0,0,2,5,1,1,0,0,0,0,0,0,0,3,3,0,0,0,0,1,0,0,0,2,0,0,0,0,1,0,0,0,0,0,0,0,0,0,0,0,1,0,0,0,0,0,0,0,0,0,0,1,1,1
90,0.6,250,0.44,0.3,530,FALSE,FALSE,1500,183,20,2,2,3,2,3,2,2,3,90,3,1,2,0,1,0,0,1,0,4,2,0,0,1,2,1,0,0,0,7,6,1,0,0,0,0,0,0,0,8,1,0,0,0,0,0,1,0,0,2,0,0,0,0,0,0,0,0,1,2,0,0,0,2,0,0,0,0,0,1,0,0,0,0,0,0,0,0,2,1,0,0,0,0,0,0,0,0,1,1
30,0.9,200,0.45,0.7,930,TRUE,FALSE,1500,179,24,3,0,5,7,5,0,1,4,83,3,1,0,1,0,0,0,0,2,1,1,1,0,1,0,0,0,0,1,5,4,1,1,1,0,0,0,0,1,5,2,0,1,0,1,0,1,0,0,2,0,0,1,0,0,0,0,0,0,0,0,0,0,0,1,1,0,0,0,1,0,0,0,0,0,0,1,0,0,4,0,0,0,0,0,0,0,0,0,2
60,0.7,230,0.36,0.3,520,TRUE,TRUE,1500,177,20,4,1,8,8,3,2,2,6,78,1,0,0,0,0,0,0,0,0,2,1,0,0,0,3,0,1,1,0,7,4,0,0,0,1,1,0,0,4,3,1,2,0,1,0,0,1,0,2,6,0,0,0,0,0,0,1,0,0,0,0,0,0,0,0,0,0,0,0,0,0,0,0,0,0,0,0,0,0,3,0,0,0,0,0,0,0,0,0,0
40,0.6,120,0.68,0.6,460,FALSE,TRUE,1500,185,20,5,1,9,7,4,1,2,7,77,5,1,1,1,0,1,0,0,0,1,2,0,0,1,0,0,0,0,0,3,2,0,1,2,1,0,0,0,1,7,2,0,0,1,0,0,0,1,0,4,1,0,1,0,1,0,0,0,0,4,0,0,0,0,0,0,0,0,0,2,0,0,1,0,0,0,1,1,0,2,0,0,0,0,0,0,0,0,1,0
90,0.9,110,0.9,0.4,700,TRUE,TRUE,1500,184,23,2,3,7,7,4,3,2,6,76,4,0,1,1,1,0,0,1,1,0,2,1,1,0,0,0,0,0,0,9,3,1,0,1,1,0,0,1,1,3,5,0,0,0,1,0,0,0,2,2,2,0,0,0,0,0,0,1,0,1,0,0,0,0,0,0,0,0,0,0,0,0,0,0,1,0,0,1,0,0,0,0,1,0,0,0,0,0,0,2
10,0.8,140,0.86,0.3,200,TRUE,FALSE,1500,187,23,4,1,2,5,1,2,2,5,87,2,0,2,1,2,0,0,0,1,3,2,1,0,1,0,0,1,0,0,10,4,1,0,1,1,0,0,0,0,7,2,0,1,0,0,0,0,0,1,1,0,0,0,0,0,0,0,0,1,3,2,0,0,0,0,0,0,0,0,2,1,0,0,0,0,0,0,0,0,0,1,0,0,0,0,1,0,0,0,0
40,0.8,150,0.45,0.3,150,FALSE,TRUE,1500,185,20,2,2,4,4,5,4,0,3,90,2,1,1,0,0,1,0,1,1,1,3,1,0,0,0,0,0,1,0,14,3,0,0,1,1,0,1,2,0,5,0,1,0,0,1,1,0,0,1,3,0,0,0,0,0,0,0,0,0,1,0,0,0,0,0,0,1,0,0,0,0,0,0,0,0,0,0,0,0,2,0,0,0,0,0,0,0,0,0,1
10,0.6,250,0.57,0.8,780,FALSE,TRUE,1500,178,23,6,1,7,6,3,2,0,8,75,1,1,2,0,0,0,0,0,2,2,3,0,0,0,1,0,0,0,0,6,0,0,0,0,1,0,1,0,2,7,2,0,0,2,0,0,0,0,0,1,1,0,0,0,1,0,0,0,1,0,1,0,0,0,0,0,0,0,0,1,0,0,0,1,0,0,1,0,1,3,1,0,0,0,0,0,0,0,1,1
60,0.9,220,0.49,0.9,880,FALSE,TRUE,1500,182,20,4,2,3,3,2,1,0,5,88,4,0,0,1,0,0,1,0,0,3,3,0,1,0,1,0,0,0,0,11,7,0,1,0,1,0,0,0,2,5,1,0,0,0,1,1,0,0,0,2,0,1,0,0,0,0,0,0,0,0,0,0,0,0,0,1,0,0,0,1,0,1,0,0,0,0,1,0,0,2,0,0,0,0,0,0,0,0,1,1
10,0.8,230,0.68,0.5,800,FALSE,FALSE,1500,180,20,1,6,7,5,3,1,4,6,79,2,0,0,0,0,0,0,0,1,1,5,0,0,0,1,0,0,0,1,7,5,1,0,2,0,0,0,0,0,7,1,0,0,0,0,0,1,0,1,4,2,0,0,0,0,0,0,0,1,2,0,0,0,0,0,0,0,0,0,1,0,0,0,0,1,0,1,0,0,1,0,0,0,0,0,0,0,0,0,0
80,0.7,250,0.81,0.6,1000,TRUE,FALSE,1500,184,23,3,2,9,4,3,1,2,7,76,1,1,0,1,1,4,1,1,0,0,3,0,0,0,2,1,0,1,1,10,3,2,1,1,2,0,1,0,1,5,0,0,0,0,0,1,0,0,0,1,1,1,1,0,1,0,0,0,0,0,0,0,0,0,0,1,0,0,0,1,0,0,0,0,0,0,0,0,0,1,0,0,0,0,0,0,0,1,1,0
20,0.7,170,0.31,0.3,130,FALSE,FALSE,1500,183,22,1,2,7,8,3,2,0,5,76,7,0,1,1,1,2,0,0,0,1,3,0,0,1,0,0,0,1,2,8,3,0,1,1,2,0,0,0,2,4,3,0,0,0,0,0,0,0,1,2,1,0,0,0,0,0,0,0,1,3,0,0,0,0,0,0,0,0,0,1,1,0,0,0,0,0,0,0,0,2,0,0,0,0,0,1,0,0,0,1
70,0.7,250,0.64,0.3,710,FALSE,FALSE,1500,184,27,1,1,4,5,0,1,0,2,91,3,1,0,1,1,1,0,1,0,3,3,1,0,0,1,0,0,0,0,10,2,0,0,1,0,1,0,1,1,5,2,0,0,2,1,0,0,0,0,2,2,0,0,0,0,0,0,0,0,1,0,0,0,0,0,0,0,0,0,1,2,0,0,0,0,0,1,0,0,0,0,0,0,0,0,0,0,1,0,1
50,0.8,260,0.59,0.5,910,FALSE,FALSE,1500,179,20,0,2,7,3,3,1,3,5,85,1,1,0,0,1,1,0,0,0,4,3,1,0,0,2,1,1,0,0,6,2,1,0,0,0,0,0,0,2,5,1,0,1,0,0,0,1,0,0,5,1,0,0,0,0,0,0,0,0,3,1,0,0,0,0,0,0,0,0,1,1,0,0,1,0,0,0,0,1,2,0,0,0,0,0,0,0,0,0,0
30,0.8,120,1,0.7,230,FALSE,FALSE,1500,183,19,4,1,4,3,3,1,1,4,89,6,1,0,0,1,0,0,0,0,2,2,0,0,1,1,0,0,0,1,13,4,0,0,1,1,1,0,0,0,3,1,0,0,1,0,1,0,0,0,3,1,0,0,0,0,0,0,1,0,1,1,0,0,0,0,0,0,0,0,1,0,0,0,0,0,0,1,0,0,4,0,0,0,0,0,0,0,1,0,0
20,0.5,270,0.95,0.3,910,TRUE,FALSE,1500,183,18,3,4,7,6,2,3,1,10,81,3,0,0,0,1,0,1,0,0,2,1,0,0,1,0,0,1,1,3,7,1,0,1,0,0,0,0,0,0,6,3,0,0,1,0,0,0,0,0,3,0,0,0,0,0,1,0,0,0,1,1,0,0,0,1,0,0,0,0,0,1,0,0,2,0,1,0,0,0,4,0,0,0,1,0,0,0,0,0,0
50,0.6,160,1,0.9,950,TRUE,FALSE,1500,182,22,2,3,2,2,3,2,1,4,89,2,0,0,1,2,0,1,0,0,3,3,0,1,0,0,1,0,0,0,5,5,0,1,0,1,0,1,0,1,8,4,0,1,0,1,1,0,0,1,2,0,0,0,0,0,0,0,0,0,2,0,0,0,0,0,0,0,0,0,0,0,0,0,0,0,0,1,0,0,1,0,0,0,0,0,0,0,0,1,2
80,0.7,270,0.93,0.6,460,FALSE,FALSE,1500,186,27,3,2,5,10,3,2,2,3,76,4,0,1,1,0,1,1,1,1,2,3,0,0,0,0,0,0,0,1,9,1,0,1,2,0,0,2,1,0,5,3,0,0,0,0,0,0,0,1,1,1,0,0,0,0,0,0,1,0,2,0,0,0,0,0,0,1,0,0,0,1,0,0,0,0,0,1,0,1,3,1,0,0,0,0,0,0,0,0,0
70,0.6,240,0.83,0.8,790,TRUE,TRUE,1500,190,25,4,2,2,5,3,2,0,5,88,2,2,1,2,0,0,0,0,0,0,3,0,0,0,0,0,0,1,1,12,9,2,0,1,0,0,0,0,0,8,0,0,0,0,1,0,1,0,0,3,0,0,0,0,0,0,0,0,0,1,1,0,0,0,0,1,0,0,0,0,0,0,0,0,0,0,0,0,0,1,0,0,0,0,0,0,0,0,0,2
10,0.7,110,0.46,0.9,430,TRUE,TRUE,1500,182,23,1,1,2,3,2,0,0,7,87,2,0,0,4,0,0,0,0,0,1,5,1,1,0,1,2,0,0,0,12,3,0,0,0,2,0,0,0,1,8,3,0,1,0,0,1,0,0,0,1,0,0,0,0,0,0,0,0,0,1,1,0,0,0,0,0,0,0,0,1,0,0,0,0,0,0,1,0,0,2,0,0,0,0,1,0,0,0,0,1
10,0.5,190,0.84,0.3,840,TRUE,FALSE,1500,181,26,3,1,3,2,2,0,1,3,86,1,2,1,0,1,0,1,1,0,4,6,0,0,0,0,0,1,0,0,11,4,0,0,0,0,1,0,0,0,4,2,0,1,0,0,0,2,0,0,2,0,0,0,1,1,0,0,0,0,3,0,0,0,1,0,0,0,0,0,0,0,0,0,0,0,0,0,0,1,1,0,0,0,0,0,0,0,1,0,1
70,0.6,210,0.86,0.6,780,FALSE,TRUE,1500,183,23,3,2,3,4,1,2,2,4,82,4,2,0,1,1,2,0,1,1,3,1,2,1,0,0,1,0,1,0,9,3,0,0,0,1,2,0,0,1,7,2,1,0,0,0,0,0,0,0,3,0,0,0,1,1,0,0,0,0,1,0,0,0,0,0,0,0,0,0,0,0,0,0,0,0,1,0,0,0,3,0,0,0,0,0,0,0,0,0,1
20,0.7,190,0.38,0.6,300,FALSE,TRUE,1500,185,25,0,2,5,6,1,1,1,4,87,4,1,1,2,0,0,0,0,1,2,3,1,0,1,0,1,0,1,2,4,4,0,0,1,0,2,0,0,0,9,4,0,1,0,0,0,0,0,0,3,0,0,0,0,0,0,0,0,0,1,0,0,0,1,0,0,0,0,0,0,1,0,0,0,0,0,0,0,0,1,0,0,0,0,0,0,0,0,0,2
20,0.5,190,0.71,0.8,320,TRUE,TRUE,1500,185,17,3,2,3,5,5,0,0,7,88,2,1,1,2,0,1,0,0,0,1,2,0,0,1,0,1,0,0,0,6,3,1,0,1,0,0,0,0,0,16,0,1,1,1,0,0,0,0,0,4,1,0,0,0,0,1,0,0,0,1,0,0,0,0,0,0,0,0,0,1,0,0,0,0,2,1,0,0,0,1,0,0,0,0,0,0,0,1,1,0
30,0.6,200,0.67,0.4,130,TRUE,TRUE,1500,188,29,1,0,2,5,2,2,1,4,87,3,0,0,1,1,2,0,1,0,0,4,1,0,0,1,0,0,0,0,10,4,0,0,1,0,0,0,0,1,7,0,1,0,0,1,0,0,0,1,4,1,0,1,0,0,1,0,0,1,1,1,0,0,0,0,1,0,0,0,1,2,0,0,0,0,0,0,0,0,0,0,0,0,0,0,0,0,0,0,2
20,0.9,280,0.52,0.5,710,TRUE,TRUE,1500,182,18,1,2,3,8,3,3,2,5,81,4,3,3,0,0,0,0,0,1,1,3,0,0,1,0,1,0,0,2,7,5,1,0,1,1,0,0,2,2,6,2,0,0,0,1,0,0,0,0,3,0,0,0,0,0,0,0,0,0,2,0,0,0,0,0,0,0,0,0,1,1,0,0,0,0,1,0,0,0,2,0,0,0,0,0,0,0,0,0,0
30,0.9,200,0.46,0.5,750,TRUE,TRUE,1500,180,25,1,1,1,5,2,2,3,4,83,5,2,1,1,0,1,1,0,1,1,1,0,0,0,0,0,0,0,0,6,8,0,1,0,0,1,0,0,1,8,1,0,0,0,0,0,0,0,0,2,2,0,0,1,0,0,0,0,0,1,1,0,0,0,0,0,1,0,1,0,0,0,0,0,0,0,0,0,0,2,0,0,0,1,0,0,0,0,1,1
90,0.5,240,0.41,0.7,820,TRUE,FALSE,1500,184,21,2,1,5,4,4,2,2,3,86,5,0,0,1,0,2,1,0,0,1,2,1,2,0,0,0,0,0,1,9,5,1,1,0,0,1,1,0,0,7,1,1,0,0,0,0,0,1,0,3,0,0,0,0,0,0,0,0,1,1,0,0,0,0,0,0,0,0,0,1,0,0,0,0,0,1,0,0,1,0,0,0,1,0,0,0,0,0,1,1
90,0.5,220,0.75,0.7,670,FALSE,TRUE,1500,182,19,2,6,6,7,6,3,3,10,77,2,0,0,1,0,0,0,1,1,1,0,0,0,0,1,1,0,0,0,2,2,2,1,2,3,0,0,0,1,7,2,0,0,1,0,0,0,1,0,1,0,0,0,0,0,1,0,0,0,2,0,0,0,1,0,0,0,1,0,1,0,0,1,0,0,0,0,0,1,1,0,0,0,0,1,0,0,0,0,1
60,0.8,290,0.57,0.9,390,FALSE,TRUE,1500,189,22,1,4,5,5,2,5,1,3,90,5,1,1,0,0,0,0,0,0,0,2,0,0,0,0,2,0,2,3,11,5,0,0,1,2,0,0,0,0,5,0,0,0,0,1,1,0,0,0,2,1,0,0,0,0,0,0,0,0,1,1,0,0,1,0,0,0,0,0,0,0,0,0,0,0,0,0,0,0,1,0,0,0,0,0,0,0,0,1,2
70,0.5,220,0.39,0.6,770,FALSE,TRUE,1500,181,24,3,1,5,7,0,1,0,4,84,2,0,0,0,0,0,1,0,0,3,3,1,1,1,0,0,0,2,1,5,4,0,0,0,2,0,1,0,2,7,1,1,0,0,0,0,0,0,0,1,0,2,0,2,0,0,0,0,0,1,0,0,0,0,0,1,0,1,0,1,0,0,0,0,0,0,0,0,0,5,1,0,0,0,0,0,0,0,0,0
30,0.5,280,0.44,0.9,940,TRUE,FALSE,1500,179,24,1,4,3,2,2,1,2,3,87,0,0,1,0,0,1,1,1,1,1,5,0,0,0,1,1,0,0,0,9,5,1,0,1,0,0,0,0,0,8,2,0,0,0,0,0,0,0,0,2,0,0,0,0,0,1,1,0,0,3,0,0,0,0,0,0,1,0,0,0,0,0,0,0,0,0,0,0,0,1,1,0,0,1,0,0,0,1,0,0
90,0.6,100,0.35,0.5,860,TRUE,TRUE,1500,184,19,4,2,3,2,1,4,1,5,89,3,0,0,1,2,1,0,0,0,1,7,0,0,1,0,0,0,0,2,9,4,0,1,0,0,2,0,0,2,8,1,0,0,0,0,0,0,0,1,1,2,0,0,0,0,0,0,0,0,2,0,0,0,0,1,0,0,0,1,0,0,0,0,0,0,0,0,0,0,1,0,0,0,0,0,0,0,0,1,0
20,0.7,100,0.31,0.8,610,FALSE,FALSE,1500,178,19,2,2,5,4,5,0,1,5,78,5,2,0,2,0,2,1,0,2,2,3,0,0,0,1,0,0,0,0,10,4,1,0,1,1,0,0,0,1,8,3,0,0,0,0,0,0,0,0,0,2,0,0,0,0,1,0,0,0,3,0,0,0,0,0,0,0,0,0,0,0,0,0,0,0,0,1,0,0,0,1,0,0,0,0,0,0,0,0,1
20,0.8,180,0.98,0.3,1000,FALSE,FALSE,1500,180,17,2,1,8,8,0,2,1,6,81,3,0,0,2,1,2,1,0,0,5,3,0,0,0,0,0,0,1,1,6,3,0,0,1,2,0,0,0,1,6,2,1,0,1,0,0,0,0,1,1,0,0,0,0,0,0,0,0,2,1,1,0,0,0,0,0,0,0,0,1,0,0,0,0,0,0,1,0,0,3,0,0,0,0,0,1,0,0,0,1
70,0.7,140,0.95,0.9,920,TRUE,FALSE,1500,181,21,3,3,6,7,2,1,3,5,78,1,0,1,0,0,0,0,2,0,2,3,1,1,0,1,0,1,0,0,11,4,0,0,0,1,1,0,0,0,6,2,0,0,0,0,1,0,0,1,2,2,0,0,0,0,1,0,0,0,1,0,0,0,0,0,0,0,0,0,1,0,0,0,1,0,0,0,0,0,2,0,0,0,0,2,0,0,0,0,1
90,0.9,270,0.44,0.5,810,TRUE,FALSE,1500,186,28,0,2,6,3,4,2,0,4,84,2,0,1,1,0,1,0,0,0,3,3,0,0,0,1,1,0,0,1,8,5,0,1,0,3,1,0,0,2,7,2,0,1,0,0,0,0,0,0,2,0,0,0,0,0,0,0,0,0,0,1,0,0,0,0,0,0,0,0,0,1,0,0,1,0,1,0,0,0,2,1,0,0,0,0,0,0,0,1,0
80,0.9,300,0.53,0.5,170,FALSE,FALSE,1500,184,28,2,2,3,2,2,0,1,3,89,2,1,0,0,1,0,1,0,2,0,0,1,0,0,0,1,1,1,1,10,2,0,0,0,1,1,1,0,0,7,3,0,0,0,0,0,0,0,1,3,1,0,0,0,0,1,0,0,0,1,1,0,0,1,0,0,0,0,0,2,1,0,0,0,1,0,0,0,0,2,1,0,0,0,0,0,0,0,0,0
60,0.5,280,0.65,0.8,380,TRUE,FALSE,1500,184,29,1,4,2,9,1,1,1,5,73,1,2,2,0,0,0,1,0,2,1,5,0,0,1,1,0,0,0,0,14,2,1,0,1,1,0,1,0,1,4,1,1,0,1,0,0,0,0,1,2,2,0,0,0,0,0,0,0,0,4,0,0,0,0,0,0,0,0,1,0,0,0,0,0,0,0,1,0,1,1,0,0,0,0,0,0,0,0,1,1
90,0.8,220,0.59,0.8,930,FALSE,FALSE,1500,188,30,2,0,5,6,3,0,2,8,75,5,0,0,1,0,1,0,1,0,2,2,1,0,1,0,0,2,0,2,8,7,1,0,2,0,0,0,1,0,8,2,0,0,0,1,1,0,0,0,1,0,0,0,0,1,0,0,0,0,1,0,0,0,0,0,0,1,0,0,1,0,0,0,1,1,0,0,0,0,0,1,0,0,0,0,0,0,1,0,0
100,0.5,270,0.62,0.5,390,TRUE,TRUE,1500,186,29,2,0,3,4,4,0,0,3,90,7,1,1,0,1,0,0,0,0,3,1,0,1,1,0,0,0,0,0,8,3,0,0,0,1,0,0,0,0,7,2,1,1,0,0,0,1,0,1,1,2,0,0,0,1,0,0,0,0,1,1,0,0,0,0,0,0,1,0,0,0,0,0,0,0,0,1,0,0,2,0,0,0,0,0,0,0,0,1,0
90,0.6,270,0.74,0.9,930,TRUE,TRUE,1500,185,22,2,4,4,9,1,3,1,4,87,2,0,0,1,0,0,0,0,1,1,4,0,0,0,1,0,1,0,1,9,2,1,0,2,1,0,0,0,1,8,1,0,0,0,1,0,0,0,0,0,1,0,0,1,0,0,0,0,0,2,1,0,0,0,0,1,1,0,0,0,0,0,0,0,0,0,0,0,1,1,0,0,0,0,0,0,0,0,1,1
70,0.7,190,0.59,0.7,410,TRUE,TRUE,1500,184,21,1,5,2,10,5,1,0,8,80,3,0,0,1,0,0,1,1,1,0,3,0,1,1,0,1,0,0,0,8,3,1,0,0,1,1,0,0,0,10,2,0,0,0,1,1,0,0,0,2,0,0,0,0,0,0,0,0,0,2,0,0,0,0,1,0,0,0,0,2,0,0,0,0,0,0,0,0,0,1,0,0,0,0,0,0,0,0,0,3
80,0.5,220,0.34,0.4,550,TRUE,FALSE,1500,179,19,3,4,5,3,4,6,14,6,62,1,0,0,0,0,0,1,0,2,2,0,1,0,2,1,0,1,2,0,5,2,0,0,0,1,0,2,2,1,5,2,0,0,0,1,0,0,0,1,3,0,0,1,0,0,1,0,0,0,1,1,0,0,0,0,0,1,0,0,1,0,0,0,0,0,0,1,1,1,1,0,0,0,0,0,1,0,2,3,0
80,0.9,250,0.88,0.7,850,FALSE,TRUE,1500,186,21,1,2,6,9,2,2,2,7,84,1,2,0,0,0,0,0,0,0,4,0,1,0,0,2,1,2,1,2,3,5,0,2,0,1,0,0,0,2,10,0,0,0,0,0,0,0,0,0,2,1,0,0,1,1,1,0,0,0,1,0,0,0,0,0,0,0,0,0,1,0,0,0,0,0,0,1,0,0,0,0,0,0,0,0,0,0,0,1,2
80,0.9,220,0.54,0.9,260,FALSE,FALSE,1500,186,22,3,3,5,10,6,2,1,4,79,2,2,2,0,0,0,0,0,1,1,3,1,1,1,4,1,0,0,0,2,1,0,1,0,2,0,0,1,2,8,1,1,1,0,0,0,0,1,0,1,1,0,0,0,0,0,0,0,1,1,0,0,0,0,0,0,1,0,0,2,0,0,0,0,0,0,0,0,0,2,0,0,0,0,0,0,0,0,0,3
50,0.5,300,0.87,0.3,660,FALSE,FALSE,1500,180,19,4,3,8,8,3,2,1,6,74,3,1,1,0,1,0,0,0,2,3,1,2,0,1,1,0,0,0,0,6,4,0,0,1,1,0,0,1,0,7,2,2,0,0,0,1,0,0,1,0,1,0,0,0,0,0,0,0,0,1,0,0,0,0,1,0,1,0,1,0,0,0,0,1,0,0,0,0,0,1,0,0,0,0,0,0,0,0,1,3
90,0.6,210,0.71,0.3,180,TRUE,FALSE,1500,184,27,2,2,2,1,1,1,3,6,85,3,0,1,1,0,1,1,0,0,2,7,1,0,0,0,0,0,0,0,10,2,0,0,1,0,1,0,0,0,5,2,1,0,0,1,0,0,0,1,0,1,0,1,2,0,0,0,0,0,3,0,0,0,0,1,0,0,0,0,1,0,0,0,0,0,0,0,0,0,3,0,0,0,0,0,0,0,0,0,2
70,0.8,200,0.49,0.5,310,FALSE,TRUE,1500,188,28,3,2,4,5,0,3,1,5,79,7,2,0,0,0,1,1,1,2,1,5,0,0,0,0,1,0,1,1,10,2,1,1,0,0,1,0,1,2,7,0,0,0,1,0,0,0,0,0,0,0,0,0,0,1,0,0,0,0,1,2,0,0,0,1,0,0,0,0,1,0,0,0,0,0,0,0,1,0,2,0,0,0,0,0,0,0,0,0,1
100,0.6,300,0.58,0.9,630,FALSE,FALSE,1500,180,18,3,5,6,6,3,3,1,5,77,6,2,0,0,1,0,0,0,1,4,2,1,0,1,1,0,0,0,2,6,4,0,0,1,2,0,0,0,1,5,1,0,1,0,1,0,0,0,0,1,0,0,0,0,0,0,0,0,0,1,0,0,0,0,0,0,1,0,1,2,1,0,0,0,0,0,0,0,1,2,0,0,0,0,0,0,0,0,0,1
70,0.5,150,0.61,0.4,950,TRUE,FALSE,1500,186,23,4,2,1,8,6,1,1,9,83,0,0,1,1,1,0,0,1,1,2,0,1,0,0,0,0,0,0,0,4,2,1,0,1,0,1,0,0,0,9,4,0,1,1,0,0,0,0,0,2,2,0,0,0,0,0,0,0,0,3,0,0,0,1,0,0,0,1,0,1,1,0,0,0,0,0,1,0,0,3,1,0,0,0,0,0,0,0,0,1
40,0.9,210,0.56,0.4,280,TRUE,FALSE,1500,184,18,1,7,8,13,5,1,5,6,70,2,0,1,0,0,0,0,0,1,2,1,0,1,0,1,0,0,1,2,7,3,1,0,2,1,2,2,1,1,4,0,1,0,1,0,0,0,0,0,3,0,0,0,0,0,1,0,0,0,2,1,0,0,0,0,1,0,0,0,1,0,0,0,0,0,0,0,0,0,1,0,0,0,0,0,0,0,0,0,3
100,0.8,280,0.56,0.7,170,FALSE,FALSE,1500,184,26,1,1,3,7,5,1,1,4,80,9,1,0,1,0,0,0,0,2,3,2,0,1,2,0,0,0,0,0,7,4,0,0,1,1,1,0,0,0,9,3,1,0,0,0,0,0,0,0,0,0,0,0,0,0,0,1,0,0,0,1,0,0,0,0,0,1,0,0,0,1,0,0,0,0,0,0,1,0,1,0,0,0,0,0,0,0,0,1,1
80,0.5,280,0.96,0.5,1000,FALSE,TRUE,1500,187,21,3,3,6,2,5,1,1,9,85,1,2,1,0,0,1,0,1,0,0,3,0,0,2,1,2,0,0,2,6,3,1,0,2,0,0,0,0,0,10,1,0,0,1,0,0,1,0,0,2,0,0,0,0,0,0,0,0,0,1,0,0,0,1,0,0,0,0,0,1,0,0,0,1,0,0,0,1,1,1,0,0,0,0,0,0,0,0,0,2
20,0.8,210,0.33,0.9,110,TRUE,FALSE,1500,188,24,3,3,5,8,5,0,1,3,85,1,0,1,0,1,0,1,0,1,2,3,1,0,0,1,0,0,0,2,9,5,0,1,0,1,0,0,1,1,6,0,0,0,0,1,0,0,0,0,3,2,0,0,0,1,0,0,0,0,1,0,0,0,0,0,0,0,0,0,2,0,0,0,0,0,0,1,0,0,0,0,0,0,0,0,0,0,1,0,2
40,0.9,220,0.77,0.8,790,FALSE,FALSE,1500,184,16,4,3,2,5,6,1,0,10,88,1,0,1,0,0,0,0,0,1,2,3,1,0,1,0,1,0,0,0,5,1,0,1,0,0,0,1,1,1,11,3,0,0,0,0,0,0,0,2,0,0,0,0,1,2,1,0,0,0,2,0,0,0,0,0,0,0,0,0,3,0,0,0,0,1,0,0,0,1,1,0,0,0,0,0,0,0,0,0,1
50,0.7,110,0.54,0.7,140,FALSE,FALSE,1500,186,22,1,2,3,8,3,0,2,7,84,3,0,0,1,1,0,0,0,0,2,4,1,1,0,1,0,2,0,0,6,4,0,0,3,0,0,1,0,1,9,1,0,0,1,0,0,0,0,0,3,0,0,0,0,0,1,0,0,1,1,1,0,0,0,1,0,0,0,0,2,1,0,0,0,0,0,0,0,0,1,0,0,0,0,0,0,0,0,1,0
30,0.8,240,0.96,0.5,530,TRUE,TRUE,1500,181,15,5,2,9,6,5,2,3,6,79,1,1,0,1,1,0,0,0,2,1,4,0,0,0,1,1,0,1,0,8,1,0,0,2,1,1,0,1,1,8,3,0,0,0,1,0,0,0,0,1,0,0,0,0,0,0,0,0,1,1,0,0,0,0,0,0,0,0,0,1,0,0,0,0,0,1,0,1,0,1,0,0,0,0,0,0,0,0,1,1
20,0.7,130,0.34,0.4,870,TRUE,FALSE,1500,185,25,4,1,5,6,1,2,1,3,86,0,1,1,1,2,0,0,0,1,4,2,1,0,1,0,2,0,0,0,10,1,0,0,0,1,1,0,0,1,4,2,1,0,0,0,0,0,1,0,3,1,0,0,0,0,0,0,0,0,1,1,0,0,0,0,0,0,0,0,1,0,0,0,0,0,1,1,0,0,3,2,0,0,0,0,0,0,0,0,0
10,0.6,100,0.52,0.6,200,TRUE,TRUE,1500,184,24,3,1,3,4,0,2,1,2,90,4,0,1,0,1,0,2,0,0,1,4,0,0,0,0,0,0,0,1,7,3,0,0,1,1,0,0,0,0,10,5,0,0,1,0,0,0,0,0,3,1,0,0,0,0,0,0,0,2,0,0,0,0,0,0,0,1,0,0,2,1,0,0,0,0,0,0,0,0,0,0,0,0,0,0,0,0,0,1,2
70,0.7,130,0.44,0.6,750,TRUE,TRUE,1500,180,25,3,1,6,7,1,1,1,4,80,2,1,1,2,0,1,0,0,2,2,0,1,0,1,0,1,0,0,0,6,4,0,0,0,2,0,0,0,1,10,3,1,0,0,1,0,0,0,1,1,0,0,0,0,2,0,0,0,0,1,0,0,0,0,0,0,0,0,0,2,1,0,0,0,0,0,0,0,0,0,0,0,0,0,0,0,1,0,0,1
60,0.7,230,0.35,0.4,420,FALSE,TRUE,1500,188,23,3,5,6,6,4,3,4,4,79,2,0,0,0,0,1,0,1,0,3,2,2,0,2,1,0,0,0,0,6,3,1,0,1,0,1,1,0,1,5,2,0,0,0,0,0,1,1,0,1,2,1,0,0,0,0,0,0,0,3,0,0,0,0,0,0,0,0,0,2,2,0,0,0,0,0,0,0,1,0,0,1,0,0,0,1,0,0,1,0
50,0.7,150,0.69,0.6,700,TRUE,TRUE,1500,183,23,2,4,0,4,3,1,1,6,84,3,0,3,0,0,2,0,0,0,3,2,0,0,0,1,0,0,0,0,11,7,1,0,1,0,0,0,0,2,6,1,1,0,0,0,0,0,0,0,1,0,0,0,0,2,0,0,0,0,1,0,0,0,0,0,0,1,0,0,2,0,0,0,0,0,0,0,0,1,1,0,0,0,0,0,0,0,0,0,3
10,0.7,280,0.49,0.9,450,FALSE,FALSE,1500,183,22,2,2,7,7,3,4,1,5,77,4,0,0,1,2,0,1,1,0,1,3,0,0,0,0,2,2,0,1,5,4,0,2,0,2,0,0,0,0,11,1,0,0,0,1,0,0,0,1,0,0,1,0,1,0,0,0,0,0,2,0,0,0,0,0,0,0,0,0,0,1,0,0,0,0,0,1,0,0,2,0,0,0,0,0,0,0,0,0,1
90,0.6,120,0.43,0.8,480,TRUE,TRUE,1500,177,25,3,2,7,7,2,2,2,6,74,1,0,1,0,0,1,0,0,0,3,3,1,0,1,0,0,2,1,0,5,2,1,1,0,2,1,0,1,0,7,1,0,0,0,0,0,0,0,0,0,1,0,0,0,0,1,0,1,0,1,0,0,0,0,0,0,0,1,0,1,1,0,0,0,0,0,0,0,0,3,0,0,1,0,0,0,1,0,0,1
30,0.6,300,0.44,0.3,140,FALSE,TRUE,1500,186,28,1,5,5,6,4,3,1,7,71,4,0,0,0,0,1,2,2,1,4,7,0,1,0,0,0,0,1,1,4,7,0,0,0,1,0,0,1,0,7,0,0,1,1,1,0,0,0,0,1,0,0,0,0,0,0,0,0,0,0,0,0,0,0,0,0,0,0,0,2,0,0,0,0,1,1,0,0,0,3,0,0,0,0,0,0,0,0,0,1
80,0.5,100,0.79,0.5,710,FALSE,FALSE,1500,186,26,2,0,2,3,3,1,2,4,88,5,0,0,3,0,0,0,0,0,2,3,0,0,1,1,1,0,0,0,10,4,0,0,0,0,0,0,0,0,10,3,0,1,2,0,0,0,0,1,3,2,1,0,0,0,0,0,0,0,0,0,0,0,0,0,0,0,0,0,0,0,0,0,0,1,0,0,0,0,1,0,0,0,0,0,0,0,1,0,0
40,0.6,100,0.75,0.3,750,TRUE,TRUE,1500,187,22,2,1,8,9,2,3,3,9,77,4,0,2,0,1,1,0,0,1,0,1,0,2,0,1,1,0,0,0,7,4,0,0,0,0,0,0,0,1,6,3,0,0,2,0,0,0,0,0,4,0,1,0,0,0,1,0,0,0,4,0,0,0,0,0,0,0,0,0,0,0,0,0,0,0,1,0,0,0,1,0,0,0,0,0,0,1,1,1,0
90,0.6,180,0.65,0.5,110,FALSE,TRUE,1500,184,27,1,0,2,4,0,1,1,7,86,3,0,0,0,2,2,0,0,0,2,4,1,0,1,0,0,0,0,0,9,3,1,1,1,2,0,0,0,0,7,2,0,0,0,0,0,0,0,0,1,2,0,0,0,0,0,0,0,0,1,0,0,0,0,1,2,0,0,0,3,0,0,0,0,1,0,0,0,1,3,0,0,0,0,0,0,0,0,0,0
60,0.9,260,0.5,0.5,440,TRUE,TRUE,1500,183,18,6,2,6,5,4,3,2,4,78,4,1,0,0,2,1,0,1,0,1,5,0,0,0,0,1,0,3,0,6,4,1,0,1,1,0,0,0,1,6,2,1,0,1,0,0,0,0,1,4,0,0,0,0,0,0,0,0,0,1,0,1,0,0,0,0,1,0,0,2,0,0,0,0,0,0,0,0,1,1,0,0,0,0,0,0,0,0,0,1
30,0.6,250,0.33,0.9,120,FALSE,TRUE,1500,180,24,3,4,6,6,3,5,4,3,69,3,0,1,1,0,0,0,0,2,5,1,1,0,2,0,1,0,2,1,7,3,0,0,1,1,0,0,0,0,4,4,0,1,0,0,0,0,0,0,1,0,0,0,0,0,0,0,0,1,3,0,0,0,0,0,0,0,0,0,2,0,0,0,0,0,0,1,0,0,2,0,0,0,1,0,0,0,1,1,0
40,0.9,200,0.81,0.6,190,FALSE,FALSE,1500,179,27,1,3,4,4,1,2,2,4,74,4,1,0,0,2,0,1,1,1,1,2,3,0,0,0,1,1,1,0,5,2,0,0,2,0,0,1,1,0,9,3,0,1,0,0,0,0,0,1,1,0,0,0,0,0,2,0,0,0,2,0,2,0,0,0,0,0,0,0,1,1,0,0,0,1,0,0,0,0,0,0,0,0,0,0,0,0,1,1,2
50,0.8,210,0.44,0.8,810,TRUE,FALSE,1500,185,20,1,6,6,6,3,2,1,5,86,3,0,1,0,0,0,1,0,2,4,3,0,0,0,1,0,0,0,0,7,1,1,0,1,2,0,1,1,1,4,1,0,1,0,1,0,0,0,0,2,0,0,0,0,0,0,0,0,0,3,1,0,0,0,0,0,0,1,0,1,1,0,0,0,0,0,1,0,0,0,1,0,0,0,0,0,0,2,0,0
80,0.6,250,0.36,0.5,350,FALSE,FALSE,1500,182,24,2,3,3,4,4,1,1,3,88,5,0,0,2,0,0,0,0,1,1,4,0,0,0,0,0,0,0,0,9,1,0,0,2,0,1,0,0,1,6,4,0,0,2,0,0,0,2,0,2,0,0,0,0,0,0,0,0,0,1,0,0,0,0,0,0,1,0,0,1,0,0,0,0,0,0,0,0,1,1,1,0,0,0,0,1,0,0,0,0
20,0.8,270,0.87,0.4,510,TRUE,TRUE,1500,183,26,1,3,4,4,0,1,3,4,85,2,0,0,0,1,0,1,2,0,0,3,0,1,0,1,1,0,0,1,5,3,0,0,0,0,1,0,1,1,3,2,0,0,1,0,0,0,0,0,3,1,0,0,1,0,0,0,0,0,2,2,0,0,0,1,0,0,0,1,4,1,0,0,0,1,0,1,0,0,3,0,0,0,1,0,0,0,0,0,1
40,0.8,200,0.84,0.8,230,FALSE,TRUE,1500,176,22,2,2,2,3,1,1,0,6,84,4,2,0,0,0,0,1,0,0,2,3,1,0,2,0,1,2,0,1,6,5,0,1,0,1,0,0,0,2,9,1,0,0,0,0,0,0,0,0,0,0,0,0,0,1,0,1,0,0,3,1,0,0,0,0,0,0,0,0,0,0,0,0,0,0,1,0,0,0,2,0,0,0,0,0,0,0,0,1,0
10,0.7,290,0.82,0.6,710,FALSE,TRUE,1500,179,21,2,3,3,4,4,1,3,5,81,2,0,1,2,3,0,0,0,0,4,2,0,0,1,1,0,0,0,0,6,4,0,0,2,1,2,0,0,0,10,2,0,0,0,0,0,0,1,0,1,0,0,0,0,0,0,0,0,0,1,0,0,0,1,0,0,1,0,0,0,1,0,1,1,0,0,0,0,0,1,0,0,0,0,0,0,0,0,0,1
90,0.8,130,0.85,0.8,320,FALSE,FALSE,1500,182,25,0,1,3,4,4,1,1,3,87,2,2,0,1,1,1,0,0,1,4,4,2,0,0,0,0,0,0,0,7,2,1,0,0,2,0,1,0,0,7,2,0,1,0,0,0,0,0,0,3,2,0,0,0,0,0,0,0,0,0,0,0,0,0,0,0,0,0,0,1,0,0,0,0,0,0,1,1,0,1,0,0,0,0,0,0,0,0,2,2
70,0.7,210,0.49,0.7,800,FALSE,FALSE,1500,179,30,2,0,4,2,1,1,1,7,75,3,0,0,2,2,2,1,0,0,2,3,0,0,0,0,1,0,0,0,10,3,1,1,0,1,0,0,0,2,8,2,1,1,0,0,0,0,0,0,1,0,0,0,0,1,0,0,0,0,2,0,0,0,0,0,0,0,0,1,0,0,0,0,0,1,0,0,0,1,3,0,0,0,0,0,0,0,0,0,1
20,0.8,140,0.39,0.9,190,FALSE,TRUE,1500,185,15,2,5,5,14,4,2,2,5,82,3,0,1,0,1,0,0,0,1,3,1,1,0,0,1,0,0,0,0,7,4,2,0,0,1,2,1,1,1,6,2,0,0,0,0,0,0,0,0,0,1,0,0,0,0,0,0,0,0,2,0,0,0,0,0,0,0,0,0,1,1,1,0,0,0,0,1,0,0,3,0,0,0,0,0,0,0,0,0,1
100,0.5,290,0.52,0.9,960,TRUE,FALSE,1500,185,18,6,3,5,10,2,4,3,6,78,2,1,0,0,0,0,1,0,0,1,2,0,2,0,1,0,0,0,0,8,0,0,0,3,0,1,0,1,1,8,2,0,0,1,0,0,0,0,1,4,0,0,0,0,1,0,0,0,2,0,0,0,0,0,0,1,0,0,0,0,3,0,0,0,0,0,0,0,0,2,0,1,0,0,0,0,0,0,0,1
80,0.9,160,1,0.8,640,FALSE,FALSE,1500,184,27,0,5,2,5,2,4,1,4,83,2,1,0,0,0,2,1,2,1,2,1,0,0,1,0,1,0,0,1,6,6,1,1,0,0,0,0,0,1,7,2,0,0,1,0,0,0,0,0,2,1,0,0,0,0,0,0,0,0,1,0,0,0,1,0,0,0,0,0,3,0,0,0,0,1,0,0,0,0,1,1,0,0,1,0,0,0,0,0,0
20,0.7,270,0.86,0.8,320,FALSE,TRUE,1500,185,22,1,4,6,7,1,2,4,4,77,5,0,0,1,0,1,0,0,0,4,7,0,0,0,0,2,1,1,1,7,2,0,2,1,0,1,1,0,0,4,3,0,1,1,1,0,0,0,0,2,2,0,0,0,0,0,0,0,0,1,0,0,0,0,1,0,0,0,1,1,0,0,0,0,0,0,0,0,0,3,0,0,0,0,0,0,0,0,0,0
10,0.5,200,0.32,0.7,190,FALSE,FALSE,1500,183,19,0,4,5,6,3,3,3,3,84,3,0,1,0,1,1,1,0,2,5,1,0,0,0,2,1,0,1,0,7,3,1,0,1,1,0,0,0,3,5,2,0,0,0,1,1,0,0,0,3,0,0,0,0,0,0,0,0,1,1,0,0,0,0,1,0,0,0,1,0,0,0,0,0,0,0,0,0,0,3,0,0,0,0,0,0,0,0,0,0
70,0.9,100,0.7,0.9,350,FALSE,FALSE,1500,182,24,1,1,3,5,4,0,0,3,92,3,2,0,0,1,0,0,0,0,2,0,1,0,0,2,0,0,0,0,10,4,2,1,0,0,0,0,0,0,3,0,0,0,2,0,0,0,0,1,5,1,0,0,0,0,0,0,0,1,1,0,0,0,0,0,0,0,0,0,0,0,0,0,0,1,0,1,0,0,4,0,0,0,0,1,0,0,1,0,0
20,0.6,230,0.93,0.5,190,TRUE,FALSE,1500,184,17,5,4,5,8,3,0,3,5,84,1,0,1,0,0,2,0,0,1,2,3,0,0,0,2,0,1,1,3,10,2,1,0,0,1,0,1,0,0,3,2,0,0,0,0,0,0,0,0,3,1,1,0,0,1,0,0,0,0,2,0,0,0,0,0,1,0,0,0,2,0,0,0,0,0,0,0,0,0,0,0,0,0,0,0,0,0,1,0,2
50,0.7,210,0.84,0.6,420,TRUE,TRUE,1500,181,23,1,0,5,4,5,0,0,5,79,5,0,1,1,2,1,0,0,1,5,4,0,1,0,1,1,0,0,0,5,3,0,0,2,1,0,0,0,0,8,1,0,0,1,0,0,0,0,1,2,2,0,1,0,0,0,0,0,0,1,0,0,0,1,0,0,1,0,0,2,1,0,0,0,0,0,0,0,0,3,0,0,0,0,0,0,0,0,0,1
50,0.9,150,0.83,0.9,960,TRUE,TRUE,1500,179,23,1,1,5,5,1,2,2,3,86,2,0,1,0,0,0,0,0,1,1,1,0,0,0,0,1,0,0,1,6,3,1,0,0,0,2,1,0,1,7,2,0,0,0,0,0,1,0,0,4,3,0,0,0,0,0,0,0,0,0,1,0,0,0,0,0,0,0,0,3,0,0,0,0,0,1,0,0,0,2,0,0,0,0,0,0,0,1,0,3
80,0.9,230,0.48,0.6,510,TRUE,FALSE,1700,171,15,3,0,6,8,4,1,1,3,81,1,0,0,1,1,1,0,0,2,0,2,0,0,1,1,0,0,2,2,9,4,1,0,1,2,0,0,0,0,6,1,0,0,0,0,0,0,0,0,2,0,0,0,0,0,0,0,0,0,3,0,0,0,0,0,1,0,0,2,2,0,0,0,0,0,0,0,0,1,0,0,0,0,0,0,0,0,0,0,1
50,0.6,150,0.93,0.8,410,TRUE,FALSE,1700,163,22,1,2,7,1,3,1,0,4,73,4,1,1,1,0,0,1,0,0,1,4,0,2,0,0,1,0,0,0,10,2,0,1,0,1,0,0,0,1,4,1,0,0,0,0,1,0,0,1,1,1,0,0,0,1,0,0,0,0,1,2,0,0,0,1,0,0,0,1,1,0,0,0,0,0,0,1,0,0,0,0,0,0,0,0,0,0,0,1,1
60,0.8,210,0.43,0.6,830,FALSE,FALSE,1700,170,23,0,1,6,3,1,3,0,4,82,3,1,0,2,0,0,1,1,1,2,3,0,0,0,2,0,0,0,1,7,2,1,0,2,0,1,0,0,0,5,0,0,0,0,0,0,0,0,1,0,0,1,0,0,0,0,1,0,0,1,0,0,0,0,0,0,0,0,0,0,2,0,0,0,1,0,0,0,0,3,0,0,0,0,0,0,0,0,1,2
80,0.5,130,0.77,0.6,810,FALSE,TRUE,1700,170,23,1,1,7,3,0,2,1,2,75,3,1,0,2,2,1,0,0,1,5,2,0,0,0,2,1,2,0,1,7,4,0,0,1,0,1,1,0,0,4,1,0,0,0,0,0,0,0,1,3,2,0,0,0,1,0,0,0,0,0,0,0,0,0,0,1,0,0,0,2,0,0,0,0,0,0,0,1,0,2,0,0,0,0,0,0,0,0,0,1
40,0.9,120,0.42,0.3,700,FALSE,TRUE,1700,169,18,3,3,1,5,2,0,1,3,86,1,2,1,0,4,0,0,0,0,3,1,0,0,0,1,0,0,0,1,6,2,1,0,0,1,0,0,0,0,9,0,1,0,1,1,0,0,0,1,0,1,0,0,0,0,0,0,0,0,1,1,0,0,0,0,0,0,1,0,0,0,0,0,0,0,0,0,1,1,1,0,0,0,0,0,0,1,0,1,2
80,0.7,220,0.86,0.9,830,TRUE,FALSE,1700,169,17,4,1,8,1,4,0,1,4,78,3,0,0,0,1,1,2,0,0,1,3,0,1,0,1,1,1,0,0,6,3,0,0,0,2,1,0,0,3,7,1,0,0,1,0,0,0,0,0,2,0,0,0,0,0,0,0,0,0,2,3,0,0,0,1,0,0,0,0,1,0,0,0,0,0,0,0,1,0,1,0,0,0,0,0,0,0,0,0,2
90,0.8,130,0.47,0.7,280,TRUE,TRUE,1700,172,20,2,0,6,5,3,2,3,2,81,7,0,0,0,0,0,1,1,0,1,2,0,0,0,1,0,0,0,0,8,1,0,0,1,1,1,0,0,0,4,1,1,0,0,1,0,0,0,1,3,2,0,0,1,0,0,0,0,0,0,1,0,0,0,0,0,0,0,0,0,1,1,0,0,0,1,0,0,1,3,0,0,0,0,0,0,0,0,0,2
20,0.6,300,0.71,0.8,570,TRUE,FALSE,1700,167,20,4,2,6,3,1,2,1,3,77,1,0,0,0,0,0,1,1,0,4,1,0,0,0,0,0,3,0,0,3,4,0,0,1,0,1,0,0,1,6,4,1,1,1,0,0,0,0,0,3,1,0,0,1,0,0,0,0,0,1,1,0,0,0,0,1,0,0,1,0,0,1,0,0,0,0,0,0,0,2,0,0,0,0,0,0,1,0,1,1
60,0.8,220,0.86,0.8,950,FALSE,FALSE,1700,166,24,0,1,5,3,0,2,0,5,77,3,0,0,0,0,0,0,0,0,4,2,0,0,1,0,3,0,0,0,7,2,0,0,1,0,0,0,0,0,11,4,1,0,1,0,0,0,1,1,1,0,0,0,0,0,0,0,0,0,2,0,0,1,0,0,1,0,0,0,1,0,0,0,0,0,0,0,0,0,1,0,0,0,1,0,0,0,0,0,0
30,0.5,120,0.8,0.4,650,TRUE,FALSE,1700,171,21,3,3,2,3,1,2,2,6,77,1,1,1,1,2,1,0,0,0,4,3,1,1,1,2,0,0,0,0,2,1,0,1,0,0,0,0,0,1,8,1,0,0,1,0,0,1,0,0,2,3,0,0,0,0,0,0,0,1,2,1,0,0,0,0,0,1,0,0,1,0,0,0,0,1,0,0,0,0,1,1,0,0,0,0,0,0,0,0,3
20,0.5,270,0.32,0.3,920,FALSE,FALSE,1700,172,17,6,2,2,4,2,0,0,5,86,1,1,0,0,3,0,0,0,1,0,0,1,0,0,0,0,0,0,0,8,5,0,0,1,0,0,1,0,0,16,2,1,0,0,0,0,0,0,0,1,1,0,0,0,0,0,0,0,0,1,0,0,0,0,0,0,0,0,0,0,0,0,0,0,1,0,1,1,0,0,0,0,0,0,1,0,0,0,0,1
80,0.7,220,0.92,0.5,820,TRUE,FALSE,1700,171,24,1,1,7,4,2,1,1,6,75,2,0,0,0,0,1,2,0,1,2,0,3,0,1,0,0,0,1,0,6,6,0,0,1,1,0,0,0,0,6,2,1,0,1,0,0,0,1,0,1,1,0,0,0,0,1,0,0,0,2,0,0,0,0,1,0,1,0,0,0,1,0,0,0,0,1,0,0,0,0,1,0,0,0,0,0,0,0,0,2
90,0.6,250,0.44,0.3,530,FALSE,FALSE,1700,173,17,2,5,8,9,1,3,1,8,74,4,1,0,0,0,0,0,1,0,0,1,0,0,0,0,1,1,0,0,6,5,0,0,1,0,0,2,0,0,6,1,0,0,0,2,1,0,0,0,3,0,0,0,0,0,0,0,0,0,2,1,0,0,0,0,0,0,0,0,4,0,0,0,0,0,0,1,0,0,2,0,0,0,0,0,0,0,0,0,0
30,0.9,200,0.45,0.7,930,TRUE,FALSE,1700,164,13,6,1,0,6,3,1,2,3,84,3,2,0,0,0,1,0,0,0,0,3,0,0,0,1,0,0,1,0,9,3,1,0,0,1,1,0,0,1,6,1,0,0,0,1,0,1,0,0,1,0,1,0,0,0,0,0,0,0,2,0,0,0,0,0,0,0,0,0,0,0,0,0,0,0,0,1,0,0,3,0,0,0,0,0,0,0,0,1,1
60,0.7,230,0.36,0.3,520,TRUE,TRUE,1700,167,18,1,2,6,6,6,0,1,9,76,1,0,0,0,2,0,0,0,0,1,3,0,0,0,0,1,0,0,0,6,0,0,0,3,1,0,0,0,0,6,2,0,1,0,0,0,0,0,1,1,0,0,0,0,0,0,0,0,0,2,1,0,0,0,0,0,0,0,0,2,0,0,0,0,0,1,1,0,1,1,1,0,0,0,1,0,0,0,1,2
40,0.6,120,0.68,0.6,460,FALSE,TRUE,1700,173,14,5,1,5,4,2,2,2,9,81,2,0,2,0,3,0,1,1,2,4,0,0,0,0,1,1,0,0,0,5,4,0,0,1,1,0,0,0,0,6,1,0,0,1,0,0,0,0,0,2,0,0,0,0,1,0,0,0,0,0,2,0,0,0,0,0,0,0,0,1,0,0,0,0,0,1,0,0,0,3,0,0,0,0,0,0,0,0,0,3
90,0.9,110,0.9,0.4,700,TRUE,TRUE,1700,168,21,0,2,1,11,0,2,1,7,75,1,0,0,1,3,0,2,0,0,4,1,1,0,0,1,0,0,0,0,6,2,0,0,1,1,0,0,1,0,5,2,1,0,0,0,0,0,0,1,3,0,0,1,0,0,1,0,0,0,1,1,0,0,1,0,0,0,0,0,1,1,0,0,0,0,1,0,0,0,2,0,0,0,0,0,0,0,0,0,2
10,0.8,140,0.86,0.3,200,TRUE,FALSE,1700,171,21,1,0,5,0,3,2,1,2,85,3,0,1,0,0,1,1,0,0,2,5,0,0,0,0,1,0,1,0,8,3,0,1,0,0,1,0,0,1,8,1,0,1,0,0,2,0,0,0,2,1,0,0,0,0,0,0,0,1,0,0,0,0,0,1,0,0,0,0,4,0,0,0,0,0,0,0,0,1,0,0,0,0,0,0,1,0,0,0,0
40,0.8,150,0.45,0.3,150,FALSE,TRUE,1700,178,22,1,3,8,6,8,1,3,11,69,2,2,0,0,0,0,0,0,1,2,2,0,0,1,3,0,0,0,1,8,2,0,1,2,1,1,0,0,0,5,0,0,0,0,0,0,0,0,1,4,2,0,0,1,1,0,0,0,0,1,0,0,0,0,0,0,0,0,0,0,0,0,0,0,0,1,0,0,1,1,0,0,0,0,0,0,0,0,0,0
10,0.6,250,0.57,0.8,780,FALSE,TRUE,1700,168,23,0,4,4,3,1,3,1,7,71,2,0,0,1,0,1,0,0,1,3,2,2,1,0,1,1,0,0,1,6,6,0,0,1,2,0,0,1,0,9,2,0,0,0,0,0,0,0,0,2,0,0,0,0,0,0,0,0,0,1,0,0,0,0,1,1,0,0,1,0,0,0,0,0,0,0,0,0,0,0,0,0,0,0,0,0,0,0,0,3
60,0.9,220,0.49,0.9,880,FALSE,TRUE,1700,173,13,7,2,3,4,3,3,1,6,81,3,1,2,2,1,1,0,0,1,0,0,0,0,1,1,0,0,0,1,8,2,1,0,0,1,0,1,0,0,8,3,0,0,0,2,0,0,0,1,3,0,0,0,1,0,0,0,0,0,2,0,0,0,0,0,0,0,0,0,0,0,0,0,0,0,0,0,0,0,2,0,0,0,0,0,0,1,0,0,1
10,0.8,230,0.68,0.5,800,FALSE,FALSE,1700,169,17,1,4,6,4,6,1,1,10,79,4,0,0,0,1,0,0,0,0,2,0,0,0,0,1,0,1,0,3,6,3,0,0,1,0,0,0,0,0,3,0,0,0,1,1,0,0,0,0,3,1,0,0,0,0,1,0,0,0,0,0,0,0,1,0,0,0,0,0,0,0,0,0,0,2,1,0,0,1,1,0,0,0,1,0,0,0,0,0,2
80,0.7,250,0.81,0.6,1000,TRUE,FALSE,1700,167,17,3,0,8,7,2,2,3,8,72,3,1,0,0,1,1,1,0,0,3,1,1,1,1,0,1,0,0,0,3,2,0,0,1,2,0,0,0,0,8,3,0,0,0,0,1,0,0,1,2,0,0,0,0,0,1,1,0,0,1,0,0,0,0,0,0,1,0,0,2,0,0,0,0,0,0,0,0,0,1,0,0,0,0,0,1,0,0,0,0
20,0.7,170,0.31,0.3,130,FALSE,FALSE,1700,169,21,1,1,3,1,2,0,2,2,82,6,0,2,0,1,0,0,0,2,3,4,0,0,1,0,1,0,0,0,8,0,0,0,0,0,2,0,0,0,4,5,0,0,0,0,0,0,0,0,3,0,1,0,2,1,0,0,0,0,5,0,0,0,0,0,0,0,0,0,0,0,0,0,0,0,0,1,0,0,1,0,0,1,0,0,0,0,0,0,1
70,0.7,250,0.64,0.3,710,FALSE,FALSE,1700,167,23,2,1,2,8,1,3,0,4,77,4,1,0,1,0,0,0,0,1,1,1,0,0,0,0,0,0,0,0,9,3,0,0,1,1,0,0,0,0,5,3,1,0,1,0,1,0,0,0,3,1,0,0,0,0,0,0,0,0,2,1,0,0,0,0,0,0,0,0,2,0,0,0,0,1,0,0,0,1,1,0,0,0,0,0,0,0,0,1,0
50,0.8,260,0.59,0.5,910,FALSE,FALSE,1700,169,19,1,4,4,7,4,1,3,5,74,2,1,0,4,1,1,0,0,0,1,1,0,0,0,1,0,0,0,3,8,1,1,0,0,2,0,0,0,0,2,2,0,1,0,0,0,0,0,0,2,0,0,0,0,0,0,0,0,0,2,0,0,0,0,1,0,0,0,0,2,0,1,0,0,1,0,0,0,1,4,0,0,0,0,1,0,0,0,0,1
30,0.8,120,1,0.7,230,FALSE,FALSE,1700,166,14,3,2,2,8,6,2,0,6,77,3,0,1,0,0,1,0,0,0,2,5,1,0,1,0,0,1,0,1,5,0,0,0,2,0,1,0,0,0,8,2,1,0,0,1,0,0,0,0,3,0,0,0,0,0,0,0,0,3,0,0,0,0,0,0,0,0,0,0,0,0,0,0,0,0,0,1,0,1,2,0,0,0,0,0,0,0,0,0,1
20,0.5,270,0.95,0.3,910,TRUE,FALSE,1700,167,18,0,1,0,7,1,0,1,3,84,3,1,1,2,2,0,0,0,0,2,3,0,1,1,0,0,1,0,0,5,4,0,0,0,0,0,0,0,2,12,1,0,1,0,0,0,0,0,0,1,0,0,0,0,0,0,0,0,0,2,0,0,0,0,1,0,0,0,0,1,0,0,0,0,1,0,1,0,1,2,0,0,0,1,0,0,0,0,0,0
50,0.6,160,1,0.9,950,TRUE,FALSE,1700,168,24,1,0,3,6,3,2,1,4,81,3,0,0,1,0,0,0,1,0,2,3,0,0,0,0,0,0,0,0,6,3,1,0,0,0,1,0,1,0,9,0,1,0,0,2,0,0,1,0,3,1,0,0,0,0,0,0,0,0,0,0,0,0,0,1,0,0,0,0,1,0,0,0,0,0,0,0,0,0,0,1,0,0,0,0,0,0,0,0,2
80,0.7,270,0.93,0.6,460,FALSE,FALSE,1700,169,19,4,1,8,0,4,1,1,5,75,3,1,0,1,0,1,0,0,0,5,1,0,0,1,0,0,1,0,0,8,2,0,0,0,2,1,0,0,2,7,3,0,1,1,0,0,0,0,1,2,1,0,0,0,0,0,0,0,1,3,0,0,0,0,1,0,0,0,0,1,0,0,0,0,0,0,0,0,0,1,0,0,0,0,0,0,0,0,0,0
70,0.6,240,0.83,0.8,790,TRUE,TRUE,1700,169,20,1,2,4,8,3,2,1,3,79,1,3,0,0,1,0,0,1,2,0,4,0,1,1,0,0,1,0,0,5,4,0,0,0,1,0,1,0,0,2,1,0,0,0,0,0,0,0,0,2,1,0,0,0,0,0,0,0,1,0,0,0,0,1,0,0,0,0,0,3,2,0,0,0,0,0,0,0,2,3,0,1,0,0,0,0,1,0,1,0
10,0.7,110,0.46,0.9,430,TRUE,TRUE,1700,166,19,4,5,4,7,0,0,1,3,78,0,0,1,0,0,0,0,0,1,2,3,0,0,0,1,1,0,1,1,5,2,1,0,0,1,1,0,0,1,10,3,1,0,0,0,0,1,0,0,2,1,0,0,0,0,0,0,0,0,1,0,0,0,0,0,0,0,0,1,2,0,0,0,0,0,0,1,0,1,0,0,0,0,0,0,0,0,0,0,0
10,0.5,190,0.84,0.3,840,TRUE,FALSE,1700,166,22,0,3,2,9,2,1,1,5,70,6,0,0,0,1,0,0,0,1,1,4,0,0,1,0,0,0,0,1,10,2,0,0,0,1,0,0,0,0,4,4,1,0,2,1,0,0,0,1,1,0,0,0,0,1,0,0,0,1,2,1,0,0,0,0,0,0,0,0,1,0,0,0,0,0,0,1,0,0,0,1,0,0,0,0,0,0,0,0,2
70,0.6,210,0.86,0.6,780,FALSE,TRUE,1700,167,13,5,2,5,4,0,2,4,4,81,2,1,0,1,1,1,0,0,0,4,1,0,0,0,1,0,0,0,2,10,2,0,2,0,1,1,0,0,1,6,3,0,0,0,0,0,0,0,0,0,0,0,0,0,0,0,0,0,0,1,0,0,0,0,0,0,0,0,1,0,0,0,0,0,0,0,0,0,0,3,0,0,0,0,0,0,1,0,2,0
20,0.7,190,0.38,0.6,300,FALSE,TRUE,1700,173,18,1,1,3,8,2,2,1,5,86,0,1,1,1,1,0,0,0,1,0,2,0,0,1,1,0,0,0,1,13,2,0,0,0,3,0,0,0,1,4,2,0,1,0,0,0,1,0,0,2,0,1,0,0,0,0,0,0,0,2,0,0,0,0,0,0,0,1,0,1,0,0,0,0,1,0,1,0,0,1,0,0,0,0,0,0,0,0,0,0
20,0.5,190,0.71,0.8,320,TRUE,TRUE,1700,170,24,2,3,4,8,1,0,0,4,75,4,1,2,0,0,0,0,1,0,2,1,0,0,0,0,1,0,2,0,6,3,0,0,1,0,1,0,0,1,5,1,0,1,0,0,0,0,0,1,4,2,0,0,0,0,0,0,0,0,2,0,0,1,0,1,0,0,0,0,1,1,0,0,0,0,0,1,0,0,0,1,0,0,0,0,0,0,0,1,1
30,0.6,200,0.67,0.4,130,TRUE,TRUE,1700,173,22,2,3,2,6,1,1,2,4,78,3,3,1,0,0,0,1,0,1,2,5,0,0,1,2,0,0,0,0,4,3,0,0,0,2,0,0,0,0,7,2,0,0,2,1,0,0,0,1,4,0,0,0,0,0,0,0,0,0,1,0,0,0,0,0,0,0,0,0,1,1,0,0,0,0,0,1,0,0,2,0,0,0,1,0,0,0,0,0,1
20,0.9,280,0.52,0.5,710,TRUE,TRUE,1700,168,22,2,0,1,6,1,4,0,4,81,4,2,0,0,0,0,0,1,0,2,1,0,0,1,2,0,0,0,0,12,2,0,0,0,1,0,0,0,0,5,2,0,0,2,0,0,0,0,0,1,1,0,0,0,0,0,0,0,0,0,0,0,0,1,0,1,0,0,1,0,1,0,0,0,0,0,0,0,0,1,1,0,0,0,0,0,0,0,0,3
30,0.9,200,0.46,0.5,750,TRUE,TRUE,1700,172,16,2,2,7,10,3,4,4,6,71,1,2,0,2,1,0,1,1,0,1,2,0,0,1,2,1,0,0,0,6,2,0,0,2,2,0,0,1,1,5,0,1,0,1,0,0,0,0,1,3,0,0,0,0,0,0,0,1,1,2,0,0,0,0,0,0,0,0,0,0,0,0,0,0,0,1,0,0,0,1,0,0,0,0,0,0,0,0,0,2
90,0.5,240,0.41,0.7,820,TRUE,FALSE,1700,167,19,0,0,1,7,1,1,3,1,82,3,0,0,0,2,1,0,0,0,4,4,0,0,0,0,1,0,1,1,9,5,0,0,0,1,0,0,0,0,7,0,0,0,0,0,1,0,0,1,2,1,1,0,0,0,0,0,0,0,1,0,0,0,0,0,0,0,0,0,1,0,0,0,0,0,0,1,0,0,1,0,0,0,0,1,0,0,0,1,2
90,0.5,220,0.75,0.7,670,FALSE,TRUE,1700,173,20,1,3,2,5,1,1,0,5,87,3,0,0,0,1,0,1,0,1,0,0,0,0,1,0,0,0,0,0,6,3,0,0,0,1,1,2,0,0,7,1,1,1,0,0,0,0,0,0,7,3,0,0,0,0,0,0,0,0,3,1,0,0,1,1,0,0,0,0,0,0,0,0,0,0,0,0,0,1,2,0,0,0,0,0,0,0,0,0,0
60,0.8,290,0.57,0.9,390,FALSE,TRUE,1700,168,22,2,1,3,5,2,1,2,3,75,0,1,1,0,0,1,0,0,1,3,4,1,0,0,1,1,0,0,0,8,4,0,1,1,1,2,0,1,0,10,2,0,0,0,0,0,0,0,0,3,0,1,0,0,0,0,0,0,0,1,0,0,0,0,0,1,0,0,1,1,0,0,0,0,0,0,0,1,0,0,0,0,0,0,0,0,0,0,0,0
70,0.5,220,0.39,0.6,770,FALSE,TRUE,1700,167,19,1,3,4,8,3,2,0,5,71,4,0,1,0,0,0,0,1,0,5,3,0,0,2,1,1,1,1,1,6,3,0,0,0,1,0,1,0,0,6,1,0,0,0,0,0,0,0,0,2,0,0,1,0,0,1,1,0,1,2,0,0,0,1,0,0,0,0,0,0,0,0,0,0,0,0,0,0,0,2,0,0,0,0,0,0,0,0,2,0
30,0.5,280,0.44,0.9,940,TRUE,FALSE,1700,168,21,0,1,3,4,2,2,0,3,84,2,1,1,0,1,1,0,0,1,2,2,0,0,1,3,0,0,0,0,9,3,0,0,0,0,0,0,0,1,7,0,0,0,0,1,0,0,0,1,1,0,0,1,0,0,0,0,0,0,1,1,0,0,0,0,0,1,0,0,2,0,0,0,0,1,0,0,0,1,2,0,0,0,0,0,0,0,1,0,0
90,0.6,100,0.35,0.5,860,TRUE,TRUE,1700,168,18,4,2,5,4,2,1,1,1,79,2,0,0,0,0,1,2,0,3,2,2,1,0,0,1,0,0,0,1,10,3,1,0,0,1,1,0,0,1,4,2,0,0,1,0,0,1,0,0,3,1,0,1,0,0,0,0,0,0,1,0,0,0,0,0,0,0,0,0,1,0,0,0,1,0,0,1,0,1,1,0,0,0,0,0,0,0,0,1,0
20,0.7,100,0.31,0.8,610,FALSE,FALSE,1700,170,18,1,2,6,3,3,2,4,3,79,1,1,0,0,1,0,2,0,0,2,2,1,0,0,0,1,0,0,1,3,5,0,0,1,2,0,0,0,0,8,2,1,0,0,1,0,1,0,1,5,1,0,0,1,0,0,0,0,0,1,0,0,0,0,0,0,0,0,0,0,0,0,0,0,0,0,0,0,0,3,0,0,0,0,1,0,0,0,0,1
20,0.8,180,0.98,0.3,1000,FALSE,FALSE,1700,169,21,2,0,2,4,5,0,0,3,84,2,0,0,0,0,0,1,0,0,2,4,0,0,1,1,0,2,0,2,5,3,0,0,0,0,1,0,0,1,10,1,0,1,1,0,1,0,0,0,1,0,0,0,0,0,0,0,0,1,2,1,0,0,0,0,1,0,0,0,0,0,0,0,0,0,0,0,0,0,1,0,0,0,0,0,0,0,1,0,2
70,0.7,140,0.95,0.9,920,TRUE,FALSE,1700,165,21,1,1,6,3,1,2,0,6,79,5,1,0,0,0,1,0,0,0,2,2,0,0,0,1,0,0,0,0,10,4,0,0,0,0,1,0,0,0,6,1,0,0,2,1,0,0,0,1,1,1,0,0,0,0,0,0,0,0,0,1,0,0,0,0,1,0,0,0,2,0,0,0,0,0,0,0,0,0,1,0,0,0,0,0,0,0,0,1,0
90,0.9,270,0.44,0.5,810,TRUE,FALSE,1700,171,25,2,2,2,6,2,1,3,4,75,0,1,0,0,2,1,0,1,1,3,3,1,0,1,0,0,0,0,0,6,2,1,0,1,1,1,1,0,0,5,2,0,0,0,1,0,1,0,0,2,1,0,1,0,0,0,0,0,0,4,0,0,0,0,1,0,0,0,0,2,0,0,0,0,0,0,0,0,0,1,0,0,0,0,0,0,0,0,0,2
80,0.9,300,0.53,0.5,170,FALSE,FALSE,1700,165,12,1,3,5,8,4,2,1,9,79,1,0,0,0,0,0,0,0,0,2,0,0,1,1,3,0,0,1,0,7,4,0,0,1,2,0,0,0,0,9,1,0,0,0,0,0,0,0,0,0,0,0,0,0,0,0,0,0,0,2,0,0,0,0,1,0,0,0,1,3,0,0,0,0,0,0,0,0,1,0,0,0,0,0,0,0,0,1,0,0
60,0.5,280,0.65,0.8,380,TRUE,FALSE,1700,173,18,2,2,7,10,3,1,0,10,71,0,0,2,0,1,1,0,0,0,2,5,0,1,1,2,1,1,1,0,6,2,0,0,1,2,2,0,0,0,4,0,0,0,0,0,0,0,1,1,1,0,0,0,0,1,0,0,0,1,1,0,0,0,0,0,0,0,0,0,1,0,0,0,0,0,0,0,0,0,6,0,0,0,0,0,0,0,1,0,1
90,0.8,220,0.59,0.8,930,FALSE,FALSE,1700,166,20,1,2,8,2,2,0,2,3,75,4,3,0,2,0,0,0,0,1,2,3,0,1,0,1,0,1,0,0,7,3,0,0,0,1,1,0,0,1,9,2,0,0,0,0,0,0,0,0,4,0,0,0,0,0,0,0,0,0,1,0,0,0,0,0,1,0,0,0,0,0,0,0,0,0,0,1,0,0,1,0,0,0,0,0,0,0,1,1,0
100,0.5,270,0.62,0.5,390,TRUE,TRUE,1700,175,16,0,5,7,8,4,1,4,8,77,1,1,0,1,0,1,0,1,0,4,1,0,0,0,1,1,0,0,0,3,2,0,1,1,0,0,0,0,1,5,4,0,0,1,0,1,0,0,1,2,0,0,0,1,0,1,0,0,0,0,0,0,0,0,0,0,1,0,0,2,0,0,0,0,1,0,0,0,0,4,0,0,0,0,0,0,0,1,0,1
90,0.6,270,0.74,0.9,930,TRUE,TRUE,1700,168,29,1,2,5,2,1,4,1,3,75,3,0,0,1,1,0,1,0,0,3,2,0,0,1,0,0,1,0,1,4,2,0,0,0,0,1,0,0,1,4,2,0,0,2,0,0,0,0,0,3,1,0,0,0,1,0,0,0,0,2,1,0,0,0,0,0,0,0,0,0,0,0,0,0,0,2,0,0,0,2,1,0,0,0,1,0,0,0,0,2
70,0.7,190,0.59,0.7,410,TRUE,TRUE,1700,172,20,3,0,5,1,3,2,0,5,80,4,0,0,0,1,2,2,0,0,4,2,0,0,0,1,0,0,0,1,4,5,1,0,2,0,0,0,1,0,10,1,0,0,1,0,0,0,0,0,2,1,0,0,0,0,2,0,0,0,1,0,0,0,0,0,0,0,0,0,0,0,0,0,0,0,0,0,0,1,1,0,0,0,1,1,0,0,0,0,2
80,0.5,220,0.34,0.4,550,TRUE,FALSE,1700,167,22,0,2,4,8,1,2,2,7,70,6,0,0,0,0,1,0,0,0,3,1,0,0,0,1,0,0,0,0,5,3,0,1,2,0,1,0,0,1,7,2,0,0,0,1,1,1,0,0,2,1,0,0,1,0,0,0,0,1,2,0,0,0,0,0,0,0,0,0,1,1,0,0,1,0,0,1,0,0,2,0,0,0,0,0,0,0,0,0,0
80,0.9,250,0.88,0.7,850,FALSE,TRUE,1700,170,24,1,0,2,3,1,2,1,3,83,2,0,0,1,1,0,1,1,0,3,3,0,0,0,1,1,1,0,0,5,1,0,0,0,2,0,0,0,1,9,1,0,0,0,1,0,0,0,0,2,0,0,0,0,0,1,0,0,0,0,2,0,0,0,1,1,0,0,0,2,1,0,0,0,0,0,0,0,0,3,1,0,0,0,0,0,0,0,0,2
80,0.9,220,0.54,0.9,260,FALSE,FALSE,1700,168,20,0,2,7,4,0,3,0,6,75,4,1,0,0,1,0,0,0,0,6,5,0,0,1,0,3,0,0,0,3,1,0,1,0,0,0,0,0,2,7,2,0,0,0,1,0,0,0,0,2,0,0,0,0,0,0,0,0,1,0,1,0,0,0,1,0,0,0,1,1,1,0,0,0,0,1,0,0,0,3,0,0,0,0,0,0,0,0,1,1
50,0.5,300,0.87,0.3,660,FALSE,FALSE,1700,166,16,3,4,4,6,0,2,1,2,78,3,2,1,0,1,1,0,0,1,3,2,1,0,0,1,2,0,0,1,5,2,0,0,0,1,0,1,0,0,10,1,1,0,0,0,0,0,1,0,1,0,0,0,0,0,1,1,0,1,3,0,0,0,0,0,0,0,0,0,1,0,0,0,0,0,0,0,0,0,1,0,0,0,0,1,0,0,0,0,0
90,0.6,210,0.71,0.3,180,TRUE,FALSE,1700,164,23,2,0,2,6,1,3,1,4,78,2,0,0,2,1,1,0,1,0,3,1,0,0,0,0,0,0,0,0,4,2,0,0,0,1,0,0,0,0,6,3,0,1,0,0,0,0,0,0,4,2,0,0,0,1,0,0,0,0,3,1,0,0,0,0,0,0,0,0,1,0,0,0,0,0,0,0,0,0,2,1,0,0,0,0,1,0,0,0,1
70,0.8,200,0.49,0.5,310,FALSE,TRUE,1700,166,16,1,2,5,6,3,3,3,5,72,1,3,2,0,2,0,1,0,1,1,2,0,0,0,3,0,0,0,0,5,3,1,1,1,1,2,1,0,0,7,0,0,0,1,1,0,0,0,2,3,0,0,0,0,0,1,0,0,0,2,0,0,0,0,0,0,0,0,0,0,0,0,0,0,0,0,0,0,1,0,0,0,0,0,0,0,0,1,0,1
100,0.6,300,0.58,0.9,630,FALSE,FALSE,1700,166,20,1,3,0,4,1,2,0,3,78,3,0,1,0,0,0,1,0,0,2,3,0,1,0,3,1,0,0,1,5,3,1,0,2,0,0,0,0,0,8,3,0,0,0,0,0,0,0,0,4,2,0,0,0,1,0,0,0,1,2,0,0,0,0,0,0,0,0,1,1,0,0,0,0,0,1,0,0,0,2,0,0,0,0,0,0,0,0,1,1
70,0.5,150,0.61,0.4,950,TRUE,FALSE,1700,164,20,1,0,5,3,3,1,1,2,74,5,2,0,1,2,1,0,0,1,3,1,1,1,0,1,0,0,0,1,6,3,0,1,0,1,1,1,0,0,8,2,0,0,0,0,0,2,0,0,1,0,0,0,0,1,0,0,0,0,1,1,0,0,0,0,1,0,0,0,2,0,0,0,0,0,0,0,0,0,1,1,0,0,0,0,0,0,1,0,0
40,0.9,210,0.56,0.4,280,TRUE,FALSE,1700,169,23,1,2,0,4,2,2,2,3,84,4,2,0,0,1,0,0,0,1,1,1,0,0,0,0,1,0,0,0,7,2,0,0,0,4,0,0,0,0,9,2,0,0,2,0,0,0,0,0,1,1,0,0,0,0,1,0,0,1,1,0,0,0,0,0,0,0,0,0,2,1,0,0,0,0,0,0,0,0,1,0,0,0,0,0,0,0,0,1,0
100,0.8,280,0.56,0.7,170,FALSE,FALSE,1700,167,20,0,4,4,8,4,1,3,7,72,2,0,0,1,1,0,0,0,1,1,2,0,0,2,2,0,0,0,0,7,2,0,1,0,0,2,0,0,2,4,3,0,0,1,1,0,0,0,0,1,0,1,1,0,0,0,0,0,0,0,0,0,0,0,0,0,0,0,0,1,0,0,0,0,0,0,0,0,0,3,0,0,0,1,0,0,0,0,0,1
80,0.5,280,0.96,0.5,1000,FALSE,TRUE,1700,167,21,2,2,8,3,2,4,1,8,66,1,2,1,0,0,0,2,0,0,0,3,0,1,1,1,0,1,1,1,8,4,0,1,0,2,1,0,1,0,5,3,0,0,0,0,0,0,0,3,0,1,0,0,0,0,0,0,0,0,2,0,0,0,0,0,0,0,0,0,2,0,0,0,0,0,1,0,0,0,0,0,0,0,0,0,0,0,1,0,1
20,0.8,210,0.33,0.9,110,TRUE,FALSE,1700,165,22,0,3,4,2,3,2,1,4,71,3,0,0,0,0,0,1,2,0,3,4,0,0,0,2,1,0,0,0,9,7,1,0,0,4,0,0,0,1,4,2,0,0,0,0,0,0,0,2,0,0,0,0,0,0,0,0,0,0,0,0,0,0,0,0,0,0,0,0,0,0,0,0,0,0,0,0,0,2,1,0,0,0,0,1,0,0,0,1,3
40,0.9,220,0.77,0.8,790,FALSE,FALSE,1700,165,18,1,1,7,6,1,1,2,5,75,4,0,1,2,0,1,1,0,0,2,2,0,0,0,0,0,0,0,3,4,1,0,0,0,0,2,0,0,1,9,3,1,0,0,0,0,1,1,0,1,1,0,0,0,0,0,1,0,0,1,0,0,0,0,1,0,0,0,1,1,0,0,0,0,0,0,0,0,0,0,0,0,0,0,1,0,0,0,0,2
50,0.7,110,0.54,0.7,140,FALSE,FALSE,1700,168,20,0,4,5,9,3,1,2,6,72,1,0,1,0,0,0,0,0,1,1,1,0,0,1,1,0,1,0,0,4,3,0,1,0,2,1,0,0,0,7,0,1,0,1,0,0,0,0,0,3,0,0,0,0,0,1,0,0,1,1,2,0,0,0,0,0,0,0,1,1,1,0,0,1,2,0,0,0,1,2,0,0,0,0,0,0,0,0,0,2
30,0.8,240,0.96,0.5,530,TRUE,TRUE,1700,171,13,0,1,3,9,3,5,0,6,84,4,1,1,0,0,1,0,0,0,2,3,1,0,0,2,0,1,0,0,7,4,1,1,0,3,0,0,0,0,8,0,0,0,0,0,0,0,0,0,1,0,0,0,0,0,0,0,0,0,0,0,0,0,0,0,0,1,0,0,2,0,0,0,0,0,0,0,0,1,0,0,0,0,0,0,0,1,0,0,2
20,0.7,130,0.34,0.4,870,TRUE,FALSE,1700,171,24,0,1,2,4,6,1,0,5,84,3,1,0,1,0,0,0,0,0,2,2,0,0,0,2,0,0,1,0,8,2,0,0,0,1,1,0,0,0,5,1,0,0,1,0,0,0,0,0,4,1,0,0,0,0,0,0,0,0,0,0,0,0,1,0,0,0,0,0,0,1,0,0,1,0,0,0,0,0,2,1,1,0,0,0,0,0,0,0,2
10,0.6,100,0.52,0.6,200,TRUE,TRUE,1700,173,22,3,1,3,4,0,2,4,2,77,5,3,0,0,1,0,0,0,0,1,3,0,0,0,2,1,1,0,0,5,1,0,0,0,0,3,0,1,0,8,2,0,0,0,2,0,0,0,0,3,1,0,0,0,0,0,0,1,1,3,0,0,0,0,0,0,1,0,0,1,0,0,0,0,0,0,0,0,0,3,0,0,0,0,0,0,0,0,0,3
70,0.7,130,0.44,0.6,750,TRUE,TRUE,1700,170,24,2,2,1,6,0,2,0,2,84,4,0,0,0,0,0,1,0,0,3,0,0,2,1,0,1,0,0,0,7,6,0,0,0,0,0,0,0,0,2,2,1,0,1,1,0,0,1,1,1,1,0,0,0,0,0,0,0,0,3,0,0,0,0,1,0,0,0,0,1,0,0,0,0,0,0,0,1,0,2,0,0,0,0,0,1,0,0,2,1
60,0.7,230,0.35,0.4,420,FALSE,TRUE,1700,175,17,5,0,10,4,5,3,3,9,75,2,0,0,0,0,1,0,0,0,1,1,0,0,0,0,2,0,1,0,6,3,0,0,2,2,1,0,0,1,6,0,0,0,1,0,0,0,0,0,2,1,0,0,0,1,0,0,0,0,1,0,1,0,0,0,0,0,0,0,2,0,0,0,1,0,0,0,0,1,3,0,0,0,0,0,1,0,0,0,1
50,0.7,150,0.69,0.6,700,TRUE,TRUE,1700,167,17,3,3,6,6,3,1,4,6,73,1,0,2,2,0,0,0,0,1,0,1,0,0,1,1,0,0,0,1,4,3,0,0,3,2,0,0,0,0,7,3,0,0,0,0,1,0,0,0,4,1,0,0,1,0,0,0,0,2,1,0,0,0,0,0,0,0,0,1,2,0,0,0,0,0,1,0,0,0,0,0,0,0,0,0,0,0,0,0,0
10,0.7,280,0.49,0.9,450,FALSE,FALSE,1700,167,18,3,1,5,7,5,4,1,7,69,3,0,0,1,1,1,0,0,0,3,2,1,0,1,1,0,0,1,2,2,4,0,1,0,3,0,0,1,0,7,0,0,1,0,0,0,0,0,0,0,1,0,0,0,0,0,0,0,1,1,0,0,0,0,1,0,0,0,0,3,0,0,0,0,0,0,0,0,2,2,0,0,0,0,0,0,0,1,0,0
90,0.6,120,0.43,0.8,480,TRUE,TRUE,1700,169,22,2,0,2,5,3,1,1,4,83,4,1,0,0,1,0,0,0,0,2,0,0,0,0,2,0,0,0,0,6,2,0,0,0,3,1,0,0,0,9,2,1,0,0,0,0,0,0,0,1,0,1,0,0,0,0,0,1,1,1,2,0,0,0,0,0,0,0,0,1,1,0,0,0,1,0,0,0,0,2,1,0,0,0,0,0,0,0,0,0
30,0.6,300,0.44,0.3,140,FALSE,TRUE,1700,168,25,1,0,4,5,1,1,2,4,79,4,0,1,0,0,0,0,2,0,2,1,1,0,0,0,1,0,0,0,3,2,0,0,0,2,0,0,0,1,5,4,0,0,0,0,1,0,0,0,4,2,1,0,0,0,0,0,0,1,1,0,0,0,0,0,0,0,0,0,3,0,0,0,0,0,0,0,0,0,1,1,0,0,0,0,0,1,0,1,1
80,0.5,100,0.79,0.5,710,FALSE,FALSE,1700,166,23,2,2,3,8,2,1,1,2,74,3,1,1,0,0,0,0,1,2,0,3,0,1,0,0,0,0,0,1,6,3,0,0,0,1,1,2,0,0,2,4,0,0,1,0,0,0,0,0,0,1,0,0,0,0,0,1,0,1,1,0,0,0,0,0,0,0,0,1,2,0,0,0,0,0,0,0,0,0,5,0,0,0,0,0,0,0,0,2,2
40,0.6,100,0.75,0.3,750,TRUE,TRUE,1700,168,20,3,2,4,6,6,0,2,9,64,4,2,1,1,0,3,0,0,1,1,1,0,0,1,1,0,0,0,1,14,4,0,1,0,1,1,0,0,0,1,2,1,0,0,0,1,0,0,0,2,0,0,0,0,0,0,0,0,0,0,0,0,0,0,0,0,0,0,1,1,0,0,0,0,0,1,0,0,0,1,0,0,0,2,0,0,0,0,1,1
90,0.6,180,0.65,0.5,110,FALSE,TRUE,1700,170,16,1,3,2,11,3,0,3,7,76,1,0,0,1,1,2,0,1,1,3,4,1,0,0,1,0,0,0,0,4,3,0,1,1,1,0,0,1,0,10,1,0,0,0,0,0,1,0,0,1,0,0,0,0,1,0,0,0,1,1,0,0,0,0,0,0,0,0,0,2,0,0,0,0,0,0,1,0,1,1,0,0,0,0,0,0,0,0,0,1
60,0.9,260,0.5,0.5,440,TRUE,TRUE,1700,169,19,1,4,2,6,2,1,1,4,86,1,0,0,1,1,1,1,0,0,2,1,1,0,1,0,0,0,0,0,7,3,0,0,0,1,0,0,0,1,5,1,1,0,0,0,0,0,0,0,2,2,0,0,0,0,1,0,0,1,1,0,0,0,0,0,0,0,0,0,0,0,0,0,0,0,0,1,0,0,3,0,0,0,0,1,0,0,0,1,2
30,0.6,250,0.33,0.9,120,FALSE,TRUE,1700,167,24,3,1,4,6,5,0,2,8,72,1,0,0,0,1,0,0,0,0,2,2,0,0,0,0,0,0,1,1,6,2,0,1,1,2,0,0,0,1,7,4,0,0,0,0,0,0,0,0,1,0,0,0,0,0,0,1,0,0,0,1,0,0,0,0,0,1,0,0,1,0,0,0,2,0,0,0,0,1,0,0,0,0,0,0,0,0,0,0,3
40,0.9,200,0.81,0.6,190,FALSE,FALSE,1700,168,15,4,2,4,8,2,3,4,1,74,4,0,1,0,2,1,0,1,0,3,0,0,0,0,0,0,0,0,1,7,3,0,1,2,4,1,0,1,0,3,0,1,0,0,0,0,0,1,0,3,0,0,0,1,1,0,0,0,1,3,0,0,0,0,0,1,0,0,1,1,0,0,0,0,0,1,0,0,0,2,0,0,0,0,0,0,0,0,0,0
50,0.8,210,0.44,0.8,810,TRUE,FALSE,1700,167,16,1,4,3,8,2,2,0,4,72,5,0,0,1,2,2,1,0,0,2,1,0,0,0,1,0,0,0,0,10,4,0,1,0,2,0,0,0,1,4,2,0,0,0,0,0,0,0,2,6,0,0,0,0,0,1,0,0,1,1,0,0,0,0,0,0,1,0,0,0,0,0,0,0,0,0,0,0,1,1,1,0,0,0,0,0,0,0,1,1
80,0.6,250,0.36,0.5,350,FALSE,FALSE,1700,164,15,1,4,6,8,1,4,0,7,77,1,0,0,0,0,0,0,0,0,0,2,0,0,0,1,0,0,0,0,7,2,0,1,0,2,1,0,0,2,5,2,0,0,0,0,0,1,0,0,1,0,1,0,0,0,0,1,0,1,1,0,0,0,0,0,0,0,0,0,2,1,0,1,0,0,0,0,0,0,4,0,0,0,0,1,0,0,0,0,1
20,0.8,270,0.87,0.4,510,TRUE,TRUE,1700,168,18,1,3,3,9,0,3,1,6,77,2,0,1,0,0,1,0,3,0,0,2,0,0,0,0,1,0,0,0,5,3,0,1,1,2,1,0,0,0,8,6,0,0,0,0,0,0,0,0,4,0,0,0,0,0,0,0,0,1,1,0,0,0,0,0,0,0,0,0,1,0,0,0,0,1,0,0,0,0,1,0,0,0,0,0,0,0,0,0,2
40,0.8,200,0.84,0.8,230,FALSE,TRUE,1700,169,19,0,4,5,6,4,0,3,5,78,3,1,0,0,1,0,1,0,0,1,2,0,0,1,0,2,2,0,0,1,2,0,0,0,1,2,0,0,0,7,2,0,1,0,0,0,0,0,1,2,1,0,0,0,0,0,0,0,1,2,0,0,0,1,0,0,0,0,0,0,0,0,1,0,0,0,0,0,1,2,1,0,0,0,0,0,0,1,0,2
10,0.7,290,0.82,0.6,710,FALSE,TRUE,1700,170,21,1,2,4,2,2,1,1,5,81,1,0,1,1,1,0,1,0,0,3,5,0,1,0,0,0,0,0,0,9,2,1,1,0,0,1,0,0,0,7,0,0,0,2,0,0,0,0,2,0,2,0,0,0,0,0,0,0,0,1,0,0,0,0,0,0,0,0,0,3,0,0,0,0,1,0,0,0,0,3,0,0,0,0,0,0,0,0,0,2
90,0.8,130,0.85,0.8,320,FALSE,FALSE,1700,169,19,1,0,4,2,3,3,0,2,82,3,0,0,0,1,0,0,0,0,4,1,1,1,1,2,0,0,0,0,10,2,1,0,0,3,2,0,1,1,7,2,0,0,0,0,0,0,0,1,2,0,0,0,0,0,0,0,0,1,1,0,0,0,0,0,0,0,0,1,2,0,0,0,0,1,0,0,0,0,1,0,0,0,0,0,0,0,0,0,1
70,0.7,210,0.49,0.7,800,FALSE,FALSE,1700,173,20,3,2,5,5,5,1,1,11,75,1,0,0,0,2,0,1,0,0,1,0,0,0,1,1,0,0,0,1,8,2,0,1,1,4,0,0,0,0,7,2,0,2,0,0,0,1,0,0,1,1,0,0,0,0,0,0,0,0,1,1,0,0,0,0,0,0,0,0,1,0,0,0,0,1,0,0,0,0,1,0,0,1,0,0,0,0,0,0,2
20,0.8,140,0.39,0.9,190,FALSE,TRUE,1700,166,17,1,2,4,6,6,0,2,8,76,1,0,0,0,0,0,0,0,0,1,3,0,0,1,1,0,1,0,0,6,0,0,0,2,1,1,0,0,0,7,2,0,0,0,0,0,2,0,0,3,1,0,0,0,1,0,0,0,0,3,1,0,0,0,0,1,0,0,1,1,0,0,0,0,0,0,0,0,1,0,0,1,0,0,0,0,0,0,0,2
100,0.5,290,0.52,0.9,960,TRUE,FALSE,1700,166,19,1,1,4,2,4,1,1,4,80,4,0,0,2,0,0,0,0,2,3,2,0,0,1,0,0,1,0,1,9,2,1,0,2,1,0,0,0,2,2,4,0,0,0,0,0,0,0,0,2,0,1,0,0,0,0,0,0,1,1,0,0,0,0,0,0,0,0,0,1,0,0,0,0,1,0,0,0,0,2,0,0,0,0,0,0,0,0,0,2
80,0.9,160,1,0.8,640,FALSE,FALSE,1700,166,22,2,1,5,8,2,1,1,3,72,0,0,1,1,1,1,0,0,0,6,3,2,0,1,0,0,0,0,0,9,1,0,1,0,0,1,0,1,1,7,3,0,0,0,0,0,0,0,1,1,0,0,0,0,0,0,0,0,0,2,1,0,0,0,0,0,0,0,0,1,0,0,0,0,0,0,1,1,0,2,0,0,0,0,0,0,0,0,0,0
20,0.7,270,0.86,0.8,320,FALSE,TRUE,1700,173,20,1,2,12,3,5,3,2,8,65,3,2,0,0,0,1,0,0,2,0,2,1,0,1,1,1,0,0,0,7,4,0,1,1,0,2,0,0,0,5,2,0,0,1,1,1,1,0,1,4,1,0,1,0,0,0,0,1,0,1,0,0,0,0,0,0,0,0,0,1,0,0,0,0,1,0,0,0,0,1,0,0,0,0,1,0,0,0,0,0
10,0.5,200,0.32,0.7,190,FALSE,FALSE,1700,161,15,2,2,4,10,4,3,0,6,73,2,0,0,0,0,0,0,0,0,4,2,0,0,1,0,0,0,0,0,10,1,2,0,0,2,0,2,0,0,8,1,0,0,0,0,0,0,0,0,1,0,0,0,0,0,0,0,0,0,1,0,0,0,0,1,0,1,0,0,0,0,0,0,0,0,0,0,0,0,3,0,0,0,0,0,0,0,0,1,0
70,0.9,100,0.7,0.9,350,FALSE,FALSE,1700,169,22,3,0,1,5,3,1,0,4,75,6,0,0,0,0,0,1,0,0,1,3,0,1,1,0,0,0,0,1,10,7,0,0,1,1,0,1,0,0,7,2,0,0,1,0,0,0,0,1,2,2,0,0,0,0,0,0,0,0,3,1,0,0,1,0,0,0,1,0,0,0,0,0,0,0,0,0,0,0,1,0,0,0,0,0,0,0,0,0,0
20,0.6,230,0.93,0.5,190,TRUE,FALSE,1700,170,22,2,0,3,4,2,2,0,1,87,4,0,0,1,0,1,1,0,0,1,0,0,0,0,2,1,2,0,2,11,5,0,0,0,1,2,0,0,0,2,1,0,0,2,0,0,0,0,0,0,0,0,0,0,0,0,0,0,0,1,0,0,0,0,0,0,0,0,0,0,0,0,0,1,0,1,0,0,1,2,0,0,0,0,0,0,0,1,1,1
50,0.7,210,0.84,0.6,420,TRUE,TRUE,1700,167,18,3,5,2,7,2,1,2,7,75,4,1,1,0,1,0,0,1,0,1,1,0,0,0,0,0,0,0,0,5,4,0,0,2,2,0,0,0,1,9,0,1,0,0,0,0,0,0,1,1,0,0,0,0,0,0,0,0,0,1,2,0,0,0,1,0,1,0,0,1,0,0,0,0,0,0,1,0,0,1,0,0,0,0,1,0,0,0,0,1
50,0.9,150,0.83,0.9,960,TRUE,TRUE,1700,170,18,2,1,2,1,1,0,3,4,85,1,1,1,1,0,0,1,0,3,3,2,1,1,0,0,0,1,0,1,13,3,2,1,0,2,0,0,0,0,4,1,0,0,0,0,0,1,0,1,2,0,0,0,0,1,0,0,0,0,1,1,0,0,0,0,1,0,0,0,0,0,0,0,1,0,0,0,0,0,0,0,0,0,0,0,0,0,0,0,2
80,0.9,230,0.48,0.6,510,TRUE,FALSE,1800,162,18,3,4,5,7,0,0,3,6,70,1,2,1,0,0,0,0,0,0,4,1,1,0,0,0,0,0,1,0,7,3,0,1,0,0,0,0,0,0,3,1,0,0,1,1,1,0,1,0,2,1,0,0,0,1,1,0,0,0,2,0,0,0,0,0,0,0,0,0,3,0,0,0,1,0,0,0,0,0,0,0,0,0,0,0,0,0,1,0,4
50,0.6,150,0.93,0.8,410,TRUE,FALSE,1800,166,16,2,0,3,2,2,0,3,3,78,4,3,1,0,1,1,1,0,1,6,3,0,0,0,0,2,0,0,0,4,2,0,0,0,0,1,0,0,2,9,1,0,0,2,0,0,0,0,0,3,0,1,1,0,0,0,1,0,0,1,0,0,0,0,0,0,0,0,0,0,1,0,0,0,0,0,0,0,0,2,1,0,0,1,0,0,0,0,0,2
60,0.8,210,0.43,0.6,830,FALSE,FALSE,1800,164,16,1,3,5,6,5,1,1,9,73,4,1,0,1,0,1,1,0,1,1,1,0,0,0,1,0,0,0,0,12,2,0,0,1,0,1,0,0,0,2,2,0,2,0,0,0,0,0,0,1,1,0,0,0,0,0,0,0,0,2,0,0,0,0,1,0,0,0,0,0,1,0,0,0,0,0,0,0,0,4,0,0,0,0,1,0,0,0,0,0
80,0.5,130,0.77,0.6,810,FALSE,TRUE,1800,169,18,1,0,5,6,1,1,1,5,77,7,1,0,0,1,2,2,1,1,3,0,0,0,0,1,2,0,0,0,7,4,2,0,0,1,1,0,0,0,1,3,0,0,0,0,0,0,0,0,4,0,0,0,0,0,1,0,0,0,2,0,0,0,0,0,0,0,1,0,0,0,0,0,0,0,0,0,0,1,4,0,0,0,0,0,0,0,0,2,0
40,0.9,120,0.42,0.3,700,FALSE,TRUE,1800,165,17,3,2,5,8,2,4,0,7,73,2,0,0,0,0,0,0,1,0,1,0,0,0,0,1,0,1,0,0,11,4,0,1,0,3,0,2,0,2,4,1,0,0,0,0,0,0,0,0,2,0,0,0,0,1,0,0,0,0,1,0,0,0,0,0,0,1,0,0,1,0,0,0,0,0,0,0,0,0,2,0,0,0,0,0,1,0,0,0,2
80,0.7,220,0.86,0.9,830,TRUE,FALSE,1800,165,14,4,3,2,6,6,5,2,3,73,4,0,0,0,0,0,0,1,0,0,3,0,0,0,1,1,0,1,0,10,3,1,0,1,1,1,0,0,0,6,0,0,0,1,0,0,0,0,0,1,1,0,0,0,0,0,0,0,2,2,0,0,0,0,0,0,0,0,0,0,0,0,0,1,1,0,0,0,0,2,0,0,0,0,0,0,0,0,0,3
90,0.8,130,0.47,0.7,280,TRUE,TRUE,1800,160,16,1,3,7,5,2,1,0,2,76,1,0,0,1,1,0,0,0,0,2,5,1,1,0,0,1,1,0,2,6,3,0,0,0,0,1,0,1,1,6,1,0,0,0,2,0,0,0,0,0,1,0,0,0,0,0,1,0,0,2,0,0,0,0,0,0,0,0,0,1,0,0,0,0,0,1,0,0,1,2,1,0,0,0,0,0,0,1,0,0
20,0.6,300,0.71,0.8,570,TRUE,FALSE,1800,169,22,1,4,2,7,2,1,1,10,66,4,2,0,0,2,0,2,0,1,2,4,1,0,0,0,0,0,0,0,7,2,0,1,0,2,1,0,0,0,8,0,0,0,1,0,0,2,0,0,2,2,0,0,0,0,0,0,0,0,1,0,0,0,0,0,1,0,0,0,0,1,0,0,0,0,0,0,0,0,1,1,0,0,0,0,0,0,0,0,3
60,0.8,220,0.86,0.8,950,FALSE,FALSE,1800,164,15,1,3,2,3,3,2,2,3,81,3,0,0,1,0,0,0,0,1,2,3,1,0,0,1,0,0,0,0,12,4,0,0,0,1,0,0,0,0,6,0,0,1,2,0,0,0,0,0,2,1,0,0,0,0,0,0,0,1,3,0,0,0,0,0,1,0,0,0,3,0,0,0,0,1,0,0,0,0,0,0,0,0,0,0,0,0,0,0,0
30,0.5,120,0.8,0.4,650,TRUE,FALSE,1800,155,14,0,4,2,7,1,2,1,5,72,0,3,0,0,1,2,0,0,0,0,3,1,0,0,2,1,0,0,0,8,2,1,1,0,1,1,0,0,0,7,0,0,0,0,0,0,0,0,1,0,0,0,1,0,0,0,0,0,0,2,0,0,0,0,0,0,0,0,0,3,0,0,0,0,1,0,0,0,1,3,1,0,0,0,0,0,0,0,0,1
20,0.5,270,0.32,0.3,920,FALSE,FALSE,1800,161,19,0,3,3,4,2,1,1,4,71,6,0,0,0,0,0,1,1,2,2,1,1,1,0,0,0,0,1,1,9,5,1,2,0,1,1,0,0,0,4,3,0,1,0,0,0,0,0,1,0,0,0,0,0,1,0,1,0,0,1,0,0,0,0,1,0,0,0,0,1,1,0,0,0,0,0,0,0,0,3,0,0,0,0,0,0,0,0,0,0
80,0.7,220,0.92,0.5,820,TRUE,FALSE,1800,169,21,2,2,7,3,2,2,2,5,70,3,0,2,1,0,0,1,0,1,2,3,0,0,1,1,1,0,2,1,7,6,0,0,1,0,0,0,0,0,6,2,0,1,0,0,0,0,0,0,4,1,0,0,0,0,0,0,0,1,2,0,0,0,0,1,0,0,0,0,0,0,0,0,0,0,1,2,0,0,0,0,0,0,0,0,0,0,0,0,0
90,0.6,250,0.44,0.3,530,FALSE,FALSE,1800,165,15,3,2,4,7,5,2,5,3,69,2,1,0,2,0,1,0,1,0,2,2,0,1,1,0,1,0,0,1,5,4,1,0,0,1,1,0,0,0,7,1,0,1,1,1,0,0,0,1,5,0,1,0,0,0,0,0,0,1,0,0,0,0,0,0,1,0,0,0,1,0,0,0,0,1,0,0,0,0,0,0,0,0,0,0,0,1,1,0,0
30,0.9,200,0.45,0.7,930,TRUE,FALSE,1800,163,18,4,0,3,3,0,3,1,2,81,3,2,0,0,1,1,0,1,0,2,1,1,1,0,0,1,1,1,1,6,4,0,0,0,0,1,0,0,0,4,2,0,0,1,0,1,0,0,0,4,0,0,0,0,0,0,0,0,0,2,1,0,0,0,0,0,0,0,0,1,0,0,0,0,0,1,0,0,1,2,0,0,0,0,0,0,0,0,0,1
60,0.7,230,0.36,0.3,520,TRUE,TRUE,1800,167,20,1,4,4,4,6,1,2,6,71,2,1,0,1,1,2,0,0,1,4,5,1,0,1,0,0,0,0,0,8,2,0,0,0,1,0,0,0,1,3,1,0,1,2,0,0,0,0,0,1,2,0,0,0,0,0,0,0,0,1,0,0,0,1,0,0,0,0,0,0,0,0,0,0,2,0,0,0,0,2,0,0,0,0,0,0,0,0,0,2
40,0.6,120,0.68,0.6,460,FALSE,TRUE,1800,165,19,1,1,5,6,1,1,2,5,80,1,0,0,0,0,1,0,1,1,2,2,1,0,0,1,0,0,0,0,11,3,1,0,0,0,0,0,1,1,4,1,0,1,0,0,0,0,0,0,1,1,1,0,0,1,0,0,2,0,0,0,0,0,0,0,0,1,0,0,0,0,0,0,1,0,0,0,0,0,1,0,0,0,0,0,0,0,1,0,2
90,0.9,110,0.9,0.4,700,TRUE,TRUE,1800,164,20,2,3,1,5,3,3,1,3,76,2,1,2,0,1,0,0,0,0,2,3,0,0,0,0,0,0,1,1,10,4,0,1,0,1,0,0,0,1,4,0,1,0,0,0,0,0,0,0,0,1,0,0,1,0,0,0,0,0,2,2,0,0,0,0,0,0,0,0,1,2,0,0,1,0,0,1,1,0,1,0,0,0,0,0,0,0,0,0,0
10,0.8,140,0.86,0.3,200,TRUE,FALSE,1800,158,18,2,3,5,5,3,0,2,3,65,4,2,1,0,3,1,0,1,2,3,2,0,0,0,1,0,2,0,1,4,2,0,0,0,1,2,0,0,0,4,1,0,0,0,1,0,0,0,0,3,2,0,0,0,0,0,0,0,1,1,1,0,0,0,1,0,0,0,0,0,0,0,0,0,0,0,0,0,0,4,0,0,0,0,0,1,0,0,0,1
40,0.8,150,0.45,0.3,150,FALSE,TRUE,1800,162,16,2,1,4,6,3,1,1,6,79,0,0,0,0,1,0,0,0,0,3,1,0,0,0,2,0,0,0,0,5,3,2,1,0,0,0,0,2,1,7,1,1,1,0,0,0,0,0,0,3,0,1,0,0,1,0,0,0,0,1,0,0,0,0,0,0,1,0,0,1,1,0,0,0,0,0,0,0,2,2,0,0,0,0,0,0,0,0,0,0
10,0.6,250,0.57,0.8,780,FALSE,TRUE,1800,165,15,4,3,2,3,4,2,2,5,73,3,1,2,1,0,1,0,0,2,4,3,0,1,0,0,1,0,0,1,7,1,1,1,1,1,1,0,0,0,3,5,0,0,0,0,0,0,1,0,1,0,0,0,0,0,0,0,0,1,3,0,0,0,0,1,0,0,0,0,0,0,0,0,0,0,0,0,0,0,5,0,0,0,0,0,0,0,0,0,0
60,0.9,220,0.49,0.9,880,FALSE,TRUE,1800,163,19,2,0,2,7,1,2,1,7,78,1,1,0,0,0,0,0,0,0,1,2,1,0,1,1,0,1,1,0,8,3,0,0,0,0,1,0,0,0,8,0,0,0,1,0,0,0,0,0,3,0,2,0,0,0,0,0,0,1,3,0,0,0,0,0,0,0,0,0,2,0,0,0,1,0,0,1,0,1,0,0,0,0,0,0,0,0,0,0,0
10,0.8,230,0.68,0.5,800,FALSE,FALSE,1800,162,14,2,4,1,4,4,2,0,6,78,3,0,0,1,0,0,0,0,1,4,5,0,1,1,1,0,0,0,1,10,1,0,1,0,1,0,0,0,0,2,0,0,0,1,1,0,0,0,0,2,1,0,0,0,0,0,0,1,0,2,0,0,0,0,0,0,0,0,0,0,0,0,0,1,0,0,0,0,2,2,1,0,0,0,0,0,0,0,1,0
80,0.7,250,0.81,0.6,1000,TRUE,FALSE,1800,166,20,0,4,4,3,3,1,2,5,78,2,0,1,0,0,1,0,0,1,5,4,1,0,0,0,2,0,0,0,3,2,0,1,0,2,1,1,0,1,4,2,0,0,1,1,1,0,0,0,1,0,0,0,0,0,0,0,0,0,2,0,1,0,0,0,0,0,0,0,2,0,0,0,0,0,0,0,0,0,1,0,0,0,0,0,0,1,0,0,2
20,0.7,170,0.31,0.3,130,FALSE,FALSE,1800,164,19,0,0,4,6,2,2,0,3,78,3,1,1,1,1,0,0,0,1,2,4,1,0,0,1,0,0,0,2,7,3,0,0,0,1,1,1,0,0,5,2,0,0,0,0,0,0,0,0,3,1,0,0,0,0,0,0,0,0,4,0,0,0,0,0,0,0,0,0,0,0,0,0,0,0,0,1,0,0,1,0,0,0,0,0,0,0,0,1,2
70,0.7,250,0.64,0.3,710,FALSE,FALSE,1800,167,17,1,3,8,5,1,2,0,8,75,0,0,0,0,1,2,0,0,0,2,3,0,0,0,0,0,0,1,0,12,1,1,1,2,1,1,0,0,0,1,1,0,0,0,0,0,0,0,0,3,0,1,1,0,0,0,0,0,1,2,1,0,0,0,0,0,0,0,0,0,0,0,0,0,1,0,0,0,1,3,1,0,0,0,0,1,0,0,1,1
50,0.8,260,0.59,0.5,910,FALSE,FALSE,1800,166,17,3,2,2,5,2,1,0,3,82,1,1,0,0,0,1,1,0,0,3,2,1,0,0,0,2,0,0,1,7,4,0,0,0,1,0,0,0,0,8,0,2,0,0,0,0,0,0,0,3,1,1,0,1,0,0,0,0,0,2,0,0,0,0,0,0,0,0,1,1,0,0,0,1,0,0,1,0,0,2,0,0,0,0,0,0,0,0,1,0
30,0.8,120,1,0.7,230,FALSE,FALSE,1800,159,11,2,3,3,7,3,2,0,6,78,2,0,0,0,0,1,1,0,0,2,2,0,0,0,0,1,0,0,2,11,4,0,0,1,0,1,0,0,1,5,1,0,0,0,0,0,0,0,0,1,1,0,0,0,0,0,0,0,0,3,0,0,0,0,0,0,0,0,0,1,0,0,0,2,0,0,1,1,0,0,0,0,0,0,0,0,0,0,0,0
20,0.5,270,0.95,0.3,910,TRUE,FALSE,1800,165,15,3,3,2,5,0,2,1,4,77,0,3,1,2,1,0,0,0,0,2,3,1,0,1,2,1,0,0,1,9,3,0,0,0,0,1,0,0,0,8,0,0,0,1,0,0,1,0,0,1,2,0,0,0,0,0,0,0,0,2,0,0,0,0,1,0,0,0,1,0,1,1,0,0,0,0,0,0,1,2,0,0,0,0,0,0,0,0,0,1
50,0.6,160,1,0.9,950,TRUE,FALSE,1800,158,19,1,1,6,2,1,1,0,5,70,2,4,0,2,0,0,1,0,1,5,0,1,0,0,0,1,0,0,0,9,3,0,0,2,1,0,0,1,0,6,1,1,0,0,0,0,1,0,0,3,0,0,0,0,0,1,0,0,0,0,1,0,0,1,0,0,0,0,0,1,0,0,0,0,1,0,0,0,1,0,0,0,0,1,0,0,0,0,0,1
80,0.7,270,0.93,0.6,460,FALSE,FALSE,1800,164,16,3,3,7,4,4,1,1,7,71,1,1,0,0,2,1,2,0,1,0,0,0,0,2,1,0,0,0,0,5,4,0,0,0,2,2,1,0,1,7,2,0,0,0,0,0,0,0,0,0,1,0,0,0,1,0,0,0,0,1,0,0,0,0,0,0,0,0,0,1,0,0,0,0,0,0,2,0,1,4,0,0,1,0,0,0,0,0,0,1
70,0.6,240,0.83,0.8,790,TRUE,TRUE,1800,163,19,0,3,3,7,6,1,2,3,70,3,1,0,0,1,0,1,1,0,3,2,0,0,0,1,0,1,0,0,5,2,0,0,0,1,1,0,0,0,8,0,0,0,0,1,0,0,0,1,6,0,0,0,0,0,0,1,0,0,0,2,0,0,0,0,0,0,1,0,1,1,0,0,0,1,0,0,0,0,0,0,0,0,0,1,0,0,0,1,2
10,0.7,110,0.46,0.9,430,TRUE,TRUE,1800,159,18,1,3,4,7,4,2,0,6,65,4,1,2,0,0,0,1,1,1,0,1,1,1,0,1,0,0,0,2,6,4,0,0,1,0,1,0,1,0,8,1,1,0,0,0,0,0,0,1,2,1,1,0,0,0,0,0,0,0,0,0,0,0,0,0,0,0,0,1,1,0,0,0,0,1,0,0,0,0,3,0,0,0,0,0,0,0,0,0,0
10,0.5,190,0.84,0.3,840,TRUE,FALSE,1800,158,20,2,1,3,4,3,2,1,5,68,2,0,1,1,0,2,0,0,1,3,3,0,1,0,0,0,2,0,1,4,4,1,0,1,0,1,0,0,1,6,0,1,0,1,0,0,0,1,0,1,0,0,1,0,0,0,0,0,1,5,0,0,0,0,0,0,0,0,0,1,0,0,0,0,0,1,1,0,0,0,0,0,0,0,0,0,0,0,0,1
70,0.6,210,0.86,0.6,780,FALSE,TRUE,1800,163,19,1,3,2,2,1,3,4,3,82,3,1,0,0,0,0,1,0,0,0,1,1,1,0,1,1,0,1,0,5,4,0,0,0,1,0,0,0,0,9,3,0,0,0,0,0,0,0,0,3,0,0,0,1,0,0,0,0,0,0,0,0,0,0,0,1,0,0,0,0,0,0,0,0,0,0,0,0,1,1,0,0,0,0,0,0,0,0,1,2
20,0.7,190,0.38,0.6,300,FALSE,TRUE,1800,165,19,3,2,6,6,0,1,2,7,75,2,0,0,0,0,0,1,0,1,1,2,1,0,0,1,0,0,0,0,5,3,0,0,2,1,2,1,0,1,5,0,1,0,0,0,0,0,0,1,1,1,0,0,0,0,0,0,0,0,5,0,0,0,0,1,0,0,0,0,3,0,0,0,0,0,1,0,0,0,1,0,0,0,0,0,0,0,0,0,1
20,0.5,190,0.71,0.8,320,TRUE,TRUE,1800,167,16,2,3,4,6,4,2,1,4,76,5,1,0,1,0,3,1,1,0,2,2,0,0,0,0,0,0,0,1,7,3,2,1,0,1,0,0,1,0,5,1,0,0,1,0,0,1,0,0,4,1,0,0,0,0,0,0,0,0,0,0,0,0,0,0,0,0,0,1,0,0,0,0,0,0,0,0,0,0,0,0,0,0,0,0,1,0,0,0,3
30,0.6,200,0.67,0.4,130,TRUE,TRUE,1800,166,20,0,1,6,3,2,2,2,3,82,2,0,0,1,0,0,1,0,0,1,2,1,0,0,0,0,0,0,0,6,2,0,0,0,3,0,0,1,1,8,4,0,1,0,0,0,0,1,0,1,1,0,0,0,0,1,0,0,0,0,0,0,0,0,0,0,0,1,0,2,0,0,0,0,0,0,1,0,1,1,0,0,1,0,0,0,0,1,0,0
20,0.9,280,0.52,0.5,710,TRUE,TRUE,1800,168,16,1,0,10,4,3,1,2,8,75,3,0,0,1,0,2,2,2,0,1,1,0,0,0,0,0,0,1,1,8,5,2,0,0,1,1,0,0,0,8,0,0,0,0,0,0,1,0,0,2,1,0,0,0,0,1,0,0,0,0,0,0,0,0,0,0,0,0,0,1,0,0,0,1,0,0,1,0,1,1,0,0,0,0,0,0,0,0,0,0
30,0.9,200,0.46,0.5,750,TRUE,TRUE,1800,163,20,0,3,8,5,2,2,3,4,65,2,1,0,0,2,1,2,0,1,0,3,0,0,0,1,1,0,0,0,9,3,0,0,1,0,1,0,0,1,4,2,1,1,0,0,1,1,0,0,1,0,1,0,1,0,0,0,0,0,4,0,0,0,0,0,0,1,0,0,0,0,0,0,0,1,0,0,0,1,2,0,0,0,0,0,0,0,0,0,1
90,0.5,240,0.41,0.7,820,TRUE,FALSE,1800,163,18,1,1,5,5,1,1,2,2,76,1,1,0,1,2,1,0,0,0,2,5,0,0,0,2,1,1,1,0,6,3,0,0,1,0,1,0,0,1,7,2,0,0,0,0,0,0,0,0,1,0,0,0,1,0,0,0,0,0,3,0,0,0,0,1,0,0,0,0,2,0,0,0,1,0,0,0,0,0,3,0,0,0,0,0,0,0,0,1,0
90,0.5,220,0.75,0.7,670,FALSE,TRUE,1800,164,19,1,3,4,5,0,0,4,6,69,3,0,0,0,1,0,0,2,0,2,4,0,1,0,0,2,2,0,0,11,6,0,1,0,2,1,0,0,1,5,1,0,0,0,0,0,0,0,0,1,1,0,0,0,0,0,0,0,0,0,0,0,0,0,0,0,2,0,0,2,1,0,0,0,0,0,0,0,0,1,0,0,0,0,0,0,0,0,0,1
60,0.8,290,0.57,0.9,390,FALSE,TRUE,1800,166,17,1,4,1,5,4,1,1,5,77,2,1,0,3,0,0,0,0,1,1,3,1,0,0,1,0,0,1,0,7,2,0,0,0,1,1,0,0,0,6,2,1,0,0,0,1,0,0,0,3,1,0,0,0,0,1,0,0,0,4,0,0,0,0,0,0,0,0,0,1,1,0,0,0,1,0,0,0,2,1,0,0,0,0,0,0,0,0,0,1
70,0.5,220,0.39,0.6,770,FALSE,TRUE,1800,165,12,1,3,7,6,1,1,1,4,85,3,1,0,0,1,1,0,0,1,0,2,0,0,0,0,0,0,0,0,7,3,0,0,0,0,1,2,0,0,10,2,1,0,1,0,0,0,0,0,1,1,0,0,0,0,0,0,0,0,1,0,0,0,0,0,0,0,0,0,1,0,0,0,0,0,0,0,0,1,1,0,0,0,0,1,0,0,0,1,1
30,0.5,280,0.44,0.9,940,TRUE,FALSE,1800,161,19,1,1,2,4,3,1,0,2,80,2,1,1,1,0,0,0,0,0,2,4,0,0,2,0,1,2,0,2,9,4,0,0,0,1,0,0,0,0,4,0,0,0,1,0,0,0,0,0,2,2,0,0,0,1,0,1,0,0,1,0,0,0,0,0,0,0,0,0,2,2,0,0,0,0,0,0,0,0,0,0,0,0,0,0,0,0,0,0,1
90,0.6,100,0.35,0.5,860,TRUE,TRUE,1800,163,13,2,2,0,9,0,1,3,6,84,2,1,1,0,0,0,0,0,0,1,3,0,0,0,1,1,0,0,0,4,3,1,0,0,1,0,0,0,0,11,2,0,0,0,0,0,0,0,0,4,0,1,0,0,0,0,0,0,0,1,1,0,0,0,0,0,0,0,0,0,0,0,0,1,0,1,0,0,0,3,0,0,0,0,0,0,0,0,0,0
20,0.7,100,0.31,0.8,610,FALSE,FALSE,1800,153,21,2,0,3,3,0,0,2,4,80,1,0,2,0,0,0,0,0,0,1,2,1,0,0,0,0,0,0,0,8,1,0,0,0,0,0,0,0,0,4,1,1,0,2,0,0,0,0,1,1,0,0,0,0,0,1,0,1,0,3,1,0,0,0,0,0,0,0,0,0,0,0,0,1,1,0,1,0,0,1,0,0,0,1,0,0,0,0,0,2
20,0.8,180,0.98,0.3,1000,FALSE,FALSE,1800,159,20,1,4,1,7,3,1,3,2,70,1,2,1,0,0,0,0,0,1,2,2,1,2,0,0,2,1,0,0,7,1,0,0,1,1,1,0,0,0,4,1,0,1,0,0,0,0,1,0,1,2,0,0,0,0,0,1,1,2,1,1,0,0,0,0,1,0,0,0,0,2,0,0,0,1,0,0,0,0,0,0,0,0,0,0,0,0,0,0,2
70,0.7,140,0.95,0.9,920,TRUE,FALSE,1800,166,15,2,1,5,9,5,1,1,6,74,3,0,2,1,1,1,1,0,0,2,3,0,0,0,0,0,0,0,0,6,3,0,0,1,0,1,0,0,0,6,2,0,0,0,0,0,0,1,0,2,0,1,0,0,0,0,0,0,1,3,0,1,0,0,0,0,0,0,0,0,0,0,0,0,0,0,1,0,2,0,0,0,0,0,0,0,0,0,0,3
90,0.9,270,0.44,0.5,810,TRUE,FALSE,1800,166,18,2,2,6,8,1,4,4,4,63,7,0,2,1,0,0,0,0,2,0,0,0,1,0,0,1,0,2,1,6,4,0,1,2,1,0,0,1,0,6,0,0,0,0,0,0,0,1,0,1,2,0,0,0,0,0,0,0,1,2,0,0,0,0,0,1,0,0,1,1,1,0,0,0,2,0,0,0,1,2,0,0,0,0,0,0,0,0,0,1
80,0.9,300,0.53,0.5,170,FALSE,FALSE,1800,167,18,1,1,3,5,0,0,0,4,83,3,0,2,1,0,0,0,0,1,3,2,1,0,0,0,0,1,1,0,10,3,1,1,0,0,2,0,0,0,3,2,0,1,0,0,0,0,0,0,3,1,0,0,0,1,0,0,0,0,2,1,0,0,0,0,0,0,0,0,3,0,0,0,0,0,0,0,0,0,4,0,0,0,0,0,0,0,0,0,0
60,0.5,280,0.65,0.8,380,TRUE,FALSE,1800,164,17,1,3,5,1,5,2,0,6,78,1,0,1,0,1,0,0,0,1,0,5,0,0,2,1,0,0,0,0,10,2,0,0,0,0,1,0,0,1,5,1,0,0,0,1,0,0,0,0,3,0,0,0,0,1,0,1,0,0,2,0,0,0,0,0,0,0,0,0,0,0,0,0,1,0,0,0,0,0,4,1,0,0,0,0,0,0,0,0,1
90,0.8,220,0.59,0.8,930,FALSE,FALSE,1800,162,18,0,2,3,2,1,1,1,3,78,6,0,1,0,2,2,1,0,1,3,6,0,0,0,0,1,0,0,0,4,4,0,0,0,0,1,0,0,0,7,1,1,0,0,2,0,0,0,0,2,0,0,0,0,0,0,0,0,1,2,0,0,0,0,0,0,0,0,0,0,0,0,0,0,1,0,0,0,1,1,0,0,0,0,0,0,1,0,0,2
100,0.5,270,0.62,0.5,390,TRUE,TRUE,1800,162,21,1,1,2,5,1,1,2,3,75,4,0,0,1,0,1,1,0,0,4,3,1,1,0,1,1,0,0,0,9,3,0,1,1,0,0,0,0,0,5,1,0,0,0,0,0,0,0,0,2,1,0,0,0,0,0,1,0,1,0,0,0,0,0,0,0,0,0,0,3,1,0,0,0,0,0,0,0,1,2,0,0,0,0,0,0,0,0,0,1
90,0.6,270,0.74,0.9,930,TRUE,TRUE,1800,162,14,4,2,2,8,2,0,1,2,82,5,0,0,2,0,1,0,0,0,3,3,0,2,1,0,0,0,0,1,2,3,0,0,0,0,1,0,0,0,6,3,1,0,0,0,0,0,0,0,3,0,0,0,0,0,0,0,0,0,0,0,0,0,0,0,0,0,0,0,0,0,0,0,0,0,0,0,0,0,4,0,0,0,0,0,0,1,0,0,4
70,0.7,190,0.59,0.7,410,TRUE,TRUE,1800,168,17,0,3,6,8,3,1,3,3,76,0,0,1,2,0,0,1,0,0,0,2,2,1,1,1,0,0,0,1,6,0,0,0,0,1,0,1,0,1,7,1,1,1,3,0,0,0,0,1,0,0,0,0,0,0,0,0,0,1,2,1,0,0,0,0,1,0,0,0,0,0,0,0,0,0,0,0,0,1,3,1,0,0,0,2,0,0,1,0,1
80,0.5,220,0.34,0.4,550,TRUE,FALSE,1800,161,21,0,3,1,6,2,1,5,4,71,3,0,1,0,2,0,0,0,0,2,3,1,1,0,1,1,0,0,1,7,3,0,1,0,0,0,1,1,0,4,2,0,0,0,0,0,0,0,1,1,1,0,0,0,0,0,0,0,0,3,0,0,1,0,0,1,0,0,0,1,0,0,0,0,0,0,0,0,0,2,1,0,0,0,0,0,0,1,0,0
80,0.9,250,0.88,0.7,850,FALSE,TRUE,1800,160,19,0,1,1,5,2,2,2,3,77,3,1,0,2,0,1,1,0,0,1,3,0,0,1,1,0,0,0,0,11,4,0,1,0,1,0,0,0,2,6,2,0,0,0,0,0,1,0,0,0,0,0,0,0,0,0,0,0,0,2,0,0,0,0,0,0,0,0,0,1,0,0,0,0,0,1,0,0,1,0,0,0,0,0,0,0,0,1,0,1
80,0.9,220,0.54,0.9,260,FALSE,FALSE,1800,161,14,3,1,4,8,1,2,1,3,77,2,3,0,2,1,0,1,1,0,1,2,0,0,0,0,0,0,0,0,5,5,1,1,0,0,1,0,0,2,6,0,0,0,1,0,0,0,0,0,3,0,1,0,0,0,0,0,0,0,2,0,0,0,0,0,1,1,0,0,1,0,0,0,0,1,0,0,0,1,0,0,0,0,0,0,0,0,1,0,1
50,0.5,300,0.87,0.3,660,FALSE,FALSE,1800,164,18,1,0,4,2,1,0,0,3,84,3,1,0,2,1,0,0,1,0,2,1,1,0,1,1,1,0,1,1,4,4,0,0,1,0,0,0,0,1,9,3,0,1,0,0,1,0,0,0,1,1,0,0,0,0,0,0,0,0,2,0,0,0,0,0,0,1,0,0,2,0,0,0,0,0,0,0,0,0,1,0,0,0,0,1,0,0,0,0,2
90,0.6,210,0.71,0.3,180,TRUE,FALSE,1800,158,15,1,4,5,4,4,0,1,5,75,3,0,0,0,1,0,0,0,0,4,1,0,0,0,0,0,1,0,1,7,6,0,0,1,0,1,0,0,3,6,0,0,0,0,0,0,0,0,0,1,0,0,0,0,0,0,1,0,0,2,0,0,0,0,1,0,0,0,0,1,0,0,1,0,0,0,0,0,0,2,0,0,0,0,0,0,0,0,0,1
70,0.8,200,0.49,0.5,310,FALSE,TRUE,1800,166,16,2,3,6,7,0,2,2,4,79,1,0,1,0,0,0,2,0,1,2,3,1,0,0,0,0,0,1,0,8,0,1,1,1,0,1,1,1,0,5,3,0,0,0,0,0,0,0,0,1,1,0,0,1,2,1,0,0,0,2,0,0,0,0,0,0,1,0,0,0,0,0,0,0,0,0,0,0,0,2,0,0,0,0,0,0,0,0,1,0
100,0.6,300,0.58,0.9,630,FALSE,FALSE,1800,163,16,2,1,0,5,1,2,1,4,82,3,2,0,0,1,1,0,0,3,4,3,0,0,0,1,1,0,0,0,8,1,0,0,0,3,0,0,0,0,3,0,1,0,0,0,0,0,0,0,2,3,0,0,0,0,0,0,0,0,0,0,0,0,0,0,0,1,1,0,0,0,0,0,1,0,1,1,0,0,2,0,0,0,0,0,0,0,0,0,3
70,0.5,150,0.61,0.4,950,TRUE,FALSE,1800,163,19,2,0,2,4,1,1,2,1,81,5,1,0,0,2,0,1,1,0,1,3,0,1,0,1,0,0,0,2,5,2,0,0,0,2,0,0,0,0,7,3,0,0,0,0,0,0,0,0,1,1,1,1,0,0,0,0,0,0,3,0,0,0,0,0,0,0,0,1,0,0,0,0,0,0,0,0,0,0,3,0,0,0,0,0,1,0,0,0,2
40,0.9,210,0.56,0.4,280,TRUE,FALSE,1800,167,19,2,3,7,2,1,1,1,7,78,0,2,0,1,0,0,0,2,0,3,1,0,1,0,0,0,1,0,0,14,4,0,1,1,0,0,0,0,1,3,0,1,0,0,0,0,0,0,1,0,0,0,0,0,1,0,0,0,0,1,1,0,0,0,0,0,0,0,1,1,0,0,0,1,0,2,0,0,0,1,0,0,0,0,0,0,0,0,1,0
100,0.8,280,0.56,0.7,170,FALSE,FALSE,1800,168,17,4,1,2,3,0,0,2,3,81,4,1,1,1,0,1,0,0,1,3,5,0,0,0,0,0,0,0,1,8,3,1,0,1,1,0,0,0,1,5,1,0,0,0,1,1,0,0,0,2,1,0,0,0,0,0,0,0,1,1,1,0,0,0,0,2,0,0,0,1,0,0,0,0,0,0,0,0,0,3,0,0,0,0,0,0,0,0,1,2
80,0.5,280,0.96,0.5,1000,FALSE,TRUE,1800,167,16,0,1,10,3,4,0,2,7,77,2,0,0,1,0,0,1,0,0,2,5,1,1,1,0,0,0,0,0,7,3,0,1,0,1,1,0,0,1,8,1,0,0,1,0,0,0,0,0,0,0,0,0,0,0,0,0,0,0,4,0,0,0,0,0,0,0,0,0,3,0,0,0,1,1,0,0,0,0,0,0,0,0,0,0,0,0,0,0,1
20,0.8,210,0.33,0.9,110,TRUE,FALSE,1800,166,16,2,1,4,3,3,4,2,3,74,6,0,1,0,1,1,0,0,1,4,3,0,0,0,0,0,0,2,0,4,4,1,0,0,1,1,0,0,0,5,2,1,0,0,2,0,0,0,1,4,0,0,1,0,0,0,0,0,1,2,0,0,0,0,0,0,0,0,0,0,1,0,0,0,0,0,0,0,0,2,0,0,0,0,0,0,1,1,0,1
40,0.9,220,0.77,0.8,790,FALSE,FALSE,1800,166,17,2,3,5,4,0,1,1,5,80,2,2,0,0,1,1,0,0,1,1,2,1,0,1,1,2,0,0,0,6,3,2,1,0,0,0,0,0,0,5,1,1,0,0,0,0,0,0,0,1,3,0,0,0,2,0,0,0,0,2,0,0,0,0,0,0,0,0,0,0,0,0,0,0,0,0,1,0,0,1,0,0,0,0,0,0,1,0,1,2
50,0.7,110,0.54,0.7,140,FALSE,FALSE,1800,160,25,0,0,3,3,0,1,3,2,75,2,0,0,2,1,0,1,0,2,2,3,1,0,0,1,0,0,0,0,9,6,1,0,1,0,2,0,1,0,4,0,0,0,0,0,0,0,0,0,3,0,0,0,0,0,0,0,0,0,0,0,0,0,0,0,0,0,0,0,3,0,0,0,0,0,1,0,0,0,2,1,0,0,0,0,0,0,0,0,0
30,0.8,240,0.96,0.5,530,TRUE,TRUE,1800,163,22,0,0,4,4,1,1,0,3,81,4,2,0,1,0,0,0,0,1,0,1,0,1,0,0,0,1,0,1,8,2,2,0,0,0,1,0,0,1,6,3,0,1,0,0,0,0,0,1,1,2,0,0,0,0,1,1,0,0,1,0,0,0,0,0,0,0,0,0,0,0,0,0,0,0,1,0,1,1,1,0,0,0,0,0,0,0,1,0,0
20,0.7,130,0.34,0.4,870,TRUE,FALSE,1800,164,24,1,2,3,3,2,0,1,5,78,4,1,0,0,0,1,0,1,0,4,2,0,0,1,0,1,0,0,0,3,5,0,0,0,1,0,0,0,0,7,1,0,0,0,0,0,0,0,1,3,1,0,0,0,0,0,0,0,0,1,0,0,0,0,0,0,0,0,0,1,2,0,0,0,0,0,0,0,0,2,0,0,0,0,2,0,0,0,0,1
10,0.6,100,0.52,0.6,200,TRUE,TRUE,1800,165,16,2,4,2,7,0,2,0,4,79,6,0,0,2,0,0,0,0,1,1,1,0,0,0,0,0,0,1,1,11,4,0,0,1,2,0,0,0,0,4,4,0,0,0,0,0,0,0,1,0,0,0,0,0,0,0,1,0,1,2,0,0,0,0,0,0,0,0,0,0,0,0,0,0,0,1,0,0,0,1,1,0,0,0,0,0,0,0,0,3
70,0.7,130,0.44,0.6,750,TRUE,TRUE,1800,164,22,3,1,4,5,3,0,1,1,77,0,0,0,1,1,1,0,1,1,1,6,1,0,0,2,1,0,0,0,6,2,1,0,0,1,0,0,0,0,6,1,0,0,0,1,1,0,0,0,0,0,1,0,2,0,0,0,0,0,2,0,0,0,0,0,0,0,0,0,2,0,0,0,0,1,0,0,0,1,2,0,0,0,0,0,0,0,1,0,1
60,0.7,230,0.35,0.4,420,FALSE,TRUE,1800,168,19,1,2,3,4,2,0,3,8,79,1,0,1,1,1,0,0,0,0,0,2,0,1,0,0,1,1,0,0,10,4,0,0,0,2,0,0,0,0,8,2,0,0,0,0,0,0,0,0,2,0,0,0,0,0,1,1,0,0,1,1,0,0,0,1,0,1,0,0,1,0,0,0,0,1,0,0,0,0,3,0,0,0,0,0,0,0,0,0,0
50,0.7,150,0.69,0.6,700,TRUE,TRUE,1800,168,19,2,0,3,4,2,0,0,8,82,1,0,0,2,0,1,0,0,0,0,2,2,1,1,0,0,0,0,0,7,3,0,0,0,0,1,0,0,0,7,4,0,0,0,0,0,1,0,1,3,1,0,0,0,0,0,1,0,0,2,0,0,0,0,0,0,0,0,0,2,0,0,0,1,0,1,0,0,0,1,0,0,0,0,1,0,0,0,0,2
10,0.7,280,0.49,0.9,450,FALSE,FALSE,1800,162,12,5,2,4,8,6,3,2,6,68,0,1,0,1,1,1,0,1,0,1,2,1,1,2,2,0,0,0,1,5,3,0,2,0,0,0,0,0,2,11,0,0,1,0,1,0,0,0,0,2,0,0,0,0,0,1,1,0,0,1,0,0,0,0,0,0,0,0,0,0,0,0,0,0,0,0,0,0,0,0,0,0,0,0,0,1,0,0,0,1
90,0.6,120,0.43,0.8,480,TRUE,TRUE,1800,164,17,4,1,2,4,2,3,1,3,75,2,0,2,1,2,2,0,0,0,3,3,0,0,0,0,1,0,0,0,8,3,0,1,0,2,0,1,0,0,6,2,0,0,0,1,0,0,0,1,1,0,0,0,0,0,0,0,1,0,3,0,0,0,0,0,0,0,0,0,1,0,0,0,0,1,0,0,0,0,2,0,0,1,0,0,0,0,2,0,0
30,0.6,300,0.44,0.3,140,FALSE,TRUE,1800,161,21,0,0,2,1,3,0,1,3,80,2,2,0,0,0,1,1,0,1,3,2,0,0,2,0,1,1,0,0,9,4,1,1,0,1,0,0,0,0,6,0,1,0,0,0,1,0,0,0,1,0,0,0,0,0,0,0,0,0,3,1,0,1,0,0,0,0,0,0,1,0,0,0,1,0,1,0,0,0,1,0,0,0,1,0,0,0,0,0,0
80,0.5,100,0.79,0.5,710,FALSE,FALSE,1800,161,15,2,1,5,5,3,1,0,5,78,3,0,0,0,0,1,0,0,0,2,1,0,0,0,0,0,0,0,2,9,6,0,0,0,2,0,0,0,0,8,2,0,1,0,0,0,0,0,1,1,1,0,0,0,0,0,0,0,0,1,0,0,0,0,0,0,1,0,0,1,0,0,0,0,0,1,0,0,0,1,0,0,0,0,1,0,0,0,1,0
40,0.6,100,0.75,0.3,750,TRUE,TRUE,1800,168,16,3,1,2,3,1,2,0,3,86,2,1,0,1,1,2,0,0,1,2,2,1,0,0,0,0,1,0,0,4,2,0,0,0,2,0,0,0,0,8,3,0,0,0,1,0,0,0,0,3,1,0,0,0,0,0,0,0,0,3,0,0,0,2,0,1,0,0,0,3,0,0,0,0,0,0,0,1,1,2,0,0,0,0,0,0,0,0,0,1
90,0.6,180,0.65,0.5,110,FALSE,TRUE,1800,165,19,1,1,2,3,2,0,3,2,83,2,0,0,1,0,0,0,0,1,6,4,1,0,0,1,1,1,0,1,2,5,0,0,0,0,0,0,0,0,6,1,0,0,0,0,0,0,0,0,6,1,0,0,1,1,0,1,0,1,1,0,1,0,0,0,0,0,0,0,1,0,0,0,1,0,1,0,0,0,1,0,0,0,0,0,0,0,0,0,0
60,0.9,260,0.5,0.5,440,TRUE,TRUE,1800,163,16,1,0,3,5,2,1,0,4,80,1,1,2,1,1,2,0,0,1,2,6,1,0,0,0,1,0,0,1,9,2,1,0,0,0,1,0,0,0,5,1,0,1,0,0,0,0,0,1,1,0,0,0,0,0,0,0,0,1,3,0,0,0,0,0,0,0,0,0,0,1,0,0,0,0,0,1,0,0,2,0,0,0,0,1,0,0,0,0,1
30,0.6,250,0.33,0.9,120,FALSE,TRUE,1800,164,18,1,0,3,7,0,0,0,5,77,3,1,0,0,0,1,0,0,0,5,5,0,0,0,1,0,0,0,1,9,3,1,0,0,1,1,2,0,1,7,0,1,0,0,0,0,0,0,0,0,2,0,0,0,0,0,0,0,0,2,0,0,0,0,0,0,0,0,0,1,1,0,0,0,0,0,1,0,1,1,0,0,0,0,0,0,0,0,0,2
40,0.9,200,0.81,0.6,190,FALSE,FALSE,1800,163,17,2,2,7,5,1,3,1,5,72,2,0,1,1,1,1,0,0,0,2,2,1,1,0,0,1,0,0,0,7,4,0,0,0,0,1,0,1,1,6,2,1,0,0,0,0,0,0,0,2,1,1,0,0,0,0,0,0,0,3,0,0,0,1,0,0,0,0,0,2,0,0,0,0,1,0,1,0,1,0,0,0,0,0,0,0,0,0,0,0
50,0.8,210,0.44,0.8,810,TRUE,FALSE,1800,165,13,2,3,3,5,3,2,0,4,82,1,0,0,1,0,1,0,0,0,4,5,0,0,1,0,0,0,1,1,8,4,1,0,0,1,0,0,0,0,6,0,0,1,0,0,0,0,0,0,2,1,0,0,0,0,0,0,0,1,1,0,0,0,0,0,0,0,0,0,1,0,0,0,0,1,0,0,0,1,2,0,0,0,0,0,0,0,0,1,2
80,0.6,250,0.36,0.5,350,FALSE,FALSE,1800,165,19,4,1,3,5,2,2,2,5,73,2,1,0,0,1,0,0,0,0,2,5,0,0,2,1,1,0,0,2,11,4,1,1,0,0,0,0,1,1,5,1,0,0,0,1,0,0,0,0,0,0,0,0,0,0,0,1,0,0,1,0,0,0,0,0,1,0,1,0,2,0,0,0,0,0,0,0,0,0,1,0,0,0,0,0,0,0,0,0,0
20,0.8,270,0.87,0.4,510,TRUE,TRUE,1800,165,20,1,2,2,7,2,2,2,3,81,1,0,0,3,1,2,0,1,0,0,3,1,0,0,0,0,0,0,1,7,3,0,0,0,1,0,0,0,0,7,2,0,0,0,0,0,0,1,1,2,0,0,0,0,0,0,0,0,0,1,0,0,0,0,0,0,0,0,0,2,0,0,0,0,0,1,0,0,0,0,0,0,0,0,0,0,0,0,1,2
40,0.8,200,0.84,0.8,230,FALSE,TRUE,1800,164,20,0,2,7,2,1,1,0,5,79,2,0,1,0,0,0,1,1,2,2,4,0,0,0,0,0,0,1,1,8,1,1,0,0,1,0,0,0,1,7,4,0,0,1,0,0,1,0,0,2,0,0,0,0,0,0,0,0,1,1,0,0,0,1,0,0,0,0,0,1,0,0,0,0,0,0,0,0,0,1,0,0,0,0,0,0,0,0,0,1
10,0.7,290,0.82,0.6,710,FALSE,TRUE,1800,166,14,3,1,2,1,2,2,1,6,88,5,0,1,1,0,0,1,0,0,2,4,1,0,0,0,1,0,0,0,5,4,0,0,2,0,0,0,0,1,4,0,0,0,0,0,0,0,0,0,3,0,0,0,0,1,0,0,0,0,4,0,0,1,0,0,0,0,0,0,2,1,0,1,0,0,0,0,0,0,1,0,0,0,0,0,0,0,0,0,1
90,0.8,130,0.85,0.8,320,FALSE,FALSE,1800,162,18,1,2,4,4,2,1,0,7,68,3,1,2,1,1,2,1,0,0,5,5,0,1,0,0,0,0,0,0,7,5,0,1,1,2,0,1,0,0,6,2,0,0,0,0,0,0,0,1,3,0,0,0,0,0,0,0,0,1,2,0,0,0,0,0,0,0,0,0,0,0,0,0,0,0,1,1,0,0,0,0,0,0,0,0,0,0,0,0,0
70,0.7,210,0.49,0.7,800,FALSE,FALSE,1800,159,16,3,3,3,7,1,1,3,7,65,4,0,1,0,0,1,1,0,1,1,2,2,0,0,1,1,0,0,0,13,3,0,0,2,0,1,0,0,1,6,0,0,0,0,1,0,0,0,0,4,1,0,0,0,0,0,1,0,0,1,0,0,0,0,1,0,0,0,0,0,0,0,0,0,0,0,0,0,0,0,0,0,0,0,0,0,0,0,0,1
20,0.8,140,0.39,0.9,190,FALSE,TRUE,1800,166,22,0,2,9,2,3,1,1,6,68,2,1,0,0,1,0,1,2,2,4,5,0,1,0,0,1,1,0,1,5,2,1,1,1,1,0,1,0,0,3,2,0,1,0,0,0,0,0,0,2,1,0,0,0,0,0,0,0,0,2,0,0,0,0,1,0,0,0,1,1,0,0,1,0,1,0,0,0,0,2,1,0,0,0,0,0,0,0,0,0
100,0.5,290,0.52,0.9,960,TRUE,FALSE,1800,161,18,2,2,3,2,3,1,1,8,76,3,0,0,2,0,0,0,0,0,2,4,0,1,0,0,1,0,0,0,9,3,0,1,0,1,1,0,0,1,7,0,0,0,0,1,0,0,0,0,2,0,0,0,0,1,0,0,0,1,0,1,0,0,0,1,0,1,0,0,0,0,0,0,0,1,0,0,0,0,1,0,0,0,0,0,0,0,0,0,0
80,0.9,160,1,0.8,640,FALSE,FALSE,1800,159,21,1,1,6,5,1,0,1,3,72,1,1,0,0,3,1,1,0,0,5,3,0,0,1,0,0,0,0,3,7,4,0,0,0,1,1,0,0,1,7,2,1,1,0,0,0,0,0,0,0,1,0,0,0,0,0,0,0,0,1,0,0,0,0,0,0,0,0,0,0,0,0,0,0,0,0,1,0,1,1,0,0,0,0,0,0,0,0,0,0
20,0.7,270,0.86,0.8,320,FALSE,TRUE,1800,166,17,1,1,6,6,4,2,2,3,75,0,1,0,2,1,0,1,0,1,3,3,0,0,2,2,0,0,0,1,10,3,0,0,0,0,2,0,0,0,4,2,0,0,0,1,1,0,0,0,2,1,0,0,1,1,0,0,0,1,0,0,0,0,0,0,0,0,0,0,1,0,0,1,0,0,0,0,0,1,1,0,0,0,0,0,0,0,0,0,0
10,0.5,200,0.32,0.7,190,FALSE,FALSE,1800,167,12,4,3,4,8,2,4,1,9,74,2,0,0,0,2,0,0,1,1,2,2,0,1,1,0,2,0,0,1,8,2,1,0,1,1,1,0,0,3,6,2,1,0,0,0,0,0,0,0,1,0,0,0,0,0,0,0,0,0,3,0,0,0,0,0,0,0,0,0,0,0,0,0,0,0,1,1,0,0,0,0,0,0,0,0,0,0,0,0,0
70,0.9,100,0.7,0.9,350,FALSE,FALSE,1800,167,22,1,1,0,5,1,0,2,4,80,1,0,2,1,1,0,1,0,2,0,3,0,0,1,1,0,1,0,1,8,3,1,1,0,0,1,0,0,0,8,1,1,0,0,0,0,1,0,0,3,0,0,0,0,2,0,0,0,0,0,0,0,1,0,0,0,0,0,0,1,1,0,0,0,0,0,0,0,2,1,0,0,0,0,0,0,0,0,0,1
20,0.6,230,0.93,0.5,190,TRUE,FALSE,1800,168,18,3,2,5,7,5,2,1,6,68,2,0,1,2,1,1,0,0,1,0,8,0,0,1,0,0,0,0,0,8,3,0,1,1,1,0,0,0,0,6,1,0,0,0,1,0,0,0,0,1,0,1,0,0,0,0,0,0,1,2,0,0,0,0,0,1,1,0,1,1,0,0,0,0,0,0,0,0,1,3,0,0,0,0,0,0,0,0,0,0
50,0.7,210,0.84,0.6,420,TRUE,TRUE,1800,159,17,2,1,6,7,4,1,1,4,72,3,0,0,2,0,1,0,1,0,3,4,0,0,0,0,0,1,1,1,12,2,0,1,0,2,0,0,0,1,1,2,1,0,0,0,0,0,0,0,2,0,0,0,0,0,0,0,0,0,1,0,0,0,0,0,0,0,0,0,0,0,0,0,0,1,1,0,0,0,1,0,0,0,0,0,0,0,0,0,0
50,0.9,150,0.83,0.9,960,TRUE,TRUE,1800,158,18,0,2,1,4,3,0,2,7,72,5,1,0,0,1,3,0,0,0,1,4,0,0,0,0,0,1,0,1,7,2,0,0,0,2,0,0,0,0,7,1,0,0,0,0,0,0,0,0,2,1,0,0,0,0,1,0,0,1,2,2,0,0,0,0,0,0,0,0,1,0,0,0,0,0,0,0,0,1,1,0,0,0,0,0,0,1,0,0,1
80,0.9,230,0.48,0.6,510,TRUE,FALSE,2000,149,16,2,1,3,4,2,1,2,6,71,4,1,0,0,0,2,0,0,1,3,2,1,0,0,0,0,1,0,1,3,2,0,0,0,3,0,0,0,0,6,3,0,0,0,0,0,0,0,0,2,1,0,1,0,0,0,0,0,0,1,0,0,0,0,1,0,0,0,0,0,0,0,0,0,0,0,0,0,1,2,0,0,0,0,0,0,0,0,0,0
50,0.6,150,0.93,0.8,410,TRUE,FALSE,2000,148,17,0,3,2,3,2,2,1,5,69,1,0,1,2,1,0,1,1,0,3,3,0,0,0,1,0,1,0,1,5,2,0,0,1,1,0,0,0,0,6,3,0,0,0,0,1,1,0,0,3,1,0,0,0,0,0,0,0,0,1,0,0,0,0,0,0,0,0,0,0,0,0,1,0,0,0,0,0,0,2,0,0,0,0,0,0,0,0,0,0
60,0.8,210,0.43,0.6,830,FALSE,FALSE,2000,149,21,1,2,1,3,4,1,0,3,70,1,1,1,1,0,0,0,1,2,3,5,0,0,0,1,0,0,0,0,10,1,0,0,0,1,0,0,0,0,3,3,0,0,1,1,0,0,0,0,0,1,0,0,0,0,1,2,0,0,0,0,0,0,0,0,0,0,0,0,0,0,0,0,0,1,0,0,0,0,1,0,0,0,0,0,0,0,0,1,1
80,0.5,130,0.77,0.6,810,FALSE,TRUE,2000,147,16,1,3,3,4,3,1,2,3,66,4,0,2,1,1,2,1,0,0,5,4,0,0,0,1,0,0,0,0,7,0,1,0,0,1,0,1,0,0,4,2,0,0,0,0,1,0,0,0,1,0,0,0,0,0,1,0,0,1,3,0,0,0,0,0,1,0,0,0,0,0,0,0,0,0,0,0,0,0,1,0,0,0,0,0,0,0,0,0,0
40,0.9,120,0.42,0.3,700,FALSE,TRUE,2000,152,14,2,6,5,6,3,3,1,3,65,1,2,2,1,1,2,0,0,0,1,2,0,0,0,1,0,1,0,0,4,2,1,0,0,2,1,0,0,1,7,4,1,0,2,0,0,0,0,0,0,0,0,0,0,0,0,0,0,0,2,0,0,0,0,0,1,0,0,0,0,0,0,0,0,0,0,0,0,1,1,0,0,0,0,0,0,0,1,0,0
80,0.7,220,0.86,0.9,830,TRUE,FALSE,2000,148,14,0,2,3,4,3,3,3,5,71,3,0,0,1,0,1,0,0,1,3,3,1,0,2,0,0,0,0,0,5,1,0,1,1,2,0,0,0,0,8,2,0,0,0,1,0,0,0,0,1,0,0,1,0,0,0,0,0,0,1,0,0,0,0,1,0,0,0,0,0,0,0,0,0,0,0,0,0,0,1,0,0,0,0,0,0,0,0,0,0
90,0.8,130,0.47,0.7,280,TRUE,TRUE,2000,151,16,1,2,3,4,1,1,1,5,72,2,0,1,0,1,0,1,0,1,2,4,0,0,1,1,1,0,0,1,7,0,1,0,1,1,0,0,0,0,6,4,0,0,0,0,0,0,1,1,3,0,0,0,0,1,0,0,0,1,0,1,0,0,0,0,1,0,0,0,0,0,0,0,0,0,0,0,0,0,1,0,0,0,0,0,0,0,0,0,0
20,0.6,300,0.71,0.8,570,TRUE,FALSE,2000,149,14,1,3,3,5,1,5,1,2,72,1,0,3,0,1,1,0,0,0,3,1,1,0,0,1,1,0,0,1,7,2,1,0,0,0,0,0,1,0,5,0,0,0,0,2,0,1,0,0,1,0,0,0,0,0,0,0,0,0,2,0,0,1,0,0,1,0,0,0,0,1,0,0,0,0,0,0,0,1,2,0,0,0,0,0,0,0,0,0,1
60,0.8,220,0.86,0.8,950,FALSE,FALSE,2000,150,17,1,0,2,3,2,2,3,2,69,6,2,0,2,0,0,0,1,1,1,1,1,0,0,3,3,0,0,0,5,5,0,0,2,0,0,0,0,0,8,0,0,0,2,0,0,0,0,0,3,1,0,0,0,0,0,0,0,0,0,1,0,0,0,1,1,0,0,0,0,0,0,0,0,0,0,0,0,0,0,0,0,0,0,0,0,0,0,0,0
30,0.5,120,0.8,0.4,650,TRUE,FALSE,2000,149,12,1,0,6,3,5,0,3,3,79,0,1,0,1,1,0,0,0,1,2,0,0,0,1,1,0,0,0,1,6,2,0,0,0,0,0,1,0,0,5,1,0,1,1,1,1,0,0,1,2,0,0,0,0,0,0,0,0,0,3,0,0,0,0,0,0,0,0,0,1,0,0,0,0,1,0,0,0,0,1,0,0,0,0,0,0,0,0,1,0
20,0.5,270,0.32,0.3,920,FALSE,FALSE,2000,150,17,2,1,2,7,0,0,1,2,71,5,0,1,0,1,0,0,1,0,2,4,0,0,0,0,1,0,0,2,3,3,0,1,0,1,0,1,0,2,4,3,0,0,0,1,0,0,0,0,3,0,0,0,0,0,0,1,0,0,0,0,0,0,0,0,0,0,0,0,4,0,0,0,0,1,1,0,0,1,0,0,0,0,0,0,0,0,0,0,1
80,0.7,220,0.92,0.5,820,TRUE,FALSE,2000,150,20,3,0,5,3,0,1,0,5,69,3,0,1,0,1,0,1,1,0,1,3,1,1,1,1,1,0,0,0,3,2,0,0,1,1,0,0,1,1,8,1,0,0,0,1,0,1,0,0,3,1,0,0,0,0,0,0,0,0,1,2,0,0,0,0,0,1,0,0,0,0,0,0,0,0,0,0,0,0,1,0,0,0,0,0,0,0,0,0,0
90,0.6,250,0.44,0.3,530,FALSE,FALSE,2000,149,20,0,1,2,5,1,1,0,4,67,3,0,2,0,1,1,0,1,1,1,6,0,0,0,1,1,1,0,1,8,2,1,0,0,2,0,0,0,1,7,0,0,0,0,0,0,0,0,0,1,2,0,0,0,0,0,0,1,0,1,0,0,0,0,1,0,0,0,0,0,0,0,0,0,0,0,1,0,0,0,0,0,0,0,0,0,0,1,0,0
30,0.9,200,0.45,0.7,930,TRUE,FALSE,2000,151,13,2,1,3,5,4,0,1,4,74,2,1,0,2,1,0,0,1,1,0,1,1,0,0,0,0,0,0,2,7,2,0,1,1,1,0,0,0,0,4,1,1,0,0,1,0,0,0,0,4,1,0,0,0,0,1,0,0,0,2,0,0,0,0,0,0,0,0,0,4,0,0,0,0,0,0,0,0,1,1,0,0,0,0,0,0,0,0,0,0
60,0.7,230,0.36,0.3,520,TRUE,TRUE,2000,149,17,0,0,0,5,1,1,1,4,77,4,0,0,0,2,2,2,1,0,2,1,0,0,1,0,0,0,0,0,6,4,0,0,0,1,0,0,1,0,3,1,0,0,1,0,0,1,0,1,3,0,0,0,0,0,0,0,0,0,3,0,0,0,0,1,0,0,0,0,1,0,0,0,0,0,0,0,0,0,2,0,0,0,0,0,0,0,0,0,0
40,0.6,120,0.68,0.6,460,FALSE,TRUE,2000,151,14,5,2,2,6,2,0,3,6,72,1,0,1,1,2,0,0,0,0,2,2,0,0,0,1,0,0,0,0,3,4,0,0,1,1,0,0,0,2,7,1,0,0,0,1,0,0,0,1,2,0,0,0,0,1,1,0,0,1,3,0,0,0,0,0,0,0,0,0,0,0,0,0,0,0,0,0,0,0,0,0,0,0,0,0,0,0,0,0,1
90,0.9,110,0.9,0.4,700,TRUE,TRUE,2000,150,15,1,1,1,6,2,2,0,4,77,4,1,0,0,1,0,1,0,0,1,1,0,0,1,0,0,0,1,2,7,1,0,0,0,0,0,0,0,0,5,0,0,0,1,1,0,0,0,1,2,1,0,0,0,0,1,0,0,0,2,0,1,0,0,1,0,0,0,0,1,0,0,0,0,0,0,1,0,1,1,0,0,0,0,0,0,0,0,0,1
10,0.8,140,0.86,0.3,200,TRUE,FALSE,2000,147,18,0,1,2,3,2,1,0,3,76,1,1,0,1,0,0,0,1,1,2,3,1,0,1,2,0,0,0,0,7,1,0,0,0,1,2,0,0,0,6,2,0,0,0,0,0,0,0,1,2,1,0,0,0,0,0,0,0,0,1,0,0,0,0,0,1,0,0,1,2,0,0,0,0,0,0,0,0,0,0,0,0,0,0,0,0,0,0,0,0
40,0.8,150,0.45,0.3,150,FALSE,TRUE,2000,149,19,0,1,4,3,2,2,1,4,69,5,1,0,0,0,1,1,0,0,3,3,0,1,0,0,0,1,0,0,8,2,0,1,0,2,0,0,0,0,1,2,0,0,0,0,0,1,0,0,0,1,0,0,0,0,1,0,0,0,5,0,0,0,0,0,0,0,0,0,3,0,0,0,0,0,0,0,0,0,2,0,0,0,0,0,0,0,0,0,0
10,0.6,250,0.57,0.8,780,FALSE,TRUE,2000,150,17,2,3,3,6,1,1,1,3,70,0,1,2,0,0,1,0,0,0,0,2,0,0,1,1,1,1,0,0,8,3,0,0,1,1,1,0,1,1,4,1,0,0,0,1,1,0,1,0,1,0,0,0,0,0,0,0,0,1,4,1,0,0,0,0,0,0,0,0,0,0,0,0,0,0,0,0,0,1,1,0,0,0,0,0,0,0,0,0,1
60,0.9,220,0.49,0.9,880,FALSE,TRUE,2000,152,15,0,1,3,5,2,1,1,4,73,5,0,0,0,3,0,0,1,0,1,2,0,0,0,1,1,0,0,0,7,3,1,0,0,0,0,0,2,1,6,0,0,0,1,0,0,0,0,0,0,1,0,1,0,0,0,0,0,0,3,0,0,0,0,0,1,0,0,0,2,2,0,0,0,0,1,0,0,0,2,0,0,0,0,0,0,0,0,0,0
10,0.8,230,0.68,0.5,800,FALSE,FALSE,2000,149,14,0,1,6,6,6,2,2,3,71,2,0,0,0,0,1,0,1,1,0,1,1,0,0,0,0,1,0,0,6,2,0,0,0,3,0,0,0,0,7,1,1,0,1,0,1,0,0,0,3,1,0,0,0,0,0,0,0,0,2,0,0,0,0,0,0,1,0,0,2,0,0,0,0,0,0,0,0,0,0,0,0,0,0,0,0,0,0,0,0
80,0.7,250,0.81,0.6,1000,TRUE,FALSE,2000,151,14,2,1,2,9,2,1,0,4,67,3,0,0,0,1,0,1,0,1,4,6,2,3,0,0,0,1,1,2,8,3,0,0,1,2,0,0,0,0,2,0,1,0,0,0,0,0,0,0,2,0,0,0,0,0,0,0,0,0,1,1,0,0,0,0,0,0,0,0,1,0,0,0,0,0,1,0,0,1,0,0,0,0,0,0,0,0,0,0,1
20,0.7,170,0.31,0.3,130,FALSE,FALSE,2000,148,18,0,1,4,2,3,3,2,2,68,5,1,0,0,0,0,0,0,1,3,3,0,0,0,1,0,1,0,0,8,2,0,1,2,0,0,0,0,0,8,0,0,0,0,0,1,0,0,0,0,2,0,0,0,1,0,0,0,0,1,2,0,0,0,0,0,1,0,0,0,0,0,0,0,0,0,0,0,0,2,0,0,0,0,0,0,0,0,0,0
70,0.7,250,0.64,0.3,710,FALSE,FALSE,2000,151,15,2,0,5,5,3,2,4,2,65,0,1,1,1,2,0,0,1,0,5,2,0,1,1,1,0,1,0,0,10,5,1,2,2,1,0,0,0,0,1,2,1,0,0,0,0,0,0,0,1,0,0,0,0,0,1,0,0,0,3,0,0,0,0,0,0,0,1,1,0,0,0,0,0,0,0,0,0,0,0,0,0,0,0,0,0,0,0,0,0
50,0.8,260,0.59,0.5,910,FALSE,FALSE,2000,149,20,1,0,1,3,1,1,1,3,74,2,0,0,1,0,1,2,0,0,1,2,0,0,1,1,1,1,1,0,8,2,0,0,0,1,0,0,0,1,3,2,0,0,0,0,0,0,0,0,2,1,2,0,0,0,0,1,0,0,3,0,0,0,0,0,1,0,0,0,0,1,0,0,0,0,0,0,0,0,2,0,0,0,0,0,0,0,0,0,1
30,0.8,120,1,0.7,230,FALSE,FALSE,2000,148,19,0,3,3,8,1,3,1,3,62,1,0,2,1,0,0,0,1,0,1,5,0,1,0,0,0,1,0,1,9,2,1,1,1,0,0,0,0,0,7,2,0,0,0,1,0,0,0,0,1,1,0,0,0,1,0,0,0,0,0,0,0,0,0,1,1,0,0,0,1,0,0,0,0,0,0,0,0,0,1,0,0,0,0,0,0,0,0,1,0
20,0.5,270,0.95,0.3,910,TRUE,FALSE,2000,150,18,2,1,4,9,1,0,2,4,61,1,1,0,1,0,1,0,1,2,2,4,0,0,1,2,0,0,1,1,6,3,1,0,2,1,1,0,0,0,6,1,0,0,0,1,0,1,0,0,2,2,0,0,0,0,1,0,0,0,3,0,0,0,0,0,0,0,0,0,0,0,0,0,0,0,0,0,0,0,0,0,0,0,0,0,0,0,0,0,0
50,0.6,160,1,0.9,950,TRUE,FALSE,2000,148,14,1,1,1,5,3,1,2,3,74,0,0,1,0,1,1,0,2,0,2,2,0,0,1,0,0,0,0,1,12,6,0,0,1,0,0,1,0,0,4,0,0,0,0,0,0,0,0,0,0,1,0,0,0,0,1,0,0,1,0,0,0,0,0,0,0,0,0,1,1,0,0,0,0,0,0,0,0,0,3,0,0,0,0,0,0,0,0,0,1
80,0.7,270,0.93,0.6,460,FALSE,FALSE,2000,149,16,2,1,6,7,5,1,1,8,56,2,0,0,0,0,1,1,2,0,1,0,0,1,1,2,0,0,0,0,6,1,0,0,1,2,0,0,0,0,4,1,0,1,0,0,0,0,0,2,3,4,0,0,0,0,0,1,0,0,3,0,0,0,0,1,0,0,0,0,1,0,0,1,0,0,0,1,0,0,1,1,1,0,0,0,0,0,0,0,0
70,0.6,240,0.83,0.8,790,TRUE,TRUE,2000,150,15,1,1,1,5,2,0,1,4,78,3,0,1,1,0,1,0,2,1,1,0,0,0,0,1,0,0,0,1,8,4,0,1,1,1,0,0,0,0,4,3,0,0,0,0,0,0,0,0,4,0,0,0,0,0,0,0,0,0,4,0,0,0,0,0,1,0,0,0,0,0,0,0,0,0,0,0,0,0,0,0,0,0,0,0,0,0,0,0,0
10,0.7,110,0.46,0.9,430,TRUE,TRUE,2000,148,19,0,1,3,6,2,0,0,3,67,3,0,1,0,1,2,0,1,0,0,2,0,0,0,0,2,0,0,0,8,3,0,1,0,1,0,0,0,0,11,3,0,0,0,0,0,0,0,1,0,0,0,0,0,0,0,0,0,1,2,2,0,0,0,0,0,0,0,0,0,0,0,0,0,0,1,0,0,0,0,0,0,0,0,0,0,0,0,0,2
10,0.5,190,0.84,0.3,840,TRUE,FALSE,2000,152,19,0,4,1,5,3,2,0,3,70,6,1,0,1,1,1,0,0,1,3,2,0,0,0,0,0,0,0,0,4,2,0,0,1,2,0,0,0,0,6,3,0,1,0,1,0,0,0,1,3,1,0,0,0,0,0,0,0,0,1,0,0,0,0,0,1,0,0,0,1,0,0,0,0,0,0,0,0,0,2,0,0,0,0,0,0,0,0,0,0
70,0.6,210,0.86,0.6,780,FALSE,TRUE,2000,150,17,0,1,4,2,4,0,4,4,73,2,0,0,0,2,0,0,1,0,3,3,0,0,1,1,1,0,0,0,7,2,0,1,1,2,0,0,0,1,5,1,1,0,1,0,0,0,0,0,1,0,0,0,0,0,1,0,0,1,1,0,0,0,0,0,0,0,0,0,1,0,0,0,0,1,0,0,0,0,0,0,0,0,0,0,0,0,0,0,0
20,0.7,190,0.38,0.6,300,FALSE,TRUE,2000,151,17,2,4,4,8,2,2,1,3,58,1,0,0,3,3,1,0,1,1,1,3,1,0,0,1,0,0,0,0,9,3,0,0,2,2,0,1,0,0,7,1,0,0,0,0,1,0,1,0,2,1,0,0,0,0,0,0,0,0,0,0,0,0,0,0,0,0,0,0,2,0,0,0,0,0,0,1,0,1,1,0,0,0,0,0,0,0,0,0,0
20,0.5,190,0.71,0.8,320,TRUE,TRUE,2000,153,12,2,2,1,3,2,2,0,6,75,7,0,2,0,0,0,0,0,0,2,2,1,0,0,0,1,0,1,0,8,2,0,0,0,2,0,0,0,0,7,1,0,0,0,1,0,2,1,0,3,0,0,0,0,0,0,0,0,0,3,1,0,0,0,0,0,0,0,0,1,0,0,0,0,1,0,0,0,0,0,0,0,0,0,0,0,0,0,0,0
30,0.6,200,0.67,0.4,130,TRUE,TRUE,2000,153,17,1,2,8,9,2,1,1,7,61,2,1,1,0,2,0,2,0,1,2,1,0,1,0,1,0,0,0,0,6,2,0,0,0,2,1,0,1,1,5,2,0,0,0,0,0,1,0,1,0,2,0,0,0,1,0,1,0,1,3,0,0,0,0,0,0,0,0,0,0,0,0,0,0,0,0,0,0,0,1,0,0,0,0,0,0,0,0,0,0
20,0.9,280,0.52,0.5,710,TRUE,TRUE,2000,151,18,0,2,4,10,1,1,0,7,63,4,0,1,1,0,0,0,0,0,4,2,1,1,0,0,0,0,2,0,5,2,0,0,0,1,1,0,0,0,7,2,0,0,1,0,0,0,0,1,0,0,0,0,0,0,0,0,0,1,4,0,0,0,0,0,0,0,0,0,0,1,0,0,0,1,1,0,0,0,1,0,0,0,0,0,0,0,0,0,0
30,0.9,200,0.46,0.5,750,TRUE,TRUE,2000,151,15,1,1,4,2,1,3,1,4,74,3,0,0,2,0,1,0,0,0,3,2,0,2,0,1,0,0,0,1,7,2,1,0,1,0,0,0,1,0,6,2,0,1,0,0,0,0,0,1,3,0,0,0,0,0,0,0,0,1,2,1,0,0,0,1,1,0,0,0,0,0,0,0,0,0,0,0,0,0,0,0,0,0,0,0,0,0,0,0,0
90,0.5,240,0.41,0.7,820,TRUE,FALSE,2000,150,19,1,1,8,4,3,3,2,3,63,4,1,2,1,0,1,1,0,0,2,0,0,0,0,0,0,1,1,1,3,5,0,0,0,1,0,0,0,0,5,2,0,0,1,1,0,0,0,0,1,0,0,0,0,0,0,0,0,0,3,0,0,0,0,1,0,0,0,0,0,0,0,0,2,0,0,0,0,1,1,0,0,0,0,0,0,0,1,0,1
90,0.5,220,0.75,0.7,670,FALSE,TRUE,2000,149,22,2,0,1,3,1,1,1,2,72,1,0,1,1,2,0,0,1,1,1,2,0,0,0,1,0,0,0,1,10,5,0,0,1,1,1,0,0,0,5,3,0,0,0,0,0,0,0,0,3,0,0,0,0,0,0,0,0,1,1,0,0,0,0,0,1,0,0,0,1,0,0,0,0,0,0,0,0,0,0,0,0,0,0,0,0,0,0,0,0
60,0.8,290,0.57,0.9,390,FALSE,TRUE,2000,154,13,1,4,2,6,3,3,1,4,78,2,0,3,0,0,0,0,0,1,1,0,0,1,0,1,0,0,0,0,4,3,0,0,0,4,2,0,1,0,7,1,0,0,0,0,0,0,0,0,4,0,0,0,0,0,0,0,0,0,1,0,0,0,0,0,0,0,0,0,1,0,0,0,0,0,0,1,0,1,0,0,0,0,0,0,0,0,0,0,1
70,0.5,220,0.39,0.6,770,FALSE,TRUE,2000,152,19,0,2,1,1,0,3,1,3,73,4,0,0,1,2,1,1,0,1,2,1,1,0,0,1,0,0,0,0,5,5,0,0,0,1,1,1,0,0,7,1,0,1,0,0,0,2,0,0,2,0,0,0,0,0,1,0,0,0,2,2,0,0,0,0,0,0,0,0,1,0,0,0,0,0,0,0,0,0,3,0,0,0,0,0,0,0,0,0,0
30,0.5,280,0.44,0.9,940,TRUE,FALSE,2000,156,16,1,1,7,2,4,2,3,6,68,0,4,1,1,1,0,1,0,2,1,2,0,1,0,0,0,0,0,0,3,2,1,1,0,1,0,0,0,0,10,0,0,0,1,0,0,0,0,0,1,1,0,0,0,0,1,0,0,0,3,1,1,0,0,1,0,0,0,0,2,1,0,0,0,0,1,1,0,0,0,0,0,0,0,0,0,0,0,0,0
90,0.6,100,0.35,0.5,860,TRUE,TRUE,2000,150,18,0,1,3,6,1,1,1,3,69,4,0,1,0,1,0,0,0,0,1,3,0,0,0,1,0,2,0,0,7,5,0,1,0,1,0,1,0,0,7,2,0,1,0,0,1,0,0,0,3,0,0,0,0,0,1,1,0,0,0,0,0,0,0,0,0,0,0,0,1,0,0,0,0,0,0,0,0,1,0,1,0,0,0,0,0,0,0,0,1
20,0.7,100,0.31,0.8,610,FALSE,FALSE,2000,148,17,2,1,2,4,3,1,1,2,71,3,0,0,1,4,0,0,0,0,1,1,0,0,0,2,0,1,0,0,8,6,0,1,1,0,0,0,0,1,3,1,0,0,1,1,0,0,1,1,2,0,0,0,0,0,0,0,0,0,2,0,0,0,0,0,0,1,0,0,0,0,0,0,0,0,0,0,0,0,2,0,0,0,0,0,0,0,0,0,0
20,0.8,180,0.98,0.3,1000,FALSE,FALSE,2000,148,13,0,2,6,2,6,2,2,5,61,1,2,2,2,1,2,0,2,0,2,3,0,0,1,0,0,0,0,1,7,2,0,0,1,0,0,0,0,0,5,1,0,0,0,0,0,0,0,0,1,1,0,1,0,0,0,0,0,1,3,1,0,0,1,1,0,0,0,0,1,1,0,0,0,0,0,0,0,0,2,1,0,0,0,0,0,0,0,0,0
70,0.7,140,0.95,0.9,920,TRUE,FALSE,2000,148,10,1,4,2,6,2,0,1,4,73,3,2,0,0,1,1,2,0,1,1,3,1,0,0,0,0,0,1,1,5,2,0,0,1,2,0,0,0,0,8,1,0,0,1,0,0,0,0,0,0,1,0,0,0,0,2,0,0,0,1,0,0,0,0,0,0,0,0,0,1,1,0,0,0,0,0,0,0,0,2,0,0,0,0,0,0,0,0,1,0
90,0.9,270,0.44,0.5,810,TRUE,FALSE,2000,150,12,1,1,0,6,2,1,1,3,83,2,0,1,1,0,1,1,0,0,4,4,0,0,1,0,0,0,0,1,5,0,0,0,1,1,0,0,0,0,3,0,0,0,2,0,0,0,0,0,4,0,0,0,0,0,0,0,0,0,3,0,0,0,0,0,1,0,0,0,2,1,0,0,0,0,0,0,0,0,2,0,0,0,0,0,0,0,0,0,0
80,0.9,300,0.53,0.5,170,FALSE,FALSE,2000,151,17,0,3,4,6,3,2,1,9,61,3,1,0,0,3,0,0,0,0,2,1,0,0,0,0,1,1,0,0,5,3,0,0,2,1,0,0,0,0,6,2,1,1,0,0,0,0,1,0,1,2,0,0,0,0,0,0,0,1,3,0,0,0,0,0,0,0,0,0,2,0,0,0,0,0,0,0,0,0,2,0,0,0,0,1,0,0,0,0,0
60,0.5,280,0.65,0.8,380,TRUE,FALSE,2000,150,16,2,1,3,4,2,2,2,9,66,3,1,0,1,2,1,0,0,2,1,1,0,1,0,0,0,0,1,0,7,4,0,0,0,1,0,0,0,0,4,0,1,0,0,2,0,0,0,0,0,1,0,0,0,0,1,0,0,0,2,0,0,0,0,0,0,0,0,0,2,1,0,0,0,0,0,0,0,0,3,0,0,0,0,0,0,0,0,1,0
90,0.8,220,0.59,0.8,930,FALSE,FALSE,2000,151,21,1,0,0,3,1,1,0,3,78,1,0,1,1,0,0,0,0,0,2,2,0,0,1,1,0,2,1,1,7,5,0,0,1,1,0,0,0,0,7,2,0,0,0,0,0,0,0,0,2,1,0,0,0,0,1,0,0,1,3,0,0,0,0,0,0,0,0,0,0,0,0,0,0,0,0,0,0,0,0,0,0,0,0,0,0,0,0,0,0
100,0.5,270,0.62,0.5,390,TRUE,TRUE,2000,152,19,1,1,6,4,2,2,4,1,63,2,0,0,0,1,0,0,1,1,0,5,0,0,4,0,1,0,0,1,8,2,0,0,1,0,0,1,0,1,9,1,0,1,0,1,1,0,0,0,2,2,0,0,0,0,0,0,0,0,1,0,0,0,0,0,0,0,0,0,0,0,0,0,1,0,0,0,0,0,0,0,0,0,0,0,0,0,1,0,1
90,0.6,270,0.74,0.9,930,TRUE,TRUE,2000,152,7,3,2,3,4,1,4,4,2,83,2,0,1,0,0,0,0,1,0,5,0,1,0,0,1,0,0,0,0,5,1,1,0,0,0,0,0,0,0,5,2,0,0,1,0,0,0,0,0,2,0,0,0,1,0,0,0,0,0,0,0,1,0,0,2,0,0,0,0,5,1,0,0,0,0,0,0,0,1,1,0,0,0,0,0,0,0,0,0,0
70,0.7,190,0.59,0.7,410,TRUE,TRUE,2000,152,17,2,2,1,6,0,2,0,4,70,2,0,3,1,0,2,0,1,0,1,4,0,0,0,1,0,0,0,0,11,3,0,0,1,1,1,0,0,0,7,2,0,0,1,0,1,0,1,0,2,1,0,0,0,0,0,0,0,0,1,0,0,0,0,0,0,1,0,0,0,0,0,0,0,0,0,0,0,0,0,0,0,0,0,0,0,0,0,0,0
80,0.5,220,0.34,0.4,550,TRUE,FALSE,2000,151,14,0,0,3,3,3,0,0,2,77,3,1,0,2,1,1,1,0,1,5,2,0,0,0,0,1,0,0,0,9,4,0,0,0,1,0,0,0,0,7,1,0,0,0,0,0,0,0,0,1,1,0,0,0,0,0,0,0,0,4,0,0,0,0,0,1,0,0,0,0,0,0,0,0,0,0,0,0,0,1,0,0,0,0,0,1,0,0,1,0
80,0.9,250,0.88,0.7,850,FALSE,TRUE,2000,149,21,2,1,3,6,1,0,0,4,65,3,0,1,1,1,0,1,0,0,4,0,0,0,0,0,1,0,1,1,10,3,0,0,1,1,0,0,0,0,6,2,1,0,0,0,1,0,0,1,0,2,0,0,0,0,1,0,0,0,1,0,0,0,0,0,0,0,0,0,1,0,0,0,0,0,1,0,0,0,1,0,0,0,0,0,0,0,0,0,0
80,0.9,220,0.54,0.9,260,FALSE,FALSE,2000,151,15,1,2,7,4,3,1,1,7,63,0,0,0,1,1,0,0,2,1,3,4,0,2,0,1,1,0,0,0,7,3,0,0,1,0,0,1,0,3,6,1,1,0,0,0,0,0,0,0,0,1,0,0,0,0,1,0,0,0,2,0,0,0,0,0,1,0,0,0,1,0,0,0,0,0,0,0,0,0,3,0,0,0,0,0,0,0,0,0,0
50,0.5,300,0.87,0.3,660,FALSE,FALSE,2000,152,18,2,2,3,5,1,0,0,5,64,5,0,2,0,0,1,1,0,0,2,5,0,0,0,1,0,0,1,1,9,4,0,0,2,0,0,0,0,0,6,1,0,0,0,0,0,1,0,0,0,1,0,0,0,0,0,0,1,0,3,0,0,0,0,1,0,0,0,0,0,0,0,0,0,0,0,1,0,1,2,0,0,0,0,0,0,0,0,0,1
90,0.6,210,0.71,0.3,180,TRUE,FALSE,2000,150,20,1,2,5,6,3,1,1,2,67,2,2,0,3,0,0,0,1,0,0,3,0,0,0,0,0,2,0,0,9,2,0,1,1,0,0,0,0,0,3,2,0,0,0,0,0,0,0,0,0,1,1,0,0,1,0,0,0,0,1,1,0,1,0,0,0,0,0,0,1,0,0,0,0,0,0,1,0,0,3,0,0,0,0,0,0,0,0,0,1
70,0.8,200,0.49,0.5,310,FALSE,TRUE,2000,150,20,0,2,1,3,2,0,0,3,71,2,0,0,2,1,0,0,1,2,2,5,1,0,0,1,0,2,0,0,7,3,1,0,0,1,0,0,0,1,4,2,0,0,0,0,0,0,0,0,2,1,0,0,0,0,0,1,0,0,2,1,0,0,0,0,0,0,0,1,2,0,0,0,0,0,0,0,0,0,0,0,0,0,0,0,0,0,0,0,1
100,0.6,300,0.58,0.9,630,FALSE,FALSE,2000,152,10,2,2,3,8,2,2,2,4,74,1,2,1,0,0,0,0,0,1,4,0,0,0,0,0,1,1,0,0,7,3,1,1,0,0,0,0,1,1,6,0,0,0,1,0,0,0,0,2,1,0,0,0,0,0,0,0,1,0,2,1,0,0,0,0,0,0,0,0,2,0,0,0,0,0,1,0,0,0,2,0,0,0,0,0,0,0,0,0,0
70,0.5,150,0.61,0.4,950,TRUE,FALSE,2000,149,21,1,1,3,2,2,0,0,5,70,3,1,0,1,1,0,0,1,0,1,2,0,1,3,0,0,0,0,1,10,2,1,0,1,1,0,1,0,0,5,1,0,0,0,0,0,0,0,0,1,0,0,0,1,0,1,0,0,0,1,1,0,0,0,0,0,0,1,0,1,0,0,0,0,1,0,0,0,0,0,0,0,0,0,0,0,0,0,0,0
40,0.9,210,0.56,0.4,280,TRUE,FALSE,2000,149,13,1,1,4,3,3,2,2,3,73,2,1,0,1,0,1,1,0,0,2,3,0,1,1,0,0,0,0,2,7,3,0,0,1,1,0,1,0,0,2,1,0,1,0,0,0,0,0,0,5,0,0,0,0,1,0,1,0,0,2,0,0,0,0,1,0,0,0,0,1,0,0,0,0,0,0,0,0,0,1,0,0,0,0,0,0,0,1,0,0
100,0.8,280,0.56,0.7,170,FALSE,FALSE,2000,147,15,1,2,2,2,2,2,1,2,76,1,0,0,1,0,1,0,1,0,2,3,1,0,0,0,0,1,0,0,9,1,1,0,2,0,2,0,0,0,8,0,0,0,0,0,0,1,0,0,1,1,0,0,0,0,0,0,0,0,1,0,0,0,0,0,0,0,0,0,0,0,0,0,0,1,0,0,0,1,1,0,0,0,0,0,0,0,0,0,2
80,0.5,280,0.96,0.5,1000,FALSE,TRUE,2000,149,13,1,0,2,8,2,0,0,5,70,3,1,2,1,0,0,0,2,0,2,2,0,0,1,0,0,1,0,1,11,4,0,0,1,0,0,0,0,0,6,1,0,0,0,2,0,0,1,0,0,1,0,1,0,1,1,0,0,0,2,0,0,0,0,0,0,0,0,0,1,0,0,0,0,0,0,0,0,0,0,0,0,0,0,0,0,0,0,0,0
20,0.8,210,0.33,0.9,110,TRUE,FALSE,2000,150,21,0,1,4,1,2,2,3,2,70,2,0,0,0,3,1,0,0,0,1,1,0,0,1,1,0,1,0,0,6,2,0,0,0,0,0,1,0,0,11,2,0,0,1,1,0,0,0,0,1,1,0,0,1,0,0,0,0,2,3,0,0,0,1,0,0,0,0,0,0,0,0,0,0,0,0,0,0,0,1,0,0,0,0,0,0,0,0,0,0
40,0.9,220,0.77,0.8,790,FALSE,FALSE,2000,149,11,2,2,0,12,1,1,0,3,71,4,1,0,2,0,1,0,0,0,3,1,0,0,0,2,0,0,0,0,10,1,0,0,0,0,0,1,2,0,8,2,0,0,0,0,0,1,0,0,1,1,0,0,0,1,1,0,0,0,1,0,0,0,0,0,0,0,0,0,0,0,0,0,0,0,0,0,0,1,1,0,0,0,0,1,0,0,0,0,0
50,0.7,110,0.54,0.7,140,FALSE,FALSE,2000,147,15,0,2,0,4,1,0,0,3,75,5,1,0,0,2,1,2,1,0,1,4,0,0,0,1,0,1,0,0,8,1,0,0,0,1,0,0,0,0,9,0,0,0,0,0,1,0,0,1,3,1,0,0,0,0,0,1,0,0,1,0,0,0,0,0,1,0,0,0,0,1,0,0,0,0,0,0,0,0,0,0,0,0,0,0,0,0,0,0,0
30,0.8,240,0.96,0.5,530,TRUE,TRUE,2000,149,16,0,1,3,0,2,0,2,3,77,2,0,1,1,1,0,0,0,1,0,6,0,1,0,1,1,0,2,0,7,3,0,0,0,0,0,0,0,0,4,4,0,0,0,0,1,0,0,0,1,0,0,0,0,0,0,0,0,1,2,0,0,0,0,1,0,0,0,0,1,0,0,0,0,0,0,0,0,0,3,0,0,0,0,0,0,0,0,0,1
20,0.7,130,0.34,0.4,870,TRUE,FALSE,2000,149,16,3,2,4,7,0,2,0,2,70,1,0,0,4,2,1,0,0,0,2,2,0,0,0,1,0,0,0,1,9,2,0,0,1,0,1,1,0,0,4,2,0,0,1,0,1,0,0,0,2,0,0,0,0,1,0,0,0,0,0,0,0,0,0,0,0,1,1,0,0,1,0,0,0,0,0,0,0,1,0,0,0,0,0,0,0,0,0,0,1
10,0.6,100,0.52,0.6,200,TRUE,TRUE,2000,148,15,1,3,1,5,3,0,1,3,70,2,0,2,0,1,0,0,1,0,3,4,0,0,2,0,2,0,0,1,7,4,0,0,0,1,0,0,0,0,5,0,0,0,0,0,0,0,1,1,2,0,0,0,1,0,0,0,0,1,1,1,0,0,0,0,0,1,0,0,0,0,0,0,0,0,0,0,0,1,2,0,0,0,0,0,0,0,0,0,0
70,0.7,130,0.44,0.6,750,TRUE,TRUE,2000,151,15,2,1,2,6,1,0,1,3,74,3,1,0,0,1,0,1,0,1,3,2,1,0,0,0,0,1,1,2,9,2,0,1,0,1,0,0,0,1,7,2,1,0,0,0,0,0,0,0,1,0,0,0,0,0,0,0,0,0,2,0,0,0,0,0,1,0,0,0,0,0,0,0,0,0,0,0,0,0,2,0,0,0,0,0,0,0,0,0,0
60,0.7,230,0.35,0.4,420,FALSE,TRUE,2000,151,15,2,2,3,7,2,0,4,2,71,0,0,1,0,0,1,1,1,0,1,3,0,0,0,0,1,1,0,0,6,1,1,0,3,0,1,0,1,0,8,1,0,0,0,0,0,1,0,0,1,0,0,0,0,0,0,0,1,1,1,0,0,0,0,1,0,0,0,0,0,0,0,0,0,0,0,1,0,2,2,0,0,0,0,0,0,0,0,0,1
50,0.7,150,0.69,0.6,700,TRUE,TRUE,2000,151,14,1,0,1,10,2,0,1,4,75,1,1,1,0,0,1,0,0,0,4,2,0,0,1,0,1,0,1,0,7,2,0,0,0,1,0,0,0,0,7,2,0,0,0,0,0,0,0,2,2,0,0,0,0,1,0,0,0,1,1,1,0,0,0,0,0,0,0,0,0,1,0,1,0,0,0,1,0,0,1,0,0,0,0,0,0,0,0,0,0
10,0.7,280,0.49,0.9,450,FALSE,FALSE,2000,152,19,0,0,3,2,3,1,2,3,71,2,0,1,1,1,0,0,1,1,6,5,0,1,0,0,1,0,0,0,8,2,1,0,1,1,1,0,0,0,4,1,0,0,1,2,0,0,0,0,3,0,0,0,0,0,0,0,0,0,1,0,0,0,0,0,1,0,0,0,0,0,0,0,0,0,0,0,0,1,1,0,0,0,0,0,0,0,0,0,0
90,0.6,120,0.43,0.8,480,TRUE,TRUE,2000,156,16,3,4,6,5,2,1,0,2,73,1,1,1,1,1,0,0,0,0,2,1,0,0,1,1,1,0,0,0,5,6,0,0,0,1,0,0,1,1,4,0,0,0,1,1,0,0,0,0,2,0,0,0,0,0,1,0,0,0,1,0,0,0,0,0,0,0,0,1,4,0,0,0,0,0,0,1,0,1,1,0,0,0,0,0,0,0,0,1,1
30,0.6,300,0.44,0.3,140,FALSE,TRUE,2000,154,17,0,1,0,4,2,1,0,4,74,1,1,0,1,0,1,1,0,1,4,3,0,0,0,2,2,0,0,1,10,7,2,0,1,0,0,0,0,1,5,0,0,0,0,0,1,0,0,0,2,0,0,0,0,0,1,0,0,0,1,0,0,0,0,0,0,0,0,0,1,1,0,0,0,0,0,0,0,0,1,0,0,0,0,0,0,0,0,0,0
80,0.5,100,0.79,0.5,710,FALSE,FALSE,2000,150,15,0,0,5,2,4,0,3,4,72,1,0,1,1,2,0,0,0,0,3,2,2,0,1,2,0,0,0,1,11,2,0,0,1,0,1,0,0,0,4,1,0,0,0,0,0,0,0,1,0,0,0,0,0,0,0,0,0,1,3,0,0,0,0,0,0,0,0,0,1,1,0,0,0,0,1,0,0,0,2,0,0,0,0,0,0,0,0,0,0
40,0.6,100,0.75,0.3,750,TRUE,TRUE,2000,150,16,2,2,3,4,2,2,1,7,63,3,0,4,2,0,1,0,0,0,2,3,0,0,0,1,0,0,1,0,5,3,0,0,2,0,0,0,0,0,4,2,1,0,0,0,0,0,0,0,6,1,0,0,0,0,0,0,0,0,2,1,0,0,0,0,0,0,0,0,1,0,0,0,0,0,1,0,0,1,2,0,0,0,0,0,0,0,0,0,0
90,0.6,180,0.65,0.5,110,FALSE,TRUE,2000,150,9,2,3,2,5,6,3,4,1,78,0,2,1,0,0,1,0,0,0,3,0,0,1,0,1,0,0,0,0,7,0,2,1,0,0,0,0,0,1,5,2,0,0,0,0,1,0,0,0,3,0,0,1,0,0,0,1,0,0,1,0,0,0,0,0,0,0,0,0,0,0,0,0,0,0,0,0,0,0,3,0,0,0,0,0,0,0,0,0,1
60,0.9,260,0.5,0.5,440,TRUE,TRUE,2000,152,19,0,3,2,4,2,1,1,2,73,4,0,0,2,0,2,0,1,1,3,1,1,0,0,0,0,0,0,0,5,2,0,0,0,1,0,0,0,0,7,3,0,0,0,1,0,0,0,0,0,1,0,0,0,0,1,0,0,0,3,0,0,0,0,0,0,0,0,0,0,0,0,0,0,1,1,1,0,0,4,0,0,0,0,0,0,0,0,0,0
30,0.6,250,0.33,0.9,120,FALSE,TRUE,2000,149,12,1,2,1,10,2,0,0,10,65,4,1,0,1,1,1,1,1,0,2,1,0,0,0,0,0,0,0,0,9,3,0,0,1,0,0,0,1,0,5,1,1,1,0,2,0,0,0,0,3,0,0,0,0,0,1,0,0,0,0,1,0,0,0,0,1,0,0,2,1,0,0,0,0,0,0,0,0,0,1,0,0,0,0,0,0,0,0,0,0
40,0.9,200,0.81,0.6,190,FALSE,FALSE,2000,151,19,0,1,1,3,2,3,0,3,77,0,0,0,0,1,1,0,1,0,1,1,1,0,1,1,0,2,0,1,9,3,0,0,0,1,0,0,0,0,11,1,1,1,0,0,0,0,0,0,1,0,0,0,0,0,0,0,0,0,2,1,0,0,0,0,0,0,0,0,0,0,0,0,0,0,0,1,0,0,0,0,0,0,0,0,0,0,0,0,0
50,0.8,210,0.44,0.8,810,TRUE,FALSE,2000,152,13,2,2,4,6,2,2,1,6,74,0,1,1,0,0,0,0,1,0,3,0,0,0,0,0,0,0,0,0,7,1,0,0,1,2,0,1,0,1,8,1,2,0,0,0,0,0,1,0,3,0,0,0,0,0,0,0,0,0,4,0,0,0,0,1,1,0,0,0,1,0,0,0,0,0,0,0,0,0,0,0,0,0,0,0,0,0,0,0,0
80,0.6,250,0.36,0.5,350,FALSE,FALSE,2000,152,17,2,0,4,5,2,1,2,3,65,7,0,1,0,0,1,0,1,1,1,3,1,0,0,0,2,0,0,0,10,1,1,2,0,1,0,1,0,1,5,3,0,0,0,0,0,0,0,1,1,0,0,0,0,0,0,0,0,0,1,0,0,0,0,0,0,0,0,0,1,1,0,0,0,1,0,0,0,1,2,0,0,0,0,0,0,0,0,0,0
20,0.8,270,0.87,0.4,510,TRUE,TRUE,2000,150,18,1,4,1,4,2,0,0,5,72,1,2,0,1,0,0,0,0,0,2,3,0,0,0,0,1,0,2,0,8,2,0,0,0,4,0,0,0,0,3,2,0,0,0,1,1,0,0,0,3,0,0,0,0,0,0,0,0,0,2,0,0,0,0,0,0,0,0,1,1,1,0,0,0,0,1,0,0,0,2,0,0,0,0,0,0,0,0,0,0
40,0.8,200,0.84,0.8,230,FALSE,TRUE,2000,151,12,4,0,4,3,4,1,2,5,75,1,2,0,0,2,1,0,0,0,2,3,0,1,0,0,0,0,1,1,7,3,0,0,0,1,0,0,0,0,4,1,0,0,1,0,0,1,0,0,4,0,0,0,0,0,0,0,0,0,3,0,0,0,0,0,0,0,0,0,0,0,0,0,0,0,0,0,0,0,2,0,0,0,0,1,0,0,0,0,0
10,0.7,290,0.82,0.6,710,FALSE,TRUE,2000,150,18,1,2,1,3,0,1,0,2,73,4,0,1,0,0,0,1,0,0,4,2,0,0,0,0,0,0,0,1,10,4,0,1,1,1,1,0,0,0,5,2,1,0,1,1,0,0,0,0,1,1,0,0,0,0,0,1,0,0,4,0,0,0,0,0,0,0,0,0,1,0,0,0,0,0,1,0,0,0,0,0,0,0,0,0,0,0,0,0,0
90,0.8,130,0.85,0.8,320,FALSE,FALSE,2000,149,16,1,2,1,3,3,1,2,1,73,3,1,1,1,0,0,1,1,0,2,3,0,0,0,1,0,0,0,0,9,2,0,0,1,0,0,0,0,1,4,2,0,0,0,0,0,0,0,0,1,1,0,0,1,0,0,0,1,0,1,1,0,0,0,1,1,0,0,0,1,0,0,0,0,0,0,0,0,0,2,0,0,0,0,0,0,0,0,2,1
70,0.7,210,0.49,0.7,800,FALSE,FALSE,2000,148,12,0,3,3,7,1,5,2,4,63,4,1,0,0,1,4,0,0,0,2,1,1,0,1,1,0,1,0,1,8,3,0,1,1,1,0,0,0,0,6,0,1,1,0,1,0,0,0,0,2,1,0,0,0,0,0,0,0,0,2,0,0,1,0,1,0,0,0,0,0,0,0,0,0,0,0,0,0,0,1,0,0,0,0,0,0,0,0,0,0
20,0.8,140,0.39,0.9,190,FALSE,TRUE,2000,146,14,1,1,1,4,0,4,2,2,75,2,0,0,2,0,1,1,1,1,1,1,0,0,0,1,0,0,0,0,8,4,0,0,1,0,0,0,0,0,3,0,0,1,0,1,2,0,0,0,4,1,0,0,0,0,0,0,0,0,3,0,0,0,0,0,0,0,0,0,2,0,0,0,0,1,0,0,0,0,1,0,0,0,0,0,0,0,0,0,0
100,0.5,290,0.52,0.9,960,TRUE,FALSE,2000,150,18,2,1,6,6,2,0,2,4,62,1,0,0,1,1,2,0,1,2,3,4,0,0,0,2,0,1,0,0,8,4,0,0,1,1,0,0,0,0,2,0,0,0,1,1,0,0,0,0,0,3,0,0,0,0,0,0,0,0,1,0,0,0,0,0,1,0,0,0,2,1,0,0,0,0,0,0,0,2,1,0,0,0,0,0,0,0,0,0,1
80,0.9,160,1,0.8,640,FALSE,FALSE,2000,150,17,2,2,4,7,3,1,1,8,62,3,1,0,0,1,1,0,0,0,4,2,0,1,1,0,0,0,0,0,7,0,0,0,1,1,0,0,0,1,4,2,1,0,0,0,0,0,1,1,1,1,1,1,1,0,0,0,0,1,2,0,0,0,0,1,0,0,0,1,1,0,0,0,0,0,0,0,0,0,0,0,0,0,0,0,0,0,0,0,0
20,0.7,270,0.86,0.8,320,FALSE,TRUE,2000,149,8,4,0,3,3,1,3,2,3,73,4,0,1,0,2,0,0,0,0,2,1,1,0,0,1,2,0,0,0,10,2,0,0,0,1,0,0,0,0,8,1,0,1,0,0,0,0,0,0,4,0,0,0,0,0,0,1,1,1,2,0,0,0,0,1,0,0,0,0,1,0,0,0,0,0,0,0,0,0,1,0,0,0,0,0,0,0,0,0,1
10,0.5,200,0.32,0.7,190,FALSE,FALSE,2000,149,16,1,0,4,5,3,0,1,3,72,2,0,0,0,2,1,0,0,0,1,0,1,0,1,0,0,0,1,0,13,3,0,1,0,0,1,0,0,0,4,1,1,0,1,1,0,0,0,1,3,0,0,0,1,0,0,0,0,1,0,1,0,0,0,1,0,0,0,0,0,0,0,0,0,0,0,0,1,0,0,0,0,0,0,0,0,0,0,0,1
70,0.9,100,0.7,0.9,350,FALSE,FALSE,2000,149,18,1,0,3,4,1,4,3,2,71,2,1,0,0,1,0,0,0,1,1,1,0,0,0,0,1,0,0,0,6,4,0,0,1,0,0,0,0,1,3,2,0,1,0,3,0,0,0,1,5,0,0,0,0,0,0,0,0,0,2,0,0,0,0,0,0,0,0,0,2,1,0,0,0,1,0,0,0,0,1,0,0,0,0,0,0,0,0,0,1
20,0.6,230,0.93,0.5,190,TRUE,FALSE,2000,150,20,0,1,1,3,1,2,1,3,73,3,0,1,1,0,2,1,1,0,1,2,0,0,1,0,0,0,0,0,9,7,0,0,0,1,0,0,0,1,4,0,1,0,0,0,0,0,0,0,3,0,0,0,0,1,1,0,0,0,2,0,0,0,0,0,0,0,0,0,2,0,0,0,0,0,0,0,0,1,0,0,0,0,0,0,0,0,0,0,0
50,0.7,210,0.84,0.6,420,TRUE,TRUE,2000,152,18,1,1,4,3,4,1,1,4,70,2,1,1,0,1,2,1,0,1,1,2,0,0,1,0,0,0,0,0,8,1,0,0,1,1,0,0,0,1,4,4,0,0,1,1,0,1,0,0,2,2,0,0,0,1,0,0,0,0,4,0,0,0,0,0,0,0,0,0,1,0,0,0,0,0,0,0,0,0,0,0,0,0,0,0,0,0,0,0,0
50,0.9,150,0.83,0.9,960,TRUE,TRUE,2000,150,15,0,1,1,3,2,2,0,2,79,0,1,1,1,0,0,0,0,0,4,3,0,0,0,1,1,0,0,0,8,2,0,0,0,0,0,0,0,3,8,3,0,1,1,0,0,0,0,0,2,0,0,0,0,0,0,0,0,0,2,0,0,0,0,0,1,0,0,0,1,0,0,0,0,0,0,0,0,0,2,0,0,0,0,0,0,0,0,0,0
80,0.9,230,0.48,0.6,510,TRUE,FALSE,2200,146,10,2,2,5,7,5,2,2,5,65,0,0,0,3,0,1,1,1,1,0,0,0,0,0,1,0,0,0,0,8,2,0,0,0,0,0,0,0,2,7,2,1,0,0,0,1,0,0,0,1,0,0,0,2,0,1,0,0,0,2,0,0,0,0,1,1,0,0,0,0,0,0,0,0,0,0,0,0,1,1,0,0,0,0,0,0,0,0,0,1
50,0.6,150,0.93,0.8,410,TRUE,FALSE,2200,146,17,0,1,0,2,3,1,1,3,72,2,0,0,0,1,0,0,1,2,3,2,1,1,1,0,1,0,0,0,10,1,0,0,1,0,0,0,0,0,6,0,0,0,0,1,1,0,0,0,3,1,2,0,0,0,0,0,0,0,2,0,0,0,0,0,1,0,0,0,0,0,1,0,0,0,0,0,0,0,2,0,0,0,0,0,0,0,0,0,0
60,0.8,210,0.43,0.6,830,FALSE,FALSE,2200,142,9,0,2,3,4,2,1,3,3,79,3,0,0,0,1,0,0,0,0,1,0,0,1,0,2,0,0,0,1,7,2,1,0,0,2,0,0,0,0,6,0,0,0,1,0,0,0,0,0,4,1,0,0,0,0,1,0,0,1,1,0,0,0,0,0,0,0,0,0,1,0,0,0,0,0,0,0,0,0,0,0,0,0,0,0,0,0,0,0,0
80,0.5,130,0.77,0.6,810,FALSE,TRUE,2200,141,14,1,0,2,6,2,1,0,3,69,3,3,1,0,0,0,1,0,2,0,1,0,0,1,0,0,1,0,0,7,2,0,0,0,0,0,0,1,0,6,2,1,0,1,0,0,0,0,2,1,0,0,0,0,0,0,2,0,0,0,0,0,0,0,0,0,0,0,0,1,1,0,1,0,0,0,0,0,0,3,0,0,0,0,0,0,0,0,0,0
40,0.9,120,0.42,0.3,700,FALSE,TRUE,2200,136,2,3,3,6,7,4,4,0,5,71,0,0,0,0,0,0,1,0,0,2,0,0,0,0,1,0,0,1,1,4,0,0,0,1,3,0,0,1,1,8,1,0,0,0,0,0,0,0,0,2,0,0,0,0,0,0,0,0,0,2,0,0,0,0,1,0,0,0,0,0,0,0,0,0,0,0,0,1,0,0,0,0,0,0,0,0,0,0,1,0
80,0.7,220,0.86,0.9,830,TRUE,FALSE,2200,146,13,2,1,2,5,0,0,1,4,79,3,1,0,0,1,0,0,0,0,4,3,0,0,1,0,0,0,0,0,4,1,0,3,0,1,0,0,0,0,6,1,0,0,0,0,1,2,0,0,1,0,0,0,0,0,0,0,0,0,1,0,0,0,0,1,1,0,0,0,0,0,0,0,0,0,0,0,0,0,2,0,0,0,0,0,0,0,0,1,1
90,0.8,130,0.47,0.7,280,TRUE,TRUE,2200,146,13,1,0,4,4,3,0,1,3,77,2,0,0,0,0,0,1,0,0,2,2,1,0,1,1,0,1,0,0,7,2,1,0,0,1,0,0,0,2,6,1,0,0,0,0,0,0,0,3,3,0,0,0,0,1,0,0,0,0,2,0,0,0,0,1,0,0,0,0,0,0,0,0,0,0,0,0,0,0,0,0,0,0,0,0,0,0,0,0,0
20,0.6,300,0.71,0.8,570,TRUE,FALSE,2200,146,12,1,1,3,10,3,0,1,6,64,0,1,0,0,3,0,0,0,0,3,2,0,0,1,1,1,0,3,0,6,3,0,1,0,0,1,0,0,2,6,1,0,0,1,0,0,0,0,0,2,2,0,0,0,0,0,0,0,0,3,0,0,0,0,0,1,0,0,0,2,0,0,0,0,0,0,0,0,0,0,0,0,0,0,0,0,0,0,0,0
60,0.8,220,0.86,0.8,950,FALSE,FALSE,2200,141,6,3,1,2,3,2,1,4,2,76,1,0,1,0,0,0,1,1,0,2,1,1,0,1,1,0,0,0,0,4,2,1,0,0,0,0,0,0,1,12,2,0,1,0,1,0,0,0,0,3,0,0,0,0,0,0,0,0,0,1,0,0,0,0,0,2,0,0,0,1,0,0,0,0,0,0,0,0,0,0,0,0,0,0,0,0,0,0,0,1
30,0.5,120,0.8,0.4,650,TRUE,FALSE,2200,143,3,3,6,3,5,2,1,1,3,77,0,1,0,0,0,1,1,1,1,2,0,0,0,0,2,0,1,0,1,11,1,1,0,0,1,1,0,0,0,4,0,0,0,0,0,0,0,1,0,1,1,0,0,0,0,1,0,0,0,1,0,0,0,0,0,0,0,0,0,0,0,0,0,1,1,0,0,0,0,2,0,0,0,0,0,0,0,0,0,0
20,0.5,270,0.32,0.3,920,FALSE,FALSE,2200,142,6,3,2,2,6,1,3,1,5,79,0,0,0,0,1,0,0,0,0,2,0,2,0,0,0,0,0,0,0,16,1,0,0,2,0,0,0,0,0,5,1,1,0,0,0,0,0,0,0,0,0,0,0,0,0,0,0,0,0,0,0,0,0,0,0,0,0,0,0,2,0,0,0,0,0,0,0,0,0,0,0,0,0,0,0,1,0,0,1,0
80,0.7,220,0.92,0.5,820,TRUE,FALSE,2200,142,12,1,0,4,4,2,1,2,3,70,4,1,0,0,0,1,0,0,0,3,4,0,0,2,0,0,0,0,1,9,2,0,0,0,1,1,0,0,1,5,0,0,0,0,0,0,1,0,0,0,0,0,0,0,0,0,0,0,0,2,0,0,0,0,0,1,0,0,0,2,0,0,0,0,0,0,0,0,1,1,1,0,0,0,0,0,0,0,0,0
90,0.6,250,0.44,0.3,530,FALSE,FALSE,2200,149,14,0,1,5,10,2,0,2,4,66,0,1,1,0,0,4,3,0,0,5,3,0,1,0,2,0,0,0,0,5,2,0,0,1,0,0,0,0,0,2,0,1,0,0,3,0,0,0,0,2,1,0,0,1,0,0,0,0,0,2,1,0,0,0,0,0,0,0,0,0,0,0,1,0,0,1,0,0,1,1,0,0,0,0,0,0,0,0,1,0
30,0.9,200,0.45,0.7,930,TRUE,FALSE,2200,138,1,4,2,2,5,3,0,2,4,80,1,1,0,1,1,0,0,0,0,0,1,0,0,1,1,0,0,0,0,11,0,0,0,2,0,0,0,0,0,8,0,0,0,0,0,0,0,1,0,4,0,0,0,0,0,0,1,0,0,1,0,0,0,0,0,0,0,0,0,0,0,0,0,0,0,0,0,1,0,0,0,0,0,0,0,0,0,0,0,0
60,0.7,230,0.36,0.3,520,TRUE,TRUE,2200,146,9,1,3,2,11,0,1,3,5,76,1,0,0,0,0,1,1,0,0,2,0,0,0,1,1,0,0,0,0,5,2,0,1,0,0,0,0,0,1,6,1,0,0,0,0,0,0,1,1,5,0,1,0,0,0,0,0,0,0,0,0,0,0,0,0,0,0,0,0,2,0,0,0,0,1,0,0,0,0,1,0,0,0,0,1,0,0,0,0,0
40,0.6,120,0.68,0.6,460,FALSE,TRUE,2200,146,13,1,2,2,5,5,2,1,4,67,3,0,1,1,0,2,0,0,0,1,1,0,0,1,1,1,0,0,0,9,4,0,0,1,3,1,0,0,0,5,0,1,0,0,0,0,1,0,0,1,0,0,1,1,0,0,1,0,0,3,0,0,0,0,0,0,0,0,0,0,0,0,0,0,0,0,0,0,0,0,0,0,0,0,0,0,0,0,1,0
90,0.9,110,0.9,0.4,700,TRUE,TRUE,2200,136,8,4,2,1,6,0,1,2,3,70,1,0,0,1,0,1,0,1,1,2,0,0,0,0,0,0,1,0,1,12,1,1,0,0,0,0,0,1,0,3,1,0,1,0,0,0,0,0,0,2,1,0,0,0,1,0,1,0,0,3,0,0,0,0,1,0,0,0,0,0,0,0,0,0,0,0,0,0,0,1,0,0,0,0,0,0,0,0,0,1
10,0.8,140,0.86,0.3,200,TRUE,FALSE,2200,138,12,0,2,2,6,1,0,1,3,74,2,0,1,1,1,0,0,0,0,0,4,1,0,1,0,0,0,0,2,6,1,1,0,0,0,0,0,0,0,3,1,1,0,0,0,0,1,0,0,3,0,0,0,0,0,0,0,0,0,0,1,0,0,0,0,0,0,0,0,1,0,0,0,0,0,1,0,0,0,2,0,0,0,0,0,0,0,0,0,3
40,0.8,150,0.45,0.3,150,FALSE,TRUE,2200,144,15,0,5,1,2,5,0,0,2,68,1,1,1,0,1,0,0,1,0,3,4,0,1,0,1,0,0,1,0,9,1,1,0,2,0,0,0,0,2,3,0,0,0,0,0,0,1,0,1,1,1,0,0,0,0,1,0,0,0,1,0,0,0,0,0,0,0,0,0,2,2,0,0,0,0,0,0,1,0,3,0,0,0,0,0,0,0,0,0,0
10,0.6,250,0.57,0.8,780,FALSE,TRUE,2200,139,11,0,0,1,3,3,1,1,2,77,3,0,0,0,0,0,1,1,0,5,3,0,0,1,1,0,0,0,0,6,3,0,0,1,0,0,0,0,1,5,2,1,0,0,0,0,0,0,1,0,0,0,0,0,0,0,0,0,0,1,0,0,0,0,1,0,0,0,0,0,0,0,0,0,0,0,0,0,0,2,0,0,0,0,0,0,0,0,1,1
60,0.9,220,0.49,0.9,880,FALSE,TRUE,2200,146,13,1,1,6,5,4,1,1,2,67,0,1,0,0,0,1,0,3,1,2,1,1,0,1,0,1,0,0,1,5,1,0,0,3,1,1,0,0,0,7,0,1,0,0,0,1,1,0,1,2,0,1,0,0,0,1,0,0,0,4,0,0,0,0,2,0,0,0,0,1,0,0,0,0,0,0,0,0,0,0,0,0,0,0,0,0,0,0,0,0
10,0.8,230,0.68,0.5,800,FALSE,FALSE,2200,140,3,3,1,7,3,4,0,2,9,75,0,1,1,1,0,0,0,0,0,1,0,0,0,0,1,0,0,0,0,6,1,0,0,1,1,0,0,0,1,9,1,0,0,0,0,0,1,0,0,2,0,0,0,0,0,0,0,0,0,1,0,0,0,0,0,1,0,0,0,1,0,0,0,0,0,1,0,0,0,1,0,0,0,0,0,0,0,0,0,1
80,0.7,250,0.81,0.6,1000,TRUE,FALSE,2200,146,8,2,1,2,7,2,1,1,3,78,2,1,0,1,0,0,0,0,0,4,1,0,0,0,1,0,0,0,1,11,3,1,0,0,2,0,0,0,1,5,0,0,0,0,0,0,0,0,0,4,0,0,0,0,0,0,0,0,0,2,0,0,0,0,0,0,0,0,0,0,0,0,0,1,0,0,0,0,0,0,0,0,0,0,0,0,0,0,0,1
20,0.7,170,0.31,0.3,130,FALSE,FALSE,2200,144,11,0,2,2,8,1,2,0,5,72,1,0,1,0,2,0,1,0,1,2,2,0,1,0,1,1,0,0,1,8,3,0,0,0,1,0,0,0,0,6,1,0,0,0,0,0,0,0,0,2,0,0,0,1,1,0,0,0,0,1,1,0,0,0,0,0,0,0,0,0,0,0,0,0,0,1,0,0,1,0,0,0,0,0,0,0,0,0,0,1
70,0.7,250,0.64,0.3,710,FALSE,FALSE,2200,145,9,6,2,1,3,1,0,3,3,77,0,1,1,0,1,0,0,0,0,3,2,0,0,0,0,0,1,0,0,11,1,0,0,1,1,0,0,1,1,4,2,1,0,1,1,0,0,0,0,3,0,0,0,0,1,0,0,0,0,2,0,0,0,0,0,0,0,0,0,0,0,0,0,0,0,0,0,0,0,1,0,0,0,0,0,0,0,0,0,0
50,0.8,260,0.59,0.5,910,FALSE,FALSE,2200,148,16,1,0,3,7,1,2,1,4,71,6,0,0,0,0,0,0,0,0,2,1,0,0,2,1,0,0,0,0,8,1,1,0,0,0,1,0,0,0,4,0,1,0,1,0,0,0,0,0,2,3,0,0,0,0,1,0,0,1,2,0,0,0,0,0,1,0,0,0,1,0,0,0,0,0,0,0,0,0,1,0,0,0,0,0,0,0,0,1,1
30,0.8,120,1,0.7,230,FALSE,FALSE,2200,134,6,2,2,1,4,2,1,0,2,78,0,1,1,1,0,1,0,0,0,5,1,0,0,0,0,0,0,0,1,7,1,0,0,0,0,0,0,0,1,7,0,0,0,1,0,1,0,0,0,2,0,0,0,0,1,0,0,0,0,2,0,0,0,0,0,0,0,0,0,0,0,0,0,0,0,0,0,0,0,2,0,0,0,0,0,1,0,0,0,0
20,0.5,270,0.95,0.3,910,TRUE,FALSE,2200,140,13,1,1,4,4,3,2,1,1,68,2,1,0,1,2,1,0,0,1,2,0,0,1,0,1,1,0,0,1,9,1,0,0,1,0,1,0,0,1,4,1,0,0,0,1,1,0,0,0,1,0,0,0,0,0,1,0,0,1,3,1,0,0,0,1,0,1,0,0,0,0,0,0,0,0,0,0,0,0,0,0,0,0,0,0,0,0,0,0,0
50,0.6,160,1,0.9,950,TRUE,FALSE,2200,137,11,2,1,2,4,4,2,1,3,70,2,1,0,0,0,0,0,0,0,2,1,0,0,0,0,0,0,1,0,7,0,1,0,1,0,0,0,0,0,7,1,0,0,1,2,0,1,0,0,2,1,0,0,1,0,2,0,0,0,1,0,0,0,0,0,0,0,0,0,1,0,0,0,0,0,0,0,0,0,1,1,0,0,0,0,0,0,0,0,0
80,0.7,270,0.93,0.6,460,FALSE,FALSE,2200,142,9,6,1,1,6,2,2,1,2,70,1,2,1,0,2,2,1,0,0,1,0,0,0,1,0,0,1,0,0,9,2,0,0,1,0,1,0,0,0,8,1,1,0,0,0,1,0,0,0,2,0,0,0,0,1,0,0,0,1,2,0,0,0,0,0,0,0,0,0,0,0,0,0,0,0,0,0,0,1,0,0,0,0,0,0,0,0,0,0,0
70,0.6,240,0.83,0.8,790,TRUE,TRUE,2200,146,16,0,0,2,3,2,1,0,2,78,1,0,0,2,0,0,2,0,1,3,1,1,0,0,0,0,0,0,0,7,3,0,0,1,1,0,0,0,1,4,0,2,0,0,1,1,0,0,0,2,1,0,0,1,0,0,0,0,0,2,0,0,0,0,1,0,0,0,1,1,0,0,0,0,0,0,0,0,0,0,0,0,1,0,0,0,0,0,1,0
10,0.7,110,0.46,0.9,430,TRUE,TRUE,2200,139,11,2,1,2,5,3,0,0,4,74,4,0,0,0,0,0,1,1,0,1,0,0,0,0,1,0,0,0,1,6,1,1,0,2,2,0,0,0,0,7,0,0,0,0,0,1,0,0,0,1,0,0,0,1,0,1,0,0,1,1,1,0,0,0,0,0,1,0,0,0,0,0,0,0,0,0,0,0,0,1,0,0,0,0,0,0,0,0,1,0
10,0.5,190,0.84,0.3,840,TRUE,FALSE,2200,135,2,3,1,4,7,1,2,2,6,72,0,0,0,0,0,0,0,0,0,4,0,0,0,0,0,1,0,0,1,9,0,0,0,2,1,0,0,0,0,6,1,1,0,1,1,0,0,0,1,0,0,0,0,0,0,1,0,0,0,1,0,0,0,0,0,0,0,0,0,1,0,0,0,1,0,0,0,0,0,3,0,0,0,0,0,0,0,0,0,0
70,0.6,210,0.86,0.6,780,FALSE,TRUE,2200,144,13,0,2,0,4,3,2,0,3,77,2,1,0,1,1,0,0,0,0,1,3,0,0,0,0,0,0,1,0,12,2,0,0,1,0,1,0,0,0,3,1,0,1,0,1,0,0,0,0,0,0,0,0,0,0,0,0,0,0,4,0,0,0,0,0,0,0,0,0,0,0,0,0,0,1,1,0,0,0,3,0,0,0,0,0,0,0,0,0,0
20,0.7,190,0.38,0.6,300,FALSE,TRUE,2200,142,14,2,0,3,6,2,2,0,4,71,2,1,1,0,1,0,0,0,0,2,2,0,0,0,0,0,0,0,0,10,0,0,0,0,3,0,0,0,0,3,2,0,0,1,0,0,0,1,1,0,1,0,0,0,0,0,0,0,0,1,0,0,0,0,1,0,0,0,0,1,1,0,0,1,0,0,0,0,0,2,0,0,0,0,0,0,0,0,0,1
20,0.5,190,0.71,0.8,320,TRUE,TRUE,2200,145,18,1,1,4,5,4,2,1,3,62,2,0,0,0,1,1,1,0,0,1,1,0,0,1,0,0,1,0,0,4,3,0,0,2,1,0,1,1,0,8,0,1,1,1,0,1,0,1,0,2,0,0,1,0,0,0,0,0,0,2,1,0,0,0,1,0,0,0,0,1,0,0,0,0,0,0,0,1,0,1,0,0,0,0,0,0,0,0,0,1
30,0.6,200,0.67,0.4,130,TRUE,TRUE,2200,138,7,5,1,0,4,2,2,1,3,79,0,1,0,1,0,0,0,0,0,1,2,0,0,0,0,0,1,0,0,10,2,0,0,1,0,0,0,0,0,6,0,0,0,0,0,0,0,0,0,3,0,0,0,1,0,0,0,0,0,3,0,0,0,0,0,0,0,0,0,0,0,0,0,0,0,1,0,0,0,1,0,0,0,0,0,0,0,0,1,0
20,0.9,280,0.52,0.5,710,TRUE,TRUE,2200,143,18,2,1,1,4,1,0,1,4,73,3,0,0,1,0,0,0,0,1,4,0,0,0,2,0,0,0,0,0,5,2,0,0,0,0,0,0,0,1,5,1,0,0,0,0,0,0,0,0,2,1,0,0,1,0,0,0,0,0,0,0,0,0,0,0,1,0,0,1,0,1,0,0,0,0,0,0,0,0,5,1,0,0,0,0,0,0,0,0,1
30,0.9,200,0.46,0.5,750,TRUE,TRUE,2200,145,14,0,1,3,9,0,1,2,3,72,1,0,0,2,0,1,0,0,0,0,4,1,0,1,1,0,0,0,1,5,4,0,0,0,1,1,1,0,0,7,0,0,0,1,0,0,0,0,0,1,0,0,0,0,0,0,0,0,0,3,0,0,0,0,0,0,0,0,0,0,0,0,0,0,1,0,0,0,1,3,0,0,0,0,0,0,0,0,0,0
90,0.5,240,0.41,0.7,820,TRUE,FALSE,2200,139,12,0,1,0,4,2,1,1,4,75,2,0,1,0,0,0,1,0,0,1,1,0,1,0,0,1,0,0,0,7,2,0,0,0,0,1,0,0,0,7,1,1,0,0,0,0,0,1,0,1,1,0,0,0,1,0,0,0,0,3,0,0,1,0,0,1,0,0,0,1,0,0,0,0,0,0,0,0,0,3,0,0,0,0,0,0,0,0,0,0
90,0.5,220,0.75,0.7,670,FALSE,TRUE,2200,144,17,0,1,4,2,1,2,1,4,72,2,1,0,0,0,1,0,0,0,0,2,1,0,0,0,0,0,0,0,8,1,0,0,1,2,0,0,1,0,6,2,1,0,0,0,0,0,2,1,1,0,0,0,0,1,0,0,0,1,1,0,0,0,0,0,0,0,0,0,0,0,0,0,0,2,0,0,0,0,3,0,0,0,0,0,0,0,0,0,0
60,0.8,290,0.57,0.9,390,FALSE,TRUE,2200,141,4,1,2,4,6,5,4,1,2,76,0,0,0,0,0,1,0,0,1,1,0,0,0,0,0,0,0,0,0,10,0,1,0,1,1,0,0,0,0,6,1,0,1,0,2,0,0,0,1,1,0,1,0,0,0,0,0,0,0,2,0,0,0,0,0,0,0,0,0,1,0,0,0,0,0,1,0,0,0,2,0,0,0,0,0,0,0,0,0,2
70,0.5,220,0.39,0.6,770,FALSE,TRUE,2200,145,8,3,3,2,5,2,2,2,6,81,1,0,0,0,0,0,1,0,0,1,0,0,0,0,0,0,0,0,0,2,0,1,0,1,0,0,1,0,1,9,1,0,0,1,0,0,0,0,2,3,0,0,0,0,0,1,0,0,0,0,0,0,0,0,0,0,0,0,1,0,0,0,0,1,0,0,0,0,0,1,0,0,0,0,0,0,1,0,1,1
30,0.5,280,0.44,0.9,940,TRUE,FALSE,2200,148,18,2,1,4,3,2,2,2,2,70,0,1,1,2,0,0,1,0,2,1,2,0,0,1,1,0,0,1,0,4,1,0,0,0,0,0,0,0,0,6,2,0,0,0,2,0,0,0,0,3,2,0,0,0,0,1,0,0,0,1,0,0,0,0,1,0,0,0,0,2,0,0,0,0,0,0,0,0,1,3,0,0,0,0,0,0,0,0,0,1
90,0.6,100,0.35,0.5,860,TRUE,TRUE,2200,139,6,2,5,1,6,1,0,5,3,69,6,0,0,0,1,0,0,0,3,2,0,2,0,1,0,0,0,0,1,5,1,0,0,1,0,0,0,1,1,5,1,0,0,0,0,0,2,0,0,0,1,0,0,0,0,0,0,0,0,2,0,0,0,1,0,1,0,0,0,1,0,0,0,0,0,0,0,0,0,3,0,0,0,0,0,0,0,0,0,0
20,0.7,100,0.31,0.8,610,FALSE,FALSE,2200,139,3,1,2,3,4,2,2,2,5,81,0,0,0,1,0,0,0,0,0,0,2,0,0,0,0,0,0,0,0,8,1,1,0,0,0,0,0,0,1,6,0,0,0,2,0,0,1,0,0,4,0,0,0,0,0,0,0,0,0,2,0,0,0,0,0,0,0,0,0,1,1,1,0,0,2,0,0,0,0,1,0,0,0,0,0,0,0,0,0,0
20,0.8,180,0.98,0.3,1000,FALSE,FALSE,2200,140,11,0,0,2,3,3,0,3,2,72,4,1,1,1,0,2,0,1,1,2,2,0,0,0,0,0,0,0,1,6,3,0,1,4,0,0,0,0,0,3,2,0,0,0,0,0,0,0,0,3,0,0,0,0,0,1,0,0,0,1,0,0,0,0,0,0,0,0,0,1,0,0,0,0,0,0,0,0,0,3,0,0,0,0,1,0,0,0,0,0
70,0.7,140,0.95,0.9,920,TRUE,FALSE,2200,141,10,0,1,1,7,1,0,1,4,72,1,0,2,1,2,1,1,0,0,3,0,0,1,0,0,1,0,0,0,6,4,0,1,1,0,0,2,0,1,6,0,0,0,0,0,0,0,0,0,5,0,0,0,0,0,1,0,0,0,2,0,0,0,0,0,0,0,0,0,1,0,0,0,0,0,0,0,0,0,2,0,0,0,0,0,0,0,0,0,0
90,0.9,270,0.44,0.5,810,TRUE,FALSE,2200,141,7,1,2,2,3,3,3,2,3,81,1,0,0,3,0,0,0,0,0,1,0,1,0,1,0,0,0,0,0,7,0,0,0,0,0,0,0,0,1,6,1,0,0,0,0,0,0,0,0,1,0,0,0,0,0,0,0,0,0,2,0,0,1,0,0,0,0,0,0,2,0,0,0,0,1,1,0,0,0,2,0,0,0,0,0,0,0,0,0,3
80,0.9,300,0.53,0.5,170,FALSE,FALSE,2200,146,8,2,2,2,5,3,4,1,1,76,0,0,0,2,1,0,0,0,1,3,1,1,1,0,0,0,0,0,0,7,1,1,0,1,0,0,0,1,0,6,2,1,0,1,0,0,1,0,1,4,0,0,0,0,0,0,0,0,0,1,0,0,0,0,0,0,0,0,0,1,0,0,0,1,1,0,0,0,1,1,0,0,0,0,0,0,0,0,0,0
60,0.5,280,0.65,0.8,380,TRUE,FALSE,2200,146,13,2,0,3,2,3,0,1,4,75,1,1,1,0,2,1,1,0,0,3,1,2,0,2,1,0,0,0,1,9,3,1,0,0,0,0,0,0,0,2,0,0,1,0,0,0,0,0,0,0,1,0,0,0,1,0,1,0,0,2,0,0,1,0,0,0,0,0,0,1,0,0,0,0,1,0,0,0,0,2,0,0,0,0,0,0,1,0,0,0
90,0.8,220,0.59,0.8,930,FALSE,FALSE,2200,139,14,0,0,1,6,2,1,0,2,72,2,0,0,1,0,0,1,0,0,2,2,0,0,2,1,0,0,0,2,8,2,0,0,1,0,1,0,0,1,2,1,1,0,1,0,0,0,0,0,2,0,0,1,0,1,0,0,0,0,2,0,0,0,0,0,0,0,0,0,3,1,0,0,0,0,0,1,0,0,0,0,0,0,0,0,0,0,0,0,0
100,0.5,270,0.62,0.5,390,TRUE,TRUE,2200,145,8,3,1,2,4,1,3,0,1,83,0,0,0,0,1,0,1,0,0,4,2,0,1,0,1,0,1,0,0,7,3,0,0,1,1,0,0,0,1,8,0,0,0,0,0,0,1,0,0,0,0,0,0,0,0,0,0,0,0,2,0,0,0,0,1,0,0,0,0,1,0,0,0,0,0,0,0,1,0,0,0,0,0,0,0,0,0,1,1,0
90,0.6,270,0.74,0.9,930,TRUE,TRUE,2200,141,11,0,0,4,4,1,1,1,2,80,1,0,0,0,1,0,0,0,0,0,1,1,0,2,0,0,1,0,0,6,1,0,1,0,0,0,1,0,4,5,1,1,0,0,1,0,0,0,0,3,0,0,0,0,0,0,0,0,1,2,0,0,0,0,1,0,0,0,0,1,0,0,0,0,1,0,0,0,0,1,0,0,0,0,0,0,0,0,0,0
70,0.7,190,0.59,0.7,410,TRUE,TRUE,2200,150,9,3,2,1,7,1,1,6,2,78,1,1,0,0,0,0,0,1,0,3,2,0,0,2,0,0,0,0,0,6,3,2,0,1,0,1,0,0,0,7,0,0,0,0,0,0,0,0,0,1,1,0,0,0,0,0,0,0,0,3,0,0,0,0,1,0,0,0,0,2,0,0,0,0,0,0,0,0,1,1,0,0,0,0,0,0,0,0,0,1
80,0.5,220,0.34,0.4,550,TRUE,FALSE,2200,143,13,1,0,2,5,1,1,2,5,78,3,0,0,0,1,0,0,0,0,1,2,0,0,0,1,0,0,0,0,4,1,0,1,1,0,0,1,0,1,9,1,1,0,0,1,0,0,0,0,1,0,0,0,0,0,0,0,0,0,1,0,0,0,0,1,0,1,0,0,2,0,0,0,0,0,0,0,0,0,0,0,0,0,0,0,0,0,0,0,1
80,0.9,250,0.88,0.7,850,FALSE,TRUE,2200,146,17,0,1,2,5,0,0,2,3,74,3,0,0,0,1,0,0,1,0,2,0,0,0,0,1,0,0,0,0,9,2,0,0,2,0,0,0,0,0,4,1,1,0,0,0,1,0,0,1,2,1,0,0,0,0,0,1,0,0,4,0,0,0,0,0,0,0,0,0,1,0,0,0,0,0,1,0,0,0,2,0,0,0,0,0,0,0,0,0,2
80,0.9,220,0.54,0.9,260,FALSE,FALSE,2200,144,14,1,4,1,4,1,3,3,2,68,2,1,1,0,0,0,1,1,1,2,5,0,0,0,0,0,0,0,1,6,1,0,1,1,0,0,0,1,0,5,3,0,0,0,0,0,0,0,0,3,1,0,0,0,0,0,0,0,1,1,0,0,0,0,0,0,1,0,0,1,0,0,0,0,0,0,0,0,0,1,0,0,0,0,0,0,0,0,1,1
50,0.5,300,0.87,0.3,660,FALSE,FALSE,2200,147,9,3,1,1,7,0,0,4,4,76,1,0,0,1,2,0,0,0,1,4,0,0,1,1,0,0,0,0,0,5,3,0,1,0,0,0,0,0,2,8,0,1,1,0,0,0,0,1,1,1,0,0,0,0,0,0,0,0,0,4,0,0,0,0,1,0,0,0,0,0,0,0,0,0,0,0,0,0,0,1,0,0,0,0,0,0,0,0,0,2
90,0.6,210,0.71,0.3,180,TRUE,FALSE,2200,143,10,3,1,0,6,1,3,0,5,76,1,0,0,0,1,0,0,0,0,2,4,1,0,1,0,0,1,0,0,7,0,0,0,0,1,1,0,0,0,7,2,0,0,0,0,1,0,0,0,1,1,0,0,0,0,0,0,0,0,2,0,0,0,0,0,0,0,0,0,2,0,0,0,0,0,1,0,0,0,2,0,0,0,0,0,0,0,0,0,0
70,0.8,200,0.49,0.5,310,FALSE,TRUE,2200,142,12,2,1,1,5,1,0,1,3,75,1,1,1,0,0,0,1,0,1,2,2,0,0,0,1,0,0,0,0,7,3,0,0,0,0,1,0,0,1,7,2,0,0,0,0,0,0,0,0,1,1,0,0,0,0,1,0,0,0,2,0,0,0,0,0,0,0,0,0,1,0,0,0,0,0,0,0,0,0,3,0,0,0,0,0,1,0,0,0,1
100,0.6,300,0.58,0.9,630,FALSE,FALSE,2200,137,5,2,2,4,6,3,2,0,4,76,0,1,0,1,0,0,0,0,0,2,0,0,1,0,0,0,1,0,0,8,0,1,0,0,1,1,0,0,1,7,1,0,0,1,0,0,0,0,0,3,0,0,0,0,0,0,0,0,0,1,0,0,0,0,1,0,0,0,0,1,0,0,0,0,0,0,0,0,1,0,0,0,0,0,0,0,0,0,0,0
70,0.5,150,0.61,0.4,950,TRUE,FALSE,2200,142,7,1,1,4,5,3,1,1,4,75,0,1,2,0,0,0,0,0,1,2,1,0,1,0,0,0,0,1,0,6,2,1,0,1,0,0,1,0,0,8,3,1,0,0,0,0,0,0,0,1,0,0,0,0,0,1,0,0,0,1,0,0,0,0,0,1,0,0,0,2,0,0,0,0,0,0,0,0,1,2,0,0,0,0,0,0,0,0,0,0
40,0.9,210,0.56,0.4,280,TRUE,FALSE,2200,144,9,0,2,3,5,3,2,1,2,76,0,1,0,2,1,0,0,0,0,3,2,0,1,0,1,0,0,0,2,10,3,0,0,0,2,0,0,0,1,5,1,0,0,0,1,0,0,0,0,1,0,0,0,0,0,0,0,0,0,4,0,0,0,0,0,0,0,0,0,0,0,0,0,0,1,0,0,0,0,0,0,0,0,0,0,0,0,0,0,0
100,0.8,280,0.56,0.7,170,FALSE,FALSE,2200,140,8,1,3,2,6,1,0,2,6,72,2,1,0,1,0,1,0,0,0,3,1,0,0,0,0,0,0,0,1,6,3,0,2,0,0,0,0,0,0,7,0,0,0,0,0,0,0,0,1,2,1,0,0,0,0,0,0,0,0,1,1,0,0,0,1,0,0,0,0,2,0,0,0,1,0,0,0,0,0,2,0,0,0,0,0,0,0,0,0,0
80,0.5,280,0.96,0.5,1000,FALSE,TRUE,2200,140,3,4,1,3,4,3,1,4,1,79,1,1,0,0,0,0,0,1,0,5,0,0,0,0,1,0,0,0,1,6,2,0,0,1,0,0,0,0,0,10,0,0,0,1,1,0,0,0,1,1,0,1,0,0,0,1,0,0,0,0,0,0,0,0,1,0,0,0,0,1,0,0,0,0,0,0,0,0,0,0,0,0,0,0,0,0,0,0,0,1
20,0.8,210,0.33,0.9,110,TRUE,FALSE,2200,140,3,2,2,2,5,5,1,0,6,78,0,1,0,0,0,0,0,1,0,5,0,0,0,0,1,0,0,0,0,8,1,1,1,0,1,0,0,1,0,7,1,0,0,0,0,0,0,0,0,2,0,0,0,0,1,0,0,0,0,2,0,0,0,0,1,0,0,0,0,0,0,0,0,0,0,0,0,0,0,2,0,0,0,0,0,0,0,0,0,0
40,0.9,220,0.77,0.8,790,FALSE,FALSE,2200,139,8,2,2,2,7,0,3,3,3,70,2,2,1,0,0,0,0,0,1,1,1,0,0,2,0,1,0,0,0,7,4,0,0,0,1,0,0,0,0,8,1,0,0,0,0,0,0,0,0,3,0,0,0,0,0,0,0,0,0,0,0,0,0,0,0,0,0,0,0,0,0,0,0,0,1,0,0,0,1,3,0,0,0,0,0,0,0,0,0,0
50,0.7,110,0.54,0.7,140,FALSE,FALSE,2200,142,6,2,2,2,5,3,2,1,3,80,1,1,0,0,0,0,0,0,0,4,0,0,0,0,1,0,0,0,1,6,1,1,1,0,0,1,0,0,1,11,1,0,0,0,0,0,0,0,0,2,0,0,0,0,1,0,0,0,0,0,0,0,0,0,1,0,0,0,0,2,0,0,0,0,0,0,0,0,0,0,0,0,0,0,0,0,0,0,0,0
30,0.8,240,0.96,0.5,530,TRUE,TRUE,2200,145,17,1,0,0,4,1,1,0,1,78,0,0,0,1,1,0,1,0,0,0,3,0,0,1,2,0,0,0,1,9,2,0,0,0,0,0,0,0,0,1,2,1,0,2,2,0,0,0,1,2,0,0,2,0,0,0,0,0,0,3,0,0,0,0,1,0,0,0,0,1,0,0,0,0,0,0,0,0,0,4,0,0,0,0,0,0,0,0,0,0
20,0.7,130,0.34,0.4,870,TRUE,FALSE,2200,139,4,5,1,3,8,2,1,2,6,75,1,0,0,0,0,0,1,0,0,2,0,0,0,0,1,0,0,0,0,7,0,0,1,0,0,0,0,0,0,4,1,0,1,1,0,1,0,0,0,5,0,0,0,0,0,0,0,1,0,3,0,0,0,0,0,0,0,0,0,1,0,0,0,0,0,0,0,0,0,0,0,0,0,0,0,1,0,0,1,0
10,0.6,100,0.52,0.6,200,TRUE,TRUE,2200,147,9,3,3,1,3,3,1,0,2,78,0,2,2,0,0,1,1,0,0,3,2,0,1,0,0,1,0,0,0,12,0,0,0,1,1,1,1,0,0,7,0,0,0,0,0,0,0,0,0,3,0,0,1,0,0,1,0,0,0,2,0,0,0,0,0,0,0,0,0,0,0,0,1,0,0,0,0,0,0,0,0,0,0,0,0,0,0,0,0,1
70,0.7,130,0.44,0.6,750,TRUE,TRUE,2200,142,10,3,3,2,6,2,1,1,6,66,3,0,0,2,0,0,1,1,0,2,5,0,0,0,0,0,0,1,0,6,1,0,1,2,0,0,0,1,0,9,0,0,0,0,0,0,0,0,0,3,0,0,0,0,0,0,0,1,0,1,0,0,0,0,0,1,0,0,0,0,0,0,0,0,0,1,0,0,0,0,0,0,0,0,1,0,0,0,0,0
60,0.7,230,0.35,0.4,420,FALSE,TRUE,2200,139,11,1,0,2,7,1,1,1,4,72,3,0,0,1,0,0,0,0,0,2,1,0,0,1,1,1,0,0,0,8,3,0,0,0,0,0,0,0,0,5,2,0,0,0,0,0,0,0,0,2,0,0,0,0,0,0,0,0,0,1,0,0,0,0,0,1,0,0,1,2,0,0,0,0,0,0,0,0,0,3,0,0,0,0,0,0,0,0,0,2
50,0.7,150,0.69,0.6,700,TRUE,TRUE,2200,138,7,3,2,0,4,2,1,1,2,81,2,0,0,0,0,0,0,0,0,2,0,1,0,0,1,1,0,0,0,4,2,0,0,1,1,0,1,0,0,8,0,1,0,1,0,1,0,0,0,1,0,0,0,0,0,0,1,0,0,2,0,0,0,0,1,0,0,0,1,0,0,0,0,0,0,0,0,0,1,1,0,0,0,0,0,0,0,0,0,1
10,0.7,280,0.49,0.9,450,FALSE,FALSE,2200,140,14,1,1,1,2,2,2,0,1,77,2,0,2,0,0,0,0,0,1,6,1,0,0,0,1,1,0,0,0,7,1,1,0,0,1,0,0,0,0,5,1,0,0,2,0,0,0,0,0,1,1,0,0,0,0,0,0,0,0,2,0,0,0,0,0,1,0,0,0,1,0,0,0,0,0,0,0,0,0,1,0,0,0,0,0,0,0,0,0,1
90,0.6,120,0.43,0.8,480,TRUE,TRUE,2200,148,11,3,0,1,5,2,1,0,2,79,1,2,0,0,0,1,0,0,0,6,2,0,1,2,0,0,1,0,0,10,1,0,0,1,0,0,0,1,1,3,0,0,1,0,0,0,0,0,1,2,0,0,0,0,0,0,0,0,0,1,0,0,0,0,0,0,1,0,0,0,0,1,0,0,0,0,1,0,0,4,0,0,0,0,0,0,0,0,0,0
30,0.6,300,0.44,0.3,140,FALSE,TRUE,2200,147,13,3,2,3,4,3,3,1,8,65,2,0,0,0,0,1,0,1,0,3,0,1,0,0,1,0,0,1,0,4,2,1,0,3,0,0,0,0,0,11,1,1,1,1,1,0,0,1,0,0,0,0,1,0,0,0,0,0,0,2,0,0,0,0,1,0,0,0,0,0,0,0,0,0,0,0,0,1,0,0,0,0,0,0,0,0,0,1,0,0
80,0.5,100,0.79,0.5,710,FALSE,FALSE,2200,141,16,0,1,3,3,1,1,3,2,74,1,0,0,0,1,0,1,1,1,3,1,2,0,2,0,0,0,0,0,4,1,0,0,0,1,0,0,0,1,5,2,1,0,0,1,0,0,0,1,0,0,0,0,0,1,0,0,0,1,0,0,0,0,0,0,0,0,0,1,0,0,0,0,0,1,0,0,0,0,3,0,0,0,0,0,0,0,0,0,1
40,0.6,100,0.75,0.3,750,TRUE,TRUE,2200,145,17,2,0,2,5,2,0,0,5,68,4,1,0,1,1,2,0,0,0,3,3,0,0,0,1,0,0,0,1,7,3,0,0,1,1,0,0,0,1,3,1,0,2,0,0,0,0,0,0,1,0,0,0,0,2,0,0,0,0,2,0,0,0,0,0,1,0,0,0,0,2,0,0,0,0,0,0,0,0,1,0,0,0,0,0,0,0,0,0,0
90,0.6,180,0.65,0.5,110,FALSE,TRUE,2200,144,13,1,1,0,4,2,0,2,1,79,4,1,0,0,0,1,0,1,0,2,0,1,0,1,0,0,0,0,0,6,2,0,0,1,1,2,0,0,1,5,1,0,1,0,0,0,0,1,0,2,1,0,0,1,1,0,0,0,0,3,0,0,0,0,1,0,0,0,0,0,0,0,0,0,0,0,0,0,0,0,0,0,0,0,0,0,0,0,0,1
60,0.9,260,0.5,0.5,440,TRUE,TRUE,2200,139,10,2,0,1,7,2,0,0,3,71,3,0,0,3,0,1,1,1,0,3,2,0,0,3,0,0,0,0,0,9,0,0,0,0,0,0,0,0,1,2,2,1,0,0,0,0,0,0,0,3,0,0,0,0,0,0,0,0,0,3,1,0,0,0,0,0,1,0,0,2,0,0,0,0,0,0,1,0,0,0,0,0,0,0,0,0,0,0,0,0
30,0.6,250,0.33,0.9,120,FALSE,TRUE,2200,148,16,0,2,2,5,3,1,1,4,69,2,0,1,0,0,0,2,0,0,2,3,0,0,0,2,0,1,1,1,9,4,1,1,0,0,1,0,0,1,5,1,0,0,0,0,0,0,0,0,2,1,0,0,1,0,0,0,0,0,1,0,0,0,0,1,0,0,0,0,1,0,0,0,0,0,0,0,0,0,0,0,0,0,0,0,0,0,0,1,0
40,0.9,200,0.81,0.6,190,FALSE,FALSE,2200,137,11,0,0,1,3,1,1,1,4,77,3,0,0,1,1,0,1,1,0,0,0,0,1,1,0,0,0,0,0,5,3,1,0,0,2,0,0,0,0,9,1,0,0,1,0,0,0,0,0,4,0,0,0,0,0,0,0,0,0,0,0,0,0,0,0,0,0,0,0,1,0,0,0,0,0,0,0,1,0,1,0,0,0,0,1,0,0,0,0,0
50,0.8,210,0.44,0.8,810,TRUE,FALSE,2200,142,16,0,1,3,3,3,0,2,2,70,3,2,1,0,0,1,1,0,0,2,2,0,0,0,0,0,0,0,0,4,3,1,0,1,1,0,0,0,1,5,1,0,0,0,0,1,1,0,1,0,1,0,0,0,0,1,0,1,0,2,0,0,0,0,0,0,0,0,0,1,0,0,0,0,0,0,0,0,1,3,0,1,0,0,0,0,0,0,0,0
80,0.6,250,0.36,0.5,350,FALSE,FALSE,2200,144,10,4,3,1,5,1,1,2,3,73,2,2,0,0,1,1,0,0,1,1,0,0,0,0,2,0,1,0,0,9,4,1,0,1,1,0,1,1,0,3,0,1,0,0,0,0,0,0,0,4,0,0,0,0,0,0,0,0,0,1,0,0,0,0,0,0,0,0,0,0,0,0,0,0,1,0,0,0,0,1,0,0,0,0,0,0,0,0,0,2
20,0.8,270,0.87,0.4,510,TRUE,TRUE,2200,144,11,0,2,2,7,1,2,2,4,76,1,0,0,0,0,0,0,0,1,3,2,0,0,1,1,0,0,0,0,7,2,0,0,0,0,1,0,0,1,8,2,0,0,0,0,0,0,0,0,2,0,0,1,0,0,0,0,0,0,2,0,0,0,1,0,0,0,0,0,0,0,0,0,0,2,0,0,0,0,0,0,0,0,0,0,0,0,0,0,0
40,0.8,200,0.84,0.8,230,FALSE,TRUE,2200,142,10,3,2,2,4,8,1,2,3,67,1,0,0,1,0,1,0,0,0,4,0,0,0,0,1,0,1,0,0,7,1,0,2,1,0,0,0,0,0,8,0,1,0,0,1,1,0,0,0,3,0,0,0,0,0,0,0,0,0,2,1,0,0,0,0,0,0,0,0,0,0,0,0,0,1,1,0,0,0,1,0,0,0,0,0,0,0,0,1,0
10,0.7,290,0.82,0.6,710,FALSE,TRUE,2200,145,15,2,3,2,3,3,0,0,1,72,4,0,0,1,1,0,2,1,0,1,1,0,1,0,0,1,0,0,1,10,3,0,0,0,1,0,1,0,0,1,1,0,0,1,0,0,0,1,0,1,2,0,0,0,0,0,0,0,0,3,0,0,0,1,1,0,0,0,0,0,0,0,0,0,0,0,0,0,0,2,0,0,0,0,0,0,0,1,0,1
90,0.8,130,0.85,0.8,320,FALSE,FALSE,2200,146,14,2,0,1,3,4,0,1,1,72,2,0,0,5,2,1,0,0,0,2,2,0,1,0,0,0,0,0,0,7,3,1,0,1,0,0,0,1,1,6,1,1,0,0,1,0,0,0,0,3,0,0,0,1,0,0,0,0,0,3,0,0,0,0,0,0,0,0,0,2,0,0,0,0,1,0,0,0,0,0,0,0,0,0,0,0,0,0,1,0
70,0.7,210,0.49,0.7,800,FALSE,FALSE,2200,147,12,2,2,1,6,2,2,2,3,78,1,0,0,0,0,1,0,0,1,1,1,0,1,0,0,1,0,0,0,5,1,0,0,1,0,0,0,0,1,12,0,0,1,0,0,0,0,0,0,0,0,1,0,0,0,0,0,0,0,0,0,0,0,0,0,0,0,0,0,1,0,0,0,0,0,0,1,0,0,3,0,0,0,0,0,0,0,0,0,4
20,0.8,140,0.39,0.9,190,FALSE,TRUE,2200,144,15,2,0,1,3,3,1,0,4,74,2,0,1,0,0,0,0,0,1,1,1,0,0,1,1,1,0,1,0,10,1,0,0,0,1,0,0,0,0,8,2,0,0,1,0,0,0,0,0,2,1,0,0,1,0,0,0,0,0,1,0,0,0,0,0,0,0,0,0,2,0,1,0,0,1,0,0,0,0,0,0,0,0,0,0,0,0,0,0,0
100,0.5,290,0.52,0.9,960,TRUE,FALSE,2200,145,13,1,0,6,4,4,0,3,9,63,3,2,0,0,0,0,1,0,1,3,2,0,0,0,0,0,0,0,0,7,1,0,1,0,1,0,0,0,0,3,2,0,0,1,0,0,0,0,0,4,1,0,0,0,0,1,0,0,0,0,1,0,0,0,0,0,0,0,0,2,0,0,1,1,0,0,0,0,1,1,0,0,0,0,0,0,0,0,1,1
80,0.9,160,1,0.8,640,FALSE,FALSE,2200,141,17,1,0,1,3,1,0,1,2,72,2,1,1,0,1,1,0,0,1,1,1,0,0,0,1,0,0,0,0,12,4,0,0,1,1,0,0,1,0,4,1,0,0,0,0,0,0,0,0,2,1,0,0,0,0,1,0,0,0,2,0,0,0,0,0,0,0,0,0,1,0,0,0,0,1,0,0,0,1,1,0,0,0,0,0,0,0,0,0,0
20,0.7,270,0.86,0.8,320,FALSE,TRUE,2200,140,6,3,2,0,4,1,2,1,4,79,1,1,0,1,1,0,0,0,0,1,1,0,0,0,0,0,0,0,0,5,0,1,0,1,0,1,0,0,1,7,0,1,1,0,0,0,0,0,0,6,0,0,0,0,1,0,0,0,0,2,0,0,0,0,0,0,0,0,0,2,0,0,0,0,1,0,0,0,0,1,0,0,0,0,0,0,0,0,0,2
10,0.5,200,0.32,0.7,190,FALSE,FALSE,2200,141,8,3,4,2,3,2,1,0,3,76,0,1,0,0,0,0,1,0,0,6,1,1,1,0,0,0,0,0,0,11,0,0,0,0,0,1,0,1,2,2,0,0,0,2,0,0,0,1,1,1,0,0,0,0,0,1,0,0,0,2,0,0,0,0,0,0,0,0,0,1,0,0,0,0,0,0,0,0,0,1,0,0,0,0,0,0,0,0,0,2
70,0.9,100,0.7,0.9,350,FALSE,FALSE,2200,144,12,1,3,4,8,5,0,1,6,59,1,0,0,4,1,0,0,1,0,4,2,0,0,1,0,1,0,0,0,7,4,0,0,2,1,0,0,0,0,5,1,0,0,1,0,0,1,1,0,2,0,0,0,0,0,0,0,0,0,2,0,1,0,0,0,0,1,0,0,0,0,0,0,0,0,0,0,0,0,0,0,0,0,0,0,0,0,0,1,1
20,0.6,230,0.93,0.5,190,TRUE,FALSE,2200,139,10,1,0,0,6,2,0,1,2,75,1,0,1,1,0,1,0,0,0,1,4,0,0,0,0,0,1,0,0,11,1,0,0,0,0,0,0,0,2,6,1,1,0,1,1,0,0,0,0,1,1,0,0,0,0,0,0,0,1,0,0,0,0,0,0,0,0,0,0,2,1,0,0,0,0,0,1,0,0,2,0,0,0,0,0,0,0,0,0,0
50,0.7,210,0.84,0.6,420,TRUE,TRUE,2200,140,13,1,1,1,1,2,0,1,1,75,2,1,1,0,0,0,0,0,0,1,3,0,0,2,1,2,0,0,1,10,2,0,0,0,0,0,0,0,2,4,1,1,0,0,0,0,0,0,0,2,0,0,0,0,0,1,0,0,1,2,0,0,0,0,1,0,0,0,0,2,0,0,0,0,0,1,0,0,0,0,0,0,0,0,0,0,0,0,0,1
50,0.9,150,0.83,0.9,960,TRUE,TRUE,2200,146,14,0,2,0,6,0,0,2,2,79,2,0,1,1,0,0,0,0,1,4,2,1,0,1,0,0,1,0,0,8,4,0,0,0,0,0,0,0,0,2,0,0,0,0,0,0,0,1,0,3,0,0,0,0,1,0,0,0,0,1,1,0,0,0,0,0,0,0,0,1,0,1,0,0,0,0,0,0,0,4,0,0,0,0,0,0,0,0,0,1
80,0.9,230,0.48,0.6,510,TRUE,FALSE,2300,145,9,4,0,1,2,3,0,0,4,76,4,0,0,0,0,1,0,0,0,5,1,1,1,0,1,0,0,1,0,7,1,0,0,1,1,0,0,0,2,5,2,0,0,1,0,0,0,0,0,2,0,0,0,0,1,1,0,0,0,2,0,0,0,0,0,0,0,0,0,2,0,0,0,0,0,0,0,0,0,0,0,0,0,0,0,0,0,0,0,4
50,0.6,150,0.93,0.8,410,TRUE,FALSE,2300,140,10,3,0,2,2,0,1,1,4,78,1,1,0,0,1,0,0,0,0,3,2,0,0,0,0,0,0,0,0,7,0,0,0,0,1,0,0,0,1,9,1,1,0,1,0,0,0,0,0,3,1,0,0,0,1,0,0,1,0,0,0,0,0,0,0,0,0,0,0,1,0,1,0,0,1,0,0,0,0,1,0,0,0,0,1,0,0,0,0,0
60,0.8,210,0.43,0.6,830,FALSE,FALSE,2300,143,14,0,1,2,4,1,0,2,0,77,5,0,1,1,0,1,0,0,0,0,0,0,0,0,1,0,0,0,0,7,1,0,0,1,0,1,0,0,0,6,2,0,0,0,1,0,0,0,0,7,2,0,0,0,0,0,1,0,1,1,0,0,0,0,1,0,0,0,0,1,0,0,0,0,0,0,0,1,0,0,0,0,0,0,0,0,0,0,0,0
80,0.5,130,0.77,0.6,810,FALSE,TRUE,2300,140,11,2,1,3,6,3,1,0,7,68,4,1,0,0,1,0,0,0,0,0,0,0,0,0,1,0,0,1,0,7,1,0,0,1,1,1,0,0,3,9,1,0,0,0,0,0,0,1,0,1,1,0,0,0,0,0,0,0,0,1,0,0,0,0,0,1,0,0,0,0,0,0,1,0,0,1,0,0,0,0,0,0,0,0,0,0,0,0,0,0
40,0.9,120,0.42,0.3,700,FALSE,TRUE,2300,141,16,0,1,1,5,1,0,2,3,69,1,4,0,0,1,1,0,0,1,4,3,0,0,0,1,0,0,1,2,4,2,0,0,1,0,0,1,0,0,5,0,0,0,0,1,1,0,0,0,2,1,0,0,0,0,0,0,0,0,1,0,0,0,0,0,1,0,0,0,1,1,0,0,0,0,0,0,0,1,2,0,0,0,0,0,0,0,0,0,0
80,0.7,220,0.86,0.9,830,TRUE,FALSE,2300,140,7,4,0,3,5,0,1,3,5,79,1,0,0,1,0,0,0,1,0,0,0,0,0,0,0,0,0,0,1,11,2,1,0,0,2,1,0,0,1,5,0,0,0,1,0,0,0,0,0,2,0,0,0,0,0,0,0,0,0,0,0,0,0,0,0,0,0,0,0,0,0,0,0,0,1,0,0,0,0,0,0,0,0,0,0,0,0,0,1,2
90,0.8,130,0.47,0.7,280,TRUE,TRUE,2300,139,7,2,3,0,6,1,0,2,2,71,2,2,1,0,0,0,1,0,1,4,1,1,0,0,1,0,0,0,1,10,2,0,0,2,0,0,0,0,2,2,0,1,0,0,2,0,0,0,0,0,0,0,0,0,0,0,0,0,0,3,0,0,0,0,0,1,0,0,0,1,1,0,0,0,0,0,0,0,0,4,0,0,0,0,0,0,0,0,0,0
20,0.6,300,0.71,0.8,570,TRUE,FALSE,2300,140,11,0,0,1,9,1,2,0,4,74,0,0,0,0,1,0,0,3,0,0,2,1,0,0,0,0,0,0,0,5,2,0,1,1,0,0,0,1,0,8,0,0,2,0,0,0,1,0,0,1,0,0,0,0,1,0,0,0,0,2,0,0,0,0,1,0,0,0,0,2,0,0,0,0,0,0,0,0,0,2,0,0,1,0,0,0,0,0,0,1
60,0.8,220,0.86,0.8,950,FALSE,FALSE,2300,134,6,2,0,3,7,1,2,1,3,73,0,2,0,0,0,0,0,0,0,2,2,0,0,0,0,0,0,0,0,10,1,0,0,1,3,0,0,1,2,2,0,0,0,1,0,0,0,1,0,4,0,0,0,1,0,0,0,0,0,1,0,0,0,0,1,0,0,0,0,2,0,0,0,0,0,0,0,0,0,0,0,0,0,0,0,0,0,0,0,0
30,0.5,120,0.8,0.4,650,TRUE,FALSE,2300,143,9,3,1,2,6,1,1,3,3,70,3,1,1,0,1,0,1,0,1,3,1,0,0,0,0,0,0,0,0,10,1,1,0,2,0,0,0,0,1,3,1,0,1,0,1,0,0,0,1,4,1,1,0,0,1,0,0,0,0,0,0,0,0,0,0,0,0,0,0,1,0,0,0,0,0,0,0,0,0,2,0,0,0,0,0,0,0,0,0,1
20,0.5,270,0.32,0.3,920,FALSE,FALSE,2300,138,10,1,0,5,4,4,1,1,4,68,2,1,0,1,0,0,1,0,0,2,0,1,0,1,0,0,0,0,0,7,2,0,0,0,1,2,0,1,2,7,1,1,0,0,1,0,0,0,0,0,0,0,0,0,0,0,0,0,0,2,0,0,0,0,0,1,0,1,0,0,0,0,0,0,0,0,0,0,1,1,0,0,0,0,0,0,0,0,0,1
80,0.7,220,0.92,0.5,820,TRUE,FALSE,2300,136,9,2,2,1,5,1,2,2,2,74,1,1,0,0,0,0,0,0,0,3,1,0,0,0,1,1,0,1,1,4,2,0,0,1,0,0,0,0,1,5,0,0,2,0,0,1,0,0,0,0,0,0,1,0,0,0,0,0,0,2,0,0,0,0,0,0,0,1,0,1,0,0,0,1,0,0,1,0,0,2,0,0,0,0,0,1,0,0,0,1
90,0.6,250,0.44,0.3,530,FALSE,FALSE,2300,133,4,1,0,2,7,1,2,2,3,75,1,1,1,0,0,0,0,0,0,2,1,0,1,0,0,0,0,0,0,2,1,0,0,1,1,0,0,0,1,9,1,2,0,0,0,0,0,0,0,3,1,0,0,0,0,0,0,0,0,1,0,0,0,0,1,0,0,0,0,0,0,0,0,0,0,0,0,0,1,2,0,0,1,0,1,0,0,0,0,1
30,0.9,200,0.45,0.7,930,TRUE,FALSE,2300,140,11,1,1,1,5,2,0,1,3,71,4,0,2,0,1,1,0,0,0,5,1,0,0,0,0,0,0,0,2,8,0,0,1,1,0,1,0,1,0,4,1,0,0,0,0,0,0,0,0,2,0,0,0,1,1,0,0,0,0,3,1,0,0,0,0,0,0,0,0,1,0,0,0,0,0,0,0,0,1,1,0,0,0,0,0,1,0,0,0,0
60,0.7,230,0.36,0.3,520,TRUE,TRUE,2300,139,7,1,1,5,5,1,0,5,6,71,3,0,1,0,0,1,0,0,0,0,1,0,0,0,1,0,1,0,1,4,4,0,0,1,0,0,0,0,0,7,1,0,1,0,0,0,0,0,0,0,0,0,0,0,0,2,0,0,0,2,0,0,0,0,1,0,0,0,1,0,0,0,0,0,0,0,0,0,0,3,0,0,0,0,0,0,0,0,2,0
40,0.6,120,0.68,0.6,460,FALSE,TRUE,2300,138,14,0,1,1,5,3,1,1,1,68,2,0,0,0,2,2,1,0,0,5,1,0,0,0,0,0,0,1,1,8,1,0,0,1,0,0,0,1,0,4,1,0,2,1,1,0,0,0,0,2,0,0,0,0,0,0,0,0,0,3,1,0,0,0,0,0,1,0,0,0,0,0,0,0,0,0,0,0,0,1,0,0,0,0,0,0,0,0,0,1
90,0.9,110,0.9,0.4,700,TRUE,TRUE,2300,140,7,5,0,1,3,3,0,0,4,82,4,0,0,0,1,0,0,0,0,0,1,0,0,0,0,0,0,0,0,8,2,1,0,1,0,0,0,0,1,6,0,0,0,0,1,0,0,1,0,3,0,0,0,0,0,0,0,0,0,0,0,0,0,0,0,0,0,0,0,1,0,0,1,0,0,0,0,0,1,1,0,0,0,1,0,0,0,0,0,1
10,0.8,140,0.86,0.3,200,TRUE,FALSE,2300,142,14,1,0,1,5,0,1,0,1,75,1,1,0,0,2,0,0,1,1,1,4,1,0,0,0,1,0,0,1,9,4,0,0,1,0,0,0,0,0,4,0,0,0,0,0,0,0,0,0,2,2,0,0,0,0,1,0,0,0,1,0,0,0,0,1,0,0,0,0,1,0,0,0,0,0,0,0,0,0,5,0,0,0,0,0,0,0,0,0,0
40,0.8,150,0.45,0.3,150,FALSE,TRUE,2300,142,6,1,4,1,6,2,4,2,4,73,1,1,0,1,1,1,0,0,0,2,0,0,0,1,0,0,0,0,0,9,1,0,0,1,1,0,1,1,1,8,0,0,2,0,0,0,0,0,0,1,0,0,0,0,1,0,0,0,0,1,0,0,0,0,0,1,0,0,0,0,0,0,0,0,0,0,0,0,0,1,0,0,0,0,0,0,0,0,1,1
10,0.6,250,0.57,0.8,780,FALSE,TRUE,2300,141,6,3,0,1,5,1,1,1,4,79,1,1,0,1,1,0,0,0,0,1,0,0,1,0,0,0,0,0,0,10,2,0,1,1,1,1,0,0,1,7,0,0,0,0,1,0,0,0,0,4,0,1,0,0,0,0,0,0,1,0,0,0,0,0,0,0,0,0,0,1,0,0,0,0,1,0,0,0,0,1,0,0,0,0,0,0,0,0,1,0
60,0.9,220,0.49,0.9,880,FALSE,TRUE,2300,144,10,4,0,2,2,3,1,0,6,76,1,0,0,0,0,0,0,0,0,3,3,1,0,0,1,0,0,1,0,11,0,1,0,1,0,0,0,0,0,6,1,2,0,0,0,0,0,0,0,1,0,0,0,0,0,0,0,0,0,2,0,0,0,0,1,0,0,0,0,1,1,0,0,0,0,0,0,0,1,1,0,0,0,0,0,0,0,0,0,1
10,0.8,230,0.68,0.5,800,FALSE,FALSE,2300,140,10,0,1,2,5,1,0,0,9,73,2,1,0,0,0,0,0,0,0,3,4,0,0,0,0,1,0,1,0,10,0,0,0,2,0,0,0,0,0,6,1,0,0,1,0,0,0,0,1,0,1,0,0,0,0,0,0,0,0,4,0,0,0,0,0,1,0,0,0,0,0,0,0,0,0,1,0,0,0,0,0,0,0,0,0,0,0,0,0,0
80,0.7,250,0.81,0.6,1000,TRUE,FALSE,2300,139,16,1,1,0,3,3,1,0,2,71,1,0,1,3,1,0,1,0,0,2,1,1,0,1,0,0,0,0,0,8,0,0,0,0,1,0,0,0,0,4,5,0,0,0,0,0,0,0,0,2,0,0,0,0,0,0,0,0,0,3,0,0,0,0,1,0,0,0,0,0,2,0,0,0,0,0,0,0,1,0,0,0,0,0,0,1,0,0,0,2
20,0.7,170,0.31,0.3,130,FALSE,FALSE,2300,140,15,2,0,1,4,2,0,1,3,74,6,1,1,1,0,0,0,0,0,1,2,0,0,0,1,0,0,1,1,1,2,0,0,0,0,0,0,0,0,7,0,0,0,2,0,0,0,0,0,3,1,0,0,0,0,1,0,0,0,1,1,0,0,0,0,0,0,0,0,1,0,0,0,0,0,0,0,0,0,3,0,0,0,0,0,1,0,0,0,0
70,0.7,250,0.64,0.3,710,FALSE,FALSE,2300,137,8,1,2,3,7,1,1,0,6,74,3,0,0,0,0,0,0,0,0,2,1,0,0,0,0,0,0,0,1,7,0,1,0,1,0,0,2,0,1,1,1,0,0,0,1,1,1,0,0,1,1,0,0,0,0,0,0,0,0,2,0,0,0,0,1,0,0,0,0,1,0,0,0,0,0,0,0,1,0,4,0,0,0,0,0,0,0,0,0,0
50,0.8,260,0.59,0.5,910,FALSE,FALSE,2300,139,10,1,1,4,6,4,0,2,7,67,0,0,0,0,0,1,1,0,0,0,3,1,0,0,1,0,0,1,1,4,1,0,0,1,0,0,1,0,1,8,0,0,0,0,1,0,0,0,0,1,1,0,0,0,0,1,0,0,0,0,0,0,0,0,0,1,0,0,0,3,0,0,0,0,0,0,0,1,0,2,0,0,0,0,0,0,0,0,0,2
30,0.8,120,1,0.7,230,FALSE,FALSE,2300,141,11,1,1,2,7,1,1,3,3,71,2,0,2,0,0,0,0,0,1,1,2,0,0,0,0,0,2,0,0,7,4,0,1,1,0,1,0,0,0,6,0,0,0,1,1,0,0,0,0,3,0,0,0,0,0,1,0,0,0,3,0,0,0,0,0,0,0,0,0,0,0,0,0,0,0,0,0,0,0,1,0,0,0,0,0,1,0,0,0,0
20,0.5,270,0.95,0.3,910,TRUE,FALSE,2300,140,12,1,3,1,4,1,3,2,5,72,1,0,0,1,1,0,0,1,1,2,2,0,1,0,0,0,0,0,1,8,1,0,0,1,0,0,0,0,1,4,0,0,0,0,0,0,0,0,0,2,2,0,0,0,0,0,0,0,0,1,0,0,0,0,1,0,0,0,0,1,0,0,0,0,1,1,0,0,0,1,0,0,0,0,0,0,0,0,0,1
50,0.6,160,1,0.9,950,TRUE,FALSE,2300,141,11,3,3,0,5,0,2,3,0,74,0,0,1,0,0,0,1,1,1,1,2,0,0,1,0,0,0,1,0,11,3,0,0,1,0,0,0,0,2,7,0,1,0,0,1,0,0,0,0,0,1,0,0,0,0,0,0,0,0,2,0,0,0,0,0,0,0,0,0,0,0,0,0,0,1,1,0,0,0,0,0,0,0,0,0,0,0,0,1,0
80,0.7,270,0.93,0.6,460,FALSE,FALSE,2300,138,5,3,2,2,5,1,1,1,2,80,0,1,0,2,0,0,0,0,0,2,0,0,0,0,1,0,0,0,0,10,1,0,1,0,0,0,1,0,0,7,1,1,0,0,1,0,1,0,0,2,0,0,0,0,0,0,0,0,0,1,0,0,0,0,1,0,0,0,0,0,0,0,0,0,2,0,0,0,0,0,0,0,0,0,0,0,0,0,1,0
70,0.6,240,0.83,0.8,790,TRUE,TRUE,2300,140,15,1,2,1,2,4,0,1,7,67,3,0,0,0,0,0,0,1,0,2,3,0,0,1,0,0,1,0,0,6,1,1,0,1,0,0,1,0,2,6,2,0,0,0,0,0,0,0,0,1,1,0,0,1,1,0,0,0,0,2,0,0,0,0,0,0,0,0,0,1,0,0,0,1,0,0,0,0,0,1,0,0,0,0,0,0,0,0,0,1
10,0.7,110,0.46,0.9,430,TRUE,TRUE,2300,136,12,0,1,0,3,2,2,1,1,72,2,0,1,0,0,0,1,1,0,2,2,0,0,0,0,1,1,0,1,5,2,0,1,2,0,0,0,0,0,5,2,0,0,0,0,0,0,0,0,2,1,0,0,0,0,0,0,1,0,2,0,0,0,0,0,1,0,0,0,0,0,0,0,0,0,0,0,0,0,6,0,0,0,0,0,0,0,0,0,1
10,0.5,190,0.84,0.3,840,TRUE,FALSE,2300,143,11,2,1,3,8,2,1,2,4,70,0,0,1,1,1,0,1,0,0,1,1,0,0,0,0,1,1,0,1,7,2,0,0,0,1,1,1,0,1,7,0,0,0,0,0,0,0,0,0,2,1,0,0,0,0,0,0,0,0,1,0,0,0,0,0,0,0,0,0,1,0,0,0,0,1,0,0,0,1,4,0,0,0,0,0,0,0,0,0,0
70,0.6,210,0.86,0.6,780,FALSE,TRUE,2300,144,13,2,0,3,5,2,0,0,2,71,3,1,2,0,0,0,2,0,2,2,4,0,0,1,0,0,0,0,0,9,2,0,0,1,0,2,0,0,0,4,3,0,0,0,0,0,0,1,0,2,1,0,0,0,0,0,1,0,0,1,0,0,0,0,0,0,0,0,0,0,0,0,0,0,1,0,0,0,0,0,0,0,0,0,0,0,0,1,0,1
20,0.7,190,0.38,0.6,300,FALSE,TRUE,2300,140,13,2,0,1,4,1,0,1,2,76,3,0,0,0,1,0,0,1,0,0,5,0,1,0,0,0,0,1,1,6,2,0,0,0,1,0,0,0,1,7,1,0,0,0,1,0,0,0,0,1,1,0,0,0,0,0,0,0,1,2,0,0,0,0,1,0,0,0,0,0,0,0,0,0,0,0,0,0,0,2,0,0,0,0,0,0,0,0,0,1
20,0.5,190,0.71,0.8,320,TRUE,TRUE,2300,141,19,1,0,1,5,0,2,1,3,72,4,0,1,0,0,0,0,0,0,1,2,0,0,0,0,0,1,0,2,3,1,0,0,0,1,0,0,0,0,11,1,0,0,0,0,0,0,0,0,1,0,0,0,0,0,1,0,0,0,1,1,0,0,0,2,0,0,0,1,0,0,1,0,0,0,0,0,0,0,1,0,0,0,0,0,0,0,0,1,0
30,0.6,200,0.67,0.4,130,TRUE,TRUE,2300,141,13,0,1,4,4,4,2,1,4,65,4,0,0,0,1,0,1,1,0,1,2,0,0,1,0,0,0,0,0,10,2,0,1,1,1,0,1,0,1,4,0,0,0,0,0,0,0,1,1,2,1,0,0,0,1,0,0,0,0,4,0,0,0,0,0,0,1,0,0,0,0,0,0,0,0,0,0,0,0,1,0,0,0,0,0,0,0,0,0,0
20,0.9,280,0.52,0.5,710,TRUE,TRUE,2300,133,9,2,0,1,4,3,2,0,3,75,2,0,0,0,0,1,0,0,0,1,0,1,0,0,0,1,0,1,0,9,1,0,0,0,0,1,0,0,0,7,1,0,0,1,0,0,0,0,0,2,0,0,0,0,0,0,0,0,0,2,0,0,0,0,0,0,1,0,0,0,0,0,0,0,1,0,0,1,0,0,1,0,0,0,0,0,0,0,0,0
30,0.9,200,0.46,0.5,750,TRUE,TRUE,2300,134,8,0,3,1,5,1,3,10,4,54,3,0,0,0,2,0,0,0,0,3,2,0,0,0,0,0,0,0,1,3,1,0,1,1,2,0,0,0,0,7,2,0,0,0,0,1,0,0,0,0,0,0,0,0,0,0,0,2,0,2,0,0,0,0,0,0,0,1,0,2,0,0,0,0,0,1,1,1,0,1,0,0,0,1,0,0,1,2,0,2
90,0.5,240,0.41,0.7,820,TRUE,FALSE,2300,139,6,1,1,3,3,1,1,4,3,76,4,0,0,0,0,0,0,1,1,2,1,0,0,0,0,0,0,0,0,7,2,0,0,1,1,1,1,0,1,9,1,0,0,1,0,0,0,0,0,1,0,0,0,0,0,0,0,0,0,2,0,0,0,0,1,0,0,0,0,0,1,0,0,1,0,0,0,0,0,0,0,0,0,0,0,0,0,0,1,0
90,0.5,220,0.75,0.7,670,FALSE,TRUE,2300,144,13,1,1,0,2,5,0,2,6,69,3,1,0,0,2,0,1,0,2,3,2,1,1,1,0,0,0,0,1,7,2,0,0,2,1,0,0,0,1,3,0,0,0,0,1,0,0,0,0,3,1,0,0,1,0,0,0,0,0,0,0,0,0,0,0,0,0,0,0,1,0,0,0,1,0,1,0,0,0,1,1,0,0,0,0,0,0,0,0,1
60,0.8,290,0.57,0.9,390,FALSE,TRUE,2300,140,6,3,1,2,7,2,1,1,3,78,1,1,0,0,0,0,0,0,1,3,0,0,0,0,0,0,0,0,0,14,1,2,0,1,3,0,0,0,0,2,0,0,0,0,0,0,0,0,0,2,0,0,0,0,0,0,0,0,0,1,0,0,0,2,0,0,0,0,0,1,0,0,0,0,0,0,0,0,1,1,0,0,0,0,0,0,0,0,0,0
70,0.5,220,0.39,0.6,770,FALSE,TRUE,2300,143,12,0,0,1,4,2,2,1,3,74,5,1,0,1,1,0,0,0,1,1,2,0,1,3,0,0,0,0,0,5,2,0,0,0,0,1,0,0,0,10,1,0,0,0,0,2,0,0,0,0,0,0,0,1,0,0,0,0,0,2,0,0,0,0,0,1,0,0,0,1,0,0,0,0,0,0,1,0,1,0,0,0,0,0,0,0,0,0,1,0
30,0.5,280,0.44,0.9,940,TRUE,FALSE,2300,140,11,0,1,3,6,3,1,1,4,72,1,0,1,0,1,0,1,1,0,2,0,0,0,0,0,0,1,1,0,9,1,0,1,0,1,1,0,1,0,5,1,0,1,1,0,0,0,0,0,1,0,0,0,0,0,0,0,0,0,1,1,0,0,0,0,1,0,0,0,0,0,0,0,0,0,0,0,0,0,2,0,0,0,0,0,0,0,0,0,2
90,0.6,100,0.35,0.5,860,TRUE,TRUE,2300,140,7,2,1,2,3,4,1,2,3,70,0,4,0,0,0,0,0,1,0,4,3,0,0,0,0,1,0,1,0,10,2,0,1,2,0,0,0,1,1,6,1,0,0,0,1,0,0,0,0,2,0,0,0,0,0,1,0,0,0,1,0,0,0,1,0,0,0,0,0,0,0,0,0,0,0,0,0,0,0,1,0,0,0,0,0,0,0,0,0,1
20,0.7,100,0.31,0.8,610,FALSE,FALSE,2300,136,11,0,0,0,6,0,0,1,1,78,1,1,0,0,1,0,0,0,1,3,1,1,0,0,1,0,0,0,0,5,2,0,0,1,0,0,0,1,0,8,2,0,0,0,0,0,0,0,0,4,0,0,0,0,0,0,0,0,0,3,0,0,0,0,2,0,0,0,0,1,0,1,0,0,0,0,0,0,0,0,0,0,0,0,0,0,0,0,0,0
20,0.8,180,0.98,0.3,1000,FALSE,FALSE,2300,142,13,1,1,3,7,3,1,1,6,69,2,0,0,1,1,0,1,0,0,0,2,0,0,2,0,1,0,1,1,5,0,0,0,1,0,0,0,0,0,7,1,0,0,0,0,1,1,0,1,1,0,0,0,0,1,0,0,0,0,0,0,0,0,0,0,1,0,0,0,2,0,0,0,0,0,0,0,0,0,3,0,0,0,0,0,0,0,0,1,0
70,0.7,140,0.95,0.9,920,TRUE,FALSE,2300,142,6,1,2,2,6,2,1,2,3,77,2,2,0,0,0,0,1,0,0,1,0,1,1,0,0,0,0,1,0,9,3,1,0,3,1,0,0,1,0,4,1,0,0,0,0,0,0,0,0,1,0,0,0,0,0,0,0,0,1,2,0,0,0,0,1,0,0,0,0,1,0,0,0,0,1,0,0,0,0,1,0,0,0,0,0,0,0,0,0,1
90,0.9,270,0.44,0.5,810,TRUE,FALSE,2300,140,11,2,1,1,7,0,1,2,2,74,2,1,0,0,1,0,0,0,0,3,1,0,0,0,1,0,1,0,0,10,2,0,0,0,1,0,0,0,0,4,1,1,0,0,1,0,0,0,0,5,1,0,0,0,0,0,0,0,0,1,0,0,0,0,1,0,0,0,0,0,0,0,0,0,0,0,0,0,1,0,0,0,0,0,0,0,0,0,0,1
80,0.9,300,0.53,0.5,170,FALSE,FALSE,2300,143,9,2,2,1,5,2,2,4,2,77,0,1,1,0,0,0,0,1,0,1,1,0,0,0,0,0,0,0,0,8,0,1,0,1,1,0,0,0,0,5,2,1,0,1,0,0,1,0,0,5,0,0,0,0,0,0,0,0,0,3,0,0,0,0,0,1,0,0,0,1,0,0,0,0,0,0,0,0,0,1,0,0,0,0,0,1,0,0,0,0
60,0.5,280,0.65,0.8,380,TRUE,FALSE,2300,142,11,0,0,3,6,4,2,0,5,66,0,0,0,0,2,3,1,0,0,1,3,0,0,0,0,0,0,0,0,8,3,0,1,2,0,2,0,1,0,6,2,0,1,1,0,0,1,0,0,0,0,0,0,0,0,0,0,0,0,1,0,0,0,0,1,0,0,0,0,3,0,0,0,0,0,0,0,0,2,0,0,0,0,0,0,0,0,0,1,0
90,0.8,220,0.59,0.8,930,FALSE,FALSE,2300,141,11,1,1,4,7,2,0,1,3,75,1,0,0,0,1,0,0,0,0,2,2,0,1,0,0,0,0,0,0,9,0,1,1,0,0,3,0,0,0,5,0,0,1,1,0,1,0,0,0,1,0,0,0,0,1,0,0,0,0,1,0,0,0,0,0,1,0,0,0,0,1,0,0,0,0,0,1,1,0,0,0,0,0,0,0,0,0,0,0,1
100,0.5,270,0.62,0.5,390,TRUE,TRUE,2300,141,7,2,2,1,4,2,1,0,2,79,2,1,0,1,0,0,0,0,1,4,1,0,0,0,1,0,0,1,0,9,2,0,0,0,0,1,0,0,0,5,1,0,1,0,2,0,0,0,0,4,0,0,0,0,0,1,0,0,0,1,0,0,0,0,0,0,0,0,0,1,0,0,0,0,0,0,0,0,0,2,0,0,0,0,0,0,0,0,0,0
90,0.6,270,0.74,0.9,930,TRUE,TRUE,2300,141,8,2,0,2,3,5,3,2,1,77,1,0,0,0,0,2,0,0,0,3,0,1,0,0,0,0,0,0,1,6,1,1,1,1,0,0,0,0,0,8,1,0,0,0,1,0,0,0,1,0,0,0,1,0,0,0,0,0,0,1,0,0,0,0,1,0,0,0,1,0,1,0,0,0,0,0,0,0,1,2,0,0,0,0,1,0,0,0,0,0
70,0.7,190,0.59,0.7,410,TRUE,TRUE,2300,142,11,0,1,2,7,3,0,2,5,73,2,0,1,0,0,1,1,0,0,0,2,0,0,2,0,1,0,0,1,4,0,0,1,0,2,0,1,1,0,7,1,0,0,0,0,0,0,0,0,3,0,0,0,0,0,0,0,0,0,0,1,0,0,0,0,1,0,0,0,2,0,0,0,0,0,0,0,0,0,1,0,0,0,0,0,0,0,1,0,2
80,0.5,220,0.34,0.4,550,TRUE,FALSE,2300,141,13,0,2,0,6,3,0,1,4,72,3,1,0,1,0,0,1,0,0,2,4,1,0,1,0,0,1,0,1,5,1,0,0,0,0,0,0,0,0,7,2,0,0,0,1,0,0,1,0,2,0,0,0,0,0,0,0,0,0,2,0,0,0,0,0,0,0,0,0,2,0,0,0,0,1,0,0,0,0,1,0,0,0,0,0,0,0,0,0,0
80,0.9,250,0.88,0.7,850,FALSE,TRUE,2300,144,6,5,1,0,6,1,0,5,5,75,3,0,0,0,0,1,0,0,0,1,0,0,0,1,0,1,1,0,0,9,1,0,0,0,0,0,0,0,0,8,2,0,0,0,0,0,0,0,0,5,0,0,0,0,0,1,0,0,0,2,0,0,0,0,1,0,0,0,0,1,1,0,0,0,0,0,0,0,0,1,0,0,1,0,0,0,0,0,0,0
80,0.9,220,0.54,0.9,260,FALSE,FALSE,2300,140,12,0,1,3,5,0,1,1,3,76,0,1,2,0,0,1,0,0,0,1,2,0,0,1,1,0,0,0,0,10,3,0,0,0,0,0,0,0,0,5,1,0,0,0,1,1,0,0,1,4,0,0,0,0,0,1,0,0,0,1,0,0,0,0,1,0,0,0,0,0,0,0,0,0,0,1,0,0,0,0,0,0,0,0,0,0,0,0,0,0
50,0.5,300,0.87,0.3,660,FALSE,FALSE,2300,138,10,2,1,6,4,2,2,2,2,64,1,0,1,1,1,2,1,1,1,4,2,0,0,0,1,0,0,1,0,7,1,0,0,3,0,0,0,0,0,3,1,1,0,0,0,0,0,0,1,3,1,1,0,0,0,0,0,0,0,1,0,0,0,1,0,0,0,0,0,1,0,0,0,0,0,0,1,0,0,0,0,0,0,0,0,1,0,0,0,0
90,0.6,210,0.71,0.3,180,TRUE,FALSE,2300,138,11,1,0,2,4,1,2,2,3,77,1,0,0,0,1,0,0,0,1,1,1,0,0,0,1,0,1,0,0,8,2,0,0,3,0,0,0,0,1,6,0,0,0,0,0,0,1,0,0,1,1,0,0,0,0,0,0,1,0,2,0,0,0,0,0,0,0,0,1,0,0,0,0,0,0,1,0,0,0,1,0,0,0,0,0,0,0,0,0,0
70,0.8,200,0.49,0.5,310,FALSE,TRUE,2300,141,11,0,2,3,5,3,1,0,7,69,3,1,0,2,0,1,0,0,0,1,0,0,0,1,0,0,0,1,0,6,2,0,0,0,0,1,0,0,1,3,1,0,0,1,0,1,0,0,0,1,1,1,0,0,0,0,0,0,0,4,0,0,0,0,0,1,0,0,1,2,0,0,0,0,0,0,0,0,0,3,0,0,0,1,0,0,0,0,0,0
100,0.6,300,0.58,0.9,630,FALSE,FALSE,2300,135,8,0,0,2,3,0,0,4,2,74,4,0,0,1,0,0,1,0,0,1,3,0,0,0,0,0,1,0,0,7,3,0,1,0,0,0,0,0,1,5,1,0,0,0,0,0,0,0,0,1,0,0,0,0,0,0,0,0,0,4,1,0,0,0,2,0,0,0,0,1,0,0,0,0,1,0,0,0,0,3,0,0,0,1,0,0,0,0,0,0
70,0.5,150,0.61,0.4,950,TRUE,FALSE,2300,142,7,3,1,2,6,2,1,1,3,81,1,0,1,0,0,0,0,0,0,3,0,0,0,0,2,0,1,0,0,9,1,1,2,0,1,0,0,0,1,6,0,0,0,0,0,0,0,0,0,1,0,0,0,0,1,1,0,0,0,1,0,0,0,0,0,0,0,0,0,0,0,0,0,0,0,0,0,0,0,1,0,0,0,0,0,0,0,0,1,1
40,0.9,210,0.56,0.4,280,TRUE,FALSE,2300,139,7,1,1,1,8,2,1,1,3,70,0,1,2,0,0,0,2,0,1,1,1,0,0,2,0,0,1,0,0,11,2,2,0,0,0,0,1,0,0,6,1,0,0,0,0,0,0,0,0,2,0,1,0,0,0,0,0,0,0,3,0,0,0,0,0,1,0,0,0,3,0,0,0,0,0,0,0,0,0,0,0,0,0,0,0,0,1,0,0,0
100,0.8,280,0.56,0.7,170,FALSE,FALSE,2300,139,6,1,2,1,6,1,1,2,1,82,2,0,0,0,1,0,0,0,0,2,0,1,1,0,0,0,0,0,4,7,2,0,0,1,0,2,0,0,0,4,1,0,0,0,0,0,0,0,0,2,1,0,0,0,0,0,0,0,0,2,0,0,0,0,1,0,0,0,0,0,0,0,0,0,0,0,0,0,0,3,0,0,0,0,0,0,0,0,0,0
80,0.5,280,0.96,0.5,1000,FALSE,TRUE,2300,137,3,4,2,3,5,5,1,0,9,72,0,2,0,0,0,0,0,0,1,2,0,0,0,0,0,0,0,0,0,8,0,0,1,2,0,1,0,0,1,8,0,0,1,0,0,0,0,0,0,1,0,0,0,0,1,0,0,0,0,3,0,0,0,0,0,1,0,0,0,0,0,0,0,0,0,0,0,0,0,0,0,0,0,0,0,0,0,0,1,0
20,0.8,210,0.33,0.9,110,TRUE,FALSE,2300,140,10,1,0,4,5,1,0,1,6,77,1,1,0,0,0,0,0,0,0,2,4,0,0,0,0,0,0,0,0,7,0,0,0,1,1,0,0,0,1,7,2,0,0,0,0,0,0,0,0,0,0,0,0,0,0,0,1,1,0,4,0,0,0,0,0,1,0,0,0,0,0,0,0,0,0,0,0,0,0,0,0,0,0,0,0,1,0,0,0,1
40,0.9,220,0.77,0.8,790,FALSE,FALSE,2300,138,6,1,1,1,4,0,3,2,2,79,0,1,1,0,0,0,0,2,0,1,2,0,0,0,0,0,0,0,1,10,3,0,1,1,0,0,0,0,0,7,1,0,1,0,0,1,0,0,0,1,0,0,0,1,0,0,0,0,0,1,0,0,0,0,0,1,0,0,0,2,0,0,0,0,0,0,0,0,0,1,0,0,0,0,0,0,0,0,0,0
50,0.7,110,0.54,0.7,140,FALSE,FALSE,2300,137,10,2,1,3,1,3,2,2,4,76,2,0,0,0,1,0,0,1,0,0,1,0,0,0,1,0,0,0,1,7,1,0,0,0,0,0,0,0,1,5,1,0,0,0,0,0,0,0,0,1,1,0,0,1,1,0,0,0,0,2,0,0,0,0,0,0,0,0,1,2,0,0,0,0,2,0,0,0,1,0,0,0,0,0,0,0,0,0,0,0
30,0.8,240,0.96,0.5,530,TRUE,TRUE,2300,136,11,1,3,3,4,3,1,2,4,60,3,0,0,1,1,0,0,0,1,1,2,0,0,1,1,0,0,0,0,8,2,0,1,0,1,0,0,1,3,7,2,0,0,0,0,0,0,0,0,0,1,0,0,0,0,1,0,0,1,2,0,0,0,0,0,0,0,0,0,1,0,0,0,0,0,1,0,0,0,2,0,0,0,0,0,0,0,0,0,0
20,0.7,130,0.34,0.4,870,TRUE,FALSE,2300,135,7,2,0,4,6,2,1,3,3,72,0,0,1,0,1,0,0,0,0,1,1,0,1,0,0,0,0,0,1,9,1,1,0,0,1,0,1,1,0,2,0,1,0,0,1,0,0,0,1,4,1,0,0,0,0,0,0,0,1,1,0,0,0,0,1,0,0,0,0,1,0,0,0,0,0,0,0,0,0,2,0,0,0,0,0,0,0,0,0,0
10,0.6,100,0.52,0.6,200,TRUE,TRUE,2300,144,8,2,1,0,7,0,0,1,2,82,3,1,1,0,0,0,2,1,0,3,2,0,0,0,0,0,0,0,0,8,2,2,0,0,1,0,0,0,0,4,0,1,1,0,0,0,0,0,0,3,0,0,0,0,0,0,1,1,0,1,0,0,0,0,0,0,0,0,0,0,0,0,0,0,1,0,0,0,0,2,0,0,0,0,0,0,0,0,0,1
70,0.7,130,0.44,0.6,750,TRUE,TRUE,2300,140,9,2,1,5,8,2,2,0,5,69,1,1,1,0,0,1,0,0,1,1,1,0,0,0,2,1,1,0,0,8,2,0,1,1,0,0,0,1,0,3,0,0,0,0,0,1,0,0,0,2,0,0,0,0,1,0,0,1,0,2,0,0,0,0,0,1,0,0,0,1,0,0,0,0,0,0,0,0,0,0,1,0,0,0,0,0,0,0,1,0
60,0.7,230,0.35,0.4,420,FALSE,TRUE,2300,137,6,3,3,0,5,3,1,1,5,73,0,0,1,0,1,0,2,0,0,3,1,0,0,0,0,0,0,0,0,7,1,0,0,1,0,0,0,0,0,11,1,0,0,0,0,0,0,0,0,3,0,1,0,0,0,0,0,0,0,1,0,0,0,0,0,1,0,0,0,0,0,0,0,0,0,0,1,0,0,1,0,0,0,0,0,0,0,0,0,1
50,0.7,150,0.69,0.6,700,TRUE,TRUE,2300,138,12,2,2,1,5,0,0,2,4,67,6,0,0,1,1,0,0,0,0,1,0,0,0,1,0,0,1,0,0,9,2,0,0,1,1,0,2,1,0,9,0,0,0,0,0,0,0,0,0,3,1,0,0,0,0,0,0,0,0,0,0,0,0,0,0,0,0,0,0,0,0,1,0,0,2,0,0,0,0,1,0,0,0,0,0,0,0,0,0,0
10,0.7,280,0.49,0.9,450,FALSE,FALSE,2300,138,13,0,1,4,3,2,1,3,5,64,4,0,0,0,0,0,0,2,1,0,1,0,0,1,0,0,0,1,1,9,1,1,1,0,0,0,0,0,0,7,0,0,0,0,0,0,0,0,1,1,2,0,0,0,0,1,0,0,0,2,0,0,0,0,0,1,0,0,0,1,0,0,0,0,1,0,0,0,0,2,1,0,0,0,0,0,0,0,0,0
90,0.6,120,0.43,0.8,480,TRUE,TRUE,2300,141,9,0,0,2,6,1,1,1,4,71,3,2,1,1,0,1,0,1,0,1,4,1,1,0,0,0,0,0,1,7,1,1,0,0,1,0,0,0,0,8,0,0,0,0,1,0,0,0,0,1,2,0,0,0,0,0,0,0,0,1,0,0,0,1,0,0,0,0,0,0,1,0,0,0,0,0,0,0,0,3,1,0,0,0,0,0,0,0,0,1
30,0.6,300,0.44,0.3,140,FALSE,TRUE,2300,139,12,0,1,4,9,0,2,2,6,64,1,2,1,1,1,2,0,0,0,0,1,0,0,1,1,1,0,0,1,6,1,1,0,1,1,0,0,1,0,4,1,1,1,0,1,0,0,0,0,0,0,0,0,1,1,0,0,0,0,3,0,0,0,0,1,0,0,0,0,0,0,0,0,0,0,0,0,0,0,0,0,0,0,0,0,0,0,0,0,2
80,0.5,100,0.79,0.5,710,FALSE,FALSE,2300,136,10,1,1,2,6,2,3,1,6,67,1,1,0,1,0,0,0,0,0,2,0,0,0,0,1,0,0,0,2,5,1,2,0,1,1,0,1,0,0,2,1,0,0,0,0,0,0,0,0,5,2,0,0,0,0,1,0,0,0,2,0,0,0,0,0,0,0,0,0,2,0,0,0,0,0,0,0,0,0,3,0,0,0,0,0,0,0,0,1,0
40,0.6,100,0.75,0.3,750,TRUE,TRUE,2300,140,7,4,0,1,4,1,0,1,7,72,3,1,2,0,0,0,0,0,0,3,0,0,0,0,0,0,0,0,0,10,2,0,0,0,0,0,0,0,0,11,0,0,0,0,1,0,0,1,0,1,0,0,0,0,2,0,0,0,0,1,0,0,0,0,0,0,0,0,0,0,0,0,0,0,1,0,0,0,0,2,0,0,0,1,0,0,0,0,0,2
90,0.6,180,0.65,0.5,110,FALSE,TRUE,2300,141,12,1,0,2,6,1,4,2,2,71,0,2,2,0,1,1,0,0,0,3,0,0,1,0,0,0,0,0,0,6,1,0,0,1,1,0,0,0,1,7,0,1,1,0,0,0,0,0,1,1,0,1,0,0,1,0,0,0,0,2,0,0,0,0,0,0,0,0,0,2,0,0,0,1,1,0,0,0,0,0,0,0,0,0,0,0,0,0,1,1
60,0.9,260,0.5,0.5,440,TRUE,TRUE,2300,138,8,1,1,2,7,2,1,4,5,64,4,1,1,2,0,0,0,1,0,4,0,0,0,0,1,1,0,0,0,8,5,0,0,0,0,1,0,0,0,6,0,0,0,0,1,0,0,0,0,1,1,0,0,0,0,0,0,0,0,2,0,0,0,0,0,0,0,0,0,1,0,0,2,0,1,0,0,0,0,0,0,0,0,0,0,0,0,0,0,0
30,0.6,250,0.33,0.9,120,FALSE,TRUE,2300,140,15,0,2,0,5,1,1,1,1,74,2,0,0,1,0,0,0,0,1,3,0,0,0,1,1,0,0,0,0,8,1,0,0,1,0,0,1,0,1,7,2,0,0,0,0,1,1,1,0,4,0,0,0,0,1,0,0,0,0,0,0,0,0,0,1,0,0,0,0,0,0,0,0,0,0,0,0,0,0,1,0,0,0,0,1,0,0,0,0,0
40,0.9,200,0.81,0.6,190,FALSE,FALSE,2300,142,9,3,1,2,2,3,0,2,2,79,1,1,0,0,1,0,0,0,0,2,2,1,1,0,0,0,0,2,1,6,0,0,0,1,0,1,0,0,0,8,2,0,0,0,0,0,0,0,2,3,0,0,0,0,0,0,0,0,0,1,0,0,0,0,0,0,0,0,0,0,1,0,0,0,1,0,0,0,0,0,0,0,0,0,0,0,0,0,0,2
50,0.8,210,0.44,0.8,810,TRUE,FALSE,2300,136,6,1,2,0,4,2,1,0,1,81,0,1,0,2,0,0,0,0,0,2,0,0,0,0,0,0,0,0,1,8,2,2,0,1,0,1,0,1,1,3,1,0,1,0,0,0,1,0,0,3,1,0,0,0,0,0,0,0,0,1,0,0,0,0,0,0,0,0,0,0,0,0,0,0,2,0,0,0,0,3,0,0,0,0,1,0,0,0,0,0
80,0.6,250,0.36,0.5,350,FALSE,FALSE,2300,137,9,2,1,0,3,1,4,2,2,78,0,1,1,0,0,0,1,1,0,0,1,0,0,0,1,0,0,0,0,7,1,0,1,1,0,1,0,0,0,6,1,1,0,0,0,0,0,0,0,3,0,0,0,0,0,0,0,0,0,0,0,0,0,0,0,0,0,0,0,4,0,0,0,0,0,1,0,0,0,1,1,0,0,0,1,0,0,0,0,0
20,0.8,270,0.87,0.4,510,TRUE,TRUE,2300,138,5,1,3,3,5,1,0,2,5,75,4,0,0,0,0,0,0,0,1,1,0,2,0,0,0,0,0,0,1,9,1,0,1,0,1,1,1,0,2,4,1,1,0,1,0,0,0,0,0,1,1,0,0,0,0,0,0,0,0,2,0,0,0,0,0,0,0,0,0,0,0,0,0,0,0,0,0,0,0,2,0,0,0,0,0,0,1,0,0,0
40,0.8,200,0.84,0.8,230,FALSE,TRUE,2300,141,17,1,0,1,4,1,1,1,2,71,3,1,1,0,0,0,1,0,1,3,1,0,0,0,0,0,0,0,1,3,2,0,0,0,0,1,1,0,0,9,2,0,0,0,0,0,0,0,0,1,1,0,0,1,2,0,0,0,0,3,0,0,0,0,0,0,0,0,0,1,0,0,0,0,1,0,0,0,0,1,0,0,0,0,0,0,0,0,0,2
10,0.7,290,0.82,0.6,710,FALSE,TRUE,2300,146,11,2,1,3,5,2,0,2,3,73,4,1,0,1,0,0,1,0,3,1,2,0,1,1,1,0,0,0,0,7,3,0,1,0,0,1,0,0,1,5,2,0,0,0,0,1,0,0,0,0,0,1,0,0,0,0,0,0,0,2,0,0,0,0,0,0,0,0,0,1,0,0,0,0,0,0,0,0,0,3,0,0,0,0,0,1,0,0,0,0
90,0.8,130,0.85,0.8,320,FALSE,FALSE,2300,139,5,2,1,8,7,1,1,1,5,74,0,1,0,0,1,1,0,0,0,0,0,0,0,0,1,0,0,0,0,4,3,1,0,0,2,0,0,0,2,8,0,0,0,0,0,0,1,0,0,2,0,0,0,1,0,0,0,0,0,1,0,0,0,0,0,0,0,0,0,0,0,0,0,0,1,0,0,0,1,3,0,0,0,0,0,0,0,0,1,0
70,0.7,210,0.49,0.7,800,FALSE,FALSE,2300,144,16,1,1,1,3,3,0,1,3,71,2,1,0,0,2,0,1,0,0,2,3,0,0,0,2,0,0,0,0,9,0,0,0,0,0,1,0,0,0,7,2,0,0,0,1,0,0,0,0,1,2,0,0,0,0,0,0,0,0,2,0,0,0,0,1,1,0,0,0,1,0,0,1,0,0,0,0,0,0,2,1,0,0,0,0,0,0,0,0,0
20,0.8,140,0.39,0.9,190,FALSE,TRUE,2300,141,14,1,0,2,4,3,2,0,2,68,1,0,0,0,2,1,2,0,0,4,3,0,0,2,0,0,0,0,0,6,2,0,0,3,0,0,0,0,0,7,3,0,0,0,0,0,0,0,0,2,0,0,0,1,0,0,0,0,0,2,0,0,0,0,0,1,0,0,0,0,0,0,0,0,0,0,0,0,0,1,0,0,0,0,0,0,1,0,0,1
100,0.5,290,0.52,0.9,960,TRUE,FALSE,2300,135,7,1,2,6,5,4,4,2,5,60,3,0,0,1,0,0,1,1,1,0,0,0,0,0,3,0,1,0,0,5,3,0,0,1,0,0,0,0,2,4,1,0,0,0,0,0,0,0,0,2,0,0,0,0,2,0,0,0,0,3,0,0,0,0,1,0,0,0,0,0,0,0,0,0,0,0,0,0,0,4,0,0,0,0,1,0,0,0,0,0
80,0.9,160,1,0.8,640,FALSE,FALSE,2300,135,12,2,0,2,2,3,0,1,2,72,2,0,0,1,0,1,0,0,0,1,1,0,0,0,1,0,0,2,2,8,4,0,0,0,0,1,0,0,0,2,2,0,0,0,1,0,0,0,0,1,0,0,0,0,1,0,0,0,0,6,0,0,0,0,0,0,0,0,0,2,0,0,0,0,0,0,0,0,0,1,0,0,0,0,0,0,0,0,0,0
20,0.7,270,0.86,0.8,320,FALSE,TRUE,2300,131,7,1,1,4,9,2,1,1,6,56,2,1,0,0,0,2,1,1,0,1,2,0,0,1,0,1,1,0,2,6,0,0,1,0,0,0,0,0,0,9,1,0,0,0,1,2,0,0,0,1,0,0,0,0,0,2,0,0,0,0,0,0,0,0,0,0,0,0,0,3,0,0,0,0,1,0,0,0,0,1,0,0,0,0,0,0,0,0,0,1
10,0.5,200,0.32,0.7,190,FALSE,FALSE,2300,135,13,2,0,1,2,1,2,0,4,70,0,1,0,0,1,0,0,0,0,2,1,0,0,1,0,0,0,0,0,7,1,1,0,0,1,0,1,0,1,9,2,0,1,0,2,0,0,0,0,3,1,0,0,0,0,0,0,0,0,2,0,0,0,0,0,0,0,0,0,1,0,1,0,0,0,0,1,0,0,0,0,0,0,0,0,0,0,0,0,0
70,0.9,100,0.7,0.9,350,FALSE,FALSE,2300,138,11,1,0,1,5,3,1,1,0,76,2,1,0,0,0,0,0,1,0,3,0,1,2,0,0,1,0,0,0,6,2,0,0,0,0,0,0,0,0,9,1,0,0,1,1,0,0,0,1,1,1,0,0,0,0,0,0,0,0,2,0,0,0,0,0,0,0,0,0,0,1,0,0,0,0,1,0,0,0,1,0,0,0,0,0,0,0,0,1,0
20,0.6,230,0.93,0.5,190,TRUE,FALSE,2300,137,13,0,4,2,3,2,0,5,2,67,3,0,0,0,0,0,0,0,1,2,3,0,1,0,0,0,0,0,0,8,1,0,1,1,1,0,1,0,1,8,0,0,0,0,0,0,0,0,0,3,1,0,0,0,0,2,0,0,0,1,0,0,0,0,0,0,0,0,0,0,0,0,0,0,0,0,0,0,0,1,0,0,0,0,0,0,0,0,0,0
50,0.7,210,0.84,0.6,420,TRUE,TRUE,2300,140,7,5,0,1,3,1,0,3,6,80,1,1,0,0,1,0,0,0,0,5,1,0,0,0,0,0,0,0,0,6,1,0,0,1,1,0,0,1,0,7,0,1,0,1,0,0,0,0,0,1,0,0,0,0,1,0,1,0,0,0,0,0,0,0,0,0,0,0,0,1,0,0,0,0,0,1,0,0,0,0,0,0,0,0,0,0,0,0,0,2
50,0.9,150,0.83,0.9,960,TRUE,TRUE,2300,141,13,0,1,0,3,3,0,1,1,75,1,0,0,1,3,0,0,1,0,1,2,0,0,0,0,0,1,0,4,7,2,0,0,0,0,1,0,0,0,7,2,0,0,0,0,0,1,0,0,3,0,0,1,0,0,0,0,0,0,2,0,0,0,0,0,1,0,0,0,1,1,0,0,0,0,0,0,0,0,2,0,0,0,0,0,0,0,0,0,0
80,0.9,230,0.48,0.6,510,TRUE,FALSE,2500,130,11,0,2,1,4,2,1,0,1,69,3,0,1,0,0,0,0,0,2,1,3,0,0,0,0,0,0,0,0,9,2,0,0,0,0,0,1,0,1,8,1,0,0,1,1,0,0,0,0,1,0,1,0,0,0,0,0,0,0,1,0,0,0,0,0,0,0,0,0,0,0,0,0,0,2,0,0,0,0,0,0,0,0,0,0,0,0,0,0,1
50,0.6,150,0.93,0.8,410,TRUE,FALSE,2500,127,7,0,0,2,1,4,0,1,1,70,0,0,0,1,1,1,0,1,0,2,0,2,0,0,0,0,1,1,0,8,2,1,0,0,0,0,0,0,1,8,0,0,0,0,0,0,0,0,1,1,1,1,0,0,0,0,0,0,0,3,0,1,0,0,1,1,0,0,0,0,0,0,0,0,0,0,0,0,0,2,0,0,0,0,0,0,0,0,0,0
60,0.8,210,0.43,0.6,830,FALSE,FALSE,2500,127,4,0,2,0,5,0,2,2,1,75,1,1,0,0,0,0,0,0,0,3,2,2,0,0,1,0,0,0,0,6,1,0,0,1,1,0,0,0,0,6,1,0,0,0,0,0,0,0,0,1,0,0,0,0,1,0,0,0,0,0,0,1,0,0,0,1,0,0,0,0,0,0,0,0,0,0,0,0,2,3,0,0,0,0,0,0,0,0,0,2
80,0.5,130,0.77,0.6,810,FALSE,TRUE,2500,124,6,0,0,3,5,1,1,1,1,67,2,1,0,0,0,0,0,0,0,2,2,2,1,0,0,0,1,1,1,10,1,1,0,0,1,1,0,0,0,3,1,0,0,0,0,0,0,0,0,2,1,0,0,0,0,0,0,0,1,1,0,0,0,0,1,0,0,0,0,1,0,0,0,1,0,0,0,0,0,0,0,0,0,0,0,0,0,0,0,1
40,0.9,120,0.42,0.3,700,FALSE,TRUE,2500,126,7,0,0,1,4,3,0,0,4,71,2,0,1,0,0,1,0,1,0,1,2,1,0,0,1,0,0,1,1,6,3,0,0,0,1,0,0,0,0,6,1,0,0,0,1,0,0,0,0,1,0,0,1,0,0,0,0,0,0,0,1,0,0,0,0,1,0,0,0,0,0,0,0,0,0,0,0,0,0,1,0,0,0,0,1,0,0,0,0,1
80,0.7,220,0.86,0.9,830,TRUE,FALSE,2500,127,6,1,0,2,5,2,0,2,2,73,0,0,0,1,2,0,0,0,0,1,0,0,0,1,0,0,0,0,1,5,1,0,1,1,1,0,0,0,1,6,1,1,0,0,0,0,0,0,0,2,1,0,0,0,0,0,0,0,0,2,0,0,0,0,2,0,0,0,0,1,0,0,0,0,0,1,0,0,0,1,0,0,0,0,0,0,0,0,1,0
90,0.8,130,0.47,0.7,280,TRUE,TRUE,2500,126,6,0,0,3,6,2,1,0,2,70,1,1,0,1,1,0,1,0,1,2,1,1,0,0,0,0,0,1,0,2,0,0,0,0,1,0,0,1,0,8,0,0,0,1,0,0,0,0,0,1,2,0,1,0,0,1,0,0,0,3,0,0,0,0,0,0,0,0,0,0,0,0,0,0,0,0,0,0,1,1,0,0,0,0,0,0,0,1,1,1
20,0.6,300,0.71,0.8,570,TRUE,FALSE,2500,128,9,0,2,0,3,2,3,0,1,69,0,1,0,2,1,0,0,0,1,1,1,1,1,0,0,0,0,0,0,11,1,1,0,0,1,0,0,0,1,1,1,0,1,1,1,0,0,0,0,1,0,0,0,0,1,1,0,0,0,3,0,0,0,0,1,0,0,0,0,0,1,0,0,0,0,1,0,0,0,1,0,0,0,0,0,0,0,0,0,1
60,0.8,220,0.86,0.8,950,FALSE,FALSE,2500,127,7,1,0,1,4,0,3,0,3,70,1,0,0,1,0,0,0,0,0,4,2,0,0,0,1,0,1,0,1,6,0,1,1,0,1,0,0,0,0,7,0,1,1,0,0,0,0,0,0,0,0,0,1,0,0,0,0,0,0,2,1,0,0,0,0,1,0,0,0,2,0,0,0,0,0,0,0,0,0,2,0,0,0,0,0,0,0,0,0,1
30,0.5,120,0.8,0.4,650,TRUE,FALSE,2500,132,12,0,1,3,4,1,1,1,1,71,1,1,0,2,0,1,0,0,0,0,1,0,0,0,0,0,0,0,3,8,3,0,0,0,2,1,0,0,0,4,0,1,0,0,0,0,0,0,0,2,2,0,1,0,0,0,0,0,0,2,0,0,0,0,0,0,0,0,0,1,0,0,0,0,1,0,0,0,0,0,0,0,0,1,0,0,0,0,0,0
20,0.5,270,0.32,0.3,920,FALSE,FALSE,2500,130,9,0,0,2,5,1,0,1,2,69,4,1,0,1,0,1,1,1,0,1,2,0,0,0,1,0,0,1,1,7,1,0,0,0,1,0,0,0,1,5,1,0,0,1,0,0,0,0,0,3,1,0,0,1,0,0,0,0,1,0,0,0,1,0,0,0,0,0,0,2,0,0,0,0,1,0,0,0,0,0,0,0,0,0,0,0,0,0,0,0
80,0.7,220,0.92,0.5,820,TRUE,FALSE,2500,128,10,0,0,0,4,0,1,0,1,73,0,0,0,1,2,0,0,0,0,1,2,0,1,1,0,1,1,1,1,5,1,0,0,0,0,1,1,1,0,6,2,0,0,0,0,0,0,0,0,3,0,0,0,0,0,0,0,0,0,1,0,0,0,0,1,0,0,0,0,1,1,0,0,0,0,0,1,0,1,2,0,0,0,0,0,0,0,0,0,0
90,0.6,250,0.44,0.3,530,FALSE,FALSE,2500,130,9,0,1,1,6,2,1,2,1,70,0,0,2,0,0,0,1,0,0,2,1,0,0,1,0,2,0,0,1,10,1,0,0,1,1,0,0,0,0,5,1,0,0,0,0,0,0,0,0,2,0,0,0,0,0,0,0,0,0,2,0,0,0,0,0,0,0,0,0,0,1,0,0,0,2,0,0,0,1,1,0,0,0,0,0,0,0,0,0,0
30,0.9,200,0.45,0.7,930,TRUE,FALSE,2500,128,8,0,0,1,2,2,1,0,2,74,1,0,0,0,2,0,0,0,0,2,2,1,0,0,0,0,0,0,2,8,3,0,0,1,0,1,0,0,1,7,0,1,1,0,0,0,0,0,0,2,0,0,0,0,0,0,0,0,0,0,0,0,0,1,0,1,0,0,0,0,0,0,0,0,0,0,0,0,0,0,1,0,0,0,0,0,0,0,0,1
60,0.7,230,0.36,0.3,520,TRUE,TRUE,2500,129,9,0,0,3,8,0,1,2,1,68,1,0,0,1,0,1,1,0,0,0,1,0,0,0,1,0,1,1,0,8,1,1,0,0,3,0,0,1,2,3,2,0,0,0,1,0,1,0,0,3,0,0,0,0,0,0,0,0,0,0,0,0,0,0,0,0,0,0,0,1,0,0,0,0,0,0,0,0,0,2,0,0,0,0,0,0,1,0,0,0
40,0.6,120,0.68,0.6,460,FALSE,TRUE,2500,127,8,1,1,1,1,2,0,1,1,71,2,1,0,2,0,0,0,0,0,3,3,0,1,0,1,0,0,1,0,5,2,0,0,0,1,0,1,0,1,9,0,0,0,0,0,0,0,0,0,1,1,0,0,0,0,0,0,0,0,0,1,0,0,0,1,0,0,0,1,0,0,0,0,0,1,0,0,0,0,1,0,0,0,0,0,0,0,0,1,0
90,0.9,110,0.9,0.4,700,TRUE,TRUE,2500,128,10,1,0,0,3,0,0,0,3,71,2,1,0,0,3,0,0,1,0,2,1,0,0,0,0,1,0,0,0,9,4,0,0,1,0,0,0,1,0,1,1,0,0,0,0,0,0,0,1,4,2,0,0,0,0,0,0,0,0,1,0,0,0,0,0,1,0,0,0,1,0,0,0,0,0,0,0,0,0,2,0,0,0,0,1,0,0,0,0,0
10,0.8,140,0.86,0.3,200,TRUE,FALSE,2500,125,5,1,0,1,4,0,1,0,4,74,1,0,0,0,1,0,0,0,0,1,1,0,1,0,0,0,0,1,1,9,2,0,0,2,0,0,0,1,0,5,0,1,0,0,0,1,0,0,1,1,0,0,0,0,0,0,0,0,0,1,0,0,0,0,1,1,0,0,0,2,0,0,0,0,0,0,0,0,0,1,0,0,0,0,0,0,0,0,0,0
40,0.8,150,0.45,0.3,150,FALSE,TRUE,2500,125,7,2,0,1,2,1,0,1,1,74,0,0,0,1,0,1,2,0,1,1,0,0,2,0,0,1,0,0,0,9,2,0,0,0,0,0,0,0,1,5,1,0,0,0,2,0,0,0,0,1,0,0,0,0,0,1,0,0,0,2,0,1,0,0,0,0,0,0,0,1,0,0,0,0,0,1,0,0,0,1,0,0,0,0,0,0,0,0,0,0
10,0.6,250,0.57,0.8,780,FALSE,TRUE,2500,127,6,0,2,2,4,2,1,0,2,69,2,1,0,1,0,0,0,0,0,1,1,2,0,0,0,2,0,1,0,8,3,0,0,0,0,0,0,0,1,8,2,0,0,0,0,1,0,0,0,3,0,0,0,0,0,0,0,0,0,1,0,0,0,0,1,0,0,0,0,0,0,0,0,0,1,0,0,0,0,0,0,0,0,0,0,0,0,0,0,0
60,0.9,220,0.49,0.9,880,FALSE,TRUE,2500,130,4,3,1,4,7,4,3,2,4,66,1,0,0,0,0,0,0,0,0,1,0,0,0,0,1,0,0,1,0,10,1,0,0,0,1,1,0,0,1,4,0,0,0,0,0,0,0,0,0,2,1,0,0,0,0,0,0,0,0,3,0,0,1,0,0,0,0,0,0,0,0,0,0,0,1,0,0,0,0,1,1,0,0,0,1,0,0,0,0,0
10,0.8,230,0.68,0.5,800,FALSE,FALSE,2500,126,10,0,0,2,5,0,2,0,3,63,3,0,1,2,0,0,0,0,1,3,2,2,0,0,1,0,1,0,0,7,1,0,0,0,0,1,1,0,0,6,1,0,0,0,1,0,0,0,0,1,1,0,1,0,1,0,0,0,0,1,0,0,0,0,1,0,0,0,0,2,0,0,0,0,0,0,0,0,0,0,0,0,0,0,0,0,0,0,0,0
80,0.7,250,0.81,0.6,1000,TRUE,FALSE,2500,128,8,0,0,3,1,2,1,0,2,71,3,0,0,1,0,1,0,0,0,0,2,0,0,0,2,0,0,0,2,13,2,0,0,0,1,1,0,1,0,2,0,0,0,0,0,0,0,0,0,1,1,0,1,0,2,0,0,0,0,1,0,0,0,0,0,0,0,0,0,0,0,0,0,0,0,0,0,0,0,2,0,0,0,0,0,0,0,0,0,2
20,0.7,170,0.31,0.3,130,FALSE,FALSE,2500,126,6,1,0,2,3,2,0,0,3,73,0,0,0,1,0,0,0,0,1,3,1,0,0,0,1,0,0,1,1,6,3,0,1,0,0,0,0,0,1,7,2,0,0,0,0,0,0,0,0,1,0,0,0,1,1,0,0,0,0,4,0,0,0,0,0,0,0,0,0,0,0,0,0,0,0,0,0,0,0,0,0,0,0,0,1,0,0,0,0,0
70,0.7,250,0.64,0.3,710,FALSE,FALSE,2500,128,10,0,1,1,1,2,1,2,2,71,2,0,0,0,2,0,0,0,0,2,0,0,1,2,1,1,0,0,0,7,3,1,0,0,1,0,0,0,0,9,0,0,1,0,0,0,0,0,0,1,0,0,0,0,1,0,0,1,0,0,0,0,0,0,0,0,0,0,0,0,0,0,0,0,0,0,0,0,1,0,0,0,0,0,1,0,0,0,0,0
50,0.8,260,0.59,0.5,910,FALSE,FALSE,2500,127,7,1,1,1,4,2,2,1,0,71,1,1,0,0,0,0,0,0,0,1,0,0,1,2,1,0,0,0,0,6,3,0,1,0,0,0,1,0,0,6,2,0,0,0,1,0,0,0,2,0,0,0,0,0,1,0,0,0,1,1,0,0,0,0,0,0,0,0,0,1,1,0,0,0,0,0,0,0,0,3,0,0,0,0,1,0,0,0,0,0
30,0.8,120,1,0.7,230,FALSE,FALSE,2500,128,9,1,1,0,2,2,0,0,2,74,0,0,0,1,0,0,0,1,2,2,2,2,0,1,1,0,0,0,2,6,2,0,0,0,0,0,0,0,0,4,1,0,0,0,1,0,0,0,1,4,0,0,1,0,1,0,0,0,0,1,0,0,0,0,0,0,0,0,0,0,0,1,0,0,0,0,0,0,0,1,0,0,0,0,0,0,0,0,0,0
20,0.5,270,0.95,0.3,910,TRUE,FALSE,2500,126,7,1,1,1,4,2,2,2,1,71,0,2,0,1,0,0,0,0,0,0,2,0,0,1,0,0,0,0,0,9,2,1,0,1,2,0,0,0,1,2,3,0,0,0,0,0,0,0,0,1,0,0,0,0,0,0,0,0,1,1,0,0,0,0,0,0,0,0,0,2,0,0,0,0,0,0,0,0,1,1,0,0,0,0,1,0,0,0,0,0
50,0.6,160,1,0.9,950,TRUE,FALSE,2500,129,10,0,1,0,3,2,0,0,1,75,1,0,0,1,0,0,0,0,0,3,2,0,1,0,1,0,0,0,2,6,2,1,0,1,1,0,0,0,0,8,1,1,0,0,0,0,0,0,0,1,1,0,0,0,0,0,0,0,0,1,0,0,0,0,0,1,0,0,0,0,0,0,0,0,0,0,0,0,0,2,0,0,0,0,0,0,0,0,0,0
80,0.7,270,0.93,0.6,460,FALSE,FALSE,2500,131,15,0,0,3,2,3,0,0,4,67,0,0,1,0,0,0,0,1,0,1,2,0,1,1,0,2,0,1,1,9,2,0,0,0,1,0,0,1,0,5,1,0,0,0,0,0,0,0,0,1,0,0,0,0,1,0,0,0,0,1,0,0,0,0,1,0,0,0,0,1,0,0,0,0,0,0,0,0,0,1,1,0,0,0,0,0,0,0,0,0
70,0.6,240,0.83,0.8,790,TRUE,TRUE,2500,127,8,0,1,4,4,3,0,2,2,61,4,1,0,0,0,0,2,0,0,1,1,1,0,0,1,1,1,0,1,7,1,0,1,0,0,0,0,1,2,4,1,0,0,0,0,0,0,0,1,1,1,0,0,0,1,0,0,0,0,2,0,0,0,0,0,0,0,0,0,2,0,0,0,0,2,0,0,0,0,1,0,0,0,0,0,0,0,0,0,1
10,0.7,110,0.46,0.9,430,TRUE,TRUE,2500,127,7,0,0,3,5,1,0,0,4,68,1,0,0,0,1,0,0,1,1,2,1,0,0,0,0,2,0,0,0,9,3,0,0,0,1,0,0,2,0,3,0,0,0,0,0,0,0,0,0,4,1,0,0,1,1,0,0,0,0,4,0,0,0,0,0,0,0,0,0,1,0,0,0,0,0,0,0,0,0,0,0,0,0,0,0,0,0,0,0,1
10,0.5,190,0.84,0.3,840,TRUE,FALSE,2500,126,9,0,0,3,5,3,0,0,1,68,3,0,0,0,2,0,0,0,0,2,5,0,0,0,0,1,0,0,0,10,0,0,0,0,1,0,0,0,0,5,0,0,1,0,0,0,0,1,1,0,1,0,0,0,0,0,0,0,1,1,0,0,0,0,1,0,0,0,0,1,0,0,0,0,0,0,0,0,0,0,0,0,0,0,0,0,0,0,0,1
70,0.6,210,0.86,0.6,780,FALSE,TRUE,2500,127,9,1,0,3,2,3,0,0,4,67,1,1,0,0,1,0,0,0,0,3,2,0,0,0,0,0,0,1,2,3,2,0,0,0,1,0,0,0,1,7,1,0,0,0,0,1,0,1,0,0,0,0,0,0,0,1,0,0,0,3,1,0,0,0,0,1,0,0,0,1,0,0,0,0,1,0,0,0,0,2,0,0,0,0,0,0,0,0,1,0
20,0.7,190,0.38,0.6,300,FALSE,TRUE,2500,125,9,1,0,2,3,2,0,1,4,67,1,0,0,0,0,1,0,0,0,1,2,0,2,3,1,0,0,0,1,5,1,0,1,0,0,0,0,0,0,10,0,1,0,0,0,0,0,0,0,3,0,0,0,0,0,0,0,0,0,1,1,0,0,0,0,0,0,0,0,0,0,0,0,1,0,1,0,0,0,0,0,0,0,0,0,0,0,0,0,0
20,0.5,190,0.71,0.8,320,TRUE,TRUE,2500,128,10,0,0,1,7,1,0,3,0,67,0,0,0,1,1,1,1,0,1,1,4,1,0,0,1,1,0,0,0,8,0,0,0,0,2,0,1,0,1,6,1,0,0,1,0,0,0,0,0,1,1,0,0,0,0,1,0,0,0,2,0,0,0,0,0,1,0,0,0,0,0,0,0,0,0,0,0,0,0,1,0,0,0,0,0,0,0,0,0,0
30,0.6,200,0.67,0.4,130,TRUE,TRUE,2500,129,10,0,2,1,7,1,0,0,3,67,2,1,0,0,0,1,2,0,0,1,1,0,0,0,0,1,0,0,2,8,2,0,0,0,0,0,0,1,0,7,3,0,0,0,0,0,0,0,0,1,0,0,0,0,0,0,0,0,0,2,0,0,0,0,0,0,0,0,0,0,0,0,0,0,1,0,0,0,1,1,1,0,0,0,0,0,0,0,0,0
20,0.9,280,0.52,0.5,710,TRUE,TRUE,2500,132,4,2,0,4,6,5,3,0,3,74,0,0,0,0,0,1,0,0,1,0,0,0,0,0,1,0,0,0,0,6,1,0,0,0,1,0,0,0,1,6,1,0,1,0,0,0,0,0,0,5,0,0,0,0,0,0,1,0,0,2,0,0,0,0,1,0,0,0,0,0,0,0,0,0,0,0,0,0,0,1,0,0,0,0,0,1,0,0,0,1
30,0.9,200,0.46,0.5,750,TRUE,TRUE,2500,131,4,2,2,4,8,4,2,1,4,69,0,0,0,0,0,0,1,0,0,2,0,0,0,0,1,0,0,0,0,4,0,0,0,0,1,0,0,2,1,5,0,1,0,0,2,0,0,0,1,1,1,0,0,0,0,0,0,0,0,2,0,0,0,0,0,0,0,0,0,2,0,0,0,0,0,1,0,0,1,1,0,0,1,0,0,0,0,0,0,1
90,0.5,240,0.41,0.7,820,TRUE,FALSE,2500,126,7,1,1,1,4,2,1,1,2,69,1,1,0,4,0,0,0,0,0,0,0,0,0,0,0,0,1,0,0,9,1,0,0,0,0,0,1,0,0,4,1,0,0,0,0,1,0,0,0,0,0,0,0,1,0,0,0,0,1,3,0,0,0,0,0,0,0,0,0,2,0,0,0,0,0,1,0,1,0,2,1,0,0,1,0,0,0,0,0,1
90,0.5,220,0.75,0.7,670,FALSE,TRUE,2500,128,13,0,0,2,4,2,0,1,6,67,2,0,0,1,1,1,0,0,0,2,1,0,0,0,0,0,0,0,0,5,1,0,1,0,1,0,0,0,0,5,0,0,0,0,0,0,0,1,0,2,0,0,0,0,1,1,1,0,0,2,0,0,0,0,0,0,0,1,0,2,0,0,0,0,0,0,0,0,0,0,1,0,0,0,0,0,0,0,0,1
60,0.8,290,0.57,0.9,390,FALSE,TRUE,2500,129,8,0,1,1,4,2,0,2,0,70,0,1,1,1,0,1,0,0,2,5,1,2,0,0,2,0,0,0,0,6,1,0,0,0,1,0,0,1,0,3,0,1,0,0,0,0,0,0,1,4,1,0,0,0,0,1,0,0,0,0,1,0,0,0,0,0,0,0,0,1,0,0,0,1,0,0,0,1,0,2,0,0,0,0,0,0,0,0,0,0
70,0.5,220,0.39,0.6,770,FALSE,TRUE,2500,128,6,0,0,1,3,3,1,2,2,78,1,1,1,0,0,0,0,0,0,1,2,0,0,0,1,0,0,0,2,6,1,0,0,0,1,0,0,0,0,7,1,0,0,1,0,0,0,0,0,1,0,0,0,0,1,0,0,0,0,1,0,0,0,0,0,0,0,0,0,0,0,0,0,0,0,1,0,0,0,1,0,0,0,0,0,0,1,0,1,0
30,0.5,280,0.44,0.9,940,TRUE,FALSE,2500,126,5,0,1,2,4,5,1,0,4,68,1,1,0,1,0,0,1,1,0,1,1,0,0,0,0,1,0,0,0,6,0,1,0,1,0,1,0,0,2,7,2,0,0,1,0,0,0,0,0,2,0,0,0,0,0,0,0,0,0,1,0,0,0,0,0,0,0,0,0,1,1,0,0,0,2,0,0,0,0,1,0,0,0,0,0,0,0,0,0,0
90,0.6,100,0.35,0.5,860,TRUE,TRUE,2500,128,8,0,0,0,3,0,1,0,3,71,2,1,0,0,1,0,0,1,0,1,3,0,0,0,1,0,0,0,1,7,1,0,0,2,0,0,0,0,0,7,4,0,0,0,1,0,0,0,0,1,1,0,0,0,0,1,1,0,0,2,0,0,0,0,0,0,0,0,1,1,0,0,0,0,0,0,0,0,0,2,0,0,0,0,0,0,0,0,0,0
20,0.7,100,0.31,0.8,610,FALSE,FALSE,2500,126,2,1,1,3,5,5,0,1,3,73,0,0,1,0,0,1,0,1,1,2,0,1,0,0,0,0,1,0,0,8,0,0,0,0,1,0,0,0,0,3,1,0,0,0,0,1,1,0,0,2,0,0,0,0,0,0,0,0,0,1,0,1,0,0,0,0,0,0,0,2,0,0,1,0,0,1,0,0,0,2,0,0,0,0,0,0,0,0,0,0
20,0.8,180,0.98,0.3,1000,FALSE,FALSE,2500,130,7,2,0,1,2,3,1,1,2,77,2,0,0,0,1,1,0,0,0,0,1,0,0,0,1,1,0,0,0,8,1,0,0,0,1,0,1,0,2,3,1,0,0,0,0,0,0,0,0,1,1,0,0,0,1,1,0,0,1,4,0,0,0,0,0,0,0,0,0,0,0,0,0,0,0,0,0,0,0,1,0,0,0,0,0,0,0,0,0,1
70,0.7,140,0.95,0.9,920,TRUE,FALSE,2500,130,6,0,1,2,3,4,0,1,1,78,2,2,0,0,0,0,1,0,1,1,0,0,0,0,0,0,0,0,1,5,1,1,0,0,0,1,0,0,0,7,1,0,0,0,0,0,1,1,0,3,0,0,0,0,0,0,0,1,0,2,0,0,0,0,0,0,0,0,0,0,0,0,0,0,1,0,0,0,0,1,0,1,0,0,0,0,0,0,0,0
90,0.9,270,0.44,0.5,810,TRUE,FALSE,2500,129,4,3,1,1,5,1,0,1,4,73,2,0,0,0,2,0,0,0,0,2,0,0,0,0,1,0,0,0,0,9,0,3,1,0,0,0,0,0,1,3,0,0,0,1,1,2,0,0,0,3,0,0,0,0,0,0,0,0,0,2,0,0,0,0,0,1,0,0,1,1,0,0,0,0,0,0,0,0,0,1,0,0,0,0,0,0,0,0,0,0
80,0.9,300,0.53,0.5,170,FALSE,FALSE,2500,130,11,1,0,0,3,1,1,1,3,71,1,0,2,0,0,0,1,0,0,2,2,0,1,0,1,0,1,0,2,8,2,0,0,1,0,0,0,0,0,6,0,0,0,0,0,0,0,0,0,2,1,0,0,0,0,1,0,0,0,1,1,0,0,0,0,1,0,0,0,0,0,0,0,0,0,0,0,0,0,1,1,0,0,0,0,0,0,0,0,0
60,0.5,280,0.65,0.8,380,TRUE,FALSE,2500,131,13,0,0,0,3,1,1,1,2,72,2,1,0,2,0,0,1,1,1,2,3,0,0,0,0,0,0,0,0,5,2,0,0,0,0,1,0,0,1,8,1,0,0,0,1,0,0,0,0,0,0,0,0,0,0,0,0,0,1,1,1,0,0,0,0,0,0,0,0,2,0,0,0,0,0,0,0,0,0,1,0,0,0,0,1,0,0,0,0,0
90,0.8,220,0.59,0.8,930,FALSE,FALSE,2500,131,9,2,1,1,2,1,0,1,3,73,2,0,1,1,0,1,0,1,1,3,1,0,0,0,0,0,0,0,0,6,2,0,1,0,0,0,0,0,1,4,1,0,0,0,0,1,0,0,0,3,0,0,1,1,0,0,0,0,0,1,0,0,0,0,1,0,0,0,0,2,0,0,0,0,0,0,0,0,0,2,0,0,0,0,0,0,0,0,0,1
100,0.5,270,0.62,0.5,390,TRUE,TRUE,2500,128,10,0,1,1,4,1,0,2,3,65,3,0,0,0,1,0,1,0,1,2,1,0,1,0,0,1,0,0,0,10,2,1,0,2,1,0,0,0,0,2,1,0,0,0,0,0,0,0,1,0,1,0,0,0,0,0,0,0,0,4,0,0,0,0,0,1,0,0,1,2,0,0,0,1,0,0,0,0,0,1,0,0,0,0,0,0,0,0,0,0
90,0.6,270,0.74,0.9,930,TRUE,TRUE,2500,130,7,2,0,1,9,0,1,3,4,64,3,1,0,1,0,0,1,1,0,1,2,1,0,0,0,0,0,0,0,10,1,0,0,0,1,1,0,0,0,6,0,0,1,0,0,0,1,0,1,1,0,0,0,0,0,0,0,0,0,1,0,0,0,0,0,1,0,0,0,0,1,0,0,0,0,0,0,0,0,2,0,0,0,0,0,0,0,0,0,1
70,0.7,190,0.59,0.7,410,TRUE,TRUE,2500,128,7,0,1,1,3,1,0,1,2,73,1,0,1,0,1,0,1,0,0,1,2,0,0,0,2,0,0,0,0,5,2,1,1,0,0,0,0,0,1,8,2,0,0,0,0,0,0,0,1,0,1,0,0,0,0,0,0,0,0,3,0,0,0,0,1,0,0,0,0,2,0,0,0,0,1,0,0,0,0,2,0,0,0,0,0,0,0,0,0,0
80,0.5,220,0.34,0.4,550,TRUE,FALSE,2500,131,10,0,1,1,2,1,0,1,2,71,7,1,0,0,0,0,1,0,1,0,2,0,0,0,2,1,0,0,0,11,2,0,0,0,0,0,0,0,0,5,0,0,0,0,0,0,0,0,1,2,1,0,0,0,0,0,0,0,0,2,0,0,0,0,0,0,0,0,0,0,0,0,0,0,2,0,0,0,0,1,0,0,0,1,0,0,0,0,0,0
80,0.9,250,0.88,0.7,850,FALSE,TRUE,2500,127,7,2,1,2,4,1,1,1,1,68,1,1,0,1,0,1,0,0,0,2,0,0,1,1,0,0,0,0,0,9,2,0,0,1,1,1,0,0,0,5,1,0,0,0,0,0,0,1,0,2,2,0,0,0,0,0,0,0,0,2,1,0,0,0,0,1,0,0,0,1,1,0,0,0,0,0,0,0,1,0,0,0,0,0,0,0,0,0,0,0
80,0.9,220,0.54,0.9,260,FALSE,FALSE,2500,125,11,0,0,2,6,1,1,1,2,64,1,0,1,0,0,1,0,0,1,1,3,0,1,0,0,0,0,0,2,9,1,0,0,0,1,0,1,0,1,5,2,0,0,0,0,0,0,0,0,0,0,0,0,0,0,0,1,0,0,2,0,0,0,0,0,0,0,0,0,2,0,0,0,0,1,0,0,0,0,1,0,0,0,0,0,0,0,0,0,0
50,0.5,300,0.87,0.3,660,FALSE,FALSE,2500,131,10,0,1,1,5,5,1,1,2,69,0,0,1,0,0,0,0,0,0,4,3,1,0,0,0,0,0,0,0,5,0,0,0,0,2,1,2,0,1,6,0,0,0,1,0,0,0,1,0,1,1,0,0,0,0,0,0,0,0,4,0,1,0,0,0,1,0,0,0,0,0,0,0,0,0,0,0,0,0,1,0,0,0,0,0,0,0,0,0,0
90,0.6,210,0.71,0.3,180,TRUE,FALSE,2500,128,3,0,2,3,8,0,3,1,6,65,1,1,0,0,2,1,0,0,1,4,0,0,0,0,0,0,0,0,0,6,1,0,0,1,1,1,0,0,1,5,0,1,0,0,0,0,0,0,0,6,0,0,0,0,1,0,0,0,0,0,0,0,0,0,0,0,0,0,0,0,0,0,1,0,0,1,0,0,0,1,0,0,0,0,0,0,0,0,0,1
70,0.8,200,0.49,0.5,310,FALSE,TRUE,2500,132,9,1,1,1,3,1,0,4,1,70,0,0,0,2,0,1,0,0,0,5,2,0,0,0,1,0,0,0,1,12,2,0,0,0,1,0,0,0,1,5,1,1,0,0,1,0,0,1,0,1,0,0,0,0,0,0,0,0,0,2,0,0,0,0,0,1,0,0,0,0,0,0,0,0,0,0,0,0,0,1,0,0,0,0,0,0,0,0,0,0
100,0.6,300,0.58,0.9,630,FALSE,FALSE,2500,128,3,2,1,2,11,3,0,3,2,63,0,1,1,0,0,0,1,0,0,3,1,0,0,1,1,0,0,0,1,7,0,0,0,0,2,0,0,1,1,7,0,0,0,0,0,0,0,0,1,1,0,0,0,0,0,0,0,0,0,2,1,0,0,0,1,0,0,0,1,0,0,0,0,0,0,0,0,0,0,3,0,0,0,0,0,0,0,0,0,1
70,0.5,150,0.61,0.4,950,TRUE,FALSE,2500,129,12,0,0,3,4,2,0,0,3,70,3,0,0,1,0,1,0,0,0,2,1,0,0,0,1,1,0,0,1,5,2,0,0,0,1,1,0,0,0,6,1,0,0,0,0,0,0,0,1,1,2,0,0,0,0,0,0,0,1,1,0,0,0,0,0,0,0,0,0,0,0,0,0,0,1,0,0,0,0,2,0,0,0,0,0,0,0,0,0,0
40,0.9,210,0.56,0.4,280,TRUE,FALSE,2500,124,10,1,0,2,4,2,0,1,2,67,1,0,1,0,0,1,0,0,0,1,2,0,1,0,0,2,0,0,1,2,2,0,0,1,0,0,1,0,1,8,1,0,0,0,0,0,0,0,1,3,1,0,0,0,0,0,0,0,0,0,0,0,0,0,0,0,0,0,1,2,0,0,0,0,0,0,0,0,0,1,0,0,0,0,1,0,0,0,0,0
100,0.8,280,0.56,0.7,170,FALSE,FALSE,2500,129,10,0,0,3,3,3,0,1,3,63,2,0,1,0,1,0,0,1,0,4,3,0,0,0,0,1,1,0,1,10,3,1,0,1,2,0,0,0,1,1,0,0,0,0,0,0,0,0,1,3,0,0,0,0,0,0,0,0,0,3,1,0,0,0,0,1,0,0,0,0,0,0,0,0,0,0,0,0,0,1,0,0,0,0,0,0,0,0,0,0
80,0.5,280,0.96,0.5,1000,FALSE,TRUE,2500,128,4,0,1,1,5,4,3,1,4,73,2,0,2,0,0,0,0,0,0,2,1,0,0,0,0,0,0,0,0,8,0,0,0,0,2,0,1,0,0,3,0,1,0,0,0,2,1,0,0,1,0,0,0,0,0,2,0,0,0,2,0,0,0,0,0,0,0,0,0,0,0,0,0,0,0,0,0,0,0,0,0,0,0,0,1,0,0,0,1,1
20,0.8,210,0.33,0.9,110,TRUE,FALSE,2500,124,5,0,3,1,4,2,1,1,2,71,1,1,0,0,0,0,1,0,0,5,2,0,0,0,0,0,0,0,0,5,1,0,0,0,1,0,0,1,0,7,1,1,0,0,0,0,0,0,0,1,0,0,0,0,0,0,0,0,0,2,0,0,0,0,0,0,0,0,0,1,0,0,0,0,1,0,0,0,0,2,0,0,0,0,0,0,0,0,0,0
40,0.9,220,0.77,0.8,790,FALSE,FALSE,2500,128,8,0,0,2,2,4,0,1,2,71,2,2,0,0,0,1,0,1,0,1,2,0,1,0,1,0,0,0,2,11,0,0,0,0,0,0,0,1,0,3,0,0,0,0,0,0,0,0,0,3,1,0,0,1,1,0,0,0,0,1,1,0,0,0,0,0,0,0,0,0,0,0,0,0,0,0,0,0,0,2,1,0,0,0,0,0,0,0,0,0
50,0.7,110,0.54,0.7,140,FALSE,FALSE,2500,127,8,0,1,2,6,2,0,1,2,69,2,0,0,1,0,0,0,0,2,0,2,0,1,0,0,0,0,0,0,4,1,1,0,1,1,0,0,0,1,7,1,0,1,0,0,0,0,1,0,1,1,0,0,0,0,0,0,0,0,3,0,0,0,0,0,0,0,0,0,3,0,0,0,0,0,0,0,0,0,1,0,0,0,0,1,0,0,0,0,0
30,0.8,240,0.96,0.5,530,TRUE,TRUE,2500,129,8,0,1,2,6,1,0,1,3,74,1,2,0,0,0,0,0,1,0,0,1,0,0,0,1,1,0,0,0,7,1,0,0,0,1,1,0,0,0,4,1,1,0,0,0,0,1,0,1,2,0,0,0,0,0,0,0,0,0,0,0,0,0,0,0,0,0,0,0,2,1,0,0,0,0,0,0,1,0,2,0,0,0,0,1,0,0,0,0,0
20,0.7,130,0.34,0.4,870,TRUE,FALSE,2500,130,8,1,2,1,3,2,3,2,0,73,1,1,0,0,0,0,0,0,0,3,1,0,0,1,0,1,0,0,1,4,1,0,0,0,2,0,0,0,0,6,1,0,0,0,0,0,0,0,1,4,1,0,1,0,0,0,0,0,0,4,0,0,0,0,0,1,0,0,0,1,0,0,0,0,0,0,0,0,0,0,0,0,0,0,0,0,0,0,0,0
10,0.6,100,0.52,0.6,200,TRUE,TRUE,2500,127,8,1,0,0,2,2,0,2,2,74,2,0,1,0,0,1,0,0,0,1,2,1,0,0,2,1,1,0,0,6,1,0,0,0,0,0,0,0,0,8,2,1,0,0,0,0,0,0,1,1,0,0,0,0,0,0,0,0,0,0,0,0,0,0,0,0,0,0,0,1,0,0,0,0,1,1,0,0,0,1,1,0,0,0,0,0,0,0,0,0
70,0.7,130,0.44,0.6,750,TRUE,TRUE,2500,127,9,1,1,0,2,2,0,2,1,71,1,0,2,0,0,1,0,0,1,3,1,0,1,0,1,0,0,0,1,6,2,0,0,0,0,1,0,0,1,6,1,1,0,0,0,0,0,0,0,3,1,0,0,0,1,0,0,0,0,1,0,0,0,0,0,0,0,0,0,1,0,0,0,0,0,0,0,0,0,2,0,0,0,0,0,0,0,0,0,0
60,0.7,230,0.35,0.4,420,FALSE,TRUE,2500,130,10,1,1,3,4,2,0,1,1,66,2,1,1,0,2,0,0,1,0,2,2,0,0,0,1,0,0,0,1,9,2,0,0,0,0,0,0,1,2,8,1,0,0,0,0,0,0,0,0,1,1,0,0,0,0,0,0,0,0,1,0,0,0,0,0,0,0,0,0,0,0,0,0,0,1,0,0,0,0,1,1,0,0,0,0,0,0,0,0,0
50,0.7,150,0.69,0.6,700,TRUE,TRUE,2500,128,4,2,1,0,5,2,1,1,2,73,1,1,0,1,0,0,0,0,1,1,1,0,0,0,1,1,0,0,2,6,1,0,0,0,0,0,0,0,1,8,0,1,0,0,0,0,0,0,0,0,0,0,0,0,1,0,0,0,1,6,0,0,0,0,1,0,0,0,0,0,0,0,0,0,0,0,0,0,0,2,0,0,0,0,0,0,0,0,0,0
10,0.7,280,0.49,0.9,450,FALSE,FALSE,2500,125,9,0,1,2,5,1,1,1,0,72,2,1,0,0,0,0,0,0,0,3,2,0,0,0,1,0,0,0,2,4,2,0,0,0,0,0,0,0,0,0,0,0,0,1,0,0,0,2,0,2,0,0,0,0,0,1,0,0,0,2,0,0,0,0,0,0,0,0,0,1,0,0,0,0,0,0,0,0,0,4,0,0,0,0,1,0,0,1,0,2
90,0.6,120,0.43,0.8,480,TRUE,TRUE,2500,126,8,2,1,2,2,1,1,1,2,69,1,0,1,0,1,0,0,0,0,2,0,0,0,1,1,0,1,0,2,6,1,1,0,0,0,0,0,0,0,10,1,0,0,1,0,1,0,0,0,1,0,0,0,0,0,0,0,0,0,1,0,0,0,0,2,0,0,0,0,0,1,0,0,0,0,0,0,0,0,1,0,0,0,0,0,0,0,0,0,1
30,0.6,300,0.44,0.3,140,FALSE,TRUE,2500,130,2,1,0,5,8,3,2,2,6,67,1,0,0,0,0,1,0,1,0,2,0,0,0,0,0,0,0,0,0,6,0,0,0,1,1,1,0,0,0,7,0,1,2,0,0,0,0,1,0,2,0,0,0,1,0,0,0,0,0,0,0,0,0,0,0,0,0,0,0,1,0,0,0,0,1,0,1,0,1,2,0,0,0,0,1,0,0,0,0,0
80,0.5,100,0.79,0.5,710,FALSE,FALSE,2500,129,9,1,1,1,5,2,0,2,2,69,2,1,0,0,1,0,0,0,0,3,4,0,0,1,1,0,0,0,0,5,0,0,0,0,0,0,0,1,0,6,2,0,0,0,1,0,0,0,0,2,0,1,0,0,0,0,0,1,0,1,0,0,0,0,1,0,0,0,0,0,0,0,0,1,1,0,0,0,0,2,0,0,0,0,0,0,0,0,0,0
40,0.6,100,0.75,0.3,750,TRUE,TRUE,2500,127,6,1,0,0,3,2,2,0,1,75,0,1,1,0,0,0,0,0,0,3,0,1,0,1,0,0,0,0,1,7,1,1,0,0,0,1,0,0,0,7,0,0,0,0,1,0,0,0,0,3,0,0,0,0,1,0,0,0,1,2,0,0,0,1,0,0,0,0,0,1,0,0,0,1,1,0,0,0,0,0,0,0,0,0,0,0,0,0,0,1
90,0.6,180,0.65,0.5,110,FALSE,TRUE,2500,131,10,2,1,0,5,0,1,0,2,74,1,2,0,0,1,1,0,0,1,1,0,0,0,0,0,0,0,0,0,9,3,0,0,0,0,1,0,1,0,9,0,0,0,0,0,0,0,0,0,1,0,0,0,0,1,0,0,0,0,1,0,0,0,0,0,0,0,0,0,0,0,0,0,0,1,0,0,0,0,1,0,0,0,0,0,0,0,0,1,1
60,0.9,260,0.5,0.5,440,TRUE,TRUE,2500,127,5,1,2,0,4,2,3,1,1,74,3,0,1,0,0,0,0,0,0,3,0,0,1,0,0,1,0,0,0,4,1,0,0,1,0,1,0,0,1,5,2,0,0,0,0,0,0,0,0,2,0,0,0,0,0,0,0,0,0,0,0,0,0,0,1,0,0,0,0,2,0,0,0,0,0,0,0,0,0,5,0,0,0,0,1,0,0,0,0,0
30,0.6,250,0.33,0.9,120,FALSE,TRUE,2500,128,8,1,0,1,5,2,0,1,4,67,1,0,2,0,0,0,1,0,0,4,1,0,0,0,0,0,0,0,0,5,3,2,1,1,1,0,0,0,1,6,0,0,0,0,0,1,1,0,0,1,0,0,0,0,0,0,0,0,0,0,1,0,0,0,0,1,0,0,0,1,0,0,0,0,0,1,0,1,0,2,0,0,0,0,0,0,0,0,0,1
40,0.9,200,0.81,0.6,190,FALSE,FALSE,2500,128,9,1,0,0,1,1,1,1,1,73,1,0,0,1,2,0,0,1,0,1,2,1,0,1,1,1,0,1,0,9,1,0,0,0,1,0,0,0,1,5,0,0,1,0,0,0,0,0,1,1,0,0,0,0,0,0,0,0,0,2,0,0,0,0,0,0,0,0,0,0,2,0,0,0,0,1,0,0,0,3,0,0,0,0,0,0,0,0,0,0
50,0.8,210,0.44,0.8,810,TRUE,FALSE,2500,130,9,0,2,1,5,1,0,2,5,70,1,0,0,0,2,0,0,0,0,0,0,0,1,0,1,0,0,0,0,13,0,0,1,0,2,0,0,0,1,4,2,1,0,0,0,0,0,0,0,2,0,0,0,0,0,0,0,1,0,1,0,0,0,0,0,0,0,0,0,0,0,0,0,0,0,1,0,0,0,0,1,0,0,0,0,0,0,0,0,1
80,0.6,250,0.36,0.5,350,FALSE,FALSE,2500,125,9,0,0,1,3,1,1,1,1,71,1,2,0,0,0,1,2,0,1,1,1,0,0,0,0,0,0,1,0,6,1,0,0,0,0,1,0,0,0,7,1,1,0,0,0,0,0,0,0,3,1,0,0,0,0,0,0,0,1,2,0,0,0,0,1,0,0,0,0,1,0,0,0,0,1,0,0,0,0,0,0,0,0,0,0,0,0,0,0,1
20,0.8,270,0.87,0.4,510,TRUE,TRUE,2500,127,7,0,1,0,3,1,3,0,0,72,1,1,0,0,0,0,0,0,1,1,2,0,0,1,1,0,0,0,0,7,1,2,0,0,1,0,0,0,1,8,1,0,0,1,0,1,0,0,0,0,2,0,0,0,0,0,0,0,0,2,0,0,0,0,1,0,0,0,0,0,0,0,0,0,0,1,0,0,1,1,0,0,0,0,0,0,0,0,0,2
40,0.8,200,0.84,0.8,230,FALSE,TRUE,2500,131,8,0,1,1,7,2,2,1,1,75,5,0,0,0,0,0,1,1,0,4,0,0,0,0,1,0,0,1,0,6,1,0,0,0,1,0,0,0,1,4,1,0,0,0,1,0,0,0,0,0,0,1,0,0,1,0,0,0,0,1,0,0,0,0,0,0,0,0,0,0,0,0,0,0,0,1,0,0,0,0,0,0,0,0,0,0,0,0,0,2
10,0.7,290,0.82,0.6,710,FALSE,TRUE,2500,128,8,0,1,0,3,1,0,2,0,73,2,1,0,1,1,0,0,0,1,1,4,0,0,0,0,0,0,0,1,8,0,1,0,0,1,0,0,0,1,3,3,0,0,0,0,1,0,1,0,2,0,0,0,0,0,0,1,0,0,1,0,0,0,0,0,0,0,0,0,0,0,0,0,0,0,1,0,0,1,2,0,0,0,0,0,1,0,0,0,1
90,0.8,130,0.85,0.8,320,FALSE,FALSE,2500,128,8,1,1,4,5,3,0,3,3,61,2,0,0,1,0,1,0,0,0,3,3,0,0,1,1,0,0,1,0,5,1,0,0,0,2,0,0,0,1,3,3,0,0,0,0,0,0,0,1,1,0,0,0,0,0,0,0,0,0,4,0,0,0,0,0,1,0,0,1,0,0,0,0,0,0,0,1,0,0,1,0,1,0,0,0,0,0,0,0,1
70,0.7,210,0.49,0.7,800,FALSE,FALSE,2500,127,8,1,1,1,3,0,2,0,2,72,0,1,0,0,0,0,1,1,0,3,3,0,0,1,2,1,0,0,0,8,1,0,0,0,0,0,0,0,0,6,0,1,1,0,0,0,1,0,0,1,0,0,0,0,0,0,0,0,0,0,0,0,0,0,0,0,0,0,0,1,0,0,0,0,0,0,0,0,0,4,0,0,0,0,1,0,0,0,0,0
20,0.8,140,0.39,0.9,190,FALSE,TRUE,2500,132,10,1,0,2,5,2,0,1,2,67,5,0,1,0,1,0,1,0,1,5,0,0,0,0,1,1,0,0,1,6,1,0,0,0,0,0,0,0,1,4,2,0,0,0,0,0,0,0,1,1,0,0,1,1,0,0,0,0,0,2,0,0,0,0,0,1,0,0,0,0,0,0,0,0,1,0,0,0,0,2,0,1,0,0,0,0,1,0,0,0
100,0.5,290,0.52,0.9,960,TRUE,FALSE,2500,129,8,2,2,0,5,1,1,2,1,71,0,0,0,0,1,1,1,0,0,1,2,0,1,0,1,0,0,1,0,9,1,0,0,0,2,0,0,0,0,5,0,0,0,1,1,0,0,0,0,1,1,0,0,0,0,0,0,0,0,2,1,0,0,0,0,0,0,0,0,1,0,0,0,0,2,0,0,0,0,0,0,0,0,0,0,0,0,0,0,1
80,0.9,160,1,0.8,640,FALSE,FALSE,2500,128,8,2,0,1,2,2,1,0,2,75,0,0,0,0,1,0,1,0,0,0,0,1,0,1,0,0,1,0,0,11,1,0,1,2,1,0,0,0,0,5,0,0,0,0,1,0,0,0,1,4,0,0,0,0,1,0,0,0,0,0,0,0,0,0,0,0,0,0,0,0,0,0,0,0,0,0,0,0,0,2,0,0,0,0,0,0,0,0,1,0
20,0.7,270,0.86,0.8,320,FALSE,TRUE,2500,131,10,0,2,0,2,2,0,0,0,76,1,0,1,2,1,0,0,0,0,1,5,0,1,0,0,0,0,0,0,9,1,0,0,0,0,0,0,1,0,6,2,1,0,0,1,0,0,0,0,1,1,0,0,0,0,0,0,0,0,1,0,0,0,0,0,0,0,0,0,0,0,0,0,1,0,0,0,0,1,2,0,0,0,0,0,0,0,0,0,0
10,0.5,200,0.32,0.7,190,FALSE,FALSE,2500,126,9,0,1,2,3,3,0,1,3,66,2,0,0,0,0,0,1,1,1,2,2,0,0,0,1,1,0,0,0,4,2,0,0,0,0,0,0,0,1,5,1,0,0,0,0,1,0,0,0,2,2,0,0,0,1,0,0,0,0,3,0,0,0,0,0,0,0,0,0,1,0,0,0,0,1,0,0,0,0,2,0,0,0,0,0,0,0,0,0,2
70,0.9,100,0.7,0.9,350,FALSE,FALSE,2500,125,7,0,0,2,2,1,1,1,0,75,2,0,0,0,1,0,0,0,0,2,1,0,1,0,0,0,1,0,1,5,1,0,0,2,1,0,0,0,0,4,2,0,0,0,0,0,0,0,0,5,0,0,0,1,0,0,0,0,0,3,1,0,0,1,0,0,0,0,0,0,0,0,0,0,0,1,0,0,0,1,0,0,0,0,0,0,0,0,0,0
20,0.6,230,0.93,0.5,190,TRUE,FALSE,2500,129,7,0,3,2,3,3,1,2,3,71,1,0,1,1,0,0,0,1,0,2,1,0,0,0,0,0,0,0,0,6,0,0,0,1,1,1,0,0,1,7,2,1,0,0,1,0,0,0,0,1,0,0,0,0,0,1,0,0,0,1,0,0,0,0,0,0,0,0,0,1,0,0,0,0,1,0,0,0,0,2,0,0,0,0,0,0,0,0,0,0
50,0.7,210,0.84,0.6,420,TRUE,TRUE,2500,130,8,0,1,1,7,1,0,2,1,75,1,1,0,1,1,0,0,0,0,1,1,0,0,0,0,0,0,0,2,7,2,0,0,0,1,0,0,0,1,4,0,0,0,0,2,0,0,1,0,0,0,0,0,1,0,1,0,0,0,1,0,0,0,0,0,1,0,0,0,1,0,0,0,0,1,0,0,0,0,2,1,0,0,0,0,0,0,0,0,0
50,0.9,150,0.83,0.9,960,TRUE,TRUE,2500,125,4,1,1,1,5,0,1,1,1,73,0,1,1,0,0,2,0,0,0,2,1,0,0,0,1,0,0,0,1,10,0,0,0,0,2,1,1,1,0,3,1,0,0,0,1,0,0,1,0,4,0,0,0,0,0,2,0,0,0,1,0,0,0,0,0,0,0,0,0,0,0,0,0,0,0,0,0,0,0,1,0,0,0,0,0,0,0,0,0,0
80,0.9,230,0.48,0.6,510,TRUE,FALSE,2700,123,5,1,0,1,4,2,0,1,1,73,1,0,0,1,0,1,0,0,1,2,1,0,0,0,1,0,1,0,1,11,1,0,0,1,0,0,0,0,0,4,0,0,0,0,0,0,0,0,0,1,1,0,0,0,0,0,0,0,0,0,0,0,0,0,1,0,0,0,1,0,0,0,0,0,0,0,0,0,0,4,0,0,0,0,0,0,0,1,0,0
50,0.6,150,0.93,0.8,410,TRUE,FALSE,2700,122,8,0,0,2,0,1,0,0,2,68,2,0,0,0,1,0,0,3,0,2,4,0,0,0,2,0,0,0,0,5,2,0,0,0,1,0,1,0,1,7,0,0,0,0,0,0,0,0,0,2,1,0,0,0,0,0,0,0,0,2,2,0,0,0,1,1,0,0,0,0,0,0,0,0,1,0,0,0,0,0,0,0,0,0,0,0,0,0,0,1
60,0.8,210,0.43,0.6,830,FALSE,FALSE,2700,127,10,0,1,3,5,3,0,0,4,62,3,0,0,2,1,1,1,0,0,4,2,0,0,0,1,0,0,0,0,7,3,0,0,1,0,0,0,0,0,5,0,0,0,0,0,1,0,0,0,1,0,0,0,0,2,0,0,0,0,0,0,0,0,0,1,0,0,0,0,1,0,0,0,0,0,0,0,0,0,1,0,0,0,0,0,0,0,1,0,1
80,0.5,130,0.77,0.6,810,FALSE,TRUE,2700,125,8,0,1,2,1,0,0,2,1,68,5,0,1,0,2,0,1,0,0,7,1,0,0,0,0,0,0,1,0,3,2,0,1,0,0,0,0,1,1,5,0,0,0,0,0,1,0,1,1,3,0,0,0,0,0,0,0,0,0,0,1,0,0,0,1,0,0,0,0,0,0,0,0,0,1,0,0,1,0,1,0,0,0,0,0,0,0,0,0,0
40,0.9,120,0.42,0.3,700,FALSE,TRUE,2700,126,7,1,1,2,3,2,0,1,4,64,1,0,0,2,0,0,0,2,1,2,3,0,1,0,0,1,0,1,0,9,2,1,0,0,0,0,0,0,0,5,0,0,0,0,0,0,0,0,0,2,0,0,0,0,1,0,0,0,0,0,0,0,0,0,0,1,0,0,0,2,0,0,0,0,1,0,0,0,0,1,0,0,0,0,0,0,0,0,1,2
80,0.7,220,0.86,0.9,830,TRUE,FALSE,2700,127,11,0,2,3,4,5,0,1,3,63,0,1,1,0,1,1,0,0,0,3,2,0,0,0,0,0,0,0,0,6,0,0,0,0,1,0,0,1,0,5,0,0,0,0,0,1,0,0,1,2,0,0,0,0,0,0,0,0,0,1,0,0,1,0,1,0,0,0,0,1,0,0,0,2,0,0,0,0,0,1,0,0,0,0,1,0,0,0,1,1
90,0.8,130,0.47,0.7,280,TRUE,TRUE,2700,128,9,1,1,4,7,1,2,0,3,62,1,3,0,0,0,0,1,1,0,1,0,0,0,0,0,0,0,0,0,7,1,0,0,1,1,2,0,1,4,4,0,0,0,0,1,0,0,0,0,2,1,0,0,0,0,0,0,0,0,1,0,0,0,0,0,1,0,0,0,0,1,0,0,0,1,0,1,0,0,2,0,0,0,0,0,0,0,0,0,0
20,0.6,300,0.71,0.8,570,TRUE,FALSE,2700,126,3,2,2,2,8,2,0,2,4,69,1,1,0,0,0,0,0,0,0,0,0,1,0,0,0,0,1,1,1,7,0,0,0,1,2,2,0,0,0,5,0,0,0,0,0,0,0,0,1,3,0,0,0,0,0,0,0,0,0,1,0,0,0,0,0,1,0,0,0,0,0,0,0,0,1,0,0,0,0,0,0,0,0,0,0,0,0,1,1,1
60,0.8,220,0.86,0.8,950,FALSE,FALSE,2700,127,10,0,0,2,4,1,1,2,0,65,3,0,2,2,0,0,0,1,0,0,1,0,0,2,1,0,0,0,0,6,0,0,0,0,0,0,1,0,1,10,1,0,0,0,0,1,0,0,0,2,1,0,0,0,0,0,1,0,0,2,0,0,0,0,0,1,0,0,0,1,0,0,0,0,0,0,0,0,0,3,0,0,0,0,0,0,0,0,0,0
30,0.5,120,0.8,0.4,650,TRUE,FALSE,2700,127,6,0,0,3,5,0,2,0,2,68,2,1,2,0,0,1,0,0,0,1,2,1,0,0,1,1,0,0,0,10,3,0,0,0,0,0,1,0,1,4,0,0,0,0,0,0,1,0,0,4,0,1,0,0,0,0,0,0,0,1,0,0,0,0,0,0,0,0,0,0,0,0,0,0,1,0,0,0,1,1,0,0,0,0,0,0,0,0,1,0
20,0.5,270,0.32,0.3,920,FALSE,FALSE,2700,127,8,2,0,1,4,1,1,1,4,69,0,2,0,0,0,0,1,0,1,1,1,1,0,1,0,0,1,0,0,6,1,0,0,0,2,0,0,0,0,8,1,0,0,0,0,0,1,0,0,1,2,0,0,0,0,0,0,0,0,2,0,0,0,0,1,1,0,0,0,0,0,0,0,0,0,0,0,0,0,0,0,0,0,0,0,0,0,0,0,2
80,0.7,220,0.92,0.5,820,TRUE,FALSE,2700,123,10,0,1,1,2,1,0,0,1,68,2,0,0,1,0,0,0,0,1,1,4,0,0,1,2,0,0,1,0,8,1,0,0,0,0,0,0,0,0,7,1,0,0,0,0,0,0,0,0,3,1,0,0,0,0,0,0,0,0,1,0,0,0,0,0,1,1,0,0,1,0,0,0,0,0,0,0,0,0,0,0,0,0,0,1,0,0,0,1,0
90,0.6,250,0.44,0.3,530,FALSE,FALSE,2700,130,14,0,1,1,4,1,1,1,1,69,1,0,1,2,0,0,0,1,0,0,1,0,0,0,1,0,0,0,1,4,1,0,0,1,0,0,0,0,0,10,1,0,0,1,1,2,0,0,1,2,1,0,0,0,0,1,0,0,0,1,0,0,0,0,1,0,0,0,0,0,0,0,0,0,0,0,0,0,0,1,0,0,0,0,0,0,0,0,0,1
30,0.9,200,0.45,0.7,930,TRUE,FALSE,2700,125,5,0,2,2,3,3,0,0,2,71,5,0,0,1,0,0,1,0,1,0,2,0,0,0,0,0,1,0,0,7,2,0,0,1,1,1,0,0,1,6,0,0,0,0,0,0,0,0,0,0,1,0,0,0,0,0,0,0,0,2,0,0,0,0,0,0,0,0,0,1,0,0,0,0,0,0,0,0,0,1,1,0,0,0,1,0,0,0,0,1
60,0.7,230,0.36,0.3,520,TRUE,TRUE,2700,127,8,2,1,1,3,1,1,2,1,70,0,3,0,0,0,0,0,1,0,2,0,0,0,1,0,1,0,0,0,7,2,0,0,0,2,0,1,0,1,9,1,0,0,0,0,0,0,0,0,0,0,0,0,2,0,0,0,0,0,0,0,0,0,0,1,0,0,0,0,0,0,0,0,0,0,0,0,0,1,2,0,0,0,1,0,0,0,0,0,0
40,0.6,120,0.68,0.6,460,FALSE,TRUE,2700,124,3,2,1,4,5,3,0,2,3,69,0,1,0,0,1,0,0,1,0,2,0,0,0,0,1,1,0,0,0,8,0,0,0,0,0,0,1,0,0,8,0,1,0,0,0,0,0,0,0,1,0,0,0,0,0,0,0,1,0,1,0,0,0,0,0,0,0,0,0,1,0,0,0,0,0,1,0,0,0,1,0,0,0,0,0,0,0,1,1,0
90,0.9,110,0.9,0.4,700,TRUE,TRUE,2700,126,9,0,1,4,2,1,1,0,2,68,1,0,0,2,0,0,0,1,1,1,4,0,0,0,1,0,0,0,0,11,1,0,0,0,1,0,0,0,0,3,1,0,0,0,0,2,1,0,0,2,0,0,0,0,0,0,0,0,1,2,0,0,0,0,0,0,0,0,0,0,0,0,0,0,1,1,0,0,0,0,0,0,0,0,1,0,0,0,0,0
10,0.8,140,0.86,0.3,200,TRUE,FALSE,2700,127,7,0,2,1,4,1,0,1,2,70,2,0,0,0,1,1,1,0,0,4,3,0,0,1,0,0,0,0,1,5,2,0,0,0,0,2,0,0,0,3,0,0,0,0,0,0,0,0,1,2,0,0,0,0,1,0,0,0,0,2,0,0,0,0,0,0,0,0,0,1,0,0,0,0,2,1,0,0,0,3,0,0,0,0,0,0,0,0,0,1
40,0.8,150,0.45,0.3,150,FALSE,TRUE,2700,129,4,2,2,4,7,4,1,1,5,68,0,2,0,0,1,0,0,0,1,0,0,0,0,0,0,0,0,0,0,6,1,1,0,0,1,0,2,0,0,7,0,0,0,0,0,0,1,1,0,2,0,0,0,0,0,0,0,0,0,0,0,0,0,0,0,1,0,0,0,1,0,0,0,0,0,1,0,0,0,3,0,0,0,0,0,0,0,0,0,0
10,0.6,250,0.57,0.8,780,FALSE,TRUE,2700,125,10,0,1,4,7,0,1,0,3,61,0,0,1,0,1,1,0,0,1,0,3,0,0,0,1,1,0,1,0,8,2,0,0,0,0,1,1,0,1,4,1,0,0,1,0,0,0,0,0,3,0,0,0,0,1,1,0,0,0,2,0,0,0,0,0,0,0,0,0,0,1,0,0,0,0,0,0,0,0,1,0,0,0,0,0,0,0,0,0,1
60,0.9,220,0.49,0.9,880,FALSE,TRUE,2700,123,3,0,2,2,6,4,2,2,4,67,1,1,1,1,0,0,0,0,0,1,0,0,0,0,0,0,0,0,0,4,0,0,0,0,2,0,0,0,1,8,0,0,0,1,1,1,0,1,0,1,0,1,0,0,0,0,0,0,1,2,0,0,0,0,0,0,0,0,0,0,0,0,0,0,0,0,0,0,0,0,0,0,0,1,0,0,0,0,1,1
10,0.8,230,0.68,0.5,800,FALSE,FALSE,2700,121,8,1,0,1,2,1,0,1,2,71,3,0,0,1,1,1,0,0,0,0,0,0,0,0,0,0,0,1,1,7,3,0,1,0,0,1,0,0,2,3,0,0,0,0,0,1,0,0,0,1,0,0,0,0,0,0,0,0,1,3,1,0,0,0,0,0,0,0,0,0,0,0,0,0,0,0,0,1,0,0,0,0,0,0,1,0,0,0,0,1
80,0.7,250,0.81,0.6,1000,TRUE,FALSE,2700,126,6,0,1,2,5,3,0,2,3,69,1,1,1,0,1,0,0,0,0,0,2,0,0,1,1,0,0,0,0,6,1,0,0,0,0,0,0,0,1,4,2,0,0,0,0,0,1,0,0,4,0,0,0,0,0,0,0,0,0,1,0,0,1,0,0,0,1,0,0,1,0,0,0,0,0,0,0,0,1,1,0,0,0,1,0,0,0,0,0,2
20,0.7,170,0.31,0.3,130,FALSE,FALSE,2700,124,4,0,1,2,4,2,1,2,1,72,1,0,0,2,0,0,1,1,1,1,0,0,0,0,0,0,0,0,0,7,1,0,0,0,4,0,2,0,0,3,0,0,0,0,0,0,0,0,0,3,1,0,0,0,1,0,0,0,0,2,0,0,0,0,0,0,0,0,0,0,0,0,0,0,0,0,1,0,0,3,0,0,0,0,0,0,0,0,0,1
70,0.7,250,0.64,0.3,710,FALSE,FALSE,2700,123,3,2,2,0,6,4,1,2,2,71,0,2,0,0,1,0,0,0,0,1,0,0,0,0,0,1,0,0,1,4,0,0,0,0,0,0,1,0,0,6,0,1,0,0,1,0,1,0,1,4,0,0,0,0,0,1,0,0,0,1,0,0,0,0,0,0,0,0,0,1,0,0,0,0,1,0,0,1,0,0,0,0,0,0,0,0,0,0,0,1
50,0.8,260,0.59,0.5,910,FALSE,FALSE,2700,129,5,0,1,1,6,2,1,1,2,73,2,1,1,1,1,0,0,0,1,1,0,0,0,0,0,1,0,0,0,4,4,0,0,0,1,0,0,0,1,10,0,0,0,0,0,0,0,0,0,2,0,0,0,0,0,0,0,0,0,2,1,0,0,0,1,1,0,0,0,1,0,0,0,0,0,0,0,0,0,1,0,0,0,0,0,0,0,0,0,0
30,0.8,120,1,0.7,230,FALSE,FALSE,2700,126,5,1,2,3,4,3,0,1,3,68,0,0,0,0,0,0,1,0,0,2,2,0,0,0,2,0,2,0,0,4,1,0,0,0,0,0,0,0,1,8,0,0,0,0,1,2,0,0,0,4,1,0,0,0,0,0,0,0,0,1,0,0,0,0,1,0,0,1,0,0,0,0,0,0,0,0,0,0,1,2,0,0,0,0,0,0,0,0,0,0
20,0.5,270,0.95,0.3,910,TRUE,FALSE,2700,129,10,2,1,2,1,3,0,1,5,65,1,1,0,0,1,0,0,1,2,2,1,1,0,0,1,0,1,0,0,6,1,0,0,0,1,0,1,0,0,10,2,0,0,0,0,0,0,0,0,0,1,0,0,0,0,0,0,0,0,0,0,0,0,0,0,0,0,0,0,1,0,0,0,0,1,0,0,0,0,1,0,0,0,0,1,0,0,0,1,1
50,0.6,160,1,0.9,950,TRUE,FALSE,2700,129,6,1,3,2,8,2,3,1,0,67,0,2,0,0,0,1,0,0,0,1,0,0,1,0,1,0,0,0,1,5,0,0,0,0,0,1,0,0,0,13,0,0,0,1,0,0,1,0,0,3,0,0,0,0,0,1,0,0,0,0,0,0,0,0,0,0,0,0,0,0,0,0,0,0,0,1,1,0,1,2,0,0,0,0,0,0,0,0,0,0
80,0.7,270,0.93,0.6,460,FALSE,FALSE,2700,127,5,1,3,5,4,4,0,3,4,64,1,1,0,0,0,0,2,0,0,3,1,0,0,0,0,0,0,0,0,6,1,1,0,0,2,0,0,0,1,5,0,0,0,0,1,0,0,0,0,5,0,0,0,0,1,0,0,0,0,1,0,0,0,0,0,0,0,1,0,0,0,0,0,0,0,0,0,0,0,1,0,0,0,0,0,0,0,0,1,0
70,0.6,240,0.83,0.8,790,TRUE,TRUE,2700,124,3,2,0,1,5,3,1,1,0,76,0,1,1,0,0,0,0,0,0,2,0,0,0,0,0,1,1,0,2,6,0,0,1,0,1,0,0,0,1,6,0,0,0,1,0,1,1,0,0,2,0,0,0,0,0,0,0,0,0,1,0,0,0,0,0,1,0,0,0,0,0,0,0,0,1,0,1,1,0,0,0,0,0,0,0,0,0,0,0,0
10,0.7,110,0.46,0.9,430,TRUE,TRUE,2700,127,6,2,1,1,1,4,0,1,1,72,1,1,2,0,0,1,0,1,1,1,0,0,1,0,0,0,0,0,0,7,2,0,0,0,0,0,0,0,0,9,0,0,0,0,1,0,0,0,0,1,2,0,0,0,0,0,0,0,0,2,0,0,0,1,0,0,0,0,0,2,0,0,0,0,0,0,0,0,0,1,0,0,0,0,0,0,0,0,1,1
10,0.5,190,0.84,0.3,840,TRUE,FALSE,2700,124,4,1,2,4,5,4,0,2,5,65,0,1,0,0,0,0,0,0,0,3,1,0,0,0,0,0,0,0,0,10,0,0,0,0,2,0,1,1,0,5,0,0,0,0,0,0,0,0,0,2,0,0,0,0,0,0,0,0,0,3,0,0,0,1,0,0,0,0,0,1,0,0,0,0,1,0,0,0,0,0,0,1,0,0,0,0,0,0,0,0
70,0.6,210,0.86,0.6,780,FALSE,TRUE,2700,130,6,0,2,3,7,5,1,3,5,63,0,1,1,1,0,0,0,1,0,2,0,0,0,0,0,0,0,0,0,6,1,0,1,1,1,0,1,1,1,7,0,0,0,0,2,0,0,0,0,2,0,0,0,0,0,0,0,0,0,2,0,0,0,0,0,0,0,0,0,1,0,0,0,0,0,0,0,0,0,2,0,0,0,0,1,0,0,0,0,0
20,0.7,190,0.38,0.6,300,FALSE,TRUE,2700,130,11,1,0,3,4,2,0,0,0,68,2,0,1,1,0,1,1,0,1,0,2,0,0,1,2,0,0,0,0,7,3,0,0,1,1,0,0,0,0,7,0,0,0,0,0,0,0,0,0,0,1,0,0,0,0,0,0,0,0,4,0,0,0,0,0,1,0,0,0,1,0,0,0,0,0,0,0,0,1,1,0,0,0,1,0,0,0,0,0,1
20,0.5,190,0.71,0.8,320,TRUE,TRUE,2700,127,10,1,1,3,3,0,2,2,4,65,0,1,0,0,0,1,1,0,0,4,3,0,0,0,1,1,0,0,0,5,1,0,0,0,0,0,0,1,0,5,0,0,2,0,0,0,0,0,1,4,0,0,0,0,0,0,0,0,0,1,0,0,0,0,0,0,0,0,0,0,1,0,0,0,2,0,0,0,0,1,0,0,0,0,0,0,0,0,1,0
30,0.6,200,0.67,0.4,130,TRUE,TRUE,2700,127,4,0,3,2,8,1,2,2,4,69,0,1,0,1,2,0,0,0,1,1,0,0,0,0,0,1,0,0,0,5,0,0,0,0,1,0,0,0,0,9,0,0,0,0,1,1,0,0,0,1,0,0,1,0,0,0,1,0,0,1,0,0,1,0,0,0,0,0,0,1,0,0,0,0,0,1,0,0,0,0,0,0,0,1,0,0,0,0,0,1
20,0.9,280,0.52,0.5,710,TRUE,TRUE,2700,126,6,0,0,1,3,1,0,2,1,74,2,0,2,1,1,0,0,0,2,1,1,0,1,0,0,0,0,0,0,7,3,0,0,0,1,2,0,0,0,8,0,0,0,0,0,0,0,0,0,1,0,0,0,0,0,0,0,0,0,2,0,0,0,0,0,0,0,0,0,1,0,0,0,0,0,1,0,0,0,0,0,0,0,1,0,0,0,0,1,0
30,0.9,200,0.46,0.5,750,TRUE,TRUE,2700,126,9,0,0,1,4,0,1,3,0,70,4,0,0,0,1,2,0,0,0,4,2,0,0,0,0,0,1,0,0,6,0,0,0,0,0,1,0,0,0,7,1,0,0,0,1,0,0,0,1,1,1,0,0,0,0,0,0,0,0,1,0,0,0,0,1,0,0,0,0,1,0,0,0,0,1,0,0,0,0,1,0,0,0,0,0,0,0,0,0,1
90,0.5,240,0.41,0.7,820,TRUE,FALSE,2700,123,4,1,0,4,7,2,2,4,1,66,0,0,1,0,0,0,0,0,0,2,0,1,0,0,1,0,0,0,0,4,0,0,0,0,1,1,2,0,0,6,0,0,0,1,0,0,0,1,0,3,0,0,0,0,0,1,0,0,1,2,0,0,0,0,0,0,0,0,0,0,0,0,0,0,0,0,0,0,1,2,0,0,0,0,0,0,0,0,1,1
90,0.5,220,0.75,0.7,670,FALSE,TRUE,2700,124,10,0,0,2,4,0,2,1,1,69,2,0,0,1,1,0,0,1,0,0,1,1,0,1,0,2,0,0,1,8,2,0,0,0,1,0,0,0,0,2,2,0,0,0,1,0,0,0,0,3,0,0,0,0,0,0,0,0,0,3,0,0,0,0,0,0,0,0,0,1,0,0,0,0,0,0,0,0,0,1,0,0,0,0,0,1,0,0,0,0
60,0.8,290,0.57,0.9,390,FALSE,TRUE,2700,127,9,1,1,4,4,4,0,0,0,62,6,0,0,0,1,0,0,0,2,4,2,0,0,0,0,1,1,0,1,2,1,0,0,0,0,1,0,1,0,7,2,0,0,0,0,0,0,1,0,3,0,0,0,0,0,0,0,0,0,3,0,0,0,0,0,0,0,0,0,0,0,0,0,0,2,0,0,0,1,0,0,0,0,1,0,0,0,0,0,0
70,0.5,220,0.39,0.6,770,FALSE,TRUE,2700,128,10,0,0,2,4,1,1,3,1,65,4,0,0,1,0,1,0,0,1,3,3,0,0,0,0,0,1,0,0,7,1,0,0,0,1,0,0,1,1,6,0,0,0,0,1,0,0,0,0,2,0,0,0,0,1,0,0,0,0,1,0,0,0,0,0,0,0,0,0,2,2,0,0,0,0,0,0,0,0,0,0,0,0,0,0,0,0,0,0,2
30,0.5,280,0.44,0.9,940,TRUE,FALSE,2700,127,10,0,2,1,6,0,2,0,6,61,1,0,2,1,0,0,0,0,1,1,3,0,0,2,1,1,0,0,0,6,2,0,0,0,1,0,0,1,0,8,1,0,0,0,0,0,0,0,0,0,0,0,0,0,0,0,1,0,0,2,0,0,0,0,1,0,0,0,0,1,0,0,0,0,0,1,0,0,0,1,0,0,0,0,0,0,0,0,0,1
90,0.6,100,0.35,0.5,860,TRUE,TRUE,2700,126,8,0,1,2,3,3,0,1,3,67,0,1,0,1,0,1,0,0,0,3,4,0,1,0,0,0,0,0,0,8,0,0,0,0,1,0,1,1,0,7,1,0,0,0,1,1,0,0,1,0,0,0,0,0,1,0,0,0,0,1,0,0,0,0,1,0,0,0,0,0,0,0,0,0,0,0,0,0,0,2,1,0,0,0,0,0,0,0,0,0
20,0.7,100,0.31,0.8,610,FALSE,FALSE,2700,129,6,1,3,4,3,4,0,0,5,68,1,1,0,0,0,0,0,1,0,5,0,1,0,0,1,0,0,0,0,4,0,0,0,1,0,0,0,1,1,4,0,0,0,0,0,0,1,0,0,3,0,0,0,0,0,0,0,0,0,4,0,0,0,0,1,0,0,0,0,2,0,0,0,0,1,1,0,0,1,1,0,0,0,0,0,0,0,0,0,0
20,0.8,180,0.98,0.3,1000,FALSE,FALSE,2700,128,7,0,0,4,7,2,2,1,1,71,0,0,0,0,1,0,0,0,0,2,3,0,0,0,0,0,0,0,0,7,1,0,0,0,0,0,1,0,2,8,0,0,0,0,0,0,0,0,0,3,0,0,0,0,1,0,0,0,0,0,0,0,0,0,0,0,0,1,0,2,1,0,0,0,0,0,0,0,0,1,0,0,0,0,0,0,0,0,0,0
70,0.7,140,0.95,0.9,920,TRUE,FALSE,2700,127,9,0,1,5,2,0,3,1,1,65,3,0,0,1,0,0,0,1,0,0,4,0,0,0,0,0,0,0,1,8,2,0,0,0,3,0,0,1,0,4,1,0,0,0,1,0,1,0,1,3,0,0,0,0,0,2,0,0,0,1,0,0,0,0,0,0,1,0,0,0,0,0,0,0,0,1,0,0,0,1,0,0,0,0,0,0,0,0,0,0
90,0.9,270,0.44,0.5,810,TRUE,FALSE,2700,129,10,1,1,0,3,0,0,1,2,71,1,0,0,1,0,1,0,0,0,4,4,0,0,0,3,0,1,0,0,8,3,0,0,0,0,0,0,0,0,4,1,0,0,0,0,0,0,0,0,1,0,0,0,0,0,1,0,1,0,0,1,0,0,0,0,0,0,0,0,1,0,0,0,0,1,0,0,0,0,4,0,0,0,0,0,0,0,0,0,0
80,0.9,300,0.53,0.5,170,FALSE,FALSE,2700,126,5,0,4,5,4,3,1,1,5,64,0,2,0,0,0,0,0,0,0,4,1,0,0,0,1,0,0,0,0,4,0,0,0,0,1,0,0,1,1,4,0,0,1,0,0,0,1,0,1,2,1,0,0,0,0,0,0,0,0,3,0,0,0,0,1,0,0,0,0,1,0,0,0,0,0,0,0,0,1,3,0,0,0,0,0,1,0,0,0,0
60,0.5,280,0.65,0.8,380,TRUE,FALSE,2700,126,5,1,0,1,6,2,2,0,2,72,1,2,0,0,0,0,2,0,0,4,1,0,0,0,0,1,0,0,0,5,1,0,0,0,1,2,0,0,0,5,1,0,0,0,0,0,0,0,1,2,0,0,0,0,0,0,0,0,0,2,0,0,0,0,0,0,0,0,0,0,0,0,1,0,0,0,0,0,0,1,0,0,0,0,0,1,0,0,0,2
90,0.8,220,0.59,0.8,930,FALSE,FALSE,2700,124,4,2,0,2,5,2,2,1,3,71,0,0,0,0,0,0,1,1,0,0,1,1,0,1,0,0,0,0,0,8,0,0,0,0,2,1,0,0,0,7,0,0,1,0,0,1,0,0,0,1,0,0,0,0,1,0,0,0,0,4,0,0,0,0,0,0,0,0,0,0,0,0,0,0,0,1,0,0,0,1,0,0,0,0,0,0,0,0,0,0
100,0.5,270,0.62,0.5,390,TRUE,TRUE,2700,127,3,2,1,3,8,4,1,4,2,69,0,1,0,0,0,0,0,0,0,1,0,0,0,0,1,0,0,0,1,8,0,1,0,0,0,1,1,0,0,5,0,1,0,0,1,0,1,1,1,1,0,0,0,0,0,0,0,0,0,0,0,0,0,0,0,0,0,0,0,1,0,0,0,0,0,0,1,0,0,1,0,0,0,0,1,0,0,0,0,1
90,0.6,270,0.74,0.9,930,TRUE,TRUE,2700,126,4,2,1,2,8,3,0,2,1,68,0,1,0,0,0,0,0,0,0,2,0,2,0,0,0,0,1,0,2,6,1,0,0,0,1,1,1,0,1,5,0,0,0,0,2,0,0,1,0,1,0,0,0,0,0,0,0,0,0,3,0,0,0,0,0,0,1,0,0,1,0,0,0,0,0,0,0,0,0,2,0,0,0,0,1,0,0,0,0,0
70,0.7,190,0.59,0.7,410,TRUE,TRUE,2700,125,6,1,1,1,5,1,0,0,4,67,3,0,0,0,1,0,0,0,0,1,2,2,0,0,0,0,0,1,2,7,3,0,0,0,0,1,0,0,0,7,1,0,0,0,0,0,0,0,1,0,0,0,0,0,0,1,0,0,0,1,0,0,0,0,0,0,0,0,0,1,1,0,0,2,0,0,0,0,0,1,0,0,0,0,0,0,0,0,0,1
80,0.5,220,0.34,0.4,550,TRUE,FALSE,2700,126,4,0,2,1,5,2,2,3,3,67,1,0,1,0,1,0,0,0,1,2,0,1,0,1,0,1,0,1,0,6,1,0,0,0,0,0,0,0,1,8,0,0,0,0,0,2,0,0,0,1,1,1,0,0,1,0,0,0,0,2,0,0,0,0,0,0,0,0,0,1,0,0,0,0,0,1,0,0,0,0,0,0,0,0,0,0,0,0,0,2
80,0.9,250,0.88,0.7,850,FALSE,TRUE,2700,127,3,3,3,3,4,4,1,3,4,68,0,1,0,0,0,0,0,1,0,0,0,0,0,0,1,0,0,0,0,6,0,0,0,0,2,1,1,2,1,6,0,1,0,0,1,0,0,0,0,2,0,0,0,0,0,0,0,0,0,0,0,0,0,0,1,0,0,0,0,1,0,0,0,0,0,0,0,0,0,1,0,0,0,0,0,0,0,0,1,2
80,0.9,220,0.54,0.9,260,FALSE,FALSE,2700,130,8,2,1,1,2,2,0,1,1,75,0,1,0,2,0,1,0,0,0,1,1,0,0,1,2,0,0,0,0,7,2,0,0,0,0,0,0,0,0,4,1,0,0,0,0,0,1,0,0,3,1,0,0,0,0,1,0,0,0,0,0,0,0,0,1,0,0,0,0,0,0,0,0,0,1,0,0,0,1,5,0,0,0,0,0,0,0,0,0,1
50,0.5,300,0.87,0.3,660,FALSE,FALSE,2700,124,7,0,2,0,3,0,1,2,0,67,1,0,0,1,0,0,0,1,0,4,2,1,0,2,0,1,0,0,0,5,1,0,1,1,0,0,0,0,1,8,2,0,0,0,0,0,0,0,0,2,0,0,0,0,0,1,0,0,0,4,0,0,0,0,0,0,0,0,0,0,0,0,0,1,0,0,0,0,0,2,0,0,0,0,0,0,0,0,0,1
90,0.6,210,0.71,0.3,180,TRUE,FALSE,2700,130,9,1,2,0,0,3,0,0,2,72,3,0,0,1,1,1,1,2,0,2,1,0,0,0,1,0,0,0,0,8,2,0,0,0,0,0,0,0,0,6,2,0,0,0,0,0,0,0,0,1,0,0,0,0,1,0,0,1,0,2,0,0,0,0,0,0,0,0,0,2,0,0,0,0,1,0,0,0,0,2,0,0,0,0,0,0,0,0,1,0
70,0.8,200,0.49,0.5,310,FALSE,TRUE,2700,128,8,1,1,1,5,2,2,1,0,67,1,0,0,2,1,1,0,0,0,0,1,0,3,0,0,0,0,0,1,10,3,0,0,0,0,2,0,0,1,5,2,0,0,0,0,0,1,0,1,1,1,0,0,0,0,0,0,0,0,2,0,0,0,0,0,0,0,0,0,0,0,0,0,0,0,1,0,0,0,1,0,0,0,0,0,0,0,0,0,0
100,0.6,300,0.58,0.9,630,FALSE,FALSE,2700,121,2,2,1,7,5,2,1,1,4,64,1,0,0,0,0,0,0,0,0,3,0,1,0,0,1,0,1,0,0,7,0,0,1,0,0,0,0,1,2,8,0,0,0,0,0,0,0,0,0,1,0,0,0,0,0,0,1,0,0,1,0,0,0,0,0,0,0,0,1,0,0,0,0,1,0,0,0,0,0,1,0,0,0,0,0,0,0,0,0,1
70,0.5,150,0.61,0.4,950,TRUE,FALSE,2700,128,7,0,1,3,4,4,1,1,3,70,0,1,1,0,1,1,0,0,0,3,0,0,0,1,0,0,0,0,1,5,1,0,0,0,2,1,0,0,1,5,0,0,0,0,0,0,0,0,3,1,0,0,0,0,0,0,0,0,0,4,0,0,0,0,0,0,0,0,0,0,0,0,0,0,0,0,0,0,0,0,0,0,0,0,1,0,0,0,0,2
40,0.9,210,0.56,0.4,280,TRUE,FALSE,2700,125,2,1,2,4,5,3,0,2,3,68,1,0,1,1,0,0,0,0,1,1,1,0,0,0,2,0,0,0,1,12,0,0,0,0,2,0,0,1,1,3,0,0,0,1,0,0,1,0,0,2,0,0,0,0,0,0,0,0,0,0,0,0,0,0,0,0,0,0,0,0,0,0,0,0,1,0,0,0,0,0,0,0,0,0,0,0,0,0,2,1
100,0.8,280,0.56,0.7,170,FALSE,FALSE,2700,127,9,1,0,0,2,0,1,1,1,69,1,2,3,1,0,1,1,0,0,3,3,0,0,0,1,0,0,0,0,6,3,0,0,0,1,0,1,1,1,6,0,0,0,0,0,0,0,0,0,3,1,0,0,0,0,0,0,0,0,1,0,0,0,0,1,0,0,0,0,0,0,0,0,0,0,0,0,0,0,2,0,0,0,0,0,0,0,0,0,1
80,0.5,280,0.96,0.5,1000,FALSE,TRUE,2700,124,7,0,1,0,1,3,0,0,3,68,2,1,2,1,1,0,0,0,1,2,2,0,0,0,0,0,0,0,0,8,2,0,0,0,1,1,0,0,0,7,0,0,1,0,0,0,0,0,0,3,0,0,0,0,1,0,0,0,0,3,0,0,0,0,0,0,0,0,0,1,0,0,0,0,1,1,0,0,0,0,0,0,0,0,0,0,0,0,0,0
20,0.8,210,0.33,0.9,110,TRUE,FALSE,2700,129,11,0,1,0,2,2,0,0,0,72,1,0,0,0,2,0,0,1,2,1,4,0,0,0,0,0,0,0,0,6,3,0,0,0,0,0,1,0,2,6,3,0,0,0,2,0,0,0,0,2,0,0,0,0,1,0,0,0,1,0,1,0,0,0,0,0,1,0,0,0,0,0,0,0,0,0,0,0,0,1,0,0,0,0,0,0,0,0,0,1
40,0.9,220,0.77,0.8,790,FALSE,FALSE,2700,126,4,2,2,5,6,3,0,1,6,62,1,0,0,0,0,0,0,0,0,4,1,2,0,0,1,1,0,0,0,3,0,0,0,0,0,3,0,0,1,6,0,0,0,0,1,0,0,0,1,2,0,0,0,0,1,0,0,0,1,2,0,0,0,0,0,0,0,0,0,2,0,0,0,0,0,0,0,0,0,1,0,0,0,0,0,0,0,0,0,2
50,0.7,110,0.54,0.7,140,FALSE,FALSE,2700,127,10,1,1,3,4,1,0,1,4,64,4,1,0,0,1,0,1,0,0,2,3,0,0,0,1,0,0,1,0,7,3,0,0,0,1,0,1,0,0,4,0,0,0,0,0,1,1,1,0,1,0,0,0,0,1,0,0,0,0,1,0,0,0,0,0,0,0,0,0,0,0,0,0,0,0,1,0,0,0,0,0,0,0,0,0,0,0,0,1,1
30,0.8,240,0.96,0.5,530,TRUE,TRUE,2700,126,7,2,0,4,3,1,2,2,2,67,1,1,0,0,0,0,1,1,0,5,1,1,0,0,0,1,0,0,0,4,1,0,0,0,1,0,0,1,2,4,1,0,0,0,0,0,0,0,0,4,2,0,0,0,1,0,0,0,0,0,0,0,0,0,0,0,0,0,0,0,1,0,0,0,0,0,0,0,0,1,0,0,0,0,0,0,0,0,0,2
20,0.7,130,0.34,0.4,870,TRUE,FALSE,2700,126,7,0,1,2,3,2,0,2,3,67,2,0,1,0,0,1,1,0,0,2,1,0,0,0,0,0,0,0,1,9,0,0,0,1,0,2,0,0,0,5,2,0,0,0,0,1,0,0,0,1,1,1,0,0,1,0,0,0,0,1,0,0,0,0,0,0,1,0,1,1,0,0,0,0,0,0,0,0,0,2,1,0,0,0,0,0,0,0,0,0
10,0.6,100,0.52,0.6,200,TRUE,TRUE,2700,126,8,1,3,3,3,2,0,1,1,67,0,0,1,0,1,0,2,0,0,2,1,0,0,0,2,0,0,0,0,8,2,0,0,0,1,0,1,0,1,7,0,0,0,0,0,0,1,0,0,2,1,0,0,0,0,0,0,0,1,0,0,0,0,0,1,0,0,0,1,1,0,0,0,0,0,0,0,0,0,1,0,0,0,0,0,0,0,0,0,0
70,0.7,130,0.44,0.6,750,TRUE,TRUE,2700,126,10,0,1,1,2,0,1,2,2,66,4,1,0,0,0,0,2,1,0,2,3,0,0,0,1,0,0,0,0,7,0,0,0,0,1,0,1,0,0,8,1,0,0,0,0,0,0,0,0,2,1,0,0,0,0,0,0,0,0,2,0,0,0,0,0,0,0,0,0,1,1,0,0,0,1,0,0,0,0,1,0,0,0,0,0,0,0,0,1,0
60,0.7,230,0.35,0.4,420,FALSE,TRUE,2700,123,6,0,1,2,7,2,1,2,4,67,0,1,0,0,0,1,0,0,1,1,0,0,0,0,0,1,0,0,0,5,0,0,0,0,1,0,0,0,0,9,0,0,1,1,1,0,0,0,0,3,0,0,1,0,0,0,0,0,1,0,0,0,0,0,0,0,0,0,0,1,0,0,0,0,0,1,0,0,0,0,0,0,0,0,1,0,0,0,0,1
50,0.7,150,0.69,0.6,700,TRUE,TRUE,2700,128,6,2,1,2,6,1,2,1,3,69,1,0,0,0,0,0,0,0,0,5,0,1,0,0,0,1,1,0,0,5,0,0,0,0,1,0,0,2,0,8,0,0,1,0,0,0,1,0,0,2,1,0,0,0,0,0,0,0,0,1,0,0,0,0,0,0,0,0,0,0,0,0,0,0,0,2,0,0,1,1,0,0,0,0,0,0,0,0,1,0
10,0.7,280,0.49,0.9,450,FALSE,FALSE,2700,124,3,2,2,1,5,3,1,3,5,66,0,1,0,0,1,0,0,0,1,4,0,0,0,0,0,0,0,0,0,8,0,0,0,1,3,0,0,0,1,3,0,1,0,0,1,1,0,0,0,2,0,0,0,0,0,0,0,0,0,2,0,0,0,1,1,0,0,0,0,1,0,0,0,0,0,0,0,0,0,1,0,0,0,0,0,0,0,0,0,0
90,0.6,120,0.43,0.8,480,TRUE,TRUE,2700,123,8,0,0,0,5,0,1,0,2,67,0,1,1,0,2,0,0,0,0,4,2,2,0,0,1,1,0,1,0,5,2,1,0,0,0,2,0,0,0,5,0,0,0,0,0,0,0,0,0,2,1,0,0,0,0,0,0,0,0,2,0,0,0,0,0,0,0,0,0,0,0,0,0,0,0,1,0,0,1,3,0,0,0,0,0,0,0,0,1,0
30,0.6,300,0.44,0.3,140,FALSE,TRUE,2700,127,4,2,2,5,7,1,1,1,6,63,1,0,0,0,0,0,0,0,1,1,2,1,0,0,1,0,1,0,0,4,1,0,0,1,1,0,0,1,2,6,0,0,1,1,1,0,0,1,0,0,0,0,0,0,1,0,0,0,0,1,0,0,0,0,0,0,0,0,0,3,1,0,0,0,0,0,0,0,0,1,0,0,0,0,0,0,0,0,0,1
80,0.5,100,0.79,0.5,710,FALSE,FALSE,2700,125,8,1,1,4,6,2,0,2,2,65,1,1,0,0,1,0,0,0,0,1,0,1,0,0,0,0,0,1,1,6,0,1,0,0,1,1,0,0,1,7,0,0,0,0,0,0,0,0,1,2,0,0,0,0,0,1,0,0,0,1,0,0,0,0,0,0,0,0,0,1,0,0,0,0,1,0,0,1,0,1,0,0,0,0,0,1,0,0,0,1
40,0.6,100,0.75,0.3,750,TRUE,TRUE,2700,127,11,0,1,2,3,3,0,0,5,65,2,0,0,1,1,0,1,0,2,4,1,0,0,0,0,0,0,0,1,8,1,0,0,0,0,1,0,0,0,5,1,0,0,0,0,0,0,1,0,1,1,0,0,0,1,0,0,0,0,2,0,0,0,0,1,0,0,0,0,0,0,0,0,0,1,0,0,0,0,0,0,0,0,0,0,0,0,0,1,0
90,0.6,180,0.65,0.5,110,FALSE,TRUE,2700,125,9,0,1,1,4,2,0,1,2,68,1,0,1,0,0,0,1,0,2,4,2,0,0,1,0,1,0,0,0,8,3,0,1,0,0,0,0,0,0,3,0,0,1,0,0,0,0,0,0,2,0,0,0,0,1,0,0,0,1,3,0,0,0,0,0,0,0,0,0,0,0,0,0,0,0,0,0,0,0,0,0,0,0,0,1,0,0,0,0,1
60,0.9,260,0.5,0.5,440,TRUE,TRUE,2700,130,11,1,0,0,2,1,1,0,0,75,1,0,0,1,0,1,2,0,0,2,3,0,1,0,1,0,0,0,1,7,4,0,0,1,0,0,0,0,0,4,0,0,0,0,1,0,0,0,0,4,0,0,0,0,0,1,0,0,0,1,1,0,0,0,0,0,0,0,1,0,0,0,0,1,0,0,0,0,0,1,0,0,0,0,0,0,0,0,0,0
30,0.6,250,0.33,0.9,120,FALSE,TRUE,2700,128,5,2,3,2,4,2,4,2,3,63,0,1,0,0,1,0,0,0,0,3,0,1,1,0,0,1,0,0,0,4,0,0,0,0,2,0,0,0,2,6,0,0,0,0,0,0,1,0,0,6,0,0,0,0,1,0,0,0,0,3,0,0,0,0,1,1,0,0,0,2,0,0,0,0,0,1,0,0,0,1,0,0,0,0,0,0,0,0,0,0
40,0.9,200,0.81,0.6,190,FALSE,FALSE,2700,127,8,0,2,5,5,2,0,2,2,64,0,1,1,1,0,1,1,0,0,1,1,0,0,0,1,0,0,0,0,6,2,0,0,0,1,1,0,0,0,9,1,0,0,0,0,0,2,0,0,2,1,0,0,0,1,0,0,0,0,2,0,0,0,0,0,0,0,0,0,0,0,0,0,0,0,0,0,0,0,0,0,0,0,0,0,1,0,0,1,0
50,0.8,210,0.44,0.8,810,TRUE,FALSE,2700,128,7,1,1,1,4,1,2,1,0,73,2,0,0,0,1,0,0,1,0,1,4,0,0,0,0,0,2,0,1,11,0,0,0,0,1,0,0,0,1,4,0,0,0,0,0,0,0,1,0,4,1,0,0,0,0,0,0,0,0,0,0,0,0,0,1,0,0,1,0,0,0,0,0,0,0,0,0,0,0,1,0,0,0,0,0,0,0,0,0,0
80,0.6,250,0.36,0.5,350,FALSE,FALSE,2700,126,11,1,0,4,2,2,1,2,1,65,2,0,0,1,0,0,0,0,0,1,3,0,0,0,2,0,0,0,1,6,0,0,0,1,2,0,0,0,0,3,0,0,0,0,0,0,0,1,1,4,1,0,0,0,0,1,1,0,0,2,0,0,0,0,1,0,0,0,0,0,1,0,0,0,1,0,1,0,0,0,0,0,0,0,0,0,0,0,0,1
20,0.8,270,0.87,0.4,510,TRUE,TRUE,2700,122,9,0,1,0,3,1,0,1,2,69,2,0,1,1,1,0,1,1,1,0,2,0,0,0,0,0,1,0,0,6,1,0,0,0,2,0,0,0,1,5,0,0,1,0,0,0,0,0,0,1,1,0,0,0,0,0,0,0,0,3,0,0,0,0,0,0,0,0,0,0,0,0,0,0,0,0,0,0,0,3,1,0,0,0,0,1,0,0,0,0
40,0.8,200,0.84,0.8,230,FALSE,TRUE,2700,126,3,0,1,2,5,2,2,0,5,71,0,1,0,1,0,2,0,0,1,0,0,0,0,1,0,0,0,0,0,8,1,0,0,2,1,0,0,0,0,8,0,0,0,0,0,1,0,0,0,3,0,0,1,0,0,0,0,0,0,2,0,0,0,0,0,0,0,0,0,2,0,0,0,0,0,0,0,0,0,0,0,0,0,1,0,0,0,0,0,0
10,0.7,290,0.82,0.6,710,FALSE,TRUE,2700,125,9,2,1,3,4,2,1,2,2,62,1,1,0,0,0,1,0,0,0,1,0,1,0,0,2,0,1,1,0,10,1,0,0,0,0,0,0,0,1,7,1,0,0,1,1,0,0,0,0,2,1,0,0,0,0,0,0,0,0,0,1,0,0,0,0,0,0,0,0,0,0,0,0,0,1,0,0,1,0,1,0,0,0,0,0,0,0,0,0,0
90,0.8,130,0.85,0.8,320,FALSE,FALSE,2700,122,3,1,1,4,7,3,0,2,5,66,0,1,0,0,0,0,0,0,1,1,0,0,1,0,0,0,0,0,0,6,0,0,0,0,2,0,1,0,1,7,0,0,0,0,1,0,0,1,0,1,0,0,0,1,0,0,0,0,1,3,0,0,0,0,0,0,0,0,0,0,0,0,0,0,0,0,0,0,0,1,0,0,0,0,1,0,0,0,0,0
70,0.7,210,0.49,0.7,800,FALSE,FALSE,2700,125,3,2,0,1,3,2,1,2,2,74,2,2,0,1,0,0,0,0,0,4,1,0,0,0,1,2,0,0,0,7,1,0,0,0,0,0,2,0,0,2,0,0,0,0,0,0,0,0,0,5,0,0,0,0,0,0,0,0,1,0,1,0,0,0,1,0,0,0,0,1,0,0,0,0,0,0,0,0,0,0,0,0,0,0,0,0,0,0,1,1
20,0.8,140,0.39,0.9,190,FALSE,TRUE,2700,126,7,0,0,3,4,1,0,2,2,64,3,2,0,0,0,1,0,1,0,4,2,1,0,0,2,0,0,0,0,2,2,0,0,0,2,1,0,0,1,6,2,0,0,0,0,0,0,0,0,1,0,0,0,0,0,1,0,2,0,3,1,0,0,0,0,0,0,0,1,0,0,0,0,0,0,1,0,0,0,0,0,0,0,0,0,0,0,0,0,2
100,0.5,290,0.52,0.9,960,TRUE,FALSE,2700,130,9,1,1,3,5,3,0,1,2,62,3,0,1,0,0,2,0,0,0,2,1,1,1,0,0,0,1,0,0,8,3,0,0,0,1,1,0,0,0,5,1,0,0,0,0,0,0,0,0,1,3,0,0,0,0,0,0,1,0,2,0,0,0,0,0,0,0,0,1,0,0,0,0,0,0,1,0,0,0,2,0,0,0,0,0,0,0,1,1,0
80,0.9,160,1,0.8,640,FALSE,FALSE,2700,125,5,0,1,2,4,1,2,2,3,69,3,0,0,1,1,0,0,0,0,1,1,0,0,0,1,0,1,0,1,9,1,0,0,0,0,0,2,0,0,3,1,0,0,0,1,0,0,0,0,1,1,0,0,0,0,0,0,0,0,1,0,0,0,0,0,0,0,0,0,0,0,0,0,0,2,0,1,0,0,3,0,0,0,0,0,0,0,0,0,1
20,0.7,270,0.86,0.8,320,FALSE,TRUE,2700,126,4,2,1,1,5,3,0,3,2,68,2,1,0,0,0,0,0,0,0,5,1,0,0,0,0,0,0,0,0,8,2,1,0,0,1,1,0,0,0,5,0,0,0,0,0,1,0,0,0,1,0,0,1,0,0,0,0,0,0,1,0,0,0,0,0,0,0,0,0,2,0,0,0,0,0,1,1,0,1,0,0,0,0,0,0,0,0,0,0,2
10,0.5,200,0.32,0.7,190,FALSE,FALSE,2700,127,5,1,2,2,5,5,3,2,4,63,0,0,2,0,1,0,0,0,0,2,0,1,0,0,0,1,0,0,0,7,0,0,0,0,1,1,0,0,1,9,0,0,0,0,0,1,0,0,0,1,0,0,0,0,0,0,0,0,0,1,0,0,0,0,0,0,0,0,0,2,0,0,0,0,1,0,0,0,1,2,0,0,1,0,0,0,0,0,0,0
70,0.9,100,0.7,0.9,350,FALSE,FALSE,2700,126,6,2,1,0,1,2,1,2,0,72,1,0,1,0,1,0,0,2,0,2,2,0,0,0,0,2,0,1,0,5,2,0,0,0,2,0,0,0,1,9,0,0,0,0,0,0,0,0,0,3,0,0,0,0,1,0,0,0,0,2,0,0,0,0,0,0,0,0,0,2,0,0,0,0,0,0,0,0,0,1,0,0,0,0,0,0,0,0,0,0
20,0.6,230,0.93,0.5,190,TRUE,FALSE,2700,123,9,0,1,2,4,4,1,1,2,65,2,0,0,0,0,0,1,0,2,2,3,0,0,0,0,1,1,0,1,5,1,0,0,1,2,0,0,0,0,4,2,0,0,1,0,0,0,0,1,1,0,0,0,0,0,0,0,0,0,0,0,0,0,0,0,0,0,0,0,0,0,0,0,0,0,0,0,0,0,1,0,0,0,1,1,0,0,0,0,1
50,0.7,210,0.84,0.6,420,TRUE,TRUE,2700,127,5,0,1,3,4,4,0,1,5,70,0,1,1,1,0,1,0,0,0,1,0,1,0,0,0,0,0,0,0,6,0,0,0,0,0,1,0,0,1,8,1,0,0,0,1,0,0,2,0,2,0,0,0,0,0,0,0,0,0,3,0,0,0,0,1,0,0,0,0,1,0,0,0,0,0,0,0,0,0,1,0,0,0,0,1,0,0,0,0,0
50,0.9,150,0.83,0.9,960,TRUE,TRUE,2700,125,4,2,0,3,3,3,2,1,5,68,2,1,1,0,0,0,0,0,1,1,0,1,1,0,1,0,0,1,1,5,1,0,0,0,1,1,0,0,0,4,1,0,0,0,0,0,0,0,0,3,0,0,0,0,0,0,0,0,0,2,1,0,0,0,0,0,0,0,0,1,0,0,0,0,1,0,0,0,0,0,0,0,0,0,0,0,0,1,1,1
80,0.9,230,0.48,0.6,510,TRUE,FALSE,2900,121,4,1,0,0,5,2,0,0,2,70,1,0,0,0,0,0,0,0,1,2,2,0,0,0,0,0,0,1,2,9,0,0,0,0,1,1,0,0,0,5,2,0,0,0,1,0,0,0,0,2,0,0,0,0,0,0,0,0,0,2,0,0,0,0,0,0,0,0,1,3,0,0,0,0,0,1,0,0,0,1,0,0,0,0,0,0,0,0,0,0
50,0.6,150,0.93,0.8,410,TRUE,FALSE,2900,121,7,0,1,2,6,0,0,0,2,65,1,0,0,0,0,0,0,1,1,2,1,0,0,0,2,0,1,0,1,11,3,0,0,0,0,0,1,0,0,6,1,0,0,0,0,0,0,1,0,1,0,1,0,0,0,0,0,0,0,0,0,0,0,0,0,0,0,0,0,1,0,0,0,0,0,1,0,0,0,1,1,0,0,0,0,0,0,0,0,0
60,0.8,210,0.43,0.6,830,FALSE,FALSE,2900,124,10,0,0,4,2,0,3,0,3,68,2,1,0,0,1,0,0,1,0,1,2,0,0,0,0,0,0,0,1,4,0,0,0,0,1,0,0,0,0,5,1,0,0,1,0,0,0,0,1,5,0,0,0,0,0,0,1,0,0,1,1,0,0,0,0,0,0,0,0,1,1,0,0,0,0,2,0,0,0,1,0,0,0,0,0,0,0,0,0,0
80,0.5,130,0.77,0.6,810,FALSE,TRUE,2900,120,2,1,1,4,5,4,2,2,4,63,0,0,1,0,0,2,0,0,0,2,0,0,1,0,0,1,0,0,0,10,0,0,0,0,0,0,1,0,0,3,1,0,0,0,1,0,0,0,0,2,0,0,1,0,0,0,0,0,0,1,0,0,0,0,0,0,0,0,0,3,0,0,0,0,0,0,0,0,0,2,0,0,0,0,1,0,0,0,0,0
40,0.9,120,0.42,0.3,700,FALSE,TRUE,2900,122,7,1,1,0,4,2,0,1,1,66,5,1,0,0,0,0,0,1,0,3,2,0,0,0,0,0,0,0,2,3,1,0,0,0,1,0,0,1,0,8,0,0,0,0,0,1,0,0,0,4,0,0,0,0,0,1,0,0,1,0,0,0,0,0,0,0,0,0,0,1,0,1,0,0,0,0,0,0,0,3,0,0,0,0,0,0,0,0,0,0
80,0.7,220,0.86,0.9,830,TRUE,FALSE,2900,123,5,1,1,2,7,1,1,1,2,65,1,0,0,0,2,0,2,0,0,3,2,1,0,0,2,0,0,0,0,4,2,0,0,1,1,1,0,0,1,8,0,0,0,0,0,0,0,0,0,3,0,0,0,0,0,0,0,0,0,1,0,0,0,0,0,0,0,0,1,0,0,0,0,0,0,1,0,0,0,1,0,0,0,0,0,0,0,0,0,0
90,0.8,130,0.47,0.7,280,TRUE,TRUE,2900,122,3,1,0,1,2,3,1,1,1,73,0,0,1,0,1,0,1,0,0,3,2,0,0,0,1,0,0,0,0,11,0,0,0,0,1,0,0,0,0,6,0,0,0,0,0,0,0,2,0,2,0,0,0,0,0,0,1,0,0,2,0,0,0,0,0,0,1,0,0,0,0,0,0,0,1,0,0,0,0,1,0,0,0,0,0,0,0,0,0,0
20,0.6,300,0.71,0.8,570,TRUE,FALSE,2900,119,8,0,0,1,3,1,0,1,1,69,2,1,0,0,0,0,0,0,0,3,2,0,0,0,1,1,0,0,0,5,1,0,0,0,0,0,1,0,0,5,0,1,0,0,0,0,0,0,1,2,1,0,1,0,0,0,0,0,0,1,1,0,0,1,0,0,0,0,0,2,0,0,0,0,0,0,0,0,1,1,0,0,0,0,0,1,0,0,0,0
60,0.8,220,0.86,0.8,950,FALSE,FALSE,2900,123,8,0,0,3,5,1,0,0,3,64,2,2,0,0,0,3,0,0,0,3,3,0,0,0,0,0,0,0,1,6,2,0,0,1,1,1,0,0,0,3,0,0,0,0,1,2,0,0,0,1,0,0,0,0,0,0,0,0,0,1,0,0,0,0,0,1,0,0,0,3,0,0,0,0,1,1,0,0,0,1,0,0,0,0,0,0,0,0,0,0
30,0.5,120,0.8,0.4,650,TRUE,FALSE,2900,122,4,0,2,3,5,2,5,3,5,63,0,0,1,0,0,0,0,0,0,3,0,0,0,0,0,0,0,0,1,3,0,0,1,1,2,0,0,0,2,4,0,0,1,0,0,0,0,0,0,1,0,0,0,0,0,0,1,0,1,2,0,0,0,0,0,0,0,0,0,1,0,0,0,0,2,0,0,0,0,2,0,0,0,0,0,0,0,0,0,2
20,0.5,270,0.32,0.3,920,FALSE,FALSE,2900,121,3,0,1,2,4,2,3,4,2,68,2,0,0,0,0,0,0,0,0,3,2,0,1,1,0,0,0,1,0,6,0,0,0,0,0,1,0,0,0,5,1,0,0,0,0,0,0,0,0,0,0,0,0,0,0,0,0,0,0,4,0,0,0,0,0,0,0,0,0,1,0,0,0,0,1,0,0,0,0,2,0,0,0,0,1,0,0,0,0,1
80,0.7,220,0.92,0.5,820,TRUE,FALSE,2900,123,2,3,0,1,5,2,1,1,5,70,0,1,0,0,2,0,0,0,0,3,0,0,0,0,0,0,0,0,1,3,0,0,0,0,0,1,0,0,0,6,0,0,0,0,0,3,0,0,0,2,0,0,0,0,1,0,0,0,0,0,0,0,0,0,0,1,0,0,0,2,0,0,0,0,1,0,0,0,0,5,0,0,0,0,0,0,0,0,0,2
90,0.6,250,0.44,0.3,530,FALSE,FALSE,2900,123,4,1,0,1,3,4,0,1,3,67,0,0,0,0,3,1,0,0,0,2,1,0,0,1,0,1,0,0,1,10,1,1,0,0,1,0,0,0,0,4,2,0,0,0,1,0,0,0,0,3,0,0,0,0,1,0,0,0,0,1,0,0,0,0,1,0,0,1,0,0,0,0,0,0,0,0,0,0,0,2,0,0,0,0,1,0,0,0,0,0
30,0.9,200,0.45,0.7,930,TRUE,FALSE,2900,123,7,1,2,1,6,5,1,0,4,61,1,0,1,0,0,3,0,0,0,3,1,1,0,0,1,0,0,0,0,6,1,0,0,1,0,0,0,0,0,8,0,0,0,0,0,0,0,0,0,4,0,1,0,1,0,0,0,0,0,0,0,0,0,0,0,0,0,0,0,0,0,0,0,0,1,0,0,0,0,1,0,0,0,0,0,0,0,0,0,1
60,0.7,230,0.36,0.3,520,TRUE,TRUE,2900,122,6,1,0,2,4,4,0,0,3,64,3,0,0,0,0,0,1,0,2,3,3,0,0,0,1,1,0,0,0,5,2,0,0,0,0,0,0,0,0,5,1,0,0,0,0,0,1,0,0,2,0,0,0,0,0,0,0,0,1,1,1,0,0,0,1,0,0,0,0,1,0,0,0,0,0,0,0,0,0,2,1,0,0,0,0,0,0,0,0,1
40,0.6,120,0.68,0.6,460,FALSE,TRUE,2900,121,7,1,2,2,1,2,2,1,0,67,1,1,0,1,1,0,1,0,0,1,3,0,0,0,0,0,1,0,0,5,1,0,0,0,1,0,0,0,0,4,0,0,0,0,0,0,0,0,0,6,0,0,0,0,0,0,2,0,0,2,0,0,0,0,0,0,0,0,0,2,0,0,0,1,2,0,0,0,0,1,0,0,0,0,0,0,0,0,0,0
90,0.9,110,0.9,0.4,700,TRUE,TRUE,2900,122,6,2,2,0,5,1,1,0,5,62,0,0,0,0,0,0,0,0,0,4,1,0,1,0,0,0,2,0,0,6,1,0,0,1,1,0,0,0,0,7,3,0,0,0,0,0,1,0,0,3,0,0,0,0,0,0,0,0,0,1,0,0,0,0,1,0,0,0,0,3,0,0,0,0,2,0,0,0,0,1,0,0,0,0,0,0,0,0,0,0
10,0.8,140,0.86,0.3,200,TRUE,FALSE,2900,122,6,0,1,2,6,1,1,1,3,67,0,0,1,0,0,0,0,0,0,1,1,1,1,0,1,0,0,0,0,3,1,0,0,0,1,0,1,0,1,8,0,0,0,0,0,0,1,0,1,4,0,0,0,0,0,0,0,0,0,3,0,0,0,0,0,0,1,0,0,0,0,0,0,0,1,0,0,0,0,2,0,0,0,0,0,1,0,0,0,0
40,0.8,150,0.45,0.3,150,FALSE,TRUE,2900,122,5,0,2,2,4,1,3,0,5,64,1,0,1,0,1,0,2,0,0,1,1,0,0,1,0,0,0,0,0,6,2,0,0,0,1,0,0,0,1,8,0,0,0,0,1,0,1,0,0,2,0,0,0,0,0,0,0,0,0,2,0,0,1,0,0,0,0,0,0,1,1,0,0,0,0,1,0,0,0,0,0,0,0,0,1,0,0,0,0,0
10,0.6,250,0.57,0.8,780,FALSE,TRUE,2900,124,7,0,0,6,2,4,0,2,2,63,3,1,0,0,0,1,1,0,1,1,3,0,1,0,0,1,0,0,0,5,1,0,0,0,1,0,0,0,0,5,1,0,0,0,2,1,0,0,0,2,0,0,0,0,0,0,0,0,0,2,0,0,0,0,0,0,0,0,0,2,0,0,0,0,1,0,0,0,0,2,0,0,0,0,0,0,0,0,0,1
60,0.9,220,0.49,0.9,880,FALSE,TRUE,2900,121,3,0,1,3,3,3,0,1,3,66,2,0,1,0,0,0,0,1,0,3,1,0,1,0,0,2,0,0,0,2,2,0,0,0,0,0,0,0,2,9,0,0,0,0,0,0,0,0,1,2,0,0,0,0,1,0,0,0,0,4,0,0,0,0,0,0,0,0,0,0,0,0,0,0,1,1,0,0,0,2,0,0,0,0,0,0,0,0,1,0
10,0.8,230,0.68,0.5,800,FALSE,FALSE,2900,124,12,0,0,0,4,0,0,0,2,69,1,0,0,1,0,1,1,0,1,2,1,0,0,0,0,0,1,1,0,8,2,1,0,0,0,0,0,0,1,4,1,1,0,1,1,0,0,0,0,2,1,0,0,0,0,0,0,0,0,0,0,0,0,0,0,0,0,0,0,2,0,0,0,0,0,1,0,0,0,2,0,0,0,0,0,0,0,0,0,0
80,0.7,250,0.81,0.6,1000,TRUE,FALSE,2900,122,8,0,0,2,6,2,2,0,5,61,2,0,1,0,0,0,0,1,2,3,1,1,0,0,1,1,0,0,0,8,1,0,0,0,1,0,0,0,0,3,2,0,0,1,0,0,0,0,1,2,0,0,0,0,0,0,0,0,0,0,0,0,0,0,0,0,0,0,0,1,0,0,0,0,1,0,0,0,0,1,1,0,0,0,0,0,0,0,0,1
20,0.7,170,0.31,0.3,130,FALSE,FALSE,2900,122,2,0,1,2,6,3,1,0,2,70,0,1,0,0,0,1,1,0,0,2,1,0,0,1,1,0,0,0,0,7,0,0,0,0,0,0,1,1,1,8,0,0,0,0,0,0,1,0,0,2,0,0,0,0,0,0,0,0,0,3,0,0,0,0,0,0,0,0,0,0,0,0,0,0,0,1,0,0,0,2,0,0,0,0,0,0,0,1,0,0
70,0.7,250,0.64,0.3,710,FALSE,FALSE,2900,123,7,0,1,2,4,1,3,0,2,63,2,0,1,3,1,1,0,1,0,4,2,0,0,0,2,0,1,0,0,10,0,0,0,0,0,0,1,0,1,2,0,0,0,0,0,0,0,1,0,2,2,0,0,0,1,0,0,0,0,0,0,0,0,0,0,0,0,0,0,0,0,0,0,0,0,0,0,1,0,1,1,0,0,0,0,0,0,0,0,0
50,0.8,260,0.59,0.5,910,FALSE,FALSE,2900,122,6,0,0,4,3,0,3,1,3,62,1,0,0,1,0,2,0,0,0,5,0,0,1,0,0,1,1,1,0,5,2,0,1,0,0,0,0,0,1,4,2,0,0,0,0,0,0,0,0,0,1,0,0,0,0,0,0,0,1,8,1,0,0,0,0,0,0,0,0,0,0,0,0,0,0,1,0,0,0,1,0,0,0,0,0,0,0,0,0,0
30,0.8,120,1,0.7,230,FALSE,FALSE,2900,122,2,1,3,3,7,3,2,0,2,64,0,1,0,0,0,0,1,0,0,4,0,0,0,0,0,1,0,0,0,8,0,0,1,0,1,0,0,0,0,8,0,1,0,0,0,0,2,0,0,4,0,0,0,0,0,0,0,0,0,0,0,0,0,0,0,0,0,0,0,0,0,0,0,0,1,0,0,0,0,2,0,0,0,0,0,0,0,0,0,1
20,0.5,270,0.95,0.3,910,TRUE,FALSE,2900,125,7,0,1,2,3,0,1,1,2,68,5,0,0,0,2,0,0,0,1,1,1,0,0,1,1,0,0,0,0,7,4,1,0,0,0,0,0,0,1,5,1,0,0,0,0,0,0,0,0,0,1,0,0,0,1,1,0,1,0,2,0,0,0,0,0,0,0,0,0,0,0,0,0,0,0,1,0,0,0,3,0,0,0,0,0,0,0,0,0,0
50,0.6,160,1,0.9,950,TRUE,FALSE,2900,122,7,0,1,0,4,3,0,0,3,65,3,3,0,0,0,0,0,0,1,1,2,0,0,0,0,0,0,0,0,8,3,1,0,1,0,0,0,0,0,7,0,0,0,0,1,0,0,0,0,3,0,0,0,0,1,0,0,1,0,1,1,0,0,0,0,0,0,0,0,0,0,0,0,0,0,0,0,0,0,0,0,0,0,0,0,1,0,0,0,1
80,0.7,270,0.93,0.6,460,FALSE,FALSE,2900,120,5,0,1,5,4,2,1,0,2,63,2,0,1,0,0,1,0,0,0,1,1,1,0,0,0,1,0,0,2,5,0,0,0,0,1,1,0,0,1,7,0,0,0,0,0,2,0,0,0,1,1,0,0,0,0,0,1,0,0,4,0,0,0,0,0,1,0,0,0,1,0,0,0,0,0,0,0,0,0,0,0,0,0,0,1,0,0,0,0,1
70,0.6,240,0.83,0.8,790,TRUE,TRUE,2900,123,7,0,1,2,2,1,1,2,3,65,1,0,0,1,1,0,0,1,0,4,3,0,0,1,1,0,1,0,0,5,3,0,0,1,0,0,0,1,0,4,0,0,0,0,0,0,1,0,0,4,0,0,0,0,0,0,1,0,0,1,0,0,0,1,0,0,0,0,0,1,0,0,0,0,0,0,0,0,0,1,1,0,0,0,0,1,0,0,0,0
10,0.7,110,0.46,0.9,430,TRUE,TRUE,2900,123,2,1,2,2,4,1,1,1,5,73,0,0,0,0,0,0,1,0,0,2,0,1,0,0,0,1,0,0,0,7,0,1,0,0,1,0,0,0,0,4,0,0,0,0,0,1,0,0,0,4,0,0,0,0,0,0,0,0,0,3,0,0,0,0,2,0,0,0,0,1,0,0,0,0,0,1,0,0,0,0,0,0,0,0,1,0,0,0,0,1
10,0.5,190,0.84,0.3,840,TRUE,FALSE,2900,121,3,0,0,0,4,0,3,2,1,76,3,0,0,0,0,0,0,0,1,1,1,0,0,0,0,0,0,0,0,8,0,1,1,0,1,0,1,0,0,7,0,0,0,0,0,0,0,0,1,1,0,0,0,0,0,0,0,0,0,1,0,0,0,0,0,0,0,0,0,1,0,0,0,0,1,0,0,0,0,1,0,0,0,0,1,1,0,0,0,0
70,0.6,210,0.86,0.6,780,FALSE,TRUE,2900,120,7,0,1,0,3,1,3,3,1,70,0,0,0,0,0,1,0,0,0,3,1,0,0,0,0,0,1,0,0,9,0,0,0,1,0,1,0,1,0,5,0,0,0,0,0,0,0,0,0,3,1,0,0,0,0,0,0,0,0,1,0,0,0,0,0,0,0,0,0,1,0,0,0,0,1,0,0,0,0,0,0,0,0,0,0,0,0,0,0,2
20,0.7,190,0.38,0.6,300,FALSE,TRUE,2900,120,8,1,1,2,2,0,0,3,0,63,1,0,0,0,2,2,0,0,1,3,3,0,0,1,0,0,0,0,1,8,1,0,0,0,0,0,1,0,0,7,2,0,0,0,0,0,0,0,0,2,1,0,0,0,0,0,0,0,1,0,0,0,0,0,1,0,0,0,0,0,0,0,0,0,1,0,0,0,0,1,0,0,0,0,0,0,0,0,1,0
20,0.5,190,0.71,0.8,320,TRUE,TRUE,2900,125,10,1,0,4,2,2,1,2,2,63,0,0,1,0,0,0,1,0,1,1,2,0,0,1,1,0,0,0,0,11,2,0,0,0,2,0,0,1,0,7,1,0,0,1,0,0,0,0,0,1,0,0,0,0,0,0,0,0,0,2,1,0,0,0,0,0,0,0,0,0,0,0,0,0,1,0,0,0,0,1,0,0,0,0,0,0,0,0,0,0
30,0.6,200,0.67,0.4,130,TRUE,TRUE,2900,124,5,0,1,2,4,3,2,1,5,69,0,0,0,0,1,0,0,1,0,3,1,1,0,1,0,0,0,0,0,4,0,0,0,0,1,0,0,0,1,6,0,0,0,1,0,0,0,1,0,4,0,0,0,0,1,0,0,0,0,0,0,0,0,0,0,0,0,0,0,0,0,0,0,0,0,0,0,0,1,2,0,0,0,1,0,0,0,0,0,2
20,0.9,280,0.52,0.5,710,TRUE,TRUE,2900,124,5,2,1,1,3,1,1,4,3,67,2,1,1,0,1,0,1,0,0,0,1,0,0,0,2,0,0,0,0,6,0,1,0,0,0,0,0,0,0,9,1,0,0,0,0,0,0,1,1,5,0,1,0,0,0,0,0,0,0,0,0,0,0,0,0,0,0,0,0,1,0,0,0,0,1,0,0,0,0,1,0,0,0,0,0,0,0,0,0,0
30,0.9,200,0.46,0.5,750,TRUE,TRUE,2900,123,8,0,2,2,2,0,0,1,2,65,1,0,0,1,1,1,0,2,0,6,4,0,0,0,1,0,0,0,0,7,1,0,0,0,0,0,0,0,0,5,0,0,0,0,0,0,0,1,0,1,1,0,0,0,0,1,1,0,0,2,2,0,0,0,0,0,0,0,0,1,0,0,0,0,0,0,0,0,1,1,0,0,0,0,0,0,0,0,0,0
90,0.5,240,0.41,0.7,820,TRUE,FALSE,2900,121,8,0,1,1,2,1,0,2,2,68,2,1,1,0,2,0,0,0,0,2,2,0,0,0,0,1,1,1,0,7,1,0,0,0,0,0,0,0,0,6,0,1,0,0,1,0,0,1,0,2,1,0,0,0,0,0,0,0,0,1,0,0,0,0,0,0,0,0,0,0,0,0,0,0,1,1,0,0,1,0,0,0,0,0,0,0,0,0,0,0
90,0.5,220,0.75,0.7,670,FALSE,TRUE,2900,123,6,2,1,2,5,2,2,1,2,64,2,0,0,0,0,0,0,0,0,3,0,1,0,0,0,1,0,1,0,9,0,0,0,1,0,0,0,0,1,3,0,1,0,0,1,1,0,0,0,1,0,0,0,0,1,0,0,0,0,2,0,0,0,1,0,0,0,1,1,0,1,0,0,0,0,0,0,0,1,2,0,0,0,0,0,0,0,0,1,0
60,0.8,290,0.57,0.9,390,FALSE,TRUE,2900,125,13,0,0,3,4,0,0,2,3,61,1,1,1,0,0,0,1,0,1,1,0,0,0,0,2,0,0,1,1,5,2,0,0,1,0,0,1,0,0,8,0,0,2,0,1,0,0,0,0,3,1,0,0,0,0,2,0,0,0,2,0,0,0,0,0,0,0,0,0,1,0,0,0,0,0,0,0,0,0,0,0,0,0,0,1,0,0,0,0,0
70,0.5,220,0.39,0.6,770,FALSE,TRUE,2900,119,3,0,2,2,8,1,2,0,4,60,2,0,0,0,0,2,1,0,0,4,0,1,0,1,0,0,0,0,1,6,4,0,0,1,1,0,1,0,0,4,0,0,0,0,0,0,0,0,0,1,0,0,0,0,0,0,0,0,0,3,0,0,0,0,0,0,0,0,1,0,0,0,0,0,0,1,0,0,0,2,0,0,0,0,0,0,0,0,0,1
30,0.5,280,0.44,0.9,940,TRUE,FALSE,2900,121,7,0,3,1,3,3,1,3,2,61,3,0,0,1,0,0,1,0,0,3,0,0,0,0,0,0,0,0,1,7,0,0,0,0,3,0,0,0,0,7,0,0,0,0,0,0,0,0,0,2,0,1,0,0,1,0,0,0,0,4,0,0,0,0,0,0,0,0,0,2,0,0,0,0,0,0,0,0,0,0,0,1,0,0,0,0,0,1,0,0
90,0.6,100,0.35,0.5,860,TRUE,TRUE,2900,125,5,2,0,2,4,1,1,0,3,69,3,1,0,0,0,0,1,0,2,3,1,1,1,0,0,0,0,0,0,3,2,0,0,2,0,0,1,0,1,6,2,0,0,0,0,0,0,0,0,1,0,0,0,0,0,0,0,0,0,3,0,0,0,0,0,0,0,0,0,1,1,0,0,0,0,1,0,0,0,1,0,0,0,0,1,0,0,0,0,0
20,0.7,100,0.31,0.8,610,FALSE,FALSE,2900,120,3,1,2,3,6,2,3,1,3,62,0,0,0,1,0,0,0,1,0,3,0,1,0,0,1,1,0,0,0,6,0,0,0,0,0,0,1,0,2,8,0,0,0,0,2,0,0,0,0,2,0,0,0,0,0,1,0,0,0,3,0,0,0,0,0,0,0,0,0,0,0,0,0,0,0,0,0,0,0,2,0,0,0,0,0,0,0,0,0,0
20,0.8,180,0.98,0.3,1000,FALSE,FALSE,2900,124,10,1,0,2,3,1,1,3,1,64,2,0,0,3,0,0,1,1,0,4,1,0,0,0,0,1,0,0,0,4,1,0,0,0,1,0,0,0,1,6,2,0,1,0,0,0,0,0,0,2,1,0,0,0,0,1,0,0,0,2,1,0,0,0,0,0,0,0,0,0,0,0,0,0,0,0,0,0,0,1,0,0,0,0,1,0,0,0,0,1
70,0.7,140,0.95,0.9,920,TRUE,FALSE,2900,120,7,0,1,1,1,2,2,1,3,66,2,0,0,0,1,1,0,0,0,1,0,0,0,1,0,0,0,1,1,6,1,0,0,1,0,0,0,0,0,7,1,0,1,0,0,0,0,0,0,0,2,0,0,0,0,0,0,0,0,3,0,0,0,0,1,0,0,0,0,2,1,0,0,0,0,0,0,0,0,2,1,0,0,0,0,0,0,0,0,0
90,0.9,270,0.44,0.5,810,TRUE,FALSE,2900,120,4,1,0,0,4,1,0,0,2,72,2,0,0,0,0,0,1,0,0,5,1,0,0,0,0,1,0,0,0,6,0,0,0,0,2,0,0,0,2,5,1,0,0,0,0,0,0,0,0,2,0,0,0,0,0,0,0,0,1,1,0,0,0,1,0,0,0,0,0,0,1,0,0,0,0,1,0,0,0,3,0,0,0,0,0,1,0,0,0,0
80,0.9,300,0.53,0.5,170,FALSE,FALSE,2900,124,10,0,0,1,4,1,1,1,3,65,0,1,1,0,0,0,1,1,0,4,0,1,0,1,0,1,0,0,0,4,1,0,0,2,1,0,0,0,0,6,1,0,0,1,1,0,0,0,0,1,0,0,0,0,0,0,0,0,0,3,0,0,0,0,0,0,0,0,0,3,0,0,0,0,1,0,0,0,1,2,0,0,0,0,0,0,0,0,0,0
60,0.5,280,0.65,0.8,380,TRUE,FALSE,2900,125,9,0,1,2,3,3,1,0,1,65,3,1,0,1,0,2,0,1,0,2,0,1,0,0,0,1,2,0,1,7,4,0,0,0,0,0,0,0,0,6,2,0,0,0,0,0,0,0,0,1,0,0,0,0,0,0,0,0,0,2,1,0,0,0,0,0,0,0,0,0,0,0,0,0,0,0,0,0,0,0,0,0,0,1,0,0,0,0,1,1
90,0.8,220,0.59,0.8,930,FALSE,FALSE,2900,121,4,2,0,1,4,2,0,1,3,74,0,0,1,0,0,0,0,0,0,4,0,0,0,0,0,0,0,0,1,8,1,0,0,0,2,0,0,0,0,3,0,0,0,0,0,0,0,0,0,3,0,0,0,0,0,0,0,1,0,3,0,0,0,0,0,0,0,0,0,2,0,0,0,0,1,0,0,0,0,1,0,0,0,0,0,0,0,0,0,0
100,0.5,270,0.62,0.5,390,TRUE,TRUE,2900,123,11,0,0,2,8,0,0,2,3,61,3,0,0,0,0,0,0,0,1,1,0,1,0,0,0,0,0,0,0,7,1,0,1,0,0,1,0,0,0,9,2,0,0,0,0,0,0,1,1,2,0,0,0,0,0,0,0,0,1,0,0,0,0,0,0,1,0,0,0,0,1,0,0,0,0,0,0,0,0,2,0,0,1,0,0,0,0,0,0,0
90,0.6,270,0.74,0.9,930,TRUE,TRUE,2900,119,2,0,2,1,3,2,2,4,3,65,1,0,0,2,0,1,1,0,1,2,1,0,0,1,1,0,0,0,0,1,1,0,0,0,2,0,1,1,0,6,0,0,0,0,0,0,0,0,0,3,0,0,0,0,0,0,0,0,0,5,0,0,0,0,0,0,0,0,0,1,0,0,0,0,0,0,0,0,0,3,0,0,0,0,1,0,0,0,0,0
70,0.7,190,0.59,0.7,410,TRUE,TRUE,2900,122,6,0,0,4,5,4,1,0,3,62,1,1,1,0,0,1,1,0,1,0,3,0,0,1,0,1,0,0,0,8,2,0,0,0,1,0,0,0,0,6,1,0,0,0,0,1,0,0,1,1,0,0,0,0,0,0,0,0,0,1,0,0,0,0,0,0,0,0,0,0,1,0,0,0,0,0,0,0,0,0,0,0,0,0,1,0,0,0,1,2
80,0.5,220,0.34,0.4,550,TRUE,FALSE,2900,120,8,0,2,0,5,2,1,1,3,63,2,0,0,0,0,0,0,1,0,5,2,0,1,0,0,0,0,0,0,3,1,1,0,0,0,0,0,1,0,6,0,0,1,0,0,2,0,0,0,4,0,0,0,0,0,0,0,0,0,1,0,0,0,0,0,0,0,0,0,2,0,0,1,0,1,0,0,0,0,1,0,0,0,0,0,0,0,0,0,0
80,0.9,250,0.88,0.7,850,FALSE,TRUE,2900,120,4,1,0,0,6,1,0,0,3,73,1,0,0,0,0,1,0,0,0,2,1,1,0,0,0,0,0,0,0,8,0,1,0,0,1,1,0,0,0,3,1,0,0,0,0,0,0,0,0,5,0,0,0,0,0,0,0,0,0,3,0,0,0,0,0,0,0,0,0,1,0,0,0,0,0,1,0,0,0,1,0,0,0,0,1,0,0,0,0,0
80,0.9,220,0.54,0.9,260,FALSE,FALSE,2900,124,7,1,1,1,5,1,0,1,3,64,0,0,2,0,1,0,0,0,0,0,3,0,0,0,0,0,1,0,2,7,3,0,0,0,0,0,1,0,2,8,1,0,0,0,0,0,0,0,0,2,0,0,0,0,0,0,0,0,0,2,0,0,0,0,0,0,1,0,1,0,0,0,0,0,1,0,0,0,0,3,0,0,0,0,0,0,0,0,0,0
50,0.5,300,0.87,0.3,660,FALSE,FALSE,2900,123,5,0,0,4,3,1,0,1,3,69,0,0,0,0,1,1,1,1,0,1,0,2,0,0,0,0,0,0,0,7,2,1,0,0,1,0,0,0,1,6,0,0,1,0,0,0,1,2,0,0,0,0,0,0,1,1,0,0,0,2,0,0,0,0,0,0,0,0,0,0,1,0,0,0,1,0,0,0,0,3,0,0,0,0,0,0,0,0,0,0
90,0.6,210,0.71,0.3,180,TRUE,FALSE,2900,120,3,0,1,3,7,3,2,0,2,64,0,0,0,1,0,1,0,0,0,4,0,1,0,0,0,0,0,0,0,6,0,0,0,0,2,1,0,1,1,9,0,0,0,0,0,0,0,0,1,3,0,0,0,0,0,0,0,0,0,3,0,0,0,0,0,0,0,0,0,1,0,0,0,0,0,1,0,0,0,0,0,0,0,0,0,0,0,0,0,0
70,0.8,200,0.49,0.5,310,FALSE,TRUE,2900,123,6,1,1,1,6,0,1,1,4,60,1,1,1,0,0,0,1,1,0,4,4,0,0,0,1,1,0,1,0,5,0,0,1,0,1,0,0,0,0,6,2,1,0,0,1,0,0,0,2,1,0,0,0,0,0,0,0,0,0,3,0,0,0,0,0,1,0,0,0,0,0,0,0,0,0,0,0,0,2,0,1,0,0,0,0,0,0,0,0,0
100,0.6,300,0.58,0.9,630,FALSE,FALSE,2900,122,3,0,1,0,6,0,0,0,2,72,1,2,0,0,0,0,0,0,0,6,0,0,0,0,2,0,0,0,0,7,0,1,0,0,0,1,1,0,2,9,0,0,0,0,0,0,0,0,0,1,0,0,0,0,0,0,0,0,0,3,0,0,0,0,0,0,0,0,0,1,0,0,0,0,0,1,0,0,1,0,0,0,0,0,0,0,0,0,0,0
70,0.5,150,0.61,0.4,950,TRUE,FALSE,2900,121,3,0,0,1,6,0,0,0,2,72,2,2,0,0,0,0,0,0,1,1,1,0,0,0,0,2,0,0,0,8,2,0,0,0,0,0,0,2,0,6,0,0,0,0,0,0,0,0,0,2,0,0,0,0,0,0,0,0,1,2,0,0,0,0,1,0,0,0,0,3,0,0,0,0,0,0,0,0,0,1,0,0,0,0,0,1,0,0,0,0
40,0.9,210,0.56,0.4,280,TRUE,FALSE,2900,121,2,0,2,1,3,1,3,1,3,68,1,0,0,0,1,0,1,0,0,3,0,0,0,0,1,0,0,0,0,9,1,0,0,0,1,0,1,0,0,6,0,0,0,0,1,0,1,0,0,2,0,0,0,0,0,0,0,0,1,2,0,0,0,0,0,1,0,0,0,1,0,0,0,0,2,0,0,0,1,0,0,0,0,0,0,1,0,0,0,0
100,0.8,280,0.56,0.7,170,FALSE,FALSE,2900,123,8,0,2,1,3,2,2,1,2,62,2,1,0,0,0,1,0,0,0,1,1,0,0,1,0,0,1,1,0,9,1,0,0,0,0,0,0,0,0,6,0,0,0,0,2,0,0,0,0,4,0,0,0,0,0,0,0,0,0,2,0,0,0,0,0,0,0,0,0,1,1,0,0,0,1,0,0,1,0,3,0,0,0,0,0,0,0,0,0,1
80,0.5,280,0.96,0.5,1000,FALSE,TRUE,2900,121,8,0,0,2,2,1,1,0,5,63,2,2,0,0,0,2,1,0,1,1,2,0,0,0,0,0,0,0,1,3,1,0,0,0,1,0,0,0,0,5,1,0,1,1,0,0,0,0,0,3,0,0,0,0,0,1,0,0,0,3,0,0,0,0,1,0,0,0,0,3,0,0,0,0,1,0,0,0,0,3,0,0,0,0,0,0,0,0,0,0
20,0.8,210,0.33,0.9,110,TRUE,FALSE,2900,124,3,1,1,2,5,1,0,3,4,70,0,2,0,0,0,1,1,0,0,2,0,0,0,2,0,0,0,0,0,9,1,0,0,0,2,0,0,0,1,5,0,0,0,0,0,0,0,1,0,3,0,0,0,0,0,0,0,0,0,1,0,0,0,0,1,0,0,0,0,1,0,0,0,0,0,0,0,0,0,1,0,0,0,0,1,0,0,0,0,0
40,0.9,220,0.77,0.8,790,FALSE,FALSE,2900,121,5,0,0,0,4,1,0,0,2,73,1,0,0,0,0,1,0,0,0,4,1,1,0,0,1,0,0,0,0,7,0,0,0,0,1,0,1,0,1,5,1,0,1,0,0,0,0,0,0,2,0,0,0,0,0,0,0,0,0,2,0,0,0,0,0,0,0,0,0,1,0,0,0,0,1,1,0,0,1,1,0,0,0,0,1,0,0,0,1,0
50,0.7,110,0.54,0.7,140,FALSE,FALSE,2900,124,8,0,0,4,4,2,0,0,1,71,1,1,0,0,0,1,0,1,1,1,2,0,1,0,0,1,0,0,1,8,0,0,0,1,0,0,1,0,2,4,0,0,0,0,0,0,0,1,0,2,0,0,1,0,0,0,0,0,0,0,0,0,0,0,0,0,0,0,0,0,0,0,0,0,0,1,0,0,0,1,0,0,0,1,0,0,0,0,0,1
30,0.8,240,0.96,0.5,530,TRUE,TRUE,2900,119,3,0,0,3,7,1,0,0,4,70,1,0,0,1,0,0,0,0,0,3,0,1,0,1,0,0,0,0,1,6,0,1,0,0,0,1,0,1,0,5,0,0,0,0,0,2,0,0,0,2,0,1,0,0,0,0,0,0,0,0,0,0,0,0,0,0,0,0,0,0,0,0,0,0,0,1,0,0,1,2,0,0,1,0,0,0,0,0,0,0
20,0.7,130,0.34,0.4,870,TRUE,FALSE,2900,122,7,1,2,1,4,0,0,0,2,68,2,0,0,1,1,0,0,1,3,0,2,0,0,0,0,0,0,0,0,6,2,0,0,0,0,0,1,1,0,6,1,0,0,0,0,0,0,0,0,2,0,0,0,0,0,0,0,0,0,0,0,0,0,0,0,1,0,0,1,2,1,0,0,0,0,0,0,0,0,3,0,0,0,0,1,0,0,0,0,0
10,0.6,100,0.52,0.6,200,TRUE,TRUE,2900,123,5,1,3,1,4,3,3,0,2,65,0,2,1,0,2,0,2,1,0,0,0,0,0,0,0,0,0,0,0,6,1,0,0,0,1,1,0,0,0,7,0,0,0,0,0,0,1,0,0,2,0,0,0,1,0,0,0,0,0,3,0,0,0,0,0,0,0,0,0,0,0,0,0,0,0,0,0,0,0,3,1,0,0,0,1,0,0,0,0,1
70,0.7,130,0.44,0.6,750,TRUE,TRUE,2900,122,5,1,0,1,2,6,0,0,1,74,1,0,0,1,0,0,0,0,0,1,2,0,1,0,0,0,0,0,0,6,0,0,1,0,3,0,0,1,1,3,0,0,0,0,2,0,0,0,1,2,0,0,0,1,0,0,0,1,0,1,0,0,0,0,0,0,0,0,0,1,0,0,0,0,0,0,0,0,0,1,0,0,0,0,1,0,0,0,0,1
60,0.7,230,0.35,0.4,420,FALSE,TRUE,2900,120,7,1,0,1,6,2,1,0,2,60,4,0,1,1,0,0,0,0,1,1,0,0,0,0,0,1,0,0,2,9,2,0,0,0,1,0,0,0,0,4,1,0,0,0,1,0,0,1,1,1,0,0,0,0,0,0,0,1,0,3,0,0,0,0,0,0,0,0,0,2,1,0,0,0,0,1,0,0,0,1,0,0,0,0,0,0,0,0,0,0
50,0.7,150,0.69,0.6,700,TRUE,TRUE,2900,123,3,1,2,1,5,2,2,1,3,70,1,1,1,0,1,0,0,0,1,2,0,0,0,0,2,0,0,0,0,2,1,0,1,0,1,0,0,0,2,6,0,0,0,0,1,1,1,0,0,4,0,0,0,0,1,0,0,0,0,1,0,0,0,0,0,0,0,0,0,0,0,0,0,0,0,1,0,0,0,1,0,0,0,0,0,0,0,0,0,1
10,0.7,280,0.49,0.9,450,FALSE,FALSE,2900,123,8,1,0,3,4,2,2,1,3,62,2,0,0,0,2,0,1,1,0,1,1,0,0,0,0,0,0,0,0,4,2,0,0,0,0,1,0,0,0,6,0,0,0,3,0,0,0,0,1,3,1,0,0,0,0,0,0,0,0,2,0,0,0,0,2,0,0,0,0,2,0,0,0,0,0,0,0,0,0,1,0,0,0,0,0,1,0,0,0,1
90,0.6,120,0.43,0.8,480,TRUE,TRUE,2900,121,9,1,0,2,4,2,0,1,1,64,2,0,0,0,0,0,0,0,1,0,1,0,0,0,1,0,1,0,1,6,3,0,0,0,0,0,0,1,0,8,2,0,0,0,0,0,1,0,0,4,1,0,0,1,0,0,0,0,0,1,0,0,0,0,0,0,0,0,0,0,0,0,0,0,0,0,0,0,0,0,1,0,0,0,0,0,0,0,0,2
30,0.6,300,0.44,0.3,140,FALSE,TRUE,2900,123,3,0,0,5,4,6,4,0,4,63,0,1,1,0,0,0,0,1,0,3,0,0,1,0,0,0,0,0,0,4,0,1,0,0,2,0,0,0,0,9,0,0,0,0,0,0,0,0,0,5,1,0,0,0,0,0,0,0,0,0,0,0,0,0,0,0,0,0,0,1,0,0,0,0,1,0,0,1,1,0,0,0,0,0,0,0,0,0,0,2
80,0.5,100,0.79,0.5,710,FALSE,FALSE,2900,123,5,1,1,3,5,2,1,2,3,64,1,0,0,0,0,1,0,0,0,1,1,2,0,0,0,1,0,0,0,7,0,1,0,0,0,1,0,0,1,4,1,0,0,0,1,1,0,1,0,3,0,0,0,0,0,1,0,0,0,3,0,0,0,0,0,0,0,1,0,0,2,0,0,0,0,0,0,0,0,1,0,0,0,0,1,0,0,0,0,0
40,0.6,100,0.75,0.3,750,TRUE,TRUE,2900,118,10,0,2,1,2,1,1,2,2,66,0,0,0,0,0,0,1,0,0,0,1,0,1,0,1,0,0,0,0,8,3,0,0,0,0,0,0,0,0,3,1,0,0,1,0,0,0,1,0,2,0,0,0,0,0,0,0,0,0,2,0,0,0,0,0,0,0,0,0,1,0,0,0,0,1,0,0,0,0,2,0,0,0,2,0,0,0,0,0,1
90,0.6,180,0.65,0.5,110,FALSE,TRUE,2900,120,7,1,0,2,2,2,1,1,3,63,1,1,0,0,0,2,0,1,0,2,4,0,0,0,0,0,0,0,0,7,1,0,0,0,2,1,0,0,1,5,0,0,0,1,2,0,0,0,0,0,0,0,0,0,1,0,0,0,0,1,0,0,0,0,0,0,0,0,0,1,1,0,0,0,0,0,0,0,0,3,0,0,0,0,0,0,0,0,0,1
60,0.9,260,0.5,0.5,440,TRUE,TRUE,2900,122,9,1,0,0,2,1,1,0,1,68,2,0,1,0,0,1,0,0,1,0,2,0,1,0,0,0,0,0,0,9,2,0,1,0,1,1,0,0,1,7,0,0,0,0,1,0,0,0,0,2,1,0,0,1,1,0,0,0,0,1,0,0,0,0,0,0,0,0,0,2,0,0,0,0,0,0,0,0,0,1,0,0,0,0,0,0,0,0,0,0
30,0.6,250,0.33,0.9,120,FALSE,TRUE,2900,123,6,1,2,2,1,6,0,1,4,65,0,0,0,0,1,1,0,1,1,2,1,0,0,1,0,0,0,0,0,5,0,0,0,0,2,0,0,0,0,7,1,0,0,0,0,0,0,1,0,3,1,0,0,0,0,0,0,0,0,2,0,0,0,0,0,0,0,0,0,1,2,0,0,0,0,0,0,0,0,1,0,0,0,0,1,0,0,0,0,1
40,0.9,200,0.81,0.6,190,FALSE,FALSE,2900,123,10,0,1,0,2,2,0,1,2,69,0,0,0,0,1,1,0,1,0,4,0,1,0,1,0,0,0,0,0,8,0,0,1,0,1,1,0,0,0,4,1,0,0,1,0,0,0,0,0,1,1,0,0,1,0,0,0,1,0,1,0,0,0,0,0,0,0,0,0,1,0,0,0,0,0,0,0,0,0,2,0,0,0,0,1,0,0,0,0,2
50,0.8,210,0.44,0.8,810,TRUE,FALSE,2900,121,5,2,1,1,4,1,1,0,3,70,1,0,0,0,0,0,1,0,0,3,0,0,1,0,0,0,0,0,1,5,2,0,0,2,0,0,1,0,1,6,2,0,0,0,0,0,0,0,0,2,1,0,0,0,0,0,0,0,1,0,0,0,0,0,0,0,0,0,0,0,1,0,0,1,0,1,0,0,0,0,0,0,0,0,0,0,0,0,0,1
80,0.6,250,0.36,0.5,350,FALSE,FALSE,2900,121,3,0,3,3,5,1,2,0,3,67,0,1,1,0,0,0,0,0,0,2,0,0,0,0,0,1,0,0,0,8,0,0,0,0,1,0,0,0,2,5,0,0,0,0,0,1,2,0,0,3,0,0,0,0,1,0,0,0,0,2,0,0,0,0,0,1,0,0,0,2,0,0,0,0,0,0,0,0,0,1,0,0,0,0,0,0,0,0,1,0
20,0.8,270,0.87,0.4,510,TRUE,TRUE,2900,121,7,0,2,2,3,0,0,3,1,65,2,1,0,1,2,0,1,1,1,1,3,0,0,0,0,0,0,1,1,3,1,0,0,0,1,0,0,0,0,9,0,0,0,0,0,0,0,0,1,3,0,0,0,0,0,0,0,0,0,1,0,0,0,0,0,0,0,0,0,0,0,0,0,1,0,0,0,0,0,0,0,0,0,0,0,1,0,0,1,2
40,0.8,200,0.84,0.8,230,FALSE,TRUE,2900,123,9,1,2,1,1,1,0,0,4,67,2,1,0,0,1,0,1,1,0,2,3,0,0,0,0,0,0,0,0,8,2,0,0,0,1,0,0,1,0,1,1,0,0,0,0,0,0,0,0,4,0,0,0,0,1,0,1,0,0,3,0,0,0,0,0,0,0,0,0,1,1,0,0,0,0,0,0,0,0,1,0,0,0,0,1,0,0,0,0,0
10,0.7,290,0.82,0.6,710,FALSE,TRUE,2900,120,8,1,2,0,2,1,1,2,4,65,3,0,0,0,0,0,0,1,0,1,2,0,0,0,0,1,0,0,1,7,0,0,0,0,2,0,0,0,0,6,2,1,1,0,0,0,0,0,0,1,0,0,0,0,0,0,0,0,0,1,0,0,0,0,0,0,0,0,0,1,0,0,0,0,0,0,0,0,0,2,0,0,0,0,1,0,0,0,0,1
90,0.8,130,0.85,0.8,320,FALSE,FALSE,2900,121,2,2,0,1,2,3,0,1,1,69,2,0,0,0,0,0,0,0,2,3,2,0,0,0,0,1,0,0,0,10,1,0,0,1,1,0,0,0,0,6,1,0,0,0,1,0,0,0,1,3,0,0,0,0,0,1,0,0,0,3,1,0,0,0,0,0,0,0,0,0,0,0,0,0,0,0,0,0,0,1,0,0,0,0,0,0,0,0,0,0
70,0.7,210,0.49,0.7,800,FALSE,FALSE,2900,118,7,0,1,4,2,2,1,0,2,66,2,1,1,0,0,1,0,0,1,2,3,0,0,0,0,1,0,0,0,6,2,0,0,0,0,0,1,0,1,3,0,0,0,0,0,0,0,0,0,1,0,0,0,0,0,0,0,1,0,1,0,0,0,0,0,0,0,0,0,2,0,0,0,0,0,0,0,0,0,1,0,0,0,0,1,0,0,0,0,2
20,0.8,140,0.39,0.9,190,FALSE,TRUE,2900,123,6,2,0,2,5,5,1,1,3,63,1,1,0,0,1,1,0,0,0,4,0,0,0,0,0,0,0,0,0,8,1,1,0,0,1,0,0,0,1,4,0,0,0,0,1,0,0,0,0,3,0,0,0,0,0,0,2,0,0,1,0,0,0,0,1,0,0,0,0,1,0,0,0,0,0,0,0,0,1,0,0,0,0,0,1,0,0,0,0,0
100,0.5,290,0.52,0.9,960,TRUE,FALSE,2900,124,6,0,0,3,5,1,1,1,2,63,4,2,1,0,0,0,0,1,0,1,3,0,0,0,1,0,0,1,0,3,2,0,0,0,1,1,0,0,1,8,1,0,0,0,0,0,0,1,1,1,0,0,0,0,0,0,0,0,0,1,0,0,1,0,0,1,0,0,2,1,0,0,0,0,0,0,0,0,0,1,0,0,0,0,0,0,0,0,0,2
80,0.9,160,1,0.8,640,FALSE,FALSE,2900,122,2,0,0,2,6,3,0,2,2,71,0,1,2,0,1,0,0,1,0,3,0,0,0,0,1,0,0,0,1,8,1,0,0,0,0,0,1,0,1,4,0,1,0,0,0,0,0,0,0,0,0,0,0,0,0,1,0,0,0,2,0,0,0,0,0,0,0,0,0,0,0,0,0,0,1,0,0,0,0,3,0,0,0,0,0,0,0,0,1,1
20,0.7,270,0.86,0.8,320,FALSE,TRUE,2900,122,8,1,0,2,3,0,0,0,5,68,0,0,0,0,1,0,0,0,0,1,2,2,0,0,0,1,0,0,0,6,1,0,0,0,0,0,0,2,0,8,0,0,0,0,0,0,0,1,0,4,1,0,0,0,0,0,0,0,1,2,0,1,0,0,0,0,0,0,0,0,0,0,0,0,1,0,0,1,0,0,0,0,0,0,0,0,0,0,0,0
10,0.5,200,0.32,0.7,190,FALSE,FALSE,2900,123,5,1,1,0,4,1,0,1,3,65,3,2,0,0,0,0,0,1,1,2,2,1,0,1,0,1,0,1,1,5,0,0,0,0,1,0,0,0,1,9,1,0,0,0,0,0,0,0,0,1,3,0,0,0,0,0,0,0,0,1,0,0,0,0,0,0,0,0,0,0,0,0,0,0,1,0,0,0,0,3,1,0,0,0,0,0,0,0,0,0
70,0.9,100,0.7,0.9,350,FALSE,FALSE,2900,121,4,2,2,0,4,1,1,0,3,65,2,1,0,0,1,0,0,1,0,2,0,0,0,0,0,2,0,0,1,6,3,0,0,0,1,0,0,0,0,9,2,0,0,0,0,1,0,0,0,4,1,0,0,0,0,0,0,1,0,0,0,0,0,0,1,0,0,0,0,0,0,0,0,0,0,0,0,0,0,1,0,0,0,0,0,0,0,0,0,0
20,0.6,230,0.93,0.5,190,TRUE,FALSE,2900,123,3,1,2,0,8,1,0,1,2,69,0,0,2,0,1,0,0,1,0,0,1,1,0,0,0,0,0,0,1,6,0,0,0,0,0,2,0,0,1,9,0,0,0,0,1,0,1,0,0,0,0,0,0,0,0,0,0,0,1,2,0,0,0,0,0,1,0,0,0,1,0,0,0,0,0,0,0,0,2,0,0,0,0,0,0,0,0,0,0,3
50,0.7,210,0.84,0.6,420,TRUE,TRUE,2900,123,7,2,1,2,3,0,0,1,2,72,1,1,0,1,0,0,0,0,1,1,2,0,1,0,0,0,0,0,0,7,1,0,0,0,0,0,0,1,1,6,1,0,0,0,0,0,0,0,0,2,0,0,0,0,0,0,1,0,0,0,0,0,0,0,0,0,0,1,0,0,0,0,0,0,0,2,0,0,0,2,0,0,0,0,0,0,0,0,0,1
50,0.9,150,0.83,0.9,960,TRUE,TRUE,2900,123,5,0,1,1,4,1,2,0,3,69,0,1,0,0,0,1,0,1,1,1,2,0,1,0,0,1,1,0,0,7,0,0,0,2,1,0,0,0,1,3,2,0,0,0,0,0,0,0,0,2,1,0,0,0,0,0,0,0,0,3,0,0,0,0,1,0,0,0,0,1,1,0,0,0,0,0,0,0,0,0,0,0,0,0,0,0,0,0,1,2
80,0.9,230,0.48,0.6,510,TRUE,FALSE,3000,118,3,0,1,0,1,2,1,1,0,76,0,2,0,0,0,0,0,0,0,2,0,0,0,0,0,1,0,0,1,9,0,1,0,0,1,0,0,0,2,2,0,0,0,0,0,1,0,0,0,2,0,0,0,1,1,0,0,0,0,2,0,0,0,0,0,0,0,0,0,0,0,1,0,0,0,0,0,0,0,1,0,0,0,0,2,0,0,0,0,2
50,0.6,150,0.93,0.8,410,TRUE,FALSE,3000,121,5,2,1,3,4,0,1,3,1,68,0,0,0,0,1,1,0,1,0,2,0,0,0,0,0,0,0,0,0,7,2,0,0,0,2,1,0,0,0,8,2,0,0,0,0,0,1,0,0,2,0,0,0,0,0,0,0,0,0,0,0,0,0,0,0,0,0,0,0,1,0,0,0,0,1,0,0,0,0,2,0,0,0,0,0,0,0,0,0,0
60,0.8,210,0.43,0.6,830,FALSE,FALSE,3000,122,9,0,3,2,4,0,1,1,3,64,1,0,0,1,0,0,0,0,0,1,2,1,1,1,0,0,0,0,0,9,0,0,0,0,0,0,0,1,1,7,1,0,0,0,0,0,0,0,0,1,0,0,0,1,0,0,0,0,0,1,0,0,0,0,0,1,0,0,1,2,0,0,0,0,0,0,0,0,0,1,0,0,0,0,0,0,0,0,1,0
80,0.5,130,0.77,0.6,810,FALSE,TRUE,3000,121,7,1,0,1,2,3,1,1,2,66,4,0,0,0,0,1,2,0,0,2,1,1,0,0,1,0,0,0,0,4,2,0,0,1,0,0,0,0,0,3,1,0,0,0,0,0,0,0,0,2,0,0,0,0,1,0,0,0,0,4,1,0,0,0,0,0,0,0,0,4,0,0,0,0,1,0,0,0,0,1,0,0,0,0,1,0,0,0,0,0
40,0.9,120,0.42,0.3,700,FALSE,TRUE,3000,116,5,1,1,1,7,1,2,0,1,68,1,0,0,0,0,0,0,0,0,0,0,0,0,1,0,1,0,0,0,5,0,0,0,1,0,0,0,0,0,10,1,0,0,0,0,1,0,1,0,1,0,0,0,0,0,0,1,0,0,0,0,0,0,0,0,0,0,0,0,1,0,0,0,0,1,0,0,0,0,2,0,0,0,0,0,0,0,0,0,2
80,0.7,220,0.86,0.9,830,TRUE,FALSE,3000,118,2,1,2,1,5,3,1,3,0,73,0,1,0,0,0,0,1,0,0,2,0,1,0,0,0,0,0,0,0,2,0,0,0,0,1,1,0,0,0,8,0,1,0,0,0,0,0,0,0,1,0,0,0,0,0,0,0,0,1,4,0,0,0,0,0,0,0,0,0,2,0,0,0,0,0,0,0,0,0,1,0,0,0,0,1,0,0,0,0,0
90,0.8,130,0.47,0.7,280,TRUE,TRUE,3000,121,7,1,0,2,2,1,1,0,2,70,1,0,1,0,0,0,0,1,0,1,2,0,0,0,0,0,0,1,0,10,2,0,0,0,0,0,0,1,0,5,1,0,1,0,0,0,0,0,0,0,0,1,0,1,0,0,0,0,0,1,0,0,0,1,0,0,0,0,0,0,0,0,0,0,1,0,0,1,0,3,0,0,0,0,0,0,0,0,0,0
20,0.6,300,0.71,0.8,570,TRUE,FALSE,3000,122,7,1,1,1,5,4,1,0,4,64,1,0,1,0,1,1,0,0,0,1,1,0,0,0,0,0,0,0,0,8,0,0,1,1,1,0,0,0,0,5,0,0,0,0,1,0,1,0,1,3,1,0,0,0,0,0,0,0,0,1,0,0,0,0,0,0,0,0,0,3,0,0,0,0,1,0,0,0,0,1,0,0,0,0,0,0,0,0,0,0
60,0.8,220,0.86,0.8,950,FALSE,FALSE,3000,121,8,0,2,1,6,0,0,1,5,58,3,1,0,1,0,0,0,0,0,4,1,0,0,0,1,0,0,1,1,6,1,1,0,0,0,0,1,0,1,7,0,0,0,0,0,0,0,0,0,0,1,0,1,0,0,0,0,0,0,2,0,0,1,0,0,0,0,0,0,2,1,0,0,0,0,1,0,0,0,0,0,0,0,0,1,0,0,0,0,1
30,0.5,120,0.8,0.4,650,TRUE,FALSE,3000,117,5,2,0,0,3,1,0,1,1,71,3,0,0,0,0,0,0,0,0,0,3,0,0,0,1,0,0,0,0,4,0,1,1,1,0,1,0,0,0,5,1,0,0,0,2,0,0,0,0,2,0,0,0,0,0,0,0,0,0,2,0,0,0,0,0,0,0,0,0,1,0,0,0,0,0,0,0,0,0,3,1,0,0,0,0,1,0,0,0,1
20,0.5,270,0.32,0.3,920,FALSE,FALSE,3000,119,5,1,2,1,4,2,0,2,1,69,0,0,2,0,0,0,0,0,0,3,0,0,0,0,0,1,0,0,0,4,2,0,0,0,1,0,0,0,0,5,0,2,0,0,0,1,0,0,1,2,0,0,0,0,0,2,0,0,0,3,0,0,0,0,0,0,0,0,0,1,1,0,0,0,0,0,0,0,0,0,0,0,0,0,0,0,0,0,0,2
80,0.7,220,0.92,0.5,820,TRUE,FALSE,3000,121,6,0,0,3,7,4,2,1,0,62,0,1,0,0,5,0,0,2,1,3,1,0,0,0,0,0,0,0,0,2,0,0,0,1,0,0,0,0,0,7,1,0,1,1,0,0,0,0,3,2,1,0,0,0,0,0,0,0,0,1,1,0,0,0,0,0,0,0,0,0,0,0,0,0,0,0,0,0,0,0,0,0,0,0,1,0,0,0,0,2
90,0.6,250,0.44,0.3,530,FALSE,FALSE,3000,117,3,1,0,1,4,1,3,0,3,71,3,0,0,0,0,0,0,0,0,1,1,1,0,0,0,0,0,0,0,6,1,0,0,0,0,0,0,0,0,5,0,0,1,1,1,0,0,0,0,2,0,0,1,0,0,1,0,0,0,1,0,0,0,0,0,0,0,0,0,1,0,0,0,0,1,0,1,0,0,1,0,0,0,0,0,0,0,0,0,1
30,0.9,200,0.45,0.7,930,TRUE,FALSE,3000,121,6,0,1,1,7,2,2,0,3,67,0,0,0,0,1,0,0,0,0,2,0,0,0,1,0,1,1,0,0,4,3,0,0,0,0,0,0,2,1,7,1,1,0,0,0,0,0,0,1,2,0,0,0,0,0,0,0,0,0,2,0,0,0,0,0,0,0,0,0,1,0,0,1,0,0,1,0,0,0,0,0,0,0,0,0,0,0,0,0,0
60,0.7,230,0.36,0.3,520,TRUE,TRUE,3000,120,3,1,2,6,4,1,1,2,5,65,0,0,0,0,0,0,0,0,0,1,0,1,0,1,0,0,1,0,0,9,0,0,0,0,1,1,0,0,1,4,0,0,0,0,3,0,0,0,0,0,0,0,0,0,0,0,0,0,0,2,0,0,0,0,0,0,0,0,1,1,0,0,0,0,0,1,0,0,1,0,0,0,0,0,1,0,0,0,0,1
40,0.6,120,0.68,0.6,460,FALSE,TRUE,3000,122,9,1,0,0,2,0,0,1,2,67,2,1,0,1,0,0,1,0,2,2,5,0,0,0,0,0,0,0,0,6,0,1,0,0,0,0,1,0,0,6,1,0,0,0,2,0,1,0,0,0,0,0,0,0,0,0,0,0,0,2,0,0,0,0,0,1,0,0,0,0,0,0,0,0,0,0,0,0,0,4,0,0,0,0,1,0,0,0,0,1
90,0.9,110,0.9,0.4,700,TRUE,TRUE,3000,120,3,1,2,1,3,2,1,2,2,65,2,0,2,0,0,0,0,0,0,3,2,1,0,0,0,1,0,0,1,3,0,0,0,0,1,1,0,0,0,8,0,2,0,1,0,0,0,0,0,3,0,0,0,0,0,0,0,0,1,2,0,0,0,0,0,0,0,0,0,1,0,0,0,0,1,0,0,0,0,3,0,0,0,0,0,0,0,0,0,0
10,0.8,140,0.86,0.3,200,TRUE,FALSE,3000,122,8,2,0,2,5,0,2,1,1,65,0,0,0,1,1,0,0,0,0,2,1,1,0,0,0,1,0,0,1,6,0,0,0,0,0,0,0,0,1,5,2,1,1,0,1,0,1,0,0,0,0,0,0,0,0,0,0,0,0,1,0,1,0,0,0,0,0,0,0,2,1,0,0,0,0,0,0,0,0,4,0,0,0,0,0,1,0,0,0,1
40,0.8,150,0.45,0.3,150,FALSE,TRUE,3000,121,10,0,1,2,2,2,0,1,1,65,1,0,0,0,2,0,2,0,0,2,2,0,1,0,0,0,0,0,1,11,0,0,0,1,0,0,0,0,0,3,1,0,0,0,0,0,0,1,0,3,2,0,0,0,0,0,0,0,0,1,0,0,0,0,0,0,0,0,0,1,0,0,0,0,0,1,0,0,0,2,0,0,0,0,0,0,0,0,0,0
10,0.6,250,0.57,0.8,780,FALSE,TRUE,3000,121,6,1,1,1,4,2,1,0,3,65,2,0,0,0,2,0,1,0,0,2,1,0,0,0,1,0,0,0,1,7,3,0,0,0,1,0,1,0,0,6,0,0,0,0,0,0,0,0,0,1,1,0,0,0,0,0,0,0,0,2,1,0,0,0,0,1,0,0,0,0,0,0,0,0,0,0,0,0,0,2,1,0,0,0,0,1,0,0,0,0
60,0.9,220,0.49,0.9,880,FALSE,TRUE,3000,121,4,0,0,1,4,2,1,3,2,72,2,0,0,0,0,0,0,0,0,6,1,0,0,0,1,0,1,0,0,4,0,0,0,0,1,0,0,0,0,5,0,0,0,1,0,0,1,1,0,3,0,1,0,0,0,0,0,0,0,0,0,0,0,0,0,0,0,0,0,1,0,0,0,0,0,0,0,0,0,2,0,0,0,1,1,0,0,0,0,0
10,0.8,230,0.68,0.5,800,FALSE,FALSE,3000,120,6,0,1,0,3,2,3,0,1,72,0,0,0,0,0,0,0,0,0,2,1,0,0,0,1,0,0,0,0,9,1,0,1,0,0,0,0,0,0,6,0,0,0,0,0,0,2,0,0,1,0,0,0,0,1,0,0,0,0,1,0,0,0,0,0,0,1,0,0,2,0,0,0,0,1,0,0,0,0,2,0,0,0,0,0,0,0,0,1,0
80,0.7,250,0.81,0.6,1000,TRUE,FALSE,3000,119,1,1,1,3,4,2,1,1,3,73,0,1,1,0,0,0,0,0,0,1,0,1,0,0,1,0,0,0,0,11,0,0,0,0,1,0,0,0,1,4,1,0,0,0,0,0,0,1,0,2,0,0,0,0,0,0,0,0,0,1,0,0,0,0,0,0,0,0,0,1,0,0,0,0,1,1,0,0,0,0,0,0,0,0,0,0,0,0,0,0
20,0.7,170,0.31,0.3,130,FALSE,FALSE,3000,119,6,2,0,2,4,0,1,1,5,67,1,0,0,0,0,0,0,1,0,2,1,0,0,0,0,0,0,0,0,4,0,0,0,1,2,0,0,0,0,7,0,0,1,0,1,0,0,0,0,3,1,0,0,0,0,0,0,0,0,1,0,0,0,0,0,0,0,0,0,0,0,0,0,0,1,0,0,0,1,1,0,0,0,0,0,1,0,0,0,2
70,0.7,250,0.64,0.3,710,FALSE,FALSE,3000,120,5,1,0,3,7,2,2,0,2,67,1,0,0,0,0,0,0,0,0,0,3,0,0,0,0,0,0,0,0,2,0,0,1,0,1,0,0,0,0,11,1,0,0,1,0,0,0,0,0,4,0,0,0,1,0,0,0,0,0,2,0,0,0,0,1,0,0,0,0,1,0,0,0,0,0,1,0,0,0,1,0,0,0,0,0,0,0,0,0,0
50,0.8,260,0.59,0.5,910,FALSE,FALSE,3000,120,0,3,0,3,6,3,0,2,2,70,0,0,1,0,0,0,0,0,0,2,0,0,0,0,0,0,0,0,1,5,0,0,1,1,0,0,0,1,0,6,0,0,0,0,0,1,0,0,0,1,0,0,0,0,0,0,0,0,0,1,0,0,0,0,0,0,0,0,0,3,0,0,0,1,1,1,0,0,1,2,0,0,0,0,1,0,0,0,0,1
30,0.8,120,1,0.7,230,FALSE,FALSE,3000,119,7,0,2,1,2,2,0,0,0,68,2,0,0,0,0,0,0,0,1,0,2,0,0,0,0,2,0,1,0,6,3,0,0,0,0,0,0,0,0,11,0,0,0,0,1,0,0,0,0,1,0,0,0,0,0,0,0,0,0,2,1,0,0,0,0,0,0,0,0,1,1,0,0,0,1,0,0,0,0,1,0,0,0,0,0,0,0,1,0,0
20,0.5,270,0.95,0.3,910,TRUE,FALSE,3000,119,8,1,0,2,2,3,0,3,1,63,2,0,1,0,0,0,0,0,1,2,1,1,0,0,0,0,0,0,0,6,3,0,0,1,0,0,0,0,0,6,1,0,1,0,0,0,0,0,1,1,0,0,0,0,0,1,0,0,0,1,0,1,0,0,0,0,0,0,0,1,0,0,0,0,1,0,0,0,0,2,0,0,0,0,0,0,0,0,0,2
50,0.6,160,1,0.9,950,TRUE,FALSE,3000,119,9,0,0,2,2,0,0,1,1,70,1,0,0,1,1,2,0,0,0,1,2,0,0,1,0,0,0,0,0,8,1,0,0,0,0,0,0,0,1,5,2,0,0,0,0,0,1,0,0,1,0,0,0,1,0,0,0,0,0,1,0,0,0,0,0,1,0,0,0,1,1,0,0,0,1,0,0,0,0,0,0,0,0,0,0,0,0,0,0,1
80,0.7,270,0.93,0.6,460,FALSE,FALSE,3000,121,6,0,0,3,4,0,0,1,2,71,1,0,0,0,0,0,0,0,0,1,2,1,1,0,1,0,0,1,1,9,0,0,0,0,0,0,1,0,0,6,0,1,0,0,0,0,0,0,0,3,1,0,0,0,0,0,0,1,0,1,0,0,0,0,0,0,0,0,1,1,0,0,0,0,0,1,0,0,0,0,0,0,0,0,0,0,0,0,0,0
70,0.6,240,0.83,0.8,790,TRUE,TRUE,3000,117,3,2,2,0,2,2,0,1,1,69,1,2,0,0,1,0,0,0,0,1,0,0,0,1,0,0,0,0,1,5,0,0,1,0,1,0,0,0,0,7,1,0,0,0,1,0,0,0,0,1,0,0,0,0,0,1,0,0,1,4,0,0,0,1,0,0,0,0,0,1,0,0,0,0,0,0,0,0,0,2,0,0,0,0,1,0,0,0,0,0
10,0.7,110,0.46,0.9,430,TRUE,TRUE,3000,119,5,0,0,2,5,2,1,2,2,68,0,0,0,1,0,0,0,0,0,1,2,0,0,1,0,0,0,0,0,7,1,0,0,0,0,0,0,0,1,8,0,0,0,0,0,0,0,0,1,4,1,0,0,0,0,0,0,0,0,2,0,0,0,0,1,0,0,0,0,0,0,0,0,0,0,1,0,0,0,0,0,0,0,0,0,0,0,0,0,1
10,0.5,190,0.84,0.3,840,TRUE,FALSE,3000,119,8,0,0,4,4,2,1,1,3,64,0,0,1,0,0,0,0,1,0,1,3,0,0,1,0,0,0,1,0,12,0,0,0,0,1,0,1,0,1,2,0,0,0,0,0,0,0,0,0,0,0,0,0,0,0,0,0,0,0,2,1,0,0,0,0,0,0,0,0,1,1,0,0,1,0,0,0,0,0,0,1,0,0,0,0,1,0,0,0,0
70,0.6,210,0.86,0.6,780,FALSE,TRUE,3000,121,3,0,1,0,3,2,2,1,0,72,2,0,0,0,0,0,0,0,0,3,2,0,0,0,1,2,0,0,1,9,0,0,1,1,0,0,1,0,0,8,0,1,0,0,0,0,0,0,0,1,0,0,0,0,0,0,0,0,0,1,0,0,0,0,0,0,0,0,0,1,0,0,0,0,1,0,0,0,1,0,0,0,0,0,0,0,0,0,0,1
20,0.7,190,0.38,0.6,300,FALSE,TRUE,3000,120,4,2,1,2,5,1,2,1,1,68,2,0,0,0,0,1,0,1,0,1,1,0,0,0,1,0,0,0,0,6,1,1,0,0,1,0,0,0,0,7,0,0,1,0,0,0,0,0,0,2,0,0,0,0,1,0,0,0,0,3,0,0,0,0,1,0,0,0,1,1,0,0,0,0,0,0,0,0,0,0,0,0,0,0,0,0,0,0,1,0
20,0.5,190,0.71,0.8,320,TRUE,TRUE,3000,122,10,0,0,1,2,0,1,1,1,67,2,0,1,0,0,0,0,1,1,3,2,0,0,0,0,0,0,1,0,7,4,0,1,0,0,0,0,0,0,7,0,0,0,1,0,0,0,0,2,2,1,0,0,0,0,0,0,1,0,0,0,0,0,0,0,0,0,0,0,0,0,0,0,0,0,0,0,0,0,1,0,0,0,0,1,1,0,0,0,0
30,0.6,200,0.67,0.4,130,TRUE,TRUE,3000,120,9,0,0,0,2,1,1,0,0,71,2,0,1,1,0,2,0,1,1,2,2,0,0,1,0,0,0,0,0,5,0,0,0,0,1,0,1,0,0,5,0,0,0,1,0,0,0,0,0,3,2,0,0,0,0,0,0,0,1,0,0,0,0,0,1,0,0,0,0,0,0,0,0,0,0,0,0,0,1,1,0,0,0,0,0,0,0,0,1,1
20,0.9,280,0.52,0.5,710,TRUE,TRUE,3000,122,4,1,1,3,4,3,0,3,3,61,0,1,0,1,0,1,1,0,0,5,2,3,0,0,0,1,0,0,0,6,0,0,0,0,2,2,0,0,0,4,0,0,0,0,0,0,0,0,0,4,0,0,0,0,0,0,0,0,0,2,0,0,0,0,0,0,0,0,0,0,1,0,0,0,1,0,0,0,0,2,0,0,0,0,0,0,0,0,0,1
30,0.9,200,0.46,0.5,750,TRUE,TRUE,3000,121,4,0,1,3,7,0,3,1,3,59,4,2,0,0,1,0,0,0,2,2,0,0,0,1,0,0,0,0,0,6,1,1,2,0,0,0,0,1,2,2,0,0,1,0,0,0,0,0,2,6,0,0,0,0,0,0,0,0,0,0,0,0,0,0,0,0,0,0,0,1,0,0,0,1,0,0,0,0,0,0,0,0,0,0,1,1,0,0,0,1
90,0.5,240,0.41,0.7,820,TRUE,FALSE,3000,119,8,0,1,1,5,2,1,0,1,67,1,0,0,0,0,0,0,0,0,2,2,2,0,0,0,0,0,1,1,10,1,1,0,0,0,0,0,0,0,4,0,1,0,0,0,0,0,0,0,2,0,0,0,0,1,0,0,0,0,0,0,0,0,0,1,0,0,0,0,0,0,0,0,0,0,0,0,0,0,2,0,0,0,0,1,0,0,0,0,1
90,0.5,220,0.75,0.7,670,FALSE,TRUE,3000,122,6,1,1,2,1,4,2,1,3,67,1,1,0,0,1,0,0,0,0,4,0,1,0,0,1,1,0,0,0,5,0,1,0,0,0,0,0,0,0,6,0,0,1,0,0,0,1,0,1,1,0,0,0,0,0,0,0,0,0,3,0,0,0,0,0,0,0,0,0,1,0,0,0,0,1,0,0,0,0,2,0,0,0,1,1,0,0,0,0,0
60,0.8,290,0.57,0.9,390,FALSE,TRUE,3000,124,6,0,0,1,8,3,3,1,3,58,1,1,2,1,2,0,0,2,1,5,1,0,0,0,0,0,0,0,0,3,0,0,0,3,1,0,0,0,0,9,0,0,0,0,0,0,0,0,0,3,1,0,0,0,0,0,0,0,0,2,0,0,0,1,0,0,0,0,0,2,0,0,0,0,0,0,0,0,0,0,1,0,0,0,0,0,0,0,0,0
70,0.5,220,0.39,0.6,770,FALSE,TRUE,3000,123,9,0,1,2,2,1,0,2,2,67,1,0,0,1,2,0,0,0,0,2,0,0,1,0,0,0,0,1,1,9,2,0,0,0,0,0,0,0,0,7,1,1,0,0,0,0,1,0,0,4,0,0,1,0,0,1,0,0,0,0,1,0,0,0,0,0,0,0,0,0,0,0,0,0,0,0,0,0,0,1,0,0,0,0,0,0,0,0,0,0
30,0.5,280,0.44,0.9,940,TRUE,FALSE,3000,120,4,0,0,3,7,2,1,1,4,64,2,0,0,1,0,0,0,1,1,2,1,1,0,0,0,0,0,0,1,6,0,0,0,2,1,0,0,1,0,5,0,0,0,0,0,0,0,0,0,1,0,0,0,1,0,0,0,0,0,2,0,0,0,0,0,0,0,0,0,1,1,1,0,0,0,0,0,0,0,0,0,0,0,0,0,1,0,0,0,2
90,0.6,100,0.35,0.5,860,TRUE,TRUE,3000,120,5,1,1,1,3,4,1,1,1,69,1,0,0,0,0,0,0,1,0,2,0,0,0,0,0,0,3,0,1,6,0,0,1,1,1,0,0,1,0,5,0,0,0,0,1,0,1,0,0,2,0,0,0,0,0,0,0,0,0,1,0,0,0,0,0,0,0,0,0,2,0,0,0,0,0,1,0,0,0,1,0,1,0,0,0,0,0,0,1,0
20,0.7,100,0.31,0.8,610,FALSE,FALSE,3000,118,10,0,0,0,4,0,0,0,0,68,1,0,0,2,1,0,1,0,0,4,0,0,0,0,0,1,0,1,0,5,1,0,0,0,0,0,0,1,0,4,0,0,1,0,0,0,0,0,0,2,3,0,0,0,0,1,0,0,0,0,1,0,0,0,0,0,0,0,0,1,0,0,0,0,0,0,0,0,0,5,0,0,0,0,0,0,0,0,0,1
20,0.8,180,0.98,0.3,1000,FALSE,FALSE,3000,119,5,2,1,0,4,2,0,0,4,65,2,0,0,1,0,0,0,0,0,3,3,0,1,0,1,0,0,1,0,8,1,0,0,0,1,0,0,0,0,4,0,0,0,0,0,0,1,0,0,2,1,0,0,1,0,0,0,0,0,2,0,0,0,0,0,0,0,0,1,0,0,0,1,0,1,0,0,0,0,0,0,0,0,0,0,0,0,0,0,1
70,0.7,140,0.95,0.9,920,TRUE,FALSE,3000,118,8,1,1,1,6,3,1,0,4,59,1,0,0,0,1,0,1,1,0,0,0,0,0,0,0,0,0,1,0,9,2,0,0,0,0,1,0,0,0,5,1,0,0,0,2,0,0,0,1,0,1,0,0,0,2,0,0,0,0,1,0,0,0,0,0,0,0,0,0,0,0,0,0,0,0,0,0,0,1,0,0,0,0,0,0,0,0,0,0,4
90,0.9,270,0.44,0.5,810,TRUE,FALSE,3000,120,1,1,1,2,3,3,3,4,3,64,0,1,1,0,0,0,0,0,0,4,0,0,0,0,0,1,1,0,0,3,1,0,0,1,1,0,0,0,0,10,0,0,0,0,1,0,0,0,0,3,0,0,0,0,0,0,0,0,0,3,0,0,0,0,0,0,0,0,0,1,0,0,0,0,3,0,0,0,0,0,0,0,0,0,0,0,0,0,0,1
80,0.9,300,0.53,0.5,170,FALSE,FALSE,3000,121,7,1,1,5,5,5,0,1,2,57,1,0,1,0,0,3,0,0,0,3,0,0,0,0,0,0,0,0,1,8,1,0,0,0,1,0,1,0,0,6,0,0,0,0,0,2,0,0,0,4,0,0,0,0,0,0,0,0,0,0,0,0,0,0,0,0,0,0,0,2,1,0,0,0,1,1,1,0,0,0,0,0,0,0,0,0,0,0,0,0
60,0.5,280,0.65,0.8,380,TRUE,FALSE,3000,120,6,1,1,0,2,1,0,1,2,66,1,0,0,0,1,0,0,2,0,1,1,1,1,0,0,1,0,0,0,4,0,1,0,0,0,0,0,1,0,8,2,0,1,0,0,0,0,0,0,5,0,0,0,0,0,0,0,1,0,2,0,0,0,0,0,0,0,0,0,0,0,0,0,1,1,0,0,0,0,4,1,0,0,0,0,0,0,0,0,0
90,0.8,220,0.59,0.8,930,FALSE,FALSE,3000,120,7,0,0,2,2,3,1,3,3,63,2,1,1,1,2,0,0,1,0,1,0,0,0,0,0,0,0,0,0,8,1,0,0,0,0,0,0,0,0,4,1,0,1,0,1,0,0,0,0,5,0,0,0,0,1,1,0,0,0,0,1,0,0,0,0,0,0,0,0,1,1,0,0,0,0,0,0,0,0,1,0,0,0,0,0,0,0,0,0,1
100,0.5,270,0.62,0.5,390,TRUE,TRUE,3000,119,5,1,2,1,5,0,2,2,3,65,2,0,0,0,0,0,0,0,0,1,0,0,2,1,0,0,0,0,0,6,0,0,0,1,0,1,0,0,0,4,0,1,0,2,0,0,0,0,0,9,0,0,0,0,0,0,0,0,0,2,0,0,0,0,0,0,0,0,0,0,0,0,0,0,0,0,0,0,0,0,0,0,0,0,0,1,0,0,0,1
90,0.6,270,0.74,0.9,930,TRUE,TRUE,3000,120,4,0,2,2,3,6,0,1,4,60,0,1,1,0,0,0,1,0,0,4,0,3,0,0,2,0,0,0,0,9,1,0,0,0,0,0,0,0,0,4,1,0,0,0,0,0,0,0,0,2,0,0,0,1,2,0,0,0,0,1,0,0,0,0,0,0,0,0,0,0,1,0,0,0,1,0,0,0,0,2,0,0,0,0,0,0,0,0,1,1
70,0.7,190,0.59,0.7,410,TRUE,TRUE,3000,120,6,0,2,3,2,2,1,0,2,63,4,0,0,0,0,1,1,0,1,3,1,1,0,0,0,0,0,0,0,7,1,0,0,1,0,0,0,1,0,6,1,0,1,0,0,0,0,0,0,1,2,0,0,1,0,0,0,0,0,1,0,0,0,0,0,0,0,0,0,2,0,0,0,0,0,0,0,0,0,0,0,0,0,1,0,1,0,0,0,1
80,0.5,220,0.34,0.4,550,TRUE,FALSE,3000,118,5,1,1,1,2,1,0,0,3,70,2,1,0,2,0,0,0,0,0,1,2,0,0,0,0,0,0,0,0,6,0,0,0,0,0,0,1,0,0,6,0,0,0,0,0,1,0,0,0,3,1,0,0,1,0,0,0,0,0,1,0,0,0,0,0,0,0,0,1,0,2,0,0,0,1,0,0,0,0,0,0,0,0,0,1,0,0,0,0,2
80,0.9,250,0.88,0.7,850,FALSE,TRUE,3000,119,3,1,0,0,4,3,0,2,2,64,0,0,1,0,0,2,1,1,1,3,0,0,0,0,0,0,0,0,0,6,2,0,1,2,0,0,0,0,0,4,3,0,0,1,0,0,0,0,0,1,0,0,0,0,0,0,0,0,0,2,0,0,0,0,0,0,0,0,1,3,1,0,0,0,1,0,0,0,0,3,0,0,0,0,1,0,0,0,0,0
80,0.9,220,0.54,0.9,260,FALSE,FALSE,3000,120,4,3,1,1,3,2,1,3,1,61,0,0,1,0,0,0,0,0,0,4,1,1,1,0,0,1,1,0,1,6,2,1,0,0,1,1,0,0,0,8,0,0,0,0,0,0,0,0,0,4,0,0,0,0,0,0,0,0,0,2,0,0,0,0,1,0,0,0,0,1,0,0,0,0,0,0,0,1,0,2,0,0,0,0,0,0,0,0,0,0
50,0.5,300,0.87,0.3,660,FALSE,FALSE,3000,121,7,0,0,1,1,1,1,2,0,72,1,0,0,1,1,0,0,0,0,0,2,1,0,1,0,0,0,1,0,8,1,0,1,1,0,0,0,0,0,6,2,0,0,0,0,0,0,1,0,2,1,0,0,0,0,1,0,0,0,3,0,0,0,0,0,0,0,0,0,0,0,0,0,0,0,1,0,0,1,0,0,0,0,0,0,0,0,0,0,0
90,0.6,210,0.71,0.3,180,TRUE,FALSE,3000,123,9,0,0,1,1,3,0,0,3,69,1,0,1,0,0,0,1,1,0,0,3,0,0,3,0,1,0,0,0,12,0,0,0,0,0,0,0,0,0,6,1,0,0,0,0,0,0,0,0,3,1,0,0,0,2,0,0,0,0,0,0,0,0,0,0,0,0,0,0,0,0,0,0,0,0,0,0,0,0,1,1,0,0,0,0,0,0,0,0,0
70,0.8,200,0.49,0.5,310,FALSE,TRUE,3000,119,5,0,1,1,6,1,1,2,3,59,2,0,0,2,0,0,0,2,1,1,3,0,1,0,0,0,0,0,0,6,1,0,0,2,0,0,0,0,0,5,1,0,0,0,0,0,0,0,1,3,1,0,0,0,1,0,0,0,0,2,0,0,0,0,0,0,0,0,0,2,1,0,0,0,0,1,0,0,0,1,0,0,0,0,0,1,0,0,0,0
100,0.6,300,0.58,0.9,630,FALSE,FALSE,3000,121,7,1,0,2,2,1,1,3,1,68,0,0,0,0,0,1,0,0,0,1,0,0,0,1,0,0,1,0,0,7,1,1,0,1,0,0,1,0,0,9,2,0,0,0,0,0,0,0,0,1,0,0,0,0,1,0,0,0,0,2,0,1,0,0,0,0,0,0,0,1,0,0,0,0,0,0,0,0,0,2,0,0,0,0,0,0,0,0,0,2
70,0.5,150,0.61,0.4,950,TRUE,FALSE,3000,118,5,1,0,2,2,1,2,1,2,62,1,0,1,0,2,0,1,0,0,2,2,0,2,0,0,1,0,1,0,6,2,0,0,0,0,0,0,0,0,7,0,1,0,0,0,1,1,0,0,4,0,0,0,0,0,0,0,0,0,2,1,0,0,0,0,0,0,0,0,1,0,0,0,0,0,1,0,0,1,0,0,0,0,0,0,0,0,0,0,0
40,0.9,210,0.56,0.4,280,TRUE,FALSE,3000,123,5,1,0,0,6,2,2,0,2,69,3,0,1,0,0,0,1,0,0,2,1,0,0,0,0,0,0,0,0,7,1,0,1,1,0,0,0,1,1,7,0,0,1,0,1,0,0,0,1,2,0,0,0,0,0,0,0,0,0,2,0,0,0,0,0,0,0,0,0,0,0,0,0,0,0,1,0,0,0,2,0,0,0,0,0,0,0,0,0,0
100,0.8,280,0.56,0.7,170,FALSE,FALSE,3000,123,10,1,0,1,3,0,0,0,2,71,1,0,0,0,2,0,1,0,0,2,1,1,0,0,0,0,0,1,1,4,1,0,0,0,0,0,1,0,0,10,1,0,0,0,1,0,0,0,0,2,0,0,0,0,0,0,0,1,0,0,0,0,0,0,0,1,0,0,0,0,0,0,0,0,1,0,0,0,0,3,0,0,0,0,0,0,0,0,0,0
80,0.5,280,0.96,0.5,1000,FALSE,TRUE,3000,118,8,0,1,0,4,3,0,1,1,66,1,0,0,0,1,1,0,0,0,1,1,0,0,0,0,0,0,1,0,4,4,0,0,2,1,0,0,0,2,6,0,0,0,0,1,0,0,0,1,2,0,0,0,0,0,0,0,0,0,1,0,0,0,0,0,0,0,0,0,0,1,0,0,0,0,0,0,0,0,2,1,0,0,0,0,1,0,0,0,0
20,0.8,210,0.33,0.9,110,TRUE,FALSE,3000,123,5,0,1,2,4,2,1,0,4,68,1,0,0,0,0,2,1,0,0,1,0,1,0,0,0,0,0,0,0,3,3,0,0,2,1,0,2,1,0,5,1,0,0,0,0,0,0,0,0,5,0,0,0,0,0,0,0,0,0,3,0,0,0,0,0,1,0,0,0,1,0,0,0,1,0,0,0,0,0,2,0,0,0,0,0,0,0,0,0,0
40,0.9,220,0.77,0.8,790,FALSE,FALSE,3000,121,6,2,0,1,4,0,1,1,2,65,2,0,1,2,2,0,0,0,0,3,1,1,0,0,1,0,0,0,0,4,0,0,0,0,1,0,0,0,0,8,1,0,0,0,0,0,0,0,0,4,1,0,0,0,1,0,0,0,0,2,1,0,0,0,0,0,0,0,0,0,0,0,0,0,0,0,0,0,0,3,0,0,0,0,0,0,0,0,0,1
50,0.7,110,0.54,0.7,140,FALSE,FALSE,3000,119,8,1,1,1,2,2,0,0,0,69,4,1,0,0,0,0,0,1,1,2,0,0,0,0,0,0,0,0,0,7,2,0,0,0,0,0,0,1,0,5,2,0,0,0,0,0,1,0,1,1,1,0,0,1,0,0,0,0,0,0,0,0,0,0,0,0,0,0,0,1,0,0,0,0,0,1,0,0,0,2,0,0,0,0,0,0,0,0,0,0
30,0.8,240,0.96,0.5,530,TRUE,TRUE,3000,121,4,0,2,3,2,2,2,2,3,64,0,1,0,0,0,1,0,0,0,5,0,1,1,0,1,0,0,0,0,5,2,0,0,0,1,1,0,0,0,5,1,1,0,0,0,0,0,0,2,2,0,0,0,0,0,0,0,0,0,1,0,0,0,0,0,0,0,0,0,1,0,0,0,0,1,0,0,1,0,3,0,0,0,0,0,0,0,1,0,0
20,0.7,130,0.34,0.4,870,TRUE,FALSE,3000,122,4,0,1,0,2,3,0,0,2,69,4,0,1,1,1,0,0,1,0,4,3,0,0,0,1,1,0,0,0,2,3,0,0,0,1,0,1,0,0,9,0,0,0,1,1,1,0,0,0,1,1,0,0,0,0,1,0,0,0,0,0,0,0,0,0,0,0,0,0,0,1,0,0,0,0,0,0,0,0,1,0,0,0,0,1,0,0,0,0,0
10,0.6,100,0.52,0.6,200,TRUE,TRUE,3000,121,6,1,1,1,3,5,2,0,0,68,0,1,0,0,0,0,1,0,0,1,2,0,0,0,2,0,0,0,0,6,2,0,0,1,1,0,0,0,0,5,3,0,0,0,0,0,0,0,0,1,1,0,0,0,0,0,0,0,0,2,0,0,0,0,0,0,0,0,0,0,0,0,0,0,0,0,0,0,0,2,0,0,0,1,1,0,0,0,0,2
70,0.7,130,0.44,0.6,750,TRUE,TRUE,3000,119,7,0,0,2,1,2,1,2,0,68,2,1,1,0,0,1,1,1,1,0,0,0,0,1,1,0,0,0,0,4,1,0,0,0,2,0,0,0,0,7,1,0,0,0,1,0,0,0,1,2,0,0,0,0,0,0,0,0,0,0,0,0,0,0,2,0,0,0,0,1,1,0,1,0,0,0,0,0,1,1,0,0,0,0,0,0,0,0,1,0
60,0.7,230,0.35,0.4,420,FALSE,TRUE,3000,117,4,0,0,2,4,2,1,1,0,70,0,1,2,0,1,0,0,0,1,2,0,0,0,0,0,0,0,0,0,9,0,1,0,0,1,0,0,0,0,6,0,0,0,1,0,0,0,0,0,2,0,0,0,1,0,0,0,0,0,1,0,0,0,0,0,0,0,0,0,0,0,0,0,0,1,1,0,0,1,0,0,0,0,0,1,0,0,0,0,1
50,0.7,150,0.69,0.6,700,TRUE,TRUE,3000,120,3,2,0,0,5,3,0,1,2,72,0,1,0,1,0,0,0,0,0,4,0,0,0,0,0,0,0,0,0,6,0,0,0,0,0,1,1,0,1,10,1,0,0,0,0,0,0,0,0,2,0,0,0,0,0,0,0,0,0,1,0,0,0,0,0,0,0,0,0,0,0,0,0,0,1,0,0,0,0,2,0,0,0,0,0,0,0,0,0,1
10,0.7,280,0.49,0.9,450,FALSE,FALSE,3000,121,7,0,1,0,3,1,2,0,3,67,0,0,1,0,1,0,1,0,0,1,5,0,0,0,1,0,0,0,0,12,0,0,0,0,0,0,0,0,0,3,1,0,0,0,1,0,0,0,0,1,0,0,0,1,0,0,0,0,0,2,0,0,0,0,0,0,0,0,0,2,0,0,0,0,1,0,0,0,0,1,1,0,0,0,1,0,0,0,0,1
90,0.6,120,0.43,0.8,480,TRUE,TRUE,3000,121,3,0,0,0,5,6,3,1,2,67,1,0,0,0,0,0,0,1,0,3,1,0,1,0,0,0,0,0,0,8,0,0,1,1,0,0,0,0,1,8,0,0,0,0,0,1,0,0,0,1,1,0,0,0,0,0,0,0,0,1,0,0,0,0,0,0,0,0,0,0,0,0,0,1,1,0,0,0,0,1,0,0,0,0,0,0,0,0,0,2
30,0.6,300,0.44,0.3,140,FALSE,TRUE,3000,119,5,1,2,2,2,2,1,1,2,71,1,0,0,0,0,1,0,0,0,2,1,0,0,0,0,0,0,0,0,7,0,0,0,1,1,1,0,1,0,6,0,0,0,0,0,0,0,1,1,0,1,0,0,0,0,0,0,0,0,0,0,0,0,0,0,1,0,0,0,0,0,0,0,0,1,0,0,0,1,2,0,0,0,0,0,0,0,0,1,0
80,0.5,100,0.79,0.5,710,FALSE,FALSE,3000,121,6,0,1,1,2,2,0,2,1,69,2,0,0,0,2,1,1,0,0,3,4,0,0,0,0,0,0,0,0,8,1,0,0,1,0,0,0,0,0,5,0,0,0,0,1,0,0,0,0,1,1,0,0,0,0,0,0,0,0,1,0,0,0,0,0,0,0,0,0,0,1,0,0,1,0,0,0,0,0,1,1,0,0,0,0,0,0,0,0,2
40,0.6,100,0.75,0.3,750,TRUE,TRUE,3000,120,6,2,0,2,2,3,1,1,1,72,2,0,0,0,1,1,0,0,0,1,0,1,0,0,0,0,0,0,0,7,0,0,0,0,1,0,0,0,0,5,0,1,0,1,0,0,0,0,0,0,1,0,0,0,0,0,0,0,0,4,0,0,0,0,0,0,0,0,0,1,0,0,0,0,1,0,0,0,0,2,0,0,0,0,0,0,0,0,0,1
90,0.6,180,0.65,0.5,110,FALSE,TRUE,3000,121,9,0,1,1,2,1,1,1,2,69,0,0,1,0,0,1,0,1,0,2,2,0,0,0,0,0,0,0,0,6,1,0,0,1,0,0,0,0,0,8,1,0,0,0,1,1,0,0,1,1,0,0,0,0,0,0,0,0,0,0,0,0,0,0,0,0,0,0,0,3,0,0,0,1,0,1,0,0,0,1,0,0,0,0,0,0,0,0,0,1
60,0.9,260,0.5,0.5,440,TRUE,TRUE,3000,121,0,2,2,3,1,2,2,0,0,74,0,0,1,0,2,0,0,0,0,4,0,0,0,0,1,0,0,0,2,5,0,0,0,0,0,0,1,0,0,7,0,0,0,0,0,0,0,1,0,2,0,0,0,0,0,0,0,0,0,3,0,0,0,0,0,0,0,0,0,0,0,0,0,0,1,0,0,0,0,5,0,0,0,0,1,0,0,0,0,0
30,0.6,250,0.33,0.9,120,FALSE,TRUE,3000,120,4,1,0,0,7,0,0,3,4,66,1,1,0,1,0,0,2,0,0,1,1,0,0,1,0,0,0,0,0,6,1,1,0,1,0,0,0,1,0,9,1,0,0,0,0,1,0,0,0,2,0,0,0,0,0,1,0,0,0,1,0,0,0,0,0,1,0,0,0,0,0,0,0,0,0,0,0,0,0,2,0,0,0,0,0,0,0,0,0,0
40,0.9,200,0.81,0.6,190,FALSE,FALSE,3000,122,9,0,1,0,5,1,1,2,0,66,0,1,0,2,0,0,0,0,0,2,1,0,0,0,0,0,1,0,0,7,0,0,1,1,0,0,0,1,1,5,0,1,0,0,2,0,0,0,0,2,1,0,0,0,0,0,0,0,1,2,0,0,0,0,0,0,0,0,0,2,0,0,0,0,0,0,0,0,1,1,0,0,0,0,0,1,0,0,0,1
50,0.8,210,0.44,0.8,810,TRUE,FALSE,3000,121,6,0,0,1,3,3,1,1,2,63,1,0,0,1,1,1,1,1,0,3,2,0,1,1,0,0,0,0,0,5,0,1,0,0,0,0,0,0,1,7,1,0,0,0,0,1,0,0,0,0,0,0,0,0,0,0,0,0,1,4,1,0,0,0,0,0,0,0,0,3,0,0,0,0,0,0,0,0,0,1,0,0,0,1,2,0,0,0,0,0
80,0.6,250,0.36,0.5,350,FALSE,FALSE,3000,117,0,3,0,1,4,3,0,5,1,70,1,1,1,0,0,0,1,0,0,1,0,0,0,0,0,0,0,0,0,7,0,1,0,0,0,0,0,1,0,3,0,0,0,1,0,0,0,0,1,2,0,0,0,0,0,0,0,1,1,2,0,0,0,0,0,0,0,0,0,1,0,0,0,0,0,0,0,0,0,0,0,0,0,0,0,1,0,0,0,4
20,0.8,270,0.87,0.4,510,TRUE,TRUE,3000,119,5,1,1,2,4,1,0,0,1,71,1,0,0,1,0,0,1,0,0,0,1,2,0,0,0,0,0,0,0,6,0,0,0,0,1,0,0,0,0,8,1,0,0,0,1,0,0,0,1,1,0,0,0,0,0,0,1,0,0,1,2,0,0,0,0,1,0,0,0,0,0,0,0,1,0,0,0,0,0,2,0,0,0,0,0,0,0,1,0,0
40,0.8,200,0.84,0.8,230,FALSE,TRUE,3000,123,12,0,1,3,2,1,0,3,2,65,1,0,0,0,0,0,0,0,0,1,2,0,1,1,0,0,0,0,2,7,0,0,0,0,0,0,0,0,2,4,0,0,0,2,0,0,0,0,0,2,1,0,0,0,0,0,0,0,0,3,0,0,0,0,0,0,0,0,0,0,1,0,0,0,0,1,0,0,1,1,0,0,0,0,1,0,0,0,0,1
10,0.7,290,0.82,0.6,710,FALSE,TRUE,3000,118,2,0,0,2,3,3,1,2,5,68,1,0,0,0,2,1,0,0,0,0,1,0,0,1,1,0,0,0,0,6,0,0,1,0,1,0,0,0,1,7,0,0,1,0,0,0,0,1,0,2,0,0,0,0,0,1,0,0,0,2,0,0,0,0,0,0,0,0,0,1,0,1,0,0,0,0,0,0,0,0,0,0,0,0,1,0,0,0,0,0
90,0.8,130,0.85,0.8,320,FALSE,FALSE,3000,119,5,1,0,2,5,2,0,0,3,63,2,0,0,0,0,0,0,0,0,2,1,0,0,2,2,0,0,0,0,7,2,1,0,0,0,0,0,0,1,8,0,1,0,0,0,0,0,0,0,4,2,0,0,0,0,0,0,0,0,2,0,0,0,0,0,0,0,0,0,0,0,0,0,0,1,0,0,0,0,1,0,0,0,0,0,0,0,0,0,0
70,0.7,210,0.49,0.7,800,FALSE,FALSE,3000,121,5,0,0,1,1,1,2,2,1,75,1,0,0,0,0,1,1,0,0,1,1,0,0,0,0,1,0,0,0,7,0,0,0,1,1,1,0,0,0,10,0,0,0,0,1,0,0,0,0,1,0,0,0,1,1,0,0,0,0,2,0,0,0,0,0,0,0,0,0,0,0,0,0,0,0,0,0,0,0,0,0,0,0,0,0,0,0,1,0,1
20,0.8,140,0.39,0.9,190,FALSE,TRUE,3000,121,2,1,1,2,6,3,1,1,3,66,1,1,0,0,0,2,2,0,0,2,2,1,0,0,0,0,0,0,1,6,2,0,0,0,1,0,0,0,0,3,1,0,0,0,2,0,0,0,0,4,0,0,0,0,0,0,0,0,0,0,0,0,0,0,0,0,0,0,0,4,0,0,0,0,0,0,0,0,0,0,0,0,0,0,1,0,0,0,0,0
100,0.5,290,0.52,0.9,960,TRUE,FALSE,3000,121,5,1,1,1,4,3,0,1,2,63,2,0,0,1,0,0,1,0,2,1,2,0,0,1,0,0,0,0,0,9,2,0,0,0,1,0,0,0,0,7,0,0,0,0,0,1,1,0,0,2,1,0,0,0,1,0,0,0,0,0,0,0,0,1,0,0,0,0,0,1,0,0,0,0,0,0,0,0,1,2,0,0,0,0,0,0,0,0,1,0
80,0.9,160,1,0.8,640,FALSE,FALSE,3000,119,6,0,3,1,4,1,2,1,2,69,2,0,0,0,0,0,0,1,0,1,0,0,0,0,0,0,0,0,1,4,2,0,1,0,0,0,0,0,1,7,0,0,0,1,0,0,0,0,0,0,0,0,1,0,0,0,1,0,1,2,0,0,0,0,0,0,0,0,0,2,0,0,0,0,0,0,0,0,0,1,0,0,0,0,1,0,0,0,1,0
20,0.7,270,0.86,0.8,320,FALSE,TRUE,3000,119,5,1,1,1,3,0,0,1,3,69,1,0,0,1,1,0,0,0,0,4,1,1,0,0,0,0,0,0,0,5,0,0,0,0,0,0,2,0,0,3,2,0,0,0,0,0,0,0,0,3,1,0,0,1,0,0,0,0,0,4,0,1,0,0,0,1,0,0,0,0,1,0,0,0,0,0,0,0,0,1,0,0,0,0,1,0,0,0,0,1
10,0.5,200,0.32,0.7,190,FALSE,FALSE,3000,118,4,1,0,1,5,1,0,0,2,66,3,1,0,1,0,1,0,0,0,1,2,0,0,0,1,0,0,0,1,6,0,0,0,1,0,0,0,1,0,7,0,0,1,0,1,0,0,0,0,3,1,0,0,0,0,0,0,0,0,2,0,0,0,0,1,0,0,0,0,2,1,0,0,0,0,0,0,0,0,0,0,0,0,0,0,1,0,0,0,0
70,0.9,100,0.7,0.9,350,FALSE,FALSE,3000,118,8,0,0,1,4,1,1,0,3,64,1,0,0,0,2,0,0,0,1,0,4,0,0,0,0,0,0,0,1,10,4,0,0,0,0,0,0,0,0,3,0,0,0,0,0,0,0,0,0,2,0,0,0,0,0,0,1,0,1,2,0,0,1,0,0,0,0,0,0,0,0,0,1,0,1,0,0,0,0,1,0,0,0,0,0,1,0,0,0,0
20,0.6,230,0.93,0.5,190,TRUE,FALSE,3000,119,2,1,1,3,1,4,1,0,1,68,1,1,0,0,0,2,1,0,0,2,0,0,1,0,0,0,0,0,0,12,2,0,0,0,1,1,0,0,0,1,0,0,0,0,1,0,0,0,1,3,0,0,0,0,0,0,0,0,0,1,0,0,0,0,1,0,0,0,0,1,1,0,0,0,1,0,1,0,0,1,0,0,0,0,0,0,0,0,0,1
50,0.7,210,0.84,0.6,420,TRUE,TRUE,3000,121,4,0,0,0,2,2,0,2,0,74,0,0,1,0,1,0,1,0,0,4,3,0,0,0,0,1,0,0,0,8,0,0,0,0,1,0,0,0,0,6,0,0,0,1,1,0,0,0,0,0,1,0,0,0,0,0,0,0,0,2,0,0,0,0,0,0,0,0,0,1,0,0,0,1,1,0,0,0,1,1,0,0,0,0,1,0,0,0,0,1
50,0.9,150,0.83,0.9,960,TRUE,TRUE,3000,121,0,1,2,2,4,4,2,0,1,78,0,0,0,0,0,0,0,0,0,0,0,0,0,0,0,0,0,1,0,7,0,0,0,0,0,0,0,0,1,4,0,3,0,0,0,0,0,0,0,1,0,0,0,0,1,0,0,0,0,2,0,0,0,0,0,0,0,0,0,3,0,0,0,0,0,1,0,0,0,2,0,0,0,0,0,0,0,0,1,1
80,0.9,230,0.48,0.6,510,TRUE,FALSE,3200,118,5,0,2,2,3,1,1,1,4,66,1,0,0,0,0,0,1,0,0,2,0,0,0,0,0,0,0,0,0,5,1,0,1,0,0,0,0,0,0,6,1,1,0,0,1,1,0,0,0,3,0,0,0,1,0,0,0,0,1,1,1,0,0,0,0,1,0,0,0,1,0,0,0,0,1,0,0,1,0,2,0,0,0,0,0,0,0,0,0,0
50,0.6,150,0.93,0.8,410,TRUE,FALSE,3200,115,2,1,0,1,3,2,0,0,2,69,1,0,1,0,0,0,0,0,0,0,0,0,2,0,0,0,0,0,0,8,1,0,1,1,0,1,0,0,0,8,2,0,0,0,0,0,0,1,0,2,0,0,0,0,0,0,0,0,0,2,0,0,0,0,0,0,0,0,0,0,0,0,0,0,0,2,0,0,0,2,0,0,0,0,0,0,0,0,0,1
60,0.8,210,0.43,0.6,830,FALSE,FALSE,3200,116,3,0,2,1,4,2,2,1,1,67,1,0,1,0,0,0,0,0,0,0,1,0,0,0,2,0,0,0,0,5,0,0,0,0,0,0,0,0,0,9,1,0,0,0,0,0,0,0,0,2,0,0,0,0,0,0,0,0,0,2,0,0,0,0,0,1,0,0,0,0,1,0,0,0,0,0,0,0,1,5,0,1,0,0,0,0,0,0,0,1
80,0.5,130,0.77,0.6,810,FALSE,TRUE,3200,116,0,2,3,1,7,3,2,2,6,62,0,1,0,0,0,0,0,0,0,2,1,0,0,0,0,0,0,0,1,8,0,0,0,1,0,0,0,1,0,6,1,0,0,0,0,0,0,0,0,0,0,0,0,0,0,0,0,0,0,3,0,0,0,0,0,0,0,0,0,1,0,0,0,0,1,0,0,0,0,0,0,0,0,0,0,0,1,0,0,1
40,0.9,120,0.42,0.3,700,FALSE,TRUE,3200,118,4,1,0,5,2,2,0,1,4,66,0,1,0,0,0,0,1,0,0,2,1,0,0,0,1,0,0,0,0,6,1,0,1,1,0,0,0,1,0,8,1,0,0,0,0,1,0,0,1,1,0,0,0,0,0,0,0,0,0,2,0,0,0,0,0,0,0,0,0,2,0,0,0,0,0,0,0,0,1,1,0,0,0,0,0,0,0,0,0,0
80,0.7,220,0.86,0.9,830,TRUE,FALSE,3200,117,2,1,0,0,2,3,0,0,2,70,1,1,2,1,1,0,0,0,1,2,1,0,0,0,0,0,0,0,0,8,1,0,0,1,1,0,0,1,0,5,0,0,0,1,0,0,0,0,0,2,1,0,0,0,0,0,0,0,0,2,0,0,0,0,0,0,0,0,0,2,0,0,0,0,0,0,0,0,0,0,0,0,0,0,0,1,0,0,0,2
90,0.8,130,0.47,0.7,280,TRUE,TRUE,3200,115,4,1,0,1,3,1,0,1,0,66,1,0,1,1,1,0,0,0,0,1,3,0,1,0,0,0,1,0,0,5,2,0,0,0,0,0,0,0,1,6,1,0,0,0,0,0,0,0,1,2,1,1,0,0,0,0,0,0,0,2,0,1,0,0,0,1,0,0,0,3,0,0,0,0,0,0,0,0,0,1,0,0,0,0,0,0,0,0,0,0
20,0.6,300,0.71,0.8,570,TRUE,FALSE,3200,118,4,0,1,1,4,3,2,2,4,61,2,0,0,2,0,0,1,0,1,3,0,0,1,1,0,0,1,0,0,4,0,0,0,2,0,0,0,0,0,8,0,0,0,0,0,0,0,0,0,3,1,0,0,0,0,0,0,0,0,0,1,1,0,0,1,0,0,0,0,0,0,0,0,0,0,0,0,0,0,3,0,0,0,0,1,0,0,0,0,0
60,0.8,220,0.86,0.8,950,FALSE,FALSE,3200,117,5,0,0,2,2,1,1,0,4,68,3,0,1,0,0,0,0,0,0,1,1,0,1,0,0,0,0,0,0,5,3,1,0,0,0,0,1,0,0,9,0,1,0,1,0,0,0,0,0,1,0,0,0,0,0,0,0,0,0,1,0,0,0,0,0,1,0,0,1,0,0,0,0,0,1,0,0,0,0,0,0,0,0,0,0,0,0,0,0,2
30,0.5,120,0.8,0.4,650,TRUE,FALSE,3200,118,5,1,0,3,4,2,0,0,0,65,4,0,0,0,0,1,1,0,0,1,1,0,0,1,0,0,0,0,3,7,2,0,0,0,0,0,0,0,1,6,2,0,0,0,1,0,0,0,0,0,0,0,0,0,0,0,0,0,0,1,0,0,0,0,0,0,0,0,0,2,1,0,0,0,0,2,0,1,0,1,0,0,0,0,0,0,0,0,0,0
20,0.5,270,0.32,0.3,920,FALSE,FALSE,3200,115,6,0,2,1,3,2,1,0,1,68,0,1,0,0,0,0,0,1,0,0,1,0,0,1,0,1,0,0,0,6,2,0,0,0,1,0,0,0,0,2,2,0,0,0,0,1,1,0,1,2,0,0,0,0,0,1,0,0,0,1,1,0,0,0,0,0,0,0,0,0,0,0,0,0,0,0,0,0,0,3,1,0,0,0,0,0,0,0,0,2
80,0.7,220,0.92,0.5,820,TRUE,FALSE,3200,119,6,1,0,2,3,2,0,2,1,61,1,0,1,0,1,1,1,1,1,1,1,1,0,0,0,0,0,0,1,5,1,0,0,0,0,0,0,0,0,10,0,0,0,1,0,0,0,0,0,2,0,0,0,0,0,0,0,0,0,1,0,0,1,0,0,0,0,0,0,2,1,0,0,1,0,1,0,0,1,1,0,0,0,0,0,1,0,0,0,2
90,0.6,250,0.44,0.3,530,FALSE,FALSE,3200,116,5,0,1,1,3,0,0,2,0,66,1,0,0,2,2,2,1,0,0,4,4,0,0,0,0,0,0,0,0,7,0,0,0,0,0,0,0,0,0,3,2,1,0,0,0,0,0,0,0,2,2,0,0,1,0,0,0,0,0,0,0,0,0,0,0,0,0,0,1,0,1,0,0,0,1,0,0,0,0,0,0,0,0,0,0,1,0,0,0,1
30,0.9,200,0.45,0.7,930,TRUE,FALSE,3200,117,3,0,1,3,6,4,1,1,2,64,1,0,1,0,0,0,0,0,0,1,1,0,0,0,1,0,0,0,0,5,1,1,0,0,0,0,0,0,0,6,0,1,0,0,0,0,0,0,0,1,0,0,0,0,0,0,0,0,0,5,0,0,0,0,0,0,0,0,0,1,0,0,0,0,0,1,1,0,0,2,0,0,0,0,0,0,0,0,1,2
60,0.7,230,0.36,0.3,520,TRUE,TRUE,3200,117,0,1,1,2,4,2,2,1,1,73,0,1,1,0,0,0,0,0,0,0,0,0,0,0,0,0,1,1,0,8,0,2,0,0,1,0,0,0,1,6,0,0,0,0,1,0,0,0,0,1,0,0,0,0,0,0,0,0,0,1,0,0,0,0,0,0,0,0,0,2,0,0,0,0,0,1,0,0,0,3,0,0,0,0,0,0,0,0,0,0
40,0.6,120,0.68,0.6,460,FALSE,TRUE,3200,116,2,1,0,1,6,3,1,1,3,65,0,0,0,0,0,0,0,2,0,4,0,0,0,1,0,0,0,0,0,6,1,0,0,2,0,0,0,0,0,7,0,0,0,0,0,0,0,0,0,2,0,0,0,0,0,1,0,0,0,3,0,0,0,0,0,0,0,0,0,3,0,0,0,0,0,0,0,0,0,0,0,0,0,0,0,1,0,0,0,1
90,0.9,110,0.9,0.4,700,TRUE,TRUE,3200,115,6,0,0,0,0,2,0,5,0,66,1,0,0,1,0,0,0,0,0,0,2,0,1,0,0,0,0,1,0,8,2,0,0,0,1,1,0,1,1,5,0,1,0,0,0,1,1,0,0,1,0,0,0,0,1,0,0,0,1,0,0,0,0,0,0,0,0,0,0,0,1,0,0,0,0,0,0,0,0,1,0,1,0,0,1,0,0,1,0,1
10,0.8,140,0.86,0.3,200,TRUE,FALSE,3200,118,7,0,0,4,2,3,0,1,2,63,0,0,0,0,0,0,1,0,2,1,1,1,1,0,1,0,0,1,0,8,3,0,0,0,1,0,0,1,1,4,0,0,0,0,1,0,2,0,0,1,1,0,0,0,0,0,0,0,0,1,0,0,0,0,1,0,0,0,0,2,0,0,0,0,0,0,0,0,0,1,0,0,0,0,0,0,0,0,0,0
40,0.8,150,0.45,0.3,150,FALSE,TRUE,3200,118,5,1,0,1,2,2,0,1,2,66,1,0,0,0,2,0,0,1,0,2,3,0,0,1,0,0,0,0,0,7,1,0,0,0,0,0,1,0,1,8,1,1,0,1,1,0,0,0,0,2,0,0,0,0,1,0,0,0,0,1,0,0,0,0,0,0,0,0,0,0,0,0,0,0,0,0,0,0,0,1,0,0,1,0,0,1,0,0,0,0
10,0.6,250,0.57,0.8,780,FALSE,TRUE,3200,117,2,2,3,1,4,4,1,1,0,70,2,0,0,0,0,0,0,0,0,3,1,0,0,0,1,0,0,0,1,5,1,0,0,0,0,0,0,0,0,5,1,0,0,0,1,0,1,0,0,0,0,0,0,0,0,0,0,0,0,3,0,0,0,0,0,0,0,0,0,2,0,0,0,0,0,1,0,0,0,1,0,0,0,0,0,1,0,0,0,0
60,0.9,220,0.49,0.9,880,FALSE,TRUE,3200,117,4,1,1,2,5,4,0,2,5,56,1,0,0,1,0,0,0,0,1,3,1,0,0,0,0,0,0,0,0,8,1,0,0,0,1,1,1,0,0,10,1,0,0,0,0,0,0,0,0,3,0,0,0,0,0,0,0,0,0,1,0,0,0,0,0,1,0,0,0,1,0,0,0,0,0,0,0,0,0,1,0,0,0,0,0,1,0,0,0,0
10,0.8,230,0.68,0.5,800,FALSE,FALSE,3200,114,5,0,0,1,1,1,1,0,1,67,3,1,0,1,0,0,0,0,0,4,1,0,0,0,0,1,0,0,1,8,4,0,1,0,1,0,0,0,0,5,0,0,0,0,0,0,0,0,0,0,0,0,0,0,1,0,0,0,0,1,0,1,0,0,0,0,0,0,0,0,0,0,0,0,0,0,1,0,0,1,0,0,0,1,0,0,0,0,0,1
80,0.7,250,0.81,0.6,1000,TRUE,FALSE,3200,118,2,0,1,1,6,1,2,2,2,68,0,0,2,0,0,0,0,0,0,2,0,0,0,0,0,0,0,0,0,9,0,1,1,0,0,0,1,0,1,5,0,1,0,2,1,0,0,0,0,2,1,0,0,0,0,0,0,0,0,1,0,0,0,0,0,0,0,0,0,0,0,0,0,0,1,0,0,0,0,2,0,0,0,0,0,0,0,0,0,1
20,0.7,170,0.31,0.3,130,FALSE,FALSE,3200,117,0,3,1,2,9,3,2,3,2,63,0,1,0,0,1,0,0,0,0,4,0,1,0,0,0,0,0,0,0,8,0,0,0,0,0,0,0,0,1,4,1,0,0,1,0,0,0,0,0,2,0,0,0,0,0,0,0,0,0,3,0,0,0,0,0,0,0,0,0,0,0,0,0,0,0,0,0,0,0,2,0,0,0,0,0,1,0,0,0,0
70,0.7,250,0.64,0.3,710,FALSE,FALSE,3200,115,3,1,2,1,4,2,1,2,2,65,0,0,0,0,0,0,0,0,0,3,2,0,0,0,1,1,0,0,0,8,0,0,1,0,0,0,0,0,0,7,2,0,0,0,0,0,0,0,0,2,0,0,0,0,0,0,0,0,0,1,0,0,0,0,0,1,0,0,0,2,0,0,0,0,0,0,0,0,0,1,0,0,0,0,0,0,0,0,0,1
50,0.8,260,0.59,0.5,910,FALSE,FALSE,3200,116,0,1,0,3,6,0,3,4,2,72,0,0,0,0,0,0,0,0,0,2,0,1,0,0,0,1,0,0,0,7,0,1,0,0,0,0,0,0,1,3,0,0,1,0,0,1,0,0,0,5,0,0,0,0,0,0,0,0,0,0,0,0,0,0,0,0,0,0,0,0,0,0,0,0,0,0,0,0,0,2,0,0,0,1,0,0,0,0,0,0
30,0.8,120,1,0.7,230,FALSE,FALSE,3200,117,4,0,0,4,5,1,0,2,1,65,2,1,1,0,0,0,0,0,0,3,2,1,1,1,0,0,0,0,0,8,2,0,0,0,0,0,0,1,1,3,0,0,0,0,0,0,0,0,1,0,1,1,0,0,0,0,0,0,0,2,0,0,0,0,0,1,0,0,0,0,0,0,0,0,0,0,0,0,0,3,0,0,0,0,0,0,0,0,0,0
20,0.5,270,0.95,0.3,910,TRUE,FALSE,3200,119,8,1,1,0,6,1,0,1,4,66,0,0,0,0,0,0,0,1,0,1,2,1,0,1,0,0,0,0,0,5,0,0,0,0,0,0,0,0,0,8,1,0,0,1,0,0,0,1,0,0,0,0,0,1,0,1,0,0,0,1,0,0,0,1,0,0,0,0,0,2,0,0,0,0,1,0,0,0,1,0,0,0,0,0,0,0,0,0,1,1
50,0.6,160,1,0.9,950,TRUE,FALSE,3200,114,6,0,0,1,1,3,0,3,1,62,4,0,0,1,0,0,0,0,0,1,0,0,1,0,2,1,0,0,0,8,2,0,0,0,0,0,0,0,0,5,1,0,0,0,0,1,0,0,0,5,0,0,0,0,0,0,0,0,1,0,1,0,0,0,1,0,0,0,1,1,0,0,0,0,0,0,0,0,0,1,0,0,0,0,0,0,0,0,0,0
80,0.7,270,0.93,0.6,460,FALSE,FALSE,3200,116,6,1,0,1,3,2,1,0,1,66,1,0,1,0,0,0,0,1,0,2,1,0,0,1,0,1,0,0,0,7,0,1,0,0,2,0,0,1,0,3,2,0,0,0,0,0,0,0,0,1,0,0,0,0,0,0,0,0,0,4,0,0,0,0,0,0,0,0,0,1,1,1,0,0,0,0,0,0,1,0,0,0,0,0,1,1,0,0,0,1
70,0.6,240,0.83,0.8,790,TRUE,TRUE,3200,115,0,1,1,1,4,1,3,1,2,71,0,1,1,0,0,0,0,0,0,6,0,0,1,0,1,2,0,0,0,1,0,0,0,0,0,0,1,0,1,6,0,0,0,0,0,0,0,0,0,1,0,1,0,0,0,0,0,0,0,3,0,0,0,0,0,1,0,0,0,0,0,0,0,0,0,0,1,0,0,1,0,0,0,0,1,0,0,0,0,1
10,0.7,110,0.46,0.9,430,TRUE,TRUE,3200,119,5,0,0,1,0,2,1,0,0,72,2,1,0,1,0,0,0,0,1,0,2,0,1,1,1,0,0,0,0,6,0,2,0,0,0,0,0,0,0,10,2,0,0,1,0,0,0,0,0,1,0,0,0,0,0,0,0,0,0,1,1,0,0,0,0,0,0,0,0,0,0,0,0,0,0,1,0,0,0,1,0,0,0,0,1,0,0,0,0,2
10,0.5,190,0.84,0.3,840,TRUE,FALSE,3200,117,2,0,2,1,9,2,3,1,4,62,1,2,0,1,0,0,0,0,1,3,0,0,0,0,0,0,0,0,0,5,1,0,0,1,0,0,0,1,1,4,0,0,0,1,0,0,0,0,1,1,0,0,0,0,0,0,0,0,0,1,0,0,0,0,1,0,0,0,0,2,0,0,0,0,0,0,0,0,0,2,0,0,0,0,0,0,0,0,1,1
70,0.6,210,0.86,0.6,780,FALSE,TRUE,3200,118,6,0,0,2,2,1,2,0,3,67,4,0,1,1,0,0,0,0,0,3,1,0,1,0,0,1,0,0,0,8,2,0,0,0,0,0,0,0,0,7,0,0,0,0,0,0,0,0,0,1,1,0,0,0,0,0,0,0,0,0,0,0,0,0,1,0,0,0,0,0,0,0,0,0,0,0,0,0,0,2,0,0,0,0,0,0,0,0,0,2
20,0.7,190,0.38,0.6,300,FALSE,TRUE,3200,119,4,0,0,4,3,1,1,1,4,69,2,0,0,0,0,0,1,0,0,2,1,0,0,0,0,0,0,0,0,12,1,0,0,1,1,0,0,0,0,4,0,0,0,0,0,0,0,0,0,2,0,0,0,0,1,0,0,0,0,0,0,0,0,0,0,0,0,0,0,0,0,0,0,0,1,0,0,0,1,1,1,0,0,0,0,0,0,0,1,0
20,0.5,190,0.71,0.8,320,TRUE,TRUE,3200,119,8,0,0,2,4,1,2,0,1,65,1,0,0,0,0,0,1,0,0,0,2,0,1,2,0,0,0,0,0,7,2,0,0,0,1,0,0,0,0,8,1,0,0,0,0,0,2,0,0,1,1,0,0,0,0,0,0,0,0,1,0,0,0,0,1,0,0,0,0,0,0,0,0,0,0,0,1,1,0,0,0,0,0,0,1,0,0,0,0,2
30,0.6,200,0.67,0.4,130,TRUE,TRUE,3200,115,2,0,1,2,5,1,0,4,2,67,1,0,0,0,0,0,1,0,0,2,1,0,0,0,1,0,0,0,0,7,2,0,0,1,0,0,0,0,0,5,0,0,0,1,0,0,0,0,0,2,0,0,0,1,0,0,0,0,0,1,0,0,0,0,0,0,0,0,0,0,0,0,0,1,0,0,0,0,1,3,0,0,0,0,0,0,0,0,0,1
20,0.9,280,0.52,0.5,710,TRUE,TRUE,3200,118,0,2,0,5,6,4,2,1,3,67,0,0,0,1,0,0,0,0,0,0,0,0,1,0,0,0,0,0,0,7,2,0,0,0,0,0,0,0,1,7,0,0,0,0,0,0,0,0,1,4,0,0,0,0,0,0,0,0,0,0,0,0,0,0,0,0,0,0,0,1,0,0,0,0,1,0,0,0,1,1,0,0,0,0,0,0,0,0,0,1
30,0.9,200,0.46,0.5,750,TRUE,TRUE,3200,119,4,0,0,1,6,0,5,1,1,67,1,1,1,1,0,1,0,0,0,1,4,0,0,0,1,0,1,0,0,8,1,0,0,1,0,0,0,0,0,6,0,0,0,0,0,0,0,0,0,2,0,0,0,0,0,0,0,0,0,1,0,0,0,0,0,0,0,0,0,1,0,0,0,0,1,0,0,0,1,1,0,0,0,0,0,0,0,0,0,0
90,0.5,240,0.41,0.7,820,TRUE,FALSE,3200,116,4,0,0,1,1,2,0,2,4,65,3,0,0,1,1,0,0,0,0,1,2,1,1,0,1,1,0,0,0,6,4,0,0,0,0,0,0,0,0,6,0,0,0,0,0,0,0,0,0,2,1,0,0,0,1,0,0,0,0,3,0,0,0,0,0,0,0,0,0,2,0,0,0,0,0,0,0,0,0,0,0,0,0,0,1,0,0,0,0,0
90,0.5,220,0.75,0.7,670,FALSE,TRUE,3200,120,9,0,0,1,3,2,1,0,0,65,1,0,2,0,1,1,1,1,0,1,3,0,0,1,1,0,0,0,0,3,1,0,1,0,1,0,2,0,0,7,1,0,0,0,0,1,0,0,0,3,0,0,0,0,1,0,0,0,0,2,0,0,0,0,0,0,0,0,0,1,0,0,0,0,0,0,0,0,1,0,0,0,0,0,0,0,0,0,0,2
60,0.8,290,0.57,0.9,390,FALSE,TRUE,3200,117,4,1,0,3,4,2,1,2,5,62,3,0,1,0,0,2,0,0,1,2,1,0,0,1,0,0,0,0,0,4,1,0,0,2,1,0,0,0,0,7,0,0,0,0,0,0,0,0,1,0,0,0,0,0,0,0,0,0,0,1,0,0,0,0,0,0,0,0,0,1,0,0,0,0,1,0,0,0,1,0,0,0,0,0,0,1,0,0,0,2
70,0.5,220,0.39,0.6,770,FALSE,TRUE,3200,118,4,0,0,3,8,0,1,1,2,67,0,0,0,1,0,0,1,0,0,1,3,0,0,0,0,0,0,1,0,7,1,0,0,0,0,0,0,0,0,7,1,0,0,0,1,0,0,0,0,2,0,0,0,0,1,0,0,0,0,1,0,0,0,0,0,0,0,0,0,1,0,0,0,0,0,0,0,1,0,1,0,1,0,0,0,0,0,0,0,1
30,0.5,280,0.44,0.9,940,TRUE,FALSE,3200,116,5,1,0,1,1,1,2,0,1,70,1,0,0,1,0,0,0,1,1,4,1,1,0,0,1,0,0,0,1,8,2,0,0,0,0,1,0,0,0,3,1,0,0,0,0,0,0,0,0,2,0,0,0,0,1,0,0,0,0,0,0,0,0,0,0,0,0,0,0,1,1,0,0,0,0,0,0,0,0,1,0,0,0,0,2,0,0,0,0,0
90,0.6,100,0.35,0.5,860,TRUE,TRUE,3200,117,3,1,3,1,6,2,1,3,2,63,1,0,0,0,0,0,0,0,0,4,0,0,0,0,1,0,0,0,0,6,1,0,1,0,0,0,0,0,0,10,1,0,0,0,0,0,0,0,0,1,1,0,0,0,0,0,0,0,0,2,0,0,0,0,0,1,0,0,0,0,0,0,0,0,0,1,0,0,0,1,0,0,0,0,0,0,0,0,1,0
20,0.7,100,0.31,0.8,610,FALSE,FALSE,3200,115,2,2,0,1,2,1,2,1,1,70,1,1,2,0,0,0,0,1,0,1,1,0,0,0,0,1,0,0,0,9,0,1,0,0,1,0,0,0,0,9,1,0,0,0,0,0,0,0,0,0,1,0,0,0,0,0,0,0,0,1,1,0,0,0,0,0,0,0,0,0,0,0,0,0,0,0,0,0,0,1,0,0,0,0,1,0,0,0,0,0
20,0.8,180,0.98,0.3,1000,FALSE,FALSE,3200,116,5,0,1,1,2,2,0,2,3,64,2,0,0,1,0,0,0,0,0,2,1,0,1,0,0,0,0,0,1,7,3,0,0,0,1,0,0,1,0,5,1,0,0,0,0,1,1,0,0,1,0,0,0,0,1,0,0,0,0,3,1,0,0,0,0,0,0,0,0,0,1,0,0,0,0,0,0,0,0,2,0,0,0,0,0,0,0,0,0,0
70,0.7,140,0.95,0.9,920,TRUE,FALSE,3200,115,5,1,1,1,6,1,0,0,1,63,1,0,1,0,0,1,0,0,1,1,0,0,0,0,0,1,0,0,0,11,3,1,0,0,0,1,0,1,0,5,1,0,0,0,1,0,0,0,0,1,0,1,0,0,0,0,0,0,0,0,0,0,0,0,0,1,0,0,0,1,0,0,0,0,0,0,1,0,0,2,0,0,0,0,0,0,0,0,0,0
90,0.9,270,0.44,0.5,810,TRUE,FALSE,3200,115,7,0,1,1,2,3,0,1,1,69,0,0,0,0,0,0,2,0,0,0,0,0,1,0,0,0,0,0,0,5,1,0,0,0,1,0,1,0,0,7,1,1,0,0,0,1,0,1,0,3,0,0,0,0,0,0,0,0,0,1,1,0,0,0,1,0,0,0,0,2,0,0,0,0,0,0,0,0,0,0,0,0,0,0,0,0,0,0,0,1
80,0.9,300,0.53,0.5,170,FALSE,FALSE,3200,115,1,0,1,1,8,2,0,2,2,67,0,1,0,0,0,0,0,1,0,3,1,0,2,1,0,0,0,0,0,4,0,0,0,0,0,0,0,0,0,8,0,0,0,0,0,0,1,0,0,1,1,1,0,0,0,0,0,0,0,2,0,0,0,0,0,1,0,0,1,1,0,0,0,0,0,0,0,0,0,1,0,0,0,0,1,0,0,0,0,0
60,0.5,280,0.65,0.8,380,TRUE,FALSE,3200,117,3,0,0,2,2,1,2,0,1,74,0,1,0,0,0,0,0,0,0,3,0,0,0,0,1,1,0,0,0,8,0,0,0,0,0,1,0,0,0,3,0,1,0,0,0,0,0,0,0,4,1,0,0,0,0,1,0,0,0,1,0,0,0,0,0,0,0,0,0,3,0,0,0,0,0,1,0,0,1,1,0,0,0,1,0,0,0,0,0,0
90,0.8,220,0.59,0.8,930,FALSE,FALSE,3200,115,2,1,1,1,4,1,0,2,2,68,1,0,1,1,0,0,1,0,0,2,1,0,0,0,1,0,0,0,0,8,1,1,0,0,0,0,0,0,2,6,1,0,0,0,0,0,0,0,0,0,0,0,0,0,0,0,0,0,0,2,2,0,0,0,0,0,0,0,0,0,0,0,0,0,0,0,0,0,0,0,0,0,0,0,0,1,0,0,0,2
100,0.5,270,0.62,0.5,390,TRUE,TRUE,3200,119,0,0,4,3,4,6,2,0,2,70,0,0,0,0,1,0,0,0,0,2,0,0,0,0,0,1,0,0,0,9,0,0,0,0,0,1,1,0,0,5,0,0,1,0,0,0,0,1,0,1,0,0,0,0,0,0,0,0,0,2,0,0,0,0,0,0,0,0,0,0,0,1,0,0,0,0,0,0,0,1,0,0,0,0,0,1,0,0,0,1
90,0.6,270,0.74,0.9,930,TRUE,TRUE,3200,118,5,1,1,1,2,1,0,1,0,70,1,0,1,0,0,2,0,0,1,2,1,0,0,0,1,0,0,0,0,5,0,0,0,0,1,0,1,0,0,7,0,0,1,0,0,0,0,0,0,4,2,0,0,0,0,0,0,0,0,1,0,0,0,0,0,1,0,0,0,2,0,0,0,0,1,0,0,0,0,1,1,0,0,0,0,0,0,0,0,0
70,0.7,190,0.59,0.7,410,TRUE,TRUE,3200,115,3,1,1,2,4,3,0,3,4,64,0,0,0,1,0,0,0,0,0,2,1,0,0,0,0,0,0,0,0,2,2,0,1,0,0,1,0,0,0,8,1,0,0,0,0,0,0,0,0,3,0,0,0,0,0,0,0,0,0,3,0,0,0,0,0,0,0,0,0,1,0,0,0,0,1,0,0,0,0,1,0,0,0,0,2,0,0,0,0,1
80,0.5,220,0.34,0.4,550,TRUE,FALSE,3200,114,2,1,0,2,3,1,0,3,3,66,0,1,0,0,1,0,1,1,0,3,0,1,0,0,0,1,0,0,0,4,0,1,0,1,0,0,0,0,1,7,0,0,0,1,0,0,0,0,0,4,0,0,0,0,0,0,0,0,0,1,0,0,0,0,1,0,0,0,0,1,0,0,0,1,0,0,0,0,0,0,1,0,0,0,1,0,0,0,0,0
80,0.9,250,0.88,0.7,850,FALSE,TRUE,3200,118,6,0,0,2,3,1,1,2,2,71,1,0,0,0,0,0,0,0,0,3,1,0,1,0,0,0,0,0,0,5,0,0,0,0,0,1,0,0,1,5,2,1,0,0,1,0,1,0,0,3,0,0,0,0,0,0,0,0,0,0,0,1,0,0,0,0,0,0,0,0,0,0,0,0,0,0,0,0,0,2,0,0,0,0,1,0,0,0,0,1
80,0.9,220,0.54,0.9,260,FALSE,FALSE,3200,116,6,1,1,0,1,1,4,0,1,66,1,0,1,0,0,0,0,0,0,2,0,0,0,1,0,1,0,0,0,5,2,0,0,0,0,1,0,0,0,9,2,0,0,0,1,1,0,0,1,4,1,1,0,0,0,0,0,0,0,1,0,0,0,0,1,0,0,0,0,0,0,0,0,0,0,0,0,0,0,0,0,0,0,0,0,0,0,0,0,0
50,0.5,300,0.87,0.3,660,FALSE,FALSE,3200,120,5,0,0,1,3,1,1,0,3,70,3,0,0,0,0,0,1,0,0,2,0,0,0,1,1,0,0,0,0,8,0,0,0,0,0,0,0,0,1,9,1,0,0,1,0,0,0,1,0,2,0,1,0,0,0,1,0,0,0,1,0,0,0,0,0,0,0,0,0,0,0,0,0,0,0,0,0,0,0,1,0,0,0,0,1,0,0,0,1,0
90,0.6,210,0.71,0.3,180,TRUE,FALSE,3200,117,4,0,0,0,4,2,1,0,0,74,0,1,0,1,1,0,0,0,0,2,2,0,0,0,0,0,0,0,0,7,0,1,0,0,0,0,0,0,1,6,0,0,1,0,0,0,1,0,0,1,0,0,0,0,0,0,0,0,0,2,0,0,0,0,0,1,0,0,0,2,0,0,0,1,0,0,0,0,0,1,0,0,0,0,0,0,1,0,0,0
70,0.8,200,0.49,0.5,310,FALSE,TRUE,3200,116,0,1,2,2,8,0,0,3,1,71,0,0,1,0,1,0,1,0,1,2,0,0,0,0,0,0,0,0,0,7,0,1,0,0,0,0,0,0,0,5,0,1,0,1,0,0,0,0,0,2,0,0,0,0,0,0,0,0,0,0,0,0,0,0,0,1,0,0,0,2,0,0,0,0,0,0,0,0,0,2,0,0,0,0,1,0,0,0,0,0
100,0.6,300,0.58,0.9,630,FALSE,FALSE,3200,115,8,0,0,1,3,1,2,0,1,70,0,0,0,1,0,0,0,0,0,1,0,1,0,0,0,1,0,0,0,4,0,0,0,0,1,0,0,0,1,6,1,2,0,1,0,0,0,0,0,1,0,1,0,0,0,0,0,0,0,1,0,0,0,0,1,0,0,0,0,2,0,0,0,0,0,0,0,0,0,1,0,0,0,0,0,0,0,0,1,2
70,0.5,150,0.61,0.4,950,TRUE,FALSE,3200,117,5,2,1,1,6,1,0,2,0,63,1,0,1,0,0,1,0,0,0,3,3,0,1,0,0,0,1,0,2,0,1,0,0,0,0,0,0,0,0,10,2,0,0,0,0,0,0,0,1,0,0,0,0,0,0,0,0,0,0,3,0,1,0,0,0,1,0,0,0,2,0,0,0,0,0,0,0,0,0,2,0,0,0,0,0,0,0,0,0,1
40,0.9,210,0.56,0.4,280,TRUE,FALSE,3200,117,5,0,0,1,3,1,0,1,2,69,1,0,2,0,0,0,0,0,0,1,1,1,0,2,0,0,0,0,0,10,0,0,0,0,0,0,0,0,0,6,1,1,0,0,0,0,0,0,0,4,0,0,0,0,0,0,1,0,1,0,0,0,0,0,1,0,0,0,0,1,0,0,0,1,0,0,0,0,0,1,0,0,0,0,0,0,0,0,0,0
100,0.8,280,0.56,0.7,170,FALSE,FALSE,3200,116,3,0,1,1,2,4,3,0,4,67,1,0,1,1,0,0,0,0,0,0,3,0,0,0,0,1,0,0,0,5,0,0,1,0,0,0,0,0,0,11,1,0,0,0,0,0,0,0,0,1,0,0,0,0,0,0,0,0,0,1,0,0,0,0,0,0,0,0,0,1,0,0,0,0,1,0,0,0,0,2,0,0,0,0,0,0,1,0,0,0
80,0.5,280,0.96,0.5,1000,FALSE,TRUE,3200,120,4,1,2,4,5,2,2,2,3,62,0,0,0,1,0,0,0,0,0,3,0,1,0,0,0,0,0,0,0,7,1,0,0,1,0,0,2,0,0,7,0,0,0,0,0,0,0,1,0,1,0,0,0,0,1,0,1,0,0,2,0,0,0,0,0,0,0,0,0,0,0,0,1,0,0,0,0,0,0,3,0,0,0,0,1,0,0,0,0,0
20,0.8,210,0.33,0.9,110,TRUE,FALSE,3200,118,6,0,2,1,2,3,0,0,1,71,1,1,1,0,0,0,1,0,0,2,0,0,1,0,0,0,0,1,0,7,2,0,0,0,0,0,0,0,0,6,1,1,0,0,0,0,0,0,0,1,0,0,0,0,0,0,0,1,0,1,0,0,0,0,0,0,0,0,0,1,0,1,0,0,0,0,0,0,0,0,1,0,0,0,0,1,0,0,0,1
40,0.9,220,0.77,0.8,790,FALSE,FALSE,3200,117,0,1,3,2,5,4,1,0,4,68,0,0,0,0,0,0,0,1,0,2,0,0,0,0,0,0,0,0,0,6,0,1,0,0,0,0,0,0,1,7,0,0,0,0,0,0,1,0,0,2,0,1,0,0,0,0,0,0,0,4,0,0,0,0,0,1,0,0,0,1,0,0,0,0,0,0,0,0,0,2,0,0,0,0,0,0,0,0,0,0
50,0.7,110,0.54,0.7,140,FALSE,FALSE,3200,117,4,0,2,2,4,4,1,1,3,62,0,1,0,0,0,1,0,0,1,0,0,0,0,0,1,1,0,0,0,7,0,0,0,0,2,0,0,0,0,7,0,1,0,1,1,0,0,0,1,3,0,0,0,0,0,0,0,0,0,2,0,0,0,0,0,0,0,0,0,0,0,0,0,0,0,1,0,0,1,1,1,0,0,0,0,0,0,0,1,0
30,0.8,240,0.96,0.5,530,TRUE,TRUE,3200,118,4,1,1,2,2,2,1,1,1,72,1,0,1,0,0,0,0,0,0,1,0,0,0,0,0,0,1,0,0,3,1,0,0,1,2,0,0,1,1,6,0,0,0,0,0,0,0,0,1,6,0,0,0,0,0,0,0,0,0,2,1,0,0,0,1,0,0,0,0,1,0,0,0,0,0,0,0,0,0,0,0,0,0,0,1,0,0,0,0,0
20,0.7,130,0.34,0.4,870,TRUE,FALSE,3200,120,6,0,1,0,5,2,0,2,2,64,0,2,0,1,0,0,1,0,0,1,2,0,0,0,0,0,0,0,0,5,0,2,1,0,0,1,0,0,1,8,1,0,0,1,0,0,1,0,1,4,0,0,0,0,0,0,0,0,0,1,0,0,0,0,0,0,0,0,0,0,1,0,0,0,1,0,0,0,0,2,0,0,0,0,0,0,0,0,0,1
10,0.6,100,0.52,0.6,200,TRUE,TRUE,3200,118,2,0,1,4,3,2,0,1,4,66,1,0,1,0,0,0,1,0,0,3,2,0,0,1,1,0,0,0,0,4,0,0,2,0,0,0,0,0,0,7,1,1,0,0,0,0,0,0,0,3,0,1,0,0,1,0,0,0,1,2,1,0,0,0,0,1,0,0,0,0,0,0,0,0,0,0,0,0,0,0,0,0,0,0,0,0,0,0,0,1
70,0.7,130,0.44,0.6,750,TRUE,TRUE,3200,119,6,1,0,2,3,1,0,1,0,67,2,0,0,1,1,0,0,0,0,2,1,1,0,0,1,0,0,0,0,8,3,1,1,0,1,0,0,1,0,6,0,0,0,0,0,0,0,0,1,2,0,0,0,0,0,1,0,0,0,1,0,0,0,0,0,0,0,0,0,0,0,1,0,0,0,0,0,0,0,3,0,0,0,0,0,0,0,0,0,0
60,0.7,230,0.35,0.4,420,FALSE,TRUE,3200,120,0,0,4,1,5,4,2,0,2,73,0,0,1,0,0,0,1,0,0,2,0,0,0,0,0,0,0,0,0,7,0,1,0,0,0,1,0,1,0,6,0,0,0,0,0,0,1,0,0,3,0,1,0,0,0,0,0,0,0,0,0,0,0,0,0,1,0,0,0,0,0,0,0,0,1,0,0,0,0,1,0,0,1,0,0,0,0,0,0,1
50,0.7,150,0.69,0.6,700,TRUE,TRUE,3200,120,4,0,2,1,4,1,4,0,2,69,0,0,2,0,0,0,1,0,0,2,2,0,0,0,0,1,1,0,0,5,0,0,0,0,1,0,0,0,0,2,0,1,2,0,0,0,0,0,0,3,0,0,0,0,0,1,0,0,0,1,1,0,0,0,0,0,0,0,0,3,0,0,0,0,0,0,0,0,0,3,1,0,0,0,1,0,0,0,0,0
10,0.7,280,0.49,0.9,450,FALSE,FALSE,3200,116,0,1,0,4,3,1,0,2,3,70,0,1,0,1,1,1,0,0,0,0,0,0,0,0,0,0,0,0,0,9,0,2,0,0,0,0,0,0,0,6,0,0,0,1,0,0,0,0,1,4,0,0,0,0,0,0,0,0,1,2,0,0,0,0,0,0,0,0,0,0,0,0,0,0,1,0,0,0,0,1,0,0,0,0,0,0,0,0,1,0
90,0.6,120,0.43,0.8,480,TRUE,TRUE,3200,116,7,0,0,2,1,2,0,2,1,68,2,0,0,0,1,0,0,0,1,0,2,0,1,0,1,0,0,0,0,8,2,0,0,0,1,0,0,0,0,4,0,0,1,0,0,0,0,0,0,2,1,0,0,0,0,0,0,0,0,2,0,0,0,0,1,0,0,0,0,0,0,0,0,0,0,0,0,0,0,1,0,0,0,0,0,0,0,0,1,2
30,0.6,300,0.44,0.3,140,FALSE,TRUE,3200,118,0,1,2,1,5,2,4,1,0,72,0,0,1,0,0,0,0,1,0,2,0,0,0,0,0,0,0,0,0,10,0,1,1,0,0,0,1,0,1,7,0,0,0,0,0,1,0,0,0,0,0,0,0,0,0,0,0,0,0,2,0,0,0,0,0,0,0,0,1,0,0,0,0,0,1,0,0,0,0,0,0,0,0,0,0,0,0,0,0,1
80,0.5,100,0.79,0.5,710,FALSE,FALSE,3200,116,0,2,1,3,4,2,2,1,0,73,0,1,0,1,0,0,0,0,0,2,0,0,0,0,1,1,0,0,0,3,0,0,0,0,0,1,2,0,0,10,0,0,0,1,0,0,0,0,0,1,0,0,0,0,0,1,0,0,0,0,0,0,0,0,0,0,0,0,0,1,0,0,0,0,0,0,0,0,0,1,0,0,0,0,0,2,0,0,0,0
40,0.6,100,0.75,0.3,750,TRUE,TRUE,3200,116,0,1,1,4,5,4,3,0,0,66,0,1,0,0,0,1,0,0,0,3,0,0,0,0,0,0,0,0,0,7,0,1,0,0,1,1,0,0,0,8,0,0,1,0,0,0,0,0,1,1,0,0,0,0,0,0,1,0,0,1,0,0,0,0,0,0,0,0,0,0,0,0,0,0,1,0,0,0,1,1,0,0,0,0,0,0,0,0,0,2
90,0.6,180,0.65,0.5,110,FALSE,TRUE,3200,118,4,0,1,1,3,1,1,1,1,64,3,1,0,2,0,0,1,0,1,2,2,0,1,1,1,0,0,0,0,7,1,0,0,0,0,0,0,1,0,3,1,0,1,0,0,0,0,0,0,2,1,0,0,0,0,0,0,0,0,2,0,0,0,0,0,0,0,0,1,2,1,0,0,0,1,1,0,0,0,1,0,0,0,0,0,0,0,0,0,1
60,0.9,260,0.5,0.5,440,TRUE,TRUE,3200,121,9,0,0,2,4,0,0,2,1,66,3,0,1,1,1,0,0,2,0,2,1,0,0,0,0,0,0,1,0,8,4,0,0,0,1,0,1,0,0,4,1,1,0,0,0,0,0,0,0,1,0,0,0,0,0,0,0,0,0,0,1,0,0,0,0,1,0,0,0,0,0,0,0,0,1,0,0,0,0,0,0,0,0,0,0,0,0,0,0,2
30,0.6,250,0.33,0.9,120,FALSE,TRUE,3200,119,5,0,0,1,4,1,1,2,0,72,1,1,1,0,0,0,0,0,1,5,1,0,0,0,1,0,0,0,0,5,1,0,0,0,0,0,0,0,0,6,0,0,0,0,0,0,0,0,0,2,1,0,0,0,0,0,0,0,0,0,0,0,0,0,0,1,0,0,0,4,0,0,0,0,1,0,1,0,0,0,0,0,0,0,0,0,0,0,1,0
40,0.9,200,0.81,0.6,190,FALSE,FALSE,3200,115,5,0,2,1,3,1,1,0,0,68,1,1,1,0,0,0,0,0,0,0,3,0,0,0,0,1,1,0,0,5,1,0,0,0,0,0,0,0,0,8,1,0,0,0,0,0,0,0,0,2,0,0,0,0,0,0,0,0,0,3,0,1,0,0,1,0,0,0,0,2,1,0,0,0,0,0,0,0,0,0,0,0,0,0,1,0,0,0,1,0
50,0.8,210,0.44,0.8,810,TRUE,FALSE,3200,120,4,1,0,3,3,1,0,1,3,72,2,0,0,0,1,0,0,0,0,0,0,0,0,0,1,1,0,0,0,8,1,0,0,2,0,0,0,0,3,6,0,0,0,1,0,0,0,0,0,1,0,0,0,0,1,0,0,0,1,1,0,0,0,0,0,0,0,0,0,0,0,0,0,0,0,0,0,0,0,3,0,0,0,0,0,0,0,0,0,0
80,0.6,250,0.36,0.5,350,FALSE,FALSE,3200,115,5,0,0,1,5,1,1,1,3,63,2,1,1,0,2,0,0,0,0,1,4,0,1,0,0,0,0,0,0,10,1,0,0,0,0,0,0,0,0,5,1,0,0,0,0,1,0,0,0,2,0,0,0,0,0,0,0,0,0,1,0,0,0,0,1,0,0,0,0,0,0,0,0,0,0,0,0,0,0,1,0,0,0,0,0,0,0,0,0,1
20,0.8,270,0.87,0.4,510,TRUE,TRUE,3200,118,2,0,0,4,6,2,0,1,6,62,0,0,0,0,0,1,0,1,0,3,1,0,0,3,0,0,0,0,0,6,1,0,1,1,0,0,1,0,0,8,0,1,0,0,1,0,0,0,0,0,0,0,0,0,0,0,0,0,0,4,0,0,0,0,0,1,0,0,0,0,0,0,0,0,0,0,0,0,0,2,0,0,0,0,0,0,0,0,0,0
40,0.8,200,0.84,0.8,230,FALSE,TRUE,3200,118,7,0,0,0,2,1,1,1,1,66,2,0,0,1,1,0,0,0,2,4,0,0,1,1,1,1,0,0,0,7,3,0,0,0,0,0,0,0,0,6,0,0,1,0,0,0,0,0,0,2,0,0,0,0,0,0,0,0,0,2,2,0,0,0,1,0,0,0,0,2,0,0,0,0,0,0,0,0,0,0,0,0,0,0,0,0,0,0,0,0
10,0.7,290,0.82,0.6,710,FALSE,TRUE,3200,116,3,1,1,0,4,3,1,0,0,74,0,0,0,0,0,0,0,0,0,2,2,0,0,1,0,0,1,0,0,8,1,0,0,0,0,0,1,0,0,4,1,0,0,0,0,0,0,0,0,2,0,0,0,0,0,1,0,0,0,3,0,0,0,0,0,0,0,0,0,0,0,0,0,1,0,0,0,0,0,2,0,0,0,0,0,0,0,0,0,0
90,0.8,130,0.85,0.8,320,FALSE,FALSE,3200,118,5,0,2,1,4,2,2,0,2,64,0,0,1,2,1,0,0,0,0,2,2,0,0,0,0,0,0,0,0,8,0,1,0,0,0,0,0,0,0,6,1,0,0,1,0,0,0,0,0,5,0,0,0,0,0,0,0,0,1,2,0,0,0,0,0,0,0,0,0,0,0,0,0,1,0,0,0,1,0,1,1,0,0,0,0,0,0,0,0,0
70,0.7,210,0.49,0.7,800,FALSE,FALSE,3200,115,2,0,1,2,5,1,0,1,2,69,1,0,1,0,0,0,0,1,0,1,0,1,1,0,0,1,0,0,0,6,2,0,0,0,0,0,0,0,0,8,0,1,0,0,0,0,0,0,0,1,1,0,0,0,0,0,0,0,0,2,0,0,0,0,0,0,0,0,0,1,0,0,0,0,0,0,0,0,0,1,0,0,0,0,0,1,0,0,0,2
20,0.8,140,0.39,0.9,190,FALSE,TRUE,3200,116,5,0,0,1,4,1,1,0,0,0,0,0,0,0,0,0,0,0,0,0,0,0,0,0,0,0,0,0,0,0,0,0,0,0,0,0,0,0,0,0,0,0,0,0,0,0,0,0,0,0,0,0,0,0,0,0,0,0,0,0,0,0,0,0,0,0,0,0,0,0,0,0,0,0,0,0,0,0,0,0,0,0,0,0,0,0,0,0,0,0
100,0.5,290,0.52,0.9,960,TRUE,FALSE,3200,117,5,0,2,1,3,1,1,0,0,0,0,0,0,0,0,0,0,0,0,0,0,0,0,0,0,0,0,0,0,0,0,0,0,0,0,0,0,0,0,0,0,0,0,0,0,0,0,0,0,0,0,0,0,0,0,0,0,0,0,0,0,0,0,0,0,0,0,0,0,0,0,0,0,0,0,0,0,0,0,0,0,0,0,0,0,0,0,0,0,0
80,0.9,160,1,0.8,640,FALSE,FALSE,3200,118,4,1,0,3,3,1,0,0,0,0,0,0,0,0,0,0,0,0,0,0,0,0,0,0,0,0,0,0,0,0,0,0,0,0,0,0,0,0,0,0,0,0,0,0,0,0,0,0,0,0,0,0,0,0,0,0,0,0,0,0,0,0,0,0,0,0,0,0,0,0,0,0,0,0,0,0,0,0,0,0,0,0,0,0,0,0,0,0,0,0
20,0.7,270,0.86,0.8,320,FALSE,TRUE,3200,118,5,0,0,1,5,1,1,0,0,0,0,0,0,0,0,0,0,0,0,0,0,0,0,0,0,0,0,0,0,0,0,0,0,0,0,0,0,0,0,0,0,0,0,0,0,0,0,0,0,0,0,0,0,0,0,0,0,0,0,0,0,0,0,0,0,0,0,0,0,0,0,0,0,0,0,0,0,0,0,0,0,0,0,0,0,0,0,0,0,0
10,0.5,200,0.32,0.7,190,FALSE,FALSE,3200,116,2,0,0,4,6,2,0,0,0,0,0,0,0,0,0,0,0,0,0,0,0,0,0,0,0,0,0,0,0,0,0,0,0,0,0,0,0,0,0,0,0,0,0,0,0,0,0,0,0,0,0,0,0,0,0,0,0,0,0,0,0,0,0,0,0,0,0,0,0,0,0,0,0,0,0,0,0,0,0,0,0,0,0,0,0,0,0,0,0,0
70,0.9,100,0.7,0.9,350,FALSE,FALSE,3200,116,7,0,0,0,2,1,1,0,0,0,0,0,0,0,0,0,0,0,0,0,0,0,0,0,0,0,0,0,0,0,0,0,0,0,0,0,0,0,0,0,0,0,0,0,0,0,0,0,0,0,0,0,0,0,0,0,0,0,0,0,0,0,0,0,0,0,0,0,0,0,0,0,0,0,0,0,0,0,0,0,0,0,0,0,0,0,0,0,0,0
20,0.6,230,0.93,0.5,190,TRUE,FALSE,3200,114,3,1,1,0,4,3,1,0,0,0,0,0,0,0,0,0,0,0,0,0,0,0,0,0,0,0,0,0,0,0,0,0,0,0,0,0,0,0,0,0,0,0,0,0,0,0,0,0,0,0,0,0,0,0,0,0,0,0,0,0,0,0,0,0,0,0,0,0,0,0,0,0,0,0,0,0,0,0,0,0,0,0,0,0,0,0,0,0,0,0
50,0.7,210,0.84,0.6,420,TRUE,TRUE,3200,117,5,0,2,1,4,2,2,0,0,0,0,0,0,0,0,0,0,0,0,0,0,0,0,0,0,0,0,0,0,0,0,0,0,0,0,0,0,0,0,0,0,0,0,0,0,0,0,0,0,0,0,0,0,0,0,0,0,0,0,0,0,0,0,0,0,0,0,0,0,0,0,0,0,0,0,0,0,0,0,0,0,0,0,0,0,0,0,0,0,0
50,0.9,150,0.83,0.9,960,TRUE,TRUE,3200,117,2,0,1,2,5,1,0,0,0,0,0,0,0,0,0,0,0,0,0,0,0,0,0,0,0,0,0,0,0,0,0,0,0,0,0,0,0,0,0,0,0,0,0,0,0,0,0,0,0,0,0,0,0,0,0,0,0,0,0,0,0,0,0,0,0,0,0,0,0,0,0,0,0,0,0,0,0,0,0,0,0,0,0,0,0,0,0,0,0,0
