param_1,param_2,param_3,param_4,param_5,param_6,param_7,param_8,cpu_frequency,run_time,run_1,run_2,run_3,run_4,run_5,run_6,run_7,run_8,run_9,run_10,run_11,run_12,run_13,run_14,run_15,run_16,run_17,run_18,run_19,run_20,run_21,run_22,run_23,run_24,run_25,run_26,run_27,run_28,run_29,run_30,run_31,run_32,run_33,run_34,run_35,run_36,run_37,run_38,run_39,run_40,run_41,run_42,run_43,run_44,run_45,run_46,run_47,run_48,run_49,run_50,run_51,run_52,run_53,run_54,run_55,run_56,run_57,run_58,run_59,run_60,run_61,run_62,run_63,run_64,run_65,run_66,run_67,run_68,run_69,run_70,run_71,run_72,run_73,run_74,run_75,run_76,run_77,run_78,run_79,run_80,run_81,run_82,run_83,run_84,run_85,run_86,run_87,run_88,run_89,run_90
80,0.9,230,0.48,0.6,510,TRUE,FALSE,800,247,58,3,4,3,11,2,7,6,13,58,8,3,3,1,3,3,3,2,3,8,7,0,1,1,1,1,0,0,3,8,3,1,0,0,0,0,0,0,0,2,1,1,0,0,0,2,1,0,1,2,2,0,1,0,0,0,0,0,0,0,0,0,0,0,0,0,0,0,2,2,0,0,0,1,0,0,0,1,1,0,0,0,0,0,0,0,0,0,0,0
50,0.6,150,0.93,0.8,410,TRUE,FALSE,800,258,34,5,6,8,17,5,1,7,9,76,7,5,1,1,7,3,3,4,4,5,3,2,0,1,0,1,1,5,2,11,2,0,2,0,0,0,0,0,2,3,2,0,0,0,0,2,0,0,0,1,2,0,0,0,0,0,0,0,2,0,0,0,0,0,1,0,0,1,2,0,0,0,0,0,0,0,0,0,3,0,0,0,0,0,0,0,0,0,0,0
60,0.8,210,0.43,0.6,830,FALSE,FALSE,800,258,45,8,3,7,10,5,5,6,10,81,6,1,0,1,6,2,3,2,1,13,7,2,1,3,0,1,1,1,3,0,1,0,0,0,0,0,0,1,2,1,2,0,0,0,0,0,0,0,0,1,4,1,0,0,0,1,1,0,0,0,1,0,0,0,0,0,1,2,0,0,0,0,1,1,0,0,1,1,2,0,0,0,0,0,0,0,0,0,0,0
80,0.5,130,0.77,0.6,810,FALSE,TRUE,800,250,47,6,5,6,9,9,5,3,8,70,10,3,3,4,3,1,1,2,0,6,6,2,0,2,2,1,0,0,2,4,2,0,1,0,0,0,1,1,2,1,7,0,0,0,0,0,0,1,0,0,1,1,0,0,0,0,0,3,1,2,1,0,0,0,0,1,1,0,0,0,0,0,0,0,1,0,0,1,1,1,0,0,0,0,0,0,0,0,0,0
40,0.9,120,0.42,0.3,700,FALSE,TRUE,800,245,45,6,4,10,13,8,3,6,8,57,11,5,3,3,3,1,1,4,2,10,3,3,0,1,1,1,0,0,0,6,3,0,0,0,0,0,0,0,2,2,2,1,0,0,0,1,0,0,1,1,3,0,1,0,0,0,0,0,0,1,0,0,0,0,0,0,2,2,1,0,0,0,0,1,1,0,1,0,1,1,0,0,0,0,0,0,0,0,0,0
80,0.7,220,0.86,0.9,830,TRUE,FALSE,800,247,40,8,7,14,13,3,8,4,9,58,8,5,4,1,9,3,2,1,5,4,2,1,2,0,1,0,3,2,3,8,0,0,0,1,1,0,0,0,1,0,1,0,1,0,1,0,0,0,0,1,1,0,0,0,0,1,0,0,2,0,0,0,0,0,0,1,1,1,0,0,0,0,0,0,1,0,2,1,2,0,0,0,0,0,0,0,0,0,0,0
90,0.8,130,0.47,0.7,280,TRUE,TRUE,800,240,44,7,6,19,9,7,4,3,13,57,7,4,2,1,3,3,0,5,2,5,1,2,2,0,3,0,1,2,3,2,0,0,0,0,0,0,0,1,0,5,1,0,0,0,1,0,0,1,1,1,4,0,0,0,0,0,0,1,0,1,0,0,0,0,1,0,1,0,0,0,0,0,0,0,0,0,1,1,3,0,0,0,0,0,0,0,0,0,0,0
20,0.6,300,0.71,0.8,570,TRUE,FALSE,800,249,51,4,6,7,10,5,2,3,6,61,8,4,1,3,3,5,2,3,5,11,8,1,1,1,1,2,2,1,1,7,1,0,0,0,1,0,0,0,0,4,2,0,0,0,0,0,0,1,0,2,3,0,0,1,0,0,0,0,0,0,1,0,0,0,1,0,0,1,2,0,0,0,0,0,0,0,0,3,1,1,0,0,0,0,0,0,0,0,0,0
60,0.8,220,0.86,0.8,950,FALSE,FALSE,800,246,51,4,3,11,10,4,3,4,11,65,10,0,1,2,6,3,2,1,4,6,3,5,0,0,2,2,2,2,0,4,1,0,1,0,0,0,0,1,1,1,1,1,0,0,0,0,1,0,1,1,5,0,0,0,0,0,0,0,2,0,0,0,0,0,1,0,1,0,2,0,0,0,0,1,1,0,0,0,2,1,0,0,0,0,0,0,0,0,0,0
30,0.5,120,0.8,0.4,650,TRUE,FALSE,800,245,50,6,3,8,11,5,5,4,8,63,12,2,1,0,3,3,1,2,1,5,4,2,0,2,2,1,1,2,4,4,3,0,0,0,1,0,0,0,2,5,1,0,0,0,0,1,0,0,2,1,2,0,0,0,1,0,0,0,3,0,2,1,0,0,1,0,0,0,0,0,1,0,0,0,0,0,0,2,1,1,0,0,0,0,0,0,0,0,0,0
20,0.5,270,0.32,0.3,920,FALSE,FALSE,800,247,49,8,4,6,14,3,5,7,7,64,6,1,0,4,6,3,0,3,3,6,6,2,1,0,1,0,1,2,2,4,0,1,1,0,0,0,2,0,4,2,2,2,1,0,0,1,0,1,1,1,3,0,0,0,0,0,0,1,0,0,1,0,0,0,1,0,0,1,0,0,0,0,0,0,0,0,0,1,3,0,0,0,0,0,0,0,0,0,0,0
80,0.7,220,0.92,0.5,820,TRUE,FALSE,800,247,45,7,3,5,13,5,5,6,4,77,10,1,1,2,2,1,2,1,2,3,7,2,1,2,1,0,2,1,4,7,2,0,0,1,0,0,1,1,1,3,3,0,0,0,0,0,0,1,3,0,3,0,0,0,0,0,0,0,0,0,0,0,0,0,0,0,1,0,1,1,1,0,0,0,1,0,0,0,1,1,0,0,0,0,0,0,0,0,0,0
90,0.6,250,0.44,0.3,530,FALSE,FALSE,800,254,50,7,3,7,12,4,1,7,4,70,9,1,3,2,5,1,3,0,1,11,7,0,1,1,3,4,0,2,3,6,5,1,0,1,0,0,0,0,0,1,0,0,0,1,0,1,0,0,1,1,2,0,1,1,0,0,0,2,2,0,0,0,0,0,0,0,0,1,0,0,0,0,0,1,0,0,0,2,3,0,0,0,0,0,0,0,0,0,0,0
30,0.9,200,0.45,0.7,930,TRUE,FALSE,800,250,54,7,6,6,11,5,5,5,9,63,4,2,0,2,2,4,2,2,1,10,9,2,1,0,2,1,1,0,2,7,4,0,0,0,1,0,1,0,2,2,0,0,0,0,0,0,0,0,1,1,2,0,0,0,0,0,0,1,0,0,3,0,0,0,0,0,1,1,0,0,0,0,1,1,0,1,0,0,1,2,0,0,0,0,0,0,0,0,0,0
60,0.7,230,0.36,0.3,520,TRUE,TRUE,800,254,45,8,2,11,11,3,3,6,8,77,5,0,0,2,5,1,1,3,3,13,5,4,1,1,0,3,0,1,4,6,4,0,0,0,0,0,0,1,0,2,2,0,0,0,0,0,0,0,1,0,2,0,1,0,0,0,0,0,0,0,1,0,0,0,0,0,2,2,0,0,0,0,0,0,1,0,0,0,3,1,0,0,0,0,0,0,0,0,0,0
40,0.6,120,0.68,0.6,460,FALSE,TRUE,800,252,40,6,6,11,14,4,4,1,12,62,11,1,1,0,5,5,2,2,3,8,8,3,1,1,1,1,0,1,4,7,2,1,0,0,3,0,0,1,1,4,2,0,0,0,0,0,0,0,2,0,0,0,0,1,1,0,0,0,2,0,1,0,0,0,0,0,1,2,0,0,0,0,0,0,0,0,0,1,3,0,0,0,0,0,0,0,0,0,0,0
90,0.9,110,0.9,0.4,700,TRUE,TRUE,800,248,46,4,2,11,9,4,3,5,10,66,11,3,5,2,6,1,0,2,5,4,7,4,1,1,2,0,0,1,1,5,3,0,0,0,0,0,0,1,0,4,3,0,0,0,0,1,0,0,0,2,1,1,0,0,1,0,0,1,0,0,0,0,0,0,1,1,2,1,1,0,0,0,0,0,0,0,0,2,1,1,0,0,0,0,0,0,0,0,0,0
10,0.8,140,0.86,0.3,200,TRUE,FALSE,800,244,50,5,6,4,9,7,4,3,4,69,13,3,4,2,4,3,1,4,2,5,1,2,0,2,1,1,2,1,2,9,1,0,0,0,0,0,0,1,2,0,6,0,0,0,0,0,0,0,0,0,3,1,0,0,0,0,0,0,0,0,0,0,0,1,0,0,1,0,1,0,0,0,0,1,0,0,0,2,1,1,0,0,0,0,0,0,0,0,0,0
40,0.8,150,0.45,0.3,150,FALSE,TRUE,800,251,35,9,4,9,17,9,4,4,9,72,5,3,2,2,4,2,3,3,3,9,4,1,1,0,0,2,0,2,2,7,1,0,1,0,0,0,0,0,1,5,2,0,0,0,0,1,0,0,1,0,0,0,1,1,0,0,0,0,0,1,1,0,0,0,0,0,0,2,1,0,0,0,0,0,1,0,2,0,3,0,0,0,0,0,0,0,0,0,0,0
10,0.6,250,0.57,0.8,780,FALSE,TRUE,800,248,53,4,4,8,9,5,2,5,8,68,7,3,1,3,2,4,1,1,1,9,8,4,0,2,3,1,1,1,2,5,1,0,0,0,1,0,0,0,3,2,2,0,1,1,1,1,0,0,1,1,1,0,0,0,0,0,0,0,0,0,1,0,0,0,1,0,0,1,0,0,0,0,0,0,0,0,1,2,1,1,0,0,0,0,0,0,0,0,0,0
60,0.9,220,0.49,0.9,880,FALSE,TRUE,800,256,49,7,2,9,14,4,8,5,6,68,8,5,0,2,6,3,1,0,2,8,9,1,1,0,3,0,2,2,2,5,1,0,0,0,0,0,1,0,0,1,2,1,1,0,0,0,1,0,1,1,1,0,0,0,0,0,1,0,0,0,2,0,0,0,0,1,0,3,0,0,0,1,0,0,1,0,0,1,3,0,0,0,0,0,0,0,0,0,0,0
10,0.8,230,0.68,0.5,800,FALSE,FALSE,800,239,41,4,5,9,15,3,3,8,10,67,9,1,4,2,4,1,1,3,3,4,6,3,1,0,1,1,0,3,1,5,1,1,0,0,0,1,0,0,0,2,3,0,0,0,0,0,0,0,0,2,0,1,0,0,0,1,1,0,1,1,0,0,0,0,0,0,1,1,1,0,0,0,0,1,0,0,0,2,1,0,0,0,0,0,0,0,0,0,0,0
80,0.7,250,0.81,0.6,1000,TRUE,FALSE,800,246,41,7,5,6,11,7,1,7,10,65,13,2,0,4,2,7,0,2,2,9,4,2,0,1,1,0,1,1,1,3,2,0,0,0,0,0,1,0,1,6,2,0,0,1,0,1,0,1,1,0,3,1,0,0,1,1,0,1,0,1,0,0,0,0,1,0,0,1,1,0,0,0,0,0,0,0,0,2,1,2,0,0,0,0,0,0,0,0,0,0
20,0.7,170,0.31,0.3,130,FALSE,FALSE,800,246,42,7,4,9,11,6,6,5,11,67,6,3,8,0,2,2,0,4,1,9,6,2,2,1,1,2,0,2,5,5,2,0,0,0,0,0,0,0,0,0,2,0,0,0,0,0,1,0,0,1,1,0,0,0,0,0,1,1,0,0,2,0,0,0,0,0,1,2,0,0,0,0,0,1,0,0,0,1,1,1,0,0,0,0,0,0,0,0,0,0
70,0.7,250,0.64,0.3,710,FALSE,FALSE,800,250,48,6,6,7,11,8,4,5,7,65,6,4,3,2,3,5,3,1,0,7,7,2,2,1,1,2,0,2,0,4,1,0,0,1,0,0,1,0,1,3,2,0,0,0,1,0,0,0,2,0,4,0,1,0,0,0,0,0,2,0,0,0,1,0,1,0,1,2,0,0,0,0,0,0,0,0,1,2,2,0,0,0,0,0,0,0,0,0,0,0
50,0.8,260,0.59,0.5,910,FALSE,FALSE,800,241,39,7,4,7,14,7,3,4,7,75,7,2,1,1,6,1,4,2,2,8,5,1,1,0,2,1,2,1,1,3,3,0,0,0,0,1,0,0,0,1,2,1,0,0,0,0,0,0,1,1,2,0,2,0,0,0,0,0,1,0,1,0,0,0,1,0,2,2,0,1,0,1,0,0,0,0,0,1,0,0,0,0,0,0,0,0,0,0,0,0
30,0.8,120,1,0.7,230,FALSE,FALSE,800,246,40,7,6,13,15,9,4,5,9,70,6,1,1,3,2,2,1,1,2,13,2,1,0,1,3,1,0,1,1,4,4,1,0,0,2,0,0,0,0,1,2,0,0,1,0,0,0,0,0,1,1,0,0,0,1,0,0,1,1,0,0,0,0,0,1,0,0,2,0,0,0,0,0,0,0,1,0,1,2,0,0,0,0,0,0,0,0,0,0,0
20,0.5,270,0.95,0.3,910,TRUE,FALSE,800,255,52,6,4,6,11,5,5,3,4,81,8,6,1,1,3,4,4,3,0,6,4,1,0,1,1,2,0,0,0,4,3,1,0,0,2,0,0,0,0,1,3,0,0,0,0,0,0,0,1,2,2,1,1,0,0,0,0,0,1,0,2,0,0,0,0,0,0,2,0,0,1,0,0,1,0,0,1,2,2,1,0,0,0,0,0,0,0,0,0,0
50,0.6,160,1,0.9,950,TRUE,FALSE,800,242,48,4,7,6,12,5,2,5,11,62,10,3,1,1,3,2,1,3,3,7,7,2,3,0,1,2,1,1,1,5,0,0,0,0,2,0,0,0,1,0,2,0,0,0,0,0,1,0,0,3,5,1,0,0,1,0,0,1,0,0,1,0,0,0,0,1,1,1,0,0,0,0,0,0,0,0,0,1,1,1,0,0,0,0,0,0,0,0,0,0
80,0.7,270,0.93,0.6,460,FALSE,FALSE,800,246,36,7,5,4,17,6,5,3,12,80,8,2,2,1,2,3,1,1,2,7,6,2,1,2,0,2,0,0,4,7,1,0,0,0,0,0,0,0,1,1,2,0,1,0,0,0,1,0,0,2,0,0,1,0,0,0,0,0,0,0,2,0,0,0,1,0,1,0,0,0,0,0,0,0,0,0,0,1,4,0,0,0,0,0,0,0,0,0,0,0
70,0.6,240,0.83,0.8,790,TRUE,TRUE,800,255,31,9,5,12,13,7,7,5,8,80,9,0,0,1,5,3,2,1,8,7,3,4,0,1,3,1,1,1,1,6,2,0,0,0,0,1,1,0,0,3,2,0,0,0,0,0,1,0,0,1,1,0,0,0,0,0,0,1,0,0,0,0,0,0,0,0,0,1,0,0,0,0,0,1,0,0,1,4,2,0,0,0,0,0,0,0,0,0,0,0
10,0.7,110,0.46,0.9,430,TRUE,TRUE,800,251,56,10,7,9,9,4,5,6,19,38,10,2,2,1,3,1,3,4,5,1,11,0,2,1,0,4,3,0,5,2,3,0,1,0,0,0,4,1,1,2,0,1,1,0,0,0,0,0,1,0,2,0,0,0,0,0,0,0,0,0,2,1,0,1,1,0,1,1,1,0,0,0,0,1,0,0,1,1,0,1,0,0,0,0,0,0,0,0,0,0
10,0.5,190,0.84,0.3,840,TRUE,FALSE,800,246,46,7,4,10,8,7,4,2,6,68,14,3,1,3,5,0,4,1,2,5,5,2,0,0,0,2,2,2,3,9,3,0,0,0,0,2,0,0,1,0,2,0,0,1,0,0,0,0,1,0,2,0,0,0,1,0,0,0,0,1,0,1,0,0,0,0,1,2,0,1,1,0,0,0,0,0,0,0,2,0,0,0,0,0,0,0,0,0,0,0
70,0.6,210,0.86,0.6,780,FALSE,TRUE,800,249,44,6,2,8,14,9,1,5,12,67,8,3,2,4,1,1,2,3,2,7,8,1,0,0,2,0,2,1,2,6,6,0,0,1,0,0,0,1,2,3,2,0,0,1,0,1,0,0,1,0,2,0,0,0,0,1,0,1,0,0,0,0,0,0,1,0,0,0,1,0,0,0,0,0,0,0,0,1,1,1,0,0,0,0,0,0,0,0,0,0
20,0.7,190,0.38,0.6,300,FALSE,TRUE,800,254,49,6,7,9,14,3,6,7,9,57,11,4,1,2,0,3,1,2,3,15,6,1,0,0,0,1,1,1,1,6,4,0,0,1,0,0,0,0,2,1,4,0,1,0,1,0,0,0,1,2,1,0,0,1,0,0,2,0,0,0,0,0,0,1,0,0,0,1,0,0,0,0,0,1,0,0,0,1,2,2,0,0,0,0,0,0,0,0,0,0
20,0.5,190,0.71,0.8,320,TRUE,TRUE,800,248,42,6,5,4,8,6,3,8,9,77,12,1,1,3,4,1,0,0,3,9,5,2,1,0,2,3,1,1,1,6,3,1,1,0,2,0,0,0,0,1,3,0,0,0,1,0,1,0,0,1,1,1,0,1,1,0,0,0,1,0,0,0,0,0,0,0,1,1,0,0,0,0,0,0,0,0,0,1,2,1,0,0,0,0,0,0,0,0,0,0
30,0.6,200,0.67,0.4,130,TRUE,TRUE,800,256,53,2,4,7,5,7,3,6,5,79,8,4,1,4,4,3,1,1,2,7,4,3,1,1,1,0,1,1,1,11,3,0,0,0,0,0,0,0,1,3,2,1,1,0,3,0,0,0,0,1,2,0,0,1,0,0,0,0,0,1,0,0,0,0,0,0,1,3,0,1,0,0,0,0,0,0,0,0,2,1,0,0,0,0,0,0,0,0,0,0
20,0.9,280,0.52,0.5,710,TRUE,TRUE,800,256,46,6,5,7,12,8,8,2,7,67,11,1,2,3,2,1,3,4,4,7,5,3,0,0,2,0,1,1,3,10,2,0,0,0,1,0,0,1,2,1,2,0,0,0,0,1,0,0,2,1,3,0,0,0,0,1,0,0,1,0,0,0,0,0,0,0,1,1,2,0,0,0,0,0,1,0,0,0,1,2,0,0,0,0,0,0,0,0,0,0
30,0.9,200,0.46,0.5,750,TRUE,TRUE,800,248,49,4,4,10,9,5,4,8,12,64,11,1,0,1,7,2,2,1,1,9,6,2,1,0,3,1,0,0,3,4,1,1,0,0,0,0,0,0,0,1,3,2,1,0,0,1,0,0,1,1,1,0,0,0,0,1,0,0,1,0,1,0,0,0,0,0,0,0,1,0,1,0,0,1,0,0,1,1,4,0,0,0,0,0,0,0,0,0,0,0
90,0.5,240,0.41,0.7,820,TRUE,FALSE,800,249,45,4,1,8,12,7,5,4,7,79,4,3,2,1,1,2,3,1,2,7,11,3,0,1,1,1,0,1,3,9,2,0,0,1,3,1,0,0,0,3,2,0,0,0,0,0,1,0,0,0,2,0,0,0,1,0,0,0,0,0,0,0,0,0,0,0,0,0,1,0,0,0,0,0,0,0,0,2,3,0,0,0,0,0,0,0,0,0,0,0
90,0.5,220,0.75,0.7,670,FALSE,TRUE,800,258,51,5,6,10,11,6,2,7,11,60,4,8,0,3,8,2,2,1,3,11,3,1,1,0,1,1,1,1,5,7,3,0,0,1,0,1,0,0,0,2,3,0,1,1,0,1,0,0,2,0,2,0,0,0,0,1,2,0,0,0,0,0,0,0,1,0,0,1,0,0,0,0,0,0,1,0,0,2,1,1,0,0,0,0,0,0,0,0,0,0
60,0.8,290,0.57,0.9,390,FALSE,TRUE,800,248,40,9,7,10,7,3,3,5,10,66,11,2,2,3,4,3,2,1,4,8,5,3,1,0,2,2,0,1,6,6,2,0,0,0,0,0,0,0,1,1,2,2,1,0,0,1,0,0,0,0,3,0,0,0,1,0,0,0,0,0,0,0,0,0,0,2,0,3,0,0,0,0,0,0,0,0,0,1,2,1,0,0,0,0,0,0,0,0,0,0
70,0.5,220,0.39,0.6,770,FALSE,TRUE,800,246,45,7,4,6,13,5,5,6,8,70,5,2,2,2,5,1,4,1,1,6,6,1,3,0,0,1,1,1,0,6,1,0,0,0,1,2,0,1,3,2,4,0,0,0,1,0,0,0,0,2,1,0,0,0,0,1,0,1,0,0,1,0,0,0,1,0,0,1,0,0,0,1,0,0,0,0,0,4,2,0,0,0,0,0,0,0,0,0,0,0
30,0.5,280,0.44,0.9,940,TRUE,FALSE,800,248,41,7,3,6,16,5,6,3,5,83,8,0,0,2,3,0,3,1,3,7,3,2,1,1,2,1,1,1,2,10,3,0,1,0,1,0,1,0,0,0,2,0,1,0,0,0,0,0,1,0,3,0,0,0,0,0,0,1,1,1,0,0,0,0,0,0,1,0,2,0,0,1,0,1,0,0,0,1,1,0,0,0,0,0,0,0,0,0,0,0
90,0.6,100,0.35,0.5,860,TRUE,TRUE,800,250,41,7,8,13,11,4,3,9,8,68,4,4,1,0,4,4,4,2,3,4,6,2,0,0,0,1,1,3,3,7,1,0,1,0,0,0,0,0,2,0,2,0,0,1,0,1,0,0,3,2,1,0,0,0,1,0,0,0,1,1,1,0,0,0,0,1,1,0,3,0,0,0,0,0,0,0,0,0,3,0,0,0,0,0,0,0,0,0,0,0
20,0.7,100,0.31,0.8,610,FALSE,FALSE,800,246,42,3,6,5,13,6,1,4,9,78,8,3,2,2,5,5,0,1,3,12,3,2,0,1,0,0,0,0,2,5,3,0,0,0,3,0,1,0,0,5,3,0,0,0,1,0,0,0,0,0,1,0,0,0,0,0,0,0,0,0,0,0,1,0,0,0,0,1,0,0,1,0,1,0,0,0,1,1,2,1,0,0,0,0,0,0,0,0,0,0
20,0.8,180,0.98,0.3,1000,FALSE,FALSE,800,247,44,3,4,5,12,4,2,6,11,77,10,4,1,1,5,4,3,2,2,10,4,4,1,1,2,0,2,0,1,6,0,0,0,0,0,0,0,0,0,0,2,0,0,0,1,0,1,0,1,0,3,0,0,0,1,0,0,2,0,0,1,0,0,0,0,0,1,1,0,0,0,0,0,0,0,1,0,1,0,1,0,0,0,0,0,0,0,0,0,0
70,0.7,140,0.95,0.9,920,TRUE,FALSE,800,248,43,5,5,13,12,7,4,4,9,69,8,3,2,0,2,3,3,4,4,9,4,1,2,0,0,1,0,0,4,5,2,2,0,0,0,0,0,1,0,1,3,0,0,0,0,0,1,0,0,2,1,0,0,0,0,0,1,1,1,1,0,1,0,0,1,0,0,2,1,1,0,0,0,0,0,0,0,0,0,0,0,0,0,0,0,0,0,0,0,0
90,0.9,270,0.44,0.5,810,TRUE,FALSE,800,254,47,5,6,11,12,10,4,1,10,63,4,2,3,2,5,4,1,2,3,10,5,0,2,1,1,1,1,1,2,9,3,1,0,0,1,1,0,1,1,2,2,0,0,0,0,2,0,0,1,1,1,0,0,0,0,0,0,0,0,0,1,0,0,0,0,0,1,1,0,0,0,0,0,0,1,0,1,1,2,1,0,0,0,0,0,0,0,0,0,0
80,0.9,300,0.53,0.5,170,FALSE,FALSE,800,257,34,7,4,13,18,9,3,5,16,74,6,2,6,2,2,2,4,3,3,7,3,3,1,0,1,0,1,2,3,2,1,0,0,0,0,0,0,0,1,2,1,1,0,0,0,0,1,0,1,2,2,0,0,0,0,0,0,0,0,0,1,0,0,0,0,0,0,2,0,0,0,0,0,1,0,1,0,3,1,1,0,0,0,0,0,0,0,0,0,0
60,0.5,280,0.65,0.8,380,TRUE,FALSE,800,245,46,5,4,5,11,7,3,5,9,75,13,2,0,0,1,3,2,2,0,9,4,3,1,0,2,1,1,0,1,6,4,0,0,0,1,1,0,0,2,2,0,0,0,0,0,1,0,0,1,0,3,0,0,0,0,1,0,1,0,1,2,0,0,0,0,0,0,1,0,1,0,0,1,0,0,1,0,0,0,1,0,0,0,0,0,0,0,0,0,0
90,0.8,220,0.59,0.8,930,FALSE,FALSE,800,247,46,5,3,9,17,5,2,3,10,70,7,6,1,0,1,0,4,3,4,9,9,1,2,1,1,1,1,0,1,7,1,0,1,0,1,0,0,0,2,1,1,0,1,1,0,0,0,0,0,0,2,0,0,0,1,0,0,0,1,0,0,0,0,0,0,0,1,0,0,0,0,0,0,1,0,0,0,1,3,0,0,0,0,0,0,0,0,0,0,0
100,0.5,270,0.62,0.5,390,TRUE,TRUE,800,261,44,8,6,9,13,5,6,7,7,71,5,4,1,6,5,4,1,3,4,7,7,2,1,0,1,1,0,0,1,8,0,0,0,0,1,1,1,0,1,1,4,0,0,0,0,0,0,0,1,1,2,0,0,0,2,0,0,0,2,0,0,0,0,0,0,0,1,2,0,0,0,0,0,1,0,0,0,1,2,1,0,0,0,0,0,0,0,0,0,0
90,0.6,270,0.74,0.9,930,TRUE,TRUE,800,251,50,3,6,6,12,6,3,5,10,70,6,2,3,2,4,4,1,5,2,8,4,4,1,0,0,2,1,1,2,4,2,0,0,0,0,0,0,0,0,1,2,1,0,0,0,1,0,0,0,2,4,0,0,0,0,0,0,0,1,0,1,0,0,1,0,0,1,2,0,0,0,0,0,0,0,0,0,4,1,1,0,0,0,0,0,0,0,0,0,0
70,0.7,190,0.59,0.7,410,TRUE,TRUE,800,251,44,2,6,12,12,3,4,7,11,65,12,4,2,2,3,3,3,2,1,9,6,1,1,1,2,0,0,0,1,2,2,0,1,0,0,0,1,1,1,4,2,0,0,0,1,0,0,1,1,1,2,1,0,0,0,0,1,1,0,1,1,0,0,0,1,0,0,2,1,0,0,0,0,0,0,0,1,0,2,1,0,0,0,0,0,0,0,0,0,0
80,0.5,220,0.34,0.4,550,TRUE,FALSE,800,248,42,3,5,8,15,7,5,3,8,71,6,2,3,4,2,2,1,5,2,8,7,0,3,0,2,0,1,2,2,9,2,0,0,0,0,1,0,0,0,1,2,0,1,1,0,1,0,0,1,1,0,2,1,0,0,0,0,0,0,0,0,0,0,1,0,0,0,2,0,0,0,0,0,0,0,0,0,1,3,0,0,0,0,0,0,0,0,0,0,0
80,0.9,250,0.88,0.7,850,FALSE,TRUE,800,253,39,5,5,14,13,4,5,5,10,71,2,4,0,2,7,1,1,1,6,7,5,2,2,0,1,0,0,0,5,11,4,2,0,0,0,1,0,0,1,2,3,0,0,1,0,0,0,0,0,0,1,0,0,0,0,0,0,0,0,0,0,0,1,1,0,0,0,2,0,0,1,0,0,0,0,0,1,2,1,2,0,0,0,0,0,0,0,0,0,0
80,0.9,220,0.54,0.9,260,FALSE,FALSE,800,254,47,8,5,5,14,5,3,4,8,65,11,5,2,2,4,1,3,2,4,8,6,1,1,1,1,1,1,1,2,5,4,0,0,0,0,0,0,1,3,0,2,1,1,0,0,0,0,0,1,0,3,0,0,0,0,0,0,2,1,1,0,0,0,0,1,1,2,1,0,0,0,0,0,0,0,0,0,1,3,0,0,0,0,0,0,0,0,0,0,0
50,0.5,300,0.87,0.3,660,FALSE,FALSE,800,242,51,6,4,10,10,4,5,6,6,65,11,5,2,0,5,3,1,1,5,6,2,1,1,3,0,1,0,0,2,5,1,0,0,0,1,0,0,0,3,1,3,1,0,0,0,0,0,0,0,1,1,0,0,0,0,1,0,0,0,0,1,0,0,1,0,1,0,1,0,0,1,0,0,0,0,1,0,1,2,0,0,0,0,0,0,0,0,0,0,0
90,0.6,210,0.71,0.3,180,TRUE,FALSE,800,249,53,4,9,6,10,6,0,4,8,62,7,2,1,1,6,1,2,3,2,12,6,3,0,2,1,3,1,2,0,7,3,1,1,0,0,0,0,0,1,5,0,0,0,0,1,0,0,0,1,0,2,1,1,0,0,0,0,0,0,0,1,0,0,0,0,1,0,2,0,1,0,0,0,1,0,0,1,0,0,2,0,0,0,0,0,0,0,0,0,0
70,0.8,200,0.49,0.5,310,FALSE,TRUE,800,250,39,7,7,12,17,5,4,4,8,58,8,3,6,2,4,4,2,2,1,7,5,2,0,1,0,3,2,1,2,9,2,0,0,0,0,0,0,0,2,3,1,2,0,1,0,0,0,0,1,2,0,0,0,0,0,0,1,0,0,1,0,0,0,0,0,0,2,3,1,1,0,0,0,1,0,0,0,1,1,0,0,0,0,0,0,0,0,0,0,0
100,0.6,300,0.58,0.9,630,FALSE,FALSE,800,247,47,4,3,10,17,3,6,7,4,75,5,3,4,1,1,1,3,0,5,11,2,4,0,0,2,0,0,2,1,4,2,0,0,1,0,1,0,1,0,2,2,0,0,0,0,1,0,0,1,1,1,1,0,0,0,0,0,0,0,0,0,0,1,0,0,0,1,1,0,0,1,0,1,1,0,0,0,1,2,0,0,0,0,0,0,0,0,0,0,0
70,0.5,150,0.61,0.4,950,TRUE,FALSE,800,247,46,3,3,10,8,6,1,7,7,66,13,2,2,1,5,3,2,3,4,9,3,1,0,1,2,0,0,1,4,11,3,1,1,0,1,0,0,0,2,0,1,0,0,0,0,1,0,0,1,0,2,0,1,1,1,0,0,1,1,0,0,0,0,0,0,0,1,1,0,0,0,1,0,0,0,0,0,1,2,0,0,0,0,0,0,0,0,0,0,0
40,0.9,210,0.56,0.4,280,TRUE,FALSE,800,247,53,5,7,12,13,5,5,7,9,56,6,1,1,1,3,1,1,1,1,5,5,4,3,1,2,1,0,3,3,5,3,0,0,0,1,0,0,0,1,1,2,0,0,1,1,0,0,0,2,1,2,0,0,0,2,0,0,1,1,0,1,1,0,0,0,0,0,1,0,0,0,0,0,1,0,1,1,0,2,0,0,0,0,0,0,0,0,1,0,0
100,0.8,280,0.56,0.7,170,FALSE,FALSE,800,237,46,2,4,13,5,6,5,4,9,66,13,3,3,1,5,2,1,3,3,7,6,0,2,2,0,0,0,2,1,5,4,0,0,0,1,0,0,0,0,1,2,0,0,0,0,0,0,1,1,1,0,0,0,0,0,0,0,0,0,0,1,0,0,0,1,0,0,2,0,0,0,0,0,0,0,0,2,0,2,0,0,0,0,0,0,0,0,0,0,0
80,0.5,280,0.96,0.5,1000,FALSE,TRUE,800,254,55,9,2,11,12,4,5,3,9,62,5,2,1,2,3,3,2,4,3,11,6,0,2,0,2,2,1,2,2,3,5,0,0,0,1,0,0,0,1,3,0,0,0,0,0,0,0,0,1,1,1,0,0,0,0,0,0,0,0,0,2,0,0,0,1,0,0,3,0,0,1,0,1,1,0,0,1,2,1,1,0,0,0,0,0,0,0,0,0,0
20,0.8,210,0.33,0.9,110,TRUE,FALSE,800,245,37,5,6,15,15,10,6,8,6,59,3,4,2,1,6,0,2,2,3,5,5,1,3,0,2,0,2,1,4,9,1,2,1,0,0,0,0,0,1,1,2,0,1,0,0,1,0,0,1,0,1,0,0,0,0,1,0,0,1,0,1,0,0,0,0,0,2,0,0,0,0,0,0,1,0,0,2,2,2,0,0,0,0,0,0,0,0,0,0,0
40,0.9,220,0.77,0.8,790,FALSE,FALSE,800,245,50,8,3,8,9,6,3,8,5,61,8,4,0,2,2,1,2,1,5,7,6,4,0,1,1,2,1,1,2,6,1,0,1,1,1,0,0,0,0,3,3,0,0,0,0,0,0,0,4,3,2,0,1,0,1,0,1,1,0,0,0,0,0,0,0,0,1,0,0,0,1,0,0,0,0,1,0,0,3,0,0,0,0,0,0,0,0,0,0,0
50,0.7,110,0.54,0.7,140,FALSE,FALSE,800,247,44,8,2,10,12,4,6,6,8,65,12,1,4,2,5,2,2,3,2,10,5,2,2,1,2,2,1,0,2,5,1,0,0,0,0,0,0,0,2,2,3,0,0,0,0,0,1,0,0,0,0,0,0,1,0,0,0,0,0,0,1,0,0,0,0,0,0,2,1,0,0,0,0,1,0,0,0,1,1,1,0,0,0,0,0,0,0,0,0,0
30,0.8,240,0.96,0.5,530,TRUE,TRUE,800,253,45,1,5,6,14,0,4,4,3,86,5,5,2,1,4,4,2,3,5,5,6,2,0,3,0,0,0,2,1,6,3,0,0,0,0,0,0,0,0,3,3,1,0,0,0,0,0,0,2,3,4,1,0,0,0,0,0,1,0,1,0,0,0,0,0,0,1,2,0,0,0,0,0,1,0,0,0,1,3,0,0,0,0,0,0,0,0,0,0,0
20,0.7,130,0.34,0.4,870,TRUE,FALSE,800,252,41,5,2,11,9,7,5,2,9,74,16,2,3,0,5,3,2,2,3,3,3,2,0,1,1,2,0,1,1,9,5,2,0,0,0,0,0,1,1,0,2,0,0,0,0,1,0,1,3,2,2,0,1,0,0,0,0,0,0,0,0,0,0,0,0,0,0,0,1,0,0,0,0,1,0,0,0,2,2,2,0,0,0,0,0,0,0,0,0,0
10,0.6,100,0.52,0.6,200,TRUE,TRUE,800,248,39,8,5,12,12,8,4,4,8,77,5,1,2,2,3,1,1,5,2,9,5,2,1,0,2,3,0,2,1,7,0,1,1,0,1,0,0,0,0,1,0,0,0,1,0,0,0,1,1,0,2,0,0,0,0,0,0,0,0,1,0,0,1,0,1,0,1,1,1,0,0,0,0,0,0,0,0,2,0,1,0,0,0,0,0,0,0,0,0,0
70,0.7,130,0.44,0.6,750,TRUE,TRUE,800,256,52,3,3,8,8,5,6,3,4,80,14,3,0,0,4,4,2,3,3,8,3,1,0,3,1,1,0,0,1,8,4,1,0,0,0,0,1,0,1,2,3,0,0,0,0,0,0,0,0,1,2,1,1,0,0,0,0,0,0,0,0,0,0,0,1,0,0,2,0,0,0,0,0,0,0,1,1,1,2,1,0,0,0,0,0,0,0,0,0,0
60,0.7,230,0.35,0.4,420,FALSE,TRUE,800,256,41,10,6,8,12,5,4,4,10,72,13,4,1,0,3,2,3,1,1,9,6,1,0,0,2,0,1,0,1,13,1,0,0,0,0,0,1,1,3,2,2,0,0,1,0,1,0,0,0,0,1,1,0,0,1,0,0,0,1,0,0,1,0,0,0,0,1,2,0,0,0,0,0,0,0,0,0,0,2,2,0,0,0,0,0,0,0,0,0,0
50,0.7,150,0.69,0.6,700,TRUE,TRUE,800,253,48,6,4,9,10,7,4,3,10,69,8,5,1,3,5,0,2,2,2,8,6,0,1,1,2,0,1,2,1,4,2,1,0,0,0,0,1,1,1,5,3,0,1,0,0,0,0,0,1,0,2,0,0,0,0,0,0,0,1,1,1,0,0,0,0,0,1,2,0,0,0,0,1,1,0,0,0,2,1,1,0,0,0,0,0,0,0,0,0,0
10,0.7,280,0.49,0.9,450,FALSE,FALSE,800,247,53,3,6,8,9,6,1,9,10,60,9,3,2,3,1,5,2,0,3,10,3,3,1,0,2,1,0,1,2,7,3,1,0,0,0,0,0,0,3,1,1,0,1,0,0,0,0,0,0,1,2,1,0,0,1,0,1,0,0,1,1,0,0,0,1,0,0,1,1,0,1,0,0,0,0,0,0,2,1,0,0,0,0,0,0,0,0,0,0,0
90,0.6,120,0.43,0.8,480,TRUE,TRUE,800,252,53,4,6,9,13,6,8,4,5,70,10,1,0,1,1,6,2,1,1,7,8,1,1,2,2,1,0,0,1,5,2,0,0,0,1,0,0,0,0,1,3,0,0,0,0,0,0,0,0,0,2,0,1,1,0,0,0,1,0,0,1,0,0,0,1,0,1,2,1,0,0,1,0,1,0,0,0,1,0,2,0,0,0,0,0,0,0,0,0,0
30,0.6,300,0.44,0.3,140,FALSE,TRUE,800,246,36,9,5,10,15,7,3,6,12,70,3,1,2,2,3,2,5,1,2,8,6,2,0,2,2,1,1,1,1,6,1,1,0,0,0,2,0,0,0,0,2,0,0,0,0,0,0,1,1,0,4,0,1,0,0,0,0,1,0,0,0,0,0,0,0,0,0,2,0,0,0,0,0,2,0,0,0,3,2,0,0,0,0,0,0,0,0,0,0,0
80,0.5,100,0.79,0.5,710,FALSE,FALSE,800,242,46,8,5,6,7,6,4,4,3,81,11,2,3,3,2,1,2,1,1,5,7,2,0,2,0,0,2,0,4,5,1,0,0,0,0,0,0,0,1,4,0,1,2,0,0,0,0,0,0,1,2,0,0,0,1,0,0,0,0,0,0,0,0,0,0,0,0,0,0,0,0,0,0,1,0,0,1,2,3,0,0,0,0,0,0,0,0,0,0,0
40,0.6,100,0.75,0.3,750,TRUE,TRUE,800,247,51,5,2,5,8,8,8,5,6,70,6,2,2,6,4,1,0,2,2,4,9,3,1,1,0,0,0,2,1,6,3,0,0,0,2,0,1,1,3,3,3,0,0,0,0,0,0,0,0,0,4,0,0,0,0,0,0,0,0,0,1,0,0,0,0,0,0,2,0,0,0,1,0,0,1,0,0,1,2,0,0,0,0,0,0,0,0,0,0,0
90,0.6,180,0.65,0.5,110,FALSE,TRUE,800,252,34,8,9,10,16,6,7,8,9,63,12,2,1,4,1,3,2,2,5,7,1,3,0,1,2,0,1,3,1,11,2,0,0,0,0,0,0,0,0,2,2,1,0,0,0,0,0,0,3,1,0,0,0,0,0,0,0,0,1,0,1,0,0,0,1,0,2,0,2,0,0,0,0,0,0,0,1,1,1,0,0,0,0,0,0,0,0,0,0,0
60,0.9,260,0.5,0.5,440,TRUE,TRUE,800,252,50,6,4,6,11,4,4,7,4,69,10,2,0,5,4,3,2,1,1,9,7,1,0,1,1,1,2,2,5,5,5,0,0,0,1,1,0,0,0,3,1,0,0,0,0,0,0,0,1,0,3,0,1,0,0,0,0,0,0,0,0,0,0,0,1,0,1,2,1,0,0,0,1,0,0,0,1,1,2,0,0,0,0,0,0,0,0,0,0,0
30,0.6,250,0.33,0.9,120,FALSE,TRUE,800,254,51,6,5,8,9,5,3,5,6,70,12,3,0,1,2,6,2,3,5,5,5,2,1,2,0,0,1,1,0,5,2,2,0,0,0,0,0,1,0,2,3,0,0,0,0,0,0,0,2,2,3,0,1,0,1,0,0,0,2,0,1,1,0,0,1,0,0,3,0,1,0,0,0,1,0,0,1,0,1,0,0,0,0,0,0,0,0,0,0,0
40,0.9,200,0.81,0.6,190,FALSE,FALSE,800,245,52,6,3,7,7,6,1,3,7,71,10,2,0,2,5,3,1,2,2,13,5,0,2,2,1,1,1,0,2,6,2,0,0,0,0,0,0,0,0,2,6,0,0,0,2,0,0,0,0,1,1,0,0,0,1,0,0,0,0,1,1,0,0,0,0,0,0,2,0,0,0,0,0,1,0,0,0,1,2,0,0,0,0,0,0,0,0,0,0,0
50,0.8,210,0.44,0.8,810,TRUE,FALSE,800,254,42,6,2,14,13,5,5,5,14,59,11,4,1,0,6,3,1,3,3,4,5,3,1,1,1,1,4,1,2,9,2,0,0,0,0,2,0,0,0,2,1,1,0,0,0,0,0,0,2,1,1,0,0,0,0,0,1,2,4,0,0,0,0,0,0,0,0,0,1,0,0,0,0,1,0,0,1,1,2,1,0,0,0,0,0,0,0,0,0,0
80,0.6,250,0.36,0.5,350,FALSE,FALSE,800,250,39,7,4,8,13,7,7,4,9,71,7,7,0,4,3,0,3,2,2,10,3,2,1,2,0,1,1,1,4,7,1,0,0,1,0,0,1,0,0,2,1,1,1,0,1,2,0,0,0,1,2,0,0,0,1,1,0,1,0,0,0,0,0,0,0,0,0,1,1,1,0,0,0,0,0,1,0,1,0,0,0,0,0,0,0,0,0,0,0,0
20,0.8,270,0.87,0.4,510,TRUE,TRUE,800,250,46,4,3,6,12,4,4,4,10,85,9,2,2,4,6,2,2,2,4,3,5,2,0,0,0,0,1,0,2,3,5,0,1,0,0,0,0,1,2,1,1,0,0,0,0,0,1,0,0,0,2,0,1,0,2,0,0,0,0,0,1,0,0,0,0,1,0,1,0,0,0,0,0,0,0,0,0,3,1,0,0,0,0,0,0,0,0,0,0,0
40,0.8,200,0.84,0.8,230,FALSE,TRUE,800,258,43,5,9,10,15,4,6,6,6,66,7,1,1,1,4,4,0,3,3,11,8,2,1,1,4,3,2,1,3,4,3,0,0,1,0,0,0,1,1,3,1,0,0,0,1,0,0,1,1,0,1,1,0,0,0,0,0,0,1,0,0,0,0,0,0,0,1,2,1,0,0,0,0,1,0,0,0,2,1,1,0,0,0,0,0,0,0,0,0,0
10,0.7,290,0.82,0.6,710,FALSE,TRUE,800,252,46,3,6,11,16,5,6,5,8,69,5,1,5,3,2,2,2,2,4,7,6,4,1,0,2,0,1,0,2,6,2,0,0,0,0,0,0,0,1,0,1,0,1,0,1,0,0,1,1,1,2,0,0,0,2,0,0,0,0,0,0,0,0,0,0,0,1,2,0,0,0,0,0,0,1,0,1,4,0,1,0,0,0,0,0,0,0,0,0,0
90,0.8,130,0.85,0.8,320,FALSE,FALSE,800,241,44,5,6,7,9,7,2,7,11,66,12,2,2,1,5,4,1,1,6,2,3,3,0,1,0,0,1,0,1,6,1,0,0,0,1,2,1,0,0,2,2,1,0,0,2,0,0,1,1,1,2,0,0,0,1,0,0,1,2,0,1,0,0,0,0,0,0,1,1,1,0,1,0,0,0,0,0,1,0,0,0,0,0,0,0,0,0,0,0,0
70,0.7,210,0.49,0.7,800,FALSE,FALSE,800,244,43,3,10,8,14,5,5,5,8,57,9,3,2,2,5,1,3,4,3,11,5,3,0,2,1,1,2,0,2,5,2,0,0,0,0,0,0,0,0,3,1,1,0,0,0,1,0,0,0,0,5,0,0,0,0,0,1,0,2,0,0,0,0,0,0,1,1,0,2,0,0,0,0,0,2,0,0,0,0,1,0,0,0,0,0,0,0,0,0,0
20,0.8,140,0.39,0.9,190,FALSE,TRUE,800,245,53,3,4,7,9,4,2,6,9,64,10,2,3,8,2,4,2,2,2,3,3,3,0,0,2,1,0,1,4,6,4,0,0,0,0,0,1,0,0,4,1,0,1,0,0,0,0,0,2,1,4,0,0,0,0,0,0,0,1,0,1,0,0,0,0,0,1,0,0,1,1,0,0,2,0,0,1,1,0,0,0,0,0,0,0,0,0,0,0,0
100,0.5,290,0.52,0.9,960,TRUE,FALSE,800,249,42,8,3,8,10,6,4,1,10,68,11,2,1,2,5,4,1,4,4,11,5,2,1,0,1,3,1,1,0,6,2,0,1,0,0,0,0,0,1,3,1,1,1,1,0,0,0,0,0,0,3,0,0,0,0,0,0,1,0,1,0,0,0,0,1,0,0,2,0,0,0,0,1,0,0,0,0,3,2,0,0,0,0,0,0,0,0,0,0,0
80,0.9,160,1,0.8,640,FALSE,FALSE,800,246,51,5,3,9,8,8,4,5,10,62,12,3,3,5,3,2,1,0,2,6,4,1,0,1,1,0,0,2,2,8,4,0,0,0,1,0,1,0,0,0,3,0,0,0,0,1,0,1,2,0,1,0,0,0,1,0,0,1,3,0,1,0,0,0,1,0,0,0,0,0,1,0,0,0,0,0,1,0,2,1,0,0,0,0,0,0,0,0,0,0
20,0.7,270,0.86,0.8,320,FALSE,TRUE,800,241,47,5,9,8,12,3,5,5,5,59,9,3,3,2,5,2,4,4,3,4,7,1,0,1,2,0,0,0,2,7,1,0,1,0,0,0,0,0,1,2,5,0,0,0,0,0,0,2,0,3,0,0,0,0,0,0,1,0,0,0,1,0,0,0,0,0,2,2,1,0,0,0,0,0,1,0,0,0,2,0,0,0,0,0,0,0,0,0,0,0
10,0.5,200,0.32,0.7,190,FALSE,FALSE,800,240,37,4,7,17,13,7,4,6,11,60,8,3,1,1,5,4,1,0,3,7,7,0,0,1,1,0,1,0,4,6,0,0,0,0,0,0,0,1,3,0,1,0,1,1,1,0,1,0,2,1,0,0,0,1,0,1,1,0,0,0,0,0,0,1,0,1,0,2,1,0,0,0,0,0,0,0,0,1,1,0,0,0,0,0,0,0,0,0,0,0
70,0.9,100,0.7,0.9,350,FALSE,FALSE,800,241,42,5,5,8,18,1,6,6,8,67,10,3,2,5,2,5,0,2,5,8,3,1,0,0,0,1,1,0,1,2,3,1,1,0,0,1,0,0,1,1,1,0,0,0,0,1,0,0,0,2,1,0,1,0,0,0,0,0,2,0,1,0,0,0,0,0,1,1,0,0,1,0,0,1,0,0,0,2,2,0,0,0,0,0,0,0,0,0,0,0
20,0.6,230,0.93,0.5,190,TRUE,FALSE,800,246,51,4,8,7,11,4,3,5,8,63,13,0,3,1,5,2,2,0,1,8,7,1,0,1,0,0,2,2,2,11,3,0,1,0,1,0,2,0,0,0,3,1,0,0,0,0,0,1,0,0,1,0,0,0,0,0,0,0,1,1,0,1,0,0,0,0,1,1,1,0,0,0,0,2,0,0,0,1,0,0,0,0,0,0,0,0,0,0,0,0
50,0.7,210,0.84,0.6,420,TRUE,TRUE,800,246,40,6,5,5,9,6,3,5,9,78,13,1,1,2,4,3,3,0,0,7,5,3,0,3,0,2,0,0,2,6,1,0,0,0,1,3,0,1,1,1,4,0,0,0,0,0,0,1,2,0,3,0,0,0,0,0,0,0,1,1,0,0,0,1,0,0,0,1,0,0,0,0,0,0,0,0,1,0,2,1,0,0,0,0,0,0,0,0,0,0
50,0.9,150,0.83,0.9,960,TRUE,TRUE,800,254,52,4,6,7,11,4,5,6,10,66,8,0,1,1,2,2,1,0,4,7,9,3,1,0,2,3,2,0,3,6,1,1,0,0,0,0,0,0,2,2,2,0,0,1,1,1,0,0,2,2,1,0,1,0,0,0,0,2,0,2,0,0,0,1,0,0,1,1,2,0,0,0,0,0,0,0,0,0,3,0,0,0,0,0,0,0,0,0,0,0
80,0.9,230,0.48,0.6,510,TRUE,FALSE,1000,233,43,5,5,9,17,1,5,6,9,62,11,3,0,1,3,1,3,1,2,6,5,0,1,1,1,0,2,0,1,4,4,0,0,0,0,0,0,1,1,2,2,1,0,0,0,0,1,0,3,1,3,0,0,0,0,0,0,0,0,1,0,0,0,0,0,0,0,0,1,1,0,0,0,1,0,0,1,1,0,1,0,0,0,0,0,0,0,0,0,0
50,0.6,150,0.93,0.8,410,TRUE,FALSE,1000,236,42,3,5,11,13,5,3,5,6,59,7,1,2,2,5,1,2,6,4,5,6,3,1,0,0,0,2,3,4,5,2,0,1,0,0,0,0,0,0,4,3,1,0,0,0,1,0,0,1,2,1,0,0,0,0,1,0,0,0,0,0,0,0,0,0,0,1,1,0,1,0,0,0,1,0,0,0,3,2,0,0,0,0,0,0,0,0,0,0,0
60,0.8,210,0.43,0.6,830,FALSE,FALSE,1000,228,48,4,4,11,11,5,2,4,6,58,12,0,1,0,1,4,2,1,2,8,11,3,0,0,2,2,0,3,1,3,0,0,0,0,0,0,0,0,0,1,7,0,1,0,1,0,0,0,1,0,1,0,1,0,0,0,0,0,1,0,0,0,0,0,1,0,0,1,0,0,0,0,0,0,1,1,0,0,1,1,0,0,0,0,0,0,0,0,0,0
80,0.5,130,0.77,0.6,810,FALSE,TRUE,1000,232,46,4,9,13,17,6,6,4,14,41,5,4,5,2,3,2,4,1,4,4,2,3,1,0,2,3,0,1,6,3,1,0,0,0,0,0,0,0,1,2,2,0,1,0,0,0,1,0,2,0,1,0,0,0,0,0,0,0,0,0,0,0,0,0,0,0,2,0,0,0,0,0,0,1,0,0,0,3,1,0,0,0,0,0,0,0,0,0,0,0
40,0.9,120,0.42,0.3,700,FALSE,TRUE,1000,234,31,7,6,16,15,8,3,6,13,59,4,2,2,2,4,2,2,2,5,4,3,2,1,1,2,1,4,0,2,2,1,1,0,0,0,3,0,0,1,1,1,2,0,0,0,0,0,1,1,0,2,1,0,0,1,0,0,1,1,1,0,0,0,0,0,0,0,1,0,0,0,0,0,0,1,0,0,2,1,0,0,0,0,0,0,0,0,0,0,0
80,0.7,220,0.86,0.9,830,TRUE,FALSE,1000,235,39,4,4,9,13,3,1,3,11,63,13,2,1,2,6,2,6,1,0,4,12,2,2,0,0,0,1,3,1,11,3,0,0,0,0,1,0,0,0,1,0,1,0,0,0,0,0,0,0,1,0,0,0,0,0,0,0,0,1,1,0,0,0,1,0,0,0,3,0,1,0,0,0,0,0,0,1,0,0,1,0,0,0,0,0,0,0,0,0,0
90,0.8,130,0.47,0.7,280,TRUE,TRUE,1000,233,42,6,7,13,13,6,4,6,8,55,7,2,1,1,1,6,0,4,3,12,4,5,0,0,2,0,1,0,0,4,3,1,1,0,0,0,0,0,1,0,1,0,0,0,0,1,0,1,0,1,1,0,0,0,0,0,0,0,0,1,1,0,0,0,0,0,2,1,1,2,0,0,0,0,1,0,0,1,0,0,0,0,0,0,0,0,0,0,0,0
20,0.6,300,0.71,0.8,570,TRUE,FALSE,1000,238,40,4,7,8,13,5,4,6,11,64,11,0,0,2,4,2,1,1,1,3,7,3,1,0,1,2,1,2,2,8,2,1,1,1,0,1,0,0,1,2,0,2,0,0,0,0,0,0,0,1,1,1,0,0,1,0,0,0,0,2,0,0,0,1,0,1,0,1,0,1,0,0,0,0,0,0,0,1,2,1,0,0,0,0,0,0,0,0,0,0
60,0.8,220,0.86,0.8,950,FALSE,FALSE,1000,231,41,4,7,6,10,7,6,4,9,67,5,5,0,1,6,0,1,1,2,10,5,2,0,3,2,1,0,2,3,6,2,0,0,0,0,0,0,1,0,1,2,0,0,0,0,0,0,0,0,1,0,0,0,0,0,0,0,1,1,0,0,0,1,0,1,0,0,1,0,1,0,0,0,0,0,0,0,0,3,0,0,0,0,0,0,0,0,0,0,0
30,0.5,120,0.8,0.4,650,TRUE,FALSE,1000,238,42,3,6,10,11,5,6,4,8,60,9,1,0,4,4,1,2,1,4,8,5,3,7,2,1,0,1,1,2,7,0,0,0,0,1,0,0,0,0,1,1,0,0,1,0,0,0,0,1,2,2,1,0,0,1,0,0,0,0,0,0,0,0,0,0,1,0,1,0,3,0,0,0,1,0,0,0,3,0,1,0,0,0,0,0,0,0,0,0,0
20,0.5,270,0.32,0.3,920,FALSE,FALSE,1000,233,46,5,4,12,13,6,3,5,5,56,9,5,1,3,1,2,1,2,3,6,9,1,1,0,1,1,0,1,3,3,1,2,1,0,0,0,1,0,2,2,1,0,0,0,0,0,0,0,0,2,0,1,0,1,0,0,0,1,1,0,2,0,0,0,0,0,0,1,1,0,0,0,0,0,2,0,1,2,0,1,0,0,0,0,0,0,0,0,0,0
80,0.7,220,0.92,0.5,820,TRUE,FALSE,1000,225,33,6,6,8,15,8,1,4,9,65,8,1,0,1,3,4,4,2,1,6,5,4,2,0,0,0,0,1,5,5,0,1,0,1,1,1,0,0,1,3,2,0,0,0,0,0,0,0,0,0,0,0,1,0,1,0,0,0,0,0,0,0,0,0,0,0,1,1,0,0,0,0,0,0,1,0,0,1,3,0,0,0,0,0,0,0,0,0,0,0
90,0.6,250,0.44,0.3,530,FALSE,FALSE,1000,235,51,2,5,13,6,1,3,1,11,60,7,8,2,0,4,5,2,2,1,5,7,0,1,0,3,0,1,0,3,5,2,0,1,0,0,0,0,1,0,2,1,1,0,1,0,1,1,1,1,2,1,1,0,0,1,1,0,0,0,1,0,0,0,0,0,0,0,2,2,0,1,0,0,0,0,0,0,0,1,1,0,0,0,0,0,0,0,0,0,0
30,0.9,200,0.45,0.7,930,TRUE,FALSE,1000,230,27,7,7,12,16,5,3,7,12,65,7,1,2,5,6,5,3,1,2,9,4,2,0,2,0,1,0,1,1,4,1,0,1,0,0,0,0,0,0,1,0,0,0,0,1,0,0,0,0,0,1,0,0,0,0,0,0,1,1,0,0,0,0,1,1,0,0,0,0,0,0,0,0,0,0,0,0,5,0,0,0,0,0,0,0,0,0,0,0,0
60,0.7,230,0.36,0.3,520,TRUE,TRUE,1000,236,45,5,7,7,11,6,2,4,3,65,8,2,1,1,4,0,1,3,3,8,8,3,1,1,4,0,1,0,0,6,4,0,1,0,2,0,0,0,3,4,0,0,1,0,0,1,0,0,0,1,0,0,0,0,1,0,1,0,0,0,1,0,0,0,0,0,1,1,0,1,0,0,0,0,0,0,0,1,2,1,0,0,0,0,0,0,0,0,0,0
40,0.6,120,0.68,0.6,460,FALSE,TRUE,1000,228,49,4,7,10,14,6,2,5,7,42,6,5,1,3,3,6,1,2,3,3,7,1,2,2,2,1,2,1,4,7,3,0,0,1,1,0,0,1,2,1,0,0,0,0,0,0,0,0,1,0,0,0,1,0,0,2,0,1,2,0,0,0,0,1,1,0,0,0,1,0,0,0,0,0,0,0,0,0,2,0,0,0,0,0,0,0,0,0,0,0
90,0.9,110,0.9,0.4,700,TRUE,TRUE,1000,228,37,6,5,9,18,5,3,5,16,49,6,5,0,2,5,5,1,4,3,6,5,2,1,1,0,3,1,0,3,6,2,2,0,1,0,0,0,0,1,1,0,0,0,0,0,0,0,0,0,0,1,0,1,0,1,0,0,0,0,0,0,0,0,0,0,2,0,1,0,0,0,0,0,1,0,0,0,1,1,1,0,0,0,0,0,0,0,0,0,0
10,0.8,140,0.86,0.3,200,TRUE,FALSE,1000,225,30,7,9,15,17,4,2,6,10,55,5,1,1,1,2,4,3,2,6,4,3,4,3,0,2,1,1,0,2,6,2,0,1,0,0,1,0,0,1,1,1,0,0,0,0,1,0,0,2,1,0,0,0,0,1,0,0,0,1,0,0,0,0,0,1,0,0,3,0,0,0,0,0,0,0,0,0,2,1,0,0,0,0,0,0,0,0,0,0,0
40,0.8,150,0.45,0.3,150,FALSE,TRUE,1000,231,38,8,5,14,17,4,5,4,9,57,7,3,1,6,2,3,2,5,4,6,4,1,1,0,1,1,3,0,0,3,2,0,0,0,0,1,0,0,1,1,1,0,0,0,0,0,0,1,0,1,1,0,0,0,0,0,0,0,1,0,1,0,0,0,0,0,2,0,1,0,0,0,0,0,1,0,0,2,0,1,0,0,0,0,0,0,0,0,0,0
10,0.6,250,0.57,0.8,780,FALSE,TRUE,1000,235,34,4,8,11,19,12,6,3,10,58,4,3,0,1,2,3,2,4,3,5,6,1,1,0,3,1,0,0,1,9,2,0,0,1,1,1,0,1,2,1,1,0,0,0,0,0,0,0,1,0,4,0,1,0,0,0,0,0,0,0,0,0,0,0,0,0,1,0,0,0,0,0,0,0,1,0,1,2,0,1,0,0,0,0,0,0,0,0,0,0
60,0.9,220,0.49,0.9,880,FALSE,TRUE,1000,232,37,6,8,8,16,5,5,4,7,59,6,2,0,4,3,4,5,1,4,7,6,3,1,0,1,0,0,1,3,3,2,0,0,0,0,0,0,0,2,2,2,1,0,0,0,1,0,1,0,1,1,0,1,0,1,0,0,0,1,0,0,0,0,0,0,0,1,1,0,1,0,0,0,1,0,0,0,2,1,1,0,0,0,0,0,0,0,0,0,0
10,0.8,230,0.68,0.5,800,FALSE,FALSE,1000,228,48,4,8,7,11,5,4,6,9,55,9,5,2,3,2,0,0,1,3,8,10,3,0,1,0,1,1,0,2,4,1,0,0,0,0,0,0,1,0,0,2,1,0,0,1,1,0,0,0,0,2,0,0,0,0,0,0,0,0,1,0,0,0,0,1,0,0,1,0,0,0,0,0,1,0,0,1,1,2,0,0,0,0,0,0,0,0,0,0,0
80,0.7,250,0.81,0.6,1000,TRUE,FALSE,1000,233,34,6,9,14,18,7,3,7,10,47,7,5,2,1,1,1,0,4,5,4,3,1,1,1,1,2,1,1,4,6,3,1,1,1,0,1,0,1,1,3,2,0,1,0,0,0,0,0,1,1,0,1,0,0,0,1,0,0,1,1,0,0,0,0,0,0,0,2,0,0,0,0,0,1,0,1,0,1,2,0,0,0,0,0,0,0,0,0,0,0
20,0.7,170,0.31,0.3,130,FALSE,FALSE,1000,225,26,5,9,15,18,8,7,7,12,61,7,1,1,2,1,2,3,1,4,4,3,2,3,2,0,0,1,0,1,2,0,0,0,0,0,0,1,0,1,2,2,0,0,0,0,1,0,0,1,0,1,1,0,0,1,1,0,0,0,0,0,0,0,0,0,0,0,3,0,0,0,0,0,0,0,0,0,1,2,0,0,0,0,0,0,0,0,0,0,0
70,0.7,250,0.64,0.3,710,FALSE,FALSE,1000,235,42,4,4,12,15,3,0,4,7,63,14,1,2,1,3,5,1,5,1,8,4,3,0,1,0,1,2,2,1,6,2,0,0,0,0,1,0,0,0,1,4,0,0,0,0,0,0,0,0,0,2,0,0,1,0,0,0,0,0,1,2,0,0,0,0,0,1,2,0,0,0,0,0,0,1,0,0,1,2,0,0,0,0,0,0,0,0,0,0,0
50,0.8,260,0.59,0.5,910,FALSE,FALSE,1000,229,39,4,2,11,21,5,2,5,7,58,7,2,1,2,2,3,3,6,1,5,4,3,0,2,2,4,1,1,2,2,4,0,0,0,0,0,0,0,0,4,3,0,0,0,0,0,0,0,0,2,0,0,1,0,1,0,0,0,0,1,0,0,0,0,1,0,1,1,1,0,0,0,0,0,0,0,0,1,2,0,0,0,0,0,0,0,0,0,0,0
30,0.8,120,1,0.7,230,FALSE,FALSE,1000,228,39,6,6,11,16,6,4,4,8,58,6,3,3,1,5,2,5,2,1,7,2,4,0,0,1,0,0,2,4,4,0,0,0,0,1,0,0,0,0,3,2,0,0,0,0,1,0,0,1,0,3,0,0,0,0,1,0,0,0,0,0,0,0,0,1,0,0,1,0,0,0,0,0,0,0,0,1,3,1,0,0,0,0,0,0,0,0,0,0,0
20,0.5,270,0.95,0.3,910,TRUE,FALSE,1000,231,43,5,4,5,13,6,5,5,6,67,9,1,1,5,3,2,3,2,0,3,10,0,0,0,2,2,1,0,1,4,1,0,0,0,1,0,0,1,0,1,6,0,0,0,1,1,0,0,0,0,1,0,0,1,0,0,0,0,5,0,0,0,0,0,1,0,0,1,0,0,0,0,0,0,0,0,1,1,1,0,0,0,0,0,0,0,0,0,0,0
50,0.6,160,1,0.9,950,TRUE,FALSE,1000,231,46,5,5,9,14,5,3,2,12,61,6,4,1,2,2,0,1,1,2,6,5,4,1,0,1,2,3,0,3,7,2,0,0,0,0,0,1,0,2,0,1,2,0,0,0,0,1,0,1,0,1,0,0,0,0,0,0,0,0,0,0,1,0,0,0,0,1,1,0,0,0,0,0,0,1,0,0,2,1,1,0,0,0,0,0,0,0,0,0,0
80,0.7,270,0.93,0.6,460,FALSE,FALSE,1000,235,47,10,6,5,13,9,4,2,8,57,9,5,3,2,1,1,1,5,0,9,5,1,0,1,1,1,0,1,3,4,1,0,0,0,1,0,0,1,0,1,2,1,0,1,0,1,0,0,2,1,1,1,0,1,0,0,0,0,0,0,0,0,0,0,1,0,0,2,0,0,0,0,0,0,0,0,0,1,2,1,0,0,0,0,0,0,0,0,0,0
70,0.6,240,0.83,0.8,790,TRUE,TRUE,1000,233,46,2,3,11,17,3,3,6,5,69,7,2,1,0,3,3,3,3,4,7,6,1,1,0,2,2,1,1,1,3,1,0,0,0,0,0,0,0,1,0,2,1,1,0,0,0,0,0,1,2,1,0,0,0,0,0,0,0,0,1,0,0,0,0,0,0,0,0,1,1,0,0,0,1,0,0,1,2,1,0,0,0,0,0,0,0,0,0,0,0
10,0.7,110,0.46,0.9,430,TRUE,TRUE,1000,231,38,6,3,12,16,5,5,6,16,57,3,5,0,0,3,3,2,1,2,7,4,3,1,0,3,1,0,3,2,6,1,0,0,0,1,0,0,0,2,2,2,0,0,0,1,0,0,0,0,1,1,0,0,0,1,0,0,1,0,0,0,0,0,1,0,0,1,0,2,0,0,0,0,0,0,0,0,1,0,1,0,0,0,0,0,0,0,0,0,0
10,0.5,190,0.84,0.3,840,TRUE,FALSE,1000,238,44,4,5,8,12,4,4,5,12,62,2,3,2,4,2,2,3,2,0,7,6,4,0,1,3,1,2,3,0,9,3,0,0,0,1,0,0,0,0,1,3,0,0,0,0,0,0,0,0,2,3,0,0,0,0,0,0,0,0,0,0,0,0,0,0,0,1,3,0,0,0,0,1,1,0,0,0,1,2,1,0,0,0,0,0,0,0,0,0,0
70,0.6,210,0.86,0.6,780,FALSE,TRUE,1000,232,37,6,9,8,13,7,5,6,8,58,9,2,0,2,3,1,3,2,2,7,4,4,0,1,3,1,2,1,1,10,3,0,0,0,0,0,0,0,0,2,4,1,0,0,0,0,0,0,0,0,0,0,0,0,0,1,0,0,0,0,0,0,0,0,0,0,2,1,0,0,0,0,0,0,1,0,0,1,1,1,0,0,0,0,0,0,0,0,0,0
20,0.7,190,0.38,0.6,300,FALSE,TRUE,1000,235,37,6,5,11,14,7,7,2,7,57,9,1,0,1,8,2,1,3,5,5,7,2,1,3,2,1,1,0,3,7,3,1,0,0,0,0,0,0,0,0,0,0,0,1,0,1,1,0,0,1,1,0,0,0,0,0,0,0,0,2,0,0,0,0,1,2,2,0,1,1,0,0,0,0,0,0,0,3,0,0,0,0,0,0,0,0,0,0,0,0
20,0.5,190,0.71,0.8,320,TRUE,TRUE,1000,228,36,4,8,12,13,10,5,8,7,63,3,2,0,1,6,3,1,2,3,6,7,1,2,2,0,1,0,1,1,2,2,1,0,1,1,0,0,0,0,0,2,1,0,0,1,0,1,0,1,0,0,0,0,0,0,0,0,0,1,0,0,0,0,0,0,0,2,1,0,0,0,0,0,1,0,0,0,1,2,0,0,0,0,0,0,0,0,0,0,0
30,0.6,200,0.67,0.4,130,TRUE,TRUE,1000,240,37,6,8,7,21,5,5,3,11,54,8,3,0,2,2,7,0,3,1,13,5,1,0,1,1,2,0,1,3,4,1,0,0,0,2,1,0,0,1,0,4,0,1,0,0,0,0,0,3,1,1,0,0,0,0,1,0,1,1,0,0,0,0,0,1,0,0,0,2,0,0,0,0,0,0,2,1,1,1,0,0,0,0,0,0,0,0,0,0,0
20,0.9,280,0.52,0.5,710,TRUE,TRUE,1000,234,36,3,10,8,14,5,3,7,13,61,7,3,3,5,3,3,2,1,5,5,4,2,4,0,1,0,2,0,3,7,1,0,1,0,0,1,0,0,0,1,1,0,0,0,0,0,0,0,0,0,0,1,0,0,2,0,0,0,1,0,0,0,0,0,0,0,1,2,0,0,0,0,0,0,0,0,0,1,2,0,0,0,0,0,0,0,0,0,0,0
30,0.9,200,0.46,0.5,750,TRUE,TRUE,1000,238,40,8,8,10,14,5,5,6,6,51,8,7,1,1,5,2,1,2,2,8,4,3,1,1,1,1,2,0,3,6,1,0,1,0,1,1,0,0,4,1,1,0,1,0,1,0,0,0,4,1,1,0,0,0,1,0,1,0,0,0,0,1,0,0,0,0,2,0,1,0,0,0,0,0,0,0,1,1,0,1,0,0,0,0,0,0,0,0,0,0
90,0.5,240,0.41,0.7,820,TRUE,FALSE,1000,228,37,3,7,13,14,4,3,1,12,51,15,4,0,2,6,4,2,2,3,7,5,1,1,1,1,1,1,2,3,5,1,1,0,0,0,0,0,0,1,3,3,0,0,0,0,0,0,0,0,0,0,0,0,0,0,1,0,0,1,0,0,0,0,0,2,0,0,3,0,0,0,0,0,0,0,0,0,0,1,1,0,0,0,0,0,0,0,0,0,0
90,0.5,220,0.75,0.7,670,FALSE,TRUE,1000,230,47,3,7,6,11,6,3,4,11,52,7,1,1,3,4,2,1,3,1,9,8,2,1,0,3,3,3,0,2,3,3,0,0,0,0,1,0,0,1,5,2,0,0,0,0,1,0,0,3,2,0,0,0,0,0,0,0,0,0,0,0,0,0,0,0,0,1,0,2,0,0,0,0,0,1,0,0,0,1,1,0,0,0,0,0,0,0,0,0,0
60,0.8,290,0.57,0.9,390,FALSE,TRUE,1000,230,37,5,2,10,14,6,5,3,9,65,8,4,1,3,6,0,2,2,6,10,3,4,0,1,1,0,1,1,2,4,1,0,0,0,0,0,0,0,0,3,3,0,0,2,0,0,0,0,0,0,0,0,0,0,0,0,0,0,0,0,0,0,0,1,0,0,1,1,0,0,0,0,0,0,0,0,1,1,1,1,0,0,0,0,0,0,0,0,0,0
70,0.5,220,0.39,0.6,770,FALSE,TRUE,1000,235,51,5,4,10,11,4,2,5,7,60,9,2,1,5,4,5,1,1,3,2,4,2,1,0,2,3,1,0,2,4,2,0,0,0,0,1,0,0,1,1,3,0,0,0,1,0,0,0,0,0,3,1,0,0,1,0,0,0,2,0,0,1,1,0,1,0,0,2,0,0,0,0,0,0,0,0,0,3,1,0,0,0,0,0,0,0,0,0,0,0
30,0.5,280,0.44,0.9,940,TRUE,FALSE,1000,228,35,6,4,15,16,5,6,3,8,67,4,0,1,2,1,1,3,2,1,10,2,0,4,0,2,0,0,2,2,5,7,1,0,0,0,0,0,0,0,4,1,0,0,1,0,0,0,0,0,0,0,0,1,0,0,0,0,0,0,0,0,0,0,0,0,0,1,1,0,0,0,0,0,1,0,0,1,1,2,0,0,0,0,0,0,0,0,0,0,0
90,0.6,100,0.35,0.5,860,TRUE,TRUE,1000,234,45,3,6,7,15,6,2,5,8,46,9,4,1,0,2,6,2,3,3,6,8,3,0,4,0,2,2,0,2,9,4,0,0,0,0,0,0,0,1,0,2,0,0,0,1,0,0,0,2,1,1,0,0,1,2,0,1,0,2,0,2,0,0,0,0,1,0,1,1,0,0,0,0,0,0,0,0,1,1,1,0,0,0,0,0,0,0,0,0,0
20,0.7,100,0.31,0.8,610,FALSE,FALSE,1000,223,37,6,2,10,14,3,4,6,9,59,9,3,5,2,3,3,1,1,4,5,2,3,0,2,0,1,0,1,2,7,1,1,0,0,1,1,0,0,1,2,1,0,1,0,0,0,0,0,2,0,1,0,0,0,1,1,1,0,1,0,0,0,0,0,0,0,0,1,0,0,0,0,0,0,0,0,0,1,2,0,0,0,0,0,0,0,0,0,0,0
20,0.8,180,0.98,0.3,1000,FALSE,FALSE,1000,227,28,5,3,10,18,5,4,8,11,63,9,3,0,5,4,3,2,0,5,10,4,1,0,0,2,2,1,1,1,6,0,0,0,0,0,1,0,0,0,1,0,2,0,0,0,0,0,0,1,0,0,1,1,0,0,0,0,0,0,0,0,0,1,0,0,0,0,1,0,0,0,0,0,0,0,0,1,1,3,0,0,0,0,0,0,0,0,0,0,0
70,0.7,140,0.95,0.9,920,TRUE,FALSE,1000,233,43,4,6,9,15,3,4,4,7,65,8,0,2,5,2,2,3,0,4,4,6,4,1,0,0,0,2,1,4,6,2,0,0,0,1,2,0,0,2,0,1,0,0,0,0,0,0,0,2,1,0,0,0,0,1,0,0,1,2,1,0,0,0,0,0,0,0,0,1,0,0,0,0,0,0,0,0,1,1,1,0,0,0,0,0,0,0,0,0,0
90,0.9,270,0.44,0.5,810,TRUE,FALSE,1000,234,39,4,2,8,17,4,6,8,5,69,10,4,1,3,1,2,3,2,1,3,3,2,1,1,1,2,2,3,1,4,4,0,0,1,0,0,0,1,2,2,0,0,0,1,0,0,0,0,0,3,1,0,0,0,0,0,0,0,0,0,0,0,0,0,0,0,0,1,1,0,1,0,0,1,0,0,1,1,1,1,0,0,0,0,0,0,0,0,0,0
80,0.9,300,0.53,0.5,170,FALSE,FALSE,1000,235,38,10,4,10,17,6,5,5,6,55,6,2,1,5,3,4,2,2,3,6,5,1,1,3,1,1,0,3,2,4,2,0,0,0,1,0,0,0,1,3,2,1,0,3,0,0,0,0,1,3,0,0,0,0,0,0,0,0,0,2,0,0,0,0,0,1,1,0,0,0,0,0,0,1,0,1,0,2,0,0,0,0,0,0,0,0,0,0,0,0
60,0.5,280,0.65,0.8,380,TRUE,FALSE,1000,231,43,6,6,5,17,2,4,3,9,58,8,1,0,0,3,4,2,2,2,8,9,5,0,0,5,1,1,0,1,4,2,0,0,0,0,0,1,1,0,0,2,0,0,0,2,0,0,1,2,3,1,0,0,0,1,0,0,0,0,0,1,0,0,0,1,0,0,1,1,0,0,1,0,0,0,0,0,0,1,1,0,0,0,0,0,0,0,0,0,0
90,0.8,220,0.59,0.8,930,FALSE,FALSE,1000,231,46,4,3,10,11,4,3,6,7,54,12,5,3,6,3,3,1,2,3,3,8,2,0,1,0,3,0,1,3,3,4,0,0,0,0,0,0,0,0,1,3,0,0,0,0,0,0,0,0,0,2,0,0,1,0,0,0,0,0,0,1,0,0,1,0,0,3,1,1,0,0,0,0,1,0,0,0,1,2,0,0,0,0,0,0,0,0,0,0,0
100,0.5,270,0.62,0.5,390,TRUE,TRUE,1000,232,47,2,5,6,7,6,4,5,6,70,6,2,2,1,6,2,1,1,4,10,10,2,1,1,0,1,1,0,0,5,2,0,0,1,1,2,0,0,0,3,1,0,0,0,0,0,0,0,0,0,2,0,0,0,1,0,0,0,1,0,0,0,0,0,0,0,0,2,0,0,0,0,0,1,0,0,0,0,2,0,0,0,0,0,0,0,0,0,0,0
90,0.6,270,0.74,0.9,930,TRUE,TRUE,1000,236,40,5,5,8,12,4,3,2,9,64,13,2,2,2,3,6,0,4,2,6,7,1,1,1,1,0,1,1,3,5,2,1,0,0,1,0,0,0,0,2,2,1,0,0,0,0,1,0,1,1,3,0,0,0,0,0,0,0,0,2,0,0,0,1,1,0,1,2,0,0,0,0,0,0,0,0,0,1,1,0,0,0,0,0,0,0,0,0,0,0
70,0.7,190,0.59,0.7,410,TRUE,TRUE,1000,232,43,4,9,7,13,4,5,3,14,58,6,2,1,3,2,3,1,1,5,8,8,4,1,0,0,3,0,2,1,3,3,0,0,0,0,0,0,0,1,0,2,0,0,1,0,0,0,1,0,0,2,0,0,0,0,0,0,0,0,1,1,0,0,1,0,0,0,1,0,0,0,0,0,0,0,0,1,3,0,1,0,0,0,0,0,0,0,0,0,0
80,0.5,220,0.34,0.4,550,TRUE,FALSE,1000,228,28,4,5,15,14,8,5,5,9,68,3,3,2,2,5,5,0,2,2,7,4,2,1,2,2,2,1,1,3,4,1,0,0,0,0,0,0,1,0,2,0,0,0,0,0,0,0,0,1,0,3,0,0,0,0,0,0,0,1,0,0,0,0,0,0,0,0,3,0,0,0,0,0,1,0,0,0,1,1,0,0,0,0,0,0,0,0,0,0,0
80,0.9,250,0.88,0.7,850,FALSE,TRUE,1000,240,32,7,7,14,19,6,3,3,8,59,8,4,2,2,3,3,3,1,3,6,5,0,1,2,0,1,3,2,5,3,3,0,0,1,0,0,0,1,1,1,1,1,0,0,2,0,0,0,1,1,0,0,0,0,1,1,0,0,1,0,1,0,0,0,1,0,0,2,3,0,0,0,0,0,0,0,0,2,1,0,0,0,0,0,0,0,0,0,0,0
80,0.9,220,0.54,0.9,260,FALSE,FALSE,1000,228,36,6,3,13,16,4,5,6,10,55,6,5,2,2,7,2,5,0,2,8,5,2,0,0,2,3,0,1,2,3,0,0,0,0,0,0,0,0,1,0,2,1,0,0,0,0,0,1,4,1,0,0,0,0,0,0,0,0,0,1,0,0,0,0,0,0,0,2,1,0,0,0,0,1,0,0,1,0,2,0,0,0,0,0,0,0,0,0,0,0
50,0.5,300,0.87,0.3,660,FALSE,FALSE,1000,232,50,3,2,8,11,2,5,4,8,59,11,2,1,1,6,4,0,3,3,6,9,1,1,3,1,1,0,1,2,2,2,0,1,0,0,0,0,0,0,0,2,0,0,0,0,0,0,0,1,0,4,0,0,0,0,0,0,1,0,0,3,0,0,0,2,0,0,3,0,0,0,0,0,0,0,1,0,0,2,0,0,0,0,0,0,1,0,0,0,0
90,0.6,210,0.71,0.3,180,TRUE,FALSE,1000,226,37,3,7,9,17,4,5,8,3,64,9,2,1,2,2,1,3,0,2,8,4,2,2,0,0,2,1,0,3,3,2,1,0,0,1,1,0,0,3,1,0,0,0,0,0,0,0,0,3,2,1,1,0,0,1,1,0,0,1,0,0,0,0,0,0,0,0,1,0,0,0,0,0,0,0,0,0,1,2,0,0,0,0,0,0,0,0,0,0,0
70,0.8,200,0.49,0.5,310,FALSE,TRUE,1000,228,48,7,6,10,15,5,2,4,7,42,8,6,1,3,3,4,1,4,3,6,5,1,1,0,1,1,0,0,7,2,4,1,1,0,1,1,2,0,3,1,0,0,0,0,0,0,0,1,2,2,0,0,0,0,0,0,0,0,0,0,0,0,0,0,0,1,0,1,0,0,0,0,0,1,0,0,0,2,1,1,0,0,0,0,0,0,0,0,0,0
100,0.6,300,0.58,0.9,630,FALSE,FALSE,1000,225,27,8,5,17,13,6,5,6,15,59,5,6,1,4,3,2,5,0,2,5,4,1,0,0,0,0,1,1,2,6,0,0,0,0,1,0,0,0,1,1,1,1,2,0,0,0,0,0,0,0,3,0,0,0,0,0,0,0,0,0,0,0,0,0,0,0,2,0,0,0,0,0,0,1,0,0,1,2,1,0,0,0,0,0,0,0,0,0,0,0
70,0.5,150,0.61,0.4,950,TRUE,FALSE,1000,230,51,5,2,10,7,4,4,6,10,56,6,1,4,2,4,5,4,3,1,3,8,2,1,1,2,0,0,0,3,6,4,0,0,0,0,0,0,0,1,1,0,0,0,1,0,0,0,0,0,1,2,0,1,0,1,0,0,0,0,0,1,0,0,0,0,0,0,2,0,0,0,0,1,1,0,0,0,1,2,0,0,0,0,0,0,0,0,0,0,0
40,0.9,210,0.56,0.4,280,TRUE,FALSE,1000,228,43,5,6,6,8,4,7,4,6,72,11,2,0,1,1,0,3,1,3,7,5,1,0,1,3,0,1,0,1,3,1,0,1,0,1,0,0,0,1,2,2,0,0,0,1,1,0,0,1,1,1,0,0,0,0,0,0,0,0,0,1,1,0,0,1,0,1,2,2,1,0,0,0,0,0,0,0,0,1,1,0,0,0,0,0,0,0,0,0,0
100,0.8,280,0.56,0.7,170,FALSE,FALSE,1000,234,32,6,8,9,15,6,2,2,11,71,4,2,3,1,3,6,0,5,5,11,4,3,0,2,1,0,1,0,1,7,2,0,0,0,0,1,0,0,0,0,1,0,1,1,0,0,0,0,0,0,0,0,0,0,0,0,0,0,1,0,0,0,0,0,0,0,0,1,0,0,0,0,0,1,0,0,1,2,2,0,0,0,0,0,0,0,0,0,0,0
80,0.5,280,0.96,0.5,1000,FALSE,TRUE,1000,243,32,4,7,15,19,3,6,7,5,63,6,5,1,5,2,1,3,1,5,8,5,1,3,0,3,3,1,2,1,6,1,0,1,0,0,0,1,1,2,0,3,0,0,0,0,0,0,0,1,1,1,0,0,0,0,0,0,0,0,0,0,0,0,0,1,0,1,0,0,0,0,0,0,0,0,0,0,5,1,1,0,0,0,0,0,0,0,0,0,0
20,0.8,210,0.33,0.9,110,TRUE,FALSE,1000,230,35,5,7,8,13,7,4,5,10,63,9,6,1,0,7,0,2,1,1,6,4,6,1,0,1,1,0,1,2,4,0,0,0,0,1,1,0,0,3,2,3,0,0,0,0,0,1,0,3,0,0,0,1,0,1,0,0,0,1,0,0,0,0,0,0,1,0,0,0,0,0,0,0,0,0,0,0,2,0,1,0,0,0,0,0,0,0,0,0,0
40,0.9,220,0.77,0.8,790,FALSE,FALSE,1000,232,41,8,4,11,13,6,6,5,6,55,10,2,2,4,1,3,2,2,4,5,3,2,2,0,1,0,0,1,3,6,3,1,1,0,0,0,0,0,2,4,3,0,0,0,0,0,0,0,0,1,1,1,0,0,1,0,1,0,0,0,0,0,0,0,1,0,1,0,0,0,0,0,0,0,0,0,0,2,2,0,0,0,0,0,0,0,0,0,0,0
50,0.7,110,0.54,0.7,140,FALSE,FALSE,1000,229,43,4,7,9,19,2,3,5,3,60,3,1,1,2,8,5,2,1,2,10,6,2,0,2,0,3,0,1,3,4,1,0,1,0,0,0,0,0,2,0,1,1,0,1,0,1,0,0,0,2,0,1,1,0,0,0,0,0,1,0,0,0,0,0,1,0,1,0,0,0,0,0,0,0,1,0,0,1,2,0,0,0,0,0,0,0,0,0,0,0
30,0.8,240,0.96,0.5,530,TRUE,TRUE,1000,229,41,2,1,12,14,2,5,6,7,65,8,4,2,4,2,0,4,1,2,10,8,0,1,0,1,0,2,3,0,2,3,1,1,0,0,0,0,1,1,1,1,1,0,0,0,0,0,0,0,3,0,0,0,0,0,0,0,0,0,1,0,0,0,1,0,0,0,1,2,0,0,0,0,0,0,0,1,1,0,1,0,0,0,0,0,0,0,0,0,0
20,0.7,130,0.34,0.4,870,TRUE,FALSE,1000,232,51,4,3,9,11,3,4,4,2,64,12,1,1,4,2,3,3,0,2,6,10,1,0,1,0,0,1,1,0,3,3,1,0,0,3,0,2,0,1,4,2,0,0,0,1,0,0,0,0,0,1,0,1,0,0,0,0,0,0,0,1,0,0,0,1,0,1,1,1,0,0,0,0,0,0,0,1,1,1,0,0,0,0,0,0,0,0,0,0,0
10,0.6,100,0.52,0.6,200,TRUE,TRUE,1000,233,45,3,4,13,13,9,4,4,7,52,13,2,1,3,3,2,2,5,0,10,4,1,0,1,2,1,0,1,2,6,1,0,1,0,0,0,0,0,1,0,1,0,0,1,1,0,0,0,1,1,2,1,0,0,0,0,0,0,1,0,1,0,0,1,0,0,1,1,0,0,0,0,0,0,0,0,1,1,1,2,0,0,0,0,0,0,0,0,0,0
70,0.7,130,0.44,0.6,750,TRUE,TRUE,1000,226,39,7,7,8,13,5,5,3,8,60,11,1,2,1,4,3,1,1,0,7,4,1,1,2,3,1,0,1,4,9,0,0,0,0,1,1,0,0,0,1,2,1,0,0,0,0,0,0,0,0,1,0,0,0,0,0,0,0,1,0,0,0,0,0,1,0,0,1,0,0,0,0,0,0,0,0,1,2,2,0,0,0,0,0,0,0,0,0,0,0
60,0.7,230,0.35,0.4,420,FALSE,TRUE,1000,235,40,5,8,11,17,7,3,6,9,55,4,3,0,4,4,2,2,2,3,6,7,2,1,1,0,2,1,0,3,8,1,1,0,0,0,1,0,1,1,2,1,1,0,1,0,0,0,0,0,0,0,0,0,1,0,0,0,0,1,0,0,0,0,0,0,0,0,2,0,0,0,0,0,1,0,0,1,1,2,0,0,0,0,0,0,0,0,0,1,0
50,0.7,150,0.69,0.6,700,TRUE,TRUE,1000,230,35,7,8,12,13,7,4,10,11,59,8,1,2,1,3,5,2,0,3,3,6,2,0,1,1,0,1,1,1,5,0,1,0,0,0,0,0,0,0,2,2,0,0,0,0,0,0,0,0,0,3,0,0,0,0,0,0,0,2,0,0,0,1,1,0,0,2,1,2,0,0,0,0,0,0,0,0,1,1,0,0,0,0,0,0,0,0,0,0,0
10,0.7,280,0.49,0.9,450,FALSE,FALSE,1000,234,41,2,10,11,15,4,3,2,9,56,12,3,2,1,4,2,1,1,2,5,3,3,3,1,0,1,2,4,8,5,0,1,0,0,0,0,0,0,2,2,1,0,0,1,0,0,1,0,0,0,1,1,0,0,0,0,0,0,1,0,0,0,0,0,0,1,0,2,0,1,0,0,0,1,0,0,0,1,2,0,0,0,0,0,0,0,0,0,0,0
90,0.6,120,0.43,0.8,480,TRUE,TRUE,1000,228,37,8,6,13,15,4,4,7,8,58,8,2,4,3,3,2,1,0,3,3,3,2,0,0,1,5,0,1,2,10,0,1,0,1,0,1,0,1,1,0,1,0,0,1,0,0,0,1,0,1,0,0,0,0,0,0,0,0,0,0,0,0,0,0,0,0,1,1,0,0,0,0,0,1,0,1,0,1,2,0,0,0,0,0,0,0,0,0,0,0
30,0.6,300,0.44,0.3,140,FALSE,TRUE,1000,232,39,4,5,9,15,3,3,5,10,64,10,6,2,4,2,0,3,2,3,3,4,4,2,2,1,0,1,1,3,3,1,0,0,0,2,0,0,0,0,3,1,0,0,0,0,1,0,0,0,1,2,1,0,0,0,0,0,0,1,0,0,0,0,0,1,0,1,1,1,1,0,0,0,0,0,0,0,2,0,0,0,0,0,0,0,0,0,0,0,0
80,0.5,100,0.79,0.5,710,FALSE,FALSE,1000,232,39,6,5,8,14,7,3,4,10,60,8,4,3,1,4,3,0,4,3,6,4,2,0,1,1,2,0,1,1,10,0,0,1,0,0,0,1,0,1,3,3,1,0,0,1,0,0,0,0,0,0,0,0,1,1,0,0,0,0,0,0,0,0,0,0,0,0,1,1,0,0,0,0,0,0,0,0,2,2,0,0,0,0,0,0,0,0,0,0,0
40,0.6,100,0.75,0.3,750,TRUE,TRUE,1000,232,47,1,5,10,9,4,2,5,5,51,10,2,3,6,7,2,2,4,2,11,12,2,0,0,0,2,1,3,1,5,1,0,0,0,0,0,0,0,3,2,2,1,1,0,0,0,0,0,0,0,2,0,0,0,0,0,0,0,0,0,0,0,0,0,1,0,0,2,1,0,0,1,0,0,0,0,0,1,0,1,0,0,0,0,0,0,0,0,0,0
90,0.6,180,0.65,0.5,110,FALSE,TRUE,1000,229,43,4,6,10,11,5,4,6,4,68,5,2,2,4,6,3,2,3,2,2,4,2,2,0,2,0,0,1,1,9,0,0,0,2,0,0,0,0,1,2,1,0,0,0,1,0,0,0,0,1,0,0,0,1,0,0,0,0,0,1,0,0,0,0,0,0,0,1,0,1,0,0,0,0,1,0,2,1,1,0,0,0,0,0,0,0,0,0,0,0
60,0.9,260,0.5,0.5,440,TRUE,TRUE,1000,237,38,3,8,19,13,4,8,6,9,52,2,4,0,0,5,3,4,0,2,9,6,1,2,3,2,1,0,1,6,4,2,1,0,0,0,1,1,0,2,0,1,0,0,2,1,1,0,1,2,0,1,1,0,0,1,0,0,0,0,0,0,0,0,0,0,0,0,1,1,0,0,0,0,0,0,0,0,2,1,0,0,0,0,0,0,0,0,0,0,0
30,0.6,250,0.33,0.9,120,FALSE,TRUE,1000,234,41,6,6,9,21,5,4,6,10,46,9,2,0,0,4,4,1,2,3,7,4,4,4,1,0,2,1,0,3,7,2,0,1,0,2,0,0,0,3,1,2,0,1,0,0,0,0,0,0,1,0,0,0,0,0,0,0,0,1,1,0,0,0,0,1,0,0,1,1,1,0,0,0,0,0,1,0,2,1,0,0,0,0,0,0,0,0,0,0,0
40,0.9,200,0.81,0.6,190,FALSE,FALSE,1000,228,46,2,7,9,13,6,4,4,6,57,8,2,1,3,2,5,2,1,3,8,4,3,2,0,3,1,0,2,1,4,1,1,0,0,0,0,0,0,1,1,1,1,0,0,0,0,1,0,1,2,2,0,0,0,0,0,0,0,0,0,1,0,0,0,0,0,2,0,0,0,0,0,0,1,0,0,0,2,1,1,0,0,0,0,0,0,0,0,0,0
50,0.8,210,0.44,0.8,810,TRUE,FALSE,1000,236,45,2,1,12,15,8,6,4,7,53,8,4,3,1,6,3,4,0,3,8,3,2,1,0,0,2,0,0,1,8,1,0,1,1,0,0,0,1,0,3,5,0,0,0,0,0,0,0,1,2,2,0,0,0,0,0,0,0,0,0,0,0,0,1,0,0,2,1,0,0,0,0,0,0,1,0,2,1,1,1,0,0,0,0,0,0,0,0,0,0
80,0.6,250,0.36,0.5,350,FALSE,FALSE,1000,230,42,4,8,8,17,9,7,4,7,59,5,3,2,2,3,2,3,1,1,9,7,0,0,1,0,1,1,0,2,5,0,0,1,0,0,0,1,1,1,0,2,0,0,0,0,1,0,0,0,1,1,0,0,0,0,0,0,0,2,0,1,0,0,0,0,0,1,1,0,1,0,0,0,1,0,0,0,2,0,0,0,0,0,0,0,0,0,0,0,0
20,0.8,270,0.87,0.4,510,TRUE,TRUE,1000,232,51,5,6,8,12,2,4,6,7,46,9,3,0,1,8,2,4,2,2,6,4,4,1,1,2,0,1,3,4,4,1,0,0,0,0,0,0,0,1,3,4,0,0,1,0,1,0,0,2,1,2,0,0,0,0,1,0,0,2,0,1,0,0,1,0,0,0,0,0,1,0,0,0,0,0,0,1,0,2,0,0,0,0,0,0,0,0,0,0,0
40,0.8,200,0.84,0.8,230,FALSE,TRUE,1000,229,39,6,6,14,12,4,6,5,10,51,13,0,3,2,4,2,3,1,1,4,5,3,2,0,2,0,1,3,4,7,1,0,1,0,0,0,0,0,0,1,3,0,1,0,0,1,0,0,1,0,0,0,0,0,0,0,0,0,1,0,0,0,0,0,1,0,1,0,0,1,0,0,0,0,0,0,1,2,1,0,0,0,0,0,0,0,0,0,0,0
10,0.7,290,0.82,0.6,710,FALSE,TRUE,1000,233,39,4,8,10,15,6,6,3,6,60,4,5,0,2,6,0,0,2,4,8,8,4,0,0,0,2,2,2,3,6,3,0,1,0,1,0,0,0,0,1,1,0,0,1,0,0,1,0,0,1,1,0,0,0,0,1,0,0,0,2,0,0,0,0,0,0,0,2,0,0,0,0,0,0,0,0,1,1,1,0,0,0,0,0,0,0,0,0,0,0
90,0.8,130,0.85,0.8,320,FALSE,FALSE,1000,235,32,4,8,12,13,7,4,3,12,69,7,3,0,2,4,4,2,0,5,8,6,0,2,0,3,1,0,1,1,6,2,0,0,0,0,0,0,0,0,1,3,0,1,0,1,0,0,0,0,0,1,0,0,0,0,0,0,0,1,0,0,0,0,0,0,0,1,1,0,0,0,0,0,1,0,0,0,2,1,1,0,0,0,0,0,0,0,0,0,0
70,0.7,210,0.49,0.7,800,FALSE,FALSE,1000,232,46,6,7,10,11,4,10,2,7,48,5,3,0,2,10,4,4,3,5,7,6,2,2,1,1,1,1,0,3,3,1,1,1,1,0,0,0,0,1,0,3,0,0,0,0,1,0,0,0,0,0,0,0,0,1,1,0,0,0,0,1,0,0,1,0,1,0,2,0,0,0,0,0,0,0,0,0,2,1,0,0,0,0,0,0,0,0,0,0,0
20,0.8,140,0.39,0.9,190,FALSE,TRUE,1000,231,40,6,6,8,12,8,4,4,6,68,8,1,1,3,2,2,2,1,3,7,6,1,1,1,1,1,1,2,0,7,2,1,1,1,0,0,0,0,0,2,0,1,1,0,0,0,0,0,1,2,0,0,0,0,0,0,0,0,0,0,0,0,0,0,0,0,0,2,0,0,0,0,0,1,0,0,1,0,1,2,0,0,0,0,0,0,0,0,0,0
100,0.5,290,0.52,0.9,960,TRUE,FALSE,1000,234,42,4,2,11,18,5,4,7,10,55,5,2,2,5,4,4,2,3,1,4,5,4,0,1,0,1,1,2,5,6,2,0,0,0,1,0,0,0,0,3,2,0,0,0,0,0,0,1,0,1,0,0,0,0,0,1,0,1,0,0,1,0,0,1,0,0,1,1,0,0,0,0,0,0,0,0,0,3,1,0,0,0,0,0,0,0,0,0,0,0
80,0.9,160,1,0.8,640,FALSE,FALSE,1000,227,40,3,4,10,17,3,8,4,5,56,10,3,3,3,2,3,2,1,5,11,8,1,2,1,1,1,1,0,2,2,3,0,0,0,0,1,0,0,0,2,0,0,0,0,0,0,0,0,1,1,0,0,0,0,1,0,0,0,0,0,0,0,0,0,0,0,0,2,0,0,0,0,0,0,1,0,1,1,1,1,0,0,0,0,0,0,0,0,0,0
20,0.7,270,0.86,0.8,320,FALSE,TRUE,1000,236,38,5,4,10,10,4,3,7,8,68,10,3,1,4,3,5,1,2,4,8,3,3,1,1,3,1,2,0,0,6,3,1,0,0,0,0,0,0,0,4,1,0,0,0,0,0,0,0,1,0,0,1,0,0,0,0,0,0,0,1,0,0,0,1,0,0,1,1,0,0,0,0,0,0,0,0,0,2,1,1,0,0,0,0,0,0,0,0,0,0
10,0.5,200,0.32,0.7,190,FALSE,FALSE,1000,239,37,4,7,9,18,5,2,6,8,58,9,1,3,2,5,0,2,3,2,8,5,5,0,3,2,1,0,2,3,7,0,0,1,1,0,1,0,0,4,0,1,0,0,1,0,0,1,0,1,0,2,0,0,0,0,0,0,1,0,0,0,0,0,0,0,0,1,1,0,0,0,0,0,1,0,0,1,3,0,2,0,0,0,0,0,0,0,0,0,0
70,0.9,100,0.7,0.9,350,FALSE,FALSE,1000,227,54,3,4,9,9,5,6,4,8,48,11,2,3,4,3,1,3,1,1,4,2,2,2,0,2,2,2,1,2,4,4,0,0,0,0,1,0,1,2,1,1,1,0,0,0,1,0,0,1,1,2,0,0,0,1,0,0,0,0,1,1,0,0,0,0,0,1,0,1,0,0,0,0,1,0,0,0,2,1,1,0,0,0,0,0,0,0,0,0,0
20,0.6,230,0.93,0.5,190,TRUE,FALSE,1000,228,53,4,5,7,8,9,4,4,4,58,7,1,2,1,6,0,2,2,3,4,4,6,1,0,2,0,0,2,4,5,1,0,1,0,0,0,1,0,1,1,4,0,0,0,1,0,0,0,1,0,2,0,0,0,0,0,0,0,0,0,0,1,0,0,0,0,0,1,0,0,0,0,0,1,0,0,1,3,1,0,0,0,0,0,0,0,0,0,0,0
50,0.7,210,0.84,0.6,420,TRUE,TRUE,1000,228,43,6,6,11,13,5,4,5,3,54,6,1,0,1,3,5,4,0,3,5,9,2,2,0,1,4,1,0,4,8,0,0,0,1,1,0,0,0,0,0,1,1,1,1,0,1,0,0,2,0,0,0,0,0,1,0,0,0,2,1,0,0,0,0,1,1,0,0,1,0,0,0,0,0,0,0,1,1,1,0,0,0,0,0,0,0,0,0,0,0
50,0.9,150,0.83,0.9,960,TRUE,TRUE,1100,224,45,8,5,12,11,4,2,8,9,50,9,2,0,2,2,3,1,3,3,4,5,3,2,2,1,0,0,1,2,3,2,0,0,0,0,1,0,1,3,0,2,0,0,1,0,0,0,0,1,1,1,0,2,0,0,0,0,0,0,0,0,0,0,0,0,0,1,0,1,0,1,0,0,0,1,1,0,2,1,0,0,0,0,0,0,0,0,0,0,0
80,0.9,230,0.48,0.6,510,TRUE,FALSE,1100,220,37,5,5,11,12,5,5,3,5,62,6,4,2,1,4,1,2,2,2,8,8,3,0,1,2,1,0,1,3,5,1,0,0,0,0,1,0,0,0,0,1,0,0,1,0,0,0,0,0,2,0,1,0,0,0,0,0,0,0,1,0,0,0,0,1,0,1,1,1,0,0,0,0,0,0,0,0,1,1,1,0,0,0,0,0,0,0,0,0,0
50,0.6,150,0.93,0.8,410,TRUE,FALSE,1100,228,43,4,3,15,15,2,5,5,10,51,8,2,1,1,5,2,4,2,1,3,5,1,1,0,0,3,0,0,2,4,2,0,3,0,0,1,1,0,1,2,0,0,0,0,0,0,0,0,2,2,1,2,0,1,0,1,0,0,1,0,1,0,1,1,0,0,0,4,1,0,0,0,0,0,1,0,0,1,1,0,0,0,0,0,0,0,0,0,0,0
60,0.8,210,0.43,0.6,830,FALSE,FALSE,1100,219,33,6,8,11,16,5,6,4,9,55,9,1,0,1,3,2,3,3,1,3,3,1,1,0,2,2,4,2,2,3,3,0,0,0,1,0,0,0,0,3,1,1,1,0,0,0,0,0,0,1,0,0,0,1,1,0,0,0,0,0,0,0,0,0,1,0,0,1,2,0,0,0,0,0,0,0,1,1,2,0,0,0,0,0,0,0,0,0,0,0
80,0.5,130,0.77,0.6,810,FALSE,TRUE,1100,226,35,8,7,8,11,7,3,4,6,64,8,0,1,3,2,4,3,0,4,4,7,2,1,1,3,0,1,2,2,7,3,0,0,0,0,0,0,0,0,3,1,0,0,0,0,1,1,0,0,1,0,1,1,0,0,0,0,0,0,0,0,0,0,1,0,0,1,2,0,0,0,0,0,0,0,0,0,1,2,0,0,0,0,0,0,0,0,0,0,0
40,0.9,120,0.42,0.3,700,FALSE,TRUE,1100,223,43,4,7,15,13,6,5,3,7,44,9,2,0,1,3,4,2,6,2,6,6,2,0,1,2,1,0,0,3,4,2,0,0,0,0,0,0,0,1,3,2,0,0,0,1,0,0,0,1,1,2,0,0,0,4,0,0,1,0,0,0,0,0,0,0,0,0,1,1,0,0,0,0,0,0,0,0,2,1,0,0,0,0,0,0,0,0,0,0,0
80,0.7,220,0.86,0.9,830,TRUE,FALSE,1100,216,27,4,7,17,15,2,7,5,14,52,4,4,0,3,7,5,3,3,5,5,3,1,1,2,1,0,0,1,3,1,1,1,0,0,0,0,0,0,0,0,2,0,0,1,0,0,0,0,0,0,2,0,0,0,0,0,0,0,1,0,1,0,0,0,0,1,0,0,0,0,0,0,0,1,0,1,1,1,1,0,0,0,0,0,0,0,0,0,0,0
90,0.8,130,0.47,0.7,280,TRUE,TRUE,1100,218,34,3,6,13,11,4,4,6,7,60,7,2,1,4,6,2,0,2,3,9,4,3,0,1,0,0,2,2,0,5,3,0,1,0,0,0,0,0,1,0,2,0,0,0,1,0,0,0,0,1,0,0,0,0,0,0,1,0,0,1,0,0,0,0,1,1,0,2,1,0,0,0,0,0,0,0,0,2,0,0,0,0,0,0,0,0,0,0,0,0
20,0.6,300,0.71,0.8,570,TRUE,FALSE,1100,220,37,5,6,13,14,5,6,5,8,42,11,1,1,2,4,7,2,2,2,4,4,1,1,1,2,3,1,1,3,3,0,0,0,1,0,0,0,1,2,2,3,0,1,1,0,0,0,0,2,0,1,1,0,0,1,0,0,1,0,0,0,0,0,0,1,0,1,1,1,0,0,0,0,0,0,0,0,2,1,0,0,0,0,0,0,0,0,0,0,0
60,0.8,220,0.86,0.8,950,FALSE,FALSE,1100,217,34,4,6,13,17,5,3,6,5,59,4,3,1,1,5,3,3,1,4,6,5,1,2,0,4,0,1,0,1,1,2,0,1,0,0,0,0,0,0,1,1,1,0,0,2,1,1,0,2,1,0,0,0,0,0,0,0,0,1,0,0,0,0,0,0,0,0,2,0,0,0,0,0,0,0,0,0,2,2,0,0,0,0,0,0,0,0,0,0,0
30,0.5,120,0.8,0.4,650,TRUE,FALSE,1100,217,35,6,6,10,17,10,7,3,8,48,7,1,2,2,2,2,1,4,4,5,9,0,1,1,0,0,3,0,1,4,3,2,0,0,0,0,0,0,1,2,0,0,1,0,0,0,0,0,0,0,1,0,0,0,0,0,0,0,1,0,0,0,0,1,1,0,1,1,0,0,0,0,0,0,0,0,0,0,3,1,0,0,0,0,0,0,0,0,0,0
20,0.5,270,0.32,0.3,920,FALSE,FALSE,1100,216,36,7,5,11,17,3,4,4,8,51,4,3,0,0,6,3,4,1,4,9,2,2,1,2,1,1,2,1,2,3,2,0,0,0,0,0,0,0,1,3,1,0,2,0,1,0,0,0,0,1,0,0,0,1,0,0,0,0,1,0,0,0,0,1,0,1,0,2,0,0,0,0,0,0,0,0,1,0,1,1,0,0,0,0,0,0,0,0,0,0
80,0.7,220,0.92,0.5,820,TRUE,FALSE,1100,226,44,6,2,7,14,5,2,8,7,56,4,3,1,3,4,2,1,4,3,7,7,3,1,1,1,1,0,0,1,5,2,1,0,2,0,0,0,0,0,3,5,0,0,0,0,0,0,0,0,0,0,1,0,1,0,0,0,0,0,0,2,0,0,0,0,0,0,1,1,0,0,0,0,1,1,0,1,1,1,0,0,0,0,0,0,0,0,0,0,0
90,0.6,250,0.44,0.3,530,FALSE,FALSE,1100,216,32,2,6,12,17,7,2,4,8,59,5,1,1,1,2,2,3,2,2,8,6,4,1,1,0,0,0,1,3,2,2,0,1,0,0,1,0,0,1,4,1,0,0,0,2,0,0,1,1,0,1,0,0,0,0,1,0,0,1,1,0,0,0,0,0,0,0,1,0,2,0,0,0,0,0,0,0,2,0,0,0,0,0,0,0,0,0,0,0,0
30,0.9,200,0.45,0.7,930,TRUE,FALSE,1100,219,32,5,6,15,21,6,4,8,9,44,12,0,2,1,3,2,4,1,4,9,5,3,0,0,1,0,0,0,2,3,2,1,0,0,0,0,1,0,1,0,0,1,0,1,0,0,0,1,0,0,0,1,0,0,0,0,1,0,0,0,1,0,0,0,0,0,1,1,0,0,0,0,0,1,0,1,0,2,1,0,0,0,0,0,0,0,0,0,0,0
60,0.7,230,0.36,0.3,520,TRUE,TRUE,1100,222,34,4,4,10,15,6,5,4,10,55,8,3,2,1,7,2,3,4,0,3,8,5,0,2,1,0,0,0,4,4,2,0,1,0,0,0,0,0,2,3,1,1,0,0,0,0,0,0,1,0,0,0,0,1,0,0,0,0,0,0,0,0,0,0,0,0,2,0,2,0,0,0,0,1,0,0,0,0,2,0,0,0,0,0,0,0,0,0,0,0
40,0.6,120,0.68,0.6,460,FALSE,TRUE,1100,219,40,4,1,9,17,1,4,3,8,55,6,6,1,3,4,3,1,2,2,10,4,1,1,4,1,1,2,0,2,5,1,1,0,0,0,0,0,0,2,0,2,0,1,0,0,1,0,0,1,1,0,0,0,0,1,0,0,0,1,0,0,0,0,0,1,0,0,2,0,2,0,0,0,0,0,0,0,0,1,1,0,0,0,0,0,0,0,0,0,0
90,0.9,110,0.9,0.4,700,TRUE,TRUE,1100,220,36,7,8,15,11,7,7,4,12,43,9,3,2,0,6,1,2,0,3,3,6,2,2,0,5,2,0,0,0,4,0,0,0,0,0,0,0,0,2,0,2,1,0,1,0,0,0,0,2,1,1,0,0,0,0,0,0,1,2,0,0,0,1,1,0,1,0,0,1,0,0,0,0,0,0,0,2,1,0,1,0,0,0,0,0,0,0,0,0,0
10,0.8,140,0.86,0.3,200,TRUE,FALSE,1100,216,35,3,6,8,14,5,3,5,3,62,8,4,0,1,5,1,4,0,4,6,13,0,1,0,2,2,0,1,2,4,0,1,0,0,0,0,0,0,0,1,1,0,0,0,0,0,0,1,0,1,1,0,0,0,1,0,0,0,0,0,0,1,0,0,1,0,0,1,0,0,0,0,0,0,0,0,1,1,1,2,0,0,0,0,0,0,0,0,0,0
40,0.8,150,0.45,0.3,150,FALSE,TRUE,1100,221,24,6,6,11,17,5,4,6,9,64,8,3,1,5,4,2,0,4,2,6,3,0,0,0,2,2,0,1,3,6,0,1,0,0,0,0,0,0,0,2,3,0,0,0,0,0,0,1,2,0,0,0,1,0,0,1,0,1,0,0,0,0,0,1,0,1,1,0,0,0,0,0,0,0,0,0,0,2,0,1,0,0,0,0,0,0,0,0,0,0
10,0.6,250,0.57,0.8,780,FALSE,TRUE,1100,222,41,3,5,12,6,5,6,3,7,60,3,4,0,2,5,2,3,3,3,5,8,3,1,2,0,0,0,2,2,7,1,1,1,0,0,0,1,1,2,2,0,0,0,0,1,0,0,0,1,0,1,0,0,0,1,1,0,2,0,0,0,0,0,0,0,0,0,1,0,0,0,0,0,0,0,0,0,1,2,0,0,0,0,0,0,0,0,0,0,0
60,0.9,220,0.49,0.9,880,FALSE,TRUE,1100,229,43,5,3,12,9,8,4,8,7,52,7,1,1,0,6,2,4,1,3,4,5,2,1,2,5,1,0,2,3,4,0,1,1,0,0,0,0,0,1,2,4,0,0,0,0,0,0,0,0,1,3,0,0,0,0,0,0,0,0,0,1,0,1,2,0,0,1,1,1,0,0,0,0,0,0,1,0,2,2,0,0,0,0,0,0,0,0,0,0,0
10,0.8,230,0.68,0.5,800,FALSE,FALSE,1100,220,38,2,8,10,17,8,3,6,9,57,6,2,2,4,4,1,1,0,3,5,2,0,0,2,0,3,1,1,2,2,1,0,1,0,0,2,0,0,1,2,1,2,0,0,1,0,0,0,1,0,1,0,0,0,1,0,1,0,0,0,1,0,0,0,0,1,0,1,1,0,0,0,0,0,0,0,0,2,1,0,0,0,0,0,0,0,0,0,0,0
80,0.7,250,0.81,0.6,1000,TRUE,FALSE,1100,223,46,3,4,11,12,2,4,5,6,45,11,3,3,1,4,1,2,2,2,7,7,4,4,1,0,1,0,1,2,6,1,0,0,0,0,0,0,0,2,2,2,1,0,0,1,1,0,0,2,0,1,0,0,0,0,1,0,0,0,1,2,0,0,0,0,0,0,2,2,0,0,0,0,0,0,0,1,1,0,1,0,0,0,0,0,0,0,0,0,0
20,0.7,170,0.31,0.3,130,FALSE,FALSE,1100,213,49,5,5,10,7,6,6,2,8,46,10,3,2,2,2,4,2,2,2,2,4,2,1,2,2,1,0,0,2,4,0,1,0,0,1,0,1,0,1,2,4,0,1,0,0,0,1,0,1,0,0,0,0,0,1,0,0,0,0,0,1,0,0,0,0,0,0,2,0,0,0,0,0,1,0,0,0,1,1,1,0,0,0,0,0,0,0,0,0,0
70,0.7,250,0.64,0.3,710,FALSE,FALSE,1100,210,23,7,5,20,11,5,3,4,9,54,7,3,1,2,5,0,5,4,3,4,1,6,0,0,2,2,0,3,2,3,1,0,1,0,0,0,0,1,0,1,2,0,0,0,0,1,0,0,0,0,1,0,0,0,0,0,0,1,1,0,1,0,0,0,0,0,0,1,1,0,0,0,0,0,1,1,1,1,0,0,0,0,0,0,0,0,0,0,0,0
50,0.8,260,0.59,0.5,910,FALSE,FALSE,1100,222,36,4,7,9,8,3,8,2,8,60,12,2,2,2,6,1,2,1,3,4,8,1,0,1,2,1,0,0,4,3,6,0,0,0,0,0,0,0,1,1,3,0,1,0,1,0,0,0,0,1,1,0,0,0,1,1,0,0,1,0,0,0,0,0,0,0,0,1,1,0,0,0,0,0,0,0,0,1,1,0,0,0,0,1,0,0,0,0,0,0
30,0.8,120,1,0.7,230,FALSE,FALSE,1100,221,34,8,8,11,10,6,3,5,5,60,6,5,2,2,4,2,3,4,2,4,5,2,1,0,1,1,0,0,1,6,2,0,0,0,0,0,0,0,1,1,0,0,0,0,1,1,0,0,1,1,1,1,0,0,1,0,0,0,1,2,0,0,0,0,0,0,1,1,2,0,0,0,0,0,0,0,0,2,0,1,0,0,0,0,0,0,0,0,0,0
20,0.5,270,0.95,0.3,910,TRUE,FALSE,1100,223,33,6,6,11,16,5,5,4,8,53,10,2,0,2,2,5,2,1,2,7,10,0,1,1,3,2,1,0,2,5,2,0,0,0,0,0,0,0,1,0,1,1,0,0,2,0,0,1,0,0,1,0,1,0,1,0,1,0,1,0,0,1,0,0,0,0,2,0,0,0,0,0,0,0,0,0,1,0,1,1,0,0,0,0,0,0,0,0,0,0
50,0.6,160,1,0.9,950,TRUE,FALSE,1100,218,32,3,8,12,9,6,3,8,4,64,6,1,1,2,4,0,4,1,4,3,10,2,0,1,3,0,1,0,3,4,2,0,1,0,0,0,1,0,0,2,2,0,0,0,1,0,1,1,0,0,0,1,0,0,0,1,0,0,0,0,0,1,0,0,0,0,0,1,1,0,0,0,0,0,0,0,0,3,0,1,0,0,0,0,0,0,0,0,0,0
80,0.7,270,0.93,0.6,460,FALSE,FALSE,1100,220,37,6,5,8,11,6,1,6,10,57,10,3,2,4,3,1,3,0,1,4,11,2,0,1,1,1,0,0,0,7,2,0,0,1,0,2,0,0,0,1,2,0,0,0,1,1,0,0,0,1,1,0,0,0,1,0,0,0,0,0,0,0,0,0,0,0,0,2,0,0,0,0,1,1,0,0,0,1,2,0,0,0,0,0,0,0,0,0,0,0
70,0.6,240,0.83,0.8,790,TRUE,TRUE,1100,218,45,3,5,7,10,3,4,5,6,51,14,2,2,4,5,5,1,2,2,3,4,2,0,2,1,2,0,0,5,3,4,0,0,2,0,1,0,0,0,1,3,0,1,0,0,0,0,0,0,1,1,0,0,0,0,0,0,0,0,0,0,0,0,0,0,0,0,2,0,0,0,0,1,1,0,1,0,1,1,0,0,0,0,0,0,0,0,0,0,0
10,0.7,110,0.46,0.9,430,TRUE,TRUE,1100,221,41,1,6,12,13,4,4,3,7,56,7,4,1,2,6,2,3,2,2,3,8,1,0,2,3,2,1,1,2,3,1,0,0,0,0,1,0,1,0,2,4,0,0,0,0,0,0,0,0,1,2,0,0,0,0,0,0,1,0,0,0,0,0,0,1,0,0,1,1,0,0,1,0,0,0,0,1,2,0,0,0,0,0,0,0,0,0,0,0,0
10,0.5,190,0.84,0.3,840,TRUE,FALSE,1100,217,33,3,8,8,13,3,5,4,6,62,7,4,2,1,1,4,3,0,2,5,7,2,0,0,3,0,0,2,3,10,3,0,0,2,0,0,0,0,0,1,0,0,0,0,0,0,0,0,0,0,0,0,0,1,0,0,0,0,2,0,0,0,0,0,0,0,1,0,1,2,0,0,0,0,1,0,0,1,1,0,0,0,0,0,0,0,0,0,0,0
70,0.6,210,0.86,0.6,780,FALSE,TRUE,1100,226,40,3,14,8,16,5,5,7,6,49,9,2,0,2,2,3,1,2,3,5,5,2,1,3,2,1,1,1,6,3,3,0,0,1,0,0,0,0,1,1,2,0,0,0,0,0,0,0,0,1,1,0,1,0,0,0,0,0,4,0,0,0,0,0,0,0,0,0,1,0,0,0,0,0,2,0,1,1,0,0,0,0,0,0,0,0,0,0,0,0
20,0.7,190,0.38,0.6,300,FALSE,TRUE,1100,220,42,3,5,10,17,3,5,7,10,51,5,5,3,1,1,4,3,0,3,3,3,2,2,0,2,0,0,1,3,7,3,1,0,1,1,0,1,0,0,2,0,0,0,0,1,0,0,1,0,0,1,0,0,1,0,0,1,0,0,0,0,0,0,0,0,0,0,3,0,0,0,0,0,0,0,0,0,2,0,1,0,0,0,0,0,0,0,0,0,0
20,0.5,190,0.71,0.8,320,TRUE,TRUE,1100,222,38,4,3,5,12,6,3,2,5,68,9,2,3,2,5,2,2,3,2,5,10,3,0,0,0,0,1,2,1,4,4,0,0,0,1,0,0,1,0,2,1,1,0,0,0,1,0,0,1,1,1,0,0,0,0,0,0,0,1,0,0,0,0,0,1,0,0,2,0,0,0,0,0,0,1,0,0,0,2,0,0,0,0,0,0,0,0,0,0,0
30,0.6,200,0.67,0.4,130,TRUE,TRUE,1100,223,38,1,8,11,9,6,5,6,9,61,7,1,0,2,4,4,2,2,3,5,3,5,1,1,3,2,1,1,1,7,2,0,0,1,0,0,2,0,0,0,1,0,0,1,0,0,0,0,0,0,0,0,0,1,0,0,0,0,0,0,0,0,0,0,0,0,1,2,0,0,0,0,0,0,1,0,0,1,1,1,0,0,0,0,0,0,0,0,0,0
20,0.9,280,0.52,0.5,710,TRUE,TRUE,1100,222,42,5,5,6,14,2,4,3,9,59,13,2,1,1,6,1,2,3,2,8,6,2,1,1,1,1,2,1,0,3,2,1,0,0,1,0,0,0,0,1,3,0,0,0,0,0,0,0,1,0,1,0,0,0,0,0,0,0,0,0,0,0,0,0,1,0,1,0,1,0,0,0,0,0,0,1,0,2,1,0,0,0,0,0,0,0,0,0,0,0
30,0.9,200,0.46,0.5,750,TRUE,TRUE,1100,219,50,6,4,7,12,4,2,2,7,49,6,3,2,2,3,2,4,1,2,6,7,4,2,3,1,2,0,1,3,2,0,0,0,0,1,0,0,1,1,1,1,0,0,0,3,0,0,0,0,1,0,1,0,1,1,1,0,0,1,1,0,0,0,0,0,0,0,1,2,0,0,0,0,0,0,0,0,1,1,1,0,0,0,0,0,0,0,0,0,0
90,0.5,240,0.41,0.7,820,TRUE,FALSE,1100,221,51,3,7,9,9,5,5,3,5,49,6,2,2,3,4,4,1,1,3,4,10,0,0,2,4,0,1,2,2,3,4,1,0,2,0,0,0,0,1,0,0,0,0,0,0,0,0,0,1,1,0,0,1,2,0,0,0,0,1,1,0,0,0,0,0,0,1,1,0,0,0,0,0,1,0,0,1,1,1,1,0,0,0,0,0,0,0,0,0,0
90,0.5,220,0.75,0.7,670,FALSE,TRUE,1100,218,32,4,5,13,11,3,5,6,8,61,6,3,2,0,7,4,2,3,0,6,3,1,2,2,1,1,0,3,3,6,1,0,0,0,0,1,0,0,1,0,1,0,0,0,0,1,0,0,1,0,0,0,1,0,0,0,0,1,1,1,0,0,0,0,0,0,0,1,0,0,0,0,0,0,1,1,0,2,0,1,0,0,0,0,0,0,0,0,0,0
60,0.8,290,0.57,0.9,390,FALSE,TRUE,1100,226,46,3,7,10,13,3,4,5,5,39,6,4,4,2,4,2,4,3,4,5,9,1,1,1,6,1,2,0,5,1,0,0,3,0,0,0,0,0,1,5,4,0,0,0,0,0,1,0,1,0,1,0,0,0,0,0,0,0,3,1,0,0,0,0,1,0,1,0,1,1,0,0,0,0,0,0,2,0,1,0,0,0,0,0,0,0,0,0,0,0
70,0.5,220,0.39,0.6,770,FALSE,TRUE,1100,217,37,5,4,12,15,5,6,1,6,57,4,4,3,3,3,5,1,4,2,2,6,2,0,0,0,2,0,1,2,6,2,0,2,1,1,0,1,0,1,1,0,0,0,0,0,0,0,0,1,1,1,0,0,0,0,1,0,0,0,0,0,0,0,0,1,0,0,1,0,0,0,0,0,0,0,0,2,2,1,0,0,0,0,0,0,0,0,0,0,0
30,0.5,280,0.44,0.9,940,TRUE,FALSE,1100,222,42,3,7,14,14,6,3,8,8,44,11,1,1,3,2,3,0,3,1,6,7,1,4,0,0,2,2,1,2,6,2,1,0,1,1,0,0,0,0,2,1,0,0,0,0,0,1,0,0,0,1,0,0,0,0,0,0,0,0,1,0,0,0,0,0,0,1,1,1,0,0,0,0,0,1,0,1,1,0,1,0,0,0,0,0,0,0,0,0,0
90,0.6,100,0.35,0.5,860,TRUE,TRUE,1100,227,45,7,2,9,18,5,3,4,4,57,6,4,1,1,2,4,4,2,2,2,6,4,0,1,2,1,0,2,3,6,2,0,0,0,0,0,0,0,0,2,1,0,0,0,0,1,0,0,0,2,1,1,1,0,0,1,0,0,2,1,0,1,0,0,1,0,0,1,0,0,0,0,0,0,0,0,0,2,1,0,0,0,0,0,0,0,0,0,0,0
20,0.7,100,0.31,0.8,610,FALSE,FALSE,1100,220,40,4,5,16,14,10,3,4,10,44,4,3,3,3,3,5,1,3,1,3,5,1,1,0,1,1,3,1,3,0,1,0,0,1,0,0,1,1,2,2,3,0,0,1,1,0,0,0,2,1,1,0,0,1,0,2,0,0,0,0,0,0,0,0,0,0,0,2,0,0,0,1,0,0,1,0,0,1,1,0,0,0,0,0,0,0,0,0,0,0
20,0.8,180,0.98,0.3,1000,FALSE,FALSE,1100,213,31,7,8,11,12,3,6,6,6,53,8,1,0,0,6,2,1,2,3,6,10,1,1,1,0,1,2,2,1,4,2,0,1,0,0,0,0,0,1,2,0,0,0,0,1,0,0,0,0,1,1,0,0,1,0,0,0,0,0,2,0,0,0,0,0,0,2,1,0,1,0,0,0,0,1,0,0,0,2,0,0,0,0,0,0,0,0,0,0,0
70,0.7,140,0.95,0.9,920,TRUE,FALSE,1100,222,47,4,4,11,13,5,2,4,10,50,7,3,2,3,4,2,3,0,1,7,2,1,1,0,3,2,1,3,3,2,2,0,0,0,0,0,0,0,0,1,5,0,1,1,1,1,0,0,2,0,1,0,0,0,1,0,0,1,1,0,1,0,0,0,0,0,0,0,0,0,0,0,0,0,1,0,0,2,0,1,0,0,0,0,0,0,0,0,0,0
90,0.9,270,0.44,0.5,810,TRUE,FALSE,1100,222,37,3,4,12,10,6,4,5,10,59,6,2,2,2,4,3,1,2,2,3,10,1,3,0,0,2,1,2,2,7,2,0,0,0,0,0,0,0,1,2,1,0,0,0,0,0,0,0,0,1,1,0,0,0,0,1,0,0,1,0,0,0,0,0,1,0,0,1,2,1,0,0,0,0,0,0,1,1,1,0,0,0,0,0,0,0,0,0,0,0
80,0.9,300,0.53,0.5,170,FALSE,FALSE,1100,218,49,3,4,8,10,6,6,4,6,49,12,2,1,4,3,1,1,2,0,1,4,4,1,1,0,2,1,1,1,5,3,1,1,1,2,0,1,0,0,3,2,2,0,0,0,0,0,0,1,1,0,0,0,0,1,0,0,0,0,0,0,0,0,0,0,0,2,0,0,1,0,0,0,0,1,0,0,2,0,2,0,0,0,0,0,0,0,0,0,0
60,0.5,280,0.65,0.8,380,TRUE,FALSE,1100,217,37,7,6,11,17,2,3,5,7,53,4,4,6,3,3,1,3,2,2,3,4,0,2,0,0,0,1,1,4,3,2,0,0,0,0,1,1,0,3,1,1,0,0,0,0,0,0,0,1,0,1,0,0,0,3,0,0,0,1,1,0,1,1,0,0,0,1,1,1,0,0,0,0,0,0,0,1,1,0,1,0,0,0,0,0,0,0,0,0,0
90,0.8,220,0.59,0.8,930,FALSE,FALSE,1100,217,36,5,2,9,12,4,1,5,7,57,14,3,2,5,5,2,2,1,3,5,3,1,1,1,0,2,0,4,2,4,1,0,0,0,1,0,0,0,0,1,2,1,0,0,0,1,0,0,2,2,0,0,1,0,1,0,0,0,1,0,0,0,0,0,0,0,0,1,1,0,0,0,0,0,1,0,0,1,0,2,0,0,0,0,0,0,0,0,0,0
100,0.5,270,0.62,0.5,390,TRUE,TRUE,1100,229,46,2,4,10,8,2,7,6,4,55,12,3,1,1,7,1,0,2,1,6,10,1,1,2,2,2,0,0,2,5,1,0,0,0,0,1,1,0,0,4,4,0,1,1,1,0,0,0,1,1,0,1,0,0,0,0,0,0,2,1,0,0,0,0,0,0,0,1,1,0,0,0,0,0,1,1,0,1,1,1,0,0,0,0,0,0,0,0,0,0
90,0.6,270,0.74,0.9,930,TRUE,TRUE,1100,222,29,7,5,17,16,6,7,7,12,53,4,2,2,2,4,3,3,2,3,5,5,3,1,1,1,0,1,1,3,2,1,0,1,0,0,0,0,0,0,0,3,0,0,0,0,0,0,0,0,0,1,0,1,0,0,0,0,0,1,0,0,0,0,1,0,0,1,1,1,0,0,0,0,0,0,0,2,1,1,0,0,0,0,0,0,0,0,0,0,0
70,0.7,190,0.59,0.7,410,TRUE,TRUE,1100,219,38,4,6,8,13,3,3,7,8,59,8,1,1,2,4,2,5,2,4,8,5,1,2,1,1,1,0,0,1,4,0,0,0,0,0,0,0,0,0,1,1,1,0,1,0,1,0,0,2,0,2,0,0,0,0,0,0,0,1,1,0,0,0,0,1,0,1,1,0,0,0,0,0,0,0,0,0,2,1,1,0,0,0,0,0,0,0,0,0,0
80,0.5,220,0.34,0.4,550,TRUE,FALSE,1100,225,46,5,7,11,9,7,6,6,6,53,5,3,1,3,3,1,1,3,2,9,5,3,1,2,2,0,2,1,3,3,2,1,0,0,0,0,0,0,0,2,2,0,0,0,0,0,1,0,0,0,1,0,0,1,0,0,0,0,0,0,0,0,0,0,0,0,1,1,0,0,0,0,0,1,0,0,1,2,0,1,0,0,0,0,0,0,0,0,0,0
80,0.9,250,0.88,0.7,850,FALSE,TRUE,1100,224,33,5,7,11,13,7,3,6,8,63,9,2,1,2,1,0,4,3,0,6,8,2,2,1,1,2,0,0,6,3,2,2,0,0,0,0,0,0,0,1,0,0,0,0,1,0,0,0,0,0,0,0,0,0,0,2,1,0,1,0,1,0,0,0,0,1,0,0,1,0,0,0,0,0,0,0,0,1,2,0,0,0,0,0,0,0,0,0,0,0
80,0.9,220,0.54,0.9,260,FALSE,FALSE,1100,221,40,4,5,10,15,6,3,5,6,50,9,3,0,3,4,1,4,4,3,4,5,3,2,0,3,1,0,0,2,6,3,1,0,0,0,0,0,0,0,1,0,0,0,1,1,1,0,0,2,0,2,0,0,0,1,0,0,1,1,1,0,0,0,0,0,0,0,1,1,0,0,0,0,0,0,0,0,1,1,1,0,0,0,0,0,0,0,0,0,0
50,0.5,300,0.87,0.3,660,FALSE,FALSE,1100,219,42,5,4,8,16,2,3,5,12,47,10,1,3,3,6,2,1,4,4,2,3,3,0,1,2,0,1,1,1,4,4,1,0,0,0,0,0,1,0,1,4,0,0,0,0,0,0,0,0,3,1,0,1,0,1,0,0,0,0,0,0,0,0,0,0,0,0,3,0,0,0,0,0,0,0,0,0,2,1,1,0,0,0,0,0,0,0,0,0,0
90,0.6,210,0.71,0.3,180,TRUE,FALSE,1100,218,33,3,4,14,12,7,2,0,14,57,8,4,2,1,1,3,2,2,2,9,3,3,0,1,2,3,1,0,2,6,2,0,0,0,0,0,1,0,3,0,0,0,1,0,0,1,0,0,2,0,0,0,0,0,0,0,0,0,2,0,0,0,0,0,0,0,0,2,0,0,0,0,0,1,0,0,1,1,1,0,0,0,0,0,0,0,0,0,0,0
70,0.8,200,0.49,0.5,310,FALSE,TRUE,1100,223,38,3,4,15,11,5,5,5,7,63,7,1,1,0,2,2,2,4,2,2,8,5,0,1,3,1,0,1,1,6,2,0,0,1,1,0,0,0,1,1,1,0,0,0,0,0,0,0,0,2,1,0,0,0,0,0,0,0,0,0,1,0,0,0,0,1,0,0,1,0,0,0,0,0,1,0,0,4,0,1,0,0,0,0,0,0,0,0,0,0
100,0.6,300,0.58,0.9,630,FALSE,FALSE,1100,217,29,6,4,16,17,6,1,3,12,49,9,2,4,5,1,3,5,2,7,8,0,4,1,0,0,1,0,2,0,3,2,1,0,0,0,0,0,0,0,1,0,0,0,0,0,0,0,0,2,1,1,1,0,0,0,0,1,0,1,0,0,0,0,1,0,1,0,2,0,0,0,0,0,0,0,0,0,1,2,0,0,0,0,0,0,0,0,0,0,0
70,0.5,150,0.61,0.4,950,TRUE,FALSE,1100,216,39,4,4,11,15,3,1,5,5,55,7,3,3,2,4,3,6,4,3,6,1,3,0,2,1,3,2,0,0,3,3,0,0,0,1,0,0,0,1,0,0,0,0,0,0,0,0,0,0,0,3,0,0,1,1,0,1,0,0,1,1,0,0,0,0,0,0,1,0,0,0,0,0,1,0,0,2,1,1,0,0,0,0,0,0,0,0,0,0,0
40,0.9,210,0.56,0.4,280,TRUE,FALSE,1100,220,35,3,7,12,15,5,3,5,5,51,11,2,1,3,3,3,1,3,2,7,8,1,0,1,2,1,1,0,3,7,2,0,0,0,1,0,0,0,1,1,2,0,0,0,2,1,1,0,0,1,2,0,0,0,0,0,0,0,0,0,0,0,0,0,0,0,1,1,0,0,0,0,0,0,1,0,1,0,1,1,0,0,0,0,0,0,0,0,0,0
100,0.8,280,0.56,0.7,170,FALSE,FALSE,1100,220,35,6,6,11,15,5,2,9,7,59,7,1,1,2,3,5,3,4,1,0,5,4,2,0,1,3,0,0,1,7,4,0,0,0,0,0,0,0,0,0,1,0,0,0,0,0,0,1,0,0,1,0,0,0,1,0,0,0,2,0,0,0,0,0,1,0,0,2,0,0,0,0,0,0,0,0,1,0,2,0,0,0,0,0,0,0,0,0,0,0
80,0.5,280,0.96,0.5,1000,FALSE,TRUE,1100,219,43,4,5,12,12,3,4,0,12,47,10,6,2,2,3,1,3,3,2,5,5,2,2,0,0,3,0,0,2,1,1,1,0,0,1,0,1,0,1,0,1,1,0,0,0,1,0,0,1,0,5,1,0,0,0,2,0,0,1,1,0,0,0,0,0,0,0,2,2,0,0,0,0,0,0,0,0,1,0,0,0,0,0,0,1,0,0,0,0,0
20,0.8,210,0.33,0.9,110,TRUE,FALSE,1100,211,32,5,8,10,13,7,2,7,11,51,7,1,3,1,5,0,1,0,3,1,2,2,0,1,4,2,1,2,2,4,4,2,1,0,0,0,0,0,1,3,0,1,0,0,2,0,0,1,0,1,1,0,0,0,1,0,0,0,0,0,0,0,0,0,0,0,0,1,0,1,0,0,0,0,0,0,0,3,1,0,0,0,0,0,0,0,0,0,0,0
40,0.9,220,0.77,0.8,790,FALSE,FALSE,1100,214,34,4,5,9,12,5,4,1,10,60,8,2,1,3,3,1,3,1,4,5,8,2,1,1,1,2,0,0,0,7,3,0,1,0,0,0,0,0,2,0,1,0,0,1,1,0,0,0,2,0,0,0,0,0,1,0,0,0,0,0,0,0,0,0,0,0,0,1,1,0,0,0,0,0,0,0,0,1,3,0,0,0,0,0,0,0,0,0,0,0
50,0.7,110,0.54,0.7,140,FALSE,FALSE,1100,222,44,4,3,7,11,5,2,5,8,53,14,3,3,1,7,2,1,2,4,7,8,2,0,0,0,0,1,1,1,6,5,0,0,0,0,0,0,1,1,0,1,0,0,0,0,0,0,0,0,0,1,1,0,0,0,0,0,0,0,1,0,0,0,0,0,0,1,2,0,0,0,0,0,1,1,0,0,0,1,1,0,0,0,0,0,0,0,0,0,0
30,0.8,240,0.96,0.5,530,TRUE,TRUE,1100,227,32,8,10,9,13,9,5,5,11,57,7,2,1,2,7,4,1,1,4,6,4,0,2,1,0,1,2,1,2,2,0,0,1,1,0,0,0,0,0,0,1,0,1,0,0,0,0,0,3,2,0,1,0,0,0,0,0,0,1,0,0,0,0,2,0,0,0,1,0,0,0,0,0,0,0,1,1,2,1,0,0,0,0,0,0,0,0,0,0,0
20,0.7,130,0.34,0.4,870,TRUE,FALSE,1100,225,44,5,4,15,13,2,5,7,4,42,7,2,1,4,7,2,1,1,2,10,7,2,0,1,2,1,2,0,3,5,1,1,0,0,0,1,0,1,2,2,4,2,0,0,0,0,0,0,1,0,0,0,0,0,0,1,0,1,0,0,0,0,1,0,1,0,0,0,0,0,0,0,0,0,0,1,1,1,3,0,0,0,0,0,0,0,0,0,0,0
10,0.6,100,0.52,0.6,200,TRUE,TRUE,1100,216,39,2,2,17,11,4,7,4,5,56,8,4,2,0,3,4,4,1,1,5,7,4,0,1,0,3,0,1,2,5,2,0,0,0,0,0,0,0,1,0,1,0,1,0,0,0,0,0,0,1,2,0,0,0,0,0,0,0,0,0,0,0,0,0,0,0,1,1,0,0,0,0,0,1,0,0,0,2,0,1,0,0,0,0,0,0,0,0,1,0
70,0.7,130,0.44,0.6,750,TRUE,TRUE,1100,219,31,3,6,11,10,6,4,7,11,66,3,2,0,2,6,3,3,3,3,3,4,1,2,1,2,0,0,1,2,2,1,1,0,0,1,0,0,0,0,3,1,2,0,0,0,0,0,0,1,0,1,0,1,0,0,0,0,0,2,1,0,0,0,0,0,0,0,0,1,0,0,0,0,0,1,0,1,2,2,0,0,0,0,0,0,0,0,0,0,0
60,0.7,230,0.35,0.4,420,FALSE,TRUE,1100,231,42,2,4,7,19,4,3,6,4,62,7,1,1,1,3,4,0,3,2,9,7,4,1,0,2,2,2,0,2,5,3,0,0,1,0,0,0,0,0,3,2,0,0,1,0,0,0,0,0,1,1,0,0,1,0,0,0,0,0,0,1,0,0,1,0,0,1,0,1,0,0,0,0,2,0,0,1,1,2,0,0,0,0,0,0,0,0,0,0,0
50,0.7,150,0.69,0.6,700,TRUE,TRUE,1100,221,46,3,6,11,9,3,2,3,10,46,10,3,2,3,8,3,2,1,2,7,7,1,1,1,2,1,2,0,1,1,3,0,0,0,2,0,0,0,1,4,2,0,0,0,0,0,0,0,1,2,0,1,0,0,1,0,0,0,0,1,0,0,0,0,0,1,1,0,0,0,0,0,1,1,0,0,0,2,0,1,0,0,0,0,0,0,0,0,0,0
10,0.7,280,0.49,0.9,450,FALSE,FALSE,1100,218,35,6,4,11,14,4,3,7,5,62,5,2,0,2,5,0,4,1,1,8,8,1,2,0,1,0,1,0,4,2,3,0,0,1,1,0,0,0,2,1,1,0,1,0,0,0,1,0,1,0,1,0,1,0,2,0,0,0,1,0,0,0,0,0,0,0,0,0,1,0,0,0,0,0,0,0,0,1,2,0,0,0,0,0,0,0,0,0,0,0
90,0.6,120,0.43,0.8,480,TRUE,TRUE,1100,229,42,4,8,10,14,7,3,6,4,50,10,1,1,2,2,4,1,3,2,7,4,2,1,2,1,3,0,1,5,5,3,0,0,0,1,0,1,0,2,2,1,0,1,0,0,0,0,0,2,0,0,0,1,1,0,0,0,0,1,1,0,0,0,0,0,0,1,0,1,0,0,0,0,1,0,0,1,1,1,2,0,0,0,0,0,0,0,0,0,0
30,0.6,300,0.44,0.3,140,FALSE,TRUE,1100,219,45,6,3,9,9,5,3,4,8,49,10,2,2,3,5,1,2,3,3,4,3,5,0,0,2,0,1,2,4,3,1,0,1,1,1,0,1,1,0,2,1,1,0,1,1,0,0,0,1,1,0,0,0,0,1,0,0,0,1,2,0,0,0,0,1,0,0,1,1,0,0,0,0,0,0,0,0,0,2,1,0,0,0,0,0,0,0,0,0,0
80,0.5,100,0.79,0.5,710,FALSE,FALSE,1100,215,36,2,7,12,13,5,3,5,8,62,6,2,2,0,4,2,3,1,4,2,4,3,0,0,1,1,1,0,1,7,4,0,0,0,1,0,0,0,1,0,1,0,0,0,0,0,0,0,1,0,1,0,2,0,0,0,0,1,1,0,0,0,0,1,0,0,0,2,1,0,0,0,0,0,0,0,0,0,1,1,0,0,0,0,0,0,0,0,0,0
40,0.6,100,0.75,0.3,750,TRUE,TRUE,1100,220,39,5,4,9,16,5,3,3,10,51,10,0,1,3,8,3,2,3,0,5,6,3,1,0,0,2,0,1,3,4,5,0,0,1,0,1,0,0,1,1,2,0,0,0,0,0,0,0,1,0,2,0,0,0,0,0,0,0,0,0,0,0,0,0,0,0,2,1,0,0,0,0,1,0,1,0,0,1,1,0,0,0,0,0,0,0,0,0,0,0
90,0.6,180,0.65,0.5,110,FALSE,TRUE,1100,221,36,6,5,13,13,6,5,3,7,52,7,3,1,2,4,2,2,2,3,2,10,1,2,0,3,1,1,1,5,7,2,1,0,0,0,0,0,0,1,1,0,0,1,0,0,0,0,0,1,0,2,0,0,0,0,0,1,0,0,1,0,0,0,0,1,0,0,0,2,0,0,0,0,0,0,0,0,1,1,1,0,0,0,0,0,0,0,0,0,0
60,0.9,260,0.5,0.5,440,TRUE,TRUE,1100,221,37,6,10,14,16,5,7,4,11,39,6,1,2,1,7,0,2,1,5,6,5,3,1,0,1,1,3,0,2,4,2,0,0,0,1,0,0,0,3,0,0,0,0,1,1,0,0,0,1,2,1,1,1,0,2,0,0,1,0,0,0,0,0,0,0,0,0,1,1,0,0,0,0,0,0,0,0,2,0,0,0,0,0,0,0,0,0,0,1,0
30,0.6,250,0.33,0.9,120,FALSE,TRUE,1100,219,32,6,3,10,13,4,6,6,9,61,3,4,1,2,3,4,3,2,4,8,8,2,1,1,1,0,0,0,2,2,2,1,0,0,0,0,0,0,1,1,2,1,0,0,1,1,0,0,0,0,1,0,0,0,0,0,0,0,2,0,0,0,0,0,0,1,0,0,2,0,0,0,0,0,1,0,0,1,0,1,0,0,0,0,0,0,0,0,0,0
40,0.9,200,0.81,0.6,190,FALSE,FALSE,1100,232,46,6,9,12,13,5,6,5,9,50,7,5,2,1,3,2,3,0,3,3,7,0,1,0,0,2,2,0,0,4,1,0,0,0,0,0,1,0,2,2,1,1,0,0,1,0,0,0,4,0,1,2,0,0,0,0,0,1,1,0,0,0,0,0,0,1,1,1,0,0,0,0,0,1,0,0,1,2,1,1,0,0,0,0,0,0,0,0,0,0
50,0.8,210,0.44,0.8,810,TRUE,FALSE,1100,216,34,3,9,11,14,4,4,6,6,54,11,4,2,2,1,2,4,0,2,4,4,2,2,0,2,2,0,0,4,5,3,0,1,0,0,0,0,2,0,0,1,0,1,0,0,0,0,0,0,1,1,0,0,0,0,0,0,0,0,1,0,0,0,0,1,0,1,2,1,0,0,0,0,0,0,0,0,1,1,1,0,0,0,0,0,0,0,0,0,0
80,0.6,250,0.36,0.5,350,FALSE,FALSE,1100,218,27,4,5,12,14,5,7,5,10,63,6,2,0,2,2,1,2,1,5,9,4,3,0,0,1,3,2,0,2,2,2,1,0,0,0,0,1,0,1,2,1,0,0,1,0,0,0,0,2,0,0,0,0,1,0,1,0,0,0,1,0,0,0,1,0,0,0,0,2,0,0,0,0,0,0,0,1,1,1,0,0,0,0,0,0,0,0,0,0,0
20,0.8,270,0.87,0.4,510,TRUE,TRUE,1100,235,44,3,5,4,7,4,5,4,6,68,15,0,0,3,5,1,0,0,3,6,7,3,0,2,2,2,1,2,3,3,9,0,0,1,1,0,0,0,0,4,0,1,0,0,0,0,0,1,2,2,0,0,0,0,0,1,1,0,1,0,0,0,0,0,1,0,0,0,0,0,0,0,0,0,1,0,0,0,2,0,0,0,0,0,0,0,0,0,0,0
40,0.8,200,0.84,0.8,230,FALSE,TRUE,1100,229,36,5,5,13,12,4,9,6,4,59,7,2,0,2,2,0,2,2,4,13,10,2,1,1,0,0,1,0,1,3,4,2,1,0,1,0,1,1,0,2,2,0,0,0,1,0,0,0,1,0,0,0,0,0,0,0,0,0,0,0,1,0,0,0,0,0,1,3,0,0,0,0,0,1,0,0,0,0,0,1,0,0,0,0,0,1,0,0,0,0
10,0.7,290,0.82,0.6,710,FALSE,TRUE,1100,223,39,4,3,10,14,6,0,8,10,61,7,2,1,2,3,5,2,1,2,5,2,4,0,0,1,1,2,1,1,8,2,0,0,0,0,1,0,0,0,2,1,1,0,0,0,0,0,0,1,0,1,0,0,0,1,0,0,0,1,1,0,0,0,0,1,0,0,0,1,1,0,0,0,0,0,0,0,2,1,1,0,0,0,0,0,0,0,0,0,0
90,0.8,130,0.85,0.8,320,FALSE,FALSE,1100,225,43,5,9,12,10,6,5,3,8,46,8,3,1,0,1,3,3,1,1,8,7,1,1,2,3,0,0,0,4,5,2,0,0,0,1,0,0,1,1,2,3,0,0,0,0,0,0,1,0,1,2,0,0,0,0,0,0,0,2,0,0,0,0,1,0,0,0,2,1,1,2,0,0,0,0,0,0,3,1,0,0,0,0,0,0,0,0,0,0,0
70,0.7,210,0.49,0.7,800,FALSE,FALSE,1100,213,41,3,4,7,17,5,1,6,8,50,7,1,1,2,6,1,4,2,2,5,3,4,1,2,2,1,2,0,2,5,2,0,2,0,0,0,0,0,2,1,0,0,0,0,1,0,0,0,1,1,1,0,0,0,0,0,1,0,0,0,0,0,0,1,0,0,0,1,0,0,0,0,0,0,0,0,1,3,0,1,0,0,0,0,0,0,0,0,0,0
20,0.8,140,0.39,0.9,190,FALSE,TRUE,1100,215,28,8,5,12,16,7,7,4,6,59,4,2,1,2,5,2,3,5,4,1,4,1,0,0,3,1,1,1,3,3,3,0,0,0,0,0,0,0,0,1,1,2,1,0,0,0,0,0,1,0,1,0,0,0,0,0,0,0,0,0,0,0,0,0,1,0,1,2,0,0,0,0,0,0,0,0,1,2,1,0,0,0,0,0,0,0,0,0,0,0
100,0.5,290,0.52,0.9,960,TRUE,FALSE,1100,217,35,2,9,10,8,6,2,4,9,60,6,5,1,1,2,2,2,1,3,7,6,3,2,0,2,1,2,2,2,5,2,0,0,0,0,0,0,0,0,1,0,1,1,0,0,0,0,1,1,1,1,0,0,0,0,0,0,0,0,2,0,0,0,0,1,0,0,1,1,0,0,0,0,0,0,0,0,2,1,1,0,0,0,0,0,0,0,0,0,0
80,0.9,160,1,0.8,640,FALSE,FALSE,1100,231,49,3,7,11,11,3,6,4,6,55,6,1,1,2,2,5,3,0,1,5,8,4,0,0,3,1,0,1,3,1,1,0,0,0,0,0,0,0,0,4,4,0,1,1,0,1,0,1,1,1,1,0,1,1,0,0,0,1,1,1,1,0,0,0,1,0,1,1,1,0,0,0,0,1,0,0,0,0,2,1,0,0,0,0,0,0,0,0,0,0
20,0.7,270,0.86,0.8,320,FALSE,TRUE,1100,217,38,5,6,8,13,5,5,6,4,66,7,2,0,1,5,3,2,0,3,5,5,0,1,0,3,0,0,0,0,4,3,0,0,0,0,1,1,0,2,0,1,0,0,0,1,0,0,0,0,1,1,1,0,0,0,0,0,1,0,1,0,1,0,0,1,0,0,1,0,0,0,0,0,0,0,0,1,1,2,0,0,0,0,0,0,0,0,0,0,0
10,0.5,200,0.32,0.7,190,FALSE,FALSE,1100,227,36,5,7,6,16,6,1,7,10,66,6,2,0,2,3,4,3,3,1,2,9,2,3,1,1,0,0,1,3,2,1,0,0,0,1,0,0,0,1,1,2,0,1,0,2,0,1,0,1,2,0,0,0,0,0,0,0,0,1,0,1,0,0,0,0,0,1,1,1,0,0,0,0,0,0,0,0,1,0,1,0,0,0,0,0,0,0,0,0,0
70,0.9,100,0.7,0.9,350,FALSE,FALSE,1100,226,35,7,4,12,15,5,7,8,7,54,9,2,2,3,3,2,2,5,2,3,5,2,2,1,2,1,0,0,2,4,2,0,0,1,1,0,0,1,2,2,0,1,0,0,0,0,0,0,0,1,1,1,0,0,0,0,0,0,0,1,0,0,0,1,0,0,0,1,0,0,0,0,0,0,0,0,0,3,1,1,0,0,0,0,0,0,0,0,0,0
20,0.6,230,0.93,0.5,190,TRUE,FALSE,1100,217,38,5,5,9,13,7,1,5,8,60,9,2,0,1,2,2,2,1,3,3,4,3,2,1,1,0,1,2,1,11,1,0,0,0,0,0,1,0,0,2,1,1,0,1,0,0,0,0,1,1,0,0,0,0,0,0,0,0,0,0,0,0,0,0,1,0,1,0,0,0,0,0,0,0,0,0,0,3,2,0,0,0,0,0,0,0,0,0,0,0
50,0.7,210,0.84,0.6,420,TRUE,TRUE,1100,221,31,10,5,13,15,9,2,9,7,56,7,2,1,1,2,5,0,2,5,3,6,2,0,1,0,0,1,2,2,6,2,0,0,0,0,0,0,0,0,1,1,1,0,0,0,0,0,1,1,0,0,0,1,0,0,0,0,0,1,0,0,0,0,1,0,0,1,1,2,0,0,0,0,0,0,0,1,0,1,1,0,0,0,0,0,0,0,0,0,0
50,0.9,150,0.83,0.9,960,TRUE,TRUE,1100,229,45,3,4,14,12,10,2,6,7,57,5,1,1,1,2,0,5,1,4,2,9,3,0,2,1,0,0,1,1,7,2,0,0,0,0,0,0,0,0,1,0,0,0,0,1,0,0,0,0,1,3,0,0,1,0,1,0,0,1,1,0,2,0,1,0,0,1,2,1,0,0,0,0,0,0,0,0,0,3,1,0,0,0,0,0,0,0,0,0,0
80,0.9,230,0.48,0.6,510,TRUE,FALSE,1300,196,35,6,5,8,13,4,2,6,6,45,10,1,1,4,3,2,1,0,2,4,6,3,0,0,2,3,1,0,0,2,1,0,0,1,1,1,1,0,0,1,3,0,0,0,0,0,0,0,0,1,1,0,0,2,1,0,0,0,0,0,1,0,0,1,0,0,0,3,0,0,0,0,1,0,0,0,0,0,2,0,0,0,0,0,0,0,0,0,0,0
50,0.6,150,0.93,0.8,410,TRUE,FALSE,1300,199,35,3,6,8,11,3,4,2,7,55,6,0,0,1,6,2,3,2,2,2,6,3,0,0,1,0,0,1,2,4,2,1,0,0,1,0,0,0,1,2,0,1,0,1,1,0,0,1,1,3,0,0,0,1,1,0,1,0,0,2,0,0,0,0,0,0,0,0,1,0,0,0,0,0,0,0,0,1,3,0,0,0,0,0,0,0,0,0,0,0
60,0.8,210,0.43,0.6,830,FALSE,FALSE,1300,207,40,4,5,13,15,5,7,6,6,36,12,2,0,1,3,2,2,1,1,5,9,3,0,3,1,1,1,0,1,2,1,0,1,0,0,0,0,1,2,0,4,0,0,0,0,0,0,0,0,0,1,1,0,0,0,0,0,0,0,0,0,1,0,1,1,0,1,1,1,0,0,0,0,0,1,0,1,0,2,0,0,0,0,0,0,0,0,0,0,0
80,0.5,130,0.77,0.6,810,FALSE,TRUE,1300,195,37,6,6,6,15,3,2,3,10,49,6,1,0,2,2,0,3,1,2,3,3,1,1,0,1,1,0,3,1,4,2,1,1,0,1,0,0,1,2,2,0,0,1,0,1,0,0,0,1,0,1,0,0,0,0,0,0,0,1,1,1,0,0,0,1,0,0,1,2,0,0,0,0,0,0,0,0,0,3,0,0,0,0,0,0,0,0,0,0,0
40,0.9,120,0.42,0.3,700,FALSE,TRUE,1300,201,38,6,5,7,10,3,6,3,5,55,6,1,3,2,5,3,2,1,2,3,5,0,2,1,0,0,1,0,1,5,0,2,0,0,0,0,0,0,0,1,1,1,0,0,1,0,0,0,1,2,2,0,0,0,0,1,0,0,0,1,0,0,0,1,1,0,1,1,0,0,0,0,0,1,0,0,0,1,2,0,0,0,0,0,0,0,0,0,0,0
80,0.7,220,0.86,0.9,830,TRUE,FALSE,1300,195,27,4,7,12,15,7,3,5,11,41,6,6,0,2,4,3,3,1,0,7,6,1,0,2,1,0,2,0,2,2,0,2,0,1,0,0,0,0,1,0,1,0,0,0,0,0,0,0,0,0,1,0,1,0,0,0,0,0,2,0,0,0,0,0,0,1,0,0,1,0,0,0,0,1,0,0,1,1,2,0,0,0,0,0,0,0,0,0,0,0
90,0.8,130,0.47,0.7,280,TRUE,TRUE,1300,198,35,4,6,9,11,6,5,3,4,45,8,2,3,1,5,3,2,2,0,5,10,4,0,0,1,0,2,1,1,4,3,0,0,0,0,0,0,0,0,0,2,0,0,0,0,0,0,0,1,0,1,0,0,0,0,1,0,0,2,0,1,0,0,0,0,0,0,1,0,0,0,0,0,1,2,0,1,0,1,0,0,0,0,0,0,0,0,0,0,0
20,0.6,300,0.71,0.8,570,TRUE,FALSE,1300,196,34,7,2,5,9,4,1,6,5,58,9,1,2,1,1,0,3,1,3,4,6,2,1,0,3,0,0,0,2,2,3,0,1,0,0,0,1,0,0,1,2,0,1,0,3,0,0,0,1,1,1,1,0,1,0,0,0,0,1,1,0,0,0,0,0,0,0,1,1,1,0,0,0,1,0,0,0,1,0,1,0,0,0,0,0,0,0,0,0,0
60,0.8,220,0.86,0.8,950,FALSE,FALSE,1300,206,33,6,5,8,13,5,4,5,5,55,10,1,0,1,4,5,1,0,3,3,7,2,0,0,0,3,0,0,0,6,2,1,0,0,1,0,1,0,1,0,0,1,0,0,0,0,0,0,1,4,0,0,0,1,0,0,0,0,1,0,0,0,0,0,0,1,0,1,2,0,0,0,0,0,1,0,0,1,0,1,0,0,0,0,0,0,0,0,1,0
30,0.5,120,0.8,0.4,650,TRUE,FALSE,1300,196,38,3,4,7,10,4,2,7,5,51,7,3,1,2,8,3,1,1,2,6,3,2,0,2,1,0,1,0,1,2,1,1,0,0,1,0,0,0,0,0,1,0,0,0,0,0,0,0,1,1,4,1,0,0,1,0,0,1,0,0,0,0,0,1,0,0,0,1,1,0,0,0,0,0,0,0,0,3,1,0,0,0,0,0,0,0,0,0,0,0
20,0.5,270,0.32,0.3,920,FALSE,FALSE,1300,197,37,4,4,8,12,5,5,3,4,48,5,2,1,1,5,4,1,1,1,4,8,1,1,1,3,1,1,0,2,4,4,0,0,0,2,0,0,0,0,0,0,0,0,0,0,0,0,0,1,0,1,1,0,1,1,1,0,0,2,2,0,1,0,0,0,0,0,1,0,0,0,1,0,0,0,0,0,0,1,1,0,0,0,0,0,0,0,0,0,0
80,0.7,220,0.92,0.5,820,TRUE,FALSE,1300,201,36,5,4,4,12,5,3,8,6,54,8,3,3,2,2,0,1,1,1,2,8,2,1,1,1,1,1,2,1,3,1,0,0,0,0,0,0,0,1,0,4,0,1,0,0,1,0,0,0,1,3,1,0,0,0,0,0,0,2,0,0,0,0,0,0,0,0,1,0,0,1,0,0,2,0,1,0,0,0,1,0,0,0,0,0,0,0,0,0,0
90,0.6,250,0.44,0.3,530,FALSE,FALSE,1300,198,40,9,5,7,13,4,2,4,5,44,4,3,2,5,3,2,4,1,1,3,2,2,1,1,1,2,0,1,3,3,2,1,1,0,0,0,0,0,1,0,3,0,0,0,0,0,0,1,0,1,2,0,0,0,0,1,1,0,1,0,0,0,0,0,0,0,1,1,0,0,0,0,1,1,0,0,0,2,1,0,0,0,0,0,0,0,0,0,0,0
30,0.9,200,0.45,0.7,930,TRUE,FALSE,1300,193,27,6,5,10,11,5,3,5,4,47,9,0,1,4,1,4,1,3,3,10,5,3,1,1,3,0,0,0,1,5,2,0,0,0,0,0,0,0,0,2,0,0,0,0,0,0,1,0,1,1,0,1,0,0,0,1,0,0,1,0,0,0,0,0,0,0,1,0,1,1,0,0,0,1,0,0,1,0,1,0,0,0,0,0,0,0,0,0,0,0
60,0.7,230,0.36,0.3,520,TRUE,TRUE,1300,203,40,9,6,7,10,7,4,3,5,54,5,0,2,5,2,1,3,0,0,3,6,2,1,0,1,1,1,1,3,4,1,1,1,1,0,0,0,0,0,1,2,0,0,0,0,0,0,0,1,0,0,1,0,0,1,0,0,0,1,0,1,0,0,0,0,0,0,2,0,0,0,0,1,1,0,0,0,1,0,1,0,0,0,0,0,0,0,0,0,0
40,0.6,120,0.68,0.6,460,FALSE,TRUE,1300,198,30,6,2,6,7,4,4,4,7,62,11,2,1,3,4,4,0,2,1,4,4,3,1,0,0,0,0,0,3,5,2,0,0,0,0,0,0,0,0,1,0,2,0,0,0,0,1,0,0,2,2,0,1,0,0,0,1,0,0,2,0,0,0,0,0,0,0,0,0,0,0,0,0,1,0,0,0,2,0,2,0,0,0,0,0,0,0,0,0,0
90,0.9,110,0.9,0.4,700,TRUE,TRUE,1300,203,35,4,5,8,13,7,3,7,8,53,6,4,1,3,4,0,0,2,1,6,2,2,0,1,3,1,1,1,0,1,0,0,1,0,0,0,0,0,1,0,1,1,0,0,1,1,0,0,0,1,2,1,0,1,1,0,0,1,0,2,1,0,0,0,0,0,1,1,1,0,0,0,0,0,0,0,0,2,1,0,0,0,0,0,0,0,0,0,0,0
10,0.8,140,0.86,0.3,200,TRUE,FALSE,1300,196,41,2,4,13,10,9,4,4,6,45,3,2,1,3,2,3,1,3,4,4,5,2,0,2,1,2,0,0,2,1,5,0,0,0,0,0,0,0,0,0,2,0,0,0,0,0,0,0,0,0,2,0,0,0,0,0,0,0,0,0,1,0,0,0,1,0,0,2,1,0,0,0,1,0,0,0,1,0,2,0,0,0,0,0,0,0,0,0,0,0
40,0.8,150,0.45,0.3,150,FALSE,TRUE,1300,199,32,6,4,13,22,3,3,4,11,40,6,5,1,2,4,2,2,4,0,4,3,2,0,0,1,2,0,1,2,2,0,1,1,0,1,0,1,0,1,0,0,0,0,0,0,0,0,2,1,0,1,0,1,0,1,0,1,1,0,0,1,0,0,0,0,0,1,1,0,0,0,0,0,0,0,0,0,1,2,0,0,0,0,0,0,0,0,0,0,0
10,0.6,250,0.57,0.8,780,FALSE,TRUE,1300,199,35,4,6,11,9,4,5,3,4,60,6,2,0,0,8,1,2,0,1,2,4,2,1,0,2,0,4,0,1,3,2,0,0,0,0,0,0,0,0,1,3,0,0,0,0,1,0,0,1,0,3,1,0,1,0,0,0,0,0,0,0,0,0,1,0,0,1,2,1,0,0,0,0,0,0,0,0,0,2,0,0,0,0,0,0,0,0,0,0,0
60,0.9,220,0.49,0.9,880,FALSE,TRUE,1300,207,37,5,7,10,15,2,7,6,5,46,11,1,0,2,2,1,5,2,4,3,3,3,0,1,1,1,0,0,1,3,6,0,0,0,0,1,0,0,0,3,1,0,1,0,0,0,0,0,1,0,0,0,0,0,0,1,0,0,0,2,0,0,0,0,0,0,0,0,1,0,0,0,0,1,0,1,0,3,1,1,0,0,0,0,0,0,0,0,0,0
10,0.8,230,0.68,0.5,800,FALSE,FALSE,1300,200,39,1,5,9,13,3,5,4,7,43,12,3,1,3,5,1,1,0,2,3,7,1,0,1,1,3,0,2,0,1,3,0,0,1,1,0,0,0,0,2,1,1,0,0,2,1,0,0,1,1,1,0,0,0,0,1,0,0,1,1,2,0,0,0,0,0,0,2,0,1,0,1,0,0,0,0,0,0,1,0,0,0,0,0,0,0,0,0,0,0
80,0.7,250,0.81,0.6,1000,TRUE,FALSE,1300,197,41,1,7,12,11,6,7,5,7,43,8,2,0,1,2,2,2,0,2,7,3,2,2,1,1,1,0,2,0,0,1,0,2,1,0,0,0,0,0,0,0,0,1,0,0,1,0,0,1,0,1,0,1,0,0,0,0,1,0,2,1,0,0,0,0,0,1,1,0,0,0,0,0,1,0,0,0,1,2,1,0,0,0,0,0,0,0,0,0,0
20,0.7,170,0.31,0.3,130,FALSE,FALSE,1300,193,34,4,4,6,9,5,4,4,5,54,7,3,2,2,4,2,2,3,3,0,5,2,0,1,0,1,0,1,0,5,2,1,1,0,1,0,0,0,2,0,2,0,0,1,0,0,0,0,1,0,1,0,0,0,1,0,0,0,0,2,0,0,0,0,0,0,0,2,1,0,0,0,0,1,0,0,0,0,3,0,0,0,0,0,0,0,0,0,0,0
70,0.7,250,0.64,0.3,710,FALSE,FALSE,1300,204,27,6,7,10,7,4,7,4,5,56,11,3,0,2,4,6,1,2,5,3,6,3,0,2,1,0,0,0,1,1,3,0,0,0,0,0,0,0,2,2,3,1,0,0,0,0,0,1,0,1,1,0,0,0,0,0,0,0,0,0,0,0,0,0,0,0,1,1,1,0,0,0,0,1,1,0,0,1,1,0,0,0,0,0,0,0,0,0,0,0
50,0.8,260,0.59,0.5,910,FALSE,FALSE,1300,195,33,6,3,10,11,4,5,3,5,50,6,3,4,1,1,1,4,5,3,5,5,1,0,0,0,0,1,0,0,1,3,0,0,0,0,0,0,0,2,2,2,0,0,0,0,0,0,0,0,2,2,1,0,0,0,0,1,1,0,1,1,0,0,0,0,0,0,1,2,0,0,0,0,1,0,0,0,1,1,1,0,0,0,0,0,0,0,0,0,0
30,0.8,120,1,0.7,230,FALSE,FALSE,1300,203,29,5,5,9,15,3,4,3,10,55,5,3,0,0,7,3,1,1,0,7,8,2,1,3,4,1,1,0,1,0,2,0,1,0,1,1,0,0,1,0,1,0,0,0,0,0,0,0,1,0,1,0,0,0,0,0,0,0,1,0,1,0,0,0,0,0,1,0,1,0,0,0,0,2,1,0,0,2,0,0,0,0,0,0,0,0,0,0,0,0
20,0.5,270,0.95,0.3,910,TRUE,FALSE,1300,196,23,5,5,12,19,3,3,10,7,50,5,2,2,3,2,4,3,2,2,2,5,2,0,3,1,2,0,0,0,3,2,0,0,0,1,0,0,0,0,2,0,0,0,0,1,0,0,0,2,0,0,0,1,0,1,0,0,0,1,0,0,0,0,0,0,0,0,1,1,0,0,0,0,0,0,0,0,3,1,0,0,0,0,0,0,0,0,0,0,0
50,0.6,160,1,0.9,950,TRUE,FALSE,1300,199,37,4,0,4,12,2,5,3,2,61,9,3,0,3,4,2,1,4,3,3,2,3,0,0,1,1,0,1,0,6,2,0,0,0,0,0,0,0,0,1,5,1,0,0,1,1,0,0,1,1,0,0,0,1,0,0,0,0,3,0,0,0,0,0,0,0,0,1,0,1,1,0,0,1,0,0,0,1,0,1,0,0,0,0,0,0,0,0,1,0
80,0.7,270,0.93,0.6,460,FALSE,FALSE,1300,208,44,4,4,9,10,3,5,7,5,45,14,1,1,2,4,3,0,2,2,4,3,4,1,1,2,2,1,1,0,3,2,0,0,0,0,0,1,0,0,0,2,0,0,1,0,0,1,0,1,1,3,0,0,1,0,0,0,0,0,0,1,0,0,0,0,0,1,1,0,0,1,0,0,1,0,1,1,1,0,1,0,0,0,0,0,0,0,0,0,0
70,0.6,240,0.83,0.8,790,TRUE,TRUE,1300,199,30,6,4,9,8,3,5,6,4,60,9,1,0,2,3,4,1,2,1,4,5,3,1,0,0,1,1,0,2,7,1,0,0,0,0,0,0,0,0,1,1,1,1,0,1,1,0,0,0,1,2,0,0,0,0,0,0,0,0,1,0,0,0,0,0,0,1,0,1,0,0,0,0,0,1,0,0,2,0,1,0,0,0,0,0,0,0,1,0,0
10,0.7,110,0.46,0.9,430,TRUE,TRUE,1300,205,41,2,8,5,12,5,1,6,6,44,11,5,2,3,3,0,4,2,2,3,4,2,1,1,2,1,0,0,2,3,2,0,0,0,1,0,0,0,0,3,0,0,0,1,0,2,1,1,1,0,1,0,0,1,1,0,0,1,0,3,0,1,0,0,0,0,0,1,0,0,0,0,0,0,0,0,0,2,1,1,0,0,0,0,0,0,0,0,0,0
10,0.5,190,0.84,0.3,840,TRUE,FALSE,1300,196,32,7,4,8,8,5,2,6,3,61,7,2,2,0,3,1,2,2,0,5,5,2,1,0,0,1,2,0,1,2,1,0,0,1,0,0,0,0,0,2,1,0,1,0,1,0,0,0,0,2,3,1,1,0,0,1,0,0,1,0,0,0,0,0,0,0,0,1,2,0,0,0,1,0,0,0,0,1,0,2,0,0,0,0,0,0,0,0,0,0
70,0.6,210,0.86,0.6,780,FALSE,TRUE,1300,204,39,3,5,11,16,1,4,10,6,42,14,0,0,1,1,1,1,1,2,2,11,3,2,1,1,2,2,0,0,4,4,0,0,0,1,0,0,0,2,0,1,0,0,0,0,0,0,0,1,0,2,0,0,0,0,0,1,0,0,0,0,1,0,0,1,0,0,1,0,0,0,0,0,0,0,0,2,1,1,0,0,0,0,0,0,0,0,0,0,0
20,0.7,190,0.38,0.6,300,FALSE,TRUE,1300,201,35,7,5,10,15,5,4,3,4,49,8,3,1,0,7,4,2,2,3,1,5,1,0,1,4,1,0,0,0,2,1,0,1,0,1,0,0,0,1,0,3,0,0,0,0,0,0,0,1,2,1,0,0,0,1,0,0,0,0,0,0,0,0,1,1,1,0,1,1,0,0,0,1,0,0,0,0,0,2,0,0,0,0,0,0,0,0,0,0,0
20,0.5,190,0.71,0.8,320,TRUE,TRUE,1300,192,33,5,4,10,11,3,2,7,7,44,6,2,0,2,4,4,2,1,1,10,5,2,1,1,0,1,0,1,3,2,1,1,0,0,0,0,0,0,0,2,0,1,0,0,0,0,0,1,2,3,1,0,0,0,0,0,0,0,1,0,0,0,0,0,1,0,1,0,0,1,0,0,0,0,0,0,0,1,0,2,0,0,0,0,0,0,0,0,0,0
30,0.6,200,0.67,0.4,130,TRUE,TRUE,1300,201,38,5,4,7,14,3,1,8,6,53,5,1,0,2,5,1,1,4,2,3,8,2,0,1,1,1,0,0,0,3,1,1,0,1,0,0,1,1,0,3,5,0,0,0,1,0,0,0,0,0,2,0,0,0,0,0,0,0,0,0,0,0,0,0,0,0,0,1,2,0,0,0,0,1,0,0,1,1,1,0,0,0,0,0,0,0,0,0,0,0
20,0.9,280,0.52,0.5,710,TRUE,TRUE,1300,202,42,5,4,9,12,2,4,3,7,49,8,2,0,0,6,2,0,1,2,5,3,2,1,1,2,1,1,3,1,3,2,1,0,0,0,0,2,0,1,1,0,0,1,0,0,0,0,0,1,1,2,0,0,0,0,0,0,1,1,1,0,0,0,0,1,0,0,1,1,0,0,0,0,0,0,0,0,0,1,3,0,0,0,0,0,0,0,0,0,0
30,0.9,200,0.46,0.5,750,TRUE,TRUE,1300,198,30,3,7,11,15,4,6,5,8,49,4,4,1,1,6,1,2,1,1,4,5,2,1,0,3,1,1,1,0,3,1,0,0,0,0,0,0,0,0,0,3,0,1,0,0,0,0,0,1,0,1,0,0,0,2,0,0,1,3,0,0,0,0,0,0,0,1,2,0,1,0,0,0,0,0,0,0,1,1,0,0,0,0,0,0,0,0,0,0,0
90,0.5,240,0.41,0.7,820,TRUE,FALSE,1300,197,35,3,1,14,16,6,3,3,3,46,8,2,4,3,4,3,1,5,3,3,2,2,1,1,1,2,0,0,1,2,1,1,0,0,0,0,0,0,1,0,2,0,1,0,0,0,0,0,0,1,3,0,0,0,0,0,0,0,1,0,1,1,0,0,2,0,0,2,1,0,0,0,0,0,0,1,0,1,0,0,0,0,0,0,0,0,0,0,0,0
90,0.5,220,0.75,0.7,670,FALSE,TRUE,1300,194,37,5,1,3,12,4,4,7,1,58,4,5,1,2,4,1,0,2,4,4,2,3,1,0,0,2,0,2,2,5,0,1,0,0,0,0,0,0,0,1,3,1,0,0,0,0,0,0,1,0,0,0,0,0,1,0,0,1,3,0,2,0,0,1,0,0,0,2,0,0,0,0,0,0,0,0,0,0,2,0,0,0,0,0,0,0,0,0,0,0
60,0.8,290,0.57,0.9,390,FALSE,TRUE,1300,205,37,7,3,14,11,4,4,2,7,45,6,1,5,1,5,2,3,0,3,6,5,3,0,0,1,2,1,3,5,1,1,0,0,0,1,0,0,1,0,2,0,1,1,0,0,0,1,0,0,2,0,0,0,0,1,1,0,1,0,1,0,0,0,0,0,0,0,0,1,0,0,0,0,0,0,0,0,2,1,1,0,0,0,0,0,0,0,0,0,0
70,0.5,220,0.39,0.6,770,FALSE,TRUE,1300,199,39,4,4,9,8,6,2,4,5,55,7,2,0,5,2,1,3,1,3,5,4,2,2,0,0,1,0,0,2,3,1,1,0,0,1,0,1,0,0,0,1,0,0,0,0,0,0,0,1,2,0,0,1,1,0,0,0,1,0,2,1,0,0,0,0,0,0,0,1,0,0,0,0,1,0,0,1,2,1,1,0,0,0,0,0,0,0,0,0,0
30,0.5,280,0.44,0.9,940,TRUE,FALSE,1300,203,41,5,8,8,10,5,2,6,3,49,8,0,3,0,6,2,4,1,3,4,7,1,0,2,1,0,1,0,3,2,5,0,1,0,0,0,0,0,0,0,2,0,0,0,0,0,0,1,0,0,1,0,0,0,0,0,0,0,0,0,0,1,0,0,1,0,0,2,1,0,0,0,0,0,0,0,1,1,1,1,0,0,0,0,0,0,0,0,0,0
90,0.6,100,0.35,0.5,860,TRUE,TRUE,1300,196,41,3,6,10,9,8,4,3,6,43,5,1,0,1,1,3,3,1,2,3,11,2,1,0,5,0,1,0,2,2,1,0,0,0,1,0,0,0,0,0,3,0,0,0,0,0,0,2,0,1,2,0,0,0,0,1,0,0,2,0,0,0,1,0,0,0,1,0,1,0,0,0,0,0,0,0,0,3,0,1,0,0,0,0,0,0,0,0,0,0
20,0.7,100,0.31,0.8,610,FALSE,FALSE,1300,193,37,9,6,12,5,10,3,6,11,43,1,1,1,5,3,3,0,0,2,2,6,3,0,1,0,1,0,0,2,1,2,1,0,0,0,0,0,0,0,1,3,0,1,0,0,0,0,0,0,1,1,0,1,1,0,0,0,0,0,0,0,0,0,0,1,2,1,0,0,0,0,0,1,0,0,0,0,2,1,0,0,0,0,0,0,0,0,0,0,0
20,0.8,180,0.98,0.3,1000,FALSE,FALSE,1300,196,34,6,7,11,14,7,2,5,11,42,9,1,1,0,4,3,6,0,1,1,2,2,1,1,0,1,0,0,1,3,0,1,1,1,2,0,0,0,1,0,1,1,0,0,0,0,0,0,0,0,1,0,1,0,2,0,0,0,1,0,2,0,0,0,0,1,0,1,1,0,1,0,0,0,0,1,0,1,0,0,0,0,0,0,0,0,0,0,0,0
70,0.7,140,0.95,0.9,920,TRUE,FALSE,1300,198,36,3,6,10,10,3,7,2,12,42,7,3,1,2,4,1,5,1,1,3,10,2,2,2,0,0,0,0,1,2,4,0,0,0,0,0,0,0,0,4,2,0,0,0,0,1,0,0,0,1,0,0,0,1,0,0,0,0,0,0,0,0,0,0,2,0,1,1,0,0,0,1,0,0,0,0,0,1,1,0,0,0,0,0,0,0,0,0,1,0
90,0.9,270,0.44,0.5,810,TRUE,FALSE,1300,195,36,4,5,11,8,3,4,7,4,55,7,2,2,0,4,3,1,1,1,4,2,4,0,0,1,0,1,1,0,3,2,0,0,0,0,0,0,0,1,0,1,0,0,0,0,0,0,0,2,1,3,0,1,1,0,0,0,1,2,0,0,1,0,0,0,0,0,1,0,0,0,0,0,1,0,1,1,0,1,1,0,0,0,0,0,0,0,0,0,0
80,0.9,300,0.53,0.5,170,FALSE,FALSE,1300,200,38,3,3,6,10,1,5,2,6,63,5,3,1,2,4,4,1,1,0,4,7,1,0,1,0,2,2,0,0,3,1,0,1,0,1,0,0,0,2,1,2,0,0,1,1,0,0,0,1,1,1,0,0,0,2,0,0,0,1,1,1,0,0,0,0,0,0,0,1,0,0,0,0,0,0,0,0,0,3,0,0,0,0,0,0,0,0,0,1,0
60,0.5,280,0.65,0.8,380,TRUE,FALSE,1300,209,45,6,6,13,14,3,4,7,5,48,5,0,1,2,3,1,3,4,2,1,1,2,0,1,1,1,0,1,1,2,3,0,1,1,1,1,0,0,1,0,3,0,1,0,0,1,0,0,1,1,0,0,0,1,0,0,0,0,1,0,2,1,0,1,0,1,1,0,3,0,0,0,0,0,0,0,0,0,1,0,0,0,0,0,0,0,0,0,0,0
90,0.8,220,0.59,0.8,930,FALSE,FALSE,1300,199,41,8,2,12,12,8,3,4,5,42,9,2,1,0,2,1,1,5,1,7,0,1,1,1,1,1,0,2,2,2,1,1,1,0,0,0,0,0,1,2,2,1,0,0,1,1,0,1,1,1,1,0,0,0,0,0,0,0,1,1,0,0,0,0,0,0,0,1,0,0,0,0,0,0,1,0,0,1,2,1,0,0,0,0,0,0,0,0,0,0
100,0.5,270,0.62,0.5,390,TRUE,TRUE,1300,203,29,4,3,16,9,5,4,3,8,57,7,6,1,4,3,5,1,1,3,8,3,2,0,0,1,1,0,0,0,4,0,1,0,0,0,0,0,0,0,3,0,0,1,0,0,0,0,0,1,0,1,0,0,0,0,0,0,0,1,0,0,0,0,0,0,1,0,1,3,0,0,0,0,1,0,0,0,1,0,1,0,0,0,0,0,0,0,0,0,0
90,0.6,270,0.74,0.9,930,TRUE,TRUE,1300,198,31,6,8,11,14,4,3,3,7,52,8,3,1,0,2,2,3,4,1,1,3,1,1,1,1,1,2,0,1,4,2,0,0,1,0,0,1,0,1,0,1,0,1,0,0,0,0,0,0,0,1,0,0,1,1,0,1,0,0,0,2,0,0,0,0,0,0,1,0,0,0,1,0,0,1,0,2,1,0,1,0,0,0,0,0,0,0,0,0,0
70,0.7,190,0.59,0.7,410,TRUE,TRUE,1300,200,36,3,4,11,11,4,5,4,10,44,6,1,1,3,5,2,3,2,1,5,9,2,2,1,0,2,1,1,1,2,5,0,0,0,0,0,0,0,1,1,2,0,0,0,1,0,0,0,0,0,0,0,0,0,1,0,0,0,1,0,0,0,0,0,0,1,0,1,0,0,0,1,0,0,0,1,0,2,1,0,0,0,0,0,0,0,0,0,0,0
80,0.5,220,0.34,0.4,550,TRUE,FALSE,1300,197,39,2,3,4,13,3,5,4,2,58,6,3,2,2,2,1,3,1,3,7,3,1,0,2,0,1,2,0,2,2,1,0,0,1,0,0,0,0,0,1,1,0,1,0,1,1,0,0,2,2,2,0,0,0,0,0,0,0,1,2,0,1,0,1,0,0,1,0,0,1,0,0,0,0,0,0,0,1,0,1,0,0,0,0,0,0,0,0,0,0
80,0.9,250,0.88,0.7,850,FALSE,TRUE,1300,203,35,4,6,13,12,2,3,7,5,46,10,3,2,1,7,1,3,3,3,3,2,4,0,0,1,1,0,0,2,2,2,1,0,0,2,0,0,1,0,2,0,1,0,0,0,1,0,0,1,1,4,0,0,0,0,0,0,0,0,0,0,0,0,0,1,0,1,0,2,0,0,0,0,0,0,0,0,2,0,1,0,0,0,0,0,0,0,0,0,0
80,0.9,220,0.54,0.9,260,FALSE,FALSE,1300,199,32,6,5,6,13,7,3,4,4,59,5,0,2,1,4,1,3,3,2,1,7,1,0,1,2,0,1,0,1,4,1,0,0,0,0,1,0,0,1,3,0,2,1,0,0,0,0,0,1,0,0,0,0,1,0,1,0,0,1,1,0,0,0,0,0,0,0,2,2,0,0,0,0,1,0,0,0,1,0,2,0,0,0,0,0,0,0,0,0,0
50,0.5,300,0.87,0.3,660,FALSE,FALSE,1300,203,34,6,3,10,13,3,5,6,8,54,7,4,0,1,4,3,2,2,3,3,1,4,1,2,0,0,0,0,0,2,1,0,0,0,1,0,0,0,1,2,3,0,0,0,1,0,0,1,0,1,3,1,0,0,1,0,0,0,0,1,0,0,0,0,0,0,0,1,1,0,0,0,0,0,0,1,0,1,2,0,0,0,0,0,0,0,0,0,0,0
90,0.6,210,0.71,0.3,180,TRUE,FALSE,1300,193,30,9,10,6,13,4,3,7,6,49,7,1,2,3,5,1,3,0,1,2,1,3,0,1,1,2,0,1,4,1,1,0,0,0,0,0,1,0,0,0,1,0,1,0,1,0,0,0,1,0,4,0,0,0,0,0,0,1,0,0,1,0,0,1,0,0,2,0,0,0,0,1,0,0,0,0,0,0,2,0,0,0,0,0,0,0,0,0,0,0
70,0.8,200,0.49,0.5,310,FALSE,TRUE,1300,197,33,6,4,8,11,5,3,6,2,53,9,5,0,4,7,2,0,4,3,4,4,3,0,1,0,1,0,0,0,2,0,0,0,0,0,0,0,0,0,0,2,1,1,0,0,0,0,0,1,0,1,0,0,0,0,0,0,0,0,0,1,3,0,0,1,0,0,2,2,0,1,0,0,0,1,0,0,0,1,0,0,0,0,0,0,0,0,0,0,0
100,0.6,300,0.58,0.9,630,FALSE,FALSE,1300,195,28,4,6,8,14,3,6,3,3,52,9,1,1,0,5,1,2,2,2,8,4,2,0,0,1,2,2,0,1,4,2,1,0,0,0,0,0,0,0,2,1,1,0,0,1,0,1,0,1,2,0,0,0,0,1,0,0,0,0,2,0,0,0,0,0,0,1,1,0,0,0,0,0,1,0,0,0,2,1,1,0,0,0,0,0,0,0,0,0,0
70,0.5,150,0.61,0.4,950,TRUE,FALSE,1300,206,38,6,4,9,16,5,2,5,7,46,5,2,3,2,4,3,4,0,1,8,5,2,0,3,0,2,1,0,1,3,3,0,0,1,0,0,0,0,0,1,2,0,1,0,0,0,0,0,1,2,1,0,0,0,0,1,0,0,0,0,0,0,0,0,0,0,1,1,1,0,0,1,0,1,0,0,0,1,1,0,0,0,0,0,0,0,0,0,0,0
40,0.9,210,0.56,0.4,280,TRUE,FALSE,1300,200,30,8,6,11,15,6,5,5,7,44,8,3,2,2,5,2,2,1,1,7,5,1,0,1,1,2,0,0,2,1,1,1,0,0,0,0,0,0,0,2,0,1,0,0,0,0,0,0,0,0,0,0,0,0,0,0,0,2,1,1,1,0,0,0,0,0,0,1,0,0,0,1,0,1,0,1,0,3,1,0,0,0,0,0,0,0,0,0,0,0
100,0.8,280,0.56,0.7,170,FALSE,FALSE,1300,197,38,4,3,6,8,5,2,6,2,60,10,1,0,1,4,3,0,2,1,5,6,1,0,1,1,2,0,1,0,4,1,1,1,0,0,1,0,0,0,2,2,0,0,0,1,0,0,0,0,2,0,0,0,0,1,0,0,0,3,0,0,0,0,0,0,0,0,2,0,0,0,1,0,0,1,0,0,0,2,0,0,0,0,0,0,0,0,0,0,0
80,0.5,280,0.96,0.5,1000,FALSE,TRUE,1300,209,39,4,5,7,14,6,6,4,5,52,11,1,1,1,4,4,1,3,4,5,4,1,1,0,1,0,0,0,0,2,0,2,1,0,1,0,0,0,1,1,4,0,1,0,0,0,0,0,0,0,2,1,0,0,1,0,0,0,1,0,1,1,0,0,0,0,0,0,1,0,0,0,0,1,0,0,0,4,0,0,0,0,0,0,0,0,0,0,0,0
20,0.8,210,0.33,0.9,110,TRUE,FALSE,1300,193,33,6,9,11,9,6,4,6,1,50,4,1,0,2,3,3,0,2,1,6,3,2,3,0,0,2,0,1,3,1,1,1,1,1,0,1,0,0,0,0,2,0,0,1,0,0,0,0,0,2,1,1,0,0,0,0,0,0,0,1,1,0,0,1,0,0,1,1,0,0,0,0,0,1,0,1,0,2,0,1,0,0,0,0,0,0,0,0,0,0
40,0.9,220,0.77,0.8,790,FALSE,FALSE,1300,196,36,3,4,14,9,5,4,6,7,43,13,1,1,2,2,3,2,1,2,6,7,1,1,0,0,1,0,0,1,2,4,1,0,0,0,0,0,0,1,1,0,0,0,0,0,0,0,1,0,0,3,0,0,0,0,0,0,1,0,1,0,0,0,0,1,0,1,1,0,0,0,0,0,0,0,1,0,1,2,0,0,0,0,0,0,0,0,0,0,0
50,0.7,110,0.54,0.7,140,FALSE,FALSE,1300,199,36,7,2,7,11,2,6,6,4,54,9,2,0,3,7,3,1,3,3,3,4,3,0,0,0,0,0,0,0,3,1,0,0,0,0,0,0,0,0,1,2,0,0,0,1,0,0,0,0,0,4,1,0,1,1,0,0,1,0,1,0,0,0,0,0,0,0,2,0,0,0,0,0,0,1,0,0,1,2,0,0,0,0,0,0,0,0,0,0,0
30,0.8,240,0.96,0.5,530,TRUE,TRUE,1300,198,33,8,5,6,11,2,7,2,6,61,5,3,1,1,2,2,1,0,4,4,2,2,1,0,0,2,0,1,2,6,2,1,0,0,1,0,0,0,0,0,1,0,1,0,0,0,1,0,1,0,2,0,0,0,0,0,0,0,1,1,0,0,0,0,1,0,0,0,1,0,0,0,0,1,0,0,0,0,3,1,0,0,0,0,0,0,0,0,0,0
20,0.7,130,0.34,0.4,870,TRUE,FALSE,1300,205,42,7,3,5,12,2,5,5,3,58,4,1,2,0,3,0,2,2,1,11,3,6,0,0,2,0,0,2,2,0,2,0,1,0,0,0,0,0,0,2,2,0,1,0,0,0,0,1,0,2,2,0,0,0,0,0,0,0,3,1,0,0,1,0,0,0,0,1,0,0,0,0,0,1,0,0,0,1,1,1,0,0,0,0,0,0,0,0,0,0
10,0.6,100,0.52,0.6,200,TRUE,TRUE,1300,207,34,5,7,10,12,3,3,2,7,51,14,2,0,1,7,3,3,2,1,3,3,3,3,0,0,0,1,1,3,2,2,0,0,0,1,0,0,0,0,0,5,0,0,1,0,0,0,0,0,1,2,0,0,0,1,0,1,0,0,0,0,1,0,0,0,0,0,1,1,0,0,0,1,0,0,0,1,1,2,0,0,0,0,0,0,0,0,0,0,0
70,0.7,130,0.44,0.6,750,TRUE,TRUE,1300,194,23,6,3,12,15,5,3,5,2,55,3,5,3,4,2,4,2,2,2,3,9,2,1,0,1,3,0,1,1,4,0,0,0,0,0,0,0,1,0,1,1,1,0,1,0,0,0,0,0,0,1,0,0,1,0,0,0,0,0,0,0,0,0,0,1,0,0,2,0,0,0,0,0,0,0,1,1,1,1,0,0,0,0,0,0,0,0,0,0,0
60,0.7,230,0.35,0.4,420,FALSE,TRUE,1300,200,36,2,8,10,12,7,2,4,9,46,8,5,1,5,2,0,1,2,0,5,6,1,0,0,0,1,2,2,1,3,2,1,0,0,0,0,0,0,1,0,3,0,0,0,1,0,1,0,0,0,2,0,0,0,1,0,0,1,0,0,1,1,0,0,0,0,0,1,0,0,0,0,1,0,0,0,1,1,1,0,0,0,0,0,0,0,0,0,0,0
50,0.7,150,0.69,0.6,700,TRUE,TRUE,1300,195,38,3,7,9,8,5,6,2,6,47,6,2,0,2,5,2,2,2,1,5,7,1,1,1,1,0,0,1,3,2,1,0,1,0,0,0,1,0,0,0,0,0,2,0,0,0,0,0,0,2,1,1,0,1,0,0,1,0,0,2,0,0,0,0,0,1,0,0,1,1,0,0,0,1,0,0,0,2,2,0,0,0,0,0,0,0,0,0,0,0
10,0.7,280,0.49,0.9,450,FALSE,FALSE,1300,203,33,9,3,9,11,5,5,5,6,58,8,3,0,3,3,1,2,1,3,3,5,4,0,1,1,0,1,0,2,3,2,0,0,0,0,0,0,0,0,0,1,0,0,0,0,0,0,0,0,0,2,0,1,0,0,0,0,0,1,0,2,1,0,1,0,0,1,1,0,0,0,0,1,0,0,0,1,1,0,0,0,0,0,0,0,0,0,0,0,0
90,0.6,120,0.43,0.8,480,TRUE,TRUE,1300,198,38,7,3,6,11,1,3,3,8,48,5,2,0,2,6,0,1,3,0,7,4,3,2,1,2,0,1,3,3,3,1,0,0,0,1,0,0,0,1,1,2,0,0,0,2,0,0,0,0,2,1,1,2,0,0,0,0,0,0,0,1,0,1,0,0,0,0,2,1,1,0,0,0,0,0,0,0,1,2,0,0,0,0,0,0,0,0,0,0,0
30,0.6,300,0.44,0.3,140,FALSE,TRUE,1300,203,33,10,3,6,10,5,6,3,6,57,4,0,0,6,6,2,3,2,2,2,2,2,1,1,3,2,0,1,0,4,2,0,1,0,0,0,0,0,0,1,1,1,0,0,0,0,0,0,0,1,3,0,0,0,1,1,0,0,3,1,0,0,0,0,1,0,0,1,1,0,0,0,1,1,0,0,0,0,1,0,0,0,0,0,0,0,0,0,0,0
80,0.5,100,0.79,0.5,710,FALSE,FALSE,1300,195,36,3,4,8,12,3,2,7,7,50,7,2,0,1,5,3,1,2,2,3,5,4,0,1,3,1,1,0,3,3,1,0,0,0,0,0,0,0,1,0,2,0,2,0,0,0,0,0,0,0,1,1,0,1,0,0,0,0,0,0,0,0,0,1,2,0,0,0,2,0,0,0,0,0,0,0,1,1,1,0,0,0,0,0,0,0,0,0,0,0
40,0.6,100,0.75,0.3,750,TRUE,TRUE,1300,195,32,8,4,8,13,2,8,2,6,52,7,0,0,2,6,1,2,1,2,5,4,2,0,1,1,1,0,1,2,4,1,1,1,0,0,0,0,0,1,0,4,0,0,0,0,1,0,0,1,1,0,0,0,1,0,0,0,0,0,1,0,0,0,0,0,0,0,1,0,0,0,1,0,1,0,0,0,3,0,0,0,0,0,0,0,0,0,0,0,0
90,0.6,180,0.65,0.5,110,FALSE,TRUE,1300,207,37,4,5,8,12,7,5,4,9,53,7,1,1,3,4,1,2,2,2,2,3,5,1,0,2,2,2,0,0,4,0,0,0,0,1,0,0,0,0,3,1,1,2,0,0,0,0,0,1,0,2,0,0,1,0,0,0,0,0,1,0,0,0,0,0,0,0,1,1,1,0,0,0,1,0,1,1,1,0,0,0,0,0,0,0,0,0,0,0,0
60,0.9,260,0.5,0.5,440,TRUE,TRUE,1300,195,34,6,1,7,4,6,2,5,8,55,9,1,0,2,3,3,3,0,1,3,7,3,1,0,1,2,1,0,1,4,1,0,0,0,1,0,0,0,2,2,4,1,0,0,1,0,0,0,1,1,2,0,0,0,0,0,0,0,1,0,0,0,0,0,1,0,0,0,3,0,0,0,0,0,0,0,0,1,1,0,0,0,0,0,0,0,0,0,0,0
30,0.6,250,0.33,0.9,120,FALSE,TRUE,1300,201,42,3,7,9,14,5,4,5,4,43,5,1,0,1,5,2,1,1,1,8,6,3,0,0,1,3,1,1,1,1,4,1,0,0,2,0,0,0,1,0,3,0,0,0,0,0,0,0,1,0,2,0,0,0,1,1,0,1,1,0,0,0,0,0,0,0,0,1,1,0,0,0,0,1,0,0,0,2,1,0,0,0,0,0,0,0,0,0,0,0
40,0.9,200,0.81,0.6,190,FALSE,FALSE,1300,199,25,5,7,11,11,4,5,4,6,53,7,3,1,1,3,2,1,3,1,5,6,4,1,0,3,1,1,1,1,2,1,0,0,2,1,0,0,1,1,2,1,0,0,0,0,0,0,0,0,1,1,1,1,0,1,0,0,0,1,0,0,0,0,0,0,1,0,1,0,0,1,0,0,0,0,0,0,2,1,1,0,0,0,0,0,0,0,0,0,0
50,0.8,210,0.44,0.8,810,TRUE,FALSE,1300,196,38,6,3,8,15,3,5,6,6,44,6,1,1,4,5,2,3,2,0,5,6,3,0,1,0,2,0,0,2,0,2,0,0,0,2,0,0,0,0,0,1,0,0,0,1,0,0,0,0,2,0,0,0,0,1,0,0,1,1,1,2,0,0,0,0,0,2,0,1,0,0,0,0,0,1,0,0,0,2,0,0,0,0,0,0,0,0,0,0,0
80,0.6,250,0.36,0.5,350,FALSE,FALSE,1300,193,35,4,3,11,14,3,6,3,3,49,10,3,1,0,4,1,2,3,1,3,5,5,0,2,1,0,0,0,2,1,3,0,0,1,0,0,0,0,0,1,2,0,0,1,0,0,0,1,0,0,0,0,0,1,0,0,0,0,0,1,1,0,0,0,0,0,2,0,0,0,0,0,0,1,1,0,0,1,2,0,0,0,0,0,0,0,0,0,0,0
20,0.8,270,0.87,0.4,510,TRUE,TRUE,1300,200,41,4,4,9,9,7,3,6,5,53,9,1,0,2,1,4,1,0,3,2,4,4,0,1,1,1,1,1,1,1,3,0,0,0,0,0,0,0,1,2,3,0,0,0,0,0,0,0,0,1,3,1,0,0,0,0,0,0,0,0,0,1,0,0,0,0,0,1,1,0,0,0,0,0,1,0,0,2,2,0,0,0,0,0,0,0,0,0,0,0
40,0.8,200,0.84,0.8,230,FALSE,TRUE,1300,197,23,10,5,13,13,6,4,7,5,51,9,3,0,0,3,1,3,4,2,3,3,2,1,0,1,1,1,1,0,3,5,0,0,0,0,0,1,0,0,1,1,0,0,0,0,0,0,0,0,1,0,1,0,0,0,0,0,1,1,0,1,0,0,0,0,0,1,0,2,0,0,0,0,1,0,0,0,2,1,0,0,0,0,0,0,0,0,0,0,0
10,0.7,290,0.82,0.6,710,FALSE,TRUE,1300,199,36,6,4,8,10,7,2,3,7,47,12,1,3,2,6,2,1,4,0,6,1,3,1,0,2,1,1,2,2,0,0,1,1,0,0,0,0,0,1,0,1,1,2,0,0,0,0,0,0,1,1,1,0,0,0,0,0,0,1,1,0,0,0,1,1,0,2,1,0,0,0,0,0,0,0,0,0,1,2,0,0,0,0,0,0,0,0,0,0,0
90,0.8,130,0.85,0.8,320,FALSE,FALSE,1300,196,41,5,6,11,8,7,3,5,7,40,7,2,1,2,1,6,0,3,0,7,4,3,1,2,0,1,0,0,2,1,2,0,0,0,1,0,0,0,1,1,1,0,0,0,0,0,0,0,0,2,2,0,0,3,0,0,0,0,0,0,0,0,0,2,0,1,0,2,1,0,0,0,1,0,0,0,0,1,0,0,0,0,0,0,0,0,0,0,0,0
70,0.7,210,0.49,0.7,800,FALSE,FALSE,1300,197,43,1,6,9,10,7,2,5,8,43,9,0,2,3,2,4,1,0,0,5,6,1,2,0,0,0,1,2,6,1,3,0,1,0,0,0,0,0,0,1,2,0,0,0,0,0,0,1,0,1,2,0,0,0,0,0,0,0,0,0,0,1,0,0,1,0,0,1,0,0,0,0,1,0,0,0,0,2,1,1,0,0,0,0,0,0,0,0,0,0
20,0.8,140,0.39,0.9,190,FALSE,TRUE,1300,200,33,4,6,11,13,6,3,7,7,44,6,3,1,2,4,4,0,2,1,6,6,4,0,1,0,0,0,1,1,3,2,0,0,0,0,0,0,0,0,2,3,0,1,0,0,0,0,0,1,2,1,0,0,0,0,0,0,1,0,1,0,0,1,1,0,0,1,0,1,1,0,0,0,0,0,0,0,1,2,0,0,0,0,0,0,0,0,0,0,0
100,0.5,290,0.52,0.9,960,TRUE,FALSE,1300,203,45,3,1,8,8,6,5,2,6,56,8,3,0,2,4,2,1,2,0,3,6,1,0,1,3,1,2,0,1,2,4,1,0,0,0,1,0,0,0,1,1,0,0,0,0,0,0,0,0,1,2,1,0,0,0,0,0,1,1,1,0,0,0,0,1,0,0,3,0,0,0,0,0,0,0,0,0,0,3,0,0,0,0,0,0,0,0,0,0,0
80,0.9,160,1,0.8,640,FALSE,FALSE,1300,193,41,3,2,7,12,4,3,6,2,59,4,1,1,3,0,2,3,1,0,6,7,2,1,0,2,0,1,0,0,2,2,0,0,0,0,0,0,1,0,1,3,1,0,0,1,0,0,0,0,1,1,0,0,0,0,0,0,0,1,0,0,0,0,1,0,0,1,2,0,0,0,0,0,0,0,0,1,0,2,0,0,0,0,0,0,0,0,0,0,0
20,0.7,270,0.86,0.8,320,FALSE,TRUE,1300,206,37,3,0,8,17,2,4,5,3,64,9,2,1,0,4,1,2,3,0,5,8,1,1,0,1,1,0,1,2,4,1,1,0,0,0,0,0,0,0,1,1,0,0,0,0,0,0,0,1,0,3,0,0,0,0,1,0,0,1,0,1,0,0,0,0,0,0,2,0,0,0,0,1,1,1,0,0,1,0,1,0,0,0,0,0,0,0,0,0,0
10,0.5,200,0.32,0.7,190,FALSE,FALSE,1300,194,33,5,6,8,9,4,3,3,10,46,9,2,0,2,3,2,1,1,2,8,4,3,0,0,0,1,2,0,2,3,1,0,0,0,0,1,1,0,0,0,2,0,0,0,0,3,0,0,1,1,0,0,0,1,1,0,0,0,1,2,1,0,0,0,0,0,0,2,3,0,0,0,0,0,0,0,0,1,0,1,0,0,0,0,0,0,0,0,0,0
70,0.9,100,0.7,0.9,350,FALSE,FALSE,1300,195,35,5,2,6,15,6,3,5,7,53,8,2,0,2,4,3,2,2,0,2,0,3,2,1,2,2,0,1,1,2,1,1,0,0,0,0,1,0,0,1,1,1,0,0,0,0,0,0,1,0,2,1,0,0,0,0,0,0,0,0,0,0,0,0,1,1,0,2,2,0,0,0,1,0,0,0,0,2,0,1,0,0,0,0,0,0,0,0,0,0
20,0.6,230,0.93,0.5,190,TRUE,FALSE,1300,192,34,2,6,10,10,2,5,1,6,54,3,1,1,1,8,2,5,0,1,2,6,2,0,0,2,0,2,0,1,7,3,0,0,0,1,0,1,0,0,3,1,0,0,0,0,0,0,0,0,1,0,0,0,0,1,0,0,0,0,1,0,0,0,0,1,0,1,0,1,0,0,0,0,0,0,0,1,1,0,2,0,0,0,0,0,0,0,0,0,0
50,0.7,210,0.84,0.6,420,TRUE,TRUE,1300,210,41,3,4,6,5,4,1,5,3,63,13,1,1,1,6,6,3,1,2,4,8,1,1,0,0,0,1,0,2,4,1,0,0,2,0,1,0,0,0,2,2,2,0,0,0,1,1,0,0,2,0,0,0,0,1,0,0,0,0,0,0,0,0,0,0,0,0,0,1,0,0,0,0,0,0,1,0,2,0,2,0,0,0,0,0,0,0,0,0,0
50,0.9,150,0.83,0.9,960,TRUE,TRUE,1300,205,31,3,5,10,16,3,6,7,7,53,8,6,2,3,2,2,0,4,2,4,5,2,1,1,3,1,0,0,0,2,0,0,0,1,0,0,0,0,0,1,0,0,0,0,0,0,0,0,0,1,1,0,1,0,0,0,0,0,1,1,3,0,0,0,0,1,0,0,1,0,0,0,0,1,0,2,1,0,0,1,0,0,0,0,0,0,0,0,0,0
80,0.9,230,0.48,0.6,510,TRUE,FALSE,1500,184,35,0,2,9,7,6,4,3,6,51,10,3,0,2,6,2,1,1,1,4,2,2,0,0,5,1,0,1,2,2,1,0,0,0,0,0,0,0,0,2,1,0,0,1,0,0,0,0,0,0,1,0,0,0,0,1,0,0,0,1,1,0,0,0,1,0,0,1,1,0,2,0,1,0,0,0,0,0,1,0,0,1,0,0,0,0,0,0,0,0
50,0.6,150,0.93,0.8,410,TRUE,FALSE,1500,183,36,2,6,7,10,2,5,5,5,47,5,3,1,2,3,4,1,2,2,2,3,2,1,0,1,1,0,0,1,2,2,0,0,0,1,0,0,0,0,0,4,0,0,0,0,1,0,0,1,2,1,1,0,0,1,0,0,0,1,0,2,0,1,0,0,0,0,1,1,0,0,0,1,1,0,0,0,1,0,0,0,0,0,0,0,0,0,0,0,0
60,0.8,210,0.43,0.6,830,FALSE,FALSE,1500,188,25,6,1,10,6,4,4,7,4,58,10,2,0,3,3,3,2,2,3,5,4,2,0,0,0,0,0,0,1,2,1,0,1,1,0,1,0,0,1,3,2,0,0,0,0,0,0,0,0,0,0,1,0,0,0,0,0,0,0,0,2,0,0,0,0,0,1,0,1,0,1,0,1,1,1,0,0,1,1,0,0,0,0,0,0,0,0,0,0,0
80,0.5,130,0.77,0.6,810,FALSE,TRUE,1500,187,34,7,5,9,11,3,6,2,5,47,5,2,0,2,5,3,3,2,1,3,4,4,0,1,0,0,0,1,0,1,0,0,0,0,0,0,0,0,0,0,2,0,0,0,0,0,0,0,0,1,3,1,2,0,2,0,0,0,1,0,0,1,0,0,0,0,0,2,0,0,0,1,0,0,1,0,0,0,2,0,1,0,1,0,0,0,0,1,0,0
40,0.9,120,0.42,0.3,700,FALSE,TRUE,1500,184,33,4,3,10,13,2,7,5,4,37,5,0,1,6,4,3,0,3,6,5,2,3,0,1,0,3,1,0,1,1,2,0,0,0,0,0,0,1,0,0,2,2,0,0,0,0,0,0,0,2,3,0,0,1,2,1,0,0,1,0,1,0,0,0,0,0,0,1,0,0,0,0,0,0,0,0,0,2,1,0,0,0,0,0,0,0,0,0,0,0
80,0.7,220,0.86,0.9,830,TRUE,FALSE,1500,185,37,5,5,6,9,3,4,4,4,50,3,2,1,2,3,4,3,0,0,5,2,3,0,1,4,1,0,0,1,3,1,0,0,0,1,0,0,0,0,2,0,1,0,0,0,0,0,0,1,1,1,1,1,0,2,0,1,0,1,1,1,0,0,0,0,0,0,1,1,0,0,0,0,1,0,0,0,0,2,0,0,0,0,0,0,0,0,0,0,0
90,0.8,130,0.47,0.7,280,TRUE,TRUE,1500,187,35,2,7,5,11,8,1,8,1,55,6,2,0,2,2,0,3,1,0,5,5,2,1,1,0,2,0,0,0,2,1,0,1,1,0,1,0,0,0,1,0,0,0,0,0,0,0,0,0,2,2,0,0,0,1,0,0,1,2,1,0,1,0,0,0,0,0,0,1,1,1,0,0,0,1,0,0,0,1,1,0,0,0,0,0,0,0,0,0,0
20,0.6,300,0.71,0.8,570,TRUE,FALSE,1500,184,29,5,7,9,20,3,8,4,1,39,12,0,0,0,2,1,2,2,3,5,2,1,2,0,2,2,0,1,0,1,2,0,0,2,1,0,0,0,0,1,3,0,0,0,0,0,0,0,1,0,2,1,0,0,0,0,0,1,0,0,0,0,0,0,0,1,0,0,2,1,1,0,1,1,0,0,0,0,0,0,0,1,0,0,0,0,0,0,0,0
60,0.8,220,0.86,0.8,950,FALSE,FALSE,1500,177,30,4,5,6,14,2,5,3,2,48,8,3,2,2,5,1,3,1,1,4,2,4,0,0,1,1,0,0,0,4,1,0,0,1,0,0,0,0,0,0,2,0,0,1,0,0,0,0,0,0,4,0,1,0,0,0,0,0,0,1,0,0,0,0,0,0,0,2,1,0,0,0,0,2,0,0,0,1,0,0,0,0,0,0,0,0,0,0,0,0
30,0.5,120,0.8,0.4,650,TRUE,FALSE,1500,187,32,6,5,9,12,5,5,1,5,48,8,4,2,2,4,2,1,3,0,3,5,1,1,1,0,1,2,0,2,0,0,0,0,0,0,0,0,0,0,0,0,0,0,0,0,0,0,0,0,1,5,0,0,0,2,0,1,0,1,1,0,0,1,0,1,0,0,0,1,0,0,0,0,0,0,0,0,1,2,1,0,0,0,0,0,0,0,0,0,0
20,0.5,270,0.32,0.3,920,FALSE,FALSE,1500,184,41,2,5,5,11,5,3,4,3,53,5,1,2,0,5,3,0,1,0,5,1,3,1,1,1,1,0,0,1,1,2,0,0,0,0,1,0,0,0,0,2,0,0,0,0,1,0,0,0,1,5,1,0,0,0,0,1,0,0,0,0,0,0,0,1,0,0,1,1,0,0,0,0,0,0,1,1,1,0,1,0,0,0,0,0,0,0,0,0,0
80,0.7,220,0.92,0.5,820,TRUE,FALSE,1500,188,35,5,4,11,12,5,3,2,8,43,3,2,2,2,4,0,3,0,2,2,7,2,2,0,2,0,2,1,3,2,4,0,0,0,0,0,1,0,0,1,0,0,0,0,2,0,0,0,1,0,1,1,0,0,0,0,1,0,0,0,0,0,0,0,0,0,1,2,1,0,1,0,0,1,0,0,0,2,0,0,0,0,0,0,0,0,0,0,0,0
90,0.6,250,0.44,0.3,530,FALSE,FALSE,1500,183,26,6,3,11,15,4,2,4,11,40,8,3,2,3,2,0,5,1,2,4,6,2,0,0,0,1,0,0,0,4,1,1,0,0,1,0,0,0,0,0,1,1,1,0,1,0,0,0,0,0,3,0,0,0,1,0,0,0,0,0,2,0,0,0,0,0,0,3,0,0,0,0,0,1,0,1,1,0,0,0,0,0,0,0,0,0,0,0,0,0
30,0.9,200,0.45,0.7,930,TRUE,FALSE,1500,179,31,3,4,10,16,3,3,3,6,42,6,4,3,1,3,1,3,3,0,5,4,0,0,1,0,1,1,1,1,2,3,1,0,0,0,0,0,0,0,0,0,0,0,2,1,0,0,0,0,1,3,0,0,0,0,0,0,1,0,1,1,0,0,1,0,0,0,1,0,0,0,0,0,0,0,0,1,1,1,0,0,0,0,0,0,0,0,0,0,0
60,0.7,230,0.36,0.3,520,TRUE,TRUE,1500,177,33,4,1,10,8,6,4,2,3,47,4,2,0,5,4,5,2,0,1,6,8,1,1,0,0,0,1,3,0,0,3,0,0,2,0,0,0,0,1,1,0,1,0,0,0,0,0,0,0,0,1,1,0,0,0,0,0,0,0,0,1,0,0,1,0,0,0,1,0,0,0,0,0,1,0,1,0,1,1,0,0,0,0,0,0,0,0,0,0,0
40,0.6,120,0.68,0.6,460,FALSE,TRUE,1500,185,32,2,2,7,10,7,4,1,6,57,5,2,2,2,2,1,2,1,1,7,3,3,0,0,1,0,1,0,0,5,1,0,0,0,0,0,0,0,0,0,5,0,0,0,0,0,0,0,1,0,3,1,0,0,1,0,0,0,0,0,0,0,0,0,0,0,1,0,2,0,0,0,1,2,0,0,0,0,2,0,0,0,0,0,0,0,0,0,0,0
90,0.9,110,0.9,0.4,700,TRUE,TRUE,1500,184,33,4,4,5,7,8,1,5,5,52,8,2,1,4,2,1,0,2,2,9,2,1,0,2,0,2,0,0,1,2,1,0,0,1,0,0,0,0,0,1,1,0,0,1,0,0,1,0,0,1,4,0,0,0,0,0,0,0,1,0,1,1,0,0,1,0,1,1,2,0,0,0,0,1,0,0,0,0,0,0,0,0,0,0,0,0,0,0,0,0
10,0.8,140,0.86,0.3,200,TRUE,FALSE,1500,187,27,5,4,9,10,4,4,3,4,50,8,3,0,2,10,5,0,3,1,0,6,3,2,0,1,1,0,0,0,1,2,1,0,0,0,0,1,1,0,1,2,0,0,0,0,0,0,0,1,0,2,0,0,0,0,1,0,0,1,0,0,1,1,0,0,1,0,2,1,0,0,0,0,1,0,0,0,0,2,0,0,0,0,0,0,0,0,0,0,0
40,0.8,150,0.45,0.3,150,FALSE,TRUE,1500,185,36,3,6,12,13,5,7,3,5,37,6,2,0,0,6,1,2,0,2,1,6,2,1,0,1,3,1,3,0,1,2,1,0,0,0,0,0,0,0,0,3,0,0,0,2,0,0,0,1,0,2,0,0,0,1,0,1,1,0,0,0,0,0,0,0,0,0,1,2,0,1,0,0,0,0,0,0,1,0,1,0,1,0,0,0,0,0,0,0,0
10,0.6,250,0.57,0.8,780,FALSE,TRUE,1500,178,27,3,4,9,9,6,3,4,7,45,7,3,2,0,5,3,2,4,0,4,2,3,0,1,2,0,1,0,1,2,1,0,0,0,0,0,0,0,0,1,3,1,0,0,0,1,0,1,1,0,2,0,0,0,0,0,0,0,1,0,1,0,0,0,0,0,1,0,1,0,0,0,1,1,0,0,0,2,1,0,0,0,0,0,0,0,0,0,0,0
60,0.9,220,0.49,0.9,880,FALSE,TRUE,1500,182,35,4,3,10,14,1,3,2,4,45,2,4,1,1,4,2,3,1,2,7,7,2,0,1,1,0,2,0,1,0,2,0,0,0,0,0,0,0,0,0,1,0,0,0,1,1,0,0,0,0,4,1,0,1,0,1,0,0,1,0,1,0,0,1,0,1,0,1,1,0,0,0,0,0,0,0,1,0,1,1,0,0,0,0,0,0,0,0,0,0
10,0.8,230,0.68,0.5,800,FALSE,FALSE,1500,180,33,3,6,7,10,7,1,4,8,41,4,4,0,2,4,1,2,1,1,6,4,2,0,0,1,3,1,0,1,3,2,0,0,0,0,1,0,0,1,0,1,0,1,1,0,0,0,0,0,1,4,0,0,0,1,0,0,1,1,2,0,0,0,0,0,0,0,0,2,0,0,0,0,0,0,0,0,0,1,1,0,0,0,0,0,0,0,0,0,0
80,0.7,250,0.81,0.6,1000,TRUE,FALSE,1500,184,26,3,8,9,10,3,3,3,5,48,9,4,0,1,5,5,3,1,4,6,2,1,2,1,0,1,0,0,0,2,1,0,0,0,0,0,0,0,1,1,2,3,0,0,0,0,0,0,0,1,4,0,0,0,0,0,0,0,0,0,0,0,0,1,0,0,0,1,2,0,0,0,0,0,1,0,1,1,0,0,0,0,0,0,0,0,0,0,0,0
20,0.7,170,0.31,0.3,130,FALSE,FALSE,1500,183,25,4,6,10,15,5,3,3,7,41,10,0,0,1,4,3,5,2,2,3,5,4,1,1,0,0,2,0,1,2,1,0,1,0,0,0,0,0,1,1,2,0,0,0,0,0,0,0,1,0,1,1,0,0,0,0,0,0,2,0,1,0,0,1,0,1,1,1,0,0,1,0,0,0,0,0,1,1,0,0,0,0,0,0,0,0,0,0,0,0
70,0.7,250,0.64,0.3,710,FALSE,FALSE,1500,184,31,3,3,14,18,3,2,7,3,38,8,1,1,2,6,0,1,3,1,4,4,1,0,2,2,2,0,1,1,2,1,1,0,0,1,0,0,0,1,1,1,1,0,0,0,0,0,0,0,2,4,0,0,0,0,1,0,0,0,0,0,0,0,0,1,0,0,2,1,0,1,1,1,0,0,0,0,0,0,0,0,0,0,0,0,0,0,0,0,0
50,0.8,260,0.59,0.5,910,FALSE,FALSE,1500,179,33,5,3,6,5,6,5,7,5,50,7,1,1,4,2,2,0,1,2,4,3,1,1,2,0,1,0,1,2,2,1,0,0,0,0,0,0,0,0,1,1,0,0,0,1,0,0,0,1,0,4,1,0,0,0,0,0,0,1,0,1,0,0,0,0,0,0,0,2,0,0,0,0,1,1,1,0,0,1,0,0,0,0,0,0,0,0,0,0,0
30,0.8,120,1,0.7,230,FALSE,FALSE,1500,183,30,2,5,10,11,6,6,7,3,41,11,3,1,0,5,2,1,3,1,5,4,2,0,1,1,0,0,0,0,4,0,0,0,0,0,1,0,0,0,1,4,0,1,0,0,0,0,1,1,1,1,0,0,0,0,0,0,0,1,0,0,0,0,0,1,0,0,0,1,0,2,0,0,1,0,0,0,1,0,1,0,0,0,0,0,0,0,0,0,0
20,0.5,270,0.95,0.3,910,TRUE,FALSE,1500,183,28,5,6,12,12,7,2,5,9,40,5,4,0,4,3,2,1,2,2,2,9,0,0,0,0,2,0,0,0,3,1,0,0,0,0,0,0,0,1,0,1,0,0,0,1,0,0,0,2,1,3,0,0,0,0,0,0,0,2,0,2,0,0,0,0,0,0,0,0,0,0,0,0,3,0,0,0,1,1,0,0,0,0,0,0,0,0,0,0,0
50,0.6,160,1,0.9,950,TRUE,FALSE,1500,182,32,1,8,10,12,3,3,7,6,33,9,3,1,1,7,1,4,3,2,2,4,2,2,0,2,0,1,1,1,1,2,1,0,1,1,0,0,0,0,0,0,0,0,0,1,0,0,0,0,0,2,2,0,0,0,0,0,0,0,0,4,0,0,0,0,0,1,1,1,0,0,1,0,0,0,0,0,3,0,0,0,0,0,0,0,0,0,0,0,0
80,0.7,270,0.93,0.6,460,FALSE,FALSE,1500,186,26,7,7,4,7,5,3,6,6,50,13,1,0,2,4,4,3,2,0,2,4,2,1,1,1,1,0,1,3,4,2,0,0,0,0,0,0,0,0,1,2,0,0,0,0,1,0,0,0,0,2,0,0,0,0,0,0,0,1,0,1,1,0,0,0,0,0,0,1,0,0,0,0,0,1,1,1,2,0,0,0,0,0,0,0,0,0,0,0,0
70,0.6,240,0.83,0.8,790,TRUE,TRUE,1500,190,40,7,5,8,16,2,4,2,7,37,8,3,3,3,5,2,3,0,3,2,3,2,2,1,0,1,1,1,0,1,1,0,0,0,0,0,1,1,0,0,3,0,0,0,0,0,0,0,0,0,4,0,0,0,0,0,0,0,0,0,2,0,0,0,1,0,2,1,0,0,0,0,2,1,0,0,0,0,0,0,0,0,0,0,0,0,0,0,0,0
10,0.7,110,0.46,0.9,430,TRUE,TRUE,1500,182,26,8,4,10,15,8,4,5,6,41,7,4,1,0,5,0,1,3,2,0,4,3,0,0,0,1,0,1,1,2,2,0,0,0,1,0,0,1,0,0,0,1,0,0,1,0,0,0,0,1,6,1,0,0,1,0,0,0,0,0,0,0,0,0,0,0,1,1,0,0,0,0,0,0,0,2,0,2,0,0,0,0,0,0,0,0,0,0,0,0
10,0.5,190,0.84,0.3,840,TRUE,FALSE,1500,181,26,7,6,10,7,8,4,8,6,45,6,1,0,1,4,2,0,0,1,6,8,2,0,0,1,2,1,0,1,1,1,0,0,0,1,0,0,0,0,0,0,0,0,0,0,0,0,0,1,0,2,0,2,0,0,0,0,0,1,0,4,0,0,0,0,0,0,1,1,0,0,0,1,1,0,0,1,1,0,0,0,0,0,0,0,0,0,0,0,0
70,0.6,210,0.86,0.6,780,FALSE,TRUE,1500,183,28,3,3,9,16,4,4,4,7,50,7,2,3,0,2,3,3,0,2,1,7,0,1,1,0,1,0,0,1,1,2,0,0,0,0,0,0,0,0,0,2,0,0,0,0,1,0,0,1,0,4,0,0,1,2,0,0,0,2,0,1,0,0,0,0,0,0,0,1,1,0,0,1,1,0,0,0,1,0,0,0,0,0,0,0,0,0,0,0,0
20,0.7,190,0.38,0.6,300,FALSE,TRUE,1500,185,34,7,5,8,10,4,2,7,4,49,7,2,0,1,4,4,1,2,2,3,3,1,1,0,0,1,0,0,2,2,1,0,0,0,0,0,0,0,0,0,2,0,1,0,0,0,0,0,1,1,5,0,0,0,0,0,0,0,0,0,1,1,0,0,1,0,0,1,2,1,0,0,0,1,1,0,0,0,0,0,0,0,0,0,0,0,0,0,0,0
20,0.5,190,0.71,0.8,320,TRUE,TRUE,1500,185,36,2,2,6,10,6,3,7,7,47,1,3,0,1,6,4,1,3,1,2,6,4,1,0,1,1,0,0,1,2,2,0,0,0,0,0,1,0,0,0,3,0,0,0,0,1,0,0,0,1,3,1,0,0,0,0,0,0,3,0,0,1,0,0,0,1,0,1,1,0,0,0,1,0,1,0,0,0,1,0,0,0,0,0,0,0,0,0,0,0
30,0.6,200,0.67,0.4,130,TRUE,TRUE,1500,188,34,3,4,10,10,6,6,3,5,46,9,2,0,1,4,2,3,1,0,6,4,1,2,3,1,1,1,0,0,2,2,0,0,2,0,0,0,0,0,1,1,2,0,0,0,0,0,0,0,0,3,0,0,0,0,0,0,0,0,0,1,0,0,1,0,2,0,0,1,0,0,0,0,0,0,0,1,1,1,0,0,0,0,0,0,0,0,0,0,0
20,0.9,280,0.52,0.5,710,TRUE,TRUE,1500,182,35,2,5,8,12,3,4,3,3,48,4,5,0,0,7,0,4,0,1,5,4,2,1,0,2,1,1,0,0,4,1,0,0,0,0,0,0,0,0,1,3,0,1,0,0,0,0,0,0,1,2,0,1,1,0,0,1,0,0,0,0,0,0,0,0,0,0,1,2,0,0,0,0,1,0,0,0,0,2,0,0,0,0,0,1,0,0,0,0,0
30,0.9,200,0.46,0.5,750,TRUE,TRUE,1500,180,37,3,8,8,10,2,2,6,6,45,4,0,2,2,5,6,0,0,2,0,5,1,0,2,3,0,0,0,0,3,1,1,0,0,0,0,1,0,0,1,0,0,0,1,0,0,0,0,0,2,2,0,0,0,0,0,0,1,0,0,1,0,0,0,0,0,0,1,1,0,1,0,0,0,1,0,0,1,1,1,0,1,0,0,0,0,0,0,0,0
90,0.5,240,0.41,0.7,820,TRUE,FALSE,1500,184,30,2,8,7,11,3,4,4,8,50,8,3,0,4,5,2,1,0,2,4,3,1,0,1,0,0,1,1,1,2,1,0,0,0,0,0,0,0,0,0,6,1,0,1,0,0,0,0,0,0,1,0,0,0,0,0,0,0,0,0,1,0,0,0,0,0,0,2,1,0,0,1,0,1,1,0,0,1,1,0,0,0,0,0,0,0,0,0,0,0
90,0.5,220,0.75,0.7,670,FALSE,TRUE,1500,182,34,1,1,6,9,2,7,5,3,49,11,3,2,3,3,1,1,1,4,5,2,1,1,0,2,0,0,0,0,4,1,0,0,1,0,1,0,0,0,2,5,0,0,0,0,0,0,0,0,1,1,0,0,0,0,0,0,1,1,1,0,0,0,1,0,0,1,0,0,1,0,0,0,1,0,0,0,1,1,0,0,0,0,0,0,0,0,0,0,0
60,0.8,290,0.57,0.9,390,FALSE,TRUE,1500,189,30,4,4,7,12,5,4,8,4,44,10,3,2,5,2,2,2,3,3,3,4,3,0,1,1,1,0,0,2,4,2,0,0,0,0,0,0,0,1,0,1,0,0,0,0,0,0,0,0,1,1,0,0,0,0,0,0,0,1,0,2,1,0,0,1,1,0,0,1,0,0,0,0,1,1,0,0,0,0,2,0,0,0,0,0,0,0,0,0,0
70,0.5,220,0.39,0.6,770,FALSE,TRUE,1500,181,26,7,6,9,13,4,4,4,4,51,0,1,0,2,4,7,2,1,3,4,7,2,0,0,0,1,0,0,0,3,2,0,0,0,0,0,0,0,0,0,0,0,0,0,1,0,0,0,0,0,2,3,0,0,1,0,1,0,0,0,0,0,0,0,0,1,0,0,2,0,0,1,0,0,0,1,0,0,2,0,0,0,0,0,0,0,0,0,0,0
30,0.5,280,0.44,0.9,940,TRUE,FALSE,1500,179,33,5,4,11,11,2,8,4,6,36,9,3,1,2,4,2,1,4,2,1,2,1,1,0,2,2,0,0,2,2,2,1,0,0,0,0,0,0,1,0,2,0,0,0,0,0,0,0,0,0,3,1,1,0,0,0,0,0,0,0,0,0,1,0,1,0,0,1,1,0,0,1,0,0,0,0,2,0,1,0,0,0,0,0,0,0,0,0,0,0
90,0.6,100,0.35,0.5,860,TRUE,TRUE,1500,184,25,4,9,12,12,7,3,7,5,44,10,0,1,5,3,3,3,0,2,0,5,1,2,1,0,1,0,0,0,2,1,0,1,0,1,0,0,0,0,0,0,0,0,1,0,0,0,0,0,0,1,0,0,2,1,0,1,0,1,0,2,0,0,0,0,0,1,1,0,0,0,1,0,1,0,0,0,1,1,0,0,0,0,0,0,0,0,0,0,0
20,0.7,100,0.31,0.8,610,FALSE,FALSE,1500,178,31,5,5,8,8,6,3,3,6,48,4,2,1,3,5,1,1,1,0,3,4,2,0,2,1,0,2,1,1,4,1,0,0,0,0,0,0,0,0,0,2,0,0,0,1,1,0,0,0,0,2,0,0,0,1,0,0,0,1,0,2,1,0,1,0,0,0,1,0,0,0,0,0,0,0,0,0,2,1,0,0,0,1,0,0,0,0,0,0,0
20,0.8,180,0.98,0.3,1000,FALSE,FALSE,1500,180,29,2,5,7,10,7,2,3,6,47,7,3,2,3,5,2,4,1,1,4,2,1,0,2,1,1,0,0,1,0,3,1,0,0,0,0,0,0,0,3,0,0,1,1,0,0,0,0,2,0,2,2,0,0,0,0,0,0,0,1,0,1,0,0,1,0,0,1,0,1,0,0,0,0,1,0,0,2,0,0,0,0,0,0,0,0,0,0,0,0
70,0.7,140,0.95,0.9,920,TRUE,FALSE,1500,181,36,1,3,8,9,3,5,4,4,44,7,1,2,2,4,3,3,3,2,4,2,2,1,2,2,3,0,0,0,4,0,1,0,0,0,0,0,0,0,1,2,1,0,1,0,0,0,0,0,0,3,0,0,1,0,0,0,0,1,0,1,0,0,0,0,0,0,1,1,0,0,0,1,1,0,0,0,1,1,0,0,0,0,0,0,0,0,0,0,0
90,0.9,270,0.44,0.5,810,TRUE,FALSE,1500,186,30,1,5,12,10,5,2,6,5,52,5,3,1,2,0,4,1,1,2,6,3,1,0,0,1,1,2,0,1,3,1,0,1,1,1,0,0,0,0,2,1,0,0,0,0,1,0,0,0,1,3,2,0,0,0,0,0,0,0,0,1,0,0,0,1,0,0,1,2,0,0,0,0,0,0,0,1,0,2,0,0,0,0,0,0,0,0,0,0,0
80,0.9,300,0.53,0.5,170,FALSE,FALSE,1500,184,28,6,4,7,11,9,3,4,10,33,11,2,4,4,4,2,1,3,3,5,4,3,0,1,0,0,0,1,2,2,1,1,0,0,0,0,0,0,1,0,0,1,0,0,0,0,0,0,0,0,2,0,0,0,0,0,1,0,1,0,3,0,0,0,1,0,1,1,0,0,0,0,0,0,0,1,1,0,1,1,0,0,0,0,0,0,0,0,0,0
60,0.5,280,0.65,0.8,380,TRUE,FALSE,1500,184,24,5,4,16,8,6,3,4,7,46,4,2,0,2,4,4,2,1,3,5,4,1,0,1,1,1,0,1,1,4,4,0,0,0,0,0,0,0,0,0,4,1,0,0,0,0,0,0,2,1,1,1,0,0,0,0,0,0,0,0,0,0,0,0,1,0,0,1,1,0,0,0,1,0,0,0,0,2,1,0,0,0,0,0,0,0,0,0,0,0
90,0.8,220,0.59,0.8,930,FALSE,FALSE,1500,188,28,4,2,4,10,3,10,7,4,57,9,1,1,3,6,0,0,1,3,2,2,3,0,1,0,1,0,0,0,6,3,0,0,0,0,0,0,0,0,1,1,0,0,2,0,0,0,0,0,1,2,1,1,0,0,0,0,0,1,1,0,0,0,0,0,0,0,1,2,0,0,0,0,1,0,0,0,0,2,1,0,0,0,0,0,0,0,0,0,0
100,0.5,270,0.62,0.5,390,TRUE,TRUE,1500,186,34,4,5,7,13,4,6,5,3,43,5,1,4,3,2,3,1,1,3,5,3,2,0,2,2,0,1,0,1,4,2,0,0,0,0,0,0,0,0,1,3,0,0,1,0,0,0,0,0,2,0,1,0,1,0,2,0,0,0,0,0,0,0,0,0,0,0,1,1,2,0,0,0,1,0,0,0,1,1,0,0,0,0,0,0,0,0,0,0,0
90,0.6,270,0.74,0.9,930,TRUE,TRUE,1500,185,32,6,5,4,10,4,2,1,6,55,7,2,1,1,3,5,3,0,1,9,3,1,0,0,2,0,1,0,1,3,2,0,0,0,0,0,0,0,0,0,0,0,0,0,0,0,0,0,0,1,2,2,0,0,1,0,1,0,0,2,1,0,0,1,0,0,0,2,0,0,0,0,0,1,0,0,0,1,1,0,0,0,0,0,0,0,0,0,0,0
70,0.7,190,0.59,0.7,410,TRUE,TRUE,1500,184,35,5,5,8,11,1,3,6,2,51,5,2,2,2,4,2,2,2,1,6,2,4,0,0,1,1,0,0,1,3,2,0,0,0,0,0,0,0,0,0,1,0,0,0,1,1,0,0,0,0,2,0,1,0,0,0,1,0,0,0,1,0,1,0,0,0,0,2,1,0,1,0,0,1,0,0,0,0,2,0,0,0,0,0,0,0,0,0,0,0
80,0.5,220,0.34,0.4,550,TRUE,FALSE,1500,179,38,2,8,9,8,6,3,6,6,43,2,0,1,2,2,1,2,0,1,1,8,3,1,1,1,1,0,1,2,2,1,0,0,0,0,0,1,0,1,1,2,0,0,0,0,1,0,0,0,0,4,1,0,0,0,0,0,0,0,0,0,0,0,0,1,0,0,2,1,0,0,0,0,0,0,0,0,1,2,0,0,0,0,0,0,0,0,0,0,0
80,0.9,250,0.88,0.7,850,FALSE,TRUE,1500,186,35,4,6,12,6,5,4,10,6,38,6,1,0,1,5,1,0,2,5,3,3,4,1,0,1,3,0,1,0,2,1,1,1,0,0,0,0,0,0,1,5,0,0,0,0,0,0,0,1,0,4,0,0,0,0,0,0,0,0,0,0,1,0,0,1,0,0,2,1,0,0,1,0,0,0,0,0,1,0,0,0,0,0,0,0,1,0,0,0,0
80,0.9,220,0.54,0.9,260,FALSE,FALSE,1500,186,29,6,2,12,12,7,3,5,5,46,9,1,1,0,2,0,4,3,0,4,6,2,0,0,1,1,1,1,0,4,1,1,0,0,0,0,0,0,1,0,1,0,0,0,2,0,1,1,2,1,0,0,0,0,0,0,0,0,1,0,0,0,0,1,0,0,0,0,3,0,2,0,0,1,0,0,0,0,1,0,0,0,0,0,0,0,0,0,0,0
50,0.5,300,0.87,0.3,660,FALSE,FALSE,1500,180,35,4,1,9,6,5,6,4,3,51,7,4,0,1,3,0,1,2,2,7,1,2,0,3,0,1,0,1,1,1,2,0,1,0,1,0,0,0,2,0,0,0,0,0,0,0,0,0,0,2,3,0,0,0,0,0,0,0,1,1,0,1,1,1,0,0,0,0,0,0,0,0,0,0,0,1,0,1,2,0,0,0,0,0,0,0,0,0,0,0
90,0.6,210,0.71,0.3,180,TRUE,FALSE,1500,184,22,6,4,12,20,5,1,2,8,46,5,4,1,1,3,1,3,4,2,3,3,6,0,0,0,1,1,0,2,2,1,0,1,0,0,0,0,0,2,0,2,0,1,0,0,0,0,0,0,1,0,0,0,0,0,0,1,0,0,0,1,0,0,0,0,1,0,1,1,0,0,0,0,1,0,1,0,1,1,0,0,0,0,0,0,0,0,0,0,0
70,0.8,200,0.49,0.5,310,FALSE,TRUE,1500,188,31,4,2,12,14,2,4,7,4,56,5,0,1,2,6,1,2,2,0,0,7,1,0,0,3,0,2,0,1,3,3,0,0,0,0,0,0,0,1,2,1,0,0,0,0,0,0,0,0,0,1,0,0,0,0,0,0,1,0,0,0,0,0,2,0,0,0,1,0,0,1,0,0,0,0,0,0,2,1,0,0,0,0,0,0,0,0,0,1,0
100,0.6,300,0.58,0.9,630,FALSE,FALSE,1500,180,33,2,4,6,9,5,6,4,4,48,10,1,1,2,2,2,1,1,4,4,3,2,1,2,0,0,0,0,1,6,0,0,0,0,0,0,0,0,0,0,2,0,0,0,1,0,0,0,0,1,3,1,1,0,0,0,0,1,0,0,0,0,0,1,0,0,0,0,1,1,0,0,0,0,0,1,0,1,1,1,0,0,0,0,0,0,0,0,0,0
70,0.5,150,0.61,0.4,950,TRUE,FALSE,1500,186,36,3,0,8,6,6,6,6,3,56,8,2,2,1,3,0,1,1,3,3,1,2,1,2,2,0,1,0,2,2,0,0,0,1,0,0,1,0,0,1,1,0,0,0,0,0,1,0,0,2,5,0,0,0,0,0,0,0,1,1,0,0,0,0,0,0,0,1,1,0,0,0,0,2,0,0,0,0,0,2,0,0,0,0,0,0,0,0,0,0
40,0.9,210,0.56,0.4,280,TRUE,FALSE,1500,184,34,1,7,10,5,9,2,1,6,50,8,1,0,2,4,3,1,1,1,4,3,1,2,1,1,1,2,1,1,3,1,0,0,0,0,0,0,0,0,0,2,1,0,0,0,0,0,0,0,3,2,0,0,0,1,0,0,0,0,0,1,0,0,0,1,0,0,1,2,0,1,0,0,1,0,0,0,0,2,0,0,0,0,0,0,0,0,0,0,0
100,0.8,280,0.56,0.7,170,FALSE,FALSE,1500,184,27,3,4,9,11,4,3,8,4,53,7,3,0,1,6,4,0,1,1,4,5,0,0,0,1,1,0,2,0,4,1,0,1,1,1,0,0,0,0,0,2,0,0,0,0,0,0,0,0,1,2,2,0,0,0,0,0,0,0,0,0,0,0,1,0,1,0,1,0,0,0,0,0,0,1,0,0,2,2,0,0,0,0,0,0,0,0,0,0,0
80,0.5,280,0.96,0.5,1000,FALSE,TRUE,1500,187,36,5,6,11,11,5,3,7,5,44,3,2,2,0,3,3,1,4,0,1,8,2,0,1,1,2,0,0,1,1,3,1,0,0,0,0,0,0,0,1,2,1,0,0,1,0,1,0,0,0,0,0,0,0,1,0,0,0,1,1,1,0,0,0,1,0,0,1,0,0,0,0,0,1,0,0,0,1,2,0,0,0,0,0,0,0,0,0,0,0
20,0.8,210,0.33,0.9,110,TRUE,FALSE,1500,188,32,3,7,7,12,3,3,5,4,52,9,4,0,2,4,2,2,3,1,3,2,2,2,0,0,0,0,0,0,3,0,0,0,0,0,1,0,1,1,0,3,0,1,0,0,0,0,0,1,2,3,1,0,0,1,0,0,0,0,0,1,0,0,0,0,0,0,1,1,0,0,0,0,0,1,0,0,1,2,0,0,0,0,0,0,0,0,0,0,0
40,0.9,220,0.77,0.8,790,FALSE,FALSE,1500,184,39,1,5,9,10,4,5,4,1,50,6,2,0,2,2,2,2,1,3,6,4,2,0,0,2,2,0,0,0,3,0,0,0,0,1,0,0,0,0,0,0,0,0,0,0,0,1,0,0,0,5,0,1,0,0,0,0,0,0,0,2,0,0,0,1,0,1,0,2,0,1,0,0,1,1,0,0,0,1,0,0,0,0,0,0,0,0,0,0,0
50,0.7,110,0.54,0.7,140,FALSE,FALSE,1500,186,28,6,2,14,14,5,2,1,7,47,5,4,2,2,3,0,3,4,0,2,8,1,0,0,1,3,0,0,2,3,1,1,0,0,0,0,0,0,0,0,2,1,1,0,0,0,0,1,0,0,0,1,1,1,0,0,0,0,0,0,1,0,0,0,0,0,1,1,1,0,0,0,0,1,0,0,0,1,1,0,0,0,0,0,0,0,1,0,0,0
30,0.8,240,0.96,0.5,530,TRUE,TRUE,1500,181,34,3,3,7,4,5,1,4,6,52,6,0,2,5,2,5,3,0,1,3,3,3,0,0,4,0,1,1,1,0,2,0,0,0,0,0,0,0,0,1,3,0,0,1,0,0,0,0,0,2,0,1,0,1,0,0,0,0,1,1,0,0,1,0,1,0,1,0,1,2,0,0,0,0,0,0,0,1,2,1,0,0,0,0,0,0,0,0,0,0
20,0.7,130,0.34,0.4,870,TRUE,FALSE,1500,185,30,5,8,13,9,6,3,2,6,35,7,3,5,3,6,1,3,1,3,4,4,1,0,1,0,4,1,1,0,2,5,0,0,0,0,0,0,0,0,0,1,0,0,0,0,0,1,0,0,1,2,0,1,0,0,0,0,0,1,0,0,1,0,0,0,0,1,1,1,0,0,1,0,0,0,0,0,0,1,0,0,0,0,0,0,0,0,1,0,0
10,0.6,100,0.52,0.6,200,TRUE,TRUE,1500,184,35,6,2,6,8,3,6,3,4,50,6,2,1,4,5,2,3,1,2,5,2,2,2,1,0,0,2,1,1,0,2,0,2,0,1,0,0,0,0,1,1,0,0,0,0,0,0,0,0,1,1,0,0,0,1,0,1,0,1,0,2,0,0,0,0,0,0,1,2,0,1,0,0,1,0,0,0,1,0,0,0,0,0,0,0,0,0,0,0,0
70,0.7,130,0.44,0.6,750,TRUE,TRUE,1500,180,40,4,1,11,11,4,4,2,4,39,5,0,1,1,7,2,0,3,1,1,5,1,2,0,4,0,0,1,0,1,0,2,0,0,0,0,0,1,2,1,4,1,0,0,0,0,0,0,1,1,1,1,2,0,3,1,0,0,0,0,0,0,0,0,0,0,0,0,2,0,0,0,0,0,0,0,0,2,0,1,0,0,0,0,0,0,0,0,0,0
60,0.7,230,0.35,0.4,420,FALSE,TRUE,1500,188,35,3,4,8,16,2,3,4,7,48,9,1,2,0,2,2,2,1,1,4,2,4,1,1,2,0,1,1,1,4,2,0,0,0,0,0,0,0,1,0,1,1,0,0,0,1,0,0,0,0,3,0,0,0,1,0,0,0,0,1,0,0,0,0,0,0,0,1,1,0,1,0,0,0,0,0,2,0,1,1,0,0,0,0,0,0,0,0,0,0
50,0.7,150,0.69,0.6,700,TRUE,TRUE,1500,183,28,4,6,11,12,5,5,5,8,43,12,2,4,2,0,4,1,0,0,4,2,1,0,0,1,0,1,0,0,2,3,0,0,0,0,0,0,0,1,0,1,0,0,1,0,0,0,0,0,0,1,1,0,0,0,0,0,1,2,1,1,0,1,0,0,0,0,1,2,1,0,0,0,1,0,0,0,0,2,0,0,0,0,0,0,0,0,0,0,0
10,0.7,280,0.49,0.9,450,FALSE,FALSE,1500,183,31,4,7,8,8,6,5,8,6,39,10,2,1,2,6,0,2,2,4,2,4,2,1,1,1,0,0,0,1,1,1,1,0,0,0,0,0,0,0,1,4,0,1,0,0,0,0,0,0,0,1,1,0,0,0,0,0,0,0,0,2,0,0,0,0,0,0,1,1,0,1,0,0,1,0,0,2,2,0,0,0,0,0,0,0,0,0,0,0,0
90,0.6,120,0.43,0.8,480,TRUE,TRUE,1500,177,32,5,2,9,9,5,1,4,5,53,8,2,1,0,2,3,3,1,2,2,3,1,0,2,0,0,0,1,0,5,1,0,0,1,0,0,0,0,0,1,2,0,0,0,1,0,0,0,0,1,4,0,0,0,1,0,0,0,0,0,0,1,0,0,0,0,0,2,0,0,0,0,0,0,0,0,1,0,1,0,0,0,0,0,0,0,0,0,0,0
30,0.6,300,0.44,0.3,140,FALSE,TRUE,1500,186,30,2,6,11,6,5,3,2,7,49,2,2,0,2,6,2,2,1,5,5,5,2,0,2,1,2,1,1,0,3,0,2,0,1,1,0,0,0,1,1,2,0,0,0,1,0,0,0,0,1,1,0,0,0,0,0,0,1,1,0,0,0,0,0,1,1,0,0,1,2,0,0,0,0,0,0,1,2,1,0,0,0,0,0,0,0,0,0,0,0
80,0.5,100,0.79,0.5,710,FALSE,FALSE,1500,186,24,5,8,18,15,6,2,2,7,40,3,3,3,1,2,4,4,2,3,6,4,3,1,0,1,0,0,1,1,1,2,0,0,0,0,0,0,0,0,1,4,0,0,1,0,0,0,0,0,1,0,0,0,0,0,0,0,0,0,0,1,0,0,0,1,0,1,0,1,0,0,0,0,1,0,1,0,1,1,0,0,0,0,0,0,0,0,0,0,0
40,0.6,100,0.75,0.3,750,TRUE,TRUE,1500,187,33,1,3,14,9,3,3,3,8,48,7,4,2,1,6,1,4,3,3,2,8,0,0,0,0,1,0,0,0,3,1,1,0,0,0,0,0,0,0,0,1,0,0,1,1,0,0,0,1,1,0,0,0,0,1,0,0,0,0,0,2,0,1,0,0,0,0,1,1,0,0,1,0,0,0,0,0,0,4,0,0,0,0,0,0,0,0,0,0,0
90,0.6,180,0.65,0.5,110,FALSE,TRUE,1500,184,28,7,3,13,14,6,3,4,12,34,8,3,1,3,2,2,2,0,2,0,3,2,3,1,0,1,1,0,1,2,3,1,0,0,1,0,0,0,2,0,2,0,0,0,1,1,0,0,0,1,2,1,0,0,1,0,0,0,0,0,1,0,0,0,0,0,1,0,1,0,0,0,0,0,0,2,0,1,1,0,0,0,0,0,0,0,0,0,0,0
60,0.9,260,0.5,0.5,440,TRUE,TRUE,1500,183,40,2,6,9,5,4,2,7,7,44,6,2,2,2,4,4,0,2,2,3,2,2,0,2,0,1,0,1,1,2,2,0,0,0,1,0,0,0,0,0,2,0,1,0,0,0,0,0,0,0,2,1,0,0,1,0,0,0,0,0,2,1,0,0,0,0,0,2,2,0,1,0,0,0,0,0,0,1,1,0,0,0,0,0,0,0,0,0,0,0
30,0.6,250,0.33,0.9,120,FALSE,TRUE,1500,180,30,7,2,7,14,2,3,5,2,54,4,3,0,0,4,3,0,3,1,4,6,3,0,1,1,0,0,2,0,2,1,0,0,0,0,0,0,0,0,0,1,1,0,0,1,0,0,0,0,0,3,1,0,0,1,0,1,0,0,0,1,1,0,0,0,0,0,1,0,0,1,0,0,0,0,2,0,1,1,0,0,0,0,0,0,0,0,0,0,0
40,0.9,200,0.81,0.6,190,FALSE,FALSE,1500,179,35,5,5,3,6,6,2,3,4,55,5,1,0,2,5,1,2,2,0,0,3,2,1,3,0,2,0,0,1,5,0,0,1,0,1,1,0,0,1,2,2,0,0,0,0,0,0,0,0,0,3,1,0,0,1,0,0,1,0,0,1,0,0,0,0,0,0,1,1,1,0,0,0,0,0,1,0,0,1,1,0,0,0,0,0,0,0,0,0,0
50,0.8,210,0.44,0.8,810,TRUE,FALSE,1500,185,27,6,4,12,13,6,3,2,11,40,4,6,3,3,0,3,2,4,2,2,7,2,0,1,0,0,0,0,1,2,1,0,0,0,0,0,0,1,1,0,0,1,0,0,0,0,0,0,2,0,1,1,1,0,0,0,1,0,1,0,1,0,1,0,0,0,1,0,1,0,1,0,0,0,2,0,1,0,1,0,0,0,0,0,0,0,0,0,0,0
80,0.6,250,0.36,0.5,350,FALSE,FALSE,1500,182,35,2,2,7,7,4,5,4,4,51,6,0,2,1,7,1,0,3,2,6,5,1,0,2,1,0,0,1,0,0,3,1,0,0,1,0,0,0,0,1,3,0,0,0,0,0,0,0,1,2,2,1,0,0,1,0,0,1,1,1,0,0,0,0,0,0,0,1,1,0,0,0,0,0,0,1,0,0,1,1,0,0,0,0,0,0,0,0,0,0
20,0.8,270,0.87,0.4,510,TRUE,TRUE,1500,183,29,2,4,15,15,4,3,5,9,37,9,2,2,1,4,0,6,2,4,1,4,1,2,1,0,1,0,0,0,1,2,1,0,0,0,0,0,1,0,0,1,2,0,0,2,0,0,0,0,1,3,1,0,0,0,0,0,0,0,0,0,0,0,0,0,0,0,2,0,0,0,0,0,1,1,0,0,2,0,0,0,0,0,0,0,0,0,0,0,0
40,0.8,200,0.84,0.8,230,FALSE,TRUE,1500,176,29,4,5,6,9,3,7,3,1,47,8,5,1,1,7,1,4,3,0,3,5,2,0,0,0,0,1,2,1,3,0,1,0,1,0,0,0,0,0,1,2,0,0,0,0,0,0,0,0,0,3,1,0,0,0,0,0,0,0,0,1,0,0,0,0,0,0,1,1,0,0,0,1,2,0,1,0,0,0,0,0,0,0,0,0,0,0,0,0,0
10,0.7,290,0.82,0.6,710,FALSE,TRUE,1500,179,30,3,4,12,16,4,2,7,3,43,8,1,2,0,3,0,1,4,3,3,5,1,0,0,2,1,1,1,0,1,2,0,0,0,0,0,0,0,0,0,0,0,0,0,0,0,0,0,2,2,0,0,0,0,1,0,1,0,0,1,0,0,0,2,0,0,0,1,3,0,0,1,0,0,0,0,0,1,0,2,0,0,0,0,0,0,0,0,0,0
90,0.8,130,0.85,0.8,320,FALSE,FALSE,1500,182,34,3,4,14,9,5,1,6,9,36,9,1,2,1,5,5,2,3,2,2,2,4,0,3,0,0,0,1,1,2,0,0,0,0,0,0,0,0,0,1,2,0,1,0,0,0,0,0,0,0,2,1,0,0,0,1,0,0,1,0,1,0,0,1,0,1,1,0,0,0,1,0,0,0,1,0,0,1,1,0,0,0,0,0,0,0,0,0,0,0
70,0.7,210,0.49,0.7,800,FALSE,FALSE,1500,179,34,3,3,11,10,3,5,3,6,45,7,1,2,0,3,1,3,2,3,4,5,3,0,0,0,1,1,0,0,2,0,0,1,0,0,0,1,0,0,0,2,0,0,1,0,0,0,0,1,0,2,0,0,0,0,0,0,1,0,0,2,1,0,1,0,0,1,0,2,0,0,0,0,0,0,0,0,1,1,1,0,0,0,0,0,0,0,0,0,0
20,0.8,140,0.39,0.9,190,FALSE,TRUE,1500,185,32,5,3,9,11,7,7,2,5,45,7,1,0,3,3,3,0,1,2,2,4,2,0,2,0,0,2,0,0,4,1,0,1,2,0,0,1,1,1,2,1,0,1,1,0,0,0,1,1,1,0,1,0,0,0,0,0,0,0,0,1,0,0,0,1,0,1,1,0,0,0,1,0,1,0,0,0,0,2,0,0,0,0,0,0,0,0,0,0,0
100,0.5,290,0.52,0.9,960,TRUE,FALSE,1500,185,30,1,6,11,11,5,4,3,6,44,8,2,1,2,4,0,2,4,1,4,6,2,0,1,0,1,3,1,0,5,1,1,0,0,0,0,0,0,0,1,2,0,1,0,0,0,0,0,1,0,0,1,0,0,1,0,0,0,0,0,1,0,0,1,0,0,1,2,0,0,2,0,1,0,0,0,0,0,1,0,0,0,0,0,0,0,0,0,0,0
80,0.9,160,1,0.8,640,FALSE,FALSE,1500,184,35,5,6,9,11,6,4,7,8,42,7,2,0,0,3,1,0,1,2,2,2,6,1,1,0,1,0,1,0,1,0,0,0,0,0,0,0,0,1,1,2,0,0,0,1,0,0,1,0,0,5,0,1,0,0,0,0,0,0,1,1,0,0,0,0,0,0,1,1,0,0,0,0,1,0,0,2,0,1,1,0,0,0,0,0,0,0,0,0,0
20,0.7,270,0.86,0.8,320,FALSE,TRUE,1500,185,30,7,6,6,10,6,1,4,4,50,8,2,1,3,3,4,1,1,0,6,2,3,1,1,2,0,1,1,0,2,1,1,0,0,0,0,0,0,0,1,1,0,0,0,0,0,1,1,0,1,3,0,1,0,0,0,0,0,0,0,1,0,0,0,1,0,0,1,1,0,0,1,0,0,0,1,1,0,2,0,0,0,0,0,0,0,0,0,0,0
10,0.5,200,0.32,0.7,190,FALSE,FALSE,1500,183,33,5,4,12,10,4,3,2,7,44,6,3,4,1,3,3,3,1,2,3,2,1,1,2,1,1,0,1,0,2,0,0,0,0,0,0,0,0,1,0,1,3,0,0,1,0,0,0,0,2,2,0,0,0,0,2,0,0,0,0,1,0,0,0,0,0,0,2,2,0,0,1,0,0,0,0,0,1,1,0,0,0,0,0,0,0,0,0,0,0
70,0.9,100,0.7,0.9,350,FALSE,FALSE,1500,182,25,5,4,9,13,5,3,3,9,48,7,3,0,3,5,1,2,5,1,2,6,1,0,0,0,1,0,1,0,0,3,0,1,0,0,0,0,0,0,0,3,0,0,1,0,0,0,0,0,1,2,0,1,0,0,0,0,1,1,0,1,0,1,0,1,0,0,0,1,0,0,0,1,0,0,0,0,2,0,0,0,0,0,0,0,0,0,0,0,0
20,0.6,230,0.93,0.5,190,TRUE,FALSE,1500,184,30,2,1,5,14,1,7,7,4,51,6,5,0,1,11,1,0,1,3,3,5,2,0,1,1,1,0,1,0,4,1,0,0,1,0,0,0,0,0,1,1,0,0,0,0,0,0,0,0,1,4,0,0,0,0,0,0,1,0,0,1,0,0,0,1,0,0,1,0,0,0,0,0,0,0,0,0,2,1,0,0,0,0,0,0,0,0,1,0,0
50,0.7,210,0.84,0.6,420,TRUE,TRUE,1500,181,27,1,7,10,13,7,4,4,8,41,14,3,0,2,4,1,0,1,2,3,2,3,0,2,0,0,2,1,0,1,0,0,0,0,0,1,0,0,0,0,1,1,0,0,0,0,0,0,0,1,5,0,0,1,0,0,0,0,2,0,0,1,0,1,0,0,1,0,1,0,0,0,0,0,1,0,0,1,1,0,0,0,0,0,0,0,0,0,0,0
50,0.9,150,0.83,0.9,960,TRUE,TRUE,1500,179,30,1,3,10,14,5,2,3,10,44,6,2,1,0,3,2,2,2,1,4,1,4,1,4,1,0,1,1,1,1,0,0,0,1,1,0,0,0,0,1,0,0,0,1,0,0,0,0,0,1,1,1,1,0,0,0,0,0,0,3,1,0,0,0,0,0,0,2,1,0,0,0,0,0,3,0,0,0,1,1,0,0,0,0,0,0,0,0,0,0
80,0.9,230,0.48,0.6,510,TRUE,FALSE,1700,171,30,3,1,9,7,7,5,2,4,48,5,1,0,4,3,2,2,1,1,2,4,2,0,1,2,1,1,0,0,4,1,0,0,0,1,0,0,0,0,0,1,1,0,0,1,0,0,0,0,1,4,0,0,0,0,0,0,1,0,1,0,0,0,1,0,0,1,1,1,0,0,0,1,0,0,0,0,0,1,2,0,0,0,0,0,0,0,0,0,0
50,0.6,150,0.93,0.8,410,TRUE,FALSE,1700,163,35,2,3,3,8,7,3,1,4,44,2,0,2,2,7,2,3,2,3,2,2,2,0,2,1,1,0,0,1,4,1,0,1,1,0,0,0,0,0,0,1,0,0,0,0,0,0,0,0,2,0,0,0,0,0,0,0,1,1,2,0,0,1,1,0,0,0,1,0,0,0,0,0,1,0,0,0,1,0,1,0,0,0,0,0,0,0,0,0,0
60,0.8,210,0.43,0.6,830,FALSE,FALSE,1700,170,17,7,6,4,9,6,8,1,3,52,9,2,0,1,3,4,1,0,2,4,4,1,1,1,0,0,0,1,1,3,2,0,0,0,0,0,0,0,0,2,1,0,0,0,0,0,0,0,0,0,7,0,0,0,0,0,0,0,0,0,1,0,0,0,1,0,0,0,2,0,0,0,1,0,2,0,0,1,0,0,0,0,0,0,0,0,0,0,0,0
80,0.5,130,0.77,0.6,810,FALSE,TRUE,1700,170,27,4,2,7,8,6,4,3,4,44,7,2,3,0,7,3,2,1,1,1,4,0,1,2,1,2,0,0,0,5,2,1,0,0,0,0,0,0,0,2,3,1,0,0,0,0,0,0,0,0,1,2,1,0,0,0,0,0,0,0,0,0,0,0,1,0,1,0,1,0,0,0,1,0,0,0,0,2,1,0,0,0,0,0,0,0,0,0,0,0
40,0.9,120,0.42,0.3,700,FALSE,TRUE,1700,169,30,3,4,6,9,4,6,4,5,39,10,2,2,1,4,2,1,2,3,3,4,1,0,0,0,0,0,1,1,3,0,0,1,0,0,0,1,0,0,0,2,1,0,0,0,0,0,0,0,0,3,0,1,0,1,0,0,0,0,0,2,0,0,0,1,0,1,2,2,0,0,0,0,0,0,0,1,0,1,0,0,0,0,0,0,0,0,0,0,0
80,0.7,220,0.86,0.9,830,TRUE,FALSE,1700,169,29,2,4,12,10,4,2,8,1,36,8,2,0,0,6,4,1,0,1,5,2,3,0,4,0,2,0,0,3,0,1,0,0,0,0,1,0,0,0,1,5,0,0,0,0,0,0,0,0,0,1,0,0,0,0,1,0,0,2,0,1,1,1,1,0,0,0,1,0,0,0,0,0,0,0,0,0,1,2,1,0,0,0,0,0,0,0,0,0,0
90,0.8,130,0.47,0.7,280,TRUE,TRUE,1700,172,27,3,3,5,11,5,4,3,2,47,6,2,2,1,6,0,5,3,0,3,5,3,0,1,1,0,1,0,1,3,2,1,0,0,0,0,0,0,0,2,2,0,0,0,0,0,0,0,0,2,0,0,1,0,0,0,0,0,1,0,2,0,0,0,1,0,0,2,0,1,1,0,0,0,0,1,0,0,0,0,0,0,0,0,1,0,0,0,0,0
20,0.6,300,0.71,0.8,570,TRUE,FALSE,1700,167,26,5,6,5,9,5,2,4,5,40,10,2,0,2,6,3,2,0,1,5,4,0,1,1,1,1,0,1,0,3,3,0,0,0,0,0,0,0,0,1,0,0,0,0,0,0,0,0,0,0,3,0,0,0,0,0,1,0,1,0,2,1,0,0,0,0,0,1,1,0,0,0,0,2,1,0,0,0,0,1,0,0,0,0,0,0,0,0,0,0
60,0.8,220,0.86,0.8,950,FALSE,FALSE,1700,166,30,3,6,8,13,1,5,4,2,38,4,1,2,1,4,1,3,1,0,4,3,3,1,1,1,1,1,0,1,3,2,0,0,1,0,0,0,0,0,1,0,0,1,0,0,0,0,0,0,1,3,0,0,2,1,1,0,1,0,0,2,0,0,0,0,0,0,1,0,0,0,0,0,0,0,1,0,0,3,0,0,0,0,0,0,0,0,0,0,0
30,0.5,120,0.8,0.4,650,TRUE,FALSE,1700,171,24,8,4,5,9,7,3,4,5,42,10,2,0,0,7,1,0,4,1,3,4,1,0,0,2,3,0,0,0,2,1,0,0,0,0,0,0,0,0,2,2,1,1,0,0,0,0,0,0,0,4,0,0,1,0,0,0,0,1,0,0,0,0,0,0,1,1,1,2,0,0,0,0,0,1,0,0,1,0,1,0,0,0,0,0,0,0,0,0,0
20,0.5,270,0.32,0.3,920,FALSE,FALSE,1700,172,30,4,4,12,10,6,1,8,7,34,6,1,2,1,1,5,0,1,3,2,3,2,0,1,0,1,1,1,1,1,2,0,0,0,1,0,0,0,0,0,5,2,1,0,0,0,0,0,0,1,4,0,0,0,0,0,0,0,1,0,1,0,0,0,0,0,0,1,1,0,0,0,0,2,0,0,0,1,1,0,0,0,0,0,0,0,0,0,0,0
80,0.7,220,0.92,0.5,820,TRUE,FALSE,1700,171,31,2,4,5,7,3,6,4,3,49,8,1,0,3,6,1,1,1,1,7,1,0,0,2,2,0,0,0,0,3,0,2,0,0,0,0,0,0,1,0,2,1,0,0,0,1,0,0,1,0,3,1,0,0,1,0,0,0,0,0,3,0,0,0,0,0,0,1,1,0,0,0,0,1,0,1,0,0,0,1,0,0,0,0,0,0,0,0,0,0
90,0.6,250,0.44,0.3,530,FALSE,FALSE,1700,173,25,7,5,5,8,4,5,7,4,46,5,1,2,2,5,2,1,1,0,6,5,0,1,1,1,2,0,0,2,1,0,1,0,0,0,0,1,0,0,0,5,0,0,1,0,0,0,0,1,0,1,0,0,0,0,0,0,0,1,0,1,0,0,1,0,1,0,1,1,0,0,0,0,1,0,1,1,0,0,1,0,0,0,0,0,0,0,0,0,0
30,0.9,200,0.45,0.7,930,TRUE,FALSE,1700,164,32,1,4,9,12,3,4,2,7,31,7,2,1,1,5,2,1,4,3,3,3,1,1,0,1,0,1,2,0,1,4,0,2,0,0,1,0,0,0,0,0,0,1,0,0,1,0,0,0,1,1,0,1,2,0,0,0,1,0,0,2,0,0,0,0,0,1,0,1,0,0,0,0,0,0,0,0,1,0,1,0,0,0,0,0,0,0,0,0,0
60,0.7,230,0.36,0.3,520,TRUE,TRUE,1700,167,30,3,1,4,12,3,1,6,2,47,9,0,2,1,4,0,0,1,1,7,3,1,1,3,1,1,2,0,1,3,0,0,0,0,0,0,0,0,0,1,1,0,0,0,0,0,0,0,1,2,1,0,1,1,0,0,0,0,2,0,0,1,0,1,1,0,0,1,1,0,0,0,0,0,0,0,0,0,0,3,0,0,0,0,0,0,0,0,0,0
40,0.6,120,0.68,0.6,460,FALSE,TRUE,1700,173,27,4,3,11,8,6,3,4,3,41,7,3,1,3,4,2,4,1,1,4,4,1,1,1,1,1,1,0,0,4,0,2,0,0,0,0,0,0,0,1,4,0,0,0,2,0,1,0,0,0,1,0,0,1,0,1,0,0,0,0,1,0,0,0,0,0,0,2,1,0,0,0,1,0,0,0,0,0,1,1,0,0,0,0,0,0,0,0,0,0
90,0.9,110,0.9,0.4,700,TRUE,TRUE,1700,168,18,8,4,2,11,4,3,6,1,55,7,3,0,2,5,4,0,1,0,4,4,0,1,0,0,1,1,0,2,3,1,1,1,0,0,0,0,0,1,0,2,0,0,0,0,0,0,0,0,0,3,0,0,0,0,0,0,0,1,0,1,0,0,0,1,0,0,0,1,0,1,0,0,1,0,1,1,0,2,0,0,0,0,0,0,0,0,0,0,0
10,0.8,140,0.86,0.3,200,TRUE,FALSE,1700,171,25,7,4,6,7,6,4,3,4,46,4,5,1,3,4,4,4,0,1,3,7,1,0,0,1,0,1,0,0,1,1,0,0,0,0,0,0,1,0,0,3,1,0,0,1,0,0,0,0,0,4,1,0,0,0,0,0,0,0,0,1,0,0,0,0,0,0,1,2,0,0,0,1,2,0,0,0,1,0,0,0,0,0,0,0,0,0,0,0,0
40,0.8,150,0.45,0.3,150,FALSE,TRUE,1700,178,30,1,3,4,10,8,2,4,2,55,5,3,2,0,4,1,1,1,2,5,4,1,1,3,0,1,1,0,0,2,1,0,0,0,0,0,0,0,0,2,3,2,0,0,1,0,0,0,0,3,0,0,0,0,0,0,1,1,1,0,1,1,0,0,1,0,0,1,1,1,0,0,0,0,0,0,0,0,1,1,0,0,0,0,0,0,0,0,0,0
10,0.6,250,0.57,0.8,780,FALSE,TRUE,1700,168,21,4,5,7,10,4,3,5,6,43,4,5,1,1,6,2,3,1,0,3,4,0,1,0,1,0,0,0,1,3,3,0,0,1,1,0,1,0,0,0,4,0,0,0,0,0,0,0,1,0,2,0,1,0,0,0,0,0,0,0,1,2,0,0,0,0,0,1,1,0,0,1,0,1,1,0,0,2,0,0,0,0,0,0,0,0,0,0,0,0
60,0.9,220,0.49,0.9,880,FALSE,TRUE,1700,173,39,10,17,10,8,5,17,4,0,7,10,4,1,2,4,2,0,0,0,3,6,1,0,0,0,0,0,0,1,1,3,0,1,0,0,2,0,0,0,0,2,0,0,0,0,0,0,0,0,0,3,0,1,0,0,0,0,2,0,0,3,0,0,0,0,0,1,1,0,0,0,0,0,0,0,1,1,0,1,0,0,0,0,0,0,0,0,0,0,0
10,0.8,230,0.68,0.5,800,FALSE,FALSE,1700,169,31,2,2,7,11,4,2,3,4,45,6,1,4,3,3,1,0,2,0,5,2,1,2,3,1,1,1,0,0,1,0,1,0,0,0,1,0,0,0,0,0,0,0,1,1,0,0,1,0,0,2,1,0,2,0,0,0,0,2,1,1,0,0,0,1,0,0,1,0,0,0,1,0,0,0,0,1,0,2,2,0,0,0,0,0,0,0,0,0,0
80,0.7,250,0.81,0.6,1000,TRUE,FALSE,1700,167,28,6,3,6,7,3,0,7,6,41,8,2,1,1,5,3,1,5,1,2,1,1,0,0,1,3,0,1,0,1,0,2,0,0,1,0,0,0,0,1,0,0,1,1,0,1,0,0,1,1,4,0,1,0,0,1,0,0,2,1,0,0,0,1,0,0,0,1,0,0,0,0,0,0,1,0,0,1,2,0,0,0,0,0,0,0,0,0,0,0
20,0.7,170,0.31,0.3,130,FALSE,FALSE,1700,169,21,10,4,14,11,3,2,3,11,38,6,2,1,0,4,4,1,3,0,1,2,2,2,1,1,1,1,1,1,0,0,1,0,0,0,0,0,0,1,1,3,0,0,0,0,0,0,1,0,0,1,2,0,0,0,1,0,0,1,0,0,0,0,0,0,0,1,1,0,0,0,0,0,0,1,0,0,2,2,0,0,0,0,0,0,0,0,0,0,0
70,0.7,250,0.64,0.3,710,FALSE,FALSE,1700,167,28,4,5,5,12,3,3,2,3,44,8,3,1,1,5,1,2,2,0,4,4,1,1,0,3,0,0,0,1,2,1,0,0,1,0,0,0,0,0,3,2,1,0,0,0,0,0,0,0,1,1,1,0,1,0,0,0,0,0,0,1,0,1,0,1,0,1,0,1,0,0,0,0,0,0,0,0,1,1,1,0,0,0,0,0,0,0,0,0,0
50,0.8,260,0.59,0.5,910,FALSE,FALSE,1700,169,28,2,4,8,11,4,5,2,6,42,8,2,1,1,5,1,2,1,5,5,4,1,0,0,0,0,0,3,0,1,1,0,0,0,0,1,0,0,0,0,1,0,0,0,0,0,0,0,1,0,3,0,0,1,0,0,0,1,1,0,2,0,0,0,0,0,0,0,0,1,0,0,0,0,2,0,0,1,1,0,0,0,0,0,0,0,0,0,1,0
30,0.8,120,1,0.7,230,FALSE,FALSE,1700,166,30,2,2,7,11,3,4,5,2,42,5,2,0,2,7,3,1,2,3,3,3,0,1,3,1,1,0,0,1,2,0,0,0,0,0,0,0,0,0,1,1,1,1,1,0,0,0,0,0,4,0,0,0,0,0,0,0,0,0,0,0,0,1,1,1,0,0,2,3,0,0,0,0,0,0,0,0,1,0,1,0,0,0,0,0,0,0,0,0,0
20,0.5,270,0.95,0.3,910,TRUE,FALSE,1700,167,24,4,1,8,9,3,2,8,3,44,10,2,1,1,6,3,1,2,1,3,4,2,0,0,2,1,0,0,0,1,2,1,0,0,0,1,0,0,0,0,2,0,0,0,0,0,0,0,2,1,4,0,0,0,0,0,0,0,1,1,0,0,1,0,0,0,1,0,0,0,1,0,0,1,0,2,0,0,0,1,0,0,0,0,0,0,0,0,0,0
50,0.6,160,1,0.9,950,TRUE,FALSE,1700,168,33,1,3,7,10,5,4,6,4,40,8,1,1,3,7,2,3,0,1,3,1,1,2,1,1,1,0,0,0,0,0,1,1,0,1,0,0,0,0,0,2,2,0,0,0,0,0,0,0,2,1,1,0,0,1,0,0,0,0,0,0,1,0,1,0,0,0,1,1,0,1,0,0,0,0,1,0,2,0,0,0,0,0,0,0,0,0,0,0,0
80,0.7,270,0.93,0.6,460,FALSE,FALSE,1700,169,27,2,5,6,12,5,6,2,2,44,6,0,0,4,4,3,1,2,1,7,1,2,1,1,2,0,0,0,2,1,3,1,0,0,0,0,0,0,0,0,5,0,1,0,0,0,0,0,0,0,3,1,0,0,0,0,0,1,0,0,0,0,0,0,1,0,2,0,0,0,0,0,0,0,0,1,1,1,0,0,0,0,0,0,0,0,0,0,0,0
70,0.6,240,0.83,0.8,790,TRUE,TRUE,1700,169,33,3,0,6,11,6,4,6,7,44,9,1,2,3,3,1,0,0,1,3,1,0,0,2,0,1,0,1,1,1,2,2,0,0,0,0,0,0,0,2,1,0,0,1,0,0,0,0,0,0,2,0,0,1,0,0,0,0,0,0,1,0,0,1,1,0,0,2,0,0,0,0,0,0,0,0,0,1,2,0,0,0,0,0,1,0,0,0,0,0
10,0.7,110,0.46,0.9,430,TRUE,TRUE,1700,166,27,4,3,3,16,4,3,4,6,42,6,3,1,1,3,1,4,2,2,3,6,0,2,0,0,0,0,1,2,2,0,0,0,0,0,0,0,0,0,0,3,0,0,0,0,0,0,0,0,0,4,0,0,0,0,0,0,0,0,0,1,0,0,1,0,0,0,0,2,0,0,0,0,1,0,0,1,2,1,0,0,0,0,0,0,0,0,0,0,0
10,0.5,190,0.84,0.3,840,TRUE,FALSE,1700,166,32,2,3,6,13,3,3,5,3,42,5,0,2,2,4,0,2,0,1,4,2,2,2,3,2,1,0,1,0,4,0,1,0,0,0,0,0,0,1,2,1,1,0,0,0,0,0,0,0,0,2,1,0,0,0,0,1,0,2,0,0,1,0,1,0,0,0,0,1,0,0,0,0,0,0,0,0,0,2,1,0,0,0,0,0,0,0,0,0,0
70,0.6,210,0.86,0.6,780,FALSE,TRUE,1700,167,27,4,2,6,11,4,6,4,3,41,9,1,1,2,3,1,3,1,0,5,6,1,0,0,3,1,0,0,0,3,3,0,1,1,0,0,0,0,0,0,2,3,1,0,0,0,0,0,0,0,2,1,0,0,0,0,0,1,0,0,0,0,0,1,0,0,0,1,1,0,0,0,0,1,0,0,1,0,0,0,0,0,0,0,0,0,0,0,0,0
20,0.7,190,0.38,0.6,300,FALSE,TRUE,1700,173,30,3,3,8,11,3,4,7,2,37,8,1,3,4,2,4,1,0,2,7,4,2,1,1,2,1,1,0,1,1,0,0,0,0,0,0,0,0,0,1,2,2,0,0,1,0,0,0,1,1,3,0,0,0,0,0,0,1,2,0,0,0,0,2,0,0,0,0,1,1,0,0,0,0,0,0,1,1,0,0,0,0,0,0,0,0,0,0,0,0
20,0.5,190,0.71,0.8,320,TRUE,TRUE,1700,170,31,1,2,9,10,4,2,5,4,45,5,4,0,2,4,4,1,2,2,1,2,3,0,3,0,1,0,0,2,3,0,0,0,1,0,0,0,0,0,0,1,2,0,0,0,0,0,0,0,2,2,0,1,1,0,0,0,1,2,1,0,0,0,0,0,0,0,0,0,1,0,0,0,1,0,0,0,1,1,1,0,0,0,0,0,0,0,0,0,0
30,0.6,200,0.67,0.4,130,TRUE,TRUE,1700,173,27,3,2,5,13,4,2,8,2,47,6,2,3,3,5,2,0,1,2,3,4,2,0,2,1,0,1,0,1,4,0,2,0,0,1,0,0,0,0,0,1,0,1,1,0,0,0,0,1,0,3,0,0,0,0,0,1,1,1,0,0,0,0,1,0,0,0,1,1,0,0,0,0,0,0,0,0,1,1,1,0,0,0,0,0,0,0,0,0,0
20,0.9,280,0.52,0.5,710,TRUE,TRUE,1700,168,26,4,2,4,13,5,4,2,5,44,7,3,0,3,5,5,3,0,2,5,5,3,0,0,0,0,0,0,0,3,0,0,1,0,0,0,0,0,0,0,2,0,0,0,0,0,0,0,0,1,3,0,0,0,0,0,0,0,1,1,0,0,1,1,1,0,1,0,1,0,0,0,0,0,0,0,0,0,1,0,0,0,0,1,0,0,0,0,0,0
30,0.9,200,0.46,0.5,750,TRUE,TRUE,1700,172,29,5,5,6,11,2,1,4,3,44,7,1,2,3,1,1,2,4,4,6,4,1,1,0,0,2,1,1,0,2,2,0,0,0,1,0,0,0,0,1,3,0,1,0,0,0,0,0,0,0,1,1,0,0,0,0,0,0,1,1,1,1,0,0,1,0,0,0,2,0,0,0,0,0,1,0,1,0,1,0,0,0,0,0,0,0,0,0,0,0
90,0.5,240,0.41,0.7,820,TRUE,FALSE,1700,167,24,4,4,8,9,5,3,3,3,43,5,6,2,2,5,2,3,2,3,3,7,2,0,0,0,1,1,1,1,1,0,1,0,0,0,0,0,0,0,0,2,0,0,0,0,0,0,0,1,1,3,0,0,0,0,1,0,0,0,0,2,0,0,0,0,0,0,1,0,0,0,1,0,2,0,0,0,0,0,0,0,0,0,0,0,0,0,0,0,0
90,0.5,220,0.75,0.7,670,FALSE,TRUE,1700,173,28,2,8,9,15,9,2,2,8,34,7,2,0,1,0,2,2,0,1,3,6,3,2,1,1,2,2,0,1,1,3,0,0,0,0,0,0,0,0,1,1,0,0,0,0,0,0,0,0,1,5,0,0,1,1,0,0,0,1,0,1,0,0,0,0,0,1,0,0,0,0,0,0,0,2,1,0,1,0,0,0,0,0,0,0,0,0,0,0,0
60,0.8,290,0.57,0.9,390,FALSE,TRUE,1700,168,19,6,2,10,16,5,5,7,6,37,6,3,2,2,3,3,2,0,1,3,6,1,0,0,1,2,0,0,1,1,2,0,0,0,0,0,0,1,0,0,2,0,0,0,0,1,0,0,1,0,4,1,0,0,0,0,0,0,1,0,0,0,0,1,0,0,0,1,2,0,0,1,1,0,0,0,0,0,0,0,0,0,0,0,0,0,0,0,0,0
70,0.5,220,0.39,0.6,770,FALSE,TRUE,1700,167,31,3,3,3,9,6,3,1,5,50,7,1,1,1,4,1,3,0,2,4,3,1,0,1,0,2,1,0,0,2,1,1,0,0,0,0,0,0,0,4,1,0,0,0,0,0,0,0,0,1,2,1,0,0,0,0,0,0,1,0,1,0,0,0,0,0,0,1,1,0,0,0,0,1,1,0,0,0,2,1,0,0,0,0,0,0,0,0,0,0
30,0.5,280,0.44,0.9,940,TRUE,FALSE,1700,168,24,6,4,10,11,2,5,5,6,39,9,0,2,1,6,1,0,2,1,1,5,1,1,1,0,1,2,0,0,2,1,1,0,0,0,0,0,0,0,0,4,1,0,0,0,1,1,0,0,0,2,0,1,0,1,0,0,0,2,0,1,0,0,0,1,0,0,0,0,0,0,0,0,0,0,0,0,1,3,0,0,0,0,0,0,0,0,0,0,0
90,0.6,100,0.35,0.5,860,TRUE,TRUE,1700,168,18,7,4,2,15,3,3,6,4,50,8,2,1,2,3,0,2,2,1,5,3,1,3,0,1,1,0,0,1,2,0,0,0,0,0,0,0,0,1,0,2,0,0,0,0,0,0,0,0,1,3,0,0,0,2,0,0,0,2,1,2,0,1,0,0,0,0,2,1,0,0,0,0,0,0,0,0,1,0,0,0,0,0,0,0,0,0,0,0,0
20,0.7,100,0.31,0.8,610,FALSE,FALSE,1700,170,23,5,4,6,12,4,3,1,6,52,3,3,2,1,3,2,3,2,2,2,6,0,0,0,3,1,0,0,0,3,0,0,1,0,0,0,0,1,0,1,3,0,0,0,0,0,0,0,0,1,1,1,2,0,0,0,0,0,1,0,1,0,0,0,1,0,0,1,0,0,0,0,0,0,1,1,0,1,1,0,0,0,0,0,0,0,0,0,0,0
20,0.8,180,0.98,0.3,1000,FALSE,FALSE,1700,169,27,3,4,10,11,3,4,10,5,33,9,3,0,0,4,6,0,0,2,4,3,3,1,0,1,0,0,0,0,4,2,0,0,0,0,0,0,0,0,0,1,1,0,0,0,0,0,0,1,1,3,0,2,1,1,0,0,0,0,0,0,0,0,0,0,0,0,1,2,0,0,0,0,1,0,0,0,1,1,1,0,0,0,0,0,0,0,0,0,0
70,0.7,140,0.95,0.9,920,TRUE,FALSE,1700,165,28,4,6,7,11,4,1,4,5,37,7,2,2,2,4,0,3,2,1,2,2,1,3,0,2,2,2,0,0,2,0,0,0,0,3,1,0,0,0,0,2,0,0,0,1,1,0,0,0,1,2,1,1,0,0,0,0,1,0,1,0,0,0,0,0,1,0,2,0,0,0,0,0,0,0,0,0,0,2,0,0,0,0,0,0,0,0,0,0,0
90,0.9,270,0.44,0.5,810,TRUE,FALSE,1700,171,33,1,5,4,10,5,4,4,3,46,6,2,0,0,6,2,2,0,0,4,2,4,0,2,1,0,0,1,3,2,1,0,1,0,0,0,0,0,1,2,2,0,0,0,0,0,0,0,0,0,1,1,0,0,0,0,0,0,1,0,1,0,1,1,1,0,1,0,1,0,1,0,0,0,0,0,0,0,2,1,0,0,0,0,0,0,0,0,0,0
80,0.9,300,0.53,0.5,170,FALSE,FALSE,1700,165,29,4,2,4,10,5,2,4,5,50,5,1,0,1,2,1,2,1,1,3,6,3,1,1,1,0,1,2,0,4,1,0,0,0,0,0,0,0,0,0,2,0,0,0,1,0,0,0,0,1,2,0,1,0,0,1,0,0,0,0,2,0,0,0,0,0,0,2,0,0,0,0,0,0,0,0,0,0,2,0,0,0,0,0,0,0,0,0,0,0
60,0.5,280,0.65,0.8,380,TRUE,FALSE,1700,173,29,3,2,7,9,3,1,7,6,45,9,3,1,1,5,6,1,3,0,4,2,2,0,0,0,2,0,0,0,4,1,0,0,1,0,0,0,0,0,1,2,0,0,0,0,0,0,0,0,1,3,1,0,0,0,0,0,0,0,0,2,0,0,0,1,0,0,1,2,0,0,0,0,1,0,0,0,0,1,0,0,0,0,1,0,0,0,0,0,0
90,0.8,220,0.59,0.8,930,FALSE,FALSE,1700,166,23,7,1,7,11,5,1,5,7,45,4,0,0,1,4,1,2,3,1,7,9,2,0,0,0,0,0,2,0,2,4,0,0,0,0,1,0,0,0,0,3,0,0,0,0,0,0,0,0,0,1,0,0,0,0,0,0,0,0,0,1,1,0,0,0,0,0,1,1,0,0,0,1,1,0,0,0,2,0,0,0,0,0,0,0,0,0,0,0,0
100,0.5,270,0.62,0.5,390,TRUE,TRUE,1700,175,32,5,2,9,8,6,4,5,6,48,5,1,1,2,5,0,0,0,1,2,2,2,0,1,0,3,1,1,0,4,1,0,0,0,2,1,0,0,0,0,0,1,0,0,0,0,0,0,0,1,3,0,0,0,1,0,0,1,0,1,1,0,0,0,1,0,0,0,3,1,0,0,0,0,0,0,0,0,0,2,0,0,0,0,0,0,0,0,0,0
90,0.6,270,0.74,0.9,930,TRUE,TRUE,1700,168,26,3,4,5,14,3,2,2,8,43,3,5,2,3,3,0,3,0,2,2,7,1,0,1,2,0,0,1,0,5,0,0,1,0,0,2,0,0,0,0,1,0,0,0,0,0,0,0,0,1,4,0,0,0,1,1,0,0,1,0,0,0,0,1,0,0,0,1,1,0,0,0,0,0,1,1,0,0,1,1,0,0,0,0,0,0,0,0,0,0
70,0.7,190,0.59,0.7,410,TRUE,TRUE,1700,172,20,3,6,5,13,2,3,3,4,57,8,0,1,2,4,2,1,3,2,2,4,2,0,1,0,2,0,0,1,3,0,2,0,0,0,0,0,0,0,0,4,0,0,0,0,0,0,0,0,0,5,0,0,0,0,0,0,0,0,0,1,0,0,0,1,0,0,1,1,0,0,0,1,0,0,0,0,3,0,0,0,0,0,0,0,0,0,0,0,0
80,0.5,220,0.34,0.4,550,TRUE,FALSE,1700,167,25,5,2,8,9,2,6,2,8,46,6,2,1,0,4,1,1,2,1,6,3,1,1,1,2,1,1,0,0,1,1,1,0,1,0,0,0,0,0,2,1,0,0,0,0,0,0,0,0,1,5,0,0,0,0,0,0,0,0,1,0,1,0,0,1,0,0,1,1,0,0,0,0,0,0,0,1,2,0,0,0,0,0,0,0,0,0,0,0,0
80,0.9,250,0.88,0.7,850,FALSE,TRUE,1700,170,23,2,4,12,12,3,4,7,4,42,8,3,2,3,3,2,2,0,2,4,4,2,0,0,0,2,0,1,0,2,0,0,1,0,0,0,0,0,1,0,1,0,0,0,0,0,0,0,1,0,2,1,2,1,0,0,0,1,0,0,1,0,0,0,1,0,1,1,0,0,0,0,0,1,1,0,0,0,1,0,0,0,0,0,0,0,0,0,0,0
80,0.9,220,0.54,0.9,260,FALSE,FALSE,1700,168,20,6,4,6,11,7,2,3,5,48,7,1,0,2,3,1,2,0,1,7,3,2,0,0,2,0,0,3,0,1,2,1,0,0,0,1,1,0,0,0,3,0,0,0,0,0,0,0,0,0,5,0,0,0,1,0,0,0,0,0,2,0,0,0,0,1,0,1,0,0,0,0,0,0,0,1,0,1,2,0,0,0,0,0,0,0,0,0,0,0
50,0.5,300,0.87,0.3,660,FALSE,FALSE,1700,166,30,3,6,10,13,3,5,2,6,36,7,4,0,0,2,2,1,2,3,2,4,1,1,2,1,0,1,0,0,0,0,0,0,0,0,0,0,0,0,0,5,0,0,0,0,0,0,0,3,0,3,0,1,0,0,0,0,1,0,0,1,0,0,0,0,1,0,1,0,0,0,0,0,1,1,0,0,1,1,0,0,0,0,0,0,0,0,0,0,0
90,0.6,210,0.71,0.3,180,TRUE,FALSE,1700,164,30,1,3,9,8,6,1,4,6,41,5,4,3,2,3,0,4,2,0,2,2,1,0,2,3,2,1,0,1,1,1,1,0,0,0,0,0,1,0,2,1,1,1,0,0,0,0,0,0,0,1,2,0,0,0,1,0,0,1,0,0,0,0,0,1,0,0,1,1,0,0,0,0,0,0,0,0,0,1,1,0,0,0,0,0,0,0,0,0,0
70,0.8,200,0.49,0.5,310,FALSE,TRUE,1700,166,33,4,1,8,11,4,3,3,5,39,3,0,3,1,4,4,2,0,2,8,3,2,1,0,2,1,0,0,0,0,2,0,0,0,0,0,0,0,0,1,1,0,0,0,0,0,0,0,0,2,3,0,1,0,0,1,0,0,1,0,1,0,1,0,0,0,1,0,0,0,0,0,0,2,0,0,0,0,2,0,0,0,0,0,0,0,0,0,0,0
100,0.6,300,0.58,0.9,630,FALSE,FALSE,1700,166,18,4,3,10,13,4,6,3,4,44,8,2,0,2,3,3,3,1,1,6,4,1,1,2,0,0,1,1,1,2,1,0,0,0,0,0,0,0,0,0,1,0,0,0,0,0,1,1,0,0,4,0,0,0,0,0,0,0,1,0,0,0,1,0,0,0,0,0,1,0,1,0,0,0,2,0,0,2,0,0,0,0,0,0,0,0,0,0,0,0
70,0.5,150,0.61,0.4,950,TRUE,FALSE,1700,164,20,7,3,6,8,5,2,5,7,50,5,4,2,0,2,4,3,0,2,5,7,1,0,1,0,0,0,1,0,1,0,0,0,0,0,0,0,0,0,3,0,1,0,1,0,0,0,0,1,0,4,0,0,0,0,0,0,1,0,0,0,0,0,1,0,0,0,0,0,0,0,0,0,0,1,0,0,0,1,0,0,0,0,0,0,0,0,0,0,0
40,0.9,210,0.56,0.4,280,TRUE,FALSE,1700,169,33,3,3,9,7,6,3,4,4,42,6,0,0,0,5,4,2,1,1,3,2,2,0,1,2,1,1,0,1,5,1,1,0,0,0,0,0,0,0,0,1,1,0,0,0,0,0,0,1,0,5,0,0,0,0,0,0,0,1,0,0,1,0,0,1,0,0,1,1,0,0,0,1,1,0,0,0,0,1,1,0,0,0,0,0,0,0,0,0,0
100,0.8,280,0.56,0.7,170,FALSE,FALSE,1700,167,25,2,5,7,10,2,6,4,5,43,6,0,2,0,8,3,2,0,1,4,3,4,0,2,1,0,0,1,0,3,1,1,0,0,0,0,0,0,0,0,3,0,0,0,0,0,0,0,0,0,6,0,0,0,1,0,0,0,1,0,1,0,0,0,0,0,1,1,0,0,0,0,0,1,0,1,1,0,0,0,0,0,0,0,0,0,0,0,0,0
80,0.5,280,0.96,0.5,1000,FALSE,TRUE,1700,167,23,4,5,10,7,6,0,3,9,43,6,3,1,2,2,0,2,2,1,1,3,3,1,3,3,0,0,1,2,2,1,1,0,0,0,0,0,0,0,0,4,0,0,0,1,0,0,0,0,1,2,0,0,0,0,1,1,0,1,0,0,0,0,0,0,0,0,1,0,1,0,0,0,1,0,0,1,1,1,1,0,0,0,0,0,0,0,0,0,0
20,0.8,210,0.33,0.9,110,TRUE,FALSE,1700,165,28,3,5,8,14,4,4,4,5,38,4,1,2,3,3,1,1,2,0,2,2,1,0,2,2,1,2,2,0,1,1,0,0,0,0,1,0,0,1,1,4,0,0,0,1,0,0,0,0,1,2,0,0,1,1,0,0,0,1,0,0,0,0,0,0,0,0,2,0,0,0,0,0,1,0,1,0,1,1,0,0,0,0,0,0,0,0,0,0,0
40,0.9,220,0.77,0.8,790,FALSE,FALSE,1700,165,24,6,2,9,11,4,4,3,8,42,7,1,3,4,0,2,0,3,0,3,5,2,1,0,2,1,1,0,0,2,1,0,0,0,0,0,0,0,0,0,2,0,0,0,0,0,0,0,0,0,1,0,1,0,0,0,0,0,1,0,2,0,0,0,1,0,0,1,0,0,2,0,0,1,0,0,1,1,1,0,0,0,0,0,0,0,0,0,0,0
50,0.7,110,0.54,0.7,140,FALSE,FALSE,1700,168,27,2,3,7,11,4,3,4,3,50,8,1,2,0,6,1,1,4,0,2,2,2,1,0,0,1,2,0,0,2,2,0,0,0,0,0,0,0,0,0,2,2,1,0,1,0,0,0,0,0,4,0,0,0,1,0,0,1,0,0,1,0,0,0,0,0,0,0,1,0,0,0,0,1,1,1,0,1,0,0,0,0,0,0,0,0,0,0,0,0
30,0.8,240,0.96,0.5,530,TRUE,TRUE,1700,171,26,1,4,5,10,4,4,4,5,43,12,1,1,2,3,2,3,1,3,2,5,1,0,1,1,2,1,1,0,3,1,2,0,0,0,0,0,0,0,3,2,0,0,0,0,0,0,0,0,0,2,0,1,1,0,0,0,0,2,0,1,1,0,1,0,0,0,2,0,0,0,0,0,0,0,0,0,0,2,0,0,0,0,0,0,0,0,0,0,0
20,0.7,130,0.34,0.4,870,TRUE,FALSE,1700,171,30,4,4,8,14,2,3,4,5,39,7,0,3,0,4,1,2,3,1,4,0,3,2,1,1,1,2,0,0,2,1,0,0,1,0,0,1,0,0,0,4,1,0,0,0,2,0,0,0,1,0,0,2,0,1,0,0,0,2,1,1,0,0,0,0,0,0,1,1,0,0,0,0,0,0,0,0,0,1,1,0,0,0,0,0,0,0,0,0,0
10,0.6,100,0.52,0.6,200,TRUE,TRUE,1700,173,18,8,7,8,10,5,3,6,5,53,6,0,1,3,6,1,2,1,0,2,1,3,0,1,1,1,0,0,1,1,2,1,0,0,0,0,0,0,0,0,3,1,0,0,0,0,0,2,1,0,0,0,1,1,0,0,0,0,2,0,0,0,0,0,0,1,0,1,0,0,0,0,0,1,0,0,0,0,2,1,0,0,0,0,0,0,0,0,0,0
70,0.7,130,0.44,0.6,750,TRUE,TRUE,1700,170,24,5,2,11,9,7,4,0,11,46,5,3,0,2,5,0,3,1,1,2,3,2,0,3,0,1,1,0,0,1,0,1,1,0,1,0,0,0,0,2,1,1,0,0,0,0,0,0,1,0,3,0,0,0,1,0,0,1,0,0,1,2,0,0,0,0,0,0,0,0,0,0,0,0,0,0,2,0,1,0,0,0,0,0,0,0,0,0,0,0
60,0.7,230,0.35,0.4,420,FALSE,TRUE,1700,175,30,6,2,6,9,4,2,7,7,46,6,0,0,3,2,2,1,2,1,4,5,3,2,1,1,2,1,0,0,3,1,0,0,0,0,1,0,0,0,1,1,0,0,1,0,0,0,0,0,0,3,0,1,0,0,0,0,0,2,1,0,0,1,0,1,1,0,0,1,0,0,0,0,0,0,0,0,0,0,1,0,0,0,1,0,0,0,0,0,0
50,0.7,150,0.69,0.6,700,TRUE,TRUE,1700,167,28,4,5,7,13,2,5,2,5,42,5,1,0,2,0,1,1,3,4,4,3,0,1,2,1,0,0,0,0,6,2,0,0,0,0,0,0,0,0,1,2,1,0,0,1,0,0,0,0,0,2,0,0,0,0,0,0,0,2,2,0,1,0,0,1,0,0,1,1,0,0,0,0,0,0,0,2,0,1,1,0,0,0,0,0,0,0,0,0,0
10,0.7,280,0.49,0.9,450,FALSE,FALSE,1700,167,27,1,4,6,9,3,5,2,4,43,11,2,0,1,3,4,1,2,1,4,2,2,2,1,0,1,2,0,2,1,2,0,1,2,0,0,0,0,0,0,3,1,0,0,0,0,0,0,0,0,1,0,0,2,0,0,0,2,1,1,0,1,0,0,1,0,0,1,0,0,0,0,0,0,0,0,0,0,3,0,0,0,0,0,0,0,0,0,0,0
90,0.6,120,0.43,0.8,480,TRUE,TRUE,1700,169,30,3,3,4,10,1,5,5,3,49,3,0,1,2,5,2,1,0,2,3,6,2,1,1,0,2,1,1,1,2,1,0,1,0,0,0,0,0,0,3,1,1,0,0,0,0,0,0,1,0,2,1,0,0,1,0,1,0,2,0,1,0,0,0,0,0,0,0,2,0,0,0,0,0,1,0,0,0,1,1,0,0,0,0,0,0,0,0,0,0
30,0.6,300,0.44,0.3,140,FALSE,TRUE,1700,168,31,4,6,6,11,7,1,6,1,41,4,1,2,2,5,3,2,3,1,2,0,4,0,1,1,2,0,0,1,1,0,0,2,0,0,0,0,0,0,2,1,0,1,0,0,0,1,0,0,1,2,0,0,0,0,1,0,0,0,2,1,0,0,0,0,0,0,1,1,0,0,0,0,0,1,0,0,1,2,0,0,0,0,0,0,0,0,0,0,0
80,0.5,100,0.79,0.5,710,FALSE,FALSE,1700,166,27,3,3,2,10,6,2,2,7,44,9,1,0,3,5,1,3,0,0,9,4,0,1,0,1,0,2,0,0,3,0,1,1,1,0,0,1,0,0,2,1,0,0,0,0,0,0,0,0,3,2,0,0,0,0,0,0,1,1,0,0,1,0,1,0,0,0,1,0,0,0,0,0,0,0,0,0,0,1,1,0,0,0,0,0,0,0,0,0,0
40,0.6,100,0.75,0.3,750,TRUE,TRUE,1700,168,26,4,3,4,10,5,6,2,2,52,3,2,1,0,6,1,4,2,0,7,6,1,0,0,0,1,0,0,2,1,1,0,1,0,0,0,0,0,0,0,5,0,0,0,0,0,0,0,0,0,1,0,0,0,0,0,0,0,0,0,3,0,0,0,0,0,0,1,2,0,0,0,0,1,1,1,0,0,1,0,0,0,0,0,0,0,0,0,0,0
90,0.6,180,0.65,0.5,110,FALSE,TRUE,1700,170,30,2,5,7,9,5,5,2,3,42,5,1,1,2,4,2,3,0,3,3,1,3,1,0,1,2,2,1,1,7,2,0,0,1,0,0,1,0,0,1,1,0,0,0,0,0,0,0,0,0,2,1,0,0,0,0,0,0,2,1,0,0,0,0,1,0,0,1,0,0,0,0,0,1,0,1,0,0,0,2,0,0,0,0,0,0,0,0,0,0
60,0.9,260,0.5,0.5,440,TRUE,TRUE,1700,169,31,2,6,10,10,3,5,1,4,44,3,4,1,1,2,1,1,2,2,2,8,1,0,2,2,1,0,0,0,3,0,0,0,0,0,0,0,0,1,0,3,0,0,0,0,0,0,0,0,0,4,0,0,0,0,0,0,0,1,0,2,1,0,0,0,0,0,1,0,0,0,0,0,2,1,0,1,0,1,0,0,0,0,0,0,0,0,0,0,0
30,0.6,250,0.33,0.9,120,FALSE,TRUE,1700,167,27,4,3,8,10,4,5,2,6,39,6,0,1,2,4,1,2,1,2,5,5,1,2,1,0,0,0,1,1,3,2,0,0,0,1,0,0,0,0,2,5,0,0,0,0,0,0,0,0,1,2,1,0,0,0,1,0,0,0,0,0,0,0,1,1,0,0,1,1,0,0,0,0,0,0,0,1,1,1,0,0,0,0,0,0,0,0,0,0,0
40,0.9,200,0.81,0.6,190,FALSE,FALSE,1700,168,30,4,3,5,12,4,4,6,2,44,6,0,1,2,5,2,2,1,3,4,5,1,0,2,0,2,0,0,0,1,0,1,0,0,0,0,0,0,0,1,2,0,0,0,0,0,0,0,0,0,3,0,0,1,0,0,0,0,1,1,2,0,0,2,0,0,1,0,0,0,0,0,0,1,0,0,0,1,1,0,0,0,0,0,0,0,0,0,0,0
50,0.8,210,0.44,0.8,810,TRUE,FALSE,1700,167,22,5,5,6,8,6,9,2,5,41,8,0,1,2,5,4,1,1,1,5,5,2,1,0,2,0,0,0,0,2,2,0,0,0,0,0,0,0,0,0,3,0,0,0,0,0,0,0,0,1,5,0,0,0,0,0,0,1,1,0,1,0,0,0,1,0,0,1,0,0,0,0,0,1,1,1,0,0,0,0,0,0,0,0,0,0,0,0,0,0
80,0.6,250,0.36,0.5,350,FALSE,FALSE,1700,164,28,4,3,5,7,8,3,2,5,49,8,0,0,2,5,1,2,0,1,2,1,2,1,1,4,1,0,1,0,3,0,0,0,0,0,0,0,0,0,2,2,2,0,0,0,0,0,0,0,1,1,1,0,0,0,0,0,0,0,0,0,0,0,1,0,0,0,1,1,1,0,0,0,0,1,0,0,0,1,1,0,0,0,0,0,0,0,0,0,0
20,0.8,270,0.87,0.4,510,TRUE,TRUE,1700,168,23,2,8,8,14,6,2,6,4,46,4,0,1,1,3,1,2,1,1,3,4,3,0,1,0,2,0,0,1,3,1,1,1,0,0,0,0,0,0,1,3,0,0,0,0,0,0,0,0,0,5,0,0,0,0,0,1,0,1,0,0,0,0,0,1,0,0,1,0,0,0,0,1,0,0,1,0,1,0,0,0,0,0,0,0,0,0,0,0,0
40,0.8,200,0.84,0.8,230,FALSE,TRUE,1700,169,17,6,7,4,10,5,1,6,10,49,10,0,1,0,4,0,2,0,1,1,2,1,2,0,1,1,1,1,2,3,2,1,0,0,1,0,0,0,0,1,0,1,0,0,0,0,0,1,0,0,5,0,0,0,1,0,0,0,0,2,2,0,0,0,0,0,0,2,0,0,0,0,1,0,0,0,0,0,1,1,0,0,0,0,0,0,0,0,0,0
10,0.7,290,0.82,0.6,710,FALSE,TRUE,1700,170,28,2,8,5,13,4,3,5,5,39,8,2,1,1,4,1,4,2,1,3,3,5,0,0,0,0,0,1,0,1,3,0,3,0,0,0,0,0,0,1,0,1,0,0,0,0,0,0,0,0,4,0,0,0,0,1,0,0,0,1,0,1,0,0,1,0,0,1,1,0,0,0,0,1,0,0,1,1,1,0,0,0,0,0,0,0,0,0,0,0
90,0.8,130,0.85,0.8,320,FALSE,FALSE,1700,169,20,6,5,12,10,11,1,5,7,33,10,2,4,1,3,4,1,2,2,2,5,1,1,0,0,2,0,0,0,1,0,0,0,0,1,0,0,0,0,1,2,0,0,0,1,0,0,0,0,3,2,0,0,0,0,0,0,1,2,0,0,0,0,2,0,0,0,1,1,0,0,0,0,0,0,0,0,1,1,0,0,0,0,0,0,0,0,0,0,0
70,0.7,210,0.49,0.7,800,FALSE,FALSE,1700,173,31,1,2,6,11,2,4,4,3,48,6,1,2,1,6,2,3,1,2,3,3,3,1,1,2,1,0,0,0,4,1,0,0,0,0,0,0,0,0,1,2,1,0,0,1,0,0,0,0,0,3,1,1,0,0,2,0,1,1,0,0,0,0,0,1,0,0,0,1,0,0,0,0,0,1,0,0,0,1,1,0,0,0,0,0,0,0,0,0,0
20,0.8,140,0.39,0.9,190,FALSE,TRUE,1700,166,28,6,2,8,10,5,2,4,8,36,6,0,1,1,2,2,2,1,2,1,4,3,2,0,0,3,0,2,1,5,1,0,0,0,0,0,0,0,0,0,4,0,0,0,0,0,0,0,0,2,4,1,1,0,0,0,0,0,1,0,1,0,0,0,1,0,0,1,1,0,0,0,0,0,1,1,0,0,0,0,0,0,0,0,0,0,0,0,0,0
100,0.5,290,0.52,0.9,960,TRUE,FALSE,1700,166,22,6,7,10,10,7,3,5,8,37,6,3,3,0,5,1,2,2,1,1,3,0,1,0,0,0,1,2,0,1,1,0,0,1,1,0,0,1,0,0,0,0,1,0,1,1,0,0,1,0,3,1,0,1,0,1,0,0,1,0,0,0,0,0,0,0,0,2,1,0,0,0,1,0,0,0,0,0,1,0,0,0,0,0,0,0,0,0,0,0
80,0.9,160,1,0.8,640,FALSE,FALSE,1700,166,31,5,3,6,11,2,3,4,0,47,4,3,0,0,5,4,0,3,4,5,4,3,0,0,0,1,0,0,0,3,1,0,0,0,0,0,0,0,0,1,2,0,0,0,0,0,0,0,0,0,4,0,0,0,0,0,0,1,0,0,2,0,0,0,0,0,0,0,1,0,1,0,0,1,1,0,0,1,0,0,0,0,0,0,0,0,0,0,0,0
20,0.7,270,0.86,0.8,320,FALSE,TRUE,1700,173,19,3,3,7,10,5,4,7,4,53,7,3,1,0,3,2,1,1,2,3,7,1,1,0,0,1,0,2,0,4,1,1,1,0,0,0,0,0,0,1,4,1,0,0,0,0,0,0,0,1,1,0,0,0,0,0,0,0,1,0,1,1,0,0,0,0,0,1,1,0,0,0,1,0,2,0,0,0,0,0,0,0,0,0,0,1,0,0,0,0
10,0.5,200,0.32,0.7,190,FALSE,FALSE,1700,161,28,2,3,5,10,6,4,6,6,43,11,1,0,2,2,4,0,1,2,0,2,1,2,1,2,0,1,0,1,3,0,0,0,0,0,0,0,0,1,1,0,0,0,0,0,0,0,0,0,0,3,0,0,0,0,1,0,0,1,1,0,0,1,0,0,0,0,1,0,0,0,0,0,1,0,0,0,1,1,0,0,0,0,0,0,0,0,0,0,0
70,0.9,100,0.7,0.9,350,FALSE,FALSE,1700,169,29,4,2,7,11,5,3,3,2,45,7,2,1,1,3,1,6,1,0,5,1,2,3,1,0,2,0,1,1,1,0,1,0,0,0,0,0,0,0,2,0,0,0,0,1,0,0,0,0,3,2,1,0,1,1,0,0,1,1,0,0,0,0,0,0,0,0,2,0,0,0,0,0,0,0,0,0,0,2,2,0,0,0,0,0,0,0,0,0,0
20,0.6,230,0.93,0.5,190,TRUE,FALSE,1700,170,18,7,9,4,15,5,5,3,4,49,8,2,0,4,4,1,1,1,0,5,5,0,0,1,1,0,0,1,0,1,0,0,0,0,0,0,0,0,0,0,2,0,0,0,0,0,0,1,0,1,5,0,0,0,0,0,0,0,0,0,0,0,0,1,0,0,0,1,2,0,0,0,0,0,1,0,0,1,1,1,0,0,0,0,0,0,0,0,0,0
50,0.7,210,0.84,0.6,420,TRUE,TRUE,1700,167,24,5,2,7,7,5,3,3,8,43,9,1,3,5,4,4,2,2,1,2,3,1,0,0,0,1,1,1,1,4,1,0,0,0,0,0,0,0,0,1,1,0,1,0,0,1,0,0,1,0,1,0,0,0,1,0,0,0,1,2,1,0,1,0,1,0,0,1,0,0,0,0,0,0,0,0,0,0,0,1,0,0,0,0,0,0,0,0,0,0
50,0.9,150,0.83,0.9,960,TRUE,TRUE,1700,170,20,3,4,9,8,4,4,3,10,55,4,3,0,0,5,3,1,0,0,6,5,1,2,0,0,1,0,2,0,2,2,0,0,0,1,0,0,0,0,0,0,1,0,0,0,0,0,0,0,0,4,0,0,0,0,0,0,0,0,0,1,0,0,0,0,0,0,0,1,0,1,0,0,2,1,0,0,1,0,0,0,0,0,0,1,0,0,0,0,0
80,0.9,230,0.48,0.6,510,TRUE,FALSE,1800,162,24,6,5,8,8,5,1,8,6,40,6,1,1,0,3,2,4,0,0,2,4,0,0,1,2,1,1,0,1,4,0,2,0,0,0,0,0,0,0,0,1,1,0,0,0,0,0,0,0,2,3,1,0,0,0,0,1,0,2,1,1,0,0,0,1,0,0,0,1,0,0,0,0,0,0,0,1,0,1,0,0,0,0,0,0,0,0,0,0,0
50,0.6,150,0.93,0.8,410,TRUE,FALSE,1800,166,19,5,4,4,10,3,2,6,6,55,7,0,3,0,5,3,1,2,0,3,1,1,0,0,2,0,0,1,0,2,5,0,0,0,1,0,0,0,0,0,1,0,0,0,0,0,0,0,3,0,3,1,0,0,0,0,0,0,0,0,1,0,0,1,0,1,0,0,1,0,1,0,1,0,0,1,0,1,0,0,0,0,0,0,0,0,0,0,0,0
60,0.8,210,0.43,0.6,830,FALSE,FALSE,1800,164,23,6,5,5,12,3,5,3,7,40,4,3,0,2,4,1,3,3,1,5,5,0,0,0,1,0,1,1,0,3,1,0,0,0,0,0,0,0,1,0,4,0,0,0,1,0,0,1,1,0,2,0,0,0,0,1,0,0,0,0,1,1,0,0,0,0,0,1,0,0,0,0,0,0,0,0,0,2,2,0,0,0,0,0,0,0,0,0,0,0
80,0.5,130,0.77,0.6,810,FALSE,TRUE,1800,169,18,3,6,14,12,4,7,4,2,44,6,2,1,1,3,4,1,1,3,5,2,1,1,1,0,0,0,0,2,4,3,1,0,1,0,0,0,0,0,1,1,0,0,0,0,0,0,0,0,0,2,0,0,0,1,0,0,1,0,0,0,0,0,0,1,1,0,0,1,0,1,0,0,0,0,1,0,2,0,0,0,0,0,0,0,0,0,0,0,0
40,0.9,120,0.42,0.3,700,FALSE,TRUE,1800,165,22,8,2,5,9,4,4,2,5,54,2,3,1,0,6,3,1,2,0,2,3,2,0,0,0,1,0,0,0,2,2,0,0,0,0,0,0,0,0,1,5,0,1,0,0,0,0,0,0,0,1,0,0,0,0,0,0,1,1,0,2,1,1,0,1,0,0,2,3,0,0,0,0,0,0,0,0,0,1,0,0,0,0,0,0,0,0,0,0,0
80,0.7,220,0.86,0.9,830,TRUE,FALSE,1800,165,23,3,7,10,9,6,3,4,5,40,7,0,3,0,2,2,3,4,3,3,5,1,1,0,1,1,1,0,1,1,2,0,0,0,0,0,1,0,1,0,1,0,0,0,0,0,0,0,0,0,2,0,0,0,1,0,0,0,1,0,2,0,0,0,0,0,1,0,1,0,0,2,0,0,0,0,0,1,1,0,0,0,0,0,0,0,0,0,0,0
90,0.8,130,0.47,0.7,280,TRUE,TRUE,1800,160,24,4,6,4,13,7,1,1,5,48,6,3,0,1,3,0,2,4,0,1,4,0,0,1,1,1,2,1,0,2,1,0,0,0,0,1,0,0,1,0,2,0,0,0,0,0,0,0,0,0,4,0,0,0,0,0,0,1,0,0,1,1,0,0,1,0,0,0,1,0,0,0,0,0,0,0,0,2,0,0,0,0,0,0,0,0,0,0,0,0
20,0.6,300,0.71,0.8,570,TRUE,FALSE,1800,169,19,3,5,9,11,1,2,4,5,49,5,2,1,3,4,2,3,1,0,4,4,2,0,0,1,2,0,0,3,2,2,1,0,0,0,1,0,0,1,0,2,1,0,0,0,0,1,0,0,1,3,0,0,0,1,0,0,1,0,0,2,1,0,0,0,0,0,1,0,0,0,0,0,0,0,1,0,2,0,1,0,0,0,0,0,0,0,0,0,0
60,0.8,220,0.86,0.8,950,FALSE,FALSE,1800,164,21,2,5,12,15,3,4,4,6,37,7,4,2,1,3,2,3,3,0,2,2,2,0,2,2,0,0,2,0,0,2,0,0,0,0,0,0,0,0,0,3,0,0,0,1,0,0,0,0,0,0,1,0,1,0,1,0,0,1,0,0,0,1,0,0,0,0,1,1,0,1,0,0,0,0,1,0,1,1,1,0,0,0,1,0,0,0,0,0,0
30,0.5,120,0.8,0.4,650,TRUE,FALSE,1800,155,22,4,4,12,9,7,2,6,2,36,7,0,0,2,2,2,3,0,3,1,6,3,0,1,2,3,0,0,2,1,0,0,0,0,0,0,0,0,0,1,1,0,0,0,0,0,0,0,0,0,3,0,0,0,0,0,0,0,2,0,1,1,0,0,1,0,0,2,0,0,0,0,0,0,0,0,0,2,0,0,0,0,0,0,0,0,0,0,0,0
20,0.5,270,0.32,0.3,920,FALSE,FALSE,1800,161,22,4,3,9,11,5,2,7,4,43,7,2,1,2,3,0,3,2,1,4,1,4,0,0,0,0,1,1,0,2,1,0,0,0,0,0,0,0,0,1,2,1,0,0,1,0,0,0,0,1,5,0,0,0,1,0,0,0,0,0,0,0,0,0,0,0,0,1,1,0,0,1,0,0,0,0,1,0,1,0,0,0,0,0,0,0,0,0,0,0
80,0.7,220,0.92,0.5,820,TRUE,FALSE,1800,169,19,3,5,8,10,6,3,5,7,47,9,4,0,3,2,0,3,1,1,6,3,1,1,0,2,0,0,0,0,2,1,0,0,1,0,0,0,0,0,0,1,0,0,0,0,0,0,0,0,0,2,0,0,0,0,0,0,0,3,1,2,0,0,0,0,0,0,0,3,1,0,0,0,1,1,1,0,1,0,0,0,0,0,0,0,0,0,0,0,0
90,0.6,250,0.44,0.3,530,FALSE,FALSE,1800,165,24,6,4,3,9,4,3,2,4,51,4,4,1,1,4,2,2,1,2,4,5,1,0,0,1,0,1,1,0,3,1,0,0,0,0,0,0,0,0,1,3,0,1,0,0,0,0,0,0,0,1,2,0,0,0,0,0,0,1,0,2,0,0,1,0,0,0,1,1,0,1,0,0,1,0,0,0,1,1,0,0,0,0,0,0,0,0,0,0,0
30,0.9,200,0.45,0.7,930,TRUE,FALSE,1800,163,29,4,2,6,15,5,1,4,6,39,3,3,1,2,6,1,3,2,2,2,3,0,0,1,2,2,0,0,1,0,1,0,0,0,0,0,0,0,0,2,3,1,0,0,0,0,0,0,0,0,2,0,0,1,0,0,0,0,1,0,2,0,0,0,0,0,0,1,0,0,0,0,0,2,1,0,0,1,1,0,0,0,0,0,0,0,0,0,0,0
60,0.7,230,0.36,0.3,520,TRUE,TRUE,1800,167,18,6,1,8,7,4,8,4,5,54,6,1,1,2,2,2,1,1,1,6,3,2,0,1,2,0,0,0,0,4,2,0,0,1,0,0,0,0,0,0,4,0,0,0,0,0,0,0,0,0,1,0,0,0,0,0,0,0,2,0,1,1,0,0,1,0,0,0,1,0,0,0,0,1,2,0,0,0,0,1,0,0,0,0,0,0,0,0,0,0
40,0.6,120,0.68,0.6,460,FALSE,TRUE,1800,165,25,5,3,10,12,8,0,2,6,41,4,3,1,2,5,0,1,0,2,4,3,2,1,0,4,1,1,0,1,2,0,0,0,0,0,0,0,0,0,0,1,1,1,0,0,0,0,1,0,0,5,0,0,0,0,0,0,0,1,0,1,0,0,0,0,0,0,0,2,0,0,0,0,1,0,1,0,1,0,0,0,0,0,1,0,0,0,0,0,0
90,0.9,110,0.9,0.4,700,TRUE,TRUE,1800,164,24,5,1,9,15,2,2,4,2,47,4,1,0,2,4,3,2,0,2,3,5,3,0,1,1,0,0,0,0,3,1,0,0,0,0,1,0,0,2,1,1,2,0,0,0,0,0,0,0,0,1,0,0,1,0,0,0,0,0,0,0,0,1,0,0,0,1,0,1,0,2,0,1,1,0,0,0,0,2,1,0,0,0,0,0,0,0,0,0,0
10,0.8,140,0.86,0.3,200,TRUE,FALSE,1800,158,28,4,5,3,10,2,1,4,6,43,6,2,2,0,7,1,5,0,1,4,2,0,0,0,2,1,0,0,1,1,2,1,0,0,0,0,0,0,0,0,2,0,0,0,0,0,0,0,0,0,5,0,0,0,0,0,0,0,0,1,2,0,0,1,0,0,1,0,0,0,1,0,0,0,0,0,1,0,1,0,0,0,0,0,0,0,0,0,0,0
40,0.8,150,0.45,0.3,150,FALSE,TRUE,1800,162,25,4,4,8,9,6,3,3,6,39,9,3,1,0,4,1,0,2,1,5,2,1,0,0,0,2,2,2,0,4,0,0,0,0,0,0,0,0,0,0,2,1,1,0,0,0,0,1,0,0,4,0,0,0,0,0,0,1,0,0,0,1,0,0,0,0,0,1,1,0,0,0,0,1,0,0,0,1,1,1,0,0,0,0,0,0,0,0,0,0
10,0.6,250,0.57,0.8,780,FALSE,TRUE,1800,165,29,3,3,7,6,3,7,6,6,39,4,4,1,2,7,2,1,0,0,4,1,2,1,1,2,1,1,0,0,3,2,1,0,0,0,1,1,0,0,1,0,0,0,0,0,0,0,0,1,0,4,1,0,0,1,0,0,0,0,0,1,0,0,0,0,0,0,2,1,0,0,0,0,0,0,1,0,1,1,0,0,0,0,0,0,0,0,0,0,0
60,0.9,220,0.49,0.9,880,FALSE,TRUE,1800,163,22,5,4,7,16,3,1,2,6,36,9,2,1,2,3,4,2,7,2,2,3,3,2,0,0,0,0,1,0,1,1,0,1,0,0,0,0,0,0,0,0,0,0,0,0,0,0,0,1,0,6,0,0,0,0,0,0,1,0,0,1,0,0,0,1,0,0,0,1,0,1,1,0,0,0,1,1,0,1,0,0,0,0,0,0,0,0,0,0,0
10,0.8,230,0.68,0.5,800,FALSE,FALSE,1800,162,26,3,5,9,11,3,5,4,6,36,4,3,2,1,5,3,1,1,1,4,2,2,1,1,0,2,0,0,1,2,3,0,0,0,1,0,0,0,0,1,3,0,0,0,0,0,0,0,0,2,2,0,0,0,1,1,0,0,0,0,0,0,0,0,0,0,1,1,0,0,0,1,0,1,0,0,0,1,0,0,0,0,0,0,0,0,0,0,0,0
80,0.7,250,0.81,0.6,1000,TRUE,FALSE,1800,166,25,6,4,3,15,4,1,7,6,40,3,2,4,1,5,3,1,3,2,2,4,0,1,0,1,0,0,2,0,1,2,1,0,0,0,0,0,0,0,1,1,0,0,0,0,0,0,0,1,0,3,0,0,0,0,0,1,1,0,1,2,0,0,0,0,1,0,0,1,1,1,0,0,1,0,1,0,1,0,0,0,0,0,0,0,0,0,0,0,0
20,0.7,170,0.31,0.3,130,FALSE,FALSE,1800,164,22,4,5,6,9,2,5,2,5,44,5,2,1,2,4,4,0,5,2,3,4,2,0,0,2,1,0,1,0,2,1,1,1,0,0,0,1,0,1,0,2,0,0,0,0,0,0,0,0,2,2,0,0,0,0,0,0,1,0,0,0,0,0,1,1,0,1,0,1,0,1,0,0,0,0,0,0,2,2,0,0,0,0,0,0,0,0,0,0,0
70,0.7,250,0.64,0.3,710,FALSE,FALSE,1800,167,24,3,5,11,9,4,2,6,3,38,6,3,0,1,3,4,3,2,3,7,6,0,0,1,0,1,1,0,1,2,0,1,0,0,0,0,0,0,0,1,1,0,0,0,1,0,0,0,0,0,3,1,0,0,0,0,0,0,1,0,3,0,0,0,0,0,0,2,1,0,0,0,0,1,1,0,1,0,1,0,0,0,0,0,0,0,0,0,0,0
50,0.8,260,0.59,0.5,910,FALSE,FALSE,1800,166,24,4,4,5,12,2,2,4,5,46,6,4,2,2,5,4,1,3,1,1,3,1,0,0,1,1,1,1,1,3,0,0,0,0,0,0,0,0,1,0,0,0,0,0,0,0,0,0,1,0,5,0,1,0,0,0,0,0,2,0,2,0,0,0,1,0,0,0,1,0,0,0,0,1,0,0,0,2,0,1,0,0,0,0,0,0,0,0,0,0
30,0.8,120,1,0.7,230,FALSE,FALSE,1800,159,27,5,4,5,13,4,0,3,4,45,4,1,1,1,4,3,0,2,3,3,3,1,0,2,1,1,1,1,0,2,3,0,0,0,0,0,0,0,0,0,0,0,0,1,1,0,0,1,0,0,4,0,0,0,1,0,0,1,0,0,1,0,0,0,0,0,0,0,0,0,0,0,0,1,0,0,0,1,1,0,0,0,0,0,0,0,0,0,0,0
20,0.5,270,0.95,0.3,910,TRUE,FALSE,1800,165,17,4,7,2,15,2,2,3,6,51,3,4,1,3,7,1,2,1,0,4,5,1,1,1,0,1,1,0,1,3,0,0,1,0,0,0,0,0,0,0,4,0,0,0,0,1,0,0,0,0,2,0,0,0,0,1,0,0,0,0,0,0,1,0,0,0,0,2,2,0,0,1,1,0,0,0,0,0,0,0,0,0,0,0,0,0,0,1,0,0
50,0.6,160,1,0.9,950,TRUE,FALSE,1800,158,19,4,4,11,10,4,3,5,4,44,1,2,2,1,3,4,1,3,5,2,2,3,0,1,1,2,0,1,0,1,2,1,1,0,0,0,0,0,0,0,1,0,0,0,0,0,0,0,1,0,0,0,0,1,0,0,0,1,0,0,1,1,0,0,0,0,2,0,0,0,1,0,0,1,0,0,1,1,0,0,0,0,0,0,0,0,0,0,0,0
80,0.7,270,0.93,0.6,460,FALSE,FALSE,1800,164,24,3,7,4,7,7,2,7,6,43,8,1,2,2,3,2,2,2,1,3,2,1,1,1,2,1,0,0,1,3,1,0,0,0,0,0,0,0,0,0,1,0,1,0,0,0,0,0,0,0,2,0,0,0,0,0,1,0,3,1,1,0,0,0,1,0,0,0,1,0,1,0,0,0,0,0,0,1,0,2,0,0,0,0,0,0,0,0,0,0
70,0.6,240,0.83,0.8,790,TRUE,TRUE,1800,163,25,5,2,9,15,3,3,7,2,40,7,0,1,2,3,4,3,3,0,1,3,2,0,1,3,0,0,0,1,1,1,0,0,0,0,0,0,0,0,0,2,0,0,0,1,0,0,0,1,1,3,0,0,0,0,1,0,0,1,0,2,0,0,0,0,0,0,1,1,0,0,0,0,0,0,1,0,1,1,0,0,0,0,0,0,0,0,0,0,0
10,0.7,110,0.46,0.9,430,TRUE,TRUE,1800,159,19,5,7,3,10,6,2,5,5,42,9,3,0,2,7,1,2,1,1,1,5,1,0,0,0,1,0,0,1,2,0,1,0,0,0,0,1,1,1,1,0,1,0,0,0,0,0,0,0,0,3,0,0,0,0,0,0,1,0,0,2,0,0,1,0,0,0,1,0,0,2,0,0,1,0,1,0,0,1,0,0,0,0,0,0,0,0,0,0,0
10,0.5,190,0.84,0.3,840,TRUE,FALSE,1800,158,23,7,6,4,11,4,4,4,5,42,7,2,0,0,4,3,2,1,1,3,2,2,1,0,0,0,0,1,0,2,1,0,0,0,0,0,0,0,0,1,2,0,0,0,0,0,0,0,1,0,4,0,0,0,0,1,0,0,0,0,2,0,0,1,0,1,0,0,0,0,0,0,1,0,0,0,0,0,3,0,0,0,0,0,0,0,0,0,0,0
70,0.6,210,0.86,0.6,780,FALSE,TRUE,1800,163,19,10,8,8,13,3,2,6,7,41,5,0,0,2,4,3,1,1,0,1,2,1,1,1,1,1,0,0,3,1,0,1,0,1,0,0,0,0,0,0,1,2,0,0,1,0,0,0,1,0,0,0,0,0,0,1,0,1,0,0,4,0,0,1,0,0,1,0,1,0,0,0,0,0,0,0,1,2,0,0,0,0,0,0,0,0,0,0,0,0
20,0.7,190,0.38,0.6,300,FALSE,TRUE,1800,165,25,2,2,9,7,8,3,9,1,46,5,2,0,1,4,2,2,1,0,3,3,2,0,2,2,0,2,0,0,4,1,0,0,0,0,0,0,1,1,0,1,0,0,0,0,0,1,0,0,1,3,0,1,0,0,0,0,0,1,1,0,0,0,1,0,0,0,0,2,0,0,0,0,1,1,0,0,0,2,0,0,0,0,0,0,0,0,0,0,0
20,0.5,190,0.71,0.8,320,TRUE,TRUE,1800,167,25,5,2,8,14,5,6,5,4,50,3,3,0,0,2,1,0,1,3,0,4,1,1,0,0,1,1,0,2,1,2,0,0,0,0,1,0,0,0,0,2,0,1,0,0,0,0,1,0,0,3,0,0,0,0,0,1,1,2,0,0,0,0,1,0,0,0,1,1,0,0,0,0,0,0,0,0,1,1,0,0,0,0,0,1,0,0,0,0,0
30,0.6,200,0.67,0.4,130,TRUE,TRUE,1800,166,24,6,6,6,13,5,0,1,7,42,5,2,3,1,4,4,2,3,1,2,3,0,1,2,2,0,1,1,0,3,1,0,0,0,0,0,0,0,1,0,2,1,0,0,0,0,0,0,1,0,1,0,0,1,0,0,1,1,0,0,1,1,0,0,1,0,0,1,0,0,0,0,0,0,0,0,1,1,0,1,0,0,0,0,0,0,0,0,0,0
20,0.9,280,0.52,0.5,710,TRUE,TRUE,1800,168,27,6,4,8,14,4,2,3,4,42,3,1,1,2,2,1,2,4,3,4,4,1,1,1,1,2,0,1,1,2,0,0,0,0,0,0,0,0,0,0,2,0,1,0,0,0,0,1,0,0,4,0,0,0,0,0,0,0,0,0,0,2,0,0,1,0,0,1,3,0,0,0,0,0,0,0,0,1,1,1,0,0,0,0,0,0,0,0,0,0
30,0.9,200,0.46,0.5,750,TRUE,TRUE,1800,163,25,5,4,11,2,4,4,4,5,47,5,1,1,0,4,3,0,3,3,3,2,1,0,1,1,1,1,0,1,2,1,0,0,0,0,1,0,0,0,0,2,0,0,0,0,0,0,0,1,0,7,0,0,0,1,0,0,0,0,0,1,1,0,0,0,0,0,1,1,0,0,0,1,0,0,0,1,1,0,0,0,0,0,0,0,0,0,0,0,0
90,0.5,240,0.41,0.7,820,TRUE,FALSE,1800,163,22,2,3,12,9,3,4,5,5,40,6,3,0,3,4,1,1,1,3,3,3,1,0,0,3,1,0,1,0,2,3,0,0,1,0,0,0,0,1,0,2,0,0,0,1,0,0,0,0,0,5,0,0,0,1,0,0,1,2,0,1,1,0,0,0,0,0,1,1,0,0,0,0,1,1,0,0,0,0,0,0,0,0,0,0,0,0,0,0,0
90,0.5,220,0.75,0.7,670,FALSE,TRUE,1800,164,15,9,3,9,12,2,5,5,3,47,5,1,1,2,5,1,3,1,3,6,1,4,0,1,1,0,0,0,0,0,2,0,0,0,0,0,0,0,1,1,1,0,0,1,1,0,1,0,0,1,3,1,0,0,1,0,0,0,0,0,0,0,0,0,0,0,0,1,2,0,0,0,0,0,0,0,0,1,2,0,0,0,0,0,0,0,0,0,0,0
60,0.8,290,0.57,0.9,390,FALSE,TRUE,1800,166,23,3,5,11,11,4,3,5,6,40,8,1,2,1,4,2,2,3,0,4,3,2,2,1,0,0,1,0,0,3,1,0,0,1,0,1,0,0,0,0,1,0,0,0,0,0,0,0,2,0,4,0,0,0,0,0,0,0,1,0,1,0,0,0,1,0,0,0,0,0,0,0,1,0,0,1,0,1,1,0,0,0,0,0,0,0,0,0,0,0
70,0.5,220,0.39,0.6,770,FALSE,TRUE,1800,165,24,5,2,8,10,2,5,4,5,41,4,6,1,4,3,1,3,2,1,5,3,0,0,0,1,1,1,0,0,0,0,0,1,0,0,0,0,1,0,2,3,0,0,1,1,0,0,0,0,2,1,1,0,0,0,2,0,0,0,0,1,0,0,0,0,0,0,1,1,2,1,0,0,0,0,1,0,1,0,0,0,0,0,0,0,0,0,0,0,0
30,0.5,280,0.44,0.9,940,TRUE,FALSE,1800,161,17,5,7,8,11,4,1,6,4,42,8,2,2,0,8,0,2,1,1,4,5,3,0,1,1,1,1,0,0,0,3,0,0,1,0,0,0,0,0,0,1,0,0,0,0,0,0,0,0,0,3,0,0,0,0,0,0,0,1,0,1,0,0,0,0,0,0,1,0,0,1,0,0,1,2,0,1,1,0,0,0,0,0,0,0,0,0,0,0,0
90,0.6,100,0.35,0.5,860,TRUE,TRUE,1800,163,20,4,7,14,7,7,2,6,8,33,5,0,1,2,3,3,2,0,1,2,7,2,1,2,4,1,0,0,1,0,4,0,0,0,0,0,0,0,0,2,1,1,0,0,0,0,0,0,0,0,2,0,0,0,0,0,0,0,0,0,2,0,0,0,0,1,0,1,1,0,0,0,0,1,0,1,0,1,1,0,0,0,0,0,0,0,0,0,0,0
20,0.7,100,0.31,0.8,610,FALSE,FALSE,1800,153,14,5,4,9,14,6,2,4,4,36,8,3,1,2,5,1,1,5,1,4,1,0,2,2,1,1,0,1,1,1,1,0,0,0,0,0,0,0,0,0,2,0,0,0,1,0,0,0,2,0,1,0,0,1,1,0,0,0,1,0,0,1,0,0,0,0,0,2,0,0,0,0,0,0,0,0,0,1,0,0,0,0,0,0,0,0,1,0,0,0
20,0.8,180,0.98,0.3,1000,FALSE,FALSE,1800,159,21,9,2,3,5,4,2,3,4,52,5,2,0,2,8,0,2,0,1,4,6,1,0,0,1,1,1,3,0,3,0,1,0,0,0,0,0,0,0,1,1,1,0,0,1,1,0,0,0,0,2,0,0,0,0,0,0,0,0,0,0,0,1,0,0,0,0,2,0,0,2,1,0,0,0,0,0,0,1,0,0,0,0,0,0,0,0,0,0,0
70,0.7,140,0.95,0.9,920,TRUE,FALSE,1800,166,24,3,3,7,7,3,4,4,7,51,6,2,1,1,3,4,4,1,1,3,1,2,0,0,2,0,0,0,0,4,1,0,0,0,0,1,0,0,0,0,2,0,0,0,0,0,0,0,0,0,4,0,0,0,0,0,0,0,1,0,1,1,0,0,1,1,0,0,2,0,0,0,0,0,0,0,1,0,2,1,0,0,0,0,0,0,0,0,0,0
90,0.9,270,0.44,0.5,810,TRUE,FALSE,1800,166,21,7,4,6,12,1,3,4,4,53,4,1,1,1,4,1,2,1,0,6,3,2,0,1,0,0,0,1,2,2,1,0,0,1,0,0,0,0,0,0,1,0,0,0,0,1,0,0,0,1,2,0,1,0,1,0,1,1,2,0,2,0,0,0,0,0,0,0,1,1,0,0,0,1,0,0,0,0,1,1,0,0,0,0,0,0,0,0,0,0
80,0.9,300,0.53,0.5,170,FALSE,FALSE,1800,167,19,5,4,10,12,4,8,5,3,45,2,4,1,2,4,1,0,1,1,6,6,0,0,0,2,1,0,1,0,3,1,0,0,0,2,0,0,0,0,0,1,0,0,0,0,0,0,0,0,1,4,0,0,0,0,0,0,1,0,0,1,0,1,1,0,0,0,0,3,0,0,0,0,1,0,0,0,0,0,0,0,0,0,0,0,1,0,0,0,0
60,0.5,280,0.65,0.8,380,TRUE,FALSE,1800,164,23,5,5,10,10,4,2,5,6,36,6,2,0,4,5,1,4,3,0,3,1,1,0,2,2,2,0,0,1,1,1,1,0,0,0,1,0,0,0,0,2,0,0,0,0,0,0,0,2,0,3,0,1,0,0,1,0,0,1,0,2,0,0,0,1,0,1,1,0,0,1,0,0,0,0,1,0,1,0,0,0,0,0,0,0,0,0,0,0,0
90,0.8,220,0.59,0.8,930,FALSE,FALSE,1800,162,24,4,4,6,15,3,1,4,6,44,5,4,0,2,4,2,1,2,2,5,3,1,0,0,0,0,2,0,0,1,0,1,0,0,0,0,0,0,0,0,3,0,0,0,0,0,0,0,2,0,2,1,0,0,1,0,0,0,2,0,1,0,0,0,0,0,1,0,0,0,0,0,0,1,0,0,0,0,2,0,0,0,0,0,0,1,0,0,0,0
100,0.5,270,0.62,0.5,390,TRUE,TRUE,1800,162,22,5,4,11,9,3,2,6,8,29,12,6,1,1,4,2,2,3,3,2,2,0,1,0,1,0,1,1,1,0,0,0,1,0,1,1,0,0,0,0,1,0,1,0,1,0,0,0,0,2,2,0,0,1,0,1,1,2,1,0,1,0,0,0,0,0,0,0,0,0,1,0,0,0,0,0,1,2,0,0,0,0,0,0,0,0,0,0,0,0
90,0.6,270,0.74,0.9,930,TRUE,TRUE,1800,162,25,5,4,9,10,4,5,4,4,35,4,1,2,3,6,3,2,2,3,2,1,3,0,0,1,3,0,0,1,4,2,0,0,0,0,0,1,0,0,0,2,0,0,1,0,0,0,1,0,0,1,0,2,0,0,0,1,0,0,0,0,0,0,0,1,0,0,1,1,1,0,0,0,0,0,0,0,0,1,1,0,0,0,0,0,0,0,0,0,0
70,0.7,190,0.59,0.7,410,TRUE,TRUE,1800,168,24,5,3,6,14,4,2,1,7,51,1,3,1,1,3,3,1,2,5,2,5,4,1,0,0,0,0,0,1,1,0,0,0,0,0,0,0,0,1,1,2,0,0,0,0,0,0,0,1,0,3,0,1,0,0,0,0,0,0,0,2,0,0,2,0,0,0,1,1,0,0,0,0,0,1,0,0,0,2,0,0,0,0,0,0,0,0,0,0,0
80,0.5,220,0.34,0.4,550,TRUE,FALSE,1800,161,24,5,4,7,11,6,0,3,7,40,9,1,2,0,5,0,1,2,3,3,4,1,0,0,0,0,1,1,1,1,0,0,0,0,0,0,0,0,0,2,1,0,1,0,1,1,0,0,1,1,4,0,0,1,0,0,0,0,2,1,0,0,0,0,0,0,0,1,0,0,0,0,1,1,0,0,0,1,0,0,0,0,0,0,0,0,0,0,0,0
80,0.9,250,0.88,0.7,850,FALSE,TRUE,1800,160,27,4,4,9,13,3,0,5,5,37,6,3,3,1,5,1,2,3,1,2,2,1,0,0,0,0,1,2,1,1,0,1,0,0,0,0,0,0,2,1,0,1,0,0,0,0,0,0,0,1,2,0,0,0,0,0,0,0,0,0,2,0,0,0,2,0,0,2,1,1,0,0,1,1,0,0,1,0,0,0,0,0,0,0,0,0,0,0,0,0
80,0.9,220,0.54,0.9,260,FALSE,FALSE,1800,161,24,7,3,5,10,3,6,3,2,44,5,2,0,2,9,2,0,3,1,4,1,1,0,0,4,1,0,0,0,1,2,0,0,0,0,0,0,0,0,1,2,0,0,0,0,0,0,0,0,0,5,0,0,0,0,0,0,0,0,1,2,0,0,0,1,0,0,1,0,0,0,1,0,1,0,0,0,1,1,0,0,0,0,0,0,0,0,0,0,0
50,0.5,300,0.87,0.3,660,FALSE,FALSE,1800,164,25,4,2,13,7,7,5,7,2,40,3,1,1,1,7,1,1,0,2,0,6,0,0,0,4,1,0,0,2,2,2,1,0,1,0,0,0,0,0,1,0,0,0,0,0,0,0,1,0,0,2,0,0,0,1,0,0,0,2,0,1,0,0,1,0,0,0,0,2,0,2,2,0,0,0,0,0,2,0,0,0,0,0,0,0,0,0,0,0,0
90,0.6,210,0.71,0.3,180,TRUE,FALSE,1800,158,24,6,6,12,9,1,4,5,8,33,5,1,0,1,4,2,2,1,0,5,5,1,0,2,3,3,1,0,1,2,0,0,1,0,0,0,1,0,0,0,0,1,0,0,0,0,0,0,0,1,3,0,0,0,0,1,0,0,0,0,0,0,0,0,0,0,0,2,1,0,0,0,0,0,0,0,0,0,0,0,0,0,0,0,1,0,0,0,0,0
70,0.8,200,0.49,0.5,310,FALSE,TRUE,1800,166,22,4,5,11,7,6,5,4,4,43,5,3,2,1,4,1,3,2,3,2,4,1,0,1,1,2,0,0,0,3,2,0,0,0,1,0,0,0,0,0,0,0,0,0,0,0,0,0,0,0,4,0,0,0,0,2,0,0,0,0,1,1,0,0,0,0,0,1,2,0,1,0,0,1,0,0,0,2,0,0,0,0,0,0,0,0,0,0,0,0
100,0.6,300,0.58,0.9,630,FALSE,FALSE,1800,163,19,9,3,3,9,2,2,7,2,49,3,2,2,1,3,0,1,3,3,5,5,1,1,1,2,2,0,0,2,3,1,0,0,0,0,0,0,0,0,0,3,0,0,0,0,1,0,0,0,0,3,0,1,0,0,0,0,1,1,1,0,1,0,0,1,0,0,0,1,0,1,0,1,0,0,0,0,1,1,0,0,0,0,0,0,0,0,0,0,0
70,0.5,150,0.61,0.4,950,TRUE,FALSE,1800,163,25,4,6,5,13,3,4,6,3,45,6,0,0,1,4,2,2,2,2,4,2,1,1,1,0,0,0,1,0,2,2,0,0,0,0,0,0,0,0,0,1,0,0,0,0,2,1,0,0,0,5,1,0,0,0,1,0,0,0,0,1,0,0,0,0,0,0,1,1,0,0,0,0,0,0,0,1,1,0,1,0,0,0,0,0,0,0,0,0,0
40,0.9,210,0.56,0.4,280,TRUE,FALSE,1800,167,23,5,3,5,9,2,3,2,3,52,4,4,3,0,6,3,2,4,3,6,4,0,0,0,0,0,0,1,0,2,1,0,0,1,0,0,0,0,0,0,1,0,0,0,0,0,0,0,1,0,4,1,0,0,0,0,0,0,1,1,1,0,0,1,1,0,0,1,1,0,0,0,0,0,1,0,0,0,1,1,0,0,0,0,0,0,0,0,0,0
100,0.8,280,0.56,0.7,170,FALSE,FALSE,1800,168,26,6,6,4,11,2,6,2,6,47,5,0,0,2,2,3,1,3,1,3,4,3,1,1,2,1,0,0,0,2,1,0,0,0,1,1,0,0,0,0,2,0,0,0,0,1,0,0,0,0,1,0,1,0,1,0,0,0,0,0,2,1,0,0,0,0,0,0,3,1,0,0,0,1,0,0,0,1,0,1,0,0,0,0,0,0,0,0,0,0
80,0.5,280,0.96,0.5,1000,FALSE,TRUE,1800,167,23,7,3,6,9,6,3,3,4,45,6,0,3,3,6,2,2,3,1,1,4,1,1,0,0,1,0,0,2,2,3,0,0,0,0,1,0,0,0,0,2,0,0,0,0,0,0,0,0,0,3,0,1,0,1,0,0,1,0,0,1,0,1,0,0,0,0,1,2,1,0,0,0,0,0,0,0,2,1,0,0,0,0,0,0,0,0,0,0,0
20,0.8,210,0.33,0.9,110,TRUE,FALSE,1800,166,24,3,2,9,7,4,2,6,3,51,6,0,0,1,6,1,3,0,2,4,5,1,0,0,3,0,0,0,0,4,2,2,1,0,0,0,0,0,0,0,0,0,0,0,0,0,0,0,0,0,4,2,0,0,0,0,0,0,2,0,1,0,0,0,0,0,0,2,0,0,0,0,0,0,2,0,1,0,0,1,0,0,0,0,0,0,0,0,0,0
40,0.9,220,0.77,0.8,790,FALSE,FALSE,1800,166,19,8,2,7,12,1,3,5,3,51,3,0,1,1,4,2,5,3,1,5,3,1,1,0,2,0,0,1,1,3,1,0,0,0,0,0,0,0,0,1,4,0,1,0,0,1,0,0,0,0,2,0,0,0,0,0,0,0,1,0,1,0,0,0,1,0,1,0,2,0,0,1,0,0,1,0,0,1,0,0,0,0,0,0,0,0,0,0,0,0
50,0.7,110,0.54,0.7,140,FALSE,FALSE,1800,160,25,7,1,5,8,4,4,4,2,43,6,3,3,2,6,2,1,4,2,4,3,1,0,1,2,0,1,2,0,2,1,0,0,0,0,0,0,0,0,0,2,1,0,1,0,0,0,0,0,0,1,1,0,0,0,0,0,0,0,0,1,0,0,0,1,0,0,1,0,0,0,0,0,0,0,0,2,0,1,0,0,0,0,0,0,0,0,0,0,0
30,0.8,240,0.96,0.5,530,TRUE,TRUE,1800,163,21,2,6,8,13,3,5,4,4,41,5,0,2,1,5,5,3,2,2,3,4,1,0,0,2,0,1,0,0,2,4,0,0,0,0,0,0,0,2,1,1,0,0,0,1,0,0,0,0,0,2,1,0,0,0,1,0,0,0,0,0,0,0,0,0,0,0,2,0,0,0,1,0,0,0,1,0,2,0,0,0,0,0,0,0,0,0,0,0,0
20,0.7,130,0.34,0.4,870,TRUE,FALSE,1800,164,24,3,3,6,20,5,2,4,3,35,7,3,1,3,1,1,2,6,1,2,4,4,1,1,1,2,0,0,1,4,1,0,0,0,0,0,0,0,0,0,2,0,0,0,0,0,0,0,0,2,1,1,0,0,0,0,0,1,1,1,0,0,0,1,0,0,0,0,0,0,1,0,0,0,0,0,0,2,1,0,0,0,0,0,0,0,0,0,0,0
10,0.6,100,0.52,0.6,200,TRUE,TRUE,1800,165,24,5,2,5,15,5,0,4,3,48,6,1,4,1,3,1,3,1,0,3,1,1,0,1,2,1,0,0,3,4,3,0,0,0,0,1,0,0,0,0,0,0,0,1,0,0,0,1,0,1,1,0,0,0,2,0,0,0,1,0,2,0,0,0,0,0,0,2,1,0,0,0,0,0,0,0,0,1,0,2,0,0,0,0,0,0,0,0,0,0
70,0.7,130,0.44,0.6,750,TRUE,TRUE,1800,164,25,6,4,4,15,3,1,5,6,43,4,3,1,0,5,0,1,4,1,6,5,0,0,1,0,1,0,0,1,0,1,1,0,0,1,0,0,0,0,1,0,1,0,0,0,0,0,0,1,0,4,0,0,0,1,0,0,0,0,1,0,0,0,0,0,1,0,1,2,0,1,0,1,0,0,0,0,1,0,1,0,0,0,0,0,0,0,0,0,0
60,0.7,230,0.35,0.4,420,FALSE,TRUE,1800,168,23,2,4,9,12,4,7,3,7,43,8,2,2,2,2,3,0,1,1,3,5,0,1,1,1,1,0,0,1,4,3,0,0,0,0,0,0,0,0,1,2,0,0,0,0,0,0,0,0,0,1,1,0,0,0,0,0,0,0,0,1,0,0,0,2,1,0,0,2,0,0,0,0,0,0,1,0,1,0,1,0,0,0,0,0,0,0,0,0,0
50,0.7,150,0.69,0.6,700,TRUE,TRUE,1800,168,23,6,6,13,12,4,2,7,4,34,7,1,1,2,6,2,4,1,0,0,3,3,2,0,1,2,2,0,2,2,0,0,0,0,0,0,0,0,0,0,1,0,0,0,0,0,0,0,0,0,2,0,0,2,1,0,1,0,2,0,1,0,1,0,0,0,0,1,0,0,1,0,0,0,0,1,0,1,2,0,0,0,0,0,0,0,0,0,0,0
10,0.7,280,0.49,0.9,450,FALSE,FALSE,1800,162,23,7,2,5,10,5,3,4,3,47,5,2,0,1,5,0,2,3,2,7,3,2,1,0,0,1,0,1,0,1,1,0,0,0,0,0,0,0,0,1,3,0,0,0,0,0,0,0,0,0,3,1,0,0,0,0,0,0,2,0,1,1,0,0,1,0,0,1,0,0,1,0,0,0,0,0,1,1,0,0,0,0,0,0,0,0,0,0,0,0
90,0.6,120,0.43,0.8,480,TRUE,TRUE,1800,164,21,5,5,5,14,5,5,6,3,50,8,0,1,1,1,2,2,2,2,2,2,1,0,0,1,1,0,0,0,3,0,0,0,0,0,0,0,0,0,1,3,0,0,0,0,0,0,0,0,0,2,0,0,0,0,0,0,1,0,0,2,1,0,1,0,0,1,1,0,0,0,0,1,0,0,0,0,1,1,1,0,0,0,0,0,0,0,0,0,0
30,0.6,300,0.44,0.3,140,FALSE,TRUE,1800,161,23,4,7,5,14,2,1,4,3,38,5,1,0,1,10,2,3,4,2,2,5,1,1,0,0,0,0,1,1,3,3,1,0,0,0,0,0,0,0,0,2,0,0,0,0,0,0,0,0,0,2,0,0,0,0,0,0,1,1,0,2,0,0,0,0,0,0,1,0,0,1,0,0,1,1,0,1,1,1,0,0,0,0,0,0,0,0,0,0,0
80,0.5,100,0.79,0.5,710,FALSE,FALSE,1800,161,23,2,4,11,9,7,3,4,7,33,6,2,1,2,5,2,3,4,1,2,3,2,1,0,2,1,0,0,2,1,1,0,0,0,3,0,0,0,0,1,3,0,0,0,0,0,0,0,0,1,5,0,0,0,0,0,0,0,1,0,0,0,0,0,0,0,0,0,1,0,0,0,0,0,2,0,0,0,1,0,0,0,0,0,0,0,0,0,0,0
40,0.6,100,0.75,0.3,750,TRUE,TRUE,1800,168,22,3,6,3,15,3,1,1,6,52,10,1,2,1,2,1,1,5,1,0,4,2,0,2,0,1,0,4,0,3,0,0,0,0,0,0,0,0,0,1,3,0,0,0,0,0,0,0,0,0,2,0,0,1,0,0,0,0,1,0,1,0,0,0,1,1,0,2,0,1,0,0,0,1,0,0,1,0,0,1,0,0,0,0,0,0,0,0,0,0
90,0.6,180,0.65,0.5,110,FALSE,TRUE,1800,165,24,5,4,4,7,2,6,2,6,47,9,2,3,1,3,1,3,3,2,4,2,2,0,1,1,0,0,0,0,3,1,0,0,0,0,0,0,0,0,1,1,0,0,0,0,1,0,0,0,0,2,1,0,0,0,2,0,0,1,1,2,0,0,0,0,0,0,1,2,0,1,0,0,0,0,1,0,0,1,0,0,0,0,0,0,0,0,0,0,0
60,0.9,260,0.5,0.5,440,TRUE,TRUE,1800,163,24,6,5,6,8,7,6,6,5,41,7,2,0,1,5,1,0,1,0,2,2,2,0,1,0,2,1,1,1,3,1,0,0,0,0,0,0,0,0,0,1,0,0,0,0,0,0,0,0,1,4,0,0,0,1,1,0,0,1,1,0,0,0,0,0,0,0,1,3,0,0,0,0,2,0,0,0,0,0,1,0,0,0,0,0,0,0,0,0,0
30,0.6,250,0.33,0.9,120,FALSE,TRUE,1800,164,23,3,3,11,8,3,2,6,6,44,5,1,1,0,8,3,2,1,1,1,6,0,2,0,0,0,2,0,0,4,1,1,0,0,0,0,0,0,0,0,1,0,0,0,0,0,0,0,0,0,4,0,0,0,0,1,1,0,1,0,2,2,0,0,0,0,0,0,2,0,0,0,0,1,0,1,0,1,0,0,0,0,0,0,0,0,0,0,0,0
40,0.9,200,0.81,0.6,190,FALSE,FALSE,1800,163,26,6,4,4,7,2,5,5,4,51,4,1,0,2,5,4,1,2,0,3,3,1,2,0,1,0,0,1,0,3,1,0,0,0,0,0,1,0,0,0,2,0,0,0,0,0,0,0,0,0,4,0,0,0,0,0,0,0,1,0,2,0,0,1,1,0,0,0,1,0,0,0,0,1,1,0,0,0,0,1,0,0,0,0,0,0,0,0,0,0
50,0.8,210,0.44,0.8,810,TRUE,FALSE,1800,165,26,6,3,3,10,6,1,6,3,50,6,2,0,2,2,4,1,0,1,5,2,1,0,0,2,0,1,1,1,0,1,0,0,0,0,0,0,0,0,1,2,0,0,0,0,0,0,0,0,0,4,0,0,1,1,0,0,0,0,1,2,0,0,0,0,0,0,1,2,1,0,0,0,2,0,0,0,0,2,0,0,0,0,0,0,0,0,0,0,0
80,0.6,250,0.36,0.5,350,FALSE,FALSE,1800,165,23,5,3,7,8,3,5,5,2,49,5,2,3,0,3,3,3,4,1,2,4,1,0,0,0,1,0,1,1,2,2,1,0,0,0,0,0,0,0,1,2,0,0,0,0,1,0,0,0,0,1,2,0,0,0,0,0,0,0,1,2,0,0,0,1,0,0,2,1,0,0,0,0,0,0,0,1,0,1,1,0,0,0,0,0,0,0,0,0,0
20,0.8,270,0.87,0.4,510,TRUE,TRUE,1800,165,23,2,7,10,9,3,6,4,4,39,7,2,0,3,4,3,3,3,1,5,6,2,0,1,1,1,0,0,0,1,0,0,0,0,0,0,0,0,0,0,2,0,1,0,0,0,0,0,0,0,1,0,0,0,1,1,0,0,1,0,3,0,0,0,0,0,0,2,2,0,0,0,0,0,1,0,0,0,1,0,0,0,0,0,0,0,0,0,0,0
40,0.8,200,0.84,0.8,230,FALSE,TRUE,1800,164,26,7,5,5,10,3,4,2,6,45,1,2,1,3,8,3,2,0,1,3,4,1,1,0,1,2,0,0,0,2,0,0,0,0,0,0,0,0,0,1,1,0,0,0,0,0,0,0,0,0,2,2,1,0,0,0,0,1,1,0,1,0,0,0,1,0,0,1,1,0,0,0,0,0,0,0,1,1,1,1,0,0,0,0,0,0,0,0,0,0
10,0.7,290,0.82,0.6,710,FALSE,TRUE,1800,166,24,5,7,7,14,4,1,1,6,41,8,0,2,1,10,0,3,2,0,0,1,2,0,0,2,3,1,1,1,1,1,0,0,0,1,0,0,0,0,0,1,0,0,0,0,0,0,1,0,0,4,0,0,0,0,0,0,0,0,1,3,0,0,0,0,0,1,1,1,0,0,0,1,0,1,1,0,1,0,0,0,0,0,0,0,0,0,0,0,0
90,0.8,130,0.85,0.8,320,FALSE,FALSE,1800,162,21,4,6,6,11,5,1,4,6,41,4,2,2,0,5,2,1,1,2,4,5,1,0,1,0,0,1,1,1,2,2,0,0,0,0,2,0,0,0,0,3,0,0,0,0,0,0,0,2,1,3,0,0,0,1,0,0,0,2,0,0,1,0,0,0,0,0,1,0,0,1,0,1,0,0,0,1,2,0,0,0,0,0,0,0,0,0,0,0,0
70,0.7,210,0.49,0.7,800,FALSE,FALSE,1800,159,22,6,6,4,16,1,5,3,4,44,9,0,3,0,3,1,0,4,1,4,3,0,0,0,1,2,1,1,1,0,1,0,0,0,0,0,0,0,0,1,2,0,0,0,0,0,0,1,0,1,2,1,0,0,0,0,0,1,0,0,0,0,0,1,0,0,0,0,0,0,0,0,0,0,1,0,0,1,1,1,0,0,0,0,0,0,0,0,0,0
20,0.8,140,0.39,0.9,190,FALSE,TRUE,1800,166,19,8,6,2,13,2,2,5,5,53,1,1,1,1,3,2,2,4,3,3,6,1,0,0,1,2,0,0,0,2,2,1,0,0,0,0,0,0,0,1,0,0,0,0,0,0,0,0,1,1,3,0,1,0,1,0,0,0,1,0,1,0,0,0,1,0,1,0,1,0,0,0,0,0,0,1,0,0,2,0,0,0,0,0,0,0,0,0,0,0
100,0.5,290,0.52,0.9,960,TRUE,FALSE,1800,161,22,6,4,9,11,3,0,4,6,41,7,0,2,1,6,2,1,2,4,4,4,0,0,0,0,1,0,2,0,1,1,0,0,0,0,0,0,0,0,0,2,0,0,0,0,0,0,0,1,1,5,1,0,0,1,0,0,0,0,0,1,0,0,0,0,0,0,2,0,0,1,0,0,1,0,1,0,0,1,0,0,0,0,0,0,0,0,0,0,0
80,0.9,160,1,0.8,640,FALSE,FALSE,1800,159,25,6,6,3,9,4,4,4,6,42,2,1,1,2,4,6,1,2,2,5,4,4,1,1,0,1,0,0,0,2,0,1,0,0,0,0,0,0,0,0,1,1,0,0,0,0,0,0,0,1,1,0,0,0,0,1,0,0,0,0,1,0,0,1,0,0,0,0,2,0,0,0,0,0,0,0,0,0,2,0,0,0,0,0,0,0,0,0,0,0
20,0.7,270,0.86,0.8,320,FALSE,TRUE,1800,166,19,6,6,7,7,4,4,4,2,48,8,2,1,0,8,2,1,0,2,5,3,0,0,1,2,0,1,0,3,1,1,0,0,0,0,0,0,1,0,0,2,1,0,0,0,1,0,0,0,3,1,0,0,0,0,1,0,0,0,0,0,0,0,1,0,0,0,1,1,0,1,0,0,0,1,0,0,0,3,1,0,0,0,0,0,0,0,0,0,0
10,0.5,200,0.32,0.7,190,FALSE,FALSE,1800,167,26,5,4,5,9,3,5,7,3,51,4,0,1,0,3,2,2,1,0,1,7,0,0,0,1,0,1,0,2,3,4,0,0,0,0,0,0,0,0,1,0,0,0,0,0,0,0,0,1,1,6,1,0,0,0,0,0,0,1,0,1,0,0,0,0,0,0,1,1,1,0,0,0,2,0,0,0,0,1,0,0,0,0,0,0,0,0,0,0,0
70,0.9,100,0.7,0.9,350,FALSE,FALSE,1800,167,23,4,4,7,9,3,5,5,5,42,11,1,1,3,4,3,1,1,1,5,4,0,0,0,1,1,1,1,1,2,1,0,0,0,0,1,0,0,0,2,0,0,0,0,0,0,0,0,0,1,5,1,0,0,1,0,1,0,0,0,1,0,0,0,0,0,0,0,2,0,0,0,0,0,1,0,0,0,0,0,0,1,0,0,0,0,0,1,0,0
20,0.6,230,0.93,0.5,190,TRUE,FALSE,1800,168,22,6,3,5,12,2,5,5,1,53,5,0,0,3,3,3,1,2,2,7,2,3,0,0,1,0,0,1,0,2,1,0,0,0,0,0,0,0,1,1,2,0,0,0,0,0,0,0,1,1,4,0,0,0,0,0,0,1,1,0,1,0,1,0,1,0,0,1,0,0,0,0,0,2,0,0,0,0,1,0,0,0,0,0,0,0,0,0,0,0
50,0.7,210,0.84,0.6,420,TRUE,TRUE,1800,159,20,6,4,9,8,4,5,4,4,37,6,5,2,1,8,3,2,1,2,3,3,1,1,0,1,0,1,1,1,0,4,0,0,0,0,0,0,0,0,0,1,0,0,0,1,0,0,0,1,0,0,0,0,0,0,1,0,0,0,0,4,0,0,0,0,0,0,2,0,0,0,0,0,1,0,0,0,1,1,0,0,0,0,0,0,0,0,0,0,0
50,0.9,150,0.83,0.9,960,TRUE,TRUE,1800,158,19,5,4,5,10,6,4,5,1,46,2,1,3,2,4,1,3,0,1,3,5,1,0,0,1,1,2,0,3,1,1,0,0,0,0,0,0,0,0,0,1,1,0,1,0,0,0,1,0,1,5,0,0,0,0,0,0,1,0,0,1,0,0,0,0,0,0,1,2,0,2,0,0,1,1,0,0,0,0,0,0,0,0,0,0,0,0,0,0,0
80,0.9,230,0.48,0.6,510,TRUE,FALSE,2000,149,16,5,3,5,10,3,2,3,5,49,0,4,0,1,4,5,1,1,0,1,2,2,2,1,2,1,1,1,1,2,1,0,0,0,0,1,0,0,0,1,0,0,1,1,0,0,0,0,0,0,0,0,1,2,1,1,0,0,2,0,0,0,0,0,1,1,0,1,0,0,0,0,0,0,0,0,0,0,0,2,0,0,0,0,0,0,0,0,0,0
50,0.6,150,0.93,0.8,410,TRUE,FALSE,2000,148,15,3,3,8,9,1,2,6,5,38,6,6,3,3,6,2,1,2,2,3,2,2,0,2,1,0,1,0,1,1,0,2,0,0,0,1,0,0,0,1,0,1,1,0,0,0,1,0,0,0,1,0,0,0,0,0,1,0,0,0,0,0,0,0,1,0,0,2,0,0,0,0,0,0,1,0,0,0,2,0,0,0,0,0,0,0,0,0,0,0
60,0.8,210,0.43,0.6,830,FALSE,FALSE,2000,149,17,7,2,7,10,4,4,5,7,39,2,2,2,3,3,3,0,2,2,0,3,1,2,0,1,1,0,0,3,2,1,0,1,0,0,0,0,0,0,1,1,0,0,0,0,0,0,1,0,1,0,0,0,0,1,0,0,0,0,1,0,1,0,0,2,0,0,1,0,0,1,0,0,1,0,1,0,0,0,1,0,0,0,0,0,0,0,0,0,0
80,0.5,130,0.77,0.6,810,FALSE,TRUE,2000,147,11,3,5,4,7,3,2,3,4,54,5,2,1,3,8,1,0,2,2,6,2,2,0,0,0,0,0,0,0,3,0,1,1,0,0,0,0,0,0,2,2,0,0,0,0,0,0,0,0,2,1,0,0,0,0,0,0,1,0,0,0,0,0,0,1,0,0,1,1,0,0,0,0,0,0,0,0,0,1,1,0,0,0,0,0,0,0,0,0,0
40,0.9,120,0.42,0.3,700,FALSE,TRUE,2000,152,18,3,5,6,8,5,1,4,2,48,4,1,3,1,2,1,4,0,3,6,3,1,1,0,0,1,0,1,0,1,1,2,0,0,0,0,1,0,0,1,0,1,0,0,0,0,1,0,1,0,1,1,0,0,0,0,0,0,1,0,0,0,0,1,0,0,0,1,2,0,2,0,0,0,1,0,0,0,1,1,0,0,0,0,0,0,0,0,0,0
80,0.7,220,0.86,0.9,830,TRUE,FALSE,2000,148,16,6,3,2,9,7,1,1,5,47,3,5,1,2,7,1,1,2,3,2,2,1,0,0,0,1,1,1,0,2,3,0,0,1,0,0,0,0,0,2,0,0,1,0,0,0,0,0,0,0,1,0,0,0,0,0,0,1,1,0,0,0,1,0,1,0,0,0,1,0,1,1,0,0,0,2,0,0,0,0,0,0,0,0,0,0,0,0,0,0
90,0.8,130,0.47,0.7,280,TRUE,TRUE,2000,151,14,6,3,7,12,4,5,3,7,48,6,1,1,2,5,0,1,0,3,1,1,1,0,0,2,0,1,0,0,3,1,0,0,1,0,0,0,0,0,0,1,0,0,0,0,0,0,0,0,1,2,0,0,0,1,0,0,1,2,0,0,0,0,0,1,1,0,0,0,2,0,0,0,0,0,0,0,1,0,0,0,0,0,0,0,0,0,0,0,0
20,0.6,300,0.71,0.8,570,TRUE,FALSE,2000,149,17,2,2,4,7,4,3,2,4,46,7,5,1,3,5,0,0,2,2,7,2,2,1,0,1,0,2,0,0,1,0,2,0,0,0,0,0,0,0,0,5,0,0,0,1,0,0,1,1,0,1,1,0,0,0,0,1,0,1,0,0,0,0,0,1,0,0,0,1,0,0,0,1,0,0,0,0,0,1,0,0,0,0,0,0,0,0,0,0,0
60,0.8,220,0.86,0.8,950,FALSE,FALSE,2000,150,15,8,4,3,9,4,3,3,4,52,2,1,1,1,6,1,0,1,0,1,2,1,0,0,1,1,1,2,2,4,1,2,0,0,0,0,0,0,0,0,1,0,1,1,0,1,0,0,0,1,2,0,0,1,0,1,0,0,1,0,0,0,0,0,0,0,0,0,0,2,0,0,0,1,0,0,0,0,2,0,0,0,0,0,0,0,0,0,0,0
30,0.5,120,0.8,0.4,650,TRUE,FALSE,2000,149,17,5,4,4,8,3,2,4,4,47,0,3,1,2,12,1,1,1,1,4,3,3,0,1,0,1,0,0,0,3,1,0,0,0,0,0,0,0,0,2,3,0,0,0,0,0,0,0,0,0,2,0,0,1,0,0,0,0,0,0,0,0,0,0,0,1,1,0,1,0,0,0,0,0,1,0,0,0,2,0,0,0,0,0,0,0,0,0,0,0
20,0.5,270,0.32,0.3,920,FALSE,FALSE,2000,150,14,4,2,8,9,5,5,4,9,42,3,0,4,3,3,0,2,2,0,1,3,2,2,1,4,1,1,0,0,3,1,0,0,0,0,0,0,0,0,0,0,0,0,0,1,0,0,0,2,1,0,2,0,0,0,0,0,1,1,0,0,0,1,0,0,0,0,0,1,0,0,0,0,0,1,0,0,0,0,2,0,0,0,0,0,0,0,0,0,0
80,0.7,220,0.92,0.5,820,TRUE,FALSE,2000,150,15,3,6,5,11,5,4,4,4,39,2,1,3,2,1,1,2,4,3,5,2,4,0,0,1,1,0,2,0,3,0,0,0,0,0,0,0,0,0,1,1,0,0,2,1,0,0,0,0,0,0,0,1,1,0,1,0,0,2,1,0,0,1,0,1,0,0,0,1,1,0,0,0,0,1,0,0,0,1,1,0,0,0,0,0,0,0,0,0,0
90,0.6,250,0.44,0.3,530,FALSE,FALSE,2000,149,22,3,5,7,8,1,5,3,6,34,3,2,3,3,5,1,4,1,2,3,3,1,0,1,0,2,0,1,0,2,0,0,1,0,1,0,0,0,1,0,1,0,0,2,0,1,1,0,0,1,2,1,0,1,0,0,0,1,0,0,1,0,0,0,1,0,0,0,1,0,0,0,0,0,0,0,0,1,1,0,0,0,0,0,0,0,0,0,0,0
30,0.9,200,0.45,0.7,930,TRUE,FALSE,2000,151,21,5,3,5,4,4,4,5,3,44,4,3,1,2,3,4,1,4,2,3,3,0,1,0,0,1,0,0,1,2,2,0,0,0,0,1,0,1,0,2,0,0,0,1,0,0,0,1,0,1,1,1,0,0,0,0,0,0,1,0,1,0,0,0,1,0,0,0,1,0,1,0,1,0,1,0,0,0,0,1,0,0,0,0,0,0,0,0,0,0
60,0.7,230,0.36,0.3,520,TRUE,TRUE,2000,149,17,4,6,11,10,5,4,4,3,34,7,3,2,1,4,2,3,2,2,0,5,2,1,0,0,0,0,2,1,1,0,0,0,0,1,0,1,0,0,0,1,0,0,2,0,1,0,0,2,0,0,0,0,1,0,0,0,0,1,0,0,0,0,0,1,0,0,0,2,0,0,0,0,0,0,0,0,1,0,0,0,0,0,0,0,0,0,0,0,0
40,0.6,120,0.68,0.6,460,FALSE,TRUE,2000,151,19,5,7,3,4,4,3,4,2,40,6,3,1,5,2,2,1,4,2,3,7,0,1,0,3,0,1,0,0,2,0,1,0,0,1,0,0,0,0,1,1,0,1,0,0,0,0,1,0,0,3,0,0,0,1,0,0,0,1,0,1,0,0,0,2,0,0,0,2,0,0,1,0,0,0,0,0,1,0,0,0,0,0,0,0,0,0,0,0,0
90,0.9,110,0.9,0.4,700,TRUE,TRUE,2000,150,19,5,6,6,12,6,1,4,2,43,3,3,1,0,3,1,0,3,2,3,2,2,2,0,0,2,2,1,0,1,1,0,0,0,0,0,0,0,0,0,0,0,0,1,0,0,1,1,1,0,1,0,1,0,0,0,0,0,0,0,1,0,0,0,0,1,0,0,2,0,0,1,1,0,1,0,0,0,1,1,0,0,0,0,0,0,0,0,0,0
10,0.8,140,0.86,0.3,200,TRUE,FALSE,2000,147,23,7,2,4,7,0,5,6,5,47,3,2,0,0,5,2,4,0,1,1,1,2,0,0,2,0,1,0,3,2,0,0,0,0,0,0,0,0,0,1,2,0,0,0,0,0,1,0,0,0,0,1,1,0,0,0,0,1,1,1,1,0,0,0,1,0,1,0,0,0,0,0,0,1,0,0,0,0,0,0,0,0,0,0,0,0,0,0,0,0
40,0.8,150,0.45,0.3,150,FALSE,TRUE,2000,149,19,3,4,9,7,5,2,6,5,34,4,2,2,0,7,2,2,0,1,3,4,3,2,2,1,1,0,1,0,0,0,0,0,0,0,0,0,1,1,0,4,0,0,0,1,2,0,0,0,1,2,0,1,0,0,0,2,0,0,0,0,0,0,1,0,0,0,1,0,0,0,0,0,0,1,1,0,0,0,0,0,0,0,0,0,0,0,0,0,0
10,0.6,250,0.57,0.8,780,FALSE,TRUE,2000,150,14,3,2,7,9,2,2,6,4,58,6,1,2,2,4,0,0,2,0,3,1,2,1,0,2,0,0,0,0,4,1,0,0,0,1,0,0,0,0,0,1,2,0,0,0,0,0,0,0,2,0,0,0,1,0,0,0,1,0,0,0,0,0,0,0,0,0,1,1,0,0,0,0,0,1,0,0,0,1,1,0,0,0,0,0,0,0,0,0,0
60,0.9,220,0.49,0.9,880,FALSE,TRUE,2000,152,16,4,4,7,15,2,3,5,3,48,2,1,1,2,2,2,1,1,1,3,4,1,2,0,0,1,1,1,2,1,3,0,0,0,0,0,0,0,0,2,0,0,1,0,0,0,0,1,0,0,3,0,0,0,0,0,0,2,1,0,0,0,0,0,0,0,0,0,0,0,0,0,0,1,0,0,0,1,2,0,0,0,0,0,0,0,0,0,0,0
10,0.8,230,0.68,0.5,800,FALSE,FALSE,2000,149,21,3,3,6,4,3,1,6,2,50,2,3,2,3,3,3,0,2,1,1,1,0,1,3,4,1,1,0,1,2,3,0,0,0,1,0,0,0,0,2,0,1,0,0,0,0,0,0,0,0,1,1,0,0,0,1,0,0,0,1,1,0,0,0,0,0,1,0,1,0,0,0,0,1,0,0,0,1,0,0,0,0,0,0,0,0,0,0,1,0
80,0.7,250,0.81,0.6,1000,TRUE,FALSE,2000,151,11,9,4,5,6,2,4,6,7,44,4,1,1,1,5,2,1,2,1,3,5,1,0,0,0,2,0,0,0,7,2,0,0,0,0,0,0,0,1,0,3,0,0,0,0,0,0,0,0,0,2,0,0,1,0,0,0,1,2,0,1,0,0,0,0,0,0,0,1,0,0,0,0,0,3,0,0,0,0,1,0,0,0,0,0,0,0,0,0,0
20,0.7,170,0.31,0.3,130,FALSE,FALSE,2000,148,11,8,3,4,10,3,4,4,3,47,6,2,1,0,3,2,3,0,2,5,1,1,0,0,3,0,3,0,2,3,1,1,0,0,0,0,0,0,0,1,0,0,1,2,0,0,1,0,0,2,0,0,1,0,0,0,0,0,0,0,0,0,0,0,0,0,0,0,2,0,0,0,0,0,1,0,0,1,0,1,0,0,0,0,0,0,0,0,0,0
70,0.7,250,0.64,0.3,710,FALSE,FALSE,2000,151,17,3,4,2,10,6,1,2,5,46,5,2,0,2,5,2,1,2,2,3,2,1,1,0,3,0,1,1,0,3,0,0,0,0,0,0,0,0,1,2,1,0,1,0,0,0,0,0,1,2,0,0,1,0,1,1,0,0,2,0,1,0,0,0,0,0,1,0,0,0,0,0,0,1,1,0,0,0,2,1,0,0,0,0,0,0,0,0,0,0
50,0.8,260,0.59,0.5,910,FALSE,FALSE,2000,149,13,4,3,10,10,4,6,5,2,40,5,1,3,5,5,2,0,0,1,1,1,3,1,0,1,1,2,1,1,2,1,0,0,0,0,0,0,0,0,0,0,0,0,2,0,0,0,0,1,0,0,0,0,0,1,0,0,1,0,2,0,1,0,1,2,0,2,0,0,0,0,0,0,0,0,0,0,0,3,0,0,0,0,0,0,0,0,0,0,0
30,0.8,120,1,0.7,230,FALSE,FALSE,2000,148,17,2,6,5,9,4,6,3,5,48,3,2,1,1,4,1,0,3,2,4,3,3,0,0,0,0,0,0,1,2,0,0,0,0,0,0,0,0,0,1,0,0,1,0,0,0,1,0,0,1,1,0,0,0,0,0,0,0,2,0,0,0,0,0,1,0,0,1,2,1,0,0,1,0,0,0,0,0,1,0,0,0,0,0,0,0,0,0,0,0
20,0.5,270,0.95,0.3,910,TRUE,FALSE,2000,150,20,4,4,5,6,3,5,6,5,48,5,0,2,1,5,2,1,2,1,0,1,2,0,0,2,1,0,1,0,3,1,0,2,0,0,0,0,0,0,0,0,1,0,0,0,0,0,0,0,0,0,0,0,0,0,0,0,0,0,1,1,0,0,1,1,0,0,1,1,1,3,0,0,1,0,0,1,0,0,0,0,0,0,0,0,0,0,0,0,0
50,0.6,160,1,0.9,950,TRUE,FALSE,2000,148,17,7,5,6,6,6,3,2,5,35,4,3,3,1,7,2,1,3,3,4,2,1,0,1,0,3,1,0,0,2,3,1,0,0,0,0,0,0,0,0,0,0,0,0,0,0,0,0,0,1,3,0,0,0,1,1,0,0,0,0,1,0,0,0,1,1,0,0,1,0,0,0,0,0,1,0,0,0,1,0,0,0,0,0,0,0,0,0,0,0
80,0.7,270,0.93,0.6,460,FALSE,FALSE,2000,149,18,5,3,3,8,2,6,3,3,47,6,3,1,0,3,2,1,3,0,1,3,2,0,1,0,1,1,0,0,3,1,0,0,0,0,0,0,0,0,1,2,0,0,2,1,0,0,2,1,1,0,0,1,0,0,0,0,1,0,0,1,0,0,0,1,0,0,1,1,0,1,0,0,1,0,0,0,0,1,0,0,0,0,1,0,0,0,0,0,0
70,0.6,240,0.83,0.8,790,TRUE,TRUE,2000,150,18,2,4,5,10,5,5,2,5,36,7,3,3,4,3,2,1,3,4,1,3,3,1,1,0,0,1,1,1,0,0,0,0,0,1,0,1,1,0,0,1,0,0,0,0,0,1,0,0,1,0,1,0,0,0,0,0,0,1,0,0,2,0,0,0,1,1,0,1,0,0,0,0,0,1,1,0,1,0,0,0,0,1,0,0,0,0,0,0,0
10,0.7,110,0.46,0.9,430,TRUE,TRUE,2000,148,15,5,3,6,13,5,0,2,5,50,2,4,0,0,3,2,0,3,2,4,3,1,0,1,3,0,0,0,0,3,0,0,0,0,0,0,0,0,0,1,0,0,2,0,0,1,0,0,1,3,0,0,1,0,1,1,0,0,0,0,0,0,0,0,0,0,0,1,0,0,0,0,0,0,0,0,0,0,1,1,0,0,0,0,0,0,0,0,0,0
10,0.5,190,0.84,0.3,840,TRUE,FALSE,2000,152,16,3,4,4,10,3,3,2,5,44,5,3,3,4,6,3,0,2,1,1,1,4,0,0,1,0,1,1,2,2,1,0,0,0,0,0,0,0,0,0,2,1,0,0,0,0,0,1,1,1,0,1,0,0,1,2,0,0,0,1,0,0,0,1,0,0,0,0,1,0,0,0,0,0,1,0,0,2,0,2,0,0,0,0,0,0,0,0,0,0
70,0.6,210,0.86,0.6,780,FALSE,TRUE,2000,150,19,7,3,2,10,3,4,2,5,45,3,1,1,0,6,2,2,0,2,4,4,2,1,0,1,1,3,1,1,1,1,1,0,0,0,0,0,0,0,1,3,0,0,0,0,0,0,0,1,1,0,0,0,0,1,0,0,0,0,0,0,0,0,0,1,0,0,1,1,0,1,0,0,0,0,0,1,0,0,1,0,0,0,0,0,0,0,0,0,0
20,0.7,190,0.38,0.6,300,FALSE,TRUE,2000,151,18,4,5,5,9,1,2,3,3,51,2,4,1,1,7,0,2,2,1,3,1,2,1,1,3,0,0,0,0,4,0,1,0,0,0,0,1,0,1,0,1,2,1,0,0,0,0,0,0,0,1,0,0,0,1,0,1,0,1,0,0,0,0,0,1,0,0,0,1,0,1,0,0,0,0,0,0,1,1,0,0,0,0,0,0,0,0,0,0,0
20,0.5,190,0.71,0.8,320,TRUE,TRUE,2000,153,21,5,6,8,9,6,0,1,6,37,4,1,0,0,9,2,0,1,3,3,4,3,1,1,2,1,1,0,1,1,2,0,0,0,0,0,0,0,1,0,1,0,0,0,0,1,0,0,0,1,2,0,0,0,0,0,0,0,0,0,2,0,1,0,1,0,0,0,2,0,0,0,0,1,0,0,0,1,0,0,0,0,1,0,0,0,0,0,0,0
30,0.6,200,0.67,0.4,130,TRUE,TRUE,2000,153,16,5,3,3,9,5,2,3,3,48,2,2,2,2,3,4,0,5,2,3,4,0,2,0,1,0,0,1,0,3,1,0,0,0,0,1,2,0,0,1,1,0,2,0,0,0,0,0,2,2,0,0,1,0,2,0,0,1,0,1,0,0,0,0,0,0,0,0,0,0,1,0,0,0,1,0,0,0,0,2,0,0,0,0,0,0,0,0,0,0
20,0.9,280,0.52,0.5,710,TRUE,TRUE,2000,151,17,4,6,6,6,4,1,5,5,44,5,3,1,3,3,4,1,1,2,1,4,2,0,0,3,0,0,2,0,1,3,0,0,0,0,0,1,0,0,1,1,1,0,0,0,0,0,0,1,0,0,2,0,0,0,1,0,0,0,1,0,0,0,1,0,0,0,0,2,0,0,0,0,0,1,0,0,1,1,0,0,0,0,0,0,0,0,0,0,0
30,0.9,200,0.46,0.5,750,TRUE,TRUE,2000,151,17,9,6,7,9,5,2,3,6,30,4,5,0,4,3,2,0,2,3,3,6,1,2,0,0,1,1,1,0,0,0,1,0,1,0,0,1,0,1,0,1,0,0,2,1,2,0,0,1,2,0,0,0,0,0,0,0,0,0,0,0,0,1,0,0,2,0,1,0,0,1,0,0,0,0,0,0,1,1,0,0,0,0,0,0,0,0,0,0,0
90,0.5,240,0.41,0.7,820,TRUE,FALSE,2000,150,23,5,3,7,8,3,3,2,3,41,2,3,0,1,4,4,3,1,0,4,3,1,0,2,2,1,1,0,0,4,1,0,0,0,0,0,0,0,0,1,2,0,0,1,0,0,1,0,0,0,0,1,0,0,0,0,0,1,1,1,1,0,1,0,0,0,1,0,1,0,0,0,0,1,1,0,0,0,1,0,0,0,0,0,0,0,0,0,0,0
90,0.5,220,0.75,0.7,670,FALSE,TRUE,2000,149,20,2,4,6,8,3,3,3,7,36,6,2,4,3,3,7,1,2,4,1,3,2,1,1,0,0,0,0,1,1,1,0,0,1,2,0,0,1,0,0,0,0,0,2,0,0,0,0,0,0,1,1,0,0,0,0,1,0,0,0,0,0,0,0,1,0,0,0,2,0,0,0,0,0,1,0,0,0,2,0,0,0,0,0,0,0,0,0,0,0
60,0.8,290,0.57,0.9,390,FALSE,TRUE,2000,154,24,7,1,6,6,4,2,4,7,39,6,1,2,2,7,0,2,0,2,6,2,1,0,3,1,2,1,0,1,0,2,2,0,0,0,0,0,0,0,0,3,0,0,0,0,0,0,0,1,0,0,0,0,0,1,1,0,0,1,0,0,0,0,0,0,0,1,1,0,0,0,2,0,0,0,1,0,0,0,0,0,0,0,0,0,0,0,0,0,0
70,0.5,220,0.39,0.6,770,FALSE,TRUE,2000,152,24,1,7,5,6,7,0,3,6,42,2,1,1,0,10,2,2,1,0,5,2,1,0,0,4,1,0,2,0,4,0,0,0,0,0,0,0,0,0,1,1,0,0,0,0,1,0,0,0,0,0,1,1,2,0,0,0,0,1,0,0,0,0,0,1,0,0,0,1,1,0,0,0,1,0,0,0,0,1,1,0,0,0,0,0,0,0,0,0,0
30,0.5,280,0.44,0.9,940,TRUE,FALSE,2000,156,15,7,4,2,6,2,6,6,3,45,1,3,2,2,6,3,3,0,2,5,5,1,0,0,0,0,0,2,2,5,1,0,2,0,0,0,0,0,0,1,0,0,0,0,0,0,0,0,0,3,2,1,0,1,1,0,0,0,1,0,0,0,0,0,1,0,0,1,2,0,0,0,0,0,0,1,0,0,0,1,0,0,0,0,0,0,0,0,0,0
90,0.6,100,0.35,0.5,860,TRUE,TRUE,2000,150,12,6,3,4,12,2,0,2,4,52,5,3,0,0,6,3,5,0,2,4,1,4,0,1,0,1,0,0,0,1,0,0,0,1,0,0,0,0,0,2,1,1,1,0,1,1,0,0,1,1,0,0,0,0,1,1,0,2,0,0,0,0,0,0,0,0,0,0,1,0,1,0,0,0,0,0,0,1,0,1,0,0,0,0,0,0,0,0,0,0
20,0.7,100,0.31,0.8,610,FALSE,FALSE,2000,148,15,4,6,6,8,5,2,3,2,42,5,3,0,1,8,1,0,2,0,4,5,1,0,3,2,2,0,2,0,1,1,0,1,1,0,0,0,0,1,2,1,0,0,0,0,0,0,0,0,0,1,1,0,0,0,0,0,1,0,0,1,0,0,0,1,0,1,0,1,0,0,1,0,1,0,0,0,0,0,0,0,0,0,0,0,0,0,0,0,0
20,0.8,180,0.98,0.3,1000,FALSE,FALSE,2000,148,17,9,2,6,8,1,5,4,2,42,5,2,2,0,6,2,3,1,0,4,1,1,0,1,3,2,0,1,1,2,1,0,0,0,0,0,0,0,0,0,3,0,0,1,0,0,0,0,1,1,1,0,0,1,0,0,0,0,0,1,0,1,0,1,1,0,1,0,1,0,0,0,0,0,0,0,0,0,1,0,0,0,0,0,0,0,0,0,0,0
70,0.7,140,0.95,0.9,920,TRUE,FALSE,2000,148,15,5,5,6,8,6,2,5,6,39,7,0,1,4,1,3,2,3,1,4,1,1,2,1,1,0,0,0,0,3,3,0,0,0,0,0,1,0,1,1,0,0,0,1,0,0,0,0,1,1,0,1,0,0,0,1,0,1,0,1,0,0,1,0,1,0,0,0,0,0,0,0,0,0,0,0,0,1,0,1,0,0,0,0,0,0,0,0,0,0
90,0.9,270,0.44,0.5,810,TRUE,FALSE,2000,150,16,5,8,8,12,2,2,5,2,43,4,0,0,1,5,1,1,2,3,2,7,1,0,0,2,1,2,1,0,2,2,0,0,0,0,0,0,0,0,0,1,0,0,0,0,0,0,0,0,0,2,1,0,0,0,0,0,0,0,0,0,0,0,1,0,0,0,1,0,0,1,0,0,0,0,0,1,2,1,0,0,0,0,0,0,0,0,0,0,0
80,0.9,300,0.53,0.5,170,FALSE,FALSE,2000,151,15,6,5,3,7,7,4,1,4,48,5,2,0,0,4,1,2,3,1,6,1,0,2,1,0,1,0,1,0,3,1,0,0,0,0,0,0,0,0,1,2,0,1,0,0,0,1,0,1,0,1,1,1,0,2,1,0,0,1,1,1,0,0,0,0,0,0,1,0,0,0,0,0,0,0,0,0,0,1,0,0,0,0,0,0,0,0,1,0,0
60,0.5,280,0.65,0.8,380,TRUE,FALSE,2000,150,13,3,6,6,6,5,2,4,3,52,1,2,2,1,3,2,1,3,0,2,4,1,3,0,2,2,0,0,2,3,0,0,0,0,1,1,0,0,2,0,1,1,0,1,0,0,1,0,0,0,1,1,0,0,0,0,0,0,0,1,1,0,0,0,0,0,0,1,1,1,0,0,0,0,0,1,0,0,0,1,0,0,0,0,0,0,0,0,0,0
90,0.8,220,0.59,0.8,930,FALSE,FALSE,2000,151,21,4,3,6,9,4,3,4,5,44,3,2,2,3,4,0,0,3,2,4,3,1,2,0,1,1,0,0,0,4,1,1,1,0,0,0,0,0,0,1,0,0,0,1,0,0,0,0,0,0,1,1,0,0,0,0,0,0,0,0,1,0,1,1,0,0,0,1,1,0,0,0,0,0,0,0,0,1,0,1,0,0,0,0,0,0,0,0,0,0
100,0.5,270,0.62,0.5,390,TRUE,TRUE,2000,152,11,7,6,4,10,1,8,5,4,50,3,2,2,1,2,1,3,2,0,5,2,1,0,1,0,2,1,0,0,4,0,0,0,1,0,0,0,1,0,1,2,1,0,0,0,0,0,0,0,1,1,0,0,0,0,0,0,0,0,2,0,0,0,1,0,0,0,0,1,0,0,0,0,0,0,0,0,0,2,1,0,0,0,0,0,0,0,0,0,0
90,0.6,270,0.74,0.9,930,TRUE,TRUE,2000,152,21,6,4,7,10,3,5,1,6,27,5,5,2,4,6,2,1,2,5,3,2,1,1,0,1,1,2,1,1,1,1,2,0,0,0,0,0,1,0,0,2,0,0,0,0,0,1,0,1,1,0,0,1,0,0,0,0,0,0,0,1,1,0,0,0,1,0,2,0,0,0,0,0,0,0,0,0,0,2,0,0,0,0,0,0,0,0,0,0,0
70,0.7,190,0.59,0.7,410,TRUE,TRUE,2000,152,13,9,3,3,13,3,1,2,7,47,5,0,0,0,6,1,3,1,2,7,1,1,0,1,0,1,0,0,0,2,0,2,1,0,0,1,0,0,0,1,1,1,0,2,0,0,0,1,0,1,2,0,0,0,0,0,1,0,0,0,0,0,1,0,0,1,0,1,1,0,0,0,0,1,0,0,0,0,1,1,0,0,0,0,0,0,0,0,0,0
80,0.5,220,0.34,0.4,550,TRUE,FALSE,2000,151,16,5,6,3,12,4,2,3,4,47,3,3,0,1,8,2,1,1,1,4,3,3,0,0,1,0,2,0,1,2,2,0,0,0,0,0,0,0,0,0,3,0,0,0,0,0,0,0,1,1,0,0,0,0,0,1,0,1,0,0,1,0,0,0,1,0,0,1,0,0,0,0,0,0,0,0,0,0,1,0,0,0,1,0,0,0,0,0,0,0
80,0.9,250,0.88,0.7,850,FALSE,TRUE,2000,149,12,7,4,3,8,4,2,4,5,46,3,3,0,1,7,2,2,0,1,8,3,2,0,0,2,0,0,1,0,3,1,0,1,0,0,0,0,0,0,0,2,0,0,1,0,1,0,0,0,2,0,0,0,1,1,1,0,0,1,1,0,0,0,0,0,0,0,1,1,0,0,0,0,0,0,0,0,1,1,0,0,0,0,0,0,0,0,0,0,0
80,0.9,220,0.54,0.9,260,FALSE,FALSE,2000,151,12,6,5,2,9,2,5,5,7,46,4,1,2,2,5,2,1,0,3,6,1,0,1,0,0,2,0,1,0,3,1,0,2,0,0,0,0,1,1,1,1,0,0,1,0,0,0,0,0,2,1,1,0,0,0,0,0,0,1,2,0,0,0,0,0,0,0,0,1,0,0,0,0,1,0,0,0,0,1,1,0,0,0,0,0,0,0,0,0,0
50,0.5,300,0.87,0.3,660,FALSE,FALSE,2000,152,16,2,5,8,8,6,2,4,6,42,3,1,1,2,5,1,2,0,3,2,2,1,3,0,3,0,0,2,1,3,0,1,0,1,0,0,0,0,0,1,0,1,0,2,0,1,0,1,1,1,0,0,0,0,0,1,0,2,0,0,0,0,0,1,0,0,0,0,1,0,0,0,0,0,1,0,0,0,2,1,0,0,0,0,0,0,0,0,0,0
90,0.6,210,0.71,0.3,180,TRUE,FALSE,2000,150,23,3,4,3,12,3,1,2,3,48,5,3,4,0,3,2,1,3,1,1,2,2,0,0,2,0,2,0,1,0,1,0,2,0,0,0,0,0,1,0,0,0,0,1,1,1,0,0,0,1,1,1,0,0,0,1,0,0,0,0,1,0,0,0,0,0,0,1,1,1,0,1,0,0,0,0,0,1,0,0,0,0,0,0,0,0,0,0,0,0
70,0.8,200,0.49,0.5,310,FALSE,TRUE,2000,150,23,4,8,4,11,4,3,3,6,35,2,1,0,4,4,2,2,0,4,2,2,2,1,1,4,1,1,0,1,0,0,0,0,0,0,0,0,0,0,0,1,1,1,1,1,0,0,0,0,0,2,0,0,0,1,0,0,0,0,0,0,0,1,1,0,0,0,1,2,0,0,0,0,0,1,0,0,0,2,0,0,0,0,0,0,0,0,0,0,0
100,0.6,300,0.58,0.9,630,FALSE,FALSE,2000,152,15,3,7,5,13,2,3,5,5,44,5,2,4,0,2,3,2,1,1,2,3,1,2,1,1,0,1,1,0,1,2,2,1,0,0,0,0,0,0,1,1,1,0,0,0,0,0,0,0,2,1,0,0,2,0,0,0,0,1,0,0,0,0,1,0,0,0,0,1,0,0,0,0,0,0,0,0,1,0,1,0,0,0,0,0,0,0,0,0,0
70,0.5,150,0.61,0.4,950,TRUE,FALSE,2000,149,20,3,2,7,9,5,5,2,7,37,9,0,1,1,5,1,2,3,1,2,2,1,1,0,3,0,0,0,2,2,2,1,0,1,0,0,0,1,1,1,2,0,0,0,0,0,0,0,0,0,0,2,0,0,0,0,0,0,0,0,1,0,0,0,1,0,0,1,1,0,0,0,0,0,0,0,0,1,1,0,0,0,0,0,0,0,0,0,0,0
40,0.9,210,0.56,0.4,280,TRUE,FALSE,2000,149,17,2,6,7,8,2,7,3,4,49,4,1,2,0,4,3,0,3,1,0,4,2,1,0,1,1,1,1,0,2,1,0,0,0,0,0,0,0,0,1,2,0,0,1,0,0,0,0,0,0,1,1,0,0,0,0,0,0,1,0,0,0,0,1,0,0,0,0,0,0,2,0,0,0,0,1,2,0,0,0,0,0,0,0,0,0,0,0,0,0
100,0.8,280,0.56,0.7,170,FALSE,FALSE,2000,147,15,3,6,7,9,5,3,5,2,39,9,1,5,2,3,1,3,3,1,1,5,0,1,1,0,0,0,0,2,1,2,1,0,0,0,0,0,0,1,0,1,0,0,0,0,2,0,0,0,0,1,0,0,1,0,0,1,0,0,0,0,0,0,0,2,0,0,0,0,0,0,1,0,0,0,0,0,1,1,0,0,0,0,0,0,0,0,0,0,0
80,0.5,280,0.96,0.5,1000,FALSE,TRUE,2000,149,21,4,1,5,9,4,2,3,4,49,4,0,3,1,2,2,1,1,1,4,2,3,1,0,0,0,0,0,1,4,2,0,0,0,0,1,1,0,0,0,3,0,0,0,0,0,1,0,0,0,1,0,1,1,0,0,0,0,0,0,2,0,0,0,0,0,0,1,1,0,0,0,1,0,1,0,0,0,1,0,0,0,0,0,0,0,0,0,0,0
20,0.8,210,0.33,0.9,110,TRUE,FALSE,2000,150,15,2,3,4,11,1,7,2,6,54,4,2,2,0,4,1,2,0,1,3,3,2,1,2,0,1,0,1,0,1,0,0,0,1,0,1,0,0,0,2,0,0,0,0,0,0,0,0,0,2,1,0,0,0,1,0,0,1,0,1,1,0,0,0,0,1,0,1,0,1,0,0,0,0,0,0,0,0,2,0,0,0,0,0,0,0,0,0,0,0
40,0.9,220,0.77,0.8,790,FALSE,FALSE,2000,149,21,2,7,7,12,2,2,2,3,36,2,3,3,1,8,3,0,0,1,4,2,2,2,0,1,2,0,1,0,0,2,0,0,0,0,0,0,0,0,2,1,0,0,0,1,1,0,0,3,0,2,0,1,0,0,0,0,0,0,0,1,0,0,0,2,0,0,0,1,0,0,1,0,0,0,0,1,0,1,1,0,0,0,0,0,0,0,0,0,0
50,0.7,110,0.54,0.7,140,FALSE,FALSE,2000,147,12,2,4,5,10,4,2,3,6,49,6,3,0,1,3,3,2,3,1,0,3,1,0,0,4,0,1,0,0,2,2,1,0,0,1,0,0,0,1,2,2,0,0,0,0,1,0,0,0,1,0,0,0,0,1,0,0,0,1,1,1,0,0,0,0,0,0,1,0,0,0,0,1,0,0,0,0,0,1,0,0,0,0,0,0,0,0,0,0,0
30,0.8,240,0.96,0.5,530,TRUE,TRUE,2000,149,17,4,7,5,8,6,3,3,5,41,4,1,3,1,4,2,1,2,3,3,4,1,1,0,1,1,1,0,0,1,0,0,2,0,0,0,0,2,0,1,2,1,0,0,0,0,0,0,0,0,1,0,0,0,0,0,0,1,0,1,0,0,0,0,1,0,0,2,0,0,0,0,0,0,0,0,0,1,1,1,0,0,0,0,0,0,0,0,0,0
20,0.7,130,0.34,0.4,870,TRUE,FALSE,2000,149,19,7,2,5,7,3,5,3,1,46,3,1,2,0,7,2,4,0,2,2,2,1,1,0,0,1,0,1,0,3,3,0,1,0,1,0,0,0,2,0,3,0,0,1,0,0,0,0,1,1,1,1,0,0,0,0,0,0,0,1,0,0,0,0,1,0,0,1,0,1,0,0,0,0,0,0,0,1,0,0,0,0,0,0,0,0,0,0,0,0
10,0.6,100,0.52,0.6,200,TRUE,TRUE,2000,148,14,3,6,7,13,3,1,7,4,47,5,1,0,2,4,1,4,2,1,1,1,1,1,0,2,0,1,0,0,3,1,0,0,0,0,0,0,0,0,1,0,1,1,0,0,0,0,0,0,2,1,0,0,1,0,0,0,0,1,1,0,0,0,0,1,0,0,1,0,1,0,0,0,0,0,0,0,0,1,0,0,0,0,0,0,0,0,0,0,0
70,0.7,130,0.44,0.6,750,TRUE,TRUE,2000,151,20,5,2,8,16,4,3,6,7,30,6,3,2,1,3,1,0,2,1,1,6,1,2,1,3,2,0,1,0,1,1,0,0,0,0,0,0,0,0,0,2,0,0,0,0,0,0,0,0,0,1,0,0,0,0,0,0,0,1,0,1,1,1,0,0,0,0,1,1,0,0,2,0,0,1,0,0,1,0,0,0,0,0,0,0,0,0,0,0,0
60,0.7,230,0.35,0.4,420,FALSE,TRUE,2000,151,24,1,4,4,5,5,3,3,6,43,4,3,0,4,5,0,3,2,1,3,5,1,0,1,0,2,1,0,0,2,0,1,0,0,0,0,1,0,0,3,1,1,0,0,0,1,0,0,0,1,1,1,0,0,0,0,0,1,0,0,1,0,0,0,0,0,0,0,1,0,0,1,0,0,1,0,1,0,0,0,0,0,0,0,0,0,0,0,0,0
50,0.7,150,0.69,0.6,700,TRUE,TRUE,2000,151,19,4,2,4,8,3,2,1,6,50,6,2,2,0,6,1,2,1,0,4,3,1,1,0,1,0,0,3,1,3,1,0,0,0,0,0,0,0,0,1,4,0,0,1,0,0,0,0,0,0,1,0,0,0,0,0,0,1,2,0,1,0,0,0,0,0,0,0,0,0,0,0,1,0,1,0,0,0,2,0,0,0,0,0,0,0,0,0,0,0
10,0.7,280,0.49,0.9,450,FALSE,FALSE,2000,152,17,7,4,5,8,4,2,2,4,45,9,3,0,2,4,4,1,2,0,3,3,1,1,0,0,0,0,0,1,2,2,0,0,0,0,0,0,0,1,1,0,0,2,0,0,0,0,0,0,2,1,0,0,0,0,0,0,0,0,0,0,0,1,0,0,0,0,1,2,1,0,0,1,0,0,0,0,0,0,1,0,1,0,0,0,0,0,2,0,0
90,0.6,120,0.43,0.8,480,TRUE,TRUE,2000,156,16,5,4,3,9,6,6,3,5,50,2,3,1,2,3,1,2,1,1,4,2,2,0,1,1,1,1,0,0,4,1,0,0,0,0,0,0,0,0,1,0,0,0,0,1,0,0,0,1,1,1,0,3,0,1,0,0,0,2,1,0,0,0,0,1,0,0,0,0,2,0,0,0,0,0,0,0,0,0,2,0,0,0,0,0,0,0,0,0,0
30,0.6,300,0.44,0.3,140,FALSE,TRUE,2000,154,17,2,10,9,13,4,5,2,2,34,8,1,2,1,8,1,3,0,2,2,3,1,0,2,0,1,2,0,1,0,0,1,0,0,0,0,1,0,0,1,2,1,0,0,0,0,0,0,0,0,0,0,1,0,0,0,1,0,1,0,0,0,0,0,1,1,1,1,2,0,1,1,0,0,1,0,0,0,1,0,0,0,0,0,0,0,0,0,0,0
80,0.5,100,0.79,0.5,710,FALSE,FALSE,2000,150,10,6,5,5,9,5,2,7,5,51,5,0,2,1,5,2,0,2,0,1,3,1,1,1,1,0,1,1,0,3,0,2,0,0,0,0,0,0,0,1,1,0,0,0,0,0,0,0,0,3,0,0,0,2,0,1,0,0,1,0,0,0,0,1,0,0,0,0,1,0,0,0,0,0,0,0,0,0,0,2,0,0,0,0,0,0,0,0,0,0
40,0.6,100,0.75,0.3,750,TRUE,TRUE,2000,150,20,7,5,6,11,2,4,3,4,36,4,2,2,0,7,2,2,4,0,0,4,0,2,1,2,1,0,1,0,2,1,0,0,0,0,0,0,0,1,0,3,0,0,0,1,0,0,0,2,0,1,0,0,0,0,0,1,0,0,0,1,0,0,0,1,0,0,1,2,0,0,0,0,1,0,0,0,0,0,0,0,1,0,0,0,0,0,0,0,0
90,0.6,180,0.65,0.5,110,FALSE,TRUE,2000,150,23,6,6,3,5,4,1,4,4,42,3,0,1,5,6,3,0,2,3,0,3,2,0,3,2,0,1,2,0,1,0,0,0,0,0,0,0,0,0,1,4,0,0,0,0,0,0,1,0,0,1,0,0,0,1,0,0,0,1,1,2,0,0,1,0,0,0,0,1,0,0,0,0,0,0,0,0,0,2,0,0,0,0,0,0,0,0,0,0,0
60,0.9,260,0.5,0.5,440,TRUE,TRUE,2000,152,15,5,3,2,7,2,1,3,3,52,5,1,1,0,13,0,3,0,3,9,2,1,0,0,3,0,1,0,0,3,2,0,1,0,1,1,0,0,0,0,1,0,1,0,0,0,0,0,0,3,0,0,0,0,1,0,0,1,0,0,0,0,0,0,0,0,0,0,1,0,0,0,0,0,0,0,0,0,1,1,0,0,0,0,0,0,0,0,0,0
30,0.6,250,0.33,0.9,120,FALSE,TRUE,2000,149,18,3,4,7,7,2,1,5,6,44,3,2,2,1,6,2,1,1,1,7,1,5,2,1,1,1,0,0,0,1,0,0,0,0,1,0,0,0,0,0,1,0,1,1,0,0,0,0,0,2,1,0,0,0,1,0,0,0,1,0,1,0,0,0,0,0,0,1,0,0,1,0,0,0,0,1,0,0,2,0,0,0,0,0,0,0,0,0,0,0
40,0.9,200,0.81,0.6,190,FALSE,FALSE,2000,151,15,4,8,9,6,7,2,3,8,43,4,0,0,3,9,0,1,0,2,2,3,1,1,1,1,2,2,0,1,0,2,0,0,0,0,0,0,0,0,0,1,0,0,1,0,1,0,1,0,0,0,0,0,0,0,1,0,1,1,0,2,0,0,0,0,0,0,1,0,0,0,0,0,0,0,0,0,2,0,0,0,0,0,0,0,0,0,0,0,0
50,0.8,210,0.44,0.8,810,TRUE,FALSE,2000,152,18,6,3,7,11,2,2,3,2,46,4,3,0,2,4,2,1,1,2,5,4,0,0,1,1,1,1,0,2,1,0,1,1,0,0,0,0,1,1,0,2,1,0,0,0,0,0,0,1,1,2,0,1,0,0,0,0,0,1,0,0,0,0,0,0,0,1,0,1,0,0,0,0,0,1,0,0,0,2,0,0,0,0,0,0,0,0,0,0,0
80,0.6,250,0.36,0.5,350,FALSE,FALSE,2000,152,16,5,3,5,8,7,2,4,6,43,2,1,2,1,2,2,0,2,2,6,4,3,1,0,1,0,1,0,1,4,0,0,0,0,0,0,1,0,1,1,0,0,1,0,0,3,0,1,0,0,1,1,1,0,0,0,0,0,0,2,0,0,0,0,0,0,0,1,1,1,0,0,0,1,0,0,0,0,1,1,0,0,0,0,0,0,0,0,0,0
20,0.8,270,0.87,0.4,510,TRUE,TRUE,2000,150,18,2,7,5,12,4,1,1,6,49,0,2,1,0,5,1,1,1,4,3,1,3,0,1,1,0,1,0,1,2,1,1,1,0,2,0,0,0,0,2,0,0,0,0,1,1,0,0,0,2,1,1,0,0,0,2,0,0,0,0,0,0,0,0,0,0,0,1,0,0,0,0,0,0,0,0,0,0,1,1,0,0,0,0,0,0,0,0,0,0
40,0.8,200,0.84,0.8,230,FALSE,TRUE,2000,151,15,6,6,6,9,4,2,7,4,49,3,0,1,0,5,3,2,1,1,0,5,0,3,0,1,0,1,0,1,4,1,0,0,0,0,0,0,0,1,2,1,0,0,0,0,1,0,0,0,0,0,0,0,0,0,0,0,0,0,2,0,0,0,1,0,0,0,1,0,0,0,0,0,0,0,0,0,1,1,1,0,0,0,0,0,0,0,0,0,0
10,0.7,290,0.82,0.6,710,FALSE,TRUE,2000,150,18,7,3,5,9,3,4,2,5,40,3,3,2,1,5,2,2,2,0,2,4,1,2,0,1,2,0,1,0,3,1,0,0,0,0,1,0,0,0,0,2,0,0,0,0,0,0,0,2,1,5,0,0,0,0,0,0,0,1,0,0,0,0,1,2,0,0,0,0,0,0,0,1,0,1,0,0,1,0,0,0,0,0,0,0,0,0,0,0,0
90,0.8,130,0.85,0.8,320,FALSE,FALSE,2000,149,17,5,6,3,7,0,2,5,4,45,5,2,1,1,8,3,2,1,2,5,2,1,0,0,2,0,0,1,0,3,3,0,1,0,0,0,0,0,0,0,4,0,0,1,0,0,0,0,0,0,1,0,0,0,0,0,0,0,1,0,1,1,0,0,0,0,0,0,1,0,0,1,0,0,1,0,0,0,1,0,0,0,0,0,0,0,0,0,0,0
70,0.7,210,0.49,0.7,800,FALSE,FALSE,2000,148,21,2,5,5,3,5,2,5,4,44,4,3,2,1,4,2,0,4,1,3,4,0,1,0,1,0,1,1,1,2,0,1,1,0,0,1,0,0,0,0,0,1,0,0,0,0,0,0,0,3,1,1,0,0,1,0,1,1,1,0,2,0,0,0,1,0,0,0,0,0,0,1,1,0,0,0,0,0,0,0,0,0,0,0,0,0,0,0,0,0
20,0.8,140,0.39,0.9,190,FALSE,TRUE,2000,146,18,7,4,5,6,4,5,4,4,44,2,2,1,0,3,2,0,5,1,2,4,1,1,0,0,1,0,0,2,4,1,0,0,0,0,0,0,0,0,1,1,0,0,0,0,2,0,0,0,0,1,1,0,0,0,0,0,0,1,1,2,0,1,0,1,0,0,1,0,0,0,0,0,0,1,0,0,0,0,0,0,0,0,0,0,0,0,0,0,0
100,0.5,290,0.52,0.9,960,TRUE,FALSE,2000,150,18,5,2,3,9,2,1,3,4,52,5,3,1,1,3,1,2,1,2,5,4,2,0,0,4,1,2,0,0,1,1,0,1,0,0,0,0,0,0,0,1,0,0,0,0,0,0,0,1,0,1,0,1,0,1,1,0,1,0,0,0,0,1,0,0,0,0,0,1,0,0,1,0,0,0,0,0,0,1,0,0,0,1,0,0,0,0,0,0,0
80,0.9,160,1,0.8,640,FALSE,FALSE,2000,150,22,5,1,7,5,4,3,3,3,44,3,3,2,2,5,3,0,3,1,5,1,2,1,2,1,1,0,2,0,1,0,0,0,1,0,0,0,0,0,0,0,0,1,1,1,0,0,0,0,0,2,0,0,1,1,0,0,0,0,0,0,0,0,1,1,0,2,0,1,0,1,0,0,0,0,0,0,2,0,0,0,0,0,0,0,0,0,0,0,0
20,0.7,270,0.86,0.8,320,FALSE,TRUE,2000,149,22,7,5,5,9,0,3,2,6,33,3,3,3,5,3,3,3,1,3,3,5,0,1,0,1,1,1,1,0,0,1,0,0,0,0,0,0,0,1,0,3,1,1,0,0,1,0,0,0,0,2,0,0,0,0,0,0,0,0,0,2,0,0,0,2,1,0,0,1,0,0,0,0,0,0,0,0,1,0,0,0,1,0,0,0,0,0,0,0,0
10,0.5,200,0.32,0.7,190,FALSE,FALSE,2000,149,17,3,4,11,9,3,5,2,5,41,2,0,1,1,5,2,0,3,2,4,4,2,1,1,1,0,1,0,0,2,1,0,0,0,0,0,0,1,0,2,0,1,2,0,0,0,1,2,0,0,0,0,1,1,0,0,0,0,1,0,0,0,0,0,1,0,0,1,0,2,0,0,0,0,0,0,0,1,0,0,0,0,0,0,0,0,0,0,0,0
70,0.9,100,0.7,0.9,350,FALSE,FALSE,2000,149,14,6,4,2,7,4,4,3,5,52,4,3,1,2,4,2,2,1,2,3,2,1,0,0,1,0,1,2,0,4,1,0,1,0,0,0,0,0,0,0,0,0,0,0,0,0,0,0,0,0,0,1,0,0,2,0,0,0,0,3,0,0,0,0,0,0,0,0,2,0,1,0,0,1,0,0,0,0,0,2,0,0,0,0,0,0,0,0,0,0
20,0.6,230,0.93,0.5,190,TRUE,FALSE,2000,150,16,5,8,7,14,4,2,3,7,36,4,2,2,1,3,1,1,4,1,6,2,1,1,1,3,0,0,1,1,0,1,0,0,0,0,0,0,1,0,0,0,0,1,0,0,0,0,0,2,1,0,0,1,0,1,0,0,0,0,0,0,1,0,0,0,0,2,0,0,0,0,0,0,0,1,0,0,1,1,0,0,0,0,0,0,0,0,0,0,0
50,0.7,210,0.84,0.6,420,TRUE,TRUE,2000,152,14,3,5,11,5,3,7,2,7,47,6,1,1,0,4,3,0,2,4,5,1,4,0,0,0,0,0,0,0,3,0,0,1,0,0,0,0,0,0,0,0,0,0,0,1,0,0,0,0,0,1,0,0,1,0,0,0,1,1,1,1,1,0,0,1,0,1,0,1,0,0,0,1,0,0,0,0,0,1,1,0,0,0,0,0,0,0,0,0,0
50,0.9,150,0.83,0.9,960,TRUE,TRUE,2000,150,10,2,7,9,8,5,1,3,7,51,5,1,0,2,3,3,1,3,2,2,1,2,1,2,2,1,2,1,1,0,0,0,0,0,0,1,0,0,0,1,1,1,0,0,0,0,0,0,1,0,1,1,0,0,1,0,0,0,0,0,0,0,0,0,0,1,1,0,0,0,1,0,0,0,0,0,0,1,1,0,0,0,0,0,0,0,0,0,0,0
80,0.9,230,0.48,0.6,510,TRUE,FALSE,2200,146,16,3,5,4,6,4,2,3,5,50,3,2,0,2,5,2,1,1,1,4,1,3,0,0,1,0,2,3,2,2,0,0,0,0,0,0,0,1,0,1,2,0,0,0,0,0,0,0,0,0,1,1,0,0,0,0,0,0,1,1,2,0,0,0,0,0,0,0,1,0,0,0,0,1,1,0,0,0,1,0,0,0,0,0,0,0,0,0,0,0
50,0.6,150,0.93,0.8,410,TRUE,FALSE,2200,146,19,7,2,6,6,6,1,3,5,45,2,0,0,0,5,1,1,3,1,6,3,1,2,1,3,1,0,0,1,1,0,0,0,0,0,0,1,0,0,0,0,0,0,0,1,0,0,0,0,0,4,1,0,0,0,0,0,0,0,0,1,0,0,0,2,0,0,0,2,0,1,0,0,0,1,0,0,0,1,0,0,0,0,0,0,0,0,0,0,0
60,0.8,210,0.43,0.6,830,FALSE,FALSE,2200,142,20,2,2,5,14,2,1,2,4,42,4,1,2,2,3,3,2,3,0,3,2,1,1,0,3,1,0,0,1,2,1,0,0,2,0,0,0,0,0,1,2,0,0,0,0,0,0,0,0,0,2,0,0,0,0,0,0,0,1,1,0,0,0,0,1,0,0,0,1,0,1,0,1,0,0,0,1,0,0,0,0,0,0,0,0,0,0,0,0,0
80,0.5,130,0.77,0.6,810,FALSE,TRUE,2200,141,13,5,3,6,7,4,3,3,6,45,6,0,0,0,6,2,2,2,2,4,1,1,2,1,1,0,0,0,2,2,1,0,0,1,0,0,0,0,0,0,1,0,0,0,0,0,0,1,0,1,1,0,0,0,0,0,0,0,1,0,1,0,0,0,0,0,0,1,0,0,0,1,0,0,1,0,0,0,2,0,0,0,0,0,0,0,0,0,0,0
40,0.9,120,0.42,0.3,700,FALSE,TRUE,2200,136,15,3,4,4,8,2,4,4,6,48,0,1,1,0,3,2,1,1,2,5,5,1,0,1,0,0,1,0,0,3,1,0,0,0,0,0,0,1,0,0,0,0,0,0,0,0,0,0,0,0,1,0,0,0,0,0,0,1,0,0,1,2,0,0,0,1,0,1,1,0,0,0,0,0,1,0,0,0,1,0,0,0,0,0,0,0,0,0,0,0
80,0.7,220,0.86,0.9,830,TRUE,FALSE,2200,146,20,3,6,6,11,0,3,3,5,40,1,2,1,2,1,4,1,4,1,5,0,1,3,2,3,1,1,0,1,0,1,1,0,0,0,0,0,0,0,1,2,0,0,0,0,0,0,0,1,0,2,1,0,0,0,0,0,0,0,0,1,0,0,1,0,0,0,2,0,0,0,0,0,0,0,0,1,1,0,0,0,0,0,1,0,0,0,0,0,0
90,0.8,130,0.47,0.7,280,TRUE,TRUE,2200,146,20,2,1,10,12,2,1,2,3,42,2,4,4,0,6,3,5,1,2,3,1,0,1,1,0,0,1,0,0,0,2,0,0,0,0,0,0,1,1,1,3,0,0,0,0,0,1,0,1,0,2,0,0,0,0,0,0,0,0,0,0,0,0,1,0,0,0,2,0,0,1,0,0,0,0,1,0,1,0,0,0,0,0,0,0,0,0,0,0,0
20,0.6,300,0.71,0.8,570,TRUE,FALSE,2200,146,14,5,1,3,9,4,2,4,5,50,8,3,0,1,4,1,1,1,0,2,1,2,0,1,0,3,1,0,0,5,0,0,0,0,2,0,0,0,0,1,1,0,0,0,1,0,0,1,0,0,0,1,0,2,0,0,0,0,1,1,0,0,0,0,1,0,0,0,1,0,0,0,0,0,1,0,0,0,2,0,0,0,0,0,0,0,0,0,0,0
60,0.8,220,0.86,0.8,950,FALSE,FALSE,2200,141,16,3,4,11,6,4,3,4,8,34,9,0,0,2,3,2,2,2,3,1,2,3,1,1,1,1,1,1,1,0,0,0,1,0,0,0,0,0,0,0,1,0,0,0,0,1,0,0,0,0,1,0,0,0,0,2,0,0,0,0,1,0,0,0,0,0,0,0,2,0,3,0,0,0,0,0,0,1,0,0,0,0,0,0,0,0,0,0,0,0
30,0.5,120,0.8,0.4,650,TRUE,FALSE,2200,143,17,2,5,4,9,4,3,3,5,45,3,0,5,0,4,2,0,1,4,1,1,3,0,0,3,2,0,0,1,3,0,0,0,0,0,0,0,0,0,2,1,0,0,0,0,0,0,0,1,0,3,0,0,0,0,0,0,0,0,0,1,0,0,0,1,0,0,0,2,0,1,0,0,0,1,0,0,0,1,0,0,0,0,0,0,0,0,0,0,0
20,0.5,270,0.32,0.3,920,FALSE,FALSE,2200,142,16,1,4,7,11,3,0,3,5,45,5,3,0,2,2,3,0,1,2,4,0,2,2,0,2,1,0,1,1,3,0,0,0,0,0,0,0,1,0,0,0,0,0,0,0,0,0,0,0,1,5,0,0,0,0,0,0,0,0,1,0,0,0,0,1,0,0,1,1,0,1,0,0,1,0,0,0,1,0,0,0,0,0,0,0,0,0,0,0,0
80,0.7,220,0.92,0.5,820,TRUE,FALSE,2200,142,18,7,2,4,8,6,3,3,5,43,1,1,1,1,2,3,1,3,5,2,0,1,1,0,3,0,1,0,0,1,1,0,0,0,0,0,0,0,1,1,2,0,0,0,1,0,0,0,0,1,3,0,0,0,0,0,0,0,0,0,0,0,0,0,1,0,0,1,2,0,1,0,1,0,0,0,0,0,1,0,0,0,0,0,0,0,0,0,0,0
90,0.6,250,0.44,0.3,530,FALSE,FALSE,2200,149,18,6,0,2,7,4,2,4,3,46,5,2,1,2,3,2,0,2,1,8,3,1,0,4,2,1,0,0,0,2,3,0,0,0,0,0,0,0,0,0,1,0,0,0,0,0,0,0,0,0,3,0,0,0,0,0,0,0,1,0,1,0,0,0,0,1,0,0,2,0,1,0,0,1,1,0,0,0,2,1,0,0,0,0,0,0,0,1,0,0
30,0.9,200,0.45,0.7,930,TRUE,FALSE,2200,138,16,1,4,8,11,4,5,2,3,44,1,1,1,1,4,3,0,1,0,5,4,0,0,2,3,0,0,0,1,1,0,0,0,0,0,0,0,0,0,0,1,0,0,0,0,0,0,0,2,0,5,0,0,0,0,0,0,0,0,0,0,0,0,0,0,0,0,0,2,0,0,0,0,1,1,0,0,0,1,0,0,0,0,0,0,0,0,0,0,0
60,0.7,230,0.36,0.3,520,TRUE,TRUE,2200,146,19,4,1,5,9,5,1,1,3,44,5,2,4,2,6,2,1,1,0,5,2,1,0,1,0,1,2,1,1,0,3,0,0,1,0,0,0,0,0,1,3,0,0,0,0,0,0,0,0,0,3,0,0,0,0,0,0,0,0,0,1,0,0,0,0,0,0,2,1,0,0,0,0,0,1,1,0,1,0,0,0,0,0,0,0,0,0,0,0,0
40,0.6,120,0.68,0.6,460,FALSE,TRUE,2200,146,18,2,3,4,7,2,5,1,2,48,4,2,1,0,5,2,2,2,0,6,3,0,1,0,1,3,0,0,1,3,2,1,0,0,0,0,0,0,0,0,1,1,0,0,1,0,1,0,0,0,2,0,0,0,0,0,0,0,0,0,0,1,0,0,0,0,0,0,2,2,1,0,0,0,2,1,0,0,1,0,0,0,0,0,0,0,0,0,0,0
90,0.9,110,0.9,0.4,700,TRUE,TRUE,2200,136,17,3,2,7,9,3,1,3,4,46,2,2,0,1,3,3,1,2,1,4,1,0,2,1,0,0,0,1,0,3,3,0,1,0,0,0,0,1,0,0,0,1,0,0,0,0,0,0,0,0,1,0,1,0,0,0,0,0,0,0,1,0,0,0,1,0,0,1,1,0,0,0,0,0,0,0,0,1,1,0,0,1,0,0,0,0,0,0,0,0
10,0.8,140,0.86,0.3,200,TRUE,FALSE,2200,138,15,2,4,10,9,5,2,4,6,45,2,0,1,0,2,2,2,2,0,4,1,1,2,0,0,1,2,1,0,1,2,0,1,0,0,0,0,0,0,0,0,0,0,0,0,0,0,0,1,1,0,0,0,0,0,0,0,0,0,0,2,1,0,0,1,0,0,1,1,0,0,0,0,0,0,0,0,0,1,0,0,0,0,0,0,1,0,0,0,0
40,0.8,150,0.45,0.3,150,FALSE,TRUE,2200,144,17,2,4,4,13,2,3,4,6,45,3,1,3,3,5,3,1,1,2,2,3,1,0,0,2,1,1,0,1,2,1,0,0,0,0,0,0,0,0,0,0,0,0,0,0,0,0,0,0,0,0,0,0,0,0,1,0,1,0,0,2,0,0,0,0,0,0,0,1,0,0,1,0,0,1,0,1,1,0,0,0,0,0,0,0,0,0,0,0,0
10,0.6,250,0.57,0.8,780,FALSE,TRUE,2200,139,6,6,3,4,12,5,2,0,8,53,0,1,1,2,2,2,0,1,1,3,0,1,2,0,2,1,2,0,1,5,1,0,0,0,0,0,0,0,1,0,2,1,0,0,0,0,0,1,0,1,2,0,0,0,0,0,0,0,0,0,0,0,0,0,1,0,0,0,1,0,1,0,0,0,0,0,0,1,0,1,0,0,0,0,0,0,0,0,0,0
60,0.9,220,0.49,0.9,880,FALSE,TRUE,2200,146,17,3,2,5,9,1,3,5,3,46,3,1,1,1,3,1,1,2,0,5,4,1,0,3,2,0,2,1,1,4,0,0,2,0,0,0,0,0,0,0,1,0,0,1,1,1,0,0,0,2,0,0,1,0,0,0,0,0,1,0,0,0,0,0,0,0,0,1,1,0,0,1,0,1,0,0,0,1,0,1,0,0,0,0,0,0,0,1,0,0
10,0.8,230,0.68,0.5,800,FALSE,FALSE,2200,140,15,6,4,6,6,3,4,3,6,45,3,0,0,0,6,2,2,3,1,1,0,0,1,1,0,2,0,2,0,2,1,1,0,1,0,0,0,0,0,0,2,0,0,0,0,0,0,0,0,1,3,0,0,0,0,0,0,0,1,0,1,1,0,0,1,0,1,1,1,0,0,0,0,0,0,0,0,0,1,0,0,0,0,0,0,0,0,0,0,0
80,0.7,250,0.81,0.6,1000,TRUE,FALSE,2200,146,19,2,7,8,8,4,3,2,4,43,3,0,1,0,10,2,3,0,1,3,3,1,1,0,0,1,0,0,1,0,1,1,2,0,0,0,0,0,0,2,1,0,0,1,0,1,0,0,0,0,0,0,0,0,0,0,0,0,1,0,1,0,0,0,0,0,0,2,1,0,1,0,0,0,0,0,0,1,0,0,0,1,0,0,0,0,0,0,0,0
20,0.7,170,0.31,0.3,130,FALSE,FALSE,2200,144,17,1,4,5,8,4,3,5,3,43,4,0,1,3,5,1,0,2,0,8,2,2,1,0,3,1,0,0,1,1,1,0,0,0,0,0,0,0,0,0,2,1,0,0,0,0,1,0,1,1,1,1,0,0,0,0,0,0,0,0,2,0,0,0,1,0,0,1,1,0,0,0,0,0,0,1,0,1,0,0,0,0,0,0,0,0,0,0,0,0
70,0.7,250,0.64,0.3,710,FALSE,FALSE,2200,145,20,6,3,7,11,2,4,3,8,34,3,0,1,5,2,2,1,1,2,5,1,2,2,2,1,1,0,1,1,1,0,0,1,0,0,0,0,0,1,0,1,0,1,0,0,0,0,0,0,0,0,0,0,0,0,0,0,0,1,0,2,0,1,0,0,1,0,2,0,0,0,1,0,0,1,1,0,0,0,0,0,0,0,0,0,0,0,0,0,0
50,0.8,260,0.59,0.5,910,FALSE,FALSE,2200,148,21,3,2,6,9,3,1,2,6,46,5,0,2,1,3,1,2,0,4,2,2,1,4,1,1,1,0,1,2,1,0,0,0,0,0,0,0,0,0,0,2,0,0,0,0,0,0,1,1,1,1,0,0,0,0,0,0,0,0,1,1,0,0,0,0,0,0,0,1,0,3,0,0,0,2,0,0,0,1,0,0,0,0,0,0,1,0,0,0,0
30,0.8,120,1,0.7,230,FALSE,FALSE,2200,134,11,3,5,5,8,3,2,5,4,44,4,1,3,1,6,0,2,1,2,5,1,1,0,1,1,0,0,0,1,2,1,0,0,1,0,0,0,0,0,0,0,0,0,0,0,0,0,0,0,0,1,0,1,0,0,0,1,0,1,0,3,0,0,0,1,0,0,0,1,0,0,0,0,0,0,0,2,0,0,0,0,0,0,0,0,0,0,0,0,0
20,0.5,270,0.95,0.3,910,TRUE,FALSE,2200,140,13,4,2,8,6,1,2,3,5,52,2,4,1,2,2,5,1,1,0,2,1,2,1,0,1,0,2,0,0,4,1,0,0,0,0,0,0,1,0,0,0,2,0,0,0,0,0,0,0,0,4,0,0,0,0,0,0,0,1,0,0,0,0,0,1,0,0,0,1,0,0,0,1,0,0,0,0,0,2,0,0,0,0,0,0,0,0,0,0,0
50,0.6,160,1,0.9,950,TRUE,FALSE,2200,137,14,1,2,4,12,4,2,3,3,42,2,2,1,3,8,3,1,2,0,6,4,0,0,1,1,0,0,0,2,1,2,0,1,0,0,0,0,0,0,0,1,0,1,1,0,0,1,0,0,0,1,0,0,0,0,0,1,0,0,0,0,0,0,0,1,0,0,1,0,1,0,0,1,0,0,0,0,0,0,1,0,0,0,0,0,0,0,0,0,0
80,0.7,270,0.93,0.6,460,FALSE,FALSE,2200,142,18,5,3,12,11,1,1,4,4,38,4,3,0,2,5,2,1,1,3,3,3,1,1,0,0,0,0,1,1,2,1,0,1,1,0,0,0,0,0,0,0,0,1,0,0,0,0,0,1,0,0,0,0,0,1,0,0,0,0,1,0,0,0,0,1,0,0,1,1,0,2,0,1,0,0,0,0,0,0,0,0,0,0,0,0,0,0,0,0,0
70,0.6,240,0.83,0.8,790,TRUE,TRUE,2200,146,14,2,4,4,9,2,3,3,3,48,6,2,2,3,6,3,2,1,1,3,4,2,0,0,2,1,0,0,2,2,0,1,0,0,0,0,0,0,0,1,0,0,0,0,0,0,0,0,1,1,1,0,0,0,0,0,0,0,0,0,2,0,0,0,0,0,0,1,1,0,1,1,0,0,0,1,0,0,1,0,0,0,0,0,0,0,0,0,0,0
10,0.7,110,0.46,0.9,430,TRUE,TRUE,2200,139,11,5,2,6,9,2,5,1,7,44,3,2,0,1,5,1,1,5,2,3,3,0,1,2,1,1,2,0,0,2,1,0,0,0,0,0,0,0,0,0,0,0,0,1,0,1,0,0,0,1,2,0,0,0,0,0,0,1,0,1,1,0,0,1,0,0,0,0,2,0,0,0,0,1,0,0,0,0,0,0,0,0,0,0,0,0,0,0,0,0
10,0.5,190,0.84,0.3,840,TRUE,FALSE,2200,135,15,1,4,8,3,2,2,2,6,43,3,2,1,4,2,2,4,4,0,5,0,0,1,0,2,1,1,1,0,0,1,0,1,0,0,0,0,0,1,1,0,1,0,0,0,2,0,0,0,1,4,1,0,0,0,0,0,0,0,0,0,0,0,0,0,0,0,1,1,0,0,0,0,0,0,1,0,0,1,0,0,0,0,0,0,0,0,0,0,0
70,0.6,210,0.86,0.6,780,FALSE,TRUE,2200,144,16,4,3,6,9,3,4,3,3,47,2,1,0,1,7,3,1,0,3,4,2,3,0,1,1,1,0,1,0,2,0,0,0,0,0,0,0,0,0,0,3,0,0,0,0,0,0,0,0,0,3,0,0,0,0,0,0,0,1,0,1,0,0,0,0,0,0,0,1,0,0,0,0,1,2,0,0,0,0,0,0,0,0,1,0,1,0,0,0,0
20,0.7,190,0.38,0.6,300,FALSE,TRUE,2200,142,15,3,3,5,9,2,1,5,5,42,7,0,2,4,4,4,1,1,1,2,3,1,0,1,3,1,0,0,0,3,0,0,0,1,0,0,1,0,0,2,1,0,0,0,0,1,0,0,0,0,1,0,0,1,0,0,0,0,0,1,1,0,0,0,0,0,0,1,0,0,0,0,0,0,2,0,0,0,1,0,0,0,1,0,0,0,0,0,0,0
20,0.5,190,0.71,0.8,320,TRUE,TRUE,2200,145,12,4,2,7,11,3,3,2,4,50,2,0,2,2,3,2,2,0,2,3,3,1,2,2,1,0,0,1,0,3,0,0,0,0,0,0,0,0,0,0,1,0,0,0,1,0,0,0,0,1,1,0,1,0,1,1,0,3,0,1,0,0,0,0,0,0,0,0,1,0,0,1,1,0,0,0,0,0,1,2,0,0,0,0,0,0,0,0,0,0
30,0.6,200,0.67,0.4,130,TRUE,TRUE,2200,138,13,2,5,7,14,3,4,4,3,36,4,2,1,3,5,2,2,0,1,4,2,0,1,0,2,3,0,0,1,1,1,2,0,0,0,0,0,0,0,0,1,0,0,0,0,0,0,0,2,0,2,0,0,0,0,0,0,0,0,0,0,1,0,0,0,0,1,0,1,0,2,0,0,0,0,0,0,0,1,0,0,0,0,0,0,0,0,0,0,0
20,0.9,280,0.52,0.5,710,TRUE,TRUE,2200,143,17,3,1,5,4,4,3,4,4,48,3,0,1,3,5,2,3,2,1,3,3,1,1,1,0,1,1,0,0,6,2,0,0,0,0,0,0,0,0,1,0,0,0,1,0,0,0,0,1,0,3,1,0,0,0,0,0,0,0,1,0,0,0,0,0,0,0,0,0,0,0,0,0,0,1,0,0,0,2,1,0,0,0,0,0,0,0,0,0,0
30,0.9,200,0.46,0.5,750,TRUE,TRUE,2200,145,19,3,5,8,5,1,3,3,5,45,2,2,2,2,6,1,1,2,2,2,2,0,0,0,3,0,0,1,0,3,1,1,1,1,0,0,0,0,0,1,2,0,0,0,0,2,0,0,0,2,0,0,0,0,1,0,0,0,0,0,1,0,0,0,0,0,0,1,0,0,0,0,1,0,0,0,0,1,0,0,0,0,1,0,0,1,0,0,0,0
90,0.5,240,0.41,0.7,820,TRUE,FALSE,2200,139,12,3,8,6,6,6,4,4,6,36,8,2,2,2,6,2,0,3,4,1,2,0,1,1,0,1,0,0,1,0,0,0,0,0,0,0,0,0,1,0,2,0,1,0,0,0,0,0,0,0,0,0,0,0,0,0,0,0,1,0,3,0,0,0,1,1,1,0,0,0,0,0,0,0,0,0,0,1,1,0,0,0,0,0,0,0,0,0,0,0
90,0.5,220,0.75,0.7,670,FALSE,TRUE,2200,144,12,3,4,4,10,3,3,3,4,52,3,2,1,3,6,3,0,3,2,1,1,1,3,0,0,1,0,1,0,2,1,0,0,0,0,0,0,0,0,1,1,0,0,1,0,0,1,0,1,0,1,0,0,0,0,0,0,0,0,0,1,0,0,1,0,0,0,0,1,1,0,0,0,1,0,0,0,0,2,0,0,0,0,0,0,0,0,0,0,0
60,0.8,290,0.57,0.9,390,FALSE,TRUE,2200,141,11,4,3,5,9,3,6,3,3,46,8,1,2,1,4,2,0,1,1,5,1,0,1,0,1,1,0,2,1,1,0,1,0,0,1,0,0,0,0,2,1,0,0,0,0,0,0,0,1,0,3,0,0,0,0,0,0,0,0,0,2,0,0,0,0,0,0,1,1,0,0,0,0,0,1,1,0,1,0,0,0,0,0,0,0,0,0,0,0,0
70,0.5,220,0.39,0.6,770,FALSE,TRUE,2200,145,17,2,4,4,12,2,3,5,2,46,4,2,1,1,4,1,0,3,1,4,4,1,0,1,1,1,1,1,0,2,0,0,0,1,0,0,0,0,0,0,1,0,0,0,0,0,0,1,1,0,2,0,0,0,1,0,0,1,0,1,2,1,0,0,0,0,0,0,1,0,0,0,0,0,1,0,0,1,1,0,0,0,0,0,0,0,0,0,0,0
30,0.5,280,0.44,0.9,940,TRUE,FALSE,2200,148,16,3,3,10,10,4,0,4,5,43,7,1,2,1,2,1,2,1,2,3,2,2,4,0,1,0,2,0,0,0,1,1,0,0,0,0,0,0,2,1,2,0,0,0,0,0,0,0,0,0,2,0,0,0,0,0,0,0,1,0,2,0,0,0,0,0,1,0,1,0,1,0,0,0,2,0,0,1,0,0,0,0,0,0,0,0,0,0,0,0
90,0.6,100,0.35,0.5,860,TRUE,TRUE,2200,139,12,5,4,7,4,5,2,2,6,44,7,1,0,0,4,2,3,0,3,3,1,1,1,1,1,4,0,2,0,2,1,0,0,1,0,0,0,0,0,0,1,0,0,0,0,0,0,0,0,0,0,0,0,0,0,0,0,1,1,1,2,0,0,0,1,0,0,1,0,0,1,0,0,0,0,0,0,1,1,0,0,0,0,0,0,0,0,0,0,0
20,0.7,100,0.31,0.8,610,FALSE,FALSE,2200,139,18,3,3,9,7,5,5,2,10,37,4,2,0,0,3,1,2,2,1,1,2,0,1,2,0,2,1,1,1,1,1,0,0,0,0,0,0,0,0,0,0,0,1,0,0,0,0,0,0,1,3,0,0,0,0,0,0,0,0,0,0,0,0,0,2,0,0,0,1,0,2,0,1,0,0,0,0,0,2,0,0,0,0,0,0,0,0,0,0,0
20,0.8,180,0.98,0.3,1000,FALSE,FALSE,2200,140,13,2,4,5,12,4,1,1,7,48,3,0,1,0,9,3,2,1,1,3,1,2,2,0,0,0,0,1,0,1,2,0,0,1,0,0,0,0,0,0,2,0,0,0,0,0,0,0,0,1,1,0,0,0,0,1,0,0,0,1,0,0,0,1,1,0,0,0,0,0,0,1,0,0,0,0,0,0,1,0,0,0,0,0,0,0,0,1,0,0
70,0.7,140,0.95,0.9,920,TRUE,FALSE,2200,141,15,5,1,8,2,3,4,3,6,51,2,0,1,1,4,1,2,2,1,4,3,0,0,2,1,0,0,0,0,1,1,1,0,0,1,1,1,0,0,2,0,0,0,0,0,0,0,0,0,2,2,0,0,0,0,1,0,0,1,0,3,0,0,0,0,0,0,0,0,0,0,0,0,1,0,0,0,0,1,1,0,0,0,0,0,0,0,0,0,0
90,0.9,270,0.44,0.5,810,TRUE,FALSE,2200,141,17,3,2,7,8,5,3,6,3,43,0,1,0,3,2,2,3,2,1,5,4,2,0,1,1,1,0,1,0,2,0,0,0,0,0,1,0,0,0,0,1,0,0,0,0,0,0,0,1,1,0,1,1,0,0,1,0,0,1,0,3,0,0,0,0,0,0,1,0,0,0,0,0,0,0,0,0,1,1,0,0,0,0,0,0,0,0,0,0,0
80,0.9,300,0.53,0.5,170,FALSE,FALSE,2200,146,17,4,3,5,5,4,4,2,6,45,7,1,0,4,4,3,0,1,2,3,1,1,3,0,1,1,0,0,1,4,0,0,0,0,0,0,0,0,0,0,1,0,0,0,0,1,0,0,1,0,2,0,0,0,0,0,0,0,0,1,3,0,0,0,1,0,0,0,2,0,0,0,0,1,0,1,0,1,0,0,0,0,0,0,0,0,0,0,0,0
60,0.5,280,0.65,0.8,380,TRUE,FALSE,2200,146,14,5,3,5,8,3,4,3,8,40,3,2,2,2,6,1,3,1,0,3,4,1,1,1,4,1,0,0,0,0,1,0,0,0,0,1,0,0,0,1,2,0,0,0,0,3,0,0,0,2,0,0,0,0,0,1,0,1,0,1,2,0,0,0,0,0,0,0,1,0,2,0,0,0,0,0,0,0,1,0,0,0,0,0,0,0,0,0,0,0
90,0.8,220,0.59,0.8,930,FALSE,FALSE,2200,139,14,1,4,4,10,4,4,4,4,47,3,2,1,5,6,0,0,1,1,3,1,2,0,0,1,1,1,0,0,2,2,0,0,0,0,0,0,1,0,0,1,0,0,0,0,0,0,0,0,0,2,1,0,0,0,0,0,0,1,0,1,0,0,0,1,0,0,1,1,0,0,0,0,0,0,0,1,0,1,0,0,0,0,0,0,0,0,0,0,0
100,0.5,270,0.62,0.5,390,TRUE,TRUE,2200,145,19,4,0,8,7,6,1,1,5,47,6,1,2,2,3,2,3,2,0,2,1,0,2,0,4,1,0,1,1,2,0,2,0,0,0,0,0,0,0,0,1,0,0,0,0,0,0,0,0,1,1,0,0,0,0,0,0,1,0,0,1,1,0,0,1,0,0,1,1,0,0,0,0,0,0,0,0,0,1,0,0,0,0,0,1,0,0,0,0,0
90,0.6,270,0.74,0.9,930,TRUE,TRUE,2200,141,17,6,1,5,10,6,0,5,5,40,5,1,0,2,5,1,1,1,2,3,1,1,1,2,0,3,1,0,0,2,0,0,1,0,0,0,0,0,1,0,4,0,0,0,0,0,1,0,1,0,1,0,0,0,0,0,0,0,1,1,1,0,0,0,1,0,0,0,1,0,0,0,0,1,0,0,0,0,0,0,0,0,0,0,0,0,0,0,0,0
70,0.7,190,0.59,0.7,410,TRUE,TRUE,2200,150,16,4,5,4,6,5,2,2,2,50,4,2,4,0,7,2,1,4,0,2,2,1,0,1,1,0,1,1,2,1,0,1,1,0,0,0,0,0,0,1,1,0,0,0,0,0,0,0,0,0,2,0,0,0,0,0,0,0,1,1,4,0,0,0,1,0,0,0,2,0,1,0,1,1,0,0,0,0,1,0,0,0,0,0,0,0,0,0,0,0
80,0.5,220,0.34,0.4,550,TRUE,FALSE,2200,143,16,3,4,7,11,3,2,2,3,45,6,1,1,2,5,1,2,3,0,3,0,1,0,1,4,1,0,1,0,1,0,0,0,1,0,0,0,0,0,2,2,0,0,0,0,0,0,0,0,0,3,0,0,0,0,0,0,1,0,0,1,0,0,0,1,0,0,1,1,0,0,0,0,1,0,0,0,0,1,0,0,0,0,0,0,0,0,0,0,0
80,0.9,250,0.88,0.7,850,FALSE,TRUE,2200,146,19,2,5,8,5,3,4,1,7,39,5,2,3,2,4,5,2,3,1,2,0,0,0,1,1,0,1,0,1,2,0,1,0,0,0,0,0,0,0,1,2,0,0,0,1,2,0,0,2,0,3,0,0,0,0,0,1,0,0,0,1,1,0,0,0,0,1,0,1,0,0,0,0,0,0,0,0,1,1,0,0,0,0,0,0,0,0,0,0,0
80,0.9,220,0.54,0.9,260,FALSE,FALSE,2200,144,13,1,8,4,16,3,1,6,4,43,4,4,0,2,4,2,1,2,3,3,3,0,0,1,2,0,0,1,0,1,1,0,0,0,0,0,0,0,1,0,1,0,0,0,0,0,0,0,1,0,0,0,0,0,0,0,0,1,0,0,1,0,0,0,1,0,1,0,1,0,0,0,0,0,1,0,0,0,2,1,0,0,0,0,0,0,0,0,0,0
50,0.5,300,0.87,0.3,660,FALSE,FALSE,2200,147,20,4,6,7,6,1,3,2,6,39,5,1,1,1,4,1,3,3,0,5,0,2,2,3,1,1,2,1,0,0,0,0,0,0,0,0,0,0,0,0,2,2,0,1,0,0,1,0,1,0,2,0,1,0,0,0,0,0,0,0,1,0,0,0,0,1,0,1,2,0,0,0,0,1,0,0,0,0,2,0,0,0,0,0,0,0,0,0,0,0
90,0.6,210,0.71,0.3,180,TRUE,FALSE,2200,143,16,3,4,12,6,5,5,2,5,37,7,1,3,0,2,2,2,2,2,0,3,2,0,0,1,0,2,2,1,2,0,0,3,0,0,0,0,0,0,0,1,0,0,0,0,2,0,0,0,0,1,0,0,0,0,0,0,0,0,0,2,0,0,0,1,1,0,1,0,0,1,0,0,0,0,0,0,1,1,0,0,0,0,0,0,0,0,0,0,0
70,0.8,200,0.49,0.5,310,FALSE,TRUE,2200,142,15,1,2,9,10,0,6,4,3,47,5,0,1,3,4,4,0,2,2,2,3,0,2,0,2,0,0,1,0,2,1,0,0,0,0,0,0,0,0,1,1,0,0,0,0,0,0,0,0,0,0,1,0,0,0,0,0,0,1,0,3,0,0,0,1,0,0,0,1,0,1,0,0,0,1,1,0,0,0,0,0,0,0,0,0,0,0,0,0,0
100,0.6,300,0.58,0.9,630,FALSE,FALSE,2200,137,12,5,5,3,9,1,3,2,5,42,7,2,0,4,5,4,1,2,1,1,2,0,1,1,1,0,2,0,0,2,2,0,0,1,0,1,0,0,0,0,1,0,0,0,0,0,0,0,0,2,0,0,0,0,0,0,0,0,2,0,1,0,0,0,0,0,1,0,1,0,1,0,0,1,0,1,0,0,0,0,0,0,0,0,0,0,0,0,0,0
70,0.5,150,0.61,0.4,950,TRUE,FALSE,2200,142,16,3,4,5,6,4,4,2,4,47,5,1,2,2,10,1,0,1,3,3,3,0,0,0,0,0,0,0,0,2,0,0,0,0,0,0,0,0,0,1,1,0,1,0,0,1,0,0,0,0,2,0,0,0,0,0,0,0,1,0,2,0,1,0,1,0,0,1,1,0,0,0,0,0,0,0,0,0,2,0,0,0,0,0,0,0,0,0,0,0
40,0.9,210,0.56,0.4,280,TRUE,FALSE,2200,144,21,5,3,9,7,5,2,3,6,40,2,1,0,2,3,2,0,2,2,4,1,2,3,0,0,2,0,0,0,2,3,0,0,0,0,0,0,0,0,0,0,0,0,1,0,0,0,0,0,0,2,0,0,0,1,0,0,0,0,0,1,0,0,0,0,0,1,1,1,0,1,1,0,0,1,0,0,0,1,0,0,0,0,1,0,0,0,0,0,0
100,0.8,280,0.56,0.7,170,FALSE,FALSE,2200,140,17,0,4,10,8,3,3,2,6,46,1,1,1,1,4,3,2,0,2,2,3,1,0,1,1,1,0,3,0,0,0,0,0,0,0,1,0,0,1,0,0,0,1,0,0,0,0,0,1,2,1,1,0,0,0,0,0,0,1,0,1,0,0,0,0,1,0,0,1,1,0,0,0,0,1,0,0,0,1,0,0,0,0,0,0,0,0,0,0,0
80,0.5,280,0.96,0.5,1000,FALSE,TRUE,2200,140,17,2,4,5,8,2,4,5,4,46,1,2,3,3,5,1,0,1,3,1,1,1,1,1,1,0,0,0,1,2,0,0,1,0,0,0,0,2,0,1,3,0,0,0,0,0,0,0,0,0,1,0,0,0,0,0,0,0,1,1,2,0,0,1,0,0,0,0,0,0,0,0,1,0,0,0,0,0,2,0,0,0,0,0,0,0,0,0,0,0
20,0.8,210,0.33,0.9,110,TRUE,FALSE,2200,140,12,4,2,10,7,2,2,1,5,44,6,3,1,0,6,1,1,3,1,4,2,0,3,0,1,1,0,1,3,3,0,0,0,0,0,0,0,0,0,0,3,0,0,0,0,0,0,1,0,0,2,0,0,0,0,0,0,0,1,0,1,0,0,0,1,0,0,0,1,0,0,1,0,0,0,0,0,0,1,0,0,0,0,0,0,0,0,0,0,0
40,0.9,220,0.77,0.8,790,FALSE,FALSE,2200,139,18,2,4,8,3,5,3,4,8,40,2,2,1,1,6,0,2,1,1,4,4,0,0,1,0,0,0,1,1,2,1,0,1,0,0,1,1,1,0,0,0,1,0,0,1,0,0,0,0,1,1,0,0,0,0,1,0,1,0,0,1,0,1,0,0,0,0,0,0,0,0,0,1,0,0,0,1,1,0,0,0,0,0,0,0,0,0,0,0,0
50,0.7,110,0.54,0.7,140,FALSE,FALSE,2200,142,15,2,4,3,14,2,2,2,4,45,3,2,1,4,5,2,4,1,0,3,2,2,2,2,0,0,0,2,1,1,0,0,0,0,0,0,0,0,0,0,2,0,0,0,0,0,0,0,1,1,3,0,0,0,0,0,0,0,1,0,1,0,0,0,0,0,0,0,1,0,0,0,1,0,1,0,0,1,0,0,0,0,0,0,0,0,0,0,0,0
30,0.8,240,0.96,0.5,530,TRUE,TRUE,2200,145,19,2,7,3,4,4,3,4,5,40,8,4,3,3,3,2,3,3,2,3,1,0,1,1,2,2,0,0,0,1,0,1,0,0,0,0,0,0,0,0,0,0,0,0,0,0,0,0,0,0,1,0,0,0,0,0,0,0,0,0,2,1,0,0,0,1,1,1,0,0,2,0,0,0,0,0,1,0,1,0,0,0,1,0,0,0,0,0,0,0
20,0.7,130,0.34,0.4,870,TRUE,FALSE,2200,139,13,3,3,3,12,2,3,4,6,48,3,2,1,2,4,3,0,1,3,1,0,1,0,0,3,1,0,0,0,2,2,0,0,0,0,0,0,0,0,2,1,1,0,0,0,0,0,0,0,0,2,1,0,0,0,0,0,0,1,0,1,0,0,1,0,0,0,0,1,0,0,0,0,0,1,0,0,0,1,0,0,0,0,0,0,0,0,0,0,0
10,0.6,100,0.52,0.6,200,TRUE,TRUE,2200,147,18,4,3,7,10,3,1,4,4,43,3,2,1,3,7,2,0,0,2,3,1,3,1,0,1,1,0,0,0,2,1,0,0,0,2,1,0,0,2,0,1,1,0,0,0,1,0,1,0,0,2,0,0,0,1,1,0,1,0,0,0,1,0,0,0,0,0,0,1,0,1,0,0,0,0,0,0,0,1,0,0,0,0,0,0,0,0,0,0,0
70,0.7,130,0.44,0.6,750,TRUE,TRUE,2200,142,10,1,5,2,12,4,4,4,8,52,3,2,1,3,3,0,1,1,1,3,2,2,0,1,1,0,0,0,0,2,3,0,0,0,0,0,0,0,0,0,0,0,0,1,0,0,0,0,1,3,0,0,0,0,0,0,0,0,1,0,1,1,0,0,1,0,0,0,1,0,0,0,0,0,0,0,1,0,1,0,0,0,0,0,0,0,0,0,0,0
60,0.7,230,0.35,0.4,420,FALSE,TRUE,2200,139,12,1,3,4,9,3,5,5,3,49,7,2,2,1,4,2,0,0,1,4,4,0,0,0,1,1,0,1,0,1,2,0,1,0,0,0,0,0,0,1,0,0,0,1,0,0,0,0,0,2,1,0,0,0,0,0,0,0,0,0,2,0,0,0,1,1,0,0,1,0,0,0,0,0,0,1,0,0,0,1,0,0,0,0,0,0,0,0,0,0
50,0.7,150,0.69,0.6,700,TRUE,TRUE,2200,138,15,6,4,6,7,5,2,5,6,36,5,1,2,3,4,2,3,1,2,2,1,2,0,1,0,0,1,2,1,0,3,0,0,0,0,0,1,0,0,0,0,0,0,0,0,0,0,0,0,0,2,0,0,0,0,0,0,0,0,0,1,0,0,0,0,2,0,1,0,0,1,0,0,1,0,0,0,2,0,0,0,0,0,0,0,0,0,0,0,0
10,0.7,280,0.49,0.9,450,FALSE,FALSE,2200,140,17,1,3,5,9,3,2,5,4,47,2,1,2,2,6,3,1,0,1,3,3,2,0,0,1,1,0,2,0,2,1,0,0,0,0,0,0,0,0,1,1,0,0,0,0,0,0,0,0,0,3,0,0,0,0,0,0,1,1,0,1,0,0,0,0,0,0,0,1,0,0,0,1,0,1,0,0,0,1,0,0,0,0,0,0,0,0,0,0,0
90,0.6,120,0.43,0.8,480,TRUE,TRUE,2200,148,17,4,5,4,11,2,2,2,6,45,4,0,2,4,5,2,1,2,0,3,2,1,1,2,1,0,0,1,0,3,0,1,0,0,0,0,1,0,0,1,2,0,0,0,0,0,0,0,0,0,3,0,0,0,0,0,0,0,1,0,0,0,0,0,1,0,0,1,3,0,1,0,0,0,0,1,0,0,1,0,0,0,0,0,0,0,0,0,0,0
30,0.6,300,0.44,0.3,140,FALSE,TRUE,2200,147,20,3,3,6,11,3,0,4,3,46,3,2,1,2,2,3,2,2,3,5,0,2,2,0,0,0,0,0,1,1,0,1,0,1,0,0,0,0,1,1,1,0,0,1,0,0,0,0,1,0,2,0,0,0,0,0,0,0,0,0,3,1,0,0,0,0,0,0,2,0,0,0,0,0,1,0,0,2,0,0,0,0,0,0,0,0,0,0,0,0
80,0.5,100,0.79,0.5,710,FALSE,FALSE,2200,141,16,3,5,3,6,4,5,1,7,46,6,0,2,0,5,1,1,1,4,1,1,2,0,1,1,1,1,1,1,1,0,0,0,0,0,0,0,0,0,2,2,0,0,0,0,1,0,0,1,0,2,1,0,0,0,0,0,0,0,0,1,0,0,0,0,1,0,1,2,0,0,0,0,0,0,0,1,0,0,0,0,0,0,0,0,0,0,0,0,0
40,0.6,100,0.75,0.3,750,TRUE,TRUE,2200,145,14,3,3,1,10,6,4,3,6,44,3,1,1,1,6,2,0,1,3,3,5,1,0,1,1,2,0,1,0,3,1,0,0,0,0,0,0,0,0,2,0,0,0,0,0,0,0,0,1,0,0,1,1,2,0,0,0,0,1,0,0,0,0,0,0,0,0,0,1,1,0,0,0,0,2,1,1,0,0,1,0,0,1,0,0,0,0,0,0,0
90,0.6,180,0.65,0.5,110,FALSE,TRUE,2200,144,20,3,3,7,8,6,1,4,3,40,2,4,0,2,5,1,1,1,1,5,1,1,2,4,1,2,0,1,2,2,0,1,0,0,0,0,0,0,0,0,1,0,0,0,0,0,0,0,0,0,2,0,0,0,0,0,0,0,1,0,0,0,0,0,0,0,0,1,0,0,2,0,0,0,2,1,0,0,1,0,0,0,0,0,0,0,0,0,0,0
60,0.9,260,0.5,0.5,440,TRUE,TRUE,2200,139,15,2,3,5,9,2,3,4,2,49,1,2,6,2,5,1,1,0,4,3,2,0,1,2,0,0,1,1,0,1,0,0,0,0,0,0,0,0,0,2,1,0,0,0,0,0,0,0,0,0,3,0,0,0,0,0,0,0,1,0,1,0,0,0,0,0,0,0,1,0,1,0,0,1,1,0,0,1,0,0,0,0,0,0,0,0,0,0,0,0
30,0.6,250,0.33,0.9,120,FALSE,TRUE,2200,148,21,2,3,4,9,2,2,5,3,45,4,3,1,3,4,2,1,1,3,3,1,2,0,2,1,1,1,0,0,2,0,0,0,1,0,0,0,0,0,1,1,0,0,0,0,0,1,0,0,0,1,0,0,1,0,0,0,0,1,1,1,1,0,0,2,0,0,0,1,0,0,0,0,2,0,0,0,1,1,1,0,0,0,0,0,0,0,0,0,0
40,0.9,200,0.81,0.6,190,FALSE,FALSE,2200,137,14,3,6,5,7,4,3,5,3,45,2,1,0,0,4,2,2,2,1,4,1,0,2,0,0,1,1,1,2,2,3,0,0,1,0,0,0,0,0,0,0,0,0,0,0,0,0,0,0,0,1,1,0,0,0,0,0,0,1,0,3,0,0,0,0,0,0,1,1,0,0,0,0,0,0,1,0,1,1,0,0,0,0,0,0,0,0,0,0,0
50,0.8,210,0.44,0.8,810,TRUE,FALSE,2200,142,17,1,4,11,10,0,3,3,1,40,4,2,2,4,3,5,1,2,3,3,4,2,0,0,2,0,0,0,1,1,0,0,1,0,0,1,0,0,0,1,0,0,0,0,1,0,0,0,1,0,1,0,0,0,0,0,0,0,0,0,1,0,0,1,1,0,0,0,1,0,1,1,0,1,0,0,0,0,1,0,0,0,0,0,0,0,0,0,0,0
80,0.6,250,0.36,0.5,350,FALSE,FALSE,2200,144,18,2,3,11,7,4,2,4,7,41,3,2,1,2,3,1,3,0,1,2,5,2,0,1,1,4,1,1,0,1,1,0,0,0,0,0,0,0,0,0,1,0,0,0,0,1,0,0,0,0,1,1,0,0,0,1,0,0,1,0,1,0,0,0,0,0,1,0,1,0,0,0,0,0,1,0,0,1,0,0,0,0,0,0,0,0,0,0,0,0
20,0.8,270,0.87,0.4,510,TRUE,TRUE,2200,144,18,1,3,6,3,5,4,3,4,51,0,1,3,0,5,2,1,3,1,5,1,3,0,0,0,0,0,0,1,3,3,0,0,0,0,0,0,0,0,1,3,0,1,0,0,1,0,0,1,0,0,1,0,0,0,1,0,0,0,1,1,0,0,0,0,0,0,1,0,0,0,0,0,0,0,0,0,1,1,0,0,0,1,0,0,0,0,0,0,0
40,0.8,200,0.84,0.8,230,FALSE,TRUE,2200,142,17,5,2,4,9,2,2,2,4,49,2,2,4,1,3,3,4,3,2,0,2,2,0,0,0,2,0,1,1,1,1,0,0,0,0,0,0,0,0,1,3,0,0,0,1,0,0,0,0,0,1,0,0,0,0,0,0,0,0,1,0,0,0,0,1,0,1,0,1,0,1,0,0,0,0,0,0,1,1,0,0,0,0,0,0,0,0,0,0,0
10,0.7,290,0.82,0.6,710,FALSE,TRUE,2200,145,17,3,3,6,7,1,1,6,3,52,5,0,2,0,6,2,5,0,0,5,2,2,0,2,0,0,0,0,1,3,0,0,0,0,0,0,0,0,1,0,1,0,0,0,0,0,1,0,0,0,0,0,0,0,0,0,0,0,0,1,0,0,1,1,0,1,0,0,2,0,0,0,1,0,0,0,0,0,1,0,0,0,0,0,0,0,1,0,0,0
90,0.8,130,0.85,0.8,320,FALSE,FALSE,2200,146,17,6,1,5,9,4,2,2,7,47,3,0,6,2,3,3,1,2,1,4,1,2,0,1,0,1,0,0,0,1,0,0,1,0,0,1,0,1,0,2,0,0,0,0,0,0,0,0,0,0,4,1,0,0,0,0,0,0,1,0,0,0,0,0,0,0,0,0,1,0,1,0,0,0,2,0,0,1,0,0,0,0,0,0,0,0,0,0,0,0
70,0.7,210,0.49,0.7,800,FALSE,FALSE,2200,147,19,3,5,10,7,3,2,4,5,44,2,2,2,1,5,2,3,1,1,2,2,0,3,1,2,0,0,0,1,0,1,0,0,0,0,1,0,1,0,1,0,0,0,1,0,0,0,0,0,1,2,1,0,0,0,0,0,0,0,0,2,0,0,0,0,0,0,1,1,0,0,0,0,1,0,1,1,0,0,0,0,0,0,0,0,0,0,0,0,0
20,0.8,140,0.39,0.9,190,FALSE,TRUE,2200,144,17,6,3,4,6,5,0,3,8,44,5,0,1,4,3,2,3,4,0,3,1,3,0,0,0,1,0,2,0,2,0,1,0,0,0,0,0,0,0,1,1,0,0,0,0,1,0,0,0,1,1,0,0,1,0,0,0,0,0,0,1,0,0,0,1,0,0,0,2,0,1,0,1,0,0,0,0,0,1,1,0,0,0,0,0,0,0,0,0,0
100,0.5,290,0.52,0.9,960,TRUE,FALSE,2200,145,16,5,3,7,9,3,3,5,2,47,0,3,1,1,5,2,3,1,1,3,1,3,0,1,2,0,0,1,0,2,1,1,0,0,0,1,1,0,1,0,1,0,0,0,0,0,0,0,0,0,2,0,0,0,0,0,0,0,0,0,2,0,0,0,0,0,0,0,2,0,0,0,0,0,1,1,0,0,1,1,0,0,0,0,0,0,0,0,0,0
80,0.9,160,1,0.8,640,FALSE,FALSE,2200,141,7,4,4,3,8,7,4,2,7,44,6,1,2,2,6,2,2,1,0,6,1,2,1,0,0,1,0,2,2,2,0,1,0,0,0,0,1,0,0,1,0,0,0,0,0,0,0,0,1,0,1,0,0,0,0,1,0,0,0,1,1,0,0,0,1,0,0,1,0,2,0,0,0,0,0,0,0,0,0,1,0,0,0,0,0,0,0,0,0,0
20,0.7,270,0.86,0.8,320,FALSE,TRUE,2200,140,15,4,5,3,7,5,3,2,4,43,3,0,2,3,8,4,2,0,3,2,2,0,3,0,0,0,1,1,0,2,1,0,0,0,0,0,0,0,0,0,0,1,0,0,0,0,0,0,0,1,4,0,0,0,0,0,0,1,1,0,1,0,0,0,1,0,0,0,0,0,0,0,0,1,0,0,0,0,2,0,0,0,0,0,0,0,0,0,0,0
10,0.5,200,0.32,0.7,190,FALSE,FALSE,2200,141,17,3,3,10,9,3,2,4,2,45,4,2,2,1,2,3,3,1,0,2,0,1,2,0,1,0,3,0,0,0,3,0,0,0,0,0,0,0,0,1,1,0,0,0,0,0,1,1,1,0,1,1,0,0,0,0,0,0,0,0,2,0,0,0,0,0,1,1,0,0,0,0,0,1,0,0,1,1,0,0,0,0,0,0,0,0,0,0,0,0
70,0.9,100,0.7,0.9,350,FALSE,FALSE,2200,144,13,8,3,1,7,2,4,2,3,54,6,0,0,4,5,1,0,1,2,3,0,1,2,2,2,1,0,1,0,2,2,0,0,0,0,0,1,0,0,2,1,0,0,0,1,0,0,0,0,0,1,0,0,0,0,0,0,0,1,0,0,0,0,0,1,0,0,0,1,0,0,0,1,0,0,1,0,0,0,1,0,0,0,1,0,0,0,0,0,0
20,0.6,230,0.93,0.5,190,TRUE,FALSE,2200,139,17,3,2,6,10,3,2,3,5,44,6,2,1,3,4,2,1,2,2,2,0,0,1,2,0,2,0,0,1,1,0,0,0,0,0,0,0,0,1,0,0,0,0,0,0,0,0,0,0,0,5,0,0,0,0,0,0,0,1,0,0,0,0,0,2,0,0,0,1,0,1,0,0,1,0,0,0,0,1,0,0,0,0,0,0,0,0,0,0,0
50,0.7,210,0.84,0.6,420,TRUE,TRUE,2200,140,16,2,3,7,13,6,2,1,5,42,2,2,0,0,3,1,1,3,1,6,0,3,3,0,3,0,0,0,0,3,0,0,1,0,0,0,0,0,0,0,3,0,0,0,0,0,1,0,0,0,1,0,0,0,0,0,0,0,0,0,2,0,0,0,1,0,0,0,2,0,0,0,0,1,0,0,0,1,0,0,0,0,0,0,0,0,0,0,0,0
50,0.9,150,0.83,0.9,960,TRUE,TRUE,2200,146,15,1,6,5,15,1,2,6,4,47,2,5,2,0,1,2,0,4,4,1,0,1,2,0,0,1,0,1,1,3,1,0,0,0,0,0,0,1,0,0,2,0,0,0,0,0,0,0,0,0,1,0,0,1,0,0,0,1,0,1,1,0,0,0,0,0,0,0,1,0,1,0,0,0,1,0,0,1,1,1,0,0,0,0,0,0,0,0,0,0
80,0.9,230,0.48,0.6,510,TRUE,FALSE,2300,145,16,5,3,8,8,3,3,4,6,40,6,0,1,2,2,2,3,1,3,4,1,0,1,1,4,0,1,0,0,1,1,1,1,1,0,0,0,0,0,0,0,0,0,0,0,0,0,0,0,2,1,0,0,0,0,0,1,0,0,0,1,1,0,0,2,0,0,0,2,1,0,0,0,0,0,0,0,0,1,1,0,0,0,0,0,0,0,0,0,0
50,0.6,150,0.93,0.8,410,TRUE,FALSE,2300,140,16,3,3,4,7,5,3,3,6,47,8,1,1,1,4,0,2,2,1,3,0,2,1,1,1,1,0,0,1,1,0,0,0,0,0,0,0,0,0,0,0,1,0,0,0,0,0,0,2,0,0,2,0,0,0,0,0,0,0,0,2,0,0,0,0,1,0,1,1,0,1,0,0,0,0,1,0,0,1,0,0,0,0,0,0,0,0,0,0,0
60,0.8,210,0.43,0.6,830,FALSE,FALSE,2300,143,15,2,4,8,12,2,4,3,2,43,2,1,2,3,5,2,1,4,3,2,4,2,1,0,0,0,1,1,0,1,0,0,0,0,0,0,0,0,0,0,2,0,0,0,0,1,0,0,0,0,2,0,0,0,0,1,0,0,0,1,2,0,0,0,0,0,1,0,1,0,1,0,0,0,0,1,0,1,0,0,0,0,0,0,0,0,0,0,0,0
80,0.5,130,0.77,0.6,810,FALSE,TRUE,2300,140,13,2,2,4,13,2,3,5,4,49,2,1,2,2,2,0,0,1,3,3,2,2,1,0,1,5,1,0,1,3,1,0,0,0,0,0,0,0,0,0,0,0,0,1,0,0,0,0,1,1,0,0,0,1,1,0,0,0,2,0,0,0,0,0,0,0,0,0,0,1,0,1,0,0,1,0,1,0,0,0,0,0,0,0,0,0,0,0,0,0
40,0.9,120,0.42,0.3,700,FALSE,TRUE,2300,141,16,2,3,3,11,1,3,8,5,40,5,1,3,3,5,1,2,0,2,5,4,1,2,0,1,2,0,0,1,0,0,0,1,0,0,0,0,0,0,0,2,0,0,0,0,0,0,0,1,1,0,0,0,0,0,0,0,0,0,0,0,0,0,0,0,0,0,0,2,0,2,1,0,0,1,0,0,0,1,0,0,0,0,0,0,0,0,0,0,0
80,0.7,220,0.86,0.9,830,TRUE,FALSE,2300,140,16,1,3,7,11,4,2,2,2,47,6,2,0,2,2,1,2,3,2,0,1,1,2,1,2,1,1,1,3,2,0,0,0,0,0,0,0,0,0,0,1,0,0,0,0,0,0,0,0,0,2,0,0,0,1,1,0,0,1,1,1,0,0,0,0,0,0,0,1,0,0,0,0,0,0,0,0,1,0,1,0,0,0,0,0,0,0,0,0,0
90,0.8,130,0.47,0.7,280,TRUE,TRUE,2300,139,16,3,3,4,11,1,3,5,4,49,3,2,0,0,7,2,0,0,0,4,2,3,2,1,1,0,0,0,1,2,0,0,0,0,0,0,0,0,1,0,1,0,0,0,0,0,0,0,0,0,1,1,0,0,0,0,0,1,0,0,1,0,0,0,1,0,0,0,1,0,0,1,0,0,0,0,0,1,0,0,0,0,0,0,1,0,0,0,0,0
20,0.6,300,0.71,0.8,570,TRUE,FALSE,2300,140,12,5,3,6,6,5,2,2,8,47,5,0,1,0,6,4,0,2,1,3,2,2,1,0,2,1,0,0,1,1,0,0,0,0,1,0,0,0,0,0,1,1,0,0,0,1,0,0,0,0,0,1,0,1,0,1,0,0,1,1,0,0,0,0,1,0,1,0,0,0,0,0,0,0,0,0,1,0,1,0,0,0,0,0,0,0,0,0,0,0
60,0.8,220,0.86,0.8,950,FALSE,FALSE,2300,134,12,4,3,4,9,3,3,4,5,49,3,0,1,3,6,1,0,0,1,3,2,1,0,1,1,1,0,0,1,1,0,0,0,0,0,0,0,0,0,0,1,1,0,0,0,0,0,0,0,0,4,0,0,0,0,0,0,0,0,1,2,0,0,0,0,0,0,1,1,0,0,0,0,0,1,0,0,0,0,0,0,0,0,1,0,0,0,0,0,0
30,0.5,120,0.8,0.4,650,TRUE,FALSE,2300,143,16,3,0,6,10,4,4,4,5,40,4,2,3,3,8,3,0,2,3,1,1,2,0,1,2,0,2,0,1,0,0,1,0,1,0,0,0,0,0,1,0,0,0,0,0,0,1,0,0,0,2,0,0,0,0,0,0,0,0,1,1,0,0,0,1,0,0,1,1,0,1,0,0,0,0,0,0,1,0,0,0,0,1,0,0,0,0,0,0,0
20,0.5,270,0.32,0.3,920,FALSE,FALSE,2300,138,17,4,4,2,7,6,1,4,6,37,7,0,0,3,5,0,2,1,1,3,5,2,2,2,1,0,0,2,0,1,0,0,0,0,1,0,0,0,0,0,3,0,0,0,0,0,0,1,0,0,0,1,0,0,0,1,0,0,0,0,1,0,0,0,0,2,0,0,0,0,1,0,0,0,0,1,0,1,1,0,0,0,0,0,0,0,0,0,0,0
80,0.7,220,0.92,0.5,820,TRUE,FALSE,2300,136,12,3,3,9,10,3,4,1,5,39,6,1,2,1,1,4,2,1,2,4,1,1,2,0,3,0,1,0,2,0,0,0,0,0,0,1,0,0,0,0,0,0,0,1,0,0,0,0,0,2,2,0,1,0,0,0,0,0,1,0,1,0,0,0,0,0,0,1,0,0,0,1,0,0,2,0,0,0,1,0,0,0,0,0,0,0,0,0,0,0
90,0.6,250,0.44,0.3,530,FALSE,FALSE,2300,133,8,2,2,7,7,3,2,3,6,51,3,3,0,1,6,1,0,1,2,3,1,2,1,0,0,2,0,0,1,2,1,0,0,0,0,0,0,0,0,0,2,1,0,0,0,0,1,0,0,0,3,0,0,1,0,0,0,0,1,0,0,0,0,0,1,0,0,0,1,0,0,0,0,0,0,0,1,0,1,0,0,0,0,0,0,0,0,0,0,0
30,0.9,200,0.45,0.7,930,TRUE,FALSE,2300,140,16,3,2,8,7,4,2,4,2,49,2,2,1,4,4,2,2,0,2,2,1,1,0,3,1,1,0,1,0,1,1,0,0,0,1,0,0,1,0,1,0,0,1,0,0,0,0,0,0,0,0,0,1,0,0,0,1,0,1,1,0,0,0,1,1,0,0,0,1,0,0,0,0,0,0,0,0,0,1,1,0,0,0,0,0,0,0,0,0,0
60,0.7,230,0.36,0.3,520,TRUE,TRUE,2300,139,13,1,6,7,3,4,4,1,6,48,5,4,0,1,5,4,0,1,0,3,2,1,0,2,1,0,0,1,0,3,0,0,0,0,0,0,0,0,1,1,0,0,0,0,1,0,0,0,0,0,4,1,0,0,0,1,0,0,0,0,1,0,0,0,0,0,0,1,1,0,0,0,0,0,1,0,0,1,0,0,0,0,0,0,0,0,0,0,0,0
40,0.6,120,0.68,0.6,460,FALSE,TRUE,2300,138,16,2,5,7,4,3,4,0,3,46,4,0,0,1,7,3,0,4,2,1,3,1,0,1,2,0,1,1,0,3,1,0,1,0,0,0,0,0,0,0,2,0,0,1,0,0,0,0,2,2,0,0,0,0,0,0,0,0,0,0,2,0,0,0,0,0,0,0,1,0,0,0,0,0,1,0,1,0,1,0,0,0,0,0,0,0,0,0,0,0
90,0.9,110,0.9,0.4,700,TRUE,TRUE,2300,140,18,1,2,7,7,3,3,2,3,46,5,0,1,0,5,2,1,1,1,6,2,0,1,1,3,1,0,1,0,3,0,0,1,0,0,1,0,0,0,1,0,0,1,0,0,0,0,0,0,1,2,0,0,0,0,1,0,0,0,0,3,0,0,0,0,0,0,1,1,0,0,0,0,0,0,1,0,1,0,0,0,0,0,0,0,0,0,0,0,0
10,0.8,140,0.86,0.3,200,TRUE,FALSE,2300,142,16,2,0,9,11,3,2,2,7,40,5,3,5,1,4,3,1,1,2,6,2,2,1,0,0,2,0,1,0,0,0,0,0,0,0,0,0,0,0,1,2,0,0,0,0,0,1,0,0,0,0,0,0,1,0,1,0,0,2,0,1,0,0,0,0,0,1,0,0,0,0,0,0,0,0,0,0,1,0,1,0,0,0,0,0,0,0,0,0,0
40,0.8,150,0.45,0.3,150,FALSE,TRUE,2300,142,18,0,5,8,5,4,1,3,3,45,0,2,2,0,5,5,2,2,0,4,2,2,0,2,3,0,1,0,2,1,1,0,0,0,0,0,0,0,2,0,1,0,0,0,0,0,0,0,1,2,2,0,1,0,0,0,0,0,0,0,1,1,0,0,1,0,0,0,1,0,0,0,0,0,0,0,0,2,0,0,0,0,0,0,0,0,0,0,0,0
10,0.6,250,0.57,0.8,780,FALSE,TRUE,2300,141,18,0,3,8,8,3,2,3,5,41,5,2,0,4,3,4,3,3,2,4,0,2,0,1,2,0,0,1,0,1,1,0,1,0,0,0,0,0,0,0,0,0,1,0,0,0,0,0,0,0,1,1,0,0,0,0,0,0,1,1,1,0,0,0,1,0,0,0,2,0,2,0,0,0,0,0,0,0,1,0,0,0,0,0,0,0,0,0,0,0
60,0.9,220,0.49,0.9,880,FALSE,TRUE,2300,144,19,1,4,8,5,5,2,3,5,42,5,1,0,3,3,1,1,3,2,4,1,1,2,1,1,3,0,1,1,1,1,0,0,0,0,1,0,0,0,0,0,1,0,0,0,0,0,1,0,2,1,0,0,1,0,0,0,1,0,0,1,1,0,0,0,1,0,0,0,1,0,0,0,0,0,0,0,0,1,1,0,0,0,1,0,0,0,0,0,0
10,0.8,230,0.68,0.5,800,FALSE,FALSE,2300,140,17,1,3,3,10,5,1,3,7,45,5,2,0,1,4,1,0,3,1,3,2,2,2,1,0,0,1,1,0,0,0,0,0,1,0,1,0,0,0,3,3,0,0,0,0,0,0,0,1,1,1,0,0,0,0,1,0,0,0,0,0,0,0,0,0,0,0,0,1,0,1,1,0,1,0,0,0,1,0,0,0,0,0,0,0,0,0,0,0,0
80,0.7,250,0.81,0.6,1000,TRUE,FALSE,2300,139,15,3,3,9,7,4,3,7,3,41,3,1,2,2,3,1,1,0,2,5,0,2,1,0,3,0,2,1,0,1,0,1,0,1,0,0,0,0,0,0,0,1,0,1,1,0,0,0,0,1,1,0,0,0,0,1,0,0,0,0,0,0,0,0,0,2,0,1,2,0,0,0,0,0,0,0,0,0,1,0,0,0,0,0,0,0,0,0,1,0
20,0.7,170,0.31,0.3,130,FALSE,FALSE,2300,140,17,3,1,4,9,3,2,5,2,50,2,0,0,5,4,1,2,2,2,2,2,2,1,1,2,1,0,0,1,1,1,0,0,0,1,0,0,0,0,1,1,0,0,1,0,0,0,0,0,1,1,0,0,1,0,0,0,0,0,0,0,1,0,0,0,0,0,1,1,0,0,0,0,0,1,0,1,0,1,0,0,0,0,0,0,0,0,0,0,0
70,0.7,250,0.64,0.3,710,FALSE,FALSE,2300,137,12,4,5,2,9,2,1,3,3,51,4,2,2,1,6,1,1,2,0,2,3,1,1,0,1,1,1,0,2,3,0,0,0,0,0,0,0,0,0,2,0,0,0,0,0,0,0,0,1,0,1,1,0,0,0,0,0,0,0,0,1,1,0,0,1,0,0,1,0,0,1,0,0,0,1,0,0,1,0,0,0,0,0,0,0,0,0,0,0,0
50,0.8,260,0.59,0.5,910,FALSE,FALSE,2300,139,12,3,2,9,5,3,3,4,6,45,8,0,0,2,3,2,0,0,0,5,3,1,1,0,1,2,2,1,1,2,0,0,1,0,0,0,0,0,0,1,1,0,0,0,0,0,0,0,0,1,1,0,0,0,0,1,0,0,0,1,4,0,0,0,0,0,0,1,0,0,0,0,0,0,0,1,0,0,1,0,0,0,0,0,0,0,0,0,0,0
30,0.8,120,1,0.7,230,FALSE,FALSE,2300,141,17,3,4,2,10,6,4,5,3,47,2,2,2,2,4,1,1,1,0,2,2,2,1,0,1,0,1,0,2,2,1,1,0,0,0,0,0,0,0,1,0,0,0,0,1,0,0,0,0,0,0,0,0,0,0,0,1,0,1,0,2,0,0,1,0,0,0,0,1,0,0,1,0,0,0,0,0,1,1,0,0,0,0,0,0,0,0,0,0,0
20,0.5,270,0.95,0.3,910,TRUE,FALSE,2300,140,17,5,3,4,6,2,3,6,4,42,2,1,1,1,4,1,1,4,2,4,2,0,2,3,3,1,0,0,0,2,2,0,0,0,0,0,1,0,0,0,0,0,0,0,0,0,0,0,0,0,0,0,0,1,1,0,0,0,1,2,0,1,0,0,0,2,0,0,1,2,0,0,0,0,0,0,0,0,0,1,0,0,0,0,0,0,0,0,0,0
50,0.6,160,1,0.9,950,TRUE,FALSE,2300,141,17,2,5,5,9,4,5,3,6,42,4,0,3,2,7,0,1,2,0,2,2,2,1,0,0,1,1,0,2,0,0,1,0,0,1,0,0,0,0,1,0,0,0,0,0,0,0,0,1,1,0,0,0,0,0,0,0,0,0,0,0,1,0,0,1,0,0,0,3,1,0,1,0,0,1,0,0,0,0,1,0,0,0,0,0,0,0,0,0,0
80,0.7,270,0.93,0.6,460,FALSE,FALSE,2300,138,15,3,8,3,9,2,3,3,4,42,5,2,2,2,3,3,1,3,0,4,3,1,1,0,0,0,0,0,2,2,1,0,0,0,1,0,0,1,0,1,0,0,0,0,0,0,0,0,0,0,1,0,0,0,0,0,0,0,0,0,3,0,0,0,0,0,1,1,0,0,0,0,0,0,1,0,0,2,0,0,0,0,0,0,0,0,0,0,0,0
70,0.6,240,0.83,0.8,790,TRUE,TRUE,2300,140,16,1,4,9,7,5,1,4,2,40,4,2,1,1,6,2,2,3,2,5,1,1,2,0,2,0,1,0,1,0,1,2,0,0,0,0,0,0,0,3,0,0,0,0,0,0,0,0,0,0,1,1,0,0,0,0,0,0,2,0,2,0,0,0,1,0,0,0,1,0,1,0,0,0,0,0,0,1,0,0,0,0,0,0,0,0,0,0,0,0
10,0.7,110,0.46,0.9,430,TRUE,TRUE,2300,136,14,1,3,11,6,5,3,0,8,41,4,2,0,2,4,2,1,2,1,3,1,0,3,2,0,0,0,3,1,1,0,0,0,0,0,0,0,0,0,1,0,0,1,0,0,0,0,0,0,1,1,0,0,0,0,0,0,0,0,0,1,1,0,0,1,0,0,1,1,0,0,0,0,0,0,1,0,0,1,2,0,0,0,0,0,0,0,0,0,0
10,0.5,190,0.84,0.3,840,TRUE,FALSE,2300,143,19,4,0,7,6,3,1,5,4,50,1,2,3,3,3,2,1,1,0,2,1,2,0,1,2,2,1,0,0,3,1,0,0,1,0,1,0,0,0,1,1,0,0,1,0,0,0,0,0,0,2,1,0,0,0,0,0,0,0,1,0,0,0,0,0,0,0,1,1,0,0,0,0,0,1,1,0,0,1,0,0,0,0,0,0,0,0,0,0,0
70,0.6,210,0.86,0.6,780,FALSE,TRUE,2300,144,15,3,4,8,6,2,3,5,3,41,8,1,1,2,6,1,1,5,3,1,3,2,1,1,1,0,0,1,1,2,0,0,0,0,0,0,0,0,0,1,0,0,0,0,0,0,0,0,0,0,5,0,0,0,0,0,1,0,0,0,1,0,0,0,0,1,0,0,0,0,0,0,0,0,0,1,0,1,1,0,0,1,0,1,0,0,0,0,0,0
20,0.7,190,0.38,0.6,300,FALSE,TRUE,2300,140,17,1,4,5,10,4,3,3,4,44,4,2,1,2,1,3,0,1,2,6,1,1,1,1,0,1,0,1,1,3,0,1,0,0,0,0,0,0,0,2,2,0,0,0,0,0,0,0,0,0,2,0,0,0,0,0,0,0,1,0,1,1,0,0,0,0,0,1,0,0,0,0,0,0,2,0,0,1,0,0,0,0,0,0,0,0,0,0,0,0
20,0.5,190,0.71,0.8,320,TRUE,TRUE,2300,141,19,0,3,6,9,3,4,4,5,42,3,0,3,3,3,0,3,2,3,3,3,1,2,0,0,1,1,0,0,2,1,1,0,0,0,0,0,1,0,1,0,0,0,0,0,0,0,0,1,0,1,0,1,0,0,0,0,1,0,0,0,0,1,1,0,0,0,0,0,0,0,0,0,0,2,0,0,0,1,1,0,0,0,0,0,0,0,0,0,0
30,0.6,200,0.67,0.4,130,TRUE,TRUE,2300,141,18,2,1,5,6,4,1,1,4,49,9,1,1,0,4,2,2,2,2,4,0,4,1,0,2,0,1,1,0,2,0,1,0,0,0,0,0,0,0,0,0,1,0,1,0,0,0,0,0,0,2,0,0,1,0,0,0,0,1,1,0,0,0,0,0,0,0,0,1,0,1,0,1,0,1,0,0,0,1,0,0,0,0,0,0,0,0,0,0,0
20,0.9,280,0.52,0.5,710,TRUE,TRUE,2300,133,13,1,6,4,7,2,0,2,5,48,7,3,1,2,7,2,3,0,0,2,0,0,0,0,1,2,0,2,0,1,2,0,0,0,0,0,0,0,1,1,0,1,0,0,0,0,0,0,0,0,1,0,0,0,0,1,0,0,0,1,1,0,0,0,0,0,0,1,0,0,1,0,0,1,0,0,0,0,0,0,0,0,0,0,1,0,0,0,0,0
30,0.9,200,0.46,0.5,750,TRUE,TRUE,2300,134,12,4,3,7,6,7,2,2,4,41,3,1,0,2,7,2,2,1,1,6,3,2,0,0,2,0,1,0,0,0,1,0,1,0,0,0,0,0,0,1,0,0,1,0,1,0,0,0,0,0,2,0,0,0,0,0,0,0,0,1,0,0,0,0,1,0,0,0,2,0,1,0,0,0,0,0,0,0,1,0,0,1,0,0,0,0,0,0,0,0
90,0.5,240,0.41,0.7,820,TRUE,FALSE,2300,139,17,2,2,6,7,5,2,2,5,46,4,0,0,3,5,1,1,1,1,6,1,2,0,0,1,0,0,1,0,2,1,0,0,1,0,0,1,0,0,1,3,0,0,0,0,0,0,0,0,2,1,1,0,0,1,0,0,0,0,1,1,0,0,0,0,0,0,1,0,0,0,0,0,1,0,0,0,0,1,0,0,0,0,0,0,0,0,0,0,0
90,0.5,220,0.75,0.7,670,FALSE,TRUE,2300,144,16,7,2,8,8,2,3,5,8,40,7,0,1,2,4,1,3,0,0,0,2,1,1,1,2,1,0,2,0,2,0,0,0,1,0,0,0,0,1,0,0,0,0,0,0,0,0,0,0,2,1,0,1,0,0,1,0,0,0,0,3,0,0,0,0,0,0,0,1,0,1,0,0,0,1,0,0,0,2,0,0,0,1,0,0,0,0,0,0,0
60,0.8,290,0.57,0.9,390,FALSE,TRUE,2300,140,15,3,3,4,10,5,3,4,3,45,3,2,1,4,4,1,1,0,0,4,1,2,1,0,2,0,2,1,1,1,0,0,0,0,0,0,0,0,1,1,1,0,0,0,0,0,0,0,0,1,3,0,0,0,0,0,0,0,1,1,0,0,1,0,1,0,0,1,1,0,1,0,0,0,0,0,0,1,0,0,0,0,0,0,0,0,0,0,0,0
70,0.5,220,0.39,0.6,770,FALSE,TRUE,2300,143,18,1,4,3,7,5,2,2,3,44,8,0,2,4,3,3,1,1,3,2,2,0,3,1,0,0,0,0,2,1,0,1,0,0,0,0,2,0,0,0,0,0,0,0,0,0,0,0,0,1,1,1,0,2,0,1,0,1,1,0,0,0,0,0,1,0,1,0,1,0,1,0,1,0,0,1,0,1,1,0,0,0,0,0,0,0,0,0,0,0
30,0.5,280,0.44,0.9,940,TRUE,FALSE,2300,140,21,1,3,5,9,3,2,2,6,42,1,1,2,1,5,0,0,2,3,5,4,2,1,2,2,1,0,0,0,1,1,0,1,0,0,1,0,0,0,1,1,0,0,0,0,0,0,0,1,0,1,0,0,0,0,0,0,0,0,0,1,1,0,1,0,0,0,0,1,0,1,0,0,1,0,0,0,0,1,0,0,0,0,0,0,0,0,0,0,0
90,0.6,100,0.35,0.5,860,TRUE,TRUE,2300,140,17,2,2,4,11,5,2,3,5,49,5,2,1,1,3,1,1,0,1,2,0,0,0,2,4,0,0,0,0,3,0,0,1,0,0,0,0,0,0,0,0,1,0,0,0,1,0,0,0,2,2,0,0,0,0,1,0,0,1,0,1,0,0,1,0,0,0,1,1,0,0,0,0,0,0,0,0,1,0,1,0,0,0,0,0,0,0,0,0,0
20,0.7,100,0.31,0.8,610,FALSE,FALSE,2300,136,13,2,2,7,12,3,2,3,5,46,1,1,4,1,3,1,1,2,1,4,1,0,0,0,1,1,2,1,0,2,2,1,0,0,0,0,0,0,0,0,2,0,0,0,0,0,0,0,0,1,2,0,0,0,0,0,0,0,0,1,0,0,1,1,0,0,0,0,2,0,1,0,0,0,0,0,0,1,0,0,0,0,0,0,0,0,0,0,0,0
20,0.8,180,0.98,0.3,1000,FALSE,FALSE,2300,142,15,2,3,11,3,4,1,1,6,48,6,2,1,1,3,3,2,4,1,3,2,0,0,2,3,0,0,0,1,2,0,0,0,0,0,0,0,0,0,1,0,0,0,1,0,0,0,0,0,1,1,0,0,0,0,0,0,0,0,0,3,1,0,0,0,1,0,0,2,0,0,0,0,0,0,1,0,0,1,0,0,0,0,0,0,0,0,0,0,0
70,0.7,140,0.95,0.9,920,TRUE,FALSE,2300,142,18,4,7,8,7,4,3,3,8,40,3,1,0,2,4,0,2,2,1,2,2,1,1,1,1,2,1,0,0,2,0,0,2,0,1,0,0,0,0,0,0,0,0,0,0,0,0,0,0,0,1,0,0,0,0,0,0,0,2,0,0,1,0,0,0,2,0,0,2,0,2,0,0,0,0,0,0,0,0,0,0,0,0,0,0,0,0,0,0,0
90,0.9,270,0.44,0.5,810,TRUE,FALSE,2300,140,17,1,3,6,13,2,3,3,3,45,1,2,1,2,4,4,1,4,1,1,0,1,1,3,0,0,1,0,0,1,1,1,0,0,0,1,1,0,0,1,1,0,0,0,0,0,0,0,0,0,2,0,1,0,0,0,0,0,1,1,1,0,0,1,0,0,1,0,1,0,0,0,0,0,0,0,0,1,0,1,0,0,0,0,0,0,0,0,0,0
80,0.9,300,0.53,0.5,170,FALSE,FALSE,2300,143,19,1,4,9,10,6,2,4,3,38,4,2,1,3,4,3,0,1,2,2,2,0,1,2,2,0,2,0,3,1,0,0,0,1,0,0,0,0,0,1,0,0,1,0,0,0,0,0,0,0,2,0,0,0,1,0,0,0,0,0,1,0,0,0,1,1,0,0,1,0,1,1,0,0,0,0,0,1,0,0,0,0,0,0,0,0,0,0,0,0
60,0.5,280,0.65,0.8,380,TRUE,FALSE,2300,142,18,2,3,5,4,4,1,6,3,48,5,0,1,2,5,2,1,5,1,3,1,2,1,0,1,0,0,1,0,3,0,0,0,0,1,1,0,0,0,0,1,0,1,0,0,0,0,0,0,0,1,0,0,0,0,0,0,0,1,1,0,1,1,1,1,0,0,0,2,1,0,0,0,0,0,0,0,1,0,0,0,0,0,0,0,0,0,0,0,0
90,0.8,220,0.59,0.8,930,FALSE,FALSE,2300,141,14,0,4,10,10,4,1,2,7,44,1,0,1,2,4,3,2,0,3,5,2,3,1,1,2,1,2,0,1,1,0,0,0,0,0,0,0,0,0,0,3,0,0,0,0,0,0,0,0,0,2,0,0,0,0,0,0,0,0,0,0,0,0,0,0,0,0,1,1,0,0,1,0,0,1,1,0,1,0,0,0,0,0,0,0,0,0,0,0,0
100,0.5,270,0.62,0.5,390,TRUE,TRUE,2300,141,17,3,3,5,11,1,4,3,6,42,2,0,6,1,4,1,3,2,2,1,3,0,1,2,1,0,2,0,1,1,0,1,0,0,1,0,0,0,0,0,3,0,0,0,1,0,0,0,0,0,2,0,0,0,0,0,0,1,0,0,0,0,0,0,0,0,0,0,3,0,0,0,0,1,1,0,0,0,0,0,0,0,0,0,0,0,0,0,0,0
90,0.6,270,0.74,0.9,930,TRUE,TRUE,2300,141,20,2,5,5,8,3,2,3,2,47,2,2,1,1,5,1,1,3,1,4,1,0,1,1,1,0,0,0,0,6,1,1,0,0,0,0,0,0,0,0,1,1,1,0,0,0,0,0,0,0,3,0,0,0,0,0,0,0,0,0,1,0,0,0,1,0,0,1,1,1,0,0,0,0,0,0,0,0,1,0,0,0,0,0,0,0,0,0,0,0
70,0.7,190,0.59,0.7,410,TRUE,TRUE,2300,142,20,3,3,7,6,2,4,3,4,44,2,0,0,4,4,0,3,4,4,1,0,1,2,1,2,0,1,0,0,3,0,1,0,0,1,0,0,0,0,0,1,0,0,0,1,0,0,0,0,1,0,1,0,0,1,0,0,0,1,1,0,0,0,0,0,1,0,0,1,2,0,1,0,0,0,0,0,0,1,0,0,0,0,0,0,0,0,0,0,0
80,0.5,220,0.34,0.4,550,TRUE,FALSE,2300,141,17,1,5,4,11,4,2,3,3,45,1,0,1,3,3,4,1,3,0,6,2,1,1,1,2,1,0,0,1,0,0,1,0,0,0,0,0,0,0,1,2,0,0,0,0,0,0,0,0,2,3,0,0,0,0,0,0,0,0,1,1,0,0,0,0,0,0,1,1,0,0,0,1,0,1,0,0,0,1,0,0,0,0,0,0,0,0,0,0,0
80,0.9,250,0.88,0.7,850,FALSE,TRUE,2300,144,19,1,4,5,12,1,4,5,6,42,4,0,1,2,4,2,0,3,0,1,3,3,0,1,0,3,0,1,0,2,1,1,1,0,0,0,0,0,0,0,1,0,0,0,0,0,0,0,0,2,0,0,0,0,0,0,0,0,1,0,0,0,0,0,0,0,0,0,2,0,3,0,0,0,1,0,0,1,0,0,0,0,1,1,0,0,0,0,0,0
80,0.9,220,0.54,0.9,260,FALSE,FALSE,2300,140,14,5,3,5,6,2,2,4,5,41,3,2,0,2,5,1,7,2,2,5,1,1,1,2,1,0,0,2,2,2,0,0,0,0,0,0,0,0,0,0,1,0,0,0,0,1,0,0,0,1,0,0,0,0,0,0,0,0,2,0,1,1,0,0,1,1,0,0,2,1,0,0,0,0,0,0,0,0,0,1,0,0,0,0,0,0,0,0,0,0
50,0.5,300,0.87,0.3,660,FALSE,FALSE,2300,138,11,4,3,6,7,2,4,4,3,51,1,2,0,1,7,0,0,5,0,6,1,3,1,1,0,1,1,0,1,3,0,0,0,0,0,0,0,0,0,1,0,0,0,0,0,0,0,0,0,0,2,0,0,0,1,0,0,0,1,0,0,0,0,0,1,0,0,0,1,0,0,1,0,0,0,0,0,0,1,1,0,0,0,0,0,0,0,0,0,0
90,0.6,210,0.71,0.3,180,TRUE,FALSE,2300,138,13,1,2,3,7,3,1,2,5,50,7,0,3,2,5,4,0,1,0,7,1,0,0,1,1,0,0,1,0,4,0,1,0,0,1,1,1,0,0,0,1,0,0,0,0,0,0,0,0,2,2,0,0,1,0,1,0,0,0,0,1,0,0,0,0,0,0,0,1,0,0,0,0,0,0,0,0,0,1,0,0,0,0,0,1,0,0,0,0,0
70,0.8,200,0.49,0.5,310,FALSE,TRUE,2300,141,19,3,1,6,8,4,2,3,6,45,5,1,1,2,2,0,3,3,1,2,3,1,0,0,1,1,0,1,0,0,2,0,0,1,1,0,0,0,1,1,2,0,0,0,0,2,0,0,0,0,0,0,0,0,0,0,0,1,0,0,2,0,0,0,0,0,0,0,1,0,2,0,0,0,0,0,2,0,0,0,0,0,0,0,0,0,0,0,0,0
100,0.6,300,0.58,0.9,630,FALSE,FALSE,2300,135,14,0,3,3,11,5,3,4,9,37,3,5,4,1,3,2,0,0,2,7,1,3,1,0,1,1,0,0,0,1,0,0,0,0,0,0,0,0,0,1,0,0,0,0,0,1,0,0,0,0,2,0,0,1,0,1,0,1,0,0,0,0,0,0,0,0,0,0,1,0,1,0,0,0,0,0,0,1,1,1,0,0,0,0,0,0,0,0,0,0
70,0.5,150,0.61,0.4,950,TRUE,FALSE,2300,142,19,2,4,5,10,4,3,4,5,39,0,2,1,4,8,2,0,2,0,5,0,2,2,0,2,0,0,1,1,0,0,0,0,0,1,1,0,0,1,0,1,0,1,0,0,0,0,0,1,1,2,0,0,0,0,0,1,0,0,0,0,0,0,0,0,0,1,0,1,0,0,0,0,0,1,0,0,0,2,0,0,0,0,0,0,0,0,0,0,1
40,0.9,210,0.56,0.4,280,TRUE,FALSE,2300,139,13,1,4,8,10,6,3,2,4,47,3,1,0,0,3,2,2,3,0,4,1,2,0,1,3,0,1,1,0,2,1,0,0,0,0,0,0,0,0,0,1,1,0,0,0,0,0,0,0,1,2,0,1,0,0,0,0,0,1,1,0,0,0,0,1,0,0,1,1,0,0,0,0,0,0,0,0,0,1,0,0,0,0,0,0,0,0,0,0,0
100,0.8,280,0.56,0.7,170,FALSE,FALSE,2300,139,16,4,0,4,8,5,1,4,4,44,3,2,1,1,6,2,2,2,0,4,2,2,1,1,1,1,2,1,2,1,0,0,0,0,0,0,0,0,0,0,0,0,0,0,0,0,0,0,1,0,3,1,0,1,0,0,0,1,1,0,1,0,0,0,0,0,0,0,2,0,0,0,0,0,1,0,1,0,0,0,0,0,0,0,0,0,0,0,0,0
80,0.5,280,0.96,0.5,1000,FALSE,TRUE,2300,137,15,1,3,8,7,3,3,3,3,46,3,2,1,1,3,5,3,0,0,4,2,0,0,0,1,1,0,1,1,2,1,0,0,1,0,0,0,0,0,1,1,0,0,1,0,0,0,0,0,1,2,0,0,0,0,0,0,0,0,0,1,2,0,0,1,0,0,0,2,0,0,0,0,0,0,0,0,1,1,0,0,0,0,0,0,0,0,0,0,0
20,0.8,210,0.33,0.9,110,TRUE,FALSE,2300,140,14,4,3,6,9,6,0,1,3,45,4,1,1,0,7,3,2,1,0,5,1,0,0,0,0,2,2,2,0,2,2,0,1,0,0,0,0,0,1,0,1,1,0,0,0,0,0,0,0,2,2,0,0,0,0,0,0,0,1,0,2,0,0,0,1,0,0,0,1,0,0,0,0,0,0,0,1,0,1,0,0,0,0,0,0,0,0,0,0,0
40,0.9,220,0.77,0.8,790,FALSE,FALSE,2300,138,18,2,2,6,10,5,2,3,5,43,1,1,1,2,3,5,0,2,0,6,1,1,1,1,0,0,0,1,1,1,1,0,1,0,0,0,0,0,0,1,0,0,0,0,0,0,0,0,0,0,2,0,1,0,0,0,0,0,0,0,1,0,0,1,1,0,0,1,1,0,0,0,0,0,0,0,0,1,1,1,0,0,0,0,0,0,0,0,0,0
50,0.7,110,0.54,0.7,140,FALSE,FALSE,2300,137,14,1,4,4,8,3,3,3,7,44,3,1,2,3,7,2,0,2,2,6,0,1,2,0,0,0,0,0,0,2,2,0,0,0,0,0,0,0,0,2,2,0,0,0,0,0,0,0,0,0,0,0,0,0,0,0,0,0,0,0,3,0,0,0,0,0,0,0,2,0,0,0,0,1,1,0,0,1,0,0,0,0,0,0,0,0,0,0,0,0
30,0.8,240,0.96,0.5,530,TRUE,TRUE,2300,136,12,1,4,4,8,4,3,1,3,56,4,2,0,0,7,2,2,2,1,2,1,1,0,1,0,0,0,0,1,3,1,0,0,0,0,1,0,0,0,0,2,0,0,0,0,0,0,0,0,0,1,0,0,0,0,0,0,0,1,0,2,0,0,0,0,1,0,0,1,0,0,0,0,0,0,1,0,0,0,0,0,0,0,1,0,0,0,0,0,0
20,0.7,130,0.34,0.4,870,TRUE,FALSE,2300,135,11,2,7,1,7,2,4,5,3,46,5,3,2,1,7,3,1,1,1,5,0,1,2,1,1,0,0,0,0,2,1,1,0,0,0,0,0,0,0,1,0,0,0,0,0,0,0,0,0,0,0,1,0,0,0,0,0,0,0,0,1,1,0,0,0,0,0,0,2,0,1,0,0,0,1,0,0,1,1,0,0,0,0,0,0,0,0,0,0,0
10,0.6,100,0.52,0.6,200,TRUE,TRUE,2300,144,15,3,2,8,10,5,2,2,3,46,4,1,0,2,3,3,2,4,1,4,1,1,1,2,1,0,0,0,0,3,1,0,0,0,0,0,0,0,0,3,2,0,0,0,0,0,0,0,0,0,1,1,0,0,0,1,0,0,1,0,1,0,0,0,1,0,0,0,1,0,0,0,0,0,0,0,0,1,1,0,0,0,0,0,0,1,0,0,0,0
70,0.7,130,0.44,0.6,750,TRUE,TRUE,2300,140,14,2,0,6,9,2,3,1,5,54,4,1,1,0,4,3,3,1,0,5,1,1,1,2,2,1,0,0,0,2,0,0,1,2,0,0,0,0,0,1,1,0,0,0,0,0,0,0,0,0,1,1,0,0,0,0,0,0,0,0,0,0,0,1,1,0,0,0,2,0,0,0,0,0,0,1,0,0,1,0,0,0,0,0,0,0,0,0,0,0
60,0.7,230,0.35,0.4,420,FALSE,TRUE,2300,137,12,3,3,3,11,2,2,2,8,48,3,3,0,3,5,1,2,0,1,3,2,0,0,1,1,0,1,1,1,2,0,0,0,0,0,1,0,0,0,2,0,0,0,0,0,0,0,0,0,0,4,0,1,0,0,1,0,0,1,0,1,0,0,0,0,0,0,0,1,0,0,0,0,0,1,0,0,0,1,0,0,0,0,0,0,0,0,0,0,0
50,0.7,150,0.69,0.6,700,TRUE,TRUE,2300,138,16,3,2,8,12,3,3,3,5,42,3,3,2,1,2,0,1,3,2,4,1,2,0,0,1,1,2,0,0,1,0,0,1,0,0,0,0,0,0,0,1,0,0,0,0,0,0,0,1,0,1,0,0,0,0,0,0,0,0,1,2,0,0,0,1,0,0,1,1,0,1,0,0,0,0,0,1,1,0,0,0,0,0,0,0,0,0,0,0,0
10,0.7,280,0.49,0.9,450,FALSE,FALSE,2300,138,16,1,2,7,8,2,2,3,4,51,2,2,0,3,6,2,1,1,3,1,1,3,1,0,0,0,0,2,0,2,0,0,0,0,0,1,0,0,0,1,1,0,1,0,0,1,0,0,0,0,1,0,0,0,0,1,0,0,0,0,1,0,0,0,0,0,0,1,2,0,0,0,0,0,0,0,0,1,0,1,0,0,0,0,0,0,0,0,0,0
90,0.6,120,0.43,0.8,480,TRUE,TRUE,2300,141,18,3,3,4,7,4,1,5,4,46,2,1,1,3,7,2,1,4,0,3,1,1,1,1,0,2,0,1,0,1,0,1,0,0,0,1,0,0,0,1,1,0,0,0,0,0,0,0,0,0,2,0,0,0,0,0,0,0,1,1,1,1,0,0,0,0,0,0,2,0,0,0,0,1,0,0,0,1,1,0,0,0,0,0,0,0,0,0,0,0
30,0.6,300,0.44,0.3,140,FALSE,TRUE,2300,139,13,6,1,4,8,5,2,0,6,53,1,2,2,0,0,4,1,3,1,3,3,0,0,1,2,0,1,0,1,1,1,1,0,0,0,0,1,0,0,1,0,1,0,0,1,0,0,0,0,2,1,0,0,0,0,0,0,0,0,0,1,0,0,0,1,0,0,0,2,1,1,0,0,0,0,0,0,1,0,0,0,0,0,0,0,0,0,0,0,0
80,0.5,100,0.79,0.5,710,FALSE,FALSE,2300,136,17,2,2,9,6,2,5,1,2,45,3,1,0,1,6,5,0,1,2,6,2,1,1,1,1,1,0,0,0,2,0,0,0,0,1,1,0,0,0,1,1,0,1,0,0,0,0,0,0,0,0,0,0,0,0,1,1,0,1,0,0,0,0,0,0,0,0,0,1,0,0,0,0,0,1,0,0,0,1,0,0,0,0,0,0,0,0,1,0,0
40,0.6,100,0.75,0.3,750,TRUE,TRUE,2300,140,11,2,4,3,10,7,1,2,7,46,3,3,1,1,5,2,2,3,0,4,0,2,1,1,0,1,0,1,0,2,1,1,0,0,0,2,0,0,0,1,0,0,0,0,0,1,0,0,0,1,2,0,1,0,0,0,1,0,0,0,0,0,0,0,0,1,0,0,3,0,1,0,0,0,0,0,0,0,0,0,0,0,0,0,0,0,0,0,0,0
90,0.6,180,0.65,0.5,110,FALSE,TRUE,2300,141,13,8,3,4,9,1,6,6,4,44,3,2,2,1,4,1,0,1,0,5,4,1,0,1,1,1,2,1,1,1,0,0,1,0,0,1,0,0,0,1,0,1,0,0,0,0,0,0,0,1,0,0,0,0,0,0,0,0,0,0,0,1,0,0,1,0,0,1,1,0,1,0,0,0,0,1,0,0,0,1,0,0,0,0,0,0,0,0,0,0
60,0.9,260,0.5,0.5,440,TRUE,TRUE,2300,138,11,1,3,3,12,5,2,3,6,52,1,0,2,2,3,3,2,2,0,2,4,0,1,0,0,0,1,2,1,0,0,1,0,0,0,0,0,0,0,3,1,0,0,0,0,0,0,0,0,2,1,0,0,0,0,0,0,0,0,1,1,0,0,0,0,0,0,0,2,0,0,0,0,0,1,0,0,0,1,0,0,0,0,1,0,0,0,0,0,0
30,0.6,250,0.33,0.9,120,FALSE,TRUE,2300,140,17,2,6,10,9,2,3,3,8,36,4,0,1,1,5,2,3,2,2,2,2,2,2,2,1,0,0,1,0,0,0,0,0,0,0,0,0,1,0,0,1,0,0,0,0,0,0,0,0,2,0,0,0,1,0,0,0,0,0,0,1,1,0,0,1,1,0,0,1,0,1,0,0,0,0,0,0,1,1,0,0,0,0,0,0,0,0,0,0,0
40,0.9,200,0.81,0.6,190,FALSE,FALSE,2300,142,17,0,7,5,10,2,3,5,2,45,3,1,3,2,3,4,0,2,2,4,0,2,0,0,1,1,0,0,1,3,1,0,0,0,0,0,0,0,1,2,0,0,0,0,0,0,0,0,0,1,3,0,0,0,0,0,0,0,0,0,1,0,0,0,1,0,0,0,2,0,1,0,0,1,0,0,0,1,0,0,0,0,0,0,0,0,0,0,0,0
50,0.8,210,0.44,0.8,810,TRUE,FALSE,2300,136,14,3,3,8,6,0,3,5,4,44,4,1,1,3,7,1,1,2,3,2,1,0,0,1,1,0,1,3,0,1,1,0,0,0,1,0,0,0,0,1,0,0,0,0,0,0,0,0,0,0,2,0,0,0,0,0,0,0,1,0,2,1,0,0,0,0,0,1,1,0,0,0,0,0,1,0,0,1,1,0,0,0,0,0,0,0,0,0,0,0
80,0.6,250,0.36,0.5,350,FALSE,FALSE,2300,137,17,0,4,4,11,4,2,3,5,34,6,3,1,2,6,2,2,2,2,3,2,1,1,0,0,0,2,3,2,2,1,0,0,0,0,0,0,0,0,0,1,0,0,0,0,0,1,0,1,1,2,0,0,0,0,0,0,0,0,0,0,1,0,0,1,0,0,1,0,0,0,0,0,0,0,1,0,0,0,0,0,0,1,0,0,0,0,0,0,0
20,0.8,270,0.87,0.4,510,TRUE,TRUE,2300,138,16,2,2,7,5,6,3,3,4,50,3,0,1,1,6,1,1,0,1,4,1,1,2,3,1,0,0,0,0,2,0,0,0,0,0,0,0,0,0,0,0,0,1,0,0,1,0,0,0,2,0,0,1,0,1,0,1,0,0,0,2,0,0,0,0,0,0,0,2,0,0,0,0,0,0,0,0,1,0,0,0,0,0,0,0,0,0,0,0,1
40,0.8,200,0.84,0.8,230,FALSE,TRUE,2300,141,19,0,5,7,10,3,3,5,6,40,2,2,2,1,5,0,1,1,1,3,1,1,1,1,0,0,1,1,0,3,1,0,0,1,0,0,2,0,0,0,2,0,0,0,0,1,0,0,0,1,0,1,0,0,0,0,0,0,1,0,1,0,1,0,0,2,0,1,0,0,0,0,0,1,0,0,0,0,1,0,0,0,0,0,0,0,0,0,0,0
10,0.7,290,0.82,0.6,710,FALSE,TRUE,2300,146,10,5,3,10,7,4,2,0,9,48,3,1,1,2,7,3,1,1,1,5,1,1,0,1,2,3,1,0,0,1,1,0,0,0,0,0,0,0,1,1,0,0,1,0,0,0,0,0,2,0,1,0,0,0,0,0,1,0,0,0,2,0,0,0,0,1,0,1,0,0,0,0,0,0,0,1,0,0,1,0,0,0,0,0,0,0,0,0,0,0
90,0.8,130,0.85,0.8,320,FALSE,FALSE,2300,139,15,3,4,8,7,3,2,6,5,37,4,0,4,2,7,1,0,1,1,10,0,2,0,0,1,0,2,0,0,2,0,0,0,0,0,0,1,0,0,0,0,0,0,0,0,1,0,0,0,1,3,0,1,1,0,1,0,1,1,0,0,0,0,0,0,0,0,0,0,0,0,0,0,0,2,0,0,0,0,0,0,0,0,0,0,0,0,0,0,0
70,0.7,210,0.49,0.7,800,FALSE,FALSE,2300,144,11,4,4,5,8,3,6,6,8,50,3,2,1,1,5,1,0,1,1,3,1,1,1,1,1,0,0,0,2,1,2,0,0,0,0,0,0,0,0,2,0,0,0,0,0,0,0,1,1,0,1,1,0,0,0,0,0,0,0,0,0,1,0,0,0,2,0,1,0,0,0,0,0,0,1,0,0,0,0,1,0,0,0,0,0,0,0,0,0,0
20,0.8,140,0.39,0.9,190,FALSE,TRUE,2300,141,16,4,5,4,8,4,3,5,4,43,3,1,2,1,6,3,1,1,1,4,3,2,1,1,0,1,1,0,0,1,1,0,0,0,0,0,0,0,0,2,1,1,0,0,0,0,0,0,0,1,0,0,0,0,0,0,0,1,0,0,0,0,0,0,0,0,0,0,1,0,2,1,0,0,1,0,0,1,0,0,0,0,0,0,0,0,0,0,0,0
100,0.5,290,0.52,0.9,960,TRUE,FALSE,2300,135,18,3,1,2,8,3,3,0,7,50,2,1,0,2,5,1,2,1,0,3,1,2,0,1,0,1,1,0,0,3,1,1,1,1,0,0,0,0,1,0,0,0,0,0,0,0,0,0,0,0,1,1,0,0,0,0,0,0,2,0,0,0,0,0,0,0,0,0,1,0,2,1,0,0,1,0,0,0,0,0,0,0,0,0,1,0,0,0,0,0
80,0.9,160,1,0.8,640,FALSE,FALSE,2300,135,14,2,2,3,10,1,2,4,4,49,2,2,3,2,3,2,1,2,3,3,0,0,1,0,1,2,0,1,0,3,2,2,0,0,1,0,0,0,0,0,1,0,0,0,0,0,0,0,0,0,2,0,0,0,0,0,0,1,0,0,1,0,0,0,0,1,0,0,1,0,0,0,0,0,0,0,0,0,0,0,0,0,0,1,0,1,0,0,0,0
20,0.7,270,0.86,0.8,320,FALSE,TRUE,2300,131,5,6,3,2,12,3,0,3,1,53,2,2,1,2,3,0,2,2,1,8,1,3,0,0,2,1,0,1,1,0,0,0,1,0,0,0,0,0,0,0,0,1,0,0,0,0,0,0,0,1,0,0,2,0,0,0,0,0,1,0,0,1,0,0,1,0,0,0,1,0,1,0,0,0,0,0,0,0,1,0,0,0,0,1,0,0,0,0,0,0
10,0.5,200,0.32,0.7,190,FALSE,FALSE,2300,135,12,4,3,4,9,5,2,1,5,47,1,1,0,0,6,5,0,2,3,1,1,2,1,2,2,2,1,0,0,2,0,0,0,2,1,0,0,0,0,0,0,0,0,0,0,0,0,0,0,1,0,1,0,0,0,0,0,0,1,1,0,0,0,1,0,0,0,0,1,0,0,0,0,0,1,0,0,1,1,0,0,0,0,0,0,0,0,0,0,0
70,0.9,100,0.7,0.9,350,FALSE,FALSE,2300,138,16,2,5,7,7,4,2,1,3,44,3,0,3,0,4,4,4,1,1,0,1,1,0,1,2,1,2,0,1,1,1,0,0,1,1,2,0,0,1,0,0,1,0,0,0,0,0,0,1,1,3,0,0,0,0,0,0,0,1,0,0,0,0,0,1,0,0,0,2,0,0,0,0,0,0,0,0,0,1,0,1,0,0,0,0,0,0,0,0,0
20,0.6,230,0.93,0.5,190,TRUE,FALSE,2300,137,5,5,5,6,15,4,3,1,6,49,4,1,1,1,2,1,1,3,0,3,3,2,0,0,0,1,1,0,0,1,1,0,0,0,0,0,1,0,0,1,1,1,0,0,0,1,0,0,0,0,1,0,0,0,1,0,0,0,0,0,1,0,0,0,0,0,2,0,1,0,0,0,0,0,0,0,0,1,1,0,0,0,0,0,0,0,0,0,0,0
50,0.7,210,0.84,0.6,420,TRUE,TRUE,2300,140,16,1,2,6,9,3,4,4,2,47,3,2,3,3,6,0,1,2,3,3,2,3,0,0,0,1,0,0,0,3,1,0,0,0,0,0,0,1,0,0,1,1,0,0,0,0,0,0,0,0,2,0,0,0,0,0,0,0,0,0,0,0,0,0,1,0,0,0,2,0,1,0,0,0,0,0,0,0,2,0,0,0,0,0,0,0,0,0,0,0
50,0.9,150,0.83,0.9,960,TRUE,TRUE,2300,141,13,2,3,5,4,3,3,3,7,53,4,1,1,1,6,2,0,1,1,5,2,3,0,0,1,1,0,1,0,3,0,1,0,0,0,0,0,0,0,0,2,0,0,0,0,0,0,0,0,1,1,0,0,0,0,0,0,0,0,0,0,2,0,0,0,1,0,0,1,0,0,0,0,1,0,1,0,1,1,0,0,0,0,0,0,0,0,0,0,0
80,0.9,230,0.48,0.6,510,TRUE,FALSE,2500,130,10,3,0,5,8,5,1,2,5,46,3,1,1,1,6,4,1,2,1,5,1,0,0,3,0,0,1,0,0,1,1,0,0,0,0,2,1,0,0,0,1,0,0,0,1,0,1,0,1,0,0,0,0,1,0,0,0,0,1,1,0,0,0,0,0,1,0,0,1,0,0,0,1,0,0,0,0,0,1,0,0,0,0,0,0,0,0,0,0,0
50,0.6,150,0.93,0.8,410,TRUE,FALSE,2500,127,12,0,1,3,7,5,4,4,4,42,2,0,2,0,3,3,1,1,1,3,3,1,1,0,4,1,1,1,0,2,2,0,1,0,0,0,0,0,0,1,4,0,0,0,0,0,1,0,1,1,0,0,0,0,0,0,0,0,0,0,0,0,0,0,0,0,0,0,1,0,1,0,0,1,1,0,0,0,0,0,0,1,0,0,0,0,0,0,0,0
60,0.8,210,0.43,0.6,830,FALSE,FALSE,2500,127,9,0,7,4,14,5,0,4,7,39,6,1,3,0,6,1,0,3,0,3,1,1,0,0,3,0,1,0,0,0,1,0,0,0,0,0,0,0,0,0,0,0,0,0,0,0,0,0,0,0,2,0,0,0,0,0,0,1,0,0,0,0,0,0,0,0,0,0,0,0,0,1,1,0,2,1,0,0,1,0,0,0,0,0,0,0,0,0,0,0
80,0.5,130,0.77,0.6,810,FALSE,TRUE,2500,124,10,3,1,5,7,3,5,4,3,46,3,0,1,1,3,2,1,3,0,1,1,1,2,0,3,0,1,2,0,3,0,0,0,0,0,0,0,1,0,0,0,1,0,0,0,0,0,0,0,0,0,1,0,0,0,0,0,0,0,0,0,0,0,0,0,1,0,0,1,1,1,0,0,1,1,0,0,1,0,0,0,0,0,0,0,0,0,0,0,0
40,0.9,120,0.42,0.3,700,FALSE,TRUE,2500,126,5,3,1,3,11,9,2,0,5,46,2,2,0,0,4,2,1,1,1,5,4,0,0,1,0,3,1,1,0,1,0,0,0,0,0,0,0,0,0,0,0,0,0,0,0,0,0,0,1,3,0,0,0,1,1,0,0,0,0,2,0,0,0,0,0,0,0,0,1,0,0,0,0,0,2,1,0,0,1,0,0,0,0,0,0,0,0,0,0,0
80,0.7,220,0.86,0.9,830,TRUE,FALSE,2500,127,8,1,2,8,10,1,3,0,5,48,4,1,0,2,6,1,0,3,1,4,1,2,2,0,1,0,1,1,0,0,0,1,0,0,0,0,0,0,0,1,1,0,0,1,0,0,0,0,0,0,1,0,0,0,0,0,0,1,1,0,0,0,0,0,1,0,0,0,1,0,0,1,0,0,1,0,0,0,0,0,0,0,0,1,0,0,0,0,0,0
90,0.8,130,0.47,0.7,280,TRUE,TRUE,2500,126,8,0,3,6,10,5,2,1,4,51,1,0,2,0,4,1,2,1,0,5,1,2,0,0,1,2,0,1,0,2,0,0,1,0,0,0,0,0,0,1,0,0,0,0,0,0,0,0,0,2,0,0,0,1,0,1,0,0,1,0,0,0,0,0,0,1,1,1,0,0,0,0,0,0,0,0,0,0,0,2,0,0,0,0,0,0,0,0,0,0
20,0.6,300,0.71,0.8,570,TRUE,FALSE,2500,128,13,2,2,3,5,8,2,0,5,38,5,0,0,1,6,4,0,1,2,8,3,1,1,1,1,0,1,1,1,1,0,0,0,0,0,0,0,0,0,0,4,0,0,0,0,0,0,0,1,0,1,0,1,0,0,0,0,0,1,0,1,0,0,0,0,0,0,0,1,0,0,2,0,0,1,0,0,0,0,0,0,0,0,0,0,0,0,0,0,0
60,0.8,220,0.86,0.8,950,FALSE,FALSE,2500,127,4,1,2,8,11,2,8,3,9,44,2,1,1,0,3,2,1,1,0,4,3,1,0,1,1,1,0,0,1,1,0,0,1,0,0,0,0,0,0,1,0,0,0,0,0,0,0,0,0,1,0,1,0,0,0,1,0,0,0,1,0,0,1,0,0,1,1,0,0,0,0,0,0,1,0,1,0,0,1,0,0,0,0,0,0,0,0,0,0,0
30,0.5,120,0.8,0.4,650,TRUE,FALSE,2500,132,4,1,2,6,11,3,4,5,5,45,8,1,0,3,3,2,0,5,0,4,1,1,3,0,0,0,1,1,1,1,0,0,0,0,1,0,0,0,0,1,0,0,0,0,0,0,0,0,0,1,0,1,0,0,0,0,0,0,1,2,0,0,0,0,1,1,0,0,0,0,0,0,0,0,0,1,0,0,1,1,0,0,0,0,0,0,0,0,0,0
20,0.5,270,0.32,0.3,920,FALSE,FALSE,2500,130,6,3,4,4,11,4,6,2,0,50,3,0,0,1,4,2,3,3,4,1,4,0,0,1,0,1,0,1,0,1,1,0,0,0,0,0,0,0,0,1,0,0,1,0,0,0,0,0,0,0,1,0,0,0,0,0,0,0,1,0,0,1,1,0,0,0,0,0,1,0,0,0,0,1,2,1,0,0,0,0,0,0,0,0,0,0,0,0,0,0
80,0.7,220,0.92,0.5,820,TRUE,FALSE,2500,128,9,3,5,3,12,1,2,5,5,41,1,0,2,1,5,3,1,1,3,1,2,0,0,0,1,1,0,2,0,1,1,1,0,0,1,1,0,0,0,0,1,0,0,1,1,1,1,0,0,1,1,0,0,0,1,1,0,0,0,0,1,0,0,0,0,0,0,0,2,0,0,0,0,0,0,0,1,0,0,1,0,0,0,0,0,0,0,0,0,0
90,0.6,250,0.44,0.3,530,FALSE,FALSE,2500,130,12,2,1,3,9,5,0,1,3,54,2,0,1,1,3,5,0,1,3,1,2,1,1,1,1,3,2,0,0,3,0,0,0,0,0,0,0,0,0,1,0,0,0,0,0,0,0,0,0,0,1,0,0,0,1,0,0,0,1,0,0,0,0,0,1,0,0,0,1,0,0,1,1,0,0,0,0,2,0,0,0,0,0,0,0,0,0,0,0,0
30,0.9,200,0.45,0.7,930,TRUE,FALSE,2500,128,3,1,2,4,13,5,3,0,7,49,3,2,1,0,5,5,2,1,2,2,2,2,0,1,1,0,0,0,1,1,0,0,0,0,0,0,1,0,0,0,0,0,0,0,0,0,1,0,0,1,1,0,1,0,0,0,0,0,0,0,0,0,1,1,0,1,0,0,1,0,0,0,0,0,0,0,0,1,1,0,0,0,0,0,0,0,0,0,0,0
60,0.7,230,0.36,0.3,520,TRUE,TRUE,2500,129,4,5,0,4,12,8,2,1,2,49,3,1,1,1,7,1,1,3,1,5,3,1,0,1,1,0,1,1,0,2,0,0,0,0,0,0,0,0,0,0,0,0,0,0,0,0,0,0,0,1,1,0,0,0,0,0,0,0,2,0,0,0,0,0,1,0,0,0,0,0,1,0,1,0,0,1,0,0,1,0,0,0,0,0,0,0,0,0,0,0
40,0.6,120,0.68,0.6,460,FALSE,TRUE,2500,127,11,0,4,6,8,4,3,4,6,42,3,2,1,2,4,4,2,1,0,1,3,1,1,1,0,1,0,1,1,1,0,0,0,0,0,0,1,0,0,0,0,1,0,0,0,0,0,0,0,0,0,0,0,0,0,1,0,0,0,0,1,0,0,1,0,0,0,1,1,0,0,0,0,1,1,0,0,0,1,0,0,0,0,0,0,0,0,0,0,0
90,0.9,110,0.9,0.4,700,TRUE,TRUE,2500,128,10,2,2,3,14,3,1,0,4,47,0,1,2,4,6,4,0,2,1,2,1,1,2,0,0,0,2,1,0,1,0,0,1,0,0,1,0,0,0,0,1,0,0,0,0,0,1,0,0,0,0,0,1,0,1,1,0,0,1,1,0,0,1,0,0,0,0,0,1,0,0,0,0,0,0,0,1,0,0,1,0,0,0,0,0,0,0,0,0,0
10,0.8,140,0.86,0.3,200,TRUE,FALSE,2500,125,9,4,2,6,13,4,2,0,3,41,2,0,1,1,5,3,2,2,1,4,3,1,0,4,1,1,0,0,0,0,1,0,0,0,0,0,0,0,1,0,0,0,0,0,1,0,0,0,0,0,0,0,0,0,0,0,0,0,0,0,1,0,0,1,0,2,0,1,0,0,0,0,1,0,0,0,1,0,0,0,0,0,0,0,1,0,0,0,0,0
40,0.8,150,0.45,0.3,150,FALSE,TRUE,2500,125,6,2,3,5,13,2,1,0,5,41,3,2,2,1,6,3,1,2,2,3,2,0,1,1,2,1,1,1,1,2,2,0,0,0,0,0,0,0,0,0,0,0,1,0,0,0,0,0,0,0,0,0,0,0,0,1,0,0,2,0,1,0,1,1,0,0,0,0,0,0,0,0,0,0,0,0,0,1,0,0,0,0,0,0,0,1,0,0,0,0
10,0.6,250,0.57,0.8,780,FALSE,TRUE,2500,127,5,1,5,4,9,6,1,7,6,45,2,1,0,1,3,3,3,0,0,6,1,0,1,1,1,0,0,0,0,1,2,1,0,0,0,1,1,0,0,0,0,0,0,0,2,1,0,0,0,0,0,0,1,0,1,0,0,0,0,0,0,0,1,0,0,0,1,0,1,0,0,0,0,0,0,0,0,0,2,0,0,0,0,0,0,0,0,0,0,0
60,0.9,220,0.49,0.9,880,FALSE,TRUE,2500,130,13,2,3,1,11,3,3,3,4,45,3,0,0,1,3,3,2,1,0,3,2,2,2,0,3,2,0,1,0,1,0,0,0,0,0,0,0,1,0,1,2,0,0,1,0,0,0,0,0,0,0,0,1,0,0,0,0,0,2,0,0,0,0,0,1,0,1,0,1,1,0,1,0,0,0,0,0,1,0,0,0,0,0,0,0,0,0,0,0,0
10,0.8,230,0.68,0.5,800,FALSE,FALSE,2500,126,11,2,2,4,10,2,1,8,3,38,4,2,0,1,3,3,2,3,1,2,3,0,2,2,2,0,1,2,0,2,0,1,0,0,0,0,0,0,0,0,0,0,0,0,0,0,1,1,0,0,0,0,0,0,0,0,0,0,0,0,0,2,0,0,0,0,0,0,2,0,1,0,0,0,1,0,0,1,1,0,0,0,0,0,0,0,0,0,0,0
80,0.7,250,0.81,0.6,1000,TRUE,FALSE,2500,128,6,1,2,8,10,3,3,6,7,44,2,1,4,0,5,5,1,0,0,2,1,2,0,1,0,1,0,0,1,3,0,0,0,0,0,0,0,0,0,0,1,0,1,0,0,0,0,0,0,0,0,0,0,0,0,0,0,0,0,0,0,0,0,1,1,0,0,0,2,0,0,0,0,1,0,1,1,0,0,1,0,0,0,0,0,0,0,0,0,0
20,0.7,170,0.31,0.3,130,FALSE,FALSE,2500,126,6,2,2,7,7,8,2,1,6,44,1,2,1,0,7,4,1,1,2,4,1,0,0,1,1,1,1,0,0,0,1,0,0,0,0,0,1,0,0,1,0,0,0,0,0,2,1,0,0,0,0,2,0,0,1,2,0,0,0,0,0,0,0,0,0,0,1,0,0,0,0,0,0,0,0,0,0,0,2,0,0,0,0,0,0,0,0,0,0,0
70,0.7,250,0.64,0.3,710,FALSE,FALSE,2500,128,6,3,3,5,11,4,2,2,5,44,5,0,0,1,6,5,2,2,1,1,2,1,0,2,0,0,1,0,0,3,1,1,0,0,0,0,0,0,0,0,1,0,0,0,0,0,0,0,0,0,0,0,0,0,1,1,0,0,0,0,2,0,0,0,0,0,0,0,1,0,0,0,0,0,2,1,0,0,1,0,0,0,0,0,0,0,0,0,0,0
50,0.8,260,0.59,0.5,910,FALSE,FALSE,2500,127,5,0,4,5,9,4,1,5,8,47,2,2,1,3,7,1,1,2,0,1,0,0,2,0,2,1,0,1,0,3,0,0,0,0,1,0,0,0,1,0,1,0,0,0,0,0,0,0,0,1,0,0,1,0,0,0,0,1,0,0,0,0,0,0,1,0,0,0,0,0,0,0,0,2,0,0,0,0,2,0,0,0,0,0,0,0,0,0,0,0
30,0.8,120,1,0.7,230,FALSE,FALSE,2500,128,6,2,5,4,9,4,4,2,5,47,3,0,1,0,7,5,2,1,1,1,3,1,0,2,0,0,0,0,0,1,1,0,0,0,1,0,0,0,0,1,0,0,0,0,0,1,0,0,0,0,0,2,0,0,0,1,1,0,0,0,0,0,0,0,0,0,0,0,1,0,0,1,0,1,1,0,0,1,0,0,0,0,0,0,0,0,0,0,0,0
20,0.5,270,0.95,0.3,910,TRUE,FALSE,2500,126,10,3,4,6,5,4,3,8,5,40,0,0,0,2,4,3,1,2,2,3,3,2,1,1,1,0,2,0,1,1,0,0,0,0,0,0,0,0,0,0,0,0,0,0,0,0,0,0,0,0,1,1,0,0,1,0,0,0,1,0,0,0,0,0,0,1,0,1,0,0,1,0,0,0,0,1,0,0,1,0,0,1,0,0,0,0,0,0,0,0
50,0.6,160,1,0.9,950,TRUE,FALSE,2500,129,4,1,5,6,11,5,0,2,7,48,2,1,0,2,6,1,2,3,1,3,3,1,2,0,0,1,0,0,0,3,0,0,0,0,0,0,0,0,0,0,0,0,0,0,0,1,0,0,0,0,0,1,1,0,0,0,0,1,1,0,0,0,0,0,2,0,0,0,1,0,0,0,0,0,0,0,0,0,2,0,0,0,0,0,0,0,0,0,0,0
80,0.7,270,0.93,0.6,460,FALSE,FALSE,2500,131,11,2,2,2,6,3,5,4,5,49,4,2,1,2,5,2,1,2,1,1,0,0,1,0,1,0,1,1,1,4,0,0,0,0,0,0,0,0,0,0,1,0,0,1,2,0,0,0,1,0,0,0,0,0,0,0,0,0,1,2,0,0,1,0,0,0,1,0,0,0,1,0,0,0,1,0,0,0,0,1,0,0,0,0,0,0,0,0,0,0
70,0.6,240,0.83,0.8,790,TRUE,TRUE,2500,127,6,2,3,3,7,3,4,5,7,49,3,1,0,2,4,0,0,1,2,3,1,2,1,1,0,2,0,0,0,3,0,0,1,0,1,0,0,0,1,0,0,0,0,0,0,0,0,0,0,0,0,0,0,1,0,0,0,1,1,1,0,0,0,0,1,0,1,0,2,1,0,0,0,0,0,0,0,1,0,0,0,0,0,0,0,0,0,0,0,0
10,0.7,110,0.46,0.9,430,TRUE,TRUE,2500,127,4,1,2,3,12,3,2,10,2,47,2,2,1,0,2,3,1,1,1,3,2,0,2,0,4,1,0,0,0,4,1,0,0,0,0,1,0,0,0,1,1,0,0,0,0,1,1,0,0,0,0,1,0,0,0,0,0,0,1,0,0,0,0,1,0,0,0,0,1,0,1,0,0,0,1,0,0,0,1,0,0,0,0,0,0,0,0,0,0,0
10,0.5,190,0.84,0.3,840,TRUE,FALSE,2500,126,5,4,3,3,8,4,3,7,2,46,3,0,0,2,5,4,2,2,1,1,2,1,1,1,1,0,0,0,0,3,0,0,0,1,0,0,0,0,0,2,0,1,0,0,0,0,0,0,0,1,0,0,0,1,0,0,0,0,1,0,0,0,0,0,1,0,0,1,1,0,1,0,0,0,0,0,0,0,1,1,0,0,0,0,0,0,0,0,0,0
70,0.6,210,0.86,0.6,780,FALSE,TRUE,2500,127,4,2,1,4,10,5,3,8,4,48,4,1,2,5,4,1,0,2,1,1,3,0,1,0,0,0,1,0,0,1,1,0,0,0,0,0,0,0,1,0,0,1,0,0,0,1,0,0,0,0,0,0,0,0,1,0,0,0,0,0,1,0,1,0,0,0,0,1,1,1,0,0,0,1,1,0,0,0,0,0,0,0,0,0,0,0,0,0,0,0
20,0.7,190,0.38,0.6,300,FALSE,TRUE,2500,125,9,3,2,3,10,5,1,1,5,44,3,0,1,2,6,4,1,1,2,1,2,1,0,2,0,3,0,0,0,1,0,0,0,0,1,0,1,1,0,0,1,0,0,0,0,0,0,0,0,0,2,0,0,0,0,0,0,0,1,0,1,0,1,0,1,0,0,0,1,0,0,0,0,0,0,0,0,0,2,0,0,0,0,0,0,0,0,0,0,0
20,0.5,190,0.71,0.8,320,TRUE,TRUE,2500,128,10,3,2,8,8,2,0,0,2,50,2,0,2,1,6,2,2,2,2,3,1,1,1,0,0,2,0,0,1,1,1,1,0,0,0,0,2,0,0,0,0,0,0,0,0,0,0,0,1,0,1,1,0,0,0,0,0,0,2,0,2,1,0,0,0,0,0,0,1,0,0,0,0,0,1,0,0,0,0,0,0,0,1,0,0,0,0,0,0,0
30,0.6,200,0.67,0.4,130,TRUE,TRUE,2500,129,5,3,3,6,7,1,5,7,4,52,6,0,0,0,2,1,1,0,1,1,1,1,1,1,1,2,0,1,0,3,0,0,0,0,0,0,0,1,0,1,0,0,0,3,0,0,1,0,0,1,0,0,0,0,1,0,0,0,0,0,0,0,0,0,1,0,0,1,1,0,0,0,0,0,0,0,0,0,1,2,0,0,0,0,0,0,0,0,0,0
20,0.9,280,0.52,0.5,710,TRUE,TRUE,2500,132,15,0,3,2,5,5,3,1,5,51,1,1,0,2,4,4,0,1,3,3,2,3,0,1,1,0,0,0,1,3,1,0,1,0,0,1,0,0,0,0,0,1,0,0,0,0,0,0,0,0,2,1,0,0,0,0,0,0,1,0,0,0,1,0,0,0,0,0,1,0,0,0,0,0,1,0,1,0,0,0,0,0,1,0,0,0,0,0,0,0
30,0.9,200,0.46,0.5,750,TRUE,TRUE,2500,131,13,0,2,4,9,6,0,0,4,46,3,4,0,1,3,5,2,1,1,4,3,0,0,2,2,1,0,1,0,4,1,0,0,1,0,0,0,0,0,0,0,0,0,0,0,0,0,0,0,0,1,0,0,1,0,0,1,0,0,0,1,0,0,1,1,0,0,0,1,0,0,0,0,0,0,0,0,1,0,0,0,0,0,1,0,0,0,0,0,0
90,0.5,240,0.41,0.7,820,TRUE,FALSE,2500,126,8,2,7,1,9,6,3,3,3,41,2,1,0,1,5,2,3,0,2,5,4,1,1,1,0,3,1,0,0,1,0,0,0,0,0,0,0,0,0,0,1,0,0,0,1,1,0,0,0,0,0,0,1,0,0,0,1,0,0,0,1,0,0,1,0,1,0,0,1,0,0,0,0,1,0,0,0,0,1,0,0,0,0,0,0,0,0,0,0,0
90,0.5,220,0.75,0.7,670,FALSE,TRUE,2500,128,10,4,3,3,7,5,4,5,2,48,3,2,0,0,5,1,1,1,0,1,2,0,0,3,0,2,1,0,2,2,0,1,1,0,0,0,1,0,0,0,0,0,0,0,0,0,0,0,0,0,0,0,0,0,0,1,0,1,0,0,0,1,0,0,0,1,0,0,1,0,0,1,0,1,0,0,0,0,2,0,0,0,0,0,0,0,0,0,0,0
60,0.8,290,0.57,0.9,390,FALSE,TRUE,2500,129,9,3,1,4,15,5,0,2,3,42,2,2,2,1,6,2,2,2,1,4,3,0,0,1,0,2,0,1,1,3,1,0,0,0,0,0,0,0,0,0,1,0,0,0,0,0,0,0,0,0,1,0,1,0,0,0,0,0,0,0,0,0,1,0,1,0,0,0,2,0,0,0,1,0,0,0,1,0,1,0,0,0,0,0,0,0,0,0,0,0
70,0.5,220,0.39,0.6,770,FALSE,TRUE,2500,128,9,2,3,7,15,3,4,3,3,42,2,1,0,0,6,3,2,1,1,1,4,0,0,1,1,0,0,2,0,0,0,0,1,0,0,0,0,0,0,0,2,0,1,0,0,0,0,0,0,0,1,0,0,0,0,0,0,0,0,0,1,0,1,0,1,0,0,1,1,0,0,0,0,1,0,1,0,0,1,0,0,0,0,0,0,0,0,0,0,0
30,0.5,280,0.44,0.9,940,TRUE,FALSE,2500,126,6,3,4,2,13,2,0,2,5,45,3,1,1,1,6,3,1,3,1,4,0,2,0,0,1,0,1,1,1,3,1,0,0,0,0,0,0,0,0,0,2,0,0,0,0,0,0,0,0,1,1,0,0,0,0,0,0,1,0,0,1,0,0,1,0,0,0,0,1,0,1,0,0,1,0,0,0,0,0,0,0,0,0,1,0,0,0,0,0,0
90,0.6,100,0.35,0.5,860,TRUE,TRUE,2500,128,5,3,3,6,9,8,3,2,3,48,3,0,0,1,5,3,2,2,2,1,2,2,0,1,1,2,0,0,0,1,1,0,0,0,0,0,0,0,0,0,0,0,0,1,0,0,0,0,0,1,0,0,0,0,0,0,0,0,1,0,0,0,0,1,0,1,1,0,1,0,0,0,1,0,0,1,0,0,0,1,0,0,0,0,0,0,0,0,0,0
20,0.7,100,0.31,0.8,610,FALSE,FALSE,2500,126,10,2,0,9,9,2,1,0,2,47,1,1,2,1,6,1,3,3,3,2,2,1,1,0,1,0,0,2,0,3,1,1,0,0,0,0,0,0,0,0,2,0,0,0,0,0,0,0,0,0,0,0,0,0,0,0,0,0,0,0,1,0,0,1,0,0,0,0,2,0,1,1,0,0,0,0,1,0,0,0,0,0,1,0,0,0,0,0,0,0
20,0.8,180,0.98,0.3,1000,FALSE,FALSE,2500,130,11,0,3,5,10,5,2,2,3,47,3,1,1,1,4,1,1,3,2,3,3,0,0,1,2,1,0,0,1,3,1,1,0,0,0,0,0,0,0,0,0,0,0,0,0,0,0,0,0,0,1,2,0,0,0,0,0,0,0,0,0,0,0,0,0,0,0,0,2,0,1,1,1,1,1,0,0,0,0,0,0,0,0,0,0,0,0,0,0,0
70,0.7,140,0.95,0.9,920,TRUE,FALSE,2500,130,10,0,6,7,12,3,2,5,3,37,3,3,1,2,3,1,2,1,5,2,2,1,1,0,3,0,0,2,0,1,0,0,1,0,1,0,0,0,0,1,1,0,0,0,0,0,0,0,0,0,1,0,0,0,0,1,0,0,0,0,1,0,0,0,0,0,0,0,1,0,1,1,0,0,2,0,0,1,0,0,0,0,0,0,0,0,0,0,0,0
90,0.9,270,0.44,0.5,810,TRUE,FALSE,2500,129,13,2,2,3,4,4,4,1,3,45,4,1,2,0,7,6,0,0,1,3,1,0,2,1,1,1,1,2,0,1,0,0,0,0,0,0,0,0,0,2,2,0,0,0,0,1,0,0,0,0,3,0,0,0,0,0,0,0,0,0,1,1,0,0,1,0,0,0,2,0,0,0,1,0,0,1,0,0,0,0,0,0,0,0,0,0,0,0,0,0
80,0.9,300,0.53,0.5,170,FALSE,FALSE,2500,130,10,2,2,4,13,5,2,1,6,40,3,2,0,0,3,8,0,0,1,3,2,1,0,1,3,1,1,2,1,2,1,0,0,0,0,0,0,0,1,1,0,0,0,0,0,0,0,0,0,0,1,0,0,1,0,1,0,0,0,0,1,0,0,1,0,0,0,0,1,0,0,0,0,0,1,0,0,0,2,0,0,0,0,0,0,0,0,0,0,0
60,0.5,280,0.65,0.8,380,TRUE,FALSE,2500,131,7,2,2,5,16,2,2,0,4,47,1,1,2,3,7,2,1,3,1,3,3,1,1,0,1,0,1,1,0,1,0,1,0,0,0,0,0,0,0,0,0,1,0,0,0,0,0,0,0,2,0,0,0,1,0,0,0,0,1,0,0,0,0,0,1,1,0,0,2,0,0,0,0,0,1,0,0,0,1,0,0,0,0,0,0,0,0,0,0,0
90,0.8,220,0.59,0.8,930,FALSE,FALSE,2500,131,10,2,4,6,11,3,3,6,4,40,4,1,1,3,2,0,2,2,1,4,2,0,1,2,2,1,1,1,0,1,2,0,0,0,0,0,0,0,0,0,1,1,0,0,0,0,0,0,0,0,0,0,0,1,0,0,0,0,0,1,1,0,0,0,1,0,0,1,0,0,0,0,0,1,0,1,0,0,1,0,0,0,0,0,0,0,0,0,0,0
100,0.5,270,0.62,0.5,390,TRUE,TRUE,2500,128,9,3,1,4,6,1,4,3,2,50,3,0,1,1,6,5,1,5,1,1,2,0,1,2,2,0,0,1,1,2,1,0,0,1,0,0,0,0,0,0,0,0,0,1,0,0,0,0,0,0,0,0,0,0,1,0,1,0,0,0,0,1,0,0,0,0,0,1,1,0,0,0,0,0,1,0,1,0,1,0,0,0,0,0,0,0,0,0,0,0
90,0.6,270,0.74,0.9,930,TRUE,TRUE,2500,130,11,2,4,3,11,5,2,0,5,48,5,0,1,1,5,2,0,3,1,2,2,1,0,0,0,0,1,0,2,1,1,1,0,0,1,0,0,0,0,0,0,1,0,1,0,0,0,0,0,0,0,0,0,1,0,0,0,0,1,0,0,0,0,2,0,0,0,1,0,0,1,0,0,0,0,0,1,0,1,0,0,0,0,0,0,0,0,0,0,0
70,0.7,190,0.59,0.7,410,TRUE,TRUE,2500,128,4,4,2,9,12,3,5,6,3,44,2,2,0,0,3,1,1,1,4,6,1,0,0,2,0,0,0,1,1,1,0,1,0,1,0,0,0,0,0,0,0,0,0,0,0,0,0,0,0,0,1,1,0,0,0,0,0,2,0,0,0,0,0,0,1,0,0,0,1,0,0,0,1,1,0,0,0,0,1,0,0,0,0,0,0,0,0,0,0,0
80,0.5,220,0.34,0.4,550,TRUE,FALSE,2500,131,7,2,2,5,13,1,4,3,8,40,1,1,3,2,7,0,1,3,1,4,4,1,0,1,1,2,0,1,0,1,0,2,0,0,0,1,0,0,0,1,0,0,0,0,0,0,0,0,0,2,0,0,0,0,1,0,0,0,0,0,0,0,0,0,0,0,0,1,0,0,0,1,0,0,2,1,0,0,0,1,0,0,0,0,0,0,0,0,0,0
80,0.9,250,0.88,0.7,850,FALSE,TRUE,2500,127,10,3,1,4,8,3,3,4,3,46,2,1,2,1,5,4,2,0,0,4,3,0,0,1,1,1,1,1,1,1,1,0,0,1,0,0,0,0,0,1,0,0,0,0,0,0,0,0,0,0,0,0,0,0,1,0,0,1,0,0,1,1,0,1,0,1,0,0,0,0,0,0,0,0,0,1,0,0,1,0,0,0,1,0,0,0,0,0,0,0
80,0.9,220,0.54,0.9,260,FALSE,FALSE,2500,125,8,0,3,5,8,5,1,2,3,45,2,0,2,2,6,2,2,1,2,4,1,1,1,0,0,0,2,1,1,0,0,0,0,0,0,2,0,0,0,2,0,0,0,0,2,1,1,1,0,0,1,0,0,0,0,0,0,0,1,0,0,0,1,0,0,0,0,0,1,0,1,0,0,1,0,0,0,0,0,1,0,0,0,0,0,0,0,0,0,0
50,0.5,300,0.87,0.3,660,FALSE,FALSE,2500,131,11,2,2,3,11,3,0,2,4,46,1,2,0,1,6,6,2,0,1,6,1,2,1,0,2,0,0,2,0,2,1,0,1,0,0,0,0,0,0,1,0,0,0,1,0,0,0,0,0,1,0,0,0,1,1,0,0,0,1,0,0,0,0,2,0,0,0,0,0,0,0,0,0,0,0,0,1,1,0,1,0,0,0,0,0,0,0,0,0,0
90,0.6,210,0.71,0.3,180,TRUE,FALSE,2500,128,12,0,3,4,6,4,2,3,6,48,3,1,1,0,6,0,1,3,1,3,2,2,0,0,3,0,0,0,1,1,1,0,0,0,0,0,0,0,0,0,2,0,0,0,0,0,0,0,0,0,3,0,0,0,0,0,0,0,0,0,2,0,0,0,0,0,0,0,2,0,0,0,0,1,1,1,0,0,0,0,0,0,0,0,0,0,0,0,0,0
70,0.8,200,0.49,0.5,310,FALSE,TRUE,2500,132,9,3,2,2,11,7,0,1,3,47,6,1,3,0,5,6,3,2,1,2,4,0,0,1,1,2,0,0,0,1,0,0,0,0,0,0,0,0,0,1,1,0,0,0,0,0,0,0,0,0,0,0,0,1,0,0,0,0,0,0,0,0,0,0,0,2,0,0,1,0,1,0,0,1,0,1,1,0,0,0,0,0,0,0,0,0,0,0,0,0
100,0.6,300,0.58,0.9,630,FALSE,FALSE,2500,128,10,0,2,4,7,2,1,4,5,49,5,1,1,0,5,3,0,1,2,1,2,1,1,0,2,1,2,0,1,4,0,2,0,0,0,1,0,0,1,0,0,0,0,0,0,0,0,0,0,0,0,0,0,0,0,0,0,0,0,0,0,0,0,0,0,0,0,1,1,0,1,1,0,1,1,0,0,1,0,1,0,0,0,0,0,0,0,0,0,0
70,0.5,150,0.61,0.4,950,TRUE,FALSE,2500,129,8,0,3,8,8,4,4,7,5,44,3,2,0,0,6,0,2,1,0,4,3,0,1,2,1,1,0,0,2,1,0,0,0,0,0,0,0,0,0,1,0,0,0,0,0,0,0,0,0,0,1,1,0,0,0,0,0,0,0,1,0,1,0,0,1,0,0,1,0,0,0,0,0,2,0,0,0,0,1,0,0,0,0,0,0,0,0,0,0,0
40,0.9,210,0.56,0.4,280,TRUE,FALSE,2500,124,8,0,3,6,8,5,1,2,6,44,1,0,2,0,5,0,1,1,1,4,2,1,3,0,0,2,1,1,0,3,0,0,0,0,2,0,0,0,0,0,0,0,0,0,1,1,1,0,0,2,0,0,0,0,1,0,0,0,1,1,0,0,0,0,1,0,1,0,0,0,0,0,0,0,0,0,0,0,1,1,0,0,0,0,0,0,0,0,0,0
100,0.8,280,0.56,0.7,170,FALSE,FALSE,2500,129,6,4,3,3,11,5,3,2,4,46,3,1,0,1,7,6,2,0,1,2,3,2,0,0,0,1,1,2,0,1,0,0,0,0,0,0,0,0,0,0,0,0,0,0,0,1,1,0,0,0,0,1,0,1,0,0,0,0,1,0,0,0,0,0,0,0,0,0,1,0,1,0,1,0,0,1,0,0,1,0,0,0,0,0,0,0,0,0,0,0
80,0.5,280,0.96,0.5,1000,FALSE,TRUE,2500,128,14,1,2,1,8,3,2,0,3,51,2,1,0,2,4,4,0,1,3,3,0,1,2,1,2,0,0,1,0,2,1,0,1,0,0,1,0,0,1,0,0,1,0,0,1,0,0,0,0,0,0,0,0,0,1,1,0,0,0,0,0,1,0,0,0,0,0,1,1,0,1,0,1,0,0,1,0,0,1,0,0,0,0,0,0,0,0,0,0,0
20,0.8,210,0.33,0.9,110,TRUE,FALSE,2500,124,9,1,5,4,10,3,1,1,5,44,2,1,0,3,5,1,3,2,2,1,2,2,0,1,0,1,0,1,0,2,0,0,0,0,0,0,0,0,1,1,2,1,0,0,0,0,0,0,1,0,1,0,0,0,0,0,0,0,0,0,1,0,0,0,0,0,0,0,1,0,1,0,0,0,1,0,0,0,0,0,0,0,1,0,1,0,0,0,0,0
40,0.9,220,0.77,0.8,790,FALSE,FALSE,2500,128,6,1,5,7,11,2,1,2,3,50,3,2,0,1,6,2,2,5,0,3,0,1,0,0,1,0,0,0,0,2,3,0,0,0,0,0,0,0,0,1,0,0,0,0,0,0,0,0,0,0,0,1,0,1,0,0,1,0,0,0,0,0,0,0,1,0,0,0,2,0,1,0,0,1,0,0,0,0,1,0,0,0,0,0,0,0,0,0,0,0
50,0.7,110,0.54,0.7,140,FALSE,FALSE,2500,127,6,0,1,9,15,3,0,4,6,46,0,2,0,1,4,2,1,3,2,2,2,0,1,1,1,0,1,0,1,3,1,1,0,0,0,0,0,0,0,0,0,0,0,1,0,0,0,0,0,0,0,1,0,0,0,0,0,0,2,0,0,0,0,0,1,0,0,0,1,0,0,1,0,1,0,0,0,0,1,0,0,0,0,0,0,0,0,0,0,0
30,0.8,240,0.96,0.5,530,TRUE,TRUE,2500,129,7,1,3,4,8,4,0,4,6,46,4,4,1,2,7,2,1,3,1,3,2,1,1,0,0,0,0,0,0,1,0,0,0,0,2,1,0,1,0,0,0,0,0,0,1,0,0,0,0,0,0,0,0,1,0,1,0,2,0,1,0,0,0,0,0,0,1,0,1,0,0,0,0,0,0,0,0,0,0,2,0,0,0,0,0,0,0,0,0,0
20,0.7,130,0.34,0.4,870,TRUE,FALSE,2500,130,11,1,5,5,7,6,2,5,3,43,3,0,1,0,6,1,3,0,0,1,2,0,0,2,2,4,1,0,0,0,0,1,0,0,0,1,1,0,0,2,1,0,0,0,0,0,0,0,0,1,0,1,0,0,0,1,0,0,0,0,0,0,0,1,0,0,0,1,1,0,1,0,1,0,0,0,0,0,2,0,0,0,0,0,0,0,0,0,0,0
10,0.6,100,0.52,0.6,200,TRUE,TRUE,2500,127,8,4,1,5,9,5,2,0,7,44,2,1,2,0,3,8,2,0,0,2,4,0,0,2,2,0,1,0,0,2,1,0,0,0,0,1,0,0,0,0,0,0,0,0,0,0,0,0,0,0,1,0,1,0,0,0,0,0,0,0,1,0,1,0,0,3,0,0,1,0,0,0,0,0,0,1,0,0,1,0,0,0,0,0,0,0,0,0,0,0
70,0.7,130,0.44,0.6,750,TRUE,TRUE,2500,127,4,3,3,8,13,1,1,2,6,43,5,0,1,1,5,4,0,3,2,1,1,1,3,0,0,0,2,1,1,1,3,1,0,0,0,0,0,0,0,0,0,0,0,0,0,0,0,0,0,0,0,0,0,0,0,1,0,0,1,0,1,0,1,0,0,0,0,0,1,0,0,0,0,0,1,1,0,0,1,0,0,0,0,0,0,0,0,0,0,0
60,0.7,230,0.35,0.4,420,FALSE,TRUE,2500,130,6,1,2,4,9,6,2,2,4,47,6,3,2,1,3,4,0,2,2,1,1,0,1,0,2,0,1,1,0,3,0,0,1,1,0,0,1,1,0,0,0,0,0,0,1,0,0,0,0,1,0,0,0,0,0,0,1,0,1,1,0,0,0,0,1,0,0,1,1,0,0,0,0,0,1,0,0,0,0,2,0,0,0,0,0,0,0,0,0,0
50,0.7,150,0.69,0.6,700,TRUE,TRUE,2500,128,8,0,5,9,12,1,3,2,4,40,2,1,2,1,9,2,1,1,4,1,3,2,0,0,0,1,0,0,0,1,0,0,0,0,1,0,1,0,0,1,1,1,0,0,0,0,0,0,0,0,0,0,0,0,0,0,0,0,0,0,1,0,1,0,0,1,0,0,2,1,0,1,0,0,2,0,0,0,0,0,0,0,0,0,0,0,0,0,0,0
10,0.7,280,0.49,0.9,450,FALSE,FALSE,2500,125,6,0,4,7,10,6,3,3,5,43,3,2,0,3,5,1,2,2,4,2,0,0,1,1,0,0,0,0,0,1,0,0,0,1,0,1,0,0,0,1,0,0,0,0,0,0,0,0,0,1,1,0,0,0,0,1,0,0,0,0,0,0,0,0,1,1,0,1,0,0,0,0,1,1,0,0,0,0,0,1,0,0,0,0,0,0,0,0,0,0
90,0.6,120,0.43,0.8,480,TRUE,TRUE,2500,126,6,0,5,5,12,4,2,6,6,40,4,1,1,2,3,0,1,2,3,2,4,3,2,0,1,1,1,0,0,1,0,0,0,0,0,0,0,0,1,0,0,0,0,0,0,0,0,0,0,0,0,0,0,0,0,0,0,0,0,0,0,1,0,0,1,0,0,1,1,0,2,0,0,0,0,1,0,0,1,0,0,0,0,0,0,0,0,0,0,0
30,0.6,300,0.44,0.3,140,FALSE,TRUE,2500,130,12,1,4,4,5,1,3,2,2,54,2,0,0,2,6,1,3,1,2,2,0,1,1,1,1,1,1,0,1,3,1,0,0,0,1,0,1,0,0,1,0,0,0,0,0,0,0,0,0,0,2,0,0,1,0,0,0,0,1,0,1,0,0,0,1,0,0,0,1,0,0,0,1,1,0,0,0,0,1,0,0,0,0,0,0,0,0,0,0,0
80,0.5,100,0.79,0.5,710,FALSE,FALSE,2500,129,8,0,3,11,12,3,2,1,5,44,3,0,2,0,4,0,1,2,1,2,3,1,2,1,1,1,0,1,1,2,1,1,0,0,0,0,1,0,0,0,0,0,0,0,0,1,0,0,1,0,1,0,0,0,0,0,0,0,0,0,0,1,0,0,0,0,0,0,2,0,1,0,0,0,1,1,0,0,1,0,0,0,0,0,0,0,0,0,0,0
40,0.6,100,0.75,0.3,750,TRUE,TRUE,2500,127,10,1,4,8,8,4,1,3,5,44,4,0,3,0,8,1,2,2,1,1,1,2,0,0,0,0,0,1,1,1,1,0,0,0,0,1,0,0,0,0,0,0,0,0,0,0,0,0,0,0,0,0,1,0,1,0,0,0,0,0,1,2,0,0,1,1,0,0,1,0,0,0,0,0,0,0,1,1,0,0,0,0,0,0,0,0,0,0,0,0
90,0.6,180,0.65,0.5,110,FALSE,TRUE,2500,131,10,3,2,5,13,2,2,2,5,42,1,1,1,1,8,2,2,1,2,3,6,0,1,0,2,0,0,1,1,2,0,0,0,0,1,0,0,0,0,0,0,0,0,0,0,0,0,0,0,2,0,0,0,1,0,0,0,0,0,0,0,0,0,0,0,2,0,0,1,0,1,0,1,0,1,0,0,0,1,0,0,0,0,0,0,0,0,0,0,0
60,0.9,260,0.5,0.5,440,TRUE,TRUE,2500,127,10,1,4,2,11,5,4,0,2,50,1,1,1,2,4,5,0,1,2,4,2,1,0,0,0,1,0,0,0,2,1,0,0,0,0,0,0,0,0,0,0,1,0,0,1,0,1,0,0,0,1,0,2,0,0,0,0,0,0,0,0,0,0,0,0,1,0,0,2,0,0,0,0,0,0,0,0,0,1,0,0,0,1,0,0,0,0,0,0,0
30,0.6,250,0.33,0.9,120,FALSE,TRUE,2500,128,9,2,3,4,7,5,6,3,2,43,2,1,1,2,3,6,2,3,1,1,3,1,1,0,2,0,1,0,0,1,0,0,1,0,0,0,1,0,0,0,3,0,0,0,0,0,0,0,0,1,0,0,0,0,0,1,1,0,1,0,0,0,1,0,0,0,0,0,1,0,0,0,0,1,2,0,0,0,0,0,0,0,0,0,0,0,0,0,0,0
40,0.9,200,0.81,0.6,190,FALSE,FALSE,2500,128,5,0,4,6,12,3,4,5,6,43,4,2,1,1,4,1,3,2,1,3,1,1,0,1,2,1,1,0,0,0,0,1,1,0,0,0,0,0,0,1,0,0,0,0,0,0,0,0,0,0,0,0,0,0,0,0,0,1,0,1,0,1,0,0,1,1,0,0,0,1,0,1,0,0,0,1,0,0,0,1,0,0,0,0,0,0,0,0,0,0
50,0.8,210,0.44,0.8,810,TRUE,FALSE,2500,130,12,2,2,7,7,2,2,4,6,44,1,0,1,2,2,2,2,4,1,3,3,0,0,5,1,0,0,1,0,0,0,2,1,0,0,0,0,1,0,1,0,0,0,0,0,0,0,0,0,1,0,0,0,0,0,0,0,0,0,1,0,0,0,1,0,0,0,1,1,0,2,0,0,0,1,1,0,1,0,0,0,0,0,0,0,0,0,0,0,0
80,0.6,250,0.36,0.5,350,FALSE,FALSE,2500,125,6,0,2,3,10,3,4,3,6,47,4,1,1,0,8,4,1,1,0,2,0,1,1,1,0,1,1,0,0,3,2,0,0,0,1,0,0,0,0,0,0,0,0,0,0,0,0,0,0,0,0,0,0,1,0,2,0,0,0,1,0,0,0,1,0,0,0,0,2,0,0,0,0,0,1,0,0,0,0,1,0,0,0,0,0,0,0,0,0,0
20,0.8,270,0.87,0.4,510,TRUE,TRUE,2500,127,5,0,4,2,13,4,2,1,6,51,3,0,3,1,4,6,1,1,0,4,2,0,1,0,2,0,1,0,0,1,1,0,0,0,0,0,0,0,0,0,0,0,1,0,0,0,0,0,0,0,0,0,0,0,1,0,0,0,1,0,0,0,1,0,0,1,1,0,0,0,0,0,0,0,0,1,0,1,1,0,0,0,0,0,0,0,0,0,0,0
40,0.8,200,0.84,0.8,230,FALSE,TRUE,2500,131,8,0,2,7,7,5,0,3,4,44,3,1,2,2,10,1,3,3,0,3,6,0,2,1,1,1,1,0,1,0,0,0,0,0,0,0,0,0,0,1,0,0,0,0,0,0,0,0,0,0,1,0,1,0,0,0,0,0,0,0,1,0,0,0,1,0,0,1,1,0,0,0,0,0,2,0,0,0,1,1,0,0,0,0,0,0,0,0,0,0
10,0.7,290,0.82,0.6,710,FALSE,TRUE,2500,128,2,5,3,5,11,2,5,2,4,48,3,1,0,2,6,2,2,1,1,6,2,0,1,0,2,0,1,0,0,1,0,1,0,0,0,0,0,0,0,0,0,0,0,1,0,0,0,0,0,0,0,0,1,0,0,1,0,0,0,0,0,0,0,0,1,3,0,0,1,0,0,0,0,0,0,0,0,0,2,0,0,0,0,0,0,0,0,0,0,0
90,0.8,130,0.85,0.8,320,FALSE,FALSE,2500,128,8,1,4,2,9,5,7,3,3,46,2,1,0,2,5,0,1,2,2,5,2,1,0,0,2,1,1,0,0,0,1,0,1,0,0,0,1,0,0,1,0,0,0,0,0,0,0,0,0,0,1,0,1,1,0,0,0,0,0,0,0,0,0,0,0,1,0,0,2,0,1,0,0,1,1,0,0,0,1,0,0,0,0,0,0,0,0,0,0,0
70,0.7,210,0.49,0.7,800,FALSE,FALSE,2500,127,4,3,5,4,15,5,0,0,5,49,2,1,0,1,4,0,2,2,0,5,2,0,1,0,2,0,1,0,0,3,0,1,0,1,0,0,0,0,0,0,0,0,0,0,1,0,0,0,0,1,0,1,0,0,0,0,0,1,0,0,0,0,2,0,0,0,0,0,1,0,0,0,0,0,1,0,0,1,1,0,0,0,0,0,0,0,0,0,0,0
20,0.8,140,0.39,0.9,190,FALSE,TRUE,2500,132,12,1,6,4,10,6,4,1,3,46,4,0,1,1,2,5,2,2,2,2,3,2,0,2,0,1,0,0,0,1,1,0,0,0,0,0,0,0,0,0,1,0,0,0,0,0,0,0,0,0,0,0,1,0,0,0,0,0,0,0,0,0,0,0,0,0,1,0,1,0,1,0,0,0,3,1,0,0,0,0,0,0,0,0,0,0,0,0,0,0
100,0.5,290,0.52,0.9,960,TRUE,FALSE,2500,129,12,1,1,7,7,3,2,1,5,44,2,1,1,1,9,1,0,2,2,6,3,0,1,1,1,0,0,1,2,1,0,0,0,1,0,0,0,0,0,1,0,0,0,1,0,0,0,0,0,0,0,1,0,0,0,0,0,0,1,0,0,0,0,0,1,0,0,0,1,0,1,1,1,0,2,0,0,0,0,0,0,0,0,0,0,0,0,0,0,0
80,0.9,160,1,0.8,640,FALSE,FALSE,2500,128,7,1,3,9,11,2,1,3,6,42,3,1,0,1,7,4,1,2,0,3,4,1,1,1,0,0,0,2,1,1,2,0,0,0,0,0,0,0,0,0,0,0,0,0,0,1,0,0,0,0,0,0,1,0,0,0,0,0,1,0,2,0,0,0,0,0,0,0,1,0,0,0,0,0,1,0,0,1,0,0,0,0,0,1,0,0,0,0,0,0
20,0.7,270,0.86,0.8,320,FALSE,TRUE,2500,131,11,1,3,8,13,3,1,1,4,41,1,0,4,3,5,2,1,3,0,2,5,2,0,0,0,0,1,2,1,0,1,0,0,0,1,2,0,0,0,0,0,0,0,0,0,0,0,0,0,0,2,0,0,0,1,1,0,0,1,0,0,0,0,0,0,0,0,0,1,0,0,0,0,1,2,0,0,0,1,0,0,0,0,0,0,0,0,0,0,0
10,0.5,200,0.32,0.7,190,FALSE,FALSE,2500,126,4,1,4,4,15,3,1,2,3,47,2,2,2,1,7,3,1,0,3,2,3,1,1,0,0,1,0,2,0,2,0,0,0,0,0,0,0,0,0,0,2,0,0,0,0,0,0,0,2,0,0,0,0,0,0,0,0,0,0,0,0,1,0,1,0,0,0,1,0,0,0,1,0,0,1,1,0,0,0,0,0,0,0,0,0,0,0,0,0,0
70,0.9,100,0.7,0.9,350,FALSE,FALSE,2500,125,4,1,4,7,12,3,2,3,7,47,2,0,0,2,6,2,1,1,0,4,2,1,1,0,0,0,1,1,0,0,0,1,0,1,0,0,0,0,0,0,1,0,0,0,0,0,0,0,0,1,1,0,0,0,0,0,0,0,1,0,0,0,0,0,1,0,0,1,1,0,0,0,1,0,1,0,0,0,1,0,0,0,0,0,0,0,0,0,0,0
20,0.6,230,0.93,0.5,190,TRUE,FALSE,2500,129,11,0,2,8,6,2,4,7,5,44,2,1,1,1,7,2,1,1,3,2,1,2,1,2,0,0,0,0,0,2,1,0,0,0,0,0,1,0,0,0,0,0,0,0,0,0,0,0,0,0,0,1,1,0,0,0,0,1,0,0,1,0,0,0,1,0,0,0,0,1,1,0,0,0,1,0,0,0,2,0,0,0,0,0,0,0,0,0,0,0
50,0.7,210,0.84,0.6,420,TRUE,TRUE,2500,130,11,1,3,2,12,0,5,6,3,46,4,0,0,3,2,2,1,1,1,3,3,3,1,1,2,1,0,1,0,2,0,1,0,0,0,0,0,1,1,0,0,0,0,0,0,0,0,0,0,0,0,1,0,0,0,0,0,0,1,1,0,0,0,0,0,0,0,0,0,0,1,0,1,0,2,0,0,1,0,0,0,0,0,0,0,0,0,0,0,0
50,0.9,150,0.83,0.9,960,TRUE,TRUE,2500,125,5,5,2,5,9,2,4,7,4,45,3,0,0,2,4,2,0,1,1,3,1,4,0,1,1,0,0,2,0,2,1,0,0,0,0,0,1,0,0,0,0,0,1,0,0,0,0,0,0,0,0,0,0,0,0,0,2,0,0,0,0,0,0,1,0,0,1,0,0,0,1,0,0,0,1,0,0,0,1,0,0,0,0,0,0,0,0,1,0,0
80,0.9,230,0.48,0.6,510,TRUE,FALSE,2700,123,5,3,1,4,4,5,5,3,4,47,3,2,2,0,5,2,0,2,1,6,1,0,1,2,1,0,0,0,1,1,1,0,0,0,0,0,0,0,0,0,0,0,1,0,1,1,0,0,1,0,3,0,0,0,0,0,0,0,0,0,0,0,1,0,0,0,0,0,1,0,1,0,1,0,0,0,0,0,0,0,0,0,0,0,0,1,0,0,0,0
50,0.6,150,0.93,0.8,410,TRUE,FALSE,2700,122,7,1,1,8,6,4,3,4,7,44,4,2,1,1,3,1,0,3,1,3,2,0,1,0,0,1,0,1,0,1,1,0,1,0,0,0,0,0,0,0,0,1,0,0,1,2,0,0,0,1,0,0,0,0,0,0,0,0,0,1,0,0,0,0,1,0,0,1,0,0,0,0,1,0,0,0,0,0,2,0,0,0,0,0,0,0,0,0,0,0
60,0.8,210,0.43,0.6,830,FALSE,FALSE,2700,127,10,1,1,5,4,2,7,1,6,52,3,1,1,3,5,1,0,2,1,1,1,0,1,2,1,1,0,0,1,3,0,0,0,0,0,0,0,0,0,0,2,1,0,0,0,1,0,0,0,0,0,0,0,0,0,0,0,0,0,0,0,0,0,0,0,0,0,0,2,0,1,0,1,0,1,1,0,1,0,0,0,0,0,0,0,0,0,0,0,0
80,0.5,130,0.77,0.6,810,FALSE,TRUE,2700,125,6,4,3,2,8,8,2,2,4,44,2,0,0,2,4,2,1,0,3,5,3,0,1,1,1,0,0,1,0,4,0,0,1,0,0,0,1,0,0,0,2,0,0,0,0,0,0,1,0,0,1,0,1,0,0,1,0,0,1,0,0,0,0,0,0,0,0,1,0,0,0,0,0,2,0,0,1,0,0,0,0,0,0,0,0,0,0,0,0,0
40,0.9,120,0.42,0.3,700,FALSE,TRUE,2700,126,5,2,1,7,4,2,5,6,4,51,4,1,0,0,4,3,2,0,0,4,1,0,1,2,2,0,0,1,0,3,1,0,0,0,0,0,0,0,0,1,0,1,0,0,0,1,0,0,0,0,1,0,0,0,0,0,0,0,1,0,1,0,0,0,1,0,0,0,2,0,0,0,0,1,0,0,0,0,0,0,0,0,1,0,0,0,0,0,0,0
80,0.7,220,0.86,0.9,830,TRUE,FALSE,2700,127,8,2,5,3,7,2,3,4,2,54,1,0,0,0,3,5,1,3,2,3,1,0,1,2,1,0,0,0,0,3,1,0,0,1,0,1,0,0,0,0,0,1,0,0,0,0,0,0,1,0,0,0,0,0,1,1,0,0,0,0,0,0,0,0,0,0,0,1,2,0,0,0,0,0,0,0,0,0,0,1,0,0,1,0,0,0,0,0,0,0
90,0.8,130,0.47,0.7,280,TRUE,TRUE,2700,128,6,3,4,3,4,4,3,4,4,53,1,0,1,0,8,3,1,1,0,4,2,0,0,1,1,0,1,1,0,2,0,1,0,0,0,0,0,0,1,1,0,1,1,0,0,0,0,0,0,0,0,0,0,1,0,0,0,0,1,1,0,0,0,0,1,0,0,0,2,1,0,0,0,0,1,0,1,0,0,0,0,0,0,0,0,0,0,0,0,0
20,0.6,300,0.71,0.8,570,TRUE,FALSE,2700,126,8,4,1,2,7,1,3,2,4,50,1,0,0,2,7,1,1,2,0,3,1,3,0,0,2,1,0,0,1,6,0,0,0,1,0,0,0,0,0,0,1,1,0,0,0,1,0,0,0,0,1,0,1,1,0,0,0,0,1,0,1,0,0,0,1,0,1,0,1,0,0,0,0,2,0,0,0,0,0,0,0,0,0,0,0,0,0,0,0,0
60,0.8,220,0.86,0.8,950,FALSE,FALSE,2700,127,5,2,2,3,8,3,5,3,4,55,1,0,3,3,3,1,2,1,1,3,0,3,0,0,1,2,0,0,1,2,0,0,0,0,0,1,0,0,0,1,0,0,0,0,1,0,0,0,0,0,0,0,0,0,0,0,1,0,3,2,0,0,0,0,0,0,0,0,0,0,0,0,0,0,0,0,0,0,0,1,0,1,0,0,0,0,0,0,0,0
30,0.5,120,0.8,0.4,650,TRUE,FALSE,2700,127,7,2,4,3,7,2,4,2,4,54,3,0,1,0,5,1,2,2,1,2,0,0,1,0,1,2,0,1,0,5,0,1,0,0,0,0,0,0,0,0,0,1,0,0,0,0,0,0,0,0,0,1,1,0,0,0,0,0,1,0,1,0,0,0,1,0,0,0,1,0,1,0,0,0,0,2,1,0,0,0,0,0,0,0,0,0,0,0,0,0
20,0.5,270,0.32,0.3,920,FALSE,FALSE,2700,127,5,5,4,1,8,3,7,2,5,49,0,1,2,0,8,4,1,0,2,1,1,3,0,0,0,1,0,0,0,4,0,0,0,0,0,1,0,0,0,0,0,0,0,0,0,0,0,1,0,0,0,0,1,0,1,0,0,0,1,0,0,0,0,0,0,1,1,0,0,1,0,0,0,0,1,1,0,0,0,1,0,0,0,0,0,0,0,0,0,0
80,0.7,220,0.92,0.5,820,TRUE,FALSE,2700,123,5,3,2,3,6,5,2,2,9,42,2,1,2,3,5,5,1,0,0,4,3,0,1,1,0,0,1,1,1,2,1,1,0,0,0,0,0,0,0,0,0,0,0,0,0,0,1,0,0,0,1,0,0,0,0,0,1,0,2,0,0,0,0,0,0,0,0,1,0,0,0,0,1,0,1,0,0,2,0,0,0,0,0,0,0,0,0,0,0,0
90,0.6,250,0.44,0.3,530,FALSE,FALSE,2700,130,10,0,0,5,7,2,4,6,4,43,4,1,1,4,3,2,2,0,1,6,2,2,1,1,1,3,0,0,0,3,0,0,1,1,0,1,0,0,0,0,0,1,0,0,0,0,0,0,0,0,0,0,0,0,1,1,0,0,0,0,1,0,0,0,0,0,0,0,2,0,1,0,1,1,0,0,0,1,0,0,0,0,0,0,0,0,0,0,0,0
30,0.9,200,0.45,0.7,930,TRUE,FALSE,2700,125,7,4,2,4,4,3,5,3,3,51,0,1,1,0,4,1,1,1,1,4,0,2,1,1,4,0,1,1,1,1,0,1,0,0,0,0,0,0,0,1,0,0,0,0,0,0,1,0,0,1,1,0,1,1,0,1,0,1,0,0,1,0,0,0,0,0,0,0,2,0,0,0,1,0,0,0,0,1,0,0,0,0,0,0,0,0,0,0,0,0
60,0.7,230,0.36,0.3,520,TRUE,TRUE,2700,127,11,5,5,0,10,3,3,3,3,46,0,0,0,2,6,2,0,1,1,3,3,1,1,0,1,1,1,1,1,2,0,0,0,1,0,0,0,0,0,2,0,0,0,0,0,0,0,0,0,0,1,0,1,0,0,0,1,0,1,0,0,0,0,0,1,0,0,0,0,0,1,0,0,0,2,1,0,0,0,0,0,0,0,0,0,0,0,0,0,0
40,0.6,120,0.68,0.6,460,FALSE,TRUE,2700,124,8,3,3,1,6,4,6,1,4,51,1,1,0,2,4,1,0,1,0,4,1,1,0,0,1,4,0,1,1,2,1,0,0,0,1,0,0,0,0,0,0,1,0,0,0,0,0,1,0,0,1,0,1,0,1,0,0,0,1,0,1,0,0,0,1,0,0,0,0,1,0,0,0,0,0,1,0,0,1,0,0,0,0,0,0,0,0,0,0,0
90,0.9,110,0.9,0.4,700,TRUE,TRUE,2700,126,6,4,1,6,8,5,3,3,3,46,2,1,1,2,2,2,1,1,1,6,2,2,1,1,1,0,1,1,0,1,0,0,1,0,0,1,0,0,0,1,0,0,0,0,0,0,0,0,0,1,1,0,0,0,1,1,0,1,1,0,0,0,0,0,0,0,0,1,0,0,1,0,1,0,1,0,0,0,0,0,0,0,0,0,0,0,0,0,0,0
10,0.8,140,0.86,0.3,200,TRUE,FALSE,2700,127,9,2,5,2,7,6,5,1,3,47,2,1,1,0,5,1,1,2,2,4,1,1,0,0,6,0,0,0,0,1,1,0,0,1,0,0,0,0,0,1,1,0,0,0,0,0,0,0,1,0,0,0,0,1,0,0,1,0,0,1,1,0,0,0,0,1,0,0,1,0,0,0,0,0,0,0,0,1,0,0,0,0,1,0,0,0,0,0,0,0
40,0.8,150,0.45,0.3,150,FALSE,TRUE,2700,129,9,4,4,3,4,0,5,2,3,54,1,0,0,1,5,6,1,3,0,1,1,1,0,1,1,1,1,3,0,3,0,1,0,0,0,0,0,1,0,0,1,0,0,0,0,0,0,0,0,0,2,0,1,0,0,0,0,0,1,0,0,0,0,0,0,0,0,0,1,0,0,0,0,1,2,0,0,0,0,0,0,0,0,0,0,1,0,0,0,0
10,0.6,250,0.57,0.8,780,FALSE,TRUE,2700,125,8,3,2,5,5,4,4,8,2,45,1,1,0,2,3,1,1,1,1,5,3,0,0,1,2,1,0,0,2,4,1,0,0,0,0,0,0,0,0,0,0,1,0,0,0,0,0,0,0,0,0,0,0,0,1,0,0,0,2,0,0,0,0,0,0,1,0,0,2,0,0,1,1,0,0,0,0,0,0,0,0,0,0,0,0,1,0,0,0,0
60,0.9,220,0.49,0.9,880,FALSE,TRUE,2700,123,6,2,4,2,6,2,2,4,3,47,3,2,0,2,4,5,1,2,1,3,0,1,2,0,1,0,2,0,0,3,0,0,0,0,0,0,1,0,0,1,3,0,0,0,0,1,0,0,0,0,0,0,1,0,0,0,0,0,1,0,1,0,1,0,0,0,0,0,1,0,1,0,0,0,1,0,0,1,0,0,0,0,0,0,0,0,0,0,0,0
10,0.8,230,0.68,0.5,800,FALSE,FALSE,2700,121,6,5,3,1,8,2,3,4,3,46,1,1,2,1,4,3,2,1,1,7,0,2,0,1,1,1,0,0,0,1,0,0,0,0,0,0,1,0,0,0,0,0,0,0,1,0,0,0,0,1,0,1,0,0,0,1,0,0,1,0,2,0,1,0,0,0,0,0,1,0,0,0,0,0,0,0,0,1,0,0,0,0,1,0,0,0,0,0,0,0
80,0.7,250,0.81,0.6,1000,TRUE,FALSE,2700,126,6,3,3,2,12,3,3,2,2,52,1,2,1,0,4,2,3,1,2,3,0,1,1,1,1,0,1,2,0,1,0,0,0,0,0,0,0,0,0,0,0,0,0,0,0,0,1,0,0,2,1,0,1,0,1,0,0,0,0,1,0,0,0,0,1,0,0,0,1,0,0,0,0,0,0,0,0,0,0,1,0,0,0,0,1,0,0,0,0,0
20,0.7,170,0.31,0.3,130,FALSE,FALSE,2700,124,7,3,4,3,9,3,2,1,5,46,3,1,0,2,8,1,1,1,1,0,2,0,1,2,1,1,0,0,0,3,2,0,0,0,0,0,0,0,0,0,0,0,0,0,1,0,1,0,0,0,1,0,0,0,0,1,0,1,1,2,0,1,0,0,0,0,0,0,1,0,0,0,1,0,0,0,0,0,1,0,0,0,0,0,0,0,0,0,0,0
70,0.7,250,0.64,0.3,710,FALSE,FALSE,2700,123,8,2,1,4,6,2,3,2,5,47,3,2,0,1,5,6,3,2,1,4,0,2,0,0,0,0,0,0,0,3,1,0,0,0,0,0,0,1,0,0,2,0,0,0,0,0,0,0,0,0,0,0,1,0,0,0,0,0,2,0,1,0,0,0,0,0,0,0,0,0,0,0,0,0,3,0,1,0,0,0,0,0,0,0,0,0,0,0,0,0
50,0.8,260,0.59,0.5,910,FALSE,FALSE,2700,129,6,2,2,4,4,3,4,4,5,47,4,2,0,3,5,5,1,1,2,2,4,1,2,0,0,1,1,0,0,3,1,0,0,0,0,0,0,0,0,0,1,1,0,0,0,0,1,0,0,0,0,0,0,0,0,1,0,0,1,1,0,0,0,0,0,0,0,0,1,0,0,0,1,0,1,0,0,1,1,0,0,0,0,0,0,0,0,0,0,0
30,0.8,120,1,0.7,230,FALSE,FALSE,2700,126,7,3,4,4,9,3,3,3,1,47,2,2,2,1,1,3,2,3,2,2,1,0,0,1,3,2,0,0,1,1,1,0,0,0,0,0,1,0,0,0,0,0,0,0,1,0,0,0,0,0,3,0,2,0,0,0,0,0,0,1,0,0,0,0,0,0,1,0,1,0,1,0,0,0,0,1,0,1,0,0,0,0,0,0,0,0,0,0,0,0
20,0.5,270,0.95,0.3,910,TRUE,FALSE,2700,129,6,5,3,3,10,4,4,4,4,49,1,0,1,0,3,3,2,0,2,1,1,0,1,1,4,1,0,1,0,3,0,1,0,0,0,0,0,1,1,0,1,0,0,0,0,0,0,0,2,0,0,1,0,0,0,0,0,0,0,1,0,0,0,0,1,1,0,1,0,0,0,0,0,0,0,1,0,0,1,0,0,0,0,0,0,0,0,0,0,0
50,0.6,160,1,0.9,950,TRUE,FALSE,2700,129,7,2,3,6,2,5,3,6,3,51,4,2,0,1,3,2,2,1,0,4,2,1,1,0,2,1,0,0,1,4,0,0,0,1,0,0,0,0,0,0,0,0,0,0,0,1,0,0,0,0,1,0,1,0,0,0,0,0,0,0,0,0,0,0,0,1,0,1,2,0,1,0,1,0,0,1,0,0,0,0,0,0,0,0,0,0,0,0,0,0
80,0.7,270,0.93,0.6,460,FALSE,FALSE,2700,127,11,3,3,2,6,7,1,3,4,49,0,0,2,0,6,0,1,1,2,7,0,1,2,0,2,0,0,2,0,2,1,0,0,0,0,0,0,0,0,0,0,0,0,0,0,0,0,0,0,1,0,1,0,1,0,0,0,0,0,0,0,0,0,0,0,0,0,0,2,0,1,0,0,1,1,1,0,1,0,0,0,0,0,0,0,0,0,0,0,0
70,0.6,240,0.83,0.8,790,TRUE,TRUE,2700,124,6,2,1,5,8,2,5,0,7,49,2,1,1,0,4,4,2,0,1,0,0,3,2,1,1,2,1,0,0,3,1,0,0,0,0,0,1,0,1,1,1,1,0,0,0,0,0,0,0,0,1,0,0,0,0,0,0,0,0,0,0,0,0,0,1,0,0,1,0,0,0,0,0,0,2,0,1,0,0,0,0,0,0,0,0,0,0,0,0,0
10,0.7,110,0.46,0.9,430,TRUE,TRUE,2700,127,11,0,4,6,9,1,2,1,1,31,0,2,0,0,4,0,2,1,4,4,0,2,0,2,2,1,0,1,0,2,0,0,0,1,1,1,0,0,0,1,0,0,1,0,0,0,1,0,0,0,0,0,1,0,0,1,0,0,0,0,0,0,0,0,0,0,0,0,2,0,0,0,1,0,0,0,0,1,0,1,0,0,1,3,1,1,3,2,8,3
10,0.5,190,0.84,0.3,840,TRUE,FALSE,2700,124,6,5,2,0,7,4,3,3,3,47,1,1,1,1,6,1,0,2,1,10,0,1,2,2,3,0,0,0,1,0,0,0,0,0,0,0,0,0,0,0,0,1,0,0,1,0,0,0,0,0,1,0,1,0,0,0,0,0,0,1,1,0,0,0,1,0,1,0,2,0,0,0,1,0,0,0,0,0,1,0,0,0,0,0,0,0,0,0,0,0
70,0.6,210,0.86,0.6,780,FALSE,TRUE,2700,130,8,2,2,5,7,3,1,5,4,52,5,1,0,2,2,3,2,0,2,3,1,1,0,0,3,0,0,1,1,3,0,2,0,0,0,0,0,0,0,0,0,0,0,0,0,0,0,0,0,0,2,0,0,0,1,0,0,0,1,1,0,0,0,0,0,1,0,0,2,0,0,1,1,0,0,0,0,0,0,0,0,0,0,0,0,0,0,0,0,0
20,0.7,190,0.38,0.6,300,FALSE,TRUE,2700,130,9,2,1,3,8,4,3,3,2,50,1,3,3,1,3,2,0,2,4,3,2,1,1,1,2,0,1,0,0,3,1,0,0,0,0,0,0,0,0,1,0,0,0,0,1,0,0,0,0,1,1,1,0,0,0,0,0,0,1,0,1,0,0,0,0,1,0,0,2,0,0,0,1,0,1,0,0,0,0,0,0,0,0,0,0,0,0,0,0,0
20,0.5,190,0.71,0.8,320,TRUE,TRUE,2700,127,4,4,0,5,7,3,4,2,5,52,1,3,1,3,6,1,2,1,0,2,3,1,0,0,1,1,0,1,1,5,0,0,0,0,0,0,0,0,0,0,0,0,0,0,0,0,0,0,0,0,0,0,1,0,0,0,0,0,0,1,0,0,0,0,1,1,0,0,2,0,0,0,0,0,1,0,1,0,0,1,0,0,0,0,0,0,0,0,0,0
30,0.6,200,0.67,0.4,130,TRUE,TRUE,2700,127,7,1,1,4,5,4,6,5,2,54,2,3,2,2,2,0,1,0,1,5,0,2,1,0,1,2,0,0,0,2,0,1,0,0,0,0,0,0,0,0,0,1,0,0,1,1,1,0,0,0,1,0,0,0,0,0,0,0,1,0,1,0,1,0,0,0,0,1,1,0,0,0,1,0,0,0,0,0,1,0,0,0,0,0,0,0,0,0,0,0
20,0.9,280,0.52,0.5,710,TRUE,TRUE,2700,126,7,4,2,6,5,5,4,5,4,46,2,1,2,1,7,2,0,3,0,0,1,4,0,1,1,0,0,0,1,2,0,1,0,0,0,0,0,0,0,0,1,0,0,0,1,1,0,0,0,0,0,0,0,0,0,1,0,0,0,1,0,0,0,1,0,1,0,0,1,0,0,0,0,0,0,0,0,0,1,0,0,0,1,0,0,0,0,0,0,0
30,0.9,200,0.46,0.5,750,TRUE,TRUE,2700,126,8,4,2,0,6,2,4,2,5,47,3,4,0,2,7,4,1,1,1,4,0,2,1,0,0,1,0,2,1,2,0,0,0,0,0,0,0,0,0,1,0,0,1,0,0,0,0,0,1,1,0,0,0,0,0,0,0,0,0,0,0,0,0,0,1,1,0,0,1,0,1,0,1,0,0,1,0,1,0,0,0,0,0,0,0,0,0,0,0,0
90,0.5,240,0.41,0.7,820,TRUE,FALSE,2700,123,7,2,2,3,7,2,4,3,6,46,4,0,1,2,4,5,2,0,2,2,2,1,2,0,0,1,0,1,0,3,0,0,0,0,0,1,0,0,0,0,0,1,0,0,0,0,0,0,0,0,1,0,0,0,0,1,0,0,0,0,0,0,0,0,1,0,0,1,1,0,0,0,1,0,0,1,0,1,0,0,0,0,0,0,0,0,0,0,0,0
90,0.5,220,0.75,0.7,670,FALSE,TRUE,2700,124,7,1,1,5,7,2,3,6,5,46,2,2,3,2,4,3,1,1,0,2,2,1,1,0,0,2,1,0,1,2,0,1,0,0,0,0,0,0,0,1,0,0,0,1,0,0,0,0,0,1,1,0,0,0,0,1,0,0,1,0,0,0,0,0,0,1,0,0,1,0,0,1,1,0,0,0,0,0,1,0,0,0,0,0,0,0,0,0,0,0
60,0.8,290,0.57,0.9,390,FALSE,TRUE,2700,127,10,4,3,3,5,2,4,1,3,49,1,0,1,1,7,2,0,3,0,6,1,1,0,1,0,0,2,0,1,4,2,0,0,0,1,0,0,0,0,0,2,0,1,0,0,0,0,0,0,0,0,0,0,0,0,0,0,0,0,0,1,0,0,0,1,0,0,0,3,0,0,0,0,0,1,1,0,0,0,0,0,0,0,0,0,0,0,0,0,0
70,0.5,220,0.39,0.6,770,FALSE,TRUE,2700,128,4,3,1,2,7,5,4,1,5,52,2,1,1,2,3,4,1,2,0,6,1,4,0,0,1,2,0,1,0,4,0,0,0,0,0,0,0,0,0,1,0,0,0,0,0,0,0,1,0,0,0,0,1,0,0,0,0,0,0,1,0,0,0,0,0,0,1,0,2,0,0,0,0,1,1,0,0,0,0,1,0,0,0,0,0,0,0,0,0,0
30,0.5,280,0.44,0.9,940,TRUE,FALSE,2700,127,8,3,1,5,4,4,3,5,3,48,0,1,0,2,3,3,1,0,3,6,5,0,1,1,2,1,1,0,0,3,0,0,0,0,0,0,0,0,0,0,0,0,0,0,0,0,1,0,0,0,1,1,0,1,0,0,0,0,0,0,1,0,0,0,0,0,0,0,3,0,0,1,0,0,0,2,0,0,0,0,0,0,0,0,0,0,0,0,0,0
90,0.6,100,0.35,0.5,860,TRUE,TRUE,2700,126,7,1,4,1,9,4,2,1,5,45,1,3,1,1,7,2,1,1,0,7,2,1,1,1,2,0,1,0,2,0,1,0,0,0,0,1,0,1,0,0,0,0,0,1,0,0,0,0,0,1,1,0,1,0,0,0,0,0,0,2,0,0,0,0,0,0,1,0,1,0,0,0,1,0,0,1,0,0,1,0,0,0,0,0,0,0,0,0,0,0
20,0.7,100,0.31,0.8,610,FALSE,FALSE,2700,129,9,3,3,1,9,3,6,4,2,52,2,1,1,1,6,2,0,1,1,4,0,0,1,0,1,0,0,0,1,3,0,0,0,0,0,0,0,0,0,1,1,1,0,0,0,0,0,0,0,0,1,1,1,0,0,0,0,0,1,0,1,0,0,0,0,0,0,0,1,0,0,0,0,0,2,0,2,0,0,0,0,0,0,0,0,0,0,0,0,0
20,0.8,180,0.98,0.3,1000,FALSE,FALSE,2700,128,6,5,4,1,9,2,4,2,3,47,2,1,0,1,7,1,1,3,1,4,2,2,1,2,0,3,0,1,0,2,1,0,0,0,0,0,0,0,0,1,0,0,0,0,0,0,0,0,0,0,0,0,1,0,0,0,0,1,2,1,1,0,0,0,1,0,0,0,0,0,0,0,0,1,0,0,1,0,1,0,0,0,0,0,0,0,0,0,0,0
70,0.7,140,0.95,0.9,920,TRUE,FALSE,2700,127,6,2,2,6,5,4,5,3,6,51,2,2,0,0,4,3,0,1,1,4,1,3,0,0,1,2,0,0,0,3,0,0,0,0,0,0,1,0,0,1,0,0,0,0,0,0,0,0,0,0,0,0,1,1,0,0,0,0,2,0,0,0,0,0,1,0,0,0,0,1,0,0,0,1,0,0,1,0,0,1,0,0,0,0,0,0,0,0,0,0
90,0.9,270,0.44,0.5,810,TRUE,FALSE,2700,129,10,3,2,6,11,3,1,3,3,44,0,0,0,3,3,5,2,2,3,3,2,1,1,2,0,1,1,0,0,1,0,0,0,0,0,0,1,1,0,0,1,0,0,1,0,0,0,0,0,0,1,1,0,0,0,1,0,0,1,0,0,0,0,0,0,0,1,0,1,1,0,0,2,0,0,0,0,0,1,0,0,0,0,0,0,0,0,0,0,0
80,0.9,300,0.53,0.5,170,FALSE,FALSE,2700,126,10,2,2,1,4,3,7,2,3,52,1,0,2,1,7,2,1,2,1,1,1,1,1,0,2,1,0,0,1,4,1,0,0,1,0,0,0,0,1,0,0,0,0,0,0,0,0,0,0,0,0,0,1,0,0,0,0,0,0,1,0,0,0,0,1,0,0,0,1,0,1,1,0,1,0,1,1,0,0,0,0,0,0,0,0,0,0,0,0,0
60,0.5,280,0.65,0.8,380,TRUE,FALSE,2700,126,9,2,1,6,5,3,2,5,4,47,1,1,1,4,4,1,3,2,2,3,2,2,0,1,0,1,0,0,1,2,0,1,0,0,0,0,0,0,0,0,0,0,0,0,1,2,0,0,0,0,1,0,0,0,0,0,2,0,0,1,0,0,0,0,0,0,0,1,1,0,0,0,1,0,0,0,0,0,1,0,0,0,0,0,0,0,0,0,0,0
90,0.8,220,0.59,0.8,930,FALSE,FALSE,2700,124,5,2,3,8,6,3,3,4,4,48,2,2,2,0,4,3,2,2,1,3,3,1,0,1,0,0,1,0,0,2,0,0,0,1,0,0,0,0,0,0,0,1,0,0,0,0,0,0,0,0,0,0,0,0,1,0,0,0,0,0,0,0,0,0,0,1,0,0,2,0,0,1,0,0,0,1,0,0,1,0,0,0,1,0,0,0,0,0,0,0
100,0.5,270,0.62,0.5,390,TRUE,TRUE,2700,127,6,2,2,4,6,2,4,3,6,54,2,2,2,1,3,4,1,0,1,2,1,1,1,0,2,0,0,0,0,4,0,1,0,0,0,0,0,0,0,0,2,0,0,0,0,0,0,0,0,0,0,0,0,0,0,1,0,0,1,1,1,0,0,0,0,0,0,0,2,0,0,0,1,0,1,0,0,0,0,0,0,0,1,0,0,0,0,0,0,0
90,0.6,270,0.74,0.9,930,TRUE,TRUE,2700,126,6,3,0,4,6,2,4,2,7,48,4,1,1,2,4,3,2,1,1,5,0,0,1,1,1,0,0,0,1,4,1,0,1,0,0,0,0,0,0,1,1,1,0,0,0,0,1,0,1,0,0,0,0,0,0,0,0,0,0,0,0,0,0,0,0,0,0,1,1,0,0,1,0,1,1,0,0,0,1,0,0,0,0,0,0,0,0,0,0,0
70,0.7,190,0.59,0.7,410,TRUE,TRUE,2700,125,5,3,2,6,8,3,3,3,4,46,1,1,1,1,5,4,2,4,1,3,0,0,1,1,0,0,0,0,1,4,1,0,0,1,0,0,0,0,0,0,0,1,0,1,0,1,1,0,0,0,0,0,0,0,0,1,0,0,1,0,0,0,0,0,0,0,0,2,1,0,0,0,1,0,0,0,0,0,0,1,0,0,0,0,0,0,0,0,0,0
80,0.5,220,0.34,0.4,550,TRUE,FALSE,2700,126,8,4,4,4,7,3,1,3,4,46,1,1,1,1,7,2,1,1,0,5,1,0,1,0,2,1,0,1,0,3,1,1,0,0,0,0,0,0,0,2,0,1,0,0,0,0,0,0,0,0,0,1,0,1,0,0,1,0,0,0,1,0,0,0,1,0,0,0,1,0,0,0,1,0,0,0,1,1,0,0,0,0,0,0,0,0,0,0,0,0
80,0.9,250,0.88,0.7,850,FALSE,TRUE,2700,127,6,1,4,5,4,7,2,4,4,52,2,3,0,1,3,2,0,0,2,4,0,2,1,0,1,2,0,0,0,2,0,0,0,0,0,0,0,0,0,2,1,1,0,0,0,0,0,0,0,0,1,0,0,0,0,1,0,0,0,1,1,0,0,1,0,1,0,0,2,0,0,0,0,1,0,0,0,1,0,0,0,0,0,0,0,0,0,0,0,0
80,0.9,220,0.54,0.9,260,FALSE,FALSE,2700,130,8,6,3,1,7,3,2,5,4,50,4,1,0,1,6,2,1,0,2,2,0,0,1,0,2,2,0,1,1,2,0,1,0,0,0,0,0,0,0,0,0,1,0,0,0,0,1,0,0,0,1,1,0,0,1,1,0,0,1,1,0,0,0,0,0,0,0,1,1,0,1,1,0,0,0,0,0,0,0,0,0,0,1,0,0,0,0,0,0,0
50,0.5,300,0.87,0.3,660,FALSE,FALSE,2700,124,7,3,4,0,7,5,3,2,3,48,2,2,1,1,6,2,1,1,3,3,0,1,1,1,0,0,0,0,0,5,0,0,0,0,0,0,0,0,0,1,1,0,0,0,0,0,0,0,0,0,2,0,0,1,0,0,0,0,2,0,2,0,0,0,0,1,0,0,1,0,0,0,1,0,0,0,0,0,1,0,0,0,0,0,0,0,0,0,0,0
90,0.6,210,0.71,0.3,180,TRUE,FALSE,2700,130,9,5,4,0,8,2,4,2,3,51,2,0,1,1,9,3,0,2,1,1,0,2,0,1,2,1,0,0,2,3,0,1,0,0,0,0,0,0,0,0,1,0,0,0,0,0,0,0,0,0,3,0,1,0,0,0,0,0,1,0,0,0,0,1,0,0,2,0,0,0,0,0,0,1,0,0,1,0,0,0,0,0,0,0,0,0,0,0,0,0
70,0.8,200,0.49,0.5,310,FALSE,TRUE,2700,128,10,2,4,3,5,4,2,7,7,41,4,1,1,3,6,4,1,1,1,3,1,1,1,0,0,2,1,0,0,0,1,0,0,0,0,0,0,0,0,0,1,1,0,0,0,1,0,0,0,0,1,0,1,0,0,2,0,0,1,0,0,0,0,0,0,0,0,0,1,0,0,0,0,0,0,1,0,1,1,0,0,0,0,0,0,0,0,0,0,0
100,0.6,300,0.58,0.9,630,FALSE,FALSE,2700,121,6,3,4,4,5,1,5,4,1,49,2,0,0,0,5,5,0,1,2,1,1,2,1,1,1,0,0,2,1,3,0,0,0,0,0,0,0,1,0,0,0,0,0,0,0,0,0,0,0,1,2,0,1,0,0,0,0,0,1,0,0,0,1,0,0,1,0,0,1,0,0,0,0,1,0,1,1,0,0,0,0,0,0,0,0,0,0,0,0,0
70,0.5,150,0.61,0.4,950,TRUE,FALSE,2700,128,9,3,4,2,11,3,4,4,2,46,2,2,2,0,6,2,0,1,0,3,0,0,1,2,2,1,0,0,1,2,1,0,0,0,0,1,0,1,0,1,1,0,0,0,0,0,0,0,0,0,1,0,0,1,0,1,0,0,0,0,0,0,0,0,0,0,1,0,0,0,0,0,1,1,1,0,0,1,1,0,0,0,0,0,0,0,0,0,0,0
40,0.9,210,0.56,0.4,280,TRUE,FALSE,2700,125,10,5,1,2,6,6,2,4,4,47,4,0,1,1,5,2,0,2,1,1,0,1,0,1,2,1,0,1,0,2,1,0,0,1,0,1,0,0,0,0,4,0,0,0,0,0,0,0,0,0,1,0,0,0,0,0,0,0,1,0,0,0,0,0,0,0,0,0,1,0,0,0,1,2,0,0,0,0,1,0,0,0,0,0,0,0,0,0,0,0
100,0.8,280,0.56,0.7,170,FALSE,FALSE,2700,127,7,1,2,5,6,6,2,4,6,45,5,3,1,1,3,3,1,0,2,3,1,2,1,1,0,2,0,0,2,2,1,1,0,0,0,0,0,0,0,0,0,0,0,0,0,0,0,0,0,0,0,0,0,0,0,1,0,0,0,1,1,0,0,0,0,0,0,0,2,0,0,0,0,0,1,1,0,0,1,0,0,0,1,0,0,0,0,0,0,0
80,0.5,280,0.96,0.5,1000,FALSE,TRUE,2700,124,7,2,5,4,6,2,4,6,1,47,1,3,1,2,5,3,1,0,1,3,0,1,1,0,0,1,0,0,2,2,0,0,0,0,0,0,0,0,0,0,1,1,0,0,0,1,0,0,0,0,1,1,0,1,0,0,1,0,1,2,0,0,0,0,0,0,0,0,1,0,1,0,1,0,0,0,0,0,0,0,0,0,1,0,0,0,0,0,0,0
20,0.8,210,0.33,0.9,110,TRUE,FALSE,2700,129,10,4,2,2,8,5,2,4,4,46,3,2,1,0,5,1,2,1,0,4,0,2,0,2,1,3,0,1,0,2,2,0,0,0,0,0,0,0,0,0,0,0,1,0,0,0,0,0,0,0,1,0,0,0,0,0,1,1,0,0,0,0,0,0,1,0,0,0,4,0,0,0,0,1,0,0,0,0,1,0,0,0,0,0,0,0,0,0,0,0
40,0.9,220,0.77,0.8,790,FALSE,FALSE,2700,126,7,2,2,3,7,5,2,2,9,49,2,2,2,2,4,1,2,0,3,2,2,0,1,0,1,0,0,0,0,2,1,0,0,0,0,0,0,1,0,1,0,1,0,0,0,1,0,0,0,0,1,0,0,0,0,0,0,0,1,0,0,0,0,0,1,0,0,0,1,0,0,1,1,0,0,0,0,1,0,0,0,0,0,0,0,0,1,0,0,0
50,0.7,110,0.54,0.7,140,FALSE,FALSE,2700,127,8,3,2,4,4,6,3,3,5,48,4,0,1,5,1,3,0,1,2,3,2,0,1,0,3,0,0,0,0,4,0,0,0,0,0,0,0,0,0,1,1,2,0,0,0,0,0,0,0,0,0,0,0,0,0,1,0,0,2,0,0,0,0,0,0,0,0,0,1,0,1,0,0,0,2,0,0,0,0,0,0,0,1,0,0,0,0,0,0,0
30,0.8,240,0.96,0.5,530,TRUE,TRUE,2700,126,8,4,1,7,7,3,2,6,6,42,3,1,0,1,4,4,2,1,0,1,3,2,1,1,3,0,0,0,1,1,0,0,0,0,0,0,1,1,0,1,0,0,0,0,0,0,0,0,0,1,0,0,1,0,0,0,1,0,0,0,1,0,0,0,1,0,1,1,0,0,0,0,0,0,0,0,0,1,0,0,0,0,1,0,0,0,0,0,0,0
20,0.7,130,0.34,0.4,870,TRUE,FALSE,2700,126,10,1,5,3,8,5,5,0,2,44,2,0,1,0,3,1,0,2,2,8,1,1,0,1,3,3,1,0,0,1,1,0,0,0,0,0,0,0,1,1,0,1,0,0,0,0,0,0,1,0,1,0,1,0,0,0,1,0,0,2,0,0,0,0,0,1,0,1,0,0,0,0,0,0,1,0,0,0,1,0,0,0,0,0,0,0,0,0,0,0
10,0.6,100,0.52,0.6,200,TRUE,TRUE,2700,126,3,5,4,1,10,2,5,1,3,51,1,2,1,1,4,2,2,3,1,2,1,2,0,1,4,1,1,0,0,3,0,0,0,0,0,0,0,1,0,0,0,0,0,0,0,0,0,0,0,0,0,0,1,1,0,0,0,0,0,0,0,0,0,0,2,0,1,0,1,1,0,0,0,0,0,0,1,0,0,1,0,0,0,0,0,0,0,0,0,0
70,0.7,130,0.44,0.6,750,TRUE,TRUE,2700,126,10,3,1,4,7,3,3,2,8,45,3,3,1,5,3,3,1,1,1,1,0,1,1,0,2,1,0,0,1,1,0,0,0,0,0,0,0,0,0,1,2,0,0,0,0,0,0,0,0,0,1,0,1,0,0,0,0,1,0,0,1,0,1,0,1,0,1,0,0,0,0,0,0,0,0,0,0,0,2,0,0,0,0,0,0,0,0,0,0,0
60,0.7,230,0.35,0.4,420,FALSE,TRUE,2700,123,8,2,3,1,7,4,5,3,3,51,1,3,0,2,4,3,0,0,1,2,0,1,1,0,2,1,0,2,0,1,0,0,0,0,0,0,0,0,0,1,1,0,0,0,0,0,0,0,0,1,1,0,1,0,0,0,0,0,2,0,0,1,0,0,0,1,0,0,0,0,0,0,0,1,0,1,1,0,0,0,0,0,0,0,0,0,0,0,0,0
50,0.7,150,0.69,0.6,700,TRUE,TRUE,2700,128,9,2,2,5,5,4,2,4,9,46,3,2,1,0,4,3,0,1,0,6,1,0,0,0,2,2,0,0,0,3,2,0,1,0,0,0,0,0,0,0,0,0,1,0,0,0,1,0,0,0,0,0,0,0,0,0,0,0,1,0,1,0,0,0,0,1,0,0,1,0,1,0,1,0,0,0,0,2,0,0,0,0,0,0,0,0,0,0,0,0
10,0.7,280,0.49,0.9,450,FALSE,FALSE,2700,124,7,2,3,4,9,0,4,7,3,45,2,0,0,2,3,3,1,0,1,5,2,1,1,2,3,1,0,0,0,1,1,0,0,0,0,0,0,0,0,0,2,1,0,0,0,1,1,0,1,1,0,0,0,0,0,0,0,0,0,0,0,0,1,0,0,0,1,0,1,0,0,0,0,0,0,0,0,0,1,0,0,0,0,0,0,0,1,0,0,0
90,0.6,120,0.43,0.8,480,TRUE,TRUE,2700,123,7,6,3,1,7,4,3,2,4,46,0,2,2,0,3,4,1,2,0,7,1,0,0,0,1,0,0,1,1,3,1,0,0,0,0,0,0,0,0,0,1,1,0,0,1,0,0,0,0,1,1,0,0,0,0,0,0,0,0,0,0,0,1,0,0,1,0,0,4,0,0,0,1,0,0,0,0,0,0,0,0,0,0,0,0,0,0,0,0,0
30,0.6,300,0.44,0.3,140,FALSE,TRUE,2700,127,7,2,3,4,3,4,4,3,7,52,2,1,0,1,4,4,2,0,0,3,2,2,1,0,3,0,0,0,0,3,0,1,0,0,0,0,0,0,0,0,0,0,1,0,0,0,0,0,0,0,0,1,0,0,0,0,1,0,0,0,0,0,0,0,1,0,0,0,2,0,0,0,1,0,0,1,0,1,0,1,0,0,0,0,0,0,0,0,0,0
80,0.5,100,0.79,0.5,710,FALSE,FALSE,2700,125,3,4,0,7,7,2,2,6,4,45,0,1,1,2,7,4,1,1,1,6,0,1,1,0,1,0,0,1,2,3,0,0,1,0,0,0,1,0,0,1,0,0,0,1,0,0,0,0,0,2,0,0,0,0,0,2,0,0,0,1,0,0,0,0,0,0,0,0,2,0,0,0,0,0,0,0,0,0,0,1,0,0,1,0,0,0,0,0,0,0
40,0.6,100,0.75,0.3,750,TRUE,TRUE,2700,127,6,5,2,3,10,2,1,5,3,48,2,1,0,0,4,2,1,2,1,7,1,2,0,0,3,0,2,0,0,3,0,0,0,0,0,0,0,0,0,2,0,0,0,0,0,0,0,0,0,0,2,0,2,0,0,0,0,1,0,1,0,0,0,0,0,1,0,0,0,0,0,0,0,1,1,1,0,0,0,0,0,0,0,0,0,0,0,0,0,0
90,0.6,180,0.65,0.5,110,FALSE,TRUE,2700,125,4,2,3,4,10,3,3,2,4,53,1,2,1,1,7,2,1,1,1,3,0,1,1,0,3,1,0,0,0,3,0,0,0,0,0,0,0,0,0,0,3,0,0,0,0,0,0,0,0,0,0,0,0,0,1,0,0,0,0,0,0,0,0,0,0,1,1,0,1,0,0,0,0,0,2,0,0,0,0,0,0,0,0,0,0,0,0,0,0,0
60,0.9,260,0.5,0.5,440,TRUE,TRUE,2700,130,10,3,3,4,9,3,3,2,4,47,1,0,1,1,7,2,1,3,2,2,2,2,1,2,2,1,0,1,0,0,0,0,0,1,0,0,0,0,0,1,1,0,1,0,0,0,0,0,0,1,0,0,0,0,0,0,0,0,1,0,0,0,0,0,2,0,1,0,0,0,1,0,0,0,0,1,0,0,1,0,0,0,0,0,0,0,0,0,0,0
30,0.6,250,0.33,0.9,120,FALSE,TRUE,2700,128,6,5,4,3,5,3,3,2,3,50,1,0,0,0,8,1,2,1,2,5,0,2,2,0,1,2,0,0,1,3,1,1,0,0,0,0,0,0,0,0,1,0,1,0,0,0,0,0,0,2,1,0,1,0,0,0,0,0,0,1,0,0,0,0,0,0,0,0,1,0,1,0,0,0,2,1,0,0,0,0,0,0,0,0,0,0,0,0,0,0
40,0.9,200,0.81,0.6,190,FALSE,FALSE,2700,127,6,3,2,5,5,3,4,4,7,51,1,0,1,1,2,5,0,0,1,1,0,4,1,0,1,3,2,0,0,5,0,0,0,0,0,0,0,0,0,0,0,0,1,0,0,0,0,1,0,0,0,0,0,0,1,0,0,0,1,0,0,0,0,0,1,0,2,0,0,1,0,0,1,0,0,0,0,0,0,1,0,0,0,0,0,0,0,0,0,0
50,0.8,210,0.44,0.8,810,TRUE,FALSE,2700,128,8,2,2,5,5,4,1,2,7,49,4,1,0,2,3,3,5,1,0,4,1,1,2,1,0,0,0,0,0,4,0,1,0,0,0,0,0,0,0,0,1,1,0,0,0,1,0,0,0,0,1,0,0,0,0,0,0,0,1,0,0,0,0,0,0,1,0,0,1,0,1,0,1,1,0,0,0,0,1,0,0,0,0,0,0,0,0,0,0,0
80,0.6,250,0.36,0.5,350,FALSE,FALSE,2700,126,10,1,2,6,5,3,4,1,7,51,2,1,0,3,3,2,1,2,1,2,1,0,1,0,3,0,0,1,0,3,0,0,0,0,0,0,0,0,0,0,0,1,0,0,1,1,1,0,0,0,1,0,0,0,0,0,0,0,1,0,0,0,0,0,0,0,0,0,1,0,0,0,2,0,0,0,0,1,1,0,0,0,0,0,0,0,0,0,0,0
20,0.8,270,0.87,0.4,510,TRUE,TRUE,2700,122,7,3,3,1,7,4,4,3,3,46,2,1,2,0,4,4,0,1,3,3,0,1,0,0,2,1,1,0,1,3,0,0,0,0,0,0,0,0,0,2,1,0,0,1,0,0,0,0,0,0,2,1,0,0,0,0,0,0,2,0,0,0,0,0,0,1,0,0,0,0,0,0,1,0,0,0,1,1,0,0,0,0,0,0,0,0,0,0,0,0
40,0.8,200,0.84,0.8,230,FALSE,TRUE,2700,126,7,5,2,4,6,2,3,3,1,53,0,0,2,0,5,4,2,2,1,3,2,1,0,1,0,0,0,2,0,5,1,0,0,1,0,0,0,0,0,0,1,0,1,0,0,0,0,0,0,0,0,0,0,0,0,0,0,0,1,0,1,0,0,0,2,0,0,0,1,0,0,1,0,0,0,1,0,0,0,0,0,0,0,0,0,0,0,0,0,0
10,0.7,290,0.82,0.6,710,FALSE,TRUE,2700,125,4,2,2,4,13,3,2,1,5,47,0,2,1,2,3,4,0,1,4,5,1,2,0,0,2,0,1,0,0,3,0,0,0,0,1,0,0,0,1,0,0,0,0,0,0,1,1,0,0,0,0,0,0,0,0,1,0,0,0,2,0,0,0,0,0,0,0,0,0,1,0,0,1,0,0,0,0,1,1,1,0,0,0,0,0,0,0,0,0,0
90,0.8,130,0.85,0.8,320,FALSE,FALSE,2700,122,7,4,1,2,7,4,6,1,3,51,1,1,1,1,3,3,1,0,3,1,1,1,0,0,1,1,0,1,1,3,0,2,0,0,0,1,0,0,0,0,0,0,0,0,0,0,0,0,0,1,0,0,1,0,0,0,0,0,1,0,2,0,0,0,0,0,0,0,1,0,0,1,0,0,3,0,0,0,0,0,0,0,0,0,0,0,0,0,0,0
70,0.7,210,0.49,0.7,800,FALSE,FALSE,2700,125,8,2,3,4,6,1,5,4,2,47,2,1,2,3,4,4,3,3,1,3,0,0,0,2,0,0,0,0,0,2,1,1,1,0,0,0,0,0,0,0,2,1,0,0,0,0,0,0,0,0,1,0,1,0,0,0,0,0,1,0,1,0,0,0,0,1,0,1,0,0,0,0,0,1,0,0,0,0,0,0,0,0,0,0,0,1,0,0,0,0
20,0.8,140,0.39,0.9,190,FALSE,TRUE,2700,126,8,3,2,3,6,5,1,3,4,51,2,0,2,1,5,6,0,1,3,4,0,1,0,1,0,0,2,0,1,1,0,1,0,0,0,0,0,0,0,0,1,0,0,1,1,0,0,0,1,0,0,0,0,0,0,1,0,0,1,0,0,0,0,0,0,0,0,0,1,0,0,1,0,0,0,0,0,0,0,0,0,0,1,0,0,0,1,0,0,0
100,0.5,290,0.52,0.9,960,TRUE,FALSE,2700,130,12,5,0,0,9,3,2,2,6,50,0,1,1,1,5,5,1,1,2,3,2,1,1,0,2,0,0,0,0,2,2,1,0,0,0,1,0,0,0,1,0,1,0,1,0,0,0,0,0,0,0,0,0,0,0,0,0,0,1,1,0,0,0,0,0,0,0,1,0,0,1,0,0,0,1,1,0,0,0,0,0,0,0,1,0,0,0,0,0,0
80,0.9,160,1,0.8,640,FALSE,FALSE,2700,125,6,4,1,4,4,4,4,5,8,43,5,0,1,2,3,5,1,0,0,3,1,1,1,1,1,0,0,0,1,3,1,0,1,0,1,0,0,0,0,1,0,0,1,0,0,1,0,0,1,0,1,0,0,0,0,0,0,0,0,0,0,0,0,0,0,0,0,0,1,0,0,1,0,0,1,1,0,0,2,0,0,0,0,0,0,0,0,0,0,0
20,0.7,270,0.86,0.8,320,FALSE,TRUE,2700,126,9,5,3,3,8,1,4,3,4,43,2,3,0,3,4,2,3,3,0,2,1,0,2,1,1,1,0,1,2,0,0,0,0,0,0,0,0,0,0,0,1,0,0,0,1,1,0,0,0,0,1,1,0,0,1,1,0,0,0,0,0,0,0,0,0,0,0,0,2,0,0,0,0,0,2,0,0,0,2,0,0,0,0,0,0,0,0,0,0,0
10,0.5,200,0.32,0.7,190,FALSE,FALSE,2700,127,6,4,2,3,7,2,5,2,3,53,2,1,2,1,5,2,0,2,0,2,1,2,0,0,3,0,1,0,1,4,1,0,0,1,0,0,0,0,0,1,0,0,0,0,0,0,0,0,0,0,1,1,0,0,0,0,0,0,1,0,1,0,0,0,1,0,1,0,1,0,0,0,1,1,0,0,0,0,0,0,0,0,0,0,0,0,0,0,0,0
70,0.9,100,0.7,0.9,350,FALSE,FALSE,2700,126,8,2,2,4,11,3,5,4,9,40,1,2,2,0,4,2,0,0,0,3,5,0,2,1,1,1,1,1,1,2,0,0,0,0,0,0,0,0,0,0,0,0,1,0,0,0,1,0,0,0,0,0,0,0,0,0,0,0,1,0,1,0,0,0,1,0,0,0,3,0,0,0,0,0,1,0,0,0,0,0,0,0,1,0,0,0,0,0,0,0
20,0.6,230,0.93,0.5,190,TRUE,FALSE,2700,123,9,2,2,5,5,4,0,2,7,46,1,2,0,1,2,6,2,2,1,6,0,1,0,1,1,0,0,0,0,3,0,0,1,0,0,0,1,0,0,1,0,0,0,0,0,1,0,0,0,0,0,2,0,0,0,0,0,0,2,0,0,0,0,0,1,0,0,1,0,0,0,0,0,2,0,0,0,0,0,1,0,0,0,0,0,0,0,0,0,0
50,0.7,210,0.84,0.6,420,TRUE,TRUE,2700,127,7,5,1,4,7,5,3,2,3,49,1,1,0,1,5,1,2,2,2,3,3,2,0,1,0,3,0,0,0,1,0,2,0,0,0,0,1,0,0,2,0,0,0,0,0,0,0,0,0,0,1,0,1,0,0,0,0,0,0,0,0,0,0,0,1,1,0,0,2,0,0,0,0,1,1,0,0,0,1,0,0,0,0,0,0,0,0,0,0,0
50,0.9,150,0.83,0.9,960,TRUE,TRUE,2700,125,3,3,0,3,9,3,5,0,4,53,0,1,4,3,3,5,2,0,4,4,0,1,2,0,1,0,0,0,0,2,0,0,0,1,0,0,0,0,0,0,0,1,0,0,0,0,0,0,0,1,0,0,0,0,1,0,0,1,0,0,0,0,1,0,0,1,0,0,1,0,0,0,0,0,0,0,0,1,1,1,0,0,0,0,0,0,0,0,0,0
80,0.9,230,0.48,0.6,510,TRUE,FALSE,2900,121,5,3,2,4,4,3,6,2,7,43,3,0,0,2,6,2,4,2,1,2,2,2,1,0,1,1,0,0,0,3,0,0,0,0,0,0,0,0,0,0,0,1,0,0,0,1,0,0,0,1,0,0,1,0,0,0,0,0,0,2,0,0,0,0,0,1,0,0,1,0,0,0,0,0,0,1,0,0,1,0,0,0,0,0,1,0,0,0,0,0
50,0.6,150,0.93,0.8,410,TRUE,FALSE,2900,121,1,3,2,3,7,3,7,1,9,50,2,0,1,1,6,0,0,2,2,2,1,1,0,2,2,1,0,0,0,2,0,1,0,0,0,0,0,0,0,0,1,0,1,0,0,0,1,0,0,0,1,0,0,0,0,0,0,0,0,0,0,0,0,0,1,0,0,0,0,1,0,0,0,1,1,1,0,0,1,0,0,0,0,0,0,0,0,0,0,0
60,0.8,210,0.43,0.6,830,FALSE,FALSE,2900,124,4,2,1,4,8,2,4,5,3,46,8,1,0,3,1,3,2,2,3,4,0,0,2,0,1,1,0,0,0,2,1,1,0,0,0,0,0,0,0,1,0,1,0,0,0,0,0,0,0,0,1,0,0,1,0,1,0,0,0,0,1,0,0,0,1,0,0,1,1,0,0,0,1,0,0,0,0,0,1,0,0,0,0,0,0,0,0,0,0,0
80,0.5,130,0.77,0.6,810,FALSE,TRUE,2900,120,5,2,1,3,6,4,4,2,4,51,1,2,2,3,3,2,1,1,2,2,0,1,0,1,1,1,0,0,0,2,1,0,1,0,0,0,0,0,0,0,0,0,1,0,0,0,1,0,0,1,1,1,0,0,1,0,1,0,0,0,1,0,0,0,0,0,0,0,1,0,0,0,0,1,0,1,0,0,1,0,0,0,0,0,0,0,0,0,0,0
40,0.9,120,0.42,0.3,700,FALSE,TRUE,2900,122,8,1,2,3,7,2,3,2,5,47,3,0,1,0,3,3,2,2,0,3,0,1,0,1,1,2,2,0,1,4,1,1,1,0,0,0,0,0,0,1,0,1,1,0,0,1,0,0,0,1,0,0,0,0,0,0,0,0,1,0,0,0,0,0,0,0,1,0,1,0,1,0,0,0,0,1,0,0,0,0,0,1,0,0,0,0,0,0,0,0
80,0.7,220,0.86,0.9,830,TRUE,FALSE,2900,123,2,4,1,1,7,1,4,5,5,47,1,1,1,2,4,5,1,1,0,7,1,0,1,1,3,1,0,0,0,5,0,0,0,0,0,0,0,0,0,1,0,0,0,0,0,1,0,0,0,4,0,1,0,0,0,1,0,0,0,0,0,0,0,0,1,1,0,0,0,0,0,0,0,0,0,0,0,0,0,2,0,0,0,0,0,0,0,0,0,0
90,0.8,130,0.47,0.7,280,TRUE,TRUE,2900,122,3,1,3,5,10,4,6,0,4,39,4,1,1,3,4,4,2,2,0,3,2,0,1,1,2,2,0,1,1,2,1,0,1,1,0,0,0,0,0,1,0,0,0,1,0,0,0,0,0,0,0,0,0,0,0,1,0,0,1,0,0,0,0,0,0,0,1,0,0,1,0,0,0,0,0,1,0,0,1,0,0,0,0,0,0,0,0,1,0,0
20,0.6,300,0.71,0.8,570,TRUE,FALSE,2900,119,4,1,1,4,10,5,5,3,7,44,1,2,4,1,4,1,0,0,1,3,0,2,1,0,2,1,2,1,0,0,0,0,0,0,0,0,0,0,0,0,0,1,1,0,0,0,0,0,0,0,0,0,0,0,0,0,1,0,1,0,0,0,0,0,2,1,0,0,0,0,0,0,0,0,0,1,0,0,2,0,0,0,0,0,0,0,0,0,0,0
60,0.8,220,0.86,0.8,950,FALSE,FALSE,2900,123,6,4,3,1,8,3,3,1,4,52,2,0,1,0,3,4,0,3,0,2,0,0,0,2,2,0,1,1,0,4,2,0,0,0,0,1,0,0,0,0,0,0,1,0,1,0,0,0,0,1,0,1,0,0,0,1,0,0,1,1,1,0,0,0,0,0,0,0,0,0,1,0,1,0,0,0,0,0,0,0,0,0,0,0,0,0,1,0,0,0
30,0.5,120,0.8,0.4,650,TRUE,FALSE,2900,122,7,1,2,3,4,0,7,0,2,50,2,2,1,0,5,7,1,3,1,3,2,0,2,2,0,0,0,0,1,3,0,0,0,0,0,0,0,0,0,1,0,0,0,0,0,0,0,0,0,0,1,0,0,0,0,1,0,0,0,0,0,0,0,1,0,2,0,0,1,1,1,1,0,0,0,0,0,0,1,1,0,0,0,0,0,0,0,0,0,0
20,0.5,270,0.32,0.3,920,FALSE,FALSE,2900,121,8,1,2,2,8,4,4,2,3,45,1,2,0,2,5,4,2,1,2,2,2,0,1,2,1,0,0,0,0,1,2,0,1,0,1,0,1,0,0,1,1,0,0,1,0,0,0,0,0,0,0,0,0,0,0,0,0,0,1,2,0,0,0,0,1,0,0,0,1,0,0,0,0,0,0,0,0,0,1,0,0,0,0,0,0,0,0,1,0,0
80,0.7,220,0.92,0.5,820,TRUE,FALSE,2900,123,4,4,1,3,8,3,3,2,2,52,1,1,1,3,3,2,1,1,0,3,2,0,1,1,3,1,1,0,1,3,1,0,1,0,0,1,0,0,0,0,1,0,1,0,1,0,0,0,0,0,1,0,0,0,0,0,0,0,1,1,0,0,0,0,0,1,0,0,1,0,0,0,0,0,0,1,0,0,0,0,0,1,0,0,0,0,0,0,0,0
90,0.6,250,0.44,0.3,530,FALSE,FALSE,2900,123,8,1,3,2,10,4,2,3,2,46,2,0,1,1,6,3,1,0,1,2,2,3,1,0,1,2,1,2,1,2,1,0,0,0,0,0,1,0,0,0,0,0,0,2,0,0,0,0,0,1,0,0,0,0,0,0,0,1,0,0,0,0,0,0,0,1,0,0,1,0,0,0,0,0,0,0,0,0,2,0,0,0,0,0,0,0,1,0,0,0
30,0.9,200,0.45,0.7,930,TRUE,FALSE,2900,123,0,3,3,2,7,5,3,3,4,53,3,2,0,0,4,2,1,3,1,3,0,1,0,3,0,3,0,1,0,3,0,0,0,0,0,0,0,0,0,3,0,1,0,0,1,0,0,0,0,1,0,0,0,0,0,0,0,0,1,0,0,0,0,0,1,0,0,0,1,0,0,0,0,0,0,0,0,0,0,1,0,0,0,0,0,0,1,0,0,0
60,0.7,230,0.36,0.3,520,TRUE,TRUE,2900,122,1,1,2,3,8,3,3,3,4,51,2,2,1,1,7,0,0,2,0,4,0,2,1,0,2,2,0,1,0,6,0,0,0,0,0,0,0,0,0,0,1,0,0,0,0,0,1,0,0,2,1,0,0,0,0,0,0,0,0,1,0,0,1,0,0,1,0,0,0,0,0,0,0,1,0,0,0,0,1,1,0,0,0,0,0,0,0,0,0,0
40,0.6,120,0.68,0.6,460,FALSE,TRUE,2900,121,4,0,3,6,8,3,3,4,5,43,0,2,0,1,5,4,0,2,3,1,2,0,1,1,1,2,0,0,0,4,1,0,0,0,1,0,0,0,1,1,1,0,1,0,0,0,0,0,0,0,1,0,1,0,0,0,0,0,0,0,0,0,0,0,1,0,0,1,2,0,0,1,0,0,0,0,1,0,0,0,0,0,0,0,0,0,0,0,0,0
90,0.9,110,0.9,0.4,700,TRUE,TRUE,2900,122,1,5,1,1,7,5,4,5,3,54,1,0,2,1,4,2,0,1,1,2,1,0,1,1,3,1,0,1,0,4,0,0,0,0,0,0,1,0,0,2,0,0,0,0,0,0,0,0,0,1,0,0,1,0,1,0,0,0,1,0,0,0,0,0,1,0,0,0,1,0,0,0,0,0,0,0,0,0,1,0,0,0,0,0,0,0,1,0,0,0
10,0.8,140,0.86,0.3,200,TRUE,FALSE,2900,122,2,3,3,4,8,1,4,4,9,46,1,0,2,0,5,3,1,1,0,4,0,2,0,2,4,0,2,0,0,2,0,0,1,0,0,0,0,0,0,0,2,0,0,0,0,0,0,0,0,1,1,0,0,0,0,0,0,0,0,0,0,0,0,0,1,0,0,1,0,0,0,0,0,0,0,2,0,0,0,0,0,0,0,1,0,0,0,0,0,0
40,0.8,150,0.45,0.3,150,FALSE,TRUE,2900,122,1,4,1,4,9,1,3,6,2,47,1,1,0,1,4,5,3,3,0,3,1,0,1,0,2,2,1,1,1,2,1,0,0,0,0,0,1,0,0,3,0,0,0,0,0,0,0,0,0,0,0,0,2,0,0,0,0,1,0,2,0,0,0,0,0,0,0,0,0,0,0,0,0,0,1,0,0,0,1,1,0,0,0,0,0,0,0,0,0,0
10,0.6,250,0.57,0.8,780,FALSE,TRUE,2900,124,2,3,3,5,6,0,5,1,3,54,2,0,2,0,5,5,1,4,2,2,1,0,0,0,0,2,0,0,0,5,0,0,0,1,0,0,0,0,0,0,1,0,0,0,0,0,0,0,0,1,0,0,0,2,0,0,0,0,1,2,0,0,0,0,0,0,0,0,1,1,0,0,0,0,1,0,0,1,0,0,0,0,0,0,0,0,0,0,0,0
60,0.9,220,0.49,0.9,880,FALSE,TRUE,2900,121,8,0,3,1,8,2,2,0,3,48,3,1,1,2,5,5,0,2,1,2,1,0,2,3,1,0,1,0,2,3,1,0,0,0,0,0,0,0,0,1,1,0,0,0,0,0,1,0,0,0,0,0,0,0,1,1,1,0,1,0,1,0,0,0,0,0,0,0,1,0,0,1,0,0,0,0,0,0,1,0,0,0,0,0,0,0,0,0,0,0
10,0.8,230,0.68,0.5,800,FALSE,FALSE,2900,124,4,3,1,2,10,1,5,3,2,46,0,1,1,1,5,1,3,1,2,9,1,1,0,2,0,2,0,0,1,4,0,2,0,0,0,0,0,0,0,2,0,0,0,0,0,0,0,0,0,1,0,0,0,0,0,2,0,0,0,2,0,0,0,0,1,0,0,0,0,1,0,0,0,0,1,0,0,0,0,1,0,0,0,0,0,0,0,0,0,0
80,0.7,250,0.81,0.6,1000,TRUE,FALSE,2900,122,2,2,1,3,9,6,4,1,2,51,1,1,2,2,3,4,1,0,1,8,0,0,1,0,1,0,0,1,1,1,0,1,0,0,0,0,2,0,0,3,0,0,0,0,0,0,0,0,0,0,0,1,0,0,0,2,0,0,0,1,0,0,0,0,0,0,0,0,2,0,0,0,0,0,0,0,0,0,0,1,0,0,0,0,0,0,1,0,0,0
20,0.7,170,0.31,0.3,130,FALSE,FALSE,2900,122,7,3,1,5,5,3,3,5,2,44,0,0,2,0,9,2,2,1,5,2,0,0,0,1,2,2,0,1,0,2,2,0,0,0,0,0,0,0,0,0,2,0,0,1,0,0,0,0,0,1,0,0,0,1,0,0,0,0,1,1,0,0,1,0,1,0,1,0,0,0,0,0,0,0,0,0,0,0,2,0,0,0,0,0,0,0,0,0,0,0
70,0.7,250,0.64,0.3,710,FALSE,FALSE,2900,123,2,2,1,6,7,3,3,6,2,49,0,1,1,1,4,4,2,3,1,3,1,0,1,0,3,1,2,0,1,2,1,0,0,0,0,0,0,0,0,1,0,0,1,0,0,0,0,0,0,0,0,0,0,0,0,0,0,0,0,1,0,0,0,0,1,0,0,0,1,2,0,1,0,0,0,0,0,0,0,1,0,0,0,0,0,0,0,1,0,0
50,0.8,260,0.59,0.5,910,FALSE,FALSE,2900,122,2,2,3,7,10,1,5,2,9,44,1,0,0,1,1,3,1,2,2,5,1,1,1,2,3,1,0,2,0,1,0,0,0,1,0,0,0,0,0,0,0,0,0,0,0,0,1,0,0,1,0,0,1,0,0,0,0,0,0,0,0,0,0,0,1,0,0,0,1,0,0,1,0,0,0,0,0,0,1,1,0,0,0,0,0,0,0,1,0,0
30,0.8,120,1,0.7,230,FALSE,FALSE,2900,122,4,4,4,2,5,6,2,2,4,52,1,0,1,1,4,1,4,1,1,3,1,1,1,2,0,0,0,0,0,3,0,0,1,0,1,0,0,0,0,0,1,0,0,0,0,0,0,0,0,1,0,1,0,0,1,0,0,0,0,0,2,0,0,0,1,0,1,0,1,0,0,0,0,1,0,0,0,0,0,0,0,0,0,0,0,0,1,0,0,0
20,0.5,270,0.95,0.3,910,TRUE,FALSE,2900,125,5,5,3,1,8,2,3,3,4,48,3,1,2,1,2,5,0,3,2,4,1,2,1,1,2,0,0,0,1,0,0,0,0,0,1,0,0,0,0,1,0,0,0,0,0,0,0,1,0,0,1,1,0,0,1,0,1,0,0,0,0,0,0,0,1,1,0,0,1,1,0,0,0,0,0,0,0,0,1,1,0,0,0,0,0,0,0,0,0,0
50,0.6,160,1,0.9,950,TRUE,FALSE,2900,122,4,2,1,4,10,8,3,0,4,48,0,1,2,1,5,1,0,2,1,5,0,0,0,3,2,1,1,0,0,2,1,1,0,0,0,0,0,0,0,0,0,0,0,0,0,0,0,0,0,1,0,0,0,1,0,0,1,0,1,2,0,0,0,0,0,0,0,0,2,0,0,0,0,0,0,0,1,0,1,0,0,0,0,0,0,0,0,0,0,0
80,0.7,270,0.93,0.6,460,FALSE,FALSE,2900,120,1,4,3,2,9,2,1,4,2,52,1,0,2,1,4,3,2,0,1,4,1,0,1,1,3,1,0,0,2,3,0,0,0,0,0,0,1,0,0,1,0,0,0,0,0,0,0,0,0,1,0,1,0,0,1,0,1,0,2,1,0,0,0,0,0,0,0,0,0,0,0,0,0,0,0,0,0,0,0,1,0,0,0,0,0,0,1,0,0,0
70,0.6,240,0.83,0.8,790,TRUE,TRUE,2900,123,6,6,1,3,6,3,2,2,3,49,0,1,2,0,3,3,5,2,3,5,0,1,0,1,1,0,0,0,1,2,0,0,0,0,1,0,0,0,0,0,0,0,0,1,0,0,1,0,0,0,1,0,1,1,0,0,0,0,0,2,0,0,0,0,0,0,1,0,1,0,0,0,0,0,1,0,0,0,0,2,0,0,0,0,0,0,0,0,0,0
10,0.7,110,0.46,0.9,430,TRUE,TRUE,2900,123,5,3,5,1,3,4,5,0,3,50,1,0,0,2,7,2,2,1,1,3,2,1,3,1,1,0,0,1,2,2,0,1,0,0,0,0,0,0,0,2,0,0,0,0,0,0,0,0,0,0,1,1,0,0,1,0,0,0,1,0,1,0,0,0,1,0,0,0,0,2,0,1,0,0,0,0,0,0,0,0,0,0,0,0,0,0,0,1,0,0
10,0.5,190,0.84,0.3,840,TRUE,FALSE,2900,121,8,4,3,1,7,2,2,4,1,45,0,0,1,2,6,3,3,1,1,5,1,2,1,1,1,1,1,0,1,1,1,0,0,0,0,1,0,0,0,0,4,0,0,0,0,1,0,0,0,0,0,0,0,0,0,0,0,0,0,0,0,0,1,0,0,0,0,1,1,0,0,0,0,1,0,1,0,0,1,0,0,0,0,0,0,0,0,0,0,0
70,0.6,210,0.86,0.6,780,FALSE,TRUE,2900,120,7,1,1,4,6,3,1,7,6,42,0,1,0,3,6,3,1,1,0,1,3,2,1,0,3,2,1,0,0,3,0,0,0,0,0,0,1,0,1,1,0,0,1,0,0,0,0,0,0,0,0,0,0,0,0,0,0,0,0,1,0,1,0,0,0,0,1,1,2,0,0,0,1,0,1,0,0,0,0,0,0,0,0,0,0,0,0,0,0,0
20,0.7,190,0.38,0.6,300,FALSE,TRUE,2900,120,6,2,3,4,5,3,3,6,6,41,0,1,0,1,3,3,0,2,1,3,1,1,0,0,3,3,1,0,0,2,2,1,1,1,1,0,0,0,0,0,0,0,1,0,0,0,1,0,0,1,0,0,1,0,0,0,0,0,1,2,0,0,0,0,0,0,0,1,1,0,0,0,0,0,1,0,0,0,0,0,0,0,0,1,0,0,0,0,0,0
20,0.5,190,0.71,0.8,320,TRUE,TRUE,2900,125,8,2,3,4,7,0,6,4,7,44,0,1,0,2,5,1,3,1,1,3,3,2,0,1,1,3,0,0,1,2,0,0,0,0,0,0,0,1,0,0,1,0,1,0,0,0,0,0,0,0,2,0,0,0,0,0,0,0,0,1,0,0,0,0,0,0,0,1,0,0,0,0,0,1,1,0,1,1,0,0,0,0,0,0,0,0,0,0,0,0
30,0.6,200,0.67,0.4,130,TRUE,TRUE,2900,124,7,2,3,2,5,1,7,3,6,47,2,1,1,0,3,2,1,0,1,5,1,2,0,0,4,2,0,1,0,2,1,0,0,1,0,0,0,1,0,1,1,0,0,0,0,0,0,0,0,0,2,0,1,0,0,0,0,0,1,1,0,0,0,0,1,0,0,0,0,0,0,0,0,1,0,0,1,0,1,0,0,0,0,0,0,0,0,0,0,0
20,0.9,280,0.52,0.5,710,TRUE,TRUE,2900,124,4,0,4,4,7,3,2,2,5,48,2,3,2,1,5,3,2,2,1,3,1,0,0,1,1,2,2,1,1,2,0,0,0,0,0,0,0,0,0,0,0,0,0,0,0,0,0,0,0,3,0,1,0,0,0,1,0,0,1,1,0,0,0,0,1,0,0,0,1,0,0,0,0,0,0,0,0,0,0,1,0,0,0,0,0,0,1,0,0,0
30,0.9,200,0.46,0.5,750,TRUE,TRUE,2900,123,5,0,4,3,11,3,1,3,3,43,2,1,2,4,3,3,2,2,4,4,0,1,0,0,1,2,1,1,0,1,1,2,0,0,0,0,0,0,0,0,0,0,0,0,1,0,0,0,0,0,0,1,0,0,0,0,0,0,1,2,0,0,0,0,1,0,0,0,3,0,0,0,0,0,0,1,0,0,1,0,0,0,0,0,0,0,0,0,0,0
90,0.5,240,0.41,0.7,820,TRUE,FALSE,2900,121,1,1,2,5,8,1,5,3,4,48,2,0,0,0,7,4,2,2,1,3,0,2,2,2,0,3,1,0,0,2,0,0,0,0,0,0,0,1,0,2,0,0,0,0,0,0,0,1,0,2,0,0,0,0,0,0,0,0,0,0,0,0,0,0,0,0,0,0,1,1,0,0,0,0,1,0,0,0,0,1,0,0,0,0,0,0,1,0,0,0
90,0.5,220,0.75,0.7,670,FALSE,TRUE,2900,123,2,2,3,5,7,4,3,2,3,48,0,2,1,2,5,5,1,2,3,6,0,1,1,0,2,1,0,1,0,2,0,0,0,0,0,0,0,0,0,0,0,1,0,0,0,0,0,0,0,2,0,0,0,1,0,0,0,0,0,0,0,0,0,0,1,0,0,1,1,1,0,0,0,0,0,0,0,0,0,1,0,0,0,0,0,0,1,0,0,0
60,0.8,290,0.57,0.9,390,FALSE,TRUE,2900,125,6,4,1,3,9,1,3,2,2,53,2,1,2,1,4,6,0,1,0,4,1,1,2,0,2,1,1,1,1,1,0,0,0,0,0,0,0,0,0,0,0,0,1,0,0,0,0,0,0,0,2,0,0,0,0,2,0,0,0,1,0,0,0,0,0,0,0,0,2,0,0,0,0,1,0,0,0,0,0,0,0,0,0,0,0,1,0,0,0,0
70,0.5,220,0.39,0.6,770,FALSE,TRUE,2900,119,2,4,0,4,7,3,3,2,3,50,0,1,2,1,2,3,3,1,2,2,0,0,2,1,2,1,0,0,2,3,0,1,0,0,0,1,0,0,0,2,0,0,0,0,0,0,0,0,0,0,1,0,0,0,1,0,1,0,1,1,0,0,0,0,0,0,1,0,1,2,0,0,0,0,0,0,0,0,0,1,0,0,0,0,0,0,0,0,0,0
30,0.5,280,0.44,0.9,940,TRUE,FALSE,2900,121,2,4,1,4,5,3,6,5,4,48,0,0,0,1,4,3,1,1,2,4,1,1,1,0,2,2,1,0,0,3,0,0,0,0,0,0,0,0,0,2,0,0,1,0,0,0,0,1,0,4,0,0,0,0,0,0,0,0,0,1,0,0,0,0,1,0,0,1,0,0,0,0,0,0,0,0,0,0,0,1,0,0,1,0,0,0,0,0,0,0
90,0.6,100,0.35,0.5,860,TRUE,TRUE,2900,125,9,3,4,2,7,5,4,2,3,42,2,1,3,2,3,0,1,0,4,6,0,2,0,0,2,1,2,1,0,3,1,0,0,0,0,0,0,0,0,0,0,1,0,0,0,1,0,0,0,0,0,0,0,1,1,0,0,0,1,0,0,0,0,0,0,0,1,0,1,1,0,1,0,0,0,0,0,0,2,0,0,0,0,0,0,0,0,0,0,0
20,0.7,100,0.31,0.8,610,FALSE,FALSE,2900,120,5,3,2,1,6,2,3,5,8,46,0,0,0,3,2,2,2,0,2,2,3,3,0,1,2,2,1,0,0,4,0,0,0,0,0,0,1,0,0,0,0,0,0,0,0,0,0,0,0,0,0,0,1,0,0,0,0,0,0,0,2,0,0,0,0,0,0,0,3,0,1,0,0,1,1,0,1,0,0,0,0,0,0,0,0,0,0,0,0,0
20,0.8,180,0.98,0.3,1000,FALSE,FALSE,2900,124,7,4,1,2,8,2,5,1,7,45,1,0,2,2,3,4,1,2,1,2,2,2,0,2,2,0,0,0,0,2,1,0,1,0,0,0,0,1,1,0,0,1,0,0,0,0,1,0,0,2,0,1,0,0,0,0,0,0,0,0,0,0,0,0,1,0,0,0,1,1,0,0,0,1,0,0,0,0,1,1,0,0,0,0,0,0,0,0,0,0
70,0.7,140,0.95,0.9,920,TRUE,FALSE,2900,120,9,3,1,3,7,4,3,2,3,46,1,2,2,1,4,1,2,3,2,3,2,0,1,1,0,0,1,1,1,0,0,0,0,0,0,0,0,0,0,0,0,0,0,0,0,0,0,0,0,1,0,2,1,0,1,0,0,1,0,0,0,0,0,1,1,0,0,1,1,0,0,0,0,0,0,0,0,0,1,1,0,0,0,0,0,0,0,0,0,0
90,0.9,270,0.44,0.5,810,TRUE,FALSE,2900,120,5,2,1,5,10,5,3,1,2,43,3,1,2,1,2,2,1,1,2,3,1,2,0,0,4,3,0,2,0,1,0,0,1,0,0,0,1,0,0,1,0,0,0,0,0,0,0,1,0,0,1,0,0,1,0,1,1,0,0,1,0,0,0,0,0,0,0,0,1,1,0,0,0,0,0,0,0,1,1,0,0,0,0,0,0,0,0,0,0,0
80,0.9,300,0.53,0.5,170,FALSE,FALSE,2900,124,3,1,2,6,7,3,2,4,4,46,1,1,2,3,5,4,2,2,3,6,0,2,1,1,0,0,1,0,0,2,1,0,0,0,0,0,0,0,0,0,1,0,0,0,0,0,0,0,0,1,1,1,0,0,0,0,0,0,0,2,0,0,0,0,1,0,0,0,0,0,0,0,0,1,0,0,0,1,1,0,0,0,0,0,0,0,0,0,0,0
60,0.5,280,0.65,0.8,380,TRUE,FALSE,2900,125,5,3,2,1,6,2,2,6,2,51,1,0,2,3,5,4,2,4,1,3,0,2,1,0,1,1,0,1,1,3,0,0,0,0,0,0,0,0,0,2,0,0,0,0,0,0,0,0,0,0,0,0,1,1,0,0,0,1,0,1,0,0,0,0,0,0,0,0,1,1,0,0,0,0,0,0,1,0,0,1,0,0,0,0,0,0,0,0,1,0
90,0.8,220,0.59,0.8,930,FALSE,FALSE,2900,121,4,1,2,6,11,4,4,4,3,42,4,2,1,2,2,2,1,1,2,2,0,1,0,2,1,0,2,0,0,3,0,1,0,0,0,1,1,0,0,1,0,0,0,0,1,1,0,0,0,1,1,0,0,0,1,0,0,0,0,0,0,0,0,0,0,0,0,0,1,0,0,0,0,0,0,1,0,0,2,0,0,0,0,0,0,0,0,0,0,0
100,0.5,270,0.62,0.5,390,TRUE,TRUE,2900,123,3,1,1,3,11,5,8,1,5,45,1,1,1,3,2,1,4,2,0,1,1,0,1,1,3,2,0,0,0,3,1,1,0,0,0,0,1,0,0,2,0,1,0,0,0,0,0,0,0,2,0,0,0,0,0,1,0,0,0,0,0,0,0,0,0,1,0,0,1,0,0,0,0,0,0,0,1,0,1,1,0,0,0,0,0,0,0,0,0,0
90,0.6,270,0.74,0.9,930,TRUE,TRUE,2900,119,7,2,2,1,7,0,4,3,3,48,1,1,0,3,2,0,4,2,3,4,2,2,1,1,1,3,0,0,0,1,0,0,0,0,1,0,1,0,1,0,0,0,1,0,0,0,0,0,0,0,1,0,0,0,0,0,0,0,0,1,1,0,0,0,0,1,1,0,1,0,0,0,0,1,0,0,0,1,0,0,0,0,0,0,0,0,0,0,0,0
70,0.7,190,0.59,0.7,410,TRUE,TRUE,2900,122,3,3,3,2,8,5,4,2,2,51,0,1,0,1,2,2,1,2,2,4,0,1,1,1,3,1,0,2,2,4,0,0,0,0,0,0,0,0,0,1,0,0,0,0,0,0,0,0,0,0,0,0,1,0,0,0,0,1,1,2,0,0,0,0,1,0,0,0,0,1,0,0,1,0,0,0,0,0,0,1,0,0,0,0,0,0,0,0,0,0
80,0.5,220,0.34,0.4,550,TRUE,FALSE,2900,120,0,3,4,3,6,1,2,5,2,54,0,2,0,1,4,5,1,3,1,1,1,3,1,1,1,0,1,0,2,2,1,0,0,0,0,0,0,0,0,0,1,0,1,0,0,0,0,0,0,0,0,0,1,0,0,0,1,0,1,0,0,0,0,0,1,0,1,0,1,0,0,0,0,0,0,0,0,0,1,0,0,0,0,0,0,0,0,0,1,0
80,0.9,250,0.88,0.7,850,FALSE,TRUE,2900,120,3,2,1,6,10,2,2,4,2,42,5,0,3,2,4,3,2,0,2,3,0,0,0,0,3,1,0,0,0,2,0,1,0,1,0,1,1,0,1,0,1,0,1,0,0,0,1,0,0,1,0,0,0,1,0,1,1,1,0,1,0,0,0,0,0,0,0,0,1,0,0,0,0,0,0,0,0,1,1,0,0,0,0,0,0,0,0,0,0,0
80,0.9,220,0.54,0.9,260,FALSE,FALSE,2900,124,2,3,1,4,11,1,3,5,3,49,0,2,2,1,3,3,1,3,3,2,0,0,1,0,2,2,0,0,1,3,0,2,0,0,0,0,0,0,0,1,0,1,0,0,0,0,0,0,0,1,0,0,0,0,0,2,0,0,1,2,0,0,0,0,0,1,0,0,0,1,0,0,0,0,0,1,0,0,1,0,0,0,0,0,0,0,0,0,0,0
50,0.5,300,0.87,0.3,660,FALSE,FALSE,2900,123,3,4,3,3,8,3,4,2,6,48,0,0,0,1,1,6,1,0,0,7,0,2,2,0,3,0,0,1,0,4,0,1,0,0,0,0,0,0,1,0,0,0,0,0,0,0,0,0,0,1,2,1,0,0,1,0,0,0,0,0,0,0,0,0,1,1,0,0,1,0,0,0,0,1,0,0,0,0,0,0,0,0,0,0,0,0,1,0,0,0
90,0.6,210,0.71,0.3,180,TRUE,FALSE,2900,120,8,3,2,0,6,2,4,1,3,48,2,0,0,1,6,2,2,0,1,6,0,2,1,1,3,1,0,2,0,2,0,0,0,0,0,0,0,0,0,0,0,2,0,0,0,1,1,0,0,0,2,0,0,0,0,0,1,0,0,1,0,0,0,0,0,0,0,0,2,0,0,1,0,0,1,0,0,0,0,0,0,0,0,0,0,0,0,0,0,0
70,0.8,200,0.49,0.5,310,FALSE,TRUE,2900,123,6,2,4,1,5,3,5,1,2,53,3,0,1,3,4,3,2,2,2,1,0,1,1,1,1,1,0,0,1,2,1,0,0,0,0,1,0,0,0,1,0,0,0,0,0,0,0,0,0,0,0,1,0,0,1,0,0,0,2,1,2,0,0,0,0,0,0,0,0,0,0,0,0,1,0,1,0,0,0,0,0,0,0,0,0,0,1,0,0,0
100,0.6,300,0.58,0.9,630,FALSE,FALSE,2900,122,3,3,0,6,13,6,2,1,7,38,2,2,3,1,2,5,1,1,1,1,2,0,0,1,3,0,1,3,1,2,0,1,1,0,1,0,0,0,0,0,1,0,0,0,0,1,0,0,0,1,0,0,0,0,0,0,0,0,0,0,0,0,0,0,0,0,0,0,1,1,0,0,0,0,0,1,1,0,1,0,0,0,0,0,0,1,0,0,0,0
70,0.5,150,0.61,0.4,950,TRUE,FALSE,2900,121,3,1,1,6,10,1,3,5,4,42,4,2,1,4,2,4,2,0,2,2,1,1,1,1,2,1,1,0,1,2,0,0,1,0,1,1,0,0,0,0,1,0,0,0,1,0,0,0,0,0,0,0,0,0,0,1,0,0,1,1,0,0,0,0,0,1,0,0,1,0,0,0,0,0,0,0,0,0,2,0,0,0,0,0,0,0,0,0,0,0
40,0.9,210,0.56,0.4,280,TRUE,FALSE,2900,121,5,3,1,1,6,3,3,2,6,45,4,1,3,1,5,4,2,1,2,3,1,0,1,1,1,1,0,1,0,1,1,0,0,0,0,0,0,0,0,0,1,0,0,0,0,0,1,0,1,0,2,0,0,0,0,1,1,0,0,0,0,0,0,1,1,0,0,1,0,1,0,0,0,0,0,0,0,0,2,0,0,0,0,0,0,0,0,0,0,0
100,0.8,280,0.56,0.7,170,FALSE,FALSE,2900,123,2,2,4,0,9,4,5,3,2,48,1,0,0,2,5,2,2,0,5,8,1,1,1,1,0,0,1,0,0,2,0,0,1,0,1,0,0,1,0,1,0,0,0,0,0,0,2,0,0,2,0,0,0,0,0,0,0,0,1,0,0,0,0,0,0,1,0,0,1,0,0,0,0,0,0,0,0,0,0,1,0,0,0,1,0,0,0,0,0,0
80,0.5,280,0.96,0.5,1000,FALSE,TRUE,2900,121,4,4,3,5,3,2,3,6,3,46,4,0,2,0,7,3,2,2,1,2,1,1,0,0,1,0,1,1,1,2,2,0,0,0,0,0,1,0,0,0,0,0,1,0,0,0,0,0,0,0,1,0,0,0,0,0,0,0,0,0,1,0,0,0,1,1,0,0,1,0,0,0,1,0,0,0,1,0,1,0,0,0,0,0,0,0,0,0,0,0
20,0.8,210,0.33,0.9,110,TRUE,FALSE,2900,124,7,5,2,0,8,3,3,1,4,49,1,1,1,2,5,1,3,0,2,5,0,1,0,1,3,1,0,1,0,2,1,0,0,0,0,1,0,0,0,0,0,0,1,0,0,1,1,0,0,0,0,0,0,0,0,0,1,0,0,1,1,0,0,0,0,0,0,0,2,0,1,0,0,0,1,0,0,0,0,0,0,0,0,0,1,0,0,0,0,0
40,0.9,220,0.77,0.8,790,FALSE,FALSE,2900,121,6,1,3,3,10,0,5,2,5,43,1,0,0,3,5,6,2,2,0,3,2,1,2,1,2,2,0,0,0,1,0,0,0,0,0,0,0,0,0,0,1,0,0,0,0,0,0,0,0,0,0,0,0,0,1,0,0,1,2,1,0,0,0,0,0,1,0,0,1,0,0,0,1,0,0,0,0,0,2,0,0,0,0,0,0,0,0,0,0,0
50,0.7,110,0.54,0.7,140,FALSE,FALSE,2900,124,2,2,2,4,7,3,5,1,5,53,2,2,1,1,3,4,1,2,1,3,0,0,1,0,2,1,0,0,0,5,0,0,0,0,0,0,0,0,0,0,0,1,0,0,0,0,0,0,0,3,0,0,0,2,0,0,0,0,0,2,0,0,0,0,1,0,0,0,1,1,0,0,0,0,0,0,0,1,0,0,0,0,0,0,0,0,0,0,0,0
30,0.8,240,0.96,0.5,530,TRUE,TRUE,2900,119,4,3,4,2,7,7,3,0,2,48,2,0,2,1,5,3,0,1,0,2,1,1,3,0,0,1,1,1,1,2,0,0,0,0,0,0,0,1,0,1,0,1,0,0,0,0,1,0,0,0,1,0,0,0,1,1,0,1,0,0,0,0,0,0,0,0,0,0,0,1,1,0,1,0,0,0,1,0,0,1,0,0,0,0,0,0,0,0,0,0
20,0.7,130,0.34,0.4,870,TRUE,FALSE,2900,122,4,4,1,2,8,5,2,1,4,49,1,0,5,2,3,7,0,1,0,3,3,0,0,1,3,0,0,1,1,1,0,0,1,0,0,0,0,0,0,0,0,0,0,0,0,0,0,0,0,1,2,1,0,0,1,0,0,0,1,0,0,0,0,0,0,1,0,0,1,0,0,0,0,1,0,0,0,0,0,0,0,0,0,0,0,0,0,1,0,0
10,0.6,100,0.52,0.6,200,TRUE,TRUE,2900,123,3,1,2,4,5,2,6,0,7,52,0,2,0,4,6,3,2,1,3,2,2,1,0,1,0,0,0,0,0,2,0,0,0,1,0,0,0,0,0,1,0,1,0,0,0,2,0,0,0,1,2,0,0,0,0,1,0,0,0,0,0,0,0,0,0,1,0,0,0,0,0,0,0,0,2,0,0,0,1,0,0,0,0,0,0,0,0,0,0,0
70,0.7,130,0.44,0.6,750,TRUE,TRUE,2900,122,9,1,3,2,5,5,4,3,4,48,1,2,2,1,1,5,1,1,1,2,2,0,1,0,1,1,0,1,0,5,0,0,0,0,1,0,0,0,0,0,1,0,0,0,0,0,0,0,0,0,3,0,0,0,0,0,0,0,0,2,0,0,0,0,0,1,0,0,0,0,0,0,1,1,1,0,0,0,0,0,0,0,0,0,0,0,0,0,0,0
60,0.7,230,0.35,0.4,420,FALSE,TRUE,2900,120,1,2,2,7,6,2,5,0,4,51,2,1,0,1,4,3,2,3,2,4,0,1,1,1,1,1,0,0,0,3,1,0,0,0,0,0,0,0,0,0,0,0,0,0,0,0,0,0,0,2,0,0,0,1,0,0,0,0,1,2,0,0,0,0,1,0,0,0,0,0,0,0,1,0,0,0,0,0,1,1,0,0,0,0,0,0,0,0,0,0
50,0.7,150,0.69,0.6,700,TRUE,TRUE,2900,123,7,1,2,2,6,2,2,3,1,50,0,2,0,1,7,3,2,1,1,4,1,2,2,0,2,1,0,0,0,4,0,1,1,0,0,0,2,0,0,0,0,0,0,0,0,1,0,0,0,0,0,0,1,0,0,0,1,0,1,1,1,0,0,0,0,0,0,0,0,0,1,0,0,0,1,0,0,1,1,0,0,0,0,0,0,0,0,0,0,0
10,0.7,280,0.49,0.9,450,FALSE,FALSE,2900,123,2,3,2,2,11,2,6,4,2,50,0,1,0,1,5,2,2,1,0,9,1,1,1,0,0,0,0,1,2,2,0,1,0,0,0,0,0,0,0,0,0,0,0,0,0,0,1,0,0,2,0,0,0,0,0,0,1,0,1,1,0,0,0,0,0,1,0,0,1,0,0,0,0,0,0,0,0,0,1,0,0,0,0,0,1,0,0,0,0,0
90,0.6,120,0.43,0.8,480,TRUE,TRUE,2900,121,5,3,1,5,6,1,8,2,2,47,3,1,2,2,4,4,0,3,1,2,0,1,0,1,1,1,0,1,1,1,2,0,0,0,0,2,0,0,0,1,0,0,1,0,0,0,0,0,1,0,0,0,0,0,0,0,0,0,0,1,0,0,0,0,1,0,0,1,0,0,0,0,1,0,0,0,0,0,2,0,0,0,0,0,0,0,0,0,0,0
30,0.6,300,0.44,0.3,140,FALSE,TRUE,2900,123,5,3,2,3,5,1,6,3,3,51,3,1,0,2,2,2,1,2,2,3,1,1,1,1,2,2,0,1,0,4,0,0,0,0,0,0,0,0,0,1,1,0,0,0,0,0,0,0,0,0,1,0,0,1,0,0,0,0,1,0,1,0,0,0,1,0,0,0,1,0,0,1,1,0,0,0,0,0,1,0,0,0,0,0,0,0,0,0,0,0
80,0.5,100,0.79,0.5,710,FALSE,FALSE,2900,123,7,3,2,4,8,3,3,7,2,45,0,1,0,1,5,5,2,3,0,3,1,0,2,2,0,0,1,0,1,2,3,0,0,0,0,0,0,0,0,0,0,0,0,0,0,0,0,0,0,0,1,1,0,0,0,0,0,0,0,0,1,0,0,0,0,0,1,0,0,0,0,1,0,0,1,2,0,0,0,0,0,0,0,0,0,0,0,0,0,0
40,0.6,100,0.75,0.3,750,TRUE,TRUE,2900,118,6,3,2,1,8,4,5,1,5,41,0,2,2,2,6,2,1,2,1,2,2,2,0,1,2,1,1,2,0,2,0,0,0,1,0,0,0,0,0,0,1,0,0,0,0,0,0,0,0,0,0,0,0,0,0,0,1,0,0,2,0,0,0,0,0,1,0,0,1,0,0,0,0,0,1,0,0,1,1,0,0,0,0,0,0,0,0,0,0,0
90,0.6,180,0.65,0.5,110,FALSE,TRUE,2900,120,6,3,3,1,5,1,5,3,6,46,1,1,0,2,6,1,4,0,1,4,3,0,0,1,2,1,0,1,1,2,0,0,0,0,0,0,0,0,1,0,0,0,1,0,0,0,0,0,1,0,2,0,0,0,0,0,0,0,0,1,1,0,0,0,0,0,0,0,1,0,0,0,1,0,0,1,0,1,0,0,0,0,0,0,0,0,0,0,0,0
60,0.9,260,0.5,0.5,440,TRUE,TRUE,2900,122,7,1,0,4,7,2,4,4,3,46,1,0,1,3,2,5,2,0,3,5,0,0,0,0,2,0,1,0,0,8,1,0,0,0,0,0,1,0,0,0,0,0,1,0,0,0,0,0,0,1,0,0,0,0,1,0,0,0,0,2,0,0,0,0,0,0,0,1,1,0,0,0,0,0,1,0,0,0,0,1,0,0,1,0,0,0,0,0,0,0
30,0.6,250,0.33,0.9,120,FALSE,TRUE,2900,123,3,3,0,3,5,3,3,5,4,47,0,1,0,2,8,1,4,1,1,7,1,1,1,0,3,1,0,1,1,3,0,0,0,0,0,0,1,0,0,1,0,0,1,0,0,0,0,0,0,0,0,0,0,0,0,0,0,0,1,3,0,0,0,0,0,0,0,0,1,0,0,0,0,1,0,1,0,0,0,1,0,0,0,0,0,0,0,0,0,0
40,0.9,200,0.81,0.6,190,FALSE,FALSE,2900,123,3,2,2,4,5,3,4,2,11,41,2,0,2,2,11,4,1,1,0,5,1,1,2,1,0,0,2,0,1,1,0,0,0,0,0,0,0,0,0,0,1,0,2,0,0,0,0,0,0,0,1,0,0,0,0,0,0,0,0,0,0,0,0,0,1,0,1,0,1,0,0,0,0,0,0,0,0,1,2,0,0,0,0,0,0,0,0,0,0,0
50,0.8,210,0.44,0.8,810,TRUE,FALSE,2900,121,6,2,5,5,7,1,3,2,4,43,2,0,1,1,7,5,2,2,1,3,0,1,2,1,2,0,0,0,1,1,0,0,0,0,0,0,0,0,0,0,2,0,0,1,0,0,0,0,0,1,0,0,1,0,0,0,0,1,0,2,0,0,0,0,0,0,0,0,0,0,0,1,0,0,1,0,0,0,2,0,0,0,0,0,0,0,0,0,0,0
80,0.6,250,0.36,0.5,350,FALSE,FALSE,2900,121,5,4,2,4,7,1,6,0,5,46,3,0,0,0,4,4,2,2,0,3,1,0,2,1,0,1,1,1,0,4,3,0,0,0,0,0,0,0,0,1,0,0,0,0,0,0,0,0,0,0,0,0,0,1,1,0,0,0,0,0,2,0,0,0,0,0,0,1,2,0,0,0,1,0,1,0,0,0,0,0,0,0,0,0,0,0,0,0,0,0
20,0.8,270,0.87,0.4,510,TRUE,TRUE,2900,121,2,4,3,2,10,4,2,1,4,53,0,1,1,3,4,3,0,4,2,1,0,1,0,1,0,0,1,0,0,3,0,0,1,0,0,0,0,0,0,0,0,0,1,1,0,0,0,0,0,1,2,1,0,0,0,0,0,0,0,0,0,0,0,0,0,2,0,0,2,0,0,0,0,0,0,0,1,0,0,0,0,0,0,0,0,0,0,0,0,0
40,0.8,200,0.84,0.8,230,FALSE,TRUE,2900,123,3,4,2,2,6,6,3,3,4,53,0,1,0,1,4,0,0,1,1,2,0,0,2,1,4,2,2,0,0,5,0,1,0,0,0,0,0,0,0,0,0,0,0,0,0,0,1,1,1,2,0,0,0,0,2,0,0,0,1,0,0,0,0,0,0,0,0,0,0,0,0,1,0,0,0,0,0,0,1,1,0,0,0,0,0,0,0,0,0,0
10,0.7,290,0.82,0.6,710,FALSE,TRUE,2900,120,7,0,2,5,7,1,4,6,4,44,0,0,1,1,8,4,0,1,1,6,0,1,2,0,0,2,0,1,0,1,0,0,0,0,0,0,0,0,0,2,1,0,0,0,0,1,0,0,0,1,0,0,0,1,0,0,0,0,0,1,0,0,0,0,0,0,0,0,1,0,0,0,0,0,1,1,0,0,1,1,0,0,0,0,0,0,0,0,0,0
90,0.8,130,0.85,0.8,320,FALSE,FALSE,2900,121,6,2,3,1,7,3,3,5,3,49,1,1,3,1,3,3,2,3,1,3,0,0,0,0,2,0,0,1,0,2,1,2,0,0,0,0,0,0,0,0,1,0,0,0,0,0,0,1,0,0,1,1,0,0,0,0,0,0,0,0,2,0,0,1,0,0,0,0,1,0,0,0,0,0,1,1,0,0,1,0,0,0,0,0,0,0,0,0,0,0
70,0.7,210,0.49,0.7,800,FALSE,FALSE,2900,118,7,2,3,2,6,0,4,3,3,45,1,2,0,2,5,2,3,0,1,2,0,1,0,0,3,2,1,0,0,4,1,0,0,0,0,0,0,0,2,1,0,0,0,1,1,0,0,0,0,0,2,1,0,0,0,0,1,0,0,0,0,0,0,0,0,1,1,0,1,0,0,0,1,0,0,0,0,0,1,0,0,0,0,0,0,0,0,0,0,0
20,0.8,140,0.39,0.9,190,FALSE,TRUE,2900,123,10,1,2,4,6,2,3,4,5,45,1,2,0,1,5,3,1,3,0,3,2,0,2,1,0,1,1,1,0,2,3,0,0,0,0,0,0,0,0,0,1,0,0,0,0,0,0,0,0,0,1,0,0,0,0,0,1,0,1,0,1,0,0,0,0,0,1,0,0,0,1,0,0,0,1,1,0,0,0,0,0,1,0,0,0,0,0,0,0,0
100,0.5,290,0.52,0.9,960,TRUE,FALSE,2900,124,6,4,3,5,4,1,5,4,1,49,1,1,0,0,5,3,2,2,3,1,2,0,1,1,0,0,1,2,0,6,0,0,0,0,0,0,0,0,0,0,2,0,0,0,0,0,0,0,1,1,0,0,1,1,0,0,0,0,0,0,2,0,0,0,1,0,0,1,0,0,0,0,1,0,0,0,0,1,0,0,0,0,0,0,0,0,0,0,0,0
80,0.9,160,1,0.8,640,FALSE,FALSE,2900,122,6,1,2,1,6,1,3,3,3,49,3,0,1,1,4,4,1,1,0,6,2,1,2,0,2,1,2,1,3,2,0,0,0,0,0,0,0,0,0,0,0,0,0,2,0,0,0,0,0,1,3,0,0,0,0,0,0,0,0,0,0,0,0,0,0,1,0,0,2,0,0,0,1,0,0,0,0,0,0,0,0,0,0,0,0,0,0,1,0,0
20,0.7,270,0.86,0.8,320,FALSE,TRUE,2900,122,2,2,6,2,10,2,4,2,4,47,0,0,2,1,6,4,2,1,3,3,1,0,0,1,4,1,0,0,0,0,2,2,0,2,0,0,0,0,0,0,0,0,0,0,0,0,0,0,0,0,1,0,0,0,0,0,1,0,1,0,0,0,0,0,0,0,0,0,0,1,0,0,0,0,2,0,0,1,0,0,0,0,0,0,0,0,0,0,0,0
10,0.5,200,0.32,0.7,190,FALSE,FALSE,2900,123,5,0,3,7,10,3,4,3,9,46,1,1,0,0,4,4,1,1,1,0,0,2,1,2,1,2,0,1,1,1,0,0,0,1,0,0,1,0,0,0,0,0,0,1,0,0,0,0,0,1,0,0,0,0,0,0,0,0,0,0,0,0,0,0,0,0,0,1,1,0,0,0,0,1,1,0,0,0,0,1,0,0,0,0,0,0,0,1,0,0
70,0.9,100,0.7,0.9,350,FALSE,FALSE,2900,121,6,2,1,8,5,3,4,4,3,42,1,1,1,0,4,7,1,2,2,2,0,1,2,0,3,0,0,0,1,2,2,0,0,0,0,0,1,0,0,1,1,0,0,0,0,0,0,0,0,0,0,0,1,1,0,1,0,0,0,0,0,0,0,0,0,0,0,1,0,2,0,0,1,0,1,0,0,0,1,0,0,0,0,0,0,0,0,0,0,0
20,0.6,230,0.93,0.5,190,TRUE,FALSE,2900,123,5,4,3,2,5,5,5,2,2,51,2,1,0,2,2,5,1,1,1,1,2,0,1,2,1,0,0,2,1,3,0,0,0,0,0,1,0,0,0,1,1,0,0,0,0,0,0,0,0,1,2,0,0,1,0,0,0,0,1,1,0,0,0,0,1,0,0,0,0,0,0,0,1,0,0,0,0,0,0,0,0,0,0,0,0,0,0,1,0,0
50,0.7,210,0.84,0.6,420,TRUE,TRUE,2900,123,1,1,4,4,10,2,2,4,5,48,2,0,3,1,6,3,1,1,1,6,2,0,1,1,1,1,0,1,0,1,0,0,1,1,0,0,0,0,0,0,0,0,0,0,0,0,0,1,0,1,1,0,0,0,0,0,0,0,1,0,0,0,0,0,1,0,0,0,1,0,0,1,0,0,0,0,0,0,1,0,0,0,0,0,0,0,0,1,0,0
50,0.9,150,0.83,0.9,960,TRUE,TRUE,2900,123,6,1,3,3,8,1,6,2,4,50,2,1,0,2,5,1,1,1,3,3,2,1,1,1,2,2,0,0,1,1,0,0,0,0,0,0,0,0,0,0,1,0,0,0,0,0,0,0,0,1,0,0,0,1,0,1,0,0,0,0,0,0,0,0,1,0,0,0,0,1,0,1,0,0,0,0,0,0,3,0,0,0,0,0,0,0,0,0,0,0
80,0.9,230,0.48,0.6,510,TRUE,FALSE,3000,118,7,1,2,4,8,3,1,5,8,37,1,0,1,1,5,6,1,1,1,5,0,1,1,2,3,0,1,0,0,0,2,0,0,0,0,0,0,0,0,1,0,0,0,0,0,1,1,0,0,1,0,0,0,0,1,0,0,0,0,0,0,0,0,0,0,0,0,0,1,1,0,0,0,1,1,0,0,0,2,0,0,0,0,0,0,0,0,0,0,0
50,0.6,150,0.93,0.8,410,TRUE,FALSE,3000,121,6,1,1,2,7,3,3,1,2,53,2,1,2,2,5,0,2,3,2,3,0,3,0,0,2,1,1,0,0,2,0,0,0,0,0,0,1,0,0,0,0,0,1,1,0,0,0,0,0,0,0,1,1,0,0,0,0,0,0,0,0,0,0,0,0,0,0,0,1,1,0,0,0,0,1,0,1,1,1,1,0,0,0,0,0,0,0,0,0,0
60,0.8,210,0.43,0.6,830,FALSE,FALSE,3000,122,5,0,3,3,12,4,1,2,3,41,4,2,2,0,4,3,1,2,2,3,3,1,1,1,2,1,2,2,0,2,0,0,0,1,0,0,1,0,0,0,0,0,0,0,0,0,0,1,0,0,2,0,0,0,0,0,0,0,0,0,0,0,0,0,0,0,1,0,2,0,0,0,0,0,1,0,0,1,1,0,0,0,0,0,0,0,0,0,0,0
80,0.5,130,0.77,0.6,810,FALSE,TRUE,3000,121,12,2,0,1,4,2,4,5,4,45,1,0,2,4,4,3,0,2,0,2,0,3,1,1,3,1,0,0,0,4,1,0,0,0,0,0,0,0,1,0,0,0,0,0,0,0,0,1,0,1,2,0,0,1,0,0,0,0,0,1,0,0,0,0,0,0,0,0,0,0,0,0,0,0,2,1,0,0,1,0,0,0,0,0,0,0,0,0,0,0
40,0.9,120,0.42,0.3,700,FALSE,TRUE,3000,116,5,2,0,5,7,5,2,3,2,42,0,2,0,1,5,2,1,2,4,3,3,0,1,2,1,3,0,1,0,2,0,0,0,0,1,0,0,0,0,0,1,0,0,0,0,0,1,0,0,0,0,0,0,0,0,0,0,0,0,0,1,0,0,0,0,0,0,0,3,0,1,0,0,2,0,0,0,0,1,0,0,0,0,0,0,0,0,0,0,0
80,0.7,220,0.86,0.9,830,TRUE,FALSE,3000,118,8,1,2,4,8,5,2,5,3,40,0,1,1,5,1,2,1,3,0,3,3,0,1,0,4,0,1,0,0,3,0,0,0,0,0,0,1,0,0,0,0,0,0,0,1,0,0,0,0,0,0,0,2,0,0,0,0,0,0,1,0,0,0,0,0,2,0,0,3,1,0,0,0,0,0,1,0,0,0,0,0,0,0,0,0,0,0,0,0,0
90,0.8,130,0.47,0.7,280,TRUE,TRUE,3000,121,9,1,4,1,9,7,0,1,5,46,1,1,2,1,4,2,1,3,0,3,0,1,3,1,0,1,0,0,0,3,0,0,1,0,0,0,1,0,0,0,1,0,0,0,0,0,0,0,0,1,0,0,0,0,0,0,0,0,0,1,1,0,0,1,0,0,0,0,0,0,0,0,0,0,1,0,1,1,0,2,0,0,0,0,0,0,0,0,0,0
20,0.6,300,0.71,0.8,570,TRUE,FALSE,3000,122,5,5,1,2,8,2,3,0,5,55,2,0,0,2,5,4,3,1,1,2,1,0,1,1,1,0,0,0,0,1,0,1,0,0,0,0,0,0,0,0,0,0,0,0,0,0,0,0,0,1,0,1,0,1,0,1,1,0,1,0,0,0,0,0,0,0,0,0,0,0,0,0,0,1,0,1,0,1,2,0,0,0,0,0,0,0,0,0,0,0
60,0.8,220,0.86,0.8,950,FALSE,FALSE,3000,121,6,0,3,3,9,3,2,3,3,43,4,0,2,0,4,5,0,3,0,6,1,0,1,1,2,1,0,2,1,1,0,0,0,0,0,0,0,0,0,0,2,0,0,1,1,1,1,0,0,0,1,0,0,0,0,0,0,0,0,0,1,0,0,0,0,0,0,0,1,1,0,0,0,0,0,0,1,1,1,0,0,0,0,0,0,0,0,0,0,0
30,0.5,120,0.8,0.4,650,TRUE,FALSE,3000,117,5,1,3,4,6,4,3,4,5,42,3,0,1,3,3,1,2,2,1,4,0,1,0,2,2,2,0,1,0,0,0,0,1,0,0,0,0,0,0,1,0,0,0,0,0,0,0,0,0,2,0,0,0,0,1,0,1,0,0,0,0,1,0,0,1,0,1,0,0,1,0,0,1,0,0,0,0,0,1,1,0,0,0,0,0,0,0,0,0,0
20,0.5,270,0.32,0.3,920,FALSE,FALSE,3000,119,6,2,1,4,5,5,1,1,3,49,2,0,1,3,4,1,2,2,2,4,1,1,1,1,1,1,1,0,1,1,0,0,0,0,0,0,1,0,0,0,0,0,1,0,0,0,1,0,0,1,0,1,0,1,0,0,1,0,1,1,0,0,0,0,0,0,0,0,1,0,0,0,0,0,0,0,0,1,0,1,0,0,0,0,0,0,0,1,0,0
80,0.7,220,0.92,0.5,820,TRUE,FALSE,3000,121,2,2,2,2,7,4,2,4,0,55,2,0,2,1,4,4,3,1,1,2,0,1,1,2,0,2,0,0,0,2,0,0,0,0,0,0,1,0,0,3,0,0,0,0,0,0,0,0,0,0,0,1,0,0,1,0,0,0,1,2,0,0,0,0,0,1,0,0,1,0,0,0,1,0,0,0,0,0,1,1,0,0,0,0,0,0,0,0,0,0
90,0.6,250,0.44,0.3,530,FALSE,FALSE,3000,117,5,1,0,2,5,4,2,1,4,47,3,2,2,1,7,1,4,1,2,3,0,2,1,0,2,0,0,0,1,2,0,0,1,0,0,0,0,0,0,1,0,0,0,0,0,0,0,0,0,0,2,0,0,0,0,1,0,1,0,1,0,1,0,1,0,0,1,0,1,0,0,0,0,0,1,0,0,0,0,1,0,0,0,0,0,0,0,0,0,0
30,0.9,200,0.45,0.7,930,TRUE,FALSE,3000,121,7,1,1,0,7,5,2,3,3,51,1,2,2,4,4,2,0,3,0,4,2,0,0,0,1,3,1,1,1,1,0,0,0,0,0,0,0,0,0,0,0,0,1,1,0,0,0,0,0,1,0,0,0,0,0,0,0,0,0,1,1,0,0,0,0,1,0,0,1,0,0,0,0,0,0,0,1,0,0,1,0,0,0,0,0,1,0,0,0,0
60,0.7,230,0.36,0.3,520,TRUE,TRUE,3000,120,4,2,4,3,6,2,1,1,5,48,3,1,2,0,4,6,3,2,1,3,0,0,1,0,1,0,0,0,1,4,0,0,0,0,0,0,0,0,0,0,0,0,0,0,1,0,1,0,1,0,2,2,0,0,1,0,0,0,0,1,0,0,0,1,0,0,0,0,1,0,0,0,0,0,0,0,1,0,1,0,0,0,0,0,0,0,0,0,0,0
40,0.6,120,0.68,0.6,460,FALSE,TRUE,3000,122,3,2,3,3,6,4,3,3,4,50,0,1,3,1,1,4,1,3,0,8,1,0,0,0,2,2,0,0,0,2,0,0,0,0,1,0,1,0,0,2,1,0,0,0,0,1,0,0,0,1,0,0,0,1,0,0,0,0,1,0,0,0,1,0,0,0,0,0,1,0,0,0,0,0,0,0,0,0,0,2,0,0,0,0,0,0,0,0,0,0
90,0.9,110,0.9,0.4,700,TRUE,TRUE,3000,120,4,4,2,4,10,5,2,2,4,48,1,2,0,0,1,2,2,0,0,3,1,0,2,0,2,0,2,1,1,3,0,1,0,0,0,0,0,0,0,0,0,0,1,0,0,1,0,0,0,0,0,1,0,1,0,0,0,1,0,1,1,0,1,0,0,1,0,0,0,0,0,0,0,0,0,1,0,1,0,1,0,0,0,0,0,0,0,0,0,0
10,0.8,140,0.86,0.3,200,TRUE,FALSE,3000,122,6,0,5,4,8,3,0,3,4,44,2,1,0,0,4,6,1,3,0,5,2,1,0,0,0,0,1,0,0,3,0,0,2,1,0,0,0,0,0,0,0,1,0,1,2,0,1,0,1,1,0,1,1,0,0,0,0,0,1,0,0,0,0,0,0,0,1,0,1,0,0,0,0,0,0,0,0,0,1,1,0,0,0,0,0,0,0,0,0,0
40,0.8,150,0.45,0.3,150,FALSE,TRUE,3000,121,8,0,5,2,10,2,2,5,2,41,2,1,1,1,4,2,2,0,1,4,3,1,1,2,2,2,2,0,1,0,0,1,0,0,0,1,0,0,0,0,1,0,0,0,1,0,1,1,0,1,0,0,0,0,0,0,0,1,0,1,0,0,0,0,0,1,0,0,0,0,0,1,0,0,0,0,0,0,2,0,0,0,0,0,0,0,0,0,0,0
10,0.6,250,0.57,0.8,780,FALSE,TRUE,3000,121,9,2,4,2,7,2,5,2,4,46,0,0,0,4,7,2,0,2,2,3,1,1,0,2,0,0,0,0,0,3,0,1,0,0,0,0,1,0,0,0,0,0,1,0,0,0,0,0,0,1,0,0,1,0,0,0,0,0,1,0,0,0,1,0,0,3,0,0,0,0,0,0,0,0,0,0,0,0,1,1,0,0,0,0,0,0,0,0,0,0
60,0.9,220,0.49,0.9,880,FALSE,TRUE,3000,121,5,4,1,3,9,1,4,2,6,49,1,0,0,2,2,2,3,1,0,3,1,2,1,0,2,1,0,0,1,2,1,0,0,0,0,0,0,0,0,1,3,0,1,0,0,0,0,0,0,0,1,0,0,0,1,0,0,0,1,0,1,0,0,0,0,0,0,0,0,0,0,0,1,0,0,2,0,0,0,0,0,0,0,0,1,0,0,0,0,0
10,0.8,230,0.68,0.5,800,FALSE,FALSE,3000,120,7,1,1,4,7,5,2,2,2,45,1,0,1,0,8,3,2,2,1,2,0,3,2,0,2,0,1,1,1,3,2,0,0,0,0,0,1,0,0,0,1,0,0,0,1,0,0,0,0,0,1,0,0,0,0,0,1,0,0,0,0,0,0,0,0,0,0,0,1,0,0,1,0,0,0,0,1,0,2,0,0,0,0,0,0,0,0,0,0,0
80,0.7,250,0.81,0.6,1000,TRUE,FALSE,3000,119,7,3,1,4,5,2,6,4,5,41,0,1,1,2,5,3,1,2,0,5,2,1,1,2,0,1,0,0,1,1,0,0,0,0,0,0,1,0,0,1,1,0,0,0,0,0,0,0,0,0,0,0,1,0,0,0,0,0,0,1,0,0,2,0,0,0,0,0,2,0,0,0,0,0,1,1,0,1,1,0,0,0,0,0,0,0,0,0,0,0
20,0.7,170,0.31,0.3,130,FALSE,FALSE,3000,119,6,2,4,4,4,0,1,7,5,47,0,2,0,0,5,4,2,1,0,3,0,1,1,1,1,1,1,1,2,2,0,1,0,1,0,0,0,0,0,0,0,0,0,0,0,0,0,0,0,0,0,0,0,0,1,0,0,0,0,1,0,1,0,0,2,0,0,0,1,1,0,0,0,0,0,1,0,0,1,1,0,0,0,0,0,0,0,0,0,0
70,0.7,250,0.64,0.3,710,FALSE,FALSE,3000,120,6,0,1,5,6,4,2,5,4,48,0,1,1,4,4,4,0,0,2,1,0,0,4,0,1,0,1,0,1,2,0,2,0,0,0,1,0,2,0,0,0,0,0,0,0,0,0,0,0,1,0,0,1,0,0,0,0,0,1,1,0,0,0,0,0,1,1,0,0,0,0,0,0,1,0,0,0,0,1,0,0,0,0,0,0,0,0,0,0,1
50,0.8,260,0.59,0.5,910,FALSE,FALSE,3000,120,6,4,3,3,11,1,2,4,3,47,0,1,0,2,1,4,2,1,2,0,1,1,1,1,1,1,0,1,0,2,0,1,1,0,0,0,0,0,0,0,0,0,0,0,0,0,1,0,0,0,0,1,0,0,0,0,0,0,1,0,1,0,1,0,0,2,0,0,3,0,1,0,0,0,0,0,0,0,1,0,0,0,0,0,0,0,0,0,0,0
30,0.8,120,1,0.7,230,FALSE,FALSE,3000,119,3,3,2,3,9,4,2,1,6,42,2,1,1,1,3,4,2,3,1,3,4,1,2,2,0,0,0,1,1,1,0,1,0,0,0,0,0,0,0,0,0,0,0,1,0,0,0,0,0,0,2,0,0,0,0,0,0,0,2,0,1,0,0,0,0,1,1,0,2,0,0,0,0,0,1,0,0,0,0,0,0,0,0,0,0,0,0,0,0,0
20,0.5,270,0.95,0.3,910,TRUE,FALSE,3000,119,7,2,1,3,9,4,4,0,1,40,1,1,2,2,5,3,1,3,3,6,1,2,1,0,1,0,1,0,0,3,0,0,0,0,2,0,0,0,1,0,0,0,0,0,0,0,0,0,0,0,0,1,0,0,0,0,1,0,0,2,0,1,0,0,0,0,0,0,2,1,0,0,0,0,0,1,0,0,1,0,0,0,0,0,0,0,0,0,0,0
50,0.6,160,1,0.9,950,TRUE,FALSE,3000,119,4,0,4,3,10,0,4,5,2,45,2,1,1,1,6,3,3,1,2,1,2,0,1,3,0,1,0,0,0,2,1,1,1,0,0,0,0,1,0,0,0,0,0,0,0,0,0,0,1,0,1,0,0,0,0,0,0,0,1,1,0,0,0,0,1,0,0,0,1,0,0,1,0,0,0,0,0,0,2,0,0,0,0,0,0,0,0,0,0,0
80,0.7,270,0.93,0.6,460,FALSE,FALSE,3000,121,5,2,4,4,9,2,6,0,5,38,1,2,0,0,9,1,3,3,0,5,3,0,1,3,3,2,0,0,1,0,0,0,0,0,0,0,0,0,0,0,1,0,0,0,0,0,0,0,1,1,0,0,0,0,0,0,0,0,2,0,0,0,0,0,0,0,0,0,0,0,0,1,0,1,1,0,0,0,2,0,0,0,0,0,0,0,0,0,0,0
70,0.6,240,0.83,0.8,790,TRUE,TRUE,3000,117,4,4,2,6,6,1,4,2,7,40,1,1,0,0,4,2,3,0,3,5,1,1,2,2,4,0,1,0,1,1,1,0,0,0,0,1,0,0,0,0,0,0,1,0,0,0,0,0,0,0,0,0,0,0,0,0,0,0,0,1,0,0,0,0,0,0,0,2,0,0,0,0,0,0,2,0,0,0,1,1,0,0,0,0,0,0,0,0,0,0
10,0.7,110,0.46,0.9,430,TRUE,TRUE,3000,119,5,1,6,2,8,2,1,3,4,43,2,1,0,2,7,5,1,1,1,3,0,1,1,0,1,2,0,0,0,0,2,0,1,1,0,0,1,1,0,0,0,0,0,0,1,0,0,1,1,0,0,0,0,0,1,0,0,0,1,1,0,0,0,0,0,0,0,0,2,1,0,1,0,0,0,0,0,0,1,0,0,0,0,0,0,0,0,0,0,0
10,0.5,190,0.84,0.3,840,TRUE,FALSE,3000,119,4,2,3,4,7,0,6,3,6,46,0,0,0,0,4,2,2,1,2,6,0,0,0,0,3,1,0,0,2,4,0,1,0,0,0,0,0,0,0,0,0,1,0,0,0,0,0,0,0,0,0,0,0,1,0,0,0,0,0,2,0,0,0,2,1,0,0,0,1,1,0,0,0,0,0,0,0,1,0,1,0,0,0,0,0,0,0,0,0,0
70,0.6,210,0.86,0.6,780,FALSE,TRUE,3000,121,4,3,1,4,4,3,5,1,5,50,3,1,0,2,4,1,1,2,1,3,0,2,0,2,5,1,0,0,0,3,1,0,0,0,0,0,0,0,0,0,1,0,0,0,0,0,0,0,0,0,2,0,0,1,0,0,0,0,0,0,1,0,0,0,0,0,0,0,1,0,0,0,0,0,0,1,2,0,0,0,0,0,0,0,1,0,0,0,0,0
20,0.7,190,0.38,0.6,300,FALSE,TRUE,3000,120,6,2,2,4,7,4,1,3,1,52,1,2,1,1,4,2,3,2,2,3,0,1,0,1,1,0,0,0,1,2,0,0,0,0,0,0,0,0,0,0,0,2,0,0,0,0,1,0,0,0,1,1,0,0,0,0,0,1,0,1,0,0,1,0,0,0,1,0,1,0,0,0,0,0,1,0,0,0,0,1,0,0,0,0,0,0,0,0,0,0
20,0.5,190,0.71,0.8,320,TRUE,TRUE,3000,122,3,4,1,4,6,3,3,2,2,50,0,2,0,1,7,1,3,1,5,3,1,0,0,1,2,0,0,0,2,5,0,0,0,0,0,0,0,0,0,2,1,0,0,0,0,0,0,0,0,1,0,0,0,1,0,0,0,0,0,0,0,0,0,0,0,0,0,0,1,2,0,0,1,0,1,0,0,0,0,1,0,0,0,0,0,0,0,0,0,0
30,0.6,200,0.67,0.4,130,TRUE,TRUE,3000,120,2,3,3,4,7,4,3,2,6,45,0,1,1,3,4,1,3,2,0,7,2,0,0,1,3,1,0,1,0,0,0,0,0,0,0,0,0,0,0,2,0,0,1,0,1,0,0,0,0,1,0,1,0,0,0,0,0,0,0,1,0,0,0,0,0,1,0,0,0,0,0,0,0,0,2,1,0,0,1,0,0,0,0,0,0,0,0,0,0,0
20,0.9,280,0.52,0.5,710,TRUE,TRUE,3000,122,5,3,0,3,6,5,5,0,4,53,1,0,3,1,4,3,2,1,1,4,1,1,1,0,1,0,0,1,0,1,0,1,0,0,0,0,0,0,0,0,0,2,0,0,0,0,0,0,0,1,0,0,2,0,0,1,0,0,0,0,0,0,0,0,0,0,1,1,1,0,0,0,0,0,0,1,0,0,0,2,0,0,0,0,0,0,0,0,0,0
30,0.9,200,0.46,0.5,750,TRUE,TRUE,3000,121,5,4,1,2,4,2,2,4,4,47,2,1,2,2,5,4,3,2,1,6,0,1,0,0,0,2,0,0,1,2,0,0,0,0,0,0,0,0,0,0,1,1,0,0,1,0,0,0,0,0,2,0,1,0,0,0,0,0,1,1,1,0,0,0,1,0,0,1,0,0,0,0,0,0,1,0,0,0,0,1,0,0,0,0,0,0,0,0,0,0
90,0.5,240,0.41,0.7,820,TRUE,FALSE,3000,119,1,3,0,4,13,2,4,1,3,49,1,0,1,3,3,3,2,1,3,5,0,2,2,0,1,1,0,0,0,0,0,1,0,0,0,0,0,0,0,1,1,0,0,0,1,0,0,0,1,0,0,0,0,0,0,0,0,0,0,0,1,1,0,0,0,2,0,0,1,0,0,0,0,1,0,0,0,0,1,0,0,0,0,0,0,0,0,0,0,0
90,0.5,220,0.75,0.7,670,FALSE,TRUE,3000,122,4,2,4,2,7,7,1,4,3,48,2,1,2,2,4,4,1,2,2,3,1,1,0,2,1,0,0,0,0,2,0,0,0,1,0,0,0,0,0,0,0,1,0,0,0,0,0,0,0,0,0,0,0,0,1,0,0,0,0,1,0,0,1,0,0,2,0,0,1,1,0,0,0,0,0,0,0,0,0,1,0,0,0,0,0,0,1,0,0,0
60,0.8,290,0.57,0.9,390,FALSE,TRUE,3000,124,3,2,1,3,5,5,4,4,6,49,1,1,2,1,5,4,3,1,2,4,1,1,1,0,0,0,0,1,0,4,0,0,0,0,0,0,1,0,0,0,0,0,1,0,0,0,0,0,0,1,0,0,0,0,0,1,0,0,1,2,0,0,0,0,2,0,0,0,0,1,0,0,0,0,0,0,0,0,0,1,0,0,0,0,0,0,0,0,0,0
70,0.5,220,0.39,0.6,770,FALSE,TRUE,3000,123,5,1,6,3,9,0,2,2,7,46,1,0,0,3,7,4,1,2,2,2,0,3,0,3,0,0,2,1,1,0,0,1,1,0,0,0,0,0,0,1,0,1,0,1,0,0,0,0,0,0,0,0,0,0,0,1,0,2,0,0,0,0,0,0,0,0,0,1,0,0,0,0,0,0,0,0,0,0,1,0,0,0,0,0,0,0,0,1,0,0
30,0.5,280,0.44,0.9,940,TRUE,FALSE,3000,120,3,2,3,3,6,1,6,1,4,55,0,1,1,0,6,3,0,1,2,1,1,0,0,1,3,0,0,0,0,2,0,0,0,0,0,0,0,1,0,3,0,0,0,0,0,0,1,0,0,2,1,0,1,1,0,1,0,0,0,0,0,0,0,0,0,0,0,1,1,0,0,0,0,0,0,0,0,0,0,2,0,0,0,0,0,0,0,0,0,0
90,0.6,100,0.35,0.5,860,TRUE,TRUE,3000,120,6,3,5,4,6,2,4,2,3,46,1,0,2,0,6,4,2,2,2,1,1,1,1,1,1,0,0,0,1,1,0,0,0,0,1,0,0,0,0,1,1,0,0,0,0,0,0,0,0,0,0,0,0,1,0,1,1,0,0,1,1,0,0,0,0,0,0,1,1,0,1,0,0,0,0,0,1,0,1,0,0,0,0,0,0,0,0,0,0,0
20,0.7,100,0.31,0.8,610,FALSE,FALSE,3000,118,5,3,3,4,6,1,4,4,6,39,2,1,0,1,2,2,0,2,1,6,0,1,0,2,3,1,2,2,0,1,3,0,1,0,0,0,0,0,0,0,1,0,0,0,0,0,0,0,0,0,0,1,0,1,0,1,0,0,1,1,0,0,0,0,0,0,0,0,2,0,0,0,0,0,2,0,0,0,0,1,0,0,0,0,0,0,0,0,0,0
20,0.8,180,0.98,0.3,1000,FALSE,FALSE,3000,119,1,4,1,5,6,2,2,4,3,46,1,1,2,1,4,4,2,4,2,5,1,1,0,0,3,2,0,0,0,2,0,0,0,0,0,0,0,0,0,0,0,0,1,0,1,0,0,0,0,1,0,0,1,0,0,0,1,0,1,0,0,0,0,0,1,0,0,0,1,0,0,0,0,0,1,0,0,0,0,1,0,0,0,0,0,0,0,0,1,0
70,0.7,140,0.95,0.9,920,TRUE,FALSE,3000,118,5,3,3,3,7,6,1,3,2,42,1,2,0,3,6,0,3,2,1,4,0,0,1,0,1,0,1,0,1,3,1,0,0,0,1,0,0,0,0,0,1,1,0,0,0,0,1,0,0,1,1,0,0,0,0,1,0,0,1,0,1,0,0,0,0,1,0,0,2,1,0,0,1,0,0,0,0,0,0,0,0,0,0,0,0,0,0,0,0,0
90,0.9,270,0.44,0.5,810,TRUE,FALSE,3000,120,4,1,5,3,7,5,3,1,4,47,3,1,2,1,2,5,1,2,0,2,1,1,2,1,0,0,1,1,0,2,1,0,0,0,0,0,1,0,0,1,0,0,1,0,0,0,0,0,0,0,0,0,0,0,0,1,0,1,1,1,1,0,0,0,0,0,0,0,0,1,0,0,0,0,0,1,0,0,2,0,0,0,0,0,0,0,0,0,0,0
80,0.9,300,0.53,0.5,170,FALSE,FALSE,3000,121,9,1,3,1,4,4,0,5,2,45,1,0,2,1,6,5,2,1,1,4,0,0,0,2,1,0,2,0,0,5,2,0,1,0,0,0,0,0,0,0,2,0,0,0,0,0,1,0,0,0,2,0,0,0,0,0,0,0,0,0,1,0,0,0,0,0,1,0,2,0,0,0,1,0,0,0,0,2,0,0,0,0,0,0,0,0,0,0,0,0
60,0.5,280,0.65,0.8,380,TRUE,FALSE,3000,120,2,2,5,5,11,2,5,1,3,47,1,0,1,2,3,2,0,4,1,1,0,1,1,0,1,1,2,1,0,1,1,1,1,1,0,0,0,1,0,0,0,1,0,0,0,0,0,0,1,0,0,0,0,0,1,1,0,0,2,0,0,0,0,0,0,0,0,1,0,0,0,0,0,0,0,1,0,0,2,0,0,0,0,0,0,0,0,0,0,0
90,0.8,220,0.59,0.8,930,FALSE,FALSE,3000,120,6,1,3,1,10,6,1,2,2,47,1,0,1,3,4,2,2,3,0,1,3,1,2,0,1,0,2,0,0,4,0,0,0,0,0,1,1,0,1,0,0,0,0,1,0,0,0,0,0,0,2,0,0,0,0,0,0,0,1,1,0,0,0,0,0,0,1,0,0,0,0,0,1,0,0,0,0,1,1,0,0,0,0,0,0,0,0,0,0,0
100,0.5,270,0.62,0.5,390,TRUE,TRUE,3000,119,5,0,3,3,8,0,3,3,6,43,1,2,1,2,3,5,1,3,2,4,2,1,0,0,2,2,0,2,1,0,0,0,1,0,0,0,0,0,0,1,1,0,0,0,0,0,0,0,0,0,0,0,0,2,0,0,1,0,0,1,0,0,0,0,1,0,0,1,1,0,0,0,0,0,0,0,0,0,1,1,0,0,0,0,0,0,0,0,0,0
90,0.6,270,0.74,0.9,930,TRUE,TRUE,3000,120,5,3,1,2,6,5,3,1,4,50,2,1,2,1,4,1,2,1,1,4,0,1,2,1,3,0,1,0,0,2,0,2,0,0,0,0,0,0,0,0,0,0,0,0,0,1,0,0,0,1,0,0,1,0,0,0,1,0,0,0,0,0,1,0,0,0,0,1,1,0,0,0,0,0,0,1,0,0,0,2,0,0,0,0,0,0,0,0,0,0
70,0.7,190,0.59,0.7,410,TRUE,TRUE,3000,120,5,4,3,2,6,1,5,1,6,43,1,0,1,1,4,1,2,4,0,3,1,0,0,2,4,1,1,1,3,2,1,1,0,0,0,0,0,0,0,1,1,0,0,0,0,0,0,0,0,2,0,0,0,0,1,0,0,0,0,0,1,0,1,0,1,0,0,0,0,0,0,0,1,0,0,0,0,0,1,1,0,0,0,0,0,0,0,0,0,0
80,0.5,220,0.34,0.4,550,TRUE,FALSE,3000,118,5,3,2,4,10,2,3,2,6,38,3,1,0,3,6,3,0,3,2,2,1,3,2,2,0,0,0,1,0,1,0,0,0,0,0,1,0,0,1,0,0,0,0,0,0,0,0,0,1,1,0,1,0,0,0,0,0,0,0,1,0,0,0,0,1,0,0,0,0,0,0,0,0,0,1,1,0,0,2,0,0,0,0,0,0,0,0,0,0,0
80,0.9,250,0.88,0.7,850,FALSE,TRUE,3000,119,4,3,1,6,4,4,2,3,7,46,1,0,1,3,3,2,2,1,0,5,2,2,1,0,1,0,1,1,0,2,0,0,0,0,0,0,0,1,0,0,0,0,0,0,0,0,0,0,0,2,0,0,2,0,0,0,0,0,0,0,2,0,0,0,0,0,0,0,1,0,0,0,0,0,1,1,1,0,1,0,0,0,0,0,0,0,0,0,0,0
80,0.9,220,0.54,0.9,260,FALSE,FALSE,3000,120,5,2,3,4,5,6,1,4,2,45,1,0,2,2,4,6,1,0,1,5,1,0,1,0,1,0,1,2,1,2,0,0,1,0,0,0,0,0,0,0,0,2,0,0,0,1,0,0,0,0,0,0,1,0,1,0,1,0,0,1,0,0,0,0,0,0,0,0,1,0,0,1,0,0,0,0,1,0,1,1,0,0,0,0,0,0,0,0,0,0
50,0.5,300,0.87,0.3,660,FALSE,FALSE,3000,121,2,0,2,8,6,2,5,5,4,49,1,3,0,0,5,2,3,0,1,2,0,1,0,2,3,0,1,0,1,3,0,0,0,0,0,0,0,0,1,0,0,0,2,0,0,0,0,0,0,0,2,0,0,0,0,0,0,1,0,0,0,0,0,0,0,0,0,0,0,1,0,1,0,0,0,1,1,0,0,1,0,0,0,0,0,0,0,0,0,0
90,0.6,210,0.71,0.3,180,TRUE,FALSE,3000,123,5,2,1,6,7,1,3,3,6,45,2,2,2,2,6,4,2,1,3,5,0,1,0,2,0,1,0,0,0,0,1,0,0,0,0,0,0,0,0,0,0,0,0,0,0,0,0,0,0,1,0,1,1,0,1,0,0,0,3,0,0,0,0,0,0,1,0,0,0,0,0,0,0,0,0,1,0,0,1,1,0,0,0,0,0,0,0,0,0,0
70,0.8,200,0.49,0.5,310,FALSE,TRUE,3000,119,7,1,1,3,7,0,7,2,5,48,1,1,0,0,4,2,0,2,0,3,1,2,0,3,3,2,0,0,0,3,1,0,0,0,0,0,0,0,0,1,1,0,0,0,0,0,0,0,0,1,1,0,0,1,0,0,0,0,0,1,1,0,0,0,0,0,0,0,0,0,0,0,2,0,1,0,0,0,1,0,0,0,0,0,0,0,0,0,0,0
100,0.6,300,0.58,0.9,630,FALSE,FALSE,3000,121,2,2,5,2,5,4,0,4,5,48,0,0,0,1,8,3,3,4,2,3,1,0,1,3,1,2,0,0,0,1,0,0,0,1,0,0,0,0,0,0,2,1,0,0,0,0,0,0,0,0,0,0,0,0,0,0,0,0,1,1,0,0,0,0,1,1,0,0,3,0,0,0,0,0,0,0,0,0,1,0,0,0,0,0,0,0,0,0,0,0
70,0.5,150,0.61,0.4,950,TRUE,FALSE,3000,118,3,2,2,3,9,0,3,4,6,49,0,1,1,1,3,1,5,0,3,3,0,0,1,1,2,1,1,0,0,2,1,0,0,0,0,0,0,0,0,0,1,1,0,0,0,0,0,0,0,0,1,0,1,0,0,0,0,0,0,1,0,0,0,1,0,0,0,0,0,2,0,0,1,0,0,1,0,1,0,0,0,0,0,0,0,0,0,0,0,0
40,0.9,210,0.56,0.4,280,TRUE,FALSE,3000,123,8,3,3,3,6,0,5,7,4,46,1,0,3,0,2,2,2,3,0,4,0,1,0,3,4,1,0,0,0,2,0,0,0,0,0,0,0,0,0,0,0,0,0,0,0,0,0,0,0,1,1,0,0,1,0,0,0,0,0,0,1,0,1,0,1,1,0,0,0,0,1,0,0,0,1,0,0,0,2,0,0,0,0,0,0,0,0,0,0,0
100,0.8,280,0.56,0.7,170,FALSE,FALSE,3000,123,4,0,2,8,9,2,2,3,6,48,1,3,1,0,5,5,0,4,1,0,1,1,0,2,1,0,2,0,0,1,0,1,0,0,0,0,0,0,0,1,2,0,0,0,0,0,0,0,0,0,0,0,1,0,0,1,0,0,1,1,0,0,1,0,0,0,0,0,2,0,0,0,0,0,1,0,0,0,0,0,0,0,0,0,0,0,0,0,0,0
80,0.5,280,0.96,0.5,1000,FALSE,TRUE,3000,118,1,1,2,4,8,3,4,2,3,51,0,2,2,1,3,3,3,1,1,2,1,1,0,1,0,2,1,1,1,2,0,0,0,0,0,0,0,0,0,2,0,0,0,0,0,0,0,0,0,2,0,1,0,0,0,0,0,1,0,0,0,0,0,1,0,2,0,0,1,0,0,0,0,0,0,0,0,0,0,2,0,0,0,0,0,0,0,0,0,0
20,0.8,210,0.33,0.9,110,TRUE,FALSE,3000,123,6,4,1,4,4,1,2,5,5,48,1,0,0,3,7,3,2,1,0,5,0,2,0,1,0,0,1,1,0,5,1,0,0,0,0,0,0,0,0,0,1,0,0,0,0,0,0,0,0,0,0,0,0,1,1,0,0,0,0,0,0,1,0,0,1,1,0,0,1,1,0,0,0,0,0,1,0,0,1,1,0,0,0,0,0,0,0,0,0,0
40,0.9,220,0.77,0.8,790,FALSE,FALSE,3000,121,2,2,0,5,8,3,4,1,3,52,0,3,1,0,7,2,2,3,2,4,0,1,1,1,2,1,0,1,0,0,0,0,0,1,0,0,0,0,0,0,0,0,0,0,0,0,0,0,0,2,0,0,1,0,0,0,1,0,1,1,0,0,0,0,0,0,0,0,0,0,0,0,0,0,1,0,1,0,1,1,0,0,0,0,0,0,0,0,0,0
50,0.7,110,0.54,0.7,140,FALSE,FALSE,3000,119,5,2,2,2,7,1,3,1,2,45,2,3,4,3,4,5,1,3,3,4,1,0,0,1,0,0,1,1,0,2,0,0,1,0,0,0,1,0,0,0,0,0,0,0,1,0,0,0,0,1,1,0,0,0,0,0,0,0,2,1,1,0,0,0,0,1,0,0,0,0,0,0,0,0,0,0,0,0,1,1,0,0,0,0,0,0,0,0,0,0
30,0.8,240,0.96,0.5,530,TRUE,TRUE,3000,121,1,2,3,5,8,6,2,4,5,47,0,1,3,0,4,2,0,0,0,6,1,1,2,0,0,2,0,0,1,1,0,0,1,0,0,0,1,1,0,1,0,1,0,1,1,0,0,0,0,1,0,0,1,1,0,1,0,0,0,0,0,0,0,0,0,0,0,2,0,0,0,0,0,0,0,0,0,0,2,0,0,0,0,0,0,0,0,0,0,0
20,0.7,130,0.34,0.4,870,TRUE,FALSE,3000,122,8,1,2,4,8,3,2,5,8,40,1,0,3,0,5,3,0,1,2,2,2,2,1,3,2,2,0,2,0,2,0,0,0,0,0,0,0,0,0,0,0,0,0,0,0,0,0,0,0,2,0,0,1,0,0,0,0,0,1,0,0,0,0,0,1,0,0,0,1,0,0,0,0,1,0,0,0,0,2,0,0,0,0,0,0,0,0,0,0,0
10,0.6,100,0.52,0.6,200,TRUE,TRUE,3000,121,10,0,6,2,10,2,2,2,5,39,3,0,0,2,3,4,4,1,0,5,1,0,2,2,1,2,0,1,0,1,0,0,0,0,0,0,1,0,0,0,1,0,0,0,0,0,0,0,0,0,1,0,0,0,0,0,0,1,0,1,1,1,0,1,0,1,0,0,1,1,0,1,0,0,0,0,0,0,0,0,0,0,0,0,0,0,0,0,0,0
70,0.7,130,0.44,0.6,750,TRUE,TRUE,3000,119,4,0,4,3,9,3,2,2,4,46,5,1,1,1,5,4,2,2,0,1,2,1,0,2,0,0,1,1,0,3,0,0,1,0,0,0,1,0,0,0,1,0,0,0,0,0,0,0,0,0,0,0,0,0,1,0,0,0,1,0,1,0,0,0,0,0,0,0,2,0,1,0,0,0,0,0,1,0,1,0,0,0,0,0,0,0,0,0,0,0
60,0.7,230,0.35,0.4,420,FALSE,TRUE,3000,117,7,0,4,3,5,3,0,4,2,44,1,2,3,0,6,4,2,2,1,3,1,1,0,2,0,1,1,1,0,3,0,0,0,0,0,0,1,0,1,1,0,0,0,0,0,0,0,1,0,0,0,0,1,0,1,0,0,0,0,0,2,0,0,0,0,0,0,0,1,0,0,1,0,0,0,0,0,0,2,0,0,0,0,0,0,0,0,0,0,0
50,0.7,150,0.69,0.6,700,TRUE,TRUE,3000,120,7,2,3,4,11,4,4,0,3,43,0,0,1,3,3,1,2,4,1,3,1,1,1,0,1,1,1,1,0,0,1,1,0,0,0,0,0,1,0,1,0,0,0,0,0,0,1,0,0,0,0,0,0,0,1,0,0,0,0,3,0,0,0,1,0,0,0,0,1,0,0,0,0,1,1,0,0,0,2,0,0,0,0,0,0,0,0,0,0,0
10,0.7,280,0.49,0.9,450,FALSE,FALSE,3000,121,5,1,2,3,4,3,3,4,3,50,1,4,3,3,7,0,3,0,0,6,0,1,0,0,0,2,1,0,0,1,0,0,1,0,0,0,0,0,0,0,0,0,0,0,0,0,0,0,0,1,2,1,0,0,0,1,0,0,0,0,0,0,1,0,0,0,1,0,1,0,0,0,0,0,0,0,0,2,0,1,0,0,0,0,0,0,0,0,0,0
90,0.6,120,0.43,0.8,480,TRUE,TRUE,3000,121,8,4,1,3,5,4,5,0,7,40,1,0,2,1,1,2,2,3,0,5,4,1,3,1,1,2,1,1,2,2,0,0,0,0,0,0,0,0,0,2,0,0,0,0,0,0,0,1,1,0,0,1,1,0,0,0,0,0,0,0,0,0,0,0,1,0,0,1,0,0,0,0,0,0,0,0,0,0,2,0,0,0,0,0,0,0,0,0,0,0
30,0.6,300,0.44,0.3,140,FALSE,TRUE,3000,119,5,4,1,6,4,4,3,4,4,46,1,0,0,1,5,1,1,1,2,2,1,0,0,1,3,0,1,2,0,2,1,1,0,1,0,0,0,0,0,1,0,0,0,0,0,0,0,0,0,1,0,0,2,0,0,0,0,0,0,0,2,0,0,0,1,0,0,0,1,0,0,0,0,0,1,0,0,1,1,0,0,0,0,0,0,0,0,0,0,0
80,0.5,100,0.79,0.5,710,FALSE,FALSE,3000,121,2,2,1,6,6,6,1,3,4,48,1,1,2,2,6,5,0,2,1,4,0,0,0,1,0,1,0,2,1,3,0,0,0,0,0,0,0,0,0,2,0,0,0,0,0,0,1,0,0,1,0,1,0,0,0,1,0,0,0,1,0,0,0,0,1,0,0,0,0,0,0,1,0,0,0,0,0,0,0,2,0,0,0,0,0,0,0,0,0,0
40,0.6,100,0.75,0.3,750,TRUE,TRUE,3000,120,6,1,4,2,8,2,4,2,4,48,0,2,1,0,2,4,2,1,2,5,0,1,0,1,3,1,0,0,1,1,0,0,0,0,0,0,0,0,0,1,1,0,0,0,0,1,1,0,0,1,1,0,0,0,2,0,0,0,0,0,0,0,0,0,0,0,0,0,1,1,0,0,1,0,0,0,0,0,1,1,0,0,0,0,0,0,0,0,0,0
90,0.6,180,0.65,0.5,110,FALSE,TRUE,3000,121,2,1,3,6,6,1,7,1,6,52,2,0,0,0,5,2,1,1,3,2,0,2,2,2,2,0,0,0,0,2,0,1,1,0,0,0,0,1,0,0,1,0,0,0,0,0,0,0,0,0,1,1,0,0,0,0,0,1,1,0,0,0,0,0,1,0,0,0,0,0,0,0,0,1,0,0,0,0,0,0,0,0,0,0,0,0,0,1,0,0
60,0.9,260,0.5,0.5,440,TRUE,TRUE,3000,121,9,0,2,4,8,1,7,2,5,44,3,1,1,0,2,3,1,1,1,4,1,0,0,1,5,1,0,1,1,2,1,0,0,0,0,0,0,0,0,1,0,0,1,0,0,0,0,0,1,0,1,0,0,0,0,0,0,0,1,0,0,0,0,0,1,0,1,0,0,0,1,0,2,0,0,0,0,0,0,0,0,0,0,0,0,0,0,0,0,0
30,0.6,250,0.33,0.9,120,FALSE,TRUE,3000,120,7,1,4,3,7,2,3,4,4,40,2,1,1,3,5,4,0,3,4,1,1,2,0,0,2,0,1,0,1,2,2,1,1,0,0,0,1,0,0,0,0,0,0,0,0,0,0,0,0,0,0,0,0,1,0,0,0,0,0,1,0,0,0,0,1,0,0,0,1,1,0,0,0,0,1,0,0,0,2,0,0,0,0,0,0,0,0,0,0,0
40,0.9,200,0.81,0.6,190,FALSE,FALSE,3000,122,1,6,1,3,8,3,4,1,8,47,1,1,1,1,4,0,2,0,1,4,0,2,1,0,3,1,2,0,0,2,1,0,2,0,0,0,1,1,0,1,0,1,0,0,0,0,0,1,0,0,2,0,0,0,0,0,0,0,1,0,0,0,0,0,0,1,0,0,1,0,0,0,0,0,0,0,0,2,0,0,0,0,0,0,0,0,0,0,0,0
50,0.8,210,0.44,0.8,810,TRUE,FALSE,3000,121,5,1,1,3,7,1,5,4,5,45,0,1,2,1,5,1,2,1,5,5,0,2,0,1,2,1,0,1,1,4,0,0,0,1,0,0,0,0,0,0,0,0,0,0,0,0,0,0,0,0,0,1,0,0,0,0,0,0,0,2,0,0,0,1,0,0,0,1,0,0,0,0,1,0,0,1,0,0,0,2,0,0,0,0,0,0,0,0,0,0
80,0.6,250,0.36,0.5,350,FALSE,FALSE,3000,117,9,0,2,6,4,3,4,4,3,42,2,1,1,1,3,5,0,2,1,4,2,1,1,3,1,0,1,0,0,2,0,0,0,0,0,0,0,0,0,0,0,0,0,0,0,1,0,0,0,0,2,1,0,0,0,0,0,0,0,0,0,0,0,0,0,1,0,0,2,0,0,0,0,0,1,1,0,0,1,0,0,0,0,0,0,0,0,0,0,0
20,0.8,270,0.87,0.4,510,TRUE,TRUE,3000,119,7,1,2,2,10,3,2,4,4,46,0,1,2,1,6,2,2,0,2,3,1,1,1,0,0,2,1,1,1,1,0,0,1,0,1,0,0,0,0,0,0,0,0,0,1,0,0,0,0,0,0,0,0,0,0,0,0,0,1,1,1,0,0,0,0,0,0,0,1,0,0,0,0,0,1,1,0,0,1,1,0,0,0,0,0,0,0,0,0,0
40,0.8,200,0.84,0.8,230,FALSE,TRUE,3000,123,7,2,3,5,8,0,3,3,10,40,4,0,1,3,5,2,1,0,3,1,2,1,2,0,3,1,0,2,0,0,0,0,0,0,0,0,0,0,1,1,0,0,0,1,0,0,1,0,0,1,1,0,0,0,0,0,0,0,0,0,1,0,0,0,0,0,1,0,1,0,0,0,0,0,1,0,1,1,0,0,0,0,0,0,0,0,0,0,0,0
10,0.7,290,0.82,0.6,710,FALSE,TRUE,3000,118,6,3,3,2,2,4,3,5,5,47,0,0,1,1,5,3,0,2,0,3,0,2,0,1,2,2,1,0,0,3,1,0,0,0,0,1,0,0,0,1,0,0,0,0,0,0,0,1,0,1,0,0,0,0,0,0,0,0,0,0,1,0,1,0,1,0,0,0,1,0,1,0,0,1,1,0,0,0,1,0,0,0,0,0,0,0,0,0,0,0
90,0.8,130,0.85,0.8,320,FALSE,FALSE,3000,119,1,1,3,5,10,5,2,0,4,50,1,1,1,2,1,2,2,3,1,1,1,1,1,1,3,1,3,0,0,2,0,0,0,0,0,0,0,0,0,0,0,0,0,0,0,0,0,1,0,1,1,0,1,1,0,0,0,0,0,0,1,0,0,0,0,0,1,0,2,0,0,1,0,0,0,0,0,0,1,0,0,0,0,0,0,0,0,0,0,0
70,0.7,210,0.49,0.7,800,FALSE,FALSE,3000,121,4,1,2,5,7,3,3,3,7,42,5,1,3,2,2,2,3,3,1,2,0,1,1,2,1,0,0,0,2,1,1,0,0,0,0,0,0,0,0,1,1,1,0,0,0,0,0,1,0,0,1,0,0,0,0,0,0,0,1,1,0,0,0,0,0,0,0,1,1,0,0,0,0,0,1,0,0,1,1,0,0,0,0,0,0,0,0,0,0,0
20,0.8,140,0.39,0.9,190,FALSE,TRUE,3000,121,1,2,1,7,7,5,1,3,5,51,2,1,0,0,3,3,3,2,0,5,0,0,2,1,0,2,0,0,0,4,0,0,0,0,0,0,0,0,0,1,0,1,0,0,1,0,0,0,1,2,0,0,1,0,0,0,0,0,0,0,0,0,0,0,0,0,0,0,1,0,0,0,0,0,0,1,0,0,1,1,0,0,0,0,0,0,0,0,0,0
100,0.5,290,0.52,0.9,960,TRUE,FALSE,3000,121,2,3,1,3,4,9,4,1,4,54,0,1,3,1,3,1,1,2,0,1,0,1,0,0,1,3,0,1,1,3,0,1,0,0,0,0,0,0,1,2,0,0,0,0,0,0,2,0,0,0,0,0,1,0,0,0,1,1,0,1,0,0,0,0,0,0,0,0,1,0,0,0,0,1,0,0,0,0,1,1,0,0,0,0,0,0,0,0,0,0
80,0.9,160,1,0.8,640,FALSE,FALSE,3000,119,7,1,3,4,4,2,4,4,6,44,1,0,1,2,4,4,1,3,0,6,1,0,0,1,1,0,1,1,0,3,1,0,0,0,0,0,0,0,0,0,0,0,1,0,0,0,0,0,0,1,1,0,0,1,0,0,0,0,0,1,0,0,0,0,1,0,0,0,0,1,0,0,0,1,0,0,0,0,1,1,0,0,0,0,0,0,0,0,0,0
20,0.7,270,0.86,0.8,320,FALSE,TRUE,3000,119,1,3,1,6,8,5,5,1,5,46,1,1,0,1,5,2,0,1,2,5,0,1,2,0,0,1,0,3,0,1,1,1,0,0,0,0,0,0,0,0,0,0,0,0,0,0,0,0,0,1,0,0,1,0,2,1,0,0,2,0,0,0,0,0,1,0,0,0,1,1,0,0,0,0,0,0,0,0,1,0,0,0,0,0,0,0,0,0,0,0
10,0.5,200,0.32,0.7,190,FALSE,FALSE,3000,118,5,0,1,4,7,3,2,2,2,44,2,1,1,3,5,5,3,1,2,3,1,0,2,0,2,1,1,0,1,2,1,0,0,0,0,0,0,0,0,0,3,0,0,0,0,0,0,1,1,0,0,0,0,1,1,0,0,0,0,0,0,0,0,0,0,1,0,0,2,0,0,1,0,0,0,0,0,0,0,0,0,0,0,0,0,0,0,0,1,0
70,0.9,100,0.7,0.9,350,FALSE,FALSE,3000,118,2,1,2,2,10,2,3,4,2,52,0,2,2,2,3,4,1,1,3,1,0,0,1,1,0,1,2,0,0,4,0,0,0,0,0,0,0,0,0,0,0,1,0,0,0,1,0,0,0,2,0,0,0,0,0,0,0,0,1,1,0,0,0,0,0,0,0,0,1,0,0,0,1,0,1,0,0,0,2,0,0,0,0,0,0,0,0,0,0,0
20,0.6,230,0.93,0.5,190,TRUE,FALSE,3000,119,4,2,1,5,10,1,0,3,5,44,0,3,2,0,5,6,2,3,1,3,0,1,0,2,1,0,0,0,1,2,0,0,0,0,0,0,0,0,0,1,0,0,0,0,1,1,0,0,0,2,0,0,0,1,0,0,1,1,0,1,0,0,1,0,0,0,0,0,1,0,0,0,0,0,0,0,0,0,1,1,0,0,0,0,0,0,0,0,0,0
50,0.7,210,0.84,0.6,420,TRUE,TRUE,3000,121,8,2,4,1,4,6,0,5,2,46,1,0,1,1,2,5,1,0,1,3,2,0,2,0,4,0,1,0,2,4,2,0,0,0,0,0,0,0,0,1,1,0,0,0,1,2,1,0,0,0,0,0,0,0,0,0,1,0,1,0,0,0,0,0,0,0,0,0,0,2,0,1,1,0,0,0,0,0,0,0,0,0,0,0,0,0,0,0,0,0
50,0.9,150,0.83,0.9,960,TRUE,TRUE,3000,121,5,1,3,3,8,3,4,2,4,48,2,1,1,2,3,1,4,3,0,2,1,1,0,1,1,1,0,0,0,2,0,0,0,0,0,1,2,0,0,0,0,0,0,0,0,1,0,0,0,1,1,0,0,0,1,0,1,0,2,0,2,0,1,0,0,0,0,0,0,0,0,0,0,0,0,0,0,1,1,0,0,0,0,0,0,0,0,0,0,0
80,0.9,230,0.48,0.6,510,TRUE,FALSE,3200,118,5,2,2,3,8,4,1,4,4,45,0,0,1,1,4,1,4,2,0,6,1,1,2,2,0,1,0,1,1,0,0,1,0,0,0,0,0,0,0,0,0,0,1,0,0,1,0,0,0,0,0,0,0,0,0,0,0,0,1,2,2,0,1,0,0,1,1,0,0,0,0,0,0,0,0,0,0,1,0,1,0,0,0,0,0,0,0,0,0,0
50,0.6,150,0.93,0.8,410,TRUE,FALSE,3200,115,3,3,1,4,4,6,3,3,4,49,1,0,0,4,6,2,1,2,0,0,1,2,0,0,1,0,2,1,0,1,0,1,0,0,0,0,0,0,0,0,0,0,1,0,0,0,0,0,0,0,0,1,0,1,0,0,1,0,1,1,1,0,0,0,0,0,2,0,0,0,0,0,0,0,0,0,0,0,2,0,0,0,0,0,0,0,0,0,0,0
60,0.8,210,0.43,0.6,830,FALSE,FALSE,3200,116,4,4,2,1,9,2,1,1,3,42,0,0,0,5,4,5,3,4,1,3,1,1,2,1,1,1,0,2,0,0,0,0,0,0,0,0,1,0,0,0,1,0,0,0,0,1,0,1,0,0,1,2,0,0,0,0,1,0,0,0,1,0,0,0,0,1,1,0,2,0,0,0,0,0,0,0,1,0,0,0,0,0,0,0,0,0,0,0,0,0
80,0.5,130,0.77,0.6,810,FALSE,TRUE,3200,116,6,0,1,3,10,0,5,0,5,43,2,3,1,2,4,1,3,2,0,4,0,0,1,1,1,2,0,0,1,3,1,0,0,0,0,0,0,0,0,0,0,0,0,0,1,0,0,0,0,1,0,0,1,1,1,0,0,0,0,2,0,0,0,0,0,1,0,0,2,0,0,0,0,0,1,0,0,0,1,0,0,0,0,0,0,0,0,0,0,0
40,0.9,120,0.42,0.3,700,FALSE,TRUE,3200,118,6,1,2,4,4,4,3,7,6,45,2,1,1,3,2,4,1,0,0,2,1,0,0,1,3,1,0,1,1,1,0,0,0,0,0,0,1,0,0,1,0,1,0,0,0,0,0,0,0,0,1,1,0,0,0,0,1,1,0,0,0,0,0,0,1,0,0,0,1,0,0,1,0,0,1,0,0,0,1,0,0,0,0,0,0,0,0,0,0,0
80,0.7,220,0.86,0.9,830,TRUE,FALSE,3200,117,7,2,1,3,5,3,4,2,3,43,2,1,1,2,5,2,2,2,0,2,1,1,2,2,1,0,2,1,1,2,1,0,0,0,1,0,0,0,0,0,1,0,0,1,0,0,0,1,0,0,2,0,0,0,0,0,0,0,1,0,0,0,0,0,0,1,0,0,1,0,0,1,0,0,1,0,0,0,0,1,0,0,0,0,0,0,0,0,0,0
90,0.8,130,0.47,0.7,280,TRUE,TRUE,3200,115,9,0,4,3,7,1,3,3,3,41,0,1,0,1,6,3,2,1,0,3,0,0,1,1,1,1,2,2,0,3,0,1,0,0,0,0,1,0,0,0,0,0,0,0,0,1,0,0,1,1,0,1,1,1,0,1,0,0,0,0,1,0,0,0,0,0,0,0,1,0,1,0,0,0,0,0,0,0,2,0,0,0,0,0,0,0,0,0,0,0
20,0.6,300,0.71,0.8,570,TRUE,FALSE,3200,118,3,4,3,1,8,2,2,1,5,47,1,2,1,0,4,4,0,4,1,6,0,1,0,2,1,1,0,0,1,1,0,0,0,0,0,0,0,0,0,0,0,0,1,0,1,0,1,0,0,0,0,0,0,0,0,1,0,0,1,1,1,0,1,0,0,0,1,0,1,1,1,0,0,0,0,0,0,0,1,0,0,0,0,0,0,0,0,0,0,0
60,0.8,220,0.86,0.8,950,FALSE,FALSE,3200,117,3,3,4,3,4,7,1,2,4,48,0,0,2,1,7,1,2,1,1,2,0,3,1,0,0,1,1,1,2,1,1,0,0,0,0,0,0,0,0,0,0,1,1,0,0,0,0,0,0,0,0,1,0,0,0,1,2,0,0,1,0,0,0,0,1,0,0,0,1,0,0,0,0,0,0,0,0,0,2,0,0,0,0,0,0,0,0,0,0,0
30,0.5,120,0.8,0.4,650,TRUE,FALSE,3200,118,3,3,2,4,6,5,3,2,4,48,1,0,0,2,5,4,2,3,0,2,0,0,1,0,2,0,1,0,0,4,0,1,0,0,0,0,0,1,0,0,0,0,0,0,0,0,1,0,0,0,1,1,0,0,1,0,1,0,0,0,0,0,0,1,0,0,0,0,1,0,0,0,0,0,0,1,0,0,1,1,0,0,0,0,0,0,0,0,0,0
20,0.5,270,0.32,0.3,920,FALSE,FALSE,3200,115,7,1,1,7,4,3,4,2,4,41,2,0,1,3,4,2,2,2,4,2,0,0,1,0,1,2,0,1,0,2,0,1,0,0,0,0,0,0,0,0,1,0,0,0,0,0,0,1,0,0,0,1,1,0,0,0,0,0,1,0,1,1,0,0,1,0,0,0,2,0,0,0,0,0,0,0,1,0,1,0,0,0,0,0,0,0,0,0,0,0
80,0.7,220,0.92,0.5,820,TRUE,FALSE,3200,119,6,1,3,5,6,3,5,2,5,39,2,1,1,0,4,3,1,3,1,2,2,0,0,3,1,0,1,2,1,1,1,0,0,0,1,1,0,0,0,0,2,0,0,0,0,0,1,0,0,0,2,0,1,0,0,0,0,0,0,0,1,0,0,0,0,1,1,0,2,0,0,0,0,0,0,0,0,1,1,0,0,0,0,0,0,0,0,0,0,0
90,0.6,250,0.44,0.3,530,FALSE,FALSE,3200,116,2,1,0,5,5,2,3,7,7,47,0,3,0,4,4,2,2,0,1,3,0,1,0,0,0,3,0,0,1,5,0,0,0,0,0,0,0,0,0,0,0,0,0,0,0,0,0,0,0,0,0,2,0,0,2,0,0,0,0,0,0,0,0,0,0,1,0,0,0,1,0,0,0,0,0,1,0,0,0,2,0,0,0,0,0,0,0,0,0,0
30,0.9,200,0.45,0.7,930,TRUE,FALSE,3200,117,4,1,6,2,6,2,5,5,3,46,1,1,0,2,3,2,2,1,1,3,2,1,0,0,4,1,0,0,0,1,1,0,0,0,0,0,0,0,0,0,0,0,1,0,0,1,0,1,0,0,1,2,0,0,0,0,0,0,1,0,0,0,0,0,0,1,0,1,1,0,0,0,0,0,0,1,0,0,0,1,0,0,0,0,0,0,0,0,0,0
60,0.7,230,0.36,0.3,520,TRUE,TRUE,3200,117,7,1,1,6,6,1,0,3,4,44,1,0,1,2,3,3,5,0,3,1,1,1,2,1,2,1,1,1,0,2,0,0,0,0,0,0,0,1,0,2,1,0,0,0,0,0,1,0,0,0,1,0,0,1,1,0,0,0,1,1,1,0,1,0,0,0,0,0,0,0,0,0,0,0,0,1,0,0,1,0,0,0,0,0,0,0,0,0,0,0
40,0.6,120,0.68,0.6,460,FALSE,TRUE,3200,116,6,1,3,3,7,2,2,3,3,43,3,1,2,0,3,2,2,2,0,4,1,2,1,2,1,3,1,0,0,1,1,0,0,0,0,1,0,0,0,1,1,0,0,0,0,0,0,1,0,1,1,0,0,0,0,0,1,0,0,0,1,0,0,0,0,0,0,0,1,0,0,0,1,0,1,0,0,0,1,0,0,0,0,0,0,0,0,0,0,0
90,0.9,110,0.9,0.4,700,TRUE,TRUE,3200,115,4,1,1,7,13,1,3,3,4,44,1,2,0,1,3,3,1,1,1,1,2,0,2,0,2,0,1,0,2,2,0,0,0,0,0,0,0,0,0,0,0,0,0,0,0,0,0,0,0,0,1,0,1,0,0,0,1,0,1,0,1,0,0,0,2,0,0,0,0,0,0,0,0,1,0,0,0,0,1,1,0,0,0,0,0,0,0,0,0,0
10,0.8,140,0.86,0.3,200,TRUE,FALSE,3200,118,5,2,0,7,5,3,3,3,5,45,3,0,0,2,3,2,4,1,3,1,2,1,0,2,3,0,0,0,1,2,0,0,1,0,0,0,0,0,0,0,1,1,0,0,0,0,0,1,0,0,1,0,0,0,0,1,0,0,1,0,0,0,0,0,1,0,0,0,1,0,0,0,0,0,0,1,0,0,1,0,0,0,0,0,0,0,0,0,0,0
40,0.8,150,0.45,0.3,150,FALSE,TRUE,3200,118,6,4,2,1,4,3,1,4,2,41,3,1,1,2,6,5,1,2,0,2,0,1,1,0,1,1,2,0,0,1,0,1,0,0,0,1,0,0,1,1,4,1,0,0,0,2,0,0,0,0,0,0,0,0,0,0,0,0,0,0,1,1,1,0,0,1,0,0,2,0,0,1,0,0,0,0,0,0,1,0,0,0,2,0,0,0,0,0,0,0
10,0.6,250,0.57,0.8,780,FALSE,TRUE,3200,117,5,3,1,5,9,0,5,7,3,42,1,0,0,2,1,2,2,0,2,4,2,0,0,1,3,0,2,1,0,0,0,0,0,0,1,0,0,0,0,1,0,3,0,0,0,0,1,0,0,0,1,1,1,0,0,0,2,0,2,0,0,0,0,0,0,0,0,0,0,0,0,0,0,0,0,1,0,0,1,0,0,0,0,0,0,0,0,0,0,0
60,0.9,220,0.49,0.9,880,FALSE,TRUE,3200,117,5,0,3,5,5,4,2,1,4,46,0,1,0,1,7,4,1,5,0,0,2,2,0,0,0,2,0,0,1,3,1,0,0,0,0,0,0,0,0,0,1,0,1,0,0,2,1,0,0,0,1,0,1,0,0,0,0,0,2,1,0,0,0,0,0,0,0,0,0,1,0,0,0,0,0,0,0,0,1,1,0,0,0,0,0,0,0,0,0,0
10,0.8,230,0.68,0.5,800,FALSE,FALSE,3200,114,5,1,5,3,6,2,3,1,4,42,3,0,0,0,7,6,2,2,0,1,0,0,1,0,2,0,1,0,1,2,0,1,0,0,0,0,0,1,0,0,0,1,0,0,1,0,0,1,0,0,0,0,0,0,0,0,0,0,1,2,2,0,0,0,1,0,1,0,1,0,0,0,0,1,0,0,0,0,1,0,0,0,0,0,0,0,0,0,0,0
80,0.7,250,0.81,0.6,1000,TRUE,FALSE,3200,118,4,1,3,3,9,1,2,3,8,45,1,0,0,2,2,3,1,1,0,1,1,1,0,4,2,1,1,2,1,2,2,0,0,0,0,0,0,0,0,2,1,0,0,0,0,0,0,0,0,1,1,0,2,0,0,0,0,1,0,0,0,0,0,0,1,0,0,1,0,0,0,0,0,0,0,0,0,1,1,0,0,0,0,0,0,0,0,0,0,0
20,0.7,170,0.31,0.3,130,FALSE,FALSE,3200,117,8,2,0,2,3,1,4,3,3,46,2,0,1,5,4,2,3,2,1,1,1,0,0,2,3,1,0,0,1,5,0,1,0,0,0,0,0,0,1,0,0,0,0,0,0,0,0,0,0,0,2,0,0,0,0,1,0,0,1,1,1,0,0,0,1,0,0,0,1,0,0,0,0,0,0,0,0,0,1,0,0,0,0,1,0,0,0,0,0,0
70,0.7,250,0.64,0.3,710,FALSE,FALSE,3200,115,5,2,2,4,5,3,4,3,7,43,1,0,0,2,4,3,3,2,1,1,1,1,2,0,2,0,0,0,0,1,1,0,0,0,0,0,0,0,0,0,0,2,0,0,1,0,0,0,0,0,0,0,0,0,0,0,1,0,1,0,2,0,1,0,0,1,0,0,2,0,0,0,0,0,0,0,0,1,1,0,0,0,0,0,0,0,0,0,0,0
50,0.8,260,0.59,0.5,910,FALSE,FALSE,3200,116,7,1,3,3,10,3,4,2,4,36,1,1,1,3,5,2,2,0,0,7,0,1,1,1,0,1,0,2,3,1,0,0,0,0,0,0,0,0,0,0,0,1,0,0,0,0,0,0,1,0,1,1,0,1,0,0,0,0,0,0,0,1,0,0,0,0,1,0,3,0,0,0,0,0,1,1,0,0,0,0,0,0,0,0,0,0,0,0,0,0
30,0.8,120,1,0.7,230,FALSE,FALSE,3200,117,6,1,1,7,6,2,3,3,7,44,0,1,0,0,5,3,1,1,2,3,0,0,0,3,0,0,2,2,0,1,1,0,0,0,0,0,0,0,0,1,2,0,0,0,1,0,0,0,0,0,0,1,2,0,0,0,0,1,0,0,0,0,0,0,1,0,0,0,2,0,0,0,0,0,0,0,0,1,1,0,0,0,0,0,0,0,0,0,0,0
20,0.5,270,0.95,0.3,910,TRUE,FALSE,3200,119,6,2,4,3,9,2,1,4,2,41,2,1,1,0,7,5,3,2,1,2,1,1,0,1,1,3,0,0,0,1,0,0,0,0,0,0,0,0,0,2,2,0,0,0,1,0,0,1,0,0,1,0,0,0,0,0,0,0,0,0,1,0,1,0,0,0,1,0,3,0,0,1,0,0,0,0,0,0,0,0,0,0,0,0,0,0,0,0,0,0
50,0.6,160,1,0.9,950,TRUE,FALSE,3200,114,6,2,2,2,7,5,3,2,2,43,0,4,1,1,4,2,1,2,2,3,0,1,2,1,2,0,2,0,0,2,0,0,0,0,0,0,0,0,0,0,0,0,0,0,0,0,0,0,0,0,0,0,1,1,0,0,0,0,2,0,2,0,0,0,1,0,0,0,1,0,0,0,0,0,0,1,0,0,1,0,0,0,0,1,0,0,0,0,0,0
80,0.7,270,0.93,0.6,460,FALSE,FALSE,3200,116,1,1,1,6,7,3,3,3,6,48,2,1,0,4,3,3,1,0,3,0,0,0,2,1,1,1,0,1,0,2,1,1,0,0,0,0,0,0,0,0,1,0,0,0,1,0,0,0,0,0,0,0,0,0,0,0,1,1,1,1,0,0,0,0,1,0,0,0,1,0,0,0,0,0,0,0,0,0,2,0,0,0,0,0,0,0,0,0,0,0
70,0.6,240,0.83,0.8,790,TRUE,TRUE,3200,115,7,0,2,4,8,2,1,2,9,38,2,1,0,3,4,3,3,0,1,5,0,1,2,1,1,0,0,1,2,1,0,1,0,0,0,0,0,0,0,0,0,0,2,0,0,0,0,0,1,1,0,0,0,0,0,0,0,0,0,0,1,1,0,0,1,0,1,0,1,0,0,0,0,1,0,0,0,0,1,0,0,0,0,0,0,0,0,0,0,0
10,0.7,110,0.46,0.9,430,TRUE,TRUE,3200,119,8,1,3,5,7,2,4,1,4,41,0,0,0,2,7,3,1,5,0,2,1,0,1,1,0,1,1,0,1,3,0,1,1,0,0,0,1,0,0,0,0,0,0,0,0,1,1,0,0,0,1,0,0,0,1,0,0,0,1,1,0,0,0,1,0,0,0,0,1,1,2,0,0,0,0,0,0,0,1,0,0,0,0,0,0,0,0,0,0,0
10,0.5,190,0.84,0.3,840,TRUE,FALSE,3200,117,8,3,2,3,8,3,1,2,3,44,1,1,0,1,2,4,2,3,2,2,1,0,0,0,3,2,1,0,0,1,1,0,0,0,0,0,0,0,1,0,2,0,0,0,0,0,0,0,0,1,1,0,1,1,1,0,0,0,2,0,0,0,0,0,0,1,0,0,1,1,0,1,0,0,0,0,0,0,0,0,0,0,0,0,0,0,0,0,0,0
70,0.6,210,0.86,0.6,780,FALSE,TRUE,3200,118,6,2,3,3,9,3,3,2,4,43,2,0,0,2,1,3,3,3,1,3,0,1,2,0,1,2,0,1,0,2,0,0,0,0,1,0,0,0,0,0,0,1,0,0,1,0,0,0,0,3,1,0,0,0,0,0,0,0,2,0,1,0,0,0,1,0,1,0,0,0,0,0,0,1,0,0,0,0,1,0,0,0,0,0,0,0,0,0,0,0
20,0.7,190,0.38,0.6,300,FALSE,TRUE,3200,119,4,2,2,3,12,1,4,1,5,44,1,3,1,2,5,4,3,0,0,3,2,0,0,0,2,3,0,1,0,1,0,0,0,0,0,0,0,0,0,1,1,0,0,0,0,0,0,0,0,1,0,0,1,0,0,0,0,0,0,0,1,0,0,1,0,0,0,0,1,1,0,0,0,1,0,1,0,0,1,0,0,0,0,0,0,0,0,0,0,0
20,0.5,190,0.71,0.8,320,TRUE,TRUE,3200,119,7,1,2,2,8,4,4,2,2,44,1,3,0,5,5,1,2,0,2,6,0,0,1,0,3,0,0,0,1,2,0,1,0,0,0,0,0,0,0,0,0,1,0,0,0,0,0,0,0,0,1,0,1,0,0,0,0,0,1,0,0,0,0,0,0,2,0,0,2,0,0,1,0,0,1,0,0,0,1,0,0,0,0,0,0,0,0,0,0,0
30,0.6,200,0.67,0.4,130,TRUE,TRUE,3200,115,2,3,3,3,7,2,4,2,3,47,0,2,1,2,5,3,1,3,2,1,0,0,0,0,1,1,1,1,1,2,1,0,0,1,0,0,0,0,0,0,0,1,0,1,0,0,0,0,1,0,0,1,0,0,0,1,0,0,2,0,0,0,0,0,0,1,0,0,0,0,0,0,0,0,0,1,0,0,1,1,0,0,0,0,0,0,0,0,0,0
20,0.9,280,0.52,0.5,710,TRUE,TRUE,3200,118,9,0,4,2,6,2,5,3,4,46,0,1,0,2,2,2,2,0,0,5,1,0,1,1,1,2,2,0,1,2,0,0,0,0,0,0,0,0,0,1,0,0,0,0,1,0,0,0,0,1,1,0,1,1,0,0,0,0,1,0,1,0,1,0,0,0,0,0,1,0,0,0,0,0,0,1,0,0,1,1,0,0,0,0,0,0,0,0,0,0
30,0.9,200,0.46,0.5,750,TRUE,TRUE,3200,119,6,1,3,2,8,2,5,2,4,43,2,3,4,0,4,3,0,0,1,4,3,0,0,1,3,1,0,2,1,1,0,0,0,0,0,0,0,0,0,0,1,0,0,0,0,0,0,0,0,0,1,1,0,0,0,0,1,0,2,0,0,0,0,0,1,1,0,0,0,0,1,0,0,0,0,0,0,1,1,0,0,0,0,0,0,0,0,0,0,0
90,0.5,240,0.41,0.7,820,TRUE,FALSE,3200,116,6,1,4,4,7,3,1,2,2,43,2,1,0,1,5,7,1,3,2,4,0,1,0,1,1,1,0,1,0,1,0,0,0,0,0,0,0,0,0,1,0,0,0,0,1,0,0,0,0,1,1,1,0,0,0,0,0,0,1,0,1,0,0,0,1,0,1,0,1,0,0,0,0,1,0,0,0,0,1,0,0,0,0,0,0,0,0,0,0,0
90,0.5,220,0.75,0.7,670,FALSE,TRUE,3200,120,8,1,0,5,9,2,1,3,3,42,1,1,5,0,4,2,4,0,3,6,0,0,2,0,1,0,2,1,1,1,0,2,0,0,0,0,0,0,0,0,0,1,0,0,0,0,0,0,0,0,1,0,0,1,0,0,0,0,2,0,1,0,0,0,0,2,0,0,2,0,0,0,0,0,0,1,0,0,0,0,0,0,0,0,0,0,0,0,0,0
60,0.8,290,0.57,0.9,390,FALSE,TRUE,3200,117,2,2,0,5,7,1,7,5,3,52,0,1,2,0,3,2,1,0,1,1,0,0,0,1,1,2,1,1,0,4,0,1,0,1,0,0,0,0,0,0,0,1,0,0,0,0,1,0,0,2,0,0,0,0,1,0,1,0,2,1,0,0,0,0,0,0,0,0,0,0,0,0,0,0,0,0,0,0,1,1,0,0,0,0,0,0,0,0,0,0
70,0.5,220,0.39,0.6,770,FALSE,TRUE,3200,118,6,2,2,4,7,3,3,2,3,46,0,0,0,3,4,1,3,3,1,1,4,1,1,1,1,1,0,0,1,3,0,0,0,0,0,0,0,1,0,0,0,0,0,0,0,1,0,0,0,0,1,1,0,0,0,1,1,0,0,0,0,0,0,0,0,0,0,1,2,0,0,0,0,0,1,0,0,0,1,1,0,0,0,0,0,0,0,0,0,0
30,0.5,280,0.44,0.9,940,TRUE,FALSE,3200,116,5,1,3,6,6,3,3,3,3,42,0,3,0,1,5,2,2,3,0,4,2,1,0,1,3,2,0,1,0,0,0,0,0,0,0,0,0,0,0,0,0,0,0,0,1,0,0,1,0,0,1,0,1,0,0,0,0,0,2,0,1,0,1,0,0,1,0,0,0,1,0,0,0,0,0,1,0,0,1,0,0,0,0,0,0,0,0,0,0,0
90,0.6,100,0.35,0.5,860,TRUE,TRUE,3200,117,6,1,0,6,7,2,2,2,3,45,1,0,3,0,2,4,4,2,5,4,2,0,1,1,1,1,0,0,0,1,0,0,0,0,0,0,0,0,0,0,0,1,0,0,0,0,0,0,1,0,0,1,0,0,1,0,0,0,1,0,1,1,0,0,0,2,0,0,1,0,0,0,0,0,0,1,0,0,1,0,0,0,0,0,0,0,0,0,0,0
20,0.7,100,0.31,0.8,610,FALSE,FALSE,3200,115,5,2,4,5,4,4,4,3,3,41,2,0,0,2,4,5,3,2,1,2,1,1,1,0,1,0,1,0,1,0,2,0,0,0,1,0,0,0,0,0,1,0,1,0,0,0,0,0,0,0,0,0,0,0,0,0,0,0,1,2,0,0,1,0,0,1,1,0,0,0,1,0,0,0,0,0,0,0,2,0,0,0,0,0,0,0,0,0,0,0
20,0.8,180,0.98,0.3,1000,FALSE,FALSE,3200,116,4,0,4,2,8,3,4,2,2,44,4,1,2,1,5,4,2,1,2,1,0,1,1,0,0,1,0,3,0,2,0,0,0,0,0,1,0,0,0,0,0,0,0,0,1,0,0,0,0,0,0,1,0,1,0,0,0,0,1,0,0,0,0,1,0,1,0,1,2,0,2,0,0,0,0,0,0,0,1,0,0,0,0,0,0,0,0,0,0,0
70,0.7,140,0.95,0.9,920,TRUE,FALSE,3200,115,6,0,3,2,11,0,3,4,2,45,1,1,2,2,3,3,0,3,0,3,0,1,0,1,3,0,1,2,0,1,2,0,0,0,0,0,0,0,0,1,0,0,0,0,0,0,0,0,0,0,1,1,1,0,0,0,0,0,0,0,0,0,0,1,0,0,0,0,2,0,0,1,0,0,1,1,0,0,1,0,0,0,0,0,0,0,0,0,0,0
90,0.9,270,0.44,0.5,810,TRUE,FALSE,3200,115,5,1,3,1,10,3,4,3,4,45,1,2,1,0,4,2,1,0,3,3,0,0,0,2,3,1,0,0,1,1,1,0,0,0,0,0,0,0,0,0,1,0,1,0,0,0,0,0,0,0,1,0,1,0,1,0,0,0,1,0,1,0,0,0,0,0,0,0,1,0,0,0,0,0,1,0,0,0,1,0,0,0,0,0,1,0,0,0,0,0
80,0.9,300,0.53,0.5,170,FALSE,FALSE,3200,115,4,3,1,4,7,0,3,1,5,47,2,0,0,1,6,2,3,2,2,0,0,1,1,1,1,1,0,2,1,4,0,0,0,0,0,0,0,0,0,0,0,0,0,0,0,0,0,0,0,0,1,1,0,1,0,0,0,0,0,2,1,0,1,0,0,1,0,0,0,1,0,0,0,0,0,0,2,0,0,0,0,0,0,0,0,0,0,0,0,0
60,0.5,280,0.65,0.8,380,TRUE,FALSE,3200,117,4,2,1,6,4,2,3,7,2,43,2,1,1,1,2,6,1,2,1,2,2,0,0,2,2,0,1,0,0,3,0,0,0,0,0,1,0,0,0,0,1,1,0,0,0,0,0,1,1,0,2,1,0,0,0,0,0,0,1,0,1,0,0,0,0,1,0,0,1,0,0,0,0,0,0,0,2,0,1,0,0,0,0,0,0,0,0,0,0,0
90,0.8,220,0.59,0.8,930,FALSE,FALSE,3200,115,9,1,2,4,6,1,4,5,3,42,2,0,1,2,3,3,2,1,0,3,1,2,0,3,1,0,1,0,0,1,1,0,0,0,0,0,0,1,0,0,1,0,0,0,0,0,0,0,0,0,3,0,0,1,0,0,0,0,1,0,0,0,0,0,0,0,0,0,1,1,0,0,0,0,1,0,1,0,1,0,0,0,0,0,0,0,0,0,0,0
100,0.5,270,0.62,0.5,390,TRUE,TRUE,3200,119,9,1,1,4,8,1,3,3,5,42,0,1,4,1,4,3,1,0,1,6,0,0,1,0,4,0,0,2,1,1,0,2,0,0,0,0,0,0,0,0,0,1,0,0,0,0,0,0,1,0,1,0,0,1,0,0,1,0,0,0,1,0,0,0,0,0,0,0,2,0,0,0,0,1,1,0,0,0,1,0,0,0,0,0,0,0,0,0,0,0
90,0.6,270,0.74,0.9,930,TRUE,TRUE,3200,118,4,1,0,10,6,5,4,3,6,40,2,1,2,2,3,2,2,1,1,4,2,1,0,0,2,0,0,1,0,2,0,1,0,1,0,0,0,0,0,0,0,1,0,0,0,0,0,1,0,0,1,1,0,0,0,0,0,0,1,0,0,0,0,0,0,1,0,1,0,0,0,0,0,0,1,1,0,0,1,0,0,0,0,0,0,0,0,0,0,0
70,0.7,190,0.59,0.7,410,TRUE,TRUE,3200,115,5,3,3,3,9,3,2,6,1,46,1,0,0,1,2,2,2,2,0,2,0,1,1,0,1,2,0,0,1,1,1,0,0,0,1,0,0,0,0,0,0,0,0,1,1,0,2,0,0,0,0,2,0,0,0,0,1,0,0,0,1,1,0,0,0,0,0,1,2,0,0,0,0,0,0,1,0,0,1,0,0,0,0,0,0,0,0,0,0,0
80,0.5,220,0.34,0.4,550,TRUE,FALSE,3200,114,4,1,3,3,5,3,4,7,1,46,1,1,0,2,7,2,0,2,0,3,0,0,1,1,2,1,0,0,1,3,0,1,0,0,0,0,0,0,0,0,0,0,0,0,0,0,0,0,1,0,1,1,0,0,2,0,0,0,0,0,0,0,0,0,0,1,0,0,1,0,0,0,0,0,0,1,0,0,2,0,0,0,0,0,0,0,0,0,0,0
80,0.9,250,0.88,0.7,850,FALSE,TRUE,3200,118,4,3,2,4,6,5,2,2,2,49,0,1,0,0,5,3,2,4,1,0,2,2,1,1,1,0,1,1,0,2,0,0,0,0,0,0,0,0,0,0,0,0,0,0,1,1,0,1,0,0,0,0,0,1,0,0,0,0,1,0,2,0,1,0,0,1,0,0,3,0,0,0,0,0,0,0,0,0,1,0,0,0,0,0,0,0,0,0,0,0
80,0.9,220,0.54,0.9,260,FALSE,FALSE,3200,116,7,3,2,3,6,5,2,3,2,43,0,2,1,1,4,2,2,1,3,4,1,0,0,1,3,0,1,0,0,2,0,0,0,0,0,0,0,1,0,0,0,1,0,0,0,0,0,0,0,0,1,1,0,1,0,0,0,0,2,1,0,0,0,0,0,1,0,0,1,0,0,1,0,1,0,1,0,0,0,0,0,0,0,0,0,0,0,0,0,0
50,0.5,300,0.87,0.3,660,FALSE,FALSE,3200,120,8,0,3,4,7,1,5,2,3,44,2,2,2,0,2,3,1,1,2,2,2,0,1,1,3,2,0,0,0,3,1,0,0,0,2,0,0,0,0,0,0,0,0,0,1,0,0,0,0,3,1,0,0,1,0,0,0,0,1,0,1,0,0,0,0,0,0,1,0,0,0,0,0,0,2,0,0,0,0,1,0,0,0,0,0,0,0,0,0,0
90,0.6,210,0.71,0.3,180,TRUE,FALSE,3200,117,8,0,3,6,9,2,2,2,7,37,1,1,0,4,4,2,4,1,2,1,0,0,0,2,0,2,0,1,0,1,2,1,0,0,0,0,1,0,0,1,1,0,0,0,1,0,0,0,0,0,1,0,1,0,0,1,0,0,0,1,0,0,0,0,0,1,0,0,1,0,0,0,0,0,0,0,1,0,1,1,0,0,0,0,0,0,0,0,0,0
70,0.8,200,0.49,0.5,310,FALSE,TRUE,3200,116,8,0,1,5,7,1,5,1,5,43,1,1,0,3,3,3,2,0,3,4,0,0,1,3,1,0,0,1,0,1,0,2,0,0,0,0,0,0,0,0,0,0,0,0,0,0,0,1,1,0,0,0,1,0,0,0,0,0,1,0,1,1,1,0,0,1,0,0,1,2,0,0,0,0,1,0,0,0,0,0,0,0,0,0,0,0,0,0,0,0
100,0.6,300,0.58,0.9,630,FALSE,FALSE,3200,115,5,1,1,8,7,3,3,2,5,41,1,1,1,0,3,5,2,2,2,2,1,1,1,3,1,0,1,0,1,1,0,0,0,0,0,0,0,0,0,0,0,0,0,0,0,0,0,1,0,0,0,3,0,0,0,0,0,0,0,0,1,0,0,0,0,1,1,0,2,0,0,0,0,0,0,1,0,0,1,0,0,0,0,0,0,0,0,0,0,0
70,0.5,150,0.61,0.4,950,TRUE,FALSE,3200,117,7,1,2,8,5,2,4,1,5,44,1,1,1,0,3,3,2,2,2,4,0,0,1,2,2,0,0,0,1,0,0,1,0,1,0,0,0,0,0,0,0,0,0,0,0,0,0,0,0,0,1,1,1,0,0,0,0,1,2,0,1,1,0,0,0,0,0,0,0,1,0,0,0,0,1,1,0,0,1,0,0,0,0,0,0,0,0,0,0,0
40,0.9,210,0.56,0.4,280,TRUE,FALSE,3200,117,2,2,2,5,7,5,2,3,3,43,5,1,1,4,4,2,2,2,1,1,2,0,0,1,0,1,1,0,2,0,0,1,0,2,0,0,0,0,0,0,0,0,0,0,0,0,0,0,1,0,1,1,0,0,0,0,0,0,0,0,2,0,0,0,0,0,0,0,2,0,0,0,0,0,1,1,0,0,2,0,0,0,0,0,0,0,0,0,0,0
100,0.8,280,0.56,0.7,170,FALSE,FALSE,3200,116,8,1,4,3,6,5,2,4,2,42,1,0,1,2,1,3,1,3,0,4,0,1,1,0,3,2,1,1,0,2,0,0,0,0,1,0,0,0,0,0,2,0,0,0,0,0,0,0,1,0,1,0,0,0,0,0,1,0,0,0,0,1,0,1,0,0,0,0,2,0,0,0,0,0,1,1,0,0,1,0,0,0,0,0,0,0,0,0,0,0
80,0.5,280,0.96,0.5,1000,FALSE,TRUE,3200,120,11,1,0,4,7,2,7,2,5,42,0,1,0,3,3,4,0,1,0,2,0,0,1,1,4,1,0,0,0,2,0,1,0,0,0,0,0,0,0,0,2,0,0,0,1,1,0,0,0,2,3,0,0,0,0,0,0,2,0,1,0,0,0,0,0,0,0,0,1,0,0,0,0,0,2,0,0,0,1,0,0,0,0,0,0,0,0,0,0,0
20,0.8,210,0.33,0.9,110,TRUE,FALSE,3200,118,3,1,2,3,11,1,3,1,4,50,0,2,0,2,2,5,1,1,2,1,2,2,2,0,2,1,1,1,0,2,0,0,0,1,0,0,0,0,0,0,1,0,1,0,0,0,0,0,0,0,0,0,0,0,0,0,1,0,2,0,0,0,0,0,0,1,0,1,1,0,0,0,0,0,0,0,0,0,2,0,0,0,0,0,0,0,0,0,0,0
40,0.9,220,0.77,0.8,790,FALSE,FALSE,3200,117,7,0,1,4,11,2,2,0,5,41,1,1,4,1,1,3,3,1,1,2,0,0,0,1,4,0,0,2,2,3,0,3,0,0,0,0,0,0,0,0,0,1,1,1,0,0,0,0,0,0,0,0,0,0,0,1,0,0,1,1,1,1,0,0,0,0,0,0,2,0,0,0,0,0,1,0,0,0,0,0,0,0,0,0,1,0,0,0,0,0
50,0.7,110,0.54,0.7,140,FALSE,FALSE,3200,117,10,1,1,5,6,2,4,3,5,47,0,0,0,1,2,3,2,0,1,0,1,1,0,2,3,0,0,1,0,2,0,0,0,2,0,0,0,0,1,1,2,0,0,0,0,0,0,0,1,1,1,0,0,0,1,0,0,0,0,0,0,0,0,0,1,0,0,0,1,0,0,0,0,0,1,0,0,1,0,1,0,0,0,0,0,0,0,0,0,0
30,0.8,240,0.96,0.5,530,TRUE,TRUE,3200,118,9,1,1,2,4,3,2,4,4,48,1,0,2,0,6,1,2,1,1,2,0,0,1,2,1,1,1,1,0,3,0,0,0,0,1,0,0,1,0,0,0,0,0,0,1,1,0,0,0,1,0,1,0,0,0,1,0,1,0,0,2,1,0,0,0,0,0,0,2,0,0,0,0,0,0,0,0,1,0,1,0,0,0,0,0,0,0,0,0,0
20,0.7,130,0.34,0.4,870,TRUE,FALSE,3200,120,7,1,4,2,9,2,3,5,1,49,2,0,2,2,5,1,1,2,1,4,1,1,0,0,0,0,0,0,0,1,0,1,0,0,1,0,1,0,0,0,1,1,0,0,0,2,0,0,0,0,0,0,0,0,0,1,0,0,1,0,1,0,1,0,0,0,1,0,1,0,0,0,0,0,0,1,0,0,1,0,0,0,0,0,0,0,0,0,0,0
10,0.6,100,0.52,0.6,200,TRUE,TRUE,3200,118,4,1,2,3,7,1,2,4,4,42,2,0,1,4,7,2,2,1,3,7,1,0,1,2,0,0,0,1,0,2,2,0,0,0,1,0,0,0,0,1,0,0,0,0,0,0,0,0,0,1,0,0,1,0,0,0,0,0,0,1,1,0,0,0,1,1,0,1,0,0,0,0,0,0,1,0,0,0,0,1,0,0,0,0,0,0,0,0,0,0
70,0.7,130,0.44,0.6,750,TRUE,TRUE,3200,119,8,1,1,5,4,6,4,1,4,43,0,0,0,3,4,2,2,1,4,5,2,0,0,1,2,0,0,0,2,1,0,1,0,0,0,1,0,0,0,0,1,1,0,0,0,0,0,1,0,0,1,0,2,0,0,1,0,0,1,1,0,0,0,0,0,0,0,0,0,0,0,0,1,0,0,0,1,0,1,0,0,0,0,0,0,0,0,0,0,0
60,0.7,230,0.35,0.4,420,FALSE,TRUE,3200,120,5,0,1,2,9,3,4,3,3,49,3,2,2,1,4,2,1,0,1,2,0,1,2,2,2,0,0,1,2,2,0,1,0,0,0,0,0,0,0,0,0,0,0,0,0,0,0,0,0,0,1,1,1,0,0,1,0,0,1,1,1,0,0,0,0,0,0,0,1,0,0,0,0,0,2,0,0,0,1,0,0,0,0,0,0,0,0,0,0,0
50,0.7,150,0.69,0.6,700,TRUE,TRUE,3200,120,9,1,3,1,5,4,1,4,2,47,1,4,0,0,6,5,2,1,1,2,2,0,1,3,1,1,0,0,1,2,0,0,0,0,0,0,0,0,0,0,1,0,0,0,0,1,1,0,0,0,3,0,0,0,0,0,0,0,1,0,0,0,0,0,0,0,1,0,0,0,0,1,0,1,0,0,0,0,1,0,0,0,0,0,0,0,0,0,0,0
10,0.7,280,0.49,0.9,450,FALSE,FALSE,3200,116,7,2,0,8,5,2,5,4,3,40,2,0,0,1,4,3,1,4,1,2,1,0,1,3,2,0,1,1,0,1,0,1,0,1,0,0,0,0,0,0,1,0,1,0,0,0,1,0,1,0,0,0,1,0,0,0,0,0,0,0,1,0,0,1,0,0,0,0,2,0,0,0,0,0,0,0,0,1,1,0,0,0,0,0,0,0,0,0,0,0
90,0.6,120,0.43,0.8,480,TRUE,TRUE,3200,116,7,2,1,4,7,1,4,2,3,39,1,0,2,3,4,3,2,5,2,4,0,1,1,0,5,0,0,0,0,3,0,0,0,0,0,0,0,0,0,0,0,0,0,0,0,0,0,0,0,0,2,0,0,0,0,0,0,0,0,1,1,0,1,1,0,1,0,0,2,0,0,0,0,0,1,0,0,0,1,0,0,0,0,0,0,0,0,0,0,0
30,0.6,300,0.44,0.3,140,FALSE,TRUE,3200,118,5,1,5,2,10,5,1,3,1,41,1,3,2,0,3,6,3,1,3,3,0,1,1,1,2,0,1,1,0,1,0,1,0,0,0,0,0,0,0,0,0,0,0,1,0,0,0,0,0,0,0,0,0,0,0,0,0,0,2,0,1,0,0,0,0,0,1,0,2,0,1,0,0,1,1,0,0,0,1,0,0,0,0,0,0,0,0,0,0,0
80,0.5,100,0.79,0.5,710,FALSE,FALSE,3200,116,8,3,5,2,6,0,3,2,4,41,0,0,1,0,5,4,3,1,0,4,0,1,0,1,2,3,1,0,0,3,0,0,0,0,0,0,0,1,0,0,0,1,0,0,1,1,1,0,0,1,0,0,0,0,0,0,0,0,1,0,2,0,1,0,1,0,0,0,2,0,0,0,0,0,0,0,0,0,1,0,0,0,0,0,0,0,0,0,0,0
40,0.6,100,0.75,0.3,750,TRUE,TRUE,3200,116,6,1,4,4,8,5,0,2,3,40,0,0,2,2,2,4,3,2,2,4,1,2,0,0,1,3,0,1,0,2,0,0,0,0,0,0,0,0,1,0,0,0,0,0,2,0,0,0,0,1,0,1,0,0,0,0,0,0,2,0,2,0,0,1,0,0,1,0,1,0,0,0,0,0,0,0,0,0,1,0,0,0,0,0,0,0,0,0,0,0
90,0.6,180,0.65,0.5,110,FALSE,TRUE,3200,118,2,2,1,5,9,5,3,2,4,43,2,2,1,1,5,2,2,1,1,4,0,0,0,0,2,1,0,2,1,1,2,3,0,0,0,0,0,0,0,0,0,1,0,0,0,1,0,0,0,0,0,0,1,0,0,0,0,0,2,0,0,0,0,0,0,1,0,0,2,1,0,0,0,0,0,0,0,0,1,0,0,0,0,0,0,0,0,0,0,0
60,0.9,260,0.5,0.5,440,TRUE,TRUE,3200,121,5,1,1,4,10,2,4,0,4,49,2,2,3,0,3,3,2,1,3,2,1,1,0,1,3,1,0,0,0,1,0,1,0,0,0,0,0,0,0,1,0,0,2,0,0,0,0,0,0,0,0,0,1,0,0,0,1,0,2,0,0,0,0,0,0,1,1,0,2,0,0,0,0,0,0,0,0,0,0,1,0,0,0,0,0,0,0,0,0,0
30,0.6,250,0.33,0.9,120,FALSE,TRUE,3200,119,7,0,3,3,7,1,3,2,3,44,2,2,1,1,5,1,2,0,0,2,0,0,1,1,4,0,2,3,1,2,3,0,0,1,0,0,0,0,0,0,0,0,0,0,0,0,0,0,0,2,2,0,1,0,1,0,0,0,0,0,0,0,0,0,1,0,0,0,1,1,0,0,0,0,1,0,0,1,1,0,0,0,0,0,0,0,0,0,0,0
40,0.9,200,0.81,0.6,190,FALSE,FALSE,3200,115,7,0,1,6,5,3,2,2,6,39,1,1,2,3,4,3,3,0,1,5,0,1,2,0,2,0,0,1,1,2,0,1,0,0,0,0,0,0,0,0,0,1,1,0,0,0,0,0,1,1,1,0,0,0,0,0,0,0,0,1,0,1,0,0,1,1,0,0,2,0,0,0,0,0,0,1,0,0,0,0,0,0,0,0,0,0,0,0,0,0
50,0.8,210,0.44,0.8,810,TRUE,FALSE,3200,120,7,1,0,8,7,3,2,3,6,44,3,0,0,1,3,3,2,0,2,3,2,0,0,1,0,0,1,2,2,1,0,0,0,0,1,0,0,0,0,0,0,2,0,0,1,0,0,1,0,0,0,0,0,0,0,0,0,0,1,0,1,1,1,0,1,1,0,0,1,0,0,0,0,0,0,0,1,1,0,0,0,0,0,0,0,0,0,0,0,0
80,0.6,250,0.36,0.5,350,FALSE,FALSE,3200,115,7,0,1,3,11,1,3,3,7,40,3,1,2,1,3,2,2,2,1,2,0,1,1,1,0,0,1,0,0,1,1,0,1,1,0,0,0,0,0,2,3,0,0,0,0,0,1,0,0,0,1,1,0,0,0,0,0,0,0,0,0,0,0,0,0,0,0,0,1,0,0,0,0,0,1,0,0,1,2,0,0,0,0,0,0,0,0,0,0,0
20,0.8,270,0.87,0.4,510,TRUE,TRUE,3200,118,5,2,2,2,9,2,1,2,5,45,0,2,0,2,2,1,4,2,1,7,1,1,1,1,1,1,1,0,1,2,0,0,0,0,0,0,0,0,0,1,0,2,0,0,0,0,0,0,0,0,1,0,2,0,0,0,0,0,0,1,0,0,0,0,1,0,0,0,1,1,0,0,0,0,0,0,1,1,0,1,0,0,0,0,0,0,0,0,0,0
40,0.8,200,0.84,0.8,230,FALSE,TRUE,3200,118,5,1,3,3,9,1,5,2,1,44,1,1,2,1,5,0,3,2,4,4,2,1,1,0,1,1,0,1,1,1,1,0,0,1,0,1,0,0,0,0,1,0,1,0,0,0,1,0,0,0,0,0,0,0,0,0,0,0,1,0,0,0,0,0,0,1,1,0,1,1,0,0,0,0,0,0,0,0,1,1,0,0,0,0,0,0,0,0,0,0
10,0.7,290,0.82,0.6,710,FALSE,TRUE,3200,116,4,3,5,3,6,2,3,2,2,44,2,2,0,0,2,2,1,2,3,2,1,2,0,1,4,2,0,1,1,0,1,1,0,0,1,0,0,0,0,0,0,1,0,0,0,0,2,0,0,0,0,1,0,1,0,0,1,0,2,1,1,0,0,0,0,0,0,0,0,0,0,0,0,0,0,0,0,0,2,0,0,0,0,0,0,0,0,0,0,0
90,0.8,130,0.85,0.8,320,FALSE,FALSE,3200,118,5,2,1,8,6,3,2,3,6,38,2,0,0,1,6,3,2,2,2,3,0,1,0,2,2,2,1,0,0,2,1,1,0,0,0,0,0,0,0,1,1,0,0,0,0,0,0,0,0,0,2,1,0,0,0,1,1,0,0,0,0,0,0,0,0,0,0,0,2,0,0,1,0,0,1,0,0,0,1,0,0,0,0,0,0,0,0,0,0,0
70,0.7,210,0.49,0.7,800,FALSE,FALSE,3200,115,3,1,1,5,8,1,3,2,3,46,0,1,4,1,3,5,3,1,2,2,0,2,0,2,2,0,0,0,3,0,1,0,0,0,0,0,0,0,0,0,1,1,1,0,0,0,0,0,0,0,0,0,0,0,0,0,0,0,2,0,0,0,0,0,0,1,0,1,1,0,0,0,0,0,0,1,0,0,1,1,0,0,0,0,0,0,0,0,0,0
20,0.8,140,0.39,0.9,190,FALSE,TRUE,3200,116,7,0,1,6,5,3,2,0,0,0,0,0,0,0,0,0,0,0,0,0,0,0,0,0,0,0,0,0,0,0,0,0,0,0,0,0,0,0,0,0,0,0,0,0,0,0,0,0,0,0,0,0,0,0,0,0,0,0,0,0,0,0,0,0,0,0,0,0,0,0,0,0,0,0,0,0,0,0,0,0,0,0,0,0,0,0,0,0,0,0
100,0.5,290,0.52,0.9,960,TRUE,FALSE,3200,117,7,1,0,8,7,3,2,0,0,0,0,0,0,0,0,0,0,0,0,0,0,0,0,0,0,0,0,0,0,0,0,0,0,0,0,0,0,0,0,0,0,0,0,0,0,0,0,0,0,0,0,0,0,0,0,0,0,0,0,0,0,0,0,0,0,0,0,0,0,0,0,0,0,0,0,0,0,0,0,0,0,0,0,0,0,0,0,0,0,0
80,0.9,160,1,0.8,640,FALSE,FALSE,3200,118,7,0,1,3,11,1,3,0,0,0,0,0,0,0,0,0,0,0,0,0,0,0,0,0,0,0,0,0,0,0,0,0,0,0,0,0,0,0,0,0,0,0,0,0,0,0,0,0,0,0,0,0,0,0,0,0,0,0,0,0,0,0,0,0,0,0,0,0,0,0,0,0,0,0,0,0,0,0,0,0,0,0,0,0,0,0,0,0,0,0
20,0.7,270,0.86,0.8,320,FALSE,TRUE,3200,118,5,2,2,2,9,2,1,0,0,0,0,0,0,0,0,0,0,0,0,0,0,0,0,0,0,0,0,0,0,0,0,0,0,0,0,0,0,0,0,0,0,0,0,0,0,0,0,0,0,0,0,0,0,0,0,0,0,0,0,0,0,0,0,0,0,0,0,0,0,0,0,0,0,0,0,0,0,0,0,0,0,0,0,0,0,0,0,0,0,0
10,0.5,200,0.32,0.7,190,FALSE,FALSE,3200,116,5,1,3,3,9,1,5,0,0,0,0,0,0,0,0,0,0,0,0,0,0,0,0,0,0,0,0,0,0,0,0,0,0,0,0,0,0,0,0,0,0,0,0,0,0,0,0,0,0,0,0,0,0,0,0,0,0,0,0,0,0,0,0,0,0,0,0,0,0,0,0,0,0,0,0,0,0,0,0,0,0,0,0,0,0,0,0,0,0,0
70,0.9,100,0.7,0.9,350,FALSE,FALSE,3200,116,4,3,5,3,6,2,3,0,0,0,0,0,0,0,0,0,0,0,0,0,0,0,0,0,0,0,0,0,0,0,0,0,0,0,0,0,0,0,0,0,0,0,0,0,0,0,0,0,0,0,0,0,0,0,0,0,0,0,0,0,0,0,0,0,0,0,0,0,0,0,0,0,0,0,0,0,0,0,0,0,0,0,0,0,0,0,0,0,0,0
20,0.6,230,0.93,0.5,190,TRUE,FALSE,3200,114,5,2,1,8,6,3,2,0,0,0,0,0,0,0,0,0,0,0,0,0,0,0,0,0,0,0,0,0,0,0,0,0,0,0,0,0,0,0,0,0,0,0,0,0,0,0,0,0,0,0,0,0,0,0,0,0,0,0,0,0,0,0,0,0,0,0,0,0,0,0,0,0,0,0,0,0,0,0,0,0,0,0,0,0,0,0,0,0,0,0
50,0.7,210,0.84,0.6,420,TRUE,TRUE,3200,117,3,1,1,5,8,1,3,0,0,0,0,0,0,0,0,0,0,0,0,0,0,0,0,0,0,0,0,0,0,0,0,0,0,0,0,0,0,0,0,0,0,0,0,0,0,0,0,0,0,0,0,0,0,0,0,0,0,0,0,0,0,0,0,0,0,0,0,0,0,0,0,0,0,0,0,0,0,0,0,0,0,0,0,0,0,0,0,0,0,0
50,0.9,150,0.83,0.9,960,TRUE,TRUE,3200,117,7,0,3,3,7,1,3,0,0,0,0,0,0,0,0,0,0,0,0,0,0,0,0,0,0,0,0,0,0,0,0,0,0,0,0,0,0,0,0,0,0,0,0,0,0,0,0,0,0,0,0,0,0,0,0,0,0,0,0,0,0,0,0,0,0,0,0,0,0,0,0,0,0,0,0,0,0,0,0,0,0,0,0,0,0,0,0,0,0,0
