time,cpu_frequency,cpu_usage,sda_usage,active_power,power_time
20241116113540,800,0.9343,0.0,23.47582,20241116113549
20241116113633,800,0.8096,0.02,29.84907,20241116113639
20241116113748,800,0.9289,0.012,29.51894,20241116113749
20241116113836,800,0.8177,0.016,27.76196,20241116113839
20241116113952,800,0.868,0.004,29.06151,20241116113959
20241116114044,800,0.8933,0.004,24.16267,20241116114045
20241116114200,800,0.9227,0.016,29.25455,20241116114205
20241116114251,800,0.8905,0.016,27.88226,20241116114255
20241116114407,800,0.9225,0.016,29.39444,20241116114405
20241116114456,800,0.8358,0.012,23.90528,20241116114455
20241116114612,800,0.8313,0.004,31.99634,20241116114615
20241116114704,800,0.8928,0.004,24.53197,20241116114705
20241116114820,800,0.8525,0.016,29.48676,20241116114825
20241116114912,800,0.8781,0.004,27.67103,20241116114915
20241116115027,800,0.9395,0.0,31.61304,20241116115025
20241116115117,800,0.6938,0.008,24.16826,20241116115115
20241116115233,800,0.8222,0.004,31.76412,20241116115235
20241116115328,800,0.9265,0.02,24.13889,20241116115326
20241116115445,800,0.8283,0.004,31.18779,20241116115446
20241116115532,800,0.8632,0.008,29.4462,20241116115536
20241116115648,800,0.8719,0.016,29.49516,20241116115646
20241116115740,800,0.89,0.004,30.68699,20241116115746
20241116115857,800,0.8346,0.024,30.10506,20241116115856
20241116115949,800,0.7986,0.02,24.68025,20241116115946
20241116120104,800,0.9322,0.0,29.88684,20241116120106
20241116120159,800,0.81,0.004,23.0128,20241116120156
20241116120314,800,0.9547,0.004,27.06252,20241116120316
20241116120406,800,0.8379,0.016,23.30376,20241116120406
20241116120521,800,0.8939,0.008,30.438,20241116120526
20241116120614,800,0.86,0.016,27.30173,20241116120616
20241116120730,800,0.798,0.024,27.69481,20241116120737
20241116120822,800,0.9068,0.012,24.06475,20241116120827
20241116120938,800,0.9273,0.008,31.427,20241116120937
20241116121026,800,0.8496,0.02,24.18225,20241116121027
20241116121142,800,0.8213,0.016,29.13984,20241116121147
20241116121234,800,0.8942,0.004,31.0549,20241116121237
20241116121350,800,0.8847,0.012,29.38465,20241116121357
20241116121441,800,0.8995,0.028,29.80571,20241116121447
20241116121557,800,0.932,0.012,30.41561,20241116121557
20241116121649,800,0.937,0.008,23.82834,20241116121647
20241116121805,800,0.8765,0.004,27.01916,20241116121807
20241116121902,800,0.7111,0.012,30.39883,20241116121908
20241116122018,800,0.8329,0.012,26.50997,20241116122018
20241116122110,800,0.8784,0.0,27.89065,20241116122118
20241116122226,800,0.8168,0.008,28.66563,20241116122228
20241116122320,800,0.8614,0.012,25.55174,20241116122328
20241116122436,800,0.9138,0.008,27.5927,20241116122438
20241116122532,800,0.8395,0.028,29.8141,20241116122538
20241116122648,800,0.9365,0.02,29.06291,20241116122648
20241116122742,800,0.8088,0.016,30.47017,20241116122748
20241116122858,800,0.9246,0.008,26.94222,20241116122858
20241116122951,800,0.9068,0.02,28.4502,20241116122958
20241116123107,800,0.8753,0.012,27.10449,20241116123109
20241116123159,800,0.8713,0.008,23.16388,20241116123159
20241116123315,800,0.9273,0.008,31.90681,20241116123319
20241116123408,800,0.6763,0.004,24.28996,20241116123409
20241116123524,800,0.8333,0.024,30.17641,20241116123529
20241116123616,800,0.8995,0.016,29.58189,20241116123619
20241116123733,800,0.6429,0.008,26.53375,20241116123739
20241116123828,800,0.9,0.02,24.52497,20241116123829
20241116123944,800,0.7649,0.016,29.86026,20241116123949
20241116124036,800,0.8809,0.004,23.85632,20241116124035
20241116124152,800,0.7293,0.016,27.78154,20241116124155
20241116124246,800,0.8367,0.02,24.39348,20241116124245
20241116124402,800,0.8134,0.02,32.23135,20241116124405
20241116124452,800,0.8867,0.004,29.99455,20241116124455
20241116124608,800,0.9348,0.012,29.63225,20241116124605
20241116124701,800,0.7015,0.004,24.92085,20241116124705
20241116124816,800,0.9113,0.008,29.64484,20241116124815
20241116124909,800,0.7122,0.004,25.17965,20241116124905
20241116125024,800,0.9394,0.02,31.46616,20241116125025
20241116125120,800,0.697,0.016,30.57368,20241116125126
20241116125235,800,0.9342,0.008,26.89326,20241116125236
20241116125328,800,0.7942,0.016,23.08834,20241116125326
20241116125444,800,0.7675,0.012,27.16604,20241116125446
20241116125538,800,0.6048,0.016,23.21983,20241116125536
20241116125654,800,0.7975,0.028,27.57591,20241116125656
20241116125747,800,0.733,0.016,23.6255,20241116125746
20241116125902,800,0.8785,0.012,30.10506,20241116125906
20241116125955,800,0.7337,0.004,24.20743,20241116125956
20241116130110,800,0.8964,0.012,28.86707,20241116130116
20241116130206,800,0.7022,0.004,24.42286,20241116130207
20241116130321,800,0.9225,0.008,28.88945,20241116130327
20241116130414,800,0.83,0.012,29.35247,20241116130417
20241116130530,800,0.788,0.024,28.8237,20241116130537
20241116130623,800,0.7168,0.012,23.86611,20241116130627
20241116130738,800,0.9129,0.012,29.69799,20241116130737
20241116130831,800,0.7075,0.016,30.0547,20241116130837
20241116130947,800,0.6723,0.028,29.49796,20241116130947
20241116131036,800,0.715,0.012,24.82014,20241116131037
20241116131152,800,0.6402,0.008,30.07709,20241116131158
20241116131244,800,0.801,0.012,26.07772,20241116131248
20241116131400,800,0.5599,0.02,29.91762,20241116131408
20241116131452,800,0.7293,0.016,30.07009,20241116131458
20241116131608,800,0.81,0.016,26.71001,20241116131608
20241116131704,800,0.7673,0.008,26.32532,20241116131708
20241116131820,800,0.5901,0.02,31.70257,20241116131828
20241116131914,800,0.6767,0.008,24.50679,20241116131918
20241116132030,800,0.7266,0.008,29.52453,20241116132038
20241116132121,800,0.8883,0.024,30.88703,20241116132128
20241116132237,800,0.851,0.012,28.87406,20241116132238
20241116132331,800,0.8388,0.016,30.81149,20241116132339
20241116132447,800,0.7307,0.028,27.01077,20241116132449
20241116132540,800,0.6869,0.028,23.96962,20241116132549
20241116132656,800,0.5316,0.024,32.06208,20241116132659
20241116132750,800,0.7506,0.008,26.01337,20241116132759
20241116132906,800,0.7813,0.008,30.31489,20241116132909
20241116133001,800,0.6114,0.016,24.20463,20241116133009
20241116133116,800,0.8835,0.008,28.0879,20241116133119
20241116133209,800,0.728,0.008,24.35012,20241116133209
20241116133325,800,0.6725,0.028,29.85607,20241116133329
20241116133419,800,0.7819,0.032,23.7514,20241116133419
20241116133535,800,0.8136,0.024,32.11943,20241116133539
20241116133631,800,0.7179,0.028,29.55111,20241116133634
20241116133747,800,0.9322,0.004,30.96117,20241116133745
20241116133839,800,0.9499,0.016,27.03734,20241116133835
20241116133955,800,0.9504,0.0,27.32131,20241116133955
20241116134047,800,0.9599,0.016,23.95704,20241116134045
20241116134203,800,0.9268,0.016,29.26015,20241116134205
20241116134259,800,0.8759,0.008,24.01579,20241116134255
20241116134414,800,0.9548,0.008,29.4364,20241116134415
20241116134507,800,0.8985,0.008,23.18066,20241116134505
20241116134623,800,0.9496,0.0,31.48155,20241116134626
20241116134716,800,0.8731,0.028,24.21722,20241116134716
20241116134831,800,0.96,0.008,29.61266,20241116134836
20241116134926,800,0.866,0.008,23.57234,20241116134926
20241116135042,800,0.8955,0.004,30.58488,20241116135046
20241116135134,800,0.8197,0.024,25.22721,20241116135136
20241116135249,800,0.9695,0.004,30.85206,20241116135246
20241116135346,800,0.8645,0.008,23.42966,20241116135346
20241116135501,800,0.9384,0.004,29.09228,20241116135506
20241116135554,800,0.8768,0.004,30.73735,20241116135556
20241116135710,800,0.9204,0.012,30.3107,20241116135716
20241116135802,800,0.8975,0.012,26.57851,20241116135806
20241116135918,800,0.962,0.016,30.75834,20241116135917
20241116140012,800,0.9569,0.016,24.38789,20241116140017
20241116140128,800,0.932,0.008,30.56949,20241116140127
20241116140223,800,0.9475,0.02,29.6854,20241116140227
20241116140339,800,0.9271,0.004,29.47977,20241116140337
20241116140434,800,0.9425,0.012,27.50317,20241116140437
20241116140550,800,0.9231,0.016,26.78135,20241116140557
20241116140642,800,0.804,0.02,30.54291,20241116140647
20241116140757,800,0.9549,0.0,30.45338,20241116140757
20241116140850,800,0.825,0.016,25.65386,20241116140858
20241116141006,800,0.8374,0.02,26.98838,20241116141008
20241116141058,800,0.8995,0.012,23.40728,20241116141058
20241116141214,800,0.9295,0.008,31.1738,20241116141218
20241116141306,800,0.8647,0.004,24.05495,20241116141308
20241116141422,800,0.8734,0.012,29.29932,20241116141428
20241116141514,800,0.8905,0.012,26.16305,20241116141518
20241116141629,800,0.9501,0.008,29.17901,20241116141628
20241116141722,800,0.8647,0.012,31.15421,20241116141729
20241116141838,800,0.9348,0.016,31.52771,20241116141839
20241116141929,800,0.9524,0.008,23.59333,20241116141929
20241116142045,800,0.9468,0.0,30.9234,20241116142049
20241116142138,800,0.8925,0.016,23.53877,20241116142139
20241116142254,800,0.9323,0.012,28.9468,20241116142259
20241116142350,800,0.9242,0.012,26.35889,20241116142359
20241116142506,800,0.9154,0.016,28.18022,20241116142509
20241116142559,800,0.7786,0.004,23.95983,20241116142559
20241116142714,800,0.9266,0.004,29.78333,20241116142719
20241116142806,800,0.8889,0.004,25.6091,20241116142809
20241116142922,800,0.9296,0.008,28.41943,20241116142929
20241116143018,800,0.896,0.012,24.69284,20241116143019
20241116143135,800,0.9219,0.0,29.60847,20241116143139
20241116143228,800,0.715,0.028,24.19484,20241116143229
20241116143343,800,0.9248,0.008,28.33549,20241116143345
20241116143434,800,0.9059,0.012,23.34573,20241116143435
20241116143550,800,0.9369,0.008,29.42661,20241116143555
20241116143641,800,0.8953,0.02,31.02412,20241116143645
20241116143757,800,0.937,0.012,29.18461,20241116143755
20241116143852,800,0.9471,0.02,24.30815,20241116143855
20241116144008,800,0.9293,0.0,30.69678,20241116144005
20241116144103,800,0.9451,0.004,24.3683,20241116144105
20241116144220,800,0.8259,0.012,29.74835,20241116144225
20241116144315,800,0.8847,0.0,23.39049,20241116144315
20241116144431,800,0.92,0.012,29.58189,20241116144435
20241116144523,800,0.9419,0.012,24.02558,20241116144525
20241116144639,800,0.9475,0.008,29.48117,20241116144635
20241116144732,800,0.8662,0.016,28.77474,20241116144736
20241116144848,800,0.895,0.02,29.29512,20241116144846
20241116144940,800,0.8947,0.008,30.23936,20241116144946
20241116145056,800,0.9244,0.012,29.41962,20241116145056
20241116145149,800,0.7225,0.02,24.03817,20241116145146
20241116145305,800,0.7568,0.028,27.53814,20241116145306
20241116145357,800,0.8997,0.008,23.42966,20241116145356
20241116145513,800,0.907,0.008,32.13482,20241116145516
20241116145605,800,0.8942,0.004,24.32634,20241116145606
20241116145721,800,0.934,0.004,30.20019,20241116145726
20241116145812,800,0.8955,0.008,23.80176,20241116145816
20241116145928,800,0.8489,0.012,30.46038,20241116145926
20241116150022,800,0.8473,0.02,23.45904,20241116150026
20241116150139,800,0.8099,0.02,29.27134,20241116150137
20241116150231,800,0.8997,0.012,29.90922,20241116150237
20241116150347,800,0.9345,0.008,29.40004,20241116150347
20241116150439,800,0.8914,0.008,23.5024,20241116150437
20241116150555,800,0.9229,0.008,27.07511,20241116150557
20241116150648,800,0.6317,0.024,23.56955,20241116150647
20241116150803,800,0.9352,0.008,30.97516,20241116150807
20241116150855,800,0.8881,0.008,24.2424,20241116150857
20241116151017,1000,0.8193,0.016,31.4186,20241116151017
20241116151109,1000,0.6642,0.008,23.27439,20241116151108
20241116151224,1000,0.8159,0.012,32.21316,20241116151228
20241116151316,1000,0.7955,0.04,25.63708,20241116151318
20241116151431,1000,0.9225,0.008,28.4488,20241116151438
20241116151519,1000,0.6608,0.016,23.48981,20241116151518
20241116151634,1000,0.8251,0.008,31.98934,20241116151638
20241116151726,1000,0.8478,0.016,24.66486,20241116151728
20241116151842,1000,0.7568,0.024,26.7142,20241116151848
20241116151933,1000,0.83,0.008,29.62246,20241116151938
20241116152049,1000,0.8238,0.016,27.64585,20241116152049
20241116152135,1000,0.8358,0.016,31.12904,20241116152139
20241116152251,1000,0.6955,0.02,29.45179,20241116152259
20241116152338,1000,0.64,0.024,24.63688,20241116152339
20241116152453,1000,0.8647,0.016,25.27197,20241116152459
20241116152547,1000,0.8725,0.02,24.34592,20241116152549
20241116152703,1000,0.9148,0.016,27.90744,20241116152709
20241116152755,1000,0.8278,0.0,26.68203,20241116152759
20241116152911,1000,0.6452,0.044,24.03257,20241116152919
20241116152959,1000,0.8978,0.0,23.2604,20241116152959
20241116153115,1000,0.8571,0.004,29.97777,20241116153119
20241116153203,1000,0.85,0.008,29.96238,20241116153209
20241116153318,1000,0.9348,0.0,27.94381,20241116153315
20241116153410,1000,0.6485,0.012,23.76819,20241116153415
20241116153525,1000,0.87,0.012,28.00536,20241116153525
20241116153616,1000,0.8505,0.016,23.63809,20241116153615
20241116153732,1000,0.7506,0.024,32.33906,20241116153735
20241116153824,1000,0.7032,0.02,24.62569,20241116153825
20241116153939,1000,0.9449,0.008,28.06272,20241116153935
20241116154031,1000,0.6475,0.012,26.60649,20241116154035
20241116154150,1000,0.8847,0.008,30.17501,20241116154155
20241116154239,1000,0.7189,0.012,24.93904,20241116154235
20241116154354,1000,0.8446,0.016,31.71516,20241116154355
20241116154443,1000,0.6609,0.012,27.65564,20241116154445
20241116154558,1000,0.7574,0.024,28.41383,20241116154555
20241116154650,1000,0.7098,0.012,29.16782,20241116154656
20241116154806,1000,0.6348,0.012,27.89065,20241116154806
20241116154857,1000,0.7268,0.012,23.74301,20241116154856
20241116155012,1000,0.9372,0.016,31.43959,20241116155016
20241116155100,1000,0.6667,0.016,30.65482,20241116155106
20241116155215,1000,0.7767,0.012,30.74015,20241116155216
20241116155303,1000,0.7715,0.008,30.34987,20241116155306
20241116155418,1000,0.89,0.012,29.82529,20241116155416
20241116155505,1000,0.8477,0.004,24.41586,20241116155506
20241116155620,1000,0.9471,0.0,29.65323,20241116155626
20241116155714,1000,0.7082,0.004,25.09571,20241116155716
20241116155829,1000,0.8719,0.012,30.26454,20241116155826
20241116155916,1000,0.8428,0.016,23.36951,20241116155916
20241116160032,1000,0.6322,0.004,29.53712,20241116160037
20241116160126,1000,0.6775,0.004,23.39049,20241116160127
20241116160241,1000,0.9273,0.008,28.91603,20241116160247
20241116160335,1000,0.6725,0.02,25.7294,20241116160337
20241116160450,1000,0.9068,0.012,27.2164,20241116160457
20241116160543,1000,0.5872,0.036,24.61031,20241116160547
20241116160658,1000,0.555,0.032,27.76615,20241116160657
20241116160752,1000,0.6759,0.012,30.09527,20241116160757
20241116160907,1000,0.8714,0.012,26.86388,20241116160907
20241116160954,1000,0.8564,0.004,28.53693,20241116160957
20241116161110,1000,0.5946,0.016,32.88182,20241116161118
20241116161205,1000,0.6952,0.008,24.2522,20241116161208
20241116161320,1000,0.9023,0.016,29.55251,20241116161328
20241116161409,1000,0.6517,0.004,24.39068,20241116161408
20241116161524,1000,0.684,0.016,30.46038,20241116161528
20241116161616,1000,0.5936,0.016,24.38929,20241116161618
20241116161732,1000,0.5434,0.024,25.28456,20241116161738
20241116161820,1000,0.6759,0.012,25.97001,20241116161828
20241116161935,1000,0.6675,0.012,31.87883,20241116161938
20241116162023,1000,0.6642,0.016,30.9262,20241116162028
20241116162138,1000,0.7254,0.028,31.77392,20241116162139
20241116162229,1000,0.7975,0.008,23.45904,20241116162229
20241116162345,1000,0.5792,0.032,30.37365,20241116162349
20241116162438,1000,0.7234,0.012,23.78218,20241116162439
20241116162553,1000,0.8025,0.02,28.98037,20241116162559
20241116162641,1000,0.6384,0.028,26.26797,20241116162649
20241116162756,1000,0.9305,0.008,31.98095,20241116162759
20241116162847,1000,0.915,0.012,24.40887,20241116162849
20241116163003,1000,0.9696,0.008,28.66563,20241116163009
20241116163055,1000,0.8182,0.008,28.19281,20241116163059
20241116163211,1000,0.944,0.012,30.02953,20241116163219
20241116163259,1000,0.8753,0.004,24.21862,20241116163259
20241116163414,1000,0.9272,0.004,28.91882,20241116163419
20241116163508,1000,0.867,0.008,24.40048,20241116163509
20241116163623,1000,0.962,0.008,27.03874,20241116163629
20241116163711,1000,0.9277,0.016,29.49376,20241116163715
20241116163826,1000,0.9695,0.016,30.51493,20241116163825
20241116163914,1000,0.9093,0.012,23.252,20241116163915
20241116164030,1000,0.934,0.016,30.36945,20241116164035
20241116164122,1000,0.855,0.008,30.83248,20241116164125
20241116164237,1000,0.9647,0.004,28.72018,20241116164235
20241116164330,1000,0.7593,0.024,30.70798,20241116164335
20241116164445,1000,0.9248,0.012,27.08491,20241116164445
20241116164536,1000,0.9223,0.02,23.89548,20241116164535
20241116164651,1000,0.9673,0.012,31.93618,20241116164655
20241116164745,1000,0.9017,0.024,23.56955,20241116164745
20241116164901,1000,0.9496,0.02,29.85047,20241116164905
20241116164952,1000,0.8972,0.004,27.56192,20241116164955
20241116165107,1000,0.9572,0.012,31.59486,20241116165105
20241116165202,1000,0.8195,0.008,30.54851,20241116165205
20241116165318,1000,0.9343,0.008,31.03671,20241116165315
20241116165411,1000,0.8688,0.008,26.9632,20241116165415
20241116165526,1000,0.9453,0.0,27.25277,20241116165525
20241116165618,1000,0.8784,0.0,23.252,20241116165615
20241116165733,1000,0.9647,0.004,27.64585,20241116165736
20241116165822,1000,0.8148,0.012,23.84513,20241116165826
20241116165937,1000,0.9515,0.008,29.86586,20241116165936
20241116170024,1000,0.8454,0.008,24.31095,20241116170026
20241116170139,1000,0.9746,0.016,30.71218,20241116170136
20241116170227,1000,0.8299,0.012,23.44085,20241116170226
20241116170343,1000,0.8794,0.012,31.60885,20241116170346
20241116170430,1000,0.83,0.004,30.05191,20241116170436
20241116170545,1000,0.9697,0.004,28.91183,20241116170546
20241116170633,1000,0.7313,0.02,24.73061,20241116170636
20241116170748,1000,0.9352,0.012,30.41981,20241116170746
20241116170841,1000,0.9572,0.024,23.54297,20241116170846
20241116170957,1000,0.8917,0.016,26.90865,20241116170956
20241116171048,1000,0.87,0.016,23.70384,20241116171046
20241116171203,1000,0.8846,0.004,31.76412,20241116171206
20241116171254,1000,0.9398,0.004,25.05655,20241116171257
20241116171409,1000,0.9695,0.008,28.29073,20241116171407
20241116171501,1000,0.8596,0.004,30.03792,20241116171507
20241116171617,1000,0.8511,0.016,26.74498,20241116171617
20241116171709,1000,0.8841,0.004,23.40308,20241116171707
20241116171824,1000,0.9695,0.0,31.94598,20241116171827
20241116171918,1000,0.806,0.004,23.34013,20241116171917
20241116172033,1000,0.9348,0.012,32.10265,20241116172037
20241116172125,1000,0.8514,0.008,24.10252,20241116172127
20241116172241,1000,0.9394,0.008,26.51557,20241116172247
20241116172335,1000,0.8529,0.008,26.26377,20241116172337
20241116172450,1000,0.9037,0.032,30.14843,20241116172457
20241116172542,1000,0.9248,0.008,28.81391,20241116172547
20241116172658,1000,0.8847,0.02,26.63027,20241116172657
20241116172750,1000,0.8781,0.0,25.88328,20241116172758
20241116172905,1000,0.9746,0.0,27.10449,20241116172908
20241116172956,1000,0.9295,0.004,24.3725,20241116172958
20241116173112,1000,0.8753,0.008,28.96359,20241116173118
20241116173159,1000,0.8731,0.004,23.36951,20241116173158
20241116173314,1000,0.9746,0.016,30.46178,20241116173318
20241116173406,1000,0.65,0.004,28.5803,20241116173408
20241116173520,1000,0.9574,0.008,30.76673,20241116173528
20241116173612,1000,0.8366,0.004,29.80011,20241116173618
20241116173728,1000,0.7673,0.008,31.47176,20241116173728
20241116173815,1000,0.7032,0.028,27.90324,20241116173818
20241116173930,1000,0.9372,0.008,31.6746,20241116173938
20241116174022,1000,0.8759,0.008,29.98476,20241116174028
20241116174138,1000,0.8313,0.012,31.08707,20241116174138
20241116174230,1000,0.8428,0.004,25.82732,20241116174239
20241116174345,1000,0.9847,0.0,31.36824,20241116174349
20241116174438,1000,0.6618,0.016,23.39609,20241116174439
20241116174553,1000,0.7626,0.024,29.01255,20241116174559
20241116174639,1000,0.8301,0.02,23.6325,20241116174639
20241116174755,1000,0.7772,0.016,31.24934,20241116174759
20241116174846,1000,0.7985,0.012,27.31852,20241116174849
20241116175002,1000,0.8421,0.008,30.84087,20241116175009
20241116175053,1000,0.7805,0.02,30.58208,20241116175059
20241116175208,1000,0.9181,0.0,30.50514,20241116175209
20241116175257,1000,0.7032,0.004,29.8127,20241116175259
20241116175412,1000,0.7649,0.012,28.11447,20241116175419
20241116175504,1000,0.737,0.028,30.50794,20241116175509
20241116175619,1000,0.9198,0.012,29.46298,20241116175619
20241116175705,1000,0.7761,0.004,24.81314,20241116175709
20241116175820,1000,0.925,0.016,23.84093,20241116175829
20241116175917,1000,0.72,0.012,23.41987,20241116175915
20241116180031,1000,0.9221,0.004,30.50234,20241116180035
20241116180123,1000,0.8579,0.016,24.51798,20241116180125
20241116180239,1000,0.697,0.024,30.62684,20241116180235
20241116180331,1000,0.794,0.024,24.19065,20241116180335
20241116180446,1000,0.928,0.02,29.92041,20241116180445
20241116180539,1000,0.6368,0.02,24.79775,20241116180535
20241116180654,1000,0.8719,0.008,29.60007,20241116180655
20241116180741,1000,0.8828,0.012,24.05495,20241116180745
20241116180856,1000,0.9645,0.008,30.61006,20241116180855
20241116180947,1000,0.8397,0.02,23.65068,20241116180945
20241116181103,1000,0.7675,0.008,27.84449,20241116181105
20241116181156,1000,0.8152,0.004,23.35412,20241116181155
20241116181311,1000,0.9183,0.02,30.82968,20241116181315
20241116181404,1000,0.7047,0.004,24.41027,20241116181405
20241116181519,1000,0.6829,0.012,31.0493,20241116181516
20241116181613,1000,0.7816,0.012,30.58348,20241116181616
20241116181728,1000,0.9355,0.012,29.5609,20241116181726
20241116181820,1000,0.6302,0.02,30.39463,20241116181826
20241116181935,1000,0.8518,0.012,30.5555,20241116181936
20241116182026,1000,0.8769,0.012,23.54996,20241116182026
20241116182142,1000,0.7672,0.02,29.05172,20241116182146
20241116182229,1000,0.8282,0.016,27.99137,20241116182226
20241116182345,1000,0.8125,0.004,27.80252,20241116182346
20241116182439,1000,0.8157,0.016,23.91787,20241116182436
20241116182554,1000,0.9348,0.0,27.28075,20241116182556
20241116182642,1000,0.6717,0.012,26.02176,20241116182646
20241116182756,1000,0.9447,0.004,26.57851,20241116182756
20241116182849,1000,0.8715,0.008,23.59752,20241116182846
20241116183005,1000,0.797,0.016,30.40862,20241116183006
20241116183057,1000,0.7624,0.008,23.1275,20241116183056
20241116183212,1000,0.9048,0.004,30.48975,20241116183216
20241116183304,1000,0.7575,0.012,24.35291,20241116183307
20241116183420,1000,0.7519,0.012,25.49859,20241116183427
20241116183508,1000,0.7362,0.004,23.23382,20241116183507
20241116183624,1000,0.7864,0.016,31.94458,20241116183627
20241116183712,1000,0.7877,0.012,28.55372,20241116183717
20241116183828,1000,0.7568,0.008,28.80552,20241116183827
20241116183921,1000,0.74,0.036,30.22956,20241116183927
20241116184042,1100,0.9541,0.008,29.35247,20241116184047
20241116184130,1100,0.601,0.012,27.00937,20241116184137
20241116184245,1100,0.7543,0.024,27.04714,20241116184247
20241116184336,1100,0.7631,0.012,24.58652,20241116184337
20241116184451,1100,0.9256,0.016,28.81251,20241116184457
20241116184542,1100,0.6683,0.008,30.4338,20241116184547
20241116184657,1100,0.7935,0.024,27.57731,20241116184657
20241116184747,1100,0.8229,0.012,23.49961,20241116184747
20241116184902,1100,0.8747,0.012,28.78873,20241116184907
20241116184948,1100,0.88,0.008,23.44645,20241116184947
20241116185103,1100,0.92,0.012,29.80431,20241116185108
20241116185153,1100,0.8759,0.0,25.52377,20241116185158
20241116185309,1100,0.6213,0.008,31.40322,20241116185308
20241116185359,1100,0.7022,0.008,23.27019,20241116185358
20241116185514,1100,0.6988,0.012,30.22816,20241116185518
20241116185603,1100,0.6934,0.004,26.93383,20241116185608
20241116185718,1100,0.9293,0.008,27.03595,20241116185718
20241116185809,1100,0.6574,0.004,23.21284,20241116185808
20241116185924,1100,0.6691,0.012,30.34567,20241116185928
20241116190010,1100,0.6509,0.008,25.1097,20241116190018
20241116190125,1100,0.6348,0.02,31.91241,20241116190128
20241116190214,1100,0.7047,0.004,23.95843,20241116190218
20241116190329,1100,0.7569,0.008,30.29671,20241116190328
20241116190419,1100,0.8054,0.004,23.49261,20241116190418
20241116190534,1100,0.7673,0.016,29.28533,20241116190538
20241116190624,1100,0.7825,0.016,27.74517,20241116190628
20241116190739,1100,0.8431,0.008,27.27515,20241116190738
20241116190829,1100,0.8317,0.012,23.47722,20241116190829
20241116190944,1100,0.9005,0.004,29.18881,20241116190949
20241116191035,1100,0.6576,0.016,24.00599,20241116191039
20241116191150,1100,0.8093,0.02,31.15421,20241116191159
20241116191237,1100,0.6298,0.004,25.60071,20241116191239
20241116191352,1100,0.5757,0.02,30.11206,20241116191359
20241116191441,1100,0.7114,0.02,25.14747,20241116191449
20241116191556,1100,0.7679,0.028,31.01853,20241116191559
20241116191646,1100,0.7696,0.02,28.48238,20241116191649
20241116191802,1100,0.6348,0.016,29.33429,20241116191809
20241116191852,1100,0.8,0.008,27.56612,20241116191855
20241116192008,1100,0.564,0.02,28.78313,20241116192005
20241116192057,1100,0.71,0.004,23.34293,20241116192055
20241116192212,1100,0.8234,0.012,27.48778,20241116192215
20241116192302,1100,0.866,0.004,30.68979,20241116192305
20241116192417,1100,0.9322,0.0,30.28552,20241116192415
20241116192510,1100,0.9597,0.012,30.32888,20241116192515
20241116192626,1100,0.9518,0.008,29.45179,20241116192625
20241116192713,1100,0.9394,0.012,28.78033,20241116192715
20241116192828,1100,0.9647,0.008,29.1916,20241116192825
20241116192918,1100,0.9422,0.012,24.248,20241116192915
20241116193033,1100,0.9747,0.008,28.21659,20241116193035
20241116193127,1100,0.8715,0.012,24.2466,20241116193125
20241116193242,1100,0.9468,0.012,30.1862,20241116193246
20241116193328,1100,0.8568,0.012,23.59053,20241116193326
20241116193443,1100,0.9497,0.0158,31.39762,20241116193446
20241116193536,1100,0.9646,0.016,24.20743,20241116193536
20241116193652,1100,0.9,0.016,30.01134,20241116193656
20241116193742,1100,0.8575,0.024,24.07734,20241116193746
20241116193857,1100,0.9157,0.0,31.73055,20241116193856
20241116193944,1100,0.9373,0.012,24.35711,20241116193946
20241116194100,1100,0.9519,0.008,28.86427,20241116194106
20241116194150,1100,0.9572,0.004,30.84786,20241116194156
20241116194305,1100,0.9698,0.008,30.40023,20241116194306
20241116194356,1100,0.8925,0.008,24.03397,20241116194356
20241116194510,1100,0.9597,0.0,25.56853,20241116194516
20241116194556,1100,0.8391,0.02,24.40467,20241116194556
20241116194710,1100,0.9722,0.016,26.25677,20241116194716
20241116194801,1100,0.8543,0.016,29.9316,20241116194806
20241116194916,1100,0.9397,0.012,31.28851,20241116194917
20241116195006,1100,0.8706,0.02,23.30516,20241116195007
20241116195121,1100,0.8756,0.016,26.40506,20241116195127
20241116195211,1100,0.8379,0.028,30.03372,20241116195217
20241116195325,1100,0.9747,0.004,30.74155,20241116195327
20241116195415,1100,0.92,0.008,24.4928,20241116195417
20241116195530,1100,0.9624,0.0,25.70142,20241116195537
20241116195620,1100,0.9598,0.008,29.95818,20241116195627
20241116195735,1100,0.9471,0.008,27.5801,20241116195737
20241116195824,1100,0.9156,0.016,30.34847,20241116195827
20241116195939,1100,0.9673,0.012,30.89682,20241116195937
20241116200030,1100,0.8198,0.008,23.94444,20241116200038
20241116200145,1100,0.9141,0.008,30.6786,20241116200148
20241116200235,1100,0.8501,0.004,27.99977,20241116200238
20241116200350,1100,0.95,0.012,26.16165,20241116200358
20241116200437,1100,0.9596,0.02,23.32055,20241116200438
20241116200553,1100,0.8579,0.02,28.06272,20241116200558
20241116200642,1100,0.865,0.012,29.95259,20241116200648
20241116200757,1100,0.9129,0.016,27.99697,20241116200758
20241116200847,1100,0.8741,0.016,23.33174,20241116200848
20241116201002,1100,0.9323,0.016,25.71262,20241116201008
20241116201056,1100,0.9401,0.012,25.34331,20241116201058
20241116201211,1100,0.9372,0.0,30.59187,20241116201218
20241116201300,1100,0.9175,0.008,25.4874,20241116201308
20241116201416,1100,0.9416,0.012,28.06971,20241116201418
20241116201506,1100,0.8722,0.012,26.48899,20241116201508
20241116201621,1100,0.9598,0.016,30.34007,20241116201629
20241116201711,1100,0.898,0.02,27.87806,20241116201719
20241116201827,1100,0.8686,0.016,29.42661,20241116201829
20241116201920,1100,0.9023,0.012,24.00879,20241116201929
20241116202035,1100,0.9305,0.0,29.3217,20241116202039
20241116202125,1100,0.8693,0.008,23.42127,20241116202129
20241116202241,1100,0.8366,0.004,27.5815,20241116202249
20241116202328,1100,0.8089,0.016,24.43265,20241116202329
20241116202443,1100,0.8828,0.016,26.67364,20241116202449
20241116202533,1100,0.8547,0.004,30.94998,20241116202539
20241116202648,1100,0.9447,0.008,30.04072,20241116202645
20241116202738,1100,0.8936,0.0119,27.84869,20241116202735
20241116202853,1100,0.9648,0.012,27.80252,20241116202855
20241116202947,1100,0.866,0.02,23.57794,20241116202945
20241116203102,1100,0.9295,0.008,27.34649,20241116203105
20241116203152,1100,0.8747,0.008,30.79331,20241116203155
20241116203308,1100,0.9225,0.004,28.30472,20241116203305
20241116203353,1100,0.8706,0.012,24.4984,20241116203355
20241116203509,1100,0.8489,0.016,30.85486,20241116203505
20241116203559,1100,0.8383,0.016,26.63727,20241116203555
20241116203714,1100,0.852,0.012,29.94839,20241116203715
20241116203804,1100,0.871,0.004,24.3767,20241116203806
20241116203920,1100,0.7946,0.012,27.09889,20241116203926
20241116204010,1100,0.813,0.004,29.9386,20241116204016
20241116204125,1100,0.9246,0.012,29.65883,20241116204126
20241116204212,1100,0.8716,0.008,23.67306,20241116204216
20241116204328,1100,0.9323,0.004,31.40182,20241116204326
20241116204421,1100,0.8995,0.016,28.09769,20241116204426
20241116204537,1100,0.7833,0.02,27.20381,20241116204536
20241116204627,1100,0.7889,0.02,23.70524,20241116204626
20241116204742,1100,0.9372,0.012,30.25614,20241116204746
20241116204832,1100,0.8617,0.004,25.72101,20241116204836
20241116204948,1100,0.8662,0.016,31.51373,20241116204946
20241116205038,1100,0.8756,0.008,24.38649,20241116205036
20241116205153,1100,0.9468,0.004,31.7991,20241116205157
20241116205243,1100,0.8772,0.012,30.44779,20241116205247
20241116205358,1100,0.9449,0.004,30.07429,20241116205357
20241116205449,1100,0.6933,0.016,23.48561,20241116205447
20241116205604,1100,0.7819,0.024,27.78434,20241116205607
20241116205654,1100,0.7612,0.004,29.33009,20241116205657
20241116205809,1100,0.7935,0.02,31.2997,20241116205807
20241116205859,1100,0.8819,0.0,24.05635,20241116205857
20241116210014,1100,0.9401,0.016,28.23338,20241116210017
20241116210101,1100,0.6967,0.004,30.81569,20241116210107
20241116210216,1100,0.7971,0.02,30.03092,20241116210217
20241116210306,1100,0.8354,0.004,23.97522,20241116210307
20241116210421,1100,0.935,0.008,28.47258,20241116210427
20241116210511,1100,0.8794,0.012,30.5527,20241116210517
20241116210626,1100,0.9394,0.0,31.26612,20241116210627
20241116210720,1100,0.6722,0.004,25.69443,20241116210728
20241116210835,1100,0.6791,0.028,28.01795,20241116210838
20241116210925,1100,0.6897,0.02,29.71618,20241116210928
20241116211040,1100,0.915,0.016,29.691,20241116211048
20241116211130,1100,0.8713,0.012,24.21443,20241116211138
20241116211246,1100,0.709,0.024,27.18982,20241116211248
20241116211336,1100,0.7386,0.012,25.6035,20241116211338
20241116211451,1100,0.9246,0.012,28.7062,20241116211458
20241116211540,1100,0.8375,0.008,24.33892,20241116211548
20241116211655,1100,0.8988,0.0,29.69939,20241116211658
20241116211749,1100,0.7025,0.016,23.36251,20241116211748
20241116211904,1100,0.6675,0.024,30.29251,20241116211909
20241116211954,1100,0.6724,0.004,30.39463,20241116211959
20241116212109,1100,0.6799,0.02,29.16083,20241116212109
20241116212157,1100,0.7217,0.004,24.31095,20241116212159
20241116212312,1100,0.9421,0.0,26.7254,20241116212319
20241116212403,1100,0.6978,0.008,30.56949,20241116212409
20241116212518,1100,0.7444,0.028,30.62405,20241116212519
20241116212608,1100,0.7679,0.004,24.39348,20241116212609
20241116212723,1100,0.8712,0.008,28.13546,20241116212729
20241116212813,1100,0.8719,0.024,29.79312,20241116212819
20241116212928,1100,0.9373,0.016,31.27312,20241116212929
20241116213019,1100,0.6658,0.008,24.50539,20241116213019
20241116213134,1100,0.6368,0.016,25.79095,20241116213139
20241116213224,1100,0.7065,0.016,24.36271,20241116213225
20241116213339,1100,0.7935,0.02,28.8265,20241116213335
20241116213429,1100,0.7711,0.012,27.39685,20241116213425
20241116213544,1100,0.9348,0.012,31.09127,20241116213545
20241116213638,1100,0.716,0.004,23.57374,20241116213635
20241116213753,1100,0.7181,0.024,27.14086,20241116213755
20241116213846,1100,0.8496,0.02,23.45904,20241116213845
20241116214001,1100,0.9345,0.02,31.53611,20241116214005
20241116214051,1100,0.8463,0.012,28.39005,20241116214055
20241116214206,1100,0.8744,0.008,30.24495,20241116214205
20241116214256,1100,0.8504,0.004,23.35832,20241116214255
20241116214411,1100,0.9491,0.02,31.82707,20241116214416
20241116214502,1100,0.67,0.008,23.78917,20241116214506
20241116214617,1100,0.7185,0.012,29.37486,20241116214616
20241116214707,1100,0.683,0.004,23.45624,20241116214706
20241116214822,1100,0.8392,0.02,31.32628,20241116214826
20241116214912,1100,0.8103,0.012,27.62907,20241116214916
20241116215028,1100,0.7139,0.008,31.11924,20241116215026
20241116215118,1100,0.8325,0.008,24.03397,20241116215116
20241116215233,1100,0.8465,0.008,28.37326,20241116215236
20241116215319,1100,0.8375,0.016,23.42966,20241116215316
20241116215435,1100,0.5874,0.012,27.39825,20241116215436
20241116215525,1100,0.643,0.004,24.76138,20241116215527
20241116215640,1100,0.6103,0.008,30.1862,20241116215647
20241116215733,1100,0.7252,0.02,26.30294,20241116215737
20241116215848,1100,0.7451,0.016,29.86586,20241116215847
20241116215938,1100,0.8014,0.02,23.1373,20241116215937
20241116220053,1100,0.6642,0.02,30.41142,20241116220057
20241116220143,1100,0.6584,0.008,30.45618,20241116220147
20241116220257,1100,0.8117,0.008,27.04574,20241116220257
20241116220346,1100,0.8,0.016,24.32074,20241116220347
20241116220501,1100,0.9148,0.012,25.87349,20241116220507
20241116220552,1100,0.6759,0.004,29.94,20241116220558
20241116220707,1100,0.7118,0.0277,31.60325,20241116220708
20241116220754,1100,0.665,0.02,28.3271,20241116220758
20241116220915,1300,0.6625,0.02,30.99335,20241116220918
20241116221002,1300,0.6549,0.02,29.9316,20241116221008
20241116221116,1300,0.8961,0.02,27.44302,20241116221118
20241116221204,1300,0.6402,0.012,30.67021,20241116221208
20241116221318,1300,0.4805,0.02,30.6828,20241116221318
20241116221404,1300,0.6541,0.004,28.98877,20241116221408
20241116221518,1300,0.6328,0.024,31.21437,20241116221518
20241116221606,1300,0.7052,0.004,29.1902,20241116221609
20241116221720,1300,0.9367,0.0,26.14627,20241116221729
20241116221804,1300,0.8575,0.116,23.79197,20241116221809
20241116221919,1300,0.9446,0.004,26.39107,20241116221919
20241116222007,1300,0.896,0.012,23.97942,20241116222009
20241116222121,1300,0.9796,0.004,25.54055,20241116222129
20241116222205,1300,0.9574,0.02,26.31553,20241116222209
20241116222320,1300,0.9544,0.02,23.88849,20241116222329
20241116222404,1300,0.901,0.012,30.04771,20241116222409
20241116222518,1300,0.9551,0.008,29.29512,20241116222519
20241116222605,1300,0.9293,0.008,26.24139,20241116222609
20241116222719,1300,0.9459,0.008,24.04376,20241116222715
20241116222807,1300,0.8387,0.02,23.28558,20241116222805
20241116222921,1300,0.94,0.0,31.09966,20241116222925
20241116223005,1300,0.919,0.016,23.15269,20241116223005
20241116223119,1300,0.9353,0.008,30.90382,20241116223115
20241116223206,1300,0.9134,0.004,23.53178,20241116223205
20241116223321,1300,0.9447,0.012,29.61546,20241116223325
20241116223405,1300,0.8983,0.016,23.45764,20241116223405
20241116223519,1300,0.9697,0.008,30.6814,20241116223515
20241116223603,1300,0.9623,0.012,26.11829,20241116223605
20241116223717,1300,0.9822,0.016,31.16261,20241116223715
20241116223801,1300,0.9077,0.028,23.38909,20241116223805
20241116223916,1300,0.8779,0.004,27.36748,20241116223915
20241116224000,1300,0.9246,0.02,30.4352,20241116224006
20241116224114,1300,0.9472,0.0,28.66703,20241116224116
20241116224200,1300,0.9055,0.02,30.14703,20241116224206
20241116224315,1300,0.9496,0.016,31.5487,20241116224316
20241116224359,1300,0.9192,0.004,24.34872,20241116224356
20241116224513,1300,0.9698,0.008,31.85365,20241116224516
20241116224557,1300,0.9526,0.024,23.29537,20241116224556
20241116224712,1300,0.9355,0.004,31.52492,20241116224716
20241116224757,1300,0.9148,0.048,23.46183,20241116224756
20241116224912,1300,0.9424,0.0,29.44899,20241116224916
20241116225000,1300,0.9259,0.008,30.97096,20241116225006
20241116225114,1300,0.9599,0.008,27.69481,20241116225116
20241116225158,1300,0.9572,0.02,23.45344,20241116225156
20241116225312,1300,0.9698,0.004,30.39883,20241116225316
20241116225359,1300,0.8518,0.004,23.58773,20241116225357
20241116225513,1300,0.9236,0.008,32.18518,20241116225517
20241116225558,1300,0.9144,0.008,23.3737,20241116225557
20241116225712,1300,0.9426,0.008,29.67421,20241116225717
20241116225756,1300,0.9052,0.024,23.43945,20241116225757
20241116225910,1300,0.9724,0.008,29.88544,20241116225917
20241116225959,1300,0.8622,0.004,23.07715,20241116225957
20241116230113,1300,0.9499,0.016,29.76094,20241116230117
20241116230157,1300,0.9052,0.02,23.09813,20241116230157
20241116230311,1300,0.8812,0.008,25.91685,20241116230317
20241116230355,1300,0.9298,0.024,25.42725,20241116230357
20241116230510,1300,0.9419,0.012,30.25894,20241116230517
20241116230554,1300,0.9002,0.016,29.75535,20241116230558
20241116230708,1300,0.9383,0.012,29.43081,20241116230708
20241116230756,1300,0.9576,0.004,24.27458,20241116230758
20241116230911,1300,0.9277,0.024,30.26174,20241116230918
20241116230959,1300,0.8657,0.0,23.53737,20241116230958
20241116231113,1300,0.8902,0.008,29.92461,20241116231118
20241116231157,1300,0.8972,0.028,24.15707,20241116231158
20241116231312,1300,0.8665,0.012,27.67523,20241116231318
20241116231356,1300,0.8296,0.008,28.64604,20241116231358
20241116231510,1300,0.8441,0.004,28.86846,20241116231518
20241116231558,1300,0.8358,0.008,23.34433,20241116231558
20241116231712,1300,0.9225,0.028,25.88328,20241116231718
20241116231757,1300,0.8828,0.012,24.08293,20241116231758
20241116231911,1300,0.9696,0.008,29.18041,20241116231919
20241116231959,1300,0.9598,0.008,23.15548,20241116231959
20241116232114,1300,0.9501,0.012,29.90782,20241116232119
20241116232158,1300,0.9052,0.016,23.3835,20241116232159
20241116232312,1300,0.9722,0.0119,28.81811,20241116232319
20241116232356,1300,0.9547,0.028,30.07289,20241116232359
20241116232511,1300,0.9305,0.008,30.27992,20241116232519
20241116232557,1300,0.8575,0.004,24.32074,20241116232559
20241116232712,1300,0.8753,0.016,27.64865,20241116232719
20241116232757,1300,0.7228,0.012,28.80272,20241116232759
20241116232911,1300,0.9021,0.0,29.46858,20241116232919
20241116232955,1300,0.9052,0.028,23.92906,20241116232959
20241116233110,1300,0.8916,0.012,24.84252,20241116233119
20241116233157,1300,0.8911,0.012,25.41046,20241116233159
20241116233311,1300,0.9622,0.012,29.4434,20241116233315
20241116233356,1300,0.7143,0.016,23.52199,20241116233355
20241116233510,1300,0.9002,0.016,29.26714,20241116233515
20241116233558,1300,0.7325,0.012,24.6201,20241116233555
20241116233712,1300,0.9378,0.012,30.45058,20241116233715
20241116233800,1300,0.9098,0.0,28.15084,20241116233805
20241116233915,1300,0.9621,0.008,26.4736,20241116233915
20241116233957,1300,0.9112,0.008,23.63949,20241116233955
20241116234112,1300,0.9495,0.008,30.00155,20241116234115
20241116234156,1300,0.9077,0.012,24.25919,20241116234155
20241116234311,1300,0.7618,0.012,29.35667,20241116234316
20241116234357,1300,0.7264,0.008,23.39189,20241116234356
20241116234512,1300,0.7438,0.02,29.65323,20241116234516
20241116234556,1300,0.7225,0.008,23.27579,20241116234556
20241116234710,1300,0.8728,0.02,26.96041,20241116234716
20241116234758,1300,0.9121,0.0,23.31216,20241116234756
20241116234913,1300,0.7525,0.02,32.13902,20241116234916
20241116235001,1300,0.7261,0.004,30.13304,20241116235006
20241116235115,1300,0.9223,0.008,30.8031,20241116235116
20241116235202,1300,0.8682,0.004,23.82414,20241116235206
20241116235316,1300,0.9543,0.008,26.39946,20241116235317
20241116235400,1300,0.8474,0.016,30.27013,20241116235407
20241116235515,1300,0.8404,0.02,26.94082,20241116235517
20241116235559,1300,0.8045,0.012,23.48282,20241116235557
20241116235713,1300,0.9227,0.024,30.71078,20241116235717
20241116235755,1300,0.7456,0.008,25.58812,20241116235757
20241116235910,1300,0.75,0.004,29.89104,20241116235917
20241116235958,1300,0.7243,0.004,23.52618,20241116235957
20241117000112,1300,0.8935,0.008,29.60427,20241117000117
20241117000159,1300,0.8741,0.008,23.05896,20241117000157
20241117000314,1300,0.7413,0.024,32.10405,20241117000317
20241117000358,1300,0.7086,0.012,23.52199,20241117000357
20241117000512,1300,0.782,0.024,29.42242,20241117000518
20241117000555,1300,0.8933,0.024,27.77874,20241117000558
20241117000710,1300,0.8413,0.012,29.62665,20241117000718
20241117000758,1300,0.7884,0.008,24.10951,20241117000758
20241117000912,1300,0.9123,0.016,29.35107,20241117000918
20241117001000,1300,0.7043,0.008,25.59511,20241117001008
20241117001114,1300,0.9116,0.016,30.72756,20241117001118
20241117001159,1300,0.8213,0.008,23.21563,20241117001158
20241117001314,1300,0.6247,0.016,30.88843,20241117001319
20241117001402,1300,0.6955,0.008,26.5925,20241117001409
20241117001516,1300,0.9468,0.004,28.54952,20241117001519
20241117001600,1300,0.9141,0.008,25.94203,20241117001609
20241117001715,1300,0.6486,0.008,29.74695,20241117001719
20241117001759,1300,0.7118,0.012,23.28278,20241117001759
20241117001913,1300,0.8589,0.012,28.3229,20241117001919
20241117002001,1300,0.8296,0.004,23.59892,20241117002009
20241117002116,1300,0.6479,0.012,31.68299,20241117002119
20241117002203,1300,0.6927,0.012,26.8513,20241117002209
20241117002317,1300,0.8515,0.008,29.84767,20241117002315
20241117002401,1300,0.805,0.02,25.2384,20241117002405
20241117002515,1300,0.9055,0.028,27.43183,20241117002515
20241117002604,1300,0.6856,0.004,24.32354,20241117002605
20241117002718,1300,0.8479,0.008,30.34987,20241117002715
20241117002805,1300,0.9121,0.008,23.16667,20241117002805
20241117002920,1300,0.6253,0.024,29.82389,20241117002925
20241117003004,1300,0.7027,0.008,24.26618,20241117003005
20241117003119,1300,0.6373,0.016,30.35686,20241117003115
20241117003207,1300,0.7161,0.012,23.30796,20241117003205
20241117003321,1300,0.558,0.008,29.60287,20241117003325
20241117003405,1300,0.7965,0.024,23.58354,20241117003405
20241117003519,1300,0.8379,0.004,30.98355,20241117003515
20241117003603,1300,0.8582,0.024,28.12706,20241117003605
20241117003718,1300,0.6891,0.02,30.75834,20241117003716
20241117003805,1300,0.6866,0.012,24.4914,20241117003806
20241117003920,1300,0.6049,0.016,25.81473,20241117003926
20241117004004,1300,0.6958,0.016,25.08033,20241117004006
20241117004117,1300,0.9372,0.008,31.64802,20241117004116
20241117004201,1300,0.9073,0.024,24.23681,20241117004206
20241117004317,1300,0.578,0.016,28.08929,20241117004316
20241117004401,1300,0.6983,0.004,29.65323,20241117004406
20241117004515,1300,0.8803,0.024,29.92321,20241117004516
20241117004603,1300,0.8722,0.004,27.16324,20241117004606
20241117004718,1300,0.5759,0.016,28.97338,20241117004716
20241117004802,1300,0.7157,0.012,30.48276,20241117004807
20241117004916,1300,0.6216,0.024,31.41161,20241117004917
20241117005003,1300,0.7393,0.016,27.22339,20241117005007
20241117005117,1300,0.933,0.012,28.97058,20241117005117
20241117005204,1300,0.6182,0.004,30.60586,20241117005207
20241117005318,1300,0.8085,0.012,30.79331,20241117005317
20241117005402,1300,0.7345,0.008,29.80431,20241117005407
20241117005516,1300,0.9345,0.012,28.12846,20241117005517
20241117005601,1300,0.7052,0.02,30.03792,20241117005607
20241117005714,1300,0.8795,0.012,31.85925,20241117005717
20241117005758,1300,0.7,0.028,24.1277,20241117005757
20241117005913,1300,0.9475,0.016,29.27274,20241117005918
20241117005957,1300,0.9497,0.016,23.52199,20241117005958
20241117010111,1300,0.9696,0.008,26.16585,20241117010118
20241117010159,1300,0.9747,0.004,23.34293,20241117010158
20241117010314,1300,0.9446,0.0,30.70798,20241117010318
20241117010358,1300,0.8988,0.016,23.33314,20241117010358
20241117010512,1300,0.9507,0.008,30.07009,20241117010518
20241117010556,1300,0.8899,0.024,24.05216,20241117010558
20241117010711,1300,0.9307,0.0,29.45459,20241117010718
20241117010755,1300,0.9075,0.008,23.85212,20241117010758
20241117010909,1300,0.9348,0.004,26.66804,20241117010908
20241117010957,1300,0.8941,0.0,24.01159,20241117010958
20241117011111,1300,0.9646,0.004,28.99296,20241117011118
20241117011155,1300,0.9548,0.012,27.68502,20241117011158
20241117011310,1300,0.94,0.016,27.47659,20241117011318
20241117011358,1300,0.9171,0.0,23.04637,20241117011359
20241117011512,1300,0.9772,0.012,26.86388,20241117011519
20241117011601,1300,0.8713,0.004,25.6091,20241117011609
20241117011716,1300,0.9204,0.02,30.70098,20241117011719
20241117011800,1300,0.897,0.008,25.27057,20241117011809
20241117011914,1300,0.9673,0.004,30.00435,20241117011919
20241117011959,1300,0.8416,0.012,24.14728,20241117011959
20241117012113,1300,0.9353,0.02,28.16063,20241117012119
20241117012200,1300,0.9167,0.004,24.87889,20241117012209
20241117012315,1300,0.9446,0.004,29.72457,20241117012319
20241117012403,1300,0.9073,0.0,30.45618,20241117012409
20241117012517,1300,0.9442,0.012,28.91743,20241117012515
20241117012603,1300,0.8821,0.016,24.26339,20241117012605
20241117012718,1300,0.952,0.004,30.74155,20241117012715
20241117012802,1300,0.8842,0.012,30.04072,20241117012805
20241117012922,1500,0.9722,0.004,31.62144,20241117012925
20241117013004,1500,0.9673,0.024,23.1317,20241117013005
20241117013118,1500,0.9747,0.0,30.5555,20241117013115
20241117013202,1500,0.9144,0.024,26.11829,20241117013205
20241117013316,1500,0.9238,0.008,30.40162,20241117013315
20241117013400,1500,0.9597,0.028,30.40162,20241117013405
20241117013514,1500,0.9248,0.0,30.36526,20241117013515
20241117013556,1500,0.9045,0.032,23.33873,20241117013555
20241117013710,1500,0.962,0.0,29.60147,20241117013715
20241117013754,1500,0.8738,0.02,24.00879,20241117013755
20241117013908,1500,0.9572,0.0,28.22079,20241117013906
20241117013953,1500,0.8723,0.008,27.76895,20241117013956
20241117014107,1500,0.9524,0.004,31.03111,20241117014106
20241117014151,1500,0.8738,0.016,26.9632,20241117014156
20241117014304,1500,0.9225,0.0,31.09686,20241117014306
20241117014349,1500,0.9102,0.012,25.67345,20241117014346
20241117014503,1500,0.9062,0.008,27.40105,20241117014506
20241117014549,1500,0.9123,0.028,26.26237,20241117014546
20241117014703,1500,0.9747,0.008,31.71097,20241117014706
20241117014745,1500,0.947,0.008,24.66346,20241117014746
20241117014859,1500,0.9271,0.004,29.26994,20241117014856
20241117014941,1500,0.8792,0.012,30.63104,20241117014946
20241117015055,1500,0.9271,0.016,29.12306,20241117015056
20241117015139,1500,0.75,0.02,23.35132,20241117015136
20241117015253,1500,0.8645,0.012,31.1794,20241117015256
20241117015334,1500,0.8738,0.028,25.50558,20241117015336
20241117015448,1500,0.962,0.008,31.52072,20241117015446
20241117015532,1500,0.8878,0.016,23.22962,20241117015536
20241117015646,1500,0.962,0.012,29.77913,20241117015646
20241117015728,1500,0.9032,0.016,23.20164,20241117015726
20241117015842,1500,0.9724,0.012,30.32609,20241117015846
20241117015924,1500,0.9697,0.016,24.10671,20241117015927
20241117020038,1500,0.9673,0.004,31.32628,20241117020037
20241117020120,1500,0.8945,0.02,27.36328,20241117020127
20241117020234,1500,0.9426,0.008,32.10545,20241117020237
20241117020318,1500,0.8266,0.02,23.21703,20241117020317
20241117020432,1500,0.8625,0.016,29.17342,20241117020437
20241117020516,1500,0.8504,0.008,24.15428,20241117020517
20241117020630,1500,0.9495,0.02,29.26714,20241117020637
20241117020712,1500,0.835,0.004,30.23796,20241117020717
20241117020825,1500,0.9697,0.016,27.79273,20241117020827
20241117020910,1500,0.8942,0.02,28.28234,20241117020917
20241117021024,1500,0.9523,0.004,31.96416,20241117021027
20241117021106,1500,0.7153,0.012,24.19624,20241117021107
20241117021219,1500,0.9671,0.008,29.72597,20241117021217
20241117021304,1500,0.9116,0.02,30.42121,20241117021307
20241117021418,1500,0.9573,0.008,30.20438,20241117021417
20241117021501,1500,0.8805,0.008,29.76094,20241117021507
20241117021615,1500,0.8775,0.012,27.18283,20241117021618
20241117021657,1500,0.92,0.016,23.31915,20241117021658
20241117021811,1500,0.9698,0.008,29.47557,20241117021818
20241117021853,1500,0.8822,0.02,30.60586,20241117021858
20241117022007,1500,0.9447,0.008,30.56249,20241117022008
20241117022052,1500,0.8869,0.012,30.4296,20241117022058
20241117022206,1500,0.9279,0.024,27.45281,20241117022208
20241117022250,1500,0.8809,0.024,25.62309,20241117022258
20241117022404,1500,0.7309,0.012,29.37905,20241117022408
20241117022447,1500,0.8963,0.012,24.16127,20241117022448
20241117022602,1500,0.854,0.008,26.23579,20241117022608
20241117022646,1500,0.8853,0.012,25.1167,20241117022648
20241117022759,1500,0.9648,0.0,30.42401,20241117022758
20241117022843,1500,0.8643,0.024,30.48136,20241117022848
20241117022957,1500,0.9447,0.0,27.35909,20241117022959
20241117023042,1500,0.8781,0.012,27.70461,20241117023049
20241117023156,1500,0.8835,0.008,31.73615,20241117023159
20241117023238,1500,0.7677,0.012,24.48721,20241117023239
20241117023352,1500,0.8625,0.004,30.5555,20241117023359
20241117023437,1500,0.7383,0.02,27.07931,20241117023439
20241117023551,1500,0.9242,0.02,26.5911,20241117023559
20241117023633,1500,0.765,0.02,30.9304,20241117023639
20241117023747,1500,0.8772,0.02,26.93103,20241117023749
20241117023832,1500,0.7424,0.02,25.76437,20241117023839
20241117023946,1500,0.8615,0.012,28.79013,20241117023945
20241117024028,1500,0.6601,0.04,23.18906,20241117024025
20241117024142,1500,0.7866,0.012,31.92779,20241117024145
20241117024229,1500,0.6817,0.024,26.45122,20241117024225
20241117024342,1500,0.9545,0.016,28.89784,20241117024345
20241117024425,1500,0.7575,0.02,23.83533,20241117024425
20241117024539,1500,0.6849,0.028,30.76113,20241117024535
20241117024623,1500,0.83,0.012,24.53057,20241117024625
20241117024737,1500,0.9,0.008,30.53732,20241117024735
20241117024822,1500,0.8045,0.024,22.98482,20241117024825
20241117024936,1500,0.7475,0.028,27.70461,20241117024935
20241117025019,1500,0.8897,0.024,27.5829,20241117025015
20241117025133,1500,0.9571,0.004,28.81671,20241117025136
20241117025217,1500,0.907,0.028,23.94165,20241117025216
20241117025331,1500,0.9158,0.024,29.16782,20241117025336
20241117025415,1500,0.8791,0.016,23.14709,20241117025416
20241117025530,1500,0.7432,0.008,26.36449,20241117025536
20241117025615,1500,0.7136,0.024,23.92486,20241117025616
20241117025729,1500,0.8894,0.02,30.05051,20241117025726
20241117025814,1500,0.7836,0.004,24.37949,20241117025816
20241117025928,1500,0.8828,0.016,30.01274,20241117025926
20241117030010,1500,0.7556,0.016,29.92601,20241117030016
20241117030124,1500,0.9497,0.016,29.30631,20241117030126
20241117030209,1500,0.6575,0.016,23.58493,20241117030206
20241117030322,1500,0.9471,0.004,29.48257,20241117030326
20241117030406,1500,0.9123,0.016,23.33174,20241117030406
20241117030521,1500,0.7268,0.016,25.81613,20241117030526
20241117030606,1500,0.7268,0.02,24.07734,20241117030607
20241117030720,1500,0.8894,0.012,28.35928,20241117030727
20241117030804,1500,0.8483,0.012,29.53293,20241117030807
20241117030918,1500,0.8866,0.012,30.19879,20241117030917
20241117031003,1500,0.75,0.016,23.7556,20241117031007
20241117031118,1500,0.6796,0.012,29.25875,20241117031117
20241117031204,1500,0.6953,0.012,25.02157,20241117031207
20241117031318,1500,0.6178,0.02,29.03073,20241117031317
20241117031404,1500,0.705,0.004,24.87469,20241117031407
20241117031518,1500,0.6504,0.028,29.25175,20241117031517
20241117031602,1500,0.702,0.02,29.69519,20241117031608
20241117031716,1500,0.8074,0.016,27.63186,20241117031718
20241117031801,1500,0.7182,0.0277,28.26415,20241117031808
20241117031915,1500,0.896,0.012,28.42642,20241117031918
20241117031957,1500,0.8404,0.016,23.83253,20241117031958
20241117032111,1500,0.8596,0.02,28.15084,20241117032118
20241117032153,1500,0.7895,0.02,26.44282,20241117032158
20241117032307,1500,0.7377,0.02,31.65641,20241117032308
20241117032352,1500,0.7076,0.012,30.09108,20241117032358
20241117032506,1500,0.8119,0.024,28.4558,20241117032508
20241117032550,1500,0.7228,0.02,23.57934,20241117032558
20241117032704,1500,0.7463,0.016,30.88144,20241117032708
20241117032746,1500,0.7015,0.024,23.98361,20241117032748
20241117032900,1500,0.9492,0.016,25.03976,20241117032908
20241117032944,1500,0.8838,0.02,28.26835,20241117032948
20241117033058,1500,0.9425,0.012,28.66703,20241117033058
20241117033140,1500,0.9192,0.028,25.95882,20241117033148
20241117033255,1500,0.8878,0.012,31.99074,20241117033259
20241117033337,1500,0.7531,0.016,24.47042,20241117033339
20241117033451,1500,0.6259,0.02,28.04173,20241117033459
20241117033534,1500,0.8928,0.016,24.47322,20241117033539
20241117033649,1500,0.6262,0.012,26.67783,20241117033649
20241117033733,1500,0.6952,0.02,30.09947,20241117033739
20241117033847,1500,0.7574,0.012,28.29493,20241117033849
20241117033931,1500,0.7015,0.016,26.85829,20241117033939
20241117034045,1500,0.775,0.016,31.16121,20241117034049
20241117034127,1500,0.6618,0.012,30.40302,20241117034129
20241117034241,1500,0.7805,0.016,25.70142,20241117034249
20241117034326,1500,0.7079,0.016,26.05394,20241117034329
20241117034440,1500,0.9322,0.016,30.07429,20241117034445
20241117034524,1500,0.8504,0.024,23.3849,20241117034525
20241117034639,1500,0.5862,0.012,28.23198,20241117034635
20241117034723,1500,0.6833,0.02,24.52497,20241117034725
20241117034836,1500,0.798,0.024,31.06889,20241117034835
20241117034918,1500,0.6819,0.016,24.30815,20241117034915
20241117035033,1500,0.601,0.012,31.00594,20241117035035
20241117035117,1500,0.6873,0.02,23.23382,20241117035115
20241117035231,1500,0.6326,0.012,29.17622,20241117035235
20241117035313,1500,0.6708,0.016,30.12465,20241117035315
20241117035427,1500,0.9648,0.004,30.27573,20241117035425
20241117035511,1500,0.908,0.012,27.10449,20241117035515
20241117035625,1500,0.9599,0.004,31.0493,20241117035625
20241117035709,1500,0.9102,0.024,25.50558,20241117035705
20241117035823,1500,0.9772,0.012,27.50876,20241117035825
20241117035905,1500,0.952,0.012,23.35412,20241117035906
20241117040019,1500,0.9749,0.0,30.56669,20241117040016
20241117040106,1500,0.9747,0.008,23.18766,20241117040106
20241117040220,1500,0.9749,0.0,30.0547,20241117040226
20241117040302,1500,0.9648,0.02,28.14385,20241117040306
20241117040416,1500,0.9723,0.0,29.85607,20241117040416
20241117040458,1500,0.9499,0.016,23.43666,20241117040456
20241117040612,1500,0.9623,0.008,30.16102,20241117040616
20241117040658,1500,0.9233,0.024,23.07155,20241117040656
20241117040813,1500,0.9418,0.016,30.65062,20241117040816
20241117040857,1500,0.8939,0.012,23.18766,20241117040856
20241117041011,1500,0.9114,0.004,27.18982,20241117041016
20241117041052,1500,0.9502,0.004,23.41847,20241117041056
20241117041207,1500,0.9497,0.008,26.87228,20241117041206
20241117041249,1500,0.9077,0.012,23.30516,20241117041246
20241117041403,1500,0.9372,0.016,30.82548,20241117041407
20241117041445,1500,0.8475,0.004,23.8815,20241117041447
20241117041559,1500,0.9698,0.012,29.18881,20241117041557
20241117041643,1500,0.9317,0.012,29.01534,20241117041647
20241117041757,1500,0.9772,0.008,29.30771,20241117041757
20241117041841,1500,0.9719,0.008,30.61565,20241117041847
20241117041956,1500,0.927,0.004,30.50934,20241117041957
20241117042040,1500,0.8856,0.02,30.83947,20241117042047
20241117042154,1500,0.9672,0.008,27.3353,20241117042157
20241117042239,1500,0.9027,0.028,24.79076,20241117042237
20241117042353,1500,0.9497,0.008,31.62004,20241117042357
20241117042435,1500,0.898,0.024,28.04733,20241117042437
20241117042549,1500,0.9483,0.0,31.57248,20241117042547
20241117042634,1500,0.9007,0.012,27.43322,20241117042637
20241117042748,1500,0.927,0.016,26.87228,20241117042747
20241117042833,1500,0.8501,0.024,27.85708,20241117042837
20241117042946,1500,0.9597,0.0,30.50794,20241117042947
20241117043030,1500,0.8173,0.016,24.02558,20241117043037
20241117043144,1500,0.9303,0.012,31.37524,20241117043147
20241117043228,1500,0.8759,0.008,22.98482,20241117043227
20241117043342,1500,0.9453,0.012,30.17501,20241117043348
20241117043427,1500,0.9012,0.016,23.28977,20241117043428
20241117043541,1500,0.9723,0.008,25.735,20241117043548
20241117043623,1500,0.9217,0.004,30.60726,20241117043628
20241117043737,1500,0.9673,0.0,30.35266,20241117043738
20241117043822,1500,0.915,0.024,30.02673,20241117043828
20241117043936,1500,0.952,0.008,27.32971,20241117043938
20241117044023,1500,0.9032,0.012,30.48975,20241117044028
20241117044137,1500,0.9548,0.008,30.68839,20241117044138
20241117044220,1500,0.8997,0.032,25.63848,20241117044228
20241117044334,1500,0.9472,0.012,29.74975,20241117044338
20241117044418,1500,0.8897,0.024,23.15409,20241117044418
20241117044537,1700,0.9622,0.004,28.64465,20241117044538
20241117044616,1700,0.9198,0.016,25.95602,20241117044618
20241117044728,1700,0.8894,0.02,28.17183,20241117044728
20241117044810,1700,0.861,0.012,25.93084,20241117044818
20241117044921,1700,0.9196,0.016,29.95539,20241117044929
20241117045001,1700,0.8607,0.008,25.94063,20241117045009
20241117045113,1700,0.95,0.008,29.41402,20241117045119
20241117045152,1700,0.9547,0.004,26.76317,20241117045159
20241117045305,1700,0.8446,0.02,31.11785,20241117045309
20241117045347,1700,0.9129,0.004,26.16445,20241117045349
20241117045459,1700,0.9372,0.0,31.93339,20241117045459
20241117045540,1700,0.915,0.004,24.87749,20241117045549
20241117045652,1700,0.9797,0.016,29.05591,20241117045659
20241117045732,1700,0.75,0.02,25.33772,20241117045739
20241117045844,1700,0.9822,0.008,30.51633,20241117045849
20241117045925,1700,0.9375,0.016,23.52478,20241117045929
20241117050037,1700,0.9472,0.004,27.9592,20241117050039
20241117050118,1700,0.7836,0.012,24.27318,20241117050119
20241117050230,1700,0.8892,0.016,30.01274,20241117050239
20241117050309,1700,0.8592,0.012,23.5038,20241117050309
20241117050422,1700,0.8675,0.008,29.0699,20241117050429
20241117050501,1700,0.9002,0.0,25.01318,20241117050509
20241117050614,1700,0.8841,0.008,29.87145,20241117050619
20241117050655,1700,0.7425,0.012,27.64865,20241117050659
20241117050807,1700,0.9496,0.008,30.23096,20241117050805
20241117050846,1700,0.9378,0.008,24.19764,20241117050845
20241117050958,1700,0.9646,0.016,30.23656,20241117050955
20241117051040,1700,0.8978,0.016,29.76654,20241117051045
20241117051152,1700,0.9595,0.016,32.5377,20241117051155
20241117051231,1700,0.9646,0.012,24.7474,20241117051235
20241117051343,1700,0.9424,0.0,27.76755,20241117051345
20241117051424,1700,0.9173,0.02,23.2618,20241117051425
20241117051536,1700,0.9012,0.004,26.90865,20241117051535
20241117051616,1700,0.8195,0.012,23.31076,20241117051616
20241117051728,1700,0.7852,0.016,31.28151,20241117051726
20241117051807,1700,0.9038,0.012,23.48981,20241117051806
20241117051919,1700,0.9127,0.0,30.88843,20241117051916
20241117052001,1700,0.7388,0.012,30.91501,20241117052006
20241117052113,1700,0.7734,0.02,31.24234,20241117052116
20241117052152,1700,0.7935,0.02,25.16286,20241117052156
20241117052304,1700,0.9447,0.012,32.49993,20241117052306
20241117052343,1700,0.9175,0.008,31.10805,20241117052346
20241117052455,1700,0.9572,0.016,31.72495,20241117052456
20241117052537,1700,0.7246,0.02,23.28838,20241117052536
20241117052648,1700,0.9108,0.012,29.85886,20241117052647
20241117052727,1700,0.8777,0.012,23.32894,20241117052727
20241117052840,1700,0.8678,0.012,31.48855,20241117052847
20241117052918,1700,0.8676,0.016,24.09133,20241117052917
20241117053030,1700,0.9673,0.02,30.49395,20241117053037
20241117053109,1700,0.7254,0.032,23.2632,20241117053107
20241117053221,1700,0.9524,0.02,27.19821,20241117053227
20241117053259,1700,0.8133,0.008,23.56255,20241117053257
20241117053412,1700,0.8643,0.012,29.96518,20241117053417
20241117053454,1700,0.6825,0.024,28.22638,20241117053457
20241117053606,1700,0.9523,0.012,31.22836,20241117053607
20241117053646,1700,0.6952,0.012,28.10748,20241117053647
20241117053757,1700,0.9453,0.012,31.9152,20241117053757
20241117053837,1700,0.7254,0.016,23.41847,20241117053837
20241117053949,1700,0.8139,0.012,27.91443,20241117053948
20241117054031,1700,0.8825,0.02,27.70601,20241117054038
20241117054143,1700,0.9646,0.0079,30.70518,20241117054148
20241117054224,1700,0.7057,0.008,25.24259,20241117054228
20241117054336,1700,0.9023,0.02,27.65564,20241117054338
20241117054415,1700,0.9002,0.008,28.80692,20241117054418
20241117054528,1700,0.6765,0.012,31.4214,20241117054528
20241117054607,1700,0.7279,0.012,24.41586,20241117054608
20241117054719,1700,0.9375,0.016,30.41981,20241117054718
20241117054758,1700,0.9048,0.016,23.20724,20241117054758
20241117054910,1700,0.9499,0.02,30.09247,20241117054918
20241117054950,1700,0.7002,0.004,25.735,20241117054958
20241117055102,1700,0.6471,0.008,27.50457,20241117055109
20241117055143,1700,0.7345,0.004,31.33047,20241117055149
20241117055255,1700,0.9619,0.012,30.7989,20241117055259
20241117055336,1700,0.897,0.032,27.86827,20241117055339
20241117055448,1700,0.95,0.02,32.03271,20241117055449
20241117055529,1700,0.9148,0.012,23.27998,20241117055529
20241117055641,1700,0.9597,0.016,29.87285,20241117055649
20241117055721,1700,0.704,0.02,25.95182,20241117055729
20241117055833,1700,0.8571,0.012,30.57089,20241117055839
20241117055918,1700,0.6321,0.024,24.41446,20241117055919
20241117060030,1700,0.6864,0.012,24.04097,20241117060039
20241117060109,1700,0.7432,0.008,24.40467,20241117060109
20241117060221,1700,0.7985,0.016,29.29232,20241117060229
20241117060303,1700,0.8358,0.012,29.05731,20241117060309
20241117060415,1700,0.7475,0.016,28.79432,20241117060415
20241117060456,1700,0.813,0.016,23.21843,20241117060455
20241117060608,1700,0.6891,0.016,30.10646,20241117060605
20241117060647,1700,0.7387,0.008,23.09113,20241117060645
20241117060759,1700,0.9573,0.008,24.89288,20241117060755
20241117060838,1700,0.9221,0.008,23.52339,20241117060835
20241117060951,1700,0.6766,0.008,29.45179,20241117060955
20241117061032,1700,0.703,0.024,23.41707,20241117061035
20241117061144,1700,0.8869,0.012,27.42483,20241117061145
20241117061223,1700,0.8936,0.004,27.31012,20241117061225
20241117061336,1700,0.7955,0.028,27.78014,20241117061335
20241117061417,1700,0.8225,0.012,23.16807,20241117061415
20241117061529,1700,0.7401,0.012,30.24495,20241117061526
20241117061609,1700,0.7543,0.008,24.10252,20241117061606
20241117061721,1700,0.8557,0.012,30.1806,20241117061726
20241117061801,1700,0.7005,0.02,30.86185,20241117061806
20241117061913,1700,0.6983,0.016,30.31489,20241117061916
20241117061952,1700,0.805,0.004,26.39666,20241117061956
20241117062105,1700,0.7136,0.02,27.59969,20241117062106
20241117062144,1700,0.787,0.008,29.54831,20241117062146
20241117062257,1700,0.6321,0.024,28.16203,20241117062256
20241117062336,1700,0.7395,0.012,23.34153,20241117062336
20241117062448,1700,0.8045,0.016,30.24915,20241117062446
20241117062527,1700,0.8069,0.028,23.22962,20241117062527
20241117062640,1700,0.6898,0.016,27.19542,20241117062647
20241117062721,1700,0.7443,0.02,31.25354,20241117062727
20241117062833,1700,0.559,0.032,30.03232,20241117062837
20241117062913,1700,0.8225,0.012,28.07531,20241117062917
20241117063025,1700,0.967,0.008,30.47437,20241117063027
20241117063105,1700,0.7221,0.008,29.36366,20241117063107
20241117063217,1700,0.9621,0.008,30.1848,20241117063217
20241117063257,1700,0.6943,0.024,24.23681,20241117063257
20241117063409,1700,0.6998,0.012,30.39463,20241117063407
20241117063448,1700,0.8092,0.008,23.34992,20241117063447
20241117063600,1700,0.9418,0.008,30.84507,20241117063608
20241117063640,1700,0.7053,0.012,25.65806,20241117063648
20241117063752,1700,0.7871,0.02,26.4764,20241117063758
20241117063830,1700,0.8596,0.028,25.19643,20241117063838
20241117063942,1700,0.9225,0.004,28.15784,20241117063948
20241117064022,1700,0.7057,0.02,30.87864,20241117064028
20241117064134,1700,0.8703,0.02,31.99354,20241117064138
20241117064216,1700,0.6675,0.008,31.12764,20241117064218
20241117064328,1700,0.6494,0.032,31.48295,20241117064328
20241117064410,1700,0.7312,0.004,26.65405,20241117064418
20241117064522,1700,0.7879,0.012,30.12045,20241117064529
20241117064601,1700,0.8511,0.012,25.52796,20241117064609
20241117064714,1700,0.7626,0.0317,30.01414,20241117064719
20241117064755,1700,0.8822,0.028,23.2506,20241117064759
20241117064907,1700,0.9223,0.04,27.67103,20241117064909
20241117064950,1700,0.9104,0.0,30.60027,20241117064959
20241117065102,1700,0.9571,0.0,28.3313,20241117065109
20241117065143,1700,0.9198,0.004,28.65723,20241117065149
20241117065255,1700,0.962,0.004,29.65183,20241117065259
20241117065334,1700,0.9496,0.016,31.06049,20241117065339
20241117065447,1700,0.9547,0.008,30.84647,20241117065445
20241117065525,1700,0.9107,0.02,24.25779,20241117065525
20241117065637,1700,0.9625,0.016,29.71478,20241117065635
20241117065719,1700,0.9723,0.004,25.37549,20241117065715
20241117065832,1700,0.9495,0.004,32.72375,20241117065835
20241117065910,1700,0.8317,0.008,26.44842,20241117065915
20241117070022,1700,0.9797,0.012,29.4476,20241117070025
20241117070100,1700,0.9722,0.012,31.14302,20241117070105
20241117070213,1700,0.9148,0.008,31.0437,20241117070215
20241117070252,1700,0.9747,0.012,28.75795,20241117070255
20241117070404,1700,0.9571,0.0079,27.10309,20241117070405
20241117070443,1700,0.9129,0.012,28.35788,20241117070445
20241117070555,1700,0.9571,0.008,31.84246,20241117070556
20241117070636,1700,0.9183,0.008,23.46463,20241117070636
20241117070748,1700,0.9454,0.0,29.39444,20241117070746
20241117070829,1700,0.9796,0.02,27.79973,20241117070826
20241117070942,1700,0.9118,0.008,30.20858,20241117070946
20241117071021,1700,0.901,0.004,30.72337,20241117071026
20241117071133,1700,0.9698,0.0,31.70677,20241117071136
20241117071215,1700,0.9673,0.02,24.80195,20241117071216
20241117071327,1700,0.9233,0.008,27.80392,20241117071326
20241117071406,1700,0.9673,0.02,23.52618,20241117071406
20241117071519,1700,0.9196,0.012,30.14423,20241117071516
20241117071600,1700,0.9123,0.02,31.26752,20241117071606
20241117071713,1700,0.9175,0.012,30.19319,20241117071716
20241117071752,1700,0.8985,0.008,25.6105,20241117071757
20241117071904,1700,0.9571,0.016,30.95278,20241117071907
20241117071943,1700,0.9221,0.02,25.81194,20241117071947
20241117072055,1700,0.9676,0.008,27.66963,20241117072057
20241117072135,1700,0.8933,0.016,29.00136,20241117072137
20241117072248,1700,0.9223,0.02,26.81073,20241117072247
20241117072330,1700,0.9102,0.012,23.64649,20241117072337
20241117072441,1700,0.9698,0.012,30.33168,20241117072447
20241117072522,1700,0.864,0.032,31.0535,20241117072527
20241117072634,1700,0.96,0.0,32.36284,20241117072637
20241117072713,1700,0.9696,0.004,24.36411,20241117072717
20241117072826,1700,0.9476,0.012,28.02634,20241117072827
20241117072905,1700,0.9129,0.012,25.88048,20241117072907
20241117073018,1700,0.9521,0.008,27.27375,20241117073018
20241117073059,1700,0.9352,0.016,23.23382,20241117073058
20241117073211,1700,0.9424,0.012,29.74136,20241117073218
20241117073250,1700,0.9525,0.012,25.86789,20241117073258
20241117073402,1700,0.9646,0.004,28.64604,20241117073408
20241117073443,1700,0.9601,0.008,30.99614,20241117073448
20241117073555,1700,0.9603,0.008,32.56567,20241117073558
20241117073637,1700,0.8685,0.012,23.96823,20241117073638
20241117073748,1700,0.9723,0.008,27.27096,20241117073748
20241117073829,1700,0.8922,0.02,23.3849,20241117073828
20241117073941,1700,0.95,0.012,30.33308,20241117073949
20241117074019,1700,0.8362,0.012,23.46463,20241117074019
20241117074131,1700,0.9697,0.016,30.59747,20241117074139
20241117074210,1700,0.9698,0.02,23.89408,20241117074219
20241117074321,1700,0.9572,0.008,27.24718,20241117074329
20241117074402,1700,0.9672,0.02,27.78154,20241117074409
20241117074515,1700,0.865,0.008,30.99475,20241117074519
20241117074553,1700,0.88,0.016,30.35686,20241117074559
20241117074705,1700,0.9325,0.0,29.62246,20241117074709
20241117074744,1700,0.9075,0.0,30.8045,20241117074749
20241117074857,1700,0.8897,0.012,29.87565,20241117074859
20241117074936,1700,0.8951,0.02,24.19764,20241117074935
20241117075048,1700,0.9274,0.02,30.15402,20241117075045
20241117075128,1700,0.7574,0.024,23.17926,20241117075125
20241117075244,1800,0.9723,0.0,31.28711,20241117075245
20241117075326,1800,0.9093,0.02,23.21004,20241117075325
20241117075437,1800,0.9621,0.008,32.19358,20241117075435
20241117075514,1800,0.9746,0.02,23.57095,20241117075515
20241117075625,1800,0.9242,0.012,32.39641,20241117075625
20241117075705,1800,0.935,0.012,23.29397,20241117075705
20241117075816,1800,0.8741,0.016,27.51576,20241117075815
20241117075852,1800,0.8976,0.016,24.15567,20241117075855
20241117080003,1800,0.9246,0.004,28.52434,20241117080005
20241117080041,1800,0.8883,0.016,31.12764,20241117080046
20241117080151,1800,0.9695,0.008,28.74676,20241117080156
20241117080232,1800,0.8441,0.02,25.57273,20241117080236
20241117080342,1800,0.9722,0.0,30.24495,20241117080346
20241117080423,1800,0.8919,0.016,31.59346,20241117080426
20241117080534,1800,0.962,0.008,28.80692,20241117080536
20241117080616,1800,0.8085,0.008,24.15008,20241117080616
20241117080726,1800,0.9722,0.012,28.37606,20241117080726
20241117080804,1800,0.9132,0.012,31.6648,20241117080806
20241117080914,1800,0.9571,0.004,32.98254,20241117080916
20241117080951,1800,0.89,0.012,31.87603,20241117080956
20241117081101,1800,0.9623,0.02,28.951,20241117081107
20241117081138,1800,0.915,0.02,23.44645,20241117081137
20241117081249,1800,0.8606,0.024,32.08587,20241117081247
20241117081326,1800,0.9695,0.012,23.48142,20241117081327
20241117081437,1800,0.9523,0.008,28.43901,20241117081437
20241117081515,1800,0.8903,0.016,25.59091,20241117081517
20241117081625,1800,0.9698,0.0,27.37028,20241117081627
20241117081703,1800,0.794,0.024,25.17265,20241117081707
20241117081814,1800,0.9598,0.012,30.35266,20241117081817
20241117081852,1800,0.9248,0.004,31.46756,20241117081857
20241117082002,1800,0.9499,0.0,29.03493,20241117082008
20241117082038,1800,0.6555,0.02,23.3863,20241117082038
20241117082148,1800,0.9648,0.0,27.52415,20241117082148
20241117082229,1800,0.8703,0.02,23.27998,20241117082228
20241117082340,1800,0.7965,0.016,23.79057,20241117082348
20241117082416,1800,0.9177,0.004,24.34032,20241117082418
20241117082527,1800,0.8953,0.012,31.53471,20241117082528
20241117082605,1800,0.8988,0.008,31.65221,20241117082608
20241117082716,1800,0.7607,0.008,31.58227,20241117082718
20241117082753,1800,0.8978,0.004,31.33887,20241117082758
20241117082904,1800,0.8498,0.024,26.38128,20241117082908
20241117082941,1800,0.7275,0.02,26.96041,20241117082948
20241117083051,1800,0.9424,0.008,26.04275,20241117083059
20241117083128,1800,0.8141,0.008,25.4888,20241117083129
20241117083238,1800,0.9035,0.016,32.38662,20241117083239
20241117083320,1800,0.8931,0.016,23.88989,20241117083329
20241117083430,1800,0.9596,0.012,23.39469,20241117083439
20241117083507,1800,0.9227,0.004,24.19344,20241117083509
20241117083618,1800,0.9373,0.008,30.77232,20241117083619
20241117083655,1800,0.7681,0.008,24.47602,20241117083659
20241117083805,1800,0.9646,0.004,30.83807,20241117083809
20241117083846,1800,0.81,0.012,31.45777,20241117083849
20241117083957,1800,0.8622,0.024,32.57127,20241117083959
20241117084035,1800,0.699,0.016,31.18639,20241117084039
20241117084145,1800,0.8729,0.02,29.90922,20241117084145
20241117084227,1800,0.7101,0.012,23.27299,20241117084225
20241117084337,1800,0.8238,0.016,31.95017,20241117084335
20241117084414,1800,0.7563,0.024,25.01878,20241117084415
20241117084524,1800,0.9622,0.004,32.10265,20241117084525
20241117084602,1800,0.8582,0.02,32.22295,20241117084605
20241117084713,1800,0.7687,0.028,29.17342,20241117084715
20241117084750,1800,0.92,0.02,31.20877,20241117084755
20241117084901,1800,0.8144,0.028,29.27554,20241117084905
20241117084939,1800,0.665,0.008,23.23662,20241117084935
20241117085049,1800,0.8771,0.008,31.93339,20241117085046
20241117085127,1800,0.79,0.012,23.27719,20241117085126
20241117085237,1800,0.9527,0.008,31.26473,20241117085236
20241117085319,1800,0.8603,0.02,24.02978,20241117085316
20241117085430,1800,0.6617,0.024,31.40741,20241117085436
20241117085507,1800,0.9296,0.02,23.36531,20241117085506
20241117085618,1800,0.6692,0.024,32.89301,20241117085616
20241117085654,1800,0.9104,0.008,24.48021,20241117085656
20241117085805,1800,0.6592,0.028,28.9454,20241117085806
20241117085842,1800,0.904,0.024,26.04555,20241117085846
20241117085952,1800,0.9521,0.0,30.95838,20241117085956
20241117090029,1800,0.8412,0.012,23.73601,20241117090026
20241117090140,1800,0.6551,0.024,29.88125,20241117090146
20241117090221,1800,0.9007,0.004,30.95278,20241117090226
20241117090332,1800,0.9398,0.004,30.9304,20241117090337
20241117090410,1800,0.7556,0.02,27.68082,20241117090417
20241117090520,1800,0.9499,0.008,32.26632,20241117090527
20241117090601,1800,0.83,0.016,31.34586,20241117090607
20241117090712,1800,0.7791,0.008,30.01274,20241117090717
20241117090754,1800,0.696,0.012,31.35565,20241117090757
20241117090904,1800,0.8391,0.024,30.58348,20241117090907
20241117090946,1800,0.7072,0.004,24.19904,20241117090947
20241117091056,1800,0.9597,0.012,28.42782,20241117091057
20241117091138,1800,0.8469,0.008,23.29677,20241117091137
20241117091248,1800,0.9548,0.0,27.50317,20241117091247
20241117091327,1800,0.8561,0.024,23.36391,20241117091327
20241117091438,1800,0.6985,0.008,28.54253,20241117091438
20241117091517,1800,0.73,0.012,24.40187,20241117091518
20241117091627,1800,0.902,0.028,27.86687,20241117091628
20241117091706,1800,0.7309,0.024,24.35151,20241117091708
20241117091816,1800,0.6471,0.012,28.10748,20241117091818
20241117091852,1800,0.8914,0.012,31.82428,20241117091858
20241117092003,1800,0.7022,0.028,30.37645,20241117092008
20241117092045,1800,0.7286,0.004,23.44365,20241117092048
20241117092155,1800,0.797,0.02,30.34847,20241117092158
20241117092237,1800,0.7182,0.016,24.06754,20241117092238
20241117092347,1800,0.908,0.016,29.09228,20241117092348
20241117092429,1800,0.817,0.032,23.01,20241117092429
20241117092540,1800,0.6209,0.004,30.30091,20241117092549
20241117092620,1800,0.8695,0.012,26.54634,20241117092629
20241117092731,1800,0.6667,0.024,33.31827,20241117092739
20241117092813,1800,0.7068,0.008,31.10945,20241117092819
20241117092924,1800,0.7824,0.016,31.12764,20241117092929
20241117093002,1800,0.7034,0.012,26.3463,20241117093009
20241117093112,1800,0.9645,0.012,26.46381,20241117093119
20241117093149,1800,0.8404,0.02,24.44104,20241117093149
20241117093259,1800,0.9497,0.0,30.42121,20241117093259
20241117093340,1800,0.8105,0.0079,26.94921,20241117093349
20241117093451,1800,0.6601,0.008,29.79452,20241117093459
20241117093532,1800,0.6502,0.024,25.68044,20241117093539
20241117093642,1800,0.804,0.02,24.28437,20241117093649
20241117093719,1800,0.7387,0.012,27.56891,20241117093715
20241117093829,1800,0.8489,0.016,24.18365,20241117093825
20241117093911,1800,0.7093,0.012,25.82592,20241117093915
20241117094021,1800,0.8452,0.02,31.31928,20241117094025
20241117094058,1800,0.7506,0.016,23.20864,20241117094055
20241117094208,1800,0.7431,0.024,29.1958,20241117094205
20241117094245,1800,0.7506,0.028,24.08014,20241117094245
20241117094355,1800,0.9,0.012,32.02431,20241117094355
20241117094437,1800,0.734,0.024,23.55556,20241117094435
20241117094547,1800,0.9352,0.012,32.2887,20241117094545
20241117094624,1800,0.7631,0.012,25.61329,20241117094625
20241117094734,1800,0.9034,0.008,30.21697,20241117094735
20241117094811,1800,0.7769,0.016,25.14188,20241117094815
20241117094922,1800,0.4937,0.012,30.10087,20241117094925
20241117095002,1800,0.783,0.016,30.24635,20241117095005
20241117095113,1800,0.6377,0.012,33.42878,20241117095116
20241117095155,1800,0.706,0.02,23.65908,20241117095156
20241117095305,1800,0.9597,0.004,32.1684,20241117095306
20241117095346,1800,0.8693,0.016,24.01579,20241117095346
20241117095456,1800,0.9495,0.0,27.41364,20241117095456
20241117095533,1800,0.8589,0.004,25.64547,20241117095536
20241117095643,1800,0.9625,0.016,31.2941,20241117095646
20241117095720,1800,0.9225,0.004,28.81811,20241117095726
20241117095831,1800,0.9447,0.016,29.0699,20241117095836
20241117095911,1800,0.8797,0.052,31.1738,20241117095916
20241117100022,1800,0.9296,0.008,30.20299,20241117100026
20241117100102,1800,0.8878,0.048,23.36811,20241117100106
20241117100213,1800,0.9279,0.008,31.49974,20241117100217
20241117100251,1800,0.9747,0.016,30.95558,20241117100257
20241117100402,1800,0.9593,0.004,30.6842,20241117100407
20241117100439,1800,0.9599,0.024,23.06735,20241117100437
20241117100550,1800,0.9723,0.012,27.2136,20241117100557
20241117100628,1800,0.9622,0.02,23.23382,20241117100627
20241117100739,1800,0.9497,0.008,31.06469,20241117100737
20241117100821,1800,0.892,0.02,28.21519,20241117100827
20241117100931,1800,0.9848,0.0,30.04351,20241117100937
20241117101009,1800,0.9154,0.016,23.2506,20241117101007
20241117101119,1800,0.9474,0.0,32.00053,20241117101117
20241117101158,1800,0.8936,0.004,23.1275,20241117101157
20241117101309,1800,0.9246,0.028,31.12064,20241117101307
20241117101346,1800,0.9257,0.02,24.52917,20241117101347
20241117101457,1800,0.957,0.008,32.14742,20241117101457
20241117101535,1800,0.7637,0.048,24.2494,20241117101537
20241117101646,1800,0.9701,0.008,29.36506,20241117101648
20241117101724,1800,0.9198,0.02,27.66124,20241117101728
20241117101835,1800,0.9446,0.02,33.07486,20241117101838
20241117101912,1800,0.6344,0.024,31.69698,20241117101918
20241117102023,1800,0.9744,0.008,26.67084,20241117102028
20241117102105,1800,0.8408,0.012,24.85371,20241117102108
20241117102215,1800,0.9723,0.004,32.12503,20241117102218
20241117102254,1800,0.92,0.0,27.04574,20241117102258
20241117102405,1800,0.9468,0.012,30.72756,20241117102408
20241117102442,1800,0.962,0.016,31.93758,20241117102448
20241117102553,1800,0.9343,0.008,26.67364,20241117102558
20241117102630,1800,0.9673,0.008,26.23999,20241117102638
20241117102741,1800,0.9621,0.008,32.34885,20241117102748
20241117102823,1800,0.8607,0.008,31.18499,20241117102828
20241117102934,1800,0.9597,0.012,30.85626,20241117102938
20241117103011,1800,0.934,0.02,26.20222,20241117103018
20241117103122,1800,0.8603,0.012,30.62405,20241117103128
20241117103203,1800,0.8933,0.012,30.72337,20241117103208
20241117103314,1800,0.88,0.012,31.4214,20241117103318
20241117103350,1800,0.9373,0.008,26.1043,20241117103359
20241117103501,1800,0.9167,0.012,29.42941,20241117103509
20241117103539,1800,0.9109,0.008,23.10233,20241117103539
20241117103650,1800,0.9598,0.008,30.19319,20241117103659
20241117103731,1800,0.9424,0.02,26.04695,20241117103739
20241117103842,1800,0.907,0.008,30.87724,20241117103849
20241117103923,1800,0.8869,0.016,32.14322,20241117103929
20241117104033,1800,0.9772,0.0,28.71179,20241117104039
20241117104110,1800,0.9104,0.008,31.04091,20241117104119
20241117104221,1800,0.9298,0.02,23.71223,20241117104229
20241117104258,1800,0.9723,0.02,24.2424,20241117104259
20241117104409,1800,0.9231,0.008,31.92499,20241117104405
20241117104445,1800,0.835,0.016,23.23102,20241117104445
20241117104556,1800,0.8941,0.004,31.59626,20241117104555
20241117104637,1800,0.8875,0.012,23.27019,20241117104635
20241117104747,1800,0.9572,0.02,32.71675,20241117104745
20241117104825,1800,0.7995,0.016,23.48282,20241117104825
20241117104935,1800,0.9724,0.004,31.74314,20241117104935
20241117105012,1800,0.9478,0.008,31.59906,20241117105015
20241117105123,1800,0.8852,0.024,33.09445,20241117105126
20241117105201,1800,0.9295,0.008,31.26473,20241117105206
20241117105312,1800,0.8672,0.016,30.59887,20241117105316
20241117105353,1800,0.7758,0.032,27.89905,20241117105356
20241117105512,2000,0.9697,0.008,29.72317,20241117105516
20241117105549,2000,0.8379,0.012,23.3737,20241117105546
20241117105702,2000,0.8728,0.02,27.71999,20241117105706
20241117105740,2000,0.7861,0.024,29.25595,20241117105746
20241117105848,2000,0.9523,0.008,33.35743,20241117105846
20241117105925,2000,0.9823,0.004,23.46323,20241117105926
20241117110033,2000,0.9749,0.016,32.24813,20241117110036
20241117110110,2000,0.905,0.02,24.50539,20241117110116
20241117110219,2000,0.7668,0.016,31.45917,20241117110216
20241117110256,2000,0.9548,0.012,23.14709,20241117110256
20241117110409,2000,0.9772,0.0,32.5349,20241117110407
20241117110446,2000,0.898,0.008,24.0004,20241117110447
20241117110559,2000,0.9454,0.004,33.10284,20241117110557
20241117110636,2000,0.9275,0.02,24.56834,20241117110637
20241117110744,2000,0.9059,0.008,32.21316,20241117110747
20241117110820,2000,0.9127,0.0,24.34172,20241117110827
20241117110933,2000,0.9373,0.004,31.37664,20241117110937
20241117111009,2000,0.8161,0.036,23.2646,20241117111007
20241117111122,2000,0.7773,0.032,35.44035,20241117111127
20241117111157,2000,0.9747,0.02,23.51779,20241117111157
20241117111305,2000,0.9773,0.02,29.73856,20241117111307
20241117111339,2000,0.2593,0.04,24.26479,20241117111337
20241117111447,2000,0.9322,0.016,29.33149,20241117111447
20241117111524,2000,0.908,0.008,23.91087,20241117111527
20241117111632,2000,0.9152,0.012,33.1546,20241117111637
20241117111710,2000,0.9548,0.016,26.93662,20241117111717
20241117111819,2000,0.8791,0.012,27.63606,20241117111817
20241117111854,2000,0.7385,0.012,23.71503,20241117111857
20241117112002,2000,0.9123,0.012,31.90821,20241117112007
20241117112039,2000,0.8995,0.02,23.45624,20241117112038
20241117112147,2000,0.9121,0.016,27.9578,20241117112148
20241117112223,2000,0.7235,0.008,32.5363,20241117112228
20241117112335,2000,0.9823,0.0,33.87782,20241117112338
20241117112412,2000,0.9123,0.012,32.42579,20241117112418
20241117112525,2000,0.9696,0.008,33.33366,20241117112528
20241117112602,2000,0.9219,0.008,32.58806,20241117112608
20241117112710,2000,0.8905,0.004,23.23941,20241117112718
20241117112746,2000,0.86,0.012,31.73335,20241117112748
20241117112854,2000,0.9387,0.012,32.02851,20241117112858
20241117112932,2000,0.9343,0.004,32.51672,20241117112938
20241117113045,2000,0.9395,0.012,32.80488,20241117113048
20241117113122,2000,0.8847,0.012,24.79775,20241117113128
20241117113235,2000,0.96,0.012,32.11943,20241117113238
20241117113313,2000,0.896,0.016,31.99354,20241117113318
20241117113426,2000,0.9288,0.012,32.60484,20241117113428
20241117113503,2000,0.7895,0.024,31.93758,20241117113508
20241117113616,2000,0.8479,0.024,32.2859,20241117113618
20241117113652,2000,0.688,0.024,25.54615,20241117113658
20241117113800,2000,0.818,0.008,33.13781,20241117113809
20241117113836,2000,0.9219,0.016,28.04453,20241117113839
20241117113949,2000,0.9748,0.012,28.38026,20241117113949
20241117114025,2000,0.9252,0.016,26.81073,20241117114029
20241117114138,2000,0.9446,0.016,30.94858,20241117114139
20241117114215,2000,0.87,0.008,23.68146,20241117114219
20241117114323,2000,0.8725,0.004,26.69742,20241117114329
20241117114401,2000,0.7475,0.02,25.83572,20241117114409
20241117114509,2000,0.9192,0.012,29.65603,20241117114509
20241117114544,2000,0.7855,0.004,32.75872,20241117114549
20241117114653,2000,0.8781,0.012,29.45879,20241117114659
20241117114729,2000,0.7345,0.02,24.43685,20241117114729
20241117114837,2000,0.8296,0.012,33.22314,20241117114835
20241117114916,2000,0.7232,0.004,23.64369,20241117114915
20241117115029,2000,0.7164,0.024,29.5623,20241117115025
20241117115107,2000,0.7343,0.004,23.259,20241117115105
20241117115215,2000,0.7687,0.008,28.09349,20241117115215
20241117115252,2000,0.7462,0.004,30.36665,20241117115255
20241117115400,2000,0.9167,0.012,29.69659,20241117115405
20241117115437,2000,0.77,0.016,23.32894,20241117115435
20241117115545,2000,0.9048,0.004,31.24514,20241117115545
20241117115622,2000,0.6485,0.004,33.13921,20241117115625
20241117115730,2000,0.8164,0.012,33.63581,20241117115735
20241117115807,2000,0.7444,0.004,23.56115,20241117115805
20241117115915,2000,0.9444,0.004,32.60065,20241117115915
20241117115951,2000,0.7438,0.032,32.1628,20241117115955
20241117120104,2000,0.697,0.024,34.34924,20241117120105
20241117120140,2000,0.7071,0.008,32.10825,20241117120145
20241117120248,2000,0.7002,0.008,33.16019,20241117120246
20241117120326,2000,0.8953,0.008,23.78358,20241117120326
20241117120435,2000,0.6633,0.024,27.76056,20241117120436
20241117120510,2000,0.803,0.012,28.5733,20241117120516
20241117120618,2000,0.9597,0.0,30.51773,20241117120616
20241117120655,2000,0.8417,0.008,24.6173,20241117120656
20241117120803,2000,0.8759,0.004,31.77392,20241117120806
20241117120837,2000,0.1504,0.032,23.33454,20241117120836
20241117120950,2000,0.8496,0.016,28.60967,20241117120956
20241117121026,2000,0.696,0.028,23.38909,20241117121026
20241117121134,2000,0.802,0.012,32.70556,20241117121136
20241117121213,2000,0.7576,0.004,32.30968,20241117121216
20241117121321,2000,0.8109,0.02,27.98158,20241117121326
20241117121356,2000,0.9318,0.0,23.47862,20241117121356
20241117121510,2000,0.5511,0.016,26.86109,20241117121516
20241117121544,2000,0.9183,0.016,26.63167,20241117121546
20241117121653,2000,0.5792,0.016,30.69259,20241117121656
20241117121728,2000,0.7022,0.004,23.6241,20241117121726
20241117121841,2000,0.6692,0.028,32.62023,20241117121846
20241117121917,2000,0.894,0.004,23.61851,20241117121916
20241117122030,2000,0.9123,0.008,30.96397,20241117122036
20241117122106,2000,0.737,0.028,23.69125,20241117122106
20241117122214,2000,0.838,0.008,34.0205,20241117122216
20241117122248,2000,0.1005,0.044,23.2576,20241117122247
20241117122401,2000,0.5962,0.016,33.59944,20241117122407
20241117122437,2000,0.6781,0.016,23.57095,20241117122437
20241117122550,2000,0.5877,0.012,23.34293,20241117122557
20241117122626,2000,0.9158,0.02,24.21163,20241117122627
20241117122739,2000,0.9545,0.012,30.66321,20241117122737
20241117122816,2000,0.9169,0.016,24.25779,20241117122817
20241117122929,2000,0.9397,0.008,30.21837,20241117122927
20241117123007,2000,0.8271,0.012,23.47163,20241117123007
20241117123115,2000,0.9032,0.016,34.49192,20241117123117
20241117123154,2000,0.7548,0.012,28.79712,20241117123157
20241117123307,2000,0.7406,0.024,32.54889,20241117123307
20241117123343,2000,0.7449,0.012,31.59626,20241117123347
20241117123451,2000,0.7767,0.02,26.96181,20241117123457
20241117123526,2000,0.7451,0.012,24.27038,20241117123527
20241117123635,2000,0.4851,0.02,32.05089,20241117123638
20241117123711,2000,0.8561,0.004,25.00479,20241117123718
20241117123824,2000,0.8353,0.016,29.34967,20241117123828
20241117123901,2000,0.7519,0.008,26.45262,20241117123908
20241117124009,2000,0.8878,0.004,27.90464,20241117124008
20241117124045,2000,0.7375,0.028,28.85168,20241117124048
20241117124158,2000,0.6675,0.024,31.72356,20241117124158
20241117124234,2000,0.7487,0.02,31.87463,20241117124238
20241117124342,2000,0.6413,0.024,23.78917,20241117124348
20241117124420,2000,0.7657,0.02,26.56313,20241117124428
20241117124528,2000,0.8164,0.012,28.71739,20241117124529
20241117124603,2000,0.7575,0.012,27.50597,20241117124609
20241117124716,2000,0.9646,0.012,32.08167,20241117124719
20241117124753,2000,0.9052,0.012,26.38128,20241117124759
20241117124906,2000,0.9552,0.004,31.84246,20241117124909
20241117124945,2000,0.9183,0.004,31.81588,20241117124949
20241117125053,2000,0.9645,0.012,27.31852,20241117125059
20241117125130,2000,0.92,0.004,30.26593,20241117125139
20241117125242,2000,0.9798,0.008,26.58551,20241117125249
20241117125318,2000,0.9848,0.012,24.19344,20241117125319
20241117125431,2000,0.9797,0.004,27.86967,20241117125435
20241117125505,2000,0.9347,0.012,23.33733,20241117125505
20241117125613,2000,0.9495,0.02,34.05827,20241117125615
20241117125650,2000,0.9102,0.02,32.80768,20241117125655
20241117125758,2000,0.9847,0.008,30.44919,20241117125755
20241117125834,2000,0.9005,0.004,24.14448,20241117125835
20241117125942,2000,0.9723,0.008,31.58367,20241117125945
20241117130015,2000,0.6478,0.044,23.2506,20241117130015
20241117130124,2000,0.9052,0.008,28.69081,20241117130125
20241117130200,2000,0.8903,0.016,32.80908,20241117130205
20241117130308,2000,0.9722,0.012,30.86465,20241117130305
20241117130344,2000,0.9275,0.008,27.98578,20241117130345
20241117130452,2000,0.9723,0.008,29.28393,20241117130456
20241117130526,2000,0.2801,0.04,23.08974,20241117130526
20241117130634,2000,0.9298,0.012,34.78148,20241117130636
20241117130710,2000,0.7469,0.004,32.31528,20241117130716
20241117130823,2000,0.9525,0.0,30.86885,20241117130826
20241117130900,2000,0.9698,0.012,30.73735,20241117130906
20241117131013,2000,0.9673,0.004,29.46858,20241117131016
20241117131050,2000,0.9002,0.004,28.87266,20241117131056
20241117131203,2000,0.9722,0.004,31.77252,20241117131206
20241117131239,2000,0.92,0.02,23.42966,20241117131237
20241117131352,2000,0.9623,0.008,28.29213,20241117131357
20241117131428,2000,0.8942,0.012,23.14569,20241117131427
20241117131541,2000,0.9526,0.004,33.4022,20241117131547
20241117131618,2000,0.9095,0.016,24.59492,20241117131617
20241117131730,2000,0.9848,0.008,36.02228,20241117131737
20241117131808,2000,0.8246,0.016,24.28577,20241117131807
20241117131920,2000,0.9873,0.0,27.93542,20241117131927
20241117131956,2000,0.9748,0.016,25.26078,20241117131957
20241117132109,2000,0.9723,0.004,33.46375,20241117132107
20241117132146,2000,0.901,0.008,26.01617,20241117132147
20241117132259,2000,0.9697,0.008,27.8305,20241117132258
20241117132335,2000,0.9194,0.012,29.26714,20241117132338
20241117132448,2000,0.9497,0.012,32.51672,20241117132448
20241117132526,2000,0.8698,0.008,30.04072,20241117132528
20241117132634,2000,0.8713,0.004,28.18722,20241117132638
20241117132709,2000,0.4255,0.028,23.44225,20241117132708
20241117132822,2000,0.9823,0.0,35.02069,20241117132828
20241117132858,2000,0.965,0.024,23.57514,20241117132858
20241117133011,2000,0.9749,0.004,27.79273,20241117133018
20241117133048,2000,0.9772,0.008,24.01859,20241117133048
20241117133156,2000,0.9077,0.008,34.49332,20241117133158
20241117133232,2000,0.8522,0.008,29.39024,20241117133238
20241117133340,2000,0.8702,0.02,33.0259,20241117133348
20241117133417,2000,0.7708,0.008,30.57089,20241117133419
20241117133524,2000,0.9395,0.016,27.57591,20241117133529
20241117133600,2000,0.7653,0.008,28.37746,20241117133609
20241117133708,2000,0.9314,0.008,27.72699,20241117133709
20241117133744,2000,0.7257,0.012,32.83426,20241117133749
20241117133857,2000,0.9219,0.012,33.69736,20241117133859
20241117133934,2000,0.7662,0.02,32.64821,20241117133939
20241117134046,2000,0.9848,0.004,33.24972,20241117134049
20241117134124,2000,0.8375,0.012,28.68661,20241117134129
20241117134232,2000,0.9671,0.008,23.49121,20241117134239
20241117134308,2000,0.9062,0.012,24.00879,20241117134309
20241117134421,2000,0.9848,0.004,32.74194,20241117134429
20241117134458,2000,0.9007,0.008,24.95723,20241117134454
20241117134611,2000,0.9698,0.004,32.05369,20241117134615
20241117134647,2000,0.8589,0.02,23.51499,20241117134645
20241117134800,2000,0.8859,0.016,32.58526,20241117134805
20241117134836,2000,0.845,0.024,23.35272,20241117134835
20241117134949,2000,0.907,0.024,32.18938,20241117134945
20241117135025,2000,0.7475,0.028,23.55976,20241117135025
20241117135137,2000,0.9749,0.0,31.50113,20241117135135
20241117135214,2000,0.9772,0.012,23.2506,20241117135215
20241117135332,2200,0.9848,0.0,32.67339,20241117135335
20241117135407,2200,0.7802,0.004,23.57374,20241117135405
20241117135514,2200,0.8872,0.012,33.98693,20241117135515
20241117135548,2200,0.3975,0.032,23.53038,20241117135545
20241117135700,2200,0.9394,0.012,28.48797,20241117135706
20241117135733,2200,0.9303,0.0,31.88722,20241117135736
20241117135845,2200,0.9246,0.02,30.30231,20241117135846
20241117135919,2200,0.9107,0.016,24.92225,20241117135916
20241117140031,2200,0.8442,0.028,36.88818,20241117140036
20241117140103,2200,0.861,0.012,26.68903,20241117140106
20241117140214,2200,0.9625,0.0,32.99792,20241117140216
20241117140250,2200,0.898,0.016,24.58792,20241117140256
20241117140402,2200,0.9194,0.008,33.0329,20241117140406
20241117140435,2200,0.8947,0.008,25.77836,20241117140436
20241117140546,2200,0.9824,0.004,29.95818,20241117140547
20241117140620,2200,0.7494,0.012,26.21201,20241117140627
20241117140731,2200,0.9674,0.012,37.93314,20241117140737
20241117140806,2200,0.8983,0.008,23.71922,20241117140807
20241117140918,2200,0.8284,0.012,30.17361,20241117140917
20241117140950,2200,0.8975,0.016,26.50158,20241117140957
20241117141102,2200,0.7895,0.028,33.2805,20241117141107
20241117141135,2200,0.787,0.008,26.90585,20241117141137
20241117141246,2200,0.9798,0.004,30.00015,20241117141247
20241117141318,2200,0.9723,0.004,23.56675,20241117141317
20241117141430,2200,0.9527,0.004,32.14602,20241117141437
20241117141502,2200,0.9244,0.008,33.2735,20241117141507
20241117141614,2200,0.742,0.012,30.0673,20241117141617
20241117141646,2200,0.7582,0.008,27.41504,20241117141647
20241117141757,2200,0.9722,0.008,29.12865,20241117141757
20241117141830,2200,0.701,0.004,26.29315,20241117141837
20241117141941,2200,0.9194,0.016,32.60205,20241117141947
20241117142013,2200,0.8967,0.02,33.51131,20241117142018
20241117142125,2200,0.7383,0.02,33.21895,20241117142128
20241117142157,2200,0.7618,0.008,24.56834,20241117142158
20241117142308,2200,0.9797,0.0,31.26333,20241117142308
20241117142342,2200,0.7677,0.02,29.23497,20241117142348
20241117142453,2200,0.9549,0.012,34.03449,20241117142458
20241117142526,2200,0.915,0.0,32.55169,20241117142528
20241117142638,2200,0.7574,0.028,29.63924,20241117142638
20241117142710,2200,0.7769,0.016,24.16267,20241117142718
20241117142822,2200,0.7068,0.028,23.85911,20241117142828
20241117142856,2200,0.7475,0.008,30.40442,20241117142858
20241117143007,2200,0.9672,0.008,32.86224,20241117143008
20241117143039,2200,0.9181,0.012,24.58652,20241117143038
20241117143151,2200,0.9771,0.0079,23.53737,20241117143158
20241117143223,2200,0.9449,0.008,33.7687,20241117143228
20241117143335,2200,0.9552,0.012,29.89244,20241117143339
20241117143408,2200,0.935,0.008,23.42267,20241117143409
20241117143520,2200,0.8238,0.024,33.09445,20241117143529
20241117143551,2200,0.7706,0.036,24.87329,20241117143559
20241117143702,2200,0.927,0.0,34.46814,20241117143709
20241117143735,2200,0.9039,0.0,28.9454,20241117143739
20241117143847,2200,0.952,0.012,32.22295,20241117143849
20241117143921,2200,0.8808,0.024,28.44181,20241117143929
20241117144032,2200,0.9748,0.0,32.57827,20241117144039
20241117144106,2200,0.7525,0.024,27.35349,20241117144109
20241117144217,2200,0.9547,0.016,33.16159,20241117144219
20241117144250,2200,0.8878,0.012,30.14144,20241117144259
20241117144402,2200,0.8287,0.02,34.22054,20241117144409
20241117144434,2200,0.8358,0.008,33.49872,20241117144439
20241117144545,2200,0.9577,0.0,29.22937,20241117144545
20241117144619,2200,0.7095,0.02,27.93262,20241117144615
20241117144730,2200,0.895,0.016,31.88303,20241117144735
20241117144802,2200,0.8914,0.012,28.93002,20241117144805
20241117144914,2200,0.7295,0.02,35.36202,20241117144915
20241117144947,2200,0.7913,0.012,24.08713,20241117144945
20241117145058,2200,0.9431,0.012,32.7853,20241117145055
20241117145130,2200,0.927,0.0079,34.30867,20241117145135
20241117145242,2200,0.8103,0.02,29.09928,20241117145246
20241117145315,2200,0.8145,0.016,23.46743,20241117145316
20241117145427,2200,0.7027,0.024,28.75795,20241117145426
20241117145459,2200,0.6691,0.008,25.49299,20241117145456
20241117145611,2200,0.7032,0.02,33.48893,20241117145616
20241117145644,2200,0.7748,0.02,24.41726,20241117145646
20241117145755,2200,0.9696,0.008,29.39444,20241117145756
20241117145828,2200,0.7915,0.008,24.71522,20241117145826
20241117145939,2200,0.938,0.016,32.68598,20241117145936
20241117150011,2200,0.9152,0.0119,28.10608,20241117150016
20241117150123,2200,0.9192,0.036,31.73475,20241117150126
20241117150155,2200,0.8781,0.012,24.22562,20241117150156
20241117150307,2200,0.8628,0.028,32.79509,20241117150306
20241117150339,2200,0.8054,0.008,23.82274,20241117150336
20241117150451,2200,0.5542,0.02,35.32285,20241117150456
20241117150526,2200,0.725,0.024,24.16547,20241117150526
20241117150637,2200,0.9461,0.0,29.48676,20241117150636
20241117150713,2200,0.9158,0.02,29.78612,20241117150716
20241117150825,2200,0.904,0.02,32.82167,20241117150826
20241117150857,2200,0.8917,0.004,24.41167,20241117150856
20241117151009,2200,0.7783,0.024,33.10144,20241117151007
20241117151040,2200,0.8647,0.016,26.30713,20241117151047
20241117151152,2200,0.7544,0.012,33.64001,20241117151157
20241117151224,2200,0.8204,0.02,28.65863,20241117151227
20241117151335,2200,0.9698,0.004,35.12421,20241117151337
20241117151409,2200,0.7259,0.02,26.08471,20241117151407
20241117151516,2200,0.5644,0.016,35.24171,20241117151517
20241117151549,2200,0.1869,0.056,24.39768,20241117151547
20241117151701,2200,0.7376,0.032,33.61762,20241117151707
20241117151734,2200,0.7531,0.024,25.42864,20241117151737
20241117151845,2200,0.9447,0.008,34.34364,20241117151847
20241117151917,2200,0.8975,0.008,23.98082,20241117151917
20241117152029,2200,0.6488,0.028,28.69361,20241117152027
20241117152102,2200,0.7413,0.024,33.72953,20241117152108
20241117152213,2200,0.8802,0.016,28.90903,20241117152218
20241117152245,2200,0.8972,0.016,29.95958,20241117152248
20241117152357,2200,0.6919,0.02,28.54672,20241117152358
20241117152430,2200,0.7175,0.012,27.45141,20241117152438
20241117152542,2200,0.7246,0.02,31.87883,20241117152548
20241117152616,2200,0.7136,0.044,24.52497,20241117152618
20241117152728,2200,0.6244,0.02,28.39705,20241117152728
20241117152802,2200,0.7032,0.012,25.3629,20241117152808
20241117152914,2200,0.5672,0.016,34.09744,20241117152918
20241117152948,2200,0.7935,0.016,23.81435,20241117152948
20241117153059,2200,0.9499,0.012,28.50756,20241117153058
20241117153132,2200,0.799,0.004,26.16445,20241117153138
20241117153243,2200,0.6265,0.028,24.35991,20241117153249
20241117153317,2200,0.8015,0.016,24.70263,20241117153319
20241117153428,2200,0.898,0.008,29.47977,20241117153429
20241117153501,2200,0.8526,0.012,24.52078,20241117153509
20241117153613,2200,0.7065,0.028,24.42006,20241117153619
20241117153645,2200,0.7786,0.008,28.34809,20241117153649
20241117153757,2200,0.4554,0.016,32.55868,20241117153759
20241117153830,2200,0.74,0.036,28.29353,20241117153839
20241117153941,2200,0.7857,0.02,33.58825,20241117153949
20241117154013,2200,0.8546,0.02,31.35425,20241117154019
20241117154125,2200,0.5976,0.024,33.16579,20241117154129
20241117154157,2200,0.7293,0.004,30.11486,20241117154159
20241117154309,2200,0.4593,0.016,35.72432,20241117154309
20241117154341,2200,0.7864,0.02,26.41485,20241117154344
20241117154452,2200,0.9271,0.012,33.1546,20241117154455
20241117154527,2200,0.7377,0.016,23.43246,20241117154525
20241117154634,2200,0.5356,0.016,34.91158,20241117154635
20241117154707,2200,0.1072,0.044,24.64947,20241117154705
20241117154819,2200,0.8682,0.016,29.74835,20241117154815
20241117154851,2200,0.9697,0.024,25.17405,20241117154855
20241117155003,2200,0.9873,0.0,33.68757,20241117155005
20241117155036,2200,0.9426,0.004,23.49121,20241117155035
20241117155147,2200,0.9721,0.008,34.18277,20241117155145
20241117155221,2200,0.9171,0.0,32.82027,20241117155225
20241117155333,2200,0.9201,0.012,30.21138,20241117155335
20241117155405,2200,0.93,0.012,23.69684,20241117155405
20241117155512,2200,0.9246,0.008,31.23815,20241117155516
20241117155544,2200,0.9572,0.008,24.26059,20241117155546
20241117155656,2200,0.9848,0.0,29.22098,20241117155656
20241117155729,2200,0.9349,0.008,23.74021,20241117155726
20241117155841,2200,0.9848,0.012,34.75771,20241117155846
20241117155913,2200,0.9797,0.016,31.24514,20241117155916
20241117160025,2200,0.9443,0.0,29.61546,20241117160026
20241117160057,2200,0.9577,0.028,24.72921,20241117160056
20241117160209,2200,0.9672,0.008,31.83267,20241117160206
20241117160242,2200,0.9395,0.012,28.67962,20241117160246
20241117160353,2200,0.9673,0.016,32.86923,20241117160356
20241117160427,2200,0.8866,0.016,23.5066,20241117160426
20241117160538,2200,0.9799,0.004,29.40423,20241117160537
20241117160610,2200,0.9646,0.016,26.74078,20241117160617
20241117160722,2200,0.9749,0.004,33.14621,20241117160727
20241117160753,2200,0.5801,0.032,26.14207,20241117160757
20241117160905,2200,0.9623,0.008,33.46375,20241117160907
20241117160937,2200,0.9273,0.016,23.48421,20241117160937
20241117161048,2200,0.9622,0.008,29.26435,20241117161047
20241117161120,2200,0.8456,0.008,26.90165,20241117161127
20241117161231,2200,0.9823,0.012,28.15504,20241117161237
20241117161303,2200,0.6444,0.016,24.27458,20241117161307
20241117161415,2200,0.9231,0.016,30.88004,20241117161417
20241117161448,2200,0.8946,0.008,23.55836,20241117161447
20241117161600,2200,0.9043,0.024,32.96296,20241117161607
20241117161632,2200,0.8803,0.012,26.32392,20241117161637
20241117161743,2200,0.9848,0.004,33.398,20241117161748
20241117161815,2200,0.8146,0.008,28.66283,20241117161818
20241117161926,2200,0.9824,0.008,35.46553,20241117161928
20241117161959,2200,0.9547,0.004,24.42146,20241117161958
20241117162111,2200,0.9671,0.004,33.42039,20241117162118
20241117162143,2200,0.8963,0.016,34.2639,20241117162148
20241117162254,2200,0.9848,0.004,28.79712,20241117162258
20241117162328,2200,0.9022,0.016,23.39609,20241117162328
20241117162440,2200,0.9723,0.0,25.44823,20241117162448
20241117162514,2200,0.9747,0.016,33.95895,20241117162518
20241117162626,2200,0.9152,0.012,32.08027,20241117162628
20241117162658,2200,0.8213,0.024,24.7432,20241117162658
20241117162809,2200,0.965,0.004,34.55766,20241117162808
20241117162842,2200,0.937,0.0,26.78275,20241117162848
20241117162949,2200,0.9125,0.012,33.68477,20241117162948
20241117163021,2200,0.9573,0.008,27.5801,20241117163029
20241117163133,2200,0.9673,0.0,36.35661,20241117163139
20241117163206,2200,0.9002,0.004,32.34046,20241117163209
20241117163318,2200,0.9091,0.012,32.67759,20241117163319
20241117163350,2200,0.9198,0.016,33.76591,20241117163359
20241117163502,2200,0.8878,0.024,34.09044,20241117163509
20241117163534,2200,0.8286,0.008,34.08065,20241117163539
20241117163645,2200,0.9306,0.008,32.22995,20241117163649
20241117163717,2200,0.7457,0.008,26.36589,20241117163719
20241117163828,2200,0.9625,0.004,35.00391,20241117163829
20241117163900,2200,0.9625,0.024,28.32011,20241117163909
20241117164012,2200,0.9622,0.008,32.4048,20241117164019
20241117164045,2200,0.7878,0.012,34.29188,20241117164049
20241117164156,2200,0.9824,0.008,29.87005,20241117164154
20241117164229,2200,0.9449,0.012,26.2218,20241117164225
20241117164341,2200,0.9673,0.0,28.12986,20241117164345
20241117164413,2200,0.9323,0.016,24.44944,20241117164415
20241117164525,2200,0.9551,0.008,34.27369,20241117164525
20241117164559,2200,0.9298,0.02,27.9592,20241117164555
20241117164716,2300,0.9366,0.008,29.86306,20241117164715
20241117164748,2300,0.8166,0.016,23.999,20241117164745
20241117164859,2300,0.9323,0.012,31.68859,20241117164855
20241117164931,2300,0.7909,0.012,34.35063,20241117164935
20241117165041,2300,0.9673,0.004,33.86243,20241117165045
20241117165113,2300,0.9029,0.012,32.91679,20241117165115
20241117165224,2300,0.9725,0.0,36.49929,20241117165226
20241117165256,2300,0.9316,0.016,24.59492,20241117165256
20241117165407,2300,0.9873,0.0,30.39603,20241117165406
20241117165439,2300,0.9219,0.016,25.16846,20241117165436
20241117165550,2300,0.9749,0.008,34.43736,20241117165556
20241117165622,2300,0.9127,0.004,24.7474,20241117165626
20241117165733,2300,0.9674,0.008,33.69177,20241117165736
20241117165804,2300,0.86,0.02,30.82828,20241117165806
20241117165915,2300,0.9695,0.008,36.08103,20241117165916
20241117165948,2300,0.8358,0.012,24.75719,20241117165946
20241117170059,2300,0.9146,0.004,35.22772,20241117170056
20241117170131,2300,0.783,0.016,27.5815,20241117170136
20241117170242,2300,0.9648,0.004,33.72813,20241117170247
20241117170317,2300,0.8554,0.012,23.77098,20241117170317
20241117170423,2300,0.9697,0.008,28.89644,20241117170427
20241117170454,2300,0.8225,0.02,32.60624,20241117170457
20241117170600,2300,0.9118,0.008,25.08872,20241117170607
20241117170633,2300,0.4988,0.048,28.68242,20241117170637
20241117170744,2300,0.9848,0.0,33.25672,20241117170747
20241117170816,2300,0.9672,0.008,24.58513,20241117170817
20241117170928,2300,0.8763,0.028,29.96798,20241117170927
20241117171000,2300,0.7654,0.016,25.66226,20241117171007
20241117171111,2300,0.8722,0.016,33.84564,20241117171117
20241117171144,2300,0.7861,0.016,27.75916,20241117171147
20241117171255,2300,0.8753,0.024,33.95195,20241117171257
20241117171328,2300,0.802,0.008,23.92766,20241117171328
20241117171439,2300,0.905,0.016,29.36506,20241117171438
20241117171510,2300,0.802,0.02,24.00879,20241117171518
20241117171621,2300,0.7836,0.02,34.46674,20241117171628
20241117171653,2300,0.9572,0.016,29.97637,20241117171658
20241117171805,2300,0.7284,0.024,32.09985,20241117171808
20241117171837,2300,0.9175,0.004,24.36551,20241117171838
20241117171948,2300,0.9696,0.0,29.21119,20241117171948
20241117172021,2300,0.8818,0.008,26.31553,20241117172028
20241117172132,2300,0.9672,0.008,32.4146,20241117172138
20241117172204,2300,0.8922,0.02,33.86382,20241117172208
20241117172315,2300,0.9403,0.012,28.24177,20241117172318
20241117172347,2300,0.7707,0.016,24.34312,20241117172348
20241117172458,2300,0.9647,0.004,28.51035,20241117172458
20241117172529,2300,0.8338,0.008,23.76679,20241117172528
20241117172640,2300,0.9242,0.016,33.69876,20241117172648
20241117172712,2300,0.7637,0.024,26.8429,20241117172718
20241117172822,2300,0.9623,0.012,34.79967,20241117172829
20241117172854,2300,0.9052,0.012,32.4062,20241117172859
20241117173005,2300,0.9525,0.008,31.16121,20241117173009
20241117173037,2300,0.903,0.016,24.45923,20241117173039
20241117173149,2300,0.709,0.016,33.71135,20241117173149
20241117173223,2300,0.9348,0.012,35.49071,20241117173229
20241117173334,2300,0.9645,0.008,35.04028,20241117173339
20241117173407,2300,0.8387,0.012,33.50431,20241117173409
20241117173518,2300,0.9229,0.012,28.40264,20241117173519
20241117173550,2300,0.77,0.012,26.39946,20241117173559
20241117173701,2300,0.84,0.024,33.66379,20241117173709
20241117173733,2300,0.7375,0.016,26.82472,20241117173739
20241117173844,2300,0.8304,0.016,32.0467,20241117173849
20241117173916,2300,0.7513,0.004,26.5897,20241117173919
20241117174027,2300,0.704,0.032,34.20235,20241117174029
20241117174058,2300,0.7581,0.02,23.96403,20241117174054
20241117174209,2300,0.7037,0.024,32.43698,20241117174205
20241117174242,2300,0.74,0.028,26.56313,20241117174245
20241117174353,2300,0.9416,0.02,32.55868,20241117174355
20241117174427,2300,0.7621,0.012,23.65908,20241117174425
20241117174533,2300,0.955,0.0,33.20916,20241117174535
20241117174604,2300,0.782,0.004,24.46342,20241117174605
20241117174715,2300,0.8603,0.012,28.48098,20241117174715
20241117174747,2300,0.7096,0.028,23.44505,20241117174745
20241117174858,2300,0.7595,0.024,34.94096,20241117174855
20241117174931,2300,0.732,0.016,34.36602,20241117174935
20241117175042,2300,0.6568,0.032,29.75115,20241117175046
20241117175113,2300,0.9202,0.016,30.61285,20241117175116
20241117175225,2300,0.7037,0.024,35.86561,20241117175226
20241117175255,2300,0.8582,0.008,25.14327,20241117175256
20241117175406,2300,0.9673,0.0,32.26492,20241117175406
20241117175440,2300,0.8125,0.016,24.55855,20241117175446
20241117175551,2300,0.9648,0.004,35.21373,20241117175556
20241117175624,2300,0.8875,0.008,29.18321,20241117175626
20241117175735,2300,0.8511,0.008,36.30765,20241117175736
20241117175807,2300,0.7132,0.02,24.39068,20241117175806
20241117175918,2300,0.6035,0.024,29.10907,20241117175916
20241117175949,2300,0.9104,0.016,24.18785,20241117175946
20241117180100,2300,0.9497,0.004,33.04269,20241117180106
20241117180133,2300,0.7841,0.004,25.56154,20241117180136
20241117180244,2300,0.7811,0.012,32.12503,20241117180246
20241117180316,2300,0.6923,0.02,24.248,20241117180316
20241117180427,2300,0.866,0.02,30.12745,20241117180427
20241117180501,2300,0.7456,0.004,33.86243,20241117180507
20241117180612,2300,0.8672,0.024,27.08491,20241117180617
20241117180646,2300,0.7531,0.012,24.51378,20241117180647
20241117180757,2300,0.8603,0.028,30.39883,20241117180757
20241117180832,2300,0.7758,0.016,34.42757,20241117180837
20241117180943,2300,0.7794,0.02,35.86281,20241117180947
20241117181015,2300,0.7332,0.008,32.99513,20241117181017
20241117181126,2300,0.8561,0.02,34.50731,20241117181127
20241117181158,2300,0.7409,0.012,24.42426,20241117181157
20241117181309,2300,0.7313,0.012,30.15542,20241117181307
20241117181341,2300,0.7406,0.02,24.36271,20241117181347
20241117181452,2300,0.7289,0.032,32.75592,20241117181457
20241117181524,2300,0.7235,0.008,24.19344,20241117181527
20241117181635,2300,0.5558,0.02,27.68922,20241117181638
20241117181707,2300,0.7388,0.012,23.6311,20241117181708
20241117181818,2300,0.62,0.024,30.02813,20241117181818
20241117181850,2300,0.7569,0.012,33.31407,20241117181858
20241117182000,2300,0.9649,0.0,34.25551,20241117182008
20241117182032,2300,0.86,0.008,29.17202,20241117182038
20241117182143,2300,0.9576,0.004,38.30664,20241117182148
20241117182215,2300,0.895,0.012,32.0467,20241117182218
20241117182326,2300,0.9254,0.012,34.85842,20241117182328
20241117182359,2300,0.777,0.024,23.71363,20241117182358
20241117182510,2300,0.9298,0.016,33.64421,20241117182518
20241117182541,2300,0.7864,0.016,26.68343,20241117182548
20241117182652,2300,0.7146,0.012,35.24451,20241117182658
20241117182724,2300,0.7167,0.012,34.20095,20241117182728
20241117182835,2300,0.76,0.02,31.51373,20241117182838
20241117182907,2300,0.7944,0.02,24.61031,20241117182909
20241117183017,2300,0.9672,0.0,35.90058,20241117183019
20241117183050,2300,0.8892,0.008,33.49453,20241117183059
20241117183201,2300,0.9475,0.008,33.97154,20241117183209
20241117183233,2300,0.7839,0.004,29.59867,20241117183239
20241117183344,2300,0.895,0.024,32.97974,20241117183349
20241117183417,2300,0.7905,0.016,27.20241,20241117183419
20241117183528,2300,0.7118,0.024,33.93657,20241117183529
20241117183600,2300,0.7644,0.004,30.03652,20241117183609
20241117183711,2300,0.6599,0.024,33.17838,20241117183719
20241117183743,2300,0.7794,0.012,24.55715,20241117183749
20241117183854,2300,0.6725,0.02,37.9807,20241117183859
20241117183926,2300,0.7395,0.016,23.89688,20241117183929
20241117184037,2300,0.5906,0.024,33.24553,20241117184039
20241117184109,2300,0.782,0.004,24.47322,20241117184109
20241117184215,2300,0.6914,0.024,31.33747,20241117184219
20241117184249,2300,0.4453,0.028,28.7006,20241117184245
20241117184359,2300,0.9623,0.0,27.32271,20241117184355
20241117184431,2300,0.8557,0.012,24.08573,20241117184435
20241117184542,2300,0.8511,0.016,33.91138,20241117184545
20241117184614,2300,0.7345,0.008,24.70683,20241117184615
20241117184725,2300,0.646,0.016,31.48994,20241117184725
20241117184758,2300,0.7494,0.024,23.58633,20241117184755
20241117184909,2300,0.5136,0.024,34.60383,20241117184905
20241117184940,2300,0.8844,0.024,34.04848,20241117184945
20241117185051,2300,0.9601,0.008,32.79369,20241117185055
20241117185122,2300,0.4939,0.02,32.05369,20241117185125
20241117185233,2300,0.9625,0.008,35.74251,20241117185235
20241117185305,2300,0.9673,0.008,24.61171,20241117185305
20241117185416,2300,0.9873,0.008,34.87381,20241117185416
20241117185448,2300,0.9032,0.012,23.28278,20241117185446
20241117185559,2300,0.9799,0.0,31.9236,20241117185556
20241117185630,2300,0.9148,0.004,27.95221,20241117185636
20241117185741,2300,0.97,0.0,31.12204,20241117185746
20241117185814,2300,0.9171,0.012,29.8099,20241117185816
20241117185925,2300,0.9873,0.0,30.30091,20241117185926
20241117185957,2300,0.927,0.012,24.45363,20241117185956
20241117190108,2300,0.9874,0.004,35.22213,20241117190106
20241117190140,2300,0.9123,0.02,26.51697,20241117190146
20241117190251,2300,0.9747,0.0,33.56727,20241117190256
20241117190324,2300,0.9109,0.004,30.97236,20241117190326
20241117190430,2300,0.9848,0.004,35.32005,20241117190436
20241117190504,2300,0.2313,0.048,28.8251,20241117190506
20241117190615,2300,0.9675,0.004,34.74371,20241117190617
20241117190647,2300,0.9125,0.016,23.79616,20241117190647
20241117190758,2300,0.9749,0.012,30.00994,20241117190757
20241117190830,2300,0.925,0.004,27.22619,20241117190837
20241117190941,2300,0.9526,0.008,25.69163,20241117190947
20241117191014,2300,0.901,0.016,25.88607,20241117191017
20241117191125,2300,0.9599,0.008,31.16821,20241117191127
20241117191157,2300,0.88,0.016,23.61571,20241117191157
20241117191308,2300,0.9647,0.008,31.6704,20241117191307
20241117191340,2300,0.9012,0.056,27.02895,20241117191347
20241117191452,2300,0.9526,0.012,32.19497,20241117191457
20241117191523,2300,0.9772,0.008,24.68584,20241117191527
20241117191634,2300,0.9576,0.012,28.80132,20241117191637
20241117191706,2300,0.8522,0.012,24.75859,20241117191707
20241117191817,2300,0.9525,0.008,28.83349,20241117191818
20241117191849,2300,0.9796,0.016,23.76399,20241117191848
20241117192000,2300,0.9701,0.0,35.03468,20241117192008
20241117192031,2300,0.7666,0.004,26.95901,20241117192038
20241117192142,2300,0.975,0.004,33.49313,20241117192148
20241117192216,2300,0.9698,0.016,31.26333,20241117192218
20241117192327,2300,0.9874,0.004,29.91622,20241117192328
20241117192400,2300,0.9575,0.02,32.17259,20241117192408
20241117192511,2300,0.9823,0.0,35.17736,20241117192518
20241117192543,2300,0.9295,0.024,30.68979,20241117192548
20241117192654,2300,0.9723,0.004,32.54329,20241117192658
20241117192727,2300,0.9042,0.0,26.82192,20241117192728
20241117192833,2300,0.9823,0.012,34.61362,20241117192839
20241117192905,2300,0.8992,0.012,25.72241,20241117192909
20241117193011,2300,0.9798,0.012,35.60262,20241117193019
20241117193042,2300,0.9646,0.02,25.94902,20241117193049
20241117193149,2300,0.8953,0.008,31.61724,20241117193149
20241117193222,2300,0.3473,0.048,25.11949,20241117193229
20241117193333,2300,0.9824,0.012,36.65877,20241117193339
20241117193405,2300,0.9525,0.012,25.67205,20241117193409
20241117193516,2300,0.9924,0.004,33.94636,20241117193519
20241117193549,2300,0.9057,0.0,23.60732,20241117193549
20241117193700,2300,0.9696,0.0,37.7359,20241117193709
20241117193732,2300,0.804,0.004,26.90725,20241117193739
20241117193847,2500,0.9649,0.004,35.6348,20241117193849
20241117193919,2500,0.8978,0.004,24.92785,20241117193919
20241117194029,2500,0.95,0.012,32.58666,20241117194025
20241117194100,2500,0.92,0.012,35.84742,20241117194105
20241117194210,2500,0.8771,0.012,28.56911,20241117194215
20241117194241,2500,0.9303,0.008,27.74237,20241117194245
20241117194351,2500,0.9723,0.0,29.23637,20241117194355
20241117194422,2500,0.8892,0.008,29.85467,20241117194425
20241117194532,2500,0.9171,0.012,35.93835,20241117194535
20241117194606,2500,0.925,0.012,23.71922,20241117194605
20241117194716,2500,0.9501,0.012,32.37823,20241117194715
20241117194749,2500,0.8191,0.016,23.757,20241117194745
20241117194859,2500,0.9699,0.008,32.68878,20241117194855
20241117194931,2500,0.9107,0.008,35.40258,20241117194935
20241117195041,2500,0.9747,0.0,26.20362,20241117195045
20241117195113,2500,0.8692,0.024,31.10666,20241117195116
20241117195223,2500,0.965,0.008,31.80609,20241117195226
20241117195255,2500,0.9221,0.012,23.84513,20241117195256
20241117195405,2500,0.9674,0.004,32.24813,20241117195406
20241117195436,2500,0.8521,0.004,24.35012,20241117195436
20241117195546,2500,0.9552,0.008,31.35286,20241117195546
20241117195619,2500,0.9273,0.004,24.52917,20241117195616
20241117195729,2500,0.9724,0.0,36.33563,20241117195726
20241117195801,2500,0.8983,0.032,35.22772,20241117195806
20241117195911,2500,0.9698,0.008,26.42044,20241117195916
20241117195943,2500,0.9773,0.012,28.09209,20241117195946
20241117200054,2500,0.8797,0.02,30.00295,20241117200056
20241117200126,2500,0.8828,0.012,24.64388,20241117200126
20241117200236,2500,0.9141,0.016,34.24292,20241117200237
20241117200306,2500,0.965,0.012,24.57114,20241117200307
20241117200416,2500,0.9651,0.0,37.20013,20241117200417
20241117200448,2500,0.9254,0.028,23.78218,20241117200447
20241117200558,2500,0.8717,0.012,33.34345,20241117200557
20241117200630,2500,0.9225,0.008,27.06812,20241117200637
20241117200740,2500,0.8536,0.016,23.76679,20241117200747
20241117200811,2500,0.9248,0.016,27.63047,20241117200817
20241117200921,2500,0.9674,0.0,35.70194,20241117200927
20241117200951,2500,0.781,0.02,27.32131,20241117200957
20241117201101,2500,0.9577,0.004,36.63778,20241117201107
20241117201134,2500,0.9046,0.004,25.40906,20241117201137
20241117201244,2500,0.9724,0.004,33.20636,20241117201247
20241117201316,2500,0.8765,0.004,24.77118,20241117201317
20241117201426,2500,0.9697,0.012,37.16236,20241117201428
20241117201459,2500,0.9394,0.004,23.77238,20241117201458
20241117201609,2500,0.9626,0.0,29.46438,20241117201608
20241117201642,2500,0.9142,0.0,34.98152,20241117201648
20241117201752,2500,0.9773,0.0,35.66417,20241117201758
20241117201825,2500,0.801,0.008,32.29569,20241117201828
20241117201935,2500,0.9696,0.012,31.96696,20241117201938
20241117202007,2500,0.9217,0.012,24.63409,20241117202008
20241117202117,2500,0.9698,0.0,37.15536,20241117202118
20241117202149,2500,0.898,0.024,24.89288,20241117202148
20241117202259,2500,0.9577,0.008,36.25589,20241117202258
20241117202330,2500,0.9474,0.004,28.86287,20241117202339
20241117202440,2500,0.9701,0.008,35.15079,20241117202449
20241117202513,2500,0.7826,0.004,31.96136,20241117202519
20241117202623,2500,0.9424,0.012,24.10811,20241117202629
20241117202655,2500,0.9327,0.008,27.10449,20241117202659
20241117202805,2500,0.9346,0.0,30.14004,20241117202809
20241117202838,2500,0.9398,0.004,24.27038,20241117202839
20241117202948,2500,0.9722,0.0,37.02947,20241117202949
20241117203021,2500,0.8462,0.008,35.07245,20241117203029
20241117203131,2500,0.9622,0.012,37.96951,20241117203139
20241117203203,2500,0.803,0.02,27.26536,20241117203209
20241117203313,2500,0.9624,0.008,36.84761,20241117203319
20241117203346,2500,0.76,0.016,27.28354,20241117203349
20241117203456,2500,0.7764,0.02,30.45758,20241117203455
20241117203530,2500,0.802,0.024,32.38382,20241117203535
20241117203640,2500,0.9045,0.012,37.16236,20241117203645
20241117203713,2500,0.9252,0.008,28.41803,20241117203715
20241117203823,2500,0.9697,0.0,35.09064,20241117203825
20241117203857,2500,0.7797,0.024,23.90668,20241117203855
20241117204007,2500,0.6792,0.028,30.8031,20241117204005
20241117204040,2500,0.7775,0.008,31.16121,20241117204045
20241117204150,2500,0.8667,0.024,34.20655,20241117204155
20241117204223,2500,0.8837,0.016,31.37244,20241117204225
20241117204333,2500,0.9721,0.008,28.72858,20241117204335
20241117204405,2500,0.9125,0.012,25.05235,20241117204406
20241117204515,2500,0.9722,0.0,36.88958,20241117204516
20241117204548,2500,0.7727,0.004,23.71083,20241117204546
20241117204658,2500,0.6914,0.02,30.42121,20241117204656
20241117204731,2500,0.8225,0.024,33.46655,20241117204736
20241117204841,2500,0.8374,0.016,36.84901,20241117204846
20241117204915,2500,0.8947,0.012,24.8621,20241117204916
20241117205025,2500,0.9623,0.008,37.8562,20241117205026
20241117205057,2500,0.9223,0.012,24.66626,20241117205056
20241117205207,2500,0.9674,0.008,30.49815,20241117205206
20241117205241,2500,0.7725,0.024,31.25493,20241117205246
20241117205351,2500,0.6484,0.02,24.14308,20241117205356
20241117205423,2500,0.9375,0.008,30.03232,20241117205426
20241117205533,2500,0.9268,0.012,28.951,20241117205536
20241117205605,2500,0.9107,0.012,24.78377,20241117205606
20241117205715,2500,0.96,0.008,34.08345,20241117205717
20241117205747,2500,0.7625,0.02,24.68864,20241117205747
20241117205857,2500,0.71,0.028,36.10062,20241117205857
20241117205929,2500,0.7607,0.012,25.06354,20241117205927
20241117210039,2500,0.6724,0.012,30.04771,20241117210037
20241117210111,2500,0.7669,0.012,26.69182,20241117210117
20241117210221,2500,0.6667,0.012,24.20743,20241117210227
20241117210254,2500,0.803,0.02,27.14786,20241117210257
20241117210404,2500,0.7714,0.008,29.71758,20241117210407
20241117210435,2500,0.8065,0.008,31.1724,20241117210437
20241117210545,2500,0.9524,0.016,34.41358,20241117210547
20241117210617,2500,0.925,0.004,24.28996,20241117210617
20241117210727,2500,0.9698,0.0,34.16319,20241117210727
20241117210800,2500,0.8275,0.016,28.72298,20241117210808
20241117210910,2500,0.9672,0.008,35.1368,20241117210918
20241117210944,2500,0.7705,0.012,35.83483,20241117210948
20241117211054,2500,0.8938,0.02,36.20274,20241117211058
20241117211126,2500,0.9167,0.012,25.8595,20241117211128
20241117211236,2500,0.9649,0.004,35.82644,20241117211238
20241117211311,2500,0.7719,0.02,24.23821,20241117211318
20241117211420,2500,0.9485,0.004,23.95144,20241117211428
20241117211453,2500,0.903,0.008,36.93994,20241117211458
20241117211603,2500,0.9649,0.016,33.83445,20241117211608
20241117211635,2500,0.7734,0.016,24.70543,20241117211638
20241117211745,2500,0.7581,0.024,37.22531,20241117211749
20241117211818,2500,0.7891,0.024,24.82014,20241117211819
20241117211928,2500,0.9289,0.02,35.73831,20241117211929
20241117212000,2500,0.7786,0.016,28.3257,20241117212009
20241117212110,2500,0.5605,0.012,24.62709,20241117212119
20241117212143,2500,0.7721,0.02,24.77118,20241117212149
20241117212253,2500,0.7488,0.008,34.47793,20241117212259
20241117212327,2500,0.794,0.028,27.89625,20241117212329
20241117212437,2500,0.6234,0.012,34.91858,20241117212439
20241117212508,2500,0.8249,0.008,24.85931,20241117212509
20241117212618,2500,0.9697,0.008,36.84062,20241117212619
20241117212652,2500,0.7882,0.016,24.82713,20241117212659
20241117212802,2500,0.6448,0.02,30.15962,20241117212805
20241117212834,2500,0.7926,0.02,24.8649,20241117212835
20241117212944,2500,0.7935,0.016,36.62659,20241117212945
20241117213018,2500,0.8806,0.028,24.88588,20241117213015
20241117213128,2500,0.9471,0.016,33.07486,20241117213125
20241117213202,2500,0.7866,0.016,23.66467,20241117213205
20241117213311,2500,0.9156,0.004,33.47354,20241117213315
20241117213343,2500,0.8125,0.032,31.32348,20241117213345
20241117213453,2500,0.5817,0.024,34.80666,20241117213455
20241117213523,2500,0.9254,0.008,34.87381,20241117213525
20241117213633,2500,0.8747,0.008,31.52072,20241117213635
20241117213705,2500,0.9068,0.02,23.55276,20241117213705
20241117213815,2500,0.9697,0.008,31.14302,20241117213816
20241117213847,2500,0.7975,0.02,24.96142,20241117213846
20241117213957,2500,0.761,0.016,31.63123,20241117213956
20241117214029,2500,0.7909,0.008,23.6255,20241117214026
20241117214139,2500,0.7327,0.02,33.18957,20241117214136
20241117214211,2500,0.7884,0.012,36.02788,20241117214216
20241117214321,2500,0.7129,0.016,24.97541,20241117214326
20241117214355,2500,0.8139,0.02,24.78377,20241117214356
20241117214505,2500,0.611,0.028,37.83522,20241117214506
20241117214538,2500,0.7924,0.016,24.65507,20241117214536
20241117214648,2500,0.6988,0.008,31.98235,20241117214646
20241117214720,2500,0.791,0.012,26.88627,20241117214726
20241117214830,2500,0.801,0.02,35.69075,20241117214836
20241117214904,2500,0.8903,0.016,33.59245,20241117214906
20241117215015,2500,0.5248,0.02,35.30046,20241117215017
20241117215047,2500,0.7551,0.02,23.7528,20241117215047
20241117215157,2500,0.8025,0.024,34.84723,20241117215157
20241117215228,2500,0.7965,0.004,24.04097,20241117215227
20241117215338,2500,0.6609,0.024,32.35724,20241117215337
20241117215411,2500,0.7556,0.032,29.10208,20241117215417
20241117215521,2500,0.9654,0.012,24.50539,20241117215527
20241117215553,2500,0.9422,0.012,30.59887,20241117215557
20241117215703,2500,0.9723,0.0,27.7074,20241117215707
20241117215735,2500,0.6479,0.016,27.8319,20241117215737
20241117215845,2500,0.9726,0.004,32.62023,20241117215847
20241117215919,2500,0.9086,0.012,23.66747,20241117215917
20241117220028,2500,0.9898,0.008,36.29506,20241117220027
20241117220102,2500,0.925,0.012,24.66906,20241117220107
20241117220212,2500,0.9602,0.012,23.86331,20241117220217
20241117220244,2500,0.9432,0.016,27.99277,20241117220247
20241117220354,2500,0.9848,0.0,32.2943,20241117220358
20241117220427,2500,0.9773,0.008,23.71643,20241117220428
20241117220537,2500,0.9747,0.008,31.03111,20241117220538
20241117220608,2500,0.9649,0.016,24.77537,20241117220608
20241117220718,2500,0.9799,0.0,34.97453,20241117220718
20241117220749,2500,0.9749,0.004,23.757,20241117220748
20241117220859,2500,0.9607,0.008,35.58163,20241117220858
20241117220930,2500,0.6808,0.028,24.3711,20241117220938
20241117221040,2500,0.9898,0.008,23.97102,20241117221048
20241117221112,2500,0.9773,0.008,26.5925,20241117221118
20241117221222,2500,0.9798,0.004,23.90807,20241117221228
20241117221253,2500,0.9676,0.008,32.27471,20241117221258
20241117221403,2500,0.9824,0.008,24.23401,20241117221408
20241117221436,2500,0.9471,0.012,32.51112,20241117221438
20241117221546,2500,0.8981,0.008,29.34128,20241117221549
20241117221619,2500,0.9282,0.0,23.97942,20241117221619
20241117221729,2500,0.9723,0.008,29.91342,20241117221729
20241117221800,2500,0.9696,0.016,35.51169,20241117221809
20241117221910,2500,0.975,0.0,37.55544,20241117221919
20241117221943,2500,0.9273,0.04,24.52497,20241117221949
20241117222053,2500,0.975,0.008,24.10671,20241117222059
20241117222126,2500,0.96,0.0158,23.95284,20241117222129
20241117222236,2500,0.9873,0.0,34.47094,20241117222239
20241117222307,2500,0.8354,0.004,32.76851,20241117222309
20241117222417,2500,0.9849,0.004,35.78867,20241117222419
20241117222450,2500,0.9773,0.008,27.77735,20241117222459
20241117222601,2500,0.9129,0.012,39.42993,20241117222609
20241117222635,2500,0.9136,0.012,36.09782,20241117222639
20241117222745,2500,0.9749,0.0,36.34682,20241117222745
20241117222818,2500,0.9747,0.008,27.02615,20241117222815
20241117222933,2700,0.9721,0.012,36.54406,20241117222935
20241117223003,2700,0.6311,0.036,31.33607,20241117223005
20241117223112,2700,0.9724,0.0,30.07709,20241117223115
20241117223142,2700,0.7716,0.02,33.9016,20241117223145
20241117223251,2700,0.9521,0.012,24.82853,20241117223255
20241117223319,2700,0.5136,0.044,31.82707,20241117223315
20241117223428,2700,0.9848,0.012,35.98731,20241117223425
20241117223459,2700,0.9449,0.008,25.20622,20241117223455
20241117223608,2700,0.9749,0.008,37.8534,20241117223605
20241117223638,2700,0.6479,0.028,23.94165,20241117223635
20241117223747,2700,0.9822,0.008,32.80768,20241117223746
20241117223817,2700,0.8254,0.016,23.81575,20241117223816
20241117223925,2700,0.897,0.012,39.52365,20241117223926
20241117223954,2700,0.2258,0.028,25.05375,20241117223956
20241117224103,2700,0.975,0.008,32.51112,20241117224106
20241117224133,2700,0.5533,0.032,28.55092,20241117224136
20241117224242,2700,0.9747,0.0,29.33009,20241117224246
20241117224312,2700,0.6253,0.012,31.97116,20241117224316
20241117224421,2700,0.8965,0.012,24.6187,20241117224426
20241117224449,2700,0.4926,0.056,24.54456,20241117224446
20241117224558,2700,0.9772,0.0,31.24934,20241117224556
20241117224628,2700,0.7935,0.012,23.65488,20241117224626
20241117224737,2700,0.9797,0.008,32.82866,20241117224736
20241117224807,2700,0.9747,0.012,23.91647,20241117224806
20241117224917,2700,0.8947,0.012,30.99894,20241117224916
20241117224946,2700,0.5636,0.024,23.49821,20241117224946
20241117225055,2700,0.9751,0.008,38.88297,20241117225057
20241117225125,2700,0.5398,0.02,26.94222,20241117225127
20241117225234,2700,0.9225,0.016,35.66277,20241117225237
20241117225303,2700,0.284,0.0238,24.58233,20241117225307
20241117225412,2700,0.9389,0.0,39.10259,20241117225417
20241117225441,2700,0.2331,0.028,25.2342,20241117225447
20241117225550,2700,0.9723,0.008,37.74709,20241117225557
20241117225621,2700,0.7554,0.004,27.54234,20241117225627
20241117225730,2700,0.8716,0.012,40.33779,20241117225737
20241117225800,2700,0.9179,0.012,27.06812,20241117225807
20241117225909,2700,0.9722,0.004,30.88004,20241117225907
20241117225939,2700,0.8074,0.024,23.8801,20241117225937
20241117230048,2700,0.9373,0.008,33.18538,20241117230047
20241117230118,2700,0.9323,0.008,24.06754,20241117230118
20241117230227,2700,0.9798,0.0,39.17813,20241117230228
20241117230257,2700,0.803,0.024,23.71083,20241117230258
20241117230406,2700,0.9499,0.012,35.80965,20241117230408
20241117230434,2700,0.5875,0.064,33.42598,20241117230438
20241117230544,2700,0.8191,0.008,25.58672,20241117230548
20241117230612,2700,0.2935,0.048,25.49299,20241117230618
20241117230721,2700,0.9747,0.008,24.1179,20241117230728
20241117230750,2700,0.2424,0.052,33.50292,20241117230758
20241117230859,2700,0.9773,0.004,37.48969,20241117230858
20241117230929,2700,0.732,0.012,24.00879,20241117230928
20241117231038,2700,0.9025,0.016,37.46592,20241117231038
20241117231108,2700,0.6789,0.016,25.79235,20241117231109
20241117231217,2700,0.8317,0.016,37.03926,20241117231219
20241117231245,2700,0.4751,0.064,32.20057,20241117231249
20241117231355,2700,0.8515,0.008,30.15822,20241117231359
20241117231424,2700,0.5111,0.02,30.96117,20241117231429
20241117231534,2700,0.7556,0.02,24.46902,20241117231539
20241117231602,2700,0.3466,0.06,26.26377,20241117231609
20241117231711,2700,0.9722,0.0,41.9339,20241117231719
20241117231742,2700,0.7656,0.008,28.6964,20241117231749
20241117231851,2700,0.825,0.016,23.88989,20241117231859
20241117231920,2700,0.4146,0.024,27.14366,20241117231929
20241117232029,2700,0.9747,0.0,31.64802,20241117232029
20241117232058,2700,0.2369,0.028,24.67465,20241117232059
20241117232207,2700,0.9874,0.008,36.66296,20241117232209
20241117232237,2700,0.4303,0.028,35.08504,20241117232239
20241117232346,2700,0.9597,0.012,31.58787,20241117232349
20241117232415,2700,0.1818,0.036,23.92206,20241117232415
20241117232524,2700,0.8892,0.02,36.56924,20241117232525
20241117232553,2700,0.3399,0.032,24.80755,20241117232555
20241117232702,2700,0.9255,0.012,34.7647,20241117232705
20241117232732,2700,0.4557,0.024,26.02456,20241117232735
20241117232841,2700,0.7995,0.016,26.77576,20241117232845
20241117232910,2700,0.4762,0.036,38.81163,20241117232915
20241117233019,2700,0.9673,0.008,32.0397,20241117233015
20241117233048,2700,0.2034,0.052,24.55855,20241117233045
20241117233157,2700,0.8883,0.016,31.22276,20241117233155
20241117233226,2700,0.3965,0.02,23.77518,20241117233225
20241117233335,2700,0.9698,0.0,31.11924,20241117233335
20241117233405,2700,0.7822,0.02,23.999,20241117233405
20241117233514,2700,0.9506,0.004,39.79503,20241117233515
20241117233544,2700,0.6716,0.012,24.77397,20241117233545
20241117233653,2700,0.8429,0.008,31.69558,20241117233656
20241117233722,2700,0.3176,0.028,25.62169,20241117233726
20241117233831,2700,0.8922,0.016,24.39628,20241117233836
20241117233900,2700,0.4439,0.036,27.41084,20241117233906
20241117234010,2700,0.7132,0.012,24.41866,20241117234016
20241117234039,2700,0.3675,0.028,23.98781,20241117234036
20241117234148,2700,0.9697,0.004,32.72375,20241117234146
20241117234217,2700,0.2308,0.024,23.75979,20241117234216
20241117234327,2700,0.8254,0.016,38.13038,20241117234326
20241117234357,2700,0.7574,0.016,24.07874,20241117234356
20241117234506,2700,0.765,0.02,34.76609,20241117234506
20241117234535,2700,0.3812,0.032,24.62849,20241117234536
20241117234644,2700,0.9698,0.0,30.47856,20241117234646
20241117234714,2700,0.625,0.012,29.22937,20241117234717
20241117234823,2700,0.9724,0.0,30.65762,20241117234827
20241117234853,2700,0.7605,0.032,34.96194,20241117234857
20241117235002,2700,0.8706,0.02,23.81295,20241117235007
20241117235029,2700,0.9401,0.004,26.02456,20241117235027
20241117235138,2700,0.9675,0.0,33.31687,20241117235137
20241117235208,2700,0.8213,0.024,23.72622,20241117235207
20241117235317,2700,0.9303,0.008,30.81849,20241117235317
20241117235346,2700,0.1634,0.032,24.78516,20241117235347
20241117235455,2700,0.8728,0.012,34.51989,20241117235457
20241117235525,2700,0.7433,0.012,34.50451,20241117235527
20241117235634,2700,0.8844,0.02,36.09502,20241117235637
20241117235704,2700,0.788,0.016,37.34981,20241117235708
20241117235812,2700,0.9478,0.008,24.73061,20241117235818
20241117235841,2700,0.23,0.04,27.91863,20241117235848
20241117235950,2700,0.9109,0.012,23.88989,20241117235958
20241118000021,2700,0.7551,0.464,28.18722,20241118000028
20241118000129,2700,0.9651,0.008,32.96855,20241118000128
20241118000158,2700,0.258,0.048,23.7542,20241118000158
20241118000308,2700,0.603,0.016,36.12999,20241118000308
20241118000337,2700,0.489,0.008,24.57953,20241118000338
20241118000446,2700,0.7519,0.016,32.58526,20241118000448
20241118000516,2700,0.9496,0.004,34.53668,20241118000518
20241118000625,2700,0.9673,0.0,31.23395,20241118000628
20241118000655,2700,0.6194,0.028,29.98476,20241118000658
20241118000804,2700,0.952,0.008,35.2585,20241118000809
20241118000834,2700,0.8544,0.02,38.23949,20241118000839
20241118000944,2700,0.6583,0.016,24.46482,20241118000949
20241118001013,2700,0.7475,0.012,29.21818,20241118001019
20241118001122,2700,0.9724,0.0,24.02838,20241118001129
20241118001152,2700,0.7244,0.024,27.5885,20241118001159
20241118001301,2700,0.9747,0.0,23.92906,20241118001309
20241118001331,2700,0.788,0.008,28.4586,20241118001339
20241118001440,2700,0.8914,0.016,24.8607,20241118001449
20241118001510,2700,0.7669,0.016,24.47602,20241118001519
20241118001619,2700,0.7714,0.02,35.76069,20241118001615
20241118001649,2700,0.7916,0.012,28.09909,20241118001645
20241118001758,2700,0.8712,0.016,35.49211,20241118001755
20241118001826,2700,0.3227,0.056,23.74441,20241118001825
20241118001935,2700,0.9822,0.0,36.4909,20241118001935
20241118002004,2700,0.1985,0.028,23.98361,20241118002005
20241118002113,2700,0.9673,0.008,37.17075,20241118002115
20241118002142,2700,0.18,0.04,27.04294,20241118002145
20241118002251,2700,0.7277,0.02,36.9889,20241118002255
20241118002321,2700,0.8051,0.02,32.80348,20241118002325
20241118002430,2700,0.5328,0.02,23.81435,20241118002435
20241118002500,2700,0.7995,0.008,26.89046,20241118002506
20241118002609,2700,0.606,0.012,36.47831,20241118002606
20241118002638,2700,0.67,0.02,24.08573,20241118002636
20241118002747,2700,0.9697,0.0,31.62424,20241118002746
20241118002817,2700,0.7444,0.02,23.70384,20241118002816
20241118002926,2700,0.7605,0.012,31.38503,20241118002926
20241118002955,2700,0.3728,0.028,24.20603,20241118002956
20241118003104,2700,0.8939,0.008,36.48111,20241118003106
20241118003135,2700,0.7421,0.008,24.77957,20241118003136
20241118003244,2700,0.76,0.024,29.77353,20241118003246
20241118003314,2700,0.8074,0.0079,33.43857,20241118003316
20241118003423,2700,0.5381,0.016,38.85219,20241118003426
20241118003452,2700,0.5809,0.024,37.68414,20241118003456
20241118003601,2700,0.7925,0.016,24.13469,20241118003606
20241118003631,2700,0.8005,0.008,25.53076,20241118003637
20241118003740,2700,0.6479,0.012,38.81303,20241118003747
20241118003811,2700,0.8166,0.012,29.28533,20241118003817
20241118003920,2700,0.8947,0.02,23.88289,20241118003927
20241118003950,2700,0.7605,0.016,27.38147,20241118003957
20241118004059,2700,0.7706,0.02,34.23593,20241118004057
20241118004129,2700,0.788,0.008,23.68146,20241118004127
20241118004238,2700,0.8354,0.02,33.18678,20241118004237
20241118004308,2700,0.7772,0.012,23.95983,20241118004307
20241118004417,2700,0.916,0.008,34.30167,20241118004417
20241118004447,2700,0.7221,0.016,25.28176,20241118004447
20241118004556,2700,0.8575,0.012,36.35521,20241118004558
20241118004626,2700,0.7574,0.008,27.12267,20241118004628
20241118004735,2700,0.7407,0.016,30.8003,20241118004738
20241118004805,2700,0.7884,0.012,28.9524,20241118004808
20241118004914,2700,0.5185,0.028,30.59327,20241118004918
20241118004943,2700,0.6791,0.02,37.42115,20241118004948
20241118005053,2700,0.4865,0.024,24.53197,20241118005058
20241118005122,2700,0.854,0.016,28.14944,20241118005128
20241118005232,2700,0.5396,0.028,39.87337,20241118005238
20241118005301,2700,0.7073,0.028,26.37288,20241118005308
20241118005410,2700,0.958,0.016,24.995,20241118005418
20241118005440,2700,0.4106,0.028,26.13787,20241118005448
20241118005549,2700,0.9625,0.0,32.2901,20241118005548
20241118005617,2700,0.7613,0.032,25.51957,20241118005618
20241118005726,2700,0.9824,0.008,30.66321,20241118005729
20241118005756,2700,0.5763,0.028,31.38083,20241118005759
20241118005905,2700,0.9625,0.008,30.75414,20241118005909
20241118005934,2700,0.29,0.06,37.78346,20241118005939
20241118010043,2700,0.9577,0.008,24.4998,20241118010049
20241118010113,2700,0.4112,0.028,27.19682,20241118010119
20241118010222,2700,0.9622,0.012,23.84792,20241118010229
20241118010251,2700,0.2776,0.06,26.90026,20241118010259
20241118010400,2700,0.9798,0.004,24.1263,20241118010409
20241118010430,2700,0.8873,0.008,33.35324,20241118010439
20241118010539,2700,0.965,0.0,34.44995,20241118010535
20241118010609,2700,0.8725,0.024,26.01477,20241118010605
20241118010719,2700,0.9574,0.004,35.80965,20241118010715
20241118010747,2700,0.5616,0.064,23.85352,20241118010745
20241118010857,2700,0.965,0.008,36.41117,20241118010855
20241118010927,2700,0.9102,0.016,23.8731,20241118010925
20241118011036,2700,0.9823,0.008,33.35464,20241118011035
20241118011106,2700,0.7847,0.02,23.8703,20241118011105
20241118011215,2700,0.9772,0.0,39.2215,20241118011215
20241118011245,2700,0.7132,0.028,25.65246,20241118011245
20241118011358,2900,0.975,0.024,37.43514,20241118011355
20241118011427,2900,0.6055,0.044,24.15288,20241118011425
20241118011535,2900,0.9699,0.008,38.12758,20241118011536
20241118011605,2900,0.403,0.048,25.17405,20241118011606
20241118011713,2900,0.9624,0.012,33.25672,20241118011716
20241118011741,2900,0.8284,0.024,34.3856,20241118011746
20241118011849,2900,0.9698,0.016,39.18093,20241118011846
20241118011918,2900,0.5725,0.044,23.90807,20241118011916
20241118012026,2900,0.9798,0.008,41.2023,20241118012026
20241118012054,2900,0.9363,0.012,32.93498,20241118012056
20241118012203,2900,0.9772,0.0,37.29385,20241118012206
20241118012231,2900,0.8175,0.04,30.87304,20241118012236
20241118012339,2900,0.9774,0.008,37.43094,20241118012336
20241118012409,2900,0.3815,0.028,24.33613,20241118012406
20241118012517,2900,0.9621,0.008,33.17978,20241118012516
20241118012546,2900,0.2637,0.052,23.94724,20241118012547
20241118012654,2900,0.9899,0.008,31.60325,20241118012657
20241118012721,2900,0.9512,0.004,36.38739,20241118012727
20241118012830,2900,0.9316,0.008,24.44384,20241118012837
20241118012858,2900,0.622,0.056,24.07174,20241118012857
20241118013006,2900,0.9824,0.016,35.22353,20241118013007
20241118013034,2900,0.8834,0.008,31.52352,20241118013037
20241118013142,2900,0.9723,0.008,24.54316,20241118013147
20241118013210,2900,0.7494,0.048,24.82853,20241118013217
20241118013319,2900,0.9077,0.0,38.49688,20241118013317
20241118013347,2900,0.5922,0.06,23.95144,20241118013347
20241118013455,2900,0.96,0.008,31.21996,20241118013457
20241118013523,2900,0.783,0.024,37.88557,20241118013527
20241118013631,2900,0.9723,0.0,40.12236,20241118013638
20241118013701,2900,0.687,0.028,28.42922,20241118013708
20241118013809,2900,0.9747,0.008,32.14742,20241118013808
20241118013836,2900,0.8722,0.016,26.7268,20241118013838
20241118013944,2900,0.9698,0.008,44.0434,20241118013948
20241118014011,2900,0.9798,0.008,26.20082,20241118014018
20241118014120,2900,0.9748,0.0,44.34695,20241118014128
20241118014147,2900,0.9572,0.016,25.15586,20241118014148
20241118014255,2900,0.9873,0.016,34.46394,20241118014258
20241118014325,2900,0.316,0.028,28.81251,20241118014328
20241118014433,2900,0.9724,0.008,41.49046,20241118014438
20241118014502,2900,0.245,0.06,29.02234,20241118014508
20241118014611,2900,0.8439,0.012,24.09412,20241118014619
20241118014639,2900,0.5347,0.06,24.04936,20241118014639
20241118014747,2900,0.9747,0.008,40.40354,20241118014749
20241118014816,2900,0.3209,0.064,35.36901,20241118014819
20241118014924,2900,0.9649,0.0,39.12497,20241118014929
20241118014954,2900,0.601,0.012,34.03029,20241118014959
20241118015102,2900,0.9848,0.004,42.25005,20241118015109
20241118015132,2900,0.3795,0.032,33.25812,20241118015139
20241118015240,2900,0.9698,0.0,25.20902,20241118015249
20241118015309,2900,0.2304,0.028,24.26618,20241118015309
20241118015417,2900,0.9849,0.008,35.77328,20241118015419
20241118015446,2900,0.5025,0.052,25.21462,20241118015449
20241118015554,2900,0.9526,0.008,41.16592,20241118015559
20241118015623,2900,0.2635,0.0594,25.82592,20241118015629
20241118015732,2900,0.8359,0.008,33.56586,20241118015735
20241118015801,2900,0.3185,0.032,41.27923,20241118015805
20241118015909,2900,0.9673,0.0,39.62157,20241118015905
20241118015937,2900,0.8259,0.04,24.34172,20241118015935
20241118020046,2900,0.9173,0.004,34.12681,20241118020045
20241118020114,2900,0.5682,0.048,25.37409,20241118020115
20241118020222,2900,0.9725,0.008,39.7069,20241118020225
20241118020252,2900,0.4901,0.028,29.73576,20241118020255
20241118020400,2900,0.9154,0.004,24.82713,20241118020405
20241118020428,2900,0.6476,0.044,26.48479,20241118020425
20241118020537,2900,0.8081,0.012,35.8684,20241118020535
20241118020604,2900,0.927,0.008,25.37968,20241118020605
20241118020712,2900,0.9646,0.0,40.93791,20241118020715
20241118020739,2900,0.9401,0.004,31.73335,20241118020735
20241118020847,2900,0.9507,0.008,36.98191,20241118020846
20241118020915,2900,0.8564,0.012,24.96282,20241118020916
20241118021023,2900,0.9697,0.0,42.3116,20241118021026
20241118021052,2900,0.2145,0.024,35.2557,20241118021056
20241118021200,2900,0.9775,0.008,24.22562,20241118021206
20241118021229,2900,0.2889,0.052,24.90547,20241118021226
20241118021337,2900,0.9773,0.004,40.0748,20241118021336
20241118021406,2900,0.2531,0.024,23.93605,20241118021406
20241118021514,2900,0.9513,0.016,37.19034,20241118021516
20241118021543,2900,0.2261,0.052,24.19204,20241118021546
20241118021651,2900,0.9699,0.004,38.86898,20241118021656
20241118021717,2900,0.9279,0.008,29.5609,20241118021716
20241118021826,2900,0.7891,0.02,42.1857,20241118021827
20241118021855,2900,0.2328,0.04,24.78796,20241118021857
20241118022003,2900,0.9698,0.0,37.33442,20241118022007
20241118022031,2900,0.7828,0.032,27.10729,20241118022037
20241118022140,2900,0.8225,0.008,24.39628,20241118022147
20241118022208,2900,0.5232,0.052,24.10531,20241118022207
20241118022316,2900,0.9675,0.008,41.78562,20241118022317
20241118022346,2900,0.5572,0.028,25.14188,20241118022347
20241118022454,2900,0.9724,0.0,38.42414,20241118022457
20241118022524,2900,0.709,0.008,27.35209,20241118022527
20241118022632,2900,0.8706,0.004,24.90687,20241118022637
20241118022659,2900,0.9521,0.004,25.77976,20241118022657
20241118022808,2900,0.818,0.016,36.97071,20241118022807
20241118022835,2900,0.9019,0.016,32.19917,20241118022837
20241118022943,2900,0.9723,0.008,27.03595,20241118022948
20241118023012,2900,0.2425,0.044,28.98177,20241118023018
20241118023120,2900,0.9748,0.0,41.76884,20241118023128
20241118023150,2900,0.6486,0.028,32.87762,20241118023158
20241118023258,2900,0.8818,0.008,35.55086,20241118023258
20241118023326,2900,0.5825,0.044,26.82611,20241118023328
20241118023434,2900,0.9824,0.016,43.09077,20241118023438
20241118023504,2900,0.4395,0.028,37.70792,20241118023508
20241118023612,2900,0.9424,0.008,24.54176,20241118023618
20241118023640,2900,0.685,0.064,30.9318,20241118023648
20241118023749,2900,0.8878,0.012,41.00365,20241118023748
20241118023819,2900,0.932,0.008,24.87189,20241118023818
20241118023927,2900,0.9772,0.008,37.27707,20241118023929
20241118023957,2900,0.6321,0.016,36.72871,20241118023959
20241118024105,2900,0.855,0.016,40.10698,20241118024109
20241118024134,2900,0.2761,0.032,39.39635,20241118024139
20241118024242,2900,0.9723,0.004,24.26479,20241118024249
20241118024312,2900,0.6182,0.008,28.05013,20241118024319
20241118024420,2900,0.802,0.024,24.66067,20241118024429
20241118024447,2900,0.9057,0.012,29.82249,20241118024449
20241118024555,2900,0.9797,0.012,24.2508,20241118024559
20241118024622,2900,0.9474,0.004,29.80571,20241118024629
20241118024731,2900,0.6475,0.012,25.14327,20241118024739
20241118024800,2900,0.49,0.036,25.15446,20241118024809
20241118024908,2900,0.9773,0.0,37.05465,20241118024905
20241118024937,2900,0.1671,0.032,24.17386,20241118024935
20241118025045,2900,0.9018,0.008,33.19377,20241118025045
20241118025114,2900,0.2864,0.032,25.3615,20241118025115
20241118025222,2900,0.9625,0.008,31.69278,20241118025225
20241118025251,2900,0.2494,0.04,32.94477,20241118025255
20241118025359,2900,0.9797,0.008,30.97236,20241118025355
20241118025427,2900,0.6691,0.016,25.17265,20241118025425
20241118025535,2900,0.6709,0.02,38.39476,20241118025535
20241118025603,2900,0.2711,0.056,30.53592,20241118025605
20241118025711,2900,0.953,0.008,28.09069,20241118025715
20241118025740,2900,0.1558,0.032,37.28546,20241118025745
20241118025848,2900,0.7797,0.004,31.71097,20241118025845
20241118025915,2900,0.8632,0.016,25.15866,20241118025915
20241118030023,2900,0.9254,0.004,33.11403,20241118030026
20241118030051,2900,0.6927,0.068,40.34199,20241118030056
20241118030200,2900,0.6692,0.028,38.81722,20241118030206
20241118030226,2900,0.7811,0.024,24.14588,20241118030226
20241118030334,2900,0.9298,0.004,37.27987,20241118030336
20241118030405,2900,0.796,0.004,25.52097,20241118030406
20241118030513,2900,0.7632,0.012,40.23708,20241118030516
20241118030541,2900,0.3441,0.064,41.27644,20241118030546
20241118030650,2900,0.5817,0.012,24.58932,20241118030656
20241118030718,2900,0.1625,0.04,23.82414,20241118030716
20241118030826,2900,0.8275,0.016,34.62481,20241118030826
20241118030854,2900,0.4591,0.06,25.62589,20241118030856
20241118031003,2900,0.561,0.012,42.13394,20241118031006
20241118031032,2900,0.5299,0.016,35.27389,20241118031036
20241118031140,2900,0.875,0.008,24.13749,20241118031146
20241118031207,2900,0.9227,0.008,24.18925,20241118031206
20241118031316,2900,0.5693,0.012,39.0858,20241118031316
20241118031343,2900,0.7355,0.024,32.75172,20241118031346
20241118031451,2900,0.9674,0.0,38.39896,20241118031457
20241118031522,2900,0.796,0.008,35.80126,20241118031527
20241118031630,2900,0.7537,0.016,44.26862,20241118031637
20241118031659,2900,0.3985,0.024,24.42705,20241118031657
20241118031807,2900,0.9698,0.0,36.37759,20241118031807
20241118031837,2900,0.6409,0.02,24.15707,20241118031837
20241118031945,2900,0.6144,0.016,32.63142,20241118031947
20241118032012,2900,0.808,0.004,39.16694,20241118032017
20241118032120,2900,0.7637,0.008,43.29081,20241118032127
20241118032149,2900,0.3252,0.024,24.39628,20241118032147
20241118032258,2900,0.5935,0.024,34.65978,20241118032257
20241118032326,2900,0.2413,0.044,25.4818,20241118032327
20241118032434,2900,0.9471,0.012,43.71746,20241118032437
20241118032504,2900,0.7325,0.016,35.24311,20241118032507
20241118032612,2900,0.7685,0.016,41.80661,20241118032618
20241118032639,2900,0.9052,0.012,25.34052,20241118032638
20241118032748,2900,0.62,0.012,33.79388,20241118032748
20241118032814,2900,0.7792,0.008,31.92779,20241118032818
20241118032922,2900,0.7675,0.012,41.23447,20241118032928
20241118032951,2900,0.2308,0.032,28.09629,20241118032958
20241118033059,2900,0.9302,0.004,34.25131,20241118033058
20241118033128,2900,0.1501,0.024,24.1291,20241118033128
20241118033236,2900,0.6491,0.012,34.7675,20241118033238
20241118033305,2900,0.4455,0.024,36.50629,20241118033308
20241118033413,2900,0.9723,0.004,33.56307,20241118033418
20241118033444,2900,0.8114,0.012,35.61661,20241118033448
20241118033552,2900,0.604,0.016,42.58577,20241118033558
20241118033620,2900,0.191,0.044,33.2805,20241118033628
20241118033728,2900,0.9246,0.008,39.43412,20241118033728
20241118033756,2900,0.5768,0.056,30.34007,20241118033758
20241118033904,2900,0.6156,0.016,24.92925,20241118033909
20241118033932,2900,0.2456,0.052,27.97878,20241118033939
20241118034041,2900,0.5434,0.012,24.07874,20241118034049
20241118034109,2900,0.1791,0.064,24.20044,20241118034109
20241118034217,2900,0.9575,0.004,39.26346,20241118034219
20241118034245,2900,0.5102,0.068,29.45179,20241118034249
20241118034353,2900,0.8382,0.016,24.21722,20241118034359
20241118034424,2900,0.8481,0.008,28.60548,20241118034429
20241118034532,2900,0.5714,0.016,45.63391,20241118034539
20241118034601,2900,0.4328,0.032,30.81989,20241118034609
20241118034709,2900,0.8363,0.012,27.3339,20241118034705
20241118034738,2900,0.349,0.036,30.69399,20241118034735
20241118034846,2900,0.9576,0.004,31.7907,20241118034845
20241118034914,2900,0.6095,0.052,27.69341,20241118034915
20241118035022,2900,0.6194,0.016,33.99392,20241118035025
20241118035049,2900,0.8463,0.012,41.8136,20241118035045
20241118035157,2900,0.9674,0.012,33.42178,20241118035155
20241118035227,2900,0.2315,0.028,23.98501,20241118035225
20241118035335,2900,0.9774,0.008,42.25565,20241118035335
20241118035403,2900,0.9125,0.028,33.49453,20241118035405
20241118035517,3000,0.9676,0.008,37.24909,20241118035515
20241118035544,3000,0.9726,0.012,25.25658,20241118035546
20241118035652,3000,0.9749,0.012,32.37823,20241118035656
20241118035719,3000,0.9352,0.008,45.21705,20241118035716
20241118035826,3000,0.9874,0.012,37.45332,20241118035826
20241118035853,3000,0.9677,0.016,36.88398,20241118035856
20241118040001,3000,0.9799,0.008,24.77118,20241118040006
20241118040028,3000,0.9606,0.004,26.26797,20241118040026
20241118040136,3000,0.9798,0.008,43.08657,20241118040136
20241118040205,3000,0.3308,0.068,25.38808,20241118040206
20241118040313,3000,0.9699,0.008,45.69267,20241118040316
20241118040339,3000,0.915,0.008,38.55983,20241118040336
20241118040446,3000,0.9723,0.016,37.64777,20241118040446
20241118040516,3000,0.2298,0.032,25.78536,20241118040516
20241118040623,3000,0.9873,0.008,46.19905,20241118040627
20241118040650,3000,0.9873,0.016,28.3299,20241118040657
20241118040758,3000,0.963,0.012,36.77348,20241118040757
20241118040824,3000,0.9574,0.012,37.52746,20241118040827
20241118040932,3000,0.9771,0.008,41.8122,20241118040937
20241118041001,3000,0.2574,0.06,28.35788,20241118041007
20241118041108,3000,0.9724,0.02,41.54921,20241118041107
20241118041136,3000,0.9196,0.004,30.46597,20241118041137
20241118041243,3000,0.9724,0.012,25.8497,20241118041247
20241118041309,3000,0.9749,0.016,47.06775,20241118041307
20241118041417,3000,0.9621,0.012,44.26302,20241118041417
20241118041444,3000,0.9651,0.02,25.46082,20241118041448
20241118041552,3000,0.9502,0.008,49.06114,20241118041558
20241118041622,3000,0.3002,0.024,27.49198,20241118041628
20241118041730,3000,0.9747,0.008,24.94604,20241118041738
20241118041757,3000,0.9286,0.016,24.32214,20241118041758
20241118041905,3000,0.9672,0.004,49.63188,20241118041908
20241118041934,3000,0.2451,0.064,42.52562,20241118041938
20241118042042,3000,0.955,0.008,24.06195,20241118042048
20241118042109,3000,0.9449,0.008,24.21023,20241118042108
20241118042216,3000,0.9699,0.016,32.49573,20241118042218
20241118042244,3000,0.8794,0.012,39.2215,20241118042248
20241118042351,3000,0.9625,0.02,24.18085,20241118042358
20241118042420,3000,0.5704,0.044,38.63117,20241118042428
20241118042528,3000,0.9722,0.004,42.69349,20241118042528
20241118042557,3000,0.3892,0.056,25.53076,20241118042558
20241118042705,3000,0.9874,0.012,44.68827,20241118042709
20241118042732,3000,0.9849,0.012,28.60688,20241118042739
20241118042840,3000,0.9628,0.008,30.11066,20241118042849
20241118042906,3000,0.9204,0.012,37.33023,20241118042909
20241118043014,3000,0.9196,0.008,24.78097,20241118043019
20241118043041,3000,0.9325,0.012,30.04072,20241118043049
20241118043149,3000,0.9198,0.004,43.36354,20241118043149
20241118043216,3000,0.88,0.004,32.5335,20241118043219
20241118043323,3000,0.9774,0.016,40.61197,20241118043329
20241118043349,3000,0.9698,0.004,24.1305,20241118043349
20241118043457,3000,0.9579,0.008,32.0425,20241118043459
20241118043524,3000,0.9355,0.004,33.95195,20241118043529
20241118043632,3000,0.9175,0.004,41.78422,20241118043634
20241118043659,3000,0.902,0.012,31.90961,20241118043655
20241118043807,3000,0.8607,0.012,34.74371,20241118043805
20241118043834,3000,0.8329,0.004,27.18143,20241118043835
20241118043941,3000,0.9576,0.012,43.75803,20241118043945
20241118044010,3000,0.5,0.056,37.94852,20241118044015
20241118044118,3000,0.9575,0.004,41.97028,20241118044115
20241118044146,3000,0.9302,0.016,24.2452,20241118044145
20241118044254,3000,0.9495,0.012,38.17934,20241118044255
20241118044321,3000,0.8988,0.02,42.82918,20241118044325
20241118044429,3000,0.8825,0.008,40.47348,20241118044425
20241118044456,3000,0.8292,0.012,24.13189,20241118044455
20241118044603,3000,0.9673,0.008,32.91539,20241118044605
20241118044629,3000,0.9474,0.012,29.23217,20241118044626
20241118044737,3000,0.9722,0.004,36.67555,20241118044736
20241118044804,3000,0.9447,0.008,37.77926,20241118044806
20241118044912,3000,0.89,0.016,25.05375,20241118044916
20241118044939,3000,0.8608,0.008,44.96106,20241118044936
20241118045046,3000,0.9678,0.012,34.87101,20241118045046
20241118045114,3000,0.799,0.012,35.29487,20241118045116
20241118045222,3000,0.8049,0.012,24.82573,20241118045226
20241118045249,3000,0.8039,0.008,42.29062,20241118045246
20241118045356,3000,0.9604,0.016,39.94891,20241118045356
20241118045423,3000,0.938,0.004,26.09451,20241118045426
20241118045531,3000,0.9295,0.0,24.94743,20241118045536
20241118045558,3000,0.875,0.012,25.12929,20241118045556
20241118045706,3000,0.8157,0.008,43.15791,20241118045707
20241118045733,3000,0.8045,0.004,42.562,20241118045737
20241118045840,3000,0.9872,0.012,24.7376,20241118045847
20241118045907,3000,0.9447,0.012,24.47462,20241118045907
20241118050015,3000,0.947,0.004,33.26791,20241118050017
20241118050042,3000,0.8953,0.016,31.0577,20241118050047
20241118050149,3000,0.9698,0.016,35.44175,20241118050147
20241118050216,3000,0.9774,0.008,25.6021,20241118050217
20241118050324,3000,0.9601,0.008,34.55207,20241118050327
20241118050351,3000,0.9381,0.016,26.61768,20241118050357
20241118050459,3000,0.9772,0.008,33.04968,20241118050457
20241118050526,3000,0.9355,0.004,25.33772,20241118050527
20241118050634,3000,0.893,0.008,38.80043,20241118050638
20241118050703,3000,0.212,0.032,40.73927,20241118050708
20241118050811,3000,0.9217,0.004,41.80101,20241118050818
20241118050838,3000,0.9002,0.008,24.43964,20241118050838
20241118050945,3000,0.9699,0.016,34.03868,20241118050948
20241118051012,3000,0.9873,0.012,27.49757,20241118051018
20241118051120,3000,0.9698,0.0158,25.68604,20241118051128
20241118051147,3000,0.9401,0.012,25.54195,20241118051148
20241118051255,3000,0.9649,0.012,39.51106,20241118051258
20241118051321,3000,0.9449,0.004,28.18022,20241118051328
20241118051429,3000,0.9646,0.004,41.10717,20241118051428
20241118051455,3000,0.9175,0.012,38.37378,20241118051458
20241118051603,3000,0.7368,0.016,42.96767,20241118051609
20241118051632,3000,0.2312,0.036,30.29111,20241118051639
20241118051739,3000,0.9823,0.008,33.81207,20241118051739
20241118051809,3000,0.3042,0.036,24.3739,20241118051809
20241118051916,3000,0.9623,0.008,35.65718,20241118051919
20241118051943,3000,0.9447,0.016,25.24819,20241118051949
20241118052051,3000,0.9073,0.008,25.88887,20241118052059
20241118052118,3000,0.8968,0.004,25.12509,20241118052119
20241118052226,3000,0.8275,0.004,25.51817,20241118052229
20241118052253,3000,0.818,0.012,28.33829,20241118052259
20241118052401,3000,0.7531,0.02,24.31514,20241118052405
20241118052428,3000,0.81,0.012,46.99921,20241118052425
20241118052535,3000,0.9603,0.008,34.37581,20241118052535
20241118052602,3000,0.9353,0.008,34.92277,20241118052605
20241118052710,3000,0.9428,0.016,24.60191,20241118052715
20241118052737,3000,0.9039,0.012,37.79884,20241118052735
20241118052845,3000,0.8321,0.008,40.36997,20241118052845
20241118052912,3000,0.8139,0.008,24.70823,20241118052915
20241118053019,3000,0.97,0.016,29.03913,20241118053015
20241118053046,3000,0.9455,0.016,26.41625,20241118053045
20241118053154,3000,0.9749,0.008,44.11754,20241118053155
20241118053221,3000,0.9529,0.008,28.15224,20241118053225
20241118053329,3000,0.9485,0.012,39.8342,20241118053325
20241118053355,3000,0.9499,0.012,25.39367,20241118053355
20241118053503,3000,0.9723,0.0,34.36462,20241118053505
20241118053530,3000,0.9496,0.004,27.33111,20241118053535
20241118053638,3000,0.9648,0.016,34.44436,20241118053636
20241118053705,3000,0.9322,0.024,25.75738,20241118053706
20241118053813,3000,0.9373,0.008,38.99488,20241118053816
20241118053840,3000,0.945,0.008,25.79515,20241118053846
20241118053948,3000,0.8709,0.004,32.48174,20241118053946
20241118054015,3000,0.8313,0.004,24.92225,20241118054016
20241118054123,3000,0.7995,0.008,41.64154,20241118054126
20241118054150,3000,0.8855,0.004,28.3327,20241118054156
20241118054258,3000,0.7915,0.012,40.64834,20241118054256
20241118054327,3000,0.3127,0.032,24.20044,20241118054326
20241118054435,3000,0.8197,0.012,33.08885,20241118054436
20241118054502,3000,0.8354,0.016,36.47971,20241118054506
20241118054610,3000,0.7266,0.008,24.41167,20241118054617
20241118054637,3000,0.817,0.008,24.39348,20241118054637
20241118054744,3000,0.9674,0.012,32.2887,20241118054747
20241118054811,3000,0.9497,0.008,31.0437,20241118054817
20241118054919,3000,0.9723,0.012,37.66735,20241118054917
20241118054948,3000,0.2624,0.048,24.51239,20241118054947
20241118055056,3000,0.9426,0.0,43.93988,20241118055057
20241118055125,3000,0.2437,0.052,25.22161,20241118055127
20241118055233,3000,0.9446,0.008,44.75822,20241118055237
20241118055300,3000,0.8719,0.012,36.9917,20241118055307
20241118055408,3000,0.7873,0.008,36.66716,20241118055407
20241118055435,3000,0.7927,0.016,27.97878,20241118055437
20241118055543,3000,0.6348,0.016,24.11091,20241118055547
20241118055610,3000,0.8145,0.008,36.91336,20241118055618
20241118055717,3000,0.9699,0.012,43.57478,20241118055718
20241118055747,3000,0.4775,0.052,26.36868,20241118055748
20241118055854,3000,0.9527,0.012,38.78225,20241118055858
20241118055920,3000,0.9333,0.008,30.37784,20241118055928
20241118060028,3000,0.947,0.004,33.32107,20241118060028
20241118060055,3000,0.8778,0.012,30.59747,20241118060058
20241118060203,3000,0.7836,0.012,25.41466,20241118060208
20241118060230,3000,0.8362,0.012,27.04574,20241118060238
20241118060338,3000,0.6708,0.008,41.06381,20241118060338
20241118060407,3000,0.2173,0.028,29.691,20241118060408
20241118060514,3000,0.9573,0.008,25.06494,20241118060518
20241118060541,3000,0.9426,0.012,29.59587,20241118060548
20241118060649,3000,0.9548,0.016,32.2831,20241118060649
20241118060716,3000,0.8971,0.008,37.61,20241118060719
20241118060824,3000,0.765,0.004,40.0776,20241118060829
20241118060850,3000,0.783,0.02,24.93484,20241118060859
20241118060958,3000,0.6391,0.008,40.37556,20241118060959
20241118061025,3000,0.818,0.016,37.68134,20241118061029
20241118061132,3000,0.9773,0.012,24.85231,20241118061139
20241118061200,3000,0.8283,0.028,41.74646,20241118061209
20241118061308,3000,0.5881,0.012,32.08027,20241118061309
20241118061334,3000,0.8363,0.016,29.17202,20241118061339
20241118061441,3000,0.793,0.02,23.69545,20241118061449
20241118061508,3000,0.8134,0.012,25.91685,20241118061509
20241118061616,3000,0.5844,0.02,42.53682,20241118061615
20241118061643,3000,0.8622,0.012,34.12821,20241118061645
20241118061750,3000,0.9293,0.012,24.71942,20241118061755
20241118061817,3000,0.8469,0.028,47.58953,20241118061815
20241118061925,3000,0.77,0.008,33.86942,20241118061925
20241118061952,3000,0.8145,0.004,35.79147,20241118061955
20241118062100,3000,0.6867,0.008,41.16313,20241118062105
20241118062129,3000,0.1872,0.036,24.47182,20241118062125
20241118062237,3000,0.6742,0.012,41.8108,20241118062235
20241118062303,3000,0.803,0.008,31.56968,20241118062305
20241118062410,3000,0.945,0.028,24.65927,20241118062415
20241118062437,3000,0.9077,0.02,31.48295,20241118062435
20241118062545,3000,0.7816,0.008,43.32578,20241118062545
20241118062612,3000,0.804,0.004,29.14684,20241118062615
20241118062720,3000,0.6266,0.024,26.75058,20241118062725
20241118062747,3000,0.846,0.012,23.83533,20241118062746
20241118062855,3000,0.5434,0.012,40.73927,20241118062856
20241118062922,3000,0.7462,0.024,37.41695,20241118062926
20241118063029,3000,0.9377,0.008,39.82161,20241118063026
20241118063056,3000,0.9235,0.016,24.43125,20241118063056
20241118063204,3000,0.7875,0.012,38.70951,20241118063206
20241118063230,3000,0.803,0.012,29.26295,20241118063236
20241118063343,3200,0.5345,0.008,44.09935,20241118063346
20241118063410,3200,0.8379,0.004,30.15542,20241118063416
20241118063517,3200,0.83,0.012,35.0109,20241118063516
20241118063545,3200,0.6853,0.024,26.48199,20241118063546
20241118063652,3200,0.6099,0.012,43.27542,20241118063656
20241118063720,3200,0.4502,0.052,29.6938,20241118063726
20241118063827,3200,0.5309,0.016,41.37296,20241118063827
20241118063854,3200,0.8568,0.012,39.32082,20241118063857
20241118064001,3200,0.7723,0.016,45.82556,20241118064007
20241118064028,3200,0.825,0.008,36.02927,20241118064027
20241118064134,3200,0.9675,0.012,33.55887,20241118064137
20241118064202,3200,0.8321,0.012,46.1403,20241118064207
20241118064309,3200,0.7722,0.008,44.32177,20241118064307
20241118064336,3200,0.8492,0.004,28.46419,20241118064337
20241118064442,3200,0.9824,0.016,45.19467,20241118064447
20241118064510,3200,0.9823,0.004,32.12923,20241118064517
20241118064617,3200,0.9849,0.008,48.03017,20241118064617
20241118064643,3200,0.94,0.012,40.96449,20241118064647
20241118064749,3200,0.9799,0.008,35.95374,20241118064747
20241118064816,3200,0.9723,0.004,25.83851,20241118064817
20241118064923,3200,0.9722,0.016,43.40411,20241118064928
20241118064950,3200,0.9398,0.016,41.76324,20241118064958
20241118065056,3200,0.9824,0.008,43.50343,20241118065058
20241118065124,3200,0.9773,0.004,25.12369,20241118065128
20241118065231,3200,0.9824,0.02,47.5014,20241118065238
20241118065258,3200,0.9302,0.024,25.81893,20241118065258
20241118065405,3200,0.9698,0.02,47.60912,20241118065408
20241118065431,3200,0.9554,0.004,27.75636,20241118065438
20241118065538,3200,0.9874,0.004,48.07914,20241118065538
20241118065605,3200,0.9418,0.008,33.75471,20241118065608
20241118065712,3200,0.9698,0.008,24.50259,20241118065718
20241118065739,3200,0.9726,0.02,24.44944,20241118065738
20241118065846,3200,0.9874,0.008,35.1424,20241118065848
20241118065912,3200,0.9327,0.004,29.61966,20241118065918
20241118070019,3200,0.9676,0.016,36.54966,20241118070019
20241118070047,3200,0.9125,0.008,31.93339,20241118070049
20241118070153,3200,0.9774,0.008,45.05058,20241118070159
20241118070220,3200,0.9577,0.008,36.80845,20241118070229
20241118070327,3200,0.9433,0.016,38.2241,20241118070329
20241118070354,3200,0.9375,0.024,27.18563,20241118070359
20241118070501,3200,0.9671,0.008,24.79216,20241118070509
20241118070527,3200,0.9799,0.004,34.07366,20241118070529
20241118070634,3200,0.9726,0.012,45.99902,20241118070639
20241118070702,3200,0.9798,0.016,28.4502,20241118070709
20241118070809,3200,0.9773,0.02,46.05357,20241118070809
20241118070836,3200,0.9309,0.016,24.65227,20241118070835
20241118070943,3200,0.9696,0.02,40.14475,20241118070945
20241118071010,3200,0.9774,0.008,39.49427,20241118071015
20241118071117,3200,0.9849,0.004,41.76044,20241118071115
20241118071145,3200,0.9499,0.008,24.55855,20241118071145
20241118071252,3200,0.9673,0.008,51.16924,20241118071255
20241118071318,3200,0.9699,0.004,33.17838,20241118071315
20241118071425,3200,0.975,0.008,44.49244,20241118071425
20241118071453,3200,0.9421,0.016,38.74168,20241118071455
20241118071600,3200,0.9425,0.012,45.05058,20241118071605
20241118071626,3200,0.9577,0.004,26.5911,20241118071625
20241118071733,3200,0.9898,0.012,34.71574,20241118071735
20241118071801,3200,0.9214,0.004,46.84673,20241118071805
20241118071908,3200,0.938,0.012,40.22728,20241118071905
20241118071935,3200,0.869,0.016,27.9634,20241118071936
20241118072041,3200,0.9774,0.016,44.91909,20241118072046
20241118072107,3200,0.9676,0.008,37.21552,20241118072106
20241118072214,3200,0.9798,0.028,34.0107,20241118072216
20241118072241,3200,0.935,0.02,33.2805,20241118072246
20241118072348,3200,0.9436,0.012,38.48989,20241118072346
20241118072416,3200,0.8382,0.004,26.21761,20241118072416
20241118072523,3200,0.9223,0.008,44.4141,20241118072526
20241118072550,3200,0.9798,0.012,29.46858,20241118072556
20241118072657,3200,0.9577,0.012,40.61617,20241118072656
20241118072724,3200,0.9521,0.012,39.17393,20241118072726
20241118072831,3200,0.9377,0.008,46.18926,20241118072836
20241118072856,3200,0.9873,0.016,28.10888,20241118072856
20241118073003,3200,0.9873,0.016,36.66996,20241118073006
20241118073031,3200,0.9724,0.0,40.56021,20241118073036
20241118073138,3200,0.9849,0.012,34.20375,20241118073137
20241118073206,3200,0.9352,0.004,24.60891,20241118073207
20241118073313,3200,0.9646,0.02,43.31039,20241118073317
20241118073340,3200,0.8802,0.028,37.10361,20241118073347
20241118073446,3200,0.9924,0.008,44.33157,20241118073447
20241118073514,3200,0.9471,0.004,38.77945,20241118073517
20241118073621,3200,0.9772,0.016,24.95163,20241118073627
20241118073648,3200,0.9395,0.028,24.83972,20241118073647
20241118073755,3200,0.9472,0.0198,37.4841,20241118073757
20241118073822,3200,0.9798,0.004,42.93269,20241118073827
20241118073929,3200,0.9773,0.016,34.99411,20241118073927
20241118073956,3200,0.9397,0.0238,26.02037,20241118073957
20241118074103,3200,0.9626,0.008,43.32438,20241118074107
20241118074130,3200,0.8775,0.024,35.81245,20241118074137
20241118074237,3200,0.8462,0.02,46.99501,20241118074237
20241118074304,3200,0.9773,0.012,37.38758,20241118074307
20241118074411,3200,0.9697,0.016,49.19263,20241118074418
20241118074439,3200,0.9353,0.012,24.58652,20241118074438
20241118074546,3200,0.8054,0.02,39.7041,20241118074548
20241118074613,3200,0.9629,0.012,41.11696,20241118074618
20241118074720,3200,0.9699,0.02,36.91056,20241118074728
20241118074747,3200,0.9495,0.016,25.99239,20241118074748
20241118074854,3200,0.9449,0.008,42.71027,20241118074858
20241118074920,3200,0.7666,0.012,27.0891,20241118074928
20241118075026,3200,0.9849,0.02,36.50069,20241118075028
20241118075054,3200,0.9375,0.004,39.53064,20241118075058
20241118075201,3200,0.9698,0.02,34.75351,20241118075209
20241118075229,3200,0.8492,0.004,24.55295,20241118075229
20241118075336,3200,0.7841,0.02,44.45187,20241118075339
20241118075403,3200,0.9471,0.016,29.3245,20241118075409
20241118075510,3200,0.9599,0.016,26.31413,20241118075519
20241118075536,3200,0.8346,0.016,25.30974,20241118075539
20241118075642,3200,0.9824,0.012,47.35872,20241118075649
20241118075708,3200,0.9369,0.004,25.3559,20241118075709
20241118075815,3200,0.9472,0.012,44.42389,20241118075819
20241118075842,3200,0.8362,0.016,31.83966,20241118075849
20241118075949,3200,0.7794,0.016,37.7359,20241118075949
20241118080016,3200,0.9397,0.008,35.70893,20241118080019
20241118080123,3200,0.9698,0.02,44.45746,20241118080129
20241118080150,3200,0.8245,0.016,32.22575,20241118080154
20241118080256,3200,0.9651,0.012,41.36456,20241118080255
20241118080324,3200,0.9327,0.008,25.80354,20241118080325
20241118080431,3200,0.9721,0.016,48.81494,20241118080435
20241118080457,3200,0.8706,0.008,37.28546,20241118080455
20241118080604,3200,0.8263,0.024,41.64014,20241118080605
20241118080629,3200,0.9696,0.016,32.42859,20241118080625
20241118080736,3200,0.9773,0.012,44.56518,20241118080735
20241118080804,3200,0.908,0.004,25.55454,20241118080805
20241118080911,3200,0.813,0.016,42.29341,20241118080915
20241118080939,3200,0.6633,0.04,52.11068,20241118080935
20241118081045,3200,0.9723,0.016,36.41536,20241118081045
20241118081113,3200,0.9397,0.004,32.06348,20241118081115
20241118081220,3200,0.8844,0.012,46.54178,20241118081226
20241118081247,3200,0.7839,0.02,24.497,20241118081246
20241118081354,3200,0.8241,0.008,34.92277,20241118081356
20241118081421,3200,0.9674,0.02,45.82695,20241118081426
20241118081528,3200,0.965,0.02,37.40157,20241118081526
20241118081554,3200,0.8719,0.012,33.83025,20241118081556
20241118081701,3200,0.8074,0.016,45.0324,20241118081706
20241118081728,3200,0.967,0.008,40.65673,20241118081726
20241118081835,3200,0.9698,0.016,48.1197,20241118081836
20241118081903,3200,0.9328,0.008,35.61661,20241118081906
20241118082010,3200,0.9574,0.008,24.83692,20241118082016
20241118082038,3200,0.8346,0.016,24.57254,20241118082036
20241118082145,3200,0.7825,0.016,34.84863,20241118082146
20241118082212,3200,0.915,0.012,45.74162,20241118082217
20241118082319,3200,0.9551,0.012,41.88074,20241118082317
20241118082347,3200,0.9204,0.012,24.68584,20241118082347
20241118082454,3200,0.8747,0.012,39.16833,20241118082457
20241118082521,3200,0.8253,0.008,29.41962,20241118082527
20241118082627,3200,0.9578,0.016,36.50489,20241118082627
20241118082654,3200,0.9005,0.028,33.20356,20241118082657
20241118082801,3200,0.875,0.016,44.17629,20241118082807
20241118082829,3200,0.7192,0.02,24.50539,20241118082827
20241118082935,3200,0.9676,0.012,36.92175,20241118082937
20241118083002,3200,0.8456,0.02,29.33569,20241118083007
20241118083109,3200,0.8246,0.016,43.10056,20241118083107
20241118083137,3200,0.6179,0.052,25.66226,20241118083137
20241118083243,3200,0.9722,0.02,43.05859,20241118083247
20241118083310,3200,0.8507,0.008,41.43591,20241118083317
20241118083417,3200,0.8872,0.02,44.68827,20241118083418
20241118083445,3200,0.7261,0.028,30.73036,20241118083448
20241118083552,3200,0.7808,0.012,44.09795,20241118083558
20241118083619,3200,0.8065,0.008,24.28996,20241118083618
20241118083725,3200,0.9724,0.012,38.8438,20241118083728
20241118083753,3200,0.8539,0.012,40.64694,20241118083758
20241118083900,3200,0.818,0.02,25.77556,20241118083908
20241118083927,3200,0.8113,0.004,25.66925,20241118083928
20241118084033,3200,0.9303,0.016,45.60593,20241118084038
20241118084101,3200,0.7945,0.02,41.47088,20241118084108
20241118084208,3200,0.7126,0.004,43.64752,20241118084208
20241118084235,3200,0.928,0.004,26.15046,20241118084238
20241118084342,3200,0.9525,0.02,47.72522,20241118084348
20241118084409,3200,0.8429,0.012,24.46482,20241118084408
20241118084516,3200,0.9573,0.012,36.52308,20241118084519
20241118084544,3200,0.8055,0.02,40.53503,20241118084549
20241118084651,3200,0.7717,0.012,38.32762,20241118084659
20241118084719,3200,0.6203,0.052,24.30256,20241118084719
20241118084825,3200,0.9697,0.016,25.26917,20241118084829
20241118084852,3200,0.8411,0.02,30.189,20241118084859
20241118084959,3200,0.7744,0.02,38.91374,20241118084959
20241118085027,3200,0.7167,0.028,39.23968,20241118085029
20241118085133,3200,0.9257,0.016,48.10711,20241118085139
20241118085200,3200,0.7786,0.012,45.84235,20241118085209
20241118085306,3200,0.9747,0.016,41.90593,20241118085309
20241118085333,3200,0.9421,0.024,25.63428,20241118085335
20241118085440,3200,0.9254,0.012,41.85137,20241118085445
20241118085507,3200,0.8195,0.012,51.92603,20241118085505
20241118085614,3200,0.783,0.012,44.1721,20241118085615
20241118085642,3200,0.6352,0.06,26.29175,20241118085645
20241118085748,3200,0.9597,0.02,41.78283,20241118085745
20241118085815,3200,0.8713,0.004,24.34032,20241118085815
20241118085922,3200,0.794,0.016,46.05357,20241118085925
20241118085950,3200,0.7425,0.044,38.36399,20241118085955
20241118090056,3200,0.9575,0.016,36.1202,20241118090055
20241118090123,3200,0.8568,0.008,39.41174,20241118090125
20241118090230,3200,0.7377,0.016,44.0434,20241118090235
20241118090258,3200,0.6247,0.056,24.31235,20241118090255
20241118090404,3200,0.9373,0.024,41.23027,20241118090405
20241118090431,3200,0.8161,0.028,44.29939,20241118090436
20241118090538,3200,0.7945,0.004,38.46331,20241118090536
20241118090606,3200,0.6129,0.06,24.47322,20241118090606
20241118090713,3200,0.6045,0.008,32.18378,20241118090716
20241118090740,3200,0.9375,0.004,29.05871,20241118090746
20241118090847,3200,0.9675,0.008,40.37136,20241118090846
20241118090914,3200,0.94,0.016,39.74047,20241118090916
