time,cpu_frequency,cpu_usage,sda_usage,active_power,power_time
20241116113540,800,0.9899,0.0,22.9918,20241116113549
20241116113633,800,0.9924,0.0,22.9392,20241116113639
20241116113748,800,0.9849,0.0,22.96944,20241116113749
20241116113836,800,0.9924,0.0,23.16541,20241116113839
20241116113952,800,0.9798,0.0,23.71646,20241116113959
20241116114044,800,0.9874,0.0,22.83661,20241116114049
20241116114200,800,0.9848,0.048,22.88791,20241116114209
20241116114251,800,0.9873,0.028,22.82215,20241116114259
20241116114407,800,0.9775,0.0,23.09833,20241116114409
20241116114456,800,0.9798,0.052,23.4942,20241116114459
20241116114612,800,0.9773,0.008,23.12595,20241116114619
20241116114704,800,0.9849,0.012,22.99443,20241116114709
20241116114820,800,0.9799,0.012,22.98917,20241116114825
20241116114912,800,0.9521,0.004,23.19434,20241116114915
20241116115027,800,0.8649,0.04,22.87344,20241116115025
20241116115117,800,0.9874,0.004,23.13384,20241116115115
20241116115233,800,0.9849,0.008,23.31402,20241116115235
20241116115328,800,0.8987,0.064,25.18551,20241116115325
20241116115445,800,0.9849,0.008,22.83398,20241116115445
20241116115532,800,0.9874,0.0,23.17987,20241116115535
20241116115648,800,0.9749,0.0,22.91947,20241116115645
20241116115740,800,0.9899,0.0,22.88527,20241116115745
20241116115857,800,0.9874,0.008,23.00759,20241116115855
20241116115949,800,0.9849,0.008,23.75723,20241116115946
20241116120104,800,0.9899,0.04,23.00496,20241116120106
20241116120159,800,0.9774,0.0,23.22985,20241116120156
20241116120314,800,0.9322,0.032,22.96813,20241116120316
20241116120406,800,0.9848,0.0158,23.07203,20241116120406
20241116120521,800,0.9825,0.0,22.92473,20241116120526
20241116120614,800,0.9751,0.004,23.51261,20241116120616
20241116120730,800,0.9824,0.016,23.89927,20241116120736
20241116120822,800,0.9874,0.0079,22.84976,20241116120826
20241116120938,800,0.9749,0.012,22.97339,20241116120936
20241116121026,800,0.9924,0.0,22.98391,20241116121026
20241116121142,800,0.871,0.0,23.00101,20241116121146
20241116121234,800,0.9874,0.0,23.27456,20241116121236
20241116121350,800,0.9774,0.02,23.92163,20241116121357
20241116121441,800,0.9823,0.0,22.91947,20241116121447
20241116121557,800,0.9698,0.036,23.21801,20241116121557
20241116121649,800,0.9824,0.004,23.28903,20241116121647
20241116121805,800,0.9677,0.044,22.8787,20241116121807
20241116121902,800,0.8607,0.008,22.72219,20241116121907
20241116122018,800,0.9824,0.012,22.90369,20241116122017
20241116122110,800,0.9849,0.044,22.78401,20241116122117
20241116122226,800,0.9924,0.032,22.97076,20241116122227
20241116122320,800,0.9824,0.008,22.99706,20241116122327
20241116122436,800,0.9749,0.0,23.1128,20241116122437
20241116122532,800,0.9825,0.0,22.92999,20241116122538
20241116122648,800,0.9749,0.004,22.87475,20241116122648
20241116122742,800,0.9924,0.0,22.8011,20241116122748
20241116122858,800,0.9773,0.044,23.02074,20241116122858
20241116122951,800,0.9849,0.004,23.0523,20241116122958
20241116123107,800,0.9849,0.0,22.94972,20241116123108
20241116123159,800,0.9398,0.0,23.01811,20241116123158
20241116123315,800,0.9849,0.012,24.31486,20241116123318
20241116123408,800,0.935,0.008,22.99049,20241116123408
20241116123524,800,0.9874,0.008,23.07203,20241116123528
20241116123616,800,0.938,0.012,23.59678,20241116123618
20241116123733,800,0.9874,0.008,23.45343,20241116123739
20241116123828,800,0.9372,0.016,23.12463,20241116123829
20241116123944,800,0.9849,0.0,22.92604,20241116123949
20241116124036,800,0.9874,0.0,23.24563,20241116124039
20241116124152,800,0.9825,0.0,23.79274,20241116124159
20241116124246,800,0.9949,0.004,23.0352,20241116124249
20241116124402,800,0.9749,0.008,23.41266,20241116124409
20241116124452,800,0.975,0.008,22.95892,20241116124459
20241116124608,800,0.98,0.0,22.86949,20241116124609
20241116124701,800,0.8883,0.052,24.83962,20241116124709
20241116124816,800,0.9849,0.024,22.9313,20241116124815
20241116124909,800,0.9152,0.0,23.66912,20241116124905
20241116125024,800,0.9849,0.008,22.8958,20241116125025
20241116125120,800,0.9146,0.0,23.21933,20241116125125
20241116125235,800,0.9775,0.012,22.97997,20241116125235
20241116125328,800,0.9451,0.0,23.26273,20241116125325
20241116125444,800,0.9824,0.004,22.92604,20241116125445
20241116125538,800,0.9924,0.0,23.24169,20241116125535
20241116125654,800,0.9798,0.008,23.06151,20241116125655
20241116125747,800,0.8441,0.036,23.06414,20241116125745
20241116125902,800,0.9898,0.012,24.64234,20241116125906
20241116125955,800,0.861,0.0,23.03126,20241116125956
20241116130110,800,0.9723,0.02,23.70989,20241116130116
20241116130206,800,0.8119,0.0,23.07597,20241116130206
20241116130321,800,0.9798,0.0,23.18513,20241116130326
20241116130414,800,0.9175,0.008,23.23116,20241116130416
20241116130530,800,0.9824,0.008,23.57705,20241116130536
20241116130623,800,0.8657,0.0,22.9392,20241116130626
20241116130738,800,0.9799,0.004,22.97865,20241116130736
20241116130831,800,0.8933,0.0,22.95892,20241116130836
20241116130947,800,0.9725,0.008,23.16804,20241116130947
20241116131036,800,0.9848,0.0,22.98128,20241116131037
20241116131152,800,0.9798,0.008,22.97734,20241116131157
20241116131244,800,0.9849,0.0,23.1996,20241116131247
20241116131400,800,0.9849,0.024,23.24826,20241116131407
20241116131452,800,0.9873,0.008,22.7314,20241116131457
20241116131608,800,0.9849,0.008,23.00101,20241116131607
20241116131704,800,0.9825,0.008,23.32323,20241116131707
20241116131820,800,0.9825,0.008,23.21407,20241116131827
20241116131914,800,0.9173,0.048,22.9918,20241116131917
20241116132030,800,0.9899,0.008,23.3732,20241116132038
20241116132121,800,0.9949,0.0,23.08518,20241116132128
20241116132237,800,0.9799,0.016,22.91684,20241116132238
20241116132331,800,0.9774,0.036,22.87475,20241116132338
20241116132447,800,0.9849,0.008,23.12069,20241116132448
20241116132540,800,0.7995,0.024,23.94004,20241116132548
20241116132656,800,0.9924,0.0,23.84929,20241116132658
20241116132750,800,0.9799,0.024,22.79979,20241116132758
20241116132906,800,0.9849,0.008,23.14042,20241116132908
20241116133001,800,0.9223,0.068,22.9392,20241116133008
20241116133116,800,0.9799,0.02,23.14173,20241116133118
20241116133209,800,0.8321,0.0,23.02468,20241116133208
20241116133325,800,0.9899,0.0,24.36747,20241116133328
20241116133419,800,0.9824,0.004,23.06151,20241116133418
20241116133535,800,0.9799,0.0,23.41792,20241116133538
20241116133631,800,0.8872,0.0,22.91289,20241116133639
20241116133747,800,0.9799,0.008,23.19697,20241116133749
20241116133839,800,0.9924,0.0,22.89711,20241116133839
20241116133955,800,0.8403,0.024,23.47184,20241116133959
20241116134047,800,0.9874,0.0,23.40871,20241116134049
20241116134203,800,0.9422,0.052,23.29561,20241116134209
20241116134259,800,0.9429,0.008,23.02205,20241116134259
20241116134414,800,0.9874,0.032,23.41003,20241116134419
20241116134507,800,0.9874,0.0,23.29035,20241116134509
20241116134623,800,0.9849,0.016,23.01416,20241116134625
20241116134716,800,0.9799,0.008,23.08123,20241116134715
20241116134831,800,0.9848,0.028,23.21538,20241116134835
20241116134926,800,0.9725,0.048,23.50603,20241116134925
20241116135042,800,0.9824,0.012,24.50425,20241116135045
20241116135134,800,0.9924,0.0,23.31665,20241116135135
20241116135249,800,0.9401,0.02,22.92736,20241116135245
20241116135346,800,0.9086,0.0,22.9826,20241116135345
20241116135501,800,0.9799,0.0,23.12332,20241116135505
20241116135554,800,0.9849,0.012,23.56259,20241116135555
20241116135710,800,0.9749,0.0,23.67043,20241116135715
20241116135802,800,0.9825,0.0,22.95761,20241116135806
20241116135918,800,0.97,0.032,23.03389,20241116135916
20241116140012,800,0.9722,0.012,22.98128,20241116140016
20241116140128,800,0.9328,0.02,22.99049,20241116140126
20241116140223,800,0.9772,0.0,23.47053,20241116140226
20241116140339,800,0.9824,0.008,23.21144,20241116140336
20241116140434,800,0.9471,0.004,23.52839,20241116140436
20241116140550,800,0.9526,0.008,23.88217,20241116140556
20241116140642,800,0.9798,0.0,22.73271,20241116140646
20241116140757,800,0.9825,0.024,22.90106,20241116140756
20241116140850,800,0.9574,0.008,23.16804,20241116140857
20241116141006,800,0.9678,0.008,22.97865,20241116141007
20241116141058,800,0.9776,0.008,23.12595,20241116141057
20241116141214,800,0.9524,0.0,23.11674,20241116141217
20241116141306,800,0.9849,0.0,23.1391,20241116141307
20241116141422,800,0.9776,0.008,24.21623,20241116141427
20241116141514,800,0.9776,0.0,23.42055,20241116141517
20241116141629,800,0.9598,0.116,22.95629,20241116141627
20241116141722,800,0.9899,0.004,22.96682,20241116141728
20241116141838,800,0.9874,0.012,22.99706,20241116141838
20241116141929,800,0.9825,0.0,23.07335,20241116141928
20241116142045,800,0.9898,0.012,24.48584,20241116142048
20241116142138,800,0.9899,0.0,23.13647,20241116142138
20241116142254,800,0.9824,0.0,23.67569,20241116142258
20241116142350,800,0.9725,0.032,22.79979,20241116142358
20241116142506,800,0.8825,0.0,22.96418,20241116142508
20241116142559,800,0.952,0.016,23.02731,20241116142558
20241116142714,800,0.9823,0.012,23.29824,20241116142718
20241116142806,800,0.9874,0.008,23.54944,20241116142808
20241116142922,800,0.9898,0.004,24.20571,20241116142928
20241116143018,800,0.9109,0.012,23.01022,20241116143018
20241116143135,800,0.98,0.004,23.11543,20241116143138
20241116143228,800,0.9023,0.036,23.41134,20241116143228
20241116143343,800,0.9798,0.028,23.54023,20241116143348
20241116143434,800,0.9874,0.004,22.88001,20241116143439
20241116143550,800,0.9799,0.0,22.98654,20241116143559
20241116143641,800,0.9874,0.0,22.93657,20241116143649
20241116143757,800,0.9799,0.016,23.04704,20241116143759
20241116143852,800,0.9824,0.032,22.81294,20241116143859
20241116144008,800,0.9824,0.008,23.07466,20241116144009
20241116144103,800,0.9501,0.008,22.86423,20241116144109
20241116144220,800,0.9874,0.004,23.18382,20241116144229
20241116144315,800,0.9874,0.016,22.8011,20241116144319
20241116144431,800,0.9749,0.016,23.27193,20241116144439
20241116144523,800,0.9823,0.048,22.87738,20241116144529
20241116144639,800,0.9899,0.0,23.04046,20241116144639
20241116144732,800,0.9849,0.0,22.9484,20241116144739
20241116144848,800,0.975,0.008,23.0089,20241116144845
20241116144940,800,0.9949,0.0,22.98391,20241116144945
20241116145056,800,0.9873,0.012,23.02205,20241116145055
20241116145149,800,0.8936,0.0,23.79406,20241116145145
20241116145305,800,0.9874,0.008,23.03915,20241116145305
20241116145357,800,0.9776,0.008,23.00627,20241116145355
20241116145513,800,0.9146,0.22,23.87691,20241116145515
20241116145605,800,0.9499,0.02,23.03126,20241116145605
20241116145721,800,0.9874,0.012,22.95366,20241116145725
20241116145812,800,0.9823,0.008,23.0089,20241116145815
20241116145928,800,0.9874,0.008,23.0089,20241116145925
20241116150022,800,0.9949,0.0,22.7919,20241116150025
20241116150139,800,0.9849,0.016,22.94051,20241116150135
20241116150231,800,0.985,0.0,22.8787,20241116150236
20241116150347,800,0.9773,0.016,23.07992,20241116150346
20241116150439,800,0.9924,0.0,24.06498,20241116150436
20241116150555,800,0.9799,0.008,22.97076,20241116150556
20241116150648,800,0.8444,0.0,23.02863,20241116150646
20241116150803,800,0.9774,0.008,24.55423,20241116150806
20241116150855,800,0.9899,0.0079,22.94051,20241116150856
20241116151017,1000,0.985,0.008,22.98128,20241116151016
20241116151109,1000,0.8374,0.048,23.16409,20241116151106
20241116151224,1000,0.9924,0.0,24.03605,20241116151226
20241116151316,1000,0.9899,0.008,23.17461,20241116151316
20241116151431,1000,0.9874,0.008,23.16014,20241116151437
20241116151519,1000,0.8529,0.06,23.09439,20241116151517
20241116151634,1000,0.9825,0.0,23.81379,20241116151637
20241116151726,1000,0.9924,0.008,23.11806,20241116151727
20241116151842,1000,0.985,0.004,23.17856,20241116151847
20241116151933,1000,0.9899,0.0,22.96813,20241116151937
20241116152049,1000,0.9924,0.008,23.00496,20241116152047
20241116152135,1000,0.985,0.0,23.55338,20241116152137
20241116152251,1000,0.9949,0.004,23.94004,20241116152257
20241116152338,1000,0.88,0.024,22.97076,20241116152337
20241116152453,1000,0.98,0.004,23.08387,20241116152457
20241116152547,1000,0.9849,0.02,23.29955,20241116152547
20241116152703,1000,0.9924,0.008,22.94972,20241116152708
20241116152755,1000,0.9899,0.008,23.55996,20241116152758
20241116152911,1000,0.9849,0.0,24.64497,20241116152918
20241116152959,1000,0.9426,0.032,22.97208,20241116152958
20241116153115,1000,0.9874,0.008,24.42139,20241116153118
20241116153203,1000,0.9798,0.04,22.98391,20241116153208
20241116153318,1000,0.9751,0.008,23.08913,20241116153318
20241116153410,1000,0.8797,0.008,23.67832,20241116153418
20241116153525,1000,0.9874,0.0,24.68311,20241116153528
20241116153616,1000,0.9924,0.008,23.30613,20241116153618
20241116153732,1000,0.9924,0.0,24.01895,20241116153738
20241116153824,1000,0.908,0.008,23.13384,20241116153828
20241116153939,1000,0.9874,0.0,23.22853,20241116153939
20241116154031,1000,0.8168,0.0,24.14915,20241116154039
20241116154150,1000,0.9924,0.008,22.99443,20241116154159
20241116154239,1000,0.7961,0.096,22.97997,20241116154239
20241116154354,1000,0.9825,0.0,23.59678,20241116154359
20241116154443,1000,0.8123,0.0,23.12595,20241116154449
20241116154558,1000,0.9924,0.0,22.90763,20241116154559
20241116154650,1000,0.9027,0.04,24.6042,20241116154659
20241116154806,1000,0.9899,0.016,24.47268,20241116154809
20241116154857,1000,0.9899,0.02,23.42449,20241116154859
20241116155012,1000,0.9799,0.048,24.07682,20241116155019
20241116155100,1000,0.9849,0.016,24.06235,20241116155109
20241116155215,1000,0.9924,0.012,23.08518,20241116155219
20241116155303,1000,0.9874,0.012,23.11806,20241116155309
20241116155418,1000,0.9873,0.04,23.17198,20241116155419
20241116155505,1000,0.9446,0.016,23.16409,20241116155509
20241116155620,1000,0.9924,0.008,22.85634,20241116155625
20241116155714,1000,0.9949,0.0,23.23906,20241116155715
20241116155829,1000,0.9924,0.012,22.95892,20241116155825
20241116155916,1000,0.9874,0.004,23.026,20241116155915
20241116160032,1000,0.9776,0.008,24.26883,20241116160035
20241116160126,1000,0.9975,0.012,23.53365,20241116160125
20241116160241,1000,0.9924,0.008,22.8958,20241116160245
20241116160335,1000,0.9874,0.0,23.12332,20241116160335
20241116160450,1000,0.9924,0.016,23.17198,20241116160455
20241116160543,1000,0.9924,0.0,23.23511,20241116160545
20241116160658,1000,0.9874,0.008,23.05099,20241116160655
20241116160752,1000,0.9776,0.008,22.89711,20241116160756
20241116160907,1000,0.9824,0.04,23.06151,20241116160906
20241116160954,1000,0.9899,0.0,23.35084,20241116160956
20241116161110,1000,0.9799,0.012,23.73487,20241116161116
20241116161205,1000,0.9849,0.008,23.4337,20241116161206
20241116161320,1000,0.9825,0.016,22.83135,20241116161326
20241116161409,1000,0.9824,0.036,23.25615,20241116161406
20241116161524,1000,0.9874,0.004,22.80768,20241116161526
20241116161616,1000,0.9899,0.012,23.29035,20241116161616
20241116161732,1000,0.9874,0.0,22.92867,20241116161736
20241116161820,1000,0.9899,0.008,23.45343,20241116161826
20241116161935,1000,0.9949,0.04,23.08913,20241116161937
20241116162023,1000,0.9949,0.008,23.24958,20241116162027
20241116162138,1000,0.98,0.032,23.10885,20241116162137
20241116162229,1000,0.985,0.0,23.10491,20241116162227
20241116162345,1000,0.975,0.032,22.98391,20241116162347
20241116162438,1000,0.9875,0.0,22.86555,20241116162437
20241116162553,1000,0.9825,0.012,23.59415,20241116162557
20241116162641,1000,0.9899,0.0,22.94577,20241116162647
20241116162756,1000,0.9924,0.02,22.97602,20241116162757
20241116162847,1000,0.9875,0.0,23.01548,20241116162847
20241116163003,1000,0.9924,0.0,23.26404,20241116163007
20241116163055,1000,0.9924,0.0,23.24958,20241116163057
20241116163211,1000,0.9799,0.0,23.34427,20241116163217
20241116163259,1000,0.985,0.0,23.11017,20241116163258
20241116163414,1000,0.9774,0.008,23.27983,20241116163418
20241116163508,1000,0.9798,0.06,23.04441,20241116163508
20241116163623,1000,0.9899,0.008,23.09702,20241116163628
20241116163711,1000,0.9799,0.016,23.06414,20241116163718
20241116163826,1000,0.9849,0.008,23.07466,20241116163828
20241116163914,1000,0.98,0.008,23.07861,20241116163918
20241116164030,1000,0.9849,0.0,23.13647,20241116164038
20241116164122,1000,0.9797,0.008,22.97997,20241116164128
20241116164237,1000,0.9899,0.032,23.04836,20241116164238
20241116164330,1000,0.8955,0.028,25.09344,20241116164338
20241116164445,1000,0.9874,0.0,23.46658,20241116164448
20241116164536,1000,0.9849,0.036,23.22459,20241116164538
20241116164651,1000,0.9975,0.012,23.58232,20241116164658
20241116164745,1000,0.9899,0.0,23.12069,20241116164748
20241116164901,1000,0.9924,0.0,23.29824,20241116164908
20241116164952,1000,0.9975,0.012,23.02074,20241116164958
20241116165107,1000,0.9874,0.016,23.02731,20241116165108
20241116165202,1000,0.932,0.008,22.89317,20241116165208
20241116165318,1000,0.9899,0.004,22.9392,20241116165318
20241116165411,1000,0.975,0.052,22.89843,20241116165418
20241116165526,1000,0.9825,0.008,23.9019,20241116165528
20241116165618,1000,0.94,0.056,23.05625,20241116165619
20241116165733,1000,0.9899,0.032,22.9655,20241116165739
20241116165822,1000,0.8784,0.036,23.19302,20241116165829
20241116165937,1000,0.98,0.0,23.00101,20241116165939
20241116170024,1000,0.9924,0.0,22.86292,20241116170029
20241116170139,1000,0.9924,0.008,23.03652,20241116170139
20241116170227,1000,0.9874,0.0,23.53234,20241116170229
20241116170343,1000,0.9874,0.004,23.73356,20241116170349
20241116170430,1000,0.9823,0.036,24.23858,20241116170439
20241116170545,1000,0.9799,0.008,23.06019,20241116170549
20241116170633,1000,0.8778,0.04,23.02205,20241116170639
20241116170748,1000,0.9899,0.0,22.99969,20241116170749
20241116170841,1000,0.9425,0.032,22.99575,20241116170849
20241116170957,1000,0.98,0.0,24.23595,20241116170959
20241116171048,1000,0.9874,0.0,23.31796,20241116171049
20241116171203,1000,0.9774,0.044,23.9019,20241116171209
20241116171254,1000,0.9776,0.004,22.92604,20241116171259
20241116171409,1000,0.9899,0.0119,22.97997,20241116171409
20241116171501,1000,0.9451,0.016,23.83088,20241116171509
20241116171617,1000,0.9975,0.008,23.10096,20241116171615
20241116171709,1000,0.9823,0.032,23.0957,20241116171705
20241116171824,1000,0.9775,0.008,23.03915,20241116171825
20241116171918,1000,0.8731,0.024,23.07203,20241116171915
20241116172033,1000,0.9825,0.0,23.06545,20241116172035
20241116172125,1000,0.9874,0.004,22.96418,20241116172125
20241116172241,1000,0.9899,0.0,22.87607,20241116172245
20241116172335,1000,0.9774,0.036,23.06414,20241116172335
20241116172450,1000,0.9874,0.008,22.95761,20241116172455
20241116172542,1000,0.9874,0.004,23.243,20241116172545
20241116172658,1000,0.9825,0.0,22.8787,20241116172655
20241116172750,1000,0.9571,0.048,22.84187,20241116172755
20241116172905,1000,0.985,0.032,22.93262,20241116172905
20241116172956,1000,0.9874,0.008,23.07335,20241116172955
20241116173112,1000,0.985,0.0,23.81641,20241116173115
20241116173159,1000,0.9183,0.016,24.77517,20241116173155
20241116173314,1000,0.9899,0.024,23.0352,20241116173315
20241116173406,1000,0.8731,0.004,23.20749,20241116173405
20241116173520,1000,0.9799,0.036,23.14305,20241116173526
20241116173612,1000,0.9825,0.02,23.19171,20241116173616
20241116173728,1000,0.9849,0.008,23.01153,20241116173726
20241116173815,1000,0.8643,0.088,23.46921,20241116173816
20241116173930,1000,0.9949,0.0,23.69936,20241116173936
20241116174022,1000,0.9899,0.008,22.87475,20241116174026
20241116174138,1000,0.9776,0.008,23.09833,20241116174136
20241116174230,1000,0.9217,0.028,22.91947,20241116174236
20241116174345,1000,0.9899,0.008,22.93657,20241116174346
20241116174438,1000,0.8198,0.032,22.85634,20241116174436
20241116174553,1000,0.9849,0.0,23.53102,20241116174556
20241116174639,1000,0.9899,0.0,24.59499,20241116174636
20241116174755,1000,0.985,0.008,22.96024,20241116174756
20241116174846,1000,0.8607,0.08,23.28903,20241116174846
20241116175002,1000,0.9825,0.024,23.30876,20241116175006
20241116175053,1000,0.8759,0.004,23.14042,20241116175056
20241116175208,1000,0.9924,0.0,23.07992,20241116175206
20241116175257,1000,0.7748,0.008,23.12201,20241116175256
20241116175412,1000,0.9924,0.008,23.10359,20241116175416
20241116175504,1000,0.8543,0.036,23.24958,20241116175507
20241116175619,1000,0.9899,0.032,23.10622,20241116175617
20241116175705,1000,0.9874,0.008,23.50603,20241116175707
20241116175820,1000,0.9874,0.032,23.64807,20241116175827
20241116175917,1000,0.9975,0.012,23.39951,20241116175917
20241116180031,1000,0.9899,0.004,23.11674,20241116180037
20241116180123,1000,0.9899,0.028,22.91026,20241116180127
20241116180239,1000,0.9899,0.008,23.01416,20241116180237
20241116180331,1000,0.9874,0.0,23.04046,20241116180337
20241116180446,1000,0.9825,0.04,22.90369,20241116180447
20241116180539,1000,0.9924,0.0,23.13253,20241116180537
20241116180654,1000,0.98,0.008,24.4911,20241116180657
20241116180741,1000,0.9949,0.0,22.94051,20241116180747
20241116180856,1000,0.9949,0.012,22.96418,20241116180857
20241116180947,1000,0.9749,0.008,23.03652,20241116180947
20241116181103,1000,0.9874,0.008,23.18513,20241116181108
20241116181156,1000,0.9824,0.06,23.31139,20241116181158
20241116181311,1000,0.9873,0.008,23.88612,20241116181318
20241116181404,1000,0.9899,0.0,23.0957,20241116181408
20241116181519,1000,0.9975,0.004,23.03783,20241116181518
20241116181613,1000,0.9824,0.0396,22.89185,20241116181618
20241116181728,1000,0.9824,0.02,23.23116,20241116181728
20241116181820,1000,0.9924,0.008,23.00627,20241116181828
20241116181935,1000,0.9825,0.032,24.48978,20241116181938
20241116182026,1000,0.985,0.008,23.45737,20241116182028
20241116182142,1000,0.9849,0.008,23.59678,20241116182148
20241116182229,1000,0.9875,0.0,23.05362,20241116182228
20241116182345,1000,0.9874,0.0,24.44901,20241116182348
20241116182439,1000,0.9575,0.04,23.12727,20241116182438
20241116182554,1000,0.9874,0.016,23.0352,20241116182558
20241116182642,1000,0.9647,0.0,22.87344,20241116182648
20241116182756,1000,0.9799,0.04,23.61914,20241116182758
20241116182849,1000,0.985,0.004,23.30876,20241116182848
20241116183005,1000,0.9924,0.0,23.0352,20241116183009
20241116183057,1000,0.9924,0.0,23.3903,20241116183059
20241116183212,1000,0.9799,0.016,24.81594,20241116183219
20241116183304,1000,0.9924,0.016,23.45474,20241116183309
20241116183420,1000,0.9874,0.0,23.01548,20241116183429
20241116183508,1000,0.9823,0.06,23.05362,20241116183509
20241116183624,1000,0.9874,0.0,23.1825,20241116183629
20241116183712,1000,0.9924,0.02,23.09702,20241116183719
20241116183828,1000,0.9924,0.0,22.91684,20241116183829
20241116183921,1000,0.9874,0.004,22.83924,20241116183929
20241116184042,1100,0.9776,0.032,23.80984,20241116184049
20241116184130,1100,0.9799,0.028,24.48978,20241116184139
20241116184245,1100,0.9899,0.0,23.36794,20241116184249
20241116184336,1100,0.9433,0.0,22.76822,20241116184339
20241116184451,1100,0.9874,0.0,23.19171,20241116184459
20241116184542,1100,0.9495,0.0,22.87738,20241116184549
20241116184657,1100,0.9874,0.008,24.30171,20241116184659
20241116184747,1100,0.9925,0.0,23.24826,20241116184749
20241116184902,1100,0.9775,0.032,23.64544,20241116184909
20241116184948,1100,0.9849,0.008,23.37583,20241116184949
20241116185103,1100,0.9975,0.02,22.94972,20241116185105
20241116185153,1100,0.985,0.008,23.55075,20241116185155
20241116185309,1100,0.9849,0.008,23.03652,20241116185305
20241116185359,1100,0.9874,0.008,23.65202,20241116185355
20241116185514,1100,0.9899,0.0,22.91158,20241116185515
20241116185603,1100,0.9899,0.008,23.46263,20241116185605
20241116185718,1100,0.985,0.02,23.12332,20241116185715
20241116185809,1100,0.9002,0.04,23.44685,20241116185805
20241116185924,1100,0.9949,0.008,23.11806,20241116185925
20241116190010,1100,0.9849,0.0,22.82872,20241116190015
20241116190125,1100,0.9899,0.004,22.95366,20241116190125
20241116190214,1100,0.9874,0.008,23.70068,20241116190215
20241116190329,1100,0.9874,0.0,22.99312,20241116190325
20241116190419,1100,0.9824,0.056,24.71994,20241116190415
20241116190534,1100,0.98,0.0,22.9918,20241116190535
20241116190624,1100,0.9874,0.008,23.40214,20241116190625
20241116190739,1100,0.9874,0.0,23.08781,20241116190735
20241116190829,1100,0.9975,0.0,24.61209,20241116190825
20241116190944,1100,0.9799,0.032,22.9655,20241116190946
20241116191035,1100,0.8878,0.0,22.96024,20241116191036
20241116191150,1100,0.9899,0.008,22.98128,20241116191156
20241116191237,1100,0.8819,0.08,22.8524,20241116191236
20241116191352,1100,0.9924,0.004,22.99049,20241116191356
20241116191441,1100,0.9628,0.0,22.82872,20241116191446
20241116191556,1100,0.9874,0.0,22.95235,20241116191556
20241116191646,1100,0.9874,0.0,23.20486,20241116191646
20241116191802,1100,0.9874,0.012,23.37189,20241116191806
20241116191852,1100,0.985,0.012,23.18119,20241116191856
20241116192008,1100,0.9874,0.012,22.90632,20241116192006
20241116192057,1100,0.9875,0.0,22.99969,20241116192056
20241116192212,1100,0.9924,0.0,23.16409,20241116192217
20241116192302,1100,0.8564,0.036,22.90632,20241116192307
20241116192417,1100,0.9752,0.004,22.97208,20241116192417
20241116192510,1100,0.9575,0.008,22.86949,20241116192517
20241116192626,1100,0.98,0.016,23.02337,20241116192627
20241116192713,1100,0.9899,0.008,23.01942,20241116192717
20241116192828,1100,0.9874,0.0,23.08518,20241116192827
20241116192918,1100,0.9874,0.036,23.02468,20241116192917
20241116193033,1100,0.9924,0.0,22.94314,20241116193037
20241116193127,1100,0.8227,0.04,23.11411,20241116193127
20241116193242,1100,0.9899,0.016,22.9918,20241116193247
20241116193328,1100,0.898,0.084,23.07597,20241116193327
20241116193443,1100,0.9899,0.004,22.99575,20241116193447
20241116193536,1100,0.9623,0.032,22.86949,20241116193537
20241116193652,1100,0.9874,0.02,23.49025,20241116193657
20241116193742,1100,0.8484,0.0,22.81557,20241116193747
20241116193857,1100,0.9924,0.004,22.95366,20241116193857
20241116193944,1100,0.9874,0.0,23.52971,20241116193948
20241116194100,1100,0.985,0.008,23.42055,20241116194108
20241116194150,1100,0.9723,0.012,22.94972,20241116194158
20241116194305,1100,0.9899,0.0,23.16409,20241116194308
20241116194356,1100,0.8501,0.056,23.55338,20241116194358
20241116194510,1100,0.9799,0.032,23.28509,20241116194518
20241116194556,1100,0.8346,0.02,23.30218,20241116194558
20241116194710,1100,0.9798,0.024,23.33901,20241116194718
20241116194801,1100,0.8313,0.004,23.07203,20241116194808
20241116194916,1100,0.9949,0.016,23.82036,20241116194918
20241116195006,1100,0.915,0.0079,23.44948,20241116195008
20241116195121,1100,0.9924,0.004,23.00101,20241116195128
20241116195211,1100,0.8446,0.0,23.7546,20241116195219
20241116195325,1100,0.9899,0.024,23.28246,20241116195329
20241116195415,1100,0.9773,0.036,23.57442,20241116195419
20241116195530,1100,0.9924,0.008,28.69964,20241116195539
20241116195620,1100,0.9504,0.0,24.41745,20241116195629
20241116195735,1100,0.9924,0.0,22.91026,20241116195739
20241116195824,1100,0.9775,0.04,23.49946,20241116195829
20241116195939,1100,0.9849,0.04,23.06545,20241116195939
20241116200030,1100,0.8346,0.0,22.98786,20241116200039
20241116200145,1100,0.9825,0.016,22.9484,20241116200149
20241116200235,1100,0.8778,0.0,22.63145,20241116200239
20241116200350,1100,0.985,0.004,23.38241,20241116200355
20241116200437,1100,0.9874,0.028,23.11411,20241116200435
20241116200553,1100,0.9875,0.0,23.59678,20241116200555
20241116200642,1100,0.9924,0.0,23.63624,20241116200645
20241116200757,1100,0.9874,0.028,22.95629,20241116200755
20241116200847,1100,0.9949,0.0,22.73929,20241116200845
20241116201002,1100,0.9823,0.06,24.69232,20241116201005
20241116201056,1100,0.9924,0.008,23.2693,20241116201055
20241116201211,1100,0.9849,0.02,23.08255,20241116201215
20241116201300,1100,0.9875,0.004,23.18119,20241116201305
20241116201416,1100,0.9849,0.004,23.15225,20241116201415
20241116201506,1100,0.9899,0.004,23.47841,20241116201505
20241116201621,1100,0.98,0.024,22.81031,20241116201625
20241116201711,1100,0.98,0.036,23.14173,20241116201715
20241116201827,1100,0.9825,0.0,22.95761,20241116201825
20241116201920,1100,0.9698,0.008,23.04704,20241116201925
20241116202035,1100,0.9924,0.02,23.1825,20241116202036
20241116202125,1100,0.9873,0.072,23.23511,20241116202126
20241116202241,1100,0.9899,0.004,22.98654,20241116202246
20241116202328,1100,0.9825,0.0,23.14305,20241116202326
20241116202443,1100,0.9899,0.0,24.33065,20241116202446
20241116202533,1100,0.9825,0.0,23.31796,20241116202536
20241116202648,1100,0.9874,0.0,23.06151,20241116202646
20241116202738,1100,0.9899,0.0,23.28377,20241116202736
20241116202853,1100,0.9924,0.032,23.26799,20241116202856
20241116202947,1100,0.9924,0.0,22.98128,20241116202946
20241116203102,1100,0.9874,0.008,23.43239,20241116203106
20241116203152,1100,0.9949,0.0,23.04309,20241116203156
20241116203308,1100,0.9899,0.008,23.02337,20241116203306
20241116203353,1100,0.9849,0.008,22.74587,20241116203357
20241116203509,1100,0.9924,0.004,22.8958,20241116203507
20241116203559,1100,0.9873,0.044,23.11543,20241116203557
20241116203714,1100,0.9899,0.0,24.27015,20241116203717
20241116203804,1100,0.9949,0.0,22.86686,20241116203807
20241116203920,1100,0.985,0.004,23.27062,20241116203927
20241116204010,1100,0.9924,0.0,22.8353,20241116204017
20241116204125,1100,0.9924,0.0,23.29561,20241116204127
20241116204212,1100,0.9924,0.008,22.76559,20241116204217
20241116204328,1100,0.9849,0.008,22.99969,20241116204327
20241116204421,1100,0.9825,0.02,22.95235,20241116204427
20241116204537,1100,0.9924,0.004,22.92473,20241116204537
20241116204627,1100,0.9824,0.032,22.90895,20241116204627
20241116204742,1100,0.9874,0.0,23.026,20241116204748
20241116204832,1100,0.9899,0.008,22.88922,20241116204838
20241116204948,1100,0.9924,0.004,22.94577,20241116204948
20241116205038,1100,0.9825,0.0,23.16146,20241116205038
20241116205153,1100,0.98,0.024,23.08518,20241116205158
20241116205243,1100,0.9924,0.0,22.86686,20241116205248
20241116205358,1100,0.9875,0.032,22.96287,20241116205358
20241116205449,1100,0.9698,0.008,23.11411,20241116205448
20241116205604,1100,0.985,0.008,23.29955,20241116205608
20241116205654,1100,0.9899,0.004,22.91158,20241116205658
20241116205809,1100,0.9874,0.0,23.01548,20241116205808
20241116205859,1100,0.9924,0.0,23.07992,20241116205858
20241116210014,1100,0.9924,0.0,23.10885,20241116210018
20241116210101,1100,0.9476,0.02,22.8616,20241116210108
20241116210216,1100,0.9824,0.044,24.49767,20241116210218
20241116210306,1100,0.9799,0.04,23.58232,20241116210308
20241116210421,1100,0.9975,0.0,23.26404,20241116210429
20241116210511,1100,0.985,0.036,23.03257,20241116210519
20241116210626,1100,0.9899,0.024,23.34032,20241116210629
20241116210720,1100,0.9095,0.048,23.33638,20241116210729
20241116210835,1100,0.9899,0.008,22.90369,20241116210839
20241116210925,1100,0.97,0.0,22.7748,20241116210929
20241116211040,1100,0.9874,0.0,23.11543,20241116211049
20241116211130,1100,0.9949,0.0,25.03032,20241116211139
20241116211246,1100,0.9874,0.008,23.17724,20241116211249
20241116211336,1100,0.9874,0.0,23.0089,20241116211335
20241116211451,1100,0.9924,0.0,24.37799,20241116211455
20241116211540,1100,0.9825,0.004,22.63671,20241116211545
20241116211655,1100,0.9924,0.024,23.02731,20241116211655
20241116211749,1100,0.8947,0.0,24.20176,20241116211745
20241116211904,1100,0.9924,0.004,23.18776,20241116211905
20241116211954,1100,0.9424,0.004,23.37715,20241116211955
20241116212109,1100,0.9949,0.004,23.16804,20241116212105
20241116212157,1100,0.9924,0.004,23.07992,20241116212155
20241116212312,1100,0.9899,0.028,24.39903,20241116212315
20241116212403,1100,0.8753,0.004,23.58494,20241116212405
20241116212518,1100,0.985,0.008,23.18119,20241116212515
20241116212608,1100,0.9875,0.0,22.85897,20241116212605
20241116212723,1100,0.9825,0.0,23.03257,20241116212726
20241116212813,1100,0.9874,0.032,24.24121,20241116212816
20241116212928,1100,0.9899,0.0,23.10491,20241116212926
20241116213019,1100,0.8477,0.008,23.81247,20241116213016
20241116213134,1100,0.9949,0.008,24.29908,20241116213136
20241116213224,1100,0.8725,0.0,23.44422,20241116213226
20241116213339,1100,0.9874,0.004,23.06019,20241116213336
20241116213429,1100,0.9924,0.008,23.07992,20241116213426
20241116213544,1100,0.9899,0.004,23.08123,20241116213546
20241116213638,1100,0.8728,0.0,22.81294,20241116213636
20241116213753,1100,0.9924,0.004,23.5981,20241116213756
20241116213846,1100,0.9646,0.04,23.03389,20241116213846
20241116214001,1100,0.9899,0.0,23.56127,20241116214006
20241116214051,1100,0.985,0.0,22.85897,20241116214056
20241116214206,1100,0.9825,0.0,22.99312,20241116214207
20241116214256,1100,0.9924,0.0,23.0523,20241116214257
20241116214411,1100,0.9874,0.0,23.65728,20241116214417
20241116214502,1100,0.8227,0.012,22.84714,20241116214507
20241116214617,1100,0.9949,0.008,23.06414,20241116214617
20241116214707,1100,0.9347,0.0,23.3903,20241116214707
20241116214822,1100,0.9874,0.008,22.85634,20241116214827
20241116214912,1100,0.9899,0.0,23.14042,20241116214917
20241116215028,1100,0.9849,0.016,23.22327,20241116215027
20241116215118,1100,0.985,0.008,23.55601,20241116215117
20241116215233,1100,0.9849,0.0,23.27193,20241116215238
20241116215319,1100,0.985,0.004,23.02994,20241116215318
20241116215435,1100,0.9899,0.008,23.46263,20241116215438
20241116215525,1100,0.8424,0.008,22.90895,20241116215528
20241116215640,1100,0.9874,0.008,26.25737,20241116215648
20241116215733,1100,0.9173,0.004,22.68668,20241116215738
20241116215848,1100,0.985,0.004,22.98391,20241116215848
20241116215938,1100,0.9874,0.0,23.61651,20241116215938
20241116220053,1100,0.9949,0.0,22.93262,20241116220058
20241116220143,1100,0.83,0.0,22.96024,20241116220148
20241116220257,1100,0.9874,0.0,22.96944,20241116220259
20241116220346,1100,0.9873,0.052,23.2259,20241116220349
20241116220501,1100,0.9599,0.088,23.49025,20241116220509
20241116220552,1100,0.83,0.012,22.97076,20241116220559
20241116220707,1100,0.9874,0.02,23.09702,20241116220709
20241116220754,1100,0.9548,0.0,23.07071,20241116220759
20241116220915,1300,0.9924,0.012,22.99706,20241116220919
20241116221002,1300,0.9148,0.12,22.83004,20241116221009
20241116221116,1300,0.9875,0.0,23.28772,20241116221119
20241116221318,1300,0.9975,0.0,23.76775,20241116221319
20241116221404,1300,0.9949,0.004,23.81905,20241116221405
20241116221518,1300,0.9825,0.024,23.04836,20241116221515
20241116221606,1300,0.9875,0.008,23.01548,20241116221605
20241116221720,1300,0.9899,0.036,22.96418,20241116221725
20241116221804,1300,0.9822,0.012,22.92999,20241116221805
20241116221919,1300,0.9825,0.0,22.98917,20241116221915
20241116222007,1300,0.9647,0.12,23.05888,20241116222005
20241116222121,1300,0.9874,0.04,22.88791,20241116222125
20241116222205,1300,0.9747,0.052,23.2693,20241116222205
20241116222320,1300,0.9924,0.0,23.7809,20241116222325
20241116222404,1300,0.9874,0.02,23.39293,20241116222405
20241116222518,1300,0.9924,0.004,22.97865,20241116222515
20241116222605,1300,0.9825,0.0,23.08518,20241116222605
20241116222719,1300,0.9874,0.024,22.9313,20241116222715
20241116222807,1300,0.9624,0.012,23.08518,20241116222806
20241116222921,1300,0.98,0.0,23.08649,20241116222926
20241116223005,1300,0.9749,0.032,23.27325,20241116223006
20241116223119,1300,0.9899,0.008,23.00101,20241116223116
20241116223206,1300,0.9624,0.0,23.01548,20241116223206
20241116223321,1300,0.9924,0.008,23.17724,20241116223326
20241116223405,1300,0.9824,0.036,23.38109,20241116223406
20241116223519,1300,0.9874,0.016,23.23116,20241116223516
20241116223603,1300,0.9899,0.016,23.35742,20241116223606
20241116223717,1300,0.9874,0.036,23.07335,20241116223716
20241116223801,1300,0.9725,0.004,22.94051,20241116223806
20241116223916,1300,0.9949,0.0,22.9221,20241116223916
20241116224000,1300,0.9899,0.016,22.905,20241116224006
20241116224114,1300,0.9874,0.028,24.34248,20241116224116
20241116224200,1300,0.9924,0.008,22.87475,20241116224206
20241116224315,1300,0.9874,0.012,22.96287,20241116224317
20241116224359,1300,0.985,0.012,22.9655,20241116224357
20241116224513,1300,0.9875,0.0,23.64544,20241116224517
20241116224557,1300,0.9874,0.008,22.97339,20241116224557
20241116224712,1300,0.9899,0.036,23.45474,20241116224717
20241116224757,1300,0.9949,0.008,23.09175,20241116224757
20241116224912,1300,0.9899,0.0,23.48894,20241116224917
20241116225000,1300,0.9595,0.032,22.96155,20241116225007
20241116225114,1300,0.9924,0.024,24.29251,20241116225117
20241116225158,1300,0.9722,0.008,22.92604,20241116225157
20241116225312,1300,0.9924,0.028,23.40871,20241116225317
20241116225359,1300,1.0,0.016,23.00627,20241116225357
20241116225513,1300,0.9924,0.0,23.12069,20241116225517
20241116225558,1300,0.985,0.0238,23.1128,20241116225557
20241116225712,1300,0.9949,0.016,23.19434,20241116225718
20241116225756,1300,0.9697,0.004,23.52313,20241116225758
20241116225910,1300,0.9824,0.032,23.60599,20241116225918
20241116225959,1300,0.9873,0.02,23.2601,20241116225958
20241116230113,1300,0.9924,0.0,22.95629,20241116230118
20241116230157,1300,0.9899,0.036,23.28246,20241116230158
20241116230311,1300,0.9874,0.036,23.7283,20241116230318
20241116230355,1300,0.945,0.08,22.82346,20241116230358
20241116230510,1300,0.9874,0.008,26.60984,20241116230518
20241116230554,1300,0.9773,0.012,22.73403,20241116230558
20241116230708,1300,0.9924,0.024,22.86292,20241116230708
20241116230756,1300,0.9548,0.072,23.76118,20241116230758
20241116230911,1300,0.9899,0.008,23.26141,20241116230919
20241116230959,1300,0.9874,0.016,23.14042,20241116230959
20241116231113,1300,0.9899,0.0,23.58363,20241116231119
20241116231157,1300,0.9401,0.104,23.13384,20241116231159
20241116231312,1300,0.9949,0.008,24.09655,20241116231319
20241116231356,1300,0.9225,0.024,23.46527,20241116231359
20241116231510,1300,0.9899,0.0,24.26752,20241116231519
20241116231558,1300,0.945,0.008,23.56522,20241116231559
20241116231712,1300,0.9924,0.0,23.40345,20241116231719
20241116231757,1300,0.9949,0.012,23.13516,20241116231759
20241116231911,1300,0.9899,0.0,23.09439,20241116231919
20241116231959,1300,0.9949,0.0,23.24037,20241116231959
20241116232114,1300,1.0,0.004,22.85502,20241116232119
20241116232158,1300,0.985,0.008,23.7454,20241116232159
20241116232312,1300,0.9949,0.028,23.55338,20241116232319
20241116232356,1300,0.9975,0.008,23.35084,20241116232359
20241116232511,1300,0.9874,0.008,23.33769,20241116232515
20241116232557,1300,0.9924,0.02,23.04046,20241116232555
20241116232712,1300,0.9899,0.004,24.06104,20241116232715
20241116232757,1300,0.8861,0.008,23.21801,20241116232755
20241116232911,1300,0.9924,0.004,22.96813,20241116232915
20241116232955,1300,0.9621,0.044,22.93657,20241116232955
20241116233110,1300,0.9825,0.004,22.86555,20241116233115
20241116233157,1300,0.9599,0.04,22.9392,20241116233155
20241116233311,1300,0.985,0.0,23.16014,20241116233315
20241116233356,1300,0.8564,0.016,23.07597,20241116233355
20241116233510,1300,0.9849,0.004,23.04967,20241116233515
20241116233558,1300,0.8955,0.016,23.243,20241116233555
20241116233712,1300,0.9899,0.004,24.67916,20241116233715
20241116233800,1300,0.9472,0.064,23.00101,20241116233805
20241116233915,1300,0.985,0.008,23.17724,20241116233915
20241116233957,1300,0.9824,0.052,23.02337,20241116233955
20241116234112,1300,0.9899,0.004,24.77649,20241116234116
20241116234156,1300,0.9874,0.024,23.18908,20241116234156
20241116234311,1300,0.9899,0.008,23.11411,20241116234316
20241116234357,1300,0.9032,0.008,23.02468,20241116234356
20241116234512,1300,0.9874,0.008,23.29429,20241116234516
20241116234556,1300,0.8628,0.032,23.0089,20241116234556
20241116234710,1300,0.9899,0.004,23.83351,20241116234716
20241116234758,1300,0.9646,0.016,23.04441,20241116234756
20241116234913,1300,0.9899,0.016,23.23642,20241116234916
20241116235001,1300,0.871,0.048,23.00364,20241116235006
20241116235115,1300,0.9899,0.008,23.02337,20241116235117
20241116235202,1300,0.9975,0.008,22.88264,20241116235207
20241116235316,1300,0.9875,0.0,22.80505,20241116235317
20241116235400,1300,0.9673,0.004,23.41397,20241116235407
20241116235515,1300,0.9825,0.004,22.95103,20241116235517
20241116235559,1300,0.8978,0.092,22.99312,20241116235557
20241116235713,1300,0.9899,0.0,23.01416,20241116235717
20241116235755,1300,0.8875,0.016,23.52708,20241116235757
20241116235910,1300,0.9899,0.016,23.40214,20241116235917
20241116235958,1300,0.8753,0.004,23.08518,20241116235957
20241117000112,1300,0.9899,0.004,23.6849,20241117000117
20241117000159,1300,0.9722,0.008,22.8524,20241117000157
20241117000314,1300,0.985,0.008,22.97208,20241117000318
20241117000358,1300,0.8657,0.016,23.22459,20241117000358
20241117000512,1300,0.9875,0.008,24.03079,20241117000518
20241117000555,1300,0.9722,0.012,23.40082,20241117000558
20241117000710,1300,0.9899,0.004,23.12201,20241117000718
20241117000758,1300,0.9073,0.012,22.94183,20241117000758
20241117000912,1300,0.9975,0.0,23.5113,20241117000918
20241117001000,1300,0.8653,0.0,23.82299,20241117001008
20241117001114,1300,0.9949,0.004,23.22327,20241117001118
20241117001159,1300,0.885,0.132,23.15225,20241117001159
20241117001314,1300,0.9924,0.016,22.96944,20241117001319
20241117001402,1300,0.8218,0.044,22.81294,20241117001409
20241117001516,1300,0.9924,0.008,24.4911,20241117001519
20241117001600,1300,0.9722,0.0,24.69495,20241117001609
20241117001715,1300,0.9874,0.016,22.94314,20241117001719
20241117001759,1300,0.8256,0.016,23.21538,20241117001759
20241117001913,1300,0.985,0.008,23.84666,20241117001919
20241117002001,1300,0.8985,0.008,24.45296,20241117002009
20241117002116,1300,0.9899,0.016,22.91815,20241117002115
20241117002203,1300,0.8045,0.052,23.23906,20241117002205
20241117002317,1300,0.9924,0.036,23.20749,20241117002315
20241117002401,1300,0.9874,0.012,22.76428,20241117002405
20241117002515,1300,0.9799,0.04,23.01153,20241117002515
20241117002604,1300,0.9975,0.0,23.81379,20241117002605
20241117002718,1300,0.9825,0.024,23.243,20241117002715
20241117002805,1300,0.9419,0.012,22.9313,20241117002805
20241117002920,1300,0.9924,0.0,23.30087,20241117002925
20241117003004,1300,0.9673,0.008,23.35216,20241117003005
20241117003119,1300,0.9899,0.016,22.95103,20241117003115
20241117003207,1300,0.9599,0.004,22.96813,20241117003205
20241117003321,1300,0.9875,0.032,23.10885,20241117003325
20241117003405,1300,0.9773,0.044,23.12727,20241117003406
20241117003519,1300,0.9899,0.04,22.99049,20241117003516
20241117003603,1300,0.985,0.016,23.26141,20241117003606
20241117003718,1300,0.9899,0.0,22.81688,20241117003716
20241117003805,1300,0.9501,0.044,23.22327,20241117003806
20241117003920,1300,0.9924,0.008,23.5376,20241117003926
20241117004004,1300,0.965,0.0,23.33769,20241117004006
20241117004117,1300,0.9824,0.06,23.08649,20241117004116
20241117004201,1300,0.9799,0.008,22.82346,20241117004206
20241117004317,1300,0.9899,0.044,22.85634,20241117004316
20241117004401,1300,0.9824,0.048,22.85897,20241117004406
20241117004515,1300,0.9924,0.0,23.32191,20241117004516
20241117004603,1300,0.9726,0.0,22.76559,20241117004606
20241117004718,1300,0.9949,0.0,23.12463,20241117004717
20241117004802,1300,0.9603,0.012,22.83135,20241117004807
20241117004916,1300,0.9899,0.0,23.04704,20241117004917
20241117005003,1300,0.9722,0.004,23.08518,20241117005007
20241117005117,1300,0.9899,0.068,22.78401,20241117005117
20241117005204,1300,0.9899,0.0,23.26536,20241117005207
20241117005318,1300,0.9949,0.028,23.05493,20241117005317
20241117005402,1300,0.9849,0.012,22.8445,20241117005407
20241117005516,1300,0.98,0.024,22.98391,20241117005517
20241117005601,1300,0.9698,0.0,22.91289,20241117005607
20241117005714,1300,0.9874,0.032,24.31881,20241117005717
20241117005758,1300,0.9875,0.004,23.10228,20241117005757
20241117005913,1300,0.9899,0.004,23.54812,20241117005918
20241117005957,1300,0.9949,0.008,23.30876,20241117005958
20241117010111,1300,0.9874,0.032,23.92426,20241117010118
20241117010159,1300,0.9726,0.036,23.22459,20241117010158
20241117010314,1300,0.9521,0.004,23.05099,20241117010318
20241117010358,1300,0.9975,0.008,23.09833,20241117010358
20241117010512,1300,0.9875,0.036,23.44422,20241117010518
20241117010556,1300,0.9949,0.004,23.10622,20241117010558
20241117010711,1300,0.98,0.004,22.91158,20241117010718
20241117010755,1300,0.9625,0.012,22.91947,20241117010758
20241117010909,1300,0.9924,0.0,22.98917,20241117010908
20241117010957,1300,0.9598,0.0,23.35479,20241117010958
20241117011111,1300,0.9899,0.0,23.34822,20241117011118
20241117011155,1300,0.9598,0.044,22.91158,20241117011158
20241117011310,1300,0.9975,0.008,22.94051,20241117011318
20241117011358,1300,0.9799,0.024,27.54887,20241117011358
20241117011512,1300,0.9823,0.064,23.73619,20241117011519
20241117011601,1300,0.9369,0.04,22.84976,20241117011609
20241117011716,1300,0.9899,0.008,23.62045,20241117011719
20241117011800,1300,0.8903,0.016,23.41134,20241117011809
20241117011914,1300,0.9875,0.0,23.50209,20241117011919
20241117011959,1300,0.8806,0.032,23.11674,20241117011959
20241117012113,1300,0.9924,0.008,24.34117,20241117012119
20241117012200,1300,0.9649,0.012,23.42975,20241117012209
20241117012315,1300,0.9924,0.004,23.18645,20241117012319
20241117012403,1300,0.9545,0.048,22.76954,20241117012409
20241117012517,1300,0.9924,0.0,22.83398,20241117012515
20241117012603,1300,0.9924,0.004,23.24169,20241117012605
20241117012718,1300,0.9924,0.004,23.01942,20241117012715
20241117012802,1300,0.9298,0.0,23.47184,20241117012805
20241117012922,1500,0.985,0.008,24.48715,20241117012925
20241117013004,1500,0.9873,0.044,23.58494,20241117013005
20241117013118,1500,0.9924,0.008,23.25484,20241117013115
20241117013202,1500,0.9597,0.0,22.84319,20241117013205
20241117013316,1500,0.985,0.016,22.86818,20241117013315
20241117013400,1500,0.9924,0.016,22.90369,20241117013405
20241117013514,1500,0.9875,0.0,23.05099,20241117013515
20241117013556,1500,0.9231,0.076,22.98917,20241117013555
20241117013710,1500,0.9849,0.016,23.07992,20241117013715
20241117013754,1500,0.9623,0.012,23.51393,20241117013755
20241117013908,1500,0.9949,0.004,22.96287,20241117013906
20241117013953,1500,0.9822,0.02,23.29035,20241117013956
20241117014107,1500,0.9924,0.008,22.89974,20241117014106
20241117014151,1500,0.9397,0.012,22.82609,20241117014156
20241117014304,1500,0.9925,0.0,23.04441,20241117014306
20241117014349,1500,0.9648,0.032,23.00496,20241117014346
20241117014503,1500,0.9924,0.004,24.76728,20241117014506
20241117014549,1500,0.9975,0.016,23.34164,20241117014546
20241117014703,1500,0.9875,0.008,24.70021,20241117014706
20241117014745,1500,0.9824,0.0436,23.47841,20241117014746
20241117014859,1500,0.9949,0.004,22.95892,20241117014856
20241117014941,1500,0.9355,0.012,22.82083,20241117014946
20241117015055,1500,0.9924,0.008,23.04967,20241117015056
20241117015139,1500,0.8621,0.052,22.78269,20241117015136
20241117015253,1500,0.995,0.012,23.20223,20241117015256
20241117015334,1500,0.9899,0.032,23.19566,20241117015336
20241117015448,1500,0.9949,0.004,22.97339,20241117015446
20241117015532,1500,1.0,0.008,22.77349,20241117015536
20241117015646,1500,0.9975,0.008,23.23774,20241117015646
20241117015728,1500,0.8963,0.02,22.90632,20241117015726
20241117015842,1500,0.9899,0.016,22.76165,20241117015846
20241117015924,1500,0.9899,0.008,23.2693,20241117015926
20241117020038,1500,0.9924,0.012,22.905,20241117020037
20241117020120,1500,0.9975,0.02,22.8958,20241117020127
20241117020234,1500,1.0,0.004,24.28724,20241117020237
20241117020318,1500,0.8953,0.0,23.52708,20241117020317
20241117020432,1500,0.9975,0.012,22.75902,20241117020437
20241117020516,1500,0.9196,0.004,23.20618,20241117020517
20241117020630,1500,0.9949,0.016,23.49683,20241117020637
20241117020712,1500,0.8425,0.156,22.77085,20241117020717
20241117020825,1500,0.9924,0.0,22.95235,20241117020827
20241117020910,1500,0.9825,0.016,22.83793,20241117020917
20241117021024,1500,0.9875,0.004,24.49241,20241117021027
20241117021106,1500,0.8575,0.032,23.24695,20241117021107
20241117021219,1500,0.9799,0.04,22.95761,20241117021217
20241117021304,1500,0.9874,0.012,22.7919,20241117021307
20241117021418,1500,0.9874,0.016,23.07071,20241117021417
20241117021501,1500,0.985,0.004,22.77743,20241117021507
20241117021615,1500,0.9899,0.024,24.40429,20241117021618
20241117021657,1500,0.9924,0.008,22.99838,20241117021658
20241117021811,1500,0.9975,0.008,24.59763,20241117021818
20241117021853,1500,0.9057,0.04,22.77743,20241117021858
20241117022007,1500,0.9949,0.016,23.11937,20241117022008
20241117022052,1500,0.903,0.008,22.73929,20241117022058
20241117022206,1500,0.9924,0.0119,22.94051,20241117022208
20241117022250,1500,0.8263,0.168,23.07729,20241117022258
20241117022404,1500,0.9899,0.012,23.05888,20241117022408
20241117022447,1500,0.9146,0.012,22.85766,20241117022448
20241117022602,1500,0.985,0.0,23.83483,20241117022608
20241117022646,1500,0.9039,0.004,23.11017,20241117022648
20241117022759,1500,0.9925,0.0,22.86949,20241117022758
20241117022843,1500,0.9075,0.02,22.74323,20241117022848
20241117022957,1500,0.9874,0.012,22.83004,20241117022959
20241117023042,1500,0.9219,0.0,22.78401,20241117023049
20241117023156,1500,0.9899,0.012,24.39114,20241117023159
20241117023238,1500,0.9403,0.04,23.44422,20241117023239
20241117023352,1500,0.9899,0.012,23.53102,20241117023359
20241117023437,1500,0.995,0.0,22.51571,20241117023439
20241117023551,1500,0.9899,0.004,22.86028,20241117023559
20241117023633,1500,0.9924,0.036,22.64723,20241117023639
20241117023747,1500,0.9924,0.0119,22.96813,20241117023749
20241117023832,1500,0.9504,0.032,23.59678,20241117023839
20241117023946,1500,0.9975,0.008,23.32717,20241117023949
20241117024028,1500,0.9551,0.016,23.08649,20241117024029
20241117024142,1500,0.98,0.008,24.38457,20241117024145
20241117024229,1500,0.9925,0.008,24.9593,20241117024225
20241117024342,1500,0.9924,0.028,23.69542,20241117024345
20241117024425,1500,0.9949,0.016,22.9826,20241117024425
20241117024539,1500,0.9899,0.044,23.13779,20241117024535
20241117024623,1500,0.9874,0.016,23.26667,20241117024625
20241117024737,1500,0.9949,0.004,23.10754,20241117024735
20241117024822,1500,0.9576,0.0,22.68142,20241117024825
20241117024936,1500,0.9924,0.008,23.13647,20241117024935
20241117025019,1500,0.9949,0.012,25.28809,20241117025015
20241117025133,1500,0.9874,0.0,23.82825,20241117025136
20241117025217,1500,0.9824,0.008,23.04441,20241117025216
20241117025331,1500,0.9875,0.0,23.15225,20241117025336
20241117025415,1500,0.9825,0.032,23.06282,20241117025416
20241117025530,1500,0.9924,0.008,23.6678,20241117025536
20241117025615,1500,0.9749,0.008,23.56127,20241117025616
20241117025729,1500,0.9899,0.008,22.92473,20241117025726
20241117025814,1500,0.9749,0.016,23.51919,20241117025816
20241117025928,1500,0.9849,0.04,22.9826,20241117025926
20241117030010,1500,0.9975,0.0,22.71167,20241117030016
20241117030124,1500,0.9924,0.004,23.14042,20241117030126
20241117030209,1500,0.9775,0.016,22.9655,20241117030206
20241117030322,1500,0.9949,0.0,23.06808,20241117030326
20241117030406,1500,0.9849,0.008,23.02863,20241117030406
20241117030521,1500,0.9899,0.016,23.87297,20241117030526
20241117030606,1500,0.9798,0.008,23.09044,20241117030607
20241117030720,1500,0.9875,0.016,24.11496,20241117030727
20241117030804,1500,0.9574,0.004,22.79584,20241117030807
20241117030918,1500,0.9899,0.004,22.82215,20241117030917
20241117031003,1500,0.96,0.008,22.8616,20241117031007
20241117031118,1500,0.9899,0.004,23.18645,20241117031117
20241117031204,1500,0.9674,0.032,23.31139,20241117031207
20241117031318,1500,0.9874,0.016,22.82609,20241117031317
20241117031404,1500,0.94,0.008,22.75507,20241117031407
20241117031518,1500,0.9924,0.016,22.77875,20241117031517
20241117031602,1500,0.9601,0.004,22.82215,20241117031607
20241117031716,1500,0.985,0.0119,23.18776,20241117031718
20241117031801,1500,0.9698,0.008,22.73403,20241117031808
20241117031915,1500,0.9924,0.008,23.12201,20241117031918
20241117031957,1500,0.9422,0.04,22.97734,20241117031958
20241117032111,1500,0.9874,0.004,24.0229,20241117032118
20241117032153,1500,0.9874,0.008,22.76165,20241117032158
20241117032307,1500,0.9825,0.0079,23.31533,20241117032308
20241117032352,1500,0.9478,0.02,22.74718,20241117032358
20241117032506,1500,0.9825,0.008,23.72304,20241117032508
20241117032550,1500,0.9824,0.04,24.88828,20241117032558
20241117032704,1500,0.985,0.0119,23.04309,20241117032708
20241117032746,1500,0.9526,0.016,23.57442,20241117032748
20241117032900,1500,0.9899,0.008,22.89711,20241117032908
20241117032944,1500,0.9874,0.008,22.97076,20241117032948
20241117033058,1500,0.9899,0.0,22.96944,20241117033058
20241117033140,1500,0.9949,0.012,22.94314,20241117033148
20241117033255,1500,0.9924,0.008,24.28856,20241117033259
20241117033337,1500,0.9924,0.004,23.35216,20241117033339
20241117033451,1500,0.9899,0.008,29.66761,20241117033459
20241117033534,1500,0.9747,0.008,22.63802,20241117033539
20241117033649,1500,0.9924,0.008,22.92736,20241117033649
20241117033733,1500,0.9571,0.004,22.89843,20241117033739
20241117033847,1500,0.9899,0.016,23.61651,20241117033849
20241117033931,1500,0.98,0.008,24.48847,20241117033939
20241117034045,1500,0.9801,0.008,23.7717,20241117034049
20241117034127,1500,0.9899,0.02,23.4166,20241117034129
20241117034241,1500,0.9899,0.016,23.89006,20241117034249
20241117034326,1500,0.9622,0.0,22.80373,20241117034329
20241117034440,1500,0.9924,0.016,22.94446,20241117034449
20241117034524,1500,0.9924,0.008,22.77085,20241117034529
20241117034639,1500,0.9848,0.032,23.02205,20241117034635
20241117034723,1500,0.8812,0.028,23.22459,20241117034725
20241117034836,1500,0.985,0.004,22.88133,20241117034835
20241117034918,1500,0.9623,0.004,22.89711,20241117034915
20241117035033,1500,0.9975,0.012,23.94925,20241117035035
20241117035117,1500,0.9825,0.016,23.14305,20241117035115
20241117035231,1500,0.9899,0.008,23.17461,20241117035235
20241117035313,1500,0.9246,0.032,23.07597,20241117035315
20241117035427,1500,0.9924,0.012,23.3035,20241117035425
20241117035511,1500,0.9596,0.008,22.74323,20241117035515
20241117035625,1500,0.9875,0.016,22.97208,20241117035625
20241117035709,1500,0.9899,0.004,24.94351,20241117035705
20241117035823,1500,0.9924,0.004,22.90895,20241117035825
20241117035905,1500,0.9347,0.072,23.68095,20241117035905
20241117040019,1500,0.9949,0.016,23.08123,20241117040016
20241117040106,1500,0.9899,0.004,23.33901,20241117040106
20241117040220,1500,0.9875,0.004,23.7809,20241117040226
20241117040302,1500,0.952,0.0,22.905,20241117040306
20241117040416,1500,0.9924,0.008,23.19566,20241117040416
20241117040458,1500,0.9433,0.004,23.05888,20241117040456
20241117040612,1500,0.9975,0.004,23.10096,20241117040616
20241117040658,1500,0.9924,0.02,23.17856,20241117040656
20241117040813,1500,0.9924,0.008,23.08649,20241117040816
20241117040857,1500,0.8645,0.0079,23.09439,20241117040856
20241117041011,1500,0.985,0.012,22.8524,20241117041016
20241117041052,1500,0.8781,0.02,22.86423,20241117041056
20241117041207,1500,0.9925,0.004,22.90763,20241117041206
20241117041249,1500,0.8778,0.048,23.12727,20241117041246
20241117041403,1500,0.9875,0.016,23.41397,20241117041407
20241117041445,1500,0.8825,0.008,23.243,20241117041447
20241117041559,1500,0.9924,0.008,22.88133,20241117041557
20241117041643,1500,0.9874,0.008,22.74718,20241117041647
20241117041757,1500,0.9924,0.008,23.03915,20241117041757
20241117041841,1500,0.9403,0.04,22.70773,20241117041847
20241117041956,1500,0.9899,0.008,23.12201,20241117041957
20241117042040,1500,0.9007,0.0,22.64328,20241117042047
20241117042154,1500,0.9825,0.008,24.43454,20241117042157
20241117042239,1500,0.9171,0.0,23.01416,20241117042237
20241117042353,1500,0.98,0.016,22.91815,20241117042357
20241117042435,1500,0.8812,0.036,23.2338,20241117042437
20241117042549,1500,0.99,0.012,22.98523,20241117042547
20241117042634,1500,0.8847,0.0,22.76822,20241117042637
20241117042748,1500,0.9924,0.016,22.83398,20241117042747
20241117042833,1500,0.8593,0.064,22.90237,20241117042837
20241117042946,1500,0.9949,0.012,23.09702,20241117042947
20241117043030,1500,0.8606,0.008,23.94662,20241117043037
20241117043144,1500,0.9875,0.008,24.40956,20241117043147
20241117043228,1500,0.8847,0.0,22.98654,20241117043227
20241117043342,1500,0.9875,0.008,24.05578,20241117043348
20241117043427,1500,0.8881,0.0,23.05362,20241117043428
20241117043541,1500,0.9874,0.016,24.32802,20241117043548
20241117043623,1500,0.9045,0.008,22.70904,20241117043628
20241117043737,1500,0.9924,0.008,23.42186,20241117043738
20241117043822,1500,0.9084,0.0,22.66696,20241117043828
20241117043936,1500,0.9949,0.004,23.11017,20241117043938
20241117044023,1500,0.98,0.004,22.84714,20241117044028
20241117044137,1500,0.995,0.0,23.1825,20241117044138
20241117044220,1500,0.9899,0.016,24.69758,20241117044228
20241117044334,1500,0.99,0.0,22.96813,20241117044338
20241117044418,1500,0.9924,0.008,23.18119,20241117044418
20241117044537,1700,0.9975,0.0,23.22064,20241117044538
20241117044616,1700,0.9924,0.0,23.17067,20241117044618
20241117044728,1700,0.9825,0.016,22.89711,20241117044728
20241117044810,1700,0.9699,0.012,23.14831,20241117044818
20241117044921,1700,0.9975,0.004,22.83793,20241117044929
20241117045001,1700,0.99,0.004,24.15836,20241117045009
20241117045113,1700,0.9949,0.008,24.1965,20241117045119
20241117045152,1700,0.9699,0.084,22.84582,20241117045159
20241117045305,1700,0.985,0.0,23.19302,20241117045309
20241117045347,1700,0.9377,0.012,23.31007,20241117045349
20241117045459,1700,0.9875,0.032,22.82872,20241117045459
20241117045540,1700,0.9747,0.012,24.9251,20241117045549
20241117045652,1700,0.985,0.008,23.49551,20241117045659
20241117045732,1700,0.9724,0.008,22.69326,20241117045739
20241117045844,1700,0.9924,0.0,23.33506,20241117045849
20241117045925,1700,0.9874,0.0,22.70378,20241117045929
20241117050037,1700,0.9924,0.036,24.40956,20241117050039
20241117050118,1700,0.965,0.088,23.69016,20241117050119
20241117050230,1700,0.9875,0.004,23.05362,20241117050239
20241117050309,1700,0.9627,0.016,22.82609,20241117050309
20241117050422,1700,0.9899,0.008,22.83793,20241117050429
20241117050501,1700,0.9748,0.012,24.8646,20241117050509
20241117050614,1700,0.9949,0.004,24.22149,20241117050619
20241117050655,1700,0.9848,0.032,22.72745,20241117050659
20241117050807,1700,0.9949,0.0,24.29382,20241117050809
20241117050846,1700,0.9899,0.028,23.17067,20241117050845
20241117050958,1700,0.9899,0.032,22.94709,20241117050955
20241117051040,1700,0.9353,0.036,22.81425,20241117051045
20241117051152,1700,0.9825,0.016,23.15751,20241117051155
20241117051231,1700,0.9601,0.04,22.89185,20241117051235
20241117051343,1700,0.9925,0.024,22.95761,20241117051345
20241117051424,1700,0.9899,0.008,23.50735,20241117051425
20241117051536,1700,0.9825,0.032,22.76691,20241117051535
20241117051616,1700,0.9849,0.04,23.08518,20241117051615
20241117051728,1700,0.99,0.0,22.94972,20241117051726
20241117051807,1700,0.9449,0.044,22.96682,20241117051806
20241117051919,1700,0.9825,0.024,22.9747,20241117051916
20241117052001,1700,0.9252,0.104,22.8182,20241117052006
20241117052113,1700,0.9899,0.0,23.02205,20241117052116
20241117052152,1700,0.9451,0.0,22.90632,20241117052156
20241117052304,1700,0.9949,0.0,24.29908,20241117052306
20241117052343,1700,0.9875,0.0,22.89711,20241117052346
20241117052455,1700,0.9949,0.036,22.89711,20241117052456
20241117052537,1700,0.903,0.036,23.05099,20241117052536
20241117052648,1700,0.9874,0.032,23.07466,20241117052646
20241117052727,1700,0.9874,0.044,23.06151,20241117052726
20241117052840,1700,0.9949,0.008,23.56127,20241117052847
20241117052918,1700,0.9825,0.036,23.11937,20241117052917
20241117053030,1700,0.9875,0.028,24.41482,20241117053037
20241117053109,1700,0.9673,0.008,23.50735,20241117053107
20241117053221,1700,0.99,0.0,23.51787,20241117053227
20241117053259,1700,0.9648,0.024,23.10096,20241117053257
20241117053412,1700,0.9924,0.008,24.32802,20241117053417
20241117053454,1700,0.91,0.052,23.45211,20241117053457
20241117053606,1700,0.9975,0.0,22.92999,20241117053607
20241117053646,1700,0.9121,0.016,23.41923,20241117053647
20241117053757,1700,0.9899,0.016,23.02731,20241117053757
20241117053837,1700,0.9322,0.016,22.96944,20241117053837
20241117053949,1700,0.985,0.0,22.85766,20241117053947
20241117054031,1700,0.9824,0.064,23.3732,20241117054037
20241117054143,1700,0.985,0.028,23.16014,20241117054148
20241117054224,1700,0.9271,0.0,22.79584,20241117054228
20241117054336,1700,0.9825,0.0,24.45953,20241117054338
20241117054415,1700,0.9698,0.008,23.14173,20241117054418
20241117054528,1700,0.9874,0.004,22.83135,20241117054528
20241117054607,1700,0.915,0.076,23.45343,20241117054608
20241117054719,1700,0.9924,0.0,22.87344,20241117054718
20241117054758,1700,0.9797,0.012,22.88001,20241117054758
20241117054910,1700,0.9899,0.016,29.97536,20241117054918
20241117054950,1700,0.9002,0.008,24.7686,20241117054958
20241117055102,1700,0.9975,0.0,22.95235,20241117055108
20241117055143,1700,0.9471,0.0,22.57884,20241117055148
20241117055255,1700,0.9949,0.0,22.99575,20241117055259
20241117055336,1700,0.9949,0.0,23.1733,20241117055339
20241117055448,1700,0.99,0.032,22.8182,20241117055449
20241117055529,1700,0.9579,0.004,22.83398,20241117055529
20241117055641,1700,0.9924,0.028,22.99969,20241117055649
20241117055721,1700,0.9132,0.008,25.14211,20241117055729
20241117055833,1700,0.995,0.008,23.80063,20241117055839
20241117055918,1700,0.9125,0.008,23.37583,20241117055919
20241117060030,1700,0.9949,0.0,30.15948,20241117060039
20241117060109,1700,0.8978,0.012,23.04441,20241117060109
20241117060221,1700,0.9899,0.0,22.88001,20241117060229
20241117060303,1700,0.9949,0.008,23.14962,20241117060304
20241117060415,1700,0.9777,0.004,22.82478,20241117060415
20241117060456,1700,0.9899,0.008,22.9392,20241117060455
20241117060608,1700,0.9949,0.004,22.92473,20241117060605
20241117060647,1700,0.9372,0.068,22.8445,20241117060645
20241117060759,1700,0.9875,0.0,22.93394,20241117060755
20241117060838,1700,0.985,0.0,24.23069,20241117060835
20241117060951,1700,0.9924,0.004,23.01416,20241117060955
20241117061032,1700,0.915,0.036,22.6446,20241117061035
20241117061144,1700,0.9899,0.0,22.8353,20241117061145
20241117061223,1700,0.9899,0.0,23.09965,20241117061225
20241117061336,1700,1.0,0.004,22.96287,20241117061335
20241117061417,1700,0.9824,0.036,23.22459,20241117061415
20241117061529,1700,0.99,0.0,22.95629,20241117061525
20241117061609,1700,0.9524,0.008,23.19171,20241117061606
20241117061721,1700,0.9875,0.0,22.88922,20241117061726
20241117061801,1700,0.8731,0.008,23.31402,20241117061806
20241117061913,1700,0.9949,0.008,22.88791,20241117061916
20241117061952,1700,0.995,0.004,22.7143,20241117061956
20241117062105,1700,0.9975,0.012,23.05888,20241117062106
20241117062144,1700,0.9378,0.012,23.22985,20241117062146
20241117062257,1700,0.9875,0.0158,23.00496,20241117062256
20241117062336,1700,0.9472,0.008,22.95761,20241117062336
20241117062448,1700,0.9826,0.0,22.81952,20241117062446
20241117062527,1700,0.9949,0.0,23.06545,20241117062526
20241117062640,1700,0.9899,0.0079,28.48264,20241117062646
20241117062721,1700,0.8507,0.1,22.66038,20241117062726
20241117062833,1700,0.9924,0.004,23.12332,20241117062836
20241117062913,1700,0.9924,0.004,22.77875,20241117062917
20241117063025,1700,0.9875,0.0,22.97865,20241117063027
20241117063105,1700,0.9277,0.008,23.17856,20241117063107
20241117063217,1700,0.9899,0.0,23.38241,20241117063217
20241117063257,1700,0.8358,0.008,22.87475,20241117063257
20241117063409,1700,0.985,0.016,23.02205,20241117063407
20241117063448,1700,0.9899,0.008,23.01022,20241117063447
20241117063600,1700,0.9899,0.0,22.98786,20241117063607
20241117063640,1700,0.8657,0.012,22.82872,20241117063647
20241117063752,1700,0.9899,0.004,24.15967,20241117063757
20241117063830,1700,0.9798,0.064,22.68011,20241117063838
20241117063942,1700,0.985,0.0,24.16231,20241117063948
20241117064022,1700,0.8639,0.012,22.80505,20241117064028
20241117064134,1700,0.9924,0.012,22.85897,20241117064138
20241117064216,1700,0.8519,0.036,23.13253,20241117064218
20241117064328,1700,0.9899,0.008,23.09175,20241117064328
20241117064410,1700,0.8933,0.008,22.99049,20241117064418
20241117064601,1700,0.9949,0.004,22.85897,20241117064608
20241117064714,1700,0.9949,0.0,23.40871,20241117064718
20241117064755,1700,0.9527,0.04,22.76559,20241117064759
20241117064907,1700,0.98,0.04,22.92078,20241117064909
20241117064950,1700,0.9494,0.016,23.47841,20241117064959
20241117065102,1700,0.9924,0.0,22.905,20241117065109
20241117065143,1700,0.9949,0.0,22.86686,20241117065149
20241117065255,1700,0.9899,0.024,23.0694,20241117065259
20241117065334,1700,0.9824,0.064,22.81031,20241117065339
20241117065447,1700,0.9825,0.0,23.49157,20241117065449
20241117065525,1700,0.9599,0.064,22.59988,20241117065529
20241117065637,1700,0.9924,0.024,24.43192,20241117065639
20241117065719,1700,0.9373,0.036,22.98917,20241117065719
20241117065832,1700,0.9924,0.004,23.37189,20241117065839
20241117065910,1700,0.9899,0.004,23.22985,20241117065919
20241117070022,1700,0.9924,0.028,24.15704,20241117070025
20241117070100,1700,0.9574,0.096,23.02468,20241117070105
20241117070213,1700,0.9825,0.0,23.17987,20241117070215
20241117070252,1700,0.9455,0.0,23.36663,20241117070255
20241117070404,1700,0.9924,0.032,23.01942,20241117070405
20241117070443,1700,0.9446,0.12,23.1996,20241117070445
20241117070555,1700,0.9949,0.004,22.89317,20241117070555
20241117070636,1700,0.9724,0.008,23.15094,20241117070635
20241117070748,1700,0.9924,0.036,22.9747,20241117070745
20241117070829,1700,0.9899,0.008,24.93431,20241117070825
20241117070942,1700,0.9924,0.004,23.04967,20241117070946
20241117071021,1700,0.9899,0.036,22.78532,20241117071026
20241117071133,1700,0.9924,0.004,24.40693,20241117071136
20241117071215,1700,0.9825,0.004,22.92341,20241117071216
20241117071327,1700,0.9777,0.016,23.24037,20241117071326
20241117071406,1700,0.9898,0.044,23.09702,20241117071406
20241117071519,1700,0.9924,0.004,22.90369,20241117071516
20241117071600,1700,0.9949,0.024,22.8182,20241117071606
20241117071713,1700,0.9899,0.004,23.1128,20241117071716
20241117071752,1700,0.9949,0.012,22.85766,20241117071756
20241117071904,1700,0.9924,0.028,24.4911,20241117071906
20241117071943,1700,0.9576,0.048,22.94972,20241117071946
20241117072055,1700,0.9975,0.024,22.99706,20241117072057
20241117072135,1700,0.9975,0.004,23.36268,20241117072137
20241117072248,1700,0.9924,0.012,22.93788,20241117072247
20241117072330,1700,0.9722,0.04,22.80636,20241117072337
20241117072441,1700,0.985,0.028,23.77827,20241117072447
20241117072522,1700,0.9975,0.012,22.71167,20241117072527
20241117072634,1700,0.9949,0.004,23.00364,20241117072637
20241117072713,1700,0.9824,0.008,22.71299,20241117072717
20241117072826,1700,0.985,0.0,22.88133,20241117072827
20241117072905,1700,0.9724,0.008,23.25089,20241117072907
20241117073018,1700,0.9924,0.008,22.92867,20241117073017
20241117073059,1700,0.9899,0.036,23.11937,20241117073057
20241117073211,1700,0.9874,0.024,23.66122,20241117073217
20241117073250,1700,0.9899,0.036,22.71956,20241117073257
20241117073402,1700,0.9949,0.016,24.34248,20241117073407
20241117073443,1700,0.9698,0.004,22.78138,20241117073447
20241117073555,1700,0.9825,0.024,23.22196,20241117073558
20241117073637,1700,0.9524,0.02,23.27719,20241117073638
20241117073748,1700,0.9924,0.016,22.90763,20241117073748
20241117073829,1700,0.9747,0.016,23.08518,20241117073828
20241117073941,1700,0.9924,0.0,23.05756,20241117073948
20241117074019,1700,0.9874,0.036,22.95366,20241117074018
20241117074131,1700,0.9975,0.028,23.09175,20241117074138
20241117074210,1700,0.9924,0.004,24.59631,20241117074218
20241117074321,1700,0.9975,0.016,23.06545,20241117074328
20241117074402,1700,0.9875,0.008,22.87081,20241117074408
20241117074515,1700,0.9924,0.008,22.91158,20241117074518
20241117074553,1700,0.9472,0.048,22.76033,20241117074558
20241117074705,1700,0.9924,0.0,22.9313,20241117074709
20241117074744,1700,0.9899,0.0,23.02074,20241117074749
20241117074857,1700,0.9949,0.008,24.36353,20241117074859
20241117074936,1700,0.9724,0.008,22.77085,20241117074939
20241117075048,1700,0.9949,0.012,22.93525,20241117075049
20241117075128,1700,0.905,0.02,23.27588,20241117075129
20241117075244,1800,0.9899,0.032,23.66385,20241117075249
20241117075326,1800,0.9799,0.04,22.9918,20241117075329
20241117075437,1800,0.8141,0.388,24.5779,20241117075439
20241117075514,1800,0.9875,0.008,22.74061,20241117075519
20241117075625,1800,0.9975,0.028,24.29777,20241117075629
20241117075705,1800,0.9797,0.016,22.69852,20241117075709
20241117075816,1800,0.9949,0.028,22.87081,20241117075815
20241117075852,1800,0.9672,0.0,23.17461,20241117075855
20241117080003,1800,0.9924,0.02,24.58184,20241117080005
20241117080041,1800,0.9277,0.044,22.77611,20241117080045
20241117080151,1800,0.9924,0.04,23.03389,20241117080155
20241117080232,1800,0.9401,0.016,22.77085,20241117080235
20241117080342,1800,0.9899,0.024,23.33375,20241117080345
20241117080423,1800,0.9949,0.012,23.33506,20241117080425
20241117080534,1800,0.9924,0.024,24.22017,20241117080535
20241117080616,1800,0.92,0.024,23.02468,20241117080615
20241117080726,1800,0.99,0.04,23.01022,20241117080726
20241117080804,1800,0.9824,0.048,23.29955,20241117080806
20241117080914,1800,0.9925,0.008,24.4569,20241117080916
20241117080951,1800,0.9275,0.004,22.93657,20241117080956
20241117081101,1800,0.985,0.028,23.73224,20241117081106
20241117081138,1800,0.9824,0.016,23.0694,20241117081136
20241117081249,1800,0.9874,0.072,23.10491,20241117081246
20241117081326,1800,0.9899,0.008,23.06808,20241117081326
20241117081437,1800,1.0,0.02,22.87081,20241117081436
20241117081515,1800,0.9254,0.04,23.56785,20241117081516
20241117081625,1800,0.9874,0.04,22.93525,20241117081626
20241117081703,1800,0.9925,0.016,22.87607,20241117081706
20241117081814,1800,0.995,0.032,23.04046,20241117081816
20241117081852,1800,0.9548,0.092,22.88922,20241117081857
20241117082002,1800,0.9875,0.04,23.67438,20241117082007
20241117082038,1800,0.9526,0.036,22.96418,20241117082037
20241117082148,1800,0.985,0.004,22.83661,20241117082147
20241117082229,1800,0.9875,0.004,23.21407,20241117082227
20241117082340,1800,0.985,0.036,22.95498,20241117082347
20241117082416,1800,0.9924,0.008,23.37057,20241117082417
20241117082527,1800,0.9975,0.028,23.14831,20241117082527
20241117082605,1800,0.91,0.112,23.25878,20241117082607
20241117082716,1800,0.9875,0.0,22.91815,20241117082717
20241117082753,1800,0.9724,0.008,22.77611,20241117082757
20241117082904,1800,0.9925,0.0,22.89054,20241117082907
20241117082941,1800,0.8713,0.0,22.76822,20241117082947
20241117083051,1800,0.9899,0.024,27.13196,20241117083057
20241117083128,1800,0.8526,0.048,23.12858,20241117083127
20241117083238,1800,0.9924,0.04,23.00364,20241117083238
20241117083320,1800,0.9875,0.004,24.02684,20241117083328
20241117083430,1800,0.9899,0.032,22.98917,20241117083438
20241117083507,1800,0.9773,0.056,23.04309,20241117083508
20241117083618,1800,0.9975,0.0317,22.97734,20241117083618
20241117083655,1800,0.8561,0.096,22.88791,20241117083658
20241117083805,1800,0.9949,0.036,24.51609,20241117083808
20241117083846,1800,0.9077,0.008,22.55385,20241117083848
20241117083957,1800,0.9949,0.0,22.94051,20241117083958
20241117084035,1800,0.871,0.072,22.86555,20241117084038
20241117084145,1800,0.9924,0.032,22.88001,20241117084149
20241117084227,1800,0.861,0.088,23.14962,20241117084229
20241117084337,1800,0.9949,0.028,24.41745,20241117084339
20241117084414,1800,0.8458,0.004,22.87607,20241117084419
20241117084524,1800,0.9924,0.032,23.30744,20241117084529
20241117084602,1800,0.8738,0.06,22.91684,20241117084609
20241117084713,1800,0.9899,0.0,22.94446,20241117084719
20241117084750,1800,0.9875,0.0,23.22196,20241117084759
20241117084901,1800,0.98,0.032,23.04836,20241117084909
20241117084939,1800,0.9949,0.008,23.47053,20241117084939
20241117085049,1800,0.985,0.008,22.88133,20241117085049
20241117085127,1800,0.9699,0.016,23.01942,20241117085124
20241117085237,1800,0.9949,0.004,22.97339,20241117085235
20241117085319,1800,0.9899,0.008,24.0755,20241117085315
20241117085430,1800,0.9825,0.036,23.88875,20241117085435
20241117085507,1800,0.9825,0.008,23.44028,20241117085505
20241117085618,1800,0.9949,0.04,22.81688,20241117085615
20241117085654,1800,0.9924,0.0,22.99575,20241117085655
20241117085805,1800,0.9924,0.012,23.04704,20241117085805
20241117085842,1800,0.9899,0.016,23.24695,20241117085845
20241117085952,1800,0.9899,0.0,22.92867,20241117085955
20241117090029,1800,0.985,0.0,24.41876,20241117090025
20241117090140,1800,0.9899,0.036,24.03736,20241117090145
20241117090221,1800,0.9899,0.012,22.84845,20241117090225
20241117090332,1800,0.99,0.032,22.94446,20241117090335
20241117090410,1800,0.9748,0.016,23.04836,20241117090415
20241117090520,1800,0.9899,0.008,24.00974,20241117090526
20241117090601,1800,0.9773,0.008,22.86555,20241117090606
20241117090712,1800,0.9899,0.04,22.92999,20241117090716
20241117090754,1800,0.9875,0.0,22.74981,20241117090756
20241117090904,1800,0.9949,0.004,24.80148,20241117090906
20241117090946,1800,0.9875,0.008,22.97734,20241117090946
20241117091056,1800,0.9873,0.052,23.03783,20241117091056
20241117091138,1800,0.9924,0.008,23.026,20241117091136
20241117091248,1800,0.9773,0.084,22.94183,20241117091246
20241117091327,1800,0.9924,0.0,23.01153,20241117091326
20241117091438,1800,0.9924,0.036,23.11543,20241117091436
20241117091517,1800,0.9799,0.064,22.94577,20241117091516
20241117091627,1800,0.9924,0.004,22.905,20241117091627
20241117091706,1800,0.9749,0.072,23.07861,20241117091707
20241117091816,1800,0.98,0.012,22.90895,20241117091817
20241117091852,1800,0.9599,0.004,22.75113,20241117091857
20241117092003,1800,0.9924,0.036,23.01416,20241117092007
20241117092045,1800,0.9924,0.0,22.78664,20241117092047
20241117092155,1800,0.9924,0.008,24.39903,20241117092157
20241117092237,1800,0.9925,0.004,22.84056,20241117092237
20241117092347,1800,0.9799,0.04,23.04967,20241117092347
20241117092429,1800,0.9849,0.04,23.12858,20241117092427
20241117092540,1800,0.9899,0.02,22.98917,20241117092547
20241117092620,1800,0.9924,0.004,22.97865,20241117092627
20241117092731,1800,0.9899,0.036,22.78795,20241117092737
20241117092813,1800,0.9899,0.044,22.80768,20241117092817
20241117092924,1800,0.9899,0.004,22.84187,20241117092928
20241117093002,1800,0.9924,0.008,22.90237,20241117093008
20241117093112,1800,0.9924,0.004,23.84272,20241117093118
20241117093149,1800,1.0,0.004,23.01548,20241117093148
20241117093259,1800,0.9825,0.032,22.9221,20241117093258
20241117093340,1800,0.985,0.0,24.68574,20241117093348
20241117093451,1800,0.9924,0.036,23.10622,20241117093458
20241117093532,1800,0.9899,0.044,22.77085,20241117093538
20241117093642,1800,0.9949,0.008,23.87034,20241117093648
20241117093719,1800,0.9924,0.016,23.1128,20241117093718
20241117093829,1800,0.9849,0.028,22.84845,20241117093828
20241117093911,1800,0.9899,0.02,22.91684,20241117093918
20241117094021,1800,0.9849,0.04,29.68076,20241117094028
20241117094058,1800,0.9747,0.0,22.905,20241117094058
20241117094208,1800,0.9949,0.008,22.87607,20241117094208
20241117094245,1800,0.9699,0.008,22.78006,20241117094248
20241117094355,1800,0.9875,0.04,23.00627,20241117094359
20241117094437,1800,0.9949,0.0,23.43107,20241117094439
20241117094547,1800,0.975,0.04,24.27015,20241117094549
20241117094624,1800,0.9624,0.008,22.90237,20241117094629
20241117094734,1800,0.9924,0.004,23.77564,20241117094739
20241117094811,1800,0.9975,0.0,24.63445,20241117094819
20241117094922,1800,0.985,0.036,22.93525,20241117094929
20241117095002,1800,0.9474,0.084,22.93657,20241117095009
20241117095113,1800,0.9949,0.028,23.27851,20241117095119
20241117095155,1800,0.9123,0.012,22.72614,20241117095159
20241117095305,1800,0.9925,0.016,23.5547,20241117095309
20241117095346,1800,0.8837,0.016,22.73797,20241117095349
20241117095456,1800,0.9975,0.024,23.16278,20241117095459
20241117095533,1800,0.9398,0.056,22.82741,20241117095539
20241117095643,1800,0.9899,0.04,23.98739,20241117095649
20241117095720,1800,0.9526,0.02,22.78664,20241117095725
20241117095831,1800,1.0,0.0,23.25878,20241117095835
20241117095911,1800,0.9975,0.004,22.70115,20241117095915
20241117100022,1800,0.9925,0.032,24.58579,20241117100025
20241117100102,1800,0.9749,0.016,23.25615,20241117100105
20241117100213,1800,0.99,0.032,24.45427,20241117100215
20241117100251,1800,0.9949,0.008,22.75507,20241117100255
20241117100402,1800,1.0,0.0,23.16935,20241117100405
20241117100439,1800,0.9724,0.0,25.09871,20241117100435
20241117100550,1800,0.9975,0.032,22.96024,20241117100555
20241117100628,1800,0.9777,0.008,23.16541,20241117100625
20241117100739,1800,0.7196,0.1,27.98156,20241117100735
20241117100821,1800,0.8744,0.024,22.67879,20241117100825
20241117100931,1800,0.9975,0.04,22.80505,20241117100936
20241117101009,1800,0.9572,0.052,23.1562,20241117101006
20241117101119,1800,0.9875,0.032,22.93657,20241117101116
20241117101158,1800,0.9449,0.04,22.96682,20241117101156
20241117101309,1800,0.9875,0.004,23.00232,20241117101306
20241117101346,1800,0.9925,0.0,23.35216,20241117101346
20241117101457,1800,0.9924,0.024,23.27325,20241117101456
20241117101535,1800,0.9899,0.004,22.93788,20241117101536
20241117101646,1800,0.995,0.032,22.97865,20241117101646
20241117101724,1800,0.9173,0.008,23.72304,20241117101726
20241117101835,1800,0.9825,0.0,22.90632,20241117101836
20241117101912,1800,0.9899,0.012,22.80768,20241117101916
20241117102023,1800,0.9975,0.032,22.90106,20241117102026
20241117102105,1800,0.8778,0.024,23.3127,20241117102106
20241117102215,1800,0.9949,0.004,22.92736,20241117102216
20241117102254,1800,0.8703,0.004,22.82478,20241117102256
20241117102405,1800,0.9949,0.004,23.30613,20241117102406
20241117102442,1800,0.9848,0.036,22.9392,20241117102446
20241117102553,1800,0.9949,0.008,22.95235,20241117102556
20241117102630,1800,0.97,0.0,22.72614,20241117102636
20241117102741,1800,0.9875,0.028,23.60862,20241117102746
20241117102823,1800,0.8543,0.084,22.90763,20241117102826
20241117102934,1800,0.9924,0.0,22.97734,20241117102936
20241117103011,1800,0.9398,0.012,23.01153,20241117103017
20241117103122,1800,0.995,0.0,23.93872,20241117103127
20241117103203,1800,0.9875,0.012,22.72219,20241117103207
20241117103314,1800,0.9752,0.024,22.92604,20241117103317
20241117103350,1800,0.9599,0.008,22.83267,20241117103357
20241117103501,1800,0.9824,0.072,23.9282,20241117103507
20241117103539,1800,0.9899,0.04,22.97339,20241117103537
20241117103650,1800,0.995,0.02,23.03389,20241117103657
20241117103731,1800,0.9949,0.0079,22.83661,20241117103737
20241117103842,1800,0.9875,0.028,23.49946,20241117103847
20241117103923,1800,0.9271,0.008,22.76954,20241117103927
20241117104033,1800,0.985,0.028,23.49551,20241117104037
20241117104110,1800,0.8983,0.012,24.59499,20241117104117
20241117104221,1800,0.9924,0.0,23.16935,20241117104227
20241117104258,1800,0.9674,0.008,23.67701,20241117104258
20241117104409,1800,0.985,0.036,22.79584,20241117104408
20241117104445,1800,0.9899,0.008,23.243,20241117104448
20241117104556,1800,0.9949,0.008,22.79716,20241117104558
20241117104637,1800,0.8834,0.008,23.42186,20241117104638
20241117104747,1800,0.9924,0.032,24.46742,20241117104748
20241117104825,1800,0.83,0.076,22.69983,20241117104828
20241117104935,1800,1.0,0.032,24.43586,20241117104938
20241117105012,1800,0.9701,0.008,22.99575,20241117105018
20241117105123,1800,0.9801,0.0,24.34511,20241117105129
20241117105201,1800,0.8554,0.044,24.63445,20241117105209
20241117105312,1800,0.9949,0.0,23.11148,20241117105319
20241117105353,1800,0.985,0.016,22.92736,20241117105359
20241117105512,2000,0.9825,0.036,32.07042,20241117105519
20241117105549,2000,0.9824,0.008,22.98786,20241117105549
20241117105702,2000,0.9874,0.04,22.96944,20241117105709
20241117105740,2000,0.9924,0.004,23.026,20241117105749
20241117105848,2000,0.9899,0.0,23.29166,20241117105849
20241117105925,2000,0.9824,0.0,22.86818,20241117105929
20241117110033,2000,0.9305,0.056,22.91815,20241117110039
20241117110110,2000,0.9774,0.004,22.45653,20241117110119
20241117110219,2000,0.995,0.004,23.798,20241117110219
20241117110256,2000,0.9874,0.0,22.73929,20241117110259
20241117110409,2000,0.9975,0.008,22.90369,20241117110409
20241117110446,2000,0.9899,0.004,22.89448,20241117110449
20241117110559,2000,0.98,0.036,23.02731,20241117110559
20241117110636,2000,0.9627,0.004,22.97602,20241117110635
20241117110744,2000,0.925,0.04,23.0352,20241117110745
20241117110820,2000,0.9925,0.008,22.8353,20241117110825
20241117110933,2000,0.995,0.008,24.66733,20241117110935
20241117111009,2000,0.9774,0.004,26.18767,20241117111005
20241117111122,2000,0.995,0.008,23.29955,20241117111125
20241117111157,2000,0.9823,0.036,22.9826,20241117111155
20241117111305,2000,0.9059,0.044,22.97602,20241117111305
20241117111339,2000,0.9749,0.008,25.3841,20241117111335
20241117111447,2000,0.9303,0.008,22.9313,20241117111445
20241117111524,2000,0.9875,0.008,23.67832,20241117111525
20241117111632,2000,0.9325,0.028,22.91421,20241117111635
20241117111710,2000,0.995,0.0,22.87344,20241117111715
20241117111819,2000,0.985,0.008,22.84976,20241117111815
20241117111854,2000,0.985,0.0,23.66122,20241117111855
20241117112002,2000,0.9401,0.012,23.28114,20241117112005
20241117112039,2000,0.995,0.008,24.5871,20241117112035
20241117112147,2000,0.9523,0.032,22.9918,20241117112145
20241117112223,2000,0.9874,0.008,23.05625,20241117112226
20241117112335,2000,0.9949,0.0,23.1562,20241117112336
20241117112412,2000,0.9874,0.052,22.86423,20241117112416
20241117112525,2000,0.9825,0.044,23.04967,20241117112526
20241117112602,2000,0.9699,0.016,22.79584,20241117112606
20241117112710,2000,0.9252,0.044,23.65202,20241117112716
20241117112746,2000,0.995,0.008,23.02468,20241117112746
20241117112854,2000,0.9424,0.008,23.04967,20241117112856
20241117112932,2000,0.995,0.008,22.86818,20241117112936
20241117113045,2000,0.99,0.004,22.9826,20241117113046
20241117113122,2000,0.9875,0.004,22.93262,20241117113126
20241117113235,2000,0.9924,0.004,24.28593,20241117113236
20241117113313,2000,0.9975,0.004,23.3561,20241117113316
20241117113426,2000,0.9899,0.016,22.78401,20241117113426
20241117113503,2000,0.9428,0.004,22.94446,20241117113506
20241117113616,2000,0.9875,0.016,23.06545,20241117113616
20241117113652,2000,0.9596,0.064,22.78006,20241117113656
20241117113800,2000,0.9899,0.008,23.13121,20241117113806
20241117113836,2000,0.9825,0.012,23.026,20241117113836
20241117113949,2000,0.9799,0.04,22.8958,20241117113946
20241117114025,2000,0.9924,0.02,23.49814,20241117114026
20241117114138,2000,0.985,0.028,22.97602,20241117114137
20241117114215,2000,0.9449,0.024,23.3903,20241117114217
20241117114323,2000,0.9774,0.024,22.91158,20241117114327
20241117114401,2000,0.9343,0.028,22.87081,20241117114407
20241117114509,2000,0.9874,0.0,23.12858,20241117114507
20241117114544,2000,0.9899,0.0,22.74587,20241117114547
20241117114653,2000,0.995,0.008,23.89532,20241117114657
20241117114729,2000,0.9674,0.008,23.13647,20241117114727
20241117114837,2000,0.9924,0.0,22.99706,20241117114837
20241117114916,2000,0.8942,0.108,23.47184,20241117114917
20241117115029,2000,0.9975,0.008,22.88133,20241117115027
20241117115107,2000,0.8914,0.012,23.07203,20241117115107
20241117115215,2000,0.9949,0.004,23.03126,20241117115217
20241117115252,2000,0.8992,0.036,23.64281,20241117115258
20241117115400,2000,0.9949,0.004,23.14436,20241117115408
20241117115437,2000,0.9774,0.008,23.09307,20241117115438
20241117115545,2000,0.9899,0.0,23.45606,20241117115548
20241117115622,2000,0.96,0.008,22.77611,20241117115628
20241117115730,2000,0.9924,0.0,22.8182,20241117115738
20241117115807,2000,0.9597,0.032,23.49683,20241117115808
20241117115915,2000,0.985,0.0,22.8524,20241117115918
20241117115951,2000,0.9623,0.0,24.42797,20241117115958
20241117120104,2000,0.9825,0.044,24.16362,20241117120108
20241117120140,2000,0.9052,0.0,23.40871,20241117120148
20241117120248,2000,0.9874,0.044,22.96155,20241117120248
20241117120326,2000,0.9725,0.004,23.36794,20241117120328
20241117120435,2000,0.9899,0.056,22.94972,20241117120438
20241117120510,2000,0.9171,0.108,25.19077,20241117120518
20241117120618,2000,0.9824,0.032,22.92736,20241117120618
20241117120655,2000,0.995,0.0,23.01153,20241117120658
20241117120803,2000,0.9949,0.0,23.43896,20241117120808
20241117120837,2000,0.9697,0.008,23.42581,20241117120838
20241117120950,2000,0.9924,0.016,22.95366,20241117120958
20241117121026,2000,0.9323,0.0,23.40345,20241117121028
20241117121134,2000,0.9874,0.04,23.41003,20241117121138
20241117121213,2000,0.8983,0.02,22.7143,20241117121218
20241117121321,2000,0.9898,0.052,31.94153,20241117121328
20241117121356,2000,0.9824,0.0,23.39425,20241117121358
20241117121510,2000,0.9874,0.004,31.45624,20241117121518
20241117121544,2000,0.94,0.032,22.86423,20241117121549
20241117121653,2000,0.9875,0.04,24.6042,20241117121659
20241117121728,2000,0.92,0.02,23.67043,20241117121729
20241117121841,2000,0.99,0.008,22.98128,20241117121849
20241117121917,2000,0.9875,0.008,23.31928,20241117121919
20241117122030,2000,0.9875,0.016,33.09494,20241117122039
20241117122106,2000,0.9322,0.04,22.92999,20241117122109
20241117122214,2000,0.9924,0.008,23.9019,20241117122219
20241117122248,2000,0.9127,0.032,23.5468,20241117122249
20241117122401,2000,0.9949,0.008,23.04441,20241117122409
20241117122437,2000,0.8894,0.004,23.39293,20241117122439
20241117122550,2000,0.99,0.0119,31.24844,20241117122559
20241117122626,2000,0.947,0.164,23.28903,20241117122629
20241117122739,2000,0.9875,0.016,23.09965,20241117122739
20241117122816,2000,0.9724,0.016,23.243,20241117122819
20241117122929,2000,0.995,0.016,23.05756,20241117122929
20241117123007,2000,0.9975,0.012,22.99575,20241117123004
20241117123115,2000,0.9924,0.0,22.96682,20241117123115
20241117123154,2000,0.9652,0.048,23.50603,20241117123155
20241117123307,2000,0.9875,0.0119,22.8182,20241117123305
20241117123343,2000,0.9052,0.0,23.20354,20241117123345
20241117123451,2000,0.9924,0.044,24.07813,20241117123455
20241117123526,2000,0.9924,0.004,23.08518,20241117123525
20241117123635,2000,0.9925,0.012,22.97865,20241117123635
20241117123711,2000,0.9924,0.0,22.81952,20241117123715
20241117123824,2000,0.9949,0.012,24.38194,20241117123825
20241117123901,2000,0.9107,0.008,23.05362,20241117123905
20241117124009,2000,0.9924,0.008,23.01548,20241117124005
20241117124045,2000,0.9419,0.008,22.9826,20241117124045
20241117124158,2000,0.9899,0.008,22.82478,20241117124156
20241117124234,2000,0.8794,0.008,23.20486,20241117124236
20241117124342,2000,0.9924,0.012,23.82036,20241117124346
20241117124420,2000,0.8815,0.0,22.67222,20241117124426
20241117124528,2000,0.9949,0.028,22.99838,20241117124526
20241117124603,2000,0.8925,0.0,23.27719,20241117124606
20241117124716,2000,0.985,0.008,22.8616,20241117124716
20241117124753,2000,0.9121,0.008,22.75902,20241117124756
20241117124906,2000,0.995,0.0,23.25747,20241117124906
20241117124945,2000,0.907,0.032,23.28772,20241117124946
20241117125053,2000,0.995,0.04,23.81905,20241117125056
20241117125130,2000,0.9676,0.004,24.10181,20241117125137
20241117125242,2000,0.9875,0.0,24.22017,20241117125247
20241117125318,2000,0.9849,0.044,23.22853,20241117125317
20241117125431,2000,0.9924,0.032,24.40035,20241117125437
20241117125505,2000,0.9674,0.02,23.11543,20241117125507
20241117125613,2000,0.9725,0.004,23.5376,20241117125617
20241117125650,2000,0.9825,0.004,22.82215,20241117125657
20241117125758,2000,0.9422,0.04,22.84976,20241117125757
20241117125834,2000,0.9899,0.008,22.84714,20241117125837
20241117125942,2000,0.9825,0.036,24.60683,20241117125947
20241117130015,2000,0.9874,0.0,23.25221,20241117130017
20241117130124,2000,0.9874,0.0,23.76775,20241117130127
20241117130200,2000,0.9949,0.0,24.87776,20241117130207
20241117130308,2000,0.9773,0.02,22.90763,20241117130307
20241117130344,2000,0.9975,0.012,22.96287,20241117130348
20241117130452,2000,0.9924,0.032,23.03257,20241117130458
20241117130526,2000,0.9874,0.024,23.44028,20241117130528
20241117130634,2000,0.9426,0.004,22.90895,20241117130638
20241117130710,2000,0.9875,0.0,23.97818,20241117130718
20241117130823,2000,0.98,0.04,23.26141,20241117130828
20241117130900,2000,0.9624,0.008,23.57442,20241117130908
20241117131013,2000,0.9849,0.032,23.08913,20241117131018
20241117131050,2000,0.9748,0.004,22.8958,20241117131058
20241117131203,2000,0.995,0.008,23.04967,20241117131208
20241117131239,2000,0.9875,0.028,22.8011,20241117131239
20241117131352,2000,0.9925,0.016,22.83398,20241117131359
20241117131428,2000,0.9824,0.044,23.5376,20241117131429
20241117131541,2000,0.9875,0.016,23.14305,20241117131549
20241117131618,2000,0.9899,0.012,23.37057,20241117131619
20241117131730,2000,0.995,0.0,22.93788,20241117131739
20241117131808,2000,0.9549,0.036,23.16541,20241117131809
20241117131920,2000,0.9924,0.032,22.82872,20241117131929
20241117131956,2000,0.9495,0.032,22.92078,20241117131959
20241117132109,2000,0.9849,0.044,22.905,20241117132109
20241117132146,2000,0.9949,0.004,22.8353,20241117132149
20241117132259,2000,0.9924,0.004,23.00364,20241117132255
20241117132335,2000,0.9774,0.016,22.96155,20241117132335
20241117132448,2000,0.9874,0.044,22.88396,20241117132445
20241117132526,2000,0.9676,0.0,22.9392,20241117132525
20241117132634,2000,0.9924,0.0,22.97602,20241117132635
20241117132709,2000,0.99,0.0,23.0523,20241117132705
20241117132822,2000,0.9874,0.048,24.81068,20241117132825
20241117132858,2000,0.9975,0.004,23.13121,20241117132855
20241117133011,2000,0.9775,0.04,23.95451,20241117133015
20241117133048,2000,0.9875,0.008,23.23248,20241117133045
20241117133156,2000,0.9398,0.02,23.00759,20241117133155
20241117133232,2000,0.9848,0.004,23.07992,20241117133235
20241117133340,2000,0.9899,0.032,23.32191,20241117133345
20241117133417,2000,0.9322,0.036,23.04441,20241117133415
20241117133524,2000,0.9206,0.088,22.98523,20241117133525
20241117133600,2000,0.9773,0.0,22.96287,20241117133605
20241117133708,2000,0.9899,0.032,23.00759,20241117133706
20241117133744,2000,0.9773,0.016,23.26404,20241117133746
20241117133857,2000,0.995,0.016,22.98654,20241117133856
20241117133934,2000,0.9302,0.052,22.46047,20241117133936
20241117134046,2000,0.9849,0.04,22.95629,20241117134046
20241117134124,2000,0.9428,0.004,23.2864,20241117134126
20241117134232,2000,0.995,0.0,24.27409,20241117134236
20241117134308,2000,0.995,0.0,23.55338,20241117134306
20241117134421,2000,0.9925,0.008,23.83614,20241117134426
20241117134458,2000,0.9698,0.04,23.05362,20241117134456
20241117134611,2000,0.9874,0.04,23.52576,20241117134616
20241117134647,2000,0.9899,0.016,23.08781,20241117134646
20241117134800,2000,0.9975,0.016,22.905,20241117134807
20241117134836,2000,0.9649,0.028,23.14042,20241117134837
20241117134949,2000,0.9849,0.052,22.90106,20241117134947
20241117135025,2000,0.898,0.0,23.22459,20241117135027
20241117135137,2000,0.9849,0.036,22.88133,20241117135137
20241117135214,2000,0.9874,0.016,23.29166,20241117135217
20241117135332,2200,0.9849,0.044,23.22459,20241117135337
20241117135407,2200,0.92,0.064,23.08913,20241117135407
20241117135514,2200,0.995,0.004,24.54107,20241117135517
20241117135548,2200,0.995,0.008,22.99838,20241117135547
20241117135700,2200,0.9874,0.04,33.97347,20241117135707
20241117135733,2200,0.9824,0.012,22.76954,20241117135737
20241117135845,2200,0.9798,0.096,23.30613,20241117135847
20241117135919,2200,0.9899,0.032,23.13384,20241117135918
20241117140031,2200,0.9924,0.044,22.94577,20241117140038
20241117140103,2200,0.9454,0.0,22.90237,20241117140108
20241117140214,2200,0.9924,0.028,24.73835,20241117140218
20241117140250,2200,0.9924,0.028,23.72961,20241117140258
20241117140402,2200,0.9849,0.044,23.09833,20241117140408
20241117140435,2200,0.9525,0.008,22.73535,20241117140438
20241117140546,2200,0.9849,0.032,23.32586,20241117140548
20241117140620,2200,0.8955,0.008,23.12595,20241117140628
20241117140731,2200,0.98,0.036,22.92999,20241117140738
20241117140806,2200,0.9899,0.048,23.27193,20241117140808
20241117140918,2200,0.9824,0.04,23.01416,20241117140918
20241117140950,2200,0.9648,0.0,23.87823,20241117140959
20241117141102,2200,0.9924,0.016,23.30087,20241117141109
20241117141135,2200,0.8955,0.016,23.15357,20241117141139
20241117141246,2200,0.9949,0.032,23.36268,20241117141249
20241117141318,2200,0.9673,0.008,23.08123,20241117141319
20241117141430,2200,0.9874,0.048,22.8011,20241117141439
20241117141502,2200,0.9925,0.0,24.33854,20241117141509
20241117141614,2200,0.985,0.032,23.04572,20241117141619
20241117141646,2200,0.9025,0.0,22.9392,20241117141649
20241117141757,2200,0.9975,0.004,23.19828,20241117141759
20241117141830,2200,0.9002,0.004,22.55254,20241117141839
20241117141941,2200,0.9899,0.044,23.03257,20241117141949
20241117142013,2200,0.9525,0.0,22.79453,20241117142019
20241117142125,2200,0.9924,0.008,23.93741,20241117142129
20241117142157,2200,0.8933,0.0,23.38635,20241117142159
20241117142308,2200,0.9875,0.008,23.57705,20241117142309
20241117142342,2200,0.8571,0.008,23.09044,20241117142349
20241117142453,2200,0.9924,0.04,22.90369,20241117142459
20241117142526,2200,0.9925,0.008,22.65775,20241117142529
20241117142638,2200,0.9975,0.016,24.5871,20241117142639
20241117142710,2200,0.9,0.0,22.85108,20241117142715
20241117142822,2200,0.9949,0.008,24.04525,20241117142825
20241117142856,2200,0.8897,0.064,23.14831,20241117142855
20241117143007,2200,0.9825,0.036,22.8616,20241117143005
20241117143039,2200,0.9925,0.008,23.97687,20241117143035
20241117143151,2200,0.9874,0.052,24.08208,20241117143155
20241117143223,2200,0.9726,0.0,24.40693,20241117143225
20241117143335,2200,0.9899,0.04,23.03783,20241117143335
20241117143408,2200,0.9422,0.008,23.25089,20241117143405
20241117143520,2200,0.9925,0.016,22.92473,20241117143525
20241117143551,2200,0.9,0.0,23.48894,20241117143555
20241117143702,2200,0.99,0.004,23.57311,20241117143705
20241117143735,2200,0.9925,0.0079,23.01022,20241117143735
20241117143847,2200,0.9874,0.04,22.90895,20241117143845
20241117143921,2200,0.9295,0.0,22.86686,20241117143925
20241117144032,2200,0.995,0.004,23.69279,20241117144035
20241117144106,2200,0.8864,0.012,23.16146,20241117144105
20241117144217,2200,0.9925,0.016,23.28772,20241117144215
20241117144250,2200,0.9398,0.016,22.79847,20241117144255
20241117144402,2200,0.9899,0.008,24.83304,20241117144406
20241117144434,2200,0.9,0.008,23.48368,20241117144436
20241117144545,2200,0.9849,0.036,23.09833,20241117144546
20241117144619,2200,0.9068,0.004,23.1562,20241117144616
20241117144730,2200,0.9899,0.0356,22.88659,20241117144736
20241117144802,2200,0.9647,0.0,22.81294,20241117144806
20241117144914,2200,0.9724,0.08,23.48236,20241117144916
20241117144947,2200,0.9949,0.0,22.99969,20241117144946
20241117145058,2200,0.9925,0.0,23.08913,20241117145056
20241117145130,2200,0.9874,0.012,22.90106,20241117145137
20241117145242,2200,0.9849,0.04,23.6507,20241117145247
20241117145315,2200,0.9899,0.004,23.64281,20241117145317
20241117145427,2200,0.99,0.036,22.97602,20241117145427
20241117145459,2200,0.9875,0.0,23.38898,20241117145457
20241117145611,2200,0.9899,0.008,23.07729,20241117145617
20241117145644,2200,0.995,0.008,23.0089,20241117145647
20241117145755,2200,0.99,0.0,24.60815,20241117145757
20241117145828,2200,1.0,0.0,23.22196,20241117145827
20241117145939,2200,0.9849,0.032,22.90106,20241117145937
20241117150011,2200,0.9924,0.016,22.89448,20241117150017
20241117150123,2200,0.9899,0.036,24.17151,20241117150127
20241117150155,2200,0.995,0.0,23.42186,20241117150157
20241117150307,2200,0.9874,0.04,23.32191,20241117150307
20241117150339,2200,0.99,0.008,23.33638,20241117150337
20241117150451,2200,0.9849,0.044,23.10622,20241117150457
20241117150526,2200,0.9874,0.04,23.14568,20241117150527
20241117150637,2200,0.995,0.008,22.96287,20241117150637
20241117150713,2200,0.9848,0.044,22.92736,20241117150717
20241117150825,2200,0.99,0.004,23.19828,20241117150827
20241117150857,2200,0.9975,0.0,22.98391,20241117150857
20241117151009,2200,0.9825,0.036,23.12463,20241117151008
20241117151040,2200,0.9875,0.028,25.17893,20241117151048
20241117151152,2200,0.9874,0.036,22.9918,20241117151158
20241117151224,2200,0.9949,0.008,22.8787,20241117151228
20241117151335,2200,0.9975,0.012,23.1128,20241117151338
20241117151409,2200,0.9698,0.0,23.58494,20241117151408
20241117151516,2200,0.9899,0.0,23.08123,20241117151518
20241117151549,2200,0.985,0.004,23.11017,20241117151548
20241117151701,2200,0.9925,0.004,23.13253,20241117151708
20241117151734,2200,0.9975,0.004,22.74323,20241117151738
20241117151845,2200,0.995,0.008,24.41219,20241117151848
20241117151917,2200,0.9949,0.004,23.39425,20241117151918
20241117152029,2200,0.9925,0.004,22.96287,20241117152028
20241117152102,2200,0.9851,0.004,23.24826,20241117152109
20241117152213,2200,0.9925,0.0,22.99838,20241117152219
20241117152245,2200,0.9698,0.044,22.90763,20241117152249
20241117152357,2200,0.9899,0.0356,23.4771,20241117152359
20241117152430,2200,0.9975,0.004,23.01811,20241117152439
20241117152542,2200,0.9874,0.044,23.27325,20241117152549
20241117152616,2200,0.9875,0.0,23.16541,20241117152619
20241117152728,2200,0.9899,0.048,23.30613,20241117152729
20241117152802,2200,0.9924,0.008,25.10134,20241117152809
20241117152914,2200,0.9849,0.048,33.52632,20241117152919
20241117152948,2200,0.9797,0.0,23.19566,20241117152949
20241117153059,2200,0.9899,0.028,22.98917,20241117153059
20241117153132,2200,0.9348,0.0,23.77959,20241117153139
20241117153243,2200,0.995,0.004,31.9731,20241117153249
20241117153317,2200,0.9773,0.02,23.11148,20241117153319
20241117153428,2200,0.9874,0.036,22.98523,20241117153425
20241117153501,2200,0.995,0.0,22.90763,20241117153505
20241117153613,2200,0.9924,0.032,24.56475,20241117153615
20241117153645,2200,0.9975,0.004,23.02863,20241117153645
20241117153757,2200,0.9849,0.052,22.98523,20241117153755
20241117153830,2200,0.932,0.0356,22.88001,20241117153835
20241117153941,2200,0.9875,0.004,24.12811,20241117153945
20241117154013,2200,0.9899,0.004,23.46132,20241117154015
20241117154125,2200,0.985,0.032,22.90106,20241117154125
20241117154157,2200,0.99,0.0,23.07071,20241117154155
20241117154309,2200,0.9899,0.012,23.0352,20241117154305
20241117154341,2200,0.98,0.004,22.83267,20241117154345
20241117154452,2200,0.9824,0.092,23.25221,20241117154455
20241117154527,2200,0.9478,0.036,23.0352,20241117154525
20241117154634,2200,0.9925,0.0079,22.80768,20241117154636
20241117154707,2200,0.9975,0.0,23.06414,20241117154706
20241117154819,2200,0.995,0.008,23.06151,20241117154816
20241117154851,2200,0.9747,0.0,22.82609,20241117154856
20241117155003,2200,0.995,0.008,24.14784,20241117155006
20241117155036,2200,0.995,0.008,22.84976,20241117155036
20241117155147,2200,0.9925,0.0,23.04704,20241117155146
20241117155221,2200,0.895,0.048,22.9221,20241117155226
20241117155333,2200,0.995,0.008,24.40166,20241117155336
20241117155405,2200,0.9649,0.004,23.55996,20241117155406
20241117155512,2200,0.9874,0.036,23.25352,20241117155516
20241117155544,2200,0.9875,0.04,23.20486,20241117155546
20241117155656,2200,0.9849,0.04,22.95892,20241117155656
20241117155729,2200,0.99,0.008,22.91158,20241117155726
20241117155841,2200,0.9849,0.044,22.905,20241117155847
20241117155913,2200,0.99,0.0,22.84056,20241117155917
20241117160025,2200,0.9924,0.024,24.50293,20241117160027
20241117160057,2200,0.9949,0.0,23.0523,20241117160057
20241117160209,2200,0.99,0.016,23.09833,20241117160207
20241117160242,2200,0.9497,0.012,22.84714,20241117160247
20241117160353,2200,0.9875,0.0,24.52003,20241117160357
20241117160427,2200,0.8796,0.032,23.04836,20241117160427
20241117160538,2200,0.9849,0.036,22.97602,20241117160537
20241117160610,2200,0.9924,0.0,24.63182,20241117160617
20241117160722,2200,0.995,0.008,22.81557,20241117160728
20241117160753,2200,0.98,0.032,22.77085,20241117160758
20241117160905,2200,0.9949,0.016,24.13469,20241117160908
20241117160937,2200,0.9,0.032,23.4771,20241117160938
20241117161048,2200,0.9925,0.004,22.85634,20241117161048
20241117161120,2200,0.9673,0.004,23.57442,20241117161128
20241117161231,2200,0.9776,0.032,22.92736,20241117161238
20241117161303,2200,0.9826,0.0,22.84056,20241117161308
20241117161415,2200,0.9874,0.044,23.94136,20241117161418
20241117161448,2200,0.9068,0.06,22.91158,20241117161448
20241117161600,2200,0.9924,0.004,23.05493,20241117161608
20241117161632,2200,0.9023,0.004,22.81031,20241117161638
20241117161743,2200,0.9874,0.028,23.58758,20241117161748
20241117161815,2200,0.9,0.004,22.99049,20241117161818
20241117161926,2200,0.9949,0.008,23.16146,20241117161928
20241117161959,2200,0.9899,0.032,23.47447,20241117161958
20241117162111,2200,0.9949,0.048,22.98523,20241117162119
20241117162143,2200,0.8955,0.0,22.96024,20241117162149
20241117162254,2200,0.9849,0.044,23.78485,20241117162259
20241117162328,2200,0.9975,0.004,23.75197,20241117162329
20241117162440,2200,0.9799,0.0752,33.50922,20241117162449
20241117162514,2200,0.9404,0.0,22.80636,20241117162519
20241117162626,2200,0.9875,0.016,23.61519,20241117162629
20241117162658,2200,0.9102,0.0,23.39688,20241117162659
20241117162809,2200,0.9924,0.016,23.0089,20241117162809
20241117162842,2200,0.9305,0.016,24.88696,20241117162849
20241117162949,2200,0.9899,0.004,22.96024,20241117162949
20241117163021,2200,0.995,0.004,25.06188,20241117163029
20241117163133,2200,0.9849,0.04,22.95103,20241117163139
20241117163206,2200,0.9397,0.008,22.99049,20241117163209
20241117163318,2200,0.9925,0.008,23.4166,20241117163319
20241117163350,2200,0.9,0.004,22.56832,20241117163359
20241117163502,2200,0.9899,0.004,22.86686,20241117163509
20241117163534,2200,0.8997,0.048,22.93788,20241117163539
20241117163645,2200,0.99,0.004,23.0523,20241117163645
20241117163717,2200,0.8953,0.004,22.9918,20241117163715
20241117163828,2200,0.9899,0.044,23.03783,20241117163825
20241117163900,2200,0.9874,0.0,22.76954,20241117163905
20241117164012,2200,0.9899,0.016,22.86028,20241117164015
20241117164045,2200,0.8903,0.096,22.9918,20241117164045
20241117164156,2200,0.98,0.04,23.09702,20241117164155
20241117164229,2200,0.9925,0.004,23.05099,20241117164225
20241117164341,2200,0.995,0.012,24.23201,20241117164345
20241117164413,2200,0.9298,0.0,23.26536,20241117164415
20241117164525,2200,0.9601,0.112,24.5437,20241117164525
20241117164559,2200,0.975,0.016,22.8616,20241117164555
20241117164716,2300,0.9825,0.0554,22.98917,20241117164716
20241117164748,2300,0.9975,0.012,23.12332,20241117164746
20241117164859,2300,0.985,0.008,23.01679,20241117164856
20241117164931,2300,0.995,0.012,22.87607,20241117164936
20241117165041,2300,0.9975,0.004,24.15967,20241117165046
20241117165113,2300,0.985,0.004,23.52313,20241117165116
20241117165224,2300,0.99,0.0,23.11806,20241117165226
20241117165256,2300,0.9924,0.032,23.77433,20241117165256
20241117165407,2300,0.9875,0.0,23.24695,20241117165406
20241117165439,2300,0.995,0.008,22.94709,20241117165436
20241117165550,2300,0.9925,0.0,22.96944,20241117165556
20241117165622,2300,0.995,0.012,22.84582,20241117165626
20241117165733,2300,0.985,0.0,23.97687,20241117165736
20241117165804,2300,0.995,0.0,23.50735,20241117165806
20241117165915,2300,0.9899,0.036,23.1996,20241117165917
20241117165948,2300,0.9925,0.008,23.3298,20241117165947
20241117170059,2300,0.9949,0.036,23.09965,20241117170057
20241117170131,2300,0.995,0.008,23.01942,20241117170137
20241117170242,2300,0.995,0.008,23.80195,20241117170247
20241117170317,2300,0.9774,0.0119,23.4337,20241117170317
20241117170423,2300,0.9327,0.024,24.16888,20241117170427
20241117170454,2300,0.9925,0.0,22.84582,20241117170457
20241117170600,2300,0.9327,0.028,35.73054,20241117170607
20241117170633,2300,0.9254,0.016,22.98786,20241117170637
20241117170744,2300,1.0,0.0,24.56475,20241117170747
20241117170816,2300,0.995,0.016,23.44948,20241117170817
20241117170928,2300,0.9874,0.036,23.29824,20241117170928
20241117171000,2300,0.9875,0.0,23.78617,20241117171008
20241117171111,2300,0.9874,0.036,22.9826,20241117171118
20241117171144,2300,0.9924,0.004,22.83267,20241117171148
20241117171255,2300,0.9924,0.04,23.93872,20241117171258
20241117171328,2300,0.9899,0.012,23.97424,20241117171328
20241117171439,2300,0.98,0.036,23.08913,20241117171438
20241117171510,2300,0.98,0.032,23.16672,20241117171518
20241117171621,2300,0.9924,0.008,22.99049,20241117171628
20241117171653,2300,1.0,0.004,22.99312,20241117171658
20241117171805,2300,0.9874,0.048,23.87165,20241117171808
20241117171837,2300,0.99,0.0,23.62572,20241117171838
20241117171948,2300,0.9925,0.004,22.97208,20241117171948
20241117172021,2300,0.99,0.0,23.94925,20241117172028
20241117172132,2300,0.9925,0.0079,22.95892,20241117172138
20241117172204,2300,0.9925,0.0,22.79058,20241117172209
20241117172315,2300,0.9925,0.004,24.33854,20241117172319
20241117172347,2300,0.9874,0.036,23.50472,20241117172349
20241117172458,2300,0.9975,0.008,22.97997,20241117172459
20241117172529,2300,0.9875,0.008,23.20223,20241117172529
20241117172640,2300,0.9874,0.036,23.15751,20241117172649
20241117172712,2300,0.9575,0.044,24.70942,20241117172719
20241117172822,2300,0.9975,0.008,22.94314,20241117172829
20241117172854,2300,0.9925,0.0,22.78795,20241117172859
20241117173005,2300,0.9874,0.028,23.59678,20241117173009
20241117173037,2300,0.99,0.016,23.55075,20241117173039
20241117173149,2300,0.9849,0.04,22.98917,20241117173149
20241117173223,2300,0.995,0.008,22.78138,20241117173229
20241117173334,2300,0.9975,0.0,32.79639,20241117173339
20241117173407,2300,0.9773,0.032,23.88217,20241117173409
20241117173518,2300,0.9924,0.04,24.51871,20241117173519
20241117173550,2300,0.9849,0.008,22.86686,20241117173559
20241117173701,2300,0.9875,0.008,22.93788,20241117173709
20241117173733,2300,0.9175,0.052,24.92247,20241117173739
20241117173844,2300,0.9874,0.052,24.28067,20241117173845
20241117173916,2300,0.9175,0.008,23.19434,20241117173915
20241117174027,2300,0.9925,0.008,22.9392,20241117174025
20241117174058,2300,0.8892,0.028,23.12201,20241117174055
20241117174209,2300,0.9924,0.016,23.0523,20241117174205
20241117174242,2300,0.8953,0.036,22.76033,20241117174245
20241117174353,2300,0.9874,0.048,23.45211,20241117174355
20241117174427,2300,0.9373,0.0,22.96155,20241117174425
20241117174533,2300,0.9824,0.032,23.01022,20241117174535
20241117174604,2300,0.98,0.0,23.45737,20241117174605
20241117174715,2300,0.9975,0.008,22.99969,20241117174715
20241117174747,2300,0.9223,0.076,22.94183,20241117174745
20241117174858,2300,0.9949,0.044,22.97865,20241117174855
20241117174931,2300,0.9048,0.012,22.84319,20241117174935
20241117175042,2300,0.9776,0.048,24.27146,20241117175046
20241117175113,2300,0.9925,0.016,23.27325,20241117175116
20241117175225,2300,0.9899,0.012,23.44422,20241117175226
20241117175255,2300,0.9924,0.0,23.14831,20241117175256
20241117175406,2300,0.9874,0.04,23.25221,20241117175406
20241117175440,2300,0.9899,0.008,22.80242,20241117175446
20241117175551,2300,0.9874,0.028,23.17067,20241117175556
20241117175624,2300,0.9975,0.004,23.48105,20241117175626
20241117175735,2300,0.9899,0.04,24.54765,20241117175736
20241117175807,2300,0.907,0.032,23.00627,20241117175806
20241117175918,2300,0.9825,0.04,23.46789,20241117175916
20241117175949,2300,0.9924,0.008,23.27719,20241117175946
20241117180100,2300,1.0,0.008,23.06545,20241117180106
20241117180133,2300,0.9476,0.008,22.85897,20241117180136
20241117180244,2300,0.9924,0.04,23.57048,20241117180246
20241117180316,2300,0.9025,0.044,23.12727,20241117180316
20241117180427,2300,0.9849,0.048,23.01548,20241117180426
20241117180501,2300,0.8992,0.008,22.82609,20241117180507
20241117180612,2300,0.9849,0.052,23.54286,20241117180617
20241117180646,2300,0.9175,0.0,23.09833,20241117180647
20241117180757,2300,0.9949,0.04,23.12727,20241117180757
20241117180832,2300,0.8978,0.1,22.83924,20241117180837
20241117180943,2300,0.9849,0.056,23.75855,20241117180947
20241117181015,2300,0.898,0.0,23.35479,20241117181017
20241117181126,2300,0.9874,0.044,24.42008,20241117181127
20241117181158,2300,0.9373,0.0,22.92078,20241117181157
20241117181309,2300,0.9849,0.048,23.03652,20241117181307
20241117181341,2300,0.8905,0.06,23.06282,20241117181347
20241117181452,2300,0.9975,0.008,23.05888,20241117181457
20241117181524,2300,0.9048,0.0,22.87738,20241117181527
20241117181635,2300,0.9899,0.04,24.0926,20241117181638
20241117181707,2300,0.905,0.004,23.82693,20241117181708
20241117181818,2300,0.9824,0.044,23.07597,20241117181818
20241117181850,2300,0.8892,0.052,25.03426,20241117181858
20241117182000,2300,0.9874,0.036,22.88396,20241117182008
20241117182032,2300,0.9949,0.008,22.8524,20241117182038
20241117182143,2300,0.9874,0.036,23.581,20241117182148
20241117182215,2300,0.985,0.004,23.09702,20241117182218
20241117182326,2300,0.9825,0.032,23.16804,20241117182328
20241117182359,2300,0.9375,0.044,23.71778,20241117182358
20241117182510,2300,0.9824,0.052,23.19302,20241117182518
20241117182541,2300,0.9375,0.016,24.58579,20241117182548
20241117182652,2300,0.9899,0.036,22.95235,20241117182658
20241117182724,2300,0.8933,0.0,22.82083,20241117182728
20241117182835,2300,0.995,0.008,23.49814,20241117182838
20241117182907,2300,0.9043,0.052,23.49025,20241117182908
20241117183017,2300,0.9874,0.032,24.08471,20241117183019
20241117183050,2300,0.9899,0.0,23.22327,20241117183059
20241117183201,2300,0.9824,0.04,22.9918,20241117183209
20241117183233,2300,0.9472,0.008,22.84187,20241117183239
20241117183344,2300,1.0,0.008,23.30876,20241117183349
20241117183417,2300,0.9177,0.052,23.81773,20241117183419
20241117183528,2300,0.9924,0.04,24.59894,20241117183529
20241117183600,2300,0.9073,0.004,22.84056,20241117183609
20241117183711,2300,0.985,0.012,22.98654,20241117183719
20241117183854,2300,0.9925,0.008,23.08649,20241117183859
20241117183926,2300,0.995,0.012,22.8524,20241117183929
20241117184037,2300,0.9975,0.004,23.09833,20241117184039
20241117184109,2300,0.9925,0.0,23.41134,20241117184109
20241117184215,2300,0.9404,0.04,22.95629,20241117184219
20241117184249,2300,0.995,0.0,23.29692,20241117184249
20241117184359,2300,0.9777,0.04,22.96813,20241117184355
20241117184431,2300,0.9924,0.008,22.89317,20241117184435
20241117184542,2300,0.995,0.008,23.39819,20241117184545
20241117184614,2300,0.9848,0.044,23.62703,20241117184615
20241117184725,2300,0.9975,0.0,22.99312,20241117184725
20241117184758,2300,0.9925,0.0,23.10491,20241117184755
20241117184909,2300,0.9825,0.04,22.99443,20241117184905
20241117184940,2300,0.995,0.008,22.99049,20241117184945
20241117185051,2300,0.9975,0.004,23.24958,20241117185055
20241117185122,2300,0.9825,0.004,22.92736,20241117185125
20241117185233,2300,0.99,0.0,23.09702,20241117185235
20241117185305,2300,0.9925,0.0,23.76907,20241117185305
20241117185416,2300,1.0,0.0,22.98786,20241117185416
20241117185448,2300,0.9925,0.016,23.08913,20241117185446
20241117185559,2300,0.9849,0.036,23.00364,20241117185556
20241117185630,2300,0.99,0.0,22.95498,20241117185636
20241117185741,2300,0.9849,0.044,23.2259,20241117185746
20241117185814,2300,0.9899,0.008,23.50603,20241117185816
20241117185925,2300,0.9899,0.032,24.28724,20241117185926
20241117185957,2300,0.995,0.0,22.97339,20241117185956
20241117190108,2300,0.99,0.008,23.02468,20241117190106
20241117190140,2300,0.9925,0.008,22.94051,20241117190146
20241117190251,2300,0.9849,0.028,22.92078,20241117190256
20241117190324,2300,0.9924,0.008,23.06808,20241117190326
20241117190430,2300,0.9475,0.008,22.85108,20241117190436
20241117190504,2300,0.9925,0.0,23.39425,20241117190506
20241117190615,2300,0.9975,0.04,22.92999,20241117190617
20241117190647,2300,0.9975,0.008,23.19566,20241117190647
20241117190758,2300,0.9776,0.04,23.0523,20241117190757
20241117190830,2300,0.9826,0.008,24.64103,20241117190837
20241117190941,2300,0.9899,0.032,22.98917,20241117190947
20241117191014,2300,0.9572,0.048,23.24037,20241117191017
20241117191125,2300,0.9825,0.036,23.10096,20241117191127
20241117191157,2300,0.9425,0.0,23.47315,20241117191157
20241117191308,2300,0.9925,0.008,23.06545,20241117191307
20241117191340,2300,0.9478,0.02,24.9685,20241117191347
20241117191452,2300,0.9874,0.044,23.10359,20241117191457
20241117191523,2300,1.0,0.016,22.91947,20241117191527
20241117191634,2300,0.9925,0.0,24.24121,20241117191637
20241117191706,2300,0.9925,0.008,23.3127,20241117191707
20241117191817,2300,0.9899,0.028,23.03257,20241117191818
20241117191849,2300,0.9899,0.016,22.99969,20241117191848
20241117192000,2300,0.985,0.024,22.96944,20241117192008
20241117192031,2300,0.995,0.008,22.90763,20241117192038
20241117192142,2300,0.9874,0.04,22.89711,20241117192148
20241117192216,2300,0.9924,0.008,23.69805,20241117192218
20241117192327,2300,0.9975,0.0,24.52792,20241117192328
20241117192400,2300,0.9975,0.0,23.26273,20241117192408
20241117192511,2300,0.9874,0.032,23.01022,20241117192518
20241117192543,2300,0.9975,0.012,22.83135,20241117192548
20241117192654,2300,0.9849,0.04,23.71252,20241117192658
20241117192727,2300,0.9799,0.008,23.44685,20241117192728
20241117192833,2300,0.9451,0.008,22.84845,20241117192839
20241117192905,2300,0.99,0.0,22.94577,20241117192909
20241117193011,2300,0.9447,0.008,23.58232,20241117193019
20241117193042,2300,0.9949,0.036,23.19697,20241117193049
20241117193149,2300,0.9899,0.0396,24.5779,20241117193149
20241117193222,2300,0.9925,0.008,22.9484,20241117193229
20241117193333,2300,0.995,0.0,23.11017,20241117193339
20241117193405,2300,0.9925,0.0,22.8011,20241117193409
20241117193516,2300,0.9975,0.0,23.99922,20241117193519
20241117193549,2300,0.9949,0.0,22.92078,20241117193549
20241117193700,2300,0.9849,0.032,23.07729,20241117193709
20241117193732,2300,0.8983,0.004,23.69936,20241117193739
20241117193847,2500,0.9925,0.0,22.9655,20241117193849
20241117193919,2500,0.905,0.048,23.53628,20241117193919
20241117194029,2500,0.9776,0.04,24.68969,20241117194029
20241117194100,2500,0.9799,0.004,23.22064,20241117194105
20241117194210,2500,0.9849,0.036,23.03915,20241117194215
20241117194241,2500,0.9671,0.008,23.10754,20241117194245
20241117194351,2500,0.9874,0.036,24.28462,20241117194355
20241117194422,2500,0.8771,0.036,23.02205,20241117194425
20241117194532,2500,0.9825,0.036,24.18861,20241117194535
20241117194606,2500,0.9519,0.068,23.05888,20241117194605
20241117194716,2500,0.995,0.008,23.06808,20241117194715
20241117194749,2500,0.9225,0.012,23.04441,20241117194745
20241117194859,2500,0.9925,0.008,23.06282,20241117194855
20241117194931,2500,0.99,0.0,22.91684,20241117194935
20241117195041,2500,1.0,0.004,30.76314,20241117195045
20241117195113,2500,0.8856,0.044,23.55206,20241117195116
20241117195223,2500,0.9874,0.04,23.89269,20241117195226
20241117195255,2500,0.9924,0.0,23.51919,20241117195256
20241117195405,2500,0.9925,0.004,24.52924,20241117195406
20241117195436,2500,0.8933,0.036,23.36268,20241117195436
20241117195546,2500,0.99,0.012,24.55291,20241117195546
20241117195619,2500,0.9849,0.04,23.10096,20241117195616
20241117195729,2500,0.9949,0.024,22.95892,20241117195726
20241117195801,2500,0.9975,0.0,22.82478,20241117195806
20241117195911,2500,0.995,0.0,35.62796,20241117195916
20241117195943,2500,0.9799,0.012,23.20749,20241117195946
20241117200054,2500,0.99,0.008,24.77517,20241117200056
20241117200126,2500,0.9139,0.048,23.04836,20241117200126
20241117200236,2500,0.9924,0.04,24.83304,20241117200236
20241117200306,2500,0.9949,0.02,23.81247,20241117200307
20241117200416,2500,0.9849,0.04,24.85408,20241117200417
20241117200448,2500,0.9298,0.008,23.00627,20241117200447
20241117200558,2500,0.9949,0.036,23.34295,20241117200557
20241117200630,2500,0.9082,0.072,25.05399,20241117200637
20241117200740,2500,0.9849,0.048,23.01153,20241117200747
20241117200811,2500,0.945,0.016,22.92736,20241117200817
20241117200921,2500,0.9874,0.036,22.95103,20241117200927
20241117200951,2500,0.9048,0.036,22.93525,20241117200957
20241117201101,2500,0.9924,0.008,23.44028,20241117201107
20241117201134,2500,0.9749,0.012,22.75639,20241117201137
20241117201244,2500,0.9776,0.036,25.3578,20241117201247
20241117201316,2500,0.9146,0.008,23.42713,20241117201317
20241117201426,2500,0.9975,0.016,24.82778,20241117201427
20241117201459,2500,0.9524,0.028,23.7375,20241117201458
20241117201609,2500,0.9975,0.004,23.23116,20241117201608
20241117201642,2500,0.9573,0.056,22.88396,20241117201648
20241117201752,2500,0.9924,0.032,23.00364,20241117201758
20241117201825,2500,0.9077,0.012,22.9747,20241117201828
20241117201935,2500,0.9825,0.044,24.42534,20241117201938
20241117202007,2500,0.957,0.0,23.96634,20241117202008
20241117202117,2500,0.9874,0.036,24.95798,20241117202118
20241117202149,2500,0.8997,0.06,23.12332,20241117202148
20241117202259,2500,0.9949,0.008,23.23906,20241117202258
20241117202330,2500,0.9899,0.044,24.05051,20241117202338
20241117202440,2500,1.0,0.004,23.00364,20241117202448
20241117202513,2500,0.91,0.004,22.87212,20241117202518
20241117202623,2500,0.9775,0.052,22.90895,20241117202629
20241117202655,2500,0.9323,0.084,22.96418,20241117202659
20241117202805,2500,0.9874,0.032,23.65991,20241117202809
20241117202838,2500,0.9327,0.004,23.40477,20241117202839
20241117202948,2500,0.9874,0.036,24.69626,20241117202949
20241117203021,2500,0.9144,0.004,23.43633,20241117203029
20241117203131,2500,0.9925,0.0,22.93657,20241117203139
20241117203203,2500,0.9925,0.0,22.85502,20241117203209
20241117203313,2500,0.995,0.004,23.05099,20241117203319
20241117203346,2500,0.9925,0.0,22.85502,20241117203349
20241117203456,2500,0.985,0.036,23.03389,20241117203459
20241117203530,2500,0.9975,0.008,22.86949,20241117203534
20241117203640,2500,1.0,0.0,23.19566,20241117203645
20241117203713,2500,0.99,0.0,23.65465,20241117203715
20241117203823,2500,0.995,0.004,22.99706,20241117203825
20241117203857,2500,0.9874,0.0,22.92473,20241117203855
20241117204007,2500,0.9975,0.008,23.02994,20241117204005
20241117204040,2500,0.9799,0.008,23.02731,20241117204045
20241117204150,2500,0.9825,0.032,23.07203,20241117204155
20241117204223,2500,0.9925,0.0,22.94051,20241117204225
20241117204333,2500,0.9975,0.0,24.10312,20241117204335
20241117204405,2500,0.9776,0.036,23.2338,20241117204405
20241117204515,2500,0.9875,0.0,24.94483,20241117204515
20241117204548,2500,0.9975,0.0,23.19566,20241117204545
20241117204658,2500,0.9899,0.04,23.02337,20241117204656
20241117204731,2500,0.9799,0.008,22.91947,20241117204736
20241117204841,2500,0.9975,0.0,23.18908,20241117204846
20241117204915,2500,0.9924,0.008,23.66254,20241117204916
20241117205025,2500,0.995,0.0,24.77649,20241117205026
20241117205057,2500,0.9701,0.0,23.02863,20241117205056
20241117205207,2500,0.9925,0.0,23.12069,20241117205206
20241117205241,2500,0.9875,0.008,22.88922,20241117205246
20241117205351,2500,0.9874,0.036,34.10631,20241117205356
20241117205423,2500,0.9899,0.004,23.46132,20241117205426
20241117205533,2500,0.9875,0.0,24.07813,20241117205536
20241117205605,2500,0.9824,0.0,23.61125,20241117205606
20241117205715,2500,0.995,0.0,23.13779,20241117205716
20241117205747,2500,0.9775,0.02,23.17461,20241117205746
20241117205857,2500,0.99,0.004,22.97865,20241117205856
20241117205929,2500,0.9899,0.012,23.14173,20241117205926
20241117210039,2500,0.9899,0.04,22.97339,20241117210036
20241117210111,2500,0.9848,0.008,23.04441,20241117210117
20241117210221,2500,0.9874,0.048,36.79714,20241117210227
20241117210254,2500,0.9775,0.0,23.09307,20241117210257
20241117210404,2500,0.9899,0.04,24.60683,20241117210407
20241117210435,2500,0.9724,0.008,23.43896,20241117210437
20241117210545,2500,0.995,0.0,23.27456,20241117210547
20241117210617,2500,0.995,0.02,23.03257,20241117210617
20241117210727,2500,1.0,0.0,23.12595,20241117210727
20241117210800,2500,0.99,0.0,23.73356,20241117210807
20241117210910,2500,0.995,0.0,23.11411,20241117210917
20241117210944,2500,0.9426,0.008,22.94972,20241117210947
20241117211054,2500,0.9925,0.008,23.57442,20241117211057
20241117211126,2500,0.99,0.004,23.48894,20241117211128
20241117211236,2500,0.995,0.0,24.40166,20241117211238
20241117211311,2500,0.9424,0.076,25.56954,20241117211318
20241117211420,2500,0.995,0.004,22.92736,20241117211428
20241117211453,2500,0.9924,0.032,22.97208,20241117211458
20241117211603,2500,0.9899,0.036,23.11937,20241117211608
20241117211635,2500,0.9177,0.02,23.39293,20241117211638
20241117211745,2500,0.9825,0.04,23.79274,20241117211748
20241117211818,2500,0.9975,0.004,22.9826,20241117211818
20241117211928,2500,0.9899,0.032,25.16183,20241117211928
20241117212000,2500,0.9873,0.0,22.79584,20241117212008
20241117212110,2500,0.9899,0.036,22.97865,20241117212119
20241117212143,2500,0.9826,0.004,22.92736,20241117212149
20241117212253,2500,1.0,0.004,23.08913,20241117212259
20241117212327,2500,0.9924,0.004,23.50998,20241117212329
20241117212437,2500,0.9925,0.012,24.05183,20241117212439
20241117212508,2500,0.9875,0.0,23.17198,20241117212509
20241117212618,2500,0.985,0.04,24.80805,20241117212619
20241117212652,2500,0.9035,0.008,23.01942,20241117212659
20241117212802,2500,0.9496,0.08,23.10622,20241117212809
20241117212834,2500,0.9874,0.036,22.99969,20241117212839
20241117212944,2500,0.9975,0.008,23.0352,20241117212949
20241117213018,2500,0.9924,0.008,23.61914,20241117213019
20241117213128,2500,0.9975,0.0,24.01237,20241117213129
20241117213202,2500,0.8914,0.032,23.02074,20241117213205
20241117213311,2500,0.9975,0.0,25.09608,20241117213315
20241117213343,2500,0.9302,0.052,23.44291,20241117213345
20241117213453,2500,0.9874,0.04,23.20354,20241117213455
20241117213523,2500,0.9675,0.044,23.42581,20241117213525
20241117213633,2500,0.9875,0.0,23.16935,20241117213635
20241117213705,2500,0.995,0.0,23.02731,20241117213705
20241117213815,2500,0.9899,0.0,22.99706,20241117213815
20241117213847,2500,0.995,0.016,23.05756,20241117213845
20241117213957,2500,0.9899,0.032,23.16278,20241117213955
20241117214029,2500,0.9273,0.008,22.81031,20241117214025
20241117214139,2500,0.9875,0.016,22.9313,20241117214135
20241117214211,2500,0.995,0.0,23.06151,20241117214215
20241117214321,2500,0.9749,0.088,23.12463,20241117214326
20241117214355,2500,0.92,0.056,23.83351,20241117214356
20241117214505,2500,0.995,0.008,24.92905,20241117214506
20241117214538,2500,0.9774,0.008,23.01679,20241117214536
20241117214648,2500,0.98,0.04,23.3732,20241117214646
20241117214720,2500,0.9925,0.008,22.83661,20241117214726
20241117214830,2500,0.9899,0.036,22.98523,20241117214836
20241117214904,2500,0.9825,0.028,23.51524,20241117214906
20241117215015,2500,0.9826,0.016,22.98786,20241117215016
20241117215047,2500,0.9598,0.004,23.1825,20241117215046
20241117215157,2500,0.9874,0.04,23.22327,20241117215156
20241117215228,2500,0.9023,0.008,22.95103,20241117215226
20241117215338,2500,0.9875,0.008,23.19302,20241117215336
20241117215411,2500,0.9673,0.032,23.00759,20241117215416
20241117215521,2500,0.995,0.008,33.65257,20241117215527
20241117215553,2500,0.8908,0.0,22.95629,20241117215557
20241117215703,2500,0.9874,0.044,23.79669,20241117215707
20241117215735,2500,0.8953,0.008,23.52708,20241117215737
20241117215845,2500,0.985,0.032,24.79359,20241117215847
20241117215919,2500,0.8869,0.06,23.04046,20241117215917
20241117220028,2500,0.9924,0.036,23.16014,20241117220027
20241117220102,2500,0.907,0.016,22.86292,20241117220107
20241117220212,2500,0.9975,0.008,23.07071,20241117220217
20241117220244,2500,0.9156,0.0,22.96813,20241117220247
20241117220354,2500,0.99,0.008,24.32276,20241117220357
20241117220427,2500,0.995,0.008,23.0957,20241117220427
20241117220537,2500,0.9975,0.004,23.00496,20241117220537
20241117220608,2500,0.9721,0.0,23.16935,20241117220607
20241117220718,2500,0.99,0.004,23.06677,20241117220717
20241117220749,2500,0.9772,0.036,23.25747,20241117220747
20241117220859,2500,0.9975,0.004,23.09965,20241117220857
20241117220930,2500,0.9697,0.012,25.52745,20241117220938
20241117221040,2500,0.9925,0.008,38.61865,20241117221048
20241117221112,2500,0.925,0.012,23.09702,20241117221118
20241117221222,2500,0.9925,0.004,22.87081,20241117221228
20241117221253,2500,0.9597,0.032,22.82872,20241117221258
20241117221403,2500,0.9874,0.04,23.2601,20241117221408
20241117221436,2500,0.9095,0.044,23.71383,20241117221438
20241117221546,2500,0.99,0.008,24.77123,20241117221548
20241117221619,2500,0.8975,0.012,23.03389,20241117221618
20241117221729,2500,0.9925,0.016,23.07466,20241117221728
20241117221800,2500,0.9221,0.0,23.32323,20241117221808
20241117221910,2500,0.9924,0.016,23.39688,20241117221918
20241117221943,2500,0.9925,0.016,23.05099,20241117221948
20241117222053,2500,0.9924,0.036,23.01022,20241117222059
20241117222126,2500,0.938,0.004,23.46658,20241117222129
20241117222236,2500,0.9975,0.004,25.10397,20241117222239
20241117222307,2500,0.9118,0.036,23.88349,20241117222309
20241117222417,2500,1.0,0.0,22.99312,20241117222419
20241117222450,2500,0.995,0.0,22.5144,20241117222459
20241117222601,2500,0.9925,0.004,23.08255,20241117222609
20241117222635,2500,0.995,0.012,22.91552,20241117222639
20241117222745,2500,0.9925,0.0,23.93346,20241117222749
20241117222818,2500,0.9875,0.0,23.61256,20241117222819
20241117222933,2700,0.9975,0.004,23.16541,20241117222939
20241117223003,2700,0.9874,0.036,24.60289,20241117223009
20241117223112,2700,0.995,0.0,23.05756,20241117223119
20241117223142,2700,0.9925,0.016,23.04309,20241117223149
20241117223251,2700,0.9849,0.032,23.45606,20241117223255
20241117223319,2700,0.9093,0.032,25.54718,20241117223315
20241117223428,2700,0.99,0.004,23.20881,20241117223425
20241117223459,2700,0.9874,0.0,26.98598,20241117223455
20241117223608,2700,0.9925,0.008,23.02468,20241117223605
20241117223638,2700,0.9848,0.004,23.34427,20241117223635
20241117223747,2700,0.9975,0.0,23.11017,20241117223745
20241117223817,2700,0.9799,0.008,23.11806,20241117223815
20241117223925,2700,0.9874,0.044,24.84093,20241117223925
20241117223954,2700,0.9799,0.0,24.15047,20241117223955
20241117224103,2700,0.9925,0.008,23.28377,20241117224105
20241117224133,2700,0.9925,0.004,23.5468,20241117224135
20241117224242,2700,0.99,0.0,23.03915,20241117224245
20241117224312,2700,0.9799,0.008,23.02731,20241117224315
20241117224421,2700,0.9875,0.032,38.93561,20241117224425
20241117224449,2700,0.9798,0.0,22.9313,20241117224445
20241117224558,2700,0.9975,0.0,23.11937,20241117224556
20241117224628,2700,0.9774,0.012,23.21538,20241117224626
20241117224737,2700,0.9949,0.036,23.02863,20241117224736
20241117224807,2700,0.9899,0.0,23.28903,20241117224806
20241117224917,2700,0.9975,0.008,23.17067,20241117224916
20241117224946,2700,0.9924,0.008,23.28377,20241117224946
20241117225055,2700,0.9925,0.004,25.17893,20241117225056
20241117225125,2700,1.0,0.004,23.60204,20241117225126
20241117225234,2700,0.9899,0.028,26.89391,20241117225236
20241117225303,2700,0.9825,0.0,23.66517,20241117225306
20241117225412,2700,0.995,0.0,23.50998,20241117225416
20241117225441,2700,0.9975,0.0,23.16146,20241117225446
20241117225550,2700,0.9975,0.008,23.05493,20241117225556
20241117225621,2700,0.945,0.044,24.67916,20241117225627
20241117225730,2700,0.9925,0.0,22.99969,20241117225737
20241117225800,2700,0.9975,0.0,25.49063,20241117225807
20241117225909,2700,0.995,0.0,23.09439,20241117225907
20241117225939,2700,0.9924,0.012,23.23906,20241117225937
20241117230048,2700,0.995,0.0,23.07203,20241117230047
20241117230118,2700,0.9925,0.016,23.31402,20241117230117
20241117230227,2700,0.995,0.0,23.01811,20241117230227
20241117230257,2700,0.9849,0.0,23.10622,20241117230257
20241117230406,2700,0.99,0.0,23.49551,20241117230407
20241117230434,2700,0.985,0.036,23.09044,20241117230437
20241117230544,2700,0.9875,0.02,23.07466,20241117230547
20241117230612,2700,0.9949,0.004,22.84319,20241117230617
20241117230721,2700,0.995,0.008,36.94707,20241117230727
20241117230750,2700,0.9447,0.0,23.64281,20241117230758
20241117230859,2700,0.9874,0.028,23.14436,20241117230858
20241117230929,2700,0.9325,0.052,23.06414,20241117230928
20241117231038,2700,0.9874,0.044,24.48058,20241117231038
20241117231108,2700,0.9095,0.024,23.03915,20241117231108
20241117231217,2700,0.995,0.004,23.17067,20241117231218
20241117231245,2700,0.9774,0.004,23.52839,20241117231248
20241117231355,2700,0.99,0.004,24.55291,20241117231358
20241117231424,2700,1.0,0.008,22.98391,20241117231428
20241117231534,2700,0.995,0.008,23.25484,20241117231538
20241117231602,2700,0.9673,0.0,26.22844,20241117231608
20241117231711,2700,0.9825,0.036,23.1128,20241117231718
20241117231742,2700,0.9298,0.0,25.24995,20241117231748
20241117231851,2700,0.9899,0.036,23.3469,20241117231858
20241117231920,2700,0.9925,0.008,23.13516,20241117231929
20241117232029,2700,0.9925,0.0,23.15357,20241117232029
20241117232058,2700,0.995,0.0,23.08518,20241117232059
20241117232207,2700,0.985,0.008,23.11543,20241117232209
20241117232237,2700,0.9327,0.004,23.7112,20241117232239
20241117232346,2700,0.9874,0.044,25.14737,20241117232349
20241117232415,2700,0.9196,0.008,23.20223,20241117232419
20241117232524,2700,0.9924,0.02,23.49157,20241117232529
20241117232553,2700,0.9875,0.0,23.15225,20241117232559
20241117232702,2700,0.995,0.008,23.08913,20241117232709
20241117232732,2700,0.9082,0.008,25.5577,20241117232739
20241117232841,2700,0.9975,0.004,23.11806,20241117232849
20241117232910,2700,0.9875,0.008,22.8616,20241117232919
20241117233019,2700,0.9925,0.004,25.06977,20241117233019
20241117233048,2700,0.9179,0.0,23.33506,20241117233049
20241117233157,2700,0.9899,0.04,25.54192,20241117233159
20241117233226,2700,0.995,0.008,23.03126,20241117233229
20241117233335,2700,0.9825,0.032,23.12332,20241117233339
20241117233405,2700,0.9698,0.036,23.0523,20241117233409
20241117233514,2700,0.9849,0.036,23.26799,20241117233519
20241117233544,2700,0.9125,0.044,23.74934,20241117233545
20241117233653,2700,0.9925,0.008,23.29824,20241117233655
20241117233722,2700,0.8953,0.008,23.03915,20241117233725
20241117233831,2700,1.0,0.004,23.01679,20241117233835
20241117233900,2700,0.995,0.0,22.95498,20241117233905
20241117234010,2700,0.9875,0.016,23.1733,20241117234015
20241117234039,2700,0.99,0.024,25.12764,20241117234035
20241117234148,2700,0.99,0.0,23.10622,20241117234145
20241117234217,2700,0.9975,0.0,23.19434,20241117234215
20241117234327,2700,0.995,0.008,23.20486,20241117234325
20241117234357,2700,0.9127,0.0,22.99706,20241117234355
20241117234506,2700,0.985,0.04,23.29035,20241117234505
20241117234535,2700,0.99,0.008,23.19828,20241117234536
20241117234644,2700,0.9975,0.0,23.10885,20241117234646
20241117234714,2700,0.9698,0.016,23.89138,20241117234716
20241117234823,2700,0.9825,0.036,23.51919,20241117234826
20241117234853,2700,0.9015,0.028,23.95845,20241117234856
20241117235002,2700,0.9925,0.008,22.83267,20241117235006
20241117235029,2700,0.985,0.028,23.09307,20241117235026
20241117235138,2700,0.9851,0.0,23.10754,20241117235136
20241117235208,2700,0.9899,0.0,23.23642,20241117235206
20241117235317,2700,0.995,0.0,23.2864,20241117235316
20241117235346,2700,0.9219,0.0,23.84272,20241117235346
20241117235455,2700,0.9874,0.04,23.21933,20241117235456
20241117235525,2700,0.8781,0.044,23.58363,20241117235526
20241117235634,2700,0.99,0.004,24.53581,20241117235636
20241117235704,2700,0.9005,0.004,23.64018,20241117235706
20241117235812,2700,0.9975,0.0,23.52445,20241117235817
20241117235841,2700,0.9572,0.0,22.93525,20241117235847
20241117235950,2700,0.9849,0.032,23.09833,20241117235957
20241118000021,2700,0.9266,0.004,23.05493,20241118000027
20241118000129,2700,0.995,0.0,23.15883,20241118000127
20241118000158,2700,0.9673,0.0,23.21275,20241118000157
20241118000308,2700,0.9924,0.044,23.25747,20241118000307
20241118000337,2700,0.9104,0.012,23.15751,20241118000337
20241118000446,2700,0.9925,0.012,23.07729,20241118000447
20241118000516,2700,0.995,0.004,23.99265,20241118000517
20241118000625,2700,0.985,0.036,23.07335,20241118000627
20241118000655,2700,0.9449,0.032,23.38109,20241118000657
20241118000804,2700,0.9924,0.036,24.31618,20241118000808
20241118000834,2700,0.9825,0.044,22.91815,20241118000838
20241118000944,2700,0.9899,0.012,23.08781,20241118000948
20241118001013,2700,0.9849,0.008,23.09965,20241118001018
20241118001122,2700,0.9874,0.028,36.69587,20241118001128
20241118001152,2700,0.9045,0.084,23.1825,20241118001158
20241118001301,2700,0.99,0.008,22.96155,20241118001308
20241118001331,2700,1.0,0.008,24.41745,20241118001338
20241118001440,2700,0.9925,0.004,23.16278,20241118001448
20241118001510,2700,0.995,0.004,22.8958,20241118001518
20241118001619,2700,0.9875,0.0,22.96024,20241118001618
20241118001649,2700,0.9726,0.0,23.14831,20241118001648
20241118001758,2700,0.99,0.0,23.15751,20241118001759
20241118001826,2700,0.9175,0.048,23.49025,20241118001829
20241118001935,2700,0.9925,0.012,23.0352,20241118001939
20241118002004,2700,0.99,0.0,22.89711,20241118002009
20241118002113,2700,0.995,0.008,38.61734,20241118002119
20241118002142,2700,0.9773,0.016,23.4942,20241118002149
20241118002251,2700,0.9925,0.0,42.54312,20241118002259
20241118002321,2700,0.9797,0.032,22.61566,20241118002329
20241118002430,2700,0.9874,0.036,22.90763,20241118002439
20241118002500,2700,0.995,0.036,22.68274,20241118002509
20241118002609,2700,0.99,0.0,24.93957,20241118002609
20241118002638,2700,0.9229,0.016,23.94398,20241118002639
20241118002747,2700,0.99,0.008,22.99443,20241118002745
20241118002817,2700,0.995,0.004,23.13253,20241118002815
20241118002926,2700,0.995,0.008,23.05362,20241118002925
20241118002955,2700,0.985,0.004,23.54417,20241118002955
20241118003104,2700,0.9975,0.008,23.66254,20241118003105
20241118003135,2700,0.9776,0.04,23.07597,20241118003135
20241118003244,2700,0.995,0.0,23.38898,20241118003245
20241118003314,2700,0.9648,0.016,23.65991,20241118003315
20241118003423,2700,0.9899,0.032,24.89617,20241118003425
20241118003452,2700,0.9975,0.0,22.95761,20241118003455
20241118003601,2700,0.995,0.0,23.16278,20241118003605
20241118003631,2700,0.9975,0.008,23.04046,20241118003635
20241118003740,2700,0.995,0.0,23.06151,20241118003746
20241118003811,2700,0.9799,0.032,22.94051,20241118003816
20241118003920,2700,1.0,0.008,38.29644,20241118003926
20241118003950,2700,0.9849,0.0,23.03126,20241118003956
20241118004059,2700,0.995,0.0,22.99049,20241118004056
20241118004129,2700,0.9824,0.016,23.15751,20241118004126
20241118004238,2700,0.9975,0.0,23.026,20241118004236
20241118004308,2700,0.9848,0.0,23.13647,20241118004306
20241118004417,2700,1.0,0.004,23.2693,20241118004416
20241118004447,2700,0.99,0.012,23.16804,20241118004446
20241118004556,2700,0.99,0.0,24.80937,20241118004556
20241118004626,2700,0.9774,0.016,23.59941,20241118004626
20241118004735,2700,0.995,0.0,23.83351,20241118004737
20241118004805,2700,0.995,0.0,24.94615,20241118004807
20241118004914,2700,0.9975,0.0,24.37273,20241118004917
20241118004943,2700,0.9949,0.0,23.03126,20241118004947
20241118005053,2700,0.9975,0.008,23.24169,20241118005057
20241118005122,2700,0.9975,0.0158,23.21407,20241118005127
20241118005232,2700,0.9875,0.004,23.24695,20241118005237
20241118005301,2700,0.9975,0.0,23.08387,20241118005307
20241118005410,2700,0.9875,0.008,22.99706,20241118005417
20241118005440,2700,0.9495,0.072,23.92426,20241118005447
20241118005549,2700,0.9899,0.032,23.14042,20241118005547
20241118005617,2700,0.9801,0.004,23.18776,20241118005617
20241118005726,2700,0.9975,0.0,25.029,20241118005727
20241118005756,2700,0.9849,0.0,23.85455,20241118005757
20241118005905,2700,0.9975,0.004,24.3872,20241118005907
20241118005934,2700,0.98,0.0,22.98128,20241118005937
20241118010043,2700,0.995,0.0,34.12998,20241118010048
20241118010113,2700,0.9823,0.016,23.22064,20241118010118
20241118010222,2700,0.9875,0.0,38.67521,20241118010228
20241118010251,2700,0.9422,0.0,24.18335,20241118010258
20241118010400,2700,0.9925,0.008,23.25878,20241118010408
20241118010430,2700,0.9279,0.008,22.68011,20241118010438
20241118010539,2700,0.9874,0.036,24.85277,20241118010538
20241118010609,2700,0.9699,0.036,23.21933,20241118010608
20241118010719,2700,0.9825,0.036,24.77517,20241118010718
20241118010747,2700,0.9824,0.0,23.63887,20241118010748
20241118010857,2700,1.0,0.004,24.25568,20241118010859
20241118010927,2700,0.9369,0.004,23.5113,20241118010929
20241118011036,2700,0.9925,0.004,24.59499,20241118011039
20241118011106,2700,0.9242,0.004,22.90237,20241118011109
20241118011215,2700,0.9825,0.04,23.07335,20241118011219
20241118011245,2700,0.901,0.044,22.91421,20241118011249
20241118011358,2900,0.9925,0.008,25.13027,20241118011359
20241118011427,2900,0.995,0.008,23.40214,20241118011429
20241118011535,2900,0.99,0.0,23.25747,20241118011539
20241118011605,2900,0.9279,0.008,23.09833,20241118011609
20241118011713,2900,0.9825,0.036,23.42975,20241118011719
20241118011741,2900,0.9874,0.032,22.9747,20241118011749
20241118011849,2900,0.995,0.028,25.02637,20241118011849
20241118011918,2900,0.916,0.004,23.48894,20241118011919
20241118012026,2900,0.99,0.004,23.23511,20241118012025
20241118012054,2900,0.9949,0.0,23.23774,20241118012055
20241118012203,2900,0.99,0.004,24.39377,20241118012205
20241118012231,2900,0.9924,0.004,23.17856,20241118012235
20241118012339,2900,1.0,0.0,23.24695,20241118012335
20241118012409,2900,0.9419,0.012,23.77564,20241118012405
20241118012517,2900,0.985,0.036,23.18382,20241118012515
20241118012546,2900,0.9724,0.008,23.19171,20241118012545
20241118012654,2900,0.995,0.0,24.88959,20241118012655
20241118012721,2900,0.9899,0.0,23.14042,20241118012725
20241118012830,2900,0.9975,0.004,42.81799,20241118012835
20241118012858,2900,0.9824,0.0,23.12069,20241118012855
20241118013006,2900,0.985,0.012,23.38767,20241118013005
20241118013034,2900,0.92,0.004,23.57311,20241118013035
20241118013142,2900,0.9875,0.04,23.24432,20241118013146
20241118013210,2900,0.9975,0.008,22.88133,20241118013216
20241118013319,2900,0.9874,0.036,23.12858,20241118013316
20241118013347,2900,0.9005,0.008,23.17461,20241118013346
20241118013455,2900,0.9925,0.0,23.34558,20241118013456
20241118013523,2900,0.9217,0.096,23.03915,20241118013526
20241118013631,2900,0.9949,0.04,23.07335,20241118013636
20241118013701,2900,0.9899,0.032,23.05888,20241118013706
20241118013809,2900,0.9975,0.0,23.11806,20241118013806
20241118013836,2900,0.9246,0.0,23.92294,20241118013836
20241118013944,2900,0.995,0.008,25.42618,20241118013946
20241118014011,2900,0.9975,0.008,23.04309,20241118014016
20241118014120,2900,0.9975,0.008,23.22196,20241118014126
20241118014147,2900,0.9676,0.0,23.21933,20241118014146
20241118014255,2900,1.0,0.008,23.33506,20241118014257
20241118014325,2900,0.9279,0.004,23.56916,20241118014327
20241118014433,2900,0.9925,0.004,23.30481,20241118014437
20241118014502,2900,0.9575,0.0,23.02337,20241118014507
20241118014611,2900,0.9874,0.036,23.42844,20241118014617
20241118014639,2900,0.9698,0.0,23.33769,20241118014637
20241118014747,2900,0.995,0.0,25.2026,20241118014747
20241118014816,2900,0.9134,0.0,23.62309,20241118014817
20241118014924,2900,0.9925,0.008,23.06019,20241118014927
20241118014954,2900,0.9424,0.0,23.9361,20241118014957
20241118015102,2900,0.995,0.0,23.41923,20241118015107
20241118015132,2900,0.93,0.008,23.04967,20241118015137
20241118015240,2900,0.9925,0.0079,23.12989,20241118015248
20241118015309,2900,0.9698,0.008,23.2864,20241118015308
20241118015417,2900,0.99,0.0,25.488,20241118015418
20241118015446,2900,0.9109,0.0,23.80589,20241118015448
20241118015554,2900,0.995,0.004,23.22985,20241118015558
20241118015623,2900,0.99,0.004,23.01285,20241118015628
20241118015732,2900,0.9924,0.048,23.19302,20241118015738
20241118015801,2900,0.9271,0.0,23.52576,20241118015808
20241118015909,2900,0.9975,0.008,23.30876,20241118015908
20241118015937,2900,0.985,0.012,23.80853,20241118015938
20241118020046,2900,0.9899,0.044,25.84178,20241118020048
20241118020114,2900,0.908,0.08,23.04441,20241118020118
20241118020222,2900,0.9925,0.016,22.99969,20241118020228
20241118020252,2900,0.9975,0.0,25.90359,20241118020258
20241118020400,2900,0.99,0.02,42.63387,20241118020408
20241118020428,2900,0.9801,0.004,23.19434,20241118020428
20241118020537,2900,0.9975,0.0,24.07024,20241118020539
20241118020604,2900,0.9874,0.0,23.31007,20241118020609
20241118020712,2900,0.9802,0.004,40.61771,20241118020719
20241118020739,2900,0.9472,0.008,23.2167,20241118020739
20241118020847,2900,0.9925,0.044,24.6476,20241118020849
20241118020915,2900,0.9899,0.0,23.2338,20241118020919
20241118021023,2900,0.9925,0.008,23.15094,20241118021029
20241118021052,2900,0.9975,0.0,24.02158,20241118021059
20241118021200,2900,0.9801,0.008,23.47315,20241118021209
20241118021229,2900,0.9749,0.04,23.26799,20241118021229
20241118021337,2900,0.995,0.004,24.97245,20241118021339
20241118021406,2900,0.9975,0.0,23.26536,20241118021404
20241118021514,2900,0.9975,0.016,24.68574,20241118021515
20241118021543,2900,0.9724,0.044,23.79932,20241118021545
20241118021651,2900,0.9975,0.008,23.22196,20241118021655
20241118021717,2900,0.9773,0.084,23.15751,20241118021715
20241118021826,2900,0.995,0.0,23.03257,20241118021825
20241118021855,2900,1.0,0.0,23.32849,20241118021855
20241118022003,2900,0.995,0.008,24.75413,20241118022005
20241118022031,2900,0.9773,0.04,23.15488,20241118022035
20241118022140,2900,0.98,0.032,37.54153,20241118022145
20241118022208,2900,0.9798,0.0396,23.36531,20241118022205
20241118022316,2900,0.9975,0.004,25.31045,20241118022315
20241118022346,2900,0.9824,0.004,23.27588,20241118022345
20241118022454,2900,0.99,0.004,24.44375,20241118022456
20241118022524,2900,0.9773,0.004,24.01764,20241118022526
20241118022632,2900,0.99,0.0,23.60204,20241118022636
20241118022659,2900,0.9875,0.0,23.0957,20241118022656
20241118022808,2900,0.9925,0.0,23.31796,20241118022806
20241118022835,2900,0.9874,0.0,23.76118,20241118022836
20241118022943,2900,0.9975,0.008,26.34943,20241118022946
20241118023012,2900,0.9899,0.016,23.00759,20241118023016
20241118023120,2900,0.9925,0.008,23.32586,20241118023126
20241118023150,2900,0.9548,0.0,25.99828,20241118023156
20241118023258,2900,0.9975,0.0,23.1391,20241118023256
20241118023326,2900,0.9924,0.024,23.33112,20241118023326
20241118023434,2900,0.9925,0.016,25.18288,20241118023436
20241118023504,2900,0.995,0.0,23.76644,20241118023506
20241118023612,2900,0.99,0.008,23.08255,20241118023616
20241118023640,2900,0.9874,0.036,26.09034,20241118023646
20241118023749,2900,0.9975,0.0,23.12069,20241118023747
20241118023819,2900,0.9925,0.016,23.243,20241118023817
20241118023927,2900,0.99,0.008,24.47005,20241118023927
20241118023957,2900,0.9597,0.0,23.21801,20241118023957
20241118024105,2900,1.0,0.0,24.32144,20241118024107
20241118024134,2900,0.99,0.0,23.05362,20241118024137
20241118024242,2900,0.9925,0.008,23.07861,20241118024247
20241118024312,2900,0.9519,0.008,23.02337,20241118024317
20241118024420,2900,0.9925,0.0,23.12727,20241118024427
20241118024447,2900,0.99,0.004,24.10575,20241118024447
20241118024555,2900,0.9975,0.004,24.21885,20241118024557
20241118024622,2900,0.9799,0.04,23.1391,20241118024628
20241118024731,2900,0.985,0.032,23.08123,20241118024738
20241118024800,2900,0.995,0.0,23.73356,20241118024808
20241118024908,2900,0.995,0.004,23.68621,20241118024908
20241118024937,2900,0.9474,0.004,23.73356,20241118024938
20241118025045,2900,0.9975,0.0,24.63314,20241118025048
20241118025114,2900,1.0,0.0,23.21275,20241118025118
20241118025222,2900,0.99,0.004,23.17593,20241118025228
20241118025251,2900,0.9924,0.028,25.82205,20241118025258
20241118025359,2900,0.9925,0.004,23.13253,20241118025358
20241118025427,2900,0.8665,0.208,23.51261,20241118025428
20241118025535,2900,0.9899,0.036,23.64807,20241118025538
20241118025603,2900,0.995,0.0,23.04309,20241118025608
20241118025711,2900,0.9975,0.008,23.10228,20241118025718
20241118025740,2900,0.9598,0.008,23.78617,20241118025748
20241118025848,2900,0.99,0.0,23.22853,20241118025849
20241118025915,2900,1.0,0.0,23.11017,20241118025919
20241118030023,2900,0.9925,0.0,41.4226,20241118030029
20241118030051,2900,0.9874,0.0,24.0755,20241118030059
20241118030200,2900,0.9975,0.0,23.10096,20241118030209
20241118030226,2900,0.9551,0.056,23.15488,20241118030229
20241118030334,2900,0.9975,0.0,23.19434,20241118030339
20241118030405,2900,0.9225,0.028,23.19039,20241118030409
20241118030513,2900,0.9899,0.028,23.17856,20241118030519
20241118030541,2900,0.9849,0.044,23.74408,20241118030549
20241118030650,2900,0.99,0.008,25.66291,20241118030659
20241118030718,2900,0.9424,0.004,23.45869,20241118030719
20241118030826,2900,0.995,0.0,23.98607,20241118030829
20241118030854,2900,0.995,0.0,23.60467,20241118030859
20241118031003,2900,0.99,0.004,23.08913,20241118031009
20241118031032,2900,0.9501,0.004,23.96766,20241118031039
20241118031140,2900,0.995,0.0,25.87203,20241118031149
20241118031207,2900,1.0,0.0,23.69542,20241118031209
20241118031316,2900,0.9875,0.008,23.10096,20241118031319
20241118031343,2900,0.9525,0.024,25.82073,20241118031349
20241118031451,2900,0.995,0.0,23.86639,20241118031455
20241118031522,2900,0.9173,0.036,23.06151,20241118031525
20241118031630,2900,0.9975,0.0,23.02994,20241118031635
20241118031659,2900,0.995,0.0,26.37705,20241118031655
20241118031807,2900,0.995,0.0,23.16672,20241118031805
20241118031837,2900,0.9173,0.052,23.26536,20241118031835
20241118031945,2900,0.9925,0.0,25.44065,20241118031945
20241118032012,2900,0.9476,0.0,23.12858,20241118032015
20241118032120,2900,0.995,0.0,23.34427,20241118032125
20241118032149,2900,0.9925,0.0,24.42534,20241118032145
20241118032258,2900,0.9899,0.032,23.21275,20241118032255
20241118032326,2900,0.9774,0.008,23.16278,20241118032325
20241118032434,2900,0.995,0.008,23.03389,20241118032435
20241118032504,2900,0.9293,0.0,23.77433,20241118032506
20241118032612,2900,0.9874,0.036,23.15883,20241118032616
20241118032639,2900,0.9975,0.0,26.05483,20241118032636
20241118032748,2900,0.9899,0.0356,23.24563,20241118032746
20241118032814,2900,0.9397,0.008,23.5205,20241118032816
20241118032922,2900,0.9975,0.0,22.96418,20241118032926
20241118032951,2900,1.0,0.0,22.95629,20241118032956
20241118033059,2900,0.9925,0.0,23.16541,20241118033056
20241118033128,2900,0.9179,0.0,23.37978,20241118033126
20241118033236,2900,0.9801,0.028,24.95404,20241118033236
20241118033305,2900,0.9597,0.0,23.58758,20241118033306
20241118033413,2900,0.9925,0.0,24.22938,20241118033416
20241118033444,2900,0.9175,0.032,22.97076,20241118033446
20241118033552,2900,0.99,0.004,23.33901,20241118033556
20241118033620,2900,0.9369,0.008,25.34727,20241118033626
20241118033728,2900,0.9975,0.0,23.23906,20241118033726
20241118033756,2900,0.9121,0.052,24.01237,20241118033756
20241118033904,2900,0.99,0.004,25.04741,20241118033906
20241118033932,2900,0.9949,0.008,23.05888,20241118033936
20241118034041,2900,0.98,0.036,23.38372,20241118034047
20241118034109,2900,0.9323,0.004,23.32717,20241118034107
20241118034217,2900,0.9925,0.004,23.4074,20241118034217
20241118034245,2900,0.9217,0.044,23.68753,20241118034247
20241118034353,2900,0.9975,0.0,24.18203,20241118034357
20241118034424,2900,0.9075,0.068,23.10885,20241118034427
20241118034532,2900,0.9899,0.044,23.32059,20241118034537
20241118034601,2900,0.9225,0.0,25.52614,20241118034607
20241118034709,2900,0.9825,0.036,23.02468,20241118034707
20241118034738,2900,0.99,0.0,23.12332,20241118034737
20241118034846,2900,0.9975,0.008,23.36005,20241118034848
20241118034914,2900,0.995,0.0,23.15357,20241118034918
20241118035022,2900,0.9975,0.004,23.33112,20241118035028
20241118035049,2900,0.9824,0.044,23.4942,20241118035048
20241118035157,2900,0.9875,0.016,23.22327,20241118035158
20241118035227,2900,0.9849,0.0,23.80853,20241118035228
20241118035335,2900,0.9874,0.064,23.18382,20241118035338
20241118035403,2900,0.9825,0.004,23.12332,20241118035408
20241118035517,3000,0.995,0.036,23.37846,20241118035518
20241118035544,3000,0.9825,0.04,23.09833,20241118035548
20241118035652,3000,1.0,0.004,23.1996,20241118035658
20241118035719,3000,0.99,0.004,23.44817,20241118035718
20241118035826,3000,0.995,0.008,25.02242,20241118035829
20241118035853,3000,0.9875,0.0,23.17856,20241118035859
20241118040001,3000,0.9975,0.008,47.70516,20241118040009
20241118040028,3000,0.985,0.008,24.27804,20241118040029
20241118040136,3000,0.9975,0.012,23.36926,20241118040139
20241118040205,3000,1.0,0.0,23.34427,20241118040209
20241118040313,3000,0.99,0.004,23.80853,20241118040319
20241118040339,3000,0.9949,0.036,23.80721,20241118040339
20241118040446,3000,0.9899,0.044,24.55949,20241118040449
20241118040516,3000,0.9899,0.0,23.1562,20241118040519
20241118040623,3000,1.0,0.012,42.19723,20241118040629
20241118040650,3000,0.9724,0.08,23.581,20241118040659
20241118040758,3000,1.0,0.004,23.44948,20241118040759
20241118040824,3000,0.985,0.004,23.3035,20241118040825
20241118040932,3000,0.995,0.008,24.49241,20241118040935
20241118041001,3000,1.0,0.0,23.82036,20241118041005
20241118041108,3000,0.99,0.016,23.33901,20241118041105
20241118041136,3000,0.9625,0.004,23.38898,20241118041135
20241118041243,3000,0.995,0.008,25.3933,20241118041245
20241118041309,3000,0.9899,0.0,26.46254,20241118041305
20241118041417,3000,0.9975,0.008,23.21012,20241118041415
20241118041444,3000,0.9823,0.036,23.80063,20241118041445
20241118041552,3000,0.9975,0.008,23.65465,20241118041555
20241118041622,3000,0.9925,0.004,23.11937,20241118041625
20241118041730,3000,0.99,0.008,43.86092,20241118041735
20241118041757,3000,0.9749,0.036,23.25484,20241118041755
20241118041905,3000,1.0,0.0,24.45822,20241118041906
20241118041934,3000,0.9975,0.0,23.75723,20241118041936
20241118042042,3000,0.995,0.004,38.84223,20241118042046
20241118042109,3000,0.9874,0.004,26.47437,20241118042106
20241118042216,3000,0.9925,0.044,25.80101,20241118042216
20241118042244,3000,0.9424,0.0,22.99838,20241118042246
20241118042351,3000,0.9875,0.016,23.41792,20241118042356
20241118042420,3000,0.985,0.036,23.13516,20241118042426
20241118042528,3000,0.9925,0.004,23.35479,20241118042526
20241118042557,3000,0.9824,0.008,23.22196,20241118042556
20241118042705,3000,0.99,0.008,23.23642,20241118042706
20241118042732,3000,0.9925,0.008,23.09439,20241118042736
20241118042840,3000,0.9975,0.004,23.56916,20241118042846
20241118042906,3000,0.9975,0.036,24.51082,20241118042906
20241118043014,3000,0.995,0.0,25.20392,20241118043016
20241118043041,3000,0.9526,0.0,25.70368,20241118043046
20241118043149,3000,0.985,0.036,23.20223,20241118043147
20241118043216,3000,0.9208,0.008,23.65202,20241118043217
20241118043323,3000,0.9975,0.008,23.27062,20241118043327
20241118043349,3000,0.9925,0.0,23.37978,20241118043347
20241118043457,3000,0.995,0.008,25.56822,20241118043457
20241118043524,3000,0.9726,0.008,23.19434,20241118043527
20241118043632,3000,0.995,0.004,23.21801,20241118043637
20241118043659,3000,0.9475,0.0,23.29824,20241118043657
20241118043807,3000,0.9874,0.04,24.49373,20241118043807
20241118043834,3000,0.8955,0.008,23.22985,20241118043837
20241118043941,3000,0.99,0.012,23.32059,20241118043947
20241118044010,3000,0.9875,0.004,26.23107,20241118044017
20241118044118,3000,0.9925,0.008,23.27325,20241118044117
20241118044146,3000,0.9798,0.0,23.69147,20241118044148
20241118044254,3000,0.9975,0.0,23.26799,20241118044258
20241118044321,3000,0.9419,0.004,23.86639,20241118044328
20241118044429,3000,0.9925,0.0,23.18776,20241118044428
20241118044456,3000,0.902,0.0,24.13863,20241118044458
20241118044603,3000,0.995,0.008,40.25472,20241118044608
20241118044629,3000,0.9698,0.06,23.3298,20241118044628
20241118044737,3000,0.9975,0.0,23.69016,20241118044738
20241118044804,3000,0.9773,0.0,23.29561,20241118044808
20241118044912,3000,0.9925,0.0,23.58626,20241118044918
20241118044939,3000,0.932,0.0,23.24695,20241118044938
20241118045046,3000,0.9925,0.032,23.83483,20241118045048
20241118045114,3000,0.9055,0.008,23.15488,20241118045118
20241118045222,3000,0.995,0.004,23.47973,20241118045229
20241118045249,3000,0.9037,0.036,23.33375,20241118045249
20241118045356,3000,0.9975,0.008,24.0229,20241118045359
20241118045423,3000,0.985,0.008,24.20307,20241118045429
20241118045531,3000,0.99,0.0,23.7283,20241118045539
20241118045558,3000,0.9198,0.04,23.78748,20241118045559
20241118045706,3000,0.9924,0.036,34.30358,20241118045709
20241118045733,3000,0.9055,0.008,25.56165,20241118045739
20241118045840,3000,0.995,0.008,23.581,20241118045849
20241118045907,3000,0.98,0.008,23.73487,20241118045909
20241118050015,3000,0.9851,0.0,44.22522,20241118050019
20241118050042,3000,0.8883,0.0,23.97161,20241118050049
20241118050149,3000,0.9975,0.008,25.19471,20241118050149
20241118050216,3000,1.0,0.008,23.15357,20241118050219
20241118050324,3000,0.995,0.008,23.61519,20241118050325
20241118050351,3000,0.9874,0.032,23.03389,20241118050355
20241118050459,3000,0.9925,0.0,23.31402,20241118050455
20241118050526,3000,0.99,0.0,23.43239,20241118050525
20241118050634,3000,0.9975,0.0,23.23642,20241118050635
20241118050703,3000,0.94,0.0,23.71909,20241118050705
20241118050811,3000,0.9975,0.0,23.41134,20241118050815
20241118050838,3000,0.9378,0.0,23.85324,20241118050835
20241118050945,3000,0.9925,0.016,23.24037,20241118050945
20241118051012,3000,0.9724,0.044,23.11543,20241118051015
20241118051120,3000,0.9875,0.0,43.28751,20241118051125
20241118051147,3000,0.9824,0.0,23.30876,20241118051145
20241118051255,3000,0.9975,0.0,23.4771,20241118051256
20241118051321,3000,0.9874,0.036,23.39425,20241118051326
20241118051429,3000,0.9925,0.0,23.29298,20241118051426
20241118051455,3000,0.9229,0.024,23.94793,20241118051456
20241118051603,3000,0.995,0.008,24.04131,20241118051606
20241118051632,3000,0.9248,0.008,23.19039,20241118051636
20241118051739,3000,1.0,0.004,23.36268,20241118051736
20241118051809,3000,0.9271,0.004,23.27325,20241118051806
20241118051916,3000,0.99,0.008,25.16841,20241118051916
20241118051943,3000,0.9751,0.008,23.07861,20241118051946
20241118052051,3000,0.995,0.0,23.48236,20241118052056
20241118052118,3000,0.9225,0.0,23.35216,20241118052116
20241118052226,3000,0.9924,0.036,23.16804,20241118052227
20241118052253,3000,0.935,0.004,23.21933,20241118052257
20241118052401,3000,0.99,0.004,23.5981,20241118052407
20241118052428,3000,0.915,0.044,23.37978,20241118052427
20241118052535,3000,1.0,0.004,23.47184,20241118052537
20241118052602,3000,0.96,0.0,23.19566,20241118052607
20241118052710,3000,1.0,0.0,23.24563,20241118052717
20241118052737,3000,0.9225,0.0,23.44948,20241118052737
20241118052845,3000,0.9724,0.08,24.8725,20241118052847
20241118052912,3000,0.9077,0.024,24.37405,20241118052917
20241118053019,3000,0.9975,0.016,23.29035,20241118053017
20241118053046,3000,0.9925,0.0,23.84929,20241118053047
20241118053154,3000,0.9925,0.0,23.7546,20241118053157
20241118053221,3000,0.9925,0.0,25.75892,20241118053227
20241118053329,3000,0.995,0.0,23.2601,20241118053327
20241118053355,3000,0.9597,0.032,23.62177,20241118053358
20241118053503,3000,0.995,0.008,23.12201,20241118053508
20241118053530,3000,0.9825,0.036,24.08076,20241118053538
20241118053638,3000,0.9875,0.008,23.33243,20241118053638
20241118053705,3000,0.9798,0.048,23.76118,20241118053708
20241118053813,3000,0.985,0.008,43.95035,20241118053818
20241118053840,3000,0.9578,0.092,23.83877,20241118053848
20241118053948,3000,0.9975,0.008,23.82299,20241118053948
20241118054015,3000,0.9849,0.008,23.65202,20241118054018
20241118054123,3000,0.9925,0.008,23.1825,20241118054128
20241118054150,3000,1.0,0.0,22.92473,20241118054158
20241118054258,3000,0.9975,0.008,23.37715,20241118054258
20241118054327,3000,1.0,0.008,23.86508,20241118054328
20241118054435,3000,0.9975,0.016,37.60203,20241118054439
20241118054502,3000,0.9726,0.0,25.8089,20241118054509
20241118054610,3000,0.9975,0.008,23.15751,20241118054619
20241118054637,3000,0.99,0.016,23.73487,20241118054639
20241118054744,3000,0.9874,0.056,44.10686,20241118054749
20241118054811,3000,0.9825,0.016,24.02445,20241118054819
20241118054919,3000,0.9925,0.016,23.2864,20241118054919
20241118054948,3000,0.9875,0.0,23.92294,20241118054949
20241118055056,3000,0.995,0.008,23.87297,20241118055059
20241118055125,3000,0.9825,0.032,23.31402,20241118055129
20241118055233,3000,0.9925,0.016,23.09965,20241118055239
20241118055300,3000,0.995,0.0,22.69194,20241118055309
20241118055408,3000,0.9975,0.008,23.35348,20241118055405
20241118055435,3000,0.9925,0.004,23.40345,20241118055435
20241118055543,3000,0.9975,0.0,24.91721,20241118055545
20241118055610,3000,0.9824,0.068,23.24037,20241118055615
20241118055717,3000,0.9925,0.016,23.28377,20241118055715
20241118055747,3000,0.9624,0.0,23.27719,20241118055745
20241118055854,3000,0.9975,0.008,25.41829,20241118055855
20241118055920,3000,0.9925,0.0,23.24169,20241118055925
20241118060028,3000,0.9925,0.004,23.15357,20241118060025
20241118060055,3000,0.9849,0.0356,23.243,20241118060055
20241118060203,3000,0.9975,0.008,25.98119,20241118060205
20241118060230,3000,0.995,0.008,23.94267,20241118060235
20241118060338,3000,0.99,0.004,23.40082,20241118060335
20241118060407,3000,0.9975,0.0,23.1825,20241118060405
20241118060514,3000,0.995,0.012,23.28903,20241118060516
20241118060541,3000,0.9824,0.04,23.28509,20241118060546
20241118060649,3000,0.9975,0.012,23.28114,20241118060646
20241118060716,3000,0.9848,0.044,23.27983,20241118060716
20241118060824,3000,0.9875,0.016,24.23332,20241118060826
20241118060850,3000,0.9975,0.004,26.0522,20241118060856
20241118060958,3000,0.99,0.0,23.24958,20241118060956
20241118061025,3000,0.9521,0.032,23.57048,20241118061026
20241118061132,3000,0.9975,0.012,38.63838,20241118061136
20241118061200,3000,0.9622,0.0,25.64581,20241118061206
20241118061308,3000,0.995,0.0,23.31533,20241118061306
20241118061334,3000,0.9397,0.04,23.13647,20241118061336
20241118061441,3000,0.9925,0.008,44.4225,20241118061446
20241118061508,3000,0.9674,0.068,23.243,20241118061506
20241118061616,3000,0.9975,0.0,24.51477,20241118061617
20241118061643,3000,0.9256,0.032,23.32586,20241118061647
20241118061750,3000,0.995,0.008,23.66122,20241118061757
20241118061817,3000,0.9849,0.036,23.36268,20241118061817
20241118061925,3000,0.99,0.012,25.34333,20241118061927
20241118061952,3000,0.9925,0.0,23.23906,20241118061957
20241118062100,3000,0.9975,0.0,23.19697,20241118062107
20241118062129,3000,0.9925,0.0,23.13253,20241118062127
20241118062237,3000,0.995,0.0,25.42881,20241118062237
20241118062303,3000,0.9497,0.032,23.09965,20241118062307
20241118062410,3000,0.995,0.012,45.75608,20241118062417
20241118062437,3000,0.9849,0.02,23.41923,20241118062437
20241118062545,3000,0.9925,0.008,25.51298,20241118062547
20241118062612,3000,0.9925,0.008,23.38635,20241118062617
20241118062720,3000,0.9925,0.0,23.19302,20241118062728
20241118062747,3000,0.9597,0.0,23.28114,20241118062748
20241118062855,3000,0.7232,0.072,38.47925,20241118062858
20241118062922,3000,0.8997,0.0,25.95094,20241118062928
20241118063029,3000,0.99,0.008,23.15357,20241118063028
20241118063056,3000,0.9726,0.028,23.51787,20241118063058
20241118063204,3000,0.995,0.008,23.13384,20241118063208
20241118063230,3000,0.98,0.048,22.7051,20241118063238
20241118063343,3200,0.9975,0.008,23.47841,20241118063348
20241118063410,3200,0.9874,0.044,23.55338,20241118063418
20241118063517,3200,0.9975,0.012,23.40345,20241118063518
20241118063545,3200,0.955,0.0,23.3469,20241118063548
20241118063652,3200,0.9925,0.008,23.55864,20241118063659
20241118063720,3200,0.9521,0.008,23.0352,20241118063729
20241118063827,3200,0.995,0.008,24.18466,20241118063829
20241118063854,3200,1.0,0.0,23.27983,20241118063859
20241118064001,3200,0.985,0.048,23.89796,20241118064009
20241118064028,3200,0.9302,0.016,24.0229,20241118064029
20241118064134,3200,0.9925,0.004,23.34295,20241118064139
20241118064202,3200,0.995,0.0,24.30697,20241118064209
20241118064309,3200,0.995,0.012,26.45333,20241118064309
20241118064336,3200,0.8985,0.004,23.34032,20241118064339
20241118064442,3200,0.9975,0.04,23.31796,20241118064449
20241118064510,3200,0.9875,0.0,23.14173,20241118064519
20241118064617,3200,0.995,0.008,23.23774,20241118064619
20241118064643,3200,0.9223,0.036,23.919,20241118064645
20241118064749,3200,0.995,0.016,23.47053,20241118064745
20241118064816,3200,0.9849,0.052,23.49157,20241118064815
20241118064923,3200,0.9925,0.008,25.87203,20241118064925
20241118064950,3200,0.925,0.0,23.34953,20241118064955
20241118065056,3200,0.9975,0.012,23.32454,20241118065055
20241118065124,3200,0.995,0.0,24.12022,20241118065125
20241118065231,3200,1.0,0.008,23.37583,20241118065235
20241118065258,3200,0.9282,0.004,23.46921,20241118065255
20241118065405,3200,0.9925,0.0,25.69974,20241118065405
20241118065431,3200,0.9849,0.048,23.18645,20241118065435
20241118065538,3200,0.9924,0.04,23.39688,20241118065535
20241118065605,3200,0.9275,0.008,24.11759,20241118065605
20241118065712,3200,0.9925,0.0,23.1391,20241118065715
20241118065739,3200,0.995,0.0,22.91552,20241118065735
20241118065846,3200,0.9925,0.012,25.43539,20241118065846
20241118065912,3200,0.9223,0.048,23.24826,20241118065916
20241118070019,3200,0.9975,0.0,23.38504,20241118070016
20241118070047,3200,0.927,0.044,23.33769,20241118070046
20241118070153,3200,0.995,0.008,24.59631,20241118070156
20241118070220,3200,0.9322,0.008,25.48931,20241118070226
20241118070327,3200,0.995,0.008,23.33901,20241118070326
20241118070354,3200,0.9422,0.0,23.85719,20241118070356
20241118070501,3200,0.9925,0.0,46.96078,20241118070506
20241118070527,3200,0.9848,0.044,23.46921,20241118070526
20241118070634,3200,0.99,0.008,24.94483,20241118070636
20241118070702,3200,0.9647,0.0,23.23906,20241118070706
20241118070809,3200,0.9925,0.008,23.52576,20241118070806
20241118070836,3200,0.9,0.008,24.1531,20241118070837
20241118070943,3200,0.99,0.0,23.89401,20241118070947
20241118071010,3200,0.9925,0.0,26.46911,20241118071017
20241118071117,3200,0.995,0.004,25.82599,20241118071117
20241118071145,3200,0.9322,0.004,23.8585,20241118071147
20241118071252,3200,0.9875,0.0,23.44817,20241118071257
20241118071318,3200,0.9899,0.048,23.4337,20241118071317
20241118071425,3200,0.9925,0.008,24.70942,20241118071427
20241118071453,3200,0.9275,0.0,23.41529,20241118071457
20241118071600,3200,1.0,0.0,23.40871,20241118071607
20241118071626,3200,0.9925,0.016,23.364,20241118071627
20241118071733,3200,0.995,0.008,23.19434,20241118071737
20241118071801,3200,0.925,0.0,24.54765,20241118071807
20241118071908,3200,0.99,0.016,25.70894,20241118071907
20241118071935,3200,0.9774,0.072,23.63492,20241118071937
20241118072041,3200,0.995,0.004,23.4942,20241118072047
20241118072107,3200,0.9899,0.008,23.60862,20241118072108
20241118072214,3200,0.995,0.004,23.9887,20241118072218
20241118072241,3200,0.9874,0.032,26.40993,20241118072248
20241118072348,3200,1.0,0.012,25.69842,20241118072348
20241118072416,3200,0.9925,0.0,23.96371,20241118072418
20241118072523,3200,0.9975,0.004,23.54944,20241118072528
20241118072550,3200,0.9924,0.036,23.581,20241118072558
20241118072657,3200,1.0,0.008,23.71778,20241118072658
20241118072724,3200,0.9975,0.008,23.7454,20241118072728
20241118072831,3200,0.995,0.016,23.75723,20241118072838
20241118072856,3200,0.9899,0.004,24.11759,20241118072858
20241118073003,3200,0.99,0.004,24.03473,20241118073008
20241118073031,3200,0.9648,0.012,24.20965,20241118073038
20241118073138,3200,0.9975,0.004,25.68527,20241118073138
20241118073206,3200,0.9975,0.008,22.82478,20241118073208
20241118073313,3200,0.9874,0.048,23.65202,20241118073318
20241118073340,3200,0.9899,0.044,22.94577,20241118073349
20241118073446,3200,0.99,0.008,24.25568,20241118073449
20241118073514,3200,0.995,0.008,23.18382,20241118073519
20241118073621,3200,0.995,0.012,45.36679,20241118073629
20241118073648,3200,0.9824,0.032,24.28856,20241118073649
20241118073755,3200,0.9875,0.012,23.47315,20241118073759
20241118073822,3200,0.98,0.044,25.82205,20241118073829
20241118073929,3200,0.9975,0.004,23.42581,20241118073929
20241118073956,3200,0.9975,0.0,23.46132,20241118073959
20241118074103,3200,0.995,0.012,23.4166,20241118074109
20241118074130,3200,0.9924,0.052,23.05099,20241118074139
20241118074237,3200,0.9925,0.008,23.55338,20241118074239
20241118074304,3200,0.9899,0.032,24.17809,20241118074309
20241118074411,3200,0.99,0.016,23.65596,20241118074415
20241118074439,3200,0.995,0.0,26.86366,20241118074435
20241118074546,3200,1.0,0.012,23.36531,20241118074545
20241118074613,3200,0.995,0.004,23.86639,20241118074615
20241118074720,3200,0.9925,0.016,23.42844,20241118074725
20241118074747,3200,0.99,0.0,23.42318,20241118074745
20241118074854,3200,0.99,0.004,24.90669,20241118074855
20241118074920,3200,0.9348,0.036,25.99565,20241118074925
20241118075026,3200,0.9925,0.004,23.42713,20241118075025
20241118075054,3200,0.985,0.0,23.87034,20241118075055
20241118075201,3200,0.9975,0.044,23.59678,20241118075205
20241118075229,3200,0.9624,0.0,23.33901,20241118075225
20241118075336,3200,0.9975,0.008,25.64055,20241118075335
20241118075403,3200,0.9875,0.004,24.10575,20241118075405
20241118075510,3200,0.99,0.016,23.51393,20241118075516
20241118075536,3200,0.9899,0.0,23.47315,20241118075536
20241118075642,3200,0.995,0.008,23.3035,20241118075646
20241118075708,3200,0.9826,0.008,23.98081,20241118075706
20241118075815,3200,0.9975,0.008,24.8554,20241118075816
20241118075842,3200,0.9549,0.044,23.10491,20241118075846
20241118075949,3200,0.99,0.008,23.3561,20241118075946
20241118080016,3200,0.9899,0.04,23.61388,20241118080016
20241118080123,3200,0.9875,0.024,23.44948,20241118080126
20241118080150,3200,0.9575,0.036,26.33628,20241118080156
20241118080256,3200,0.9975,0.004,25.60505,20241118080256
20241118080324,3200,0.995,0.0,24.13995,20241118080326
20241118080431,3200,0.995,0.016,23.37452,20241118080436
20241118080457,3200,0.9726,0.0,23.21144,20241118080456
20241118080604,3200,0.9975,0.008,24.32012,20241118080607
20241118080629,3200,0.9925,0.008,23.33375,20241118080627
20241118080736,3200,0.99,0.016,25.63135,20241118080737
20241118080804,3200,0.9874,0.032,23.19171,20241118080807
20241118080911,3200,0.99,0.008,23.37057,20241118080917
20241118080939,3200,0.9196,0.008,23.63492,20241118080937
20241118081045,3200,0.9975,0.016,23.47184,20241118081047
20241118081113,3200,1.0,0.0,23.65728,20241118081117
20241118081220,3200,0.99,0.008,23.56522,20241118081227
20241118081247,3200,0.9494,0.024,24.12022,20241118081247
20241118081354,3200,0.995,0.0,23.95056,20241118081357
20241118081421,3200,1.0,0.0,25.63135,20241118081427
20241118081528,3200,0.9925,0.016,23.46,20241118081527
20241118081554,3200,0.9825,0.004,23.32717,20241118081557
20241118081701,3200,1.0,0.008,23.50077,20241118081708
20241118081728,3200,0.9925,0.008,23.55075,20241118081728
20241118081835,3200,0.99,0.016,25.6616,20241118081838
20241118081903,3200,1.0,0.004,23.31007,20241118081908
20241118082010,3200,0.9925,0.012,23.81773,20241118082018
20241118082038,3200,0.9322,0.008,23.54549,20241118082038
20241118082145,3200,0.9975,0.008,23.98081,20241118082148
20241118082212,3200,0.9925,0.008,25.50904,20241118082218
20241118082319,3200,0.995,0.016,23.4508,20241118082318
20241118082347,3200,1.0,0.0,24.0229,20241118082348
20241118082454,3200,0.9925,0.008,44.49615,20241118082458
20241118082521,3200,0.8975,0.012,23.65202,20241118082528
20241118082627,3200,1.0,0.008,23.53102,20241118082628
20241118082654,3200,0.8809,0.104,23.54154,20241118082659
20241118082801,3200,0.9975,0.016,23.4166,20241118082809
20241118082829,3200,0.9138,0.008,23.95056,20241118082829
20241118082935,3200,0.9899,0.04,23.29561,20241118082939
20241118083002,3200,0.9574,0.0,24.46479,20241118083009
20241118083109,3200,0.9975,0.008,25.57348,20241118083109
20241118083137,3200,0.9204,0.016,23.2864,20241118083139
20241118083243,3200,0.9975,0.012,23.73093,20241118083249
20241118083310,3200,0.9596,0.012,22.97602,20241118083319
20241118083417,3200,0.9875,0.008,25.64055,20241118083419
20241118083445,3200,0.9248,0.068,23.82562,20241118083449
20241118083552,3200,0.995,0.0,23.85324,20241118083559
20241118083619,3200,0.9345,0.0,27.28978,20241118083615
20241118083725,3200,0.9925,0.008,25.7576,20241118083725
20241118083753,3200,0.9421,0.0,24.01501,20241118083755
20241118083900,3200,0.995,0.008,47.51972,20241118083905
20241118083927,3200,0.9093,0.012,23.39556,20241118083925
20241118084033,3200,0.9925,0.008,25.70631,20241118084035
20241118084101,3200,0.9298,0.0,23.82957,20241118084105
20241118084208,3200,0.9975,0.0,23.37715,20241118084205
20241118084235,3200,0.9975,0.0,23.54417,20241118084235
20241118084342,3200,0.995,0.008,24.20307,20241118084345
20241118084409,3200,0.92,0.04,26.60195,20241118084405
20241118084516,3200,0.9925,0.008,23.4508,20241118084515
20241118084544,3200,0.9327,0.008,24.07419,20241118084545
20241118084651,3200,0.995,0.0,23.5547,20241118084655
20241118084719,3200,0.9123,0.044,23.55338,20241118084716
20241118084825,3200,0.9925,0.012,23.24169,20241118084826
20241118084852,3200,0.9052,0.0,23.63755,20241118084856
20241118084959,3200,0.9975,0.008,23.38767,20241118084956
20241118085027,3200,0.932,0.004,23.38767,20241118085026
20241118085133,3200,0.995,0.008,23.93084,20241118085136
20241118085200,3200,0.9345,0.0,25.97329,20241118085206
20241118085306,3200,0.995,0.016,25.78128,20241118085306
20241118085333,3200,0.9599,0.048,23.31665,20241118085336
20241118085440,3200,1.0,0.016,23.27983,20241118085446
20241118085507,3200,0.937,0.048,23.76249,20241118085506
20241118085614,3200,0.9925,0.0,23.22722,20241118085616
20241118085642,3200,0.932,0.008,23.19434,20241118085646
20241118085748,3200,0.9826,0.004,23.34953,20241118085746
20241118085815,3200,0.9446,0.012,23.94004,20241118085817
20241118085922,3200,0.9975,0.0158,23.21933,20241118085927
20241118085950,3200,0.98,0.032,23.42581,20241118085957
20241118090056,3200,0.9975,0.008,23.87034,20241118090057
20241118090123,3200,0.9775,0.036,23.43501,20241118090127
20241118090230,3200,0.9875,0.012,23.32586,20241118090237
20241118090258,3200,0.9975,0.0,23.41003,20241118090257
20241118090404,3200,0.995,0.004,24.53713,20241118090407
20241118090431,3200,0.9219,0.096,26.12191,20241118090437
20241118090538,3200,0.9874,0.052,23.40608,20241118090537
20241118090606,3200,0.9925,0.0,24.54107,20241118090607
20241118090713,3200,0.995,0.032,23.49551,20241118090718
20241118090740,3200,0.9646,0.1,23.90585,20241118090748
20241118090847,3200,0.995,0.008,25.5314,20241118090848
20241118090914,3200,0.9824,0.052,23.67832,20241118090918
