time,cpu_freq,hadoop_idx,cpu_idle,sda_idle
20260325183314,800,0,0.5283,0.1296
20260325183315,800,0,0.5283,0.1296
20260325183316,800,0,0.5283,0.1296
20260325183317,800,0,0.5283,0.1296
20260325183318,800,0,0.5283,0.1296
20260325183320,800,0,0.5283,0.1296
20260325183321,800,0,0.5283,0.1296
20260325183322,800,0,0.5283,0.1296
20260325183323,800,0,0.5283,0.1296
20260325183324,800,0,0.5283,0.1296
20260325183325,800,0,0.5283,0.1296
20260325183326,800,0,0.5283,0.1296
20260325183327,800,0,0.5283,0.1296
20260325183328,800,0,0.5283,0.1296
20260325183329,800,0,0.5283,0.1296
20260325183330,800,0,0.5283,0.1296
20260325183331,800,0,0.5283,0.1296
20260325183332,800,0,0.5283,0.1296
20260325183333,800,0,0.5283,0.1296
20260325183334,800,0,0.5283,0.1296
20260325183335,800,0,0.5283,0.1296
20260325183336,800,0,0.5283,0.1296
20260325183337,800,0,0.5283,0.1296
20260325183338,800,0,0.5283,0.1296
20260325183339,800,0,0.5283,0.1296
20260325183340,800,0,0.5283,0.1296
20260325183341,800,0,0.5283,0.1296
20260325183342,800,0,0.5283,0.1296
20260325183343,800,0,0.5283,0.1296
20260325183344,800,0,0.5283,0.1296
20260325183345,800,0,0.5283,0.1296
20260325183346,800,0,0.5283,0.1296
20260325183347,800,0,0.5283,0.1296
20260325183348,800,0,0.5283,0.1296
20260325183349,800,0,0.5283,0.1296
20260325183350,800,0,0.5283,0.1296
20260325183351,800,0,0.5283,0.1296
20260325183352,800,0,0.5283,0.1296
20260325183353,800,0,0.5283,0.1296
20260325183354,800,0,0.5283,0.1296
20260325183355,800,0,0.5283,0.1296
20260325183356,800,0,0.5283,0.1296
20260325183357,800,0,0.5283,0.1296
20260325183358,800,0,0.5283,0.1296
20260325183359,800,0,0.5283,0.1296
20260325183401,800,0,0.5283,0.1296
20260325183402,800,0,0.5283,0.1296
20260325183403,800,0,0.5283,0.1296
20260325183404,800,0,0.5283,0.1296
20260325183405,800,0,0.5283,0.1296
20260325183406,800,0,0.5283,0.1296
20260325183407,800,0,0.5283,0.1296
20260325183408,800,0,0.5283,0.1296
20260325183409,800,0,0.5283,0.1296
20260325183410,800,0,0.5283,0.1296
20260325183411,800,0,0.5283,0.1296
20260325183412,800,0,0.5283,0.1296
20260325183413,800,0,0.5283,0.1296
20260325183414,800,0,0.5283,0.1296
20260325183415,800,0,0.5283,0.1296
20260325183416,800,0,0.5283,0.1296
20260325183417,800,0,0.5283,0.1296
20260325183418,800,0,0.5283,0.1296
20260325183419,800,0,0.5283,0.1296
20260325183420,800,0,0.5283,0.1296
20260325183421,800,0,0.5283,0.1296
20260325183422,800,0,0.5283,0.1296
20260325183423,800,0,0.5283,0.1296
20260325183424,800,0,0.5283,0.1296
20260325183425,800,0,0.5283,0.1296
20260325183426,800,0,0.5283,0.1296
20260325183427,800,0,0.5283,0.1296
20260325183428,800,0,0.5282,0.1296
20260325183429,800,0,0.5282,0.1296
20260325183430,800,0,0.5282,0.1296
20260325183431,800,0,0.5282,0.1296
20260325183432,800,0,0.5283,0.1296
20260325183433,800,0,0.5283,0.1296
20260325183434,800,0,0.5283,0.1296
20260325183435,800,0,0.5283,0.1296
20260325183436,800,0,0.5283,0.1296
20260325183437,800,0,0.5283,0.1296
20260325183439,800,0,0.5283,0.1296
20260325183440,800,0,0.5283,0.1296
20260325183441,800,0,0.5283,0.1296
20260325183442,800,0,0.5283,0.1296
20260325183443,800,0,0.5283,0.1296
20260325183444,800,0,0.5283,0.1296
20260325183445,800,0,0.5283,0.1296
20260325183446,800,0,0.5283,0.1296
20260325183447,800,0,0.5283,0.1296
20260325183448,800,0,0.5283,0.1296
20260325183449,800,0,0.5283,0.1296
20260325183450,800,0,0.5283,0.1296
20260325183451,800,0,0.5283,0.1296
20260325183452,800,0,0.5283,0.1296
20260325183453,800,0,0.5283,0.1296
20260325183454,800,0,0.5283,0.1296
20260325183455,800,0,0.5283,0.1296
20260325183456,800,0,0.5283,0.1296
20260325183457,800,0,0.5283,0.1296
20260325183458,800,0,0.5283,0.1296
20260325183459,800,0,0.5283,0.1296
20260325183500,800,0,0.5283,0.1296
20260325183501,800,0,0.5283,0.1296
20260325183502,800,0,0.5283,0.1296
20260325183503,800,0,0.5283,0.1296
20260325183504,800,1,0.5283,0.1296
20260325183505,800,1,0.5283,0.1296
20260325183506,800,1,0.5283,0.1296
20260325183507,800,1,0.5283,0.1296
20260325183508,800,1,0.5283,0.1296
20260325183509,800,1,0.5283,0.1296
20260325183510,800,1,0.5283,0.1296
20260325183511,800,1,0.5283,0.1296
20260325183512,800,1,0.5283,0.1296
20260325183513,800,1,0.5283,0.1296
20260325183514,800,1,0.5283,0.1296
20260325183515,800,1,0.5283,0.1296
20260325183516,800,1,0.5283,0.1296
20260325183517,800,1,0.5283,0.1296
20260325183518,800,1,0.5283,0.1296
20260325183519,800,1,0.5283,0.1296
20260325183520,800,1,0.5283,0.1296
20260325183521,800,1,0.5283,0.1296
20260325183522,800,1,0.5283,0.1296
20260325183523,800,1,0.5283,0.1296
20260325183524,800,1,0.5283,0.1296
20260325183525,800,1,0.5283,0.1296
20260325183526,800,1,0.5283,0.1296
20260325183527,800,1,0.5283,0.1296
20260325183528,800,1,0.5283,0.1296
20260325183529,800,1,0.5283,0.1296
20260325183530,800,1,0.5283,0.1296
20260325183531,800,1,0.5283,0.1296
20260325183532,800,1,0.5283,0.1296
20260325183534,800,1,0.5283,0.1296
20260325183535,800,1,0.5283,0.1296
20260325183536,800,1,0.5283,0.1296
20260325183537,800,1,0.5283,0.1296
20260325183538,800,1,0.5283,0.1296
20260325183539,800,1,0.5283,0.1296
20260325183540,800,1,0.5283,0.1296
20260325183541,800,1,0.5283,0.1296
20260325183542,800,1,0.5283,0.1296
20260325183543,800,1,0.5283,0.1296
20260325183544,800,1,0.5283,0.1296
20260325183545,800,1,0.5283,0.1296
20260325183546,800,1,0.5283,0.1296
20260325183547,800,1,0.5283,0.1296
20260325183548,800,1,0.5283,0.1296
20260325183549,800,1,0.5283,0.1296
20260325183550,800,1,0.5283,0.1296
20260325183551,800,1,0.5283,0.1296
20260325183552,800,1,0.5283,0.1296
20260325183553,800,1,0.5283,0.1296
20260325183554,800,1,0.5283,0.1296
20260325183555,800,1,0.5283,0.1296
20260325183556,800,1,0.5283,0.1296
20260325183557,800,1,0.5283,0.1296
20260325183558,800,1,0.5283,0.1296
20260325183559,800,1,0.5283,0.1296
20260325183600,800,1,0.5283,0.1296
20260325183601,800,1,0.5283,0.1296
20260325183602,800,1,0.5283,0.1296
20260325183603,800,1,0.5283,0.1296
20260325183604,800,1,0.5283,0.1296
20260325183605,800,1,0.5283,0.1296
20260325183607,800,1,0.5283,0.1296
20260325183608,800,1,0.5282,0.1296
20260325183609,800,1,0.5282,0.1296
20260325183610,800,1,0.5282,0.1296
20260325183611,800,1,0.5282,0.1296
20260325183612,800,1,0.5282,0.1296
20260325183613,800,1,0.5282,0.1296
20260325183614,800,1,0.5282,0.1296
20260325183615,800,1,0.5282,0.1296
20260325183616,800,1,0.5282,0.1296
20260325183617,800,1,0.5282,0.1296
20260325183618,800,1,0.5282,0.1296
20260325183619,800,1,0.5283,0.1296
20260325183620,800,1,0.5283,0.1296
20260325183621,800,1,0.5283,0.1296
20260325183622,800,1,0.5283,0.1296
20260325183623,800,1,0.5283,0.1296
20260325183624,800,1,0.5283,0.1296
20260325183625,800,1,0.5283,0.1296
20260325183626,800,1,0.5283,0.1296
20260325183627,800,1,0.5283,0.1296
20260325183628,800,1,0.5283,0.1296
20260325183629,800,1,0.5283,0.1296
20260325183630,800,1,0.5283,0.1296
20260325183631,800,1,0.5283,0.1296
20260325183632,800,1,0.5283,0.1296
20260325183633,800,1,0.5283,0.1296
20260325183634,800,1,0.5283,0.1296
20260325183635,800,1,0.5283,0.1296
20260325183636,800,1,0.5283,0.1296
20260325183637,800,1,0.5283,0.1296
20260325183638,800,1,0.5283,0.1296
20260325183639,800,1,0.5283,0.1296
20260325183640,800,1,0.5283,0.1296
20260325183641,800,1,0.5283,0.1296
20260325183642,800,1,0.5283,0.1296
20260325183643,800,1,0.5283,0.1296
20260325183644,800,1,0.5283,0.1296
20260325183645,800,1,0.5283,0.1296
20260325183646,800,2,0.5283,0.1296
20260325183647,800,2,0.5283,0.1296
20260325183648,800,2,0.5283,0.1296
20260325183649,800,2,0.5283,0.1296
20260325183650,800,2,0.5283,0.1296
20260325183651,800,2,0.5283,0.1296
20260325183652,800,2,0.5283,0.1296
20260325183653,800,2,0.5283,0.1296
20260325183654,800,2,0.5283,0.1296
20260325183655,800,2,0.5283,0.1296
20260325183657,800,2,0.5283,0.1296
20260325183658,800,2,0.5283,0.1296
20260325183659,800,2,0.5283,0.1296
20260325183700,800,2,0.5283,0.1296
20260325183701,800,2,0.5283,0.1296
20260325183702,800,2,0.5283,0.1296
20260325183703,800,2,0.5283,0.1296
20260325183704,800,2,0.5283,0.1296
20260325183705,800,2,0.5283,0.1296
20260325183706,800,2,0.5283,0.1296
20260325183707,800,2,0.5283,0.1296
20260325183708,800,2,0.5283,0.1296
20260325183709,800,2,0.5283,0.1296
20260325183710,800,2,0.5283,0.1296
20260325183711,800,2,0.5283,0.1296
20260325183712,800,2,0.5283,0.1296
20260325183713,800,2,0.5283,0.1296
20260325183714,800,2,0.5283,0.1296
20260325183715,800,2,0.5282,0.1296
20260325183716,800,2,0.5282,0.1296
20260325183717,800,2,0.5282,0.1296
20260325183718,800,2,0.5282,0.1296
20260325183719,800,2,0.5282,0.1296
20260325183720,800,2,0.5282,0.1296
20260325183721,800,2,0.5282,0.1296
20260325183722,800,2,0.5283,0.1296
20260325183723,800,2,0.5283,0.1296
20260325183724,800,2,0.5283,0.1296
20260325183725,800,2,0.5283,0.1296
20260325183726,800,2,0.5283,0.1296
20260325183727,800,2,0.5283,0.1296
20260325183728,800,2,0.5283,0.1296
20260325183729,800,2,0.5283,0.1296
20260325183730,800,2,0.5283,0.1296
20260325183731,800,2,0.5283,0.1296
20260325183732,800,2,0.5283,0.1296
20260325183733,800,2,0.5283,0.1296
20260325183734,800,2,0.5283,0.1296
20260325183736,800,2,0.5283,0.1296
20260325183737,800,2,0.5283,0.1296
20260325183738,800,2,0.5283,0.1296
20260325183739,800,2,0.5283,0.1296
20260325183740,800,2,0.5283,0.1296
20260325183741,800,2,0.5283,0.1296
20260325183742,800,2,0.5283,0.1296
20260325183743,800,2,0.5283,0.1296
20260325183744,800,2,0.5283,0.1296
20260325183745,800,2,0.5283,0.1296
20260325183746,800,2,0.5283,0.1296
20260325183747,800,2,0.5283,0.1296
20260325183748,800,2,0.5283,0.1296
20260325183749,800,2,0.5282,0.1296
20260325183750,800,2,0.5282,0.1296
20260325183751,800,2,0.5282,0.1296
20260325183752,800,2,0.5282,0.1296
20260325183753,800,2,0.5282,0.1296
20260325183754,800,2,0.5282,0.1296
20260325183755,800,2,0.5282,0.1296
20260325183756,800,2,0.5282,0.1296
20260325183757,800,2,0.5282,0.1296
20260325183758,800,2,0.5282,0.1296
20260325183759,800,2,0.5282,0.1296
20260325183800,800,2,0.5282,0.1296
20260325183801,800,2,0.5282,0.1296
20260325183802,800,2,0.5282,0.1296
20260325183803,800,2,0.5282,0.1296
20260325183805,800,2,0.5282,0.1296
20260325183806,800,2,0.5282,0.1296
20260325183807,800,2,0.5282,0.1296
20260325183808,800,2,0.5282,0.1296
20260325183809,800,2,0.5282,0.1296
20260325183810,800,2,0.5282,0.1296
20260325183811,800,2,0.5282,0.1296
20260325183812,800,2,0.5282,0.1296
20260325183813,800,2,0.5282,0.1296
20260325183814,800,2,0.5282,0.1296
20260325183815,800,2,0.5282,0.1296
20260325183816,800,2,0.5282,0.1296
20260325183817,800,2,0.5282,0.1296
20260325183818,800,2,0.5282,0.1296
20260325183819,800,2,0.5282,0.1296
20260325183820,800,2,0.5282,0.1296
20260325183821,800,2,0.5282,0.1296
20260325183822,800,2,0.5283,0.1296
20260325183823,800,2,0.5283,0.1296
20260325183824,800,2,0.5282,0.1296
20260325183825,800,2,0.5282,0.1296
20260325183826,800,3,0.5283,0.1296
20260325183827,800,3,0.5283,0.1296
20260325183828,800,3,0.5283,0.1296
20260325183829,800,3,0.5283,0.1296
20260325183830,800,3,0.5283,0.1296
20260325183831,800,3,0.5283,0.1296
20260325183832,800,3,0.5283,0.1296
20260325183833,800,3,0.5283,0.1296
20260325183834,800,3,0.5283,0.1296
20260325183835,800,3,0.5283,0.1296
20260325183836,800,3,0.5283,0.1296
20260325183837,800,3,0.5283,0.1296
20260325183838,800,3,0.5283,0.1296
20260325183839,800,3,0.5283,0.1296
20260325183840,800,3,0.5283,0.1296
20260325183841,800,3,0.5283,0.1296
20260325183842,800,3,0.5283,0.1296
20260325183843,800,3,0.5282,0.1296
20260325183844,800,3,0.5282,0.1296
20260325183845,800,3,0.5282,0.1296
20260325183846,800,3,0.5282,0.1296
20260325183847,800,3,0.5282,0.1296
20260325183848,800,3,0.5282,0.1296
20260325183849,800,3,0.5282,0.1296
20260325183850,800,3,0.5282,0.1296
20260325183852,800,3,0.5282,0.1296
20260325183853,800,3,0.5282,0.1296
20260325183854,800,3,0.5282,0.1296
20260325183855,800,3,0.5282,0.1296
20260325183856,800,3,0.5282,0.1296
20260325183857,800,3,0.5282,0.1296
20260325183858,800,3,0.5282,0.1296
20260325183859,800,3,0.5282,0.1296
20260325183900,800,3,0.5282,0.1296
20260325183901,800,3,0.5282,0.1296
20260325183902,800,3,0.5282,0.1296
20260325183903,800,3,0.5282,0.1296
20260325183904,800,3,0.5282,0.1296
20260325183905,800,3,0.5282,0.1296
20260325183906,800,3,0.5282,0.1296
20260325183907,800,3,0.5282,0.1296
20260325183908,800,3,0.5282,0.1296
20260325183909,800,3,0.5282,0.1296
20260325183910,800,3,0.5282,0.1296
20260325183911,800,3,0.5282,0.1296
20260325183912,800,3,0.5282,0.1296
20260325183913,800,3,0.5282,0.1296
20260325183914,800,3,0.5282,0.1296
20260325183915,800,3,0.5282,0.1296
20260325183916,800,3,0.5282,0.1296
20260325183917,800,3,0.5282,0.1296
20260325183918,800,3,0.5282,0.1296
20260325183919,800,3,0.5282,0.1296
20260325183920,800,3,0.5282,0.1296
20260325183921,800,3,0.5282,0.1296
20260325183922,800,3,0.5282,0.1296
20260325183923,800,3,0.5282,0.1296
20260325183924,800,3,0.5282,0.1296
20260325183925,800,3,0.5282,0.1296
20260325183926,800,3,0.5282,0.1296
20260325183927,800,3,0.5282,0.1296
20260325183928,800,3,0.5282,0.1296
20260325183929,800,3,0.5282,0.1296
20260325183930,800,3,0.5282,0.1296
20260325183931,800,3,0.5282,0.1296
20260325183932,800,3,0.5282,0.1296
20260325183934,800,3,0.5282,0.1296
20260325183935,800,3,0.5282,0.1296
20260325183936,800,3,0.5282,0.1296
20260325183937,800,3,0.5282,0.1296
20260325183938,800,3,0.5282,0.1296
20260325183939,800,3,0.5282,0.1296
20260325183940,800,3,0.5282,0.1296
20260325183941,800,3,0.5282,0.1296
20260325183942,800,3,0.5282,0.1296
20260325183943,800,3,0.5282,0.1296
20260325183944,800,3,0.5282,0.1296
20260325183945,800,3,0.5282,0.1296
20260325183946,800,3,0.5282,0.1296
20260325183947,800,3,0.5282,0.1296
20260325183948,800,3,0.5282,0.1296
20260325183949,800,3,0.5282,0.1296
20260325183950,800,3,0.5282,0.1296
20260325183951,800,3,0.5282,0.1296
20260325183952,800,3,0.5282,0.1296
20260325183953,800,3,0.5282,0.1296
20260325183954,800,3,0.5282,0.1296
20260325183955,800,3,0.5282,0.1296
20260325183956,800,3,0.5282,0.1296
20260325183957,800,3,0.5282,0.1296
20260325183958,800,3,0.5282,0.1296
20260325183959,800,3,0.5282,0.1296
20260325184000,800,3,0.5282,0.1296
20260325184001,800,3,0.5282,0.1296
20260325184002,800,3,0.5282,0.1296
20260325184003,800,3,0.5282,0.1296
20260325184004,800,3,0.5282,0.1296
20260325184005,800,4,0.5282,0.1296
20260325184006,800,4,0.5282,0.1296
20260325184007,800,4,0.5282,0.1296
20260325184008,800,4,0.5282,0.1296
20260325184009,800,4,0.5282,0.1296
20260325184010,800,4,0.5282,0.1296
20260325184011,800,4,0.5282,0.1296
20260325184012,800,4,0.5282,0.1296
20260325184013,800,4,0.5282,0.1296
20260325184014,800,4,0.5282,0.1296
20260325184015,800,4,0.5282,0.1296
20260325184016,800,4,0.5282,0.1296
20260325184017,800,4,0.5282,0.1296
20260325184018,800,4,0.5282,0.1296
20260325184019,800,4,0.5282,0.1296
20260325184020,800,4,0.5282,0.1296
20260325184022,800,4,0.5282,0.1296
20260325184023,800,4,0.5282,0.1296
20260325184024,800,4,0.5282,0.1296
20260325184025,800,4,0.5282,0.1296
20260325184026,800,4,0.5282,0.1296
20260325184027,800,4,0.5282,0.1296
20260325184028,800,4,0.5282,0.1296
20260325184029,800,4,0.5282,0.1296
20260325184030,800,4,0.5282,0.1296
20260325184031,800,4,0.5282,0.1296
20260325184032,800,4,0.5282,0.1296
20260325184033,800,4,0.5282,0.1296
20260325184034,800,4,0.5282,0.1296
20260325184035,800,4,0.5282,0.1296
20260325184036,800,4,0.5282,0.1296
20260325184037,800,4,0.5282,0.1296
20260325184038,800,4,0.5282,0.1296
20260325184039,800,4,0.5282,0.1296
20260325184040,800,4,0.5282,0.1296
20260325184041,800,4,0.5282,0.1296
20260325184042,800,4,0.5282,0.1296
20260325184043,800,4,0.5282,0.1296
20260325184044,800,4,0.5282,0.1296
20260325184045,800,4,0.5282,0.1296
20260325184046,800,4,0.5282,0.1296
20260325184047,800,4,0.5282,0.1296
20260325184048,800,4,0.5282,0.1296
20260325184049,800,4,0.5282,0.1296
20260325184050,800,4,0.5282,0.1296
20260325184051,800,4,0.5282,0.1296
20260325184052,800,4,0.5282,0.1296
20260325184053,800,4,0.5282,0.1296
20260325184054,800,4,0.5282,0.1296
20260325184055,800,4,0.5282,0.1296
20260325184056,800,4,0.5282,0.1296
20260325184057,800,4,0.5282,0.1296
20260325184058,800,4,0.5282,0.1296
20260325184059,800,4,0.5282,0.1296
20260325184100,800,4,0.5282,0.1296
20260325184101,800,4,0.5282,0.1296
20260325184103,800,4,0.5282,0.1296
20260325184104,800,4,0.5282,0.1296
20260325184105,800,4,0.5282,0.1296
20260325184106,800,4,0.5282,0.1296
20260325184107,800,4,0.5282,0.1296
20260325184108,800,4,0.5282,0.1296
20260325184109,800,4,0.5282,0.1296
20260325184110,800,4,0.5282,0.1296
20260325184111,800,4,0.5282,0.1296
20260325184112,800,4,0.5282,0.1296
20260325184113,800,4,0.5282,0.1296
20260325184114,800,4,0.5282,0.1296
20260325184115,800,4,0.5282,0.1296
20260325184116,800,4,0.5282,0.1296
20260325184117,800,4,0.5282,0.1296
20260325184118,800,4,0.5282,0.1296
20260325184119,800,4,0.5282,0.1296
20260325184120,800,4,0.5282,0.1296
20260325184121,800,4,0.5282,0.1296
20260325184122,800,4,0.5282,0.1296
20260325184123,800,4,0.5282,0.1296
20260325184124,800,4,0.5282,0.1296
20260325184125,800,4,0.5282,0.1296
20260325184126,800,4,0.5282,0.1296
20260325184127,800,4,0.5282,0.1296
20260325184128,800,4,0.5282,0.1296
20260325184129,800,4,0.5282,0.1296
20260325184130,800,4,0.5282,0.1296
20260325184131,800,4,0.5282,0.1296
20260325184132,800,4,0.5282,0.1296
20260325184134,800,4,0.5282,0.1296
20260325184135,800,4,0.5282,0.1296
20260325184136,800,4,0.5282,0.1296
20260325184137,800,4,0.5282,0.1296
20260325184138,800,4,0.5282,0.1296
20260325184139,800,4,0.5282,0.1296
20260325184140,800,4,0.5282,0.1296
20260325184141,800,4,0.5282,0.1296
20260325184142,800,4,0.5282,0.1296
20260325184143,800,4,0.5282,0.1296
20260325184144,800,4,0.5282,0.1296
20260325184145,800,4,0.5282,0.1296
20260325184146,800,5,0.5282,0.1296
20260325184147,800,5,0.5282,0.1296
20260325184148,800,5,0.5282,0.1296
20260325184149,800,5,0.5282,0.1296
20260325184150,800,5,0.5282,0.1296
20260325184151,800,5,0.5282,0.1296
20260325184152,800,5,0.5282,0.1296
20260325184153,800,5,0.5282,0.1296
20260325184154,800,5,0.5282,0.1296
20260325184155,800,5,0.5282,0.1296
20260325184156,800,5,0.5282,0.1296
20260325184157,800,5,0.5282,0.1296
20260325184158,800,5,0.5282,0.1296
20260325184159,800,5,0.5282,0.1296
20260325184200,800,5,0.5282,0.1296
20260325184201,800,5,0.5282,0.1296
20260325184202,800,5,0.5282,0.1296
20260325184203,800,5,0.5282,0.1296
20260325184204,800,5,0.5282,0.1296
20260325184205,800,5,0.5282,0.1296
20260325184206,800,5,0.5282,0.1296
20260325184207,800,5,0.5282,0.1296
20260325184208,800,5,0.5282,0.1296
20260325184209,800,5,0.5282,0.1296
20260325184210,800,5,0.5282,0.1296
20260325184212,800,5,0.5282,0.1296
20260325184213,800,5,0.5282,0.1296
20260325184214,800,5,0.5282,0.1296
20260325184215,800,5,0.5282,0.1296
20260325184216,800,5,0.5282,0.1296
20260325184217,800,5,0.5282,0.1296
20260325184218,800,5,0.5282,0.1296
20260325184219,800,5,0.5282,0.1296
20260325184220,800,5,0.5282,0.1296
20260325184221,800,5,0.5282,0.1296
20260325184222,800,5,0.5282,0.1296
20260325184223,800,5,0.5282,0.1296
20260325184224,800,5,0.5282,0.1296
20260325184225,800,5,0.5282,0.1296
20260325184226,800,5,0.5282,0.1296
20260325184227,800,5,0.5282,0.1296
20260325184228,800,5,0.5282,0.1296
20260325184229,800,5,0.5282,0.1296
20260325184230,800,5,0.5282,0.1296
20260325184231,800,5,0.5282,0.1296
20260325184232,800,5,0.5282,0.1296
20260325184233,800,5,0.5282,0.1296
20260325184234,800,5,0.5282,0.1296
20260325184235,800,5,0.5282,0.1296
20260325184236,800,5,0.5282,0.1296
20260325184237,800,5,0.5282,0.1296
20260325184238,800,5,0.5282,0.1296
20260325184239,800,5,0.5282,0.1296
20260325184240,800,5,0.5282,0.1296
20260325184241,800,5,0.5282,0.1296
20260325184242,800,5,0.5282,0.1296
20260325184243,800,5,0.5282,0.1296
20260325184244,800,5,0.5282,0.1296
20260325184245,800,5,0.5282,0.1296
20260325184246,800,5,0.5282,0.1296
20260325184247,800,5,0.5282,0.1296
20260325184248,800,5,0.5282,0.1296
20260325184249,800,5,0.5282,0.1296
20260325184250,800,5,0.5282,0.1296
20260325184251,800,5,0.5282,0.1296
20260325184253,800,5,0.5282,0.1296
20260325184254,800,5,0.5282,0.1296
20260325184255,800,5,0.5282,0.1296
20260325184256,800,5,0.5282,0.1296
20260325184257,800,5,0.5282,0.1296
20260325184258,800,5,0.5282,0.1296
20260325184259,800,5,0.5282,0.1296
20260325184300,800,5,0.5282,0.1296
20260325184301,800,5,0.5282,0.1296
20260325184302,800,5,0.5282,0.1296
20260325184303,800,5,0.5282,0.1296
20260325184304,800,5,0.5282,0.1296
20260325184305,800,5,0.5282,0.1296
20260325184306,800,5,0.5282,0.1296
20260325184307,800,5,0.5282,0.1296
20260325184308,800,5,0.5282,0.1296
20260325184309,800,5,0.5282,0.1296
20260325184310,800,5,0.5282,0.1296
20260325184311,800,5,0.5282,0.1296
20260325184312,800,5,0.5282,0.1296
20260325184313,800,5,0.5282,0.1296
20260325184314,800,5,0.5282,0.1296
20260325184315,800,5,0.5282,0.1296
20260325184316,800,5,0.5282,0.1296
20260325184317,800,5,0.5282,0.1296
20260325184318,800,5,0.5282,0.1296
20260325184319,800,5,0.5282,0.1296
20260325184320,800,5,0.5282,0.1296
20260325184321,800,5,0.5282,0.1296
20260325184322,800,5,0.5282,0.1296
20260325184323,800,5,0.5282,0.1296
20260325184324,800,5,0.5282,0.1296
20260325184325,800,5,0.5282,0.1296
20260325184326,800,5,0.5282,0.1296
20260325184327,800,5,0.5282,0.1296
20260325184328,800,6,0.5282,0.1296
20260325184329,800,6,0.5282,0.1296
20260325184330,800,6,0.5282,0.1296
20260325184331,800,6,0.5282,0.1296
20260325184332,800,6,0.5282,0.1296
20260325184333,800,6,0.5282,0.1296
20260325184334,800,6,0.5282,0.1296
20260325184335,800,6,0.5282,0.1296
20260325184336,800,6,0.5282,0.1296
20260325184337,800,6,0.5282,0.1296
20260325184338,800,6,0.5282,0.1296
20260325184339,800,6,0.5282,0.1296
20260325184340,800,6,0.5282,0.1296
20260325184341,800,6,0.5282,0.1296
20260325184342,800,6,0.5282,0.1296
20260325184343,800,6,0.5282,0.1296
20260325184344,800,6,0.5282,0.1296
20260325184345,800,6,0.5282,0.1296
20260325184346,800,6,0.5282,0.1296
20260325184347,800,6,0.5282,0.1296
20260325184348,800,6,0.5282,0.1296
20260325184349,800,6,0.5282,0.1296
20260325184350,800,6,0.5282,0.1296
20260325184352,800,6,0.5282,0.1296
20260325184353,800,6,0.5282,0.1296
20260325184354,800,6,0.5282,0.1296
20260325184355,800,6,0.5282,0.1296
20260325184356,800,6,0.5282,0.1296
20260325184357,800,6,0.5282,0.1296
20260325184358,800,6,0.5282,0.1296
20260325184359,800,6,0.5282,0.1296
20260325184400,800,6,0.5282,0.1296
20260325184401,800,6,0.5282,0.1296
20260325184402,800,6,0.5282,0.1296
20260325184403,800,6,0.5282,0.1296
20260325184404,800,6,0.5282,0.1296
20260325184405,800,6,0.5282,0.1296
20260325184406,800,6,0.5282,0.1296
20260325184407,800,6,0.5282,0.1296
20260325184408,800,6,0.5282,0.1296
20260325184409,800,6,0.5282,0.1296
20260325184410,800,6,0.5282,0.1296
20260325184411,800,6,0.5282,0.1296
20260325184412,800,6,0.5282,0.1296
20260325184413,800,6,0.5282,0.1296
20260325184414,800,6,0.5282,0.1296
20260325184415,800,6,0.5282,0.1296
20260325184416,800,6,0.5282,0.1296
20260325184417,800,6,0.5282,0.1296
20260325184418,800,6,0.5282,0.1296
20260325184419,800,6,0.5282,0.1296
20260325184420,800,6,0.5282,0.1296
20260325184421,800,6,0.5282,0.1296
20260325184422,800,6,0.5282,0.1296
20260325184423,800,6,0.5282,0.1296
20260325184424,800,6,0.5282,0.1296
20260325184425,800,6,0.5282,0.1296
20260325184426,800,6,0.5282,0.1296
20260325184427,800,6,0.5282,0.1296
20260325184428,800,6,0.5282,0.1296
20260325184429,800,6,0.5282,0.1296
20260325184430,800,6,0.5282,0.1296
20260325184431,800,6,0.5282,0.1296
20260325184432,800,6,0.5282,0.1296
20260325184433,800,6,0.5282,0.1296
20260325184434,800,6,0.5282,0.1296
20260325184435,800,6,0.5282,0.1296
20260325184436,800,6,0.5282,0.1296
20260325184438,800,6,0.5282,0.1296
20260325184439,800,6,0.5282,0.1296
20260325184440,800,6,0.5282,0.1296
20260325184441,800,6,0.5282,0.1296
20260325184442,800,6,0.5282,0.1296
20260325184443,800,6,0.5282,0.1296
20260325184444,800,6,0.5282,0.1296
20260325184445,800,6,0.5282,0.1296
20260325184446,800,6,0.5282,0.1296
20260325184447,800,6,0.5282,0.1296
20260325184448,800,6,0.5282,0.1296
20260325184449,800,6,0.5282,0.1296
20260325184450,800,6,0.5282,0.1296
20260325184451,800,6,0.5282,0.1296
20260325184452,800,6,0.5282,0.1296
20260325184453,800,6,0.5282,0.1296
20260325184454,800,6,0.5282,0.1296
20260325184455,800,6,0.5282,0.1296
20260325184456,800,6,0.5282,0.1296
20260325184457,800,6,0.5283,0.1296
20260325184458,800,6,0.5283,0.1296
20260325184459,800,6,0.5283,0.1296
20260325184500,800,6,0.5283,0.1296
20260325184501,800,6,0.5283,0.1296
20260325184502,800,6,0.5283,0.1296
20260325184503,800,6,0.5283,0.1296
20260325184504,800,6,0.5283,0.1296
20260325184505,800,7,0.5283,0.1296
20260325184506,800,7,0.5283,0.1296
20260325184507,800,7,0.5283,0.1296
20260325184508,800,7,0.5283,0.1296
20260325184509,800,7,0.5283,0.1296
20260325184510,800,7,0.5283,0.1296
20260325184511,800,7,0.5283,0.1296
20260325184512,800,7,0.5283,0.1296
20260325184513,800,7,0.5283,0.1296
20260325184514,800,7,0.5283,0.1296
20260325184515,800,7,0.5283,0.1296
20260325184516,800,7,0.5283,0.1296
20260325184517,800,7,0.5283,0.1296
20260325184518,800,7,0.5283,0.1296
20260325184519,800,7,0.5283,0.1296
20260325184520,800,7,0.5283,0.1296
20260325184521,800,7,0.5283,0.1296
20260325184522,800,7,0.5283,0.1296
20260325184523,800,7,0.5283,0.1296
20260325184524,800,7,0.5282,0.1296
20260325184525,800,7,0.5282,0.1296
20260325184527,800,7,0.5282,0.1296
20260325184528,800,7,0.5282,0.1296
20260325184529,800,7,0.5282,0.1296
20260325184530,800,7,0.5282,0.1296
20260325184531,800,7,0.5282,0.1296
20260325184532,800,7,0.5282,0.1296
20260325184533,800,7,0.5282,0.1296
20260325184534,800,7,0.5282,0.1296
20260325184535,800,7,0.5282,0.1296
20260325184536,800,7,0.5282,0.1296
20260325184537,800,7,0.5282,0.1296
20260325184538,800,7,0.5282,0.1296
20260325184539,800,7,0.5282,0.1296
20260325184540,800,7,0.5282,0.1296
20260325184541,800,7,0.5282,0.1296
20260325184542,800,7,0.5282,0.1296
20260325184543,800,7,0.5282,0.1296
20260325184544,800,7,0.5282,0.1296
20260325184545,800,7,0.5282,0.1296
20260325184546,800,7,0.5282,0.1296
20260325184547,800,7,0.5282,0.1296
20260325184548,800,7,0.5282,0.1296
20260325184549,800,7,0.5282,0.1296
20260325184550,800,7,0.5282,0.1296
20260325184551,800,7,0.5282,0.1295
20260325184552,800,7,0.5282,0.1295
20260325184553,800,7,0.5282,0.1295
20260325184554,800,7,0.5282,0.1295
20260325184555,800,7,0.5282,0.1295
20260325184556,800,7,0.5282,0.1295
20260325184558,800,7,0.5282,0.1295
20260325184559,800,7,0.5282,0.1295
20260325184600,800,7,0.5282,0.1295
20260325184601,800,7,0.5282,0.1295
20260325184602,800,7,0.5282,0.1295
20260325184603,800,7,0.5282,0.1295
20260325184604,800,7,0.5282,0.1295
20260325184605,800,7,0.5282,0.1295
20260325184606,800,7,0.5282,0.1295
20260325184607,800,7,0.5282,0.1295
20260325184608,800,7,0.5282,0.1295
20260325184609,800,7,0.5282,0.1295
20260325184610,800,7,0.5282,0.1295
20260325184611,800,7,0.5282,0.1295
20260325184612,800,7,0.5282,0.1295
20260325184613,800,7,0.5282,0.1295
20260325184614,800,7,0.5282,0.1295
20260325184615,800,7,0.5282,0.1295
20260325184616,800,7,0.5282,0.1295
20260325184617,800,7,0.5282,0.1295
20260325184618,800,7,0.5282,0.1295
20260325184619,800,7,0.5282,0.1295
20260325184620,800,7,0.5282,0.1295
20260325184621,800,7,0.5282,0.1295
20260325184623,800,7,0.5282,0.1295
20260325184624,800,7,0.5282,0.1295
20260325184625,800,7,0.5282,0.1295
20260325184626,800,7,0.5282,0.1295
20260325184627,800,7,0.5282,0.1295
20260325184628,800,7,0.5282,0.1295
20260325184629,800,7,0.5282,0.1295
20260325184630,800,7,0.5282,0.1295
20260325184631,800,7,0.5282,0.1295
20260325184632,800,7,0.5282,0.1295
20260325184633,800,7,0.5282,0.1295
20260325184634,800,7,0.5282,0.1295
20260325184635,800,7,0.5282,0.1295
20260325184636,800,7,0.5282,0.1295
20260325184637,800,7,0.5282,0.1295
20260325184638,800,7,0.5282,0.1295
20260325184639,800,7,0.5282,0.1295
20260325184640,800,7,0.5282,0.1295
20260325184641,800,7,0.5282,0.1295
20260325184642,800,7,0.5282,0.1295
20260325184643,800,7,0.5282,0.1295
20260325184644,800,7,0.5282,0.1295
20260325184645,800,7,0.5282,0.1295
20260325184646,800,8,0.5282,0.1295
20260325184647,800,8,0.5282,0.1295
20260325184648,800,8,0.5282,0.1295
20260325184649,800,8,0.5282,0.1295
20260325184650,800,8,0.5282,0.1295
20260325184651,800,8,0.5282,0.1295
20260325184652,800,8,0.5282,0.1295
20260325184653,800,8,0.5282,0.1295
20260325184654,800,8,0.5282,0.1295
20260325184655,800,8,0.5282,0.1295
20260325184656,800,8,0.5282,0.1295
20260325184657,800,8,0.5282,0.1295
20260325184658,800,8,0.5282,0.1295
20260325184659,800,8,0.5282,0.1295
20260325184700,800,8,0.5282,0.1295
20260325184701,800,8,0.5282,0.1295
20260325184702,800,8,0.5282,0.1295
20260325184703,800,8,0.5282,0.1295
20260325184704,800,8,0.5282,0.1295
20260325184705,800,8,0.5282,0.1295
20260325184706,800,8,0.5282,0.1295
20260325184707,800,8,0.5282,0.1295
20260325184709,800,8,0.5282,0.1295
20260325184710,800,8,0.5282,0.1295
20260325184711,800,8,0.5282,0.1295
20260325184712,800,8,0.5282,0.1295
20260325184713,800,8,0.5282,0.1295
20260325184714,800,8,0.5282,0.1295
20260325184715,800,8,0.5282,0.1295
20260325184716,800,8,0.5282,0.1295
20260325184717,800,8,0.5282,0.1295
20260325184718,800,8,0.5282,0.1295
20260325184719,800,8,0.5282,0.1295
20260325184720,800,8,0.5282,0.1295
20260325184721,800,8,0.5282,0.1295
20260325184722,800,8,0.5282,0.1295
20260325184723,800,8,0.5282,0.1295
20260325184724,800,8,0.5282,0.1295
20260325184725,800,8,0.5282,0.1295
20260325184726,800,8,0.5282,0.1295
20260325184727,800,8,0.5282,0.1295
20260325184728,800,8,0.5282,0.1295
20260325184729,800,8,0.5282,0.1295
20260325184730,800,8,0.5282,0.1295
20260325184731,800,8,0.5282,0.1295
20260325184732,800,8,0.5282,0.1295
20260325184733,800,8,0.5282,0.1295
20260325184734,800,8,0.5282,0.1295
20260325184735,800,8,0.5282,0.1295
20260325184736,800,8,0.5282,0.1295
20260325184737,800,8,0.5282,0.1295
20260325184738,800,8,0.5282,0.1295
20260325184739,800,8,0.5282,0.1295
20260325184740,800,8,0.5282,0.1295
20260325184742,800,8,0.5282,0.1295
20260325184743,800,8,0.5282,0.1295
20260325184744,800,8,0.5282,0.1295
20260325184745,800,8,0.5282,0.1295
20260325184746,800,8,0.5282,0.1295
20260325184747,800,8,0.5282,0.1295
20260325184748,800,8,0.5282,0.1295
20260325184749,800,8,0.5282,0.1295
20260325184750,800,8,0.5282,0.1295
20260325184751,800,8,0.5282,0.1295
20260325184752,800,8,0.5282,0.1295
20260325184753,800,8,0.5282,0.1295
20260325184754,800,8,0.5282,0.1295
20260325184755,800,8,0.5282,0.1295
20260325184756,800,8,0.5282,0.1295
20260325184757,800,8,0.5282,0.1295
20260325184758,800,8,0.5282,0.1295
20260325184759,800,8,0.5282,0.1295
20260325184800,800,8,0.5282,0.1295
20260325184801,800,8,0.5282,0.1295
20260325184802,800,8,0.5282,0.1295
20260325184803,800,8,0.5282,0.1295
20260325184804,800,8,0.5282,0.1295
20260325184805,800,8,0.5282,0.1295
20260325184806,800,8,0.5282,0.1295
20260325184807,800,8,0.5282,0.1295
20260325184808,800,8,0.5282,0.1295
20260325184809,800,8,0.5282,0.1295
20260325184810,800,8,0.5282,0.1295
20260325184811,800,8,0.5282,0.1295
20260325184812,800,8,0.5282,0.1295
20260325184813,800,8,0.5282,0.1295
20260325184814,800,8,0.5282,0.1295
20260325184815,800,8,0.5282,0.1295
20260325184816,800,8,0.5282,0.1295
20260325184818,800,8,0.5282,0.1295
20260325184819,800,8,0.5282,0.1295
20260325184820,800,8,0.5282,0.1295
20260325184821,800,8,0.5282,0.1295
20260325184822,800,8,0.5282,0.1295
20260325184823,800,8,0.5282,0.1295
20260325184824,800,9,0.5282,0.1295
20260325184825,800,9,0.5282,0.1295
20260325184826,800,9,0.5282,0.1295
20260325184827,800,9,0.5282,0.1295
20260325184828,800,9,0.5282,0.1295
20260325184829,800,9,0.5282,0.1295
20260325184830,800,9,0.5282,0.1295
20260325184831,800,9,0.5282,0.1295
20260325184832,800,9,0.5282,0.1295
20260325184833,800,9,0.5282,0.1295
20260325184834,800,9,0.5282,0.1295
20260325184835,800,9,0.5282,0.1295
20260325184836,800,9,0.5282,0.1295
20260325184837,800,9,0.5282,0.1295
20260325184838,800,9,0.5282,0.1295
20260325184839,800,9,0.5282,0.1295
20260325184840,800,9,0.5282,0.1295
20260325184841,800,9,0.5282,0.1295
20260325184842,800,9,0.5282,0.1295
20260325184843,800,9,0.5282,0.1295
20260325184844,800,9,0.5282,0.1295
20260325184845,800,9,0.5282,0.1295
20260325184846,800,9,0.5282,0.1295
20260325184847,800,9,0.5282,0.1295
20260325184848,800,9,0.5282,0.1295
20260325184849,800,9,0.5282,0.1295
20260325184850,800,9,0.5282,0.1295
20260325184851,800,9,0.5282,0.1295
20260325184852,800,9,0.5282,0.1295
20260325184853,800,9,0.5282,0.1295
20260325184854,800,9,0.5282,0.1295
20260325184855,800,9,0.5282,0.1295
20260325184856,800,9,0.5282,0.1295
20260325184857,800,9,0.5282,0.1295
20260325184858,800,9,0.5282,0.1295
20260325184859,800,9,0.5282,0.1295
20260325184900,800,9,0.5282,0.1295
20260325184901,800,9,0.5282,0.1295
20260325184902,800,9,0.5282,0.1295
20260325184903,800,9,0.5282,0.1295
20260325184904,800,9,0.5282,0.1295
20260325184905,800,9,0.5282,0.1295
20260325184906,800,9,0.5282,0.1295
20260325184908,800,9,0.5282,0.1295
20260325184909,800,9,0.5282,0.1295
20260325184910,800,9,0.5282,0.1295
20260325184911,800,9,0.5282,0.1295
20260325184912,800,9,0.5282,0.1295
20260325184913,800,9,0.5282,0.1295
20260325184914,800,9,0.5282,0.1295
20260325184915,800,9,0.5282,0.1295
20260325184916,800,9,0.5282,0.1295
20260325184917,800,9,0.5282,0.1295
20260325184918,800,9,0.5282,0.1295
20260325184919,800,9,0.5282,0.1295
20260325184920,800,9,0.5282,0.1295
20260325184921,800,9,0.5282,0.1295
20260325184922,800,9,0.5282,0.1295
20260325184923,800,9,0.5282,0.1295
20260325184924,800,9,0.5282,0.1295
20260325184925,800,9,0.5282,0.1295
20260325184926,800,9,0.5282,0.1295
20260325184927,800,9,0.5282,0.1295
20260325184928,800,9,0.5282,0.1295
20260325184929,800,9,0.5282,0.1295
20260325184930,800,9,0.5282,0.1295
20260325184931,800,9,0.5282,0.1295
20260325184932,800,9,0.5282,0.1295
20260325184933,800,9,0.5282,0.1295
20260325184934,800,9,0.5282,0.1295
20260325184935,800,9,0.5282,0.1295
20260325184936,800,9,0.5282,0.1295
20260325184937,800,9,0.5282,0.1295
20260325184938,800,9,0.5282,0.1295
20260325184939,800,9,0.5282,0.1295
20260325184940,800,9,0.5282,0.1295
20260325184941,800,9,0.5282,0.1295
20260325184942,800,9,0.5282,0.1295
20260325184943,800,9,0.5282,0.1295
20260325184944,800,9,0.5282,0.1295
20260325184945,800,9,0.5282,0.1295
20260325184946,800,9,0.5282,0.1295
20260325184947,800,9,0.5282,0.1295
20260325184948,800,9,0.5282,0.1295
20260325184950,800,9,0.5282,0.1295
20260325184951,800,9,0.5282,0.1295
20260325184952,800,9,0.5282,0.1295
20260325184953,800,9,0.5282,0.1295
20260325184954,800,9,0.5282,0.1295
20260325184955,800,9,0.5282,0.1295
20260325184956,800,9,0.5282,0.1295
20260325184957,800,9,0.5282,0.1295
20260325184958,800,9,0.5282,0.1295
20260325184959,800,9,0.5282,0.1295
20260325185000,800,9,0.5282,0.1295
20260325185001,800,9,0.5282,0.1295
20260325185002,800,9,0.5282,0.1295
20260325185003,800,9,0.5282,0.1295
20260325185004,800,9,0.5282,0.1295
20260325185005,800,9,0.5282,0.1295
20260325185006,800,9,0.5282,0.1295
20260325185007,800,9,0.5282,0.1295
20260325185008,800,9,0.5282,0.1295
20260325185009,800,9,0.5282,0.1295
20260325185010,800,9,0.5282,0.1295
20260325185011,800,9,0.5282,0.1295
20260325185012,800,9,0.5282,0.1295
20260325185013,800,9,0.5282,0.1295
20260325185014,800,9,0.5282,0.1295
20260325185015,800,9,0.5282,0.1295
20260325185016,800,9,0.5282,0.1295
20260325185017,800,9,0.5282,0.1295
20260325185018,800,9,0.5282,0.1295
20260325185019,800,9,0.5282,0.1295
20260325185020,800,9,0.5282,0.1295
20260325185021,800,9,0.5282,0.1295
20260325185022,800,9,0.5282,0.1295
20260325185023,800,9,0.5282,0.1295
20260325185024,800,9,0.5282,0.1295
20260325185025,800,9,0.5282,0.1295
20260325185026,1300,9,0.5282,0.1295
20260325185027,1300,9,0.5282,0.1295
20260325185028,1300,9,0.5282,0.1295
20260325185029,1300,9,0.5282,0.1295
20260325185030,1300,9,0.5282,0.1295
20260325185031,1300,9,0.5282,0.1295
20260325185032,1300,9,0.5282,0.1295
20260325185033,1300,9,0.5282,0.1295
20260325185034,1300,9,0.5282,0.1295
20260325185035,1300,9,0.5282,0.1295
20260325185036,1300,9,0.5282,0.1295
20260325185037,1300,9,0.5282,0.1295
20260325185038,1300,9,0.5282,0.1295
20260325185039,1300,9,0.5282,0.1295
20260325185040,1300,9,0.5282,0.1295
20260325185041,1300,9,0.5282,0.1295
20260325185042,1300,9,0.5282,0.1295
20260325185043,1300,9,0.5282,0.1295
20260325185044,1300,9,0.5282,0.1295
20260325185045,1300,9,0.5282,0.1295
20260325185046,1300,9,0.5282,0.1295
20260325185047,1300,9,0.5282,0.1295
20260325185048,1300,9,0.5282,0.1295
20260325185049,1300,9,0.5282,0.1295
20260325185050,1300,9,0.5282,0.1295
20260325185051,1300,9,0.5282,0.1295
20260325185053,1300,9,0.5282,0.1295
20260325185054,1300,9,0.5282,0.1295
20260325185055,1300,9,0.5282,0.1295
20260325185056,1300,9,0.5282,0.1295
20260325185057,1300,9,0.5282,0.1295
20260325185058,1300,9,0.5282,0.1295
20260325185059,1300,9,0.5282,0.1295
20260325185100,1300,9,0.5282,0.1295
20260325185101,1300,9,0.5282,0.1295
20260325185102,1300,9,0.5282,0.1295
20260325185103,1300,9,0.5282,0.1295
20260325185104,1300,9,0.5282,0.1295
20260325185105,1300,9,0.5282,0.1295
20260325185106,1300,9,0.5282,0.1295
20260325185107,1300,9,0.5282,0.1295
20260325185108,1300,9,0.5282,0.1295
20260325185109,1300,9,0.5282,0.1295
20260325185110,1300,9,0.5282,0.1295
20260325185111,1300,9,0.5282,0.1295
20260325185112,1300,9,0.5282,0.1295
20260325185113,1300,9,0.5282,0.1295
20260325185114,1300,9,0.5282,0.1295
20260325185115,1300,9,0.5282,0.1295
20260325185116,1300,9,0.5282,0.1295
20260325185117,1300,9,0.5282,0.1295
20260325185118,1300,9,0.5282,0.1295
20260325185119,1300,9,0.5282,0.1295
20260325185120,1300,9,0.5282,0.1295
20260325185121,1300,9,0.5282,0.1295
20260325185122,1300,9,0.5282,0.1295
20260325185123,1300,10,0.5282,0.1295
20260325185124,1300,10,0.5282,0.1295
20260325185125,1300,10,0.5282,0.1295
20260325185126,1300,10,0.5282,0.1295
20260325185127,1300,10,0.5282,0.1295
20260325185128,1300,10,0.5282,0.1295
20260325185129,1300,10,0.5282,0.1295
20260325185130,1300,10,0.5282,0.1295
20260325185131,1300,10,0.5282,0.1295
20260325185132,1300,10,0.5282,0.1295
20260325185133,1300,10,0.5282,0.1295
20260325185134,1300,10,0.5282,0.1295
20260325185135,1300,10,0.5282,0.1295
20260325185136,1300,10,0.5282,0.1295
20260325185137,1300,10,0.5282,0.1295
20260325185138,1300,10,0.5282,0.1295
20260325185139,1300,10,0.5282,0.1295
20260325185140,1300,10,0.5282,0.1295
20260325185141,1300,10,0.5282,0.1295
20260325185142,1300,10,0.5282,0.1295
20260325185143,1300,10,0.5282,0.1295
20260325185144,1300,10,0.5282,0.1295
20260325185145,1300,10,0.5282,0.1295
20260325185146,1300,10,0.5282,0.1295
20260325185147,1300,10,0.5282,0.1295
20260325185148,1300,10,0.5282,0.1295
20260325185149,1300,10,0.5282,0.1295
20260325185150,1300,10,0.5282,0.1295
20260325185151,1300,10,0.5282,0.1295
20260325185152,1300,10,0.5282,0.1295
20260325185153,1300,10,0.5282,0.1295
20260325185154,1300,10,0.5282,0.1295
20260325185155,1300,10,0.5282,0.1295
20260325185156,1300,10,0.5282,0.1295
20260325185157,1300,10,0.5282,0.1295
20260325185158,1300,10,0.5282,0.1295
20260325185159,1300,10,0.5282,0.1295
20260325185200,1300,10,0.5282,0.1295
20260325185201,1300,10,0.5282,0.1295
20260325185202,1300,10,0.5282,0.1295
20260325185203,1300,10,0.5282,0.1295
20260325185204,1300,10,0.5282,0.1295
20260325185205,1300,10,0.5282,0.1295
20260325185206,1300,10,0.5282,0.1295
20260325185207,1300,10,0.5282,0.1295
20260325185208,1300,10,0.5282,0.1295
20260325185210,1300,10,0.5282,0.1295
20260325185211,1300,10,0.5282,0.1295
20260325185212,1300,10,0.5282,0.1295
20260325185213,1300,10,0.5282,0.1295
20260325185214,1300,10,0.5282,0.1295
20260325185215,1300,10,0.5282,0.1295
20260325185216,1300,10,0.5282,0.1295
20260325185217,1300,10,0.5282,0.1295
20260325185218,1300,10,0.5282,0.1295
20260325185219,1300,10,0.5282,0.1295
20260325185220,1300,10,0.5282,0.1295
20260325185221,1300,10,0.5282,0.1295
20260325185222,1300,10,0.5282,0.1295
20260325185223,1300,10,0.5282,0.1295
20260325185224,1300,10,0.5282,0.1295
20260325185225,1300,10,0.5282,0.1295
20260325185226,1300,10,0.5282,0.1295
20260325185227,1300,10,0.5282,0.1295
20260325185228,1300,10,0.5282,0.1295
20260325185229,1300,10,0.5282,0.1295
20260325185230,1300,10,0.5282,0.1295
20260325185231,1300,10,0.5282,0.1295
20260325185232,1300,10,0.5282,0.1295
20260325185233,1300,10,0.5282,0.1295
20260325185234,1300,10,0.5282,0.1295
20260325185235,1300,10,0.5282,0.1295
20260325185236,1300,10,0.5282,0.1295
20260325185237,1300,10,0.5282,0.1295
20260325185238,1300,10,0.5282,0.1295
20260325185239,1300,10,0.5282,0.1295
20260325185240,1300,10,0.5282,0.1295
20260325185241,1300,10,0.5283,0.1295
20260325185242,1300,10,0.5283,0.1295
20260325185243,1300,10,0.5283,0.1295
20260325185244,1300,10,0.5283,0.1295
20260325185245,1300,10,0.5283,0.1295
20260325185246,1300,10,0.5283,0.1295
20260325185247,1300,10,0.5283,0.1295
20260325185248,1300,10,0.5283,0.1295
20260325185249,1300,10,0.5283,0.1295
20260325185250,1300,10,0.5283,0.1295
20260325185251,1300,10,0.5283,0.1295
20260325185252,1300,10,0.5283,0.1295
20260325185253,1300,11,0.5283,0.1295
20260325185254,1300,11,0.5283,0.1295
20260325185255,1300,11,0.5283,0.1295
20260325185256,1300,11,0.5283,0.1295
20260325185257,1300,11,0.5283,0.1295
20260325185258,1300,11,0.5283,0.1295
20260325185259,1300,11,0.5283,0.1295
20260325185300,1300,11,0.5283,0.1295
20260325185301,1300,11,0.5283,0.1295
20260325185302,1300,11,0.5283,0.1295
20260325185303,1300,11,0.5283,0.1295
20260325185304,1300,11,0.5283,0.1295
20260325185305,1300,11,0.5283,0.1295
20260325185306,1300,11,0.5283,0.1295
20260325185307,1300,11,0.5283,0.1295
20260325185308,1300,11,0.5283,0.1295
20260325185309,1300,11,0.5283,0.1295
20260325185310,1300,11,0.5283,0.1295
20260325185311,1300,11,0.5283,0.1295
20260325185312,1300,11,0.5283,0.1295
20260325185313,1300,11,0.5283,0.1295
20260325185314,1300,11,0.5283,0.1295
20260325185315,1300,11,0.5283,0.1295
20260325185316,1300,11,0.5283,0.1295
20260325185317,1300,11,0.5283,0.1295
20260325185319,1300,11,0.5283,0.1295
20260325185320,1300,11,0.5283,0.1295
20260325185321,1300,11,0.5283,0.1295
20260325185322,1300,11,0.5283,0.1295
20260325185323,1300,11,0.5283,0.1295
20260325185324,1300,11,0.5283,0.1295
20260325185325,1300,11,0.5283,0.1295
20260325185326,1300,11,0.5283,0.1295
20260325185327,1300,11,0.5283,0.1295
20260325185328,1300,11,0.5283,0.1295
20260325185329,1300,11,0.5283,0.1295
20260325185330,1300,11,0.5283,0.1295
20260325185331,1300,11,0.5283,0.1295
20260325185332,1300,11,0.5283,0.1295
20260325185333,1300,11,0.5283,0.1295
20260325185334,1300,11,0.5283,0.1295
20260325185335,1300,11,0.5283,0.1295
20260325185336,1300,11,0.5283,0.1295
20260325185337,1300,11,0.5283,0.1295
20260325185338,1300,11,0.5283,0.1295
20260325185339,1300,11,0.5283,0.1295
20260325185340,1300,11,0.5283,0.1295
20260325185341,1300,11,0.5283,0.1295
20260325185342,1300,11,0.5283,0.1295
20260325185343,1300,11,0.5283,0.1295
20260325185344,1300,11,0.5283,0.1295
20260325185345,1300,11,0.5283,0.1295
20260325185346,1300,11,0.5283,0.1295
20260325185347,1300,11,0.5283,0.1295
20260325185348,1300,11,0.5283,0.1295
20260325185349,1300,11,0.5283,0.1295
20260325185350,1300,11,0.5283,0.1295
20260325185351,1300,11,0.5283,0.1295
20260325185352,1300,11,0.5283,0.1295
20260325185353,1300,11,0.5283,0.1295
20260325185354,1300,11,0.5283,0.1295
20260325185355,1300,11,0.5283,0.1295
20260325185356,1300,11,0.5283,0.1295
20260325185357,1300,11,0.5283,0.1295
20260325185358,1300,11,0.5283,0.1295
20260325185359,1300,11,0.5283,0.1295
20260325185400,1300,11,0.5283,0.1295
20260325185401,1300,11,0.5283,0.1295
20260325185402,1300,11,0.5283,0.1295
20260325185403,1300,11,0.5283,0.1295
20260325185404,1300,11,0.5283,0.1295
20260325185405,1300,11,0.5283,0.1295
20260325185406,1300,11,0.5283,0.1295
20260325185407,1300,11,0.5283,0.1295
20260325185408,1300,11,0.5283,0.1295
20260325185409,1300,11,0.5283,0.1295
20260325185410,1300,11,0.5283,0.1295
20260325185411,1300,11,0.5283,0.1295
20260325185412,1300,11,0.5283,0.1295
20260325185413,1300,11,0.5283,0.1295
20260325185414,1300,11,0.5283,0.1295
20260325185415,1300,11,0.5283,0.1295
20260325185416,1300,12,0.5283,0.1295
20260325185417,1300,12,0.5283,0.1295
20260325185418,1300,12,0.5283,0.1295
20260325185419,1300,12,0.5283,0.1295
20260325185420,1300,12,0.5283,0.1295
20260325185421,1300,12,0.5283,0.1295
20260325185422,1300,12,0.5283,0.1295
20260325185423,1300,12,0.5283,0.1295
20260325185424,1300,12,0.5283,0.1295
20260325185425,1300,12,0.5283,0.1295
20260325185426,1300,12,0.5283,0.1295
20260325185427,1300,12,0.5283,0.1295
20260325185428,1300,12,0.5283,0.1295
20260325185429,1300,12,0.5283,0.1295
20260325185430,1300,12,0.5283,0.1295
20260325185432,1300,12,0.5283,0.1295
20260325185433,1300,12,0.5283,0.1295
20260325185434,1300,12,0.5283,0.1295
20260325185435,1300,12,0.5283,0.1295
20260325185436,1300,12,0.5283,0.1295
20260325185437,1300,12,0.5283,0.1295
20260325185438,1300,12,0.5283,0.1295
20260325185439,1300,12,0.5283,0.1295
20260325185440,1300,12,0.5283,0.1295
20260325185441,1300,12,0.5283,0.1295
20260325185442,1300,12,0.5283,0.1295
20260325185443,1300,12,0.5283,0.1295
20260325185444,1300,12,0.5283,0.1295
20260325185445,1300,12,0.5283,0.1295
20260325185446,1300,12,0.5283,0.1295
20260325185447,1300,12,0.5283,0.1295
20260325185448,1300,12,0.5283,0.1295
20260325185449,1300,12,0.5283,0.1295
20260325185450,1300,12,0.5283,0.1295
20260325185451,1300,12,0.5283,0.1295
20260325185452,1300,12,0.5283,0.1295
20260325185453,1300,12,0.5283,0.1295
20260325185454,1300,12,0.5283,0.1295
20260325185455,1300,12,0.5283,0.1295
20260325185456,1300,12,0.5283,0.1295
20260325185457,1300,12,0.5283,0.1295
20260325185458,1300,12,0.5283,0.1295
20260325185459,1300,12,0.5283,0.1295
20260325185500,1300,12,0.5283,0.1295
20260325185501,1300,12,0.5283,0.1295
20260325185502,1300,12,0.5283,0.1295
20260325185503,1300,12,0.5283,0.1295
20260325185504,1300,12,0.5283,0.1295
20260325185505,1300,12,0.5283,0.1295
20260325185506,1300,12,0.5283,0.1295
20260325185507,1300,12,0.5283,0.1295
20260325185508,1300,12,0.5283,0.1295
20260325185509,1300,12,0.5283,0.1295
20260325185510,1300,12,0.5283,0.1295
20260325185511,1300,12,0.5283,0.1295
20260325185512,1300,12,0.5283,0.1295
20260325185513,1300,12,0.5283,0.1295
20260325185514,1300,12,0.5283,0.1295
20260325185515,1300,12,0.5283,0.1295
20260325185516,1300,12,0.5283,0.1295
20260325185517,1300,12,0.5283,0.1295
20260325185518,1300,12,0.5283,0.1295
20260325185519,1300,12,0.5283,0.1295
20260325185520,1300,12,0.5283,0.1295
20260325185521,1300,12,0.5283,0.1295
20260325185522,1300,12,0.5283,0.1295
20260325185523,1300,12,0.5283,0.1295
20260325185524,1300,12,0.5283,0.1295
20260325185525,1300,12,0.5283,0.1295
20260325185526,1300,12,0.5283,0.1295
20260325185527,1300,12,0.5283,0.1295
20260325185528,1300,12,0.5283,0.1295
20260325185529,1300,12,0.5283,0.1295
20260325185530,1300,12,0.5283,0.1295
20260325185531,1300,12,0.5283,0.1295
20260325185532,1300,12,0.5283,0.1295
20260325185533,1300,12,0.5283,0.1295
20260325185534,1300,12,0.5283,0.1295
20260325185535,1300,12,0.5283,0.1295
20260325185536,1300,12,0.5283,0.1295
20260325185537,1300,12,0.5283,0.1295
20260325185538,1300,12,0.5283,0.1295
20260325185540,1300,13,0.5283,0.1295
20260325185541,1300,13,0.5283,0.1295
20260325185542,1300,13,0.5283,0.1295
20260325185543,1300,13,0.5283,0.1295
20260325185544,1300,13,0.5283,0.1295
20260325185545,1300,13,0.5283,0.1295
20260325185546,1300,13,0.5283,0.1295
20260325185547,1300,13,0.5283,0.1295
20260325185548,1300,13,0.5283,0.1295
20260325185549,1300,13,0.5283,0.1295
20260325185550,1300,13,0.5283,0.1295
20260325185551,1300,13,0.5283,0.1295
20260325185552,1300,13,0.5283,0.1295
20260325185553,1300,13,0.5283,0.1295
20260325185554,1300,13,0.5283,0.1295
20260325185555,1300,13,0.5283,0.1295
20260325185556,1300,13,0.5283,0.1295
20260325185557,1300,13,0.5283,0.1295
20260325185558,1300,13,0.5283,0.1295
20260325185559,1300,13,0.5283,0.1295
20260325185600,1300,13,0.5283,0.1295
20260325185601,1300,13,0.5283,0.1295
20260325185602,1300,13,0.5283,0.1295
20260325185603,1300,13,0.5283,0.1295
20260325185604,1300,13,0.5283,0.1295
20260325185605,1300,13,0.5283,0.1295
20260325185606,1300,13,0.5283,0.1295
20260325185607,1300,13,0.5283,0.1295
20260325185608,1300,13,0.5283,0.1295
20260325185609,1300,13,0.5283,0.1295
20260325185610,1300,13,0.5283,0.1295
20260325185611,1300,13,0.5283,0.1295
20260325185612,1300,13,0.5283,0.1295
20260325185613,1300,13,0.5283,0.1295
20260325185614,1300,13,0.5283,0.1295
20260325185615,1300,13,0.5283,0.1295
20260325185616,1300,13,0.5283,0.1295
20260325185617,1300,13,0.5283,0.1295
20260325185618,1300,13,0.5283,0.1295
20260325185619,1300,13,0.5283,0.1295
20260325185620,1300,13,0.5283,0.1295
20260325185621,1300,13,0.5283,0.1295
20260325185622,1300,13,0.5283,0.1295
20260325185623,1300,13,0.5283,0.1295
20260325185624,1300,13,0.5283,0.1295
20260325185625,1300,13,0.5283,0.1295
20260325185626,1300,13,0.5283,0.1295
20260325185627,1300,13,0.5283,0.1295
20260325185628,1300,13,0.5283,0.1295
20260325185629,1300,13,0.5283,0.1295
20260325185630,1300,13,0.5283,0.1295
20260325185631,1300,13,0.5283,0.1295
20260325185632,1300,13,0.5283,0.1295
20260325185633,1300,13,0.5283,0.1295
20260325185634,1300,13,0.5283,0.1295
20260325185635,1300,13,0.5283,0.1295
20260325185636,1300,13,0.5283,0.1295
20260325185637,1300,13,0.5283,0.1295
20260325185638,1300,13,0.5283,0.1295
20260325185639,1300,13,0.5283,0.1295
20260325185640,1300,13,0.5283,0.1295
20260325185641,1300,13,0.5283,0.1295
20260325185642,1300,13,0.5283,0.1295
20260325185643,1300,13,0.5283,0.1295
20260325185644,1300,13,0.5283,0.1295
20260325185645,1300,13,0.5283,0.1295
20260325185646,1300,13,0.5283,0.1295
20260325185647,1300,13,0.5283,0.1295
20260325185648,1300,13,0.5283,0.1295
20260325185649,1300,13,0.5283,0.1295
20260325185650,1300,13,0.5283,0.1295
20260325185651,1300,13,0.5283,0.1295
20260325185652,1300,13,0.5283,0.1295
20260325185653,1300,13,0.5283,0.1295
20260325185655,1300,13,0.5283,0.1295
20260325185656,1300,13,0.5283,0.1295
20260325185657,1300,13,0.5283,0.1295
20260325185658,1300,13,0.5283,0.1295
20260325185659,1300,13,0.5283,0.1295
20260325185700,1300,13,0.5283,0.1295
20260325185701,1300,13,0.5283,0.1295
20260325185702,1300,13,0.5283,0.1295
20260325185703,1300,14,0.5283,0.1295
20260325185704,1300,14,0.5283,0.1295
20260325185705,1300,14,0.5283,0.1295
20260325185706,1300,14,0.5283,0.1295
20260325185707,1300,14,0.5283,0.1295
20260325185708,1300,14,0.5283,0.1295
20260325185709,1300,14,0.5283,0.1295
20260325185710,1300,14,0.5283,0.1295
20260325185711,1300,14,0.5283,0.1295
20260325185712,1300,14,0.5283,0.1295
20260325185713,1300,14,0.5283,0.1295
20260325185714,1300,14,0.5283,0.1295
20260325185715,1300,14,0.5283,0.1295
20260325185716,1300,14,0.5283,0.1295
20260325185717,1300,14,0.5283,0.1295
20260325185718,1300,14,0.5283,0.1295
20260325185719,1300,14,0.5283,0.1295
20260325185720,1300,14,0.5283,0.1295
20260325185721,1300,14,0.5283,0.1295
20260325185722,1300,14,0.5283,0.1295
20260325185723,1300,14,0.5283,0.1295
20260325185724,1300,14,0.5283,0.1295
20260325185725,1300,14,0.5283,0.1295
20260325185726,1300,14,0.5283,0.1295
20260325185727,1300,14,0.5283,0.1295
20260325185728,1300,14,0.5283,0.1295
20260325185729,1300,14,0.5283,0.1295
20260325185730,1300,14,0.5283,0.1295
20260325185731,1300,14,0.5283,0.1295
20260325185732,1300,14,0.5283,0.1295
20260325185733,1300,14,0.5283,0.1295
20260325185734,1300,14,0.5283,0.1295
20260325185735,1300,14,0.5283,0.1295
20260325185736,1300,14,0.5283,0.1295
20260325185737,1300,14,0.5283,0.1295
20260325185738,1300,14,0.5283,0.1295
20260325185739,1300,14,0.5283,0.1295
20260325185740,1300,14,0.5283,0.1295
20260325185741,1300,14,0.5283,0.1295
20260325185742,1300,14,0.5283,0.1295
20260325185743,1300,14,0.5283,0.1295
20260325185744,1300,14,0.5283,0.1295
20260325185745,1300,14,0.5283,0.1295
20260325185746,1300,14,0.5283,0.1295
20260325185747,1300,14,0.5283,0.1295
20260325185748,1300,14,0.5283,0.1295
20260325185749,1300,14,0.5283,0.1295
20260325185750,1300,14,0.5283,0.1295
20260325185751,1300,14,0.5283,0.1295
20260325185752,1300,14,0.5283,0.1295
20260325185753,1300,14,0.5283,0.1295
20260325185754,1300,14,0.5283,0.1295
20260325185755,1300,14,0.5283,0.1295
20260325185756,1300,14,0.5283,0.1295
20260325185757,1300,14,0.5283,0.1295
20260325185758,1300,14,0.5283,0.1295
20260325185759,1300,14,0.5283,0.1295
20260325185800,1300,14,0.5283,0.1295
20260325185801,1300,14,0.5283,0.1295
20260325185802,1300,14,0.5283,0.1295
20260325185803,1300,14,0.5283,0.1295
20260325185804,1300,14,0.5283,0.1295
20260325185805,1300,14,0.5283,0.1295
20260325185806,1300,14,0.5283,0.1295
20260325185807,1300,14,0.5283,0.1295
20260325185809,1300,14,0.5283,0.1295
20260325185810,1300,14,0.5283,0.1295
20260325185811,1300,14,0.5283,0.1295
20260325185812,1300,14,0.5283,0.1295
20260325185813,1300,14,0.5283,0.1295
20260325185814,1300,14,0.5283,0.1295
20260325185815,1300,14,0.5283,0.1295
20260325185816,1300,14,0.5283,0.1295
20260325185817,1300,14,0.5283,0.1295
20260325185818,1300,14,0.5283,0.1295
20260325185819,1300,14,0.5283,0.1295
20260325185820,1300,14,0.5283,0.1295
20260325185821,1300,14,0.5283,0.1295
20260325185822,1300,14,0.5283,0.1295
20260325185823,1300,14,0.5283,0.1295
20260325185824,1300,14,0.5283,0.1295
20260325185825,1300,15,0.5283,0.1295
20260325185826,1300,15,0.5283,0.1295
20260325185827,1300,15,0.5283,0.1295
20260325185828,1300,15,0.5283,0.1295
20260325185829,1300,15,0.5283,0.1295
20260325185830,1300,15,0.5283,0.1295
20260325185831,1300,15,0.5283,0.1295
20260325185832,1300,15,0.5283,0.1295
20260325185833,1300,15,0.5283,0.1295
20260325185834,1300,15,0.5283,0.1295
20260325185835,1300,15,0.5283,0.1295
20260325185836,1300,15,0.5283,0.1295
20260325185837,1300,15,0.5283,0.1295
20260325185838,1300,15,0.5283,0.1295
20260325185839,1300,15,0.5283,0.1295
20260325185840,1300,15,0.5283,0.1295
20260325185841,1300,15,0.5283,0.1295
20260325185842,1300,15,0.5283,0.1295
20260325185843,1300,15,0.5283,0.1295
20260325185844,1300,15,0.5283,0.1295
20260325185845,1300,15,0.5283,0.1295
20260325185846,1300,15,0.5283,0.1295
20260325185847,1300,15,0.5283,0.1295
20260325185848,1300,15,0.5283,0.1295
20260325185849,1300,15,0.5283,0.1295
20260325185850,1300,15,0.5283,0.1295
20260325185851,1300,15,0.5283,0.1295
20260325185852,1300,15,0.5283,0.1295
20260325185853,1300,15,0.5283,0.1295
20260325185854,1300,15,0.5283,0.1295
20260325185855,1300,15,0.5283,0.1295
20260325185856,1300,15,0.5283,0.1295
20260325185857,1300,15,0.5283,0.1295
20260325185858,1300,15,0.5283,0.1295
20260325185859,1300,15,0.5283,0.1295
20260325185900,1300,15,0.5283,0.1295
20260325185901,1300,15,0.5283,0.1295
20260325185902,1300,15,0.5283,0.1295
20260325185903,1300,15,0.5283,0.1295
20260325185904,1300,15,0.5283,0.1295
20260325185905,1300,15,0.5283,0.1295
20260325185906,1300,15,0.5283,0.1295
20260325185907,1300,15,0.5283,0.1295
20260325185908,1300,15,0.5283,0.1295
20260325185909,1300,15,0.5283,0.1295
20260325185910,1300,15,0.5283,0.1295
20260325185911,1300,15,0.5283,0.1295
20260325185912,1300,15,0.5283,0.1295
20260325185913,1300,15,0.5283,0.1295
20260325185914,1300,15,0.5283,0.1295
20260325185915,1300,15,0.5283,0.1295
20260325185916,1300,15,0.5283,0.1295
20260325185917,1300,15,0.5283,0.1295
20260325185918,1300,15,0.5283,0.1295
20260325185919,1300,15,0.5283,0.1295
20260325185920,1300,15,0.5283,0.1295
20260325185921,1300,15,0.5283,0.1295
20260325185922,1300,15,0.5283,0.1295
20260325185923,1300,15,0.5283,0.1295
20260325185924,1300,15,0.5283,0.1295
20260325185925,1300,15,0.5283,0.1295
20260325185926,1300,15,0.5283,0.1295
20260325185927,1300,15,0.5283,0.1295
20260325185928,1300,15,0.5283,0.1295
20260325185929,1300,15,0.5283,0.1295
20260325185930,1300,15,0.5283,0.1295
20260325185932,1300,15,0.5283,0.1295
20260325185933,1300,15,0.5283,0.1295
20260325185934,1300,15,0.5283,0.1295
20260325185935,1300,15,0.5283,0.1295
20260325185936,1300,15,0.5283,0.1295
20260325185937,1300,15,0.5283,0.1295
20260325185938,1300,15,0.5283,0.1295
20260325185939,1300,15,0.5283,0.1295
20260325185940,1300,15,0.5283,0.1295
20260325185941,1300,15,0.5283,0.1295
20260325185942,1300,15,0.5283,0.1295
20260325185943,1300,15,0.5283,0.1295
20260325185944,1300,15,0.5283,0.1295
20260325185945,1300,16,0.5283,0.1295
20260325185946,1300,16,0.5283,0.1295
20260325185947,1300,16,0.5283,0.1295
20260325185948,1300,16,0.5283,0.1295
20260325185949,1300,16,0.5283,0.1295
20260325185950,1300,16,0.5283,0.1295
20260325185951,1300,16,0.5283,0.1295
20260325185952,1300,16,0.5283,0.1295
20260325185953,1300,16,0.5283,0.1295
20260325185954,1300,16,0.5283,0.1295
20260325185955,1300,16,0.5283,0.1295
20260325185956,1300,16,0.5283,0.1295
20260325185957,1300,16,0.5283,0.1295
20260325185958,1300,16,0.5283,0.1295
20260325185959,1300,16,0.5283,0.1295
20260325190000,1300,16,0.5283,0.1295
20260325190001,1300,16,0.5283,0.1295
20260325190002,1300,16,0.5283,0.1295
20260325190003,1300,16,0.5283,0.1295
20260325190004,1300,16,0.5283,0.1295
20260325190005,1300,16,0.5283,0.1295
20260325190006,1300,16,0.5283,0.1295
20260325190007,1300,16,0.5283,0.1295
20260325190008,1300,16,0.5283,0.1295
20260325190009,1300,16,0.5283,0.1295
20260325190010,1300,16,0.5283,0.1295
20260325190011,1300,16,0.5283,0.1295
20260325190012,1300,16,0.5283,0.1295
20260325190013,1300,16,0.5283,0.1295
20260325190014,1300,16,0.5283,0.1295
20260325190015,1300,16,0.5283,0.1295
20260325190016,1300,16,0.5283,0.1295
20260325190017,1300,16,0.5283,0.1295
20260325190018,1300,16,0.5283,0.1295
20260325190019,1300,16,0.5283,0.1295
20260325190020,1300,16,0.5283,0.1295
20260325190021,1300,16,0.5283,0.1295
20260325190022,1300,16,0.5283,0.1295
20260325190023,1300,16,0.5283,0.1295
20260325190024,1300,16,0.5283,0.1295
20260325190025,1300,16,0.5283,0.1295
20260325190026,1300,16,0.5283,0.1295
20260325190027,1300,16,0.5283,0.1295
20260325190028,1300,16,0.5283,0.1295
20260325190029,1300,16,0.5283,0.1295
20260325190030,1300,16,0.5283,0.1295
20260325190031,1300,16,0.5283,0.1295
20260325190032,1300,16,0.5283,0.1295
20260325190033,1300,16,0.5283,0.1295
20260325190034,1300,16,0.5283,0.1295
20260325190035,1300,16,0.5283,0.1295
20260325190036,1300,16,0.5283,0.1295
20260325190037,1300,16,0.5283,0.1295
20260325190038,1300,16,0.5283,0.1295
20260325190039,1300,16,0.5283,0.1295
20260325190040,1300,16,0.5283,0.1295
20260325190041,1300,16,0.5283,0.1295
20260325190042,1300,16,0.5283,0.1295
20260325190043,1300,16,0.5283,0.1295
20260325190044,1300,16,0.5283,0.1295
20260325190045,1300,16,0.5283,0.1295
20260325190046,1300,16,0.5283,0.1295
20260325190047,1300,16,0.5283,0.1295
20260325190048,1300,16,0.5283,0.1295
20260325190049,1300,16,0.5283,0.1295
20260325190050,1300,16,0.5283,0.1295
20260325190051,1300,16,0.5283,0.1295
20260325190053,1300,16,0.5283,0.1295
20260325190054,1300,16,0.5283,0.1295
20260325190055,1300,16,0.5283,0.1295
20260325190056,1300,16,0.5283,0.1295
20260325190057,1300,16,0.5283,0.1295
20260325190058,1300,16,0.5283,0.1295
20260325190059,1300,16,0.5283,0.1295
20260325190100,1300,16,0.5283,0.1295
20260325190101,1300,16,0.5283,0.1295
20260325190102,1300,16,0.5283,0.1295
20260325190103,1300,16,0.5283,0.1295
20260325190104,1300,16,0.5283,0.1295
20260325190105,1300,16,0.5283,0.1295
20260325190106,1300,17,0.5283,0.1295
20260325190107,1300,17,0.5283,0.1295
20260325190108,1300,17,0.5283,0.1295
20260325190109,1300,17,0.5283,0.1295
20260325190110,1300,17,0.5283,0.1295
20260325190111,1300,17,0.5283,0.1295
20260325190112,1300,17,0.5283,0.1295
20260325190113,1300,17,0.5283,0.1295
20260325190114,1300,17,0.5283,0.1295
20260325190115,1300,17,0.5283,0.1295
20260325190116,1300,17,0.5283,0.1295
20260325190117,1300,17,0.5283,0.1295
20260325190118,1300,17,0.5283,0.1295
20260325190119,1300,17,0.5283,0.1295
20260325190120,1300,17,0.5283,0.1295
20260325190121,1300,17,0.5283,0.1295
20260325190122,1300,17,0.5283,0.1295
20260325190123,1300,17,0.5283,0.1295
20260325190124,1300,17,0.5283,0.1295
20260325190125,1300,17,0.5283,0.1295
20260325190126,1300,17,0.5283,0.1295
20260325190127,1300,17,0.5283,0.1295
20260325190128,1300,17,0.5283,0.1295
20260325190129,1300,17,0.5283,0.1295
20260325190130,1300,17,0.5283,0.1295
20260325190131,1300,17,0.5283,0.1295
20260325190132,1300,17,0.5283,0.1295
20260325190133,1300,17,0.5283,0.1295
20260325190134,1300,17,0.5283,0.1295
20260325190135,1300,17,0.5283,0.1295
20260325190136,1300,17,0.5283,0.1295
20260325190137,1300,17,0.5283,0.1295
20260325190138,1300,17,0.5283,0.1295
20260325190139,1300,17,0.5283,0.1295
20260325190140,1300,17,0.5283,0.1295
20260325190141,1300,17,0.5283,0.1295
20260325190142,1300,17,0.5283,0.1295
20260325190143,1300,17,0.5283,0.1295
20260325190144,1300,17,0.5283,0.1295
20260325190145,1300,17,0.5283,0.1295
20260325190146,1300,17,0.5283,0.1295
20260325190147,1300,17,0.5283,0.1295
20260325190148,1300,17,0.5283,0.1295
20260325190149,1300,17,0.5283,0.1295
20260325190150,1300,17,0.5283,0.1295
20260325190151,1300,17,0.5283,0.1295
20260325190152,1300,17,0.5283,0.1295
20260325190153,1300,17,0.5283,0.1295
20260325190154,1300,17,0.5283,0.1295
20260325190155,1300,17,0.5283,0.1295
20260325190156,1300,17,0.5283,0.1295
20260325190157,1300,17,0.5283,0.1295
20260325190158,1300,17,0.5283,0.1295
20260325190159,1300,17,0.5283,0.1295
20260325190200,1300,17,0.5283,0.1295
20260325190201,1300,17,0.5283,0.1295
20260325190203,1300,17,0.5283,0.1295
20260325190204,1300,17,0.5283,0.1295
20260325190205,1300,17,0.5283,0.1295
20260325190206,1300,17,0.5283,0.1295
20260325190207,1300,17,0.5283,0.1295
20260325190208,1300,17,0.5283,0.1295
20260325190209,1300,17,0.5283,0.1295
20260325190210,1300,17,0.5283,0.1295
20260325190211,1300,17,0.5283,0.1295
20260325190212,1300,17,0.5283,0.1295
20260325190213,1300,17,0.5283,0.1295
20260325190214,1300,17,0.5283,0.1295
20260325190215,1300,17,0.5283,0.1295
20260325190216,1300,17,0.5283,0.1295
20260325190217,1300,17,0.5283,0.1295
20260325190218,1300,17,0.5283,0.1295
20260325190219,1300,17,0.5283,0.1295
20260325190220,1300,17,0.5283,0.1295
20260325190221,1300,17,0.5283,0.1295
20260325190222,1300,17,0.5283,0.1295
20260325190223,1300,17,0.5283,0.1295
20260325190224,1300,17,0.5283,0.1295
20260325190225,1300,17,0.5283,0.1295
20260325190226,1300,17,0.5283,0.1295
20260325190227,1300,17,0.5283,0.1295
20260325190228,1300,17,0.5283,0.1295
20260325190229,1300,18,0.5283,0.1295
20260325190230,1300,18,0.5283,0.1295
20260325190231,1300,18,0.5283,0.1295
20260325190232,1300,18,0.5283,0.1295
20260325190233,1300,18,0.5283,0.1295
20260325190234,1300,18,0.5283,0.1295
20260325190235,1300,18,0.5283,0.1295
20260325190236,1300,18,0.5283,0.1295
20260325190237,1300,18,0.5283,0.1295
20260325190238,1300,18,0.5283,0.1295
20260325190239,1300,18,0.5283,0.1295
20260325190240,1300,18,0.5283,0.1295
20260325190241,1300,18,0.5283,0.1295
20260325190242,1300,18,0.5283,0.1295
20260325190243,1300,18,0.5283,0.1295
20260325190244,1300,18,0.5283,0.1295
20260325190245,1300,18,0.5283,0.1295
20260325190246,1300,18,0.5283,0.1295
20260325190247,1300,18,0.5283,0.1295
20260325190248,1300,18,0.5283,0.1295
20260325190249,1300,18,0.5283,0.1295
20260325190250,1300,18,0.5283,0.1295
20260325190251,1300,18,0.5283,0.1295
20260325190252,1300,18,0.5283,0.1295
20260325190253,1300,18,0.5283,0.1295
20260325190254,1300,18,0.5283,0.1295
20260325190255,1300,18,0.5283,0.1295
20260325190256,1300,18,0.5283,0.1295
20260325190257,1300,18,0.5283,0.1295
20260325190258,1300,18,0.5283,0.1295
20260325190259,1300,18,0.5283,0.1295
20260325190300,1300,18,0.5283,0.1295
20260325190301,1300,18,0.5283,0.1295
20260325190302,1300,18,0.5283,0.1295
20260325190303,1300,18,0.5283,0.1295
20260325190304,1300,18,0.5283,0.1295
20260325190305,1300,18,0.5283,0.1295
20260325190306,1300,18,0.5283,0.1295
20260325190307,1300,18,0.5283,0.1295
20260325190308,1300,18,0.5283,0.1295
20260325190310,1300,18,0.5283,0.1295
20260325190311,1300,18,0.5283,0.1295
20260325190312,1300,18,0.5283,0.1295
20260325190313,1300,18,0.5283,0.1295
20260325190314,1300,18,0.5283,0.1295
20260325190315,1300,18,0.5283,0.1295
20260325190316,1300,18,0.5283,0.1295
20260325190317,1300,18,0.5283,0.1295
20260325190318,1300,18,0.5283,0.1295
20260325190319,1300,18,0.5283,0.1295
20260325190320,1300,18,0.5283,0.1295
20260325190321,1300,18,0.5283,0.1295
20260325190322,1300,18,0.5283,0.1295
20260325190323,1300,18,0.5283,0.1295
20260325190324,1300,18,0.5283,0.1295
20260325190325,1300,18,0.5283,0.1295
20260325190326,1300,18,0.5283,0.1295
20260325190327,1300,18,0.5283,0.1295
20260325190328,1300,18,0.5283,0.1295
20260325190329,1300,18,0.5283,0.1295
20260325190330,1300,18,0.5283,0.1295
20260325190331,1300,18,0.5283,0.1295
20260325190332,1300,18,0.5283,0.1295
20260325190333,1300,18,0.5283,0.1295
20260325190334,1300,18,0.5283,0.1295
20260325190335,1300,18,0.5283,0.1295
20260325190336,1300,18,0.5283,0.1295
20260325190337,1300,18,0.5283,0.1295
20260325190338,1300,18,0.5283,0.1295
20260325190339,1300,18,0.5283,0.1295
20260325190340,1300,18,0.5283,0.1295
20260325190341,1300,18,0.5283,0.1295
20260325190342,1300,18,0.5283,0.1295
20260325190343,1300,18,0.5283,0.1295
20260325190344,1300,18,0.5283,0.1295
20260325190345,1300,18,0.5283,0.1295
20260325190346,1300,18,0.5283,0.1295
20260325190347,1300,18,0.5283,0.1295
20260325190348,1300,18,0.5283,0.1295
20260325190349,1300,18,0.5283,0.1295
20260325190350,1300,18,0.5283,0.1295
20260325190351,1300,19,0.5283,0.1295
20260325190352,1300,19,0.5283,0.1295
20260325190353,1300,19,0.5283,0.1295
20260325190354,1300,19,0.5283,0.1295
20260325190355,1300,19,0.5283,0.1295
20260325190356,1300,19,0.5283,0.1295
20260325190357,1300,19,0.5283,0.1295
20260325190358,1300,19,0.5283,0.1295
20260325190359,1300,19,0.5283,0.1295
20260325190400,1300,19,0.5283,0.1295
20260325190401,1300,19,0.5283,0.1295
20260325190402,1300,19,0.5283,0.1295
20260325190403,1300,19,0.5283,0.1295
20260325190404,1300,19,0.5283,0.1295
20260325190405,1300,19,0.5283,0.1295
20260325190406,1300,19,0.5283,0.1295
20260325190407,1300,19,0.5283,0.1295
20260325190408,1300,19,0.5283,0.1295
20260325190409,1300,19,0.5283,0.1295
20260325190410,1300,19,0.5283,0.1295
20260325190411,1300,19,0.5283,0.1295
20260325190412,1300,19,0.5283,0.1295
20260325190413,1300,19,0.5283,0.1295
20260325190415,1300,19,0.5283,0.1295
20260325190416,1300,19,0.5283,0.1295
20260325190417,1300,19,0.5283,0.1295
20260325190418,1300,19,0.5283,0.1295
20260325190419,1300,19,0.5283,0.1295
20260325190420,1300,19,0.5283,0.1295
20260325190421,1300,19,0.5283,0.1295
20260325190422,1300,19,0.5283,0.1295
20260325190423,1300,19,0.5283,0.1295
20260325190424,1300,19,0.5283,0.1295
20260325190425,1300,19,0.5283,0.1295
20260325190426,1300,19,0.5283,0.1295
20260325190427,1300,19,0.5283,0.1295
20260325190428,1300,19,0.5283,0.1295
20260325190429,1300,19,0.5283,0.1295
20260325190430,1300,19,0.5283,0.1295
20260325190431,1300,19,0.5283,0.1295
20260325190432,1300,19,0.5283,0.1295
20260325190433,1300,19,0.5283,0.1295
20260325190434,1300,19,0.5283,0.1295
20260325190435,1300,19,0.5283,0.1295
20260325190436,1300,19,0.5283,0.1295
20260325190437,1300,19,0.5283,0.1295
20260325190438,1300,19,0.5283,0.1295
20260325190439,1300,19,0.5283,0.1295
20260325190440,1300,19,0.5283,0.1295
20260325190441,1300,19,0.5283,0.1295
20260325190442,1300,19,0.5283,0.1295
20260325190443,1300,19,0.5283,0.1295
20260325190444,1300,19,0.5283,0.1295
20260325190445,1300,19,0.5283,0.1295
20260325190446,1300,19,0.5283,0.1295
20260325190447,1300,19,0.5283,0.1295
20260325190448,1300,19,0.5283,0.1295
20260325190449,1300,19,0.5283,0.1295
20260325190450,1300,19,0.5283,0.1295
20260325190451,1300,19,0.5283,0.1295
20260325190452,1300,19,0.5283,0.1295
20260325190453,1300,19,0.5283,0.1295
20260325190454,1300,19,0.5283,0.1295
20260325190455,1300,19,0.5283,0.1295
20260325190456,1300,19,0.5283,0.1295
20260325190457,1300,19,0.5283,0.1295
20260325190458,1300,19,0.5283,0.1295
20260325190459,1300,19,0.5283,0.1295
20260325190500,1300,19,0.5283,0.1295
20260325190501,1300,19,0.5283,0.1295
20260325190502,1300,19,0.5283,0.1295
20260325190503,1300,19,0.5283,0.1295
20260325190504,1300,19,0.5283,0.1295
20260325190505,1300,19,0.5283,0.1295
20260325190506,1300,19,0.5283,0.1295
20260325190507,1300,19,0.5283,0.1295
20260325190508,1300,19,0.5283,0.1295
20260325190509,1300,19,0.5283,0.1295
20260325190510,1300,19,0.5283,0.1295
20260325190511,1300,19,0.5283,0.1295
20260325190512,1300,19,0.5283,0.1295
20260325190513,1300,19,0.5283,0.1295
20260325190515,1300,19,0.5283,0.1295
20260325190516,1300,19,0.5283,0.1295
20260325190517,1300,19,0.5283,0.1295
20260325190518,1300,19,0.5283,0.1295
20260325190519,1300,19,0.5283,0.1295
20260325190520,1300,19,0.5283,0.1295
20260325190521,1300,19,0.5283,0.1295
20260325190522,1300,19,0.5283,0.1295
20260325190523,1300,19,0.5283,0.1295
20260325190524,1300,19,0.5283,0.1295
20260325190525,1300,19,0.5283,0.1295
20260325190526,1300,19,0.5283,0.1295
20260325190527,1300,19,0.5283,0.1295
20260325190528,1300,19,0.5283,0.1295
20260325190529,1300,19,0.5283,0.1295
20260325190530,1300,19,0.5283,0.1295
20260325190531,1600,19,0.5283,0.1295
20260325190532,1600,19,0.5283,0.1295
20260325190533,1600,19,0.5283,0.1295
20260325190534,1600,19,0.5283,0.1295
20260325190535,1600,19,0.5283,0.1295
20260325190536,1600,19,0.5283,0.1295
20260325190537,1600,19,0.5283,0.1295
20260325190538,1600,19,0.5283,0.1295
20260325190539,1600,19,0.5283,0.1295
20260325190540,1600,19,0.5283,0.1295
20260325190541,1600,19,0.5283,0.1295
20260325190542,1600,19,0.5283,0.1295
20260325190543,1600,19,0.5283,0.1295
20260325190544,1600,19,0.5283,0.1295
20260325190545,1600,19,0.5283,0.1295
20260325190546,1600,19,0.5283,0.1295
20260325190547,1600,19,0.5283,0.1295
20260325190548,1600,19,0.5283,0.1295
20260325190549,1600,19,0.5283,0.1295
20260325190550,1600,19,0.5283,0.1295
20260325190551,1600,19,0.5283,0.1295
20260325190552,1600,19,0.5283,0.1295
20260325190553,1600,19,0.5283,0.1295
20260325190554,1600,19,0.5283,0.1295
20260325190555,1600,19,0.5283,0.1295
20260325190556,1600,19,0.5283,0.1295
20260325190557,1600,19,0.5283,0.1295
20260325190558,1600,19,0.5283,0.1295
20260325190559,1600,19,0.5283,0.1295
20260325190600,1600,19,0.5283,0.1295
20260325190601,1600,19,0.5283,0.1295
20260325190602,1600,19,0.5283,0.1295
20260325190603,1600,19,0.5283,0.1295
20260325190604,1600,19,0.5283,0.1295
20260325190605,1600,19,0.5283,0.1295
20260325190606,1600,19,0.5283,0.1295
20260325190607,1600,19,0.5283,0.1295
20260325190608,1600,19,0.5283,0.1295
20260325190609,1600,19,0.5283,0.1295
20260325190610,1600,19,0.5283,0.1295
20260325190611,1600,19,0.5283,0.1295
20260325190612,1600,19,0.5283,0.1295
20260325190613,1600,19,0.5283,0.1295
20260325190614,1600,19,0.5283,0.1295
20260325190615,1600,19,0.5283,0.1295
20260325190616,1600,19,0.5283,0.1295
20260325190617,1600,19,0.5283,0.1295
20260325190618,1600,19,0.5283,0.1295
20260325190619,1600,19,0.5283,0.1295
20260325190620,1600,19,0.5283,0.1295
20260325190621,1600,19,0.5283,0.1295
20260325190622,1600,19,0.5283,0.1295
20260325190623,1600,19,0.5283,0.1295
20260325190624,1600,19,0.5283,0.1295
20260325190625,1600,20,0.5283,0.1295
20260325190626,1600,20,0.5283,0.1295
20260325190627,1600,20,0.5283,0.1295
20260325190628,1600,20,0.5283,0.1295
20260325190629,1600,20,0.5283,0.1295
20260325190630,1600,20,0.5283,0.1295
20260325190631,1600,20,0.5283,0.1295
20260325190632,1600,20,0.5283,0.1295
20260325190633,1600,20,0.5283,0.1295
20260325190634,1600,20,0.5283,0.1295
20260325190635,1600,20,0.5283,0.1295
20260325190636,1600,20,0.5283,0.1295
20260325190637,1600,20,0.5283,0.1295
20260325190638,1600,20,0.5283,0.1295
20260325190639,1600,20,0.5283,0.1295
20260325190640,1600,20,0.5283,0.1295
20260325190641,1600,20,0.5283,0.1295
20260325190643,1600,20,0.5283,0.1295
20260325190644,1600,20,0.5283,0.1295
20260325190645,1600,20,0.5283,0.1295
20260325190646,1600,20,0.5283,0.1295
20260325190647,1600,20,0.5283,0.1295
20260325190648,1600,20,0.5283,0.1295
20260325190649,1600,20,0.5283,0.1295
20260325190650,1600,20,0.5283,0.1295
20260325190651,1600,20,0.5283,0.1295
20260325190652,1600,20,0.5283,0.1295
20260325190653,1600,20,0.5283,0.1295
20260325190654,1600,20,0.5283,0.1295
20260325190655,1600,20,0.5283,0.1295
20260325190656,1600,20,0.5283,0.1295
20260325190657,1600,20,0.5283,0.1295
20260325190658,1600,20,0.5283,0.1295
20260325190659,1600,20,0.5283,0.1295
20260325190700,1600,20,0.5283,0.1295
20260325190701,1600,20,0.5283,0.1295
20260325190702,1600,20,0.5283,0.1295
20260325190703,1600,20,0.5283,0.1295
20260325190704,1600,20,0.5283,0.1295
20260325190705,1600,20,0.5283,0.1295
20260325190706,1600,20,0.5283,0.1295
20260325190707,1600,20,0.5283,0.1295
20260325190708,1600,20,0.5283,0.1295
20260325190709,1600,20,0.5283,0.1295
20260325190710,1600,20,0.5283,0.1295
20260325190711,1600,20,0.5283,0.1295
20260325190712,1600,20,0.5283,0.1295
20260325190713,1600,20,0.5283,0.1295
20260325190714,1600,20,0.5283,0.1295
20260325190715,1600,20,0.5283,0.1295
20260325190716,1600,20,0.5283,0.1295
20260325190717,1600,20,0.5283,0.1294
20260325190718,1600,20,0.5283,0.1294
20260325190719,1600,20,0.5283,0.1294
20260325190720,1600,20,0.5283,0.1294
20260325190721,1600,20,0.5283,0.1294
20260325190722,1600,20,0.5283,0.1294
20260325190723,1600,20,0.5283,0.1294
20260325190724,1600,20,0.5283,0.1294
20260325190725,1600,20,0.5283,0.1294
20260325190726,1600,20,0.5283,0.1294
20260325190727,1600,20,0.5283,0.1294
20260325190728,1600,20,0.5283,0.1294
20260325190729,1600,20,0.5283,0.1294
20260325190730,1600,20,0.5283,0.1294
20260325190731,1600,20,0.5283,0.1294
20260325190732,1600,20,0.5283,0.1294
20260325190733,1600,20,0.5283,0.1294
20260325190734,1600,20,0.5283,0.1294
20260325190735,1600,20,0.5283,0.1294
20260325190736,1600,20,0.5283,0.1294
20260325190737,1600,20,0.5283,0.1294
20260325190738,1600,20,0.5283,0.1294
20260325190739,1600,20,0.5283,0.1294
20260325190740,1600,21,0.5283,0.1294
20260325190741,1600,21,0.5283,0.1294
20260325190742,1600,21,0.5283,0.1294
20260325190743,1600,21,0.5283,0.1294
20260325190744,1600,21,0.5283,0.1294
20260325190745,1600,21,0.5283,0.1294
20260325190746,1600,21,0.5283,0.1294
20260325190747,1600,21,0.5283,0.1294
20260325190748,1600,21,0.5283,0.1294
20260325190749,1600,21,0.5283,0.1294
20260325190750,1600,21,0.5283,0.1294
20260325190751,1600,21,0.5283,0.1294
20260325190752,1600,21,0.5283,0.1294
20260325190753,1600,21,0.5283,0.1294
20260325190754,1600,21,0.5283,0.1294
20260325190755,1600,21,0.5283,0.1294
20260325190756,1600,21,0.5283,0.1294
20260325190757,1600,21,0.5283,0.1294
20260325190758,1600,21,0.5283,0.1294
20260325190759,1600,21,0.5283,0.1294
20260325190800,1600,21,0.5283,0.1294
20260325190801,1600,21,0.5283,0.1294
20260325190802,1600,21,0.5283,0.1294
20260325190803,1600,21,0.5283,0.1294
20260325190804,1600,21,0.5283,0.1294
20260325190805,1600,21,0.5283,0.1294
20260325190806,1600,21,0.5283,0.1294
20260325190807,1600,21,0.5283,0.1294
20260325190808,1600,21,0.5283,0.1294
20260325190809,1600,21,0.5283,0.1294
20260325190810,1600,21,0.5283,0.1294
20260325190811,1600,21,0.5283,0.1294
20260325190812,1600,21,0.5283,0.1294
20260325190813,1600,21,0.5283,0.1294
20260325190814,1600,21,0.5283,0.1294
20260325190815,1600,21,0.5283,0.1294
20260325190816,1600,21,0.5283,0.1294
20260325190818,1600,21,0.5283,0.1294
20260325190819,1600,21,0.5283,0.1294
20260325190820,1600,21,0.5283,0.1294
20260325190821,1600,21,0.5283,0.1294
20260325190822,1600,21,0.5283,0.1294
20260325190823,1600,21,0.5283,0.1294
20260325190824,1600,21,0.5283,0.1294
20260325190825,1600,21,0.5283,0.1294
20260325190826,1600,21,0.5283,0.1294
20260325190827,1600,21,0.5283,0.1294
20260325190828,1600,21,0.5283,0.1294
20260325190829,1600,21,0.5283,0.1294
20260325190830,1600,21,0.5283,0.1294
20260325190831,1600,21,0.5283,0.1294
20260325190832,1600,21,0.5283,0.1294
20260325190833,1600,21,0.5283,0.1294
20260325190834,1600,21,0.5283,0.1294
20260325190835,1600,21,0.5283,0.1294
20260325190836,1600,21,0.5283,0.1294
20260325190837,1600,21,0.5283,0.1294
20260325190838,1600,21,0.5283,0.1294
20260325190839,1600,21,0.5283,0.1294
20260325190840,1600,21,0.5283,0.1294
20260325190841,1600,21,0.5283,0.1294
20260325190842,1600,21,0.5283,0.1294
20260325190843,1600,21,0.5283,0.1294
20260325190844,1600,21,0.5283,0.1294
20260325190845,1600,21,0.5283,0.1294
20260325190846,1600,21,0.5283,0.1294
20260325190847,1600,21,0.5283,0.1294
20260325190848,1600,21,0.5283,0.1294
20260325190849,1600,21,0.5283,0.1294
20260325190850,1600,21,0.5283,0.1294
20260325190851,1600,22,0.5283,0.1294
20260325190852,1600,22,0.5283,0.1294
20260325190853,1600,22,0.5283,0.1294
20260325190854,1600,22,0.5283,0.1294
20260325190855,1600,22,0.5283,0.1294
20260325190856,1600,22,0.5283,0.1294
20260325190857,1600,22,0.5283,0.1294
20260325190858,1600,22,0.5283,0.1294
20260325190859,1600,22,0.5283,0.1294
20260325190900,1600,22,0.5283,0.1294
20260325190901,1600,22,0.5283,0.1294
20260325190902,1600,22,0.5283,0.1294
20260325190903,1600,22,0.5283,0.1294
20260325190904,1600,22,0.5283,0.1294
20260325190905,1600,22,0.5283,0.1294
20260325190906,1600,22,0.5283,0.1294
20260325190907,1600,22,0.5283,0.1294
20260325190908,1600,22,0.5283,0.1294
20260325190909,1600,22,0.5283,0.1294
20260325190910,1600,22,0.5283,0.1294
20260325190911,1600,22,0.5283,0.1294
20260325190912,1600,22,0.5283,0.1294
20260325190913,1600,22,0.5283,0.1294
20260325190914,1600,22,0.5283,0.1294
20260325190915,1600,22,0.5283,0.1294
20260325190916,1600,22,0.5283,0.1294
20260325190917,1600,22,0.5283,0.1294
20260325190918,1600,22,0.5283,0.1294
20260325190919,1600,22,0.5283,0.1294
20260325190920,1600,22,0.5283,0.1294
20260325190921,1600,22,0.5283,0.1294
20260325190922,1600,22,0.5283,0.1294
20260325190923,1600,22,0.5283,0.1294
20260325190924,1600,22,0.5283,0.1294
20260325190925,1600,22,0.5283,0.1294
20260325190926,1600,22,0.5283,0.1294
20260325190927,1600,22,0.5283,0.1294
20260325190928,1600,22,0.5283,0.1294
20260325190929,1600,22,0.5283,0.1294
20260325190930,1600,22,0.5283,0.1294
20260325190931,1600,22,0.5283,0.1294
20260325190932,1600,22,0.5283,0.1294
20260325190933,1600,22,0.5283,0.1294
20260325190935,1600,22,0.5283,0.1294
20260325190936,1600,22,0.5283,0.1294
20260325190937,1600,22,0.5283,0.1294
20260325190938,1600,22,0.5283,0.1294
20260325190939,1600,22,0.5283,0.1294
20260325190940,1600,22,0.5283,0.1294
20260325190941,1600,22,0.5283,0.1294
20260325190942,1600,22,0.5283,0.1294
20260325190943,1600,22,0.5283,0.1294
20260325190944,1600,22,0.5283,0.1294
20260325190945,1600,22,0.5283,0.1294
20260325190946,1600,22,0.5283,0.1294
20260325190947,1600,22,0.5283,0.1294
20260325190948,1600,22,0.5283,0.1294
20260325190949,1600,22,0.5283,0.1294
20260325190950,1600,22,0.5283,0.1294
20260325190951,1600,22,0.5283,0.1294
20260325190952,1600,22,0.5283,0.1294
20260325190953,1600,22,0.5283,0.1294
20260325190954,1600,22,0.5283,0.1294
20260325190955,1600,22,0.5283,0.1294
20260325190956,1600,22,0.5283,0.1294
20260325190957,1600,22,0.5283,0.1294
20260325190958,1600,22,0.5283,0.1294
20260325190959,1600,22,0.5283,0.1294
20260325191000,1600,23,0.5283,0.1294
20260325191001,1600,23,0.5284,0.1294
20260325191002,1600,23,0.5284,0.1294
20260325191003,1600,23,0.5284,0.1294
20260325191004,1600,23,0.5284,0.1294
20260325191005,1600,23,0.5284,0.1294
20260325191006,1600,23,0.5284,0.1294
20260325191007,1600,23,0.5284,0.1294
20260325191008,1600,23,0.5284,0.1294
20260325191009,1600,23,0.5284,0.1294
20260325191010,1600,23,0.5284,0.1294
20260325191011,1600,23,0.5284,0.1294
20260325191012,1600,23,0.5284,0.1294
20260325191013,1600,23,0.5284,0.1294
20260325191014,1600,23,0.5284,0.1294
20260325191015,1600,23,0.5284,0.1294
20260325191016,1600,23,0.5284,0.1294
20260325191017,1600,23,0.5284,0.1294
20260325191018,1600,23,0.5284,0.1294
20260325191019,1600,23,0.5284,0.1294
20260325191020,1600,23,0.5284,0.1294
20260325191021,1600,23,0.5284,0.1294
20260325191022,1600,23,0.5284,0.1294
20260325191023,1600,23,0.5284,0.1294
20260325191024,1600,23,0.5284,0.1294
20260325191025,1600,23,0.5284,0.1294
20260325191026,1600,23,0.5284,0.1294
20260325191027,1600,23,0.5284,0.1294
20260325191028,1600,23,0.5284,0.1294
20260325191029,1600,23,0.5284,0.1294
20260325191030,1600,23,0.5284,0.1294
20260325191031,1600,23,0.5284,0.1294
20260325191032,1600,23,0.5284,0.1294
20260325191033,1600,23,0.5284,0.1294
20260325191034,1600,23,0.5284,0.1294
20260325191035,1600,23,0.5284,0.1294
20260325191036,1600,23,0.5284,0.1294
20260325191037,1600,23,0.5284,0.1294
20260325191038,1600,23,0.5284,0.1294
20260325191039,1600,23,0.5284,0.1294
20260325191040,1600,23,0.5284,0.1294
20260325191041,1600,23,0.5284,0.1294
20260325191042,1600,23,0.5284,0.1294
20260325191043,1600,23,0.5284,0.1294
20260325191044,1600,23,0.5284,0.1294
20260325191045,1600,23,0.5284,0.1294
20260325191046,1600,23,0.5284,0.1294
20260325191047,1600,23,0.5284,0.1294
20260325191048,1600,23,0.5284,0.1294
20260325191049,1600,23,0.5284,0.1294
20260325191050,1600,23,0.5284,0.1294
20260325191051,1600,23,0.5284,0.1294
20260325191052,1600,23,0.5284,0.1294
20260325191053,1600,23,0.5284,0.1294
20260325191054,1600,23,0.5284,0.1294
20260325191055,1600,23,0.5284,0.1294
20260325191056,1600,23,0.5284,0.1294
20260325191057,1600,23,0.5284,0.1294
20260325191058,1600,23,0.5284,0.1294
20260325191059,1600,23,0.5284,0.1294
20260325191100,1600,23,0.5284,0.1294
20260325191101,1600,23,0.5284,0.1294
20260325191102,1600,23,0.5284,0.1294
20260325191103,1600,23,0.5284,0.1294
20260325191104,1600,23,0.5284,0.1294
20260325191105,1600,23,0.5284,0.1294
20260325191106,1600,23,0.5284,0.1294
20260325191107,1600,23,0.5284,0.1294
20260325191109,1600,23,0.5284,0.1294
20260325191110,1600,24,0.5284,0.1294
20260325191111,1600,24,0.5284,0.1294
20260325191112,1600,24,0.5284,0.1294
20260325191113,1600,24,0.5284,0.1294
20260325191114,1600,24,0.5284,0.1294
20260325191115,1600,24,0.5284,0.1294
20260325191116,1600,24,0.5284,0.1294
20260325191117,1600,24,0.5284,0.1294
20260325191118,1600,24,0.5284,0.1294
20260325191119,1600,24,0.5284,0.1294
20260325191120,1600,24,0.5284,0.1294
20260325191121,1600,24,0.5284,0.1294
20260325191122,1600,24,0.5284,0.1294
20260325191123,1600,24,0.5284,0.1294
20260325191124,1600,24,0.5284,0.1294
20260325191125,1600,24,0.5284,0.1294
20260325191126,1600,24,0.5284,0.1294
20260325191127,1600,24,0.5284,0.1294
20260325191128,1600,24,0.5284,0.1294
20260325191129,1600,24,0.5284,0.1294
20260325191130,1600,24,0.5284,0.1294
20260325191131,1600,24,0.5284,0.1294
20260325191132,1600,24,0.5284,0.1294
20260325191133,1600,24,0.5284,0.1294
20260325191134,1600,24,0.5284,0.1294
20260325191135,1600,24,0.5284,0.1294
20260325191136,1600,24,0.5284,0.1294
20260325191137,1600,24,0.5284,0.1294
20260325191138,1600,24,0.5284,0.1294
20260325191139,1600,24,0.5284,0.1294
20260325191140,1600,24,0.5284,0.1294
20260325191141,1600,24,0.5284,0.1294
20260325191142,1600,24,0.5284,0.1294
20260325191143,1600,24,0.5284,0.1294
20260325191144,1600,24,0.5284,0.1294
20260325191145,1600,24,0.5284,0.1294
20260325191146,1600,24,0.5284,0.1294
20260325191147,1600,24,0.5284,0.1294
20260325191148,1600,24,0.5284,0.1294
20260325191149,1600,24,0.5284,0.1294
20260325191150,1600,24,0.5284,0.1294
20260325191151,1600,24,0.5284,0.1294
20260325191152,1600,24,0.5284,0.1294
20260325191153,1600,24,0.5284,0.1294
20260325191154,1600,24,0.5284,0.1294
20260325191155,1600,24,0.5284,0.1294
20260325191156,1600,24,0.5284,0.1294
20260325191157,1600,24,0.5284,0.1294
20260325191158,1600,24,0.5284,0.1294
20260325191159,1600,24,0.5284,0.1294
20260325191200,1600,24,0.5284,0.1294
20260325191201,1600,24,0.5284,0.1294
20260325191202,1600,24,0.5284,0.1294
20260325191203,1600,24,0.5284,0.1294
20260325191204,1600,24,0.5284,0.1294
20260325191205,1600,24,0.5284,0.1294
20260325191206,1600,24,0.5284,0.1294
20260325191207,1600,24,0.5284,0.1294
20260325191208,1600,24,0.5284,0.1294
20260325191209,1600,24,0.5284,0.1294
20260325191210,1600,24,0.5284,0.1294
20260325191211,1600,24,0.5284,0.1294
20260325191212,1600,24,0.5284,0.1294
20260325191213,1600,24,0.5284,0.1294
20260325191214,1600,24,0.5284,0.1294
20260325191215,1600,24,0.5284,0.1294
20260325191216,1600,24,0.5284,0.1294
20260325191217,1600,24,0.5284,0.1294
20260325191218,1600,24,0.5284,0.1294
20260325191219,1600,24,0.5284,0.1294
20260325191220,1600,24,0.5284,0.1294
20260325191221,1600,25,0.5284,0.1294
20260325191222,1600,25,0.5284,0.1294
20260325191223,1600,25,0.5284,0.1294
20260325191224,1600,25,0.5284,0.1294
20260325191225,1600,25,0.5284,0.1294
20260325191226,1600,25,0.5284,0.1294
20260325191227,1600,25,0.5284,0.1294
20260325191228,1600,25,0.5284,0.1294
20260325191229,1600,25,0.5284,0.1294
20260325191230,1600,25,0.5284,0.1294
20260325191231,1600,25,0.5284,0.1294
20260325191232,1600,25,0.5284,0.1294
20260325191233,1600,25,0.5284,0.1294
20260325191234,1600,25,0.5284,0.1294
20260325191235,1600,25,0.5284,0.1294
20260325191236,1600,25,0.5284,0.1294
20260325191237,1600,25,0.5284,0.1294
20260325191238,1600,25,0.5284,0.1294
20260325191239,1600,25,0.5284,0.1294
20260325191240,1600,25,0.5284,0.1294
20260325191241,1600,25,0.5284,0.1294
20260325191242,1600,25,0.5284,0.1294
20260325191244,1600,25,0.5284,0.1294
20260325191245,1600,25,0.5284,0.1294
20260325191246,1600,25,0.5284,0.1294
20260325191247,1600,25,0.5284,0.1294
20260325191248,1600,25,0.5284,0.1294
20260325191249,1600,25,0.5284,0.1294
20260325191250,1600,25,0.5284,0.1294
20260325191251,1600,25,0.5284,0.1294
20260325191252,1600,25,0.5284,0.1294
20260325191253,1600,25,0.5284,0.1294
20260325191254,1600,25,0.5284,0.1294
20260325191255,1600,25,0.5284,0.1294
20260325191256,1600,25,0.5284,0.1294
20260325191257,1600,25,0.5284,0.1294
20260325191258,1600,25,0.5284,0.1294
20260325191259,1600,25,0.5284,0.1294
20260325191300,1600,25,0.5284,0.1294
20260325191301,1600,25,0.5284,0.1294
20260325191302,1600,25,0.5284,0.1294
20260325191303,1600,25,0.5284,0.1294
20260325191304,1600,25,0.5284,0.1294
20260325191305,1600,25,0.5284,0.1294
20260325191306,1600,25,0.5284,0.1294
20260325191307,1600,25,0.5284,0.1294
20260325191308,1600,25,0.5284,0.1294
20260325191309,1600,25,0.5284,0.1294
20260325191310,1600,25,0.5284,0.1294
20260325191311,1600,25,0.5284,0.1294
20260325191312,1600,25,0.5284,0.1294
20260325191313,1600,25,0.5284,0.1294
20260325191314,1600,25,0.5284,0.1294
20260325191315,1600,25,0.5284,0.1294
20260325191316,1600,25,0.5284,0.1294
20260325191317,1600,25,0.5284,0.1294
20260325191318,1600,25,0.5284,0.1294
20260325191319,1600,25,0.5284,0.1294
20260325191320,1600,25,0.5284,0.1294
20260325191321,1600,25,0.5284,0.1294
20260325191322,1600,25,0.5284,0.1294
20260325191323,1600,25,0.5284,0.1294
20260325191324,1600,25,0.5284,0.1294
20260325191325,1600,25,0.5284,0.1294
20260325191326,1600,25,0.5284,0.1294
20260325191327,1600,25,0.5284,0.1294
20260325191328,1600,25,0.5284,0.1294
20260325191329,1600,25,0.5284,0.1294
20260325191330,1600,25,0.5284,0.1294
20260325191331,1600,25,0.5284,0.1294
20260325191332,1600,25,0.5284,0.1294
20260325191333,1600,26,0.5284,0.1294
20260325191334,1600,26,0.5284,0.1294
20260325191335,1600,26,0.5284,0.1294
20260325191336,1600,26,0.5284,0.1294
20260325191337,1600,26,0.5284,0.1294
20260325191338,1600,26,0.5284,0.1294
20260325191339,1600,26,0.5284,0.1294
20260325191340,1600,26,0.5284,0.1294
20260325191341,1600,26,0.5284,0.1294
20260325191342,1600,26,0.5284,0.1294
20260325191343,1600,26,0.5284,0.1294
20260325191344,1600,26,0.5284,0.1294
20260325191345,1600,26,0.5284,0.1294
20260325191346,1600,26,0.5284,0.1294
20260325191347,1600,26,0.5284,0.1294
20260325191348,1600,26,0.5284,0.1294
20260325191349,1600,26,0.5284,0.1294
20260325191350,1600,26,0.5284,0.1294
20260325191351,1600,26,0.5284,0.1294
20260325191352,1600,26,0.5284,0.1294
20260325191353,1600,26,0.5284,0.1294
20260325191354,1600,26,0.5284,0.1294
20260325191355,1600,26,0.5284,0.1294
20260325191356,1600,26,0.5284,0.1294
20260325191357,1600,26,0.5284,0.1294
20260325191358,1600,26,0.5284,0.1294
20260325191359,1600,26,0.5284,0.1294
20260325191400,1600,26,0.5284,0.1294
20260325191401,1600,26,0.5284,0.1294
20260325191402,1600,26,0.5284,0.1294
20260325191403,1600,26,0.5284,0.1294
20260325191404,1600,26,0.5284,0.1294
20260325191405,1600,26,0.5284,0.1294
20260325191406,1600,26,0.5284,0.1294
20260325191407,1600,26,0.5284,0.1294
20260325191408,1600,26,0.5284,0.1294
20260325191409,1600,26,0.5284,0.1294
20260325191410,1600,26,0.5284,0.1294
20260325191411,1600,26,0.5284,0.1294
20260325191412,1600,26,0.5284,0.1294
20260325191413,1600,26,0.5284,0.1294
20260325191414,1600,26,0.5284,0.1294
20260325191415,1600,26,0.5284,0.1294
20260325191416,1600,26,0.5284,0.1294
20260325191417,1600,26,0.5284,0.1294
20260325191418,1600,26,0.5284,0.1294
20260325191419,1600,26,0.5284,0.1294
20260325191420,1600,26,0.5284,0.1294
20260325191421,1600,26,0.5284,0.1294
20260325191422,1600,26,0.5284,0.1294
20260325191423,1600,26,0.5284,0.1294
20260325191424,1600,26,0.5284,0.1294
20260325191425,1600,26,0.5284,0.1294
20260325191426,1600,26,0.5284,0.1294
20260325191427,1600,26,0.5284,0.1294
20260325191428,1600,26,0.5284,0.1294
20260325191429,1600,26,0.5284,0.1294
20260325191430,1600,26,0.5284,0.1294
20260325191432,1600,26,0.5284,0.1294
20260325191433,1600,26,0.5284,0.1294
20260325191434,1600,26,0.5284,0.1294
20260325191435,1600,26,0.5284,0.1294
20260325191436,1600,26,0.5284,0.1294
20260325191437,1600,26,0.5284,0.1294
20260325191438,1600,26,0.5284,0.1294
20260325191439,1600,26,0.5284,0.1294
20260325191440,1600,26,0.5284,0.1294
20260325191441,1600,26,0.5284,0.1294
20260325191442,1600,26,0.5284,0.1294
20260325191443,1600,27,0.5284,0.1294
20260325191444,1600,27,0.5284,0.1294
20260325191445,1600,27,0.5284,0.1294
20260325191446,1600,27,0.5284,0.1294
20260325191447,1600,27,0.5284,0.1294
20260325191448,1600,27,0.5284,0.1294
20260325191449,1600,27,0.5284,0.1294
20260325191450,1600,27,0.5284,0.1294
20260325191451,1600,27,0.5284,0.1294
20260325191452,1600,27,0.5284,0.1294
20260325191453,1600,27,0.5284,0.1294
20260325191454,1600,27,0.5284,0.1294
20260325191455,1600,27,0.5284,0.1294
20260325191456,1600,27,0.5284,0.1294
20260325191457,1600,27,0.5284,0.1294
20260325191458,1600,27,0.5284,0.1294
20260325191459,1600,27,0.5284,0.1294
20260325191500,1600,27,0.5284,0.1294
20260325191501,1600,27,0.5284,0.1294
20260325191502,1600,27,0.5284,0.1294
20260325191503,1600,27,0.5284,0.1294
20260325191504,1600,27,0.5284,0.1294
20260325191505,1600,27,0.5284,0.1294
20260325191506,1600,27,0.5284,0.1294
20260325191507,1600,27,0.5284,0.1294
20260325191508,1600,27,0.5284,0.1294
20260325191509,1600,27,0.5284,0.1294
20260325191510,1600,27,0.5284,0.1294
20260325191511,1600,27,0.5284,0.1294
20260325191512,1600,27,0.5284,0.1294
20260325191513,1600,27,0.5284,0.1294
20260325191514,1600,27,0.5284,0.1294
20260325191515,1600,27,0.5284,0.1294
20260325191516,1600,27,0.5284,0.1294
20260325191517,1600,27,0.5284,0.1294
20260325191518,1600,27,0.5284,0.1294
20260325191519,1600,27,0.5284,0.1294
20260325191520,1600,27,0.5284,0.1294
20260325191521,1600,27,0.5284,0.1294
20260325191522,1600,27,0.5284,0.1294
20260325191523,1600,27,0.5284,0.1294
20260325191524,1600,27,0.5284,0.1294
20260325191525,1600,27,0.5284,0.1294
20260325191526,1600,27,0.5284,0.1294
20260325191527,1600,27,0.5284,0.1294
20260325191528,1600,27,0.5284,0.1294
20260325191529,1600,27,0.5284,0.1294
20260325191530,1600,27,0.5284,0.1294
20260325191531,1600,27,0.5284,0.1294
20260325191532,1600,27,0.5284,0.1294
20260325191533,1600,27,0.5284,0.1294
20260325191534,1600,27,0.5284,0.1294
20260325191535,1600,27,0.5284,0.1294
20260325191536,1600,27,0.5284,0.1294
20260325191537,1600,27,0.5284,0.1294
20260325191538,1600,27,0.5284,0.1294
20260325191539,1600,27,0.5284,0.1294
20260325191540,1600,27,0.5284,0.1294
20260325191541,1600,27,0.5284,0.1294
20260325191542,1600,27,0.5284,0.1294
20260325191543,1600,27,0.5284,0.1294
20260325191544,1600,27,0.5284,0.1294
20260325191545,1600,27,0.5284,0.1294
20260325191546,1600,27,0.5284,0.1294
20260325191547,1600,27,0.5284,0.1294
20260325191548,1600,27,0.5284,0.1294
20260325191549,1600,27,0.5284,0.1294
20260325191550,1600,27,0.5284,0.1294
20260325191551,1600,27,0.5284,0.1294
20260325191552,1600,27,0.5284,0.1294
20260325191553,1600,27,0.5284,0.1294
20260325191554,1600,27,0.5284,0.1294
20260325191555,1600,27,0.5284,0.1294
20260325191556,1600,28,0.5284,0.1294
20260325191558,1600,28,0.5284,0.1294
20260325191559,1600,28,0.5284,0.1294
20260325191600,1600,28,0.5284,0.1294
20260325191601,1600,28,0.5284,0.1294
20260325191602,1600,28,0.5284,0.1294
20260325191603,1600,28,0.5284,0.1294
20260325191604,1600,28,0.5284,0.1294
20260325191605,1600,28,0.5284,0.1294
20260325191606,1600,28,0.5284,0.1294
20260325191607,1600,28,0.5284,0.1294
20260325191608,1600,28,0.5284,0.1294
20260325191609,1600,28,0.5284,0.1294
20260325191610,1600,28,0.5284,0.1294
20260325191611,1600,28,0.5284,0.1294
20260325191612,1600,28,0.5284,0.1294
20260325191613,1600,28,0.5284,0.1294
20260325191614,1600,28,0.5284,0.1294
20260325191615,1600,28,0.5284,0.1294
20260325191616,1600,28,0.5284,0.1294
20260325191617,1600,28,0.5284,0.1294
20260325191618,1600,28,0.5284,0.1294
20260325191619,1600,28,0.5284,0.1294
20260325191620,1600,28,0.5284,0.1294
20260325191621,1600,28,0.5284,0.1294
20260325191622,1600,28,0.5284,0.1294
20260325191623,1600,28,0.5284,0.1294
20260325191624,1600,28,0.5284,0.1294
20260325191625,1600,28,0.5284,0.1294
20260325191626,1600,28,0.5284,0.1294
20260325191627,1600,28,0.5284,0.1294
20260325191628,1600,28,0.5284,0.1294
20260325191629,1600,28,0.5284,0.1294
20260325191630,1600,28,0.5284,0.1294
20260325191631,1600,28,0.5284,0.1294
20260325191632,1600,28,0.5284,0.1294
20260325191633,1600,28,0.5284,0.1294
20260325191634,1600,28,0.5284,0.1294
20260325191635,1600,28,0.5284,0.1294
20260325191636,1600,28,0.5284,0.1294
20260325191637,1600,28,0.5284,0.1294
20260325191638,1600,28,0.5284,0.1294
20260325191639,1600,28,0.5284,0.1294
20260325191640,1600,28,0.5284,0.1294
20260325191641,1600,28,0.5284,0.1294
20260325191642,1600,28,0.5284,0.1294
20260325191643,1600,28,0.5284,0.1294
20260325191644,1600,28,0.5284,0.1294
20260325191645,1600,28,0.5284,0.1294
20260325191646,1600,28,0.5284,0.1294
20260325191647,1600,28,0.5284,0.1294
20260325191648,1600,28,0.5284,0.1294
20260325191649,1600,28,0.5284,0.1294
20260325191650,1600,28,0.5284,0.1294
20260325191651,1600,28,0.5284,0.1294
20260325191652,1600,28,0.5284,0.1294
20260325191653,1600,28,0.5284,0.1294
20260325191654,1600,28,0.5284,0.1294
20260325191655,1600,28,0.5284,0.1294
20260325191656,1600,28,0.5284,0.1294
20260325191657,1600,28,0.5284,0.1294
20260325191658,1600,28,0.5284,0.1294
20260325191659,1600,28,0.5284,0.1294
20260325191700,1600,28,0.5284,0.1294
20260325191701,1600,28,0.5284,0.1294
20260325191702,1600,28,0.5284,0.1294
20260325191703,1600,28,0.5284,0.1294
20260325191704,1600,28,0.5284,0.1294
20260325191705,1600,28,0.5284,0.1294
20260325191706,1600,29,0.5284,0.1294
20260325191707,1600,29,0.5284,0.1294
20260325191708,1600,29,0.5284,0.1294
20260325191709,1600,29,0.5284,0.1294
20260325191710,1600,29,0.5284,0.1294
20260325191711,1600,29,0.5284,0.1294
20260325191712,1600,29,0.5284,0.1294
20260325191713,1600,29,0.5284,0.1294
20260325191714,1600,29,0.5284,0.1294
20260325191715,1600,29,0.5284,0.1294
20260325191717,1600,29,0.5284,0.1294
20260325191718,1600,29,0.5284,0.1294
20260325191719,1600,29,0.5284,0.1294
20260325191720,1600,29,0.5284,0.1294
20260325191721,1600,29,0.5284,0.1294
20260325191722,1600,29,0.5284,0.1294
20260325191723,1600,29,0.5284,0.1294
20260325191724,1600,29,0.5284,0.1294
20260325191725,1600,29,0.5284,0.1294
20260325191726,1600,29,0.5284,0.1294
20260325191727,1600,29,0.5284,0.1294
20260325191728,1600,29,0.5284,0.1294
20260325191729,1600,29,0.5284,0.1294
20260325191730,1600,29,0.5284,0.1294
20260325191731,1600,29,0.5284,0.1294
20260325191732,1600,29,0.5284,0.1294
20260325191733,1600,29,0.5284,0.1294
20260325191734,1600,29,0.5284,0.1294
20260325191735,1600,29,0.5284,0.1294
20260325191736,1600,29,0.5284,0.1294
20260325191737,1600,29,0.5284,0.1294
20260325191738,1600,29,0.5284,0.1294
20260325191739,1600,29,0.5284,0.1294
20260325191740,1600,29,0.5284,0.1294
20260325191741,1600,29,0.5284,0.1294
20260325191742,1600,29,0.5284,0.1294
20260325191743,1600,29,0.5284,0.1294
20260325191744,1600,29,0.5284,0.1294
20260325191745,1600,29,0.5284,0.1294
20260325191746,1600,29,0.5284,0.1294
20260325191747,1600,29,0.5284,0.1294
20260325191748,1600,29,0.5284,0.1294
20260325191749,1600,29,0.5284,0.1294
20260325191750,1600,29,0.5284,0.1294
20260325191751,1600,29,0.5284,0.1294
20260325191752,1600,29,0.5284,0.1294
20260325191753,1600,29,0.5284,0.1294
20260325191754,1600,29,0.5284,0.1294
20260325191755,1600,29,0.5284,0.1294
20260325191756,1600,29,0.5284,0.1294
20260325191757,1600,29,0.5284,0.1294
20260325191758,1600,29,0.5284,0.1294
20260325191759,1600,29,0.5284,0.1294
20260325191800,1600,29,0.5284,0.1294
20260325191801,1600,29,0.5284,0.1294
20260325191802,1600,29,0.5284,0.1294
20260325191803,1600,29,0.5284,0.1294
20260325191804,1600,29,0.5284,0.1294
20260325191805,1600,29,0.5284,0.1294
20260325191806,1600,29,0.5284,0.1294
20260325191807,1600,29,0.5284,0.1294
20260325191808,1600,29,0.5284,0.1294
20260325191809,1600,29,0.5284,0.1294
20260325191810,1600,29,0.5284,0.1294
20260325191811,1600,29,0.5284,0.1294
20260325191812,1600,29,0.5284,0.1294
20260325191813,1600,29,0.5284,0.1294
20260325191814,1600,29,0.5284,0.1294
20260325191815,1600,29,0.5284,0.1294
20260325191816,1600,29,0.5284,0.1294
20260325191817,1600,29,0.5284,0.1294
20260325191818,1600,29,0.5284,0.1294
20260325191819,1600,29,0.5284,0.1294
20260325191820,1600,29,0.5284,0.1294
20260325191821,1600,29,0.5284,0.1294
20260325191822,1600,29,0.5284,0.1294
20260325191823,1600,29,0.5284,0.1294
20260325191824,1600,29,0.5284,0.1294
20260325191825,1600,29,0.5284,0.1294
20260325191826,1600,29,0.5284,0.1294
20260325191827,1600,29,0.5284,0.1294
20260325191828,1600,29,0.5284,0.1294
20260325191830,1600,29,0.5284,0.1294
20260325191831,1600,29,0.5284,0.1294
20260325191832,1600,29,0.5284,0.1294
20260325191833,1600,29,0.5284,0.1294
20260325191834,2000,29,0.5284,0.1294
20260325191835,2000,29,0.5284,0.1294
20260325191836,2000,29,0.5284,0.1294
20260325191837,2000,29,0.5284,0.1294
20260325191838,2000,29,0.5284,0.1294
20260325191839,2000,29,0.5284,0.1294
20260325191840,2000,29,0.5284,0.1294
20260325191841,2000,29,0.5284,0.1294
20260325191842,2000,29,0.5284,0.1294
20260325191843,2000,29,0.5284,0.1294
20260325191844,2000,29,0.5284,0.1294
20260325191845,2000,29,0.5284,0.1294
20260325191846,2000,29,0.5284,0.1294
20260325191847,2000,29,0.5284,0.1294
20260325191848,2000,29,0.5284,0.1294
20260325191849,2000,29,0.5284,0.1294
20260325191850,2000,29,0.5284,0.1294
20260325191851,2000,29,0.5284,0.1294
20260325191852,2000,29,0.5284,0.1294
20260325191853,2000,29,0.5284,0.1294
20260325191854,2000,29,0.5284,0.1294
20260325191855,2000,29,0.5284,0.1294
20260325191856,2000,29,0.5284,0.1294
20260325191857,2000,29,0.5284,0.1294
20260325191858,2000,29,0.5284,0.1294
20260325191859,2000,29,0.5284,0.1294
20260325191900,2000,29,0.5284,0.1294
20260325191901,2000,29,0.5284,0.1294
20260325191902,2000,29,0.5284,0.1294
20260325191903,2000,29,0.5284,0.1294
20260325191904,2000,29,0.5284,0.1294
20260325191905,2000,29,0.5284,0.1294
20260325191906,2000,29,0.5284,0.1294
20260325191907,2000,29,0.5284,0.1294
20260325191908,2000,29,0.5284,0.1294
20260325191909,2000,29,0.5284,0.1294
20260325191910,2000,29,0.5284,0.1294
20260325191911,2000,29,0.5284,0.1294
20260325191912,2000,29,0.5284,0.1294
20260325191913,2000,29,0.5284,0.1294
20260325191914,2000,29,0.5284,0.1294
20260325191915,2000,29,0.5284,0.1294
20260325191916,2000,29,0.5284,0.1294
20260325191917,2000,29,0.5284,0.1294
20260325191918,2000,29,0.5284,0.1294
20260325191919,2000,29,0.5284,0.1294
20260325191920,2000,29,0.5284,0.1294
20260325191921,2000,29,0.5284,0.1294
20260325191922,2000,29,0.5284,0.1294
20260325191923,2000,29,0.5284,0.1294
20260325191924,2000,30,0.5284,0.1294
20260325191925,2000,30,0.5284,0.1294
20260325191926,2000,30,0.5284,0.1294
20260325191927,2000,30,0.5284,0.1294
20260325191928,2000,30,0.5284,0.1294
20260325191929,2000,30,0.5284,0.1294
20260325191930,2000,30,0.5284,0.1294
20260325191931,2000,30,0.5284,0.1294
20260325191932,2000,30,0.5284,0.1294
20260325191933,2000,30,0.5284,0.1294
20260325191934,2000,30,0.5284,0.1294
20260325191935,2000,30,0.5284,0.1294
20260325191936,2000,30,0.5284,0.1294
20260325191937,2000,30,0.5284,0.1294
20260325191938,2000,30,0.5284,0.1294
20260325191939,2000,30,0.5284,0.1294
20260325191940,2000,30,0.5284,0.1294
20260325191941,2000,30,0.5284,0.1294
20260325191942,2000,30,0.5284,0.1294
20260325191943,2000,30,0.5284,0.1294
20260325191944,2000,30,0.5284,0.1294
20260325191945,2000,30,0.5284,0.1294
20260325191946,2000,30,0.5284,0.1294
20260325191947,2000,30,0.5284,0.1294
20260325191948,2000,30,0.5284,0.1294
20260325191949,2000,30,0.5284,0.1294
20260325191950,2000,30,0.5284,0.1294
20260325191951,2000,30,0.5284,0.1294
20260325191952,2000,30,0.5284,0.1294
20260325191953,2000,30,0.5284,0.1294
20260325191954,2000,30,0.5284,0.1294
20260325191955,2000,30,0.5284,0.1294
20260325191956,2000,30,0.5284,0.1294
20260325191957,2000,30,0.5284,0.1294
20260325191958,2000,30,0.5284,0.1294
20260325191959,2000,30,0.5284,0.1294
20260325192000,2000,30,0.5284,0.1294
20260325192001,2000,30,0.5284,0.1294
20260325192002,2000,30,0.5284,0.1294
20260325192003,2000,30,0.5284,0.1294
20260325192004,2000,30,0.5284,0.1294
20260325192005,2000,30,0.5284,0.1294
20260325192006,2000,30,0.5284,0.1294
20260325192007,2000,30,0.5284,0.1294
20260325192008,2000,30,0.5284,0.1294
20260325192009,2000,30,0.5284,0.1294
20260325192010,2000,30,0.5284,0.1294
20260325192011,2000,30,0.5284,0.1294
20260325192012,2000,30,0.5284,0.1294
20260325192013,2000,30,0.5284,0.1294
20260325192014,2000,30,0.5284,0.1294
20260325192015,2000,30,0.5284,0.1294
20260325192016,2000,30,0.5284,0.1294
20260325192017,2000,30,0.5284,0.1294
20260325192018,2000,30,0.5284,0.1294
20260325192019,2000,30,0.5284,0.1294
20260325192021,2000,30,0.5284,0.1294
20260325192022,2000,30,0.5284,0.1294
20260325192023,2000,30,0.5284,0.1294
20260325192024,2000,30,0.5284,0.1294
20260325192025,2000,30,0.5284,0.1294
20260325192026,2000,30,0.5284,0.1294
20260325192027,2000,30,0.5284,0.1294
20260325192028,2000,30,0.5284,0.1294
20260325192029,2000,30,0.5284,0.1294
20260325192030,2000,30,0.5284,0.1294
20260325192031,2000,30,0.5284,0.1294
20260325192032,2000,31,0.5284,0.1294
20260325192033,2000,31,0.5284,0.1294
20260325192034,2000,31,0.5284,0.1294
20260325192035,2000,31,0.5284,0.1294
20260325192036,2000,31,0.5284,0.1294
20260325192037,2000,31,0.5284,0.1294
20260325192038,2000,31,0.5284,0.1294
20260325192039,2000,31,0.5284,0.1294
20260325192040,2000,31,0.5284,0.1294
20260325192041,2000,31,0.5284,0.1294
20260325192042,2000,31,0.5284,0.1294
20260325192043,2000,31,0.5284,0.1294
20260325192044,2000,31,0.5284,0.1294
20260325192045,2000,31,0.5284,0.1294
20260325192046,2000,31,0.5284,0.1294
20260325192047,2000,31,0.5284,0.1294
20260325192048,2000,31,0.5284,0.1294
20260325192049,2000,31,0.5284,0.1294
20260325192050,2000,31,0.5284,0.1294
20260325192051,2000,31,0.5284,0.1294
20260325192052,2000,31,0.5284,0.1294
20260325192053,2000,31,0.5284,0.1294
20260325192054,2000,31,0.5284,0.1294
20260325192055,2000,31,0.5284,0.1294
20260325192056,2000,31,0.5284,0.1294
20260325192057,2000,31,0.5284,0.1294
20260325192058,2000,31,0.5284,0.1294
20260325192059,2000,31,0.5284,0.1294
20260325192100,2000,31,0.5284,0.1294
20260325192101,2000,31,0.5284,0.1294
20260325192102,2000,31,0.5284,0.1294
20260325192103,2000,31,0.5284,0.1294
20260325192104,2000,31,0.5284,0.1294
20260325192105,2000,31,0.5284,0.1294
20260325192106,2000,31,0.5284,0.1294
20260325192107,2000,31,0.5284,0.1294
20260325192108,2000,31,0.5284,0.1294
20260325192109,2000,31,0.5284,0.1294
20260325192110,2000,31,0.5284,0.1294
20260325192111,2000,31,0.5284,0.1294
20260325192112,2000,31,0.5284,0.1294
20260325192113,2000,31,0.5284,0.1294
20260325192114,2000,31,0.5284,0.1294
20260325192115,2000,31,0.5284,0.1294
20260325192116,2000,31,0.5284,0.1294
20260325192117,2000,31,0.5284,0.1294
20260325192118,2000,31,0.5284,0.1294
20260325192119,2000,31,0.5284,0.1294
20260325192120,2000,31,0.5284,0.1294
20260325192121,2000,31,0.5284,0.1294
20260325192122,2000,31,0.5284,0.1294
20260325192123,2000,31,0.5284,0.1294
20260325192124,2000,31,0.5284,0.1294
20260325192125,2000,31,0.5284,0.1294
20260325192126,2000,31,0.5284,0.1294
20260325192127,2000,31,0.5284,0.1294
20260325192128,2000,31,0.5284,0.1294
20260325192129,2000,31,0.5284,0.1294
20260325192130,2000,31,0.5284,0.1294
20260325192131,2000,31,0.5284,0.1294
20260325192132,2000,31,0.5284,0.1294
20260325192133,2000,31,0.5284,0.1294
20260325192134,2000,31,0.5284,0.1294
20260325192135,2000,31,0.5284,0.1294
20260325192136,2000,31,0.5284,0.1294
20260325192137,2000,32,0.5284,0.1294
20260325192138,2000,32,0.5284,0.1294
20260325192139,2000,32,0.5284,0.1294
20260325192140,2000,32,0.5284,0.1294
20260325192141,2000,32,0.5284,0.1294
20260325192142,2000,32,0.5284,0.1294
20260325192143,2000,32,0.5284,0.1294
20260325192144,2000,32,0.5284,0.1294
20260325192145,2000,32,0.5284,0.1294
20260325192146,2000,32,0.5284,0.1294
20260325192147,2000,32,0.5284,0.1294
20260325192148,2000,32,0.5284,0.1294
20260325192149,2000,32,0.5284,0.1294
20260325192150,2000,32,0.5284,0.1294
20260325192151,2000,32,0.5284,0.1294
20260325192152,2000,32,0.5284,0.1294
20260325192153,2000,32,0.5284,0.1294
20260325192154,2000,32,0.5284,0.1294
20260325192155,2000,32,0.5284,0.1294
20260325192156,2000,32,0.5284,0.1294
20260325192157,2000,32,0.5284,0.1294
20260325192158,2000,32,0.5284,0.1294
20260325192159,2000,32,0.5284,0.1294
20260325192200,2000,32,0.5284,0.1294
20260325192201,2000,32,0.5284,0.1294
20260325192202,2000,32,0.5284,0.1294
20260325192203,2000,32,0.5284,0.1294
20260325192204,2000,32,0.5284,0.1294
20260325192205,2000,32,0.5284,0.1294
20260325192206,2000,32,0.5284,0.1294
20260325192207,2000,32,0.5284,0.1294
20260325192208,2000,32,0.5284,0.1294
20260325192209,2000,32,0.5284,0.1294
20260325192210,2000,32,0.5284,0.1294
20260325192211,2000,32,0.5284,0.1294
20260325192212,2000,32,0.5284,0.1294
20260325192213,2000,32,0.5284,0.1294
20260325192215,2000,32,0.5284,0.1294
20260325192216,2000,32,0.5284,0.1294
20260325192217,2000,32,0.5284,0.1294
20260325192218,2000,32,0.5284,0.1294
20260325192219,2000,32,0.5284,0.1294
20260325192220,2000,32,0.5284,0.1294
20260325192221,2000,32,0.5284,0.1294
20260325192222,2000,32,0.5284,0.1294
20260325192223,2000,32,0.5284,0.1294
20260325192224,2000,32,0.5284,0.1294
20260325192225,2000,32,0.5284,0.1294
20260325192226,2000,32,0.5284,0.1294
20260325192227,2000,32,0.5284,0.1294
20260325192228,2000,32,0.5284,0.1294
20260325192229,2000,32,0.5284,0.1294
20260325192230,2000,32,0.5284,0.1294
20260325192231,2000,32,0.5284,0.1294
20260325192232,2000,32,0.5284,0.1294
20260325192233,2000,32,0.5284,0.1294
20260325192234,2000,32,0.5284,0.1294
20260325192235,2000,32,0.5284,0.1294
20260325192236,2000,32,0.5284,0.1294
20260325192237,2000,32,0.5284,0.1294
20260325192238,2000,32,0.5284,0.1294
20260325192239,2000,32,0.5284,0.1294
20260325192240,2000,32,0.5284,0.1294
20260325192241,2000,33,0.5284,0.1294
20260325192242,2000,33,0.5284,0.1294
20260325192243,2000,33,0.5284,0.1294
20260325192244,2000,33,0.5284,0.1294
20260325192245,2000,33,0.5284,0.1294
20260325192246,2000,33,0.5284,0.1294
20260325192247,2000,33,0.5284,0.1294
20260325192248,2000,33,0.5284,0.1294
20260325192249,2000,33,0.5284,0.1294
20260325192250,2000,33,0.5284,0.1294
20260325192251,2000,33,0.5284,0.1294
20260325192252,2000,33,0.5284,0.1294
20260325192253,2000,33,0.5284,0.1294
20260325192254,2000,33,0.5284,0.1294
20260325192255,2000,33,0.5284,0.1294
20260325192256,2000,33,0.5284,0.1294
20260325192257,2000,33,0.5284,0.1294
20260325192258,2000,33,0.5284,0.1294
20260325192259,2000,33,0.5284,0.1294
20260325192300,2000,33,0.5284,0.1294
20260325192301,2000,33,0.5284,0.1294
20260325192302,2000,33,0.5284,0.1294
20260325192303,2000,33,0.5284,0.1294
20260325192304,2000,33,0.5284,0.1294
20260325192305,2000,33,0.5284,0.1294
20260325192306,2000,33,0.5284,0.1294
20260325192307,2000,33,0.5284,0.1294
20260325192308,2000,33,0.5284,0.1294
20260325192309,2000,33,0.5284,0.1294
20260325192310,2000,33,0.5284,0.1294
20260325192311,2000,33,0.5284,0.1294
20260325192312,2000,33,0.5284,0.1294
20260325192313,2000,33,0.5284,0.1294
20260325192314,2000,33,0.5284,0.1294
20260325192315,2000,33,0.5284,0.1294
20260325192316,2000,33,0.5284,0.1294
20260325192317,2000,33,0.5284,0.1294
20260325192318,2000,33,0.5284,0.1294
20260325192319,2000,33,0.5284,0.1294
20260325192320,2000,33,0.5284,0.1294
20260325192321,2000,33,0.5284,0.1294
20260325192322,2000,33,0.5284,0.1294
20260325192323,2000,33,0.5284,0.1294
20260325192324,2000,33,0.5284,0.1294
20260325192325,2000,33,0.5284,0.1294
20260325192326,2000,33,0.5284,0.1294
20260325192327,2000,33,0.5284,0.1294
20260325192328,2000,33,0.5284,0.1294
20260325192329,2000,33,0.5284,0.1294
20260325192330,2000,33,0.5284,0.1294
20260325192331,2000,33,0.5284,0.1294
20260325192332,2000,33,0.5284,0.1294
20260325192333,2000,33,0.5284,0.1294
20260325192334,2000,33,0.5284,0.1294
20260325192335,2000,33,0.5284,0.1294
20260325192336,2000,33,0.5284,0.1294
20260325192337,2000,33,0.5284,0.1294
20260325192338,2000,33,0.5284,0.1294
20260325192340,2000,33,0.5284,0.1294
20260325192341,2000,33,0.5284,0.1294
20260325192342,2000,33,0.5284,0.1294
20260325192343,2000,33,0.5284,0.1294
20260325192344,2000,33,0.5284,0.1294
20260325192345,2000,34,0.5284,0.1294
20260325192346,2000,34,0.5284,0.1294
20260325192347,2000,34,0.5284,0.1294
20260325192348,2000,34,0.5284,0.1294
20260325192349,2000,34,0.5284,0.1294
20260325192350,2000,34,0.5284,0.1294
20260325192351,2000,34,0.5284,0.1294
20260325192352,2000,34,0.5284,0.1294
20260325192353,2000,34,0.5284,0.1294
20260325192354,2000,34,0.5284,0.1294
20260325192355,2000,34,0.5284,0.1294
20260325192356,2000,34,0.5284,0.1294
20260325192357,2000,34,0.5284,0.1294
20260325192358,2000,34,0.5284,0.1294
20260325192359,2000,34,0.5284,0.1294
20260325192400,2000,34,0.5284,0.1294
20260325192401,2000,34,0.5284,0.1294
20260325192402,2000,34,0.5284,0.1294
20260325192403,2000,34,0.5284,0.1294
20260325192404,2000,34,0.5284,0.1294
20260325192405,2000,34,0.5284,0.1294
20260325192406,2000,34,0.5284,0.1294
20260325192407,2000,34,0.5284,0.1294
20260325192408,2000,34,0.5284,0.1294
20260325192409,2000,34,0.5284,0.1294
20260325192410,2000,34,0.5284,0.1294
20260325192411,2000,34,0.5284,0.1294
20260325192412,2000,34,0.5284,0.1294
20260325192413,2000,34,0.5284,0.1294
20260325192414,2000,34,0.5284,0.1294
20260325192415,2000,34,0.5284,0.1294
20260325192416,2000,34,0.5284,0.1294
20260325192417,2000,34,0.5284,0.1294
20260325192418,2000,34,0.5284,0.1294
20260325192419,2000,34,0.5284,0.1294
20260325192420,2000,34,0.5284,0.1294
20260325192421,2000,34,0.5284,0.1294
20260325192422,2000,34,0.5284,0.1294
20260325192423,2000,34,0.5284,0.1294
20260325192424,2000,34,0.5284,0.1294
20260325192425,2000,34,0.5284,0.1294
20260325192426,2000,34,0.5284,0.1294
20260325192427,2000,34,0.5284,0.1294
20260325192428,2000,34,0.5284,0.1294
20260325192429,2000,34,0.5284,0.1294
20260325192430,2000,34,0.5284,0.1294
20260325192431,2000,34,0.5284,0.1294
20260325192432,2000,34,0.5284,0.1294
20260325192433,2000,34,0.5284,0.1294
20260325192434,2000,34,0.5284,0.1294
20260325192435,2000,34,0.5284,0.1294
20260325192436,2000,34,0.5284,0.1294
20260325192437,2000,34,0.5284,0.1294
20260325192438,2000,34,0.5284,0.1294
20260325192439,2000,34,0.5284,0.1294
20260325192440,2000,34,0.5284,0.1294
20260325192441,2000,34,0.5285,0.1294
20260325192442,2000,34,0.5285,0.1294
20260325192443,2000,34,0.5285,0.1294
20260325192444,2000,34,0.5285,0.1294
20260325192445,2000,34,0.5285,0.1294
20260325192446,2000,34,0.5285,0.1294
20260325192447,2000,34,0.5285,0.1294
20260325192448,2000,34,0.5285,0.1294
20260325192449,2000,35,0.5285,0.1294
20260325192450,2000,35,0.5285,0.1294
20260325192451,2000,35,0.5285,0.1294
20260325192452,2000,35,0.5285,0.1294
20260325192453,2000,35,0.5285,0.1294
20260325192454,2000,35,0.5285,0.1294
20260325192455,2000,35,0.5285,0.1294
20260325192456,2000,35,0.5285,0.1294
20260325192457,2000,35,0.5285,0.1294
20260325192458,2000,35,0.5285,0.1294
20260325192459,2000,35,0.5285,0.1294
20260325192500,2000,35,0.5285,0.1294
20260325192501,2000,35,0.5285,0.1294
20260325192502,2000,35,0.5285,0.1294
20260325192503,2000,35,0.5285,0.1294
20260325192504,2000,35,0.5285,0.1294
20260325192505,2000,35,0.5285,0.1294
20260325192506,2000,35,0.5285,0.1294
20260325192507,2000,35,0.5285,0.1294
20260325192508,2000,35,0.5285,0.1294
20260325192509,2000,35,0.5285,0.1294
20260325192510,2000,35,0.5285,0.1294
20260325192511,2000,35,0.5285,0.1294
20260325192512,2000,35,0.5285,0.1294
20260325192513,2000,35,0.5285,0.1294
20260325192514,2000,35,0.5285,0.1294
20260325192515,2000,35,0.5285,0.1294
20260325192516,2000,35,0.5285,0.1294
20260325192517,2000,35,0.5285,0.1294
20260325192518,2000,35,0.5285,0.1294
20260325192520,2000,35,0.5285,0.1294
20260325192521,2000,35,0.5285,0.1294
20260325192522,2000,35,0.5285,0.1294
20260325192523,2000,35,0.5285,0.1294
20260325192524,2000,35,0.5285,0.1294
20260325192525,2000,35,0.5285,0.1294
20260325192526,2000,35,0.5285,0.1294
20260325192527,2000,35,0.5285,0.1294
20260325192528,2000,35,0.5285,0.1294
20260325192529,2000,35,0.5285,0.1294
20260325192530,2000,35,0.5285,0.1294
20260325192531,2000,35,0.5285,0.1294
20260325192532,2000,35,0.5285,0.1294
20260325192533,2000,35,0.5285,0.1294
20260325192534,2000,35,0.5285,0.1294
20260325192535,2000,35,0.5285,0.1294
20260325192536,2000,35,0.5285,0.1294
20260325192537,2000,35,0.5285,0.1294
20260325192538,2000,35,0.5285,0.1294
20260325192539,2000,35,0.5285,0.1294
20260325192540,2000,35,0.5285,0.1294
20260325192541,2000,35,0.5285,0.1294
20260325192542,2000,35,0.5285,0.1294
20260325192543,2000,35,0.5285,0.1294
20260325192544,2000,35,0.5285,0.1294
20260325192545,2000,35,0.5285,0.1294
20260325192546,2000,35,0.5285,0.1294
20260325192547,2000,35,0.5285,0.1294
20260325192548,2000,35,0.5285,0.1294
20260325192549,2000,35,0.5285,0.1294
20260325192550,2000,35,0.5285,0.1294
20260325192551,2000,35,0.5285,0.1294
20260325192552,2000,35,0.5285,0.1294
20260325192553,2000,36,0.5285,0.1294
20260325192554,2000,36,0.5285,0.1294
20260325192555,2000,36,0.5285,0.1294
20260325192556,2000,36,0.5285,0.1294
20260325192557,2000,36,0.5285,0.1294
20260325192558,2000,36,0.5285,0.1294
20260325192559,2000,36,0.5285,0.1294
20260325192600,2000,36,0.5285,0.1294
20260325192601,2000,36,0.5285,0.1294
20260325192602,2000,36,0.5285,0.1294
20260325192603,2000,36,0.5285,0.1294
20260325192604,2000,36,0.5285,0.1294
20260325192605,2000,36,0.5285,0.1294
20260325192606,2000,36,0.5285,0.1294
20260325192607,2000,36,0.5285,0.1294
20260325192608,2000,36,0.5285,0.1294
20260325192609,2000,36,0.5285,0.1294
20260325192610,2000,36,0.5285,0.1294
20260325192611,2000,36,0.5285,0.1294
20260325192612,2000,36,0.5285,0.1294
20260325192613,2000,36,0.5285,0.1294
20260325192614,2000,36,0.5285,0.1294
20260325192615,2000,36,0.5285,0.1294
20260325192616,2000,36,0.5285,0.1294
20260325192617,2000,36,0.5285,0.1294
20260325192618,2000,36,0.5285,0.1294
20260325192619,2000,36,0.5285,0.1294
20260325192620,2000,36,0.5285,0.1294
20260325192621,2000,36,0.5285,0.1294
20260325192622,2000,36,0.5285,0.1294
20260325192623,2000,36,0.5285,0.1294
20260325192624,2000,36,0.5285,0.1294
20260325192625,2000,36,0.5285,0.1294
20260325192626,2000,36,0.5285,0.1294
20260325192627,2000,36,0.5285,0.1294
20260325192628,2000,36,0.5285,0.1294
20260325192629,2000,36,0.5285,0.1294
20260325192630,2000,36,0.5285,0.1294
20260325192631,2000,36,0.5285,0.1294
20260325192632,2000,36,0.5285,0.1294
20260325192633,2000,36,0.5285,0.1294
20260325192634,2000,36,0.5285,0.1294
20260325192635,2000,36,0.5285,0.1294
20260325192636,2000,36,0.5285,0.1294
20260325192637,2000,36,0.5285,0.1294
20260325192638,2000,36,0.5285,0.1294
20260325192639,2000,36,0.5285,0.1294
20260325192640,2000,36,0.5285,0.1294
20260325192641,2000,36,0.5285,0.1294
20260325192642,2000,36,0.5285,0.1294
20260325192643,2000,36,0.5285,0.1294
20260325192644,2000,36,0.5285,0.1294
20260325192645,2000,36,0.5285,0.1294
20260325192646,2000,36,0.5285,0.1294
20260325192647,2000,36,0.5285,0.1294
20260325192648,2000,36,0.5285,0.1294
20260325192649,2000,36,0.5285,0.1294
20260325192650,2000,36,0.5285,0.1294
20260325192651,2000,36,0.5285,0.1294
20260325192652,2000,36,0.5285,0.1294
20260325192653,2000,36,0.5285,0.1294
20260325192655,2000,36,0.5285,0.1294
20260325192656,2000,36,0.5285,0.1294
20260325192657,2000,37,0.5285,0.1294
20260325192658,2000,37,0.5285,0.1294
20260325192659,2000,37,0.5285,0.1294
20260325192700,2000,37,0.5285,0.1294
20260325192701,2000,37,0.5285,0.1294
20260325192702,2000,37,0.5285,0.1294
20260325192703,2000,37,0.5285,0.1294
20260325192704,2000,37,0.5285,0.1294
20260325192705,2000,37,0.5285,0.1294
20260325192706,2000,37,0.5285,0.1294
20260325192707,2000,37,0.5285,0.1294
20260325192708,2000,37,0.5285,0.1294
20260325192709,2000,37,0.5285,0.1294
20260325192710,2000,37,0.5285,0.1294
20260325192711,2000,37,0.5285,0.1294
20260325192712,2000,37,0.5285,0.1294
20260325192713,2000,37,0.5285,0.1294
20260325192714,2000,37,0.5285,0.1294
20260325192715,2000,37,0.5285,0.1294
20260325192716,2000,37,0.5285,0.1294
20260325192717,2000,37,0.5285,0.1294
20260325192718,2000,37,0.5285,0.1294
20260325192719,2000,37,0.5285,0.1294
20260325192720,2000,37,0.5285,0.1294
20260325192721,2000,37,0.5285,0.1294
20260325192722,2000,37,0.5285,0.1294
20260325192723,2000,37,0.5285,0.1294
20260325192724,2000,37,0.5285,0.1294
20260325192725,2000,37,0.5285,0.1294
20260325192726,2000,37,0.5285,0.1294
20260325192727,2000,37,0.5285,0.1294
20260325192728,2000,37,0.5285,0.1294
20260325192729,2000,37,0.5285,0.1294
20260325192730,2000,37,0.5285,0.1294
20260325192731,2000,37,0.5285,0.1294
20260325192732,2000,37,0.5285,0.1294
20260325192733,2000,37,0.5285,0.1294
20260325192734,2000,37,0.5285,0.1294
20260325192735,2000,37,0.5285,0.1294
20260325192736,2000,37,0.5285,0.1294
20260325192737,2000,37,0.5285,0.1294
20260325192738,2000,37,0.5285,0.1294
20260325192739,2000,37,0.5285,0.1294
20260325192740,2000,37,0.5285,0.1294
20260325192741,2000,37,0.5285,0.1294
20260325192742,2000,37,0.5285,0.1294
20260325192743,2000,37,0.5285,0.1294
20260325192744,2000,37,0.5285,0.1294
20260325192745,2000,37,0.5285,0.1294
20260325192746,2000,37,0.5285,0.1294
20260325192747,2000,37,0.5285,0.1294
20260325192748,2000,37,0.5285,0.1294
20260325192749,2000,37,0.5285,0.1294
20260325192750,2000,37,0.5285,0.1294
20260325192751,2000,37,0.5285,0.1294
20260325192752,2000,37,0.5285,0.1294
20260325192753,2000,37,0.5285,0.1294
20260325192754,2000,37,0.5285,0.1294
20260325192755,2000,37,0.5285,0.1294
20260325192756,2000,37,0.5285,0.1294
20260325192757,2000,37,0.5285,0.1294
20260325192758,2000,37,0.5285,0.1294
20260325192759,2000,37,0.5285,0.1294
20260325192800,2000,37,0.5285,0.1294
20260325192801,2000,37,0.5285,0.1294
20260325192802,2000,38,0.5285,0.1294
20260325192803,2000,38,0.5285,0.1294
20260325192804,2000,38,0.5285,0.1294
20260325192805,2000,38,0.5285,0.1294
20260325192806,2000,38,0.5285,0.1294
20260325192807,2000,38,0.5285,0.1294
20260325192808,2000,38,0.5285,0.1294
20260325192809,2000,38,0.5285,0.1294
20260325192810,2000,38,0.5285,0.1294
20260325192811,2000,38,0.5285,0.1294
20260325192812,2000,38,0.5285,0.1294
20260325192813,2000,38,0.5285,0.1294
20260325192814,2000,38,0.5285,0.1294
20260325192815,2000,38,0.5285,0.1294
20260325192816,2000,38,0.5285,0.1294
20260325192817,2000,38,0.5285,0.1294
20260325192818,2000,38,0.5285,0.1294
20260325192819,2000,38,0.5285,0.1294
20260325192820,2000,38,0.5285,0.1294
20260325192821,2000,38,0.5285,0.1294
20260325192822,2000,38,0.5285,0.1294
20260325192823,2000,38,0.5285,0.1294
20260325192824,2000,38,0.5285,0.1294
20260325192825,2000,38,0.5285,0.1294
20260325192826,2000,38,0.5285,0.1294
20260325192827,2000,38,0.5285,0.1294
20260325192828,2000,38,0.5285,0.1294
20260325192829,2000,38,0.5285,0.1294
20260325192830,2000,38,0.5285,0.1294
20260325192831,2000,38,0.5285,0.1294
20260325192832,2000,38,0.5285,0.1294
20260325192833,2000,38,0.5285,0.1294
20260325192834,2000,38,0.5285,0.1294
20260325192835,2000,38,0.5285,0.1294
20260325192836,2000,38,0.5285,0.1294
20260325192837,2000,38,0.5285,0.1294
20260325192838,2000,38,0.5285,0.1294
20260325192839,2000,38,0.5285,0.1294
20260325192840,2000,38,0.5285,0.1294
20260325192841,2000,38,0.5285,0.1294
20260325192842,2000,38,0.5285,0.1294
20260325192843,2000,38,0.5285,0.1294
20260325192844,2000,38,0.5285,0.1294
20260325192845,2000,38,0.5285,0.1294
20260325192847,2000,38,0.5285,0.1294
20260325192848,2000,38,0.5285,0.1294
20260325192849,2000,38,0.5285,0.1294
20260325192850,2000,38,0.5285,0.1294
20260325192851,2000,38,0.5285,0.1294
20260325192852,2000,38,0.5285,0.1294
20260325192853,2000,38,0.5285,0.1294
20260325192854,2000,38,0.5285,0.1294
20260325192855,2000,38,0.5285,0.1294
20260325192856,2000,38,0.5285,0.1294
20260325192857,2000,38,0.5285,0.1294
20260325192858,2000,38,0.5285,0.1294
20260325192859,2000,38,0.5285,0.1294
20260325192900,2000,38,0.5285,0.1294
20260325192901,2000,38,0.5285,0.1294
20260325192902,2000,38,0.5285,0.1294
20260325192903,2000,38,0.5285,0.1294
20260325192904,2000,38,0.5285,0.1294
20260325192905,2000,38,0.5285,0.1294
20260325192906,2000,38,0.5285,0.1294
20260325192907,2000,39,0.5285,0.1294
20260325192908,2000,39,0.5285,0.1294
20260325192909,2000,39,0.5285,0.1294
20260325192910,2000,39,0.5285,0.1294
20260325192911,2000,39,0.5285,0.1294
20260325192912,2000,39,0.5285,0.1293
20260325192913,2000,39,0.5285,0.1293
20260325192914,2000,39,0.5285,0.1293
20260325192915,2000,39,0.5285,0.1293
20260325192916,2000,39,0.5285,0.1293
20260325192917,2000,39,0.5285,0.1293
20260325192918,2000,39,0.5285,0.1293
20260325192919,2000,39,0.5285,0.1293
20260325192920,2000,39,0.5285,0.1293
20260325192921,2000,39,0.5285,0.1293
20260325192922,2000,39,0.5285,0.1293
20260325192923,2000,39,0.5285,0.1293
20260325192924,2000,39,0.5285,0.1293
20260325192925,2000,39,0.5285,0.1293
20260325192926,2000,39,0.5285,0.1293
20260325192927,2000,39,0.5285,0.1293
20260325192928,2000,39,0.5285,0.1293
20260325192929,2000,39,0.5285,0.1293
20260325192930,2000,39,0.5285,0.1293
20260325192931,2000,39,0.5285,0.1293
20260325192932,2000,39,0.5285,0.1293
20260325192933,2000,39,0.5285,0.1293
20260325192934,2000,39,0.5285,0.1293
20260325192935,2000,39,0.5285,0.1293
20260325192936,2000,39,0.5285,0.1293
20260325192937,2000,39,0.5285,0.1293
20260325192938,2000,39,0.5285,0.1293
20260325192939,2000,39,0.5285,0.1293
20260325192940,2000,39,0.5285,0.1293
20260325192941,2000,39,0.5285,0.1293
20260325192942,2000,39,0.5285,0.1293
20260325192943,2000,39,0.5285,0.1293
20260325192944,2000,39,0.5285,0.1293
20260325192945,2000,39,0.5285,0.1293
20260325192946,2000,39,0.5285,0.1293
20260325192947,2000,39,0.5285,0.1293
20260325192948,2000,39,0.5285,0.1293
20260325192949,2000,39,0.5285,0.1293
20260325192950,2000,39,0.5285,0.1293
20260325192951,2000,39,0.5285,0.1293
20260325192952,2000,39,0.5285,0.1293
20260325192953,2000,39,0.5285,0.1293
20260325192954,2000,39,0.5285,0.1293
20260325192955,2000,39,0.5285,0.1293
20260325192956,2000,39,0.5285,0.1293
20260325192957,2000,39,0.5285,0.1293
20260325192958,2000,39,0.5285,0.1293
20260325192959,2000,39,0.5285,0.1293
20260325193000,2000,39,0.5285,0.1293
20260325193001,2000,39,0.5285,0.1293
20260325193002,2000,39,0.5285,0.1293
20260325193003,2000,39,0.5285,0.1293
20260325193004,2000,39,0.5285,0.1293
20260325193005,2000,39,0.5285,0.1293
20260325193006,2000,39,0.5285,0.1293
20260325193007,2000,39,0.5285,0.1293
20260325193008,2000,39,0.5285,0.1293
20260325193009,2000,39,0.5285,0.1293
20260325193010,2000,39,0.5285,0.1293
20260325193011,2000,39,0.5285,0.1293
20260325193012,2000,39,0.5285,0.1293
20260325193013,2000,39,0.5285,0.1293
20260325193014,2000,39,0.5285,0.1293
20260325193015,2000,39,0.5285,0.1293
20260325193016,2000,39,0.5285,0.1293
20260325193017,2000,39,0.5285,0.1293
20260325193018,2000,39,0.5285,0.1293
20260325193019,2000,39,0.5285,0.1293
20260325193020,2000,39,0.5285,0.1293
20260325193021,2000,39,0.5285,0.1293
20260325193022,2000,39,0.5285,0.1293
20260325193023,2000,39,0.5285,0.1293
20260325193024,2000,39,0.5285,0.1293
20260325193025,2000,39,0.5285,0.1293
20260325193026,2000,39,0.5285,0.1293
20260325193028,2400,39,0.5285,0.1293
20260325193029,2400,39,0.5285,0.1293
20260325193030,2400,39,0.5285,0.1293
20260325193031,2400,39,0.5285,0.1293
20260325193032,2400,39,0.5285,0.1293
20260325193033,2400,39,0.5285,0.1293
20260325193034,2400,39,0.5285,0.1293
20260325193035,2400,39,0.5285,0.1293
20260325193036,2400,39,0.5285,0.1293
20260325193037,2400,39,0.5285,0.1293
20260325193038,2400,39,0.5285,0.1293
20260325193039,2400,39,0.5285,0.1293
20260325193040,2400,39,0.5285,0.1293
20260325193041,2400,39,0.5285,0.1293
20260325193042,2400,39,0.5285,0.1293
20260325193043,2400,39,0.5285,0.1293
20260325193044,2400,39,0.5285,0.1293
20260325193045,2400,39,0.5285,0.1293
20260325193046,2400,39,0.5285,0.1293
20260325193047,2400,39,0.5285,0.1293
20260325193048,2400,39,0.5285,0.1293
20260325193049,2400,39,0.5285,0.1293
20260325193050,2400,39,0.5285,0.1293
20260325193051,2400,39,0.5285,0.1293
20260325193052,2400,39,0.5285,0.1293
20260325193053,2400,39,0.5285,0.1293
20260325193054,2400,39,0.5285,0.1293
20260325193055,2400,39,0.5285,0.1293
20260325193056,2400,39,0.5285,0.1293
20260325193057,2400,39,0.5285,0.1293
20260325193058,2400,39,0.5285,0.1293
20260325193059,2400,39,0.5285,0.1293
20260325193100,2400,39,0.5285,0.1293
20260325193101,2400,39,0.5285,0.1293
20260325193102,2400,39,0.5285,0.1293
20260325193103,2400,39,0.5285,0.1293
20260325193104,2400,39,0.5285,0.1293
20260325193105,2400,39,0.5285,0.1293
20260325193106,2400,39,0.5285,0.1293
20260325193107,2400,39,0.5285,0.1293
20260325193108,2400,39,0.5285,0.1293
20260325193109,2400,39,0.5285,0.1293
20260325193110,2400,39,0.5285,0.1293
20260325193111,2400,39,0.5285,0.1293
20260325193112,2400,39,0.5285,0.1293
20260325193113,2400,39,0.5285,0.1293
20260325193114,2400,39,0.5285,0.1293
20260325193115,2400,39,0.5285,0.1293
20260325193116,2400,39,0.5285,0.1293
20260325193117,2400,39,0.5285,0.1293
20260325193118,2400,39,0.5285,0.1293
20260325193119,2400,39,0.5285,0.1293
20260325193120,2400,40,0.5285,0.1293
20260325193121,2400,40,0.5285,0.1293
20260325193122,2400,40,0.5285,0.1293
20260325193123,2400,40,0.5285,0.1293
20260325193124,2400,40,0.5285,0.1293
20260325193125,2400,40,0.5285,0.1293
20260325193126,2400,40,0.5285,0.1293
20260325193127,2400,40,0.5285,0.1293
20260325193128,2400,40,0.5285,0.1293
20260325193129,2400,40,0.5285,0.1293
20260325193130,2400,40,0.5285,0.1293
20260325193131,2400,40,0.5285,0.1293
20260325193132,2400,40,0.5285,0.1293
20260325193133,2400,40,0.5285,0.1293
20260325193134,2400,40,0.5285,0.1293
20260325193135,2400,40,0.5285,0.1293
20260325193136,2400,40,0.5285,0.1293
20260325193137,2400,40,0.5285,0.1293
20260325193138,2400,40,0.5285,0.1293
20260325193139,2400,40,0.5285,0.1293
20260325193140,2400,40,0.5285,0.1293
20260325193141,2400,40,0.5285,0.1293
20260325193142,2400,40,0.5285,0.1293
20260325193143,2400,40,0.5285,0.1293
20260325193144,2400,40,0.5285,0.1293
20260325193145,2400,40,0.5285,0.1293
20260325193146,2400,40,0.5285,0.1293
20260325193147,2400,40,0.5285,0.1293
20260325193148,2400,40,0.5285,0.1293
20260325193149,2400,40,0.5285,0.1293
20260325193150,2400,40,0.5285,0.1293
20260325193151,2400,40,0.5285,0.1293
20260325193152,2400,40,0.5285,0.1293
20260325193153,2400,40,0.5285,0.1293
20260325193154,2400,40,0.5285,0.1293
20260325193155,2400,40,0.5285,0.1293
20260325193156,2400,40,0.5285,0.1293
20260325193157,2400,40,0.5285,0.1293
20260325193158,2400,40,0.5285,0.1293
20260325193159,2400,40,0.5285,0.1293
20260325193200,2400,40,0.5285,0.1293
20260325193201,2400,40,0.5285,0.1293
20260325193202,2400,40,0.5285,0.1293
20260325193203,2400,40,0.5285,0.1293
20260325193204,2400,40,0.5285,0.1293
20260325193205,2400,40,0.5285,0.1293
20260325193206,2400,40,0.5285,0.1293
20260325193207,2400,40,0.5285,0.1293
20260325193208,2400,40,0.5285,0.1293
20260325193209,2400,40,0.5285,0.1293
20260325193210,2400,40,0.5285,0.1293
20260325193211,2400,40,0.5285,0.1293
20260325193212,2400,40,0.5285,0.1293
20260325193213,2400,40,0.5285,0.1293
20260325193214,2400,40,0.5285,0.1293
20260325193215,2400,40,0.5285,0.1293
20260325193216,2400,40,0.5285,0.1293
20260325193217,2400,40,0.5285,0.1293
20260325193218,2400,40,0.5285,0.1293
20260325193219,2400,40,0.5285,0.1293
20260325193220,2400,40,0.5285,0.1293
20260325193221,2400,41,0.5285,0.1293
20260325193222,2400,41,0.5285,0.1293
20260325193223,2400,41,0.5285,0.1293
20260325193224,2400,41,0.5285,0.1293
20260325193225,2400,41,0.5285,0.1293
20260325193226,2400,41,0.5285,0.1293
20260325193227,2400,41,0.5285,0.1293
20260325193228,2400,41,0.5285,0.1293
20260325193229,2400,41,0.5285,0.1293
20260325193230,2400,41,0.5285,0.1293
20260325193231,2400,41,0.5285,0.1293
20260325193232,2400,41,0.5285,0.1293
20260325193233,2400,41,0.5285,0.1293
20260325193234,2400,41,0.5285,0.1293
20260325193235,2400,41,0.5285,0.1293
20260325193236,2400,41,0.5285,0.1293
20260325193237,2400,41,0.5285,0.1293
20260325193238,2400,41,0.5285,0.1293
20260325193239,2400,41,0.5285,0.1293
20260325193240,2400,41,0.5285,0.1293
20260325193241,2400,41,0.5285,0.1293
20260325193242,2400,41,0.5285,0.1293
20260325193244,2400,41,0.5285,0.1293
20260325193245,2400,41,0.5285,0.1293
20260325193246,2400,41,0.5285,0.1293
20260325193247,2400,41,0.5285,0.1293
20260325193248,2400,41,0.5285,0.1293
20260325193249,2400,41,0.5285,0.1293
20260325193250,2400,41,0.5285,0.1293
20260325193251,2400,41,0.5285,0.1293
20260325193252,2400,41,0.5285,0.1293
20260325193253,2400,41,0.5285,0.1293
20260325193254,2400,41,0.5285,0.1293
20260325193255,2400,41,0.5285,0.1293
20260325193256,2400,41,0.5285,0.1293
20260325193257,2400,41,0.5285,0.1293
20260325193258,2400,41,0.5285,0.1293
20260325193259,2400,41,0.5285,0.1293
20260325193300,2400,41,0.5285,0.1293
20260325193301,2400,41,0.5285,0.1293
20260325193302,2400,41,0.5285,0.1293
20260325193303,2400,41,0.5285,0.1293
20260325193304,2400,41,0.5285,0.1293
20260325193305,2400,41,0.5285,0.1293
20260325193306,2400,41,0.5285,0.1293
20260325193307,2400,41,0.5285,0.1293
20260325193308,2400,41,0.5285,0.1293
20260325193309,2400,41,0.5285,0.1293
20260325193310,2400,41,0.5285,0.1293
20260325193311,2400,41,0.5285,0.1293
20260325193312,2400,41,0.5285,0.1293
20260325193313,2400,41,0.5285,0.1293
20260325193314,2400,41,0.5285,0.1293
20260325193315,2400,41,0.5285,0.1293
20260325193316,2400,41,0.5285,0.1293
20260325193317,2400,41,0.5285,0.1293
20260325193318,2400,41,0.5285,0.1293
20260325193319,2400,41,0.5285,0.1293
20260325193320,2400,42,0.5285,0.1293
20260325193321,2400,42,0.5285,0.1293
20260325193322,2400,42,0.5285,0.1293
20260325193323,2400,42,0.5285,0.1293
20260325193324,2400,42,0.5285,0.1293
20260325193325,2400,42,0.5285,0.1293
20260325193326,2400,42,0.5285,0.1293
20260325193327,2400,42,0.5285,0.1293
20260325193328,2400,42,0.5285,0.1293
20260325193329,2400,42,0.5285,0.1293
20260325193330,2400,42,0.5285,0.1293
20260325193331,2400,42,0.5285,0.1293
20260325193332,2400,42,0.5285,0.1293
20260325193333,2400,42,0.5285,0.1293
20260325193334,2400,42,0.5285,0.1293
20260325193335,2400,42,0.5285,0.1293
20260325193336,2400,42,0.5285,0.1293
20260325193337,2400,42,0.5285,0.1293
20260325193338,2400,42,0.5285,0.1293
20260325193339,2400,42,0.5285,0.1293
20260325193340,2400,42,0.5285,0.1293
20260325193341,2400,42,0.5285,0.1293
20260325193342,2400,42,0.5285,0.1293
20260325193343,2400,42,0.5285,0.1293
20260325193344,2400,42,0.5285,0.1293
20260325193345,2400,42,0.5285,0.1293
20260325193346,2400,42,0.5285,0.1293
20260325193347,2400,42,0.5285,0.1293
20260325193348,2400,42,0.5285,0.1293
20260325193349,2400,42,0.5285,0.1293
20260325193350,2400,42,0.5285,0.1293
20260325193351,2400,42,0.5285,0.1293
20260325193352,2400,42,0.5285,0.1293
20260325193353,2400,42,0.5285,0.1293
20260325193354,2400,42,0.5285,0.1293
20260325193355,2400,42,0.5285,0.1293
20260325193356,2400,42,0.5285,0.1293
20260325193357,2400,42,0.5285,0.1293
20260325193358,2400,42,0.5285,0.1293
20260325193359,2400,42,0.5285,0.1293
20260325193400,2400,42,0.5285,0.1293
20260325193401,2400,42,0.5285,0.1293
20260325193402,2400,42,0.5285,0.1293
20260325193403,2400,42,0.5285,0.1293
20260325193404,2400,42,0.5285,0.1293
20260325193405,2400,42,0.5285,0.1293
20260325193406,2400,42,0.5285,0.1293
20260325193407,2400,42,0.5285,0.1293
20260325193408,2400,42,0.5285,0.1293
20260325193409,2400,42,0.5285,0.1293
20260325193410,2400,42,0.5285,0.1293
20260325193411,2400,42,0.5285,0.1293
20260325193412,2400,42,0.5285,0.1293
20260325193413,2400,42,0.5285,0.1293
20260325193414,2400,42,0.5285,0.1293
20260325193415,2400,42,0.5285,0.1293
20260325193416,2400,42,0.5285,0.1293
20260325193417,2400,42,0.5285,0.1293
20260325193418,2400,42,0.5285,0.1293
20260325193419,2400,43,0.5285,0.1293
20260325193420,2400,43,0.5285,0.1293
20260325193421,2400,43,0.5285,0.1293
20260325193422,2400,43,0.5285,0.1293
20260325193423,2400,43,0.5285,0.1293
20260325193424,2400,43,0.5285,0.1293
20260325193425,2400,43,0.5285,0.1293
20260325193426,2400,43,0.5285,0.1293
20260325193427,2400,43,0.5285,0.1293
20260325193428,2400,43,0.5285,0.1293
20260325193429,2400,43,0.5285,0.1293
20260325193430,2400,43,0.5285,0.1293
20260325193431,2400,43,0.5285,0.1293
20260325193432,2400,43,0.5285,0.1293
20260325193433,2400,43,0.5285,0.1293
20260325193434,2400,43,0.5285,0.1293
20260325193436,2400,43,0.5285,0.1293
20260325193437,2400,43,0.5285,0.1293
20260325193438,2400,43,0.5285,0.1293
20260325193439,2400,43,0.5285,0.1293
20260325193440,2400,43,0.5285,0.1293
20260325193441,2400,43,0.5285,0.1293
20260325193442,2400,43,0.5285,0.1293
20260325193443,2400,43,0.5285,0.1293
20260325193444,2400,43,0.5285,0.1293
20260325193445,2400,43,0.5285,0.1293
20260325193446,2400,43,0.5285,0.1293
20260325193447,2400,43,0.5285,0.1293
20260325193448,2400,43,0.5285,0.1293
20260325193449,2400,43,0.5285,0.1293
20260325193450,2400,43,0.5285,0.1293
20260325193451,2400,43,0.5285,0.1293
20260325193452,2400,43,0.5285,0.1293
20260325193453,2400,43,0.5285,0.1293
20260325193454,2400,43,0.5285,0.1293
20260325193455,2400,43,0.5285,0.1293
20260325193456,2400,43,0.5285,0.1293
20260325193457,2400,43,0.5285,0.1293
20260325193458,2400,43,0.5285,0.1293
20260325193459,2400,43,0.5285,0.1293
20260325193500,2400,43,0.5285,0.1293
20260325193501,2400,43,0.5285,0.1293
20260325193502,2400,43,0.5285,0.1293
20260325193503,2400,43,0.5285,0.1293
20260325193504,2400,43,0.5285,0.1293
20260325193505,2400,43,0.5285,0.1293
20260325193506,2400,43,0.5285,0.1293
20260325193507,2400,43,0.5285,0.1293
20260325193508,2400,43,0.5285,0.1293
20260325193509,2400,43,0.5285,0.1293
20260325193510,2400,43,0.5285,0.1293
20260325193511,2400,43,0.5285,0.1293
20260325193512,2400,43,0.5285,0.1293
20260325193513,2400,43,0.5285,0.1293
20260325193514,2400,43,0.5285,0.1293
20260325193515,2400,43,0.5285,0.1293
20260325193516,2400,43,0.5285,0.1293
20260325193517,2400,43,0.5285,0.1293
20260325193518,2400,44,0.5285,0.1293
20260325193519,2400,44,0.5285,0.1293
20260325193520,2400,44,0.5285,0.1293
20260325193521,2400,44,0.5285,0.1293
20260325193522,2400,44,0.5285,0.1293
20260325193523,2400,44,0.5285,0.1293
20260325193524,2400,44,0.5285,0.1293
20260325193525,2400,44,0.5285,0.1293
20260325193526,2400,44,0.5285,0.1293
20260325193527,2400,44,0.5285,0.1293
20260325193528,2400,44,0.5285,0.1293
20260325193529,2400,44,0.5285,0.1293
20260325193530,2400,44,0.5285,0.1293
20260325193531,2400,44,0.5285,0.1293
20260325193532,2400,44,0.5285,0.1293
20260325193533,2400,44,0.5285,0.1293
20260325193534,2400,44,0.5285,0.1293
20260325193535,2400,44,0.5285,0.1293
20260325193536,2400,44,0.5285,0.1293
20260325193537,2400,44,0.5285,0.1293
20260325193538,2400,44,0.5285,0.1293
20260325193539,2400,44,0.5285,0.1293
20260325193540,2400,44,0.5285,0.1293
20260325193541,2400,44,0.5285,0.1293
20260325193542,2400,44,0.5285,0.1293
20260325193543,2400,44,0.5285,0.1293
20260325193544,2400,44,0.5285,0.1293
20260325193545,2400,44,0.5285,0.1293
20260325193546,2400,44,0.5285,0.1293
20260325193547,2400,44,0.5285,0.1293
20260325193548,2400,44,0.5285,0.1293
20260325193549,2400,44,0.5285,0.1293
20260325193550,2400,44,0.5285,0.1293
20260325193551,2400,44,0.5285,0.1293
20260325193552,2400,44,0.5285,0.1293
20260325193553,2400,44,0.5285,0.1293
20260325193554,2400,44,0.5285,0.1293
20260325193555,2400,44,0.5285,0.1293
20260325193556,2400,44,0.5285,0.1293
20260325193557,2400,44,0.5285,0.1293
20260325193558,2400,44,0.5285,0.1293
20260325193559,2400,44,0.5285,0.1293
20260325193600,2400,44,0.5285,0.1293
20260325193601,2400,44,0.5285,0.1293
20260325193602,2400,44,0.5285,0.1293
20260325193603,2400,44,0.5285,0.1293
20260325193604,2400,44,0.5285,0.1293
20260325193605,2400,44,0.5285,0.1293
20260325193606,2400,44,0.5285,0.1293
20260325193607,2400,44,0.5285,0.1293
20260325193608,2400,44,0.5285,0.1293
20260325193609,2400,44,0.5285,0.1293
20260325193610,2400,44,0.5285,0.1293
20260325193611,2400,44,0.5285,0.1293
20260325193612,2400,44,0.5285,0.1293
20260325193613,2400,44,0.5285,0.1293
20260325193614,2400,44,0.5285,0.1293
20260325193615,2400,44,0.5285,0.1293
20260325193616,2400,44,0.5285,0.1293
20260325193617,2400,44,0.5285,0.1293
20260325193618,2400,45,0.5285,0.1293
20260325193619,2400,45,0.5285,0.1293
20260325193620,2400,45,0.5285,0.1293
20260325193621,2400,45,0.5285,0.1293
20260325193622,2400,45,0.5285,0.1293
20260325193623,2400,45,0.5285,0.1293
20260325193624,2400,45,0.5285,0.1293
20260325193625,2400,45,0.5285,0.1293
20260325193626,2400,45,0.5285,0.1293
20260325193627,2400,45,0.5285,0.1293
20260325193628,2400,45,0.5286,0.1293
20260325193629,2400,45,0.5286,0.1293
20260325193630,2400,45,0.5286,0.1293
20260325193631,2400,45,0.5286,0.1293
20260325193632,2400,45,0.5286,0.1293
20260325193633,2400,45,0.5286,0.1293
20260325193634,2400,45,0.5286,0.1293
20260325193635,2400,45,0.5286,0.1293
20260325193636,2400,45,0.5286,0.1293
20260325193637,2400,45,0.5286,0.1293
20260325193638,2400,45,0.5286,0.1293
20260325193639,2400,45,0.5286,0.1293
20260325193640,2400,45,0.5286,0.1293
20260325193641,2400,45,0.5286,0.1293
20260325193642,2400,45,0.5286,0.1293
20260325193644,2400,45,0.5286,0.1293
20260325193645,2400,45,0.5286,0.1293
20260325193646,2400,45,0.5286,0.1293
20260325193647,2400,45,0.5286,0.1293
20260325193648,2400,45,0.5286,0.1293
20260325193649,2400,45,0.5286,0.1293
20260325193650,2400,45,0.5286,0.1293
20260325193651,2400,45,0.5286,0.1293
20260325193652,2400,45,0.5286,0.1293
20260325193653,2400,45,0.5286,0.1293
20260325193654,2400,45,0.5286,0.1293
20260325193655,2400,45,0.5286,0.1293
20260325193656,2400,45,0.5286,0.1293
20260325193657,2400,45,0.5286,0.1293
20260325193658,2400,45,0.5286,0.1293
20260325193659,2400,45,0.5286,0.1293
20260325193700,2400,45,0.5286,0.1293
20260325193701,2400,45,0.5286,0.1293
20260325193702,2400,45,0.5286,0.1293
20260325193703,2400,45,0.5286,0.1293
20260325193704,2400,45,0.5286,0.1293
20260325193705,2400,45,0.5286,0.1293
20260325193706,2400,45,0.5286,0.1293
20260325193707,2400,45,0.5286,0.1293
20260325193708,2400,45,0.5286,0.1293
20260325193709,2400,45,0.5286,0.1293
20260325193710,2400,45,0.5286,0.1293
20260325193711,2400,45,0.5286,0.1293
20260325193712,2400,45,0.5286,0.1293
20260325193713,2400,45,0.5286,0.1293
20260325193714,2400,45,0.5286,0.1293
20260325193715,2400,45,0.5286,0.1293
20260325193716,2400,46,0.5286,0.1293
20260325193717,2400,46,0.5286,0.1293
20260325193718,2400,46,0.5286,0.1293
20260325193719,2400,46,0.5286,0.1293
20260325193720,2400,46,0.5286,0.1293
20260325193721,2400,46,0.5286,0.1293
20260325193722,2400,46,0.5286,0.1293
20260325193723,2400,46,0.5286,0.1293
20260325193724,2400,46,0.5286,0.1293
20260325193725,2400,46,0.5286,0.1293
20260325193726,2400,46,0.5286,0.1293
20260325193727,2400,46,0.5286,0.1293
20260325193728,2400,46,0.5286,0.1293
20260325193729,2400,46,0.5286,0.1293
20260325193730,2400,46,0.5286,0.1293
20260325193731,2400,46,0.5286,0.1293
20260325193732,2400,46,0.5286,0.1293
20260325193733,2400,46,0.5286,0.1293
20260325193734,2400,46,0.5286,0.1293
20260325193735,2400,46,0.5286,0.1293
20260325193736,2400,46,0.5286,0.1293
20260325193737,2400,46,0.5286,0.1293
20260325193738,2400,46,0.5286,0.1293
20260325193739,2400,46,0.5286,0.1293
20260325193740,2400,46,0.5286,0.1293
20260325193741,2400,46,0.5286,0.1293
20260325193742,2400,46,0.5286,0.1293
20260325193743,2400,46,0.5286,0.1293
20260325193744,2400,46,0.5286,0.1293
20260325193745,2400,46,0.5286,0.1293
20260325193746,2400,46,0.5286,0.1293
20260325193747,2400,46,0.5286,0.1293
20260325193748,2400,46,0.5286,0.1293
20260325193749,2400,46,0.5286,0.1293
20260325193750,2400,46,0.5286,0.1293
20260325193751,2400,46,0.5286,0.1293
20260325193752,2400,46,0.5286,0.1293
20260325193753,2400,46,0.5286,0.1293
20260325193754,2400,46,0.5286,0.1293
20260325193755,2400,46,0.5286,0.1293
20260325193756,2400,46,0.5286,0.1293
20260325193757,2400,46,0.5286,0.1293
20260325193758,2400,46,0.5286,0.1293
20260325193759,2400,46,0.5286,0.1293
20260325193800,2400,46,0.5286,0.1293
20260325193801,2400,46,0.5286,0.1293
20260325193802,2400,46,0.5286,0.1293
20260325193803,2400,46,0.5286,0.1293
20260325193804,2400,46,0.5286,0.1293
20260325193805,2400,46,0.5286,0.1293
20260325193806,2400,46,0.5286,0.1293
20260325193807,2400,46,0.5286,0.1293
20260325193808,2400,46,0.5286,0.1293
20260325193809,2400,46,0.5286,0.1293
20260325193810,2400,46,0.5286,0.1293
20260325193811,2400,46,0.5286,0.1293
20260325193812,2400,46,0.5286,0.1293
20260325193813,2400,46,0.5286,0.1293
20260325193814,2400,46,0.5286,0.1293
20260325193815,2400,47,0.5286,0.1293
20260325193816,2400,47,0.5286,0.1293
20260325193817,2400,47,0.5286,0.1293
20260325193818,2400,47,0.5286,0.1293
20260325193819,2400,47,0.5286,0.1293
20260325193820,2400,47,0.5286,0.1293
20260325193821,2400,47,0.5286,0.1293
20260325193822,2400,47,0.5286,0.1293
20260325193823,2400,47,0.5286,0.1293
20260325193824,2400,47,0.5286,0.1293
20260325193825,2400,47,0.5286,0.1293
20260325193826,2400,47,0.5286,0.1293
20260325193827,2400,47,0.5286,0.1293
20260325193828,2400,47,0.5286,0.1293
20260325193829,2400,47,0.5286,0.1293
20260325193830,2400,47,0.5286,0.1293
20260325193831,2400,47,0.5286,0.1293
20260325193832,2400,47,0.5286,0.1293
20260325193833,2400,47,0.5286,0.1293
20260325193834,2400,47,0.5286,0.1293
20260325193835,2400,47,0.5286,0.1293
20260325193836,2400,47,0.5286,0.1293
20260325193837,2400,47,0.5286,0.1293
20260325193839,2400,47,0.5286,0.1293
20260325193840,2400,47,0.5286,0.1293
20260325193841,2400,47,0.5286,0.1293
20260325193842,2400,47,0.5286,0.1293
20260325193843,2400,47,0.5286,0.1293
20260325193844,2400,47,0.5286,0.1293
20260325193845,2400,47,0.5286,0.1293
20260325193846,2400,47,0.5286,0.1293
20260325193847,2400,47,0.5286,0.1293
20260325193848,2400,47,0.5286,0.1293
20260325193849,2400,47,0.5286,0.1293
20260325193850,2400,47,0.5286,0.1293
20260325193851,2400,47,0.5286,0.1293
20260325193852,2400,47,0.5286,0.1293
20260325193853,2400,47,0.5286,0.1293
20260325193854,2400,47,0.5286,0.1293
20260325193855,2400,47,0.5286,0.1293
20260325193856,2400,47,0.5286,0.1293
20260325193857,2400,47,0.5286,0.1293
20260325193858,2400,47,0.5286,0.1293
20260325193859,2400,47,0.5286,0.1293
20260325193900,2400,47,0.5286,0.1293
20260325193901,2400,47,0.5286,0.1293
20260325193902,2400,47,0.5286,0.1293
20260325193903,2400,47,0.5286,0.1293
20260325193904,2400,47,0.5286,0.1293
20260325193905,2400,47,0.5286,0.1293
20260325193906,2400,47,0.5286,0.1293
20260325193907,2400,47,0.5286,0.1293
20260325193908,2400,47,0.5286,0.1293
20260325193909,2400,47,0.5286,0.1293
20260325193910,2400,47,0.5286,0.1293
20260325193911,2400,47,0.5286,0.1293
20260325193912,2400,47,0.5286,0.1293
20260325193913,2400,47,0.5286,0.1293
20260325193914,2400,48,0.5286,0.1293
20260325193915,2400,48,0.5286,0.1293
20260325193916,2400,48,0.5286,0.1293
20260325193917,2400,48,0.5286,0.1293
20260325193918,2400,48,0.5286,0.1293
20260325193919,2400,48,0.5286,0.1293
20260325193920,2400,48,0.5286,0.1293
20260325193921,2400,48,0.5286,0.1293
20260325193922,2400,48,0.5286,0.1293
20260325193923,2400,48,0.5286,0.1293
20260325193924,2400,48,0.5286,0.1293
20260325193925,2400,48,0.5286,0.1293
20260325193926,2400,48,0.5286,0.1293
20260325193927,2400,48,0.5286,0.1293
20260325193928,2400,48,0.5286,0.1293
20260325193929,2400,48,0.5286,0.1293
20260325193930,2400,48,0.5286,0.1293
20260325193931,2400,48,0.5286,0.1293
20260325193932,2400,48,0.5286,0.1293
20260325193933,2400,48,0.5286,0.1293
20260325193934,2400,48,0.5286,0.1293
20260325193935,2400,48,0.5286,0.1293
20260325193936,2400,48,0.5286,0.1293
20260325193937,2400,48,0.5286,0.1293
20260325193938,2400,48,0.5286,0.1293
20260325193939,2400,48,0.5286,0.1293
20260325193940,2400,48,0.5286,0.1293
20260325193941,2400,48,0.5286,0.1293
20260325193942,2400,48,0.5286,0.1293
20260325193943,2400,48,0.5286,0.1293
20260325193944,2400,48,0.5286,0.1293
20260325193945,2400,48,0.5286,0.1293
20260325193946,2400,48,0.5286,0.1293
20260325193947,2400,48,0.5286,0.1293
20260325193948,2400,48,0.5286,0.1293
20260325193949,2400,48,0.5286,0.1293
20260325193950,2400,48,0.5286,0.1293
20260325193951,2400,48,0.5286,0.1293
20260325193952,2400,48,0.5286,0.1293
20260325193953,2400,48,0.5286,0.1293
20260325193954,2400,48,0.5286,0.1293
20260325193955,2400,48,0.5286,0.1293
20260325193956,2400,48,0.5286,0.1293
20260325193957,2400,48,0.5286,0.1293
20260325193958,2400,48,0.5286,0.1293
20260325193959,2400,48,0.5286,0.1293
20260325194000,2400,48,0.5286,0.1293
20260325194001,2400,48,0.5286,0.1293
20260325194002,2400,48,0.5286,0.1293
20260325194003,2400,48,0.5286,0.1293
20260325194004,2400,48,0.5286,0.1293
20260325194005,2400,48,0.5286,0.1293
20260325194006,2400,48,0.5286,0.1293
20260325194007,2400,48,0.5286,0.1293
20260325194008,2400,48,0.5286,0.1293
20260325194009,2400,48,0.5286,0.1293
