time,cpu_freq,hadoop_idx,cpu_idle,sda_idle
20260325154434,800,0,0.5263,0.1304
20260325154435,800,0,0.5263,0.1304
20260325154436,800,0,0.5263,0.1304
20260325154437,800,0,0.5263,0.1304
20260325154438,800,0,0.5263,0.1304
20260325154439,800,0,0.5263,0.1304
20260325154440,800,0,0.5263,0.1304
20260325154441,800,0,0.5263,0.1304
20260325154442,800,0,0.5263,0.1304
20260325154443,800,0,0.5263,0.1304
20260325154444,800,0,0.5263,0.1304
20260325154445,800,0,0.5263,0.1304
20260325154446,800,0,0.5263,0.1304
20260325154447,800,0,0.5263,0.1304
20260325154448,800,0,0.5263,0.1304
20260325154449,800,0,0.5263,0.1304
20260325154450,800,0,0.5263,0.1304
20260325154451,800,0,0.5263,0.1304
20260325154452,800,0,0.5263,0.1304
20260325154453,800,0,0.5263,0.1304
20260325154454,800,0,0.5263,0.1304
20260325154455,800,0,0.5263,0.1304
20260325154456,800,0,0.5263,0.1304
20260325154457,800,0,0.5263,0.1304
20260325154458,800,0,0.5263,0.1304
20260325154459,800,0,0.5263,0.1304
20260325154500,800,0,0.5263,0.1304
20260325154501,800,0,0.5263,0.1304
20260325154502,800,0,0.5263,0.1304
20260325154504,800,0,0.5263,0.1304
20260325154505,800,0,0.5263,0.1304
20260325154506,800,0,0.5263,0.1304
20260325154507,800,0,0.5263,0.1304
20260325154508,800,0,0.5263,0.1304
20260325154509,800,0,0.5263,0.1304
20260325154510,800,0,0.5263,0.1304
20260325154511,800,0,0.5263,0.1304
20260325154512,800,0,0.5263,0.1304
20260325154513,800,0,0.5263,0.1304
20260325154514,800,0,0.5263,0.1304
20260325154515,800,0,0.5263,0.1304
20260325154516,800,0,0.5263,0.1304
20260325154517,800,0,0.5263,0.1304
20260325154518,800,0,0.5263,0.1304
20260325154519,800,0,0.5263,0.1304
20260325154520,800,0,0.5263,0.1304
20260325154521,800,0,0.5263,0.1304
20260325154522,800,0,0.5263,0.1304
20260325154523,800,0,0.5263,0.1304
20260325154524,800,0,0.5263,0.1304
20260325154525,800,0,0.5263,0.1304
20260325154526,800,0,0.5263,0.1304
20260325154527,800,0,0.5263,0.1304
20260325154528,800,0,0.5263,0.1304
20260325154529,800,0,0.5263,0.1304
20260325154530,800,0,0.5263,0.1304
20260325154531,800,0,0.5263,0.1304
20260325154532,800,0,0.5263,0.1304
20260325154533,800,0,0.5263,0.1304
20260325154534,800,0,0.5263,0.1304
20260325154535,800,0,0.5263,0.1304
20260325154536,800,0,0.5263,0.1304
20260325154537,800,0,0.5263,0.1304
20260325154538,800,0,0.5263,0.1304
20260325154539,800,0,0.5263,0.1304
20260325154540,800,0,0.5263,0.1304
20260325154541,800,0,0.5263,0.1304
20260325154542,800,0,0.5263,0.1304
20260325154543,800,0,0.5263,0.1304
20260325154544,800,0,0.5263,0.1304
20260325154545,800,0,0.5263,0.1304
20260325154546,800,0,0.5263,0.1304
20260325154547,800,0,0.5263,0.1304
20260325154548,800,0,0.5263,0.1304
20260325154549,800,0,0.5263,0.1304
20260325154550,800,0,0.5263,0.1304
20260325154551,800,0,0.5263,0.1304
20260325154553,800,0,0.5263,0.1304
20260325154554,800,0,0.5263,0.1304
20260325154555,800,0,0.5263,0.1304
20260325154556,800,0,0.5263,0.1304
20260325154557,800,0,0.5263,0.1304
20260325154558,800,0,0.5263,0.1304
20260325154559,800,0,0.5263,0.1304
20260325154600,800,0,0.5263,0.1304
20260325154601,800,0,0.5263,0.1304
20260325154602,800,0,0.5263,0.1304
20260325154603,800,0,0.5263,0.1304
20260325154604,800,0,0.5263,0.1304
20260325154605,800,0,0.5263,0.1304
20260325154606,800,0,0.5263,0.1304
20260325154607,800,0,0.5263,0.1304
20260325154608,800,0,0.5263,0.1304
20260325154609,800,0,0.5263,0.1304
20260325154610,800,0,0.5263,0.1304
20260325154611,800,0,0.5263,0.1304
20260325154612,800,0,0.5263,0.1304
20260325154613,800,0,0.5263,0.1304
20260325154614,800,0,0.5263,0.1304
20260325154615,800,0,0.5263,0.1304
20260325154616,800,0,0.5263,0.1304
20260325154617,800,0,0.5263,0.1304
20260325154618,800,0,0.5263,0.1304
20260325154619,800,0,0.5263,0.1304
20260325154620,800,0,0.5263,0.1304
20260325154621,800,0,0.5263,0.1304
20260325154622,800,0,0.5263,0.1304
20260325154623,800,0,0.5263,0.1304
20260325154624,800,0,0.5263,0.1304
20260325154625,800,0,0.5263,0.1304
20260325154626,800,0,0.5263,0.1304
20260325154627,800,0,0.5263,0.1304
20260325154628,800,0,0.5263,0.1304
20260325154629,800,0,0.5263,0.1304
20260325154630,800,0,0.5263,0.1304
20260325154631,800,0,0.5263,0.1304
20260325154632,800,0,0.5263,0.1304
20260325154633,800,0,0.5263,0.1304
20260325154634,800,0,0.5263,0.1304
20260325154635,800,0,0.5263,0.1304
20260325154636,800,0,0.5263,0.1304
20260325154637,800,0,0.5263,0.1304
20260325154638,800,0,0.5263,0.1304
20260325154639,800,0,0.5263,0.1304
20260325154640,800,0,0.5263,0.1304
20260325154641,800,0,0.5263,0.1304
20260325154642,800,0,0.5263,0.1304
20260325154643,800,0,0.5263,0.1304
20260325154644,800,0,0.5263,0.1304
20260325154645,800,0,0.5263,0.1304
20260325154646,800,0,0.5263,0.1304
20260325154647,800,0,0.5263,0.1304
20260325154648,800,0,0.5263,0.1304
20260325154650,800,0,0.5263,0.1304
20260325154651,800,0,0.5263,0.1304
20260325154652,800,0,0.5263,0.1304
20260325154653,800,0,0.5263,0.1304
20260325154654,800,0,0.5263,0.1304
20260325154655,800,0,0.5263,0.1304
20260325154656,800,0,0.5263,0.1304
20260325154657,800,0,0.5263,0.1304
20260325154658,800,0,0.5263,0.1304
20260325154659,800,0,0.5263,0.1304
20260325154700,800,0,0.5263,0.1304
20260325154701,800,0,0.5263,0.1304
20260325154702,800,0,0.5263,0.1304
20260325154703,800,0,0.5263,0.1304
20260325154704,800,0,0.5263,0.1304
20260325154705,800,0,0.5263,0.1304
20260325154706,800,0,0.5263,0.1304
20260325154707,800,0,0.5263,0.1304
20260325154708,800,0,0.5263,0.1304
20260325154709,800,0,0.5263,0.1304
20260325154710,800,0,0.5263,0.1304
20260325154711,800,0,0.5263,0.1304
20260325154712,800,0,0.5263,0.1304
20260325154713,800,0,0.5263,0.1304
20260325154714,800,0,0.5263,0.1304
20260325154715,800,0,0.5263,0.1304
20260325154716,800,0,0.5263,0.1304
20260325154717,800,0,0.5263,0.1304
20260325154718,800,0,0.5263,0.1304
20260325154719,800,0,0.5263,0.1304
20260325154720,800,0,0.5263,0.1304
20260325154721,800,0,0.5263,0.1304
20260325154722,800,0,0.5263,0.1304
20260325154723,800,0,0.5263,0.1304
20260325154724,800,0,0.5263,0.1304
20260325154725,800,0,0.5263,0.1304
20260325154726,800,0,0.5263,0.1304
20260325154727,800,0,0.5263,0.1304
20260325154728,800,1,0.5263,0.1304
20260325154729,800,1,0.5263,0.1304
20260325154730,800,1,0.5263,0.1304
20260325154731,800,1,0.5263,0.1304
20260325154732,800,1,0.5263,0.1304
20260325154733,800,1,0.5263,0.1304
20260325154734,800,1,0.5263,0.1304
20260325154735,800,1,0.5263,0.1304
20260325154736,800,1,0.5263,0.1304
20260325154737,800,1,0.5263,0.1304
20260325154738,800,1,0.5263,0.1304
20260325154739,800,1,0.5263,0.1304
20260325154740,800,1,0.5263,0.1304
20260325154742,800,1,0.5263,0.1304
20260325154743,800,1,0.5263,0.1304
20260325154744,800,1,0.5263,0.1304
20260325154745,800,1,0.5263,0.1304
20260325154746,800,1,0.5263,0.1304
20260325154747,800,1,0.5263,0.1304
20260325154748,800,1,0.5263,0.1304
20260325154749,800,1,0.5263,0.1304
20260325154750,800,1,0.5263,0.1304
20260325154751,800,1,0.5263,0.1304
20260325154752,800,1,0.5263,0.1304
20260325154753,800,1,0.5263,0.1304
20260325154754,800,1,0.5263,0.1304
20260325154755,800,1,0.5263,0.1304
20260325154756,800,1,0.5263,0.1304
20260325154757,800,1,0.5263,0.1304
20260325154758,800,1,0.5263,0.1304
20260325154759,800,1,0.5263,0.1304
20260325154800,800,1,0.5263,0.1304
20260325154801,800,1,0.5263,0.1304
20260325154802,800,1,0.5263,0.1304
20260325154803,800,1,0.5263,0.1304
20260325154804,800,1,0.5263,0.1304
20260325154805,800,1,0.5263,0.1304
20260325154806,800,1,0.5263,0.1304
20260325154807,800,1,0.5263,0.1304
20260325154808,800,1,0.5263,0.1304
20260325154809,800,1,0.5263,0.1304
20260325154810,800,1,0.5263,0.1304
20260325154811,800,1,0.5263,0.1304
20260325154812,800,1,0.5263,0.1304
20260325154813,800,1,0.5263,0.1304
20260325154814,800,1,0.5263,0.1304
20260325154815,800,1,0.5263,0.1304
20260325154816,800,1,0.5263,0.1304
20260325154817,800,1,0.5263,0.1304
20260325154818,800,1,0.5263,0.1304
20260325154820,800,1,0.5263,0.1304
20260325154821,800,1,0.5263,0.1304
20260325154822,800,1,0.5263,0.1304
20260325154823,800,1,0.5263,0.1304
20260325154824,800,1,0.5263,0.1304
20260325154825,800,1,0.5263,0.1304
20260325154826,800,1,0.5263,0.1304
20260325154827,800,1,0.5263,0.1304
20260325154828,800,1,0.5263,0.1304
20260325154829,800,1,0.5263,0.1304
20260325154830,800,1,0.5263,0.1304
20260325154831,800,1,0.5263,0.1304
20260325154832,800,1,0.5263,0.1304
20260325154833,800,1,0.5263,0.1304
20260325154834,800,1,0.5263,0.1304
20260325154835,800,1,0.5263,0.1304
20260325154836,800,1,0.5263,0.1304
20260325154837,800,1,0.5263,0.1304
20260325154838,800,1,0.5263,0.1304
20260325154839,800,1,0.5263,0.1304
20260325154840,800,1,0.5263,0.1304
20260325154841,800,1,0.5263,0.1304
20260325154842,800,1,0.5263,0.1304
20260325154843,800,1,0.5263,0.1304
20260325154844,800,1,0.5263,0.1304
20260325154845,800,1,0.5263,0.1304
20260325154846,800,1,0.5263,0.1304
20260325154847,800,1,0.5263,0.1304
20260325154848,800,1,0.5263,0.1304
20260325154849,800,1,0.5263,0.1304
20260325154850,800,1,0.5263,0.1304
20260325154851,800,1,0.5263,0.1304
20260325154852,800,1,0.5263,0.1304
20260325154853,800,1,0.5263,0.1304
20260325154854,800,1,0.5263,0.1304
20260325154855,800,1,0.5263,0.1304
20260325154856,800,1,0.5263,0.1304
20260325154857,800,1,0.5263,0.1304
20260325154858,800,1,0.5263,0.1304
20260325154859,800,1,0.5263,0.1304
20260325154900,800,1,0.5263,0.1304
20260325154901,800,1,0.5263,0.1304
20260325154902,800,1,0.5263,0.1304
20260325154903,800,1,0.5263,0.1304
20260325154904,800,1,0.5263,0.1304
20260325154905,800,1,0.5263,0.1304
20260325154906,800,1,0.5263,0.1304
20260325154907,800,1,0.5263,0.1304
20260325154908,800,1,0.5263,0.1304
20260325154909,800,1,0.5263,0.1304
20260325154910,800,1,0.5263,0.1304
20260325154911,800,1,0.5263,0.1304
20260325154912,800,1,0.5263,0.1304
20260325154913,800,1,0.5263,0.1304
20260325154914,800,1,0.5263,0.1304
20260325154915,800,1,0.5263,0.1304
20260325154916,800,1,0.5263,0.1304
20260325154917,800,1,0.5263,0.1304
20260325154919,800,1,0.5263,0.1304
20260325154920,800,1,0.5263,0.1304
20260325154921,800,1,0.5263,0.1304
20260325154922,800,1,0.5263,0.1304
20260325154923,800,1,0.5263,0.1304
20260325154924,800,1,0.5263,0.1304
20260325154925,800,1,0.5263,0.1304
20260325154926,800,1,0.5263,0.1304
20260325154927,800,1,0.5263,0.1304
20260325154928,800,1,0.5263,0.1304
20260325154929,800,1,0.5263,0.1304
20260325154930,800,1,0.5263,0.1304
20260325154931,800,1,0.5263,0.1304
20260325154932,800,1,0.5263,0.1304
20260325154933,800,1,0.5263,0.1304
20260325154934,800,1,0.5263,0.1304
20260325154935,800,1,0.5263,0.1304
20260325154936,800,1,0.5263,0.1304
20260325154937,800,1,0.5263,0.1304
20260325154938,800,1,0.5263,0.1304
20260325154939,800,1,0.5263,0.1304
20260325154940,800,1,0.5263,0.1304
20260325154941,800,1,0.5263,0.1304
20260325154942,800,1,0.5263,0.1304
20260325154943,800,1,0.5263,0.1304
20260325154944,800,1,0.5263,0.1304
20260325154945,800,1,0.5263,0.1304
20260325154946,800,1,0.5263,0.1304
20260325154947,800,1,0.5263,0.1304
20260325154948,800,1,0.5263,0.1304
20260325154949,800,1,0.5263,0.1304
20260325154950,800,1,0.5263,0.1304
20260325154951,800,1,0.5263,0.1304
20260325154952,800,1,0.5263,0.1304
20260325154953,800,1,0.5263,0.1304
20260325154954,800,1,0.5263,0.1304
20260325154955,800,1,0.5263,0.1304
20260325154956,800,1,0.5263,0.1304
20260325154957,800,1,0.5263,0.1304
20260325154958,800,1,0.5263,0.1304
20260325154959,800,1,0.5263,0.1304
20260325155000,800,1,0.5263,0.1304
20260325155001,800,1,0.5263,0.1304
20260325155002,800,1,0.5263,0.1304
20260325155003,800,1,0.5263,0.1304
20260325155004,800,1,0.5263,0.1304
20260325155005,800,1,0.5263,0.1304
20260325155006,800,1,0.5263,0.1304
20260325155007,800,1,0.5263,0.1304
20260325155008,800,1,0.5263,0.1304
20260325155009,800,1,0.5263,0.1304
20260325155010,800,1,0.5263,0.1304
20260325155011,800,1,0.5263,0.1304
20260325155012,800,1,0.5263,0.1304
20260325155013,800,1,0.5263,0.1304
20260325155014,800,1,0.5263,0.1304
20260325155015,800,1,0.5263,0.1304
20260325155016,800,1,0.5263,0.1304
20260325155017,800,1,0.5263,0.1304
20260325155018,800,1,0.5263,0.1304
20260325155020,800,2,0.5263,0.1304
20260325155021,800,2,0.5263,0.1304
20260325155022,800,2,0.5263,0.1304
20260325155023,800,2,0.5263,0.1304
20260325155024,800,2,0.5263,0.1304
20260325155025,800,2,0.5263,0.1304
20260325155026,800,2,0.5263,0.1304
20260325155027,800,2,0.5263,0.1304
20260325155028,800,2,0.5263,0.1304
20260325155029,800,2,0.5263,0.1304
20260325155030,800,2,0.5263,0.1304
20260325155031,800,2,0.5263,0.1304
20260325155032,800,2,0.5263,0.1304
20260325155033,800,2,0.5263,0.1304
20260325155034,800,2,0.5263,0.1304
20260325155035,800,2,0.5263,0.1304
20260325155036,800,2,0.5263,0.1304
20260325155037,800,2,0.5263,0.1304
20260325155038,800,2,0.5263,0.1304
20260325155039,800,2,0.5263,0.1304
20260325155040,800,2,0.5263,0.1304
20260325155041,800,2,0.5263,0.1304
20260325155042,800,2,0.5263,0.1304
20260325155043,800,2,0.5263,0.1304
20260325155044,800,2,0.5263,0.1304
20260325155045,800,2,0.5263,0.1304
20260325155046,800,2,0.5263,0.1304
20260325155047,800,2,0.5263,0.1304
20260325155048,800,2,0.5263,0.1304
20260325155049,800,2,0.5263,0.1304
20260325155050,800,2,0.5263,0.1304
20260325155051,800,2,0.5263,0.1304
20260325155052,800,2,0.5263,0.1304
20260325155053,800,2,0.5263,0.1304
20260325155054,800,2,0.5263,0.1304
20260325155055,800,2,0.5263,0.1304
20260325155056,800,2,0.5263,0.1304
20260325155057,800,2,0.5263,0.1304
20260325155058,800,2,0.5263,0.1304
20260325155059,800,2,0.5263,0.1304
20260325155100,800,2,0.5263,0.1304
20260325155101,800,2,0.5263,0.1304
20260325155102,800,2,0.5263,0.1304
20260325155103,800,2,0.5263,0.1304
20260325155104,800,2,0.5263,0.1304
20260325155105,800,2,0.5263,0.1304
20260325155106,800,2,0.5263,0.1304
20260325155107,800,2,0.5263,0.1304
20260325155108,800,2,0.5264,0.1304
20260325155109,800,2,0.5264,0.1304
20260325155110,800,2,0.5264,0.1304
20260325155111,800,2,0.5264,0.1304
20260325155112,800,2,0.5264,0.1304
20260325155113,800,2,0.5264,0.1304
20260325155114,800,2,0.5264,0.1304
20260325155115,800,2,0.5264,0.1304
20260325155116,800,2,0.5264,0.1304
20260325155117,800,2,0.5264,0.1304
20260325155119,800,2,0.5264,0.1304
20260325155120,800,2,0.5264,0.1304
20260325155121,800,2,0.5264,0.1304
20260325155122,800,2,0.5264,0.1304
20260325155123,800,2,0.5264,0.1304
20260325155124,800,2,0.5264,0.1304
20260325155125,800,2,0.5264,0.1304
20260325155126,800,2,0.5264,0.1304
20260325155127,800,2,0.5264,0.1304
20260325155128,800,2,0.5264,0.1304
20260325155129,800,2,0.5264,0.1304
20260325155130,800,2,0.5264,0.1304
20260325155131,800,2,0.5264,0.1304
20260325155132,800,2,0.5264,0.1304
20260325155133,800,2,0.5264,0.1304
20260325155134,800,2,0.5264,0.1304
20260325155135,800,2,0.5264,0.1304
20260325155136,800,2,0.5264,0.1304
20260325155137,800,2,0.5264,0.1304
20260325155138,800,2,0.5264,0.1304
20260325155139,800,2,0.5264,0.1304
20260325155140,800,2,0.5264,0.1304
20260325155141,800,2,0.5264,0.1304
20260325155142,800,2,0.5264,0.1304
20260325155143,800,2,0.5264,0.1304
20260325155144,800,2,0.5264,0.1304
20260325155145,800,2,0.5264,0.1304
20260325155146,800,2,0.5264,0.1304
20260325155147,800,2,0.5264,0.1304
20260325155148,800,2,0.5264,0.1304
20260325155149,800,2,0.5264,0.1304
20260325155150,800,2,0.5264,0.1304
20260325155151,800,2,0.5264,0.1304
20260325155152,800,2,0.5264,0.1304
20260325155153,800,2,0.5264,0.1304
20260325155154,800,2,0.5264,0.1304
20260325155155,800,2,0.5264,0.1304
20260325155156,800,2,0.5264,0.1304
20260325155157,800,2,0.5264,0.1304
20260325155158,800,2,0.5264,0.1304
20260325155159,800,2,0.5264,0.1304
20260325155200,800,2,0.5264,0.1304
20260325155201,800,2,0.5264,0.1304
20260325155202,800,2,0.5264,0.1304
20260325155203,800,2,0.5264,0.1304
20260325155204,800,2,0.5264,0.1304
20260325155205,800,2,0.5264,0.1304
20260325155206,800,2,0.5264,0.1304
20260325155207,800,2,0.5264,0.1304
20260325155208,800,2,0.5264,0.1304
20260325155209,800,2,0.5264,0.1304
20260325155210,800,2,0.5264,0.1304
20260325155211,800,2,0.5264,0.1304
20260325155212,800,2,0.5264,0.1304
20260325155213,800,2,0.5264,0.1304
20260325155214,800,2,0.5264,0.1304
20260325155215,800,2,0.5264,0.1304
20260325155216,800,2,0.5264,0.1304
20260325155217,800,2,0.5264,0.1304
20260325155219,800,2,0.5264,0.1304
20260325155220,800,2,0.5264,0.1304
20260325155221,800,2,0.5264,0.1304
20260325155222,800,2,0.5264,0.1304
20260325155223,800,2,0.5264,0.1304
20260325155224,800,2,0.5264,0.1304
20260325155225,800,2,0.5264,0.1304
20260325155226,800,2,0.5264,0.1304
20260325155227,800,2,0.5264,0.1304
20260325155228,800,2,0.5264,0.1304
20260325155229,800,2,0.5264,0.1304
20260325155230,800,2,0.5264,0.1304
20260325155231,800,2,0.5264,0.1304
20260325155232,800,2,0.5264,0.1304
20260325155233,800,2,0.5264,0.1304
20260325155234,800,2,0.5264,0.1304
20260325155235,800,2,0.5264,0.1304
20260325155236,800,2,0.5264,0.1304
20260325155237,800,2,0.5264,0.1304
20260325155238,800,2,0.5264,0.1304
20260325155239,800,2,0.5264,0.1304
20260325155240,800,2,0.5264,0.1304
20260325155241,800,2,0.5264,0.1304
20260325155242,800,2,0.5264,0.1304
20260325155243,800,2,0.5264,0.1304
20260325155244,800,2,0.5264,0.1304
20260325155245,800,2,0.5264,0.1304
20260325155246,800,2,0.5264,0.1304
20260325155247,800,2,0.5264,0.1304
20260325155248,800,2,0.5264,0.1304
20260325155249,800,2,0.5264,0.1304
20260325155250,800,2,0.5264,0.1304
20260325155251,800,2,0.5264,0.1304
20260325155252,800,2,0.5264,0.1304
20260325155253,800,2,0.5264,0.1304
20260325155254,800,2,0.5264,0.1304
20260325155255,800,2,0.5264,0.1304
20260325155256,800,2,0.5264,0.1304
20260325155257,800,2,0.5264,0.1304
20260325155258,800,2,0.5264,0.1304
20260325155259,800,2,0.5264,0.1304
20260325155300,800,2,0.5264,0.1304
20260325155301,800,2,0.5264,0.1304
20260325155302,800,2,0.5264,0.1304
20260325155303,800,2,0.5264,0.1304
20260325155304,800,2,0.5264,0.1304
20260325155305,800,2,0.5264,0.1304
20260325155306,800,2,0.5264,0.1304
20260325155307,800,2,0.5264,0.1304
20260325155308,800,2,0.5264,0.1304
20260325155309,800,2,0.5264,0.1304
20260325155310,800,2,0.5264,0.1304
20260325155311,800,3,0.5264,0.1304
20260325155312,800,3,0.5264,0.1304
20260325155313,800,3,0.5264,0.1304
20260325155314,800,3,0.5264,0.1304
20260325155316,800,3,0.5264,0.1304
20260325155317,800,3,0.5264,0.1304
20260325155318,800,3,0.5264,0.1304
20260325155319,800,3,0.5264,0.1304
20260325155320,800,3,0.5264,0.1304
20260325155321,800,3,0.5264,0.1304
20260325155322,800,3,0.5264,0.1304
20260325155323,800,3,0.5264,0.1304
20260325155324,800,3,0.5264,0.1304
20260325155325,800,3,0.5264,0.1304
20260325155326,800,3,0.5264,0.1304
20260325155327,800,3,0.5264,0.1304
20260325155328,800,3,0.5264,0.1304
20260325155329,800,3,0.5264,0.1304
20260325155330,800,3,0.5264,0.1304
20260325155331,800,3,0.5264,0.1304
20260325155332,800,3,0.5264,0.1304
20260325155333,800,3,0.5264,0.1304
20260325155334,800,3,0.5264,0.1304
20260325155335,800,3,0.5264,0.1304
20260325155336,800,3,0.5264,0.1304
20260325155337,800,3,0.5264,0.1304
20260325155338,800,3,0.5264,0.1304
20260325155339,800,3,0.5264,0.1304
20260325155340,800,3,0.5264,0.1304
20260325155341,800,3,0.5264,0.1304
20260325155342,800,3,0.5264,0.1304
20260325155343,800,3,0.5264,0.1304
20260325155344,800,3,0.5264,0.1304
20260325155345,800,3,0.5264,0.1304
20260325155346,800,3,0.5264,0.1304
20260325155347,800,3,0.5264,0.1304
20260325155348,800,3,0.5264,0.1304
20260325155349,800,3,0.5264,0.1304
20260325155350,800,3,0.5264,0.1304
20260325155351,800,3,0.5264,0.1304
20260325155352,800,3,0.5264,0.1304
20260325155354,800,3,0.5264,0.1304
20260325155355,800,3,0.5264,0.1304
20260325155356,800,3,0.5264,0.1304
20260325155357,800,3,0.5264,0.1304
20260325155358,800,3,0.5264,0.1304
20260325155359,800,3,0.5264,0.1304
20260325155400,800,3,0.5264,0.1304
20260325155401,800,3,0.5264,0.1304
20260325155402,800,3,0.5264,0.1304
20260325155403,800,3,0.5264,0.1304
20260325155404,800,3,0.5264,0.1304
20260325155405,800,3,0.5264,0.1304
20260325155406,800,3,0.5264,0.1304
20260325155407,800,3,0.5264,0.1304
20260325155408,800,3,0.5264,0.1304
20260325155409,800,3,0.5264,0.1304
20260325155410,800,3,0.5264,0.1304
20260325155411,800,3,0.5264,0.1304
20260325155412,800,3,0.5264,0.1304
20260325155413,800,3,0.5264,0.1304
20260325155414,800,3,0.5264,0.1304
20260325155415,800,3,0.5264,0.1304
20260325155416,800,3,0.5264,0.1304
20260325155417,800,3,0.5264,0.1304
20260325155418,800,3,0.5264,0.1304
20260325155419,800,3,0.5264,0.1304
20260325155420,800,3,0.5264,0.1304
20260325155421,800,3,0.5264,0.1304
20260325155422,800,3,0.5264,0.1304
20260325155423,800,3,0.5264,0.1304
20260325155424,800,3,0.5264,0.1304
20260325155425,800,3,0.5264,0.1304
20260325155426,800,3,0.5264,0.1304
20260325155427,800,3,0.5264,0.1304
20260325155428,800,3,0.5264,0.1304
20260325155429,800,3,0.5264,0.1304
20260325155430,800,3,0.5264,0.1304
20260325155431,800,3,0.5264,0.1304
20260325155432,800,3,0.5264,0.1304
20260325155433,800,3,0.5264,0.1304
20260325155434,800,3,0.5264,0.1304
20260325155435,800,3,0.5264,0.1304
20260325155436,800,3,0.5264,0.1304
20260325155437,800,3,0.5264,0.1304
20260325155438,800,3,0.5264,0.1304
20260325155439,800,3,0.5264,0.1304
20260325155440,800,3,0.5264,0.1304
20260325155441,800,3,0.5264,0.1304
20260325155442,800,3,0.5264,0.1304
20260325155443,800,3,0.5264,0.1304
20260325155444,800,3,0.5264,0.1304
20260325155445,800,3,0.5264,0.1304
20260325155446,800,3,0.5264,0.1304
20260325155447,800,3,0.5264,0.1304
20260325155448,800,3,0.5264,0.1304
20260325155449,800,3,0.5264,0.1304
20260325155450,800,3,0.5264,0.1304
20260325155452,800,3,0.5264,0.1304
20260325155453,800,3,0.5264,0.1304
20260325155454,800,3,0.5264,0.1304
20260325155455,800,3,0.5264,0.1304
20260325155456,800,3,0.5264,0.1304
20260325155457,800,3,0.5264,0.1304
20260325155458,800,3,0.5264,0.1304
20260325155459,800,3,0.5264,0.1304
20260325155500,800,3,0.5264,0.1304
20260325155501,800,3,0.5264,0.1304
20260325155502,800,3,0.5264,0.1304
20260325155503,800,3,0.5264,0.1304
20260325155504,800,3,0.5264,0.1304
20260325155505,800,3,0.5264,0.1304
20260325155506,800,3,0.5264,0.1304
20260325155507,800,3,0.5264,0.1304
20260325155508,800,3,0.5264,0.1304
20260325155509,800,3,0.5264,0.1304
20260325155510,800,3,0.5264,0.1304
20260325155511,800,3,0.5264,0.1304
20260325155512,800,3,0.5264,0.1304
20260325155513,800,3,0.5264,0.1304
20260325155514,800,3,0.5264,0.1304
20260325155515,800,3,0.5264,0.1304
20260325155516,800,3,0.5264,0.1304
20260325155517,800,3,0.5264,0.1304
20260325155518,800,3,0.5264,0.1304
20260325155519,800,3,0.5264,0.1304
20260325155520,800,3,0.5264,0.1304
20260325155521,800,3,0.5264,0.1304
20260325155522,800,3,0.5264,0.1304
20260325155523,800,3,0.5264,0.1304
20260325155524,800,3,0.5264,0.1304
20260325155525,800,3,0.5264,0.1304
20260325155526,800,3,0.5264,0.1304
20260325155527,800,3,0.5264,0.1304
20260325155528,800,3,0.5264,0.1304
20260325155529,800,3,0.5264,0.1304
20260325155530,800,3,0.5264,0.1304
20260325155531,800,3,0.5264,0.1304
20260325155532,800,3,0.5264,0.1304
20260325155533,800,3,0.5264,0.1304
20260325155534,800,3,0.5264,0.1304
20260325155535,800,3,0.5264,0.1304
20260325155536,800,3,0.5264,0.1304
20260325155537,800,3,0.5264,0.1304
20260325155538,800,3,0.5264,0.1304
20260325155539,800,3,0.5264,0.1304
20260325155540,800,3,0.5264,0.1304
20260325155541,800,3,0.5264,0.1304
20260325155542,800,3,0.5264,0.1304
20260325155543,800,3,0.5264,0.1304
20260325155544,800,3,0.5264,0.1304
20260325155545,800,3,0.5264,0.1304
20260325155546,800,3,0.5264,0.1304
20260325155547,800,3,0.5264,0.1304
20260325155548,800,3,0.5264,0.1304
20260325155549,800,3,0.5264,0.1304
20260325155551,800,3,0.5264,0.1304
20260325155552,800,3,0.5264,0.1304
20260325155553,800,3,0.5264,0.1304
20260325155554,800,3,0.5264,0.1304
20260325155555,800,3,0.5264,0.1304
20260325155556,800,3,0.5264,0.1304
20260325155557,800,3,0.5264,0.1304
20260325155558,800,3,0.5264,0.1304
20260325155559,800,3,0.5264,0.1304
20260325155600,800,3,0.5264,0.1304
20260325155601,800,3,0.5264,0.1304
20260325155602,800,3,0.5264,0.1304
20260325155603,800,4,0.5264,0.1304
20260325155604,800,4,0.5264,0.1304
20260325155605,800,4,0.5264,0.1304
20260325155606,800,4,0.5264,0.1304
20260325155607,800,4,0.5264,0.1304
20260325155608,800,4,0.5264,0.1304
20260325155609,800,4,0.5264,0.1304
20260325155610,800,4,0.5264,0.1304
20260325155611,800,4,0.5264,0.1304
20260325155612,800,4,0.5264,0.1304
20260325155613,800,4,0.5264,0.1304
20260325155614,800,4,0.5264,0.1304
20260325155615,800,4,0.5264,0.1304
20260325155616,800,4,0.5264,0.1304
20260325155617,800,4,0.5264,0.1304
20260325155618,800,4,0.5264,0.1304
20260325155619,800,4,0.5264,0.1304
20260325155620,800,4,0.5264,0.1304
20260325155621,800,4,0.5264,0.1304
20260325155622,800,4,0.5264,0.1304
20260325155623,800,4,0.5264,0.1304
20260325155624,800,4,0.5264,0.1304
20260325155625,800,4,0.5264,0.1304
20260325155626,800,4,0.5264,0.1304
20260325155627,800,4,0.5264,0.1304
20260325155628,800,4,0.5264,0.1304
20260325155629,800,4,0.5264,0.1304
20260325155630,800,4,0.5264,0.1304
20260325155631,800,4,0.5264,0.1304
20260325155632,800,4,0.5264,0.1304
20260325155634,800,4,0.5264,0.1304
20260325155635,800,4,0.5264,0.1304
20260325155636,800,4,0.5264,0.1304
20260325155637,800,4,0.5264,0.1304
20260325155638,800,4,0.5264,0.1304
20260325155639,800,4,0.5264,0.1304
20260325155640,800,4,0.5264,0.1304
20260325155641,800,4,0.5264,0.1304
20260325155642,800,4,0.5264,0.1304
20260325155643,800,4,0.5264,0.1304
20260325155644,800,4,0.5264,0.1304
20260325155645,800,4,0.5264,0.1304
20260325155646,800,4,0.5264,0.1304
20260325155647,800,4,0.5264,0.1304
20260325155648,800,4,0.5264,0.1304
20260325155649,800,4,0.5264,0.1304
20260325155650,800,4,0.5264,0.1304
20260325155651,800,4,0.5264,0.1304
20260325155652,800,4,0.5264,0.1304
20260325155653,800,4,0.5264,0.1304
20260325155654,800,4,0.5264,0.1304
20260325155655,800,4,0.5264,0.1304
20260325155656,800,4,0.5264,0.1304
20260325155657,800,4,0.5264,0.1304
20260325155658,800,4,0.5264,0.1304
20260325155659,800,4,0.5264,0.1304
20260325155700,800,4,0.5264,0.1304
20260325155701,800,4,0.5264,0.1304
20260325155702,800,4,0.5264,0.1304
20260325155703,800,4,0.5264,0.1304
20260325155704,800,4,0.5264,0.1304
20260325155705,800,4,0.5264,0.1304
20260325155706,800,4,0.5264,0.1304
20260325155707,800,4,0.5264,0.1304
20260325155708,800,4,0.5264,0.1304
20260325155709,800,4,0.5264,0.1304
20260325155710,800,4,0.5264,0.1304
20260325155711,800,4,0.5264,0.1304
20260325155712,800,4,0.5264,0.1304
20260325155713,800,4,0.5264,0.1304
20260325155714,800,4,0.5264,0.1304
20260325155715,800,4,0.5264,0.1304
20260325155716,800,4,0.5264,0.1304
20260325155717,800,4,0.5264,0.1304
20260325155718,800,4,0.5264,0.1304
20260325155719,800,4,0.5264,0.1304
20260325155720,800,4,0.5264,0.1304
20260325155721,800,4,0.5264,0.1304
20260325155722,800,4,0.5264,0.1304
20260325155723,800,4,0.5264,0.1304
20260325155724,800,4,0.5264,0.1304
20260325155725,800,4,0.5264,0.1304
20260325155726,800,4,0.5264,0.1304
20260325155727,800,4,0.5264,0.1304
20260325155728,800,4,0.5264,0.1304
20260325155729,800,4,0.5264,0.1304
20260325155730,800,4,0.5264,0.1304
20260325155731,800,4,0.5264,0.1304
20260325155732,800,4,0.5264,0.1304
20260325155734,800,4,0.5264,0.1304
20260325155735,800,4,0.5264,0.1304
20260325155736,800,4,0.5264,0.1304
20260325155737,800,4,0.5264,0.1304
20260325155738,800,4,0.5264,0.1304
20260325155739,800,4,0.5264,0.1304
20260325155740,800,4,0.5264,0.1304
20260325155741,800,4,0.5264,0.1304
20260325155742,800,4,0.5264,0.1304
20260325155743,800,4,0.5264,0.1304
20260325155744,800,4,0.5264,0.1304
20260325155745,800,4,0.5264,0.1304
20260325155746,800,4,0.5264,0.1304
20260325155747,800,4,0.5264,0.1304
20260325155748,800,4,0.5264,0.1304
20260325155749,800,4,0.5264,0.1304
20260325155750,800,4,0.5264,0.1304
20260325155751,800,4,0.5264,0.1304
20260325155752,800,4,0.5264,0.1304
20260325155753,800,4,0.5264,0.1304
20260325155754,800,4,0.5264,0.1304
20260325155755,800,4,0.5264,0.1304
20260325155756,800,4,0.5264,0.1304
20260325155757,800,4,0.5264,0.1304
20260325155758,800,4,0.5264,0.1304
20260325155759,800,4,0.5264,0.1304
20260325155800,800,4,0.5264,0.1304
20260325155801,800,4,0.5264,0.1304
20260325155802,800,4,0.5264,0.1304
20260325155803,800,4,0.5264,0.1304
20260325155804,800,4,0.5264,0.1304
20260325155805,800,4,0.5264,0.1304
20260325155806,800,4,0.5264,0.1304
20260325155807,800,4,0.5264,0.1304
20260325155808,800,4,0.5264,0.1304
20260325155809,800,4,0.5264,0.1304
20260325155810,800,4,0.5264,0.1304
20260325155811,800,4,0.5264,0.1304
20260325155812,800,4,0.5264,0.1304
20260325155813,800,4,0.5264,0.1304
20260325155814,800,4,0.5264,0.1304
20260325155815,800,4,0.5264,0.1304
20260325155816,800,4,0.5264,0.1304
20260325155817,800,4,0.5264,0.1304
20260325155818,800,4,0.5264,0.1304
20260325155819,800,4,0.5264,0.1304
20260325155820,800,4,0.5264,0.1304
20260325155821,800,4,0.5264,0.1304
20260325155822,800,4,0.5264,0.1304
20260325155823,800,4,0.5264,0.1304
20260325155824,800,4,0.5264,0.1304
20260325155825,800,4,0.5264,0.1304
20260325155826,800,4,0.5264,0.1304
20260325155827,800,4,0.5264,0.1304
20260325155828,800,4,0.5264,0.1304
20260325155829,800,4,0.5264,0.1304
20260325155830,800,4,0.5264,0.1304
20260325155832,800,4,0.5264,0.1304
20260325155833,800,4,0.5264,0.1304
20260325155834,800,4,0.5264,0.1304
20260325155835,800,4,0.5264,0.1304
20260325155836,800,4,0.5264,0.1304
20260325155837,800,4,0.5264,0.1304
20260325155838,800,4,0.5264,0.1304
20260325155839,800,4,0.5264,0.1304
20260325155840,800,4,0.5264,0.1304
20260325155841,800,4,0.5264,0.1304
20260325155842,800,4,0.5264,0.1304
20260325155843,800,4,0.5264,0.1304
20260325155844,800,4,0.5264,0.1304
20260325155845,800,4,0.5264,0.1304
20260325155846,800,4,0.5264,0.1304
20260325155847,800,4,0.5264,0.1304
20260325155848,800,4,0.5264,0.1304
20260325155849,800,4,0.5264,0.1304
20260325155850,800,4,0.5264,0.1304
20260325155851,800,4,0.5264,0.1304
20260325155852,800,4,0.5264,0.1304
20260325155853,800,4,0.5264,0.1304
20260325155854,800,5,0.5264,0.1304
20260325155855,800,5,0.5264,0.1304
20260325155856,800,5,0.5264,0.1304
20260325155857,800,5,0.5264,0.1304
20260325155858,800,5,0.5264,0.1304
20260325155859,800,5,0.5264,0.1304
20260325155900,800,5,0.5264,0.1304
20260325155901,800,5,0.5264,0.1304
20260325155902,800,5,0.5264,0.1304
20260325155903,800,5,0.5264,0.1304
20260325155904,800,5,0.5264,0.1304
20260325155905,800,5,0.5264,0.1304
20260325155906,800,5,0.5264,0.1304
20260325155907,800,5,0.5264,0.1304
20260325155908,800,5,0.5264,0.1304
20260325155909,800,5,0.5264,0.1304
20260325155910,800,5,0.5264,0.1304
20260325155911,800,5,0.5264,0.1304
20260325155912,800,5,0.5264,0.1304
20260325155913,800,5,0.5264,0.1304
20260325155914,800,5,0.5264,0.1304
20260325155915,800,5,0.5264,0.1304
20260325155916,800,5,0.5264,0.1304
20260325155917,800,5,0.5264,0.1304
20260325155918,800,5,0.5264,0.1304
20260325155919,800,5,0.5264,0.1304
20260325155920,800,5,0.5264,0.1304
20260325155921,800,5,0.5264,0.1304
20260325155923,800,5,0.5264,0.1304
20260325155924,800,5,0.5264,0.1304
20260325155925,800,5,0.5264,0.1304
20260325155926,800,5,0.5264,0.1304
20260325155927,800,5,0.5264,0.1304
20260325155928,800,5,0.5264,0.1304
20260325155929,800,5,0.5264,0.1304
20260325155930,800,5,0.5264,0.1304
20260325155931,800,5,0.5264,0.1304
20260325155932,800,5,0.5264,0.1304
20260325155933,800,5,0.5264,0.1304
20260325155934,800,5,0.5264,0.1304
20260325155935,800,5,0.5264,0.1304
20260325155936,800,5,0.5264,0.1304
20260325155937,800,5,0.5264,0.1304
20260325155938,800,5,0.5264,0.1304
20260325155939,800,5,0.5264,0.1304
20260325155940,800,5,0.5264,0.1304
20260325155941,800,5,0.5264,0.1304
20260325155942,800,5,0.5264,0.1304
20260325155943,800,5,0.5264,0.1304
20260325155944,800,5,0.5264,0.1304
20260325155945,800,5,0.5264,0.1304
20260325155946,800,5,0.5264,0.1304
20260325155947,800,5,0.5264,0.1304
20260325155948,800,5,0.5264,0.1304
20260325155949,800,5,0.5264,0.1304
20260325155950,800,5,0.5264,0.1304
20260325155951,800,5,0.5264,0.1304
20260325155952,800,5,0.5264,0.1304
20260325155953,800,5,0.5264,0.1304
20260325155954,800,5,0.5264,0.1304
20260325155955,800,5,0.5264,0.1304
20260325155956,800,5,0.5264,0.1304
20260325155957,800,5,0.5264,0.1304
20260325155958,800,5,0.5264,0.1304
20260325155959,800,5,0.5264,0.1304
20260325160000,800,5,0.5264,0.1304
20260325160001,800,5,0.5264,0.1304
20260325160002,800,5,0.5264,0.1304
20260325160003,800,5,0.5264,0.1304
20260325160004,800,5,0.5264,0.1304
20260325160005,800,5,0.5264,0.1304
20260325160006,800,5,0.5264,0.1304
20260325160007,800,5,0.5264,0.1304
20260325160008,800,5,0.5264,0.1304
20260325160009,800,5,0.5264,0.1304
20260325160010,800,5,0.5264,0.1304
20260325160011,800,5,0.5264,0.1304
20260325160012,800,5,0.5264,0.1304
20260325160014,800,5,0.5264,0.1304
20260325160015,800,5,0.5264,0.1304
20260325160016,800,5,0.5264,0.1304
20260325160017,800,5,0.5264,0.1304
20260325160018,800,5,0.5264,0.1304
20260325160019,800,5,0.5264,0.1304
20260325160020,800,5,0.5264,0.1304
20260325160021,800,5,0.5264,0.1304
20260325160022,800,5,0.5264,0.1304
20260325160023,800,5,0.5264,0.1304
20260325160024,800,5,0.5264,0.1304
20260325160025,800,5,0.5264,0.1304
20260325160026,800,5,0.5264,0.1304
20260325160027,800,5,0.5264,0.1304
20260325160028,800,5,0.5264,0.1304
20260325160029,800,5,0.5264,0.1304
20260325160030,800,5,0.5264,0.1304
20260325160031,800,5,0.5264,0.1304
20260325160032,800,5,0.5264,0.1304
20260325160033,800,5,0.5264,0.1304
20260325160034,800,5,0.5264,0.1304
20260325160035,800,5,0.5264,0.1304
20260325160036,800,5,0.5264,0.1304
20260325160037,800,5,0.5264,0.1304
20260325160038,800,5,0.5264,0.1304
20260325160039,800,5,0.5264,0.1304
20260325160040,800,5,0.5264,0.1304
20260325160041,800,5,0.5264,0.1304
20260325160042,800,5,0.5264,0.1304
20260325160043,800,5,0.5264,0.1303
20260325160044,800,5,0.5264,0.1303
20260325160045,800,5,0.5264,0.1303
20260325160046,800,5,0.5264,0.1303
20260325160047,800,5,0.5264,0.1303
20260325160048,800,5,0.5264,0.1303
20260325160049,800,5,0.5264,0.1303
20260325160050,800,5,0.5264,0.1303
20260325160051,800,5,0.5264,0.1303
20260325160052,800,5,0.5264,0.1303
20260325160053,800,5,0.5264,0.1303
20260325160054,800,5,0.5264,0.1303
20260325160055,800,5,0.5264,0.1303
20260325160056,800,5,0.5264,0.1303
20260325160057,800,5,0.5264,0.1303
20260325160058,800,5,0.5264,0.1303
20260325160059,800,5,0.5264,0.1303
20260325160100,800,5,0.5264,0.1303
20260325160101,800,5,0.5264,0.1303
20260325160102,800,5,0.5264,0.1303
20260325160103,800,5,0.5264,0.1303
20260325160104,800,5,0.5264,0.1303
20260325160105,800,5,0.5264,0.1303
20260325160106,800,5,0.5264,0.1303
20260325160107,800,5,0.5264,0.1303
20260325160108,800,5,0.5264,0.1303
20260325160109,800,5,0.5264,0.1303
20260325160110,800,5,0.5264,0.1303
20260325160112,800,5,0.5264,0.1303
20260325160113,800,5,0.5264,0.1303
20260325160114,800,5,0.5264,0.1303
20260325160115,800,5,0.5264,0.1303
20260325160116,800,5,0.5264,0.1303
20260325160117,800,5,0.5264,0.1303
20260325160118,800,5,0.5264,0.1303
20260325160119,800,5,0.5264,0.1303
20260325160120,800,5,0.5264,0.1303
20260325160121,800,5,0.5264,0.1303
20260325160122,800,5,0.5264,0.1303
20260325160123,800,5,0.5264,0.1303
20260325160124,800,5,0.5264,0.1303
20260325160125,800,5,0.5264,0.1303
20260325160126,800,5,0.5264,0.1303
20260325160127,800,5,0.5264,0.1303
20260325160128,800,5,0.5264,0.1303
20260325160129,800,5,0.5264,0.1303
20260325160130,800,5,0.5264,0.1303
20260325160131,800,5,0.5264,0.1303
20260325160132,800,5,0.5264,0.1303
20260325160133,800,5,0.5264,0.1303
20260325160134,800,5,0.5264,0.1303
20260325160135,800,5,0.5264,0.1303
20260325160136,800,5,0.5264,0.1303
20260325160137,800,5,0.5264,0.1303
20260325160138,800,5,0.5264,0.1303
20260325160139,800,5,0.5264,0.1303
20260325160140,800,5,0.5264,0.1303
20260325160141,800,5,0.5264,0.1303
20260325160142,800,5,0.5264,0.1303
20260325160143,800,5,0.5264,0.1303
20260325160144,800,6,0.5264,0.1303
20260325160145,800,6,0.5264,0.1303
20260325160146,800,6,0.5264,0.1303
20260325160147,800,6,0.5264,0.1303
20260325160148,800,6,0.5264,0.1303
20260325160149,800,6,0.5264,0.1303
20260325160150,800,6,0.5264,0.1303
20260325160151,800,6,0.5264,0.1303
20260325160152,800,6,0.5264,0.1303
20260325160153,800,6,0.5264,0.1303
20260325160154,800,6,0.5264,0.1303
20260325160155,800,6,0.5264,0.1303
20260325160156,800,6,0.5264,0.1303
20260325160157,800,6,0.5264,0.1303
20260325160158,800,6,0.5264,0.1303
20260325160159,800,6,0.5264,0.1303
20260325160200,800,6,0.5264,0.1303
20260325160201,800,6,0.5264,0.1303
20260325160202,800,6,0.5264,0.1303
20260325160203,800,6,0.5264,0.1303
20260325160204,800,6,0.5264,0.1303
20260325160205,800,6,0.5264,0.1303
20260325160207,800,6,0.5264,0.1303
20260325160208,800,6,0.5264,0.1303
20260325160209,800,6,0.5264,0.1303
20260325160210,800,6,0.5264,0.1303
20260325160211,800,6,0.5264,0.1303
20260325160212,800,6,0.5264,0.1303
20260325160213,800,6,0.5264,0.1303
20260325160214,800,6,0.5264,0.1303
20260325160215,800,6,0.5264,0.1303
20260325160216,800,6,0.5264,0.1303
20260325160217,800,6,0.5264,0.1303
20260325160218,800,6,0.5264,0.1303
20260325160219,800,6,0.5264,0.1303
20260325160220,800,6,0.5264,0.1303
20260325160221,800,6,0.5264,0.1303
20260325160222,800,6,0.5264,0.1303
20260325160223,800,6,0.5264,0.1303
20260325160224,800,6,0.5264,0.1303
20260325160225,800,6,0.5264,0.1303
20260325160226,800,6,0.5264,0.1303
20260325160227,800,6,0.5264,0.1303
20260325160228,800,6,0.5264,0.1303
20260325160229,800,6,0.5264,0.1303
20260325160230,800,6,0.5264,0.1303
20260325160231,800,6,0.5264,0.1303
20260325160232,800,6,0.5264,0.1303
20260325160233,800,6,0.5264,0.1303
20260325160234,800,6,0.5264,0.1303
20260325160235,800,6,0.5264,0.1303
20260325160236,800,6,0.5264,0.1303
20260325160237,800,6,0.5264,0.1303
20260325160238,800,6,0.5264,0.1303
20260325160239,800,6,0.5264,0.1303
20260325160240,800,6,0.5264,0.1303
20260325160241,800,6,0.5264,0.1303
20260325160242,800,6,0.5264,0.1303
20260325160243,800,6,0.5264,0.1303
20260325160244,800,6,0.5264,0.1303
20260325160245,800,6,0.5264,0.1303
20260325160246,800,6,0.5264,0.1303
20260325160247,800,6,0.5264,0.1303
20260325160248,800,6,0.5264,0.1303
20260325160249,800,6,0.5264,0.1303
20260325160250,800,6,0.5264,0.1303
20260325160251,800,6,0.5264,0.1303
20260325160252,800,6,0.5264,0.1303
20260325160253,800,6,0.5264,0.1303
20260325160254,800,6,0.5264,0.1303
20260325160255,800,6,0.5264,0.1303
20260325160256,800,6,0.5264,0.1303
20260325160257,800,6,0.5264,0.1303
20260325160258,800,6,0.5264,0.1303
20260325160259,800,6,0.5264,0.1303
20260325160300,800,6,0.5264,0.1303
20260325160301,800,6,0.5264,0.1303
20260325160302,800,6,0.5264,0.1303
20260325160303,800,6,0.5264,0.1303
20260325160304,800,6,0.5264,0.1303
20260325160306,800,6,0.5264,0.1303
20260325160307,800,6,0.5264,0.1303
20260325160308,800,6,0.5264,0.1303
20260325160309,800,6,0.5264,0.1303
20260325160310,800,6,0.5264,0.1303
20260325160311,800,6,0.5264,0.1303
20260325160312,800,6,0.5264,0.1303
20260325160313,800,6,0.5264,0.1303
20260325160314,800,6,0.5264,0.1303
20260325160315,800,6,0.5264,0.1303
20260325160316,800,6,0.5264,0.1303
20260325160317,800,6,0.5264,0.1303
20260325160318,800,6,0.5264,0.1303
20260325160319,800,6,0.5264,0.1303
20260325160320,800,6,0.5264,0.1303
20260325160321,800,6,0.5264,0.1303
20260325160322,800,6,0.5264,0.1303
20260325160323,800,6,0.5264,0.1303
20260325160324,800,6,0.5264,0.1303
20260325160325,800,6,0.5264,0.1303
20260325160326,800,6,0.5264,0.1303
20260325160327,800,6,0.5264,0.1303
20260325160328,800,6,0.5264,0.1303
20260325160329,800,6,0.5264,0.1303
20260325160330,800,6,0.5264,0.1303
20260325160331,800,6,0.5264,0.1303
20260325160332,800,6,0.5264,0.1303
20260325160333,800,6,0.5264,0.1303
20260325160334,800,6,0.5264,0.1303
20260325160335,800,6,0.5264,0.1303
20260325160336,800,6,0.5264,0.1303
20260325160337,800,6,0.5264,0.1303
20260325160338,800,6,0.5264,0.1303
20260325160339,800,6,0.5264,0.1303
20260325160340,800,6,0.5264,0.1303
20260325160341,800,6,0.5264,0.1303
20260325160342,800,6,0.5264,0.1303
20260325160343,800,6,0.5264,0.1303
20260325160344,800,6,0.5264,0.1303
20260325160345,800,6,0.5264,0.1303
20260325160346,800,6,0.5264,0.1303
20260325160347,800,6,0.5264,0.1303
20260325160348,800,6,0.5264,0.1303
20260325160349,800,6,0.5264,0.1303
20260325160350,800,6,0.5264,0.1303
20260325160351,800,6,0.5264,0.1303
20260325160352,800,6,0.5264,0.1303
20260325160353,800,6,0.5264,0.1303
20260325160354,800,6,0.5264,0.1303
20260325160355,800,6,0.5264,0.1303
20260325160356,800,6,0.5264,0.1303
20260325160357,800,6,0.5264,0.1303
20260325160358,800,6,0.5264,0.1303
20260325160359,800,6,0.5264,0.1303
20260325160400,800,6,0.5264,0.1303
20260325160401,800,6,0.5264,0.1303
20260325160402,800,6,0.5264,0.1303
20260325160403,800,6,0.5264,0.1303
20260325160404,800,6,0.5264,0.1303
20260325160406,800,6,0.5264,0.1303
20260325160407,800,6,0.5264,0.1303
20260325160408,800,6,0.5264,0.1303
20260325160409,800,6,0.5264,0.1303
20260325160410,800,6,0.5264,0.1303
20260325160411,800,6,0.5264,0.1303
20260325160412,800,6,0.5264,0.1303
20260325160413,800,6,0.5264,0.1303
20260325160414,800,6,0.5264,0.1303
20260325160415,800,6,0.5264,0.1303
20260325160416,800,6,0.5264,0.1303
20260325160417,800,6,0.5264,0.1303
20260325160418,800,6,0.5264,0.1303
20260325160419,800,6,0.5264,0.1303
20260325160420,800,6,0.5264,0.1303
20260325160421,800,6,0.5264,0.1303
20260325160422,800,6,0.5264,0.1303
20260325160423,800,6,0.5264,0.1303
20260325160424,800,6,0.5264,0.1303
20260325160425,800,6,0.5264,0.1303
20260325160426,800,6,0.5264,0.1303
20260325160427,800,6,0.5264,0.1303
20260325160428,800,6,0.5264,0.1303
20260325160429,800,6,0.5264,0.1303
20260325160430,800,6,0.5264,0.1303
20260325160431,800,6,0.5264,0.1303
20260325160432,800,6,0.5264,0.1303
20260325160433,800,6,0.5264,0.1303
20260325160434,800,7,0.5264,0.1303
20260325160435,800,7,0.5264,0.1303
20260325160436,800,7,0.5264,0.1303
20260325160437,800,7,0.5264,0.1303
20260325160438,800,7,0.5264,0.1303
20260325160439,800,7,0.5264,0.1303
20260325160440,800,7,0.5264,0.1303
20260325160441,800,7,0.5264,0.1303
20260325160442,800,7,0.5264,0.1303
20260325160443,800,7,0.5264,0.1303
20260325160444,800,7,0.5264,0.1303
20260325160445,800,7,0.5264,0.1303
20260325160446,800,7,0.5264,0.1303
20260325160447,800,7,0.5264,0.1303
20260325160448,800,7,0.5264,0.1303
20260325160449,800,7,0.5264,0.1303
20260325160450,800,7,0.5264,0.1303
20260325160451,800,7,0.5264,0.1303
20260325160452,800,7,0.5264,0.1303
20260325160453,800,7,0.5264,0.1303
20260325160454,800,7,0.5264,0.1303
20260325160455,800,7,0.5264,0.1303
20260325160456,800,7,0.5264,0.1303
20260325160457,800,7,0.5264,0.1303
20260325160458,800,7,0.5264,0.1303
20260325160459,800,7,0.5264,0.1303
20260325160500,800,7,0.5264,0.1303
20260325160501,800,7,0.5264,0.1303
20260325160502,800,7,0.5264,0.1303
20260325160503,800,7,0.5264,0.1303
20260325160505,800,7,0.5264,0.1303
20260325160506,800,7,0.5264,0.1303
20260325160507,800,7,0.5264,0.1303
20260325160508,800,7,0.5264,0.1303
20260325160509,800,7,0.5264,0.1303
20260325160510,800,7,0.5264,0.1303
20260325160511,800,7,0.5264,0.1303
20260325160512,800,7,0.5264,0.1303
20260325160513,800,7,0.5264,0.1303
20260325160514,800,7,0.5264,0.1303
20260325160515,800,7,0.5264,0.1303
20260325160516,800,7,0.5264,0.1303
20260325160517,800,7,0.5264,0.1303
20260325160518,800,7,0.5264,0.1303
20260325160519,800,7,0.5264,0.1303
20260325160520,800,7,0.5264,0.1303
20260325160521,800,7,0.5264,0.1303
20260325160522,800,7,0.5264,0.1303
20260325160523,800,7,0.5264,0.1303
20260325160524,800,7,0.5264,0.1303
20260325160525,800,7,0.5264,0.1303
20260325160526,800,7,0.5264,0.1303
20260325160527,800,7,0.5264,0.1303
20260325160528,800,7,0.5264,0.1303
20260325160529,800,7,0.5264,0.1303
20260325160530,800,7,0.5264,0.1303
20260325160531,800,7,0.5264,0.1303
20260325160532,800,7,0.5264,0.1303
20260325160533,800,7,0.5264,0.1303
20260325160534,800,7,0.5264,0.1303
20260325160535,800,7,0.5264,0.1303
20260325160536,800,7,0.5264,0.1303
20260325160537,800,7,0.5264,0.1303
20260325160538,800,7,0.5264,0.1303
20260325160539,800,7,0.5264,0.1303
20260325160540,800,7,0.5264,0.1303
20260325160541,800,7,0.5264,0.1303
20260325160542,800,7,0.5264,0.1303
20260325160543,800,7,0.5264,0.1303
20260325160544,800,7,0.5264,0.1303
20260325160545,800,7,0.5264,0.1303
20260325160546,800,7,0.5264,0.1303
20260325160547,800,7,0.5264,0.1303
20260325160548,800,7,0.5264,0.1303
20260325160549,800,7,0.5264,0.1303
20260325160550,800,7,0.5264,0.1303
20260325160551,800,7,0.5264,0.1303
20260325160552,800,7,0.5264,0.1303
20260325160553,800,7,0.5264,0.1303
20260325160554,800,7,0.5264,0.1303
20260325160555,800,7,0.5264,0.1303
20260325160556,800,7,0.5264,0.1303
20260325160557,800,7,0.5264,0.1303
20260325160558,800,7,0.5264,0.1303
20260325160559,800,7,0.5264,0.1303
20260325160600,800,7,0.5264,0.1303
20260325160602,800,7,0.5264,0.1303
20260325160603,800,7,0.5264,0.1303
20260325160604,800,7,0.5264,0.1303
20260325160605,800,7,0.5264,0.1303
20260325160606,800,7,0.5264,0.1303
20260325160607,800,7,0.5264,0.1303
20260325160608,800,7,0.5264,0.1303
20260325160609,800,7,0.5264,0.1303
20260325160610,800,7,0.5264,0.1303
20260325160611,800,7,0.5264,0.1303
20260325160612,800,7,0.5264,0.1303
20260325160613,800,7,0.5264,0.1303
20260325160614,800,7,0.5264,0.1303
20260325160615,800,7,0.5264,0.1303
20260325160616,800,7,0.5264,0.1303
20260325160617,800,7,0.5264,0.1303
20260325160618,800,7,0.5264,0.1303
20260325160619,800,7,0.5264,0.1303
20260325160620,800,7,0.5264,0.1303
20260325160621,800,7,0.5264,0.1303
20260325160622,800,7,0.5264,0.1303
20260325160623,800,7,0.5264,0.1303
20260325160624,800,7,0.5264,0.1303
20260325160625,800,7,0.5264,0.1303
20260325160626,800,7,0.5264,0.1303
20260325160627,800,7,0.5264,0.1303
20260325160628,800,7,0.5264,0.1303
20260325160629,800,7,0.5264,0.1303
20260325160630,800,7,0.5264,0.1303
20260325160631,800,7,0.5264,0.1303
20260325160632,800,7,0.5264,0.1303
20260325160633,800,7,0.5264,0.1303
20260325160634,800,7,0.5264,0.1303
20260325160635,800,7,0.5264,0.1303
20260325160636,800,7,0.5264,0.1303
20260325160637,800,7,0.5264,0.1303
20260325160638,800,7,0.5264,0.1303
20260325160639,800,7,0.5264,0.1303
20260325160640,800,7,0.5264,0.1303
20260325160641,800,7,0.5264,0.1303
20260325160642,800,7,0.5264,0.1303
20260325160643,800,7,0.5264,0.1303
20260325160644,800,7,0.5264,0.1303
20260325160645,800,7,0.5264,0.1303
20260325160646,800,7,0.5264,0.1303
20260325160647,800,7,0.5264,0.1303
20260325160648,800,7,0.5264,0.1303
20260325160649,800,7,0.5264,0.1303
20260325160650,800,7,0.5264,0.1303
20260325160651,800,7,0.5264,0.1303
20260325160652,800,7,0.5264,0.1303
20260325160653,800,7,0.5264,0.1303
20260325160654,800,7,0.5264,0.1303
20260325160655,800,7,0.5264,0.1303
20260325160656,800,7,0.5264,0.1303
20260325160657,800,7,0.5264,0.1303
20260325160658,800,7,0.5264,0.1303
20260325160659,800,7,0.5264,0.1303
20260325160701,800,7,0.5264,0.1303
20260325160702,800,7,0.5264,0.1303
20260325160703,800,7,0.5264,0.1303
20260325160704,800,7,0.5264,0.1303
20260325160705,800,7,0.5264,0.1303
20260325160706,800,7,0.5264,0.1303
20260325160707,800,7,0.5264,0.1303
20260325160708,800,7,0.5264,0.1303
20260325160709,800,7,0.5264,0.1303
20260325160710,800,7,0.5264,0.1303
20260325160711,800,7,0.5264,0.1303
20260325160712,800,7,0.5264,0.1303
20260325160713,800,7,0.5264,0.1303
20260325160714,800,7,0.5264,0.1303
20260325160715,800,7,0.5264,0.1303
20260325160716,800,7,0.5264,0.1303
20260325160717,800,7,0.5264,0.1303
20260325160718,800,7,0.5264,0.1303
20260325160719,800,7,0.5264,0.1303
20260325160720,800,7,0.5264,0.1303
20260325160721,800,7,0.5264,0.1303
20260325160722,800,7,0.5264,0.1303
20260325160723,800,7,0.5264,0.1303
20260325160724,800,8,0.5264,0.1303
20260325160725,800,8,0.5264,0.1303
20260325160726,800,8,0.5264,0.1303
20260325160727,800,8,0.5264,0.1303
20260325160728,800,8,0.5264,0.1303
20260325160729,800,8,0.5264,0.1303
20260325160730,800,8,0.5264,0.1303
20260325160731,800,8,0.5264,0.1303
20260325160732,800,8,0.5264,0.1303
20260325160733,800,8,0.5264,0.1303
20260325160734,800,8,0.5264,0.1303
20260325160735,800,8,0.5264,0.1303
20260325160736,800,8,0.5264,0.1303
20260325160737,800,8,0.5264,0.1303
20260325160738,800,8,0.5264,0.1303
20260325160739,800,8,0.5264,0.1303
20260325160740,800,8,0.5264,0.1303
20260325160741,800,8,0.5264,0.1303
20260325160742,800,8,0.5264,0.1303
20260325160743,800,8,0.5264,0.1303
20260325160744,800,8,0.5264,0.1303
20260325160745,800,8,0.5264,0.1303
20260325160746,800,8,0.5264,0.1303
20260325160747,800,8,0.5264,0.1303
20260325160748,800,8,0.5264,0.1303
20260325160749,800,8,0.5264,0.1303
20260325160750,800,8,0.5264,0.1303
20260325160751,800,8,0.5264,0.1303
20260325160752,800,8,0.5264,0.1303
20260325160753,800,8,0.5264,0.1303
20260325160754,800,8,0.5264,0.1303
20260325160755,800,8,0.5264,0.1303
20260325160756,800,8,0.5264,0.1303
20260325160757,800,8,0.5264,0.1303
20260325160758,800,8,0.5264,0.1303
20260325160759,800,8,0.5264,0.1303
20260325160801,800,8,0.5264,0.1303
20260325160802,800,8,0.5264,0.1303
20260325160803,800,8,0.5264,0.1303
20260325160804,800,8,0.5264,0.1303
20260325160805,800,8,0.5264,0.1303
20260325160806,800,8,0.5264,0.1303
20260325160807,800,8,0.5264,0.1303
20260325160808,800,8,0.5264,0.1303
20260325160809,800,8,0.5264,0.1303
20260325160810,800,8,0.5264,0.1303
20260325160811,800,8,0.5264,0.1303
20260325160812,800,8,0.5264,0.1303
20260325160813,800,8,0.5264,0.1303
20260325160814,800,8,0.5264,0.1303
20260325160815,800,8,0.5264,0.1303
20260325160816,800,8,0.5264,0.1303
20260325160817,800,8,0.5264,0.1303
20260325160818,800,8,0.5264,0.1303
20260325160819,800,8,0.5264,0.1303
20260325160820,800,8,0.5264,0.1303
20260325160821,800,8,0.5264,0.1303
20260325160822,800,8,0.5264,0.1303
20260325160823,800,8,0.5264,0.1303
20260325160824,800,8,0.5264,0.1303
20260325160825,800,8,0.5264,0.1303
20260325160826,800,8,0.5264,0.1303
20260325160827,800,8,0.5264,0.1303
20260325160828,800,8,0.5264,0.1303
20260325160829,800,8,0.5264,0.1303
20260325160830,800,8,0.5264,0.1303
20260325160831,800,8,0.5264,0.1303
20260325160832,800,8,0.5264,0.1303
20260325160833,800,8,0.5264,0.1303
20260325160834,800,8,0.5264,0.1303
20260325160835,800,8,0.5264,0.1303
20260325160836,800,8,0.5264,0.1303
20260325160837,800,8,0.5264,0.1303
20260325160838,800,8,0.5264,0.1303
20260325160839,800,8,0.5264,0.1303
20260325160840,800,8,0.5264,0.1303
20260325160841,800,8,0.5264,0.1303
20260325160842,800,8,0.5264,0.1303
20260325160843,800,8,0.5264,0.1303
20260325160844,800,8,0.5264,0.1303
20260325160845,800,8,0.5264,0.1303
20260325160846,800,8,0.5264,0.1303
20260325160847,800,8,0.5264,0.1303
20260325160848,800,8,0.5264,0.1303
20260325160849,800,8,0.5264,0.1303
20260325160850,800,8,0.5264,0.1303
20260325160851,800,8,0.5264,0.1303
20260325160852,800,8,0.5264,0.1303
20260325160853,800,8,0.5264,0.1303
20260325160854,800,8,0.5264,0.1303
20260325160855,800,8,0.5264,0.1303
20260325160856,800,8,0.5264,0.1303
20260325160857,800,8,0.5264,0.1303
20260325160858,800,8,0.5264,0.1303
20260325160859,800,8,0.5264,0.1303
20260325160901,800,8,0.5264,0.1303
20260325160902,800,8,0.5264,0.1303
20260325160903,800,8,0.5264,0.1303
20260325160904,800,8,0.5264,0.1303
20260325160905,800,8,0.5264,0.1303
20260325160906,800,8,0.5264,0.1303
20260325160907,800,8,0.5264,0.1303
20260325160908,800,8,0.5264,0.1303
20260325160909,800,8,0.5264,0.1303
20260325160910,800,8,0.5264,0.1303
20260325160911,800,8,0.5264,0.1303
20260325160912,800,8,0.5264,0.1303
20260325160913,800,8,0.5264,0.1303
20260325160914,800,8,0.5264,0.1303
20260325160915,800,8,0.5264,0.1303
20260325160916,800,8,0.5264,0.1303
20260325160917,800,8,0.5264,0.1303
20260325160918,800,8,0.5264,0.1303
20260325160919,800,8,0.5264,0.1303
20260325160920,800,8,0.5264,0.1303
20260325160921,800,8,0.5264,0.1303
20260325160922,800,8,0.5264,0.1303
20260325160923,800,8,0.5264,0.1303
20260325160924,800,8,0.5264,0.1303
20260325160925,800,8,0.5264,0.1303
20260325160926,800,8,0.5264,0.1303
20260325160927,800,8,0.5264,0.1303
20260325160928,800,8,0.5264,0.1303
20260325160929,800,8,0.5264,0.1303
20260325160930,800,8,0.5264,0.1303
20260325160931,800,8,0.5264,0.1303
20260325160932,800,8,0.5264,0.1303
20260325160933,800,8,0.5264,0.1303
20260325160934,800,8,0.5264,0.1303
20260325160935,800,8,0.5264,0.1303
20260325160936,800,8,0.5264,0.1303
20260325160937,800,8,0.5264,0.1303
20260325160938,800,8,0.5264,0.1303
20260325160939,800,8,0.5264,0.1303
20260325160940,800,8,0.5264,0.1303
20260325160941,800,8,0.5264,0.1303
20260325160942,800,8,0.5264,0.1303
20260325160943,800,8,0.5265,0.1303
20260325160944,800,8,0.5265,0.1303
20260325160945,800,8,0.5265,0.1303
20260325160946,800,8,0.5265,0.1303
20260325160947,800,8,0.5265,0.1303
20260325160948,800,8,0.5265,0.1303
20260325160949,800,8,0.5265,0.1303
20260325160950,800,8,0.5265,0.1303
20260325160951,800,8,0.5265,0.1303
20260325160952,800,8,0.5265,0.1303
20260325160953,800,8,0.5265,0.1303
20260325160954,800,8,0.5265,0.1303
20260325160955,800,8,0.5265,0.1303
20260325160956,800,8,0.5265,0.1303
20260325160957,800,8,0.5265,0.1303
20260325160958,800,8,0.5265,0.1303
20260325161000,800,8,0.5265,0.1303
20260325161001,800,8,0.5265,0.1303
20260325161002,800,8,0.5265,0.1303
20260325161003,800,8,0.5265,0.1303
20260325161004,800,8,0.5265,0.1303
20260325161005,800,8,0.5265,0.1303
20260325161006,800,8,0.5265,0.1303
20260325161007,800,8,0.5265,0.1303
20260325161008,800,8,0.5265,0.1303
20260325161009,800,8,0.5265,0.1303
20260325161010,800,8,0.5265,0.1303
20260325161011,800,8,0.5265,0.1303
20260325161012,800,8,0.5265,0.1303
20260325161013,800,8,0.5265,0.1303
20260325161014,800,9,0.5265,0.1303
20260325161015,800,9,0.5265,0.1303
20260325161016,800,9,0.5265,0.1303
20260325161017,800,9,0.5265,0.1303
20260325161018,800,9,0.5265,0.1303
20260325161019,800,9,0.5265,0.1303
20260325161020,800,9,0.5265,0.1303
20260325161021,800,9,0.5265,0.1303
20260325161022,800,9,0.5265,0.1303
20260325161023,800,9,0.5265,0.1303
20260325161024,800,9,0.5265,0.1303
20260325161025,800,9,0.5265,0.1303
20260325161026,800,9,0.5265,0.1303
20260325161027,800,9,0.5265,0.1303
20260325161028,800,9,0.5265,0.1303
20260325161029,800,9,0.5265,0.1303
20260325161030,800,9,0.5265,0.1303
20260325161031,800,9,0.5265,0.1303
20260325161032,800,9,0.5265,0.1303
20260325161033,800,9,0.5265,0.1303
20260325161034,800,9,0.5265,0.1303
20260325161035,800,9,0.5265,0.1303
20260325161036,800,9,0.5265,0.1303
20260325161037,800,9,0.5265,0.1303
20260325161038,800,9,0.5265,0.1303
20260325161039,800,9,0.5265,0.1303
20260325161040,800,9,0.5265,0.1303
20260325161041,800,9,0.5265,0.1303
20260325161042,800,9,0.5265,0.1303
20260325161043,800,9,0.5265,0.1303
20260325161044,800,9,0.5265,0.1303
20260325161045,800,9,0.5265,0.1303
20260325161046,800,9,0.5265,0.1303
20260325161048,800,9,0.5265,0.1303
20260325161049,800,9,0.5265,0.1303
20260325161050,800,9,0.5265,0.1303
20260325161051,800,9,0.5265,0.1303
20260325161052,800,9,0.5265,0.1303
20260325161053,800,9,0.5265,0.1303
20260325161054,800,9,0.5265,0.1303
20260325161055,800,9,0.5265,0.1303
20260325161056,800,9,0.5265,0.1303
20260325161057,800,9,0.5265,0.1303
20260325161058,800,9,0.5265,0.1303
20260325161059,800,9,0.5265,0.1303
20260325161100,800,9,0.5265,0.1303
20260325161101,800,9,0.5265,0.1303
20260325161102,800,9,0.5265,0.1303
20260325161103,800,9,0.5265,0.1303
20260325161104,800,9,0.5265,0.1303
20260325161105,800,9,0.5265,0.1303
20260325161106,800,9,0.5265,0.1303
20260325161107,800,9,0.5265,0.1303
20260325161108,800,9,0.5265,0.1303
20260325161109,800,9,0.5265,0.1303
20260325161110,800,9,0.5265,0.1303
20260325161111,800,9,0.5265,0.1303
20260325161112,800,9,0.5265,0.1303
20260325161113,800,9,0.5265,0.1303
20260325161114,800,9,0.5265,0.1303
20260325161115,800,9,0.5265,0.1303
20260325161116,800,9,0.5265,0.1303
20260325161117,800,9,0.5265,0.1303
20260325161118,800,9,0.5265,0.1303
20260325161119,800,9,0.5265,0.1303
20260325161120,800,9,0.5265,0.1303
20260325161121,800,9,0.5265,0.1303
20260325161122,800,9,0.5265,0.1303
20260325161123,800,9,0.5265,0.1303
20260325161124,800,9,0.5265,0.1303
20260325161125,800,9,0.5265,0.1303
20260325161126,800,9,0.5265,0.1303
20260325161127,800,9,0.5265,0.1303
20260325161128,800,9,0.5265,0.1303
20260325161129,800,9,0.5265,0.1303
20260325161130,800,9,0.5265,0.1303
20260325161131,800,9,0.5265,0.1303
20260325161132,800,9,0.5265,0.1303
20260325161133,800,9,0.5265,0.1303
20260325161134,800,9,0.5265,0.1303
20260325161135,800,9,0.5265,0.1303
20260325161136,800,9,0.5265,0.1303
20260325161137,800,9,0.5265,0.1303
20260325161138,800,9,0.5265,0.1303
20260325161139,800,9,0.5265,0.1303
20260325161140,800,9,0.5265,0.1303
20260325161141,800,9,0.5265,0.1303
20260325161142,800,9,0.5265,0.1303
20260325161143,800,9,0.5265,0.1303
20260325161145,800,9,0.5265,0.1303
20260325161146,800,9,0.5265,0.1303
20260325161147,800,9,0.5265,0.1303
20260325161148,800,9,0.5265,0.1303
20260325161149,800,9,0.5265,0.1303
20260325161150,800,9,0.5265,0.1303
20260325161151,800,9,0.5265,0.1303
20260325161152,800,9,0.5265,0.1303
20260325161153,800,9,0.5265,0.1303
20260325161154,800,9,0.5265,0.1303
20260325161155,800,9,0.5265,0.1303
20260325161156,800,9,0.5265,0.1303
20260325161157,800,9,0.5265,0.1303
20260325161158,800,9,0.5265,0.1303
20260325161159,800,9,0.5265,0.1303
20260325161200,800,9,0.5265,0.1303
20260325161201,800,9,0.5265,0.1303
20260325161202,800,9,0.5265,0.1303
20260325161203,800,9,0.5265,0.1303
20260325161204,800,9,0.5265,0.1303
20260325161205,800,9,0.5265,0.1303
20260325161206,800,9,0.5265,0.1303
20260325161207,800,9,0.5265,0.1303
20260325161208,800,9,0.5265,0.1303
20260325161209,800,9,0.5265,0.1303
20260325161210,800,9,0.5265,0.1303
20260325161211,800,9,0.5265,0.1303
20260325161212,800,9,0.5265,0.1303
20260325161213,800,9,0.5265,0.1303
20260325161214,800,9,0.5265,0.1303
20260325161215,800,9,0.5265,0.1303
20260325161216,800,9,0.5265,0.1303
20260325161217,800,9,0.5265,0.1303
20260325161218,800,9,0.5265,0.1303
20260325161219,800,9,0.5265,0.1303
20260325161220,800,9,0.5265,0.1303
20260325161221,800,9,0.5265,0.1303
20260325161222,800,9,0.5265,0.1303
20260325161223,800,9,0.5265,0.1303
20260325161224,800,9,0.5265,0.1303
20260325161225,800,9,0.5265,0.1303
20260325161226,800,9,0.5265,0.1303
20260325161227,800,9,0.5265,0.1303
20260325161228,800,9,0.5265,0.1303
20260325161229,800,9,0.5265,0.1303
20260325161230,800,9,0.5265,0.1303
20260325161231,800,9,0.5265,0.1303
20260325161232,800,9,0.5265,0.1303
20260325161233,800,9,0.5265,0.1303
20260325161234,800,9,0.5265,0.1303
20260325161235,800,9,0.5265,0.1303
20260325161236,800,9,0.5265,0.1303
20260325161237,800,9,0.5265,0.1303
20260325161238,800,9,0.5265,0.1303
20260325161239,800,9,0.5265,0.1303
20260325161241,800,9,0.5265,0.1303
20260325161242,800,9,0.5265,0.1303
20260325161243,800,9,0.5265,0.1303
20260325161244,800,9,0.5265,0.1303
20260325161245,800,9,0.5265,0.1303
20260325161246,800,9,0.5265,0.1303
20260325161247,800,9,0.5265,0.1303
20260325161248,800,9,0.5265,0.1303
20260325161249,800,9,0.5265,0.1303
20260325161250,800,9,0.5265,0.1303
20260325161251,800,9,0.5265,0.1303
20260325161252,800,9,0.5265,0.1303
20260325161253,800,9,0.5265,0.1303
20260325161254,800,9,0.5265,0.1303
20260325161255,800,9,0.5265,0.1303
20260325161256,800,9,0.5265,0.1303
20260325161257,800,9,0.5265,0.1303
20260325161258,800,9,0.5265,0.1303
20260325161259,800,9,0.5265,0.1303
20260325161300,800,9,0.5265,0.1303
20260325161301,800,9,0.5265,0.1303
20260325161302,800,9,0.5265,0.1303
20260325161303,800,9,0.5265,0.1303
20260325161304,800,9,0.5265,0.1303
20260325161305,800,9,0.5265,0.1303
20260325161306,800,9,0.5265,0.1303
20260325161307,800,9,0.5265,0.1303
20260325161308,800,9,0.5265,0.1303
20260325161309,800,9,0.5265,0.1303
20260325161310,800,9,0.5265,0.1303
20260325161311,800,9,0.5265,0.1303
20260325161312,800,9,0.5265,0.1303
20260325161313,800,9,0.5265,0.1303
20260325161314,800,9,0.5265,0.1303
20260325161315,800,9,0.5265,0.1303
20260325161316,800,9,0.5265,0.1303
20260325161317,800,9,0.5265,0.1303
20260325161318,800,9,0.5265,0.1303
20260325161319,800,9,0.5265,0.1303
20260325161320,800,9,0.5265,0.1303
20260325161321,800,9,0.5265,0.1303
20260325161322,800,9,0.5265,0.1303
20260325161323,800,9,0.5265,0.1303
20260325161324,800,9,0.5265,0.1303
20260325161325,800,9,0.5265,0.1303
20260325161326,800,9,0.5265,0.1303
20260325161327,3200,9,0.5265,0.1303
20260325161328,3200,9,0.5265,0.1303
20260325161329,3200,9,0.5265,0.1303
20260325161330,3200,9,0.5265,0.1303
20260325161331,3200,9,0.5265,0.1303
20260325161332,3200,9,0.5265,0.1303
20260325161333,3200,9,0.5265,0.1303
20260325161334,3200,9,0.5265,0.1303
20260325161335,3200,9,0.5265,0.1303
20260325161336,3200,9,0.5265,0.1303
20260325161337,3200,9,0.5265,0.1303
20260325161338,3200,9,0.5265,0.1303
20260325161339,3200,9,0.5265,0.1303
20260325161340,3200,9,0.5265,0.1303
20260325161341,3200,9,0.5265,0.1303
20260325161342,3200,9,0.5265,0.1303
20260325161343,3200,9,0.5265,0.1303
20260325161344,3200,9,0.5265,0.1303
20260325161345,3200,9,0.5265,0.1303
20260325161346,3200,9,0.5265,0.1303
20260325161347,3200,9,0.5265,0.1303
20260325161348,3200,9,0.5265,0.1303
20260325161349,3200,9,0.5265,0.1303
20260325161350,3200,9,0.5265,0.1303
20260325161351,3200,9,0.5265,0.1303
20260325161352,3200,9,0.5265,0.1303
20260325161353,3200,9,0.5265,0.1303
20260325161354,3200,9,0.5265,0.1303
20260325161356,3200,9,0.5265,0.1303
20260325161357,3200,9,0.5265,0.1303
20260325161358,3200,9,0.5265,0.1303
20260325161359,3200,9,0.5265,0.1303
20260325161400,3200,9,0.5265,0.1303
20260325161401,3200,9,0.5265,0.1303
20260325161402,3200,9,0.5265,0.1303
20260325161403,3200,9,0.5265,0.1303
20260325161404,3200,9,0.5265,0.1303
20260325161405,3200,9,0.5265,0.1303
20260325161406,3200,9,0.5265,0.1303
20260325161407,3200,9,0.5265,0.1303
20260325161408,3200,9,0.5265,0.1303
20260325161409,3200,9,0.5265,0.1303
20260325161410,3200,9,0.5265,0.1303
20260325161411,3200,9,0.5265,0.1303
20260325161412,3200,9,0.5265,0.1303
20260325161413,3200,9,0.5265,0.1303
20260325161414,3200,9,0.5265,0.1303
20260325161415,3200,10,0.5265,0.1303
20260325161416,3200,10,0.5265,0.1303
20260325161417,3200,10,0.5265,0.1303
20260325161418,3200,10,0.5265,0.1303
20260325161419,3200,10,0.5265,0.1303
20260325161420,3200,10,0.5265,0.1303
20260325161421,3200,10,0.5265,0.1303
20260325161422,3200,10,0.5265,0.1303
20260325161423,3200,10,0.5265,0.1303
20260325161424,3200,10,0.5265,0.1303
20260325161425,3200,10,0.5265,0.1303
20260325161426,3200,10,0.5265,0.1303
20260325161427,3200,10,0.5265,0.1303
20260325161428,3200,10,0.5265,0.1303
20260325161429,3200,10,0.5265,0.1303
20260325161430,3200,10,0.5265,0.1303
20260325161431,3200,10,0.5265,0.1303
20260325161432,3200,10,0.5265,0.1303
20260325161433,3200,10,0.5265,0.1303
20260325161434,3200,10,0.5265,0.1303
20260325161435,3200,10,0.5265,0.1303
20260325161436,3200,10,0.5265,0.1303
20260325161437,3200,10,0.5265,0.1303
20260325161438,3200,10,0.5265,0.1303
20260325161439,3200,10,0.5265,0.1303
20260325161440,3200,10,0.5265,0.1303
20260325161441,3200,10,0.5265,0.1303
20260325161442,3200,10,0.5265,0.1303
20260325161443,3200,10,0.5265,0.1303
20260325161444,3200,10,0.5265,0.1303
20260325161445,3200,10,0.5265,0.1303
20260325161446,3200,10,0.5265,0.1303
20260325161447,3200,10,0.5265,0.1303
20260325161448,3200,10,0.5265,0.1303
20260325161449,3200,10,0.5265,0.1303
20260325161450,3200,10,0.5265,0.1303
20260325161451,3200,10,0.5265,0.1303
20260325161452,3200,10,0.5265,0.1303
20260325161453,3200,10,0.5265,0.1303
20260325161454,3200,10,0.5265,0.1303
20260325161455,3200,10,0.5265,0.1303
20260325161456,3200,10,0.5265,0.1303
20260325161457,3200,10,0.5265,0.1303
20260325161458,3200,10,0.5265,0.1303
20260325161459,3200,10,0.5265,0.1303
20260325161500,3200,10,0.5265,0.1303
20260325161501,3200,10,0.5265,0.1303
20260325161502,3200,10,0.5265,0.1303
20260325161503,3200,10,0.5265,0.1303
20260325161504,3200,10,0.5265,0.1303
20260325161505,3200,10,0.5265,0.1303
20260325161506,3200,10,0.5265,0.1303
20260325161507,3200,10,0.5265,0.1303
20260325161508,3200,10,0.5265,0.1303
20260325161509,3200,10,0.5265,0.1303
20260325161510,3200,10,0.5265,0.1303
20260325161511,3200,10,0.5265,0.1303
20260325161512,3200,10,0.5265,0.1303
20260325161513,3200,10,0.5265,0.1303
20260325161514,3200,10,0.5265,0.1303
20260325161515,3200,10,0.5265,0.1303
20260325161516,3200,10,0.5265,0.1303
20260325161517,3200,10,0.5265,0.1303
20260325161518,3200,10,0.5265,0.1303
20260325161519,3200,10,0.5265,0.1303
20260325161520,3200,10,0.5265,0.1303
20260325161521,3200,10,0.5265,0.1303
20260325161522,3200,10,0.5265,0.1303
20260325161523,3200,10,0.5265,0.1303
20260325161524,3200,10,0.5265,0.1303
20260325161525,3200,10,0.5265,0.1303
20260325161526,3200,10,0.5265,0.1303
20260325161527,3200,10,0.5265,0.1303
20260325161528,3200,10,0.5265,0.1303
20260325161529,3200,10,0.5265,0.1303
20260325161530,3200,10,0.5265,0.1303
20260325161531,3200,10,0.5265,0.1303
20260325161532,3200,10,0.5265,0.1303
20260325161533,3200,10,0.5265,0.1303
20260325161534,3200,10,0.5265,0.1303
20260325161535,3200,10,0.5265,0.1303
20260325161536,3200,10,0.5265,0.1303
20260325161537,3200,10,0.5265,0.1303
20260325161538,3200,10,0.5265,0.1303
20260325161539,3200,10,0.5265,0.1303
20260325161540,3200,10,0.5265,0.1303
20260325161541,3200,10,0.5265,0.1303
20260325161542,3200,10,0.5265,0.1303
20260325161543,3200,10,0.5265,0.1303
20260325161544,3200,10,0.5265,0.1303
20260325161545,3200,10,0.5265,0.1303
20260325161546,3200,10,0.5265,0.1303
20260325161547,3200,10,0.5265,0.1303
20260325161548,3200,10,0.5265,0.1303
20260325161549,3200,10,0.5265,0.1303
20260325161550,3200,10,0.5265,0.1303
20260325161551,3200,10,0.5265,0.1303
20260325161552,3200,10,0.5265,0.1303
20260325161553,3200,10,0.5265,0.1303
20260325161554,3200,10,0.5265,0.1303
20260325161555,3200,10,0.5265,0.1303
20260325161556,3200,10,0.5265,0.1303
20260325161557,3200,10,0.5265,0.1303
20260325161558,3200,10,0.5265,0.1303
20260325161559,3200,10,0.5265,0.1303
20260325161600,3200,10,0.5265,0.1303
20260325161601,3200,10,0.5265,0.1303
20260325161602,3200,10,0.5265,0.1303
20260325161603,3200,10,0.5265,0.1303
20260325161604,3200,10,0.5265,0.1303
20260325161605,3200,10,0.5265,0.1303
20260325161606,3200,10,0.5265,0.1303
20260325161607,3200,10,0.5265,0.1303
20260325161608,3200,10,0.5265,0.1303
20260325161609,3200,10,0.5265,0.1303
20260325161610,3200,10,0.5265,0.1303
20260325161611,3200,10,0.5265,0.1303
20260325161612,3200,10,0.5265,0.1303
20260325161613,3200,10,0.5265,0.1303
20260325161614,3200,10,0.5265,0.1303
20260325161615,3200,10,0.5265,0.1303
20260325161616,3200,10,0.5265,0.1303
20260325161617,3200,10,0.5265,0.1303
20260325161618,3200,10,0.5265,0.1303
20260325161619,3200,10,0.5265,0.1303
20260325161620,3200,10,0.5265,0.1303
20260325161621,3200,10,0.5265,0.1303
20260325161622,3200,10,0.5265,0.1303
20260325161623,3200,10,0.5265,0.1303
20260325161624,3200,10,0.5265,0.1303
20260325161625,3200,10,0.5265,0.1303
20260325161626,3200,10,0.5265,0.1303
20260325161627,3200,10,0.5265,0.1303
20260325161628,3200,10,0.5265,0.1303
20260325161629,3200,10,0.5265,0.1303
20260325161630,3200,10,0.5265,0.1303
20260325161631,3200,10,0.5265,0.1303
20260325161632,3200,10,0.5265,0.1303
20260325161633,3200,10,0.5265,0.1303
20260325161634,3200,10,0.5265,0.1303
20260325161635,3200,10,0.5265,0.1303
20260325161636,3200,10,0.5265,0.1303
20260325161637,3200,10,0.5265,0.1303
20260325161638,3200,10,0.5265,0.1303
20260325161639,3200,10,0.5265,0.1303
20260325161640,3200,10,0.5265,0.1303
20260325161641,3200,10,0.5265,0.1303
20260325161642,3200,10,0.5265,0.1303
20260325161643,3200,10,0.5265,0.1303
20260325161644,3200,11,0.5265,0.1303
20260325161645,3200,11,0.5265,0.1303
20260325161646,3200,11,0.5265,0.1303
20260325161647,3200,11,0.5265,0.1303
20260325161648,3200,11,0.5265,0.1303
20260325161649,3200,11,0.5265,0.1303
20260325161650,3200,11,0.5265,0.1303
20260325161651,3200,11,0.5265,0.1303
20260325161652,3200,11,0.5265,0.1303
20260325161653,3200,11,0.5265,0.1303
20260325161654,3200,11,0.5265,0.1303
20260325161655,3200,11,0.5265,0.1303
20260325161656,3200,11,0.5265,0.1303
20260325161657,3200,11,0.5265,0.1303
20260325161658,3200,11,0.5265,0.1303
20260325161659,3200,11,0.5265,0.1303
20260325161700,3200,11,0.5265,0.1303
20260325161701,3200,11,0.5265,0.1303
20260325161703,3200,11,0.5265,0.1303
20260325161704,3200,11,0.5265,0.1303
20260325161705,3200,11,0.5265,0.1303
20260325161706,3200,11,0.5265,0.1303
20260325161707,3200,11,0.5265,0.1303
20260325161708,3200,11,0.5265,0.1303
20260325161709,3200,11,0.5265,0.1303
20260325161710,3200,11,0.5265,0.1303
20260325161711,3200,11,0.5265,0.1303
20260325161712,3200,11,0.5265,0.1303
20260325161713,3200,11,0.5265,0.1303
20260325161714,3200,11,0.5265,0.1303
20260325161715,3200,11,0.5265,0.1303
20260325161716,3200,11,0.5265,0.1303
20260325161717,3200,11,0.5265,0.1303
20260325161718,3200,11,0.5265,0.1303
20260325161719,3200,11,0.5265,0.1303
20260325161720,3200,11,0.5265,0.1303
20260325161721,3200,11,0.5265,0.1303
20260325161722,3200,11,0.5265,0.1303
20260325161723,3200,11,0.5265,0.1303
20260325161724,3200,11,0.5265,0.1303
20260325161725,3200,11,0.5265,0.1303
20260325161726,3200,11,0.5265,0.1303
20260325161727,3200,11,0.5265,0.1303
20260325161728,3200,11,0.5265,0.1303
20260325161729,3200,11,0.5265,0.1303
20260325161730,3200,11,0.5265,0.1303
20260325161731,3200,11,0.5265,0.1303
20260325161732,3200,11,0.5265,0.1303
20260325161733,3200,11,0.5265,0.1303
20260325161734,3200,11,0.5265,0.1303
20260325161735,3200,11,0.5265,0.1303
20260325161736,3200,11,0.5265,0.1303
20260325161737,3200,11,0.5265,0.1303
20260325161738,3200,11,0.5265,0.1303
20260325161739,3200,11,0.5265,0.1303
20260325161740,3200,11,0.5265,0.1303
20260325161741,3200,11,0.5265,0.1303
20260325161742,3200,11,0.5265,0.1303
20260325161743,3200,11,0.5265,0.1303
20260325161744,3200,11,0.5265,0.1303
20260325161745,3200,11,0.5265,0.1303
20260325161746,3200,11,0.5265,0.1303
20260325161747,3200,11,0.5265,0.1303
20260325161748,3200,11,0.5265,0.1303
20260325161749,3200,11,0.5265,0.1303
20260325161750,3200,11,0.5265,0.1303
20260325161751,3200,11,0.5265,0.1303
20260325161752,3200,11,0.5265,0.1303
20260325161753,3200,11,0.5265,0.1303
20260325161754,3200,11,0.5265,0.1303
20260325161755,3200,11,0.5265,0.1303
20260325161756,3200,11,0.5265,0.1303
20260325161757,3200,11,0.5265,0.1303
20260325161758,3200,11,0.5265,0.1303
20260325161759,3200,11,0.5265,0.1303
20260325161800,3200,11,0.5265,0.1303
20260325161801,3200,11,0.5265,0.1303
20260325161802,3200,11,0.5265,0.1303
20260325161803,3200,11,0.5265,0.1303
20260325161804,3200,11,0.5265,0.1303
20260325161805,3200,11,0.5265,0.1303
20260325161806,3200,11,0.5265,0.1303
20260325161807,3200,11,0.5265,0.1303
20260325161808,3200,11,0.5265,0.1303
20260325161809,3200,11,0.5265,0.1303
20260325161810,3200,11,0.5265,0.1303
20260325161811,3200,11,0.5265,0.1303
20260325161812,3200,11,0.5265,0.1303
20260325161813,3200,11,0.5265,0.1303
20260325161814,3200,11,0.5265,0.1303
20260325161815,3200,11,0.5265,0.1303
20260325161816,3200,11,0.5265,0.1303
20260325161817,3200,11,0.5265,0.1303
20260325161818,3200,11,0.5265,0.1303
20260325161819,3200,11,0.5265,0.1303
20260325161820,3200,11,0.5265,0.1303
20260325161821,3200,11,0.5265,0.1303
20260325161822,3200,11,0.5265,0.1303
20260325161823,3200,11,0.5265,0.1303
20260325161824,3200,11,0.5265,0.1303
20260325161825,3200,11,0.5265,0.1303
20260325161826,3200,11,0.5265,0.1303
20260325161827,3200,11,0.5265,0.1303
20260325161828,3200,11,0.5265,0.1303
20260325161829,3200,11,0.5265,0.1303
20260325161830,3200,11,0.5265,0.1303
20260325161831,3200,11,0.5265,0.1303
20260325161832,3200,11,0.5265,0.1303
20260325161833,3200,11,0.5265,0.1303
20260325161834,3200,11,0.5265,0.1303
20260325161835,3200,11,0.5265,0.1303
20260325161836,3200,11,0.5265,0.1303
20260325161837,3200,11,0.5265,0.1303
20260325161838,3200,11,0.5265,0.1303
20260325161839,3200,11,0.5265,0.1303
20260325161840,3200,11,0.5265,0.1303
20260325161841,3200,11,0.5265,0.1303
20260325161842,3200,11,0.5265,0.1303
20260325161843,3200,11,0.5265,0.1303
20260325161844,3200,11,0.5265,0.1303
20260325161845,3200,11,0.5265,0.1303
20260325161846,3200,11,0.5265,0.1303
20260325161847,3200,11,0.5265,0.1303
20260325161848,3200,11,0.5265,0.1303
20260325161849,3200,11,0.5265,0.1303
20260325161850,3200,11,0.5265,0.1303
20260325161851,3200,11,0.5265,0.1303
20260325161852,3200,11,0.5265,0.1303
20260325161853,3200,11,0.5265,0.1303
20260325161854,3200,11,0.5265,0.1303
20260325161855,3200,11,0.5265,0.1303
20260325161856,3200,11,0.5265,0.1303
20260325161857,3200,11,0.5265,0.1303
20260325161858,3200,11,0.5265,0.1303
20260325161859,3200,11,0.5265,0.1303
20260325161900,3200,11,0.5265,0.1303
20260325161901,3200,11,0.5265,0.1303
20260325161902,3200,11,0.5265,0.1303
20260325161903,3200,11,0.5265,0.1303
20260325161904,3200,11,0.5265,0.1303
20260325161905,3200,11,0.5265,0.1303
20260325161906,3200,11,0.5265,0.1303
20260325161907,3200,11,0.5265,0.1303
20260325161908,3200,11,0.5265,0.1303
20260325161909,3200,11,0.5265,0.1303
20260325161910,3200,11,0.5265,0.1303
20260325161911,3200,11,0.5265,0.1303
20260325161912,3200,11,0.5265,0.1303
20260325161913,3200,11,0.5265,0.1303
20260325161914,3200,12,0.5265,0.1303
20260325161915,3200,12,0.5265,0.1303
20260325161916,3200,12,0.5265,0.1303
20260325161917,3200,12,0.5265,0.1303
20260325161918,3200,12,0.5265,0.1303
20260325161919,3200,12,0.5265,0.1303
20260325161920,3200,12,0.5265,0.1303
20260325161921,3200,12,0.5265,0.1303
20260325161922,3200,12,0.5265,0.1303
20260325161923,3200,12,0.5265,0.1303
20260325161924,3200,12,0.5265,0.1303
20260325161925,3200,12,0.5265,0.1303
20260325161926,3200,12,0.5265,0.1303
20260325161927,3200,12,0.5265,0.1303
20260325161928,3200,12,0.5265,0.1303
20260325161929,3200,12,0.5265,0.1303
20260325161930,3200,12,0.5265,0.1303
20260325161931,3200,12,0.5265,0.1303
20260325161932,3200,12,0.5265,0.1303
20260325161933,3200,12,0.5265,0.1303
20260325161934,3200,12,0.5265,0.1303
20260325161935,3200,12,0.5265,0.1303
20260325161936,3200,12,0.5265,0.1303
20260325161937,3200,12,0.5265,0.1303
20260325161938,3200,12,0.5265,0.1303
20260325161939,3200,12,0.5265,0.1303
20260325161940,3200,12,0.5265,0.1303
20260325161941,3200,12,0.5265,0.1303
20260325161942,3200,12,0.5265,0.1303
20260325161943,3200,12,0.5265,0.1303
20260325161944,3200,12,0.5265,0.1303
20260325161945,3200,12,0.5265,0.1303
20260325161946,3200,12,0.5265,0.1303
20260325161947,3200,12,0.5265,0.1303
20260325161948,3200,12,0.5265,0.1303
20260325161949,3200,12,0.5265,0.1303
20260325161950,3200,12,0.5265,0.1303
20260325161951,3200,12,0.5265,0.1303
20260325161952,3200,12,0.5265,0.1303
20260325161953,3200,12,0.5265,0.1303
20260325161954,3200,12,0.5265,0.1303
20260325161955,3200,12,0.5265,0.1303
20260325161956,3200,12,0.5265,0.1303
20260325161957,3200,12,0.5265,0.1303
20260325161958,3200,12,0.5265,0.1303
20260325161959,3200,12,0.5265,0.1303
20260325162000,3200,12,0.5265,0.1303
20260325162001,3200,12,0.5265,0.1303
20260325162002,3200,12,0.5266,0.1303
20260325162003,3200,12,0.5266,0.1303
20260325162004,3200,12,0.5266,0.1303
20260325162005,3200,12,0.5266,0.1303
20260325162006,3200,12,0.5266,0.1303
20260325162007,3200,12,0.5266,0.1303
20260325162009,3200,12,0.5266,0.1303
20260325162010,3200,12,0.5266,0.1303
20260325162011,3200,12,0.5266,0.1303
20260325162012,3200,12,0.5266,0.1303
20260325162013,3200,12,0.5266,0.1303
20260325162014,3200,12,0.5266,0.1303
20260325162015,3200,12,0.5266,0.1303
20260325162016,3200,12,0.5266,0.1303
20260325162017,3200,12,0.5266,0.1303
20260325162018,3200,12,0.5266,0.1303
20260325162019,3200,12,0.5266,0.1303
20260325162020,3200,12,0.5266,0.1303
20260325162021,3200,12,0.5266,0.1303
20260325162022,3200,12,0.5266,0.1303
20260325162023,3200,12,0.5266,0.1303
20260325162024,3200,12,0.5266,0.1303
20260325162025,3200,12,0.5266,0.1303
20260325162026,3200,12,0.5266,0.1303
20260325162027,3200,12,0.5266,0.1303
20260325162028,3200,12,0.5266,0.1303
20260325162029,3200,12,0.5266,0.1303
20260325162030,3200,12,0.5266,0.1303
20260325162031,3200,12,0.5266,0.1303
20260325162032,3200,12,0.5266,0.1303
20260325162033,3200,12,0.5266,0.1303
20260325162034,3200,12,0.5266,0.1303
20260325162035,3200,12,0.5266,0.1303
20260325162036,3200,12,0.5266,0.1303
20260325162037,3200,12,0.5266,0.1303
20260325162038,3200,12,0.5266,0.1303
20260325162039,3200,12,0.5266,0.1303
20260325162040,3200,12,0.5266,0.1303
20260325162041,3200,12,0.5266,0.1303
20260325162042,3200,12,0.5266,0.1303
20260325162043,3200,12,0.5266,0.1303
20260325162044,3200,12,0.5266,0.1303
20260325162045,3200,12,0.5266,0.1303
20260325162046,3200,12,0.5266,0.1303
20260325162047,3200,12,0.5266,0.1303
20260325162048,3200,12,0.5266,0.1303
20260325162049,3200,12,0.5266,0.1303
20260325162050,3200,12,0.5266,0.1303
20260325162051,3200,12,0.5266,0.1303
20260325162052,3200,12,0.5266,0.1303
20260325162053,3200,12,0.5266,0.1303
20260325162054,3200,12,0.5266,0.1303
20260325162055,3200,12,0.5266,0.1303
20260325162056,3200,12,0.5266,0.1303
20260325162057,3200,12,0.5266,0.1303
20260325162058,3200,12,0.5266,0.1303
20260325162059,3200,12,0.5266,0.1303
20260325162100,3200,12,0.5266,0.1303
20260325162101,3200,12,0.5266,0.1303
20260325162102,3200,12,0.5266,0.1303
20260325162103,3200,12,0.5266,0.1303
20260325162104,3200,12,0.5266,0.1303
20260325162105,3200,12,0.5266,0.1303
20260325162106,3200,12,0.5266,0.1303
20260325162107,3200,12,0.5266,0.1303
20260325162108,3200,12,0.5266,0.1303
20260325162109,3200,12,0.5266,0.1303
20260325162110,3200,12,0.5266,0.1303
20260325162111,3200,12,0.5266,0.1303
20260325162112,3200,12,0.5266,0.1303
20260325162113,3200,12,0.5266,0.1303
20260325162114,3200,12,0.5266,0.1303
20260325162115,3200,12,0.5266,0.1303
20260325162116,3200,12,0.5266,0.1303
20260325162117,3200,12,0.5266,0.1303
20260325162118,3200,12,0.5266,0.1303
20260325162119,3200,12,0.5266,0.1302
20260325162120,3200,12,0.5266,0.1302
20260325162121,3200,12,0.5266,0.1302
20260325162122,3200,12,0.5266,0.1302
20260325162123,3200,12,0.5266,0.1302
20260325162124,3200,12,0.5266,0.1302
20260325162125,3200,12,0.5266,0.1302
20260325162126,3200,12,0.5266,0.1302
20260325162127,3200,12,0.5266,0.1302
20260325162128,3200,12,0.5266,0.1302
20260325162129,3200,12,0.5266,0.1302
20260325162130,3200,12,0.5266,0.1302
20260325162131,3200,12,0.5266,0.1302
20260325162132,3200,12,0.5266,0.1302
20260325162133,3200,12,0.5266,0.1302
20260325162134,3200,12,0.5266,0.1302
20260325162135,3200,12,0.5266,0.1302
20260325162136,3200,12,0.5266,0.1302
20260325162137,3200,12,0.5266,0.1302
20260325162138,3200,12,0.5266,0.1302
20260325162139,3200,12,0.5266,0.1302
20260325162140,3200,12,0.5266,0.1302
20260325162141,3200,12,0.5266,0.1302
20260325162142,3200,13,0.5266,0.1302
20260325162143,3200,13,0.5266,0.1302
20260325162144,3200,13,0.5266,0.1302
20260325162145,3200,13,0.5266,0.1302
20260325162146,3200,13,0.5266,0.1302
20260325162147,3200,13,0.5266,0.1302
20260325162148,3200,13,0.5266,0.1302
20260325162149,3200,13,0.5266,0.1302
20260325162150,3200,13,0.5266,0.1302
20260325162151,3200,13,0.5266,0.1302
20260325162152,3200,13,0.5266,0.1302
20260325162153,3200,13,0.5266,0.1302
20260325162154,3200,13,0.5266,0.1302
20260325162155,3200,13,0.5266,0.1302
20260325162156,3200,13,0.5266,0.1302
20260325162157,3200,13,0.5266,0.1302
20260325162158,3200,13,0.5266,0.1302
20260325162159,3200,13,0.5266,0.1302
20260325162200,3200,13,0.5266,0.1302
20260325162201,3200,13,0.5266,0.1302
20260325162202,3200,13,0.5266,0.1302
20260325162203,3200,13,0.5266,0.1302
20260325162204,3200,13,0.5266,0.1302
20260325162205,3200,13,0.5266,0.1302
20260325162206,3200,13,0.5266,0.1302
20260325162207,3200,13,0.5266,0.1302
20260325162208,3200,13,0.5266,0.1302
20260325162209,3200,13,0.5266,0.1302
20260325162210,3200,13,0.5266,0.1302
20260325162211,3200,13,0.5266,0.1302
20260325162212,3200,13,0.5266,0.1302
20260325162213,3200,13,0.5266,0.1302
20260325162214,3200,13,0.5266,0.1302
20260325162215,3200,13,0.5266,0.1302
20260325162216,3200,13,0.5266,0.1302
20260325162217,3200,13,0.5266,0.1302
20260325162218,3200,13,0.5266,0.1302
20260325162219,3200,13,0.5266,0.1302
20260325162220,3200,13,0.5266,0.1302
20260325162221,3200,13,0.5266,0.1302
20260325162222,3200,13,0.5266,0.1302
20260325162223,3200,13,0.5266,0.1302
20260325162224,3200,13,0.5266,0.1302
20260325162225,3200,13,0.5266,0.1302
20260325162226,3200,13,0.5266,0.1302
20260325162227,3200,13,0.5266,0.1302
20260325162228,3200,13,0.5266,0.1302
20260325162229,3200,13,0.5266,0.1302
20260325162230,3200,13,0.5266,0.1302
20260325162231,3200,13,0.5266,0.1302
20260325162232,3200,13,0.5266,0.1302
20260325162233,3200,13,0.5266,0.1302
20260325162234,3200,13,0.5266,0.1302
20260325162235,3200,13,0.5266,0.1302
20260325162236,3200,13,0.5266,0.1302
20260325162237,3200,13,0.5266,0.1302
20260325162238,3200,13,0.5266,0.1302
20260325162239,3200,13,0.5266,0.1302
20260325162240,3200,13,0.5266,0.1302
20260325162241,3200,13,0.5266,0.1302
20260325162242,3200,13,0.5266,0.1302
20260325162243,3200,13,0.5266,0.1302
20260325162244,3200,13,0.5266,0.1302
20260325162245,3200,13,0.5266,0.1302
20260325162246,3200,13,0.5266,0.1302
20260325162247,3200,13,0.5266,0.1302
20260325162248,3200,13,0.5266,0.1302
20260325162249,3200,13,0.5266,0.1302
20260325162250,3200,13,0.5266,0.1302
20260325162251,3200,13,0.5266,0.1302
20260325162252,3200,13,0.5266,0.1302
20260325162253,3200,13,0.5266,0.1302
20260325162254,3200,13,0.5266,0.1302
20260325162255,3200,13,0.5266,0.1302
20260325162256,3200,13,0.5266,0.1302
20260325162257,3200,13,0.5266,0.1302
20260325162258,3200,13,0.5266,0.1302
20260325162259,3200,13,0.5266,0.1302
20260325162300,3200,13,0.5266,0.1302
20260325162301,3200,13,0.5266,0.1302
20260325162302,3200,13,0.5266,0.1302
20260325162303,3200,13,0.5266,0.1302
20260325162304,3200,13,0.5266,0.1302
20260325162305,3200,13,0.5266,0.1302
20260325162306,3200,13,0.5266,0.1302
20260325162307,3200,13,0.5266,0.1302
20260325162308,3200,13,0.5266,0.1302
20260325162309,3200,13,0.5266,0.1302
20260325162310,3200,13,0.5266,0.1302
20260325162311,3200,13,0.5266,0.1302
20260325162312,3200,13,0.5266,0.1302
20260325162313,3200,13,0.5266,0.1302
20260325162314,3200,13,0.5266,0.1302
20260325162316,3200,13,0.5266,0.1302
20260325162317,3200,13,0.5266,0.1302
20260325162318,3200,13,0.5266,0.1302
20260325162319,3200,13,0.5266,0.1302
20260325162320,3200,13,0.5266,0.1302
20260325162321,3200,13,0.5266,0.1302
20260325162322,3200,13,0.5266,0.1302
20260325162323,3200,13,0.5266,0.1302
20260325162324,3200,13,0.5266,0.1302
20260325162325,3200,13,0.5266,0.1302
20260325162326,3200,13,0.5266,0.1302
20260325162327,3200,13,0.5266,0.1302
20260325162328,3200,13,0.5266,0.1302
20260325162329,3200,13,0.5266,0.1302
20260325162330,3200,13,0.5266,0.1302
20260325162331,3200,13,0.5266,0.1302
20260325162332,3200,13,0.5266,0.1302
20260325162333,3200,13,0.5266,0.1302
20260325162334,3200,13,0.5266,0.1302
20260325162335,3200,13,0.5266,0.1302
20260325162336,3200,13,0.5266,0.1302
20260325162337,3200,13,0.5266,0.1302
20260325162338,3200,13,0.5266,0.1302
20260325162339,3200,13,0.5266,0.1302
20260325162340,3200,13,0.5266,0.1302
20260325162341,3200,13,0.5266,0.1302
20260325162342,3200,13,0.5266,0.1302
20260325162343,3200,13,0.5266,0.1302
20260325162344,3200,13,0.5266,0.1302
20260325162345,3200,13,0.5266,0.1302
20260325162346,3200,13,0.5266,0.1302
20260325162347,3200,13,0.5266,0.1302
20260325162348,3200,13,0.5266,0.1302
20260325162349,3200,13,0.5266,0.1302
20260325162350,3200,13,0.5266,0.1302
20260325162351,3200,13,0.5266,0.1302
20260325162352,3200,13,0.5266,0.1302
20260325162353,3200,13,0.5266,0.1302
20260325162354,3200,13,0.5266,0.1302
20260325162355,3200,13,0.5266,0.1302
20260325162356,3200,13,0.5266,0.1302
20260325162357,3200,13,0.5266,0.1302
20260325162358,3200,13,0.5266,0.1302
20260325162359,3200,13,0.5266,0.1302
20260325162400,3200,13,0.5266,0.1302
20260325162401,3200,13,0.5266,0.1302
20260325162402,3200,13,0.5266,0.1302
20260325162403,3200,13,0.5266,0.1302
20260325162404,3200,13,0.5266,0.1302
20260325162405,3200,13,0.5266,0.1302
20260325162406,3200,13,0.5266,0.1302
20260325162407,3200,13,0.5266,0.1302
20260325162408,3200,13,0.5266,0.1302
20260325162409,3200,13,0.5266,0.1302
20260325162410,3200,14,0.5266,0.1302
20260325162411,3200,14,0.5266,0.1302
20260325162412,3200,14,0.5266,0.1302
20260325162413,3200,14,0.5266,0.1302
20260325162414,3200,14,0.5266,0.1302
20260325162415,3200,14,0.5266,0.1302
20260325162416,3200,14,0.5266,0.1302
20260325162417,3200,14,0.5266,0.1302
20260325162418,3200,14,0.5266,0.1302
20260325162419,3200,14,0.5266,0.1302
20260325162420,3200,14,0.5266,0.1302
20260325162421,3200,14,0.5266,0.1302
20260325162422,3200,14,0.5266,0.1302
20260325162423,3200,14,0.5266,0.1302
20260325162424,3200,14,0.5266,0.1302
20260325162425,3200,14,0.5266,0.1302
20260325162426,3200,14,0.5266,0.1302
20260325162427,3200,14,0.5266,0.1302
20260325162428,3200,14,0.5266,0.1302
20260325162429,3200,14,0.5266,0.1302
20260325162430,3200,14,0.5266,0.1302
20260325162431,3200,14,0.5266,0.1302
20260325162432,3200,14,0.5266,0.1302
20260325162433,3200,14,0.5266,0.1302
20260325162434,3200,14,0.5266,0.1302
20260325162435,3200,14,0.5266,0.1302
20260325162436,3200,14,0.5266,0.1302
20260325162437,3200,14,0.5266,0.1302
20260325162438,3200,14,0.5266,0.1302
20260325162439,3200,14,0.5266,0.1302
20260325162440,3200,14,0.5266,0.1302
20260325162441,3200,14,0.5266,0.1302
20260325162442,3200,14,0.5266,0.1302
20260325162443,3200,14,0.5266,0.1302
20260325162444,3200,14,0.5266,0.1302
20260325162445,3200,14,0.5266,0.1302
20260325162446,3200,14,0.5266,0.1302
20260325162447,3200,14,0.5266,0.1302
20260325162448,3200,14,0.5266,0.1302
20260325162449,3200,14,0.5266,0.1302
20260325162450,3200,14,0.5266,0.1302
20260325162451,3200,14,0.5266,0.1302
20260325162452,3200,14,0.5266,0.1302
20260325162453,3200,14,0.5266,0.1302
20260325162454,3200,14,0.5266,0.1302
20260325162455,3200,14,0.5266,0.1302
20260325162456,3200,14,0.5266,0.1302
20260325162457,3200,14,0.5266,0.1302
20260325162458,3200,14,0.5266,0.1302
20260325162459,3200,14,0.5266,0.1302
20260325162500,3200,14,0.5266,0.1302
20260325162501,3200,14,0.5266,0.1302
20260325162502,3200,14,0.5266,0.1302
20260325162503,3200,14,0.5266,0.1302
20260325162504,3200,14,0.5266,0.1302
20260325162505,3200,14,0.5266,0.1302
20260325162506,3200,14,0.5266,0.1302
20260325162507,3200,14,0.5266,0.1302
20260325162508,3200,14,0.5266,0.1302
20260325162509,3200,14,0.5266,0.1302
20260325162510,3200,14,0.5266,0.1302
20260325162511,3200,14,0.5266,0.1302
20260325162512,3200,14,0.5266,0.1302
20260325162513,3200,14,0.5266,0.1302
20260325162514,3200,14,0.5266,0.1302
20260325162515,3200,14,0.5266,0.1302
20260325162516,3200,14,0.5266,0.1302
20260325162517,3200,14,0.5266,0.1302
20260325162518,3200,14,0.5266,0.1302
20260325162519,3200,14,0.5266,0.1302
20260325162520,3200,14,0.5266,0.1302
20260325162521,3200,14,0.5266,0.1302
20260325162522,3200,14,0.5266,0.1302
20260325162523,3200,14,0.5266,0.1302
20260325162524,3200,14,0.5266,0.1302
20260325162525,3200,14,0.5266,0.1302
20260325162526,3200,14,0.5266,0.1302
20260325162527,3200,14,0.5266,0.1302
20260325162528,3200,14,0.5266,0.1302
20260325162529,3200,14,0.5266,0.1302
20260325162530,3200,14,0.5266,0.1302
20260325162531,3200,14,0.5266,0.1302
20260325162532,3200,14,0.5266,0.1302
20260325162533,3200,14,0.5266,0.1302
20260325162534,3200,14,0.5266,0.1302
20260325162535,3200,14,0.5266,0.1302
20260325162536,3200,14,0.5266,0.1302
20260325162537,3200,14,0.5266,0.1302
20260325162538,3200,14,0.5266,0.1302
20260325162539,3200,14,0.5266,0.1302
20260325162540,3200,14,0.5266,0.1302
20260325162541,3200,14,0.5266,0.1302
20260325162542,3200,14,0.5266,0.1302
20260325162543,3200,14,0.5266,0.1302
20260325162544,3200,14,0.5266,0.1302
20260325162545,3200,14,0.5266,0.1302
20260325162546,3200,14,0.5266,0.1302
20260325162547,3200,14,0.5266,0.1302
20260325162548,3200,14,0.5266,0.1302
20260325162549,3200,14,0.5266,0.1302
20260325162550,3200,14,0.5266,0.1302
20260325162551,3200,14,0.5266,0.1302
20260325162552,3200,14,0.5266,0.1302
20260325162553,3200,14,0.5266,0.1302
20260325162554,3200,14,0.5266,0.1302
20260325162555,3200,14,0.5266,0.1302
20260325162556,3200,14,0.5266,0.1302
20260325162557,3200,14,0.5266,0.1302
20260325162558,3200,14,0.5266,0.1302
20260325162559,3200,14,0.5266,0.1302
20260325162600,3200,14,0.5266,0.1302
20260325162601,3200,14,0.5266,0.1302
20260325162602,3200,14,0.5266,0.1302
20260325162603,3200,14,0.5266,0.1302
20260325162604,3200,14,0.5266,0.1302
20260325162605,3200,14,0.5266,0.1302
20260325162606,3200,14,0.5266,0.1302
20260325162607,3200,14,0.5266,0.1302
20260325162608,3200,14,0.5266,0.1302
20260325162609,3200,14,0.5266,0.1302
20260325162610,3200,14,0.5266,0.1302
20260325162611,3200,14,0.5266,0.1302
20260325162612,3200,14,0.5266,0.1302
20260325162613,3200,14,0.5266,0.1302
20260325162614,3200,14,0.5266,0.1302
20260325162615,3200,14,0.5266,0.1302
20260325162616,3200,14,0.5266,0.1302
20260325162617,3200,14,0.5266,0.1302
20260325162618,3200,14,0.5266,0.1302
20260325162619,3200,14,0.5266,0.1302
20260325162620,3200,14,0.5266,0.1302
20260325162621,3200,14,0.5266,0.1302
20260325162622,3200,14,0.5266,0.1302
20260325162623,3200,14,0.5266,0.1302
20260325162625,3200,14,0.5266,0.1302
20260325162626,3200,14,0.5266,0.1302
20260325162627,3200,14,0.5266,0.1302
20260325162628,3200,14,0.5266,0.1302
20260325162629,3200,14,0.5266,0.1302
20260325162630,3200,14,0.5266,0.1302
20260325162631,3200,14,0.5266,0.1302
20260325162632,3200,14,0.5266,0.1302
20260325162633,3200,14,0.5266,0.1302
20260325162634,3200,14,0.5266,0.1302
20260325162635,3200,14,0.5266,0.1302
20260325162636,3200,14,0.5266,0.1302
20260325162637,3200,14,0.5266,0.1302
20260325162638,3200,14,0.5266,0.1302
20260325162639,3200,15,0.5266,0.1302
20260325162640,3200,15,0.5266,0.1302
20260325162641,3200,15,0.5266,0.1302
20260325162642,3200,15,0.5266,0.1302
20260325162643,3200,15,0.5266,0.1302
20260325162644,3200,15,0.5266,0.1302
20260325162645,3200,15,0.5266,0.1302
20260325162646,3200,15,0.5266,0.1302
20260325162647,3200,15,0.5266,0.1302
20260325162648,3200,15,0.5266,0.1302
20260325162649,3200,15,0.5266,0.1302
20260325162650,3200,15,0.5266,0.1302
20260325162651,3200,15,0.5266,0.1302
20260325162652,3200,15,0.5266,0.1302
20260325162653,3200,15,0.5266,0.1302
20260325162654,3200,15,0.5266,0.1302
20260325162655,3200,15,0.5266,0.1302
20260325162656,3200,15,0.5266,0.1302
20260325162657,3200,15,0.5266,0.1302
20260325162658,3200,15,0.5266,0.1302
20260325162659,3200,15,0.5266,0.1302
20260325162700,3200,15,0.5266,0.1302
20260325162701,3200,15,0.5266,0.1302
20260325162702,3200,15,0.5266,0.1302
20260325162703,3200,15,0.5266,0.1302
20260325162704,3200,15,0.5266,0.1302
20260325162705,3200,15,0.5266,0.1302
20260325162706,3200,15,0.5266,0.1302
20260325162707,3200,15,0.5266,0.1302
20260325162708,3200,15,0.5266,0.1302
20260325162709,3200,15,0.5266,0.1302
20260325162710,3200,15,0.5266,0.1302
20260325162711,3200,15,0.5266,0.1302
20260325162712,3200,15,0.5266,0.1302
20260325162713,3200,15,0.5266,0.1302
20260325162714,3200,15,0.5266,0.1302
20260325162715,3200,15,0.5266,0.1302
20260325162716,3200,15,0.5267,0.1302
20260325162717,3200,15,0.5267,0.1302
20260325162718,3200,15,0.5267,0.1302
20260325162719,3200,15,0.5267,0.1302
20260325162720,3200,15,0.5267,0.1302
20260325162721,3200,15,0.5267,0.1302
20260325162722,3200,15,0.5267,0.1302
20260325162723,3200,15,0.5267,0.1302
20260325162724,3200,15,0.5267,0.1302
20260325162725,3200,15,0.5267,0.1302
20260325162726,3200,15,0.5267,0.1302
20260325162727,3200,15,0.5267,0.1302
20260325162728,3200,15,0.5267,0.1302
20260325162729,3200,15,0.5267,0.1302
20260325162730,3200,15,0.5267,0.1302
20260325162731,3200,15,0.5267,0.1302
20260325162732,3200,15,0.5267,0.1302
20260325162733,3200,15,0.5267,0.1302
20260325162734,3200,15,0.5267,0.1302
20260325162735,3200,15,0.5267,0.1302
20260325162736,3200,15,0.5267,0.1302
20260325162737,3200,15,0.5267,0.1302
20260325162738,3200,15,0.5267,0.1302
20260325162739,3200,15,0.5267,0.1302
20260325162740,3200,15,0.5267,0.1302
20260325162741,3200,15,0.5267,0.1302
20260325162742,3200,15,0.5267,0.1302
20260325162743,3200,15,0.5267,0.1302
20260325162744,3200,15,0.5267,0.1302
20260325162745,3200,15,0.5267,0.1302
20260325162746,3200,15,0.5267,0.1302
20260325162747,3200,15,0.5267,0.1302
20260325162748,3200,15,0.5267,0.1302
20260325162749,3200,15,0.5267,0.1302
20260325162750,3200,15,0.5267,0.1302
20260325162751,3200,15,0.5267,0.1302
20260325162752,3200,15,0.5267,0.1302
20260325162753,3200,15,0.5267,0.1302
20260325162754,3200,15,0.5267,0.1302
20260325162755,3200,15,0.5267,0.1302
20260325162756,3200,15,0.5267,0.1302
20260325162757,3200,15,0.5267,0.1302
20260325162758,3200,15,0.5267,0.1302
20260325162759,3200,15,0.5267,0.1302
20260325162800,3200,15,0.5267,0.1302
20260325162801,3200,15,0.5267,0.1302
20260325162802,3200,15,0.5267,0.1302
20260325162803,3200,15,0.5267,0.1302
20260325162804,3200,15,0.5267,0.1302
20260325162805,3200,15,0.5267,0.1302
20260325162806,3200,15,0.5267,0.1302
20260325162807,3200,15,0.5267,0.1302
20260325162808,3200,15,0.5267,0.1302
20260325162809,3200,15,0.5267,0.1302
20260325162810,3200,15,0.5267,0.1302
20260325162811,3200,15,0.5267,0.1302
20260325162812,3200,15,0.5267,0.1302
20260325162813,3200,15,0.5267,0.1302
20260325162814,3200,15,0.5267,0.1302
20260325162815,3200,15,0.5267,0.1302
20260325162816,3200,15,0.5267,0.1302
20260325162817,3200,15,0.5267,0.1302
20260325162818,3200,15,0.5267,0.1302
20260325162819,3200,15,0.5267,0.1302
20260325162820,3200,15,0.5267,0.1302
20260325162821,3200,15,0.5267,0.1302
20260325162822,3200,15,0.5267,0.1302
20260325162823,3200,15,0.5267,0.1302
20260325162824,3200,15,0.5267,0.1302
20260325162825,3200,15,0.5267,0.1302
20260325162826,3200,15,0.5267,0.1302
20260325162827,3200,15,0.5267,0.1302
20260325162828,3200,15,0.5267,0.1302
20260325162829,3200,15,0.5267,0.1302
20260325162830,3200,15,0.5267,0.1302
20260325162831,3200,15,0.5267,0.1302
20260325162832,3200,15,0.5267,0.1302
20260325162833,3200,15,0.5267,0.1302
20260325162834,3200,15,0.5267,0.1302
20260325162835,3200,15,0.5267,0.1302
20260325162836,3200,15,0.5267,0.1302
20260325162837,3200,15,0.5267,0.1302
20260325162838,3200,15,0.5267,0.1302
20260325162839,3200,15,0.5267,0.1302
20260325162840,3200,15,0.5267,0.1302
20260325162841,3200,15,0.5267,0.1302
20260325162842,3200,15,0.5267,0.1302
20260325162843,3200,15,0.5267,0.1302
20260325162844,3200,15,0.5267,0.1302
20260325162845,3200,15,0.5267,0.1302
20260325162846,3200,15,0.5267,0.1302
20260325162847,3200,15,0.5267,0.1302
20260325162848,3200,15,0.5267,0.1302
20260325162849,3200,15,0.5267,0.1302
20260325162850,3200,15,0.5267,0.1302
20260325162851,3200,15,0.5267,0.1302
20260325162852,3200,15,0.5267,0.1302
20260325162853,3200,15,0.5267,0.1302
20260325162854,3200,15,0.5267,0.1302
20260325162855,3200,15,0.5267,0.1302
20260325162856,3200,15,0.5267,0.1302
20260325162857,3200,15,0.5267,0.1302
20260325162858,3200,15,0.5267,0.1302
20260325162859,3200,15,0.5267,0.1302
20260325162900,3200,15,0.5267,0.1302
20260325162901,3200,15,0.5267,0.1302
20260325162902,3200,15,0.5267,0.1302
20260325162903,3200,15,0.5267,0.1302
20260325162904,3200,15,0.5267,0.1302
20260325162905,3200,15,0.5267,0.1302
20260325162906,3200,15,0.5267,0.1302
20260325162907,3200,15,0.5267,0.1302
20260325162908,3200,15,0.5267,0.1302
20260325162909,3200,16,0.5267,0.1302
20260325162910,3200,16,0.5267,0.1302
20260325162911,3200,16,0.5267,0.1302
20260325162912,3200,16,0.5267,0.1302
20260325162913,3200,16,0.5267,0.1302
20260325162914,3200,16,0.5267,0.1302
20260325162915,3200,16,0.5267,0.1302
20260325162916,3200,16,0.5267,0.1302
20260325162917,3200,16,0.5267,0.1302
20260325162918,3200,16,0.5267,0.1302
20260325162919,3200,16,0.5267,0.1302
20260325162920,3200,16,0.5267,0.1302
20260325162921,3200,16,0.5267,0.1302
20260325162922,3200,16,0.5267,0.1302
20260325162923,3200,16,0.5267,0.1302
20260325162924,3200,16,0.5267,0.1302
20260325162925,3200,16,0.5267,0.1302
20260325162926,3200,16,0.5267,0.1302
20260325162928,3200,16,0.5267,0.1302
20260325162929,3200,16,0.5267,0.1302
20260325162930,3200,16,0.5267,0.1302
20260325162931,3200,16,0.5267,0.1302
20260325162932,3200,16,0.5267,0.1302
20260325162933,3200,16,0.5267,0.1302
20260325162934,3200,16,0.5267,0.1302
20260325162935,3200,16,0.5267,0.1302
20260325162936,3200,16,0.5267,0.1302
20260325162937,3200,16,0.5267,0.1302
20260325162938,3200,16,0.5267,0.1302
20260325162939,3200,16,0.5267,0.1302
20260325162940,3200,16,0.5267,0.1302
20260325162941,3200,16,0.5267,0.1302
20260325162942,3200,16,0.5267,0.1302
20260325162943,3200,16,0.5267,0.1302
20260325162944,3200,16,0.5267,0.1302
20260325162945,3200,16,0.5267,0.1302
20260325162946,3200,16,0.5267,0.1302
20260325162947,3200,16,0.5267,0.1302
20260325162948,3200,16,0.5267,0.1302
20260325162949,3200,16,0.5267,0.1302
20260325162950,3200,16,0.5267,0.1302
20260325162951,3200,16,0.5267,0.1302
20260325162952,3200,16,0.5267,0.1302
20260325162953,3200,16,0.5267,0.1302
20260325162954,3200,16,0.5267,0.1302
20260325162955,3200,16,0.5267,0.1302
20260325162956,3200,16,0.5267,0.1302
20260325162957,3200,16,0.5267,0.1302
20260325162958,3200,16,0.5267,0.1302
20260325162959,3200,16,0.5267,0.1302
20260325163000,3200,16,0.5267,0.1302
20260325163001,3200,16,0.5267,0.1302
20260325163002,3200,16,0.5267,0.1302
20260325163003,3200,16,0.5267,0.1302
20260325163004,3200,16,0.5267,0.1302
20260325163005,3200,16,0.5267,0.1302
20260325163006,3200,16,0.5267,0.1302
20260325163007,3200,16,0.5267,0.1302
20260325163008,3200,16,0.5267,0.1302
20260325163009,3200,16,0.5267,0.1302
20260325163010,3200,16,0.5267,0.1302
20260325163011,3200,16,0.5267,0.1302
20260325163012,3200,16,0.5267,0.1302
20260325163013,3200,16,0.5267,0.1302
20260325163014,3200,16,0.5267,0.1302
20260325163015,3200,16,0.5267,0.1302
20260325163016,3200,16,0.5267,0.1302
20260325163017,3200,16,0.5267,0.1302
20260325163018,3200,16,0.5267,0.1302
20260325163019,3200,16,0.5267,0.1302
20260325163020,3200,16,0.5267,0.1302
20260325163021,3200,16,0.5267,0.1302
20260325163022,3200,16,0.5267,0.1302
20260325163023,3200,16,0.5267,0.1302
20260325163024,3200,16,0.5267,0.1302
20260325163025,3200,16,0.5267,0.1302
20260325163026,3200,16,0.5267,0.1302
20260325163027,3200,16,0.5267,0.1302
20260325163028,3200,16,0.5267,0.1302
20260325163029,3200,16,0.5267,0.1302
20260325163030,3200,16,0.5267,0.1302
20260325163031,3200,16,0.5267,0.1302
20260325163032,3200,16,0.5267,0.1302
20260325163033,3200,16,0.5267,0.1302
20260325163034,3200,16,0.5267,0.1302
20260325163035,3200,16,0.5267,0.1302
20260325163036,3200,16,0.5267,0.1302
20260325163037,3200,16,0.5267,0.1302
20260325163038,3200,16,0.5267,0.1302
20260325163039,3200,16,0.5267,0.1302
20260325163040,3200,16,0.5267,0.1302
20260325163041,3200,16,0.5267,0.1302
20260325163042,3200,16,0.5267,0.1302
20260325163043,3200,16,0.5267,0.1302
20260325163044,3200,16,0.5267,0.1302
20260325163045,3200,16,0.5267,0.1302
20260325163046,3200,16,0.5267,0.1302
20260325163047,3200,16,0.5267,0.1302
20260325163048,3200,16,0.5267,0.1302
20260325163049,3200,16,0.5267,0.1302
20260325163050,3200,16,0.5267,0.1302
20260325163051,3200,16,0.5267,0.1302
20260325163052,3200,16,0.5267,0.1302
20260325163053,3200,16,0.5267,0.1302
20260325163054,3200,16,0.5267,0.1302
20260325163055,3200,16,0.5267,0.1302
20260325163056,3200,16,0.5267,0.1302
20260325163057,3200,16,0.5267,0.1302
20260325163058,3200,16,0.5267,0.1302
20260325163059,3200,16,0.5267,0.1302
20260325163100,3200,16,0.5267,0.1302
20260325163101,3200,16,0.5267,0.1302
20260325163102,3200,16,0.5267,0.1302
20260325163103,3200,16,0.5267,0.1302
20260325163104,3200,16,0.5267,0.1302
20260325163105,3200,16,0.5267,0.1302
20260325163106,3200,16,0.5267,0.1302
20260325163107,3200,16,0.5267,0.1302
20260325163108,3200,16,0.5267,0.1302
20260325163109,3200,16,0.5267,0.1302
20260325163110,3200,16,0.5267,0.1302
20260325163111,3200,16,0.5267,0.1302
20260325163112,3200,16,0.5267,0.1302
20260325163113,3200,16,0.5267,0.1302
20260325163114,3200,16,0.5267,0.1302
20260325163115,3200,16,0.5267,0.1302
20260325163116,3200,16,0.5267,0.1302
20260325163117,3200,16,0.5267,0.1302
20260325163118,3200,16,0.5267,0.1302
20260325163119,3200,16,0.5267,0.1302
20260325163120,3200,16,0.5267,0.1302
20260325163121,3200,16,0.5267,0.1302
20260325163122,3200,16,0.5267,0.1302
20260325163123,3200,16,0.5267,0.1302
20260325163124,3200,16,0.5267,0.1302
20260325163125,3200,16,0.5267,0.1302
20260325163126,3200,16,0.5267,0.1302
20260325163127,3200,16,0.5267,0.1302
20260325163128,3200,16,0.5267,0.1302
20260325163129,3200,16,0.5267,0.1302
20260325163130,3200,16,0.5267,0.1302
20260325163131,3200,16,0.5267,0.1302
20260325163132,3200,16,0.5267,0.1302
20260325163133,3200,16,0.5267,0.1302
20260325163134,3200,16,0.5267,0.1302
20260325163135,3200,16,0.5267,0.1302
20260325163136,3200,16,0.5267,0.1302
20260325163137,3200,16,0.5267,0.1302
20260325163138,3200,17,0.5267,0.1302
20260325163139,3200,17,0.5267,0.1302
20260325163140,3200,17,0.5267,0.1302
20260325163141,3200,17,0.5267,0.1302
20260325163142,3200,17,0.5267,0.1302
20260325163143,3200,17,0.5267,0.1302
20260325163144,3200,17,0.5267,0.1302
20260325163145,3200,17,0.5267,0.1302
20260325163146,3200,17,0.5267,0.1302
20260325163147,3200,17,0.5267,0.1302
20260325163148,3200,17,0.5267,0.1302
20260325163149,3200,17,0.5267,0.1302
20260325163150,3200,17,0.5267,0.1302
20260325163151,3200,17,0.5267,0.1302
20260325163152,3200,17,0.5267,0.1302
20260325163153,3200,17,0.5267,0.1302
20260325163154,3200,17,0.5267,0.1302
20260325163155,3200,17,0.5267,0.1302
20260325163156,3200,17,0.5267,0.1302
20260325163157,3200,17,0.5267,0.1302
20260325163158,3200,17,0.5267,0.1302
20260325163159,3200,17,0.5267,0.1302
20260325163200,3200,17,0.5267,0.1302
20260325163201,3200,17,0.5267,0.1302
20260325163202,3200,17,0.5267,0.1302
20260325163203,3200,17,0.5267,0.1302
20260325163204,3200,17,0.5267,0.1302
20260325163205,3200,17,0.5267,0.1302
20260325163206,3200,17,0.5267,0.1302
20260325163207,3200,17,0.5267,0.1302
20260325163208,3200,17,0.5267,0.1302
20260325163209,3200,17,0.5267,0.1302
20260325163210,3200,17,0.5267,0.1302
20260325163211,3200,17,0.5267,0.1302
20260325163212,3200,17,0.5267,0.1302
20260325163213,3200,17,0.5267,0.1302
20260325163214,3200,17,0.5267,0.1302
20260325163215,3200,17,0.5267,0.1302
20260325163216,3200,17,0.5267,0.1302
20260325163217,3200,17,0.5267,0.1302
20260325163218,3200,17,0.5267,0.1302
20260325163219,3200,17,0.5267,0.1302
20260325163220,3200,17,0.5267,0.1302
20260325163221,3200,17,0.5267,0.1302
20260325163222,3200,17,0.5267,0.1302
20260325163223,3200,17,0.5267,0.1302
20260325163224,3200,17,0.5267,0.1302
20260325163225,3200,17,0.5267,0.1302
20260325163226,3200,17,0.5267,0.1302
20260325163227,3200,17,0.5267,0.1302
20260325163228,3200,17,0.5267,0.1302
20260325163229,3200,17,0.5267,0.1302
20260325163230,3200,17,0.5267,0.1302
20260325163231,3200,17,0.5267,0.1302
20260325163232,3200,17,0.5267,0.1302
20260325163233,3200,17,0.5267,0.1302
20260325163234,3200,17,0.5267,0.1302
20260325163236,3200,17,0.5267,0.1302
20260325163237,3200,17,0.5267,0.1302
20260325163238,3200,17,0.5267,0.1302
20260325163239,3200,17,0.5267,0.1302
20260325163240,3200,17,0.5267,0.1302
20260325163241,3200,17,0.5267,0.1302
20260325163242,3200,17,0.5267,0.1302
20260325163243,3200,17,0.5267,0.1302
20260325163244,3200,17,0.5267,0.1302
20260325163245,3200,17,0.5267,0.1302
20260325163246,3200,17,0.5267,0.1302
20260325163247,3200,17,0.5267,0.1302
20260325163248,3200,17,0.5267,0.1302
20260325163249,3200,17,0.5267,0.1302
20260325163250,3200,17,0.5267,0.1302
20260325163251,3200,17,0.5267,0.1302
20260325163252,3200,17,0.5267,0.1302
20260325163253,3200,17,0.5267,0.1302
20260325163254,3200,17,0.5267,0.1302
20260325163255,3200,17,0.5267,0.1302
20260325163256,3200,17,0.5267,0.1302
20260325163257,3200,17,0.5267,0.1302
20260325163258,3200,17,0.5267,0.1302
20260325163259,3200,17,0.5267,0.1302
20260325163300,3200,17,0.5267,0.1302
20260325163301,3200,17,0.5267,0.1302
20260325163302,3200,17,0.5267,0.1302
20260325163303,3200,17,0.5267,0.1302
20260325163304,3200,17,0.5267,0.1302
20260325163305,3200,17,0.5267,0.1302
20260325163306,3200,17,0.5267,0.1302
20260325163307,3200,17,0.5267,0.1302
20260325163308,3200,17,0.5267,0.1302
20260325163309,3200,17,0.5267,0.1302
20260325163310,3200,17,0.5267,0.1302
20260325163311,3200,17,0.5267,0.1302
20260325163312,3200,17,0.5267,0.1302
20260325163313,3200,17,0.5267,0.1302
20260325163314,3200,17,0.5267,0.1302
20260325163315,3200,17,0.5267,0.1302
20260325163316,3200,17,0.5267,0.1302
20260325163317,3200,17,0.5267,0.1302
20260325163318,3200,17,0.5267,0.1302
20260325163319,3200,17,0.5267,0.1302
20260325163320,3200,17,0.5267,0.1302
20260325163321,3200,17,0.5267,0.1302
20260325163322,3200,17,0.5267,0.1302
20260325163323,3200,17,0.5267,0.1302
20260325163324,3200,17,0.5267,0.1302
20260325163325,3200,17,0.5267,0.1302
20260325163326,3200,17,0.5267,0.1302
20260325163327,3200,17,0.5267,0.1302
20260325163328,3200,17,0.5267,0.1302
20260325163329,3200,17,0.5267,0.1302
20260325163330,3200,17,0.5267,0.1302
20260325163331,3200,17,0.5267,0.1302
20260325163332,3200,17,0.5267,0.1302
20260325163333,3200,17,0.5267,0.1302
20260325163334,3200,17,0.5267,0.1302
20260325163335,3200,17,0.5267,0.1302
20260325163336,3200,17,0.5267,0.1302
20260325163337,3200,17,0.5267,0.1302
20260325163338,3200,17,0.5267,0.1302
20260325163339,3200,17,0.5267,0.1302
20260325163340,3200,17,0.5267,0.1302
20260325163341,3200,17,0.5267,0.1302
20260325163342,3200,17,0.5267,0.1302
20260325163343,3200,17,0.5267,0.1302
20260325163344,3200,17,0.5267,0.1302
20260325163345,3200,17,0.5267,0.1302
20260325163346,3200,17,0.5267,0.1302
20260325163347,3200,17,0.5267,0.1302
20260325163348,3200,17,0.5267,0.1302
20260325163349,3200,17,0.5267,0.1302
20260325163350,3200,17,0.5267,0.1302
20260325163351,3200,17,0.5267,0.1302
20260325163352,3200,17,0.5267,0.1302
20260325163353,3200,17,0.5267,0.1302
20260325163354,3200,17,0.5267,0.1302
20260325163355,3200,17,0.5267,0.1302
20260325163356,3200,17,0.5267,0.1302
20260325163357,3200,17,0.5267,0.1302
20260325163358,3200,17,0.5267,0.1302
20260325163359,3200,17,0.5267,0.1302
20260325163400,3200,17,0.5267,0.1302
20260325163401,3200,17,0.5267,0.1302
20260325163402,3200,17,0.5267,0.1302
20260325163403,3200,17,0.5267,0.1302
20260325163404,3200,17,0.5267,0.1302
20260325163405,3200,17,0.5267,0.1302
20260325163406,3200,18,0.5267,0.1302
20260325163407,3200,18,0.5267,0.1302
20260325163408,3200,18,0.5267,0.1302
20260325163409,3200,18,0.5267,0.1302
20260325163410,3200,18,0.5267,0.1302
20260325163411,3200,18,0.5267,0.1302
20260325163412,3200,18,0.5267,0.1302
20260325163413,3200,18,0.5267,0.1302
20260325163414,3200,18,0.5267,0.1302
20260325163415,3200,18,0.5267,0.1302
20260325163416,3200,18,0.5267,0.1302
20260325163417,3200,18,0.5267,0.1302
20260325163418,3200,18,0.5267,0.1302
20260325163419,3200,18,0.5267,0.1302
20260325163420,3200,18,0.5267,0.1302
20260325163421,3200,18,0.5267,0.1302
20260325163422,3200,18,0.5267,0.1302
20260325163423,3200,18,0.5267,0.1302
20260325163424,3200,18,0.5268,0.1302
20260325163425,3200,18,0.5268,0.1302
20260325163426,3200,18,0.5268,0.1302
20260325163427,3200,18,0.5268,0.1302
20260325163428,3200,18,0.5268,0.1302
20260325163429,3200,18,0.5268,0.1302
20260325163430,3200,18,0.5268,0.1302
20260325163431,3200,18,0.5268,0.1302
20260325163432,3200,18,0.5268,0.1302
20260325163433,3200,18,0.5268,0.1302
20260325163434,3200,18,0.5268,0.1302
20260325163435,3200,18,0.5268,0.1302
20260325163436,3200,18,0.5268,0.1302
20260325163437,3200,18,0.5268,0.1302
20260325163438,3200,18,0.5268,0.1302
20260325163439,3200,18,0.5268,0.1302
20260325163440,3200,18,0.5268,0.1302
20260325163441,3200,18,0.5268,0.1302
20260325163442,3200,18,0.5268,0.1302
20260325163443,3200,18,0.5268,0.1302
20260325163444,3200,18,0.5268,0.1302
20260325163445,3200,18,0.5268,0.1302
20260325163446,3200,18,0.5268,0.1302
20260325163447,3200,18,0.5268,0.1302
20260325163448,3200,18,0.5268,0.1302
20260325163449,3200,18,0.5268,0.1302
20260325163450,3200,18,0.5268,0.1302
20260325163451,3200,18,0.5268,0.1302
20260325163452,3200,18,0.5268,0.1302
20260325163453,3200,18,0.5268,0.1302
20260325163454,3200,18,0.5268,0.1302
20260325163455,3200,18,0.5268,0.1302
20260325163456,3200,18,0.5268,0.1302
20260325163457,3200,18,0.5268,0.1302
20260325163458,3200,18,0.5268,0.1302
20260325163459,3200,18,0.5268,0.1302
20260325163500,3200,18,0.5268,0.1302
20260325163501,3200,18,0.5268,0.1302
20260325163502,3200,18,0.5268,0.1302
20260325163503,3200,18,0.5268,0.1302
20260325163504,3200,18,0.5268,0.1302
20260325163505,3200,18,0.5268,0.1302
20260325163506,3200,18,0.5268,0.1302
20260325163507,3200,18,0.5268,0.1302
20260325163508,3200,18,0.5268,0.1302
20260325163509,3200,18,0.5268,0.1302
20260325163510,3200,18,0.5268,0.1302
20260325163511,3200,18,0.5268,0.1302
20260325163512,3200,18,0.5268,0.1302
20260325163513,3200,18,0.5268,0.1302
20260325163514,3200,18,0.5268,0.1302
20260325163515,3200,18,0.5268,0.1302
20260325163516,3200,18,0.5268,0.1302
20260325163517,3200,18,0.5268,0.1302
20260325163518,3200,18,0.5268,0.1302
20260325163519,3200,18,0.5268,0.1302
20260325163520,3200,18,0.5268,0.1302
20260325163521,3200,18,0.5268,0.1302
20260325163522,3200,18,0.5268,0.1302
20260325163523,3200,18,0.5268,0.1302
20260325163524,3200,18,0.5268,0.1302
20260325163525,3200,18,0.5268,0.1302
20260325163526,3200,18,0.5268,0.1302
20260325163527,3200,18,0.5268,0.1302
20260325163528,3200,18,0.5268,0.1302
20260325163529,3200,18,0.5268,0.1302
20260325163530,3200,18,0.5268,0.1302
20260325163531,3200,18,0.5268,0.1302
20260325163532,3200,18,0.5268,0.1302
20260325163533,3200,18,0.5268,0.1302
20260325163534,3200,18,0.5268,0.1302
20260325163535,3200,18,0.5268,0.1302
20260325163536,3200,18,0.5268,0.1302
20260325163537,3200,18,0.5268,0.1302
20260325163538,3200,18,0.5268,0.1302
20260325163539,3200,18,0.5268,0.1302
20260325163540,3200,18,0.5268,0.1302
20260325163541,3200,18,0.5268,0.1302
20260325163542,3200,18,0.5268,0.1302
20260325163543,3200,18,0.5268,0.1302
20260325163545,3200,18,0.5268,0.1302
20260325163546,3200,18,0.5268,0.1302
20260325163547,3200,18,0.5268,0.1302
20260325163548,3200,18,0.5268,0.1302
20260325163549,3200,18,0.5268,0.1302
20260325163550,3200,18,0.5268,0.1302
20260325163551,3200,18,0.5268,0.1302
20260325163552,3200,18,0.5268,0.1302
20260325163553,3200,18,0.5268,0.1302
20260325163554,3200,18,0.5268,0.1302
20260325163555,3200,18,0.5268,0.1302
20260325163556,3200,18,0.5268,0.1302
20260325163557,3200,18,0.5268,0.1302
20260325163558,3200,18,0.5268,0.1302
20260325163559,3200,18,0.5268,0.1302
20260325163600,3200,18,0.5268,0.1302
20260325163601,3200,18,0.5268,0.1302
20260325163602,3200,18,0.5268,0.1302
20260325163603,3200,18,0.5268,0.1302
20260325163604,3200,18,0.5268,0.1302
20260325163605,3200,18,0.5268,0.1302
20260325163606,3200,18,0.5268,0.1302
20260325163607,3200,18,0.5268,0.1302
20260325163608,3200,18,0.5268,0.1302
20260325163609,3200,18,0.5268,0.1302
20260325163610,3200,18,0.5268,0.1302
20260325163611,3200,18,0.5268,0.1302
20260325163612,3200,18,0.5268,0.1302
20260325163613,3200,18,0.5268,0.1302
20260325163614,3200,18,0.5268,0.1302
20260325163615,3200,18,0.5268,0.1302
20260325163616,3200,18,0.5268,0.1302
20260325163617,3200,18,0.5268,0.1302
20260325163618,3200,18,0.5268,0.1302
20260325163619,3200,18,0.5268,0.1302
20260325163620,3200,18,0.5268,0.1302
20260325163621,3200,18,0.5268,0.1302
20260325163622,3200,18,0.5268,0.1302
20260325163623,3200,18,0.5268,0.1302
20260325163624,3200,18,0.5268,0.1302
20260325163625,3200,18,0.5268,0.1302
20260325163626,3200,18,0.5268,0.1302
20260325163627,3200,18,0.5268,0.1302
20260325163628,3200,18,0.5268,0.1302
20260325163629,3200,18,0.5268,0.1302
20260325163630,3200,18,0.5268,0.1302
20260325163631,3200,18,0.5268,0.1302
20260325163632,3200,18,0.5268,0.1302
20260325163633,3200,18,0.5268,0.1302
20260325163634,3200,19,0.5268,0.1302
20260325163635,3200,19,0.5268,0.1302
20260325163636,3200,19,0.5268,0.1302
20260325163637,3200,19,0.5268,0.1302
20260325163638,3200,19,0.5268,0.1302
20260325163639,3200,19,0.5268,0.1302
20260325163640,3200,19,0.5268,0.1302
20260325163641,3200,19,0.5268,0.1302
20260325163642,3200,19,0.5268,0.1302
20260325163643,3200,19,0.5268,0.1302
20260325163644,3200,19,0.5268,0.1302
20260325163645,3200,19,0.5268,0.1302
20260325163646,3200,19,0.5268,0.1302
20260325163647,3200,19,0.5268,0.1302
20260325163648,3200,19,0.5268,0.1302
20260325163649,3200,19,0.5268,0.1302
20260325163650,3200,19,0.5268,0.1302
20260325163651,3200,19,0.5268,0.1302
20260325163652,3200,19,0.5268,0.1302
20260325163653,3200,19,0.5268,0.1302
20260325163654,3200,19,0.5268,0.1302
20260325163655,3200,19,0.5268,0.1302
20260325163656,3200,19,0.5268,0.1302
20260325163657,3200,19,0.5268,0.1302
20260325163658,3200,19,0.5268,0.1302
20260325163659,3200,19,0.5268,0.1302
20260325163700,3200,19,0.5268,0.1302
20260325163701,3200,19,0.5268,0.1302
20260325163702,3200,19,0.5268,0.1302
20260325163703,3200,19,0.5268,0.1302
20260325163704,3200,19,0.5268,0.1302
20260325163705,3200,19,0.5268,0.1302
20260325163706,3200,19,0.5268,0.1302
20260325163707,3200,19,0.5268,0.1302
20260325163708,3200,19,0.5268,0.1302
20260325163709,3200,19,0.5268,0.1302
20260325163710,3200,19,0.5268,0.1302
20260325163711,3200,19,0.5268,0.1302
20260325163712,3200,19,0.5268,0.1302
20260325163713,3200,19,0.5268,0.1302
20260325163714,3200,19,0.5268,0.1302
20260325163715,3200,19,0.5268,0.1302
20260325163716,3200,19,0.5268,0.1302
20260325163717,3200,19,0.5268,0.1302
20260325163718,3200,19,0.5268,0.1302
20260325163719,3200,19,0.5268,0.1302
20260325163720,3200,19,0.5268,0.1302
20260325163721,3200,19,0.5268,0.1302
20260325163722,3200,19,0.5268,0.1302
20260325163723,3200,19,0.5268,0.1302
20260325163724,3200,19,0.5268,0.1302
20260325163725,3200,19,0.5268,0.1302
20260325163726,3200,19,0.5268,0.1302
20260325163727,3200,19,0.5268,0.1302
20260325163728,3200,19,0.5268,0.1302
20260325163729,3200,19,0.5268,0.1302
20260325163730,3200,19,0.5268,0.1302
20260325163731,3200,19,0.5268,0.1302
20260325163732,3200,19,0.5268,0.1302
20260325163733,3200,19,0.5268,0.1302
20260325163734,3200,19,0.5268,0.1302
20260325163735,3200,19,0.5268,0.1302
20260325163736,3200,19,0.5268,0.1302
20260325163737,3200,19,0.5268,0.1302
20260325163738,3200,19,0.5268,0.1302
20260325163739,3200,19,0.5268,0.1302
20260325163740,3200,19,0.5268,0.1302
20260325163741,3200,19,0.5268,0.1302
20260325163742,3200,19,0.5268,0.1302
20260325163743,3200,19,0.5268,0.1302
20260325163744,3200,19,0.5268,0.1302
20260325163745,3200,19,0.5268,0.1302
20260325163746,3200,19,0.5268,0.1302
20260325163747,3200,19,0.5268,0.1302
20260325163748,3200,19,0.5268,0.1302
20260325163749,3200,19,0.5268,0.1302
20260325163750,3200,19,0.5268,0.1302
20260325163751,3200,19,0.5268,0.1302
20260325163752,3200,19,0.5268,0.1302
20260325163753,3200,19,0.5268,0.1302
20260325163754,3200,19,0.5268,0.1302
20260325163755,3200,19,0.5268,0.1302
20260325163756,3200,19,0.5268,0.1302
20260325163757,3200,19,0.5268,0.1302
20260325163758,3200,19,0.5268,0.1302
20260325163759,3200,19,0.5268,0.1302
20260325163800,3200,19,0.5268,0.1302
20260325163801,3200,19,0.5268,0.1302
20260325163802,3200,19,0.5268,0.1302
20260325163803,3200,19,0.5268,0.1302
20260325163804,3200,19,0.5268,0.1302
20260325163805,3200,19,0.5268,0.1302
20260325163806,3200,19,0.5268,0.1302
20260325163807,3200,19,0.5268,0.1302
20260325163808,3200,19,0.5268,0.1302
20260325163809,3200,19,0.5268,0.1302
20260325163810,3200,19,0.5268,0.1302
20260325163811,3200,19,0.5268,0.1302
20260325163812,3200,19,0.5268,0.1302
20260325163813,3200,19,0.5268,0.1302
20260325163814,3200,19,0.5268,0.1302
20260325163815,3200,19,0.5268,0.1302
20260325163816,3200,19,0.5268,0.1302
20260325163817,3200,19,0.5268,0.1302
20260325163818,3200,19,0.5268,0.1302
20260325163819,3200,19,0.5268,0.1302
20260325163820,3200,19,0.5268,0.1302
20260325163821,3200,19,0.5268,0.1302
20260325163822,3200,19,0.5268,0.1302
20260325163823,3200,19,0.5268,0.1302
20260325163824,3200,19,0.5268,0.1302
20260325163825,3200,19,0.5268,0.1302
20260325163826,3200,19,0.5268,0.1302
20260325163827,3200,19,0.5268,0.1302
20260325163828,3200,19,0.5268,0.1302
20260325163829,3200,19,0.5268,0.1302
20260325163830,3200,19,0.5268,0.1302
20260325163831,3200,19,0.5268,0.1302
20260325163832,3200,19,0.5268,0.1302
20260325163833,3200,19,0.5268,0.1302
20260325163834,3200,19,0.5268,0.1302
20260325163835,3200,19,0.5268,0.1302
20260325163836,3200,19,0.5268,0.1302
20260325163837,3200,19,0.5268,0.1302
20260325163838,3200,19,0.5268,0.1302
20260325163839,3200,19,0.5268,0.1302
20260325163840,3200,19,0.5268,0.1302
20260325163841,3200,19,0.5268,0.1302
20260325163842,3200,19,0.5268,0.1302
20260325163843,3200,19,0.5268,0.1302
20260325163844,3200,19,0.5268,0.1302
20260325163845,3200,19,0.5268,0.1302
20260325163846,3200,19,0.5268,0.1302
20260325163847,3200,19,0.5268,0.1302
20260325163848,3200,19,0.5268,0.1302
20260325163849,3200,19,0.5268,0.1302
20260325163850,3200,19,0.5268,0.1302
20260325163852,3200,19,0.5268,0.1302
20260325163853,3200,19,0.5268,0.1302
20260325163854,3200,19,0.5268,0.1302
20260325163855,3200,19,0.5268,0.1302
20260325163856,3200,19,0.5268,0.1302
20260325163857,3200,19,0.5268,0.1302
20260325163858,3200,19,0.5268,0.1302
20260325163859,3200,19,0.5268,0.1302
20260325163900,3200,19,0.5268,0.1302
20260325163901,3200,19,0.5268,0.1302
20260325163902,3200,19,0.5268,0.1302
20260325163903,3200,19,0.5268,0.1302
20260325163904,3200,19,0.5268,0.1302
20260325163905,3200,19,0.5268,0.1302
20260325163906,3200,19,0.5268,0.1302
20260325163907,3200,19,0.5268,0.1302
20260325163908,3200,19,0.5268,0.1302
20260325163909,3200,19,0.5268,0.1302
20260325163910,3200,19,0.5268,0.1302
20260325163911,3200,19,0.5268,0.1302
20260325163912,3200,19,0.5268,0.1302
20260325163913,3200,19,0.5268,0.1302
20260325163914,3200,19,0.5268,0.1302
20260325163915,3200,19,0.5268,0.1302
20260325163916,3200,19,0.5268,0.1302
20260325163917,3200,19,0.5268,0.1302
20260325163918,2000,19,0.5268,0.1302
20260325163919,2000,19,0.5268,0.1302
20260325163920,2000,19,0.5268,0.1302
20260325163921,2000,19,0.5268,0.1302
20260325163922,2000,19,0.5268,0.1302
20260325163923,2000,19,0.5268,0.1302
20260325163924,2000,19,0.5268,0.1302
20260325163925,2000,19,0.5268,0.1302
20260325163926,2000,19,0.5268,0.1302
20260325163927,2000,19,0.5268,0.1302
20260325163928,2000,19,0.5268,0.1302
20260325163929,2000,19,0.5268,0.1302
20260325163930,2000,19,0.5268,0.1302
20260325163931,2000,19,0.5268,0.1302
20260325163932,2000,19,0.5268,0.1302
20260325163933,2000,19,0.5268,0.1302
20260325163934,2000,19,0.5268,0.1302
20260325163935,2000,19,0.5268,0.1302
20260325163936,2000,19,0.5268,0.1302
20260325163937,2000,19,0.5268,0.1302
20260325163938,2000,19,0.5268,0.1302
20260325163939,2000,19,0.5268,0.1302
20260325163940,2000,19,0.5268,0.1302
20260325163941,2000,19,0.5268,0.1302
20260325163942,2000,19,0.5268,0.1302
20260325163943,2000,19,0.5268,0.1302
20260325163944,2000,19,0.5268,0.1302
20260325163945,2000,19,0.5268,0.1302
20260325163946,2000,19,0.5268,0.1302
20260325163947,2000,19,0.5268,0.1302
20260325163948,2000,19,0.5268,0.1302
20260325163949,2000,19,0.5268,0.1302
20260325163950,2000,19,0.5268,0.1302
20260325163951,2000,19,0.5268,0.1302
20260325163952,2000,19,0.5268,0.1302
20260325163953,2000,19,0.5268,0.1302
20260325163954,2000,19,0.5268,0.1302
20260325163955,2000,19,0.5268,0.1302
20260325163956,2000,19,0.5268,0.1302
20260325163957,2000,19,0.5268,0.1302
20260325163958,2000,19,0.5268,0.1302
20260325163959,2000,19,0.5268,0.1302
20260325164000,2000,19,0.5268,0.1302
20260325164001,2000,19,0.5268,0.1302
20260325164002,2000,19,0.5268,0.1302
20260325164003,2000,19,0.5268,0.1302
20260325164004,2000,19,0.5268,0.1302
20260325164005,2000,19,0.5268,0.1302
20260325164006,2000,19,0.5268,0.1302
20260325164007,2000,19,0.5268,0.1302
20260325164008,2000,19,0.5268,0.1302
20260325164009,2000,19,0.5268,0.1302
20260325164010,2000,19,0.5268,0.1302
20260325164011,2000,20,0.5268,0.1302
20260325164012,2000,20,0.5268,0.1302
20260325164013,2000,20,0.5268,0.1302
20260325164014,2000,20,0.5268,0.1302
20260325164015,2000,20,0.5268,0.1302
20260325164016,2000,20,0.5268,0.1302
20260325164017,2000,20,0.5268,0.1302
20260325164018,2000,20,0.5268,0.1302
20260325164019,2000,20,0.5268,0.1302
20260325164020,2000,20,0.5268,0.1302
20260325164021,2000,20,0.5268,0.1302
20260325164022,2000,20,0.5268,0.1302
20260325164023,2000,20,0.5268,0.1302
20260325164024,2000,20,0.5268,0.1302
20260325164025,2000,20,0.5268,0.1302
20260325164026,2000,20,0.5268,0.1302
20260325164027,2000,20,0.5268,0.1302
20260325164028,2000,20,0.5268,0.1302
20260325164029,2000,20,0.5268,0.1302
20260325164030,2000,20,0.5268,0.1302
20260325164031,2000,20,0.5268,0.1302
20260325164032,2000,20,0.5268,0.1302
20260325164033,2000,20,0.5268,0.1302
20260325164034,2000,20,0.5268,0.1302
20260325164035,2000,20,0.5268,0.1302
20260325164036,2000,20,0.5268,0.1302
20260325164037,2000,20,0.5268,0.1302
20260325164038,2000,20,0.5268,0.1302
20260325164039,2000,20,0.5268,0.1302
20260325164040,2000,20,0.5268,0.1302
20260325164041,2000,20,0.5268,0.1302
20260325164042,2000,20,0.5268,0.1302
20260325164043,2000,20,0.5268,0.1302
20260325164044,2000,20,0.5268,0.1302
20260325164045,2000,20,0.5268,0.1302
20260325164046,2000,20,0.5268,0.1302
20260325164047,2000,20,0.5268,0.1302
20260325164048,2000,20,0.5268,0.1302
20260325164049,2000,20,0.5268,0.1302
20260325164050,2000,20,0.5268,0.1302
20260325164051,2000,20,0.5268,0.1302
20260325164052,2000,20,0.5268,0.1302
20260325164053,2000,20,0.5268,0.1302
20260325164054,2000,20,0.5268,0.1302
20260325164055,2000,20,0.5268,0.1302
20260325164057,2000,20,0.5268,0.1302
20260325164058,2000,20,0.5268,0.1302
20260325164059,2000,20,0.5268,0.1302
20260325164100,2000,20,0.5268,0.1302
20260325164101,2000,20,0.5268,0.1302
20260325164102,2000,20,0.5268,0.1302
20260325164103,2000,20,0.5268,0.1302
20260325164104,2000,20,0.5268,0.1302
20260325164105,2000,20,0.5268,0.1302
20260325164106,2000,20,0.5268,0.1302
20260325164107,2000,20,0.5268,0.1302
20260325164108,2000,20,0.5268,0.1302
20260325164109,2000,20,0.5268,0.1302
20260325164110,2000,20,0.5268,0.1302
20260325164111,2000,20,0.5268,0.1302
20260325164112,2000,20,0.5268,0.1302
20260325164113,2000,20,0.5268,0.1302
20260325164114,2000,20,0.5268,0.1302
20260325164115,2000,20,0.5268,0.1302
20260325164116,2000,20,0.5268,0.1302
20260325164117,2000,20,0.5268,0.1302
20260325164118,2000,20,0.5268,0.1302
20260325164119,2000,20,0.5268,0.1302
20260325164120,2000,20,0.5268,0.1302
20260325164121,2000,20,0.5268,0.1302
20260325164122,2000,20,0.5268,0.1302
20260325164123,2000,20,0.5268,0.1302
20260325164124,2000,20,0.5268,0.1302
20260325164125,2000,20,0.5268,0.1302
20260325164126,2000,20,0.5268,0.1302
20260325164127,2000,20,0.5268,0.1302
20260325164128,2000,20,0.5268,0.1302
20260325164129,2000,20,0.5268,0.1302
20260325164130,2000,20,0.5268,0.1302
20260325164131,2000,20,0.5268,0.1302
20260325164132,2000,20,0.5268,0.1302
20260325164133,2000,20,0.5268,0.1302
20260325164134,2000,20,0.5268,0.1302
20260325164135,2000,20,0.5268,0.1302
20260325164136,2000,20,0.5268,0.1302
20260325164137,2000,20,0.5268,0.1302
20260325164138,2000,20,0.5268,0.1302
20260325164139,2000,20,0.5268,0.1302
20260325164140,2000,20,0.5268,0.1302
20260325164141,2000,20,0.5268,0.1302
20260325164142,2000,20,0.5268,0.1302
20260325164143,2000,20,0.5268,0.1302
20260325164144,2000,20,0.5268,0.1302
20260325164145,2000,20,0.5268,0.1302
20260325164146,2000,20,0.5268,0.1302
20260325164147,2000,20,0.5268,0.1302
20260325164148,2000,20,0.5268,0.1302
20260325164149,2000,20,0.5268,0.1302
20260325164150,2000,20,0.5268,0.1302
20260325164151,2000,20,0.5268,0.1302
20260325164152,2000,20,0.5268,0.1302
20260325164153,2000,20,0.5268,0.1302
20260325164154,2000,20,0.5268,0.1302
20260325164155,2000,20,0.5268,0.1302
20260325164156,2000,20,0.5268,0.1302
20260325164157,2000,20,0.5268,0.1301
20260325164158,2000,20,0.5268,0.1301
20260325164159,2000,20,0.5268,0.1301
20260325164200,2000,20,0.5268,0.1301
20260325164201,2000,20,0.5268,0.1301
20260325164202,2000,20,0.5268,0.1301
20260325164203,2000,20,0.5268,0.1301
20260325164204,2000,20,0.5268,0.1301
20260325164205,2000,20,0.5269,0.1301
20260325164206,2000,20,0.5269,0.1301
20260325164207,2000,20,0.5269,0.1301
20260325164208,2000,20,0.5269,0.1301
20260325164209,2000,20,0.5269,0.1301
20260325164210,2000,20,0.5269,0.1301
20260325164211,2000,20,0.5269,0.1301
20260325164212,2000,20,0.5269,0.1301
20260325164213,2000,20,0.5269,0.1301
20260325164214,2000,20,0.5269,0.1301
20260325164215,2000,20,0.5269,0.1301
20260325164216,2000,20,0.5269,0.1301
20260325164217,2000,20,0.5269,0.1301
20260325164218,2000,20,0.5269,0.1301
20260325164219,2000,20,0.5269,0.1301
20260325164220,2000,20,0.5269,0.1301
20260325164221,2000,20,0.5269,0.1301
20260325164222,2000,20,0.5269,0.1301
20260325164223,2000,20,0.5269,0.1301
20260325164224,2000,20,0.5269,0.1301
20260325164225,2000,20,0.5269,0.1301
20260325164226,2000,20,0.5269,0.1301
20260325164227,2000,20,0.5269,0.1301
20260325164228,2000,20,0.5269,0.1301
20260325164229,2000,20,0.5269,0.1301
20260325164230,2000,20,0.5269,0.1301
20260325164231,2000,20,0.5269,0.1301
20260325164232,2000,20,0.5269,0.1301
20260325164233,2000,20,0.5269,0.1301
20260325164234,2000,20,0.5269,0.1301
20260325164235,2000,20,0.5269,0.1301
20260325164236,2000,20,0.5269,0.1301
20260325164237,2000,20,0.5269,0.1301
20260325164238,2000,20,0.5269,0.1301
20260325164239,2000,20,0.5269,0.1301
20260325164240,2000,20,0.5269,0.1301
20260325164241,2000,20,0.5269,0.1301
20260325164242,2000,20,0.5269,0.1301
20260325164243,2000,20,0.5269,0.1301
20260325164244,2000,20,0.5269,0.1301
20260325164245,2000,20,0.5269,0.1301
20260325164246,2000,20,0.5269,0.1301
20260325164247,2000,21,0.5269,0.1301
20260325164248,2000,21,0.5269,0.1301
20260325164249,2000,21,0.5269,0.1301
20260325164250,2000,21,0.5269,0.1301
20260325164251,2000,21,0.5269,0.1301
20260325164252,2000,21,0.5269,0.1301
20260325164253,2000,21,0.5269,0.1301
20260325164254,2000,21,0.5269,0.1301
20260325164255,2000,21,0.5269,0.1301
20260325164256,2000,21,0.5269,0.1301
20260325164257,2000,21,0.5269,0.1301
20260325164258,2000,21,0.5269,0.1301
20260325164259,2000,21,0.5269,0.1301
20260325164300,2000,21,0.5269,0.1301
20260325164302,2000,21,0.5269,0.1301
20260325164303,2000,21,0.5269,0.1301
20260325164304,2000,21,0.5269,0.1301
20260325164305,2000,21,0.5269,0.1301
20260325164306,2000,21,0.5269,0.1301
20260325164307,2000,21,0.5269,0.1301
20260325164308,2000,21,0.5269,0.1301
20260325164309,2000,21,0.5269,0.1301
20260325164310,2000,21,0.5269,0.1301
20260325164311,2000,21,0.5269,0.1301
20260325164312,2000,21,0.5269,0.1301
20260325164313,2000,21,0.5269,0.1301
20260325164314,2000,21,0.5269,0.1301
20260325164315,2000,21,0.5269,0.1301
20260325164316,2000,21,0.5269,0.1301
20260325164317,2000,21,0.5269,0.1301
20260325164318,2000,21,0.5269,0.1301
20260325164319,2000,21,0.5269,0.1301
20260325164320,2000,21,0.5269,0.1301
20260325164321,2000,21,0.5269,0.1301
20260325164322,2000,21,0.5269,0.1301
20260325164323,2000,21,0.5269,0.1301
20260325164324,2000,21,0.5269,0.1301
20260325164325,2000,21,0.5269,0.1301
20260325164326,2000,21,0.5269,0.1301
20260325164327,2000,21,0.5269,0.1301
20260325164328,2000,21,0.5269,0.1301
20260325164329,2000,21,0.5269,0.1301
20260325164330,2000,21,0.5269,0.1301
20260325164331,2000,21,0.5269,0.1301
20260325164332,2000,21,0.5269,0.1301
20260325164333,2000,21,0.5269,0.1301
20260325164334,2000,21,0.5269,0.1301
20260325164335,2000,21,0.5269,0.1301
20260325164336,2000,21,0.5269,0.1301
20260325164337,2000,21,0.5269,0.1301
20260325164338,2000,21,0.5269,0.1301
20260325164339,2000,21,0.5269,0.1301
20260325164340,2000,21,0.5269,0.1301
20260325164341,2000,21,0.5269,0.1301
20260325164342,2000,21,0.5269,0.1301
20260325164343,2000,21,0.5269,0.1301
20260325164344,2000,21,0.5269,0.1301
20260325164345,2000,21,0.5269,0.1301
20260325164346,2000,21,0.5269,0.1301
20260325164347,2000,21,0.5269,0.1301
20260325164348,2000,21,0.5269,0.1301
20260325164349,2000,21,0.5269,0.1301
20260325164350,2000,21,0.5269,0.1301
20260325164351,2000,21,0.5269,0.1301
20260325164352,2000,21,0.5269,0.1301
20260325164353,2000,21,0.5269,0.1301
20260325164354,2000,21,0.5269,0.1301
20260325164355,2000,21,0.5269,0.1301
20260325164356,2000,21,0.5269,0.1301
20260325164357,2000,21,0.5269,0.1301
20260325164358,2000,21,0.5269,0.1301
20260325164359,2000,21,0.5269,0.1301
20260325164400,2000,21,0.5269,0.1301
20260325164401,2000,21,0.5269,0.1301
20260325164402,2000,21,0.5269,0.1301
20260325164403,2000,21,0.5269,0.1301
20260325164404,2000,21,0.5269,0.1301
20260325164405,2000,21,0.5269,0.1301
20260325164406,2000,21,0.5269,0.1301
20260325164407,2000,21,0.5269,0.1301
20260325164408,2000,21,0.5269,0.1301
20260325164409,2000,21,0.5269,0.1301
20260325164410,2000,21,0.5269,0.1301
20260325164411,2000,21,0.5269,0.1301
20260325164412,2000,21,0.5269,0.1301
20260325164413,2000,21,0.5269,0.1301
20260325164414,2000,21,0.5269,0.1301
20260325164415,2000,21,0.5269,0.1301
20260325164416,2000,21,0.5269,0.1301
20260325164417,2000,21,0.5269,0.1301
20260325164418,2000,21,0.5269,0.1301
20260325164419,2000,21,0.5269,0.1301
20260325164420,2000,21,0.5269,0.1301
20260325164421,2000,21,0.5269,0.1301
20260325164422,2000,21,0.5269,0.1301
20260325164423,2000,21,0.5269,0.1301
20260325164424,2000,21,0.5269,0.1301
20260325164425,2000,21,0.5269,0.1301
20260325164426,2000,21,0.5269,0.1301
20260325164427,2000,21,0.5269,0.1301
20260325164428,2000,21,0.5269,0.1301
20260325164429,2000,21,0.5269,0.1301
20260325164430,2000,21,0.5269,0.1301
20260325164431,2000,21,0.5269,0.1301
20260325164432,2000,21,0.5269,0.1301
20260325164433,2000,21,0.5269,0.1301
20260325164434,2000,21,0.5269,0.1301
20260325164435,2000,21,0.5269,0.1301
20260325164436,2000,21,0.5269,0.1301
20260325164437,2000,21,0.5269,0.1301
20260325164438,2000,21,0.5269,0.1301
20260325164439,2000,21,0.5269,0.1301
20260325164440,2000,21,0.5269,0.1301
20260325164441,2000,21,0.5269,0.1301
20260325164442,2000,21,0.5269,0.1301
20260325164443,2000,21,0.5269,0.1301
20260325164444,2000,21,0.5269,0.1301
20260325164445,2000,21,0.5269,0.1301
20260325164446,2000,21,0.5269,0.1301
20260325164447,2000,21,0.5269,0.1301
20260325164448,2000,21,0.5269,0.1301
20260325164449,2000,21,0.5269,0.1301
20260325164450,2000,21,0.5269,0.1301
20260325164451,2000,21,0.5269,0.1301
20260325164452,2000,21,0.5269,0.1301
20260325164453,2000,21,0.5269,0.1301
20260325164454,2000,21,0.5269,0.1301
20260325164455,2000,21,0.5269,0.1301
20260325164456,2000,21,0.5269,0.1301
20260325164457,2000,21,0.5269,0.1301
20260325164458,2000,21,0.5269,0.1301
20260325164459,2000,21,0.5269,0.1301
20260325164500,2000,21,0.5269,0.1301
20260325164501,2000,21,0.5269,0.1301
20260325164503,2000,21,0.5269,0.1301
20260325164504,2000,21,0.5269,0.1301
20260325164505,2000,21,0.5269,0.1301
20260325164506,2000,21,0.5269,0.1301
20260325164507,2000,21,0.5269,0.1301
20260325164508,2000,21,0.5269,0.1301
20260325164509,2000,21,0.5269,0.1301
20260325164510,2000,21,0.5269,0.1301
20260325164511,2000,21,0.5269,0.1301
20260325164512,2000,21,0.5269,0.1301
20260325164513,2000,21,0.5269,0.1301
20260325164514,2000,21,0.5269,0.1301
20260325164515,2000,21,0.5269,0.1301
20260325164516,2000,21,0.5269,0.1301
20260325164517,2000,21,0.5269,0.1301
20260325164518,2000,21,0.5269,0.1301
20260325164519,2000,21,0.5269,0.1301
20260325164520,2000,21,0.5269,0.1301
20260325164521,2000,21,0.5269,0.1301
20260325164522,2000,22,0.5269,0.1301
20260325164523,2000,22,0.5269,0.1301
20260325164524,2000,22,0.5269,0.1301
20260325164525,2000,22,0.5269,0.1301
20260325164526,2000,22,0.5269,0.1301
20260325164527,2000,22,0.5269,0.1301
20260325164528,2000,22,0.5269,0.1301
20260325164529,2000,22,0.5269,0.1301
20260325164530,2000,22,0.5269,0.1301
20260325164531,2000,22,0.5269,0.1301
20260325164532,2000,22,0.5269,0.1301
20260325164533,2000,22,0.5269,0.1301
20260325164534,2000,22,0.5269,0.1301
20260325164535,2000,22,0.5269,0.1301
20260325164536,2000,22,0.5269,0.1301
20260325164537,2000,22,0.5269,0.1301
20260325164538,2000,22,0.5269,0.1301
20260325164539,2000,22,0.5269,0.1301
20260325164540,2000,22,0.5269,0.1301
20260325164541,2000,22,0.5269,0.1301
20260325164542,2000,22,0.5269,0.1301
20260325164543,2000,22,0.5269,0.1301
20260325164544,2000,22,0.5269,0.1301
20260325164545,2000,22,0.5269,0.1301
20260325164546,2000,22,0.5269,0.1301
20260325164547,2000,22,0.5269,0.1301
20260325164548,2000,22,0.5269,0.1301
20260325164549,2000,22,0.5269,0.1301
20260325164550,2000,22,0.5269,0.1301
20260325164551,2000,22,0.5269,0.1301
20260325164552,2000,22,0.5269,0.1301
20260325164553,2000,22,0.5269,0.1301
20260325164554,2000,22,0.5269,0.1301
20260325164555,2000,22,0.5269,0.1301
20260325164556,2000,22,0.5269,0.1301
20260325164557,2000,22,0.5269,0.1301
20260325164558,2000,22,0.5269,0.1301
20260325164559,2000,22,0.5269,0.1301
20260325164600,2000,22,0.5269,0.1301
20260325164601,2000,22,0.5269,0.1301
20260325164602,2000,22,0.5269,0.1301
20260325164603,2000,22,0.5269,0.1301
20260325164604,2000,22,0.5269,0.1301
20260325164605,2000,22,0.5269,0.1301
20260325164606,2000,22,0.5269,0.1301
20260325164607,2000,22,0.5269,0.1301
20260325164608,2000,22,0.5269,0.1301
20260325164609,2000,22,0.5269,0.1301
20260325164610,2000,22,0.5269,0.1301
20260325164611,2000,22,0.5269,0.1301
20260325164612,2000,22,0.5269,0.1301
20260325164613,2000,22,0.5269,0.1301
20260325164614,2000,22,0.5269,0.1301
20260325164615,2000,22,0.5269,0.1301
20260325164616,2000,22,0.5269,0.1301
20260325164617,2000,22,0.5269,0.1301
20260325164618,2000,22,0.5269,0.1301
20260325164619,2000,22,0.5269,0.1301
20260325164620,2000,22,0.5269,0.1301
20260325164621,2000,22,0.5269,0.1301
20260325164622,2000,22,0.5269,0.1301
20260325164623,2000,22,0.5269,0.1301
20260325164624,2000,22,0.5269,0.1301
20260325164625,2000,22,0.5269,0.1301
20260325164626,2000,22,0.5269,0.1301
20260325164627,2000,22,0.5269,0.1301
20260325164628,2000,22,0.5269,0.1301
20260325164629,2000,22,0.5269,0.1301
20260325164630,2000,22,0.5269,0.1301
20260325164631,2000,22,0.5269,0.1301
20260325164632,2000,22,0.5269,0.1301
20260325164633,2000,22,0.5269,0.1301
20260325164634,2000,22,0.5269,0.1301
20260325164635,2000,22,0.5269,0.1301
20260325164636,2000,22,0.5269,0.1301
20260325164637,2000,22,0.5269,0.1301
20260325164638,2000,22,0.5269,0.1301
20260325164639,2000,22,0.5269,0.1301
20260325164640,2000,22,0.5269,0.1301
20260325164641,2000,22,0.5269,0.1301
20260325164642,2000,22,0.5269,0.1301
20260325164643,2000,22,0.5269,0.1301
20260325164644,2000,22,0.5269,0.1301
20260325164645,2000,22,0.5269,0.1301
20260325164646,2000,22,0.5269,0.1301
20260325164647,2000,22,0.5269,0.1301
20260325164648,2000,22,0.5269,0.1301
20260325164649,2000,22,0.5269,0.1301
20260325164650,2000,22,0.5269,0.1301
20260325164651,2000,22,0.5269,0.1301
20260325164652,2000,22,0.5269,0.1301
20260325164653,2000,22,0.5269,0.1301
20260325164654,2000,22,0.5269,0.1301
20260325164655,2000,22,0.5269,0.1301
20260325164656,2000,22,0.5269,0.1301
20260325164657,2000,22,0.5269,0.1301
20260325164658,2000,22,0.5269,0.1301
20260325164659,2000,22,0.5269,0.1301
20260325164700,2000,22,0.5269,0.1301
20260325164701,2000,22,0.5269,0.1301
20260325164702,2000,22,0.5269,0.1301
20260325164703,2000,22,0.5269,0.1301
20260325164704,2000,22,0.5269,0.1301
20260325164705,2000,22,0.5269,0.1301
20260325164706,2000,22,0.5269,0.1301
20260325164707,2000,22,0.5269,0.1301
20260325164708,2000,22,0.5269,0.1301
20260325164710,2000,22,0.5269,0.1301
20260325164711,2000,22,0.5269,0.1301
20260325164712,2000,22,0.5269,0.1301
20260325164713,2000,22,0.5269,0.1301
20260325164714,2000,22,0.5269,0.1301
20260325164715,2000,22,0.5269,0.1301
20260325164716,2000,22,0.5269,0.1301
20260325164717,2000,22,0.5269,0.1301
20260325164718,2000,22,0.5269,0.1301
20260325164719,2000,22,0.5269,0.1301
20260325164720,2000,22,0.5269,0.1301
20260325164721,2000,22,0.5269,0.1301
20260325164722,2000,22,0.5269,0.1301
20260325164723,2000,22,0.5269,0.1301
20260325164724,2000,22,0.5269,0.1301
20260325164725,2000,22,0.5269,0.1301
20260325164726,2000,22,0.5269,0.1301
20260325164727,2000,22,0.5269,0.1301
20260325164728,2000,22,0.5269,0.1301
20260325164729,2000,22,0.5269,0.1301
20260325164730,2000,22,0.5269,0.1301
20260325164731,2000,22,0.5269,0.1301
20260325164732,2000,22,0.5269,0.1301
20260325164733,2000,22,0.5269,0.1301
20260325164734,2000,22,0.5269,0.1301
20260325164735,2000,22,0.5269,0.1301
20260325164736,2000,22,0.5269,0.1301
20260325164737,2000,22,0.5269,0.1301
20260325164738,2000,22,0.5269,0.1301
20260325164739,2000,22,0.5269,0.1301
20260325164740,2000,22,0.5269,0.1301
20260325164741,2000,22,0.5269,0.1301
20260325164742,2000,22,0.5269,0.1301
20260325164743,2000,22,0.5269,0.1301
20260325164744,2000,22,0.5269,0.1301
20260325164745,2000,22,0.5269,0.1301
20260325164746,2000,22,0.5269,0.1301
20260325164747,2000,22,0.5269,0.1301
20260325164748,2000,22,0.5269,0.1301
20260325164749,2000,22,0.5269,0.1301
20260325164750,2000,22,0.5269,0.1301
20260325164751,2000,22,0.5269,0.1301
20260325164752,2000,22,0.5269,0.1301
20260325164753,2000,22,0.5269,0.1301
20260325164754,2000,22,0.5269,0.1301
20260325164755,2000,22,0.5269,0.1301
20260325164756,2000,22,0.5269,0.1301
20260325164757,2000,23,0.5269,0.1301
20260325164758,2000,23,0.5269,0.1301
20260325164759,2000,23,0.5269,0.1301
20260325164800,2000,23,0.5269,0.1301
20260325164801,2000,23,0.5269,0.1301
20260325164802,2000,23,0.5269,0.1301
20260325164803,2000,23,0.5269,0.1301
20260325164804,2000,23,0.5269,0.1301
20260325164805,2000,23,0.5269,0.1301
20260325164806,2000,23,0.5269,0.1301
20260325164807,2000,23,0.5269,0.1301
20260325164808,2000,23,0.5269,0.1301
20260325164809,2000,23,0.5269,0.1301
20260325164810,2000,23,0.5269,0.1301
20260325164811,2000,23,0.5269,0.1301
20260325164812,2000,23,0.5269,0.1301
20260325164813,2000,23,0.5269,0.1301
20260325164814,2000,23,0.5269,0.1301
20260325164815,2000,23,0.5269,0.1301
20260325164816,2000,23,0.5269,0.1301
20260325164817,2000,23,0.5269,0.1301
20260325164818,2000,23,0.5269,0.1301
20260325164819,2000,23,0.5269,0.1301
20260325164820,2000,23,0.5269,0.1301
20260325164821,2000,23,0.5269,0.1301
20260325164822,2000,23,0.5269,0.1301
20260325164823,2000,23,0.5269,0.1301
20260325164824,2000,23,0.5269,0.1301
20260325164825,2000,23,0.5269,0.1301
20260325164826,2000,23,0.5269,0.1301
20260325164827,2000,23,0.5269,0.1301
20260325164828,2000,23,0.5269,0.1301
20260325164829,2000,23,0.5269,0.1301
20260325164830,2000,23,0.5269,0.1301
20260325164831,2000,23,0.5269,0.1301
20260325164832,2000,23,0.5269,0.1301
20260325164833,2000,23,0.5269,0.1301
20260325164834,2000,23,0.5269,0.1301
20260325164835,2000,23,0.5269,0.1301
20260325164836,2000,23,0.5269,0.1301
20260325164837,2000,23,0.5269,0.1301
20260325164838,2000,23,0.5269,0.1301
20260325164839,2000,23,0.5269,0.1301
20260325164840,2000,23,0.5269,0.1301
20260325164841,2000,23,0.5269,0.1301
20260325164842,2000,23,0.5269,0.1301
20260325164843,2000,23,0.5269,0.1301
20260325164844,2000,23,0.5269,0.1301
20260325164845,2000,23,0.5269,0.1301
20260325164846,2000,23,0.5269,0.1301
20260325164847,2000,23,0.5269,0.1301
20260325164848,2000,23,0.5269,0.1301
20260325164849,2000,23,0.5269,0.1301
20260325164850,2000,23,0.5269,0.1301
20260325164851,2000,23,0.5269,0.1301
20260325164852,2000,23,0.5269,0.1301
20260325164853,2000,23,0.5269,0.1301
20260325164854,2000,23,0.5269,0.1301
20260325164855,2000,23,0.5269,0.1301
20260325164856,2000,23,0.5269,0.1301
20260325164857,2000,23,0.5269,0.1301
20260325164858,2000,23,0.5269,0.1301
20260325164859,2000,23,0.5269,0.1301
20260325164900,2000,23,0.5269,0.1301
20260325164902,2000,23,0.5269,0.1301
20260325164903,2000,23,0.5269,0.1301
20260325164904,2000,23,0.5269,0.1301
20260325164905,2000,23,0.5269,0.1301
20260325164906,2000,23,0.5269,0.1301
20260325164907,2000,23,0.5269,0.1301
20260325164908,2000,23,0.5269,0.1301
20260325164909,2000,23,0.5269,0.1301
20260325164910,2000,23,0.5269,0.1301
20260325164911,2000,23,0.5269,0.1301
20260325164912,2000,23,0.5269,0.1301
20260325164913,2000,23,0.5269,0.1301
20260325164914,2000,23,0.5269,0.1301
20260325164915,2000,23,0.5269,0.1301
20260325164916,2000,23,0.5269,0.1301
20260325164917,2000,23,0.5269,0.1301
20260325164918,2000,23,0.5269,0.1301
20260325164919,2000,23,0.5269,0.1301
20260325164920,2000,23,0.5269,0.1301
20260325164921,2000,23,0.5269,0.1301
20260325164922,2000,23,0.5269,0.1301
20260325164923,2000,23,0.5269,0.1301
20260325164924,2000,23,0.5269,0.1301
20260325164925,2000,23,0.5269,0.1301
20260325164926,2000,23,0.5269,0.1301
20260325164927,2000,23,0.5269,0.1301
20260325164928,2000,23,0.5269,0.1301
20260325164929,2000,23,0.5269,0.1301
20260325164930,2000,23,0.5269,0.1301
20260325164931,2000,23,0.5269,0.1301
20260325164932,2000,23,0.5269,0.1301
20260325164933,2000,23,0.5269,0.1301
20260325164934,2000,23,0.5269,0.1301
20260325164935,2000,23,0.5269,0.1301
20260325164936,2000,23,0.5269,0.1301
20260325164937,2000,23,0.5269,0.1301
20260325164938,2000,23,0.5269,0.1301
20260325164939,2000,23,0.5269,0.1301
20260325164940,2000,23,0.5269,0.1301
20260325164941,2000,23,0.5269,0.1301
20260325164942,2000,23,0.5269,0.1301
20260325164943,2000,23,0.5269,0.1301
20260325164944,2000,23,0.5269,0.1301
20260325164945,2000,23,0.5269,0.1301
20260325164946,2000,23,0.5269,0.1301
20260325164947,2000,23,0.5269,0.1301
20260325164948,2000,23,0.5269,0.1301
20260325164949,2000,23,0.5269,0.1301
20260325164950,2000,23,0.5269,0.1301
20260325164951,2000,23,0.5269,0.1301
20260325164952,2000,23,0.5269,0.1301
20260325164953,2000,23,0.5269,0.1301
20260325164954,2000,23,0.5269,0.1301
20260325164955,2000,23,0.5269,0.1301
20260325164956,2000,23,0.5269,0.1301
20260325164957,2000,23,0.5269,0.1301
20260325164958,2000,23,0.5269,0.1301
20260325164959,2000,23,0.5269,0.1301
20260325165000,2000,23,0.5269,0.1301
20260325165001,2000,23,0.5269,0.1301
20260325165002,2000,23,0.5269,0.1301
20260325165003,2000,23,0.5269,0.1301
20260325165004,2000,23,0.5269,0.1301
20260325165005,2000,23,0.5269,0.1301
20260325165006,2000,23,0.5269,0.1301
20260325165007,2000,23,0.5269,0.1301
20260325165008,2000,23,0.5269,0.1301
20260325165009,2000,23,0.5269,0.1301
20260325165010,2000,23,0.5269,0.1301
20260325165011,2000,23,0.5269,0.1301
20260325165012,2000,23,0.5269,0.1301
20260325165013,2000,23,0.5269,0.1301
20260325165014,2000,23,0.5269,0.1301
20260325165015,2000,23,0.5269,0.1301
20260325165016,2000,23,0.5269,0.1301
20260325165017,2000,23,0.5269,0.1301
20260325165018,2000,23,0.5269,0.1301
20260325165019,2000,23,0.5269,0.1301
20260325165020,2000,23,0.5269,0.1301
20260325165021,2000,23,0.5269,0.1301
20260325165022,2000,23,0.5269,0.1301
20260325165023,2000,23,0.5269,0.1301
20260325165024,2000,23,0.5269,0.1301
20260325165025,2000,23,0.5269,0.1301
20260325165026,2000,23,0.5269,0.1301
20260325165027,2000,23,0.5269,0.1301
20260325165028,2000,23,0.5269,0.1301
20260325165029,2000,23,0.5269,0.1301
20260325165030,2000,23,0.5269,0.1301
20260325165031,2000,24,0.5269,0.1301
20260325165032,2000,24,0.5269,0.1301
20260325165033,2000,24,0.5269,0.1301
20260325165034,2000,24,0.5269,0.1301
20260325165035,2000,24,0.5269,0.1301
20260325165036,2000,24,0.5269,0.1301
20260325165037,2000,24,0.5269,0.1301
20260325165038,2000,24,0.5269,0.1301
20260325165039,2000,24,0.5269,0.1301
20260325165040,2000,24,0.5269,0.1301
20260325165041,2000,24,0.5269,0.1301
20260325165042,2000,24,0.5269,0.1301
20260325165043,2000,24,0.5269,0.1301
20260325165044,2000,24,0.5269,0.1301
20260325165045,2000,24,0.5269,0.1301
20260325165046,2000,24,0.5269,0.1301
20260325165047,2000,24,0.5269,0.1301
20260325165048,2000,24,0.5269,0.1301
20260325165049,2000,24,0.5269,0.1301
20260325165050,2000,24,0.5269,0.1301
20260325165051,2000,24,0.5269,0.1301
20260325165052,2000,24,0.5269,0.1301
20260325165053,2000,24,0.5269,0.1301
20260325165054,2000,24,0.5269,0.1301
20260325165055,2000,24,0.5269,0.1301
20260325165056,2000,24,0.5269,0.1301
20260325165057,2000,24,0.5269,0.1301
20260325165058,2000,24,0.5269,0.1301
20260325165059,2000,24,0.5269,0.1301
20260325165100,2000,24,0.5269,0.1301
20260325165101,2000,24,0.5269,0.1301
20260325165102,2000,24,0.5269,0.1301
20260325165103,2000,24,0.5269,0.1301
20260325165104,2000,24,0.5269,0.1301
20260325165105,2000,24,0.5269,0.1301
20260325165107,2000,24,0.5269,0.1301
20260325165108,2000,24,0.5269,0.1301
20260325165109,2000,24,0.5269,0.1301
20260325165110,2000,24,0.5269,0.1301
20260325165111,2000,24,0.5269,0.1301
20260325165112,2000,24,0.527,0.1301
20260325165113,2000,24,0.527,0.1301
20260325165114,2000,24,0.527,0.1301
20260325165115,2000,24,0.527,0.1301
20260325165116,2000,24,0.527,0.1301
20260325165117,2000,24,0.527,0.1301
20260325165118,2000,24,0.527,0.1301
20260325165119,2000,24,0.527,0.1301
20260325165120,2000,24,0.527,0.1301
20260325165121,2000,24,0.527,0.1301
20260325165122,2000,24,0.527,0.1301
20260325165123,2000,24,0.527,0.1301
20260325165124,2000,24,0.527,0.1301
20260325165125,2000,24,0.527,0.1301
20260325165126,2000,24,0.527,0.1301
20260325165127,2000,24,0.527,0.1301
20260325165128,2000,24,0.527,0.1301
20260325165129,2000,24,0.527,0.1301
20260325165130,2000,24,0.527,0.1301
20260325165131,2000,24,0.527,0.1301
20260325165132,2000,24,0.527,0.1301
20260325165133,2000,24,0.527,0.1301
20260325165134,2000,24,0.527,0.1301
20260325165135,2000,24,0.527,0.1301
20260325165136,2000,24,0.527,0.1301
20260325165137,2000,24,0.527,0.1301
20260325165138,2000,24,0.527,0.1301
20260325165139,2000,24,0.527,0.1301
20260325165140,2000,24,0.527,0.1301
20260325165141,2000,24,0.527,0.1301
20260325165142,2000,24,0.527,0.1301
20260325165143,2000,24,0.527,0.1301
20260325165144,2000,24,0.527,0.1301
20260325165145,2000,24,0.527,0.1301
20260325165146,2000,24,0.527,0.1301
20260325165147,2000,24,0.527,0.1301
20260325165148,2000,24,0.527,0.1301
20260325165149,2000,24,0.527,0.1301
20260325165150,2000,24,0.527,0.1301
20260325165151,2000,24,0.527,0.1301
20260325165152,2000,24,0.527,0.1301
20260325165153,2000,24,0.527,0.1301
20260325165154,2000,24,0.527,0.1301
20260325165155,2000,24,0.527,0.1301
20260325165156,2000,24,0.527,0.1301
20260325165157,2000,24,0.527,0.1301
20260325165158,2000,24,0.527,0.1301
20260325165159,2000,24,0.527,0.1301
20260325165200,2000,24,0.527,0.1301
20260325165201,2000,24,0.527,0.1301
20260325165202,2000,24,0.527,0.1301
20260325165203,2000,24,0.527,0.1301
20260325165204,2000,24,0.527,0.1301
20260325165205,2000,24,0.527,0.1301
20260325165206,2000,24,0.527,0.1301
20260325165207,2000,24,0.527,0.1301
20260325165208,2000,24,0.527,0.1301
20260325165209,2000,24,0.527,0.1301
20260325165210,2000,24,0.527,0.1301
20260325165211,2000,24,0.527,0.1301
20260325165212,2000,24,0.527,0.1301
20260325165213,2000,24,0.527,0.1301
20260325165214,2000,24,0.527,0.1301
20260325165215,2000,24,0.527,0.1301
20260325165216,2000,24,0.527,0.1301
20260325165217,2000,24,0.527,0.1301
20260325165218,2000,24,0.527,0.1301
20260325165219,2000,24,0.527,0.1301
20260325165220,2000,24,0.527,0.1301
20260325165221,2000,24,0.527,0.1301
20260325165222,2000,24,0.527,0.1301
20260325165223,2000,24,0.527,0.1301
20260325165224,2000,24,0.527,0.1301
20260325165225,2000,24,0.527,0.1301
20260325165226,2000,24,0.527,0.1301
20260325165227,2000,24,0.527,0.1301
20260325165228,2000,24,0.527,0.1301
20260325165229,2000,24,0.527,0.1301
20260325165230,2000,24,0.527,0.1301
20260325165231,2000,24,0.527,0.1301
20260325165232,2000,24,0.527,0.1301
20260325165233,2000,24,0.527,0.1301
20260325165234,2000,24,0.527,0.1301
20260325165235,2000,24,0.527,0.1301
20260325165236,2000,24,0.527,0.1301
20260325165237,2000,24,0.527,0.1301
20260325165238,2000,24,0.527,0.1301
20260325165239,2000,24,0.527,0.1301
20260325165240,2000,24,0.527,0.1301
20260325165241,2000,24,0.527,0.1301
20260325165242,2000,24,0.527,0.1301
20260325165243,2000,24,0.527,0.1301
20260325165244,2000,24,0.527,0.1301
20260325165245,2000,24,0.527,0.1301
20260325165246,2000,24,0.527,0.1301
20260325165247,2000,24,0.527,0.1301
20260325165248,2000,24,0.527,0.1301
20260325165249,2000,24,0.527,0.1301
20260325165250,2000,24,0.527,0.1301
20260325165251,2000,24,0.527,0.1301
20260325165252,2000,24,0.527,0.1301
20260325165253,2000,24,0.527,0.1301
20260325165254,2000,24,0.527,0.1301
20260325165255,2000,24,0.527,0.1301
20260325165256,2000,24,0.527,0.1301
20260325165257,2000,24,0.527,0.1301
20260325165258,2000,24,0.527,0.1301
20260325165259,2000,24,0.527,0.1301
20260325165300,2000,24,0.527,0.1301
20260325165301,2000,24,0.527,0.1301
20260325165302,2000,24,0.527,0.1301
20260325165303,2000,24,0.527,0.1301
20260325165304,2000,24,0.527,0.1301
20260325165305,2000,24,0.527,0.1301
20260325165306,2000,25,0.527,0.1301
20260325165307,2000,25,0.527,0.1301
20260325165308,2000,25,0.527,0.1301
20260325165309,2000,25,0.527,0.1301
20260325165310,2000,25,0.527,0.1301
20260325165311,2000,25,0.527,0.1301
20260325165312,2000,25,0.527,0.1301
20260325165314,2000,25,0.527,0.1301
20260325165315,2000,25,0.527,0.1301
20260325165316,2000,25,0.527,0.1301
20260325165317,2000,25,0.527,0.1301
20260325165318,2000,25,0.527,0.1301
20260325165319,2000,25,0.527,0.1301
20260325165320,2000,25,0.527,0.1301
20260325165321,2000,25,0.527,0.1301
20260325165322,2000,25,0.527,0.1301
20260325165323,2000,25,0.527,0.1301
20260325165324,2000,25,0.527,0.1301
20260325165325,2000,25,0.527,0.1301
20260325165326,2000,25,0.527,0.1301
20260325165327,2000,25,0.527,0.1301
20260325165328,2000,25,0.527,0.1301
20260325165329,2000,25,0.527,0.1301
20260325165330,2000,25,0.527,0.1301
20260325165331,2000,25,0.527,0.1301
20260325165332,2000,25,0.527,0.1301
20260325165333,2000,25,0.527,0.1301
20260325165334,2000,25,0.527,0.1301
20260325165335,2000,25,0.527,0.1301
20260325165336,2000,25,0.527,0.1301
20260325165337,2000,25,0.527,0.1301
20260325165338,2000,25,0.527,0.1301
20260325165339,2000,25,0.527,0.1301
20260325165340,2000,25,0.527,0.1301
20260325165341,2000,25,0.527,0.1301
20260325165342,2000,25,0.527,0.1301
20260325165343,2000,25,0.527,0.1301
20260325165344,2000,25,0.527,0.1301
20260325165345,2000,25,0.527,0.1301
20260325165346,2000,25,0.527,0.1301
20260325165347,2000,25,0.527,0.1301
20260325165348,2000,25,0.527,0.1301
20260325165349,2000,25,0.527,0.1301
20260325165350,2000,25,0.527,0.1301
20260325165351,2000,25,0.527,0.1301
20260325165352,2000,25,0.527,0.1301
20260325165353,2000,25,0.527,0.1301
20260325165354,2000,25,0.527,0.1301
20260325165355,2000,25,0.527,0.1301
20260325165356,2000,25,0.527,0.1301
20260325165357,2000,25,0.527,0.1301
20260325165358,2000,25,0.527,0.1301
20260325165359,2000,25,0.527,0.1301
20260325165400,2000,25,0.527,0.1301
20260325165401,2000,25,0.527,0.1301
20260325165402,2000,25,0.527,0.1301
20260325165403,2000,25,0.527,0.1301
20260325165404,2000,25,0.527,0.1301
20260325165405,2000,25,0.527,0.1301
20260325165406,2000,25,0.527,0.1301
20260325165407,2000,25,0.527,0.1301
20260325165408,2000,25,0.527,0.1301
20260325165409,2000,25,0.527,0.1301
20260325165410,2000,25,0.527,0.1301
20260325165411,2000,25,0.527,0.1301
20260325165412,2000,25,0.527,0.1301
20260325165413,2000,25,0.527,0.1301
20260325165414,2000,25,0.527,0.1301
20260325165415,2000,25,0.527,0.1301
20260325165416,2000,25,0.527,0.1301
20260325165417,2000,25,0.527,0.1301
20260325165418,2000,25,0.527,0.1301
20260325165419,2000,25,0.527,0.1301
20260325165420,2000,25,0.527,0.1301
20260325165421,2000,25,0.527,0.1301
20260325165422,2000,25,0.527,0.1301
20260325165423,2000,25,0.527,0.1301
20260325165424,2000,25,0.527,0.1301
20260325165425,2000,25,0.527,0.1301
20260325165426,2000,25,0.527,0.1301
20260325165427,2000,25,0.527,0.1301
20260325165428,2000,25,0.527,0.1301
20260325165429,2000,25,0.527,0.1301
20260325165430,2000,25,0.527,0.1301
20260325165431,2000,25,0.527,0.1301
20260325165432,2000,25,0.527,0.1301
20260325165433,2000,25,0.527,0.1301
20260325165434,2000,25,0.527,0.1301
20260325165435,2000,25,0.527,0.1301
20260325165436,2000,25,0.527,0.1301
20260325165437,2000,25,0.527,0.1301
20260325165438,2000,25,0.527,0.1301
20260325165439,2000,25,0.527,0.1301
20260325165440,2000,25,0.527,0.1301
20260325165441,2000,25,0.527,0.1301
20260325165442,2000,25,0.527,0.1301
20260325165443,2000,25,0.527,0.1301
20260325165444,2000,25,0.527,0.1301
20260325165445,2000,25,0.527,0.1301
20260325165446,2000,25,0.527,0.1301
20260325165447,2000,25,0.527,0.1301
20260325165448,2000,25,0.527,0.1301
20260325165449,2000,25,0.527,0.1301
20260325165450,2000,25,0.527,0.1301
20260325165451,2000,25,0.527,0.1301
20260325165452,2000,25,0.527,0.1301
20260325165453,2000,25,0.527,0.1301
20260325165454,2000,25,0.527,0.1301
20260325165455,2000,25,0.527,0.1301
20260325165456,2000,25,0.527,0.1301
20260325165457,2000,25,0.527,0.1301
20260325165458,2000,25,0.527,0.1301
20260325165459,2000,25,0.527,0.1301
20260325165500,2000,25,0.527,0.1301
20260325165501,2000,25,0.527,0.1301
20260325165502,2000,25,0.527,0.1301
20260325165503,2000,25,0.527,0.1301
20260325165504,2000,25,0.527,0.1301
20260325165505,2000,25,0.527,0.1301
20260325165506,2000,25,0.527,0.1301
20260325165507,2000,25,0.527,0.1301
20260325165508,2000,25,0.527,0.1301
20260325165509,2000,25,0.527,0.1301
20260325165510,2000,25,0.527,0.1301
20260325165511,2000,25,0.527,0.1301
20260325165512,2000,25,0.527,0.1301
20260325165514,2000,25,0.527,0.1301
20260325165515,2000,25,0.527,0.1301
20260325165516,2000,25,0.527,0.1301
20260325165517,2000,25,0.527,0.1301
20260325165518,2000,25,0.527,0.1301
20260325165519,2000,25,0.527,0.1301
20260325165520,2000,25,0.527,0.1301
20260325165521,2000,25,0.527,0.1301
20260325165522,2000,25,0.527,0.1301
20260325165523,2000,25,0.527,0.1301
20260325165524,2000,25,0.527,0.1301
20260325165525,2000,25,0.527,0.1301
20260325165526,2000,25,0.527,0.1301
20260325165527,2000,25,0.527,0.1301
20260325165528,2000,25,0.527,0.1301
20260325165529,2000,25,0.527,0.1301
20260325165530,2000,25,0.527,0.1301
20260325165531,2000,25,0.527,0.1301
20260325165532,2000,25,0.527,0.1301
20260325165533,2000,25,0.527,0.1301
20260325165534,2000,25,0.527,0.1301
20260325165535,2000,25,0.527,0.1301
20260325165536,2000,25,0.527,0.1301
20260325165537,2000,25,0.527,0.1301
20260325165538,2000,25,0.527,0.1301
20260325165539,2000,25,0.527,0.1301
20260325165540,2000,26,0.527,0.1301
20260325165541,2000,26,0.527,0.1301
20260325165542,2000,26,0.527,0.1301
20260325165543,2000,26,0.527,0.1301
20260325165544,2000,26,0.527,0.1301
20260325165545,2000,26,0.527,0.1301
20260325165546,2000,26,0.527,0.1301
20260325165547,2000,26,0.527,0.1301
20260325165548,2000,26,0.527,0.1301
20260325165549,2000,26,0.527,0.1301
20260325165550,2000,26,0.527,0.1301
20260325165551,2000,26,0.527,0.1301
20260325165552,2000,26,0.527,0.1301
20260325165553,2000,26,0.527,0.1301
20260325165554,2000,26,0.527,0.1301
20260325165555,2000,26,0.527,0.1301
20260325165556,2000,26,0.527,0.1301
20260325165557,2000,26,0.527,0.1301
20260325165558,2000,26,0.527,0.1301
20260325165559,2000,26,0.527,0.1301
20260325165600,2000,26,0.527,0.1301
20260325165601,2000,26,0.527,0.1301
20260325165602,2000,26,0.527,0.1301
20260325165603,2000,26,0.527,0.1301
20260325165604,2000,26,0.527,0.1301
20260325165605,2000,26,0.527,0.1301
20260325165606,2000,26,0.527,0.1301
20260325165607,2000,26,0.527,0.1301
20260325165608,2000,26,0.527,0.1301
20260325165609,2000,26,0.527,0.1301
20260325165610,2000,26,0.527,0.1301
20260325165611,2000,26,0.527,0.1301
20260325165612,2000,26,0.527,0.1301
20260325165613,2000,26,0.527,0.1301
20260325165614,2000,26,0.527,0.1301
20260325165615,2000,26,0.527,0.1301
20260325165616,2000,26,0.527,0.1301
20260325165617,2000,26,0.527,0.1301
20260325165618,2000,26,0.527,0.1301
20260325165619,2000,26,0.527,0.1301
20260325165620,2000,26,0.527,0.1301
20260325165621,2000,26,0.527,0.1301
20260325165622,2000,26,0.527,0.1301
20260325165623,2000,26,0.527,0.1301
20260325165624,2000,26,0.527,0.1301
20260325165625,2000,26,0.527,0.1301
20260325165626,2000,26,0.527,0.1301
20260325165627,2000,26,0.527,0.1301
20260325165628,2000,26,0.527,0.1301
20260325165629,2000,26,0.527,0.1301
20260325165630,2000,26,0.527,0.1301
20260325165631,2000,26,0.527,0.1301
20260325165632,2000,26,0.527,0.1301
20260325165633,2000,26,0.527,0.1301
20260325165634,2000,26,0.527,0.1301
20260325165635,2000,26,0.527,0.1301
20260325165636,2000,26,0.527,0.1301
20260325165637,2000,26,0.527,0.1301
20260325165638,2000,26,0.527,0.1301
20260325165639,2000,26,0.527,0.1301
20260325165640,2000,26,0.527,0.1301
20260325165641,2000,26,0.527,0.1301
20260325165642,2000,26,0.527,0.1301
20260325165643,2000,26,0.527,0.1301
20260325165644,2000,26,0.527,0.1301
20260325165645,2000,26,0.527,0.1301
20260325165646,2000,26,0.527,0.1301
20260325165647,2000,26,0.527,0.1301
20260325165648,2000,26,0.527,0.1301
20260325165649,2000,26,0.527,0.1301
20260325165650,2000,26,0.527,0.1301
20260325165651,2000,26,0.527,0.1301
20260325165652,2000,26,0.527,0.1301
20260325165653,2000,26,0.527,0.1301
20260325165654,2000,26,0.527,0.1301
20260325165655,2000,26,0.527,0.1301
20260325165656,2000,26,0.527,0.1301
20260325165657,2000,26,0.527,0.1301
20260325165658,2000,26,0.527,0.1301
20260325165659,2000,26,0.527,0.1301
20260325165700,2000,26,0.527,0.1301
20260325165701,2000,26,0.527,0.1301
20260325165702,2000,26,0.527,0.1301
20260325165703,2000,26,0.527,0.1301
20260325165704,2000,26,0.527,0.1301
20260325165705,2000,26,0.527,0.1301
20260325165706,2000,26,0.527,0.1301
20260325165707,2000,26,0.527,0.1301
20260325165708,2000,26,0.527,0.1301
20260325165709,2000,26,0.527,0.1301
20260325165710,2000,26,0.527,0.1301
20260325165711,2000,26,0.527,0.1301
20260325165712,2000,26,0.527,0.1301
20260325165713,2000,26,0.527,0.1301
20260325165714,2000,26,0.527,0.1301
20260325165715,2000,26,0.527,0.1301
20260325165717,2000,26,0.527,0.1301
20260325165718,2000,26,0.527,0.1301
20260325165719,2000,26,0.527,0.1301
20260325165720,2000,26,0.527,0.1301
20260325165721,2000,26,0.527,0.1301
20260325165722,2000,26,0.527,0.1301
20260325165723,2000,26,0.527,0.1301
20260325165724,2000,26,0.527,0.1301
20260325165725,2000,26,0.527,0.1301
20260325165726,2000,26,0.527,0.1301
20260325165727,2000,26,0.527,0.1301
20260325165728,2000,26,0.527,0.1301
20260325165729,2000,26,0.527,0.1301
20260325165730,2000,26,0.527,0.1301
20260325165731,2000,26,0.527,0.1301
20260325165732,2000,26,0.527,0.1301
20260325165733,2000,26,0.527,0.1301
20260325165734,2000,26,0.527,0.1301
20260325165735,2000,26,0.527,0.1301
20260325165736,2000,26,0.527,0.1301
20260325165737,2000,26,0.527,0.1301
20260325165738,2000,26,0.527,0.1301
20260325165739,2000,26,0.527,0.1301
20260325165740,2000,26,0.527,0.1301
20260325165741,2000,26,0.527,0.1301
20260325165742,2000,26,0.527,0.1301
20260325165743,2000,26,0.527,0.1301
20260325165744,2000,26,0.527,0.1301
20260325165745,2000,26,0.527,0.1301
20260325165746,2000,26,0.527,0.1301
20260325165747,2000,26,0.527,0.1301
20260325165748,2000,26,0.527,0.1301
20260325165749,2000,26,0.527,0.1301
20260325165750,2000,26,0.527,0.1301
20260325165751,2000,26,0.527,0.1301
20260325165752,2000,26,0.527,0.1301
20260325165753,2000,26,0.527,0.1301
20260325165754,2000,26,0.527,0.1301
20260325165755,2000,26,0.527,0.1301
20260325165756,2000,26,0.527,0.1301
20260325165757,2000,26,0.527,0.1301
20260325165758,2000,26,0.527,0.1301
20260325165759,2000,26,0.527,0.1301
20260325165800,2000,26,0.527,0.1301
20260325165801,2000,26,0.527,0.1301
20260325165802,2000,26,0.527,0.1301
20260325165803,2000,26,0.527,0.1301
20260325165804,2000,26,0.527,0.1301
20260325165805,2000,26,0.527,0.1301
20260325165806,2000,26,0.527,0.1301
20260325165807,2000,26,0.527,0.1301
20260325165808,2000,26,0.527,0.1301
20260325165809,2000,26,0.527,0.1301
20260325165810,2000,26,0.527,0.1301
20260325165811,2000,26,0.527,0.1301
20260325165812,2000,26,0.527,0.1301
20260325165813,2000,26,0.527,0.1301
20260325165814,2000,26,0.527,0.1301
20260325165815,2000,27,0.527,0.1301
20260325165816,2000,27,0.527,0.1301
20260325165817,2000,27,0.527,0.1301
20260325165818,2000,27,0.527,0.1301
20260325165819,2000,27,0.527,0.1301
20260325165820,2000,27,0.527,0.1301
20260325165821,2000,27,0.527,0.1301
20260325165822,2000,27,0.527,0.1301
20260325165823,2000,27,0.527,0.1301
20260325165824,2000,27,0.527,0.1301
20260325165825,2000,27,0.527,0.1301
20260325165826,2000,27,0.527,0.1301
20260325165827,2000,27,0.527,0.1301
20260325165828,2000,27,0.527,0.1301
20260325165829,2000,27,0.527,0.1301
20260325165830,2000,27,0.527,0.1301
20260325165831,2000,27,0.527,0.1301
20260325165832,2000,27,0.527,0.1301
20260325165833,2000,27,0.527,0.1301
20260325165834,2000,27,0.527,0.1301
20260325165835,2000,27,0.527,0.1301
20260325165836,2000,27,0.527,0.1301
20260325165837,2000,27,0.527,0.1301
20260325165838,2000,27,0.527,0.1301
20260325165839,2000,27,0.527,0.1301
20260325165840,2000,27,0.527,0.1301
20260325165841,2000,27,0.527,0.1301
20260325165842,2000,27,0.527,0.1301
20260325165843,2000,27,0.527,0.1301
20260325165844,2000,27,0.527,0.1301
20260325165845,2000,27,0.527,0.1301
20260325165846,2000,27,0.527,0.1301
20260325165847,2000,27,0.527,0.1301
20260325165848,2000,27,0.527,0.1301
20260325165849,2000,27,0.527,0.1301
20260325165850,2000,27,0.527,0.1301
20260325165851,2000,27,0.527,0.1301
20260325165852,2000,27,0.527,0.1301
20260325165853,2000,27,0.527,0.1301
20260325165854,2000,27,0.527,0.1301
20260325165855,2000,27,0.527,0.1301
20260325165856,2000,27,0.527,0.1301
20260325165857,2000,27,0.527,0.1301
20260325165858,2000,27,0.527,0.1301
20260325165859,2000,27,0.527,0.1301
20260325165900,2000,27,0.527,0.1301
20260325165901,2000,27,0.527,0.1301
20260325165902,2000,27,0.527,0.1301
20260325165903,2000,27,0.527,0.1301
20260325165904,2000,27,0.527,0.1301
20260325165905,2000,27,0.527,0.1301
20260325165906,2000,27,0.527,0.1301
20260325165907,2000,27,0.527,0.1301
20260325165908,2000,27,0.527,0.1301
20260325165909,2000,27,0.527,0.1301
20260325165910,2000,27,0.527,0.1301
20260325165911,2000,27,0.527,0.1301
20260325165912,2000,27,0.527,0.1301
20260325165913,2000,27,0.527,0.1301
20260325165914,2000,27,0.527,0.1301
20260325165915,2000,27,0.527,0.1301
20260325165917,2000,27,0.527,0.1301
20260325165918,2000,27,0.527,0.1301
20260325165919,2000,27,0.527,0.1301
20260325165920,2000,27,0.527,0.1301
20260325165921,2000,27,0.527,0.1301
20260325165922,2000,27,0.527,0.1301
20260325165923,2000,27,0.527,0.1301
20260325165924,2000,27,0.527,0.1301
20260325165925,2000,27,0.527,0.1301
20260325165926,2000,27,0.527,0.1301
20260325165927,2000,27,0.527,0.1301
20260325165928,2000,27,0.527,0.1301
20260325165929,2000,27,0.527,0.1301
20260325165930,2000,27,0.527,0.1301
20260325165931,2000,27,0.527,0.1301
20260325165932,2000,27,0.527,0.1301
20260325165933,2000,27,0.527,0.1301
20260325165934,2000,27,0.527,0.1301
20260325165935,2000,27,0.527,0.1301
20260325165936,2000,27,0.527,0.1301
20260325165937,2000,27,0.527,0.1301
20260325165938,2000,27,0.527,0.1301
20260325165939,2000,27,0.527,0.1301
20260325165940,2000,27,0.527,0.1301
20260325165941,2000,27,0.527,0.1301
20260325165942,2000,27,0.527,0.1301
20260325165943,2000,27,0.527,0.1301
20260325165944,2000,27,0.527,0.1301
20260325165945,2000,27,0.527,0.1301
20260325165946,2000,27,0.527,0.1301
20260325165947,2000,27,0.527,0.1301
20260325165948,2000,27,0.527,0.1301
20260325165949,2000,27,0.527,0.1301
20260325165950,2000,27,0.527,0.1301
20260325165951,2000,27,0.527,0.1301
20260325165952,2000,27,0.527,0.1301
20260325165953,2000,27,0.527,0.1301
20260325165954,2000,27,0.527,0.1301
20260325165955,2000,27,0.527,0.1301
20260325165956,2000,27,0.527,0.1301
20260325165957,2000,27,0.527,0.1301
20260325165958,2000,27,0.527,0.1301
20260325165959,2000,27,0.527,0.1301
20260325170000,2000,27,0.527,0.1301
20260325170001,2000,27,0.527,0.1301
20260325170002,2000,27,0.527,0.1301
20260325170003,2000,27,0.527,0.1301
20260325170004,2000,27,0.527,0.1301
20260325170005,2000,27,0.527,0.1301
20260325170006,2000,27,0.527,0.1301
20260325170007,2000,27,0.527,0.1301
20260325170008,2000,27,0.527,0.1301
20260325170009,2000,27,0.527,0.1301
20260325170010,2000,27,0.527,0.1301
20260325170011,2000,27,0.527,0.1301
20260325170012,2000,27,0.527,0.1301
20260325170013,2000,27,0.527,0.1301
20260325170014,2000,27,0.5271,0.1301
20260325170015,2000,27,0.5271,0.1301
20260325170016,2000,27,0.5271,0.1301
20260325170017,2000,27,0.5271,0.1301
20260325170018,2000,27,0.5271,0.1301
20260325170019,2000,27,0.5271,0.1301
20260325170020,2000,27,0.5271,0.1301
20260325170021,2000,27,0.5271,0.1301
20260325170022,2000,27,0.5271,0.1301
20260325170023,2000,27,0.5271,0.1301
20260325170024,2000,27,0.5271,0.1301
20260325170025,2000,27,0.5271,0.1301
20260325170026,2000,27,0.5271,0.1301
20260325170027,2000,27,0.5271,0.1301
20260325170028,2000,27,0.5271,0.1301
20260325170029,2000,27,0.5271,0.1301
20260325170030,2000,27,0.5271,0.1301
20260325170031,2000,27,0.5271,0.1301
20260325170032,2000,27,0.5271,0.1301
20260325170033,2000,27,0.5271,0.1301
20260325170034,2000,27,0.5271,0.1301
20260325170035,2000,27,0.5271,0.1301
20260325170036,2000,27,0.5271,0.1301
20260325170037,2000,27,0.5271,0.1301
20260325170038,2000,27,0.5271,0.1301
20260325170039,2000,27,0.5271,0.1301
20260325170040,2000,27,0.5271,0.1301
20260325170041,2000,27,0.5271,0.1301
20260325170042,2000,27,0.5271,0.1301
20260325170043,2000,27,0.5271,0.1301
20260325170044,2000,27,0.5271,0.1301
20260325170045,2000,27,0.5271,0.1301
20260325170046,2000,27,0.5271,0.1301
20260325170047,2000,27,0.5271,0.1301
20260325170048,2000,27,0.5271,0.1301
20260325170049,2000,28,0.5271,0.1301
20260325170050,2000,28,0.5271,0.1301
20260325170051,2000,28,0.5271,0.1301
20260325170052,2000,28,0.5271,0.1301
20260325170053,2000,28,0.5271,0.1301
20260325170054,2000,28,0.5271,0.1301
20260325170055,2000,28,0.5271,0.1301
20260325170056,2000,28,0.5271,0.1301
20260325170057,2000,28,0.5271,0.1301
20260325170058,2000,28,0.5271,0.1301
20260325170059,2000,28,0.5271,0.1301
20260325170100,2000,28,0.5271,0.1301
20260325170101,2000,28,0.5271,0.1301
20260325170102,2000,28,0.5271,0.1301
20260325170103,2000,28,0.5271,0.1301
20260325170104,2000,28,0.5271,0.1301
20260325170105,2000,28,0.5271,0.1301
20260325170106,2000,28,0.5271,0.1301
20260325170107,2000,28,0.5271,0.1301
20260325170108,2000,28,0.5271,0.1301
20260325170109,2000,28,0.5271,0.1301
20260325170111,2000,28,0.5271,0.1301
20260325170112,2000,28,0.5271,0.1301
20260325170113,2000,28,0.5271,0.1301
20260325170114,2000,28,0.5271,0.1301
20260325170115,2000,28,0.5271,0.1301
20260325170116,2000,28,0.5271,0.1301
20260325170117,2000,28,0.5271,0.1301
20260325170118,2000,28,0.5271,0.1301
20260325170119,2000,28,0.5271,0.1301
20260325170120,2000,28,0.5271,0.1301
20260325170121,2000,28,0.5271,0.1301
20260325170122,2000,28,0.5271,0.1301
20260325170123,2000,28,0.5271,0.1301
20260325170124,2000,28,0.5271,0.1301
20260325170125,2000,28,0.5271,0.1301
20260325170126,2000,28,0.5271,0.1301
20260325170127,2000,28,0.5271,0.1301
20260325170128,2000,28,0.5271,0.1301
20260325170129,2000,28,0.5271,0.1301
20260325170130,2000,28,0.5271,0.1301
20260325170131,2000,28,0.5271,0.1301
20260325170132,2000,28,0.5271,0.1301
20260325170133,2000,28,0.5271,0.1301
20260325170134,2000,28,0.5271,0.1301
20260325170135,2000,28,0.5271,0.1301
20260325170136,2000,28,0.5271,0.1301
20260325170137,2000,28,0.5271,0.1301
20260325170138,2000,28,0.5271,0.1301
20260325170139,2000,28,0.5271,0.1301
20260325170140,2000,28,0.5271,0.1301
20260325170141,2000,28,0.5271,0.1301
20260325170142,2000,28,0.5271,0.1301
20260325170143,2000,28,0.5271,0.1301
20260325170144,2000,28,0.5271,0.1301
20260325170145,2000,28,0.5271,0.1301
20260325170146,2000,28,0.5271,0.1301
20260325170147,2000,28,0.5271,0.1301
20260325170148,2000,28,0.5271,0.1301
20260325170149,2000,28,0.5271,0.1301
20260325170150,2000,28,0.5271,0.1301
20260325170151,2000,28,0.5271,0.1301
20260325170152,2000,28,0.5271,0.1301
20260325170153,2000,28,0.5271,0.1301
20260325170154,2000,28,0.5271,0.1301
20260325170155,2000,28,0.5271,0.1301
20260325170156,2000,28,0.5271,0.1301
20260325170157,2000,28,0.5271,0.1301
20260325170158,2000,28,0.5271,0.1301
20260325170159,2000,28,0.5271,0.1301
20260325170200,2000,28,0.5271,0.1301
20260325170201,2000,28,0.5271,0.1301
20260325170202,2000,28,0.5271,0.1301
20260325170203,2000,28,0.5271,0.1301
20260325170204,2000,28,0.5271,0.1301
20260325170205,2000,28,0.5271,0.1301
20260325170206,2000,28,0.5271,0.1301
20260325170207,2000,28,0.5271,0.1301
20260325170208,2000,28,0.5271,0.1301
20260325170209,2000,28,0.5271,0.1301
20260325170210,2000,28,0.5271,0.1301
20260325170211,2000,28,0.5271,0.1301
20260325170212,2000,28,0.5271,0.1301
20260325170213,2000,28,0.5271,0.1301
20260325170214,2000,28,0.5271,0.1301
20260325170215,2000,28,0.5271,0.1301
20260325170216,2000,28,0.5271,0.1301
20260325170217,2000,28,0.5271,0.1301
20260325170218,2000,28,0.5271,0.1301
20260325170219,2000,28,0.5271,0.1301
20260325170220,2000,28,0.5271,0.1301
20260325170221,2000,28,0.5271,0.1301
20260325170222,2000,28,0.5271,0.1301
20260325170223,2000,28,0.5271,0.1301
20260325170224,2000,28,0.5271,0.1301
20260325170225,2000,28,0.5271,0.1301
20260325170226,2000,28,0.5271,0.1301
20260325170227,2000,28,0.5271,0.1301
20260325170228,2000,28,0.5271,0.1301
20260325170229,2000,28,0.5271,0.1301
20260325170230,2000,28,0.5271,0.1301
20260325170231,2000,28,0.5271,0.1301
20260325170232,2000,28,0.5271,0.1301
20260325170233,2000,28,0.5271,0.1301
20260325170234,2000,28,0.5271,0.1301
20260325170235,2000,28,0.5271,0.1301
20260325170236,2000,28,0.5271,0.1301
20260325170237,2000,28,0.5271,0.1301
20260325170238,2000,28,0.5271,0.1301
20260325170239,2000,28,0.5271,0.1301
20260325170240,2000,28,0.5271,0.1301
20260325170241,2000,28,0.5271,0.1301
20260325170242,2000,28,0.5271,0.1301
20260325170243,2000,28,0.5271,0.1301
20260325170244,2000,28,0.5271,0.13
20260325170245,2000,28,0.5271,0.13
20260325170246,2000,28,0.5271,0.13
20260325170247,2000,28,0.5271,0.13
20260325170248,2000,28,0.5271,0.13
20260325170249,2000,28,0.5271,0.13
20260325170250,2000,28,0.5271,0.13
20260325170251,2000,28,0.5271,0.13
20260325170252,2000,28,0.5271,0.13
20260325170253,2000,28,0.5271,0.13
20260325170254,2000,28,0.5271,0.13
20260325170255,2000,28,0.5271,0.13
20260325170256,2000,28,0.5271,0.13
20260325170257,2000,28,0.5271,0.13
20260325170258,2000,28,0.5271,0.13
20260325170259,2000,28,0.5271,0.13
20260325170300,2000,28,0.5271,0.13
20260325170301,2000,28,0.5271,0.13
20260325170302,2000,28,0.5271,0.13
20260325170303,2000,28,0.5271,0.13
20260325170304,2000,28,0.5271,0.13
20260325170305,2000,28,0.5271,0.13
20260325170306,2000,28,0.5271,0.13
20260325170307,2000,28,0.5271,0.13
20260325170308,2000,28,0.5271,0.13
20260325170309,2000,28,0.5271,0.13
20260325170310,2000,28,0.5271,0.13
20260325170311,2000,28,0.5271,0.13
20260325170312,2000,28,0.5271,0.13
20260325170313,2000,28,0.5271,0.13
20260325170314,2000,28,0.5271,0.13
20260325170315,2000,28,0.5271,0.13
20260325170316,2000,28,0.5271,0.13
20260325170318,2000,28,0.5271,0.13
20260325170319,2000,28,0.5271,0.13
20260325170320,2000,28,0.5271,0.13
20260325170321,2000,28,0.5271,0.13
20260325170322,2000,28,0.5271,0.13
20260325170323,2000,29,0.5271,0.13
20260325170324,2000,29,0.5271,0.13
20260325170325,2000,29,0.5271,0.13
20260325170326,2000,29,0.5271,0.13
20260325170327,2000,29,0.5271,0.13
20260325170328,2000,29,0.5271,0.13
20260325170329,2000,29,0.5271,0.13
20260325170330,2000,29,0.5271,0.13
20260325170331,2000,29,0.5271,0.13
20260325170332,2000,29,0.5271,0.13
20260325170333,2000,29,0.5271,0.13
20260325170334,2000,29,0.5271,0.13
20260325170335,2000,29,0.5271,0.13
20260325170336,2000,29,0.5271,0.13
20260325170337,2000,29,0.5271,0.13
20260325170338,2000,29,0.5271,0.13
20260325170339,2000,29,0.5271,0.13
20260325170340,2000,29,0.5271,0.13
20260325170341,2000,29,0.5271,0.13
20260325170342,2000,29,0.5271,0.13
20260325170343,2000,29,0.5271,0.13
20260325170344,2000,29,0.5271,0.13
20260325170345,2000,29,0.5271,0.13
20260325170346,2000,29,0.5271,0.13
20260325170347,2000,29,0.5271,0.13
20260325170348,2000,29,0.5271,0.13
20260325170349,2000,29,0.5271,0.13
20260325170350,2000,29,0.5271,0.13
20260325170351,2000,29,0.5271,0.13
20260325170352,2000,29,0.5271,0.13
20260325170353,2000,29,0.5271,0.13
20260325170354,2000,29,0.5271,0.13
20260325170355,2000,29,0.5271,0.13
20260325170356,2000,29,0.5271,0.13
20260325170357,2000,29,0.5271,0.13
20260325170358,2000,29,0.5271,0.13
20260325170359,2000,29,0.5271,0.13
20260325170400,2000,29,0.5271,0.13
20260325170401,2000,29,0.5271,0.13
20260325170402,2000,29,0.5271,0.13
20260325170403,2000,29,0.5271,0.13
20260325170404,2000,29,0.5271,0.13
20260325170405,2000,29,0.5271,0.13
20260325170406,2000,29,0.5271,0.13
20260325170407,2000,29,0.5271,0.13
20260325170408,2000,29,0.5271,0.13
20260325170409,2000,29,0.5271,0.13
20260325170410,2000,29,0.5271,0.13
20260325170411,2000,29,0.5271,0.13
20260325170412,2000,29,0.5271,0.13
20260325170413,2000,29,0.5271,0.13
20260325170414,2000,29,0.5271,0.13
20260325170415,2000,29,0.5271,0.13
20260325170416,2000,29,0.5271,0.13
20260325170417,2000,29,0.5271,0.13
20260325170418,2000,29,0.5271,0.13
20260325170419,2000,29,0.5271,0.13
20260325170420,2000,29,0.5271,0.13
20260325170421,2000,29,0.5271,0.13
20260325170422,2000,29,0.5271,0.13
20260325170423,2000,29,0.5271,0.13
20260325170424,2000,29,0.5271,0.13
20260325170425,2000,29,0.5271,0.13
20260325170426,2000,29,0.5271,0.13
20260325170427,2000,29,0.5271,0.13
20260325170428,2000,29,0.5271,0.13
20260325170429,2000,29,0.5271,0.13
20260325170430,2000,29,0.5271,0.13
20260325170431,2000,29,0.5271,0.13
20260325170432,2000,29,0.5271,0.13
20260325170433,2000,29,0.5271,0.13
20260325170434,2000,29,0.5271,0.13
20260325170435,2000,29,0.5271,0.13
20260325170436,2000,29,0.5271,0.13
20260325170437,2000,29,0.5271,0.13
20260325170438,2000,29,0.5271,0.13
20260325170439,2000,29,0.5271,0.13
20260325170440,2000,29,0.5271,0.13
20260325170441,2000,29,0.5271,0.13
20260325170442,2000,29,0.5271,0.13
20260325170443,2000,29,0.5271,0.13
20260325170444,2000,29,0.5271,0.13
20260325170445,2000,29,0.5271,0.13
20260325170446,2000,29,0.5271,0.13
20260325170447,2000,29,0.5271,0.13
20260325170448,2000,29,0.5271,0.13
20260325170449,2000,29,0.5271,0.13
20260325170450,2000,29,0.5271,0.13
20260325170451,2000,29,0.5271,0.13
20260325170452,2000,29,0.5271,0.13
20260325170453,2000,29,0.5271,0.13
20260325170454,2000,29,0.5271,0.13
20260325170455,2000,29,0.5271,0.13
20260325170456,2000,29,0.5271,0.13
20260325170457,2000,29,0.5271,0.13
20260325170458,2000,29,0.5271,0.13
20260325170459,2000,29,0.5271,0.13
20260325170500,2000,29,0.5271,0.13
20260325170501,2000,29,0.5271,0.13
20260325170502,2000,29,0.5271,0.13
20260325170503,2000,29,0.5271,0.13
20260325170504,2000,29,0.5271,0.13
20260325170505,2000,29,0.5271,0.13
20260325170506,2000,29,0.5271,0.13
20260325170507,2000,29,0.5271,0.13
20260325170508,2000,29,0.5271,0.13
20260325170509,2000,29,0.5271,0.13
20260325170510,2000,29,0.5271,0.13
20260325170511,2000,29,0.5271,0.13
20260325170512,2000,29,0.5271,0.13
20260325170513,2000,29,0.5271,0.13
20260325170514,2000,29,0.5271,0.13
20260325170515,2000,29,0.5271,0.13
20260325170516,2000,29,0.5271,0.13
20260325170518,2000,29,0.5271,0.13
20260325170519,2000,29,0.5271,0.13
20260325170520,2000,29,0.5271,0.13
20260325170521,2000,29,0.5271,0.13
20260325170522,2000,29,0.5271,0.13
20260325170523,2000,29,0.5271,0.13
20260325170524,2000,29,0.5271,0.13
20260325170525,2000,29,0.5271,0.13
20260325170526,2000,29,0.5271,0.13
20260325170527,2000,29,0.5271,0.13
20260325170528,2000,29,0.5271,0.13
20260325170529,2000,29,0.5271,0.13
20260325170530,2000,29,0.5271,0.13
20260325170531,2000,29,0.5271,0.13
20260325170532,2000,29,0.5271,0.13
20260325170533,2000,29,0.5271,0.13
20260325170534,2000,29,0.5271,0.13
20260325170535,2000,29,0.5271,0.13
20260325170536,2000,29,0.5271,0.13
20260325170537,2000,29,0.5271,0.13
20260325170538,2000,29,0.5271,0.13
20260325170539,2000,29,0.5271,0.13
20260325170540,2000,29,0.5271,0.13
20260325170541,2000,29,0.5271,0.13
20260325170542,2000,29,0.5271,0.13
20260325170543,2000,29,0.5271,0.13
20260325170544,2000,29,0.5271,0.13
20260325170545,2000,29,0.5271,0.13
20260325170546,2000,29,0.5271,0.13
20260325170547,2000,29,0.5271,0.13
20260325170548,2000,29,0.5271,0.13
20260325170549,2000,29,0.5271,0.13
20260325170550,2000,29,0.5271,0.13
20260325170551,2000,29,0.5271,0.13
20260325170552,2000,29,0.5271,0.13
20260325170553,2000,29,0.5271,0.13
20260325170554,2000,29,0.5271,0.13
20260325170555,2000,29,0.5271,0.13
20260325170556,2000,29,0.5271,0.13
20260325170557,2000,29,0.5271,0.13
20260325170558,2000,29,0.5271,0.13
20260325170559,2000,29,0.5271,0.13
20260325170600,2000,29,0.5271,0.13
20260325170601,2000,29,0.5271,0.13
20260325170602,2000,29,0.5271,0.13
20260325170603,2000,29,0.5271,0.13
20260325170604,2000,29,0.5271,0.13
20260325170605,2000,29,0.5271,0.13
20260325170606,2000,29,0.5271,0.13
20260325170607,2000,29,0.5271,0.13
20260325170608,2000,29,0.5271,0.13
20260325170609,2000,29,0.5271,0.13
20260325170610,2000,29,0.5271,0.13
20260325170611,2000,29,0.5271,0.13
20260325170612,2000,29,0.5271,0.13
20260325170613,2000,29,0.5271,0.13
20260325170614,2300,29,0.5271,0.13
20260325170615,2300,29,0.5271,0.13
20260325170616,2300,29,0.5271,0.13
20260325170617,2300,29,0.5271,0.13
20260325170618,2300,29,0.5271,0.13
20260325170619,2300,29,0.5271,0.13
20260325170620,2300,29,0.5271,0.13
20260325170621,2300,29,0.5271,0.13
20260325170622,2300,29,0.5271,0.13
20260325170623,2300,29,0.5271,0.13
20260325170624,2300,29,0.5271,0.13
20260325170625,2300,29,0.5271,0.13
20260325170626,2300,29,0.5271,0.13
20260325170627,2300,29,0.5271,0.13
20260325170628,2300,29,0.5271,0.13
20260325170629,2300,29,0.5271,0.13
20260325170630,2300,29,0.5271,0.13
20260325170631,2300,29,0.5271,0.13
20260325170632,2300,29,0.5271,0.13
20260325170633,2300,29,0.5271,0.13
20260325170634,2300,29,0.5271,0.13
20260325170635,2300,29,0.5271,0.13
20260325170636,2300,29,0.5271,0.13
20260325170637,2300,29,0.5271,0.13
20260325170638,2300,29,0.5271,0.13
20260325170639,2300,29,0.5271,0.13
20260325170640,2300,29,0.5271,0.13
20260325170641,2300,29,0.5271,0.13
20260325170642,2300,29,0.5271,0.13
20260325170643,2300,29,0.5271,0.13
20260325170644,2300,29,0.5271,0.13
20260325170645,2300,29,0.5271,0.13
20260325170646,2300,29,0.5271,0.13
20260325170647,2300,29,0.5271,0.13
20260325170648,2300,29,0.5271,0.13
20260325170649,2300,29,0.5271,0.13
20260325170650,2300,29,0.5271,0.13
20260325170651,2300,29,0.5271,0.13
20260325170652,2300,29,0.5271,0.13
20260325170653,2300,29,0.5271,0.13
20260325170654,2300,29,0.5271,0.13
20260325170655,2300,29,0.5271,0.13
20260325170656,2300,29,0.5271,0.13
20260325170657,2300,29,0.5271,0.13
20260325170658,2300,29,0.5271,0.13
20260325170659,2300,29,0.5271,0.13
20260325170700,2300,29,0.5271,0.13
20260325170701,2300,29,0.5271,0.13
20260325170702,2300,29,0.5271,0.13
20260325170703,2300,29,0.5271,0.13
20260325170704,2300,30,0.5271,0.13
20260325170705,2300,30,0.5271,0.13
20260325170706,2300,30,0.5271,0.13
20260325170707,2300,30,0.5271,0.13
20260325170708,2300,30,0.5271,0.13
20260325170709,2300,30,0.5271,0.13
20260325170710,2300,30,0.5271,0.13
20260325170711,2300,30,0.5271,0.13
20260325170712,2300,30,0.5271,0.13
20260325170713,2300,30,0.5271,0.13
20260325170714,2300,30,0.5271,0.13
20260325170715,2300,30,0.5271,0.13
20260325170716,2300,30,0.5271,0.13
20260325170717,2300,30,0.5271,0.13
20260325170718,2300,30,0.5271,0.13
20260325170719,2300,30,0.5271,0.13
20260325170720,2300,30,0.5271,0.13
20260325170721,2300,30,0.5271,0.13
20260325170722,2300,30,0.5271,0.13
20260325170723,2300,30,0.5271,0.13
20260325170725,2300,30,0.5271,0.13
20260325170726,2300,30,0.5271,0.13
20260325170727,2300,30,0.5271,0.13
20260325170728,2300,30,0.5271,0.13
20260325170729,2300,30,0.5271,0.13
20260325170730,2300,30,0.5271,0.13
20260325170731,2300,30,0.5271,0.13
20260325170732,2300,30,0.5271,0.13
20260325170733,2300,30,0.5271,0.13
20260325170734,2300,30,0.5271,0.13
20260325170735,2300,30,0.5271,0.13
20260325170736,2300,30,0.5271,0.13
20260325170737,2300,30,0.5271,0.13
20260325170738,2300,30,0.5271,0.13
20260325170739,2300,30,0.5271,0.13
20260325170740,2300,30,0.5271,0.13
20260325170741,2300,30,0.5271,0.13
20260325170742,2300,30,0.5271,0.13
20260325170743,2300,30,0.5271,0.13
20260325170744,2300,30,0.5271,0.13
20260325170745,2300,30,0.5271,0.13
20260325170746,2300,30,0.5271,0.13
20260325170747,2300,30,0.5271,0.13
20260325170748,2300,30,0.5271,0.13
20260325170749,2300,30,0.5271,0.13
20260325170750,2300,30,0.5271,0.13
20260325170751,2300,30,0.5271,0.13
20260325170752,2300,30,0.5271,0.13
20260325170753,2300,30,0.5271,0.13
20260325170754,2300,30,0.5271,0.13
20260325170755,2300,30,0.5271,0.13
20260325170756,2300,30,0.5271,0.13
20260325170757,2300,30,0.5271,0.13
20260325170758,2300,30,0.5271,0.13
20260325170759,2300,30,0.5271,0.13
20260325170800,2300,30,0.5271,0.13
20260325170801,2300,30,0.5271,0.13
20260325170802,2300,30,0.5271,0.13
20260325170803,2300,30,0.5271,0.13
20260325170804,2300,30,0.5271,0.13
20260325170805,2300,30,0.5271,0.13
20260325170806,2300,30,0.5271,0.13
20260325170807,2300,30,0.5271,0.13
20260325170808,2300,30,0.5271,0.13
20260325170809,2300,30,0.5271,0.13
20260325170810,2300,30,0.5271,0.13
20260325170811,2300,30,0.5271,0.13
20260325170812,2300,30,0.5271,0.13
20260325170813,2300,30,0.5271,0.13
20260325170814,2300,30,0.5271,0.13
20260325170815,2300,30,0.5271,0.13
20260325170816,2300,30,0.5271,0.13
20260325170817,2300,30,0.5271,0.13
20260325170818,2300,30,0.5271,0.13
20260325170819,2300,30,0.5271,0.13
20260325170820,2300,30,0.5271,0.13
20260325170821,2300,30,0.5271,0.13
20260325170822,2300,30,0.5271,0.13
20260325170823,2300,30,0.5271,0.13
20260325170824,2300,30,0.5271,0.13
20260325170825,2300,30,0.5271,0.13
20260325170826,2300,30,0.5271,0.13
20260325170827,2300,30,0.5271,0.13
20260325170828,2300,30,0.5271,0.13
20260325170829,2300,30,0.5271,0.13
20260325170830,2300,30,0.5271,0.13
20260325170831,2300,30,0.5271,0.13
20260325170832,2300,30,0.5271,0.13
20260325170833,2300,30,0.5271,0.13
20260325170834,2300,30,0.5271,0.13
20260325170835,2300,30,0.5271,0.13
20260325170836,2300,30,0.5271,0.13
20260325170837,2300,30,0.5271,0.13
20260325170838,2300,30,0.5271,0.13
20260325170839,2300,30,0.5271,0.13
20260325170840,2300,30,0.5271,0.13
20260325170841,2300,30,0.5271,0.13
20260325170842,2300,30,0.5271,0.13
20260325170843,2300,30,0.5271,0.13
20260325170844,2300,30,0.5271,0.13
20260325170845,2300,30,0.5271,0.13
20260325170846,2300,30,0.5271,0.13
20260325170847,2300,30,0.5271,0.13
20260325170848,2300,30,0.5271,0.13
20260325170849,2300,30,0.5271,0.13
20260325170850,2300,30,0.5271,0.13
20260325170851,2300,30,0.5271,0.13
20260325170852,2300,30,0.5271,0.13
20260325170853,2300,30,0.5271,0.13
20260325170854,2300,30,0.5271,0.13
20260325170855,2300,30,0.5271,0.13
20260325170856,2300,30,0.5271,0.13
20260325170857,2300,30,0.5271,0.13
20260325170858,2300,30,0.5271,0.13
20260325170859,2300,30,0.5272,0.13
20260325170900,2300,30,0.5272,0.13
20260325170901,2300,30,0.5272,0.13
20260325170902,2300,30,0.5272,0.13
20260325170903,2300,30,0.5272,0.13
20260325170904,2300,30,0.5272,0.13
20260325170905,2300,30,0.5272,0.13
20260325170906,2300,30,0.5272,0.13
20260325170907,2300,30,0.5272,0.13
20260325170908,2300,30,0.5272,0.13
20260325170909,2300,30,0.5272,0.13
20260325170910,2300,30,0.5272,0.13
20260325170911,2300,30,0.5272,0.13
20260325170912,2300,30,0.5272,0.13
20260325170913,2300,30,0.5272,0.13
20260325170914,2300,30,0.5272,0.13
20260325170915,2300,30,0.5272,0.13
20260325170916,2300,30,0.5272,0.13
20260325170917,2300,30,0.5272,0.13
20260325170918,2300,30,0.5272,0.13
20260325170919,2300,30,0.5272,0.13
20260325170920,2300,30,0.5272,0.13
20260325170921,2300,30,0.5272,0.13
20260325170922,2300,30,0.5272,0.13
20260325170923,2300,30,0.5272,0.13
20260325170924,2300,30,0.5272,0.13
20260325170925,2300,30,0.5272,0.13
20260325170926,2300,30,0.5272,0.13
20260325170927,2300,30,0.5272,0.13
20260325170928,2300,30,0.5272,0.13
20260325170929,2300,30,0.5272,0.13
20260325170930,2300,30,0.5272,0.13
20260325170931,2300,30,0.5272,0.13
20260325170932,2300,30,0.5272,0.13
20260325170933,2300,30,0.5272,0.13
20260325170934,2300,30,0.5272,0.13
20260325170935,2300,30,0.5272,0.13
20260325170936,2300,31,0.5272,0.13
20260325170937,2300,31,0.5272,0.13
20260325170938,2300,31,0.5272,0.13
20260325170939,2300,31,0.5272,0.13
20260325170940,2300,31,0.5272,0.13
20260325170941,2300,31,0.5272,0.13
20260325170942,2300,31,0.5272,0.13
20260325170943,2300,31,0.5272,0.13
20260325170944,2300,31,0.5272,0.13
20260325170945,2300,31,0.5272,0.13
20260325170946,2300,31,0.5272,0.13
20260325170947,2300,31,0.5272,0.13
20260325170948,2300,31,0.5272,0.13
20260325170949,2300,31,0.5272,0.13
20260325170950,2300,31,0.5272,0.13
20260325170951,2300,31,0.5272,0.13
20260325170952,2300,31,0.5272,0.13
20260325170953,2300,31,0.5272,0.13
20260325170954,2300,31,0.5272,0.13
20260325170955,2300,31,0.5272,0.13
20260325170956,2300,31,0.5272,0.13
20260325170957,2300,31,0.5272,0.13
20260325170959,2300,31,0.5272,0.13
20260325171000,2300,31,0.5272,0.13
20260325171001,2300,31,0.5272,0.13
20260325171002,2300,31,0.5272,0.13
20260325171003,2300,31,0.5272,0.13
20260325171004,2300,31,0.5272,0.13
20260325171005,2300,31,0.5272,0.13
20260325171006,2300,31,0.5272,0.13
20260325171007,2300,31,0.5272,0.13
20260325171008,2300,31,0.5272,0.13
20260325171009,2300,31,0.5272,0.13
20260325171010,2300,31,0.5272,0.13
20260325171011,2300,31,0.5272,0.13
20260325171012,2300,31,0.5272,0.13
20260325171013,2300,31,0.5272,0.13
20260325171014,2300,31,0.5272,0.13
20260325171015,2300,31,0.5272,0.13
20260325171016,2300,31,0.5272,0.13
20260325171017,2300,31,0.5272,0.13
20260325171018,2300,31,0.5272,0.13
20260325171019,2300,31,0.5272,0.13
20260325171020,2300,31,0.5272,0.13
20260325171021,2300,31,0.5272,0.13
20260325171022,2300,31,0.5272,0.13
20260325171023,2300,31,0.5272,0.13
20260325171024,2300,31,0.5272,0.13
20260325171025,2300,31,0.5272,0.13
20260325171026,2300,31,0.5272,0.13
20260325171027,2300,31,0.5272,0.13
20260325171028,2300,31,0.5272,0.13
20260325171029,2300,31,0.5272,0.13
20260325171030,2300,31,0.5272,0.13
20260325171031,2300,31,0.5272,0.13
20260325171032,2300,31,0.5272,0.13
20260325171033,2300,31,0.5272,0.13
20260325171034,2300,31,0.5272,0.13
20260325171035,2300,31,0.5272,0.13
20260325171036,2300,31,0.5272,0.13
20260325171037,2300,31,0.5272,0.13
20260325171038,2300,31,0.5272,0.13
20260325171039,2300,31,0.5272,0.13
20260325171040,2300,31,0.5272,0.13
20260325171041,2300,31,0.5272,0.13
20260325171042,2300,31,0.5272,0.13
20260325171043,2300,31,0.5272,0.13
20260325171044,2300,31,0.5272,0.13
20260325171045,2300,31,0.5272,0.13
20260325171046,2300,31,0.5272,0.13
20260325171047,2300,31,0.5272,0.13
20260325171048,2300,31,0.5272,0.13
20260325171049,2300,31,0.5272,0.13
20260325171050,2300,31,0.5272,0.13
20260325171051,2300,31,0.5272,0.13
20260325171052,2300,31,0.5272,0.13
20260325171053,2300,31,0.5272,0.13
20260325171054,2300,31,0.5272,0.13
20260325171055,2300,31,0.5272,0.13
20260325171056,2300,31,0.5272,0.13
20260325171057,2300,31,0.5272,0.13
20260325171058,2300,31,0.5272,0.13
20260325171059,2300,31,0.5272,0.13
20260325171100,2300,31,0.5272,0.13
20260325171101,2300,31,0.5272,0.13
20260325171102,2300,31,0.5272,0.13
20260325171103,2300,31,0.5272,0.13
20260325171104,2300,31,0.5272,0.13
20260325171105,2300,31,0.5272,0.13
20260325171106,2300,31,0.5272,0.13
20260325171107,2300,31,0.5272,0.13
20260325171108,2300,31,0.5272,0.13
20260325171109,2300,31,0.5272,0.13
20260325171110,2300,31,0.5272,0.13
20260325171111,2300,31,0.5272,0.13
20260325171112,2300,31,0.5272,0.13
20260325171113,2300,31,0.5272,0.13
20260325171114,2300,31,0.5272,0.13
20260325171115,2300,31,0.5272,0.13
20260325171116,2300,31,0.5272,0.13
20260325171117,2300,31,0.5272,0.13
20260325171118,2300,31,0.5272,0.13
20260325171119,2300,31,0.5272,0.13
20260325171120,2300,31,0.5272,0.13
20260325171121,2300,31,0.5272,0.13
20260325171122,2300,31,0.5272,0.13
20260325171123,2300,31,0.5272,0.13
20260325171124,2300,31,0.5272,0.13
20260325171125,2300,31,0.5272,0.13
20260325171126,2300,31,0.5272,0.13
20260325171127,2300,31,0.5272,0.13
20260325171128,2300,31,0.5272,0.13
20260325171129,2300,31,0.5272,0.13
20260325171130,2300,31,0.5272,0.13
20260325171131,2300,31,0.5272,0.13
20260325171132,2300,31,0.5272,0.13
20260325171133,2300,31,0.5272,0.13
20260325171134,2300,31,0.5272,0.13
20260325171135,2300,31,0.5272,0.13
20260325171136,2300,31,0.5272,0.13
20260325171137,2300,31,0.5272,0.13
20260325171138,2300,31,0.5272,0.13
20260325171139,2300,31,0.5272,0.13
20260325171140,2300,31,0.5272,0.13
20260325171141,2300,31,0.5272,0.13
20260325171142,2300,31,0.5272,0.13
20260325171143,2300,31,0.5272,0.13
20260325171144,2300,31,0.5272,0.13
20260325171145,2300,31,0.5272,0.13
20260325171146,2300,31,0.5272,0.13
20260325171147,2300,31,0.5272,0.13
20260325171148,2300,31,0.5272,0.13
20260325171149,2300,31,0.5272,0.13
20260325171150,2300,31,0.5272,0.13
20260325171151,2300,31,0.5272,0.13
20260325171152,2300,31,0.5272,0.13
20260325171153,2300,31,0.5272,0.13
20260325171154,2300,31,0.5272,0.13
20260325171155,2300,31,0.5272,0.13
20260325171156,2300,31,0.5272,0.13
20260325171157,2300,31,0.5272,0.13
20260325171158,2300,31,0.5272,0.13
20260325171159,2300,31,0.5272,0.13
20260325171200,2300,31,0.5272,0.13
20260325171201,2300,31,0.5272,0.13
20260325171202,2300,31,0.5272,0.13
20260325171203,2300,31,0.5272,0.13
20260325171204,2300,31,0.5272,0.13
20260325171205,2300,31,0.5272,0.13
20260325171206,2300,31,0.5272,0.13
20260325171207,2300,32,0.5272,0.13
20260325171208,2300,32,0.5272,0.13
20260325171209,2300,32,0.5272,0.13
20260325171210,2300,32,0.5272,0.13
20260325171211,2300,32,0.5272,0.13
20260325171212,2300,32,0.5272,0.13
20260325171213,2300,32,0.5272,0.13
20260325171214,2300,32,0.5272,0.13
20260325171215,2300,32,0.5272,0.13
20260325171216,2300,32,0.5272,0.13
20260325171217,2300,32,0.5272,0.13
20260325171218,2300,32,0.5272,0.13
20260325171219,2300,32,0.5272,0.13
20260325171220,2300,32,0.5272,0.13
20260325171221,2300,32,0.5272,0.13
20260325171222,2300,32,0.5272,0.13
20260325171223,2300,32,0.5272,0.13
20260325171224,2300,32,0.5272,0.13
20260325171226,2300,32,0.5272,0.13
20260325171227,2300,32,0.5272,0.13
20260325171228,2300,32,0.5272,0.13
20260325171229,2300,32,0.5272,0.13
20260325171230,2300,32,0.5272,0.13
20260325171231,2300,32,0.5272,0.13
20260325171232,2300,32,0.5272,0.13
20260325171233,2300,32,0.5272,0.13
20260325171234,2300,32,0.5272,0.13
20260325171235,2300,32,0.5272,0.13
20260325171236,2300,32,0.5272,0.13
20260325171237,2300,32,0.5272,0.13
20260325171238,2300,32,0.5272,0.13
20260325171239,2300,32,0.5272,0.13
20260325171240,2300,32,0.5272,0.13
20260325171241,2300,32,0.5272,0.13
20260325171242,2300,32,0.5272,0.13
20260325171243,2300,32,0.5272,0.13
20260325171244,2300,32,0.5272,0.13
20260325171245,2300,32,0.5272,0.13
20260325171246,2300,32,0.5272,0.13
20260325171247,2300,32,0.5272,0.13
20260325171248,2300,32,0.5272,0.13
20260325171249,2300,32,0.5272,0.13
20260325171250,2300,32,0.5272,0.13
20260325171251,2300,32,0.5272,0.13
20260325171252,2300,32,0.5272,0.13
20260325171253,2300,32,0.5272,0.13
20260325171254,2300,32,0.5272,0.13
20260325171255,2300,32,0.5272,0.13
20260325171256,2300,32,0.5272,0.13
20260325171257,2300,32,0.5272,0.13
20260325171258,2300,32,0.5272,0.13
20260325171259,2300,32,0.5272,0.13
20260325171300,2300,32,0.5272,0.13
20260325171301,2300,32,0.5272,0.13
20260325171302,2300,32,0.5272,0.13
20260325171303,2300,32,0.5272,0.13
20260325171304,2300,32,0.5272,0.13
20260325171305,2300,32,0.5272,0.13
20260325171306,2300,32,0.5272,0.13
20260325171307,2300,32,0.5272,0.13
20260325171308,2300,32,0.5272,0.13
20260325171309,2300,32,0.5272,0.13
20260325171310,2300,32,0.5272,0.13
20260325171311,2300,32,0.5272,0.13
20260325171312,2300,32,0.5272,0.13
20260325171313,2300,32,0.5272,0.13
20260325171314,2300,32,0.5272,0.13
20260325171315,2300,32,0.5272,0.13
20260325171316,2300,32,0.5272,0.13
20260325171317,2300,32,0.5272,0.13
20260325171318,2300,32,0.5272,0.13
20260325171319,2300,32,0.5272,0.13
20260325171320,2300,32,0.5272,0.13
20260325171321,2300,32,0.5272,0.13
20260325171322,2300,32,0.5272,0.13
20260325171323,2300,32,0.5272,0.13
20260325171324,2300,32,0.5272,0.13
20260325171325,2300,32,0.5272,0.13
20260325171326,2300,32,0.5272,0.13
20260325171327,2300,32,0.5272,0.13
20260325171328,2300,32,0.5272,0.13
20260325171329,2300,32,0.5272,0.13
20260325171330,2300,32,0.5272,0.13
20260325171331,2300,32,0.5272,0.13
20260325171332,2300,32,0.5272,0.13
20260325171333,2300,32,0.5272,0.13
20260325171334,2300,32,0.5272,0.13
20260325171335,2300,32,0.5272,0.13
20260325171336,2300,32,0.5272,0.13
20260325171337,2300,32,0.5272,0.13
20260325171338,2300,32,0.5272,0.13
20260325171339,2300,32,0.5272,0.13
20260325171340,2300,32,0.5272,0.13
20260325171341,2300,32,0.5272,0.13
20260325171342,2300,32,0.5272,0.13
20260325171343,2300,32,0.5272,0.13
20260325171344,2300,32,0.5272,0.13
20260325171345,2300,32,0.5272,0.13
20260325171346,2300,32,0.5272,0.13
20260325171347,2300,32,0.5272,0.13
20260325171348,2300,32,0.5272,0.13
20260325171349,2300,32,0.5272,0.13
20260325171350,2300,32,0.5272,0.13
20260325171351,2300,32,0.5272,0.13
20260325171352,2300,32,0.5272,0.13
20260325171353,2300,32,0.5272,0.13
20260325171354,2300,32,0.5272,0.13
20260325171355,2300,32,0.5272,0.13
20260325171356,2300,32,0.5272,0.13
20260325171357,2300,32,0.5272,0.13
20260325171358,2300,32,0.5272,0.13
20260325171359,2300,32,0.5272,0.13
20260325171400,2300,32,0.5272,0.13
20260325171401,2300,32,0.5272,0.13
20260325171402,2300,32,0.5272,0.13
20260325171403,2300,32,0.5272,0.13
20260325171404,2300,32,0.5272,0.13
20260325171405,2300,32,0.5272,0.13
20260325171406,2300,32,0.5272,0.13
20260325171407,2300,32,0.5272,0.13
20260325171408,2300,32,0.5272,0.13
20260325171409,2300,32,0.5272,0.13
20260325171410,2300,32,0.5272,0.13
20260325171411,2300,32,0.5272,0.13
20260325171412,2300,32,0.5272,0.13
20260325171413,2300,32,0.5272,0.13
20260325171414,2300,32,0.5272,0.13
20260325171415,2300,32,0.5272,0.13
20260325171416,2300,32,0.5272,0.13
20260325171417,2300,32,0.5272,0.13
20260325171418,2300,32,0.5272,0.13
20260325171419,2300,32,0.5272,0.13
20260325171420,2300,32,0.5272,0.13
20260325171421,2300,32,0.5272,0.13
20260325171422,2300,32,0.5272,0.13
20260325171423,2300,32,0.5272,0.13
20260325171424,2300,32,0.5272,0.13
20260325171425,2300,32,0.5272,0.13
20260325171426,2300,32,0.5272,0.13
20260325171427,2300,32,0.5272,0.13
20260325171428,2300,32,0.5272,0.13
20260325171429,2300,32,0.5272,0.13
20260325171430,2300,32,0.5272,0.13
20260325171431,2300,32,0.5272,0.13
20260325171432,2300,32,0.5272,0.13
20260325171433,2300,32,0.5272,0.13
20260325171434,2300,32,0.5272,0.13
20260325171435,2300,32,0.5272,0.13
20260325171436,2300,32,0.5272,0.13
20260325171437,2300,32,0.5272,0.13
20260325171438,2300,33,0.5272,0.13
20260325171439,2300,33,0.5272,0.13
20260325171440,2300,33,0.5272,0.13
20260325171441,2300,33,0.5272,0.13
20260325171442,2300,33,0.5272,0.13
20260325171443,2300,33,0.5272,0.13
20260325171444,2300,33,0.5272,0.13
20260325171445,2300,33,0.5272,0.13
20260325171446,2300,33,0.5272,0.13
20260325171447,2300,33,0.5272,0.13
20260325171448,2300,33,0.5272,0.13
20260325171449,2300,33,0.5272,0.13
20260325171450,2300,33,0.5272,0.13
20260325171451,2300,33,0.5272,0.13
20260325171452,2300,33,0.5272,0.13
20260325171453,2300,33,0.5272,0.13
20260325171454,2300,33,0.5272,0.13
20260325171455,2300,33,0.5272,0.13
20260325171456,2300,33,0.5272,0.13
20260325171457,2300,33,0.5272,0.13
20260325171458,2300,33,0.5272,0.13
20260325171500,2300,33,0.5272,0.13
20260325171501,2300,33,0.5272,0.13
20260325171502,2300,33,0.5272,0.13
20260325171503,2300,33,0.5272,0.13
20260325171504,2300,33,0.5272,0.13
20260325171505,2300,33,0.5272,0.13
20260325171506,2300,33,0.5272,0.13
20260325171507,2300,33,0.5272,0.13
20260325171508,2300,33,0.5272,0.13
20260325171509,2300,33,0.5272,0.13
20260325171510,2300,33,0.5272,0.13
20260325171511,2300,33,0.5272,0.13
20260325171512,2300,33,0.5272,0.13
20260325171513,2300,33,0.5272,0.13
20260325171514,2300,33,0.5272,0.13
20260325171515,2300,33,0.5272,0.13
20260325171516,2300,33,0.5272,0.13
20260325171517,2300,33,0.5272,0.13
20260325171518,2300,33,0.5272,0.13
20260325171519,2300,33,0.5272,0.13
20260325171520,2300,33,0.5272,0.13
20260325171521,2300,33,0.5272,0.13
20260325171522,2300,33,0.5272,0.13
20260325171523,2300,33,0.5272,0.13
20260325171524,2300,33,0.5272,0.13
20260325171525,2300,33,0.5272,0.13
20260325171526,2300,33,0.5272,0.13
20260325171527,2300,33,0.5272,0.13
20260325171528,2300,33,0.5272,0.13
20260325171529,2300,33,0.5272,0.13
20260325171530,2300,33,0.5272,0.13
20260325171531,2300,33,0.5272,0.13
20260325171532,2300,33,0.5272,0.13
20260325171533,2300,33,0.5272,0.13
20260325171534,2300,33,0.5272,0.13
20260325171535,2300,33,0.5272,0.13
20260325171536,2300,33,0.5272,0.13
20260325171537,2300,33,0.5272,0.13
20260325171538,2300,33,0.5272,0.13
20260325171539,2300,33,0.5272,0.13
20260325171540,2300,33,0.5272,0.13
20260325171541,2300,33,0.5272,0.13
20260325171542,2300,33,0.5272,0.13
20260325171543,2300,33,0.5272,0.13
20260325171544,2300,33,0.5272,0.13
20260325171545,2300,33,0.5272,0.13
20260325171546,2300,33,0.5272,0.13
20260325171547,2300,33,0.5272,0.13
20260325171548,2300,33,0.5272,0.13
20260325171549,2300,33,0.5272,0.13
20260325171550,2300,33,0.5272,0.13
20260325171551,2300,33,0.5272,0.13
20260325171552,2300,33,0.5272,0.13
20260325171553,2300,33,0.5272,0.13
20260325171554,2300,33,0.5272,0.13
20260325171555,2300,33,0.5272,0.13
20260325171556,2300,33,0.5272,0.13
20260325171557,2300,33,0.5272,0.13
20260325171558,2300,33,0.5272,0.13
20260325171559,2300,33,0.5272,0.13
20260325171600,2300,33,0.5272,0.13
20260325171601,2300,33,0.5272,0.13
20260325171602,2300,33,0.5272,0.13
20260325171603,2300,33,0.5272,0.13
20260325171604,2300,33,0.5272,0.13
20260325171605,2300,33,0.5272,0.13
20260325171606,2300,33,0.5272,0.13
20260325171607,2300,33,0.5272,0.13
20260325171608,2300,33,0.5272,0.13
20260325171609,2300,33,0.5272,0.13
20260325171610,2300,33,0.5272,0.13
20260325171611,2300,33,0.5272,0.13
20260325171612,2300,33,0.5272,0.13
20260325171613,2300,33,0.5272,0.13
20260325171614,2300,33,0.5272,0.13
20260325171615,2300,33,0.5272,0.13
20260325171616,2300,33,0.5272,0.13
20260325171617,2300,33,0.5272,0.13
20260325171618,2300,33,0.5272,0.13
20260325171619,2300,33,0.5272,0.13
20260325171620,2300,33,0.5272,0.13
20260325171621,2300,33,0.5272,0.13
20260325171622,2300,33,0.5272,0.13
20260325171623,2300,33,0.5272,0.13
20260325171624,2300,33,0.5272,0.13
20260325171625,2300,33,0.5272,0.13
20260325171626,2300,33,0.5272,0.13
20260325171627,2300,33,0.5272,0.13
20260325171628,2300,33,0.5272,0.13
20260325171629,2300,33,0.5272,0.13
20260325171630,2300,33,0.5272,0.13
20260325171631,2300,33,0.5272,0.13
20260325171632,2300,33,0.5272,0.13
20260325171633,2300,33,0.5272,0.13
20260325171634,2300,33,0.5272,0.13
20260325171635,2300,33,0.5272,0.13
20260325171636,2300,33,0.5272,0.13
20260325171637,2300,33,0.5272,0.13
20260325171638,2300,33,0.5272,0.13
20260325171639,2300,33,0.5272,0.13
20260325171640,2300,33,0.5272,0.13
20260325171641,2300,33,0.5272,0.13
20260325171642,2300,33,0.5272,0.13
20260325171643,2300,33,0.5272,0.13
20260325171644,2300,33,0.5272,0.13
20260325171645,2300,33,0.5272,0.13
20260325171646,2300,33,0.5272,0.13
20260325171647,2300,33,0.5272,0.13
20260325171648,2300,33,0.5272,0.13
20260325171649,2300,33,0.5272,0.13
20260325171650,2300,33,0.5272,0.13
20260325171651,2300,33,0.5272,0.13
20260325171652,2300,33,0.5273,0.13
20260325171653,2300,33,0.5273,0.13
20260325171654,2300,33,0.5273,0.13
20260325171655,2300,33,0.5273,0.13
20260325171656,2300,33,0.5273,0.13
20260325171657,2300,33,0.5273,0.13
20260325171658,2300,33,0.5273,0.13
20260325171659,2300,33,0.5273,0.13
20260325171700,2300,33,0.5273,0.13
20260325171701,2300,33,0.5273,0.13
20260325171702,2300,33,0.5273,0.13
20260325171703,2300,33,0.5273,0.13
20260325171704,2300,33,0.5273,0.13
20260325171705,2300,33,0.5273,0.13
20260325171706,2300,33,0.5273,0.13
20260325171707,2300,33,0.5273,0.13
20260325171708,2300,33,0.5273,0.13
20260325171709,2300,34,0.5273,0.13
20260325171710,2300,34,0.5273,0.13
20260325171711,2300,34,0.5273,0.13
20260325171712,2300,34,0.5273,0.13
20260325171713,2300,34,0.5273,0.13
20260325171714,2300,34,0.5273,0.13
20260325171715,2300,34,0.5273,0.13
20260325171716,2300,34,0.5273,0.13
20260325171717,2300,34,0.5273,0.13
20260325171718,2300,34,0.5273,0.13
20260325171719,2300,34,0.5273,0.13
20260325171720,2300,34,0.5273,0.13
20260325171721,2300,34,0.5273,0.13
20260325171722,2300,34,0.5273,0.13
20260325171723,2300,34,0.5273,0.13
20260325171724,2300,34,0.5273,0.13
20260325171725,2300,34,0.5273,0.13
20260325171726,2300,34,0.5273,0.13
20260325171727,2300,34,0.5273,0.13
20260325171728,2300,34,0.5273,0.13
20260325171729,2300,34,0.5273,0.13
20260325171731,2300,34,0.5273,0.13
20260325171732,2300,34,0.5273,0.13
20260325171733,2300,34,0.5273,0.13
20260325171734,2300,34,0.5273,0.13
20260325171735,2300,34,0.5273,0.13
20260325171736,2300,34,0.5273,0.13
20260325171737,2300,34,0.5273,0.13
20260325171738,2300,34,0.5273,0.13
20260325171739,2300,34,0.5273,0.13
20260325171740,2300,34,0.5273,0.13
20260325171741,2300,34,0.5273,0.13
20260325171742,2300,34,0.5273,0.13
20260325171743,2300,34,0.5273,0.13
20260325171744,2300,34,0.5273,0.13
20260325171745,2300,34,0.5273,0.13
20260325171746,2300,34,0.5273,0.13
20260325171747,2300,34,0.5273,0.13
20260325171748,2300,34,0.5273,0.13
20260325171749,2300,34,0.5273,0.13
20260325171750,2300,34,0.5273,0.13
20260325171751,2300,34,0.5273,0.13
20260325171752,2300,34,0.5273,0.13
20260325171753,2300,34,0.5273,0.13
20260325171754,2300,34,0.5273,0.13
20260325171755,2300,34,0.5273,0.13
20260325171756,2300,34,0.5273,0.13
20260325171757,2300,34,0.5273,0.13
20260325171758,2300,34,0.5273,0.13
20260325171759,2300,34,0.5273,0.13
20260325171800,2300,34,0.5273,0.13
20260325171801,2300,34,0.5273,0.13
20260325171802,2300,34,0.5273,0.13
20260325171803,2300,34,0.5273,0.13
20260325171804,2300,34,0.5273,0.13
20260325171805,2300,34,0.5273,0.13
20260325171806,2300,34,0.5273,0.13
20260325171807,2300,34,0.5273,0.13
20260325171808,2300,34,0.5273,0.13
20260325171809,2300,34,0.5273,0.13
20260325171810,2300,34,0.5273,0.13
20260325171811,2300,34,0.5273,0.13
20260325171812,2300,34,0.5273,0.13
20260325171813,2300,34,0.5273,0.13
20260325171814,2300,34,0.5273,0.13
20260325171815,2300,34,0.5273,0.13
20260325171816,2300,34,0.5273,0.13
20260325171817,2300,34,0.5273,0.13
20260325171818,2300,34,0.5273,0.13
20260325171819,2300,34,0.5273,0.13
20260325171820,2300,34,0.5273,0.13
20260325171821,2300,34,0.5273,0.13
20260325171822,2300,34,0.5273,0.13
20260325171823,2300,34,0.5273,0.13
20260325171824,2300,34,0.5273,0.13
20260325171825,2300,34,0.5273,0.13
20260325171826,2300,34,0.5273,0.13
20260325171827,2300,34,0.5273,0.13
20260325171828,2300,34,0.5273,0.13
20260325171829,2300,34,0.5273,0.13
20260325171830,2300,34,0.5273,0.13
20260325171831,2300,34,0.5273,0.13
20260325171832,2300,34,0.5273,0.13
20260325171833,2300,34,0.5273,0.13
20260325171834,2300,34,0.5273,0.13
20260325171835,2300,34,0.5273,0.13
20260325171836,2300,34,0.5273,0.13
20260325171837,2300,34,0.5273,0.13
20260325171838,2300,34,0.5273,0.13
20260325171839,2300,34,0.5273,0.13
20260325171840,2300,34,0.5273,0.13
20260325171841,2300,34,0.5273,0.13
20260325171842,2300,34,0.5273,0.13
20260325171843,2300,34,0.5273,0.13
20260325171844,2300,34,0.5273,0.13
20260325171845,2300,34,0.5273,0.13
20260325171846,2300,34,0.5273,0.13
20260325171847,2300,34,0.5273,0.13
20260325171848,2300,34,0.5273,0.13
20260325171849,2300,34,0.5273,0.13
20260325171850,2300,34,0.5273,0.13
20260325171851,2300,34,0.5273,0.13
20260325171852,2300,34,0.5273,0.13
20260325171853,2300,34,0.5273,0.13
20260325171854,2300,34,0.5273,0.13
20260325171855,2300,34,0.5273,0.13
20260325171856,2300,34,0.5273,0.13
20260325171857,2300,34,0.5273,0.13
20260325171858,2300,34,0.5273,0.13
20260325171859,2300,34,0.5273,0.13
20260325171900,2300,34,0.5273,0.13
20260325171901,2300,34,0.5273,0.13
20260325171902,2300,34,0.5273,0.13
20260325171903,2300,34,0.5273,0.13
20260325171904,2300,34,0.5273,0.13
20260325171905,2300,34,0.5273,0.13
20260325171906,2300,34,0.5273,0.13
20260325171907,2300,34,0.5273,0.13
20260325171908,2300,34,0.5273,0.13
20260325171909,2300,34,0.5273,0.13
20260325171910,2300,34,0.5273,0.13
20260325171911,2300,34,0.5273,0.13
20260325171912,2300,34,0.5273,0.13
20260325171913,2300,34,0.5273,0.13
20260325171914,2300,34,0.5273,0.13
20260325171915,2300,34,0.5273,0.13
20260325171916,2300,34,0.5273,0.13
20260325171917,2300,34,0.5273,0.13
20260325171918,2300,34,0.5273,0.13
20260325171919,2300,34,0.5273,0.13
20260325171920,2300,34,0.5273,0.13
20260325171921,2300,34,0.5273,0.13
20260325171922,2300,34,0.5273,0.13
20260325171923,2300,34,0.5273,0.13
20260325171924,2300,34,0.5273,0.13
20260325171925,2300,34,0.5273,0.13
20260325171926,2300,34,0.5273,0.13
20260325171927,2300,34,0.5273,0.13
20260325171928,2300,34,0.5273,0.13
20260325171929,2300,34,0.5273,0.13
20260325171930,2300,34,0.5273,0.13
20260325171931,2300,34,0.5273,0.13
20260325171932,2300,34,0.5273,0.13
20260325171933,2300,34,0.5273,0.13
20260325171934,2300,34,0.5273,0.13
20260325171935,2300,34,0.5273,0.13
20260325171936,2300,34,0.5273,0.13
20260325171937,2300,34,0.5273,0.13
20260325171938,2300,34,0.5273,0.13
20260325171939,2300,34,0.5273,0.13
20260325171940,2300,34,0.5273,0.13
20260325171941,2300,35,0.5273,0.13
20260325171942,2300,35,0.5273,0.13
20260325171943,2300,35,0.5273,0.13
20260325171944,2300,35,0.5273,0.13
20260325171945,2300,35,0.5273,0.13
20260325171946,2300,35,0.5273,0.13
20260325171947,2300,35,0.5273,0.13
20260325171948,2300,35,0.5273,0.13
20260325171949,2300,35,0.5273,0.13
20260325171950,2300,35,0.5273,0.13
20260325171951,2300,35,0.5273,0.13
20260325171952,2300,35,0.5273,0.13
20260325171953,2300,35,0.5273,0.13
20260325171954,2300,35,0.5273,0.13
20260325171956,2300,35,0.5273,0.13
20260325171957,2300,35,0.5273,0.13
20260325171958,2300,35,0.5273,0.13
20260325171959,2300,35,0.5273,0.13
20260325172000,2300,35,0.5273,0.13
20260325172001,2300,35,0.5273,0.13
20260325172002,2300,35,0.5273,0.13
20260325172003,2300,35,0.5273,0.13
20260325172004,2300,35,0.5273,0.13
20260325172005,2300,35,0.5273,0.13
20260325172006,2300,35,0.5273,0.13
20260325172007,2300,35,0.5273,0.13
20260325172008,2300,35,0.5273,0.13
20260325172009,2300,35,0.5273,0.13
20260325172010,2300,35,0.5273,0.13
20260325172011,2300,35,0.5273,0.13
20260325172012,2300,35,0.5273,0.13
20260325172013,2300,35,0.5273,0.13
20260325172014,2300,35,0.5273,0.13
20260325172015,2300,35,0.5273,0.13
20260325172016,2300,35,0.5273,0.13
20260325172017,2300,35,0.5273,0.13
20260325172018,2300,35,0.5273,0.13
20260325172019,2300,35,0.5273,0.13
20260325172020,2300,35,0.5273,0.13
20260325172021,2300,35,0.5273,0.13
20260325172022,2300,35,0.5273,0.13
20260325172023,2300,35,0.5273,0.13
20260325172024,2300,35,0.5273,0.13
20260325172025,2300,35,0.5273,0.13
20260325172026,2300,35,0.5273,0.13
20260325172027,2300,35,0.5273,0.13
20260325172028,2300,35,0.5273,0.13
20260325172029,2300,35,0.5273,0.13
20260325172030,2300,35,0.5273,0.13
20260325172031,2300,35,0.5273,0.13
20260325172032,2300,35,0.5273,0.13
20260325172033,2300,35,0.5273,0.13
20260325172034,2300,35,0.5273,0.13
20260325172035,2300,35,0.5273,0.13
20260325172036,2300,35,0.5273,0.13
20260325172037,2300,35,0.5273,0.13
20260325172038,2300,35,0.5273,0.13
20260325172039,2300,35,0.5273,0.13
20260325172040,2300,35,0.5273,0.13
20260325172041,2300,35,0.5273,0.13
20260325172042,2300,35,0.5273,0.13
20260325172043,2300,35,0.5273,0.13
20260325172044,2300,35,0.5273,0.13
20260325172045,2300,35,0.5273,0.13
20260325172046,2300,35,0.5273,0.13
20260325172047,2300,35,0.5273,0.13
20260325172048,2300,35,0.5273,0.13
20260325172049,2300,35,0.5273,0.13
20260325172050,2300,35,0.5273,0.13
20260325172051,2300,35,0.5273,0.13
20260325172052,2300,35,0.5273,0.13
20260325172053,2300,35,0.5273,0.13
20260325172054,2300,35,0.5273,0.13
20260325172055,2300,35,0.5273,0.13
20260325172056,2300,35,0.5273,0.13
20260325172057,2300,35,0.5273,0.13
20260325172058,2300,35,0.5273,0.13
20260325172059,2300,35,0.5273,0.13
20260325172100,2300,35,0.5273,0.13
20260325172101,2300,35,0.5273,0.13
20260325172102,2300,35,0.5273,0.13
20260325172103,2300,35,0.5273,0.13
20260325172104,2300,35,0.5273,0.13
20260325172105,2300,35,0.5273,0.13
20260325172106,2300,35,0.5273,0.13
20260325172107,2300,35,0.5273,0.13
20260325172108,2300,35,0.5273,0.13
20260325172109,2300,35,0.5273,0.13
20260325172110,2300,35,0.5273,0.13
20260325172111,2300,35,0.5273,0.13
20260325172112,2300,35,0.5273,0.13
20260325172113,2300,35,0.5273,0.13
20260325172114,2300,35,0.5273,0.13
20260325172115,2300,35,0.5273,0.13
20260325172116,2300,35,0.5273,0.13
20260325172117,2300,35,0.5273,0.13
20260325172118,2300,35,0.5273,0.13
20260325172119,2300,35,0.5273,0.13
20260325172120,2300,35,0.5273,0.13
20260325172121,2300,35,0.5273,0.13
20260325172122,2300,35,0.5273,0.13
20260325172123,2300,35,0.5273,0.13
20260325172124,2300,35,0.5273,0.13
20260325172125,2300,35,0.5273,0.13
20260325172126,2300,35,0.5273,0.13
20260325172127,2300,35,0.5273,0.13
20260325172128,2300,35,0.5273,0.13
20260325172129,2300,35,0.5273,0.13
20260325172130,2300,35,0.5273,0.13
20260325172131,2300,35,0.5273,0.13
20260325172132,2300,35,0.5273,0.13
20260325172133,2300,35,0.5273,0.13
20260325172134,2300,35,0.5273,0.13
20260325172135,2300,35,0.5273,0.13
20260325172136,2300,35,0.5273,0.13
20260325172137,2300,35,0.5273,0.13
20260325172138,2300,35,0.5273,0.13
20260325172139,2300,35,0.5273,0.13
20260325172140,2300,35,0.5273,0.13
20260325172141,2300,35,0.5273,0.13
20260325172142,2300,35,0.5273,0.13
20260325172143,2300,35,0.5273,0.13
20260325172144,2300,35,0.5273,0.13
20260325172145,2300,35,0.5273,0.13
20260325172146,2300,35,0.5273,0.13
20260325172147,2300,35,0.5273,0.13
20260325172148,2300,35,0.5273,0.13
20260325172149,2300,35,0.5273,0.13
20260325172150,2300,35,0.5273,0.13
20260325172151,2300,35,0.5273,0.13
20260325172152,2300,35,0.5273,0.13
20260325172153,2300,35,0.5273,0.13
20260325172154,2300,35,0.5273,0.13
20260325172155,2300,35,0.5273,0.13
20260325172156,2300,35,0.5273,0.13
20260325172157,2300,35,0.5273,0.13
20260325172158,2300,35,0.5273,0.13
20260325172159,2300,35,0.5273,0.13
20260325172200,2300,35,0.5273,0.13
20260325172201,2300,35,0.5273,0.13
20260325172202,2300,35,0.5273,0.13
20260325172203,2300,35,0.5273,0.13
20260325172204,2300,35,0.5273,0.13
20260325172205,2300,35,0.5273,0.13
20260325172206,2300,35,0.5273,0.13
20260325172207,2300,35,0.5273,0.13
20260325172208,2300,35,0.5273,0.13
20260325172209,2300,35,0.5273,0.13
20260325172210,2300,35,0.5273,0.13
20260325172211,2300,35,0.5273,0.13
20260325172212,2300,36,0.5273,0.13
20260325172213,2300,36,0.5273,0.13
20260325172214,2300,36,0.5273,0.13
20260325172215,2300,36,0.5273,0.13
20260325172216,2300,36,0.5273,0.13
20260325172217,2300,36,0.5273,0.13
20260325172218,2300,36,0.5273,0.13
20260325172219,2300,36,0.5273,0.13
20260325172220,2300,36,0.5273,0.13
20260325172221,2300,36,0.5273,0.13
20260325172222,2300,36,0.5273,0.13
20260325172223,2300,36,0.5273,0.13
20260325172224,2300,36,0.5273,0.13
20260325172225,2300,36,0.5273,0.13
20260325172227,2300,36,0.5273,0.13
20260325172228,2300,36,0.5273,0.13
20260325172229,2300,36,0.5273,0.13
20260325172230,2300,36,0.5273,0.13
20260325172231,2300,36,0.5273,0.13
20260325172232,2300,36,0.5273,0.13
20260325172233,2300,36,0.5273,0.13
20260325172234,2300,36,0.5273,0.13
20260325172235,2300,36,0.5273,0.13
20260325172236,2300,36,0.5273,0.13
20260325172237,2300,36,0.5273,0.13
20260325172238,2300,36,0.5273,0.13
20260325172239,2300,36,0.5273,0.13
20260325172240,2300,36,0.5273,0.13
20260325172241,2300,36,0.5273,0.13
20260325172242,2300,36,0.5273,0.13
20260325172243,2300,36,0.5273,0.13
20260325172244,2300,36,0.5273,0.13
20260325172245,2300,36,0.5273,0.13
20260325172246,2300,36,0.5273,0.13
20260325172247,2300,36,0.5273,0.13
20260325172248,2300,36,0.5273,0.13
20260325172249,2300,36,0.5273,0.13
20260325172250,2300,36,0.5273,0.13
20260325172251,2300,36,0.5273,0.13
20260325172252,2300,36,0.5273,0.13
20260325172253,2300,36,0.5273,0.13
20260325172254,2300,36,0.5273,0.13
20260325172255,2300,36,0.5273,0.13
20260325172256,2300,36,0.5273,0.13
20260325172257,2300,36,0.5273,0.13
20260325172258,2300,36,0.5273,0.13
20260325172259,2300,36,0.5273,0.13
20260325172300,2300,36,0.5273,0.13
20260325172301,2300,36,0.5273,0.13
20260325172302,2300,36,0.5273,0.13
20260325172303,2300,36,0.5273,0.13
20260325172304,2300,36,0.5273,0.13
20260325172305,2300,36,0.5273,0.13
20260325172306,2300,36,0.5273,0.13
20260325172307,2300,36,0.5273,0.13
20260325172308,2300,36,0.5273,0.1299
20260325172309,2300,36,0.5273,0.1299
20260325172310,2300,36,0.5273,0.1299
20260325172311,2300,36,0.5273,0.1299
20260325172312,2300,36,0.5273,0.1299
20260325172313,2300,36,0.5273,0.1299
20260325172314,2300,36,0.5273,0.1299
20260325172315,2300,36,0.5273,0.1299
20260325172316,2300,36,0.5273,0.1299
20260325172317,2300,36,0.5273,0.1299
20260325172318,2300,36,0.5273,0.1299
20260325172319,2300,36,0.5273,0.1299
20260325172320,2300,36,0.5273,0.1299
20260325172321,2300,36,0.5273,0.1299
20260325172322,2300,36,0.5273,0.1299
20260325172323,2300,36,0.5273,0.1299
20260325172324,2300,36,0.5273,0.1299
20260325172325,2300,36,0.5273,0.1299
20260325172326,2300,36,0.5273,0.1299
20260325172327,2300,36,0.5273,0.1299
20260325172328,2300,36,0.5273,0.1299
20260325172329,2300,36,0.5273,0.1299
20260325172330,2300,36,0.5273,0.1299
20260325172331,2300,36,0.5273,0.1299
20260325172332,2300,36,0.5273,0.1299
20260325172333,2300,36,0.5273,0.1299
20260325172334,2300,36,0.5273,0.1299
20260325172335,2300,36,0.5273,0.1299
20260325172336,2300,36,0.5273,0.1299
20260325172337,2300,36,0.5273,0.1299
20260325172338,2300,36,0.5273,0.1299
20260325172339,2300,36,0.5273,0.1299
20260325172340,2300,36,0.5273,0.1299
20260325172341,2300,36,0.5273,0.1299
20260325172342,2300,36,0.5273,0.1299
20260325172343,2300,36,0.5273,0.1299
20260325172344,2300,36,0.5273,0.1299
20260325172345,2300,36,0.5273,0.1299
20260325172346,2300,36,0.5273,0.1299
20260325172347,2300,36,0.5273,0.1299
20260325172348,2300,36,0.5273,0.1299
20260325172349,2300,36,0.5273,0.1299
20260325172350,2300,36,0.5273,0.1299
20260325172351,2300,36,0.5273,0.1299
20260325172352,2300,36,0.5273,0.1299
20260325172353,2300,36,0.5273,0.1299
20260325172354,2300,36,0.5273,0.1299
20260325172355,2300,36,0.5273,0.1299
20260325172356,2300,36,0.5273,0.1299
20260325172357,2300,36,0.5273,0.1299
20260325172358,2300,36,0.5273,0.1299
20260325172359,2300,36,0.5273,0.1299
20260325172400,2300,36,0.5273,0.1299
20260325172401,2300,36,0.5273,0.1299
20260325172402,2300,36,0.5273,0.1299
20260325172403,2300,36,0.5273,0.1299
20260325172404,2300,36,0.5273,0.1299
20260325172405,2300,36,0.5273,0.1299
20260325172406,2300,36,0.5273,0.1299
20260325172407,2300,36,0.5273,0.1299
20260325172408,2300,36,0.5273,0.1299
20260325172409,2300,36,0.5273,0.1299
20260325172410,2300,36,0.5273,0.1299
20260325172411,2300,36,0.5273,0.1299
20260325172412,2300,36,0.5273,0.1299
20260325172413,2300,36,0.5273,0.1299
20260325172414,2300,36,0.5273,0.1299
20260325172415,2300,36,0.5273,0.1299
20260325172416,2300,36,0.5273,0.1299
20260325172417,2300,36,0.5273,0.1299
20260325172418,2300,36,0.5273,0.1299
20260325172419,2300,36,0.5273,0.1299
20260325172420,2300,36,0.5273,0.1299
20260325172421,2300,36,0.5273,0.1299
20260325172422,2300,36,0.5273,0.1299
20260325172423,2300,36,0.5273,0.1299
20260325172424,2300,36,0.5273,0.1299
20260325172425,2300,36,0.5273,0.1299
20260325172426,2300,36,0.5273,0.1299
20260325172427,2300,36,0.5273,0.1299
20260325172428,2300,36,0.5273,0.1299
20260325172429,2300,36,0.5273,0.1299
20260325172430,2300,36,0.5273,0.1299
20260325172431,2300,36,0.5273,0.1299
20260325172432,2300,36,0.5273,0.1299
20260325172433,2300,36,0.5273,0.1299
20260325172434,2300,36,0.5273,0.1299
20260325172435,2300,36,0.5273,0.1299
20260325172436,2300,36,0.5273,0.1299
20260325172437,2300,36,0.5273,0.1299
20260325172438,2300,36,0.5273,0.1299
20260325172439,2300,36,0.5273,0.1299
20260325172440,2300,36,0.5273,0.1299
20260325172441,2300,36,0.5273,0.1299
20260325172442,2300,36,0.5273,0.1299
20260325172443,2300,37,0.5273,0.1299
20260325172444,2300,37,0.5273,0.1299
20260325172445,2300,37,0.5273,0.1299
20260325172446,2300,37,0.5273,0.1299
20260325172447,2300,37,0.5273,0.1299
20260325172448,2300,37,0.5273,0.1299
20260325172449,2300,37,0.5273,0.1299
20260325172450,2300,37,0.5273,0.1299
20260325172452,2300,37,0.5273,0.1299
20260325172453,2300,37,0.5273,0.1299
20260325172454,2300,37,0.5273,0.1299
20260325172455,2300,37,0.5273,0.1299
20260325172456,2300,37,0.5273,0.1299
20260325172457,2300,37,0.5273,0.1299
20260325172458,2300,37,0.5273,0.1299
20260325172459,2300,37,0.5273,0.1299
20260325172500,2300,37,0.5273,0.1299
20260325172501,2300,37,0.5274,0.1299
20260325172502,2300,37,0.5274,0.1299
20260325172503,2300,37,0.5274,0.1299
20260325172504,2300,37,0.5274,0.1299
20260325172505,2300,37,0.5274,0.1299
20260325172506,2300,37,0.5274,0.1299
20260325172507,2300,37,0.5274,0.1299
20260325172508,2300,37,0.5274,0.1299
20260325172509,2300,37,0.5274,0.1299
20260325172510,2300,37,0.5274,0.1299
20260325172511,2300,37,0.5274,0.1299
20260325172512,2300,37,0.5274,0.1299
20260325172513,2300,37,0.5274,0.1299
20260325172514,2300,37,0.5274,0.1299
20260325172515,2300,37,0.5274,0.1299
20260325172516,2300,37,0.5274,0.1299
20260325172517,2300,37,0.5274,0.1299
20260325172518,2300,37,0.5274,0.1299
20260325172519,2300,37,0.5274,0.1299
20260325172520,2300,37,0.5274,0.1299
20260325172521,2300,37,0.5274,0.1299
20260325172522,2300,37,0.5274,0.1299
20260325172523,2300,37,0.5274,0.1299
20260325172524,2300,37,0.5274,0.1299
20260325172525,2300,37,0.5274,0.1299
20260325172526,2300,37,0.5274,0.1299
20260325172527,2300,37,0.5274,0.1299
20260325172528,2300,37,0.5274,0.1299
20260325172529,2300,37,0.5274,0.1299
20260325172530,2300,37,0.5274,0.1299
20260325172531,2300,37,0.5274,0.1299
20260325172532,2300,37,0.5274,0.1299
20260325172533,2300,37,0.5274,0.1299
20260325172534,2300,37,0.5274,0.1299
20260325172535,2300,37,0.5274,0.1299
20260325172536,2300,37,0.5274,0.1299
20260325172537,2300,37,0.5274,0.1299
20260325172538,2300,37,0.5274,0.1299
20260325172539,2300,37,0.5274,0.1299
20260325172540,2300,37,0.5274,0.1299
20260325172541,2300,37,0.5274,0.1299
20260325172542,2300,37,0.5274,0.1299
20260325172543,2300,37,0.5274,0.1299
20260325172544,2300,37,0.5274,0.1299
20260325172545,2300,37,0.5274,0.1299
20260325172546,2300,37,0.5274,0.1299
20260325172547,2300,37,0.5274,0.1299
20260325172548,2300,37,0.5274,0.1299
20260325172549,2300,37,0.5274,0.1299
20260325172550,2300,37,0.5274,0.1299
20260325172551,2300,37,0.5274,0.1299
20260325172552,2300,37,0.5274,0.1299
20260325172553,2300,37,0.5274,0.1299
20260325172554,2300,37,0.5274,0.1299
20260325172555,2300,37,0.5274,0.1299
20260325172556,2300,37,0.5274,0.1299
20260325172557,2300,37,0.5274,0.1299
20260325172558,2300,37,0.5274,0.1299
20260325172559,2300,37,0.5274,0.1299
20260325172600,2300,37,0.5274,0.1299
20260325172601,2300,37,0.5274,0.1299
20260325172602,2300,37,0.5274,0.1299
20260325172603,2300,37,0.5274,0.1299
20260325172604,2300,37,0.5274,0.1299
20260325172605,2300,37,0.5274,0.1299
20260325172606,2300,37,0.5274,0.1299
20260325172607,2300,37,0.5274,0.1299
20260325172608,2300,37,0.5274,0.1299
20260325172609,2300,37,0.5274,0.1299
20260325172610,2300,37,0.5274,0.1299
20260325172611,2300,37,0.5274,0.1299
20260325172612,2300,37,0.5274,0.1299
20260325172613,2300,37,0.5274,0.1299
20260325172614,2300,37,0.5274,0.1299
20260325172615,2300,37,0.5274,0.1299
20260325172616,2300,37,0.5274,0.1299
20260325172617,2300,37,0.5274,0.1299
20260325172618,2300,37,0.5274,0.1299
20260325172619,2300,37,0.5274,0.1299
20260325172620,2300,37,0.5274,0.1299
20260325172621,2300,37,0.5274,0.1299
20260325172622,2300,37,0.5274,0.1299
20260325172623,2300,37,0.5274,0.1299
20260325172624,2300,37,0.5274,0.1299
20260325172625,2300,37,0.5274,0.1299
20260325172626,2300,37,0.5274,0.1299
20260325172627,2300,37,0.5274,0.1299
20260325172628,2300,37,0.5274,0.1299
20260325172629,2300,37,0.5274,0.1299
20260325172630,2300,37,0.5274,0.1299
20260325172631,2300,37,0.5274,0.1299
20260325172632,2300,37,0.5274,0.1299
20260325172633,2300,37,0.5274,0.1299
20260325172634,2300,37,0.5274,0.1299
20260325172635,2300,37,0.5274,0.1299
20260325172636,2300,37,0.5274,0.1299
20260325172637,2300,37,0.5274,0.1299
20260325172638,2300,37,0.5274,0.1299
20260325172639,2300,37,0.5274,0.1299
20260325172640,2300,37,0.5274,0.1299
20260325172641,2300,37,0.5274,0.1299
20260325172642,2300,37,0.5274,0.1299
20260325172643,2300,37,0.5274,0.1299
20260325172644,2300,37,0.5274,0.1299
20260325172645,2300,37,0.5274,0.1299
20260325172646,2300,37,0.5274,0.1299
20260325172647,2300,37,0.5274,0.1299
20260325172648,2300,37,0.5274,0.1299
20260325172649,2300,37,0.5274,0.1299
20260325172650,2300,37,0.5274,0.1299
20260325172651,2300,37,0.5274,0.1299
20260325172652,2300,37,0.5274,0.1299
20260325172653,2300,37,0.5274,0.1299
20260325172654,2300,37,0.5274,0.1299
20260325172655,2300,37,0.5274,0.1299
20260325172656,2300,37,0.5274,0.1299
20260325172657,2300,37,0.5274,0.1299
20260325172658,2300,37,0.5274,0.1299
20260325172659,2300,37,0.5274,0.1299
20260325172700,2300,37,0.5274,0.1299
20260325172701,2300,37,0.5274,0.1299
20260325172702,2300,37,0.5274,0.1299
20260325172703,2300,37,0.5274,0.1299
20260325172704,2300,37,0.5274,0.1299
20260325172705,2300,37,0.5274,0.1299
20260325172706,2300,37,0.5274,0.1299
20260325172707,2300,37,0.5274,0.1299
20260325172708,2300,37,0.5274,0.1299
20260325172709,2300,37,0.5274,0.1299
20260325172710,2300,37,0.5274,0.1299
20260325172711,2300,37,0.5274,0.1299
20260325172712,2300,37,0.5274,0.1299
20260325172713,2300,37,0.5274,0.1299
20260325172714,2300,38,0.5274,0.1299
20260325172716,2300,38,0.5274,0.1299
20260325172717,2300,38,0.5274,0.1299
20260325172718,2300,38,0.5274,0.1299
20260325172719,2300,38,0.5274,0.1299
20260325172720,2300,38,0.5274,0.1299
20260325172721,2300,38,0.5274,0.1299
20260325172722,2300,38,0.5274,0.1299
20260325172723,2300,38,0.5274,0.1299
20260325172724,2300,38,0.5274,0.1299
20260325172725,2300,38,0.5274,0.1299
20260325172726,2300,38,0.5274,0.1299
20260325172727,2300,38,0.5274,0.1299
20260325172728,2300,38,0.5274,0.1299
20260325172729,2300,38,0.5274,0.1299
20260325172730,2300,38,0.5274,0.1299
20260325172731,2300,38,0.5274,0.1299
20260325172732,2300,38,0.5274,0.1299
20260325172733,2300,38,0.5274,0.1299
20260325172734,2300,38,0.5274,0.1299
20260325172735,2300,38,0.5274,0.1299
20260325172736,2300,38,0.5274,0.1299
20260325172737,2300,38,0.5274,0.1299
20260325172738,2300,38,0.5274,0.1299
20260325172739,2300,38,0.5274,0.1299
20260325172740,2300,38,0.5274,0.1299
20260325172741,2300,38,0.5274,0.1299
20260325172742,2300,38,0.5274,0.1299
20260325172743,2300,38,0.5274,0.1299
20260325172744,2300,38,0.5274,0.1299
20260325172745,2300,38,0.5274,0.1299
20260325172746,2300,38,0.5274,0.1299
20260325172747,2300,38,0.5274,0.1299
20260325172748,2300,38,0.5274,0.1299
20260325172749,2300,38,0.5274,0.1299
20260325172750,2300,38,0.5274,0.1299
20260325172751,2300,38,0.5274,0.1299
20260325172752,2300,38,0.5274,0.1299
20260325172753,2300,38,0.5274,0.1299
20260325172754,2300,38,0.5274,0.1299
20260325172755,2300,38,0.5274,0.1299
20260325172756,2300,38,0.5274,0.1299
20260325172757,2300,38,0.5274,0.1299
20260325172758,2300,38,0.5274,0.1299
20260325172759,2300,38,0.5274,0.1299
20260325172800,2300,38,0.5274,0.1299
20260325172801,2300,38,0.5274,0.1299
20260325172802,2300,38,0.5274,0.1299
20260325172803,2300,38,0.5274,0.1299
20260325172804,2300,38,0.5274,0.1299
20260325172805,2300,38,0.5274,0.1299
20260325172806,2300,38,0.5274,0.1299
20260325172807,2300,38,0.5274,0.1299
20260325172808,2300,38,0.5274,0.1299
20260325172809,2300,38,0.5274,0.1299
20260325172810,2300,38,0.5274,0.1299
20260325172811,2300,38,0.5274,0.1299
20260325172812,2300,38,0.5274,0.1299
20260325172813,2300,38,0.5274,0.1299
20260325172814,2300,38,0.5274,0.1299
20260325172815,2300,38,0.5274,0.1299
20260325172816,2300,38,0.5274,0.1299
20260325172817,2300,38,0.5274,0.1299
20260325172818,2300,38,0.5274,0.1299
20260325172819,2300,38,0.5274,0.1299
20260325172820,2300,38,0.5274,0.1299
20260325172821,2300,38,0.5274,0.1299
20260325172822,2300,38,0.5274,0.1299
20260325172823,2300,38,0.5274,0.1299
20260325172824,2300,38,0.5274,0.1299
20260325172825,2300,38,0.5274,0.1299
20260325172826,2300,38,0.5274,0.1299
20260325172827,2300,38,0.5274,0.1299
20260325172828,2300,38,0.5274,0.1299
20260325172829,2300,38,0.5274,0.1299
20260325172830,2300,38,0.5274,0.1299
20260325172831,2300,38,0.5274,0.1299
20260325172832,2300,38,0.5274,0.1299
20260325172833,2300,38,0.5274,0.1299
20260325172834,2300,38,0.5274,0.1299
20260325172835,2300,38,0.5274,0.1299
20260325172836,2300,38,0.5274,0.1299
20260325172837,2300,38,0.5274,0.1299
20260325172838,2300,38,0.5274,0.1299
20260325172839,2300,38,0.5274,0.1299
20260325172840,2300,38,0.5274,0.1299
20260325172841,2300,38,0.5274,0.1299
20260325172842,2300,38,0.5274,0.1299
20260325172843,2300,38,0.5274,0.1299
20260325172844,2300,38,0.5274,0.1299
20260325172845,2300,38,0.5274,0.1299
20260325172846,2300,38,0.5274,0.1299
20260325172847,2300,38,0.5274,0.1299
20260325172848,2300,38,0.5274,0.1299
20260325172849,2300,38,0.5274,0.1299
20260325172850,2300,38,0.5274,0.1299
20260325172851,2300,38,0.5274,0.1299
20260325172852,2300,38,0.5274,0.1299
20260325172853,2300,38,0.5274,0.1299
20260325172854,2300,38,0.5274,0.1299
20260325172855,2300,38,0.5274,0.1299
20260325172856,2300,38,0.5274,0.1299
20260325172857,2300,38,0.5274,0.1299
20260325172858,2300,38,0.5274,0.1299
20260325172859,2300,38,0.5274,0.1299
20260325172900,2300,38,0.5274,0.1299
20260325172901,2300,38,0.5274,0.1299
20260325172902,2300,38,0.5274,0.1299
20260325172903,2300,38,0.5274,0.1299
20260325172904,2300,38,0.5274,0.1299
20260325172905,2300,38,0.5274,0.1299
20260325172906,2300,38,0.5274,0.1299
20260325172907,2300,38,0.5274,0.1299
20260325172908,2300,38,0.5274,0.1299
20260325172909,2300,38,0.5274,0.1299
20260325172910,2300,38,0.5274,0.1299
20260325172911,2300,38,0.5274,0.1299
20260325172912,2300,38,0.5274,0.1299
20260325172913,2300,38,0.5274,0.1299
20260325172914,2300,38,0.5274,0.1299
20260325172915,2300,38,0.5274,0.1299
20260325172916,2300,38,0.5274,0.1299
20260325172917,2300,38,0.5274,0.1299
20260325172918,2300,38,0.5274,0.1299
20260325172919,2300,38,0.5274,0.1299
20260325172920,2300,38,0.5274,0.1299
20260325172921,2300,38,0.5274,0.1299
20260325172922,2300,38,0.5274,0.1299
20260325172923,2300,38,0.5274,0.1299
20260325172924,2300,38,0.5274,0.1299
20260325172925,2300,38,0.5274,0.1299
20260325172926,2300,38,0.5274,0.1299
20260325172927,2300,38,0.5274,0.1299
20260325172928,2300,38,0.5274,0.1299
20260325172929,2300,38,0.5274,0.1299
20260325172930,2300,38,0.5274,0.1299
20260325172931,2300,38,0.5274,0.1299
20260325172932,2300,38,0.5274,0.1299
20260325172933,2300,38,0.5274,0.1299
20260325172934,2300,38,0.5274,0.1299
20260325172935,2300,38,0.5274,0.1299
20260325172936,2300,38,0.5274,0.1299
20260325172937,2300,38,0.5274,0.1299
20260325172938,2300,38,0.5274,0.1299
20260325172939,2300,38,0.5274,0.1299
20260325172940,2300,38,0.5274,0.1299
20260325172941,2300,38,0.5274,0.1299
20260325172942,2300,38,0.5274,0.1299
20260325172943,2300,38,0.5274,0.1299
20260325172944,2300,38,0.5274,0.1299
20260325172945,2300,39,0.5274,0.1299
20260325172946,2300,39,0.5274,0.1299
20260325172947,2300,39,0.5274,0.1299
20260325172949,2300,39,0.5274,0.1299
20260325172950,2300,39,0.5274,0.1299
20260325172951,2300,39,0.5274,0.1299
20260325172952,2300,39,0.5274,0.1299
20260325172953,2300,39,0.5274,0.1299
20260325172954,2300,39,0.5274,0.1299
20260325172955,2300,39,0.5274,0.1299
20260325172956,2300,39,0.5274,0.1299
20260325172957,2300,39,0.5274,0.1299
20260325172958,2300,39,0.5274,0.1299
20260325172959,2300,39,0.5274,0.1299
20260325173000,2300,39,0.5274,0.1299
20260325173001,2300,39,0.5274,0.1299
20260325173002,2300,39,0.5274,0.1299
20260325173003,2300,39,0.5274,0.1299
20260325173004,2300,39,0.5274,0.1299
20260325173005,2300,39,0.5274,0.1299
20260325173006,2300,39,0.5274,0.1299
20260325173007,2300,39,0.5274,0.1299
20260325173008,2300,39,0.5274,0.1299
20260325173009,2300,39,0.5274,0.1299
20260325173010,2300,39,0.5274,0.1299
20260325173011,2300,39,0.5274,0.1299
20260325173012,2300,39,0.5274,0.1299
20260325173013,2300,39,0.5274,0.1299
20260325173014,2300,39,0.5274,0.1299
20260325173015,2300,39,0.5274,0.1299
20260325173016,2300,39,0.5274,0.1299
20260325173017,2300,39,0.5274,0.1299
20260325173018,2300,39,0.5274,0.1299
20260325173019,2300,39,0.5274,0.1299
20260325173020,2300,39,0.5274,0.1299
20260325173021,2300,39,0.5274,0.1299
20260325173022,2300,39,0.5274,0.1299
20260325173023,2300,39,0.5274,0.1299
20260325173024,2300,39,0.5274,0.1299
20260325173025,2300,39,0.5274,0.1299
20260325173026,2300,39,0.5274,0.1299
20260325173027,2300,39,0.5274,0.1299
20260325173028,2300,39,0.5274,0.1299
20260325173029,2300,39,0.5274,0.1299
20260325173030,2300,39,0.5274,0.1299
20260325173031,2300,39,0.5274,0.1299
20260325173032,2300,39,0.5274,0.1299
20260325173033,2300,39,0.5274,0.1299
20260325173034,2300,39,0.5274,0.1299
20260325173035,2300,39,0.5274,0.1299
20260325173036,2300,39,0.5274,0.1299
20260325173037,2300,39,0.5274,0.1299
20260325173038,2300,39,0.5274,0.1299
20260325173039,2300,39,0.5274,0.1299
20260325173040,2300,39,0.5274,0.1299
20260325173041,2300,39,0.5274,0.1299
20260325173042,2300,39,0.5274,0.1299
20260325173043,2300,39,0.5274,0.1299
20260325173044,2300,39,0.5274,0.1299
20260325173045,2300,39,0.5274,0.1299
20260325173046,2300,39,0.5274,0.1299
20260325173047,2300,39,0.5274,0.1299
20260325173048,2300,39,0.5274,0.1299
20260325173049,2300,39,0.5274,0.1299
20260325173050,2300,39,0.5274,0.1299
20260325173051,2300,39,0.5274,0.1299
20260325173052,2300,39,0.5274,0.1299
20260325173053,2300,39,0.5274,0.1299
20260325173054,2300,39,0.5274,0.1299
20260325173055,2300,39,0.5274,0.1299
20260325173056,2300,39,0.5274,0.1299
20260325173057,2300,39,0.5274,0.1299
20260325173058,2300,39,0.5274,0.1299
20260325173059,2300,39,0.5274,0.1299
20260325173100,2300,39,0.5274,0.1299
20260325173101,2300,39,0.5274,0.1299
20260325173102,2300,39,0.5274,0.1299
20260325173103,2300,39,0.5274,0.1299
20260325173104,2300,39,0.5274,0.1299
20260325173105,2300,39,0.5274,0.1299
20260325173106,2300,39,0.5274,0.1299
20260325173107,2300,39,0.5274,0.1299
20260325173108,2300,39,0.5274,0.1299
20260325173109,2300,39,0.5274,0.1299
20260325173110,2300,39,0.5274,0.1299
20260325173111,2300,39,0.5274,0.1299
20260325173112,2300,39,0.5274,0.1299
20260325173113,2300,39,0.5274,0.1299
20260325173114,2300,39,0.5274,0.1299
20260325173115,2300,39,0.5274,0.1299
20260325173116,2300,39,0.5274,0.1299
20260325173117,2300,39,0.5274,0.1299
20260325173118,2300,39,0.5274,0.1299
20260325173119,2300,39,0.5274,0.1299
20260325173120,2300,39,0.5274,0.1299
20260325173121,2300,39,0.5274,0.1299
20260325173122,2300,39,0.5274,0.1299
20260325173123,2300,39,0.5274,0.1299
20260325173124,2300,39,0.5274,0.1299
20260325173125,2300,39,0.5274,0.1299
20260325173126,2300,39,0.5274,0.1299
20260325173127,2300,39,0.5274,0.1299
20260325173128,2300,39,0.5274,0.1299
20260325173129,2300,39,0.5274,0.1299
20260325173130,2300,39,0.5274,0.1299
20260325173131,2300,39,0.5274,0.1299
20260325173132,2300,39,0.5274,0.1299
20260325173133,2300,39,0.5274,0.1299
20260325173134,2300,39,0.5274,0.1299
20260325173135,2300,39,0.5274,0.1299
20260325173136,2300,39,0.5274,0.1299
20260325173137,2300,39,0.5274,0.1299
20260325173138,2300,39,0.5274,0.1299
20260325173139,2300,39,0.5274,0.1299
20260325173140,2300,39,0.5274,0.1299
20260325173141,2300,39,0.5274,0.1299
20260325173142,2300,39,0.5274,0.1299
20260325173143,2300,39,0.5274,0.1299
20260325173144,2300,39,0.5274,0.1299
20260325173145,2300,39,0.5274,0.1299
20260325173146,2300,39,0.5274,0.1299
20260325173147,2300,39,0.5274,0.1299
20260325173148,2300,39,0.5274,0.1299
20260325173149,2300,39,0.5274,0.1299
20260325173150,2300,39,0.5274,0.1299
20260325173151,2300,39,0.5274,0.1299
20260325173152,2300,39,0.5274,0.1299
20260325173153,2300,39,0.5274,0.1299
20260325173154,2300,39,0.5274,0.1299
20260325173155,2300,39,0.5274,0.1299
20260325173156,2300,39,0.5274,0.1299
20260325173157,2300,39,0.5274,0.1299
20260325173158,2300,39,0.5274,0.1299
20260325173159,2300,39,0.5274,0.1299
20260325173200,2300,39,0.5274,0.1299
20260325173201,2300,39,0.5274,0.1299
20260325173202,2300,39,0.5274,0.1299
20260325173203,2300,39,0.5274,0.1299
20260325173204,2300,39,0.5274,0.1299
20260325173205,2300,39,0.5274,0.1299
20260325173206,2300,39,0.5274,0.1299
20260325173207,2300,39,0.5274,0.1299
20260325173208,2300,39,0.5274,0.1299
20260325173209,2300,39,0.5274,0.1299
20260325173210,2300,39,0.5274,0.1299
20260325173211,2300,39,0.5274,0.1299
20260325173212,2300,39,0.5274,0.1299
20260325173213,2300,39,0.5274,0.1299
20260325173214,2300,39,0.5274,0.1299
20260325173215,2300,39,0.5274,0.1299
20260325173217,2300,39,0.5274,0.1299
20260325173218,2300,39,0.5274,0.1299
20260325173219,2300,39,0.5274,0.1299
20260325173220,2300,39,0.5274,0.1299
20260325173221,2300,39,0.5274,0.1299
20260325173222,2300,39,0.5274,0.1299
20260325173223,2300,39,0.5274,0.1299
20260325173224,2300,39,0.5274,0.1299
20260325173225,2300,39,0.5274,0.1299
20260325173226,2300,39,0.5274,0.1299
20260325173227,2300,39,0.5274,0.1299
20260325173228,2300,39,0.5274,0.1299
20260325173229,2300,39,0.5274,0.1299
20260325173230,2300,39,0.5274,0.1299
20260325173231,3000,39,0.5274,0.1299
20260325173232,3000,39,0.5274,0.1299
20260325173233,3000,39,0.5274,0.1299
20260325173234,3000,39,0.5274,0.1299
20260325173235,3000,39,0.5274,0.1299
20260325173236,3000,39,0.5274,0.1299
20260325173237,3000,39,0.5274,0.1299
20260325173238,3000,39,0.5274,0.1299
20260325173239,3000,39,0.5274,0.1299
20260325173240,3000,39,0.5274,0.1299
20260325173241,3000,39,0.5274,0.1299
20260325173242,3000,39,0.5274,0.1299
20260325173243,3000,39,0.5274,0.1299
20260325173244,3000,39,0.5274,0.1299
20260325173245,3000,39,0.5274,0.1299
20260325173246,3000,39,0.5274,0.1299
20260325173247,3000,39,0.5274,0.1299
20260325173248,3000,39,0.5274,0.1299
20260325173249,3000,39,0.5274,0.1299
20260325173250,3000,39,0.5274,0.1299
20260325173251,3000,39,0.5274,0.1299
20260325173252,3000,39,0.5274,0.1299
20260325173253,3000,39,0.5274,0.1299
20260325173254,3000,39,0.5274,0.1299
20260325173255,3000,39,0.5274,0.1299
20260325173256,3000,39,0.5274,0.1299
20260325173257,3000,39,0.5274,0.1299
20260325173258,3000,39,0.5274,0.1299
20260325173259,3000,39,0.5274,0.1299
20260325173300,3000,39,0.5274,0.1299
20260325173301,3000,39,0.5274,0.1299
20260325173302,3000,39,0.5274,0.1299
20260325173303,3000,39,0.5275,0.1299
20260325173304,3000,39,0.5275,0.1299
20260325173305,3000,39,0.5275,0.1299
20260325173306,3000,39,0.5275,0.1299
20260325173307,3000,39,0.5275,0.1299
20260325173308,3000,39,0.5275,0.1299
20260325173309,3000,39,0.5275,0.1299
20260325173310,3000,39,0.5275,0.1299
20260325173311,3000,39,0.5275,0.1299
20260325173312,3000,39,0.5275,0.1299
20260325173313,3000,39,0.5275,0.1299
20260325173314,3000,39,0.5275,0.1299
20260325173315,3000,39,0.5275,0.1299
20260325173316,3000,39,0.5275,0.1299
20260325173317,3000,39,0.5275,0.1299
20260325173318,3000,40,0.5275,0.1299
20260325173319,3000,40,0.5275,0.1299
20260325173320,3000,40,0.5275,0.1299
20260325173321,3000,40,0.5275,0.1299
20260325173322,3000,40,0.5275,0.1299
20260325173323,3000,40,0.5275,0.1299
20260325173324,3000,40,0.5275,0.1299
20260325173325,3000,40,0.5275,0.1299
20260325173326,3000,40,0.5275,0.1299
20260325173327,3000,40,0.5275,0.1299
20260325173328,3000,40,0.5275,0.1299
20260325173329,3000,40,0.5275,0.1299
20260325173330,3000,40,0.5275,0.1299
20260325173331,3000,40,0.5275,0.1299
20260325173332,3000,40,0.5275,0.1299
20260325173333,3000,40,0.5275,0.1299
20260325173334,3000,40,0.5275,0.1299
20260325173335,3000,40,0.5275,0.1299
20260325173336,3000,40,0.5275,0.1299
20260325173337,3000,40,0.5275,0.1299
20260325173338,3000,40,0.5275,0.1299
20260325173339,3000,40,0.5275,0.1299
20260325173340,3000,40,0.5275,0.1299
20260325173341,3000,40,0.5275,0.1299
20260325173342,3000,40,0.5275,0.1299
20260325173343,3000,40,0.5275,0.1299
20260325173344,3000,40,0.5275,0.1299
20260325173345,3000,40,0.5275,0.1299
20260325173346,3000,40,0.5275,0.1299
20260325173347,3000,40,0.5275,0.1299
20260325173348,3000,40,0.5275,0.1299
20260325173349,3000,40,0.5275,0.1299
20260325173350,3000,40,0.5275,0.1299
20260325173351,3000,40,0.5275,0.1299
20260325173352,3000,40,0.5275,0.1299
20260325173353,3000,40,0.5275,0.1299
20260325173354,3000,40,0.5275,0.1299
20260325173355,3000,40,0.5275,0.1299
20260325173356,3000,40,0.5275,0.1299
20260325173357,3000,40,0.5275,0.1299
20260325173358,3000,40,0.5275,0.1299
20260325173359,3000,40,0.5275,0.1299
20260325173400,3000,40,0.5275,0.1299
20260325173401,3000,40,0.5275,0.1299
20260325173402,3000,40,0.5275,0.1299
20260325173403,3000,40,0.5275,0.1299
20260325173404,3000,40,0.5275,0.1299
20260325173405,3000,40,0.5275,0.1299
20260325173406,3000,40,0.5275,0.1299
20260325173407,3000,40,0.5275,0.1299
20260325173408,3000,40,0.5275,0.1299
20260325173409,3000,40,0.5275,0.1299
20260325173410,3000,40,0.5275,0.1299
20260325173411,3000,40,0.5275,0.1299
20260325173412,3000,40,0.5275,0.1299
20260325173413,3000,40,0.5275,0.1299
20260325173414,3000,40,0.5275,0.1299
20260325173415,3000,40,0.5275,0.1299
20260325173416,3000,40,0.5275,0.1299
20260325173417,3000,40,0.5275,0.1299
20260325173418,3000,40,0.5275,0.1299
20260325173419,3000,40,0.5275,0.1299
20260325173420,3000,40,0.5275,0.1299
20260325173421,3000,40,0.5275,0.1299
20260325173422,3000,40,0.5275,0.1299
20260325173423,3000,40,0.5275,0.1299
20260325173424,3000,40,0.5275,0.1299
20260325173425,3000,40,0.5275,0.1299
20260325173426,3000,40,0.5275,0.1299
20260325173427,3000,40,0.5275,0.1299
20260325173428,3000,40,0.5275,0.1299
20260325173429,3000,40,0.5275,0.1299
20260325173430,3000,40,0.5275,0.1299
20260325173431,3000,40,0.5275,0.1299
20260325173432,3000,40,0.5275,0.1299
20260325173433,3000,40,0.5275,0.1299
20260325173434,3000,40,0.5275,0.1299
20260325173435,3000,40,0.5275,0.1299
20260325173436,3000,40,0.5275,0.1299
20260325173437,3000,40,0.5275,0.1299
20260325173438,3000,40,0.5275,0.1299
20260325173439,3000,40,0.5275,0.1299
20260325173440,3000,40,0.5275,0.1299
20260325173441,3000,40,0.5275,0.1299
20260325173442,3000,40,0.5275,0.1299
20260325173443,3000,40,0.5275,0.1299
20260325173444,3000,40,0.5275,0.1299
20260325173445,3000,40,0.5275,0.1299
20260325173446,3000,40,0.5275,0.1299
20260325173447,3000,40,0.5275,0.1299
20260325173448,3000,40,0.5275,0.1299
20260325173449,3000,40,0.5275,0.1299
20260325173450,3000,40,0.5275,0.1299
20260325173451,3000,40,0.5275,0.1299
20260325173452,3000,40,0.5275,0.1299
20260325173453,3000,40,0.5275,0.1299
20260325173454,3000,40,0.5275,0.1299
20260325173455,3000,40,0.5275,0.1299
20260325173456,3000,40,0.5275,0.1299
20260325173457,3000,40,0.5275,0.1299
20260325173458,3000,40,0.5275,0.1299
20260325173459,3000,40,0.5275,0.1299
20260325173500,3000,40,0.5275,0.1299
20260325173501,3000,40,0.5275,0.1299
20260325173502,3000,40,0.5275,0.1299
20260325173503,3000,40,0.5275,0.1299
20260325173504,3000,40,0.5275,0.1299
20260325173505,3000,40,0.5275,0.1299
20260325173506,3000,40,0.5275,0.1299
20260325173507,3000,40,0.5275,0.1299
20260325173508,3000,40,0.5275,0.1299
20260325173509,3000,40,0.5275,0.1299
20260325173510,3000,40,0.5275,0.1299
20260325173511,3000,40,0.5275,0.1299
20260325173512,3000,40,0.5275,0.1299
20260325173514,3000,40,0.5275,0.1299
20260325173515,3000,40,0.5275,0.1299
20260325173516,3000,40,0.5275,0.1299
20260325173517,3000,40,0.5275,0.1299
20260325173518,3000,40,0.5275,0.1299
20260325173519,3000,40,0.5275,0.1299
20260325173520,3000,40,0.5275,0.1299
20260325173521,3000,40,0.5275,0.1299
20260325173522,3000,40,0.5275,0.1299
20260325173523,3000,40,0.5275,0.1299
20260325173524,3000,40,0.5275,0.1299
20260325173525,3000,40,0.5275,0.1299
20260325173526,3000,40,0.5275,0.1299
20260325173527,3000,40,0.5275,0.1299
20260325173528,3000,40,0.5275,0.1299
20260325173529,3000,40,0.5275,0.1299
20260325173530,3000,40,0.5275,0.1299
20260325173531,3000,40,0.5275,0.1299
20260325173532,3000,40,0.5275,0.1299
20260325173533,3000,40,0.5275,0.1299
20260325173534,3000,40,0.5275,0.1299
20260325173535,3000,40,0.5275,0.1299
20260325173536,3000,40,0.5275,0.1299
20260325173537,3000,40,0.5275,0.1299
20260325173538,3000,40,0.5275,0.1299
20260325173539,3000,40,0.5275,0.1299
20260325173540,3000,40,0.5275,0.1299
20260325173541,3000,40,0.5275,0.1299
20260325173542,3000,40,0.5275,0.1299
20260325173543,3000,40,0.5275,0.1299
20260325173544,3000,40,0.5275,0.1299
20260325173545,3000,40,0.5275,0.1299
20260325173546,3000,40,0.5275,0.1299
20260325173547,3000,41,0.5275,0.1299
20260325173548,3000,41,0.5275,0.1299
20260325173549,3000,41,0.5275,0.1299
20260325173550,3000,41,0.5275,0.1299
20260325173551,3000,41,0.5275,0.1299
20260325173552,3000,41,0.5275,0.1299
20260325173553,3000,41,0.5275,0.1299
20260325173554,3000,41,0.5275,0.1299
20260325173555,3000,41,0.5275,0.1299
20260325173556,3000,41,0.5275,0.1299
20260325173557,3000,41,0.5275,0.1299
20260325173558,3000,41,0.5275,0.1299
20260325173559,3000,41,0.5275,0.1299
20260325173600,3000,41,0.5275,0.1299
20260325173601,3000,41,0.5275,0.1299
20260325173602,3000,41,0.5275,0.1299
20260325173603,3000,41,0.5275,0.1299
20260325173604,3000,41,0.5275,0.1299
20260325173605,3000,41,0.5275,0.1299
20260325173606,3000,41,0.5275,0.1299
20260325173607,3000,41,0.5275,0.1299
20260325173608,3000,41,0.5275,0.1299
20260325173609,3000,41,0.5275,0.1299
20260325173610,3000,41,0.5275,0.1299
20260325173611,3000,41,0.5275,0.1299
20260325173612,3000,41,0.5275,0.1299
20260325173613,3000,41,0.5275,0.1299
20260325173614,3000,41,0.5275,0.1299
20260325173615,3000,41,0.5275,0.1299
20260325173616,3000,41,0.5275,0.1299
20260325173617,3000,41,0.5275,0.1299
20260325173618,3000,41,0.5275,0.1299
20260325173619,3000,41,0.5275,0.1299
20260325173620,3000,41,0.5275,0.1299
20260325173621,3000,41,0.5275,0.1299
20260325173622,3000,41,0.5275,0.1299
20260325173623,3000,41,0.5275,0.1299
20260325173624,3000,41,0.5275,0.1299
20260325173625,3000,41,0.5275,0.1299
20260325173626,3000,41,0.5275,0.1299
20260325173627,3000,41,0.5275,0.1299
20260325173628,3000,41,0.5275,0.1299
20260325173629,3000,41,0.5275,0.1299
20260325173630,3000,41,0.5275,0.1299
20260325173631,3000,41,0.5275,0.1299
20260325173632,3000,41,0.5275,0.1299
20260325173633,3000,41,0.5275,0.1299
20260325173634,3000,41,0.5275,0.1299
20260325173635,3000,41,0.5275,0.1299
20260325173636,3000,41,0.5275,0.1299
20260325173637,3000,41,0.5275,0.1299
20260325173638,3000,41,0.5275,0.1299
20260325173639,3000,41,0.5275,0.1299
20260325173640,3000,41,0.5275,0.1299
20260325173641,3000,41,0.5275,0.1299
20260325173642,3000,41,0.5275,0.1299
20260325173643,3000,41,0.5275,0.1299
20260325173644,3000,41,0.5275,0.1299
20260325173645,3000,41,0.5275,0.1299
20260325173646,3000,41,0.5275,0.1299
20260325173647,3000,41,0.5275,0.1299
20260325173648,3000,41,0.5275,0.1299
20260325173649,3000,41,0.5275,0.1299
20260325173650,3000,41,0.5275,0.1299
20260325173651,3000,41,0.5275,0.1299
20260325173652,3000,41,0.5275,0.1299
20260325173653,3000,41,0.5275,0.1299
20260325173654,3000,41,0.5275,0.1299
20260325173655,3000,41,0.5275,0.1299
20260325173656,3000,41,0.5275,0.1299
20260325173657,3000,41,0.5275,0.1299
20260325173658,3000,41,0.5275,0.1299
20260325173659,3000,41,0.5275,0.1299
20260325173700,3000,41,0.5275,0.1299
20260325173701,3000,41,0.5275,0.1299
20260325173702,3000,41,0.5275,0.1299
20260325173703,3000,41,0.5275,0.1299
20260325173704,3000,41,0.5275,0.1299
20260325173705,3000,41,0.5275,0.1299
20260325173706,3000,41,0.5275,0.1299
20260325173707,3000,41,0.5275,0.1299
20260325173708,3000,41,0.5275,0.1299
20260325173709,3000,41,0.5275,0.1299
20260325173710,3000,41,0.5275,0.1299
20260325173711,3000,41,0.5275,0.1299
20260325173712,3000,41,0.5275,0.1299
20260325173713,3000,41,0.5275,0.1299
20260325173714,3000,41,0.5275,0.1299
20260325173715,3000,41,0.5275,0.1299
20260325173716,3000,41,0.5275,0.1299
20260325173717,3000,41,0.5275,0.1299
20260325173718,3000,41,0.5275,0.1299
20260325173719,3000,41,0.5275,0.1299
20260325173720,3000,41,0.5275,0.1299
20260325173721,3000,41,0.5275,0.1299
20260325173722,3000,41,0.5275,0.1299
20260325173723,3000,41,0.5275,0.1299
20260325173724,3000,41,0.5275,0.1299
20260325173725,3000,41,0.5275,0.1299
20260325173726,3000,41,0.5275,0.1299
20260325173727,3000,41,0.5275,0.1299
20260325173728,3000,41,0.5275,0.1299
20260325173729,3000,41,0.5275,0.1299
20260325173730,3000,41,0.5275,0.1299
20260325173731,3000,41,0.5275,0.1299
20260325173732,3000,41,0.5275,0.1299
20260325173733,3000,41,0.5275,0.1299
20260325173734,3000,41,0.5275,0.1299
20260325173735,3000,41,0.5275,0.1299
20260325173736,3000,41,0.5275,0.1299
20260325173737,3000,41,0.5275,0.1299
20260325173738,3000,41,0.5275,0.1299
20260325173739,3000,41,0.5275,0.1299
20260325173740,3000,41,0.5275,0.1299
20260325173741,3000,41,0.5275,0.1299
20260325173742,3000,41,0.5275,0.1299
20260325173743,3000,41,0.5275,0.1299
20260325173744,3000,41,0.5275,0.1299
20260325173745,3000,41,0.5275,0.1299
20260325173746,3000,41,0.5275,0.1299
20260325173747,3000,41,0.5275,0.1299
20260325173748,3000,41,0.5275,0.1299
20260325173749,3000,41,0.5275,0.1299
20260325173750,3000,41,0.5275,0.1299
20260325173751,3000,41,0.5275,0.1299
20260325173752,3000,41,0.5275,0.1299
20260325173753,3000,41,0.5275,0.1299
20260325173754,3000,41,0.5275,0.1299
20260325173755,3000,41,0.5275,0.1299
20260325173756,3000,41,0.5275,0.1299
20260325173757,3000,41,0.5275,0.1299
20260325173758,3000,41,0.5275,0.1299
20260325173759,3000,41,0.5275,0.1299
20260325173800,3000,41,0.5275,0.1299
20260325173801,3000,41,0.5275,0.1299
20260325173802,3000,41,0.5275,0.1299
20260325173803,3000,41,0.5275,0.1299
20260325173804,3000,41,0.5275,0.1299
20260325173805,3000,41,0.5275,0.1299
20260325173806,3000,41,0.5275,0.1299
20260325173807,3000,41,0.5275,0.1299
20260325173808,3000,41,0.5275,0.1299
20260325173810,3000,41,0.5275,0.1299
20260325173811,3000,41,0.5275,0.1299
20260325173812,3000,41,0.5275,0.1299
20260325173813,3000,41,0.5275,0.1299
20260325173814,3000,41,0.5275,0.1299
20260325173815,3000,41,0.5275,0.1299
20260325173816,3000,41,0.5275,0.1299
20260325173817,3000,42,0.5275,0.1299
20260325173818,3000,42,0.5275,0.1299
20260325173819,3000,42,0.5275,0.1299
20260325173820,3000,42,0.5275,0.1299
20260325173821,3000,42,0.5275,0.1299
20260325173822,3000,42,0.5275,0.1299
20260325173823,3000,42,0.5275,0.1299
20260325173824,3000,42,0.5275,0.1299
20260325173825,3000,42,0.5275,0.1299
20260325173826,3000,42,0.5275,0.1299
20260325173827,3000,42,0.5275,0.1299
20260325173828,3000,42,0.5275,0.1299
20260325173829,3000,42,0.5275,0.1299
20260325173830,3000,42,0.5275,0.1299
20260325173831,3000,42,0.5275,0.1299
20260325173832,3000,42,0.5275,0.1299
20260325173833,3000,42,0.5275,0.1299
20260325173834,3000,42,0.5275,0.1299
20260325173835,3000,42,0.5275,0.1299
20260325173836,3000,42,0.5275,0.1299
20260325173837,3000,42,0.5275,0.1299
20260325173838,3000,42,0.5275,0.1299
20260325173839,3000,42,0.5275,0.1299
20260325173840,3000,42,0.5275,0.1299
20260325173841,3000,42,0.5275,0.1299
20260325173842,3000,42,0.5275,0.1299
20260325173843,3000,42,0.5275,0.1299
20260325173844,3000,42,0.5275,0.1299
20260325173845,3000,42,0.5275,0.1299
20260325173846,3000,42,0.5275,0.1299
20260325173847,3000,42,0.5275,0.1299
20260325173848,3000,42,0.5275,0.1299
20260325173849,3000,42,0.5275,0.1299
20260325173850,3000,42,0.5275,0.1299
20260325173851,3000,42,0.5275,0.1299
20260325173852,3000,42,0.5275,0.1299
20260325173853,3000,42,0.5275,0.1299
20260325173854,3000,42,0.5275,0.1299
20260325173855,3000,42,0.5275,0.1299
20260325173856,3000,42,0.5275,0.1299
20260325173857,3000,42,0.5275,0.1299
20260325173858,3000,42,0.5275,0.1299
20260325173859,3000,42,0.5275,0.1299
20260325173900,3000,42,0.5275,0.1299
20260325173901,3000,42,0.5275,0.1299
20260325173902,3000,42,0.5275,0.1299
20260325173903,3000,42,0.5275,0.1299
20260325173904,3000,42,0.5275,0.1299
20260325173905,3000,42,0.5275,0.1299
20260325173906,3000,42,0.5275,0.1299
20260325173907,3000,42,0.5275,0.1299
20260325173908,3000,42,0.5275,0.1299
20260325173909,3000,42,0.5275,0.1299
20260325173910,3000,42,0.5275,0.1299
20260325173911,3000,42,0.5275,0.1299
20260325173912,3000,42,0.5275,0.1299
20260325173913,3000,42,0.5275,0.1299
20260325173914,3000,42,0.5275,0.1299
20260325173915,3000,42,0.5275,0.1299
20260325173916,3000,42,0.5275,0.1299
20260325173917,3000,42,0.5275,0.1299
20260325173918,3000,42,0.5275,0.1299
20260325173919,3000,42,0.5275,0.1299
20260325173920,3000,42,0.5275,0.1299
20260325173921,3000,42,0.5275,0.1299
20260325173922,3000,42,0.5275,0.1299
20260325173923,3000,42,0.5275,0.1299
20260325173924,3000,42,0.5275,0.1299
20260325173925,3000,42,0.5275,0.1299
20260325173926,3000,42,0.5275,0.1299
20260325173927,3000,42,0.5275,0.1299
20260325173928,3000,42,0.5275,0.1299
20260325173929,3000,42,0.5275,0.1299
20260325173930,3000,42,0.5275,0.1299
20260325173931,3000,42,0.5275,0.1299
20260325173932,3000,42,0.5275,0.1299
20260325173933,3000,42,0.5275,0.1299
20260325173934,3000,42,0.5275,0.1299
20260325173935,3000,42,0.5275,0.1299
20260325173936,3000,42,0.5275,0.1299
20260325173937,3000,42,0.5275,0.1299
20260325173938,3000,42,0.5275,0.1299
20260325173939,3000,42,0.5275,0.1299
20260325173940,3000,42,0.5275,0.1299
20260325173941,3000,42,0.5275,0.1299
20260325173942,3000,42,0.5275,0.1299
20260325173943,3000,42,0.5275,0.1299
20260325173944,3000,42,0.5275,0.1299
20260325173945,3000,42,0.5275,0.1299
20260325173946,3000,42,0.5275,0.1299
20260325173947,3000,42,0.5275,0.1299
20260325173948,3000,42,0.5275,0.1299
20260325173949,3000,42,0.5275,0.1299
20260325173950,3000,42,0.5275,0.1299
20260325173951,3000,42,0.5275,0.1299
20260325173952,3000,42,0.5275,0.1299
20260325173953,3000,42,0.5275,0.1299
20260325173954,3000,42,0.5275,0.1299
20260325173955,3000,42,0.5275,0.1299
20260325173956,3000,42,0.5275,0.1299
20260325173957,3000,42,0.5275,0.1299
20260325173958,3000,42,0.5275,0.1299
20260325173959,3000,42,0.5275,0.1299
20260325174000,3000,42,0.5275,0.1299
20260325174001,3000,42,0.5275,0.1299
20260325174002,3000,42,0.5275,0.1299
20260325174003,3000,42,0.5275,0.1299
20260325174004,3000,42,0.5275,0.1299
20260325174005,3000,42,0.5275,0.1299
20260325174006,3000,42,0.5275,0.1299
20260325174007,3000,42,0.5275,0.1299
20260325174008,3000,42,0.5275,0.1299
20260325174009,3000,42,0.5275,0.1299
20260325174010,3000,42,0.5275,0.1299
20260325174011,3000,42,0.5275,0.1299
20260325174012,3000,42,0.5275,0.1299
20260325174013,3000,42,0.5275,0.1299
20260325174014,3000,42,0.5275,0.1299
20260325174015,3000,42,0.5275,0.1299
20260325174016,3000,42,0.5275,0.1299
20260325174017,3000,42,0.5275,0.1299
20260325174018,3000,42,0.5275,0.1299
20260325174019,3000,42,0.5275,0.1299
20260325174020,3000,42,0.5275,0.1299
20260325174021,3000,42,0.5275,0.1299
20260325174022,3000,42,0.5275,0.1299
20260325174023,3000,42,0.5275,0.1299
20260325174024,3000,42,0.5275,0.1299
20260325174025,3000,42,0.5275,0.1299
20260325174026,3000,42,0.5275,0.1299
20260325174027,3000,42,0.5275,0.1299
20260325174028,3000,42,0.5275,0.1299
20260325174029,3000,42,0.5275,0.1299
20260325174030,3000,42,0.5275,0.1299
20260325174031,3000,42,0.5275,0.1299
20260325174032,3000,42,0.5275,0.1299
20260325174033,3000,42,0.5275,0.1299
20260325174034,3000,42,0.5275,0.1299
20260325174035,3000,42,0.5275,0.1299
20260325174036,3000,42,0.5275,0.1299
20260325174037,3000,42,0.5275,0.1299
20260325174038,3000,42,0.5275,0.1299
20260325174039,3000,42,0.5275,0.1299
20260325174040,3000,42,0.5275,0.1299
20260325174041,3000,42,0.5275,0.1299
20260325174042,3000,42,0.5275,0.1299
20260325174043,3000,42,0.5275,0.1299
20260325174044,3000,42,0.5275,0.1299
20260325174045,3000,42,0.5275,0.1299
20260325174046,3000,43,0.5275,0.1299
20260325174047,3000,43,0.5275,0.1299
20260325174048,3000,43,0.5275,0.1299
20260325174049,3000,43,0.5275,0.1299
20260325174050,3000,43,0.5275,0.1299
20260325174051,3000,43,0.5275,0.1299
20260325174052,3000,43,0.5275,0.1299
20260325174053,3000,43,0.5275,0.1299
20260325174054,3000,43,0.5275,0.1299
20260325174055,3000,43,0.5276,0.1299
20260325174056,3000,43,0.5276,0.1299
20260325174057,3000,43,0.5276,0.1299
20260325174058,3000,43,0.5276,0.1299
20260325174059,3000,43,0.5276,0.1299
20260325174100,3000,43,0.5276,0.1299
20260325174101,3000,43,0.5276,0.1299
20260325174102,3000,43,0.5276,0.1299
20260325174104,3000,43,0.5276,0.1299
20260325174105,3000,43,0.5276,0.1299
20260325174106,3000,43,0.5276,0.1299
20260325174107,3000,43,0.5276,0.1299
20260325174108,3000,43,0.5276,0.1299
20260325174109,3000,43,0.5276,0.1299
20260325174110,3000,43,0.5276,0.1299
20260325174111,3000,43,0.5276,0.1299
20260325174112,3000,43,0.5276,0.1299
20260325174113,3000,43,0.5276,0.1299
20260325174114,3000,43,0.5276,0.1299
20260325174115,3000,43,0.5276,0.1299
20260325174116,3000,43,0.5276,0.1299
20260325174117,3000,43,0.5276,0.1299
20260325174118,3000,43,0.5276,0.1299
20260325174119,3000,43,0.5276,0.1299
20260325174120,3000,43,0.5276,0.1299
20260325174121,3000,43,0.5276,0.1299
20260325174122,3000,43,0.5276,0.1299
20260325174123,3000,43,0.5276,0.1299
20260325174124,3000,43,0.5276,0.1299
20260325174125,3000,43,0.5276,0.1299
20260325174126,3000,43,0.5276,0.1299
20260325174127,3000,43,0.5276,0.1299
20260325174128,3000,43,0.5276,0.1299
20260325174129,3000,43,0.5276,0.1299
20260325174130,3000,43,0.5276,0.1299
20260325174131,3000,43,0.5276,0.1299
20260325174132,3000,43,0.5276,0.1299
20260325174133,3000,43,0.5276,0.1299
20260325174134,3000,43,0.5276,0.1299
20260325174135,3000,43,0.5276,0.1299
20260325174136,3000,43,0.5276,0.1299
20260325174137,3000,43,0.5276,0.1299
20260325174138,3000,43,0.5276,0.1299
20260325174139,3000,43,0.5276,0.1299
20260325174140,3000,43,0.5276,0.1299
20260325174141,3000,43,0.5276,0.1299
20260325174142,3000,43,0.5276,0.1299
20260325174143,3000,43,0.5276,0.1299
20260325174144,3000,43,0.5276,0.1299
20260325174145,3000,43,0.5276,0.1299
20260325174146,3000,43,0.5276,0.1299
20260325174147,3000,43,0.5276,0.1299
20260325174148,3000,43,0.5276,0.1299
20260325174149,3000,43,0.5276,0.1299
20260325174150,3000,43,0.5276,0.1299
20260325174151,3000,43,0.5276,0.1299
20260325174152,3000,43,0.5276,0.1299
20260325174153,3000,43,0.5276,0.1299
20260325174154,3000,43,0.5276,0.1299
20260325174155,3000,43,0.5276,0.1299
20260325174156,3000,43,0.5276,0.1299
20260325174157,3000,43,0.5276,0.1299
20260325174158,3000,43,0.5276,0.1299
20260325174159,3000,43,0.5276,0.1299
20260325174200,3000,43,0.5276,0.1299
20260325174201,3000,43,0.5276,0.1299
20260325174202,3000,43,0.5276,0.1299
20260325174203,3000,43,0.5276,0.1299
20260325174204,3000,43,0.5276,0.1299
20260325174205,3000,43,0.5276,0.1299
20260325174206,3000,43,0.5276,0.1299
20260325174207,3000,43,0.5276,0.1299
20260325174208,3000,43,0.5276,0.1299
20260325174209,3000,43,0.5276,0.1299
20260325174210,3000,43,0.5276,0.1299
20260325174211,3000,43,0.5276,0.1299
20260325174212,3000,43,0.5276,0.1299
20260325174213,3000,43,0.5276,0.1299
20260325174214,3000,43,0.5276,0.1299
20260325174215,3000,43,0.5276,0.1299
20260325174216,3000,43,0.5276,0.1299
20260325174217,3000,43,0.5276,0.1299
20260325174218,3000,43,0.5276,0.1299
20260325174219,3000,43,0.5276,0.1299
20260325174220,3000,43,0.5276,0.1299
20260325174221,3000,43,0.5276,0.1299
20260325174222,3000,43,0.5276,0.1299
20260325174223,3000,43,0.5276,0.1299
20260325174224,3000,43,0.5276,0.1299
20260325174225,3000,43,0.5276,0.1299
20260325174226,3000,43,0.5276,0.1299
20260325174227,3000,43,0.5276,0.1299
20260325174228,3000,43,0.5276,0.1299
20260325174229,3000,43,0.5276,0.1299
20260325174230,3000,43,0.5276,0.1299
20260325174231,3000,43,0.5276,0.1299
20260325174232,3000,43,0.5276,0.1299
20260325174233,3000,43,0.5276,0.1299
20260325174234,3000,43,0.5276,0.1299
20260325174235,3000,43,0.5276,0.1299
20260325174236,3000,43,0.5276,0.1299
20260325174237,3000,43,0.5276,0.1299
20260325174238,3000,43,0.5276,0.1299
20260325174239,3000,43,0.5276,0.1299
20260325174240,3000,43,0.5276,0.1299
20260325174241,3000,43,0.5276,0.1299
20260325174242,3000,43,0.5276,0.1299
20260325174243,3000,43,0.5276,0.1299
20260325174244,3000,43,0.5276,0.1299
20260325174245,3000,43,0.5276,0.1299
20260325174246,3000,43,0.5276,0.1299
20260325174247,3000,43,0.5276,0.1299
20260325174248,3000,43,0.5276,0.1299
20260325174249,3000,43,0.5276,0.1299
20260325174250,3000,43,0.5276,0.1299
20260325174251,3000,43,0.5276,0.1299
20260325174252,3000,43,0.5276,0.1299
20260325174253,3000,43,0.5276,0.1299
20260325174254,3000,43,0.5276,0.1299
20260325174255,3000,43,0.5276,0.1299
20260325174256,3000,43,0.5276,0.1299
20260325174257,3000,43,0.5276,0.1299
20260325174258,3000,43,0.5276,0.1299
20260325174259,3000,43,0.5276,0.1299
20260325174300,3000,43,0.5276,0.1299
20260325174301,3000,43,0.5276,0.1299
20260325174302,3000,43,0.5276,0.1299
20260325174303,3000,43,0.5276,0.1299
20260325174304,3000,43,0.5276,0.1299
20260325174305,3000,43,0.5276,0.1299
20260325174306,3000,43,0.5276,0.1299
20260325174307,3000,43,0.5276,0.1299
20260325174308,3000,43,0.5276,0.1299
20260325174309,3000,43,0.5276,0.1299
20260325174310,3000,43,0.5276,0.1299
20260325174311,3000,43,0.5276,0.1299
20260325174312,3000,43,0.5276,0.1299
20260325174313,3000,43,0.5276,0.1299
20260325174314,3000,43,0.5276,0.1299
20260325174315,3000,44,0.5276,0.1299
20260325174316,3000,44,0.5276,0.1299
20260325174317,3000,44,0.5276,0.1299
20260325174318,3000,44,0.5276,0.1299
20260325174319,3000,44,0.5276,0.1299
20260325174320,3000,44,0.5276,0.1299
20260325174321,3000,44,0.5276,0.1299
20260325174322,3000,44,0.5276,0.1299
20260325174323,3000,44,0.5276,0.1299
20260325174324,3000,44,0.5276,0.1299
20260325174325,3000,44,0.5276,0.1299
20260325174326,3000,44,0.5276,0.1299
20260325174327,3000,44,0.5276,0.1299
20260325174328,3000,44,0.5276,0.1299
20260325174329,3000,44,0.5276,0.1299
20260325174330,3000,44,0.5276,0.1299
20260325174331,3000,44,0.5276,0.1299
20260325174332,3000,44,0.5276,0.1299
20260325174333,3000,44,0.5276,0.1299
20260325174334,3000,44,0.5276,0.1299
20260325174335,3000,44,0.5276,0.1299
20260325174336,3000,44,0.5276,0.1299
20260325174337,3000,44,0.5276,0.1299
20260325174338,3000,44,0.5276,0.1299
20260325174339,3000,44,0.5276,0.1299
20260325174340,3000,44,0.5276,0.1299
20260325174341,3000,44,0.5276,0.1299
20260325174342,3000,44,0.5276,0.1299
20260325174343,3000,44,0.5276,0.1299
20260325174344,3000,44,0.5276,0.1299
20260325174345,3000,44,0.5276,0.1299
20260325174346,3000,44,0.5276,0.1299
20260325174347,3000,44,0.5276,0.1299
20260325174348,3000,44,0.5276,0.1299
20260325174349,3000,44,0.5276,0.1299
20260325174350,3000,44,0.5276,0.1299
20260325174351,3000,44,0.5276,0.1299
20260325174352,3000,44,0.5276,0.1299
20260325174353,3000,44,0.5276,0.1299
20260325174354,3000,44,0.5276,0.1299
20260325174355,3000,44,0.5276,0.1299
20260325174356,3000,44,0.5276,0.1299
20260325174357,3000,44,0.5276,0.1299
20260325174358,3000,44,0.5276,0.1299
20260325174359,3000,44,0.5276,0.1299
20260325174400,3000,44,0.5276,0.1299
20260325174401,3000,44,0.5276,0.1299
20260325174403,3000,44,0.5276,0.1299
20260325174404,3000,44,0.5276,0.1299
20260325174405,3000,44,0.5276,0.1299
20260325174406,3000,44,0.5276,0.1299
20260325174407,3000,44,0.5276,0.1299
20260325174408,3000,44,0.5276,0.1299
20260325174409,3000,44,0.5276,0.1299
20260325174410,3000,44,0.5276,0.1299
20260325174411,3000,44,0.5276,0.1299
20260325174412,3000,44,0.5276,0.1299
20260325174413,3000,44,0.5276,0.1299
20260325174414,3000,44,0.5276,0.1299
20260325174415,3000,44,0.5276,0.1299
20260325174416,3000,44,0.5276,0.1299
20260325174417,3000,44,0.5276,0.1299
20260325174418,3000,44,0.5276,0.1299
20260325174419,3000,44,0.5276,0.1299
20260325174420,3000,44,0.5276,0.1299
20260325174421,3000,44,0.5276,0.1299
20260325174422,3000,44,0.5276,0.1299
20260325174423,3000,44,0.5276,0.1299
20260325174424,3000,44,0.5276,0.1299
20260325174425,3000,44,0.5276,0.1299
20260325174426,3000,44,0.5276,0.1299
20260325174427,3000,44,0.5276,0.1299
20260325174428,3000,44,0.5276,0.1299
20260325174429,3000,44,0.5276,0.1299
20260325174430,3000,44,0.5276,0.1299
20260325174431,3000,44,0.5276,0.1299
20260325174432,3000,44,0.5276,0.1299
20260325174433,3000,44,0.5276,0.1299
20260325174434,3000,44,0.5276,0.1299
20260325174435,3000,44,0.5276,0.1299
20260325174436,3000,44,0.5276,0.1299
20260325174437,3000,44,0.5276,0.1299
20260325174438,3000,44,0.5276,0.1299
20260325174439,3000,44,0.5276,0.1299
20260325174440,3000,44,0.5276,0.1299
20260325174441,3000,44,0.5276,0.1298
20260325174442,3000,44,0.5276,0.1298
20260325174443,3000,44,0.5276,0.1298
20260325174444,3000,44,0.5276,0.1298
20260325174445,3000,44,0.5276,0.1298
20260325174446,3000,44,0.5276,0.1298
20260325174447,3000,44,0.5276,0.1298
20260325174448,3000,44,0.5276,0.1298
20260325174449,3000,44,0.5276,0.1298
20260325174450,3000,44,0.5276,0.1298
20260325174451,3000,44,0.5276,0.1298
20260325174452,3000,44,0.5276,0.1298
20260325174453,3000,44,0.5276,0.1298
20260325174454,3000,44,0.5276,0.1298
20260325174455,3000,44,0.5276,0.1298
20260325174456,3000,44,0.5276,0.1298
20260325174457,3000,44,0.5276,0.1298
20260325174458,3000,44,0.5276,0.1298
20260325174459,3000,44,0.5276,0.1298
20260325174500,3000,44,0.5276,0.1298
20260325174501,3000,44,0.5276,0.1298
20260325174502,3000,44,0.5276,0.1298
20260325174503,3000,44,0.5276,0.1298
20260325174504,3000,44,0.5276,0.1298
20260325174505,3000,44,0.5276,0.1298
20260325174506,3000,44,0.5276,0.1298
20260325174507,3000,44,0.5276,0.1298
20260325174508,3000,44,0.5276,0.1298
20260325174509,3000,44,0.5276,0.1298
20260325174510,3000,44,0.5276,0.1298
20260325174511,3000,44,0.5276,0.1298
20260325174512,3000,44,0.5276,0.1298
20260325174513,3000,44,0.5276,0.1298
20260325174514,3000,44,0.5276,0.1298
20260325174515,3000,44,0.5276,0.1298
20260325174516,3000,44,0.5276,0.1298
20260325174517,3000,44,0.5276,0.1298
20260325174518,3000,44,0.5276,0.1298
20260325174519,3000,44,0.5276,0.1298
20260325174520,3000,44,0.5276,0.1298
20260325174521,3000,44,0.5276,0.1298
20260325174522,3000,44,0.5276,0.1298
20260325174523,3000,44,0.5276,0.1298
20260325174524,3000,44,0.5276,0.1298
20260325174525,3000,44,0.5276,0.1298
20260325174526,3000,44,0.5276,0.1298
20260325174527,3000,44,0.5276,0.1298
20260325174528,3000,44,0.5276,0.1298
20260325174529,3000,44,0.5276,0.1298
20260325174530,3000,44,0.5276,0.1298
20260325174531,3000,44,0.5276,0.1298
20260325174532,3000,44,0.5276,0.1298
20260325174533,3000,44,0.5276,0.1298
20260325174534,3000,44,0.5276,0.1298
20260325174535,3000,44,0.5276,0.1298
20260325174536,3000,44,0.5276,0.1298
20260325174537,3000,44,0.5276,0.1298
20260325174538,3000,44,0.5276,0.1298
20260325174539,3000,44,0.5276,0.1298
20260325174540,3000,44,0.5276,0.1298
20260325174541,3000,44,0.5276,0.1298
20260325174542,3000,44,0.5276,0.1298
20260325174543,3000,44,0.5276,0.1298
20260325174544,3000,44,0.5276,0.1298
20260325174545,3000,45,0.5276,0.1298
20260325174546,3000,45,0.5276,0.1298
20260325174547,3000,45,0.5276,0.1298
20260325174548,3000,45,0.5276,0.1298
20260325174549,3000,45,0.5276,0.1298
20260325174550,3000,45,0.5276,0.1298
20260325174551,3000,45,0.5276,0.1298
20260325174552,3000,45,0.5276,0.1298
20260325174553,3000,45,0.5276,0.1298
20260325174554,3000,45,0.5276,0.1298
20260325174555,3000,45,0.5276,0.1298
20260325174556,3000,45,0.5276,0.1298
20260325174557,3000,45,0.5276,0.1298
20260325174558,3000,45,0.5276,0.1298
20260325174559,3000,45,0.5276,0.1298
20260325174600,3000,45,0.5276,0.1298
20260325174601,3000,45,0.5276,0.1298
20260325174602,3000,45,0.5276,0.1298
20260325174603,3000,45,0.5276,0.1298
20260325174604,3000,45,0.5276,0.1298
20260325174605,3000,45,0.5276,0.1298
20260325174606,3000,45,0.5276,0.1298
20260325174607,3000,45,0.5276,0.1298
20260325174608,3000,45,0.5276,0.1298
20260325174609,3000,45,0.5276,0.1298
20260325174610,3000,45,0.5276,0.1298
20260325174611,3000,45,0.5276,0.1298
20260325174612,3000,45,0.5276,0.1298
20260325174613,3000,45,0.5276,0.1298
20260325174614,3000,45,0.5276,0.1298
20260325174615,3000,45,0.5276,0.1298
20260325174616,3000,45,0.5276,0.1298
20260325174617,3000,45,0.5276,0.1298
20260325174618,3000,45,0.5276,0.1298
20260325174619,3000,45,0.5276,0.1298
20260325174620,3000,45,0.5276,0.1298
20260325174621,3000,45,0.5276,0.1298
20260325174622,3000,45,0.5276,0.1298
20260325174623,3000,45,0.5276,0.1298
20260325174624,3000,45,0.5276,0.1298
20260325174625,3000,45,0.5276,0.1298
20260325174626,3000,45,0.5276,0.1298
20260325174627,3000,45,0.5276,0.1298
20260325174628,3000,45,0.5276,0.1298
20260325174629,3000,45,0.5276,0.1298
20260325174630,3000,45,0.5276,0.1298
20260325174631,3000,45,0.5276,0.1298
20260325174632,3000,45,0.5276,0.1298
20260325174633,3000,45,0.5276,0.1298
20260325174634,3000,45,0.5276,0.1298
20260325174635,3000,45,0.5276,0.1298
20260325174636,3000,45,0.5276,0.1298
20260325174637,3000,45,0.5276,0.1298
20260325174638,3000,45,0.5276,0.1298
20260325174639,3000,45,0.5276,0.1298
20260325174640,3000,45,0.5276,0.1298
20260325174641,3000,45,0.5276,0.1298
20260325174642,3000,45,0.5276,0.1298
20260325174643,3000,45,0.5276,0.1298
20260325174644,3000,45,0.5276,0.1298
20260325174645,3000,45,0.5276,0.1298
20260325174646,3000,45,0.5276,0.1298
20260325174647,3000,45,0.5276,0.1298
20260325174648,3000,45,0.5276,0.1298
20260325174649,3000,45,0.5276,0.1298
20260325174650,3000,45,0.5276,0.1298
20260325174651,3000,45,0.5276,0.1298
20260325174652,3000,45,0.5276,0.1298
20260325174653,3000,45,0.5276,0.1298
20260325174654,3000,45,0.5276,0.1298
20260325174655,3000,45,0.5276,0.1298
20260325174656,3000,45,0.5276,0.1298
20260325174657,3000,45,0.5276,0.1298
20260325174658,3000,45,0.5276,0.1298
20260325174659,3000,45,0.5276,0.1298
20260325174700,3000,45,0.5276,0.1298
20260325174701,3000,45,0.5276,0.1298
20260325174703,3000,45,0.5276,0.1298
20260325174704,3000,45,0.5276,0.1298
20260325174705,3000,45,0.5276,0.1298
20260325174706,3000,45,0.5276,0.1298
20260325174707,3000,45,0.5276,0.1298
20260325174708,3000,45,0.5276,0.1298
20260325174709,3000,45,0.5276,0.1298
20260325174710,3000,45,0.5276,0.1298
20260325174711,3000,45,0.5276,0.1298
20260325174712,3000,45,0.5276,0.1298
20260325174713,3000,45,0.5276,0.1298
20260325174714,3000,45,0.5276,0.1298
20260325174715,3000,45,0.5276,0.1298
20260325174716,3000,45,0.5276,0.1298
20260325174717,3000,45,0.5276,0.1298
20260325174718,3000,45,0.5276,0.1298
20260325174719,3000,45,0.5276,0.1298
20260325174720,3000,45,0.5276,0.1298
20260325174721,3000,45,0.5276,0.1298
20260325174722,3000,45,0.5276,0.1298
20260325174723,3000,45,0.5276,0.1298
20260325174724,3000,45,0.5276,0.1298
20260325174725,3000,45,0.5276,0.1298
20260325174726,3000,45,0.5276,0.1298
20260325174727,3000,45,0.5276,0.1298
20260325174728,3000,45,0.5276,0.1298
20260325174729,3000,45,0.5276,0.1298
20260325174730,3000,45,0.5276,0.1298
20260325174731,3000,45,0.5276,0.1298
20260325174732,3000,45,0.5276,0.1298
20260325174733,3000,45,0.5276,0.1298
20260325174734,3000,45,0.5276,0.1298
20260325174735,3000,45,0.5276,0.1298
20260325174736,3000,45,0.5276,0.1298
20260325174737,3000,45,0.5276,0.1298
20260325174738,3000,45,0.5276,0.1298
20260325174739,3000,45,0.5276,0.1298
20260325174740,3000,45,0.5276,0.1298
20260325174741,3000,45,0.5276,0.1298
20260325174742,3000,45,0.5276,0.1298
20260325174743,3000,45,0.5276,0.1298
20260325174744,3000,45,0.5276,0.1298
20260325174745,3000,45,0.5276,0.1298
20260325174746,3000,45,0.5276,0.1298
20260325174747,3000,45,0.5276,0.1298
20260325174748,3000,45,0.5276,0.1298
20260325174749,3000,45,0.5276,0.1298
20260325174750,3000,45,0.5276,0.1298
20260325174751,3000,45,0.5276,0.1298
20260325174752,3000,45,0.5276,0.1298
20260325174753,3000,45,0.5276,0.1298
20260325174754,3000,45,0.5276,0.1298
20260325174755,3000,45,0.5276,0.1298
20260325174756,3000,45,0.5276,0.1298
20260325174757,3000,45,0.5276,0.1298
20260325174758,3000,45,0.5276,0.1298
20260325174759,3000,45,0.5276,0.1298
20260325174800,3000,45,0.5276,0.1298
20260325174801,3000,45,0.5276,0.1298
20260325174802,3000,45,0.5276,0.1298
20260325174803,3000,45,0.5276,0.1298
20260325174804,3000,45,0.5276,0.1298
20260325174805,3000,45,0.5276,0.1298
20260325174806,3000,45,0.5276,0.1298
20260325174807,3000,45,0.5276,0.1298
20260325174808,3000,45,0.5276,0.1298
20260325174809,3000,45,0.5276,0.1298
20260325174810,3000,45,0.5276,0.1298
20260325174811,3000,45,0.5276,0.1298
20260325174812,3000,45,0.5276,0.1298
20260325174813,3000,45,0.5276,0.1298
20260325174814,3000,45,0.5276,0.1298
20260325174815,3000,46,0.5276,0.1298
20260325174816,3000,46,0.5276,0.1298
20260325174817,3000,46,0.5276,0.1298
20260325174818,3000,46,0.5276,0.1298
20260325174819,3000,46,0.5276,0.1298
20260325174820,3000,46,0.5276,0.1298
20260325174821,3000,46,0.5276,0.1298
20260325174822,3000,46,0.5276,0.1298
20260325174823,3000,46,0.5276,0.1298
20260325174824,3000,46,0.5276,0.1298
20260325174825,3000,46,0.5276,0.1298
20260325174826,3000,46,0.5276,0.1298
20260325174827,3000,46,0.5276,0.1298
20260325174828,3000,46,0.5276,0.1298
20260325174829,3000,46,0.5276,0.1298
20260325174830,3000,46,0.5276,0.1298
20260325174831,3000,46,0.5276,0.1298
20260325174832,3000,46,0.5276,0.1298
20260325174833,3000,46,0.5276,0.1298
20260325174834,3000,46,0.5276,0.1298
20260325174835,3000,46,0.5276,0.1298
20260325174836,3000,46,0.5276,0.1298
20260325174837,3000,46,0.5276,0.1298
20260325174838,3000,46,0.5276,0.1298
20260325174839,3000,46,0.5277,0.1298
20260325174840,3000,46,0.5277,0.1298
20260325174841,3000,46,0.5277,0.1298
20260325174842,3000,46,0.5277,0.1298
20260325174843,3000,46,0.5277,0.1298
20260325174844,3000,46,0.5277,0.1298
20260325174845,3000,46,0.5277,0.1298
20260325174846,3000,46,0.5277,0.1298
20260325174847,3000,46,0.5277,0.1298
20260325174848,3000,46,0.5277,0.1298
20260325174849,3000,46,0.5277,0.1298
20260325174850,3000,46,0.5277,0.1298
20260325174851,3000,46,0.5277,0.1298
20260325174852,3000,46,0.5277,0.1298
20260325174853,3000,46,0.5277,0.1298
20260325174854,3000,46,0.5277,0.1298
20260325174855,3000,46,0.5277,0.1298
20260325174856,3000,46,0.5277,0.1298
20260325174857,3000,46,0.5277,0.1298
20260325174858,3000,46,0.5277,0.1298
20260325174859,3000,46,0.5277,0.1298
20260325174900,3000,46,0.5277,0.1298
20260325174901,3000,46,0.5277,0.1298
20260325174902,3000,46,0.5277,0.1298
20260325174903,3000,46,0.5277,0.1298
20260325174904,3000,46,0.5277,0.1298
20260325174905,3000,46,0.5277,0.1298
20260325174906,3000,46,0.5277,0.1298
20260325174907,3000,46,0.5277,0.1298
20260325174908,3000,46,0.5277,0.1298
20260325174909,3000,46,0.5277,0.1298
20260325174910,3000,46,0.5277,0.1298
20260325174911,3000,46,0.5277,0.1298
20260325174912,3000,46,0.5277,0.1298
20260325174913,3000,46,0.5277,0.1298
20260325174914,3000,46,0.5277,0.1298
20260325174915,3000,46,0.5277,0.1298
20260325174916,3000,46,0.5277,0.1298
20260325174917,3000,46,0.5277,0.1298
20260325174918,3000,46,0.5277,0.1298
20260325174919,3000,46,0.5277,0.1298
20260325174920,3000,46,0.5277,0.1298
20260325174921,3000,46,0.5277,0.1298
20260325174922,3000,46,0.5277,0.1298
20260325174923,3000,46,0.5277,0.1298
20260325174924,3000,46,0.5277,0.1298
20260325174925,3000,46,0.5277,0.1298
20260325174926,3000,46,0.5277,0.1298
20260325174927,3000,46,0.5277,0.1298
20260325174928,3000,46,0.5277,0.1298
20260325174929,3000,46,0.5277,0.1298
20260325174930,3000,46,0.5277,0.1298
20260325174931,3000,46,0.5277,0.1298
20260325174932,3000,46,0.5277,0.1298
20260325174933,3000,46,0.5277,0.1298
20260325174934,3000,46,0.5277,0.1298
20260325174935,3000,46,0.5277,0.1298
20260325174936,3000,46,0.5277,0.1298
20260325174937,3000,46,0.5277,0.1298
20260325174938,3000,46,0.5277,0.1298
20260325174939,3000,46,0.5277,0.1298
20260325174940,3000,46,0.5277,0.1298
20260325174941,3000,46,0.5277,0.1298
20260325174942,3000,46,0.5277,0.1298
20260325174943,3000,46,0.5277,0.1298
20260325174944,3000,46,0.5277,0.1298
20260325174945,3000,46,0.5277,0.1298
20260325174946,3000,46,0.5277,0.1298
20260325174947,3000,46,0.5277,0.1298
20260325174948,3000,46,0.5277,0.1298
20260325174949,3000,46,0.5277,0.1298
20260325174950,3000,46,0.5277,0.1298
20260325174951,3000,46,0.5277,0.1298
20260325174952,3000,46,0.5277,0.1298
20260325174953,3000,46,0.5277,0.1298
20260325174954,3000,46,0.5277,0.1298
20260325174955,3000,46,0.5277,0.1298
20260325174956,3000,46,0.5277,0.1298
20260325174957,3000,46,0.5277,0.1298
20260325174958,3000,46,0.5277,0.1298
20260325174959,3000,46,0.5277,0.1298
20260325175000,3000,46,0.5277,0.1298
20260325175002,3000,46,0.5277,0.1298
20260325175003,3000,46,0.5277,0.1298
20260325175004,3000,46,0.5277,0.1298
20260325175005,3000,46,0.5277,0.1298
20260325175006,3000,46,0.5277,0.1298
20260325175007,3000,46,0.5277,0.1298
20260325175008,3000,46,0.5277,0.1298
20260325175009,3000,46,0.5277,0.1298
20260325175010,3000,46,0.5277,0.1298
20260325175011,3000,46,0.5277,0.1298
20260325175012,3000,46,0.5277,0.1298
20260325175013,3000,46,0.5277,0.1298
20260325175014,3000,46,0.5277,0.1298
20260325175015,3000,46,0.5277,0.1298
20260325175016,3000,46,0.5277,0.1298
20260325175017,3000,46,0.5277,0.1298
20260325175018,3000,46,0.5277,0.1298
20260325175019,3000,46,0.5277,0.1298
20260325175020,3000,46,0.5277,0.1298
20260325175021,3000,46,0.5277,0.1298
20260325175022,3000,46,0.5277,0.1298
20260325175023,3000,46,0.5277,0.1298
20260325175024,3000,46,0.5277,0.1298
20260325175025,3000,46,0.5277,0.1298
20260325175026,3000,46,0.5277,0.1298
20260325175027,3000,46,0.5277,0.1298
20260325175028,3000,46,0.5277,0.1298
20260325175029,3000,46,0.5277,0.1298
20260325175030,3000,46,0.5277,0.1298
20260325175031,3000,46,0.5277,0.1298
20260325175032,3000,46,0.5277,0.1298
20260325175033,3000,46,0.5277,0.1298
20260325175034,3000,46,0.5277,0.1298
20260325175035,3000,46,0.5277,0.1298
20260325175036,3000,46,0.5277,0.1298
20260325175037,3000,46,0.5277,0.1298
20260325175038,3000,46,0.5277,0.1298
20260325175039,3000,46,0.5277,0.1298
20260325175040,3000,46,0.5277,0.1298
20260325175041,3000,46,0.5277,0.1298
20260325175042,3000,46,0.5277,0.1298
20260325175043,3000,46,0.5277,0.1298
20260325175044,3000,47,0.5277,0.1298
20260325175045,3000,47,0.5277,0.1298
20260325175046,3000,47,0.5277,0.1298
20260325175047,3000,47,0.5277,0.1298
20260325175048,3000,47,0.5277,0.1298
20260325175049,3000,47,0.5277,0.1298
20260325175050,3000,47,0.5277,0.1298
20260325175051,3000,47,0.5277,0.1298
20260325175052,3000,47,0.5277,0.1298
20260325175053,3000,47,0.5277,0.1298
20260325175054,3000,47,0.5277,0.1298
20260325175055,3000,47,0.5277,0.1298
20260325175056,3000,47,0.5277,0.1298
20260325175057,3000,47,0.5277,0.1298
20260325175058,3000,47,0.5277,0.1298
20260325175059,3000,47,0.5277,0.1298
20260325175100,3000,47,0.5277,0.1298
20260325175101,3000,47,0.5277,0.1298
20260325175102,3000,47,0.5277,0.1298
20260325175103,3000,47,0.5277,0.1298
20260325175104,3000,47,0.5277,0.1298
20260325175105,3000,47,0.5277,0.1298
20260325175106,3000,47,0.5277,0.1298
20260325175107,3000,47,0.5277,0.1298
20260325175108,3000,47,0.5277,0.1298
20260325175109,3000,47,0.5277,0.1298
20260325175110,3000,47,0.5277,0.1298
20260325175111,3000,47,0.5277,0.1298
20260325175112,3000,47,0.5277,0.1298
20260325175113,3000,47,0.5277,0.1298
20260325175114,3000,47,0.5277,0.1298
20260325175115,3000,47,0.5277,0.1298
20260325175116,3000,47,0.5277,0.1298
20260325175117,3000,47,0.5277,0.1298
20260325175118,3000,47,0.5277,0.1298
20260325175119,3000,47,0.5277,0.1298
20260325175120,3000,47,0.5277,0.1298
20260325175121,3000,47,0.5277,0.1298
20260325175122,3000,47,0.5277,0.1298
20260325175123,3000,47,0.5277,0.1298
20260325175124,3000,47,0.5277,0.1298
20260325175125,3000,47,0.5277,0.1298
20260325175126,3000,47,0.5277,0.1298
20260325175127,3000,47,0.5277,0.1298
20260325175128,3000,47,0.5277,0.1298
20260325175129,3000,47,0.5277,0.1298
20260325175130,3000,47,0.5277,0.1298
20260325175131,3000,47,0.5277,0.1298
20260325175132,3000,47,0.5277,0.1298
20260325175133,3000,47,0.5277,0.1298
20260325175134,3000,47,0.5277,0.1298
20260325175135,3000,47,0.5277,0.1298
20260325175136,3000,47,0.5277,0.1298
20260325175137,3000,47,0.5277,0.1298
20260325175138,3000,47,0.5277,0.1298
20260325175139,3000,47,0.5277,0.1298
20260325175140,3000,47,0.5277,0.1298
20260325175141,3000,47,0.5277,0.1298
20260325175142,3000,47,0.5277,0.1298
20260325175143,3000,47,0.5277,0.1298
20260325175144,3000,47,0.5277,0.1298
20260325175145,3000,47,0.5277,0.1298
20260325175146,3000,47,0.5277,0.1298
20260325175147,3000,47,0.5277,0.1298
20260325175148,3000,47,0.5277,0.1298
20260325175149,3000,47,0.5277,0.1298
20260325175150,3000,47,0.5277,0.1298
20260325175151,3000,47,0.5277,0.1298
20260325175152,3000,47,0.5277,0.1298
20260325175153,3000,47,0.5277,0.1298
20260325175154,3000,47,0.5277,0.1298
20260325175155,3000,47,0.5277,0.1298
20260325175156,3000,47,0.5277,0.1298
20260325175157,3000,47,0.5277,0.1298
20260325175158,3000,47,0.5277,0.1298
20260325175159,3000,47,0.5277,0.1298
20260325175200,3000,47,0.5277,0.1298
20260325175201,3000,47,0.5277,0.1298
20260325175202,3000,47,0.5277,0.1298
20260325175203,3000,47,0.5277,0.1298
20260325175204,3000,47,0.5277,0.1298
20260325175205,3000,47,0.5277,0.1298
20260325175206,3000,47,0.5277,0.1298
20260325175207,3000,47,0.5277,0.1298
20260325175208,3000,47,0.5277,0.1298
20260325175209,3000,47,0.5277,0.1298
20260325175210,3000,47,0.5277,0.1298
20260325175211,3000,47,0.5277,0.1298
20260325175212,3000,47,0.5277,0.1298
20260325175213,3000,47,0.5277,0.1298
20260325175214,3000,47,0.5277,0.1298
20260325175215,3000,47,0.5277,0.1298
20260325175216,3000,47,0.5277,0.1298
20260325175217,3000,47,0.5277,0.1298
20260325175218,3000,47,0.5277,0.1298
20260325175219,3000,47,0.5277,0.1298
20260325175220,3000,47,0.5277,0.1298
20260325175221,3000,47,0.5277,0.1298
20260325175222,3000,47,0.5277,0.1298
20260325175223,3000,47,0.5277,0.1298
20260325175224,3000,47,0.5277,0.1298
20260325175225,3000,47,0.5277,0.1298
20260325175226,3000,47,0.5277,0.1298
20260325175227,3000,47,0.5277,0.1298
20260325175228,3000,47,0.5277,0.1298
20260325175229,3000,47,0.5277,0.1298
20260325175230,3000,47,0.5277,0.1298
20260325175231,3000,47,0.5277,0.1298
20260325175232,3000,47,0.5277,0.1298
20260325175233,3000,47,0.5277,0.1298
20260325175234,3000,47,0.5277,0.1298
20260325175235,3000,47,0.5277,0.1298
20260325175236,3000,47,0.5277,0.1298
20260325175237,3000,47,0.5277,0.1298
20260325175238,3000,47,0.5277,0.1298
20260325175239,3000,47,0.5277,0.1298
20260325175240,3000,47,0.5277,0.1298
20260325175241,3000,47,0.5277,0.1298
20260325175242,3000,47,0.5277,0.1298
20260325175243,3000,47,0.5277,0.1298
20260325175244,3000,47,0.5277,0.1298
20260325175245,3000,47,0.5277,0.1298
20260325175246,3000,47,0.5277,0.1298
20260325175247,3000,47,0.5277,0.1298
20260325175248,3000,47,0.5277,0.1298
20260325175249,3000,47,0.5277,0.1298
20260325175250,3000,47,0.5277,0.1298
20260325175251,3000,47,0.5277,0.1298
20260325175252,3000,47,0.5277,0.1298
20260325175254,3000,47,0.5277,0.1298
20260325175255,3000,47,0.5277,0.1298
20260325175256,3000,47,0.5277,0.1298
20260325175257,3000,47,0.5277,0.1298
20260325175258,3000,47,0.5277,0.1298
20260325175259,3000,47,0.5277,0.1298
20260325175300,3000,47,0.5277,0.1298
20260325175301,3000,47,0.5277,0.1298
20260325175302,3000,47,0.5277,0.1298
20260325175303,3000,47,0.5277,0.1298
20260325175304,3000,47,0.5277,0.1298
20260325175305,3000,47,0.5277,0.1298
20260325175306,3000,47,0.5277,0.1298
20260325175307,3000,47,0.5277,0.1298
20260325175308,3000,47,0.5277,0.1298
20260325175309,3000,47,0.5277,0.1298
20260325175310,3000,47,0.5277,0.1298
20260325175311,3000,47,0.5277,0.1298
20260325175312,3000,47,0.5277,0.1298
20260325175313,3000,48,0.5277,0.1298
20260325175314,3000,48,0.5277,0.1298
20260325175315,3000,48,0.5277,0.1298
20260325175316,3000,48,0.5277,0.1298
20260325175317,3000,48,0.5277,0.1298
20260325175318,3000,48,0.5277,0.1298
20260325175319,3000,48,0.5277,0.1298
20260325175320,3000,48,0.5277,0.1298
20260325175321,3000,48,0.5277,0.1298
20260325175322,3000,48,0.5277,0.1298
20260325175323,3000,48,0.5277,0.1298
20260325175324,3000,48,0.5277,0.1298
20260325175325,3000,48,0.5277,0.1298
20260325175326,3000,48,0.5277,0.1298
20260325175327,3000,48,0.5277,0.1298
20260325175328,3000,48,0.5277,0.1298
20260325175329,3000,48,0.5277,0.1298
20260325175330,3000,48,0.5277,0.1298
20260325175331,3000,48,0.5277,0.1298
20260325175332,3000,48,0.5277,0.1298
20260325175333,3000,48,0.5277,0.1298
20260325175334,3000,48,0.5277,0.1298
20260325175335,3000,48,0.5277,0.1298
20260325175336,3000,48,0.5277,0.1298
20260325175337,3000,48,0.5277,0.1298
20260325175338,3000,48,0.5277,0.1298
20260325175339,3000,48,0.5277,0.1298
20260325175340,3000,48,0.5277,0.1298
20260325175341,3000,48,0.5277,0.1298
20260325175342,3000,48,0.5277,0.1298
20260325175343,3000,48,0.5277,0.1298
20260325175344,3000,48,0.5277,0.1298
20260325175345,3000,48,0.5277,0.1298
20260325175346,3000,48,0.5277,0.1298
20260325175347,3000,48,0.5277,0.1298
20260325175348,3000,48,0.5277,0.1298
20260325175349,3000,48,0.5277,0.1298
20260325175350,3000,48,0.5277,0.1298
20260325175351,3000,48,0.5277,0.1298
20260325175352,3000,48,0.5277,0.1298
20260325175353,3000,48,0.5277,0.1298
20260325175354,3000,48,0.5277,0.1298
20260325175355,3000,48,0.5277,0.1298
20260325175356,3000,48,0.5277,0.1298
20260325175357,3000,48,0.5277,0.1298
20260325175358,3000,48,0.5277,0.1298
20260325175359,3000,48,0.5277,0.1298
20260325175400,3000,48,0.5277,0.1298
20260325175401,3000,48,0.5277,0.1298
20260325175402,3000,48,0.5277,0.1298
20260325175403,3000,48,0.5277,0.1298
20260325175404,3000,48,0.5277,0.1298
20260325175405,3000,48,0.5277,0.1298
20260325175406,3000,48,0.5277,0.1298
20260325175407,3000,48,0.5277,0.1298
20260325175408,3000,48,0.5277,0.1298
20260325175409,3000,48,0.5277,0.1298
20260325175410,3000,48,0.5277,0.1298
20260325175411,3000,48,0.5277,0.1298
20260325175412,3000,48,0.5277,0.1298
20260325175413,3000,48,0.5277,0.1298
20260325175414,3000,48,0.5277,0.1298
20260325175415,3000,48,0.5277,0.1298
20260325175416,3000,48,0.5277,0.1298
20260325175417,3000,48,0.5277,0.1298
20260325175418,3000,48,0.5277,0.1298
20260325175419,3000,48,0.5277,0.1298
20260325175420,3000,48,0.5277,0.1298
20260325175421,3000,48,0.5277,0.1298
20260325175422,3000,48,0.5277,0.1298
20260325175423,3000,48,0.5277,0.1298
20260325175424,3000,48,0.5277,0.1298
20260325175425,3000,48,0.5277,0.1298
20260325175426,3000,48,0.5277,0.1298
20260325175427,3000,48,0.5277,0.1298
20260325175428,3000,48,0.5277,0.1298
20260325175429,3000,48,0.5277,0.1298
20260325175430,3000,48,0.5277,0.1298
20260325175431,3000,48,0.5277,0.1298
20260325175432,3000,48,0.5277,0.1298
20260325175433,3000,48,0.5277,0.1298
20260325175434,3000,48,0.5277,0.1298
20260325175435,3000,48,0.5277,0.1298
20260325175436,3000,48,0.5277,0.1298
20260325175437,3000,48,0.5277,0.1298
20260325175438,3000,48,0.5277,0.1298
20260325175439,3000,48,0.5277,0.1298
20260325175440,3000,48,0.5277,0.1298
20260325175441,3000,48,0.5277,0.1298
20260325175442,3000,48,0.5277,0.1298
20260325175443,3000,48,0.5277,0.1298
20260325175444,3000,48,0.5277,0.1298
20260325175445,3000,48,0.5277,0.1298
20260325175446,3000,48,0.5277,0.1298
20260325175447,3000,48,0.5277,0.1298
20260325175448,3000,48,0.5277,0.1298
20260325175449,3000,48,0.5277,0.1298
20260325175450,3000,48,0.5277,0.1298
20260325175451,3000,48,0.5277,0.1298
20260325175452,3000,48,0.5277,0.1298
20260325175453,3000,48,0.5277,0.1298
20260325175454,3000,48,0.5277,0.1298
20260325175455,3000,48,0.5277,0.1298
20260325175456,3000,48,0.5277,0.1298
20260325175457,3000,48,0.5277,0.1298
20260325175458,3000,48,0.5277,0.1298
20260325175459,3000,48,0.5277,0.1298
20260325175500,3000,48,0.5277,0.1298
20260325175501,3000,48,0.5277,0.1298
20260325175502,3000,48,0.5277,0.1298
20260325175503,3000,48,0.5277,0.1298
20260325175504,3000,48,0.5277,0.1298
20260325175505,3000,48,0.5277,0.1298
20260325175506,3000,48,0.5277,0.1298
20260325175507,3000,48,0.5277,0.1298
20260325175508,3000,48,0.5277,0.1298
20260325175509,3000,48,0.5277,0.1298
20260325175510,3000,48,0.5277,0.1298
20260325175511,3000,48,0.5277,0.1298
20260325175512,3000,48,0.5277,0.1298
20260325175513,3000,48,0.5277,0.1298
20260325175514,3000,48,0.5277,0.1298
20260325175515,3000,48,0.5277,0.1298
20260325175516,3000,48,0.5277,0.1298
20260325175517,3000,48,0.5277,0.1298
20260325175518,3000,48,0.5277,0.1298
20260325175519,3000,48,0.5277,0.1298
20260325175520,3000,48,0.5277,0.1298
20260325175521,3000,48,0.5277,0.1298
20260325175522,3000,48,0.5277,0.1298
20260325175523,3000,48,0.5277,0.1298
20260325175524,3000,48,0.5277,0.1298
20260325175525,3000,48,0.5277,0.1298
20260325175526,3000,48,0.5277,0.1298
20260325175527,3000,48,0.5277,0.1298
20260325175528,3000,48,0.5277,0.1298
20260325175529,3000,48,0.5277,0.1298
20260325175530,3000,48,0.5277,0.1298
20260325175531,3000,48,0.5277,0.1298
20260325175532,3000,48,0.5277,0.1298
20260325175533,3000,48,0.5277,0.1298
20260325175534,3000,48,0.5277,0.1298
20260325175535,3000,48,0.5277,0.1298
20260325175536,3000,48,0.5277,0.1298
20260325175537,3000,48,0.5277,0.1298
20260325175538,3000,48,0.5277,0.1298
20260325175539,3000,48,0.5277,0.1298
20260325175540,3000,48,0.5277,0.1298
