param_1,param_2,param_3,param_4,param_5,param_6,param_7,param_8,cpu_frequency,run_time,run_1,run_2,run_3,run_4,run_5,run_6,run_7,run_8,run_9,run_10,run_11,run_12,run_13,run_14,run_15,run_16,run_17,run_18,run_19,run_20,run_21,run_22,run_23,run_24,run_25,run_26,run_27,run_28,run_29,run_30,run_31,run_32,run_33,run_34,run_35,run_36,run_37,run_38,run_39,run_40,run_41,run_42,run_43,run_44,run_45,run_46,run_47,run_48,run_49,run_50,run_51,run_52,run_53,run_54,run_55,run_56,run_57,run_58,run_59,run_60,run_61,run_62,run_63,run_64,run_65,run_66,run_67,run_68,run_69,run_70,run_71,run_72,run_73,run_74,run_75,run_76,run_77,run_78,run_79,run_80,run_81,run_82,run_83,run_84,run_85,run_86,run_87,run_88,run_89,run_90
80,0.9,230,0.48,0.6,510,TRUE,FALSE,800,247,40,4,11,15,9,8,2,5,16,73,4,1,1,0,0,0,0,0,0,1,6,0,1,2,0,0,2,0,0,10,1,0,1,1,3,1,0,1,2,8,2,1,1,2,0,0,0,0,1,2,1,0,0,0,0,0,1,0,0,0,0,0,0,0,0,1,0,0,0,0,0,0,0,1,0,0,1,0,0,3,0,0,0,0,0,1,0,0,1,0
50,0.6,150,0.93,0.8,410,TRUE,FALSE,800,258,50,2,1,13,4,2,1,0,8,107,3,0,1,1,0,0,0,0,0,2,10,0,0,0,0,1,1,1,1,20,4,0,0,5,0,1,0,0,0,2,3,1,0,0,0,0,0,0,0,2,0,0,0,1,1,1,1,0,1,2,0,0,0,0,2,0,0,0,0,1,0,0,0,0,0,0,0,0,0,0,0,0,0,0,1,0,1,0,0,0
60,0.8,210,0.43,0.6,830,FALSE,FALSE,800,258,44,7,9,7,10,4,5,5,8,83,7,1,0,0,1,0,1,0,1,0,7,1,0,0,1,1,0,0,0,10,11,0,1,4,0,1,1,1,0,8,1,1,0,1,2,0,0,1,2,1,0,0,0,0,1,0,0,0,0,3,0,0,0,0,0,0,0,0,0,0,0,0,1,0,1,0,0,1,1,0,0,0,0,0,0,0,0,0,0,2
80,0.5,130,0.77,0.6,810,FALSE,TRUE,800,250,45,4,4,7,7,4,2,4,6,99,3,3,0,2,0,0,0,0,1,2,4,0,1,1,0,0,0,1,0,10,5,1,1,0,2,1,0,0,0,17,2,0,1,1,2,0,1,0,0,0,0,0,0,0,0,0,0,0,0,1,1,0,0,0,0,0,0,0,0,1,0,0,0,0,0,0,0,0,0,1,0,0,0,0,0,1,1,0,0,1
40,0.9,120,0.42,0.3,700,FALSE,TRUE,800,245,42,4,3,7,8,4,4,4,7,85,3,0,1,1,1,0,1,0,0,1,5,2,2,1,4,0,1,0,0,15,4,2,1,1,0,1,1,2,0,8,2,0,0,1,1,0,2,1,0,2,0,0,0,0,0,1,1,1,0,1,0,0,0,0,0,1,0,0,0,0,0,0,1,1,2,0,0,0,0,1,0,0,0,0,0,0,0,0,0,1
80,0.7,220,0.86,0.9,830,TRUE,FALSE,800,247,55,3,4,10,7,7,1,5,7,78,7,1,0,0,0,2,1,1,0,1,4,0,0,0,0,0,0,0,1,8,8,1,2,0,1,1,1,1,0,10,8,0,0,0,0,1,0,0,0,3,1,0,0,0,0,0,0,1,0,1,0,0,0,0,0,0,0,0,0,1,0,0,0,0,0,1,0,0,0,1,0,0,0,0,0,0,0,0,1,1
90,0.8,130,0.47,0.7,280,TRUE,TRUE,800,240,49,4,10,6,11,3,2,7,3,77,5,1,2,0,1,0,1,0,1,0,3,0,0,0,0,1,0,0,0,2,8,0,1,1,0,2,0,1,1,14,8,1,0,2,0,0,0,0,0,4,0,0,0,0,0,0,1,0,0,1,0,0,0,0,0,0,0,0,0,0,0,0,0,0,0,2,0,0,0,2,1,0,0,0,0,0,0,0,0,2
20,0.6,300,0.71,0.8,570,TRUE,FALSE,800,249,44,1,7,11,8,9,3,7,7,83,6,1,0,1,0,1,0,0,0,0,2,0,0,0,1,0,0,0,0,3,5,1,0,2,1,0,0,0,1,15,4,0,0,1,3,1,0,1,1,4,2,0,0,0,0,0,0,0,1,0,2,0,0,1,0,0,0,0,0,2,1,0,0,1,0,1,0,1,0,0,1,0,1,0,0,0,0,0,0,0
60,0.8,220,0.86,0.8,950,FALSE,FALSE,800,246,42,2,4,9,14,8,0,4,11,84,4,2,0,1,2,2,0,0,1,0,2,0,0,1,1,0,1,0,1,3,10,1,1,3,0,0,0,0,0,12,1,0,0,0,2,2,0,0,0,4,0,0,3,0,0,0,0,0,1,2,0,0,1,0,1,0,0,0,0,0,0,0,0,0,0,2,0,0,0,0,0,0,0,0,0,0,1,0,0,1
30,0.5,120,0.8,0.4,650,TRUE,FALSE,800,245,47,1,5,5,5,4,2,3,5,95,2,1,2,0,2,0,0,0,1,1,4,0,3,1,0,0,0,1,1,5,4,2,0,1,0,0,0,1,0,12,4,1,0,3,1,1,1,1,0,3,2,0,0,0,0,0,0,1,0,1,0,0,0,0,0,0,0,0,0,0,0,0,0,1,0,1,0,0,0,5,1,0,0,0,0,1,0,1,0,1
20,0.5,270,0.32,0.3,920,FALSE,FALSE,800,247,41,6,6,10,10,9,2,7,11,75,3,1,0,1,2,0,1,0,0,0,3,1,1,1,0,1,1,0,1,5,8,1,0,3,1,1,1,0,1,9,4,1,0,0,1,0,0,0,0,3,1,0,0,1,1,0,0,1,0,3,1,0,0,2,0,1,0,0,0,1,1,0,0,0,0,1,0,0,0,0,0,0,0,0,0,0,0,0,0,1
80,0.7,220,0.92,0.5,820,TRUE,FALSE,800,247,44,1,8,10,11,8,2,3,5,88,6,0,0,2,0,0,0,0,0,1,2,0,0,0,1,0,0,0,0,5,8,0,2,0,1,1,2,0,2,11,5,0,0,0,1,1,0,0,1,4,2,0,0,0,2,1,1,0,0,1,0,0,0,0,0,0,0,0,0,2,0,0,0,1,0,0,0,0,0,0,0,0,0,0,0,0,0,0,0,2
90,0.6,250,0.44,0.3,530,FALSE,FALSE,800,254,52,1,4,4,7,5,2,4,5,101,4,0,0,1,2,1,0,0,0,3,5,0,0,1,1,2,1,0,0,8,3,0,0,3,0,2,1,1,1,10,3,1,1,2,1,0,0,0,0,4,1,0,0,0,0,0,0,0,1,0,1,0,0,0,1,0,0,0,2,0,1,0,0,0,0,1,0,0,0,0,0,0,0,0,0,0,0,0,0,0
30,0.9,200,0.45,0.7,930,TRUE,FALSE,800,250,45,4,4,8,6,2,6,3,4,101,7,1,1,1,0,0,0,0,2,2,5,1,1,0,2,0,0,1,1,13,3,0,0,1,0,2,0,0,0,3,4,2,0,1,0,0,0,0,0,0,0,0,0,1,0,0,0,0,0,5,0,1,0,0,1,0,0,0,2,1,0,0,0,0,0,1,0,0,0,0,0,0,0,0,0,0,0,0,0,2
60,0.7,230,0.36,0.3,520,TRUE,TRUE,800,254,49,2,3,18,14,4,1,3,9,80,5,1,3,2,0,1,0,0,0,0,2,0,0,3,1,1,0,1,1,7,9,0,0,2,1,1,0,1,1,7,7,0,1,0,1,1,0,0,2,2,1,0,0,0,0,0,0,0,0,4,0,0,0,1,0,0,0,0,0,0,0,0,0,0,0,1,0,0,0,0,1,0,0,0,0,0,0,0,0,0
40,0.6,120,0.68,0.6,460,FALSE,TRUE,800,252,41,2,5,9,9,3,2,5,3,110,1,0,1,2,1,0,0,0,0,1,3,0,1,1,1,1,0,1,1,7,4,1,0,0,0,2,2,0,0,15,4,0,0,1,1,0,0,1,0,4,1,0,0,0,0,0,0,1,0,1,0,0,0,0,0,0,0,0,0,0,0,0,0,1,0,1,0,0,1,0,0,0,0,0,0,0,0,0,0,1
90,0.9,110,0.9,0.4,700,TRUE,TRUE,800,248,41,6,8,10,16,9,6,5,11,78,1,0,0,0,0,1,0,1,0,0,0,0,1,0,2,1,0,0,0,2,4,1,4,3,3,1,0,1,2,12,6,0,0,2,1,0,0,0,0,1,0,1,0,0,0,0,0,0,1,2,0,0,0,0,0,0,0,0,1,0,1,0,0,0,1,0,0,0,0,0,0,0,0,0,1,0,0,0,0,1
10,0.8,140,0.86,0.3,200,TRUE,FALSE,800,244,39,5,6,13,9,9,3,9,5,82,4,0,1,1,0,0,0,0,0,0,2,0,1,0,1,1,0,0,0,5,6,0,1,1,0,1,1,0,1,13,9,0,0,0,1,0,0,0,0,4,0,0,0,0,0,2,0,0,0,3,0,0,0,1,0,0,0,1,0,0,1,0,0,0,0,1,0,0,0,1,0,0,0,0,0,0,0,0,0,1
40,0.8,150,0.45,0.3,150,FALSE,TRUE,800,251,51,1,4,10,8,2,3,3,1,104,2,0,1,0,2,0,1,0,0,0,1,1,0,0,2,0,0,0,0,2,8,0,1,0,1,1,0,1,3,16,3,0,0,0,1,0,0,1,1,2,1,0,1,2,0,0,0,0,0,1,2,0,1,1,0,1,0,0,0,1,0,0,0,0,0,1,0,0,0,1,1,0,0,0,0,0,0,0,0,0
10,0.6,250,0.57,0.8,780,FALSE,TRUE,800,248,42,5,7,7,10,5,4,2,6,94,4,0,0,1,0,0,0,0,1,2,2,0,0,1,0,0,0,1,0,5,6,0,0,6,2,1,0,1,0,13,1,1,0,0,0,0,0,1,2,4,1,1,0,1,1,0,0,0,0,3,0,0,0,0,0,1,0,1,0,0,0,0,0,0,0,0,0,0,0,1,0,0,0,0,0,0,1,0,0,1
60,0.9,220,0.49,0.9,880,FALSE,TRUE,800,256,47,5,9,8,13,7,5,2,9,78,6,1,0,1,0,1,0,0,1,0,7,0,2,0,0,2,0,0,0,6,10,0,2,1,2,1,0,3,0,8,2,0,0,0,2,0,0,1,0,3,3,0,0,0,1,0,0,0,0,1,2,0,0,0,0,0,0,0,0,0,0,0,0,0,0,1,0,0,0,1,0,0,0,0,0,0,1,0,0,2
10,0.8,230,0.68,0.5,800,FALSE,FALSE,800,239,45,4,6,10,12,5,1,4,9,82,4,2,1,1,0,0,0,0,0,0,1,2,1,0,0,0,1,0,0,4,6,2,1,1,0,2,2,1,2,11,3,0,0,0,0,0,1,0,0,4,2,0,0,0,0,1,0,0,0,0,0,0,0,0,0,0,1,1,0,0,0,0,0,0,0,1,0,1,0,0,0,0,0,0,0,0,0,1,0,1
80,0.7,250,0.81,0.6,1000,TRUE,FALSE,800,246,47,1,4,9,4,3,2,4,2,98,1,1,0,2,2,2,0,0,0,1,5,0,0,1,3,1,0,0,2,11,8,0,1,2,0,1,1,0,0,6,1,0,0,0,2,0,0,0,1,0,3,1,0,0,0,0,0,0,1,2,0,0,0,1,0,0,0,0,0,2,1,0,0,1,0,0,0,1,0,4,0,0,1,0,0,0,0,0,0,0
20,0.7,170,0.31,0.3,130,FALSE,FALSE,800,246,49,4,4,4,4,3,5,5,5,94,8,0,2,0,1,1,0,0,0,0,3,0,1,0,1,1,0,3,0,2,9,0,0,2,0,0,1,0,0,16,1,0,1,2,1,0,0,0,2,4,2,0,1,0,0,0,1,0,0,1,0,0,0,0,0,0,0,0,0,0,0,0,0,1,0,0,0,0,0,1,0,0,0,0,0,0,0,0,0,1
70,0.7,250,0.64,0.3,710,FALSE,FALSE,800,250,43,5,6,10,5,5,2,5,8,94,3,0,0,2,0,0,0,1,0,0,8,0,1,0,1,0,1,0,1,15,3,1,0,0,1,1,1,0,0,6,4,0,0,1,1,1,0,1,0,3,1,0,0,1,0,0,0,1,1,2,0,0,0,0,0,0,0,0,0,0,0,1,0,0,0,1,0,0,0,0,0,0,0,0,0,0,1,0,1,1
50,0.8,260,0.59,0.5,910,FALSE,FALSE,800,241,46,6,6,12,8,4,2,3,7,74,10,2,0,0,0,0,1,0,0,0,6,0,2,1,1,0,1,0,0,14,5,0,1,0,1,2,2,0,2,1,5,1,0,0,0,0,0,0,2,2,1,0,1,0,0,0,0,0,1,3,0,0,0,0,0,1,0,1,0,0,2,0,0,1,0,0,0,0,0,1,0,0,0,0,0,0,0,0,0,0
30,0.8,120,1,0.7,230,FALSE,FALSE,800,246,45,3,8,13,9,7,4,7,3,78,3,1,0,1,1,1,0,0,0,0,8,0,2,3,0,1,0,0,0,4,5,0,1,0,3,1,1,0,1,14,2,0,0,0,2,1,0,0,1,4,0,0,0,0,0,0,0,0,0,3,2,0,0,0,0,0,0,0,0,0,0,0,0,1,0,0,0,0,0,2,0,0,0,1,0,0,0,0,0,0
20,0.5,270,0.95,0.3,910,TRUE,FALSE,800,255,39,4,6,10,12,7,2,5,7,91,3,1,0,0,2,0,0,2,0,1,3,0,3,2,1,0,0,1,1,13,8,1,1,3,1,2,0,1,1,8,0,1,0,2,0,1,0,0,1,2,0,0,0,0,1,0,0,0,0,1,0,1,0,0,0,0,0,0,0,0,0,0,0,1,0,0,0,0,0,1,0,0,0,0,0,0,0,0,0,2
50,0.6,160,1,0.9,950,TRUE,FALSE,800,242,39,4,7,5,7,6,2,3,6,90,4,2,0,2,0,0,0,1,0,1,3,0,0,0,2,0,0,0,0,6,9,1,3,1,0,1,0,1,1,16,2,0,0,1,1,0,0,1,0,1,2,0,0,0,0,0,0,3,1,1,0,0,0,0,0,0,0,0,0,2,0,0,0,0,0,1,0,0,0,1,0,0,2,0,0,0,0,0,0,1
80,0.7,270,0.93,0.6,460,FALSE,FALSE,800,246,49,2,5,9,9,6,2,3,6,87,6,0,0,1,0,0,0,0,0,0,4,1,1,0,3,0,0,0,0,6,8,0,1,3,0,1,0,0,2,13,5,1,0,1,1,0,0,1,0,0,0,0,0,1,0,0,0,0,0,2,0,0,0,1,0,0,0,0,0,2,1,0,0,1,0,0,0,0,0,1,0,0,0,0,0,0,0,0,0,1
70,0.6,240,0.83,0.8,790,TRUE,TRUE,800,255,54,4,3,8,5,6,3,3,8,93,4,2,0,0,0,1,0,0,0,0,3,0,0,0,2,1,0,1,1,3,12,1,0,0,0,2,1,0,0,16,3,0,0,0,1,0,1,0,0,4,0,0,0,0,1,0,1,1,0,3,1,0,1,0,0,0,0,0,0,0,0,0,0,0,0,1,0,0,0,1,0,0,0,0,0,0,0,0,0,0
10,0.7,110,0.46,0.9,430,TRUE,TRUE,800,251,48,6,6,6,13,7,2,2,5,95,7,0,0,0,1,0,0,1,0,0,0,0,0,0,1,1,0,0,0,1,5,1,0,0,0,0,1,1,1,13,7,1,0,0,2,0,1,1,1,6,0,0,0,0,0,0,0,0,0,1,1,0,0,0,0,0,1,1,0,1,1,0,0,0,0,1,0,0,0,0,0,0,0,0,0,0,0,0,0,2
10,0.5,190,0.84,0.3,840,TRUE,FALSE,800,246,32,5,10,14,14,7,2,5,10,86,3,0,0,1,0,1,0,0,0,0,3,0,1,0,0,0,0,0,0,7,5,0,1,0,3,1,1,1,2,10,3,0,0,1,0,0,0,0,1,4,0,1,0,0,0,1,0,2,1,1,0,0,0,1,0,0,0,0,0,1,0,0,0,0,0,1,0,0,0,0,0,0,0,0,0,1,0,0,1,2
70,0.6,210,0.86,0.6,780,FALSE,TRUE,800,249,50,0,4,10,6,4,0,2,5,97,5,0,0,0,6,1,0,0,1,0,4,0,0,0,1,1,1,1,1,9,6,0,0,0,2,1,0,1,0,10,1,1,1,2,1,0,0,0,0,2,3,0,1,0,0,0,0,0,0,3,1,0,0,0,0,0,0,0,0,0,0,0,0,0,0,1,0,0,0,0,0,0,0,0,0,0,0,0,0,3
20,0.7,190,0.38,0.6,300,FALSE,TRUE,800,254,46,2,3,10,6,4,2,1,3,103,5,0,2,0,2,0,1,0,0,1,6,0,3,1,1,0,0,2,1,13,8,0,1,2,1,1,1,0,1,7,1,0,1,0,0,0,0,0,0,3,1,1,0,0,1,0,0,1,0,0,0,0,0,0,0,0,0,0,0,1,1,0,0,0,0,1,1,0,0,2,0,0,0,0,0,0,0,0,0,0
20,0.5,190,0.71,0.8,320,TRUE,TRUE,800,248,48,0,3,10,10,2,1,0,4,99,7,0,2,2,1,0,0,1,0,2,5,1,3,0,1,1,2,0,1,11,8,0,0,0,0,2,0,0,0,6,1,0,0,1,0,1,0,0,1,3,0,0,0,0,0,0,0,1,1,1,0,0,0,0,1,0,0,0,0,1,0,0,0,0,0,1,0,0,0,0,1,0,0,0,0,0,0,0,0,2
30,0.6,200,0.67,0.4,130,TRUE,TRUE,800,256,40,3,8,16,13,4,5,6,6,89,2,0,0,1,1,0,0,0,0,2,3,1,0,0,1,1,0,0,0,6,8,0,0,2,1,1,2,1,2,14,4,0,0,1,0,1,0,0,0,5,0,0,0,0,0,0,0,1,0,0,1,0,0,0,0,1,0,0,0,0,0,0,0,0,1,1,0,0,0,1,0,0,0,0,0,0,0,0,0,1
20,0.9,280,0.52,0.5,710,TRUE,TRUE,800,256,52,6,5,11,12,4,3,4,9,82,5,0,1,0,1,1,0,0,0,0,6,0,1,0,1,0,0,1,0,6,3,1,1,0,3,3,0,2,1,9,5,0,0,0,0,0,1,1,0,0,2,0,0,0,0,1,0,1,0,4,1,0,0,0,0,0,0,0,0,1,1,0,0,1,0,1,0,0,0,2,1,0,0,0,0,0,0,0,0,0
30,0.9,200,0.46,0.5,750,TRUE,TRUE,800,248,45,2,3,8,6,4,5,2,5,96,3,1,0,1,3,2,0,0,0,2,3,0,0,0,0,0,1,0,2,12,7,0,0,1,1,1,0,2,1,10,4,1,1,0,1,1,0,0,0,1,1,0,0,2,1,0,0,0,0,1,0,0,0,1,0,0,0,0,0,0,1,0,0,1,1,0,0,0,0,2,0,0,0,0,0,0,0,0,0,0
90,0.5,240,0.41,0.7,820,TRUE,FALSE,800,249,44,3,4,11,9,4,3,3,5,93,3,2,2,1,2,0,1,0,0,1,0,0,0,1,0,1,0,0,0,7,7,0,0,1,0,1,1,1,1,11,1,0,1,2,2,0,1,1,0,2,3,1,0,0,0,0,0,1,0,0,1,0,0,0,0,1,0,0,0,2,1,0,1,0,0,2,1,0,1,0,0,0,0,0,0,0,1,0,0,1
90,0.5,220,0.75,0.7,670,FALSE,TRUE,800,258,49,5,4,12,9,6,2,3,6,96,4,0,1,0,0,1,0,0,1,1,2,0,0,1,0,0,1,0,0,1,4,2,0,0,1,1,2,0,2,13,6,0,0,1,2,0,0,1,0,1,2,0,0,0,0,1,0,0,1,2,1,0,0,0,0,0,0,0,0,4,0,0,1,0,1,0,1,0,0,2,0,0,0,0,0,0,1,0,0,1
60,0.8,290,0.57,0.9,390,FALSE,TRUE,800,248,41,1,6,12,11,7,3,5,1,95,2,1,1,1,0,1,0,0,1,2,2,0,0,1,1,1,0,1,0,9,10,2,0,1,1,1,0,0,3,8,1,0,1,2,1,1,1,0,2,3,1,0,0,0,0,0,0,0,0,1,0,0,0,0,0,0,0,0,0,1,0,0,0,1,0,0,0,0,0,0,0,0,0,1,0,0,0,0,0,0
70,0.5,220,0.39,0.6,770,FALSE,TRUE,800,246,41,5,8,11,9,4,5,2,5,79,6,0,2,2,2,0,0,1,0,1,4,2,0,1,1,1,0,0,0,9,8,1,0,0,1,3,0,3,1,9,4,0,0,1,0,0,0,1,1,3,2,0,0,1,0,0,0,0,0,1,0,0,0,0,0,0,0,0,0,3,0,0,0,0,0,0,0,0,1,1,0,0,0,0,0,1,0,0,0,0
30,0.5,280,0.44,0.9,940,TRUE,FALSE,800,248,51,4,3,6,9,5,2,5,3,91,5,2,0,3,0,0,1,0,0,0,3,1,0,0,0,1,1,3,0,5,8,1,0,1,0,0,0,0,1,12,5,1,0,1,0,1,0,1,0,3,1,0,2,1,0,0,0,0,0,1,0,0,0,0,0,0,0,0,0,1,0,0,0,0,1,0,0,1,0,1,0,0,0,0,0,0,0,0,0,1
90,0.6,100,0.35,0.5,860,TRUE,TRUE,800,250,46,3,3,9,8,3,2,2,3,101,2,0,0,0,0,0,0,1,0,1,6,0,0,0,0,2,1,0,2,10,8,0,0,2,2,1,1,0,0,11,3,0,1,1,2,0,0,0,0,2,1,0,1,0,0,0,1,2,0,2,1,0,0,1,0,0,0,0,0,0,0,0,0,0,0,1,0,0,0,1,1,0,0,0,0,0,0,0,0,0
20,0.7,100,0.31,0.8,610,FALSE,FALSE,800,246,51,3,4,10,9,3,2,4,7,87,2,1,1,0,1,0,0,0,0,1,7,0,0,1,2,1,0,0,0,9,2,1,1,0,1,4,0,1,0,9,3,1,0,0,0,0,0,1,1,1,3,0,0,0,0,0,0,0,0,2,1,0,0,0,1,0,0,0,0,0,3,0,0,0,1,0,0,0,1,1,0,0,0,0,0,0,0,0,0,2
20,0.8,180,0.98,0.3,1000,FALSE,FALSE,800,247,49,5,2,8,4,3,2,4,4,95,9,1,0,0,1,0,1,1,0,2,4,0,1,1,0,0,0,0,1,8,7,1,0,0,0,0,0,0,0,4,3,0,0,0,1,1,2,0,0,1,6,0,0,0,1,1,0,1,1,3,0,0,0,1,0,0,0,0,0,5,1,0,0,0,0,0,0,0,1,0,0,0,0,0,0,0,0,0,1,0
70,0.7,140,0.95,0.9,920,TRUE,FALSE,800,248,49,4,5,5,11,2,3,4,12,83,9,0,1,0,0,0,0,0,0,1,6,1,1,1,0,1,1,2,0,16,3,4,0,1,0,1,0,0,0,2,5,0,0,0,1,0,1,3,0,2,0,0,0,0,0,0,0,0,1,2,0,0,0,0,0,1,0,0,0,0,0,0,0,0,0,1,0,0,0,2,0,0,0,1,0,0,0,0,0,0
90,0.9,270,0.44,0.5,810,TRUE,FALSE,800,254,51,1,3,10,8,4,4,3,6,84,12,1,1,0,1,0,0,1,3,0,7,0,0,0,1,2,0,0,2,8,9,1,0,1,1,0,0,1,1,8,2,0,0,0,0,1,0,0,0,4,0,0,0,0,0,1,0,1,0,2,1,0,0,0,0,0,0,0,1,1,0,1,0,0,1,0,0,1,0,1,0,0,0,0,0,0,0,0,0,2
80,0.9,300,0.53,0.5,170,FALSE,FALSE,800,257,49,3,2,4,8,4,3,3,7,99,7,0,0,0,3,1,0,0,0,0,3,0,1,2,1,1,1,0,0,9,9,0,1,1,0,0,0,0,0,11,5,0,2,0,0,0,1,2,0,2,1,1,0,1,1,0,0,0,0,5,1,0,0,0,1,0,0,0,0,0,0,0,0,0,0,1,0,0,0,1,0,0,0,0,0,0,0,0,0,0
60,0.5,280,0.65,0.8,380,TRUE,FALSE,800,245,47,6,8,12,10,4,2,4,3,78,4,3,3,0,0,1,0,0,0,2,2,0,0,0,1,0,0,0,0,6,7,0,3,0,2,2,1,2,1,11,3,0,0,0,1,1,1,0,1,1,3,0,0,1,0,0,1,2,0,2,1,0,0,0,0,0,1,0,0,0,0,0,0,0,0,1,0,0,0,0,0,0,0,1,0,0,0,0,0,0
90,0.8,220,0.59,0.8,930,FALSE,FALSE,800,247,41,4,6,15,14,3,3,8,9,81,4,1,0,1,2,0,0,1,0,0,5,1,1,0,0,0,0,0,0,3,9,2,0,3,1,1,1,1,0,14,0,0,0,0,0,1,0,1,0,2,0,0,0,0,0,0,0,0,0,2,0,0,0,0,0,1,0,0,0,1,1,0,0,1,0,0,0,0,0,2,0,0,0,0,0,0,0,0,0,1
100,0.5,270,0.62,0.5,390,TRUE,TRUE,800,261,51,4,6,13,17,5,3,4,7,82,5,1,0,0,1,0,1,0,1,1,3,0,0,0,0,1,0,0,0,3,5,2,2,1,0,1,1,1,3,13,5,1,2,0,2,0,0,0,2,2,3,0,1,0,0,0,0,1,0,1,0,0,0,0,0,0,0,0,0,0,1,0,0,0,0,1,0,0,0,0,0,0,0,0,0,0,0,0,0,2
90,0.6,270,0.74,0.9,930,TRUE,TRUE,800,251,46,4,12,13,10,7,3,8,7,79,3,0,1,0,0,0,0,0,0,1,2,2,1,0,0,0,0,0,1,3,5,0,1,0,3,1,1,2,2,13,3,0,0,0,4,0,0,1,1,3,2,1,0,1,0,0,0,1,0,0,1,0,0,0,0,0,0,0,1,0,0,0,0,1,0,0,0,0,0,1,0,0,0,0,0,0,0,0,0,0
70,0.7,190,0.59,0.7,410,TRUE,TRUE,800,251,42,5,4,12,7,3,2,2,5,106,1,0,2,3,1,0,0,0,1,2,2,0,1,1,0,3,0,0,0,9,3,0,0,0,0,0,0,1,0,8,1,1,0,0,1,0,0,0,0,10,1,0,0,1,2,0,0,0,1,1,1,0,0,0,3,0,0,0,0,0,1,0,0,0,1,0,0,0,0,0,0,0,0,0,0,0,0,1,0,0
80,0.5,220,0.34,0.4,550,TRUE,FALSE,800,248,37,2,6,7,8,5,3,3,4,103,4,0,2,0,2,0,1,0,1,2,6,0,0,0,0,1,0,1,0,13,5,0,1,2,2,0,1,1,0,8,1,0,1,0,1,1,0,0,2,3,2,0,0,0,0,0,0,1,1,1,0,0,0,0,0,1,0,0,0,1,0,0,0,0,1,0,0,0,0,0,0,0,1,0,0,0,0,0,0,0
80,0.9,250,0.88,0.7,850,FALSE,TRUE,800,253,55,1,4,5,7,4,3,4,3,95,1,0,2,1,1,0,0,1,1,0,11,0,1,1,0,2,1,0,0,11,6,0,1,1,1,2,0,0,1,7,1,0,0,1,1,0,0,1,0,2,3,0,0,0,0,0,0,1,0,4,0,0,0,0,1,0,0,0,0,0,0,0,0,1,2,0,0,0,0,0,0,0,0,0,0,0,1,0,0,1
80,0.9,220,0.54,0.9,260,FALSE,FALSE,800,254,43,5,7,15,9,9,4,10,5,82,1,1,0,1,1,1,0,0,0,3,0,1,2,0,3,1,0,0,2,8,1,0,0,0,2,1,0,0,1,8,5,0,0,0,1,0,0,1,0,3,4,0,1,0,1,1,0,0,0,1,1,0,0,0,0,2,0,0,0,0,2,0,0,0,0,0,0,0,1,0,2,0,0,0,0,0,0,0,0,2
50,0.5,300,0.87,0.3,660,FALSE,FALSE,800,242,37,3,9,9,6,10,4,2,7,85,2,0,1,0,0,0,0,0,0,3,7,0,2,0,2,3,1,0,1,17,5,1,0,0,3,0,0,0,0,5,1,0,1,0,1,1,0,0,0,5,1,0,0,0,0,0,0,0,0,3,1,0,0,0,0,0,0,0,0,0,0,0,0,1,0,0,0,0,0,2,0,0,0,0,0,0,0,0,0,0
90,0.6,210,0.71,0.3,180,TRUE,FALSE,800,249,41,5,5,13,15,6,4,6,7,84,3,1,0,0,0,0,3,0,0,0,1,0,1,1,0,0,0,0,0,3,3,0,1,1,0,1,0,2,1,14,6,0,1,0,0,0,0,1,0,5,2,1,0,1,1,0,0,0,0,4,1,0,0,1,0,0,0,0,0,0,0,0,0,0,0,0,0,1,0,1,0,1,0,0,0,1,0,0,0,0
70,0.8,200,0.49,0.5,310,FALSE,TRUE,800,250,46,5,4,16,12,4,2,5,3,94,3,1,0,0,0,0,1,0,0,0,5,0,0,3,0,0,0,1,1,4,5,0,0,0,0,1,1,0,2,11,4,0,1,1,2,0,0,3,0,2,1,0,0,0,0,0,0,0,0,2,0,0,0,0,0,0,0,0,0,0,0,0,0,0,0,2,0,0,0,0,1,0,0,0,0,1,0,0,0,1
100,0.6,300,0.58,0.9,630,FALSE,FALSE,800,247,45,6,4,10,10,7,5,3,11,83,6,0,0,0,0,0,1,1,0,0,0,1,0,0,0,0,0,1,0,4,7,1,1,0,1,2,0,1,0,13,7,0,0,0,0,0,0,0,1,5,3,0,0,0,0,0,0,0,1,0,0,1,0,0,0,0,0,0,1,0,0,0,1,0,1,0,0,0,0,2,0,0,0,0,1,0,0,0,0,0
70,0.5,150,0.61,0.4,950,TRUE,FALSE,800,247,44,7,2,9,7,3,2,8,4,85,10,1,1,2,2,0,0,0,0,1,3,3,1,0,1,1,0,0,1,5,3,0,1,0,2,0,1,0,2,8,7,0,0,1,1,1,1,1,0,4,3,0,0,1,0,0,0,0,0,3,0,0,0,0,0,0,0,0,0,1,0,0,0,0,0,0,1,0,0,2,0,0,0,1,0,0,0,0,0,0
40,0.9,210,0.56,0.4,280,TRUE,FALSE,800,247,42,5,3,10,5,5,2,5,7,91,1,1,1,1,1,0,0,0,0,5,5,0,0,1,0,0,0,0,1,8,8,1,1,2,0,1,0,0,3,11,0,0,0,2,0,1,0,0,0,3,4,1,0,0,2,2,0,0,1,1,0,0,0,0,0,0,0,0,0,1,0,0,0,0,0,0,0,0,0,2,0,0,1,0,0,0,0,0,0,0
100,0.8,280,0.56,0.7,170,FALSE,FALSE,800,237,51,1,3,5,5,4,2,4,7,94,2,1,2,0,0,0,0,0,0,0,5,0,0,2,1,1,0,0,0,1,8,0,1,1,0,2,1,0,0,18,2,0,0,2,0,0,0,1,0,1,0,0,0,0,1,0,1,1,0,0,1,0,0,0,0,0,0,0,1,0,0,0,0,0,0,0,0,0,1,2,0,0,0,0,0,0,1,0,0,1
80,0.5,280,0.96,0.5,1000,FALSE,TRUE,800,254,39,6,6,11,4,12,3,4,8,90,3,0,0,0,1,0,0,0,0,3,8,0,0,2,0,1,0,0,0,10,7,0,0,2,2,1,0,0,1,14,2,1,1,1,1,0,0,0,0,2,1,0,2,0,0,0,0,0,0,1,0,0,0,0,0,0,0,0,1,0,0,0,0,0,1,0,0,0,0,1,0,0,0,1,0,0,0,0,1,0
20,0.8,210,0.33,0.9,110,TRUE,FALSE,800,245,49,4,4,8,5,4,5,3,5,89,4,0,1,1,2,0,0,1,0,0,2,0,0,1,1,0,0,1,0,6,9,1,2,0,2,0,1,2,0,15,2,0,0,0,1,0,0,0,1,4,1,0,0,0,2,0,0,0,1,0,0,0,1,0,0,1,0,0,0,0,1,0,0,1,0,0,0,0,0,0,0,0,0,0,0,0,0,0,0,2
40,0.9,220,0.77,0.8,790,FALSE,FALSE,800,245,45,2,6,10,8,7,2,5,9,93,2,1,0,0,1,0,0,1,0,0,4,0,0,1,2,0,0,0,2,14,7,2,0,0,0,0,0,0,0,4,4,0,1,0,0,0,1,1,2,0,0,0,0,0,0,0,0,0,0,1,2,0,0,0,0,1,0,0,0,0,0,0,0,0,0,0,1,0,1,0,0,0,0,0,0,1,0,0,1,1
50,0.7,110,0.54,0.7,140,FALSE,FALSE,800,247,43,3,6,7,13,6,6,5,6,83,2,0,4,1,2,1,0,0,0,2,9,1,1,2,0,1,0,0,1,10,1,0,0,2,1,1,0,0,0,9,2,0,0,1,1,0,0,0,0,2,1,0,0,0,0,0,1,2,1,1,0,0,0,1,0,0,0,0,0,1,0,0,0,1,0,0,0,0,0,1,1,0,0,0,0,0,0,0,1,1
30,0.8,240,0.96,0.5,530,TRUE,TRUE,800,253,46,2,4,5,6,5,3,7,5,96,5,0,2,3,2,0,0,0,0,0,7,0,0,4,0,0,1,0,1,7,3,0,0,0,2,1,0,1,0,14,4,0,0,0,1,0,0,0,0,4,2,0,0,1,1,1,1,0,0,1,2,0,0,0,0,0,0,0,1,0,0,0,0,0,0,0,0,0,0,1,0,0,1,0,0,0,0,0,0,1
20,0.7,130,0.34,0.4,870,TRUE,FALSE,800,252,46,4,5,13,14,6,1,2,9,90,3,0,0,1,0,0,0,1,0,0,1,0,0,1,2,0,0,1,0,4,8,0,0,1,0,0,2,0,2,12,3,0,2,1,0,2,0,0,1,4,1,0,0,0,0,1,0,1,0,0,1,0,0,0,1,0,0,0,0,1,0,0,0,0,0,1,0,0,0,1,0,0,0,1,0,0,0,0,1,1
10,0.6,100,0.52,0.6,200,TRUE,TRUE,800,248,53,1,4,9,4,9,3,5,5,85,4,1,0,0,2,0,0,0,1,1,8,0,0,2,0,3,0,0,0,4,9,0,1,1,1,0,2,3,0,11,2,0,0,1,1,0,0,0,0,4,2,1,0,0,0,0,0,0,2,1,1,0,0,0,0,0,0,0,0,0,0,0,0,1,0,0,0,0,0,0,0,0,1,0,0,0,0,0,0,0
70,0.7,130,0.44,0.6,750,TRUE,TRUE,800,256,44,3,5,15,12,0,3,7,8,90,6,1,0,1,0,0,1,1,0,0,2,0,0,0,0,1,1,0,2,4,6,0,1,1,0,1,1,0,0,16,3,1,0,0,1,2,0,0,1,2,3,0,0,0,1,0,0,1,0,1,0,0,0,0,1,0,0,0,0,0,0,0,0,0,0,1,0,0,0,2,1,0,0,0,0,0,0,0,0,3
60,0.7,230,0.35,0.4,420,FALSE,TRUE,800,256,46,1,7,12,8,2,2,5,4,100,4,2,1,1,0,1,1,0,1,0,0,0,0,0,1,2,0,0,1,4,8,2,0,1,1,2,0,0,1,12,4,0,0,0,0,1,1,0,0,4,2,0,1,0,0,0,0,0,1,1,1,0,0,0,0,0,0,1,0,1,1,0,0,0,0,1,1,0,0,1,0,0,0,0,0,0,0,0,0,2
50,0.7,150,0.69,0.6,700,TRUE,TRUE,800,253,40,4,2,9,7,6,5,6,5,98,3,1,0,2,1,0,0,1,0,0,3,0,0,0,0,2,0,1,0,8,13,0,1,1,1,1,0,0,1,16,4,0,0,1,1,0,1,0,0,2,0,0,0,0,0,0,0,0,0,0,0,0,0,1,0,0,0,0,0,0,1,0,0,1,0,0,0,0,1,3,0,0,0,0,0,0,0,0,0,0
10,0.7,280,0.49,0.9,450,FALSE,FALSE,800,247,43,3,5,12,10,5,2,5,7,89,1,2,1,1,0,0,1,1,1,0,4,0,1,0,0,0,1,0,0,6,10,1,1,3,0,1,2,0,1,17,0,0,0,1,0,0,0,0,0,3,0,0,0,0,0,0,0,0,0,1,0,0,0,0,0,0,0,1,1,0,0,1,0,0,0,1,0,0,0,0,0,0,1,0,0,0,0,0,0,1
90,0.6,120,0.43,0.8,480,TRUE,TRUE,800,252,37,5,7,10,7,4,2,4,11,94,5,1,0,2,1,0,0,1,0,0,6,0,2,0,1,0,0,1,0,13,5,1,0,1,0,2,0,1,0,10,2,0,1,0,1,1,0,1,0,4,1,0,0,0,0,0,1,0,0,2,0,0,0,0,0,0,0,0,0,1,0,0,1,0,0,1,0,0,0,2,0,0,0,0,0,0,0,0,0,0
30,0.6,300,0.44,0.3,140,FALSE,TRUE,800,246,46,4,3,7,4,6,0,3,8,92,5,0,0,3,0,0,1,0,0,1,6,1,1,0,0,1,1,0,0,11,6,0,1,1,0,1,0,0,1,13,4,0,3,0,0,2,0,0,0,2,2,0,0,0,0,0,1,0,0,1,0,0,0,1,0,0,0,1,0,0,0,0,0,0,0,1,0,0,0,2,0,0,0,0,0,0,0,0,0,0
80,0.5,100,0.79,0.5,710,FALSE,FALSE,800,242,47,2,5,10,12,5,3,2,4,88,3,0,0,2,2,1,0,1,0,1,5,0,0,2,2,1,3,0,0,8,6,1,0,1,1,1,0,0,0,9,4,0,0,0,1,0,0,1,0,2,0,0,0,0,0,0,1,0,0,0,0,0,0,0,0,0,0,0,0,2,0,0,0,0,0,0,0,0,0,1,0,0,0,1,0,0,0,0,0,2
40,0.6,100,0.75,0.3,750,TRUE,TRUE,800,247,48,5,3,12,4,4,1,2,6,99,3,0,1,2,0,0,0,0,1,1,11,0,1,0,1,2,0,0,0,15,1,1,0,0,1,0,0,0,0,6,1,0,1,0,0,0,2,0,0,0,1,0,0,0,1,0,0,1,0,2,0,0,0,0,1,0,0,0,0,0,1,0,0,0,0,1,1,0,0,2,0,0,0,0,0,0,0,1,0,1
90,0.6,180,0.65,0.5,110,FALSE,TRUE,800,252,55,0,4,11,5,2,3,2,6,91,5,0,2,2,1,0,0,0,0,3,10,0,1,0,2,1,1,1,0,12,7,0,1,1,2,0,0,0,0,5,3,0,0,0,0,1,0,0,0,4,0,0,0,0,0,0,0,1,1,0,0,0,0,0,0,0,0,0,0,0,0,0,0,0,0,1,0,0,1,1,0,0,0,0,0,1,0,0,1,2
60,0.9,260,0.5,0.5,440,TRUE,TRUE,800,252,41,5,10,12,19,6,6,5,12,76,1,0,0,1,0,0,0,0,0,1,3,1,1,3,2,0,0,1,0,4,4,0,1,1,2,2,2,1,0,14,4,0,0,1,1,0,0,0,0,4,0,0,0,0,0,0,0,0,0,0,0,1,0,0,0,0,0,0,2,0,0,0,0,0,1,0,0,0,0,0,1,0,0,0,0,0,0,1,0,0
30,0.6,250,0.33,0.9,120,FALSE,TRUE,800,254,38,6,5,11,8,7,1,7,3,96,6,1,1,1,0,1,1,0,0,0,4,1,1,1,0,0,0,0,1,15,6,0,0,1,2,1,1,1,0,10,3,0,0,0,2,0,0,0,0,2,1,0,0,2,1,0,0,0,1,1,1,0,0,0,0,0,0,0,0,0,0,0,0,0,1,0,0,0,0,1,0,0,0,0,0,1,0,0,0,0
40,0.9,200,0.81,0.6,190,FALSE,FALSE,800,245,41,5,7,13,10,11,3,9,11,75,1,1,1,0,0,0,0,0,0,0,3,1,0,0,0,0,0,0,1,6,8,0,3,5,1,2,0,2,0,9,0,0,1,0,2,1,0,0,0,2,0,0,1,0,0,1,0,0,0,2,2,0,0,0,0,0,0,0,1,1,0,0,0,0,1,0,0,1,0,1,0,0,0,0,0,0,0,0,0,0
50,0.8,210,0.44,0.8,810,TRUE,FALSE,800,254,49,6,8,12,8,4,6,9,6,85,1,1,0,0,0,0,1,0,0,0,1,0,0,0,1,0,1,0,0,2,6,2,1,1,3,1,0,2,1,14,6,2,0,0,2,0,0,0,0,3,0,0,0,0,0,0,0,1,0,1,0,0,0,0,0,0,0,0,1,0,0,0,0,0,2,0,0,0,1,2,0,0,0,0,0,0,0,0,1,0
80,0.6,250,0.36,0.5,350,FALSE,FALSE,800,250,53,3,1,8,9,4,1,2,7,91,5,0,1,0,2,0,0,0,1,0,1,0,0,0,0,1,0,1,0,6,13,0,1,2,0,2,0,1,2,14,3,0,0,0,0,0,1,0,0,4,2,0,0,1,0,0,0,0,0,1,0,1,0,0,0,0,0,0,1,1,1,0,0,0,0,1,0,0,0,0,0,0,0,1,0,0,0,0,0,1
20,0.8,270,0.87,0.4,510,TRUE,TRUE,800,250,47,4,11,13,21,3,5,4,12,67,4,1,0,0,1,1,0,0,0,0,4,1,0,0,1,1,0,0,1,3,8,2,0,1,5,1,0,1,0,17,2,0,0,0,0,0,0,0,0,2,0,0,0,0,0,0,0,0,1,0,0,0,0,0,0,0,0,0,1,0,0,0,0,0,0,0,1,0,0,1,0,0,0,0,0,0,1,0,1,1
40,0.8,200,0.84,0.8,230,FALSE,TRUE,800,258,41,4,9,10,11,4,2,3,11,97,0,1,0,2,1,0,0,1,0,0,5,1,1,0,2,0,1,0,0,10,5,0,0,0,1,1,1,0,1,9,5,0,1,1,0,0,0,2,1,4,2,0,1,0,0,0,0,0,0,0,0,0,0,0,1,0,0,1,0,2,0,0,0,0,0,1,0,0,0,1,0,0,0,0,0,0,0,0,0,1
10,0.7,290,0.82,0.6,710,FALSE,TRUE,800,252,45,1,3,9,7,5,4,3,3,101,4,0,3,1,0,1,0,0,1,3,3,1,1,0,1,0,1,0,0,9,10,1,0,0,1,1,0,0,1,8,2,0,1,1,1,1,0,1,0,3,2,0,1,0,0,0,0,1,1,1,0,0,0,0,0,0,0,0,0,1,0,0,0,1,0,0,0,0,0,0,0,0,0,0,0,0,0,1,0,2
90,0.8,130,0.85,0.8,320,FALSE,FALSE,800,241,41,3,7,10,7,6,3,6,8,83,6,1,0,1,0,0,1,1,0,0,8,1,0,1,0,1,0,0,0,12,4,0,1,1,1,1,0,1,2,5,2,0,0,0,0,0,1,0,0,5,1,0,0,0,0,0,0,1,0,0,2,0,0,0,1,0,0,0,1,1,0,0,0,1,0,1,0,0,0,1,0,0,0,0,0,0,0,0,0,1
70,0.7,210,0.49,0.7,800,FALSE,FALSE,800,244,47,4,8,7,8,3,3,3,4,87,5,1,2,1,2,0,1,0,0,1,6,1,1,1,0,2,0,1,0,8,1,1,0,0,2,1,1,1,1,9,4,0,0,1,0,0,0,0,1,1,3,0,0,1,0,0,1,0,0,2,2,0,0,1,0,0,0,1,0,1,0,0,0,0,0,0,0,0,0,1,0,0,0,0,0,1,0,0,0,0
20,0.8,140,0.39,0.9,190,FALSE,TRUE,800,245,38,7,11,11,7,5,2,5,8,81,3,0,0,2,1,0,2,0,0,2,3,0,1,0,2,2,0,0,2,14,4,0,0,2,1,0,0,0,0,5,2,1,0,0,1,0,1,0,3,2,1,0,0,0,1,1,1,0,0,2,0,0,0,0,0,1,0,0,1,0,1,0,0,0,0,0,0,0,0,4,0,1,0,0,0,0,0,0,1,0
100,0.5,290,0.52,0.9,960,TRUE,FALSE,800,249,43,3,4,4,4,3,3,3,1,103,4,0,0,1,0,0,0,1,0,1,3,1,1,2,3,0,0,0,0,15,8,1,0,1,1,2,3,0,0,9,3,1,1,0,0,1,0,0,0,1,2,1,2,0,0,0,1,0,0,2,0,0,0,1,0,0,0,1,0,1,0,0,0,1,0,0,0,0,0,1,0,0,0,1,1,0,0,0,0,0
80,0.9,160,1,0.8,640,FALSE,FALSE,800,246,38,4,6,12,11,6,2,4,8,88,3,0,0,3,0,0,1,0,0,1,5,0,1,1,1,0,0,0,1,9,6,0,0,4,0,2,2,0,1,11,2,0,0,0,0,0,0,1,0,3,3,0,0,1,1,0,0,0,0,2,0,0,0,0,0,0,0,0,0,0,0,0,0,0,0,1,0,0,0,0,0,0,0,1,0,0,0,0,0,1
20,0.7,270,0.86,0.8,320,FALSE,TRUE,800,241,46,1,3,5,6,6,4,3,1,92,1,1,4,1,2,1,0,0,0,1,4,0,0,0,1,1,0,1,0,6,8,0,1,1,1,0,0,0,0,14,5,0,0,0,2,0,1,0,0,4,0,0,0,2,0,1,0,0,1,2,1,0,0,0,0,0,0,0,0,1,0,0,1,1,0,0,0,1,1,1,0,1,0,0,0,0,0,0,0,0
10,0.5,200,0.32,0.7,190,FALSE,FALSE,800,240,60,2,4,6,12,3,1,2,10,75,4,0,0,1,0,0,0,0,0,1,5,0,0,1,0,2,1,1,0,9,5,1,0,0,0,2,1,0,1,8,7,0,2,0,1,0,1,0,0,0,1,0,0,0,0,0,0,0,0,3,0,0,1,0,1,0,0,1,0,1,1,0,2,0,0,1,0,0,0,0,0,0,0,0,0,0,0,0,0,0
70,0.9,100,0.7,0.9,350,FALSE,FALSE,800,241,42,3,6,9,6,6,1,5,4,87,8,1,0,0,1,1,0,0,0,1,1,0,0,0,0,1,0,1,1,4,9,0,0,1,3,2,2,1,1,13,2,0,0,2,0,0,0,0,0,4,2,0,1,0,0,1,1,1,0,2,0,0,0,0,0,0,0,0,0,0,0,0,0,1,0,1,0,0,0,1,1,0,0,0,0,0,0,0,0,1
20,0.6,230,0.93,0.5,190,TRUE,FALSE,800,246,42,6,3,14,9,7,3,6,8,88,3,1,0,0,0,0,0,1,0,2,1,0,1,0,1,0,0,0,0,1,8,1,0,1,3,1,0,1,0,19,3,0,0,0,0,1,1,2,0,1,0,0,1,0,0,0,0,0,0,2,0,0,0,0,0,0,0,0,0,1,0,0,0,0,0,1,0,0,0,1,0,0,0,1,0,0,0,0,0,1
50,0.7,210,0.84,0.6,420,TRUE,TRUE,800,246,50,1,5,8,10,4,3,3,5,89,5,2,0,3,2,0,0,0,0,0,1,1,0,0,0,1,1,0,0,5,10,0,0,1,1,1,2,0,3,14,4,1,0,1,1,0,0,1,0,3,0,0,0,1,0,0,0,0,0,0,0,0,0,0,0,0,0,0,0,1,1,0,0,0,0,1,0,0,0,1,0,0,0,0,0,0,0,0,0,0
50,0.9,150,0.83,0.9,960,TRUE,TRUE,800,254,44,8,6,9,9,7,2,5,8,87,4,0,1,0,0,0,0,1,0,3,3,0,0,0,0,0,0,0,0,8,7,0,2,1,4,0,0,2,4,6,3,0,0,0,0,0,0,1,0,6,0,1,0,0,1,0,0,1,0,1,1,0,0,1,0,0,0,0,0,2,0,0,0,0,0,0,0,1,0,5,0,0,0,0,0,0,0,0,0,0
80,0.9,230,0.48,0.6,510,TRUE,FALSE,1000,233,43,6,7,9,10,3,0,3,7,82,2,1,1,1,2,0,0,2,1,0,3,0,0,1,1,0,2,0,1,4,6,0,1,1,1,1,0,2,0,13,1,0,0,0,1,0,1,0,0,2,3,1,0,0,0,0,0,0,1,2,0,0,0,0,0,0,0,0,0,0,1,0,0,0,1,0,1,0,1,1,0,0,0,0,0,0,0,0,0,0
50,0.6,150,0.93,0.8,410,TRUE,FALSE,1000,236,41,5,5,10,5,2,2,5,4,88,4,0,0,2,2,0,1,0,0,0,2,1,0,1,1,0,0,2,0,9,6,1,1,0,2,1,2,0,2,12,2,0,0,0,2,0,0,0,1,2,0,0,0,2,0,0,1,0,0,2,0,0,0,1,0,0,0,0,0,1,0,0,0,0,0,1,0,0,2,0,0,0,0,0,0,0,0,0,1,0
60,0.8,210,0.43,0.6,830,FALSE,FALSE,1000,228,41,2,2,12,3,6,3,3,6,89,3,0,1,0,2,0,0,0,0,0,9,1,2,2,1,2,0,1,2,11,0,0,1,1,2,0,0,0,0,6,2,0,0,1,1,0,0,1,1,0,0,0,0,0,0,0,0,0,0,4,0,0,0,0,0,1,0,0,0,0,0,0,0,0,0,0,0,0,0,2,0,0,0,0,0,0,0,0,0,2
80,0.5,130,0.77,0.6,810,FALSE,TRUE,1000,232,46,1,3,8,3,5,3,3,7,88,4,1,2,0,0,1,0,0,0,1,8,0,1,0,1,1,0,1,0,9,6,0,0,1,0,1,0,0,0,10,6,0,1,0,1,0,1,1,0,0,0,0,0,0,0,0,0,0,0,2,0,0,0,0,0,1,0,0,0,1,0,0,0,0,0,0,0,0,0,1,0,0,0,1,0,0,0,0,1,1
40,0.9,120,0.42,0.3,700,FALSE,TRUE,1000,234,51,2,6,6,3,3,0,4,5,84,9,0,1,0,1,1,0,1,1,0,2,0,0,0,0,0,0,0,0,11,9,0,0,0,0,2,1,1,0,8,7,0,0,1,0,1,0,0,0,1,2,0,0,0,0,1,0,0,0,2,3,0,0,0,0,0,0,0,1,0,0,0,0,0,0,1,0,1,0,1,0,0,0,0,0,0,0,0,0,1
80,0.7,220,0.86,0.9,830,TRUE,FALSE,1000,235,50,4,2,3,3,5,1,3,3,93,5,1,1,0,1,0,1,1,0,0,3,1,0,0,1,1,2,0,0,7,11,1,0,1,0,0,0,0,0,14,2,0,0,1,0,1,0,0,0,1,3,1,0,0,0,1,0,0,0,2,0,0,0,0,0,0,0,0,1,1,0,0,0,0,0,0,0,0,0,1,0,0,0,0,0,0,0,0,0,2
90,0.8,130,0.47,0.7,280,TRUE,TRUE,1000,233,47,2,3,6,7,7,4,4,3,88,2,0,0,1,0,0,2,1,0,1,4,2,0,0,0,0,0,0,2,6,8,1,2,1,1,0,0,0,0,12,1,0,0,0,0,1,0,0,0,3,2,0,0,1,0,0,0,0,0,2,0,0,0,2,0,0,0,0,1,0,0,0,0,1,0,0,0,0,0,0,1,0,0,0,0,0,0,0,0,2
20,0.6,300,0.71,0.8,570,TRUE,FALSE,1000,238,38,3,3,9,5,4,3,2,5,92,8,0,1,1,0,0,0,0,1,1,2,2,0,0,0,1,0,0,0,4,11,0,1,2,0,1,0,1,0,14,5,3,0,0,0,0,1,1,0,4,0,0,0,0,0,0,0,0,0,2,2,0,0,0,0,1,0,0,0,1,0,0,0,0,0,0,1,0,0,1,1,0,0,0,0,0,0,0,1,0
60,0.8,220,0.86,0.8,950,FALSE,FALSE,1000,231,27,4,4,13,16,4,3,7,7,87,5,1,0,0,0,0,0,0,0,2,1,0,0,0,0,0,0,0,0,7,5,0,1,2,2,3,0,1,3,8,0,1,0,2,1,0,1,0,1,5,1,0,0,0,0,0,0,0,0,2,0,0,0,0,1,0,0,0,0,0,0,0,0,0,0,0,0,0,0,1,0,0,1,0,0,0,0,0,0,2
30,0.5,120,0.8,0.4,650,TRUE,FALSE,1000,238,44,1,4,4,3,2,3,3,3,92,4,0,3,4,0,1,0,0,0,1,6,0,0,1,0,0,0,0,1,2,13,1,0,0,1,1,0,0,1,17,2,2,0,1,2,2,1,0,2,2,0,0,0,0,0,0,0,0,0,2,0,0,0,0,0,0,1,0,2,0,0,0,0,0,0,1,0,0,0,1,0,0,0,0,0,0,0,0,0,2
20,0.5,270,0.32,0.3,920,FALSE,FALSE,1000,233,42,3,4,9,8,3,4,3,3,82,6,2,0,4,1,1,0,0,1,1,1,0,1,0,0,1,1,0,0,4,6,0,0,3,1,0,0,0,2,14,1,0,0,1,0,1,0,0,1,3,5,0,0,0,0,0,0,1,0,2,1,0,0,0,1,0,0,0,1,0,1,0,0,1,0,0,0,0,0,2,0,0,0,0,0,0,0,0,0,1
80,0.7,220,0.92,0.5,820,TRUE,FALSE,1000,225,46,4,2,4,3,3,3,3,3,87,4,2,1,1,0,1,0,1,1,0,4,0,0,1,1,0,0,0,0,5,8,0,0,1,0,1,0,1,0,15,4,0,0,0,0,0,0,0,0,3,3,0,0,0,0,0,0,0,0,2,1,0,0,0,0,1,0,0,0,2,0,0,1,0,0,0,0,0,0,0,0,0,0,0,0,0,0,0,0,2
90,0.6,250,0.44,0.3,530,FALSE,FALSE,1000,235,44,0,5,12,5,9,0,2,9,91,1,1,0,1,1,0,0,0,1,0,2,2,0,0,0,1,1,0,1,7,5,0,0,0,2,0,0,0,1,13,5,0,0,1,2,0,0,0,1,1,1,0,0,0,1,0,0,0,1,1,0,0,0,0,0,0,0,0,1,0,0,0,0,0,0,1,0,0,0,1,0,0,0,0,0,0,0,0,0,2
30,0.9,200,0.45,0.7,930,TRUE,FALSE,1000,230,47,1,3,6,3,4,0,3,4,96,6,0,1,1,3,0,0,0,0,1,3,0,0,0,0,0,1,0,0,6,9,0,1,0,0,0,0,0,1,11,2,0,0,0,1,2,0,1,0,1,2,1,0,0,0,0,0,0,1,1,0,0,0,0,0,1,0,0,0,2,0,0,0,0,0,0,1,0,0,1,0,0,0,0,0,0,0,0,1,2
60,0.7,230,0.36,0.3,520,TRUE,TRUE,1000,236,46,0,3,6,11,5,2,4,4,96,5,0,2,0,0,0,0,0,0,1,5,0,0,2,2,0,0,0,0,13,3,0,0,1,1,1,0,0,0,6,2,0,0,0,0,0,0,1,1,4,1,0,1,2,0,0,0,0,0,1,0,0,0,0,0,0,0,0,0,0,0,0,1,0,1,1,0,0,0,1,0,0,0,0,0,0,0,0,0,1
40,0.6,120,0.68,0.6,460,FALSE,TRUE,1000,228,44,2,5,9,5,6,2,5,5,84,4,0,0,0,1,1,0,0,1,3,2,0,2,0,1,0,0,1,0,13,2,0,0,1,0,2,0,0,0,2,2,0,0,0,1,1,0,0,0,2,3,0,0,0,0,0,0,1,1,4,0,1,0,1,0,0,0,0,0,1,2,0,0,0,0,0,0,0,0,2,1,0,0,1,0,0,1,0,0,1
90,0.9,110,0.9,0.4,700,TRUE,TRUE,1000,228,55,2,0,4,2,5,0,3,5,86,6,1,1,0,0,1,0,1,0,1,4,0,1,1,1,0,0,0,0,12,6,1,0,0,2,0,0,0,0,4,4,0,3,2,0,1,0,0,1,2,1,0,2,0,0,0,0,0,1,1,0,0,0,1,0,0,0,0,0,1,1,0,0,0,0,0,0,0,0,1,0,0,0,0,0,0,0,0,0,2
10,0.8,140,0.86,0.3,200,TRUE,FALSE,1000,225,46,4,5,4,5,5,2,3,4,90,2,1,0,1,0,1,0,0,1,1,1,0,0,1,0,0,1,0,0,13,11,0,1,0,1,1,1,0,0,8,3,0,0,0,1,0,0,0,0,1,0,0,0,0,0,0,0,1,0,0,0,0,0,0,0,0,0,0,1,1,1,0,0,0,0,1,0,0,0,1,0,0,0,0,0,0,0,0,0,1
40,0.8,150,0.45,0.3,150,FALSE,TRUE,1000,231,40,1,3,8,7,6,1,2,8,93,3,1,0,0,0,1,0,0,0,1,0,0,0,0,2,0,0,1,0,6,6,0,1,2,0,1,0,2,3,14,4,0,1,1,0,1,0,0,2,3,0,0,0,1,0,0,0,0,0,1,0,0,0,1,0,0,0,0,0,0,0,0,0,0,1,0,0,0,0,0,0,0,0,0,0,0,0,0,0,3
10,0.6,250,0.57,0.8,780,FALSE,TRUE,1000,235,54,5,3,6,6,5,2,5,4,80,3,0,1,1,0,0,0,1,2,2,4,0,0,0,0,0,0,1,0,0,4,1,3,0,0,2,1,0,1,14,6,0,2,1,2,0,0,0,1,2,1,1,0,0,0,0,0,0,0,3,0,0,0,0,1,0,0,0,0,0,1,0,0,0,0,0,0,0,0,1,1,0,0,0,0,0,0,0,0,2
60,0.9,220,0.49,0.9,880,FALSE,TRUE,1000,232,48,1,6,7,7,3,0,5,2,83,5,1,1,2,1,2,1,0,0,0,4,1,0,0,0,0,0,0,0,1,4,1,0,0,0,1,0,1,1,13,6,0,0,1,2,0,0,1,2,2,2,1,0,0,1,0,0,0,0,1,2,0,1,0,2,0,0,0,0,0,2,0,0,0,0,0,0,0,0,4,0,0,0,0,0,0,0,0,0,1
10,0.8,230,0.68,0.5,800,FALSE,FALSE,1000,228,36,3,4,9,11,8,3,4,12,82,1,1,0,0,0,0,0,0,1,0,1,0,0,2,0,0,0,0,1,4,5,0,2,3,0,1,0,0,1,13,1,0,0,2,3,2,0,0,0,4,2,0,0,0,0,0,0,0,0,1,0,0,0,0,0,0,0,0,0,2,0,0,0,1,0,0,0,0,0,0,0,0,0,0,0,0,0,0,0,3
80,0.7,250,0.81,0.6,1000,TRUE,FALSE,1000,233,53,1,1,4,6,5,2,2,6,85,4,0,1,2,1,0,2,1,0,0,1,0,1,0,1,0,0,0,0,4,5,0,1,0,0,1,0,0,0,10,4,0,0,1,1,0,0,0,0,7,5,0,0,2,1,0,0,0,0,1,2,0,0,0,0,0,0,0,1,1,1,0,0,1,0,0,0,0,0,3,1,0,0,0,0,0,0,0,0,2
20,0.7,170,0.31,0.3,130,FALSE,FALSE,1000,225,54,2,2,6,4,1,0,5,2,84,8,0,1,1,0,0,0,1,1,1,0,0,0,1,0,0,0,1,0,4,9,0,0,1,0,0,0,0,2,11,6,0,1,0,1,2,0,1,1,5,0,0,0,0,0,0,0,0,0,1,1,0,1,0,0,0,0,0,0,0,0,0,0,0,0,1,0,0,0,0,0,0,0,0,0,0,0,0,0,3
70,0.7,250,0.64,0.3,710,FALSE,FALSE,1000,235,48,1,5,10,5,4,1,4,3,85,4,1,1,2,0,1,0,1,0,0,4,0,0,2,2,1,2,0,0,7,6,0,0,0,2,2,0,0,1,9,4,0,0,1,0,0,0,1,0,4,1,0,0,1,0,0,0,0,0,1,2,0,0,0,0,1,0,0,1,1,0,0,0,1,1,0,0,0,0,1,0,0,0,0,0,0,0,0,0,1
50,0.8,260,0.59,0.5,910,FALSE,FALSE,1000,229,47,1,5,7,7,3,3,3,5,81,4,0,1,1,1,0,1,1,1,0,9,0,0,1,2,0,0,0,1,7,9,0,0,0,0,0,0,1,0,8,5,0,0,1,1,1,0,0,0,0,1,0,1,0,0,0,0,1,0,2,0,0,0,0,1,0,0,0,0,0,1,0,1,0,0,1,0,1,0,0,0,0,0,0,0,0,0,0,0,2
30,0.8,120,1,0.7,230,FALSE,FALSE,1000,228,45,1,4,6,9,9,1,1,9,79,5,2,0,0,1,0,0,0,0,1,7,2,1,2,1,0,0,0,0,6,4,0,1,0,1,1,0,0,1,6,2,0,1,1,0,0,0,0,1,3,0,1,0,0,0,0,0,0,0,2,0,0,0,1,0,1,0,0,0,4,1,1,0,0,0,0,0,0,1,0,0,0,0,0,0,0,0,0,0,3
20,0.5,270,0.95,0.3,910,TRUE,FALSE,1000,231,37,1,6,10,8,9,1,5,6,82,3,0,1,2,1,0,0,0,1,5,6,1,1,1,2,1,0,1,2,9,6,0,0,2,1,0,1,0,0,7,2,0,0,1,1,0,0,0,0,2,0,0,0,0,1,0,0,0,0,2,0,0,0,0,0,0,0,0,0,0,2,0,0,0,0,0,0,0,0,0,0,0,0,0,0,0,0,0,0,2
50,0.6,160,1,0.9,950,TRUE,FALSE,1000,231,39,3,4,11,7,5,2,3,8,83,5,1,0,0,1,1,0,0,3,2,1,0,0,0,2,1,0,0,0,10,3,0,1,0,0,2,0,0,2,8,4,0,1,1,1,0,0,1,1,5,3,0,0,0,0,0,0,0,0,1,0,0,0,0,0,0,0,0,0,0,0,1,0,0,1,1,0,0,0,1,0,0,0,0,0,0,0,0,0,2
80,0.7,270,0.93,0.6,460,FALSE,FALSE,1000,235,35,5,4,13,13,5,2,4,9,85,1,1,1,2,0,0,0,0,0,0,5,1,0,0,2,1,0,0,0,11,4,0,2,2,1,2,0,2,1,8,2,0,1,1,1,0,0,1,0,2,0,0,0,0,0,0,0,0,0,1,0,0,0,0,0,0,0,0,0,0,0,0,0,0,0,1,0,0,0,3,0,0,0,0,0,0,0,0,0,1
70,0.6,240,0.83,0.8,790,TRUE,TRUE,1000,233,52,2,0,7,10,5,2,4,6,86,7,1,0,0,0,0,1,0,0,1,3,0,1,0,2,0,0,0,1,2,6,1,1,0,3,0,0,0,1,13,4,0,1,2,0,0,0,0,0,2,1,0,0,0,0,0,0,0,1,1,0,0,0,0,0,0,0,0,0,0,0,0,0,0,1,0,0,0,0,0,0,0,0,0,1,0,0,0,0,2
10,0.7,110,0.46,0.9,430,TRUE,TRUE,1000,231,46,4,1,5,5,2,1,3,5,89,3,0,1,1,1,0,1,0,0,1,5,1,1,0,1,0,0,0,0,8,11,1,0,0,0,1,0,0,3,12,2,0,0,1,1,0,0,0,0,3,2,0,0,0,0,1,0,0,0,1,0,0,0,0,0,0,0,0,0,1,0,0,0,0,0,1,0,1,0,2,0,0,0,0,0,0,0,0,1,2
10,0.5,190,0.84,0.3,840,TRUE,FALSE,1000,238,44,2,3,5,5,5,2,3,4,97,3,0,0,3,0,0,1,0,0,1,3,0,0,4,0,0,0,0,0,4,8,0,1,1,0,3,0,1,0,16,3,0,0,0,1,0,0,0,1,4,1,0,0,0,0,0,0,1,0,2,0,0,1,0,0,1,0,0,0,1,1,0,0,0,0,0,0,0,0,0,0,0,0,1,0,0,0,0,0,2
70,0.6,210,0.86,0.6,780,FALSE,TRUE,1000,232,47,2,5,7,11,1,2,3,7,89,2,0,1,1,1,0,0,1,0,0,1,0,0,1,0,0,0,0,0,3,10,0,0,0,1,1,1,1,0,11,1,0,1,1,0,0,0,0,0,2,1,1,0,1,0,0,0,0,0,3,0,0,1,1,0,0,0,0,1,1,0,0,0,1,1,1,0,0,0,3,0,0,0,0,0,0,0,0,0,2
20,0.7,190,0.38,0.6,300,FALSE,TRUE,1000,235,45,1,2,7,3,4,3,4,5,91,5,0,5,0,0,0,1,1,0,2,1,0,0,1,2,1,0,0,0,2,10,0,1,0,1,1,1,0,0,17,3,1,0,2,0,0,0,0,3,2,0,0,0,0,0,0,0,0,0,1,0,0,0,0,0,0,0,0,1,2,0,0,0,0,1,0,0,0,0,0,0,0,0,0,1,0,0,0,0,2
20,0.5,190,0.71,0.8,320,TRUE,TRUE,1000,228,37,3,6,10,8,5,1,5,6,85,2,0,2,1,0,0,0,0,1,3,4,0,0,1,0,0,1,0,0,6,6,0,0,1,0,0,0,1,0,12,3,0,0,2,3,0,0,0,0,3,1,1,0,0,0,0,0,0,0,1,0,0,0,0,0,2,0,0,1,0,0,0,0,0,1,0,0,0,0,1,0,0,0,0,0,0,0,0,0,3
30,0.6,200,0.67,0.4,130,TRUE,TRUE,1000,240,42,2,4,7,7,6,2,4,3,97,3,0,1,2,0,0,0,0,0,1,1,0,0,1,1,0,0,1,0,5,10,0,0,2,1,2,0,0,1,14,2,1,1,1,1,1,0,0,0,3,0,0,0,1,0,1,0,2,0,1,2,0,0,0,0,0,0,0,0,2,0,0,0,0,0,0,1,1,0,0,0,0,0,0,0,0,0,0,0,0
20,0.9,280,0.52,0.5,710,TRUE,TRUE,1000,234,48,1,1,7,4,4,3,3,6,91,11,0,1,1,0,0,1,0,0,0,0,0,1,0,0,0,1,0,0,6,9,0,0,1,0,1,0,0,0,13,4,0,1,0,1,0,0,1,0,4,0,0,0,0,1,0,1,0,0,0,1,0,0,0,0,0,0,0,0,0,1,0,0,0,0,1,0,1,0,0,1,0,0,0,0,0,0,0,0,2
30,0.9,200,0.46,0.5,750,TRUE,TRUE,1000,238,45,7,3,6,4,6,3,3,3,86,9,0,1,2,2,1,1,1,0,0,1,0,0,0,0,0,0,0,1,7,8,2,0,1,2,1,0,0,1,11,5,0,0,1,1,0,0,0,1,3,3,0,0,0,0,0,0,0,1,3,0,0,0,0,0,1,0,0,0,0,1,0,0,1,0,0,0,0,0,0,0,0,0,0,0,0,0,0,0,0
90,0.5,240,0.41,0.7,820,TRUE,FALSE,1000,228,45,1,1,9,5,4,0,5,7,92,4,1,0,0,0,0,1,1,0,0,5,0,2,1,0,0,1,0,0,14,3,0,0,1,1,1,0,1,0,4,4,0,0,0,0,1,0,0,0,2,0,0,1,0,0,0,0,0,1,2,0,0,0,0,0,0,0,0,0,0,0,0,0,0,1,1,0,1,0,3,0,0,0,1,0,0,0,0,0,1
90,0.5,220,0.75,0.7,670,FALSE,TRUE,1000,230,41,0,6,12,11,3,3,2,6,81,4,0,0,0,0,0,0,0,1,2,7,0,0,0,1,1,1,0,1,10,6,0,0,1,2,0,0,1,0,7,3,0,1,0,2,0,1,0,0,3,0,0,1,1,0,0,0,0,0,2,0,0,0,0,0,0,0,2,0,1,0,0,0,0,0,1,0,0,0,0,1,0,0,0,0,0,0,0,0,2
60,0.8,290,0.57,0.9,390,FALSE,TRUE,1000,230,49,3,5,11,7,6,1,4,4,75,3,1,3,0,2,0,0,0,0,1,4,1,0,0,2,0,0,1,0,6,6,0,1,1,1,1,0,0,1,9,7,1,0,1,0,0,0,1,1,5,1,0,0,0,0,0,0,0,0,1,0,0,0,0,0,1,0,0,0,0,0,0,0,0,0,0,0,0,0,0,1,0,0,0,0,0,0,0,0,2
70,0.5,220,0.39,0.6,770,FALSE,TRUE,1000,235,40,1,5,8,9,3,2,4,4,85,2,0,0,3,1,1,0,2,1,2,8,0,0,1,2,0,1,2,1,5,5,1,1,2,1,1,0,0,0,11,2,0,0,0,1,1,0,1,1,2,1,0,2,1,0,0,0,0,0,0,1,0,0,0,0,0,0,1,0,1,0,0,0,0,1,0,0,1,0,0,0,0,0,0,1,0,0,0,0,3
30,0.5,280,0.44,0.9,940,TRUE,FALSE,1000,228,43,4,1,5,7,5,0,4,6,88,2,1,2,0,2,0,0,2,1,2,1,0,1,2,0,0,0,0,0,1,10,1,1,1,2,1,0,1,1,17,3,0,0,2,0,0,0,0,0,1,0,0,0,0,0,0,0,0,0,3,0,0,0,0,1,0,0,0,0,0,1,0,0,0,0,0,0,0,0,0,0,0,0,0,0,0,0,0,0,3
90,0.6,100,0.35,0.5,860,TRUE,TRUE,1000,234,37,3,3,11,12,5,1,5,9,84,3,0,0,1,0,0,1,1,0,0,3,0,1,0,1,1,1,0,0,7,8,0,0,2,3,0,1,0,0,12,1,0,1,0,0,0,0,1,0,4,1,0,1,1,1,0,0,0,0,1,0,0,1,0,0,1,1,0,1,0,0,0,0,0,0,0,0,0,0,1,1,0,0,0,0,0,0,0,0,1
20,0.7,100,0.31,0.8,610,FALSE,FALSE,1000,223,39,4,6,6,12,6,1,4,6,79,3,2,1,0,1,0,0,0,1,2,1,0,0,0,0,0,0,0,0,1,5,0,0,0,0,1,0,0,3,10,3,1,0,1,3,0,0,1,2,5,2,0,0,1,0,1,0,0,0,2,0,1,0,0,0,1,0,0,0,2,1,0,0,0,0,0,0,0,0,2,1,0,0,0,0,0,0,0,0,0
20,0.8,180,0.98,0.3,1000,FALSE,FALSE,1000,227,42,3,3,7,6,4,1,5,7,81,6,2,0,0,2,0,1,2,0,0,3,0,0,0,2,0,0,0,0,1,12,1,0,0,0,1,0,1,1,15,2,0,0,0,2,1,0,0,0,6,2,0,0,0,0,0,0,0,2,0,0,0,0,0,0,0,0,0,0,0,1,0,0,0,1,0,0,0,0,0,0,0,0,0,0,0,0,0,0,2
70,0.7,140,0.95,0.9,920,TRUE,FALSE,1000,233,46,2,3,6,7,4,2,0,1,91,4,3,0,2,0,1,0,1,2,2,4,0,0,0,0,0,0,1,0,7,11,0,0,2,2,0,0,1,2,12,0,0,1,1,0,0,0,1,2,2,0,0,0,1,0,0,0,0,1,1,0,0,0,0,1,0,0,0,0,0,0,0,0,1,1,0,0,1,0,1,0,0,0,0,0,0,0,0,0,0
90,0.9,270,0.44,0.5,810,TRUE,FALSE,1000,234,39,4,8,8,9,7,3,4,4,86,1,0,0,0,0,1,0,0,0,0,4,1,0,1,1,1,0,0,1,1,5,0,1,3,0,1,1,1,2,12,4,0,0,1,1,1,0,0,0,6,1,0,0,2,1,0,0,0,1,0,0,0,0,0,0,0,0,0,0,1,0,0,0,1,0,0,0,0,0,3,1,0,0,0,0,0,0,0,0,1
80,0.9,300,0.53,0.5,170,FALSE,FALSE,1000,235,50,0,7,5,3,4,2,5,4,88,3,2,0,0,2,0,0,0,0,2,3,0,1,1,1,0,0,0,1,8,6,0,0,1,0,1,0,0,1,9,3,0,1,1,2,0,1,1,0,5,1,0,0,0,1,0,0,1,0,0,1,0,0,0,0,0,0,0,0,2,2,0,0,0,0,1,0,0,0,0,0,0,0,0,0,0,0,1,0,2
60,0.5,280,0.65,0.8,380,TRUE,FALSE,1000,231,44,3,4,7,7,4,3,4,5,83,7,0,1,0,2,2,1,0,0,0,4,1,0,1,0,0,0,2,0,10,5,0,1,1,1,1,0,0,0,9,2,0,0,1,1,0,0,0,1,1,2,0,0,1,1,0,0,0,0,2,0,0,0,0,1,0,0,0,0,0,1,0,0,0,0,1,0,1,0,0,0,0,0,0,0,0,0,0,1,2
90,0.8,220,0.59,0.8,930,FALSE,FALSE,1000,231,45,2,3,10,13,4,1,4,7,83,1,0,1,2,2,0,0,1,1,0,4,0,1,1,0,0,0,0,0,5,1,0,1,0,0,2,0,0,0,7,3,0,2,1,2,0,0,0,2,1,1,0,0,1,0,0,1,1,0,2,0,0,1,0,0,0,0,0,1,4,0,0,0,0,0,1,0,0,0,4,0,0,0,0,1,0,0,0,0,1
100,0.5,270,0.62,0.5,390,TRUE,TRUE,1000,232,36,4,6,11,13,5,4,23,7,57,2,1,0,0,0,0,0,0,1,2,5,1,1,2,4,0,1,1,2,7,3,0,0,1,2,0,2,1,0,4,3,0,0,2,0,0,0,1,2,2,0,0,0,0,1,0,1,0,0,1,0,0,0,0,0,0,0,0,0,1,2,1,0,1,0,0,0,0,0,0,1,0,0,0,0,0,2,2,0,1
90,0.6,270,0.74,0.9,930,TRUE,TRUE,1000,236,45,2,3,8,3,3,1,3,3,96,8,2,0,0,2,0,0,0,1,0,4,1,0,0,1,2,0,1,0,10,7,1,0,0,0,2,0,1,0,12,3,0,0,1,0,0,0,0,0,2,2,1,0,0,0,0,0,0,2,1,0,0,0,0,0,0,0,0,0,0,0,0,0,0,0,1,0,0,0,0,0,0,0,0,0,0,0,0,0,2
70,0.7,190,0.59,0.7,410,TRUE,TRUE,1000,232,39,4,7,9,12,7,1,7,9,72,3,2,2,0,0,0,0,3,0,0,6,0,0,4,1,0,0,1,0,12,4,0,2,0,2,1,0,0,2,3,3,0,0,3,0,0,1,0,0,4,0,0,1,0,0,0,0,0,0,1,0,0,0,0,0,0,0,0,0,0,0,0,0,1,0,0,0,0,0,1,0,0,0,0,0,0,0,0,1,2
80,0.5,220,0.34,0.4,550,TRUE,FALSE,1000,228,48,2,5,8,7,3,3,4,0,85,7,0,0,0,2,0,0,0,0,1,2,0,0,2,0,1,0,0,1,4,6,0,1,0,2,1,0,0,1,12,3,0,0,0,1,1,2,0,2,3,2,0,0,0,0,0,0,0,1,0,1,0,0,0,0,0,0,0,0,1,0,0,0,0,1,0,0,0,0,0,0,0,0,0,0,0,0,0,0,3
80,0.9,250,0.88,0.7,850,FALSE,TRUE,1000,240,48,2,0,6,5,4,1,2,5,93,4,1,2,2,0,0,0,1,1,0,3,1,2,0,1,0,0,0,0,4,7,1,0,1,1,1,0,0,0,18,2,1,2,0,0,1,0,3,0,3,1,0,0,0,2,0,0,0,0,1,1,0,0,0,1,0,0,1,1,1,0,0,0,0,0,0,1,0,0,1,0,0,0,0,0,0,0,0,1,0
80,0.9,220,0.54,0.9,260,FALSE,FALSE,1000,228,40,4,0,6,7,6,2,3,3,89,6,0,0,1,2,1,0,1,1,0,6,0,0,1,0,0,0,0,0,4,7,0,0,1,2,0,0,0,1,13,3,0,0,1,0,1,0,0,2,4,2,0,1,0,0,0,0,0,0,2,0,0,0,0,1,0,0,0,0,0,0,0,0,0,0,0,0,0,0,1,0,0,0,0,0,0,0,1,1,2
50,0.5,300,0.87,0.3,660,FALSE,FALSE,1000,232,33,4,5,14,12,11,3,7,4,75,2,0,1,1,2,0,1,1,0,0,3,0,0,0,1,3,0,1,1,3,4,0,1,3,2,0,0,0,1,15,6,0,0,0,1,0,0,1,1,3,0,0,0,0,1,0,0,1,0,1,0,0,0,0,1,1,0,0,0,0,0,0,0,0,0,0,0,0,0,0,0,0,0,0,0,0,0,0,0,2
90,0.6,210,0.71,0.3,180,TRUE,FALSE,1000,226,42,1,3,8,11,4,1,3,7,86,1,0,0,1,2,0,0,0,1,0,1,0,1,0,0,0,1,0,0,7,9,1,0,0,1,0,0,0,1,12,2,0,1,0,2,1,0,1,2,3,0,0,0,0,2,0,0,0,0,1,0,1,0,1,0,0,0,0,0,0,0,0,0,0,1,0,0,0,0,0,0,0,0,0,0,0,0,0,1,3
70,0.8,200,0.49,0.5,310,FALSE,TRUE,1000,228,45,0,1,8,7,4,1,4,4,88,1,0,1,1,2,0,2,0,0,2,5,0,1,0,1,0,0,0,0,4,8,0,0,3,0,2,0,0,0,12,3,1,2,2,0,0,0,1,0,3,0,0,0,0,1,0,0,0,0,1,0,0,0,0,0,0,0,0,1,1,0,0,0,0,0,2,0,0,0,2,0,0,0,0,0,0,0,0,0,2
100,0.6,300,0.58,0.9,630,FALSE,FALSE,1000,225,47,5,4,5,5,6,1,3,4,81,4,3,0,1,1,0,1,0,1,0,2,0,1,1,0,0,0,1,1,11,9,0,0,2,0,2,2,0,0,5,4,0,0,1,0,1,0,0,0,3,1,0,0,0,0,0,0,0,0,1,1,0,0,0,0,0,0,0,1,0,0,0,0,0,0,0,0,0,0,1,1,0,0,0,0,0,0,0,0,2
70,0.5,150,0.61,0.4,950,TRUE,FALSE,1000,230,35,2,5,12,9,7,2,5,5,87,4,0,0,2,1,0,0,0,0,0,3,0,0,1,0,1,0,0,1,9,6,0,0,1,0,4,0,0,1,11,0,1,2,1,0,1,0,0,0,4,0,0,0,0,0,0,0,0,1,0,1,0,0,0,0,0,0,0,0,1,1,0,0,0,1,1,0,0,0,1,0,0,0,0,0,0,0,0,0,1
40,0.9,210,0.56,0.4,280,TRUE,FALSE,1000,228,33,4,8,15,12,6,4,7,8,76,1,1,0,2,0,0,1,0,0,0,2,2,2,1,1,0,1,0,0,5,1,1,0,3,1,0,0,0,1,10,5,0,0,1,0,0,0,0,1,1,0,1,1,0,0,0,0,0,1,1,0,0,1,0,0,1,0,0,0,2,1,0,0,0,0,1,0,0,0,1,0,0,1,0,0,0,0,0,0,0
100,0.8,280,0.56,0.7,170,FALSE,FALSE,1000,234,50,1,2,6,4,3,2,8,5,86,8,1,1,3,0,1,0,0,0,1,5,0,1,0,2,0,0,1,1,11,2,0,0,0,0,0,0,1,0,8,7,0,1,1,0,1,0,0,0,2,0,0,0,0,0,2,0,0,0,0,0,0,0,0,0,0,0,0,1,1,0,0,0,0,0,1,0,0,0,0,1,0,0,0,0,0,0,0,0,2
80,0.5,280,0.96,0.5,1000,FALSE,TRUE,1000,243,51,1,3,4,9,5,2,4,3,89,5,3,1,2,0,0,0,0,0,0,2,0,0,1,1,1,0,1,0,12,7,0,0,2,1,0,0,1,0,5,7,0,0,1,1,2,0,1,1,2,0,0,0,1,1,0,0,0,1,3,1,0,0,0,0,0,0,0,0,1,2,0,0,1,0,0,0,0,0,1,0,0,0,0,0,0,0,0,0,1
20,0.8,210,0.33,0.9,110,TRUE,FALSE,1000,230,46,1,7,11,7,5,1,2,9,75,5,0,1,0,1,1,0,0,1,1,1,1,0,1,0,0,0,1,0,7,5,0,0,1,0,3,0,1,0,9,3,0,0,2,2,0,0,1,1,3,1,1,0,2,0,0,0,0,0,1,2,0,0,0,1,0,0,0,0,0,0,0,0,1,0,1,0,0,0,2,1,0,0,1,0,0,0,0,0,1
40,0.9,220,0.77,0.8,790,FALSE,FALSE,1000,232,39,4,5,9,10,3,3,9,6,81,5,2,0,0,0,0,0,0,0,1,3,0,1,2,0,0,0,1,2,3,8,0,0,1,2,0,0,1,0,12,5,0,0,0,2,1,1,1,0,1,0,0,0,0,0,0,1,1,0,2,0,0,0,0,0,0,0,0,0,1,0,1,0,0,0,1,0,0,0,1,0,0,0,0,0,0,0,0,0,1
50,0.7,110,0.54,0.7,140,FALSE,FALSE,1000,229,49,5,7,6,10,4,1,7,4,69,6,2,0,0,1,0,2,0,0,0,5,0,1,0,1,0,0,1,0,1,12,0,1,1,1,2,0,0,2,13,4,0,0,1,0,0,0,0,0,1,0,0,0,0,1,0,0,1,0,2,1,0,0,0,1,0,0,0,0,0,1,0,0,0,0,0,0,0,0,3,0,0,0,0,0,0,0,0,0,0
30,0.8,240,0.96,0.5,530,TRUE,TRUE,1000,229,45,2,3,7,9,2,3,4,4,87,3,0,1,2,1,0,0,1,0,0,3,0,0,0,1,1,0,0,0,4,8,0,1,3,1,1,0,0,1,15,0,1,0,1,1,1,0,0,0,2,3,0,0,0,0,0,0,0,0,1,0,0,0,1,1,0,0,0,1,0,0,0,0,0,0,0,0,0,0,1,1,0,0,0,0,0,0,0,0,2
20,0.7,130,0.34,0.4,870,TRUE,FALSE,1000,232,43,2,4,12,10,7,1,6,4,85,4,0,0,0,1,0,0,0,0,1,0,0,0,1,0,1,0,0,0,3,5,0,2,0,3,1,0,0,1,17,4,0,0,0,1,0,0,0,1,0,1,1,1,0,0,0,1,0,0,2,1,0,0,0,0,1,0,1,0,1,1,0,0,0,0,0,0,0,0,1,0,0,0,0,0,0,0,0,0,1
10,0.6,100,0.52,0.6,200,TRUE,TRUE,1000,233,45,1,7,6,8,3,0,4,7,84,4,0,3,3,2,0,0,0,0,2,1,1,0,0,0,0,0,0,0,4,6,1,1,1,2,1,1,2,0,9,7,0,0,1,0,1,3,0,1,5,1,0,0,0,0,0,0,0,0,1,0,0,0,0,0,1,0,0,0,0,0,0,0,1,0,0,0,0,1,1,0,0,0,0,0,0,0,0,0,1
70,0.7,130,0.44,0.6,750,TRUE,TRUE,1000,226,43,1,2,6,6,6,1,2,6,91,1,0,2,1,0,0,0,0,0,1,2,0,0,1,1,0,0,1,0,3,5,0,0,2,1,1,0,1,0,17,4,0,1,1,1,0,0,0,0,5,1,0,0,0,0,0,1,0,1,1,1,0,0,0,0,0,0,0,0,1,0,0,1,0,0,1,0,0,0,1,0,0,0,0,0,0,0,0,0,2
60,0.7,230,0.35,0.4,420,FALSE,TRUE,1000,235,57,4,4,9,6,3,2,7,1,81,6,0,0,0,0,0,1,1,0,1,2,1,0,1,0,1,1,0,0,3,4,0,0,2,0,1,0,1,0,11,3,2,1,0,2,0,1,0,1,3,3,1,0,0,0,0,0,0,0,0,1,0,0,0,0,1,0,0,1,0,0,0,0,0,0,0,0,0,0,3,1,0,0,0,0,0,0,0,0,1
50,0.7,150,0.69,0.6,700,TRUE,TRUE,1000,230,45,3,3,7,6,5,1,2,7,87,3,0,1,2,1,0,1,0,1,2,3,1,0,0,0,0,1,0,0,6,5,1,0,0,3,0,0,1,1,12,4,0,0,1,0,0,0,0,0,0,1,0,0,1,0,1,0,0,0,2,1,0,0,0,0,0,0,0,1,2,0,0,0,1,0,1,0,0,1,0,0,0,0,0,0,0,0,0,0,3
10,0.7,280,0.49,0.9,450,FALSE,FALSE,1000,234,45,3,2,13,7,8,3,4,7,81,3,0,1,0,1,1,0,0,0,1,5,0,0,0,2,0,0,0,0,9,2,1,0,1,1,1,0,1,1,3,6,0,0,1,1,0,0,2,0,5,0,1,0,1,0,0,0,0,0,2,2,0,0,0,0,1,0,0,1,0,0,0,0,0,0,0,0,0,0,3,0,0,1,0,0,0,0,0,0,1
90,0.6,120,0.43,0.8,480,TRUE,TRUE,1000,228,51,0,2,11,1,3,0,3,6,89,4,0,1,1,1,0,0,1,0,1,5,0,0,0,2,0,0,1,1,13,8,0,0,0,0,2,0,1,0,4,2,1,2,2,0,0,0,0,0,2,1,0,1,0,0,0,0,1,0,0,0,0,0,0,0,1,0,0,0,1,0,0,0,0,0,0,0,0,0,1,0,0,0,1,0,0,0,0,0,1
30,0.6,300,0.44,0.3,140,FALSE,TRUE,1000,232,39,2,3,6,7,1,0,3,8,92,6,1,1,1,0,0,0,0,1,1,10,0,1,0,0,0,0,0,0,16,4,0,0,2,0,3,0,2,0,4,3,1,0,1,2,0,1,0,1,1,1,0,0,0,0,0,0,0,1,1,0,0,0,0,0,0,0,0,0,1,0,0,0,1,0,1,0,0,0,1,0,0,0,0,0,0,0,0,0,2
80,0.5,100,0.79,0.5,710,FALSE,FALSE,1000,232,43,1,4,12,13,4,2,4,5,76,3,1,3,0,0,1,2,0,0,4,0,1,1,0,2,0,0,1,0,9,11,0,0,2,3,1,1,0,0,7,3,0,0,1,1,0,1,0,0,3,0,0,0,0,0,0,0,0,1,2,1,0,0,0,0,1,0,0,0,0,0,0,0,0,0,0,0,0,0,0,0,0,0,0,0,0,0,0,0,2
40,0.6,100,0.75,0.3,750,TRUE,TRUE,1000,232,36,1,7,10,16,5,5,3,7,76,4,1,1,1,0,0,2,0,0,1,4,2,1,1,0,0,1,0,1,8,3,0,1,0,1,3,0,2,1,8,2,0,0,1,3,0,0,0,0,2,2,0,0,1,0,0,0,0,1,2,0,0,0,0,0,0,0,0,1,0,1,0,0,0,0,1,0,0,0,1,0,0,0,0,0,0,0,0,0,2
90,0.6,180,0.65,0.5,110,FALSE,TRUE,1000,229,53,3,5,7,10,2,2,3,3,79,6,0,1,1,1,0,1,0,1,0,2,0,0,0,1,0,1,0,0,5,5,0,0,1,1,1,0,0,1,10,6,0,0,0,0,1,0,0,0,5,2,0,1,0,0,0,0,0,1,0,2,0,0,0,0,0,0,0,0,1,0,1,0,1,0,0,0,0,0,0,1,0,0,0,0,0,0,0,0,2
60,0.9,260,0.5,0.5,440,TRUE,TRUE,1000,237,53,2,1,8,4,5,2,3,9,79,8,1,1,0,1,0,0,0,0,0,5,0,0,0,0,1,1,0,1,2,8,0,0,0,1,1,0,0,0,15,7,1,0,1,1,0,0,0,0,2,3,0,0,0,0,0,0,0,1,0,2,0,0,0,0,1,0,0,0,2,0,0,0,0,0,0,0,0,1,2,0,0,0,0,0,0,0,0,1,1
30,0.6,250,0.33,0.9,120,FALSE,TRUE,1000,234,45,1,2,5,5,3,3,2,5,90,5,0,3,4,1,1,0,0,1,1,4,0,0,0,1,0,0,0,0,3,14,0,0,1,0,1,0,0,0,18,1,0,0,1,1,0,0,0,1,1,0,0,0,0,2,1,0,0,0,2,1,0,0,0,1,0,0,0,0,1,0,0,0,0,0,0,0,0,0,0,1,0,0,0,0,0,0,0,0,2
40,0.9,200,0.81,0.6,190,FALSE,FALSE,1000,228,38,2,4,7,11,0,3,4,7,88,5,0,0,1,1,0,0,0,0,5,0,0,0,0,1,0,0,0,0,2,5,0,0,0,1,0,0,0,2,14,4,0,1,1,0,1,0,1,1,5,2,0,0,0,1,0,0,0,1,2,2,0,0,0,0,0,0,0,0,1,1,1,0,0,0,1,0,0,0,0,0,0,0,0,0,0,0,0,0,2
50,0.8,210,0.44,0.8,810,TRUE,FALSE,1000,236,51,2,0,10,8,5,0,4,6,86,2,0,1,0,1,0,0,0,1,0,3,1,0,0,1,1,0,0,0,1,5,1,1,0,0,1,0,1,1,14,2,0,0,2,1,0,0,0,1,2,4,0,2,0,2,0,0,0,1,3,0,0,0,0,0,0,0,1,0,0,1,0,0,2,1,0,0,0,0,1,1,0,0,0,0,0,0,0,0,2
80,0.6,250,0.36,0.5,350,FALSE,FALSE,1000,230,41,4,6,9,8,6,3,4,5,80,7,1,1,0,0,1,0,1,0,2,2,1,0,0,0,2,0,0,0,3,6,0,0,1,2,0,0,0,3,14,5,0,0,0,0,0,0,1,0,3,1,0,0,0,0,0,0,0,0,1,0,0,0,0,1,0,0,1,0,0,0,0,0,1,0,1,0,0,0,0,0,0,0,0,1,0,0,0,0,2
20,0.8,270,0.87,0.4,510,TRUE,TRUE,1000,232,43,3,0,8,5,6,1,2,5,89,6,1,1,1,2,0,0,0,0,2,3,1,1,0,3,1,0,0,0,8,9,0,0,1,1,0,0,0,1,11,3,0,0,1,0,1,0,0,0,4,1,0,0,0,0,1,0,0,0,1,0,0,0,1,0,0,0,0,2,0,1,0,0,0,1,0,0,0,0,0,0,0,0,0,0,0,0,0,0,1
40,0.8,200,0.84,0.8,230,FALSE,TRUE,1000,229,44,4,2,8,5,6,1,3,5,89,5,0,0,0,0,0,0,0,0,0,3,0,0,1,1,4,0,0,0,6,10,0,1,1,1,1,0,2,0,12,1,0,0,1,0,0,0,0,0,4,2,0,1,0,1,0,0,1,0,1,0,0,0,0,0,0,0,0,0,0,1,0,0,0,0,0,0,0,0,0,0,0,0,0,0,0,0,0,0,2
10,0.7,290,0.82,0.6,710,FALSE,TRUE,1000,233,39,1,3,10,6,6,1,3,7,90,3,1,1,1,1,2,0,0,1,1,5,0,1,0,0,3,0,0,0,17,6,0,0,1,1,1,0,2,0,2,3,0,0,1,1,0,0,0,1,0,1,1,0,1,0,0,1,0,0,3,0,0,0,0,0,0,0,0,0,0,0,0,0,0,0,1,0,0,0,0,1,0,0,0,0,0,1,0,0,2
90,0.8,130,0.85,0.8,320,FALSE,FALSE,1000,235,54,0,2,6,5,3,2,4,4,87,1,0,1,2,1,1,0,0,0,0,5,0,2,0,0,0,0,0,0,12,9,0,0,1,0,1,0,0,1,7,3,0,1,0,1,0,0,0,0,0,7,0,1,0,1,0,0,0,1,3,1,0,0,0,0,0,0,1,0,0,0,0,0,0,1,0,0,0,0,0,0,0,0,0,0,0,0,0,2,2
70,0.7,210,0.49,0.7,800,FALSE,FALSE,1000,232,42,1,5,8,9,5,2,3,1,88,5,1,0,1,1,0,0,2,1,2,0,0,0,1,1,1,0,1,1,8,6,1,1,0,2,1,0,0,0,12,3,1,0,0,1,0,1,0,0,3,1,1,0,0,0,0,0,0,0,2,0,0,0,0,0,1,0,0,0,1,1,0,0,0,0,1,0,0,0,0,0,0,0,0,0,0,0,0,0,2
20,0.8,140,0.39,0.9,190,FALSE,TRUE,1000,231,40,4,4,12,8,5,1,5,7,80,1,2,0,0,0,2,1,0,0,3,0,0,1,1,2,1,0,0,0,5,11,0,2,2,0,1,1,0,0,7,3,0,0,0,2,1,0,1,1,3,0,1,0,1,1,0,0,0,0,3,0,0,0,0,0,0,0,0,0,1,0,1,0,0,0,1,0,0,0,2,0,0,0,0,0,0,0,0,0,1
100,0.5,290,0.52,0.9,960,TRUE,FALSE,1000,234,47,1,5,6,6,7,2,3,4,85,3,1,0,1,0,0,2,1,0,1,5,0,1,1,1,0,0,0,0,10,5,1,0,0,1,2,1,1,1,6,8,1,0,1,0,0,0,0,1,2,1,1,0,0,1,1,0,0,0,1,0,0,0,0,0,0,0,0,0,0,0,0,0,1,0,0,0,0,0,2,0,0,0,0,0,0,0,0,0,3
80,0.9,160,1,0.8,640,FALSE,FALSE,1000,227,29,4,6,13,9,5,2,3,9,88,1,2,1,0,0,0,1,0,0,0,1,1,0,0,0,0,1,0,1,4,9,1,1,1,3,1,0,2,1,12,1,0,0,0,0,1,1,1,0,3,0,0,1,1,0,0,0,0,1,0,0,0,0,0,0,1,0,0,0,2,0,0,0,0,0,0,0,1,0,0,0,0,0,0,0,0,0,0,0,2
20,0.7,270,0.86,0.8,320,FALSE,TRUE,1000,236,44,3,4,10,7,4,1,3,5,86,6,1,0,1,2,1,0,0,1,0,1,1,0,0,0,0,0,0,0,4,12,0,0,1,2,1,0,1,1,16,3,0,0,1,1,0,0,0,1,0,1,0,0,1,0,0,0,0,1,4,0,0,0,0,1,0,0,0,0,0,0,0,0,0,0,0,0,0,1,2,0,0,0,0,0,0,0,0,0,1
10,0.5,200,0.32,0.7,190,FALSE,FALSE,1000,239,42,2,5,3,3,2,0,5,2,97,6,1,1,4,0,1,0,1,0,3,5,1,0,1,1,1,0,0,1,8,9,0,1,0,2,1,0,1,0,10,3,0,2,0,1,0,0,1,2,3,1,0,0,0,0,1,0,0,0,0,1,0,0,0,0,0,0,0,0,0,0,0,0,0,0,2,0,0,0,1,0,0,0,0,1,0,0,0,0,1
70,0.9,100,0.7,0.9,350,FALSE,FALSE,1000,227,40,5,4,9,9,8,2,4,7,84,1,1,1,0,0,0,0,0,1,0,1,0,0,0,0,0,0,1,1,7,6,1,1,1,2,1,1,0,0,14,2,0,1,1,1,0,1,0,1,0,2,0,0,0,0,0,0,0,0,1,1,0,0,0,0,0,0,0,0,1,0,0,0,0,0,1,0,0,0,0,0,0,0,0,0,0,0,0,0,2
20,0.6,230,0.93,0.5,190,TRUE,FALSE,1000,228,34,3,8,6,10,7,2,4,7,91,4,0,0,0,0,1,1,0,0,0,2,2,0,1,0,0,0,0,2,3,7,0,0,2,1,2,0,0,1,13,2,0,0,0,1,0,2,0,0,3,0,0,0,0,1,0,0,0,0,1,0,0,0,0,0,0,0,1,0,0,0,0,0,0,0,1,0,0,0,0,1,0,0,0,0,0,0,0,0,2
50,0.7,210,0.84,0.6,420,TRUE,TRUE,1000,228,42,2,2,12,2,4,0,4,4,92,2,1,1,2,0,0,2,0,1,2,7,0,0,0,1,1,0,0,0,11,7,1,0,1,1,3,0,1,0,9,0,1,2,0,0,0,0,0,0,2,1,0,0,0,0,0,0,0,1,0,0,0,0,0,0,1,0,0,0,0,1,0,0,0,0,0,0,0,0,0,0,0,0,0,0,0,0,0,1,1
50,0.9,150,0.83,0.9,960,TRUE,TRUE,1100,224,40,3,4,8,4,5,3,1,7,83,6,0,0,1,1,1,0,1,1,1,2,0,1,0,0,0,0,1,2,8,6,1,0,2,1,0,0,2,2,8,3,0,0,1,2,0,0,0,0,2,2,0,0,1,0,0,0,0,1,1,0,0,0,1,1,0,0,0,0,1,0,0,0,0,0,0,0,0,0,0,0,0,0,0,0,0,0,0,0,3
80,0.9,230,0.48,0.6,510,TRUE,FALSE,1100,220,26,3,6,10,9,2,0,5,6,93,5,0,0,0,1,0,0,0,0,0,2,0,0,0,1,0,0,0,1,11,6,0,0,0,1,2,0,1,0,11,2,1,1,1,0,0,2,1,0,3,0,0,0,0,0,0,0,0,2,0,1,1,0,0,0,0,0,0,0,0,1,0,0,0,1,0,0,0,0,0,0,0,0,0,0,0,0,0,0,2
50,0.6,150,0.93,0.8,410,TRUE,FALSE,1100,228,43,2,1,5,3,7,1,3,3,92,5,1,1,0,2,1,0,0,0,0,9,1,0,0,1,1,0,1,1,16,3,2,0,1,1,0,0,0,1,4,3,1,0,1,0,0,0,1,1,2,0,0,0,0,1,0,0,0,0,2,0,0,0,0,0,1,0,0,0,0,1,0,0,0,0,1,0,0,0,0,0,0,0,0,0,0,0,0,0,2
60,0.8,210,0.43,0.6,830,FALSE,FALSE,1100,219,39,2,3,5,12,3,1,4,4,83,3,0,2,0,0,1,1,0,0,1,3,0,1,1,1,0,0,0,0,9,7,1,0,0,2,2,1,1,2,7,2,3,0,0,0,1,0,0,0,3,3,0,0,0,0,0,0,0,0,1,0,0,0,0,0,0,0,0,0,0,0,0,0,0,1,0,0,0,1,0,1,0,1,0,0,0,0,0,0,1
80,0.5,130,0.77,0.6,810,FALSE,TRUE,1100,226,44,4,4,9,4,2,2,1,7,82,6,2,1,0,0,0,0,0,0,0,5,0,1,0,1,0,1,0,1,9,11,0,0,0,2,1,0,1,0,11,3,1,0,0,1,1,0,0,1,2,0,0,0,0,0,1,0,0,0,1,1,0,0,0,0,0,0,0,0,0,0,0,0,1,0,0,0,0,0,1,0,0,0,0,0,0,0,0,0,1
40,0.9,120,0.42,0.3,700,FALSE,TRUE,1100,223,40,2,3,7,8,5,0,3,7,83,1,1,1,1,1,0,0,1,0,1,4,0,0,1,1,0,0,0,1,7,7,0,0,1,2,1,0,1,1,12,3,0,2,1,2,0,0,0,0,3,0,0,0,0,0,0,0,1,1,1,1,0,0,0,0,1,0,0,0,0,1,0,0,0,1,0,0,0,0,0,0,0,0,0,0,0,0,0,0,2
80,0.7,220,0.86,0.9,830,TRUE,FALSE,1100,216,48,2,1,4,5,0,1,3,5,85,4,0,0,2,0,1,0,0,0,1,4,0,0,0,0,0,0,0,1,3,6,0,1,0,0,1,0,2,0,10,2,0,1,0,3,0,1,0,0,5,3,0,0,0,1,0,1,0,0,1,0,0,0,0,1,0,1,0,0,1,1,0,0,0,0,0,0,0,0,2,0,0,0,0,0,0,0,1,0,2
90,0.8,130,0.47,0.7,280,TRUE,TRUE,1100,218,38,2,3,13,5,3,4,4,7,76,2,1,0,2,0,0,0,0,0,2,4,0,0,0,0,1,0,2,0,2,5,1,1,3,2,0,1,3,0,14,1,0,0,0,1,0,2,0,0,3,1,1,0,0,0,0,0,0,0,3,0,0,0,1,0,1,0,0,0,0,0,0,0,0,0,0,0,0,0,3,0,0,0,0,0,0,0,1,0,0
20,0.6,300,0.71,0.8,570,TRUE,FALSE,1100,220,34,4,3,10,5,3,2,2,5,85,3,1,2,0,2,0,1,0,0,1,2,1,0,1,1,0,0,1,0,8,8,0,0,1,1,1,0,0,1,16,1,0,0,0,0,1,0,1,1,1,1,0,1,0,1,0,0,0,0,0,1,0,0,0,1,0,0,0,0,1,0,0,0,0,0,0,0,0,0,1,0,0,0,1,1,0,0,0,1,1
60,0.8,220,0.86,0.8,950,FALSE,FALSE,1100,217,30,4,7,9,6,3,3,1,5,81,8,0,1,1,3,1,1,0,0,2,4,0,1,0,0,1,0,0,0,1,3,0,1,0,2,1,0,0,0,20,6,0,0,0,2,1,0,0,0,2,1,0,0,0,0,0,0,0,0,0,0,0,0,1,1,0,0,1,0,0,0,1,0,0,0,0,0,0,0,0,0,0,0,0,0,0,0,1,0,1
30,0.5,120,0.8,0.4,650,TRUE,FALSE,1100,217,40,1,3,4,4,2,2,5,1,89,4,0,1,1,0,0,0,0,1,1,6,0,1,1,0,1,1,0,0,2,7,0,1,1,1,1,0,0,0,19,4,1,0,0,0,0,0,0,0,1,0,0,0,1,2,0,0,0,2,0,1,0,0,0,0,0,0,0,0,1,0,0,0,0,1,0,0,0,0,0,1,0,0,0,0,0,0,0,1,1
20,0.5,270,0.32,0.3,920,FALSE,FALSE,1100,216,43,0,1,4,3,4,1,3,3,90,7,0,0,1,1,0,0,1,0,0,5,0,1,1,0,0,0,0,0,6,3,1,0,0,0,0,2,0,1,14,3,0,0,1,0,0,0,0,0,2,2,0,0,1,2,1,0,0,0,4,2,0,0,0,0,0,0,0,0,0,1,0,0,1,0,0,0,0,0,0,0,0,0,0,0,1,0,0,0,0
80,0.7,220,0.92,0.5,820,TRUE,FALSE,1100,226,33,5,2,11,5,4,1,4,4,95,2,2,1,0,0,0,1,0,1,1,3,0,0,0,0,2,0,1,0,16,6,0,0,0,0,1,0,0,3,4,4,0,1,2,0,0,0,0,0,2,1,0,0,0,0,1,0,0,0,0,0,0,0,0,0,0,0,0,1,2,1,0,0,0,1,1,0,0,0,1,0,0,0,0,0,0,1,0,0,0
90,0.6,250,0.44,0.3,530,FALSE,FALSE,1100,216,36,2,7,7,6,6,3,2,4,73,7,0,0,1,2,0,1,0,0,2,2,0,1,1,1,1,1,0,1,11,8,0,0,3,0,0,1,0,1,9,4,1,0,0,0,1,0,0,0,3,2,0,0,0,0,0,0,0,1,0,0,0,0,0,0,0,0,0,0,1,0,0,0,0,2,0,0,0,0,0,0,0,0,0,1,0,0,0,0,1
30,0.9,200,0.45,0.7,930,TRUE,FALSE,1100,219,35,0,1,3,10,3,4,4,3,91,2,1,1,0,1,1,0,1,0,3,7,1,0,1,0,1,0,0,1,14,2,0,1,2,0,1,0,0,1,8,4,0,1,0,0,1,0,0,0,1,1,0,0,0,0,0,0,0,1,3,1,0,0,1,0,0,0,0,0,0,0,0,0,0,0,0,0,1,0,0,0,0,0,0,0,0,0,0,1,0
60,0.7,230,0.36,0.3,520,TRUE,TRUE,1100,222,44,2,6,8,7,5,1,2,6,82,5,2,0,0,0,2,0,0,0,0,2,0,1,0,2,1,0,0,0,10,2,0,0,1,0,0,0,0,1,4,6,0,0,0,2,1,1,0,0,3,0,0,0,1,0,0,0,0,0,0,1,0,0,0,0,0,0,0,1,1,2,0,0,0,0,0,0,1,0,4,1,0,0,0,0,1,0,0,0,1
40,0.6,120,0.68,0.6,460,FALSE,TRUE,1100,219,36,5,4,12,6,5,2,5,6,78,7,1,0,1,1,0,0,0,0,0,3,0,1,2,2,1,1,1,2,7,5,0,1,0,0,0,0,0,0,13,2,1,0,0,0,0,0,2,0,0,2,0,0,0,0,0,0,0,0,1,0,0,0,0,1,0,0,0,0,2,0,0,0,0,0,0,0,0,0,0,0,0,0,0,0,0,0,1,0,0
90,0.9,110,0.9,0.4,700,TRUE,TRUE,1100,220,40,2,1,7,2,2,2,0,6,87,4,2,0,1,1,1,1,0,0,0,3,1,1,0,1,1,0,0,2,10,9,0,1,2,1,0,0,1,0,11,4,0,1,0,2,0,0,0,0,1,0,0,0,1,0,0,0,0,0,3,0,0,0,1,0,0,0,0,0,2,0,0,0,0,0,0,0,1,0,0,0,0,0,0,0,0,0,0,1,1
10,0.8,140,0.86,0.3,200,TRUE,FALSE,1100,216,27,8,3,7,7,5,1,9,3,90,3,1,0,1,0,0,0,0,1,0,2,0,0,1,0,1,0,0,1,3,3,0,1,1,1,2,0,1,0,14,4,0,0,0,2,0,0,0,0,5,2,0,0,0,0,0,0,0,0,1,1,0,0,0,1,0,0,0,0,1,0,0,0,0,0,0,0,0,0,0,0,0,0,0,0,0,0,0,1,1
40,0.8,150,0.45,0.3,150,FALSE,TRUE,1100,221,45,3,4,6,3,5,2,1,6,84,6,0,0,0,0,1,2,0,0,0,5,0,0,0,0,1,0,3,0,6,7,0,0,0,1,1,0,1,1,6,6,0,1,1,0,0,0,0,1,3,2,0,0,0,0,0,0,0,1,2,0,0,0,1,0,0,0,0,0,0,1,0,0,0,0,1,0,0,1,0,0,0,0,0,0,0,0,0,0,1
10,0.6,250,0.57,0.8,780,FALSE,TRUE,1100,222,46,1,2,4,10,1,2,3,5,81,5,2,0,0,1,0,1,0,0,3,3,0,1,0,0,0,0,1,0,3,4,0,0,1,2,1,1,1,0,15,7,0,0,1,2,0,1,0,0,5,2,0,0,0,0,0,0,0,1,0,0,0,0,0,0,0,0,0,0,1,0,0,0,1,0,0,0,0,0,0,0,0,0,1,0,0,0,1,0,0
60,0.9,220,0.49,0.9,880,FALSE,TRUE,1100,229,45,4,3,8,7,2,1,2,10,81,2,3,0,1,1,2,0,0,1,3,1,0,0,0,1,0,1,0,0,1,5,0,0,0,0,1,1,1,1,13,3,1,1,0,2,1,0,0,0,4,1,0,0,1,0,1,0,0,0,3,1,1,0,0,0,0,0,0,0,2,2,0,0,1,0,0,0,0,0,0,1,0,0,0,0,0,0,0,0,2
10,0.8,230,0.68,0.5,800,FALSE,FALSE,1100,220,44,3,3,6,0,7,1,1,3,90,2,1,0,1,0,1,0,0,0,2,3,0,0,0,0,0,1,0,0,5,7,1,0,2,0,0,0,1,1,12,5,0,1,0,2,0,1,0,1,3,1,1,0,0,0,0,0,0,1,1,0,0,0,0,0,0,0,1,0,0,1,0,0,0,0,1,0,0,0,1,0,0,0,0,0,0,0,1,0,1
80,0.7,250,0.81,0.6,1000,TRUE,FALSE,1100,223,33,6,3,10,7,9,2,2,6,88,3,0,0,1,1,0,1,0,0,0,1,1,0,0,0,0,0,0,0,6,3,0,0,1,1,1,0,1,1,10,4,1,0,1,1,0,1,1,1,5,3,0,0,0,0,0,0,0,0,2,0,0,1,0,0,0,0,0,0,0,0,1,0,0,1,0,0,0,0,1,1,0,0,0,0,0,0,0,0,1
20,0.7,170,0.31,0.3,130,FALSE,FALSE,1100,213,26,5,3,11,9,5,3,5,5,86,2,2,0,0,2,1,0,0,1,0,2,0,0,0,0,1,0,0,0,5,4,0,0,0,1,1,1,0,1,10,4,1,0,1,1,0,0,0,1,2,1,0,0,0,0,0,0,0,0,2,0,0,0,0,0,0,0,0,0,2,1,0,0,0,0,1,0,0,1,3,0,0,0,0,0,0,0,0,0,1
70,0.7,250,0.64,0.3,710,FALSE,FALSE,1100,210,32,2,1,4,7,3,3,2,8,87,5,0,1,0,1,0,1,0,0,2,4,1,1,0,0,0,0,0,1,6,4,0,0,0,0,1,1,1,1,14,3,0,2,1,1,0,0,0,0,4,1,0,0,0,0,0,0,0,0,0,0,0,0,0,1,0,0,0,0,0,0,0,0,0,0,0,0,1,0,1,0,0,0,0,0,0,0,1,0,1
50,0.8,260,0.59,0.5,910,FALSE,FALSE,1100,222,30,1,6,7,11,7,1,4,7,89,0,0,1,1,0,0,0,0,2,1,3,1,0,2,0,1,0,0,0,8,3,1,1,2,2,0,0,0,1,11,2,0,0,2,1,0,0,0,1,3,2,0,0,0,0,0,0,0,1,2,0,0,0,0,0,1,0,0,0,0,1,0,0,0,0,0,0,0,1,1,0,0,0,0,0,0,0,0,1,0
30,0.8,120,1,0.7,230,FALSE,FALSE,1100,221,31,4,3,9,6,6,2,5,6,90,4,0,0,1,1,0,1,0,0,2,5,0,0,0,3,1,0,0,1,12,5,0,0,0,0,1,0,0,1,6,1,0,1,1,0,0,0,0,1,3,0,0,0,0,0,0,0,0,0,3,1,0,0,0,1,0,0,0,0,0,0,0,0,0,0,0,0,1,0,0,0,0,0,0,0,0,0,0,1,2
20,0.5,270,0.95,0.3,910,TRUE,FALSE,1100,223,41,2,5,9,4,6,3,4,4,85,7,1,0,0,0,0,0,1,1,1,5,0,0,0,0,0,1,1,0,9,4,1,0,1,1,1,0,1,1,8,2,0,0,1,1,0,1,0,0,1,3,0,0,0,0,0,0,0,0,2,0,0,0,0,0,0,0,0,0,0,0,0,0,0,0,1,0,0,1,2,0,0,0,0,0,0,0,1,0,0
50,0.6,160,1,0.9,950,TRUE,FALSE,1100,218,43,4,2,4,2,3,0,3,3,91,2,1,1,1,2,0,1,0,0,3,3,0,0,0,0,0,0,0,0,8,6,0,0,0,1,1,0,0,1,12,3,0,1,2,0,0,0,0,0,1,2,0,0,1,0,1,0,1,0,2,0,0,0,0,1,0,0,0,0,1,0,0,0,0,0,0,0,0,0,3,0,1,0,0,0,1,0,0,0,0
80,0.7,270,0.93,0.6,460,FALSE,FALSE,1100,220,28,8,6,11,11,6,1,3,11,74,5,3,0,0,1,0,0,1,0,1,1,0,0,1,0,0,0,0,0,7,8,0,0,2,3,2,1,0,0,11,4,0,0,1,0,0,0,1,0,2,1,0,0,0,1,0,0,0,0,1,0,0,0,0,0,0,0,0,0,0,0,0,0,0,0,1,0,1,0,1,0,0,0,0,0,0,0,0,1,0
70,0.6,240,0.83,0.8,790,TRUE,TRUE,1100,218,41,1,1,6,7,3,1,1,5,88,3,0,1,2,1,1,0,0,0,1,3,1,0,0,1,0,0,3,0,9,5,0,0,0,2,0,1,0,0,14,3,0,0,0,0,1,0,0,1,0,1,0,0,1,0,1,0,0,0,3,0,0,0,0,0,0,0,0,0,0,0,0,0,0,0,0,0,0,0,2,0,0,0,0,0,1,0,0,1,2
10,0.7,110,0.46,0.9,430,TRUE,TRUE,1100,221,30,3,0,6,11,4,0,4,2,102,3,1,1,1,0,0,0,1,0,0,3,0,0,0,0,0,0,0,0,0,5,0,0,1,0,2,1,1,1,20,2,0,0,1,0,1,0,0,2,2,2,0,0,0,1,1,0,0,1,0,0,0,0,0,0,0,0,0,0,1,0,0,0,0,0,1,0,0,0,1,0,1,0,0,0,1,0,0,1,0
10,0.5,190,0.84,0.3,840,TRUE,FALSE,1100,217,44,2,1,6,6,2,0,3,5,86,4,0,2,0,1,1,0,0,1,2,5,0,0,0,0,0,1,0,0,4,4,0,2,0,0,0,0,0,1,10,6,1,0,1,3,0,3,0,0,1,0,0,0,0,1,0,0,0,0,3,0,0,0,0,0,1,0,0,0,1,0,0,0,0,0,0,0,0,1,1,0,0,0,1,0,0,0,0,0,1
70,0.6,210,0.86,0.6,780,FALSE,TRUE,1100,226,39,2,3,10,2,2,1,2,6,93,1,2,0,0,3,0,0,0,2,2,3,0,1,0,1,0,0,0,1,4,8,0,0,0,2,1,0,0,2,18,4,0,1,0,0,2,0,0,0,1,0,0,0,1,0,0,0,0,0,0,0,0,0,0,1,0,0,0,0,1,1,0,0,0,0,0,0,0,0,1,0,0,0,0,1,1,0,0,0,1
20,0.7,190,0.38,0.6,300,FALSE,TRUE,1100,220,44,6,1,4,3,3,1,2,5,93,4,1,0,1,1,1,0,1,1,0,3,0,0,0,0,0,0,0,0,1,5,0,1,1,1,0,0,0,0,14,2,0,0,0,0,1,0,1,0,4,0,0,1,1,0,1,0,0,0,2,2,0,0,0,0,0,0,0,0,0,0,0,0,0,1,0,0,0,1,1,0,0,0,0,0,0,0,1,1,3
20,0.5,190,0.71,0.8,320,TRUE,TRUE,1100,222,33,0,3,10,4,4,2,3,10,95,3,0,1,0,0,2,0,1,0,0,4,0,0,1,1,0,1,0,0,5,5,1,1,2,1,0,1,1,0,15,1,0,0,1,0,1,0,0,1,1,1,0,0,1,1,1,0,0,0,0,0,0,0,0,0,0,0,0,0,0,1,0,0,0,0,0,0,0,0,0,0,0,0,0,0,0,0,0,1,2
30,0.6,200,0.67,0.4,130,TRUE,TRUE,1100,223,43,3,4,7,3,4,1,3,7,89,2,0,1,0,0,0,0,0,0,0,3,0,1,0,1,0,1,1,2,7,5,1,0,2,0,0,0,0,2,8,5,0,0,0,0,0,1,0,0,1,0,0,0,0,0,0,0,0,0,2,1,0,1,0,1,0,0,1,0,3,0,1,0,1,0,0,0,0,1,3,0,0,0,0,0,0,0,0,1,0
20,0.9,280,0.52,0.5,710,TRUE,TRUE,1100,222,36,3,4,10,7,6,1,5,5,84,3,0,0,2,0,1,1,0,0,0,7,0,3,1,3,0,1,0,0,13,3,0,0,0,1,1,0,0,0,9,3,0,0,1,0,0,0,0,1,1,0,0,0,0,0,0,0,0,0,0,1,0,0,0,0,1,0,0,0,0,0,0,0,0,0,1,0,1,1,0,1,0,0,0,0,0,0,1,0,0
30,0.9,200,0.46,0.5,750,TRUE,TRUE,1100,219,38,2,4,7,5,5,0,5,3,88,2,0,0,3,2,0,0,0,0,2,4,0,0,1,3,0,0,0,1,18,5,0,1,0,0,2,0,2,0,2,2,0,0,1,0,1,0,0,0,1,1,0,0,0,0,0,0,0,0,3,0,0,0,0,1,0,0,0,0,1,0,0,0,0,1,0,0,0,0,0,0,0,0,1,0,0,0,1,1,0
90,0.5,240,0.41,0.7,820,TRUE,FALSE,1100,221,32,2,4,10,8,4,1,5,7,87,4,2,1,0,0,0,0,0,0,1,1,0,1,1,1,0,0,0,0,15,6,0,0,0,2,2,0,0,0,4,4,0,1,3,0,0,0,1,0,1,0,0,0,0,0,0,0,0,0,2,0,0,0,0,0,1,1,0,0,0,0,0,0,0,0,1,0,0,1,1,0,0,0,0,0,0,0,0,2,2
90,0.5,220,0.75,0.7,670,FALSE,TRUE,1100,218,48,4,1,1,4,2,1,3,3,93,2,0,0,0,2,1,0,1,0,0,6,1,0,1,0,0,0,0,2,7,3,0,0,0,0,0,0,0,2,10,4,0,1,2,0,1,0,0,0,2,2,0,0,1,0,0,0,0,0,1,2,0,0,0,0,0,0,0,0,0,0,0,0,2,0,0,0,0,0,2,0,0,0,1,0,0,0,0,0,0
60,0.8,290,0.57,0.9,390,FALSE,TRUE,1100,226,41,1,2,6,10,3,1,2,8,91,3,0,2,0,0,2,0,1,0,0,5,0,0,1,2,0,0,1,0,6,4,0,0,0,0,0,0,0,1,10,3,0,1,0,1,0,1,0,0,3,1,0,0,3,0,0,1,1,0,1,0,0,0,0,0,0,0,0,0,2,0,0,0,1,0,0,0,1,0,1,0,0,0,0,0,0,0,0,0,3
70,0.5,220,0.39,0.6,770,FALSE,TRUE,1100,217,33,4,3,11,6,5,6,5,6,81,6,2,0,1,0,0,0,0,0,1,2,0,0,0,0,0,0,0,0,4,4,1,1,1,0,0,1,0,1,8,2,2,1,0,1,0,0,0,1,4,2,0,1,1,0,0,0,0,0,2,0,0,0,0,0,0,0,0,0,1,0,1,0,0,0,1,0,0,0,3,0,0,1,1,0,0,0,0,0,0
30,0.5,280,0.44,0.9,940,TRUE,FALSE,1100,222,36,1,4,8,7,4,1,3,6,94,3,0,0,2,1,0,0,0,1,0,0,0,0,0,0,0,0,0,0,3,5,0,0,1,2,0,0,2,1,16,2,0,0,0,1,0,0,0,0,4,1,0,1,1,0,0,0,0,0,2,2,0,1,0,0,0,0,0,0,0,0,0,0,1,0,1,0,0,0,0,0,0,0,0,0,0,1,1,0,3
90,0.6,100,0.35,0.5,860,TRUE,TRUE,1100,227,37,2,3,9,4,3,3,4,5,93,7,0,0,0,2,1,0,0,0,1,0,0,0,0,0,0,0,0,0,2,4,0,1,2,0,2,1,0,1,15,2,0,1,0,1,1,1,0,0,3,2,1,0,0,0,0,0,0,1,0,0,0,0,0,1,0,0,0,0,1,2,0,0,0,0,0,0,0,0,5,0,0,0,1,1,1,0,0,0,1
20,0.7,100,0.31,0.8,610,FALSE,FALSE,1100,220,38,1,5,4,8,3,1,3,4,91,6,2,1,0,0,0,0,0,0,2,1,1,0,1,0,0,0,0,0,1,5,0,0,0,0,0,1,0,1,11,3,1,0,1,1,0,0,4,0,4,0,1,0,1,1,0,0,0,0,2,0,1,0,0,0,0,0,0,2,1,2,0,0,0,0,0,0,0,1,2,0,0,0,0,1,0,0,0,1,0
20,0.8,180,0.98,0.3,1000,FALSE,FALSE,1100,213,30,5,1,4,8,3,2,2,4,99,1,1,0,0,0,0,1,0,0,1,1,2,0,0,0,0,0,1,0,1,3,0,1,0,2,1,1,0,1,12,5,1,0,2,0,1,0,0,0,7,1,0,0,0,1,0,0,0,0,1,0,0,0,0,0,0,0,0,1,1,0,0,0,0,1,0,0,1,0,0,0,0,1,0,0,0,0,0,0,2
70,0.7,140,0.95,0.9,920,TRUE,FALSE,1100,222,33,3,6,12,11,5,0,2,7,79,5,0,0,2,0,0,0,0,0,0,1,0,1,1,0,1,0,0,0,8,6,0,0,1,2,2,0,0,0,12,4,0,1,1,2,0,1,1,0,3,0,0,1,0,0,1,0,0,0,2,0,0,0,0,0,0,0,1,0,3,1,0,0,0,0,1,0,0,0,0,0,0,0,0,0,0,0,0,0,0
90,0.9,270,0.44,0.5,810,TRUE,FALSE,1100,222,38,2,4,7,7,7,3,4,5,80,4,2,0,2,0,1,0,2,0,0,8,0,0,2,1,1,0,2,0,7,9,1,0,1,1,0,0,0,2,4,1,0,0,0,0,0,0,0,2,5,1,0,0,0,0,0,0,0,0,1,0,0,0,0,0,0,0,0,0,0,0,0,0,1,0,0,0,0,0,3,1,0,0,0,0,0,0,0,1,0
80,0.9,300,0.53,0.5,170,FALSE,FALSE,1100,218,31,4,1,4,10,6,5,3,6,83,5,0,1,1,1,1,0,0,0,2,4,1,0,1,1,0,1,1,2,6,3,0,0,2,0,1,0,0,1,12,4,0,0,2,0,0,0,0,0,2,1,0,0,1,0,0,0,0,1,1,0,0,0,0,0,0,0,0,0,2,1,0,0,0,0,0,0,0,0,1,0,0,0,0,0,1,0,0,0,2
60,0.5,280,0.65,0.8,380,TRUE,FALSE,1100,217,27,5,6,6,13,2,1,4,10,86,2,1,0,0,1,1,0,0,0,0,5,0,0,1,1,0,0,0,1,10,4,0,0,0,2,1,0,2,0,10,1,0,1,1,0,0,0,0,0,3,0,0,0,0,0,0,1,0,1,3,0,0,0,0,0,0,0,0,0,0,0,1,0,0,2,0,0,0,0,1,0,0,0,0,0,0,0,0,0,1
90,0.8,220,0.59,0.8,930,FALSE,FALSE,1100,217,29,4,6,12,11,4,1,4,9,75,2,0,2,0,2,0,0,0,1,1,5,1,0,1,2,0,1,1,0,6,4,0,2,2,0,1,0,0,1,9,3,0,0,1,0,1,1,0,1,2,0,0,0,0,0,0,0,1,0,3,0,0,0,0,0,0,0,0,0,1,0,0,0,0,1,0,0,0,0,0,1,0,0,0,0,0,0,0,1,2
100,0.5,270,0.62,0.5,390,TRUE,TRUE,1100,229,42,1,5,6,8,7,2,1,4,88,1,3,1,1,4,0,0,0,0,0,9,0,1,0,3,1,1,1,2,13,2,0,0,0,2,0,0,1,0,5,2,0,0,2,0,1,0,0,0,3,0,0,0,0,0,1,0,0,1,1,0,0,0,0,0,0,0,0,0,0,0,0,0,1,0,0,0,0,0,0,0,0,0,0,0,0,0,0,0,3
90,0.6,270,0.74,0.9,930,TRUE,TRUE,1100,222,44,4,2,4,2,2,3,1,5,92,3,1,2,2,0,0,1,1,0,1,9,0,0,0,1,0,0,1,2,9,3,0,1,0,0,1,0,0,1,7,2,1,0,3,0,2,0,0,2,3,0,0,0,0,0,0,0,0,0,1,0,0,0,0,0,1,0,0,0,0,0,0,0,0,0,0,0,0,0,1,0,0,0,0,0,0,0,0,0,2
70,0.7,190,0.59,0.7,410,TRUE,TRUE,1100,219,34,1,3,8,5,1,2,2,3,99,6,0,0,2,0,0,1,0,1,1,2,0,0,0,0,0,0,0,0,10,6,0,0,0,2,1,0,1,0,11,1,0,0,0,2,2,0,1,0,0,2,0,1,0,0,1,0,0,0,3,0,0,0,1,0,0,0,0,0,0,1,0,0,0,0,0,0,0,1,0,0,0,0,0,0,0,0,0,0,2
80,0.5,220,0.34,0.4,550,TRUE,FALSE,1100,225,32,2,5,8,6,5,2,3,4,96,3,0,1,3,0,1,0,1,1,1,5,0,0,0,0,0,0,0,0,5,5,0,0,1,4,1,1,2,2,13,1,0,0,0,0,0,0,0,0,2,1,0,0,0,1,0,1,0,0,1,0,0,0,0,0,0,0,0,0,1,0,0,0,0,0,1,0,0,0,0,0,0,0,1,0,0,0,0,0,3
80,0.9,250,0.88,0.7,850,FALSE,TRUE,1100,224,40,4,2,6,7,3,1,2,7,88,2,0,4,1,0,1,0,1,0,1,0,0,0,0,0,0,0,0,0,5,7,0,2,0,2,1,0,1,1,15,5,1,0,0,1,0,0,0,1,3,1,0,0,1,0,0,0,0,0,1,0,0,0,0,0,0,0,0,0,2,0,1,0,1,0,0,0,0,0,0,1,0,0,0,0,0,0,0,0,2
80,0.9,220,0.54,0.9,260,FALSE,FALSE,1100,221,42,0,3,4,4,5,2,1,3,92,8,1,0,0,0,0,0,1,1,0,2,0,0,0,1,0,0,1,0,0,9,0,0,1,2,0,0,1,1,13,5,0,0,2,0,0,0,0,0,7,1,0,1,0,0,0,0,0,1,1,0,0,0,0,0,1,0,0,0,1,0,0,0,1,0,0,0,0,0,2,0,0,0,0,0,0,0,0,0,1
50,0.5,300,0.87,0.3,660,FALSE,FALSE,1100,219,33,5,0,8,7,5,2,5,4,88,5,2,1,0,1,1,0,0,0,2,1,0,0,0,0,0,1,1,1,2,6,0,1,0,0,2,0,2,1,14,4,1,1,1,1,0,1,0,0,2,0,0,0,0,1,0,0,0,0,1,0,0,0,0,0,0,0,0,0,0,1,0,0,0,1,0,0,0,0,0,0,0,0,0,0,0,0,0,1,3
90,0.6,210,0.71,0.3,180,TRUE,FALSE,1100,218,33,7,6,9,4,5,1,4,4,80,4,1,1,2,3,0,1,1,0,0,2,0,0,0,0,0,0,1,0,0,8,1,0,0,1,2,2,0,2,13,3,0,0,0,0,1,0,1,0,3,1,0,1,0,0,0,1,0,0,4,0,0,0,0,0,0,0,0,0,1,0,0,0,0,0,1,0,0,1,2,0,0,0,0,0,0,0,0,1,0
70,0.8,200,0.49,0.5,310,FALSE,TRUE,1100,223,48,4,1,6,4,3,1,4,5,81,5,1,1,1,2,0,0,2,0,1,3,0,0,0,0,0,0,1,0,4,9,0,2,1,0,1,0,0,0,12,2,1,0,0,1,1,1,0,0,4,1,1,0,0,1,0,0,0,0,0,0,1,0,0,0,0,0,0,0,0,2,0,0,0,1,0,0,1,0,1,0,0,0,0,0,0,0,0,2,0
100,0.6,300,0.58,0.9,630,FALSE,FALSE,1100,217,32,5,2,4,7,4,3,3,4,95,3,1,0,1,0,1,0,1,0,0,7,0,0,0,0,1,0,0,1,1,4,0,1,2,0,0,0,0,1,10,3,1,0,1,0,1,1,0,1,3,0,0,0,1,0,0,0,0,0,1,2,0,0,0,0,0,0,0,0,2,1,0,0,0,0,0,0,1,0,2,0,0,0,0,0,1,0,0,1,1
70,0.5,150,0.61,0.4,950,TRUE,FALSE,1100,216,44,0,4,7,7,2,1,4,3,83,5,0,0,0,0,0,0,1,1,1,4,0,0,2,1,0,0,0,0,5,8,0,0,2,1,1,3,0,2,9,1,0,0,0,1,0,0,1,1,4,1,0,0,1,0,0,1,0,0,1,0,0,0,1,0,0,0,0,0,0,0,0,0,0,0,0,1,0,0,1,0,0,0,0,0,0,0,1,0,0
40,0.9,210,0.56,0.4,280,TRUE,FALSE,1100,220,40,4,3,7,6,6,3,0,8,81,5,0,0,0,1,0,0,0,2,1,3,0,0,1,0,1,1,0,0,5,6,0,2,0,1,0,0,1,0,11,3,0,1,1,1,0,1,0,0,2,3,0,0,1,0,2,0,0,1,0,0,0,0,0,0,0,0,0,0,1,1,0,0,0,0,0,0,0,0,1,0,0,0,0,0,1,0,0,1,1
100,0.8,280,0.56,0.7,170,FALSE,FALSE,1100,220,43,1,0,4,7,1,0,2,8,95,4,1,1,1,0,0,0,0,1,1,9,0,0,0,0,0,1,1,1,14,3,0,0,0,0,1,0,0,1,0,2,0,0,1,0,0,1,0,2,4,0,1,0,1,1,0,0,0,0,1,0,0,0,0,0,0,0,0,0,1,0,0,0,2,0,0,0,0,0,0,0,0,0,0,0,0,0,1,0,2
80,0.5,280,0.96,0.5,1000,FALSE,TRUE,1100,219,25,7,5,7,5,5,2,7,3,95,4,2,1,0,0,1,0,0,0,1,2,0,0,2,0,1,0,0,1,9,7,1,0,1,0,1,0,0,0,9,1,0,0,3,0,0,0,0,0,4,1,0,0,1,1,0,0,0,0,1,0,0,0,0,0,1,0,0,0,1,0,0,0,0,0,0,0,0,0,0,1,0,0,0,0,0,0,1,0,0
20,0.8,210,0.33,0.9,110,TRUE,FALSE,1100,211,32,3,3,7,5,6,0,5,6,77,2,1,0,1,0,0,1,0,0,4,2,1,1,1,0,0,1,0,1,13,3,1,0,0,0,1,0,1,1,7,5,0,0,1,0,0,2,0,1,2,1,0,0,2,0,1,0,0,1,0,1,1,0,0,0,0,0,0,0,3,0,0,0,0,1,0,0,0,0,1,1,0,0,0,0,0,0,0,1,0
40,0.9,220,0.77,0.8,790,FALSE,FALSE,1100,214,40,1,4,3,7,5,1,2,6,86,1,1,3,1,0,0,0,0,1,1,2,1,1,0,1,0,0,0,1,8,4,0,1,1,2,0,0,0,0,13,3,1,0,1,0,0,0,0,0,2,1,0,0,1,0,0,0,0,1,0,1,0,0,0,0,0,0,0,0,0,0,0,0,0,1,0,0,1,0,2,1,0,1,0,0,0,0,0,0,0
50,0.7,110,0.54,0.7,140,FALSE,FALSE,1100,222,30,3,5,10,10,11,3,3,7,84,5,0,0,0,0,1,0,0,0,1,0,0,1,0,1,0,0,0,0,4,6,0,2,0,3,1,0,0,2,13,1,1,0,0,1,2,0,0,0,1,2,0,1,0,0,0,0,0,0,2,1,0,0,0,1,0,0,0,0,0,0,0,0,1,0,0,0,1,0,1,0,0,0,0,0,0,0,0,1,0
30,0.8,240,0.96,0.5,530,TRUE,TRUE,1100,227,38,3,6,6,5,5,0,4,3,89,5,0,0,0,1,0,0,0,1,3,5,1,1,0,0,1,0,0,0,6,9,0,2,0,0,2,0,0,0,11,6,1,0,0,0,2,0,0,0,3,0,0,0,0,0,0,0,1,1,1,1,0,0,0,0,1,0,0,0,0,0,0,0,0,0,0,0,0,0,2,0,0,0,0,0,0,0,0,1,1
20,0.7,130,0.34,0.4,870,TRUE,FALSE,1100,225,41,4,2,6,7,4,1,2,3,95,2,0,1,0,0,1,0,1,0,0,3,0,1,0,0,1,1,0,0,4,5,1,1,1,0,2,0,0,2,12,5,1,0,0,0,0,0,0,1,4,1,0,0,0,0,0,0,0,0,1,0,0,0,0,0,0,0,0,1,0,0,0,1,0,0,0,0,1,0,3,0,0,1,1,0,0,0,0,0,1
10,0.6,100,0.52,0.6,200,TRUE,TRUE,1100,216,32,3,9,9,4,4,1,2,8,87,4,1,0,0,0,0,1,0,1,1,1,0,0,0,1,1,0,0,0,2,4,0,1,0,1,0,1,1,0,15,4,0,0,0,1,1,0,0,1,3,1,0,0,0,0,1,1,0,0,1,1,0,0,0,0,0,0,0,0,1,0,0,0,0,0,1,0,0,0,0,0,0,0,1,0,0,0,0,2,2
70,0.7,130,0.44,0.6,750,TRUE,TRUE,1100,219,42,0,1,7,2,3,3,3,5,93,3,1,2,0,1,1,0,1,1,1,2,0,0,0,0,0,0,0,0,1,4,0,0,1,0,0,0,0,2,13,5,0,0,3,0,0,0,0,1,4,0,0,0,0,0,0,0,0,0,2,1,0,0,1,0,0,1,0,0,0,1,0,0,1,0,0,0,0,0,2,2,0,0,0,0,0,0,0,0,3
60,0.7,230,0.35,0.4,420,FALSE,TRUE,1100,231,45,5,1,10,8,2,0,8,4,87,5,0,0,0,0,0,1,1,1,0,0,0,0,0,0,0,1,0,0,4,5,0,0,1,1,1,0,0,0,11,5,0,1,1,2,0,0,0,0,3,4,0,0,0,0,0,0,0,1,1,3,0,0,1,0,0,0,0,0,1,2,0,0,0,1,0,0,0,0,1,0,0,0,0,0,0,0,0,0,3
50,0.7,150,0.69,0.6,700,TRUE,TRUE,1100,221,43,0,2,7,5,1,2,5,4,91,1,0,0,0,6,1,0,0,0,1,1,0,0,0,1,0,0,1,0,4,4,1,0,0,0,1,0,0,1,18,3,0,0,5,0,0,0,0,0,2,0,0,1,1,0,1,0,0,0,1,2,0,0,0,1,0,0,0,0,1,1,0,0,0,0,0,0,0,0,0,0,0,0,0,1,0,0,0,0,0
10,0.7,280,0.49,0.9,450,FALSE,FALSE,1100,218,40,0,2,7,4,2,2,4,5,86,4,1,1,1,1,2,0,1,1,0,6,0,0,0,1,0,0,1,0,12,8,2,0,0,1,0,0,0,0,7,2,0,0,1,2,0,0,0,0,3,1,0,0,0,0,0,0,0,0,1,0,0,0,0,1,0,0,0,0,0,1,0,0,2,0,0,0,0,1,1,0,0,0,0,0,0,0,0,0,1
90,0.6,120,0.43,0.8,480,TRUE,TRUE,1100,229,33,4,5,15,9,7,1,4,3,88,7,0,0,2,0,0,0,0,0,1,2,0,0,0,1,0,0,0,1,5,4,0,1,0,1,2,1,0,1,7,5,0,0,2,1,0,0,1,1,1,0,0,0,0,0,0,0,1,1,2,1,0,0,1,0,0,0,0,1,2,1,0,0,0,0,1,0,0,0,1,1,0,0,0,0,0,0,0,0,1
30,0.6,300,0.44,0.3,140,FALSE,TRUE,1100,219,23,6,4,10,18,3,2,4,5,88,4,0,1,0,1,0,0,0,0,0,1,0,0,0,2,0,0,0,0,5,1,0,2,1,2,0,0,1,0,7,7,1,0,0,1,0,0,1,0,3,0,0,0,1,0,0,0,0,0,4,1,0,1,0,0,0,0,0,0,0,1,0,0,0,0,0,0,0,0,5,0,0,0,0,0,1,0,1,0,1
80,0.5,100,0.79,0.5,710,FALSE,FALSE,1100,215,39,5,3,6,11,2,2,4,5,82,2,1,1,0,0,0,0,0,1,0,6,0,2,0,1,2,0,1,0,9,2,0,1,0,1,1,0,1,1,4,1,1,1,0,1,0,0,0,0,3,1,0,1,0,0,0,0,0,0,2,0,0,0,0,1,0,0,0,1,1,0,0,0,0,0,0,0,0,0,0,0,0,0,0,0,0,0,0,2,4
40,0.6,100,0.75,0.3,750,TRUE,TRUE,1100,220,46,2,1,6,5,0,0,4,2,91,5,0,0,1,0,1,0,1,1,0,6,0,0,0,0,1,0,0,2,12,4,0,2,1,0,2,0,0,0,6,3,0,0,0,0,1,0,0,1,2,1,1,0,0,0,0,0,0,0,3,0,0,0,0,1,0,0,0,0,2,0,0,0,1,1,0,0,0,0,0,0,0,0,0,0,0,0,2,0,0
90,0.6,180,0.65,0.5,110,FALSE,TRUE,1100,221,37,3,3,8,9,5,3,2,8,76,3,2,1,1,1,1,0,0,0,3,3,0,1,0,2,1,0,2,0,7,8,0,0,2,2,0,1,0,0,12,1,0,1,0,0,1,0,1,1,1,1,0,0,0,0,1,0,0,1,2,0,0,0,1,0,0,0,0,0,1,0,0,0,0,0,0,0,0,0,0,1,0,0,0,0,0,0,0,1,0
60,0.9,260,0.5,0.5,440,TRUE,TRUE,1100,221,41,4,1,8,10,2,0,5,7,77,4,1,1,1,0,1,0,0,2,0,2,1,0,0,0,0,0,0,0,6,8,0,2,0,2,1,0,0,1,8,5,0,0,0,1,1,0,1,0,4,0,0,0,0,0,0,0,0,1,3,0,0,0,1,1,0,0,0,0,2,1,0,0,0,0,0,0,0,2,0,0,1,0,0,0,0,0,0,0,2
30,0.6,250,0.33,0.9,120,FALSE,TRUE,1100,219,36,0,3,11,8,4,0,4,5,90,0,1,0,3,0,1,0,0,0,2,3,0,0,0,0,0,1,0,1,3,2,0,0,1,0,1,0,1,0,11,5,0,1,0,2,0,0,0,0,5,0,0,1,0,0,0,0,0,0,0,0,1,0,0,0,0,0,0,0,2,1,0,0,0,0,0,0,0,2,4,0,0,0,0,0,1,0,0,1,2
40,0.9,200,0.81,0.6,190,FALSE,FALSE,1100,232,44,6,4,5,5,3,3,2,3,91,4,2,0,0,2,0,1,1,0,2,1,0,0,0,0,0,0,1,0,3,3,1,2,1,2,0,0,1,1,14,6,0,1,1,1,0,0,0,0,3,1,0,0,0,0,0,0,0,2,4,1,0,0,0,0,1,0,0,1,0,1,0,0,0,0,0,0,0,0,1,0,0,0,0,0,0,0,0,0,1
50,0.8,210,0.44,0.8,810,TRUE,FALSE,1100,216,32,5,2,8,7,6,1,4,4,82,3,0,2,1,0,0,1,1,0,1,3,1,0,0,1,0,0,0,1,6,4,1,2,0,1,0,2,1,0,14,4,0,1,0,2,1,0,0,0,2,3,0,1,0,0,0,1,0,0,1,0,0,0,0,0,0,0,0,0,0,0,0,0,0,1,0,0,0,0,1,0,0,0,0,0,0,0,0,1,1
80,0.6,250,0.36,0.5,350,FALSE,FALSE,1100,218,40,4,4,9,7,5,2,4,4,81,1,0,0,1,1,1,0,0,0,1,4,0,1,2,1,0,0,2,0,3,3,0,0,2,0,0,0,1,1,11,5,1,2,0,2,0,0,1,0,2,0,0,1,0,1,0,0,0,0,0,0,0,0,1,0,0,0,0,1,1,1,0,0,0,1,0,0,1,0,0,0,0,0,0,0,0,0,0,0,2
20,0.8,270,0.87,0.4,510,TRUE,TRUE,1100,235,27,5,6,8,23,6,3,4,3,93,1,0,0,0,0,1,1,0,0,0,1,0,0,0,1,0,0,0,1,1,5,2,1,1,4,1,0,1,3,15,3,2,0,3,1,0,0,0,0,4,0,0,0,0,0,0,0,0,1,0,0,0,0,0,0,0,0,0,0,0,1,0,0,0,0,1,0,0,0,0,0,0,0,0,0,0,0,0,0,2
40,0.8,200,0.84,0.8,230,FALSE,TRUE,1100,229,49,0,4,7,7,4,3,1,4,86,1,2,0,0,1,1,0,0,0,1,6,0,0,1,0,1,0,1,0,7,8,0,0,2,4,1,0,0,1,7,3,0,0,1,0,0,0,0,1,4,1,0,1,0,0,0,0,1,0,2,0,0,0,0,0,1,0,0,1,0,1,0,0,0,0,0,0,0,0,0,1,0,0,0,0,0,0,0,0,2
10,0.7,290,0.82,0.6,710,FALSE,TRUE,1100,223,37,2,5,9,10,6,2,7,7,76,3,2,0,1,0,0,0,2,2,2,4,1,1,1,1,0,0,1,0,9,4,1,1,3,2,1,0,0,1,6,1,0,0,0,0,0,0,0,1,2,1,1,0,0,0,0,0,0,0,3,0,0,0,0,0,1,0,0,0,0,0,0,0,0,1,0,0,0,0,0,0,0,0,0,0,0,0,0,0,3
90,0.8,130,0.85,0.8,320,FALSE,FALSE,1100,225,35,3,2,8,6,10,2,3,9,84,4,0,0,0,0,1,1,0,0,4,1,1,0,1,0,1,0,1,2,11,5,2,0,1,1,0,0,0,1,6,2,0,0,1,2,0,0,0,0,5,1,0,0,0,0,0,0,1,0,2,1,0,0,0,0,1,0,0,0,0,0,0,0,0,0,0,1,0,0,0,1,0,0,0,0,0,0,0,0,2
70,0.7,210,0.49,0.7,800,FALSE,FALSE,1100,213,37,2,1,6,9,2,0,1,5,96,2,0,1,0,1,0,1,0,1,0,7,0,0,0,0,1,0,1,2,11,3,0,1,1,0,1,0,1,0,4,2,0,1,0,0,1,0,0,0,3,1,0,0,0,1,0,0,0,0,1,1,0,0,0,0,0,0,0,0,1,0,0,0,1,0,0,0,0,0,1,0,0,0,0,0,0,0,0,1,1
20,0.8,140,0.39,0.9,190,FALSE,TRUE,1100,215,43,0,1,4,4,4,2,2,4,85,4,1,0,2,0,0,1,0,0,1,4,1,1,2,2,1,0,0,1,13,7,0,0,1,0,1,0,0,0,9,1,0,0,0,2,1,0,0,1,1,0,0,0,0,0,0,0,0,1,2,1,0,0,0,0,0,0,0,0,0,1,0,0,0,0,1,0,0,0,1,0,0,0,0,0,0,0,0,1,1
100,0.5,290,0.52,0.9,960,TRUE,FALSE,1100,217,26,4,4,7,8,8,2,3,7,92,5,2,0,0,1,0,0,0,0,2,3,0,0,0,0,0,0,1,1,8,5,1,1,1,1,0,0,0,0,11,3,0,1,1,1,0,0,0,0,1,0,0,0,0,0,0,0,1,0,0,0,0,0,0,0,0,0,0,0,0,0,0,0,0,0,1,0,1,0,1,0,1,0,0,0,0,0,1,0,1
80,0.9,160,1,0.8,640,FALSE,FALSE,1100,231,38,2,2,4,4,5,1,1,4,102,5,1,1,0,2,1,1,0,0,0,6,0,0,0,2,0,0,0,0,11,7,1,1,2,1,1,0,1,1,10,0,0,0,2,0,1,0,0,0,0,1,0,0,0,0,0,0,0,0,3,0,0,0,0,0,0,0,0,0,1,0,0,1,0,0,2,0,0,1,0,0,0,0,0,0,0,0,0,1,1
20,0.7,270,0.86,0.8,320,FALSE,TRUE,1100,217,34,0,3,6,4,7,2,3,4,91,4,0,0,2,2,0,0,1,0,0,3,1,0,0,1,0,0,0,2,7,5,0,2,0,0,0,1,1,0,13,4,0,0,0,0,0,0,0,0,2,2,0,1,1,0,1,0,0,1,0,0,0,0,1,0,0,0,0,0,0,0,0,0,0,0,0,0,0,0,3,0,0,0,1,1,0,0,1,0,0
10,0.5,200,0.32,0.7,190,FALSE,FALSE,1100,227,51,0,3,6,1,2,2,1,7,86,6,1,2,2,1,1,0,1,0,0,4,0,0,0,0,0,0,1,0,2,5,0,0,0,0,0,0,0,1,11,9,0,0,1,1,1,0,0,0,6,1,0,0,0,0,0,0,0,1,1,0,0,0,0,0,0,0,0,0,2,2,0,0,1,0,0,0,0,0,2,0,0,0,0,0,0,0,0,1,2
70,0.9,100,0.7,0.9,350,FALSE,FALSE,1100,226,39,4,1,4,3,2,1,0,7,88,7,1,1,0,2,2,0,0,1,2,6,0,0,2,0,0,0,0,0,6,8,0,0,1,1,1,2,0,2,13,2,0,0,1,2,0,0,0,0,4,2,0,0,1,0,0,0,0,0,1,0,0,0,0,1,0,0,0,0,2,0,1,0,0,0,0,0,0,0,1,0,0,0,0,0,0,0,1,1,0
20,0.6,230,0.93,0.5,190,TRUE,FALSE,1100,217,35,4,7,14,4,5,1,5,4,86,2,1,0,0,0,0,0,0,1,1,3,0,0,0,0,0,0,0,0,3,7,0,0,1,1,0,0,2,1,11,0,1,0,1,0,1,0,2,1,6,2,0,0,1,0,0,0,0,0,0,0,0,0,0,0,0,0,0,0,0,0,0,0,0,1,0,0,0,0,2,0,0,0,0,0,0,0,1,0,0
50,0.7,210,0.84,0.6,420,TRUE,TRUE,1100,221,50,1,2,3,3,2,1,5,1,88,0,2,2,1,0,0,0,2,2,2,3,1,0,0,1,1,0,0,0,2,6,0,1,1,0,0,0,1,0,11,6,0,0,0,0,0,0,0,0,4,2,0,0,1,2,0,0,1,0,2,0,0,0,0,0,0,0,0,0,3,1,0,0,0,0,1,0,0,0,1,0,0,0,0,0,1,0,0,1,1
50,0.9,150,0.83,0.9,960,TRUE,TRUE,1100,229,31,1,7,9,7,8,0,4,6,87,5,1,1,2,2,1,0,0,2,0,2,1,0,0,1,1,1,0,2,10,6,2,0,2,1,1,1,0,0,9,2,1,0,0,2,1,1,0,0,1,0,0,0,0,0,0,0,0,0,1,0,1,0,0,0,0,0,0,0,0,1,0,0,0,0,1,0,0,2,0,0,0,0,0,0,0,0,0,2,0
80,0.9,230,0.48,0.6,510,TRUE,FALSE,1300,196,28,0,1,4,4,3,3,2,4,92,4,1,0,1,0,2,0,0,0,1,2,0,0,1,0,0,0,2,0,12,2,0,1,0,2,0,0,0,1,10,4,0,0,0,0,1,0,0,1,0,0,0,0,0,1,1,0,0,0,1,1,0,0,0,0,0,0,0,0,0,0,0,0,0,0,1,0,0,1,0,0,0,0,1,0,0,0,1,0,0
50,0.6,150,0.93,0.8,410,TRUE,FALSE,1300,199,32,0,0,5,3,0,2,2,4,88,5,3,0,0,1,1,1,1,1,0,8,0,0,1,0,0,0,0,0,15,6,0,0,0,1,0,1,0,0,4,3,0,0,0,0,0,0,0,0,2,1,0,0,0,0,0,0,0,0,2,0,0,0,0,1,0,1,0,0,0,0,0,0,0,0,0,0,1,0,1,1,0,0,0,0,0,0,0,1,1
60,0.8,210,0.43,0.6,830,FALSE,FALSE,1300,207,35,1,1,4,4,4,2,1,3,91,3,1,1,0,0,0,1,1,0,0,6,0,1,0,3,0,0,1,1,12,4,0,0,3,1,1,0,1,1,8,1,1,0,0,1,0,0,0,1,2,1,0,0,0,0,0,0,0,0,1,0,0,0,0,0,0,0,0,0,0,0,0,0,0,1,0,0,0,0,0,0,0,0,0,0,0,0,1,0,2
80,0.5,130,0.77,0.6,810,FALSE,TRUE,1300,195,31,3,1,11,7,1,0,6,4,76,2,0,0,2,0,1,0,1,2,1,3,1,1,2,2,1,1,0,0,11,6,0,0,0,0,1,1,0,0,5,1,1,0,2,1,0,0,0,0,0,1,0,0,0,0,0,0,0,0,1,0,0,0,0,0,0,0,0,0,2,0,0,0,0,0,0,1,0,0,0,0,0,0,0,0,0,0,0,0,1
40,0.9,120,0.42,0.3,700,FALSE,TRUE,1300,201,20,3,5,10,9,5,0,6,4,85,2,0,2,1,0,0,0,1,0,2,2,0,1,0,1,0,0,1,0,14,2,0,0,3,2,0,1,1,1,7,1,0,0,1,0,0,1,0,0,1,1,0,0,0,0,0,0,0,0,1,0,0,0,0,0,0,0,0,0,1,0,0,0,0,0,0,1,0,0,0,0,0,0,0,0,0,0,0,2,1
80,0.7,220,0.86,0.9,830,TRUE,FALSE,1300,195,29,0,2,4,6,4,1,3,3,85,4,0,2,1,0,1,1,1,1,1,3,0,2,0,1,0,0,1,0,11,1,0,0,3,1,1,0,0,0,5,5,0,0,1,0,0,0,0,0,2,2,0,0,0,0,0,1,0,0,1,0,0,0,0,0,0,0,0,0,1,0,0,0,0,0,0,0,1,0,1,0,0,0,0,0,0,0,0,1,2
90,0.8,130,0.47,0.7,280,TRUE,TRUE,1300,198,26,2,4,5,9,5,2,3,5,88,2,0,1,1,1,0,0,0,0,1,1,0,0,1,0,0,0,0,1,10,4,0,0,3,0,2,1,0,0,10,2,0,0,0,0,0,0,0,0,1,2,0,0,0,0,0,0,0,0,1,0,0,0,0,0,0,0,0,0,0,0,1,0,0,0,1,0,1,0,0,0,1,0,0,0,0,0,0,0,1
20,0.6,300,0.71,0.8,570,TRUE,FALSE,1300,196,28,0,4,8,4,2,2,4,2,83,6,1,0,0,2,0,2,0,0,1,1,0,0,0,2,0,0,0,0,9,8,0,0,0,0,1,0,1,1,8,1,0,1,0,1,0,0,0,1,4,2,0,0,0,0,0,0,1,0,1,0,0,0,0,0,0,0,0,0,0,0,0,0,1,0,0,1,0,0,1,0,0,0,0,0,0,1,0,0,1
60,0.8,220,0.86,0.8,950,FALSE,FALSE,1300,206,29,3,7,11,8,4,2,4,5,77,3,0,0,1,0,0,0,0,1,0,2,0,0,2,0,2,1,1,0,3,5,1,1,2,1,1,0,1,2,14,2,0,0,0,1,0,0,1,1,0,1,0,0,0,0,0,0,0,0,2,0,0,0,0,0,0,0,0,0,0,0,0,0,1,0,0,1,0,1,1,0,0,0,0,1,0,0,0,0,0
30,0.5,120,0.8,0.4,650,TRUE,FALSE,1300,196,32,1,2,6,4,3,2,0,4,85,2,1,1,1,0,1,0,0,0,0,3,0,1,0,0,1,0,1,1,1,6,0,0,1,1,1,0,0,1,15,1,0,1,0,2,0,0,1,0,2,2,0,0,0,1,0,0,0,0,3,0,0,0,0,0,0,0,0,1,0,2,0,0,0,1,0,0,0,1,1,0,0,0,0,0,0,0,0,0,0
20,0.5,270,0.32,0.3,920,FALSE,FALSE,1300,197,32,0,1,3,5,2,4,0,3,90,4,1,0,2,1,0,2,0,0,0,1,0,0,0,0,2,0,0,0,2,7,0,1,1,0,0,0,0,1,12,1,0,0,1,0,0,0,0,1,6,2,0,0,0,0,0,0,0,1,1,0,0,0,0,0,0,1,0,0,2,0,0,0,0,0,1,0,0,0,0,0,0,0,1,0,0,0,0,2,1
80,0.7,220,0.92,0.5,820,TRUE,FALSE,1300,201,24,2,3,11,10,7,1,4,6,81,2,0,0,0,1,0,0,0,0,2,2,0,1,0,0,2,1,0,0,1,4,1,1,1,2,1,1,0,2,17,0,0,0,0,0,0,1,1,0,2,1,0,0,1,0,0,0,0,0,0,0,0,0,0,0,0,0,0,0,0,0,0,0,0,0,0,1,0,0,0,1,0,0,1,1,0,0,0,0,1
90,0.6,250,0.44,0.3,530,FALSE,FALSE,1300,198,34,0,2,1,3,6,0,0,4,88,0,0,2,3,3,1,1,0,0,0,2,0,0,0,0,0,0,0,0,9,3,0,0,0,0,2,0,0,0,13,4,0,0,2,1,1,0,0,0,2,1,0,0,1,0,0,2,0,1,3,0,0,0,0,0,0,0,0,0,1,1,0,0,0,1,0,0,0,0,0,0,0,0,0,0,0,0,0,0,1
30,0.9,200,0.45,0.7,930,TRUE,FALSE,1300,193,18,3,3,7,6,5,3,5,4,81,1,0,0,2,2,2,0,0,0,0,1,0,1,2,0,0,0,0,0,9,2,0,2,3,3,1,0,0,1,12,2,0,1,0,0,1,0,0,0,2,0,0,1,0,0,0,1,0,0,2,1,0,0,0,0,0,1,0,0,0,0,0,0,0,0,0,0,0,0,2,0,0,0,0,0,0,0,0,0,1
60,0.7,230,0.36,0.3,520,TRUE,TRUE,1300,203,29,0,1,7,5,5,1,2,4,96,3,0,0,3,2,1,0,0,0,1,2,0,1,0,1,0,0,0,0,6,3,0,1,2,1,1,0,0,1,11,1,0,0,1,0,0,0,1,0,1,1,0,0,0,1,1,0,0,1,1,0,0,0,0,0,0,0,0,0,1,0,0,0,0,0,0,1,1,0,2,0,0,0,0,0,0,0,0,0,0
40,0.6,120,0.68,0.6,460,FALSE,TRUE,1300,198,33,4,2,10,8,3,3,7,7,65,5,2,0,0,1,0,0,0,1,0,2,0,1,1,1,0,0,0,0,9,3,1,1,2,1,0,1,1,1,4,1,0,0,1,0,0,1,0,1,2,2,0,1,0,1,0,1,0,1,1,2,0,0,0,0,0,0,0,0,0,0,0,0,0,0,0,0,0,0,3,1,0,0,0,0,0,0,0,0,0
90,0.9,110,0.9,0.4,700,TRUE,TRUE,1300,203,35,0,4,3,2,3,2,2,3,91,3,0,1,1,1,1,0,0,1,0,4,1,0,0,1,0,0,0,1,10,5,0,0,0,2,0,0,0,1,8,4,1,1,0,0,0,1,0,1,0,0,0,0,0,0,0,0,0,0,3,1,0,0,0,0,0,0,0,0,0,0,0,0,1,0,0,1,0,0,1,0,0,0,0,0,0,0,1,1,1
10,0.8,140,0.86,0.3,200,TRUE,FALSE,1300,196,25,2,2,10,5,3,2,1,11,85,3,0,0,0,2,0,0,0,0,2,3,0,0,1,1,0,0,1,1,13,1,0,0,0,1,1,0,0,0,3,4,1,1,1,0,0,0,0,1,0,1,0,0,0,1,0,1,0,0,1,0,0,0,0,0,0,0,0,1,0,1,0,0,1,0,0,0,2,0,0,0,0,0,0,0,1,0,0,0,0
40,0.8,150,0.45,0.3,150,FALSE,TRUE,1300,199,32,1,1,6,2,2,2,1,3,93,3,1,0,0,2,2,1,0,0,0,3,1,0,1,0,0,0,1,1,9,7,0,0,2,1,0,1,0,1,8,2,0,0,1,0,1,0,0,0,1,1,0,0,0,0,0,0,0,0,0,0,0,0,0,0,0,0,0,0,0,0,0,0,0,0,0,1,0,0,2,1,0,0,0,0,0,0,0,0,2
10,0.6,250,0.57,0.8,780,FALSE,TRUE,1300,199,25,3,5,6,9,8,0,1,5,83,2,0,1,0,1,0,0,1,0,3,2,1,1,0,0,0,0,1,1,7,5,0,0,2,0,2,0,0,3,9,2,1,0,1,0,0,0,0,2,2,0,0,0,0,1,0,0,0,0,0,0,0,0,0,0,0,0,0,0,1,1,0,0,0,1,0,0,0,0,0,0,0,0,0,0,0,0,0,0,1
60,0.9,220,0.49,0.9,880,FALSE,TRUE,1300,207,19,5,3,11,7,4,3,2,6,85,6,0,1,1,0,2,0,2,2,0,2,0,0,1,0,1,0,0,1,2,3,0,1,0,1,0,2,1,0,15,3,0,0,1,1,0,1,1,0,2,0,0,0,0,0,0,0,0,0,2,0,0,0,1,0,1,0,0,0,1,1,0,0,0,1,0,0,0,0,1,0,0,0,0,0,0,0,1,0,1
10,0.8,230,0.68,0.5,800,FALSE,FALSE,1300,200,23,2,5,7,13,2,3,2,9,76,5,0,0,0,2,1,1,2,1,0,2,0,0,0,2,0,1,0,2,6,3,0,1,1,1,0,0,0,0,11,1,1,0,1,0,0,0,0,0,3,1,0,1,0,0,0,0,0,0,1,1,0,0,0,0,0,0,0,0,0,1,0,0,0,0,0,0,0,1,1,1,0,0,0,1,0,1,0,0,1
80,0.7,250,0.81,0.6,1000,TRUE,FALSE,1300,197,25,3,2,7,9,3,1,2,5,85,1,1,0,0,1,0,0,0,2,0,2,2,0,1,0,0,0,0,0,1,6,1,1,0,0,0,0,1,1,15,1,2,1,2,1,1,0,1,2,2,1,0,0,0,0,0,0,0,1,0,0,0,0,0,0,0,0,0,0,2,0,0,0,0,0,0,1,1,0,0,0,0,0,0,0,0,0,1,0,0
20,0.7,170,0.31,0.3,130,FALSE,FALSE,1300,193,21,4,5,10,9,3,2,6,8,64,4,0,1,3,2,2,3,1,0,3,0,0,2,0,1,0,0,0,1,2,4,0,0,0,2,0,0,1,1,14,0,1,0,2,1,0,0,0,0,2,0,0,0,1,0,0,0,0,1,1,2,0,0,0,0,0,1,0,0,0,0,0,0,0,0,0,0,0,0,1,0,0,0,0,0,0,0,0,0,2
70,0.7,250,0.64,0.3,710,FALSE,FALSE,1300,204,28,4,0,3,9,3,5,2,9,82,2,1,0,0,0,0,0,1,1,1,4,1,0,2,0,0,0,0,1,6,6,1,3,1,0,0,1,1,1,11,2,1,0,1,0,0,0,0,0,4,0,0,0,0,0,0,0,0,0,2,0,0,0,0,0,0,1,0,0,2,0,0,0,0,0,0,0,0,0,1,0,0,0,0,0,0,0,0,1,0
50,0.8,260,0.59,0.5,910,FALSE,FALSE,1300,195,22,1,3,12,5,6,4,1,9,87,0,0,0,0,0,1,0,0,0,1,1,1,0,0,0,0,0,1,0,1,1,1,0,1,0,1,0,1,0,15,1,1,0,0,2,2,0,0,0,3,0,0,0,0,1,0,0,0,0,1,1,0,0,0,0,1,0,0,0,0,1,0,0,1,0,0,1,1,0,2,0,0,0,0,0,0,0,0,0,1
30,0.8,120,1,0.7,230,FALSE,FALSE,1300,203,29,4,4,4,6,6,1,3,4,83,4,0,1,1,0,0,0,0,0,0,6,0,2,1,1,0,1,1,0,8,6,1,0,0,0,0,0,0,0,10,1,0,0,2,0,0,0,1,0,3,1,0,0,0,0,1,1,0,0,1,0,0,0,0,0,0,0,0,0,0,1,0,0,0,0,1,0,0,1,2,0,0,0,0,0,0,0,1,0,0
20,0.5,270,0.95,0.3,910,TRUE,FALSE,1300,196,28,2,2,4,5,3,3,2,7,80,2,1,0,1,0,2,1,0,0,0,5,1,1,1,0,0,0,0,2,8,5,1,1,1,0,1,0,0,0,12,3,1,0,0,0,0,0,0,1,1,0,0,0,0,0,0,0,0,0,0,3,0,0,0,0,0,0,0,0,2,0,0,0,0,1,0,0,1,0,1,0,0,0,0,0,0,0,0,1,0
50,0.6,160,1,0.9,950,TRUE,FALSE,1300,199,29,0,2,14,3,3,3,2,3,82,1,0,1,6,0,0,1,0,1,0,3,1,0,0,0,0,0,1,0,6,4,0,0,1,2,1,0,0,0,11,1,1,2,2,1,0,0,0,0,0,3,0,0,0,0,0,0,1,0,0,1,0,0,0,0,1,0,0,0,0,0,0,0,0,0,0,0,0,0,2,1,0,0,0,0,0,0,0,0,3
80,0.7,270,0.93,0.6,460,FALSE,FALSE,1300,208,29,2,4,10,11,3,4,3,10,77,1,2,1,1,1,0,0,0,0,2,0,0,0,1,1,0,0,1,0,11,3,0,2,1,2,0,0,0,0,7,4,0,1,1,2,0,0,0,0,3,0,0,0,0,0,0,0,0,0,1,0,0,0,1,1,0,0,1,0,0,0,1,0,0,0,0,1,0,0,1,0,0,0,0,0,0,0,0,0,1
70,0.6,240,0.83,0.8,790,TRUE,TRUE,1300,199,32,0,3,4,2,2,2,2,4,91,4,0,1,1,3,1,0,0,1,2,2,0,1,0,0,0,0,0,0,12,4,0,0,0,2,0,0,0,0,6,1,0,1,1,1,0,0,0,0,2,2,0,0,0,0,0,0,1,0,2,1,0,0,0,0,0,1,0,0,0,2,0,0,0,0,0,0,1,0,1,0,0,0,0,0,0,0,0,0,1
10,0.7,110,0.46,0.9,430,TRUE,TRUE,1300,205,29,1,4,4,5,2,4,1,6,92,3,0,1,0,1,1,0,2,0,1,4,0,0,1,0,0,1,3,0,10,3,0,1,2,1,1,0,0,1,7,3,0,0,1,0,0,1,1,0,1,0,0,0,0,0,0,0,0,0,0,0,0,0,0,0,0,0,0,0,0,0,0,0,1,0,0,0,1,0,4,0,0,0,0,0,0,0,0,1,0
10,0.5,190,0.84,0.3,840,TRUE,FALSE,1300,196,31,4,4,8,6,3,5,3,4,75,4,0,1,0,0,1,1,1,2,0,4,0,0,0,0,0,0,0,0,6,3,0,0,0,1,0,0,0,1,4,2,2,1,1,1,0,0,0,0,1,3,0,0,0,0,0,0,0,1,3,0,0,0,0,0,0,0,0,0,1,0,0,0,0,1,0,0,0,0,4,1,0,0,0,0,0,1,1,0,1
70,0.6,210,0.86,0.6,780,FALSE,TRUE,1300,204,29,0,3,5,5,3,3,1,9,91,4,1,0,0,1,0,0,0,1,2,4,0,0,0,1,0,0,2,1,10,1,0,0,1,3,1,0,0,1,7,3,0,0,0,0,0,0,0,0,1,1,0,0,0,0,0,0,0,1,1,0,0,0,0,1,0,0,0,0,1,0,0,0,1,0,0,0,0,1,1,0,0,0,0,0,0,0,1,0,2
20,0.7,190,0.38,0.6,300,FALSE,TRUE,1300,201,35,0,4,5,7,2,3,4,3,84,3,0,1,2,0,0,0,0,1,0,3,1,0,0,1,0,2,0,1,9,7,0,1,1,0,1,0,0,0,7,1,0,0,1,1,0,0,0,0,3,1,0,0,0,0,1,0,0,0,2,0,0,0,0,0,0,0,0,0,0,0,0,0,0,0,1,0,0,0,1,0,0,0,0,1,0,0,0,1,0
20,0.5,190,0.71,0.8,320,TRUE,TRUE,1300,192,31,3,4,4,3,1,2,1,2,85,5,0,0,2,0,1,1,0,0,2,4,0,0,1,0,0,1,0,0,6,7,1,0,0,1,0,0,1,0,10,2,0,0,0,0,0,0,0,1,2,0,0,0,0,0,0,0,0,1,2,0,0,0,0,0,0,1,0,0,0,1,0,0,1,0,0,0,0,0,0,0,0,0,0,0,0,0,0,1,2
30,0.6,200,0.67,0.4,130,TRUE,TRUE,1300,201,28,1,3,6,5,5,2,4,3,88,3,0,0,1,0,0,1,0,1,0,3,0,0,0,1,0,1,0,0,10,6,0,1,0,1,2,0,0,0,15,2,0,0,0,0,1,0,0,0,0,0,1,0,0,0,0,0,0,0,1,0,0,0,0,0,0,0,0,0,0,0,0,0,1,1,0,1,0,0,1,0,0,1,0,0,0,0,1,0,0
20,0.9,280,0.52,0.5,710,TRUE,TRUE,1300,202,34,2,1,6,5,1,0,4,4,84,6,0,1,1,1,0,2,0,0,2,2,0,0,2,1,1,0,0,0,4,5,0,0,1,0,0,0,0,1,12,6,0,0,0,1,1,0,1,0,2,0,1,0,0,0,0,1,0,0,1,0,0,0,0,0,0,0,0,0,0,0,0,0,0,0,0,1,1,0,1,0,0,0,0,1,0,0,0,0,2
30,0.9,200,0.46,0.5,750,TRUE,TRUE,1300,198,26,3,3,6,6,3,4,1,4,81,4,2,1,0,2,1,0,1,0,1,2,0,0,2,0,1,0,0,1,6,4,1,0,2,0,0,0,1,0,14,1,0,0,0,1,1,1,0,1,4,0,1,1,0,0,1,0,0,0,1,0,0,0,0,0,0,1,0,0,0,0,0,0,0,0,0,0,0,0,0,1,0,0,0,0,0,0,0,0,1
90,0.5,240,0.41,0.7,820,TRUE,FALSE,1300,197,28,0,2,5,5,3,2,1,5,90,1,0,0,1,3,1,1,1,0,0,1,0,0,1,0,0,0,0,0,2,4,1,0,0,1,2,0,0,0,14,3,0,0,1,0,1,1,0,1,4,1,0,0,1,0,0,0,0,0,4,0,0,0,0,0,0,0,0,0,2,0,0,0,0,0,0,1,0,0,0,0,0,0,0,0,0,0,1,0,2
90,0.5,220,0.75,0.7,670,FALSE,TRUE,1300,194,28,3,1,9,5,3,1,1,3,84,2,1,1,2,0,1,2,1,0,0,3,0,0,0,1,0,0,0,0,4,2,0,0,0,1,0,0,1,1,11,3,0,4,0,1,0,0,0,0,2,1,0,0,0,0,1,0,1,0,2,0,0,0,0,0,0,0,0,0,3,1,0,0,0,0,0,1,1,0,0,0,0,0,0,0,0,0,0,1,1
60,0.8,290,0.57,0.9,390,FALSE,TRUE,1300,205,28,6,0,9,10,0,1,5,5,83,8,0,1,1,1,0,1,0,0,1,1,0,0,0,1,0,1,0,0,5,5,0,0,1,0,1,0,1,1,12,2,1,0,0,1,1,0,0,0,2,0,0,0,0,0,1,0,0,0,0,1,0,0,0,0,0,0,0,0,1,2,0,0,0,0,0,1,1,0,1,1,0,0,0,0,0,0,0,1,0
70,0.5,220,0.39,0.6,770,FALSE,TRUE,1300,199,30,3,3,3,3,5,0,2,3,92,5,0,2,0,1,0,0,0,0,2,3,0,0,0,1,0,0,0,0,8,6,0,0,2,1,1,0,0,0,7,3,1,0,2,0,0,1,0,0,1,1,0,0,0,0,0,0,0,0,1,0,0,0,0,0,0,0,0,0,2,0,0,0,0,0,0,0,1,1,2,0,0,0,0,0,0,0,0,0,1
30,0.5,280,0.44,0.9,940,TRUE,FALSE,1300,203,32,0,2,5,4,2,0,2,6,95,5,0,1,0,2,0,0,0,0,0,3,0,0,1,0,0,0,2,1,13,4,0,0,0,1,1,0,1,0,8,1,1,1,0,0,1,0,0,1,1,1,0,0,0,0,0,0,0,0,1,0,0,0,0,1,0,0,0,0,1,0,0,0,0,0,0,0,0,0,0,0,0,0,0,0,0,0,0,0,3
90,0.6,100,0.35,0.5,860,TRUE,TRUE,1300,196,20,0,6,8,9,4,2,3,10,79,5,1,0,1,1,0,0,1,0,1,0,0,1,1,0,1,0,1,3,9,5,1,0,5,0,0,0,0,0,7,2,0,0,2,0,0,0,0,0,0,2,0,0,0,0,0,0,0,0,2,0,0,0,0,0,0,0,0,0,0,1,0,0,1,0,0,0,0,0,1,0,0,0,0,0,0,0,0,0,1
20,0.7,100,0.31,0.8,610,FALSE,FALSE,1300,193,25,2,5,8,10,3,3,3,4,74,4,0,1,1,1,2,0,0,0,2,2,0,0,1,1,1,1,0,1,7,5,0,0,2,3,0,0,0,1,8,2,0,0,1,1,0,0,0,1,3,1,0,0,0,0,1,0,0,0,1,0,0,0,0,0,0,0,0,0,0,0,0,0,0,0,0,1,0,0,1,0,0,0,0,0,0,0,0,0,0
20,0.8,180,0.98,0.3,1000,FALSE,FALSE,1300,196,28,1,2,6,3,2,1,2,5,91,0,2,2,0,0,0,0,0,0,1,0,0,1,1,1,0,0,0,1,9,6,1,0,0,2,0,0,0,1,11,2,0,1,0,1,1,0,1,0,1,1,0,0,0,0,0,0,0,0,2,0,0,0,0,1,0,1,0,0,1,0,0,0,0,0,0,0,1,0,1,0,0,0,0,0,0,0,0,1,1
70,0.7,140,0.95,0.9,920,TRUE,FALSE,1300,198,26,2,0,3,8,1,2,0,4,95,3,0,1,2,0,0,0,0,0,0,3,0,0,0,0,1,1,0,1,10,7,0,0,0,2,0,1,0,0,12,1,0,0,1,0,1,0,1,0,1,2,0,0,0,0,0,0,0,0,1,0,0,0,0,1,0,0,0,0,0,1,0,0,0,0,1,0,1,0,0,0,1,0,0,0,0,0,0,1,0
90,0.9,270,0.44,0.5,810,TRUE,FALSE,1300,195,27,0,5,7,7,5,2,6,7,74,4,0,1,0,0,0,0,1,0,1,5,1,0,0,0,1,0,0,1,5,4,0,0,4,1,0,1,1,0,8,4,0,0,1,0,0,0,0,0,3,1,0,0,0,0,0,0,0,0,3,0,0,0,0,0,0,1,0,0,1,0,0,0,0,0,0,0,0,0,1,0,0,1,0,0,0,0,0,0,1
80,0.9,300,0.53,0.5,170,FALSE,FALSE,1300,200,21,2,4,9,7,9,3,1,7,79,5,0,1,1,0,0,0,0,0,1,4,0,0,0,1,1,0,0,1,5,8,0,1,0,1,2,0,0,1,13,1,1,0,1,1,0,0,1,0,1,0,0,0,0,0,0,0,0,1,1,1,0,0,0,0,0,0,0,0,0,1,0,0,0,0,1,0,0,0,0,0,0,0,0,0,0,0,0,0,2
60,0.5,280,0.65,0.8,380,TRUE,FALSE,1300,209,27,5,1,4,7,2,2,2,4,90,6,0,1,2,1,1,0,0,0,1,3,0,0,0,0,1,0,1,0,3,6,0,0,0,0,1,0,1,2,16,4,0,2,1,0,0,0,0,0,3,2,0,0,0,0,0,0,0,1,2,0,0,0,0,0,0,0,0,0,0,1,0,0,1,0,0,0,1,0,0,0,0,0,0,0,0,0,0,1,1
90,0.8,220,0.59,0.8,930,FALSE,FALSE,1300,199,21,4,5,9,8,7,1,0,6,89,1,0,1,1,0,1,0,1,0,0,1,0,1,0,0,0,0,0,0,1,3,1,0,1,1,2,1,1,1,17,1,1,0,1,1,0,1,1,0,0,0,0,0,0,1,0,0,0,0,0,0,0,0,0,0,0,1,0,0,2,0,0,0,0,0,0,0,0,0,1,0,0,0,0,0,0,1,0,0,2
100,0.5,270,0.62,0.5,390,TRUE,TRUE,1300,203,34,2,3,6,3,2,2,4,2,88,6,1,0,2,0,0,0,0,0,0,0,0,0,1,0,1,0,0,2,1,2,0,1,1,1,1,0,0,0,13,5,1,0,1,0,0,0,0,0,5,4,0,0,0,0,1,0,0,0,1,2,0,0,0,0,0,0,0,1,0,0,0,0,0,1,2,0,1,0,0,0,0,0,0,0,0,0,0,0,0
90,0.6,270,0.74,0.9,930,TRUE,TRUE,1300,198,33,4,2,5,2,3,1,3,5,80,5,2,1,0,1,1,1,0,0,1,2,0,0,1,0,1,0,0,0,3,5,0,0,0,1,0,0,1,3,14,3,0,0,1,0,1,0,0,0,3,0,1,0,0,0,1,0,0,0,2,1,0,0,0,0,0,0,0,1,0,0,0,0,1,0,0,0,1,0,0,0,0,0,0,0,0,0,0,0,2
70,0.7,190,0.59,0.7,410,TRUE,TRUE,1300,200,28,2,2,7,8,3,0,5,8,86,1,0,2,0,1,0,0,0,1,1,2,0,0,0,0,0,0,0,1,5,6,0,1,2,3,0,0,1,2,12,2,0,0,1,0,0,0,1,0,1,1,0,0,0,0,0,0,0,0,1,0,0,0,0,0,0,1,0,0,0,0,0,0,0,0,0,0,0,0,1,0,0,0,1,0,0,0,0,0,1
80,0.5,220,0.34,0.4,550,TRUE,FALSE,1300,197,31,3,2,4,8,6,3,1,5,77,1,0,1,1,1,0,1,1,0,0,3,0,0,0,1,1,0,0,1,4,4,0,1,3,0,0,0,0,1,10,5,1,0,2,1,0,0,0,0,4,3,0,0,0,0,1,0,0,1,1,0,0,0,0,0,0,0,0,0,0,0,0,0,1,0,1,0,0,0,1,0,0,0,0,0,0,0,0,1,0
80,0.9,250,0.88,0.7,850,FALSE,TRUE,1300,203,32,4,4,8,4,7,2,2,2,82,2,0,0,1,0,1,0,0,0,0,2,0,0,0,1,0,0,0,0,10,0,1,0,0,4,1,0,0,0,8,4,1,0,2,0,0,0,1,0,3,3,0,0,0,0,1,0,2,0,2,1,0,1,0,0,0,0,0,0,0,0,0,0,0,0,0,1,0,0,1,1,0,0,0,0,0,0,1,0,1
80,0.9,220,0.54,0.9,260,FALSE,FALSE,1300,199,24,4,4,8,5,3,3,3,7,87,2,0,1,0,1,0,0,0,0,0,2,0,0,1,2,2,0,0,1,5,0,0,0,1,2,0,0,0,0,11,4,0,0,1,0,0,0,0,0,2,2,0,0,0,0,0,1,0,1,3,0,0,0,1,0,0,0,0,0,0,0,0,0,0,1,0,0,0,0,2,2,0,1,0,0,0,0,0,0,0
50,0.5,300,0.87,0.3,660,FALSE,FALSE,1300,203,37,3,2,6,6,4,1,2,6,82,3,4,0,0,0,0,1,0,0,0,6,0,0,0,0,0,0,0,1,8,0,0,0,1,0,2,0,1,2,8,2,1,0,1,1,0,1,0,1,2,2,0,0,0,0,0,0,0,0,2,0,0,0,0,0,0,1,0,0,0,0,0,0,1,0,0,0,0,0,2,0,0,0,0,0,0,0,0,0,1
90,0.6,210,0.71,0.3,180,TRUE,FALSE,1300,193,25,3,1,6,4,5,3,1,6,84,2,1,0,1,0,1,0,0,0,2,6,1,0,0,2,0,0,0,1,12,0,2,0,1,0,1,0,0,0,6,2,0,0,2,2,0,1,0,0,1,1,0,0,0,0,0,0,0,1,2,1,0,0,0,0,0,0,0,0,0,0,0,0,0,1,0,0,0,0,2,0,0,0,0,0,0,0,0,0,1
70,0.8,200,0.49,0.5,310,FALSE,TRUE,1300,197,32,2,0,10,7,1,1,3,5,74,3,2,0,0,1,1,0,1,0,0,6,0,3,1,2,2,0,1,1,12,4,0,1,1,1,0,0,0,0,4,4,0,0,1,0,0,0,1,0,3,0,0,0,0,1,1,0,0,0,0,0,0,0,0,0,0,1,0,0,1,0,0,0,0,0,0,0,1,0,2,0,0,0,0,0,0,0,0,0,0
100,0.6,300,0.58,0.9,630,FALSE,FALSE,1300,195,33,2,2,6,4,3,2,2,1,77,3,1,1,1,1,0,1,1,1,0,6,0,1,1,1,1,0,0,2,7,8,0,0,2,1,0,1,1,1,6,0,0,0,1,0,1,0,0,0,3,2,2,0,0,0,0,0,0,0,0,0,0,0,1,0,0,0,0,0,0,0,0,0,0,0,0,0,0,1,1,1,0,0,0,0,0,0,0,1,1
70,0.5,150,0.61,0.4,950,TRUE,FALSE,1300,206,39,1,1,1,3,1,2,2,4,89,1,2,1,5,0,0,1,0,0,0,5,1,0,0,0,1,0,2,0,8,6,0,0,0,0,0,0,0,1,14,1,0,0,0,0,0,0,0,0,2,2,0,1,0,1,1,0,0,0,1,0,0,0,1,0,0,0,0,1,0,1,0,0,0,1,0,0,0,0,1,0,0,0,0,0,0,0,0,1,1
40,0.9,210,0.56,0.4,280,TRUE,FALSE,1300,200,24,3,2,5,3,3,1,3,5,90,2,2,1,1,2,0,0,0,0,0,0,1,0,1,0,2,0,1,0,8,9,0,0,0,3,1,1,0,1,14,0,0,0,0,1,0,0,1,1,1,0,0,0,1,0,0,0,0,0,3,0,0,0,0,0,0,0,0,0,0,0,0,0,0,0,0,1,0,0,0,1,0,0,0,0,0,0,0,0,2
100,0.8,280,0.56,0.7,170,FALSE,FALSE,1300,197,30,2,5,14,10,3,1,5,8,67,1,0,1,1,2,0,0,0,2,0,2,0,0,0,0,0,0,0,1,1,1,1,0,0,0,2,0,1,1,13,4,1,0,0,1,0,0,0,1,0,2,0,0,0,0,0,0,0,0,1,1,0,0,1,1,0,0,0,1,2,0,0,0,0,0,0,0,1,0,3,0,0,0,1,0,0,0,0,1,1
80,0.5,280,0.96,0.5,1000,FALSE,TRUE,1300,209,29,1,4,7,10,3,0,4,9,78,6,0,0,3,1,0,0,1,1,0,1,0,0,0,1,0,1,0,0,2,3,0,1,0,3,0,0,1,2,13,7,1,1,2,0,0,0,1,0,3,0,0,0,0,0,0,0,1,0,3,0,0,0,0,0,0,1,0,0,0,0,0,0,1,1,0,0,0,0,3,0,0,0,0,0,0,0,0,0,0
20,0.8,210,0.33,0.9,110,TRUE,FALSE,1300,193,22,1,7,9,5,4,1,1,10,78,5,1,1,0,0,0,1,2,0,1,1,0,0,0,0,0,0,0,0,2,4,0,0,0,1,1,0,1,3,15,2,1,0,1,1,0,0,0,0,3,2,0,0,0,0,0,0,0,0,1,0,0,0,0,0,0,0,0,0,0,0,0,0,2,0,0,0,0,0,2,0,0,0,0,0,0,0,1,0,0
40,0.9,220,0.77,0.8,790,FALSE,FALSE,1300,196,26,3,2,3,3,2,1,1,5,89,1,0,0,1,2,0,0,1,0,0,4,0,0,1,0,0,0,1,1,7,4,0,0,0,1,0,0,1,0,16,4,0,0,1,1,0,0,0,0,4,0,0,0,1,1,0,0,0,0,1,0,0,0,0,0,0,1,0,0,1,0,0,0,0,0,0,0,0,0,2,0,0,0,0,1,0,0,1,0,2
50,0.7,110,0.54,0.7,140,FALSE,FALSE,1300,199,26,1,3,8,5,3,0,3,5,93,1,1,0,1,1,1,1,0,1,1,1,0,0,0,0,1,0,0,0,4,4,1,0,0,2,2,0,0,0,15,3,0,0,0,0,0,0,0,0,3,0,0,1,0,0,0,0,0,0,0,1,0,0,0,0,0,0,1,0,0,0,0,0,1,0,0,2,0,0,1,0,0,0,0,0,0,0,0,1,1
30,0.8,240,0.96,0.5,530,TRUE,TRUE,1300,198,30,3,1,5,4,4,0,1,5,85,2,1,0,0,3,1,1,1,1,1,3,0,0,1,2,0,0,0,1,7,7,0,0,3,0,0,0,0,0,12,1,1,0,0,1,1,0,0,0,2,1,0,1,0,0,0,0,0,1,0,0,0,0,0,0,0,1,0,0,0,0,0,0,0,0,0,0,0,1,2,0,0,0,0,0,0,0,0,0,1
20,0.7,130,0.34,0.4,870,TRUE,FALSE,1300,205,20,2,3,14,7,4,2,4,6,89,2,1,0,1,4,0,0,1,0,0,2,2,0,2,0,0,0,1,1,13,2,0,0,2,2,0,0,0,0,4,1,2,0,0,1,0,1,0,0,4,0,0,0,0,0,0,0,0,1,1,0,0,0,0,0,0,0,0,0,0,0,0,0,1,0,0,1,0,0,0,0,0,0,0,0,0,0,0,0,2
10,0.6,100,0.52,0.6,200,TRUE,TRUE,1300,207,30,6,0,10,6,4,4,1,7,83,2,1,0,0,2,0,2,1,0,1,3,1,0,0,2,0,0,0,1,10,4,0,0,2,0,0,0,0,1,3,2,0,0,1,0,0,0,0,1,3,1,1,0,0,0,0,0,0,0,1,0,0,0,0,1,0,0,0,0,0,0,0,0,0,0,1,0,0,0,3,0,0,0,0,0,1,0,2,1,2
70,0.7,130,0.44,0.6,750,TRUE,TRUE,1300,194,36,1,6,5,5,5,1,0,6,69,0,0,1,1,2,0,0,0,0,2,6,1,3,3,1,1,0,0,2,15,3,0,0,1,0,1,0,0,0,3,3,0,0,0,0,0,0,0,0,3,0,1,0,0,0,0,0,0,0,2,0,0,0,0,0,0,0,0,0,1,0,0,0,1,0,0,0,0,0,1,0,0,0,2,0,0,0,0,0,1
60,0.7,230,0.35,0.4,420,FALSE,TRUE,1300,200,29,2,4,12,5,5,3,2,4,81,2,2,0,0,0,0,0,1,0,0,3,1,0,0,0,2,0,0,2,10,5,0,0,1,2,2,0,0,2,3,2,0,0,0,2,1,0,0,0,2,1,0,0,0,0,0,0,0,0,0,0,0,0,0,1,0,0,1,0,1,0,0,0,0,0,0,2,0,0,0,0,0,0,1,0,0,0,0,1,1
50,0.7,150,0.69,0.6,700,TRUE,TRUE,1300,195,23,0,3,5,6,4,0,3,5,94,2,1,0,2,0,0,0,1,1,0,3,0,1,0,0,1,0,0,1,16,1,0,1,2,0,0,1,0,1,4,0,1,0,0,0,0,0,0,0,3,1,0,1,1,0,0,0,0,0,1,0,0,0,0,0,0,0,0,0,1,0,0,0,0,0,0,1,0,0,2,1,0,0,0,0,0,0,0,0,1
10,0.7,280,0.49,0.9,450,FALSE,FALSE,1300,203,36,1,3,4,5,3,3,1,4,90,2,1,0,0,1,0,0,1,0,0,1,2,1,1,1,0,0,1,0,5,4,0,0,0,0,0,0,1,0,6,5,0,0,2,2,0,0,0,2,2,2,0,0,0,0,0,0,1,0,4,0,0,0,0,0,0,0,0,0,1,0,0,0,0,0,0,1,0,0,0,0,0,1,0,0,0,0,0,0,3
90,0.6,120,0.43,0.8,480,TRUE,TRUE,1300,198,18,2,8,8,7,5,3,5,4,83,1,0,1,2,3,0,1,0,0,0,1,1,0,0,0,0,0,1,2,5,3,0,1,2,2,1,1,1,1,8,0,0,0,2,0,0,0,1,1,4,2,0,0,0,1,1,1,0,1,1,0,0,0,0,0,0,0,0,0,1,0,0,0,0,0,1,0,0,0,0,0,0,0,0,0,0,0,0,1,0
30,0.6,300,0.44,0.3,140,FALSE,TRUE,1300,203,29,3,4,12,7,8,3,2,3,78,3,0,0,0,0,1,0,1,1,2,2,0,0,1,0,0,0,1,0,2,6,0,1,1,0,1,1,0,4,14,1,0,0,0,1,0,0,0,0,1,2,0,0,0,0,1,0,1,0,0,0,0,0,0,1,1,0,0,0,0,1,0,0,0,0,0,0,0,0,2,0,0,0,0,0,0,0,0,1,0
80,0.5,100,0.79,0.5,710,FALSE,FALSE,1300,195,28,0,3,6,7,5,1,1,3,86,1,0,0,2,2,0,0,0,1,0,2,0,0,2,0,0,1,0,0,1,5,0,0,3,0,1,0,1,1,12,2,0,0,1,0,1,0,0,0,7,1,0,0,1,1,1,0,0,0,0,0,0,0,0,0,0,0,0,0,1,0,0,0,0,0,0,1,1,0,2,0,0,0,0,0,0,0,0,0,1
40,0.6,100,0.75,0.3,750,TRUE,TRUE,1300,195,26,0,1,0,6,6,2,1,4,93,1,1,0,2,4,2,1,0,0,1,0,0,1,1,0,0,0,0,0,0,6,0,0,1,0,0,0,0,1,17,2,0,0,1,1,1,0,1,0,4,0,0,0,0,0,0,0,0,0,2,0,0,0,0,0,0,0,0,0,2,0,0,0,0,0,1,0,0,0,0,2,0,0,0,0,0,0,0,0,1
90,0.6,180,0.65,0.5,110,FALSE,TRUE,1300,207,33,2,2,9,8,1,2,2,7,84,4,2,0,0,1,0,1,0,0,1,2,0,0,1,0,0,0,0,0,5,6,1,0,2,1,2,0,0,0,13,2,0,1,1,0,0,0,1,1,2,0,0,0,0,0,0,1,0,0,1,0,0,0,0,0,0,1,0,0,2,0,0,0,0,0,0,0,1,0,0,0,0,0,0,1,0,0,0,0,1
60,0.9,260,0.5,0.5,440,TRUE,TRUE,1300,195,26,0,4,16,12,9,2,3,6,68,1,0,1,0,1,0,0,0,0,1,2,0,0,2,1,0,0,1,1,2,2,0,1,2,3,2,0,0,0,10,3,1,0,1,0,0,0,0,0,4,0,0,0,0,0,0,0,0,1,0,0,0,1,0,0,0,0,0,0,0,0,0,0,0,0,1,1,0,0,2,0,0,0,0,0,0,0,1,0,1
30,0.6,250,0.33,0.9,120,FALSE,TRUE,1300,201,28,2,3,4,4,4,2,2,3,93,3,1,0,0,0,0,1,0,0,1,4,1,0,0,1,0,1,1,0,6,2,0,1,1,0,1,0,0,0,12,3,0,0,0,2,1,1,0,1,3,0,0,0,0,1,0,0,0,1,1,0,0,0,0,0,0,0,0,1,1,1,0,0,0,0,1,0,0,0,0,0,0,0,0,0,0,0,1,0,1
40,0.9,200,0.81,0.6,190,FALSE,FALSE,1300,199,29,1,3,6,4,4,1,0,4,83,5,1,0,4,0,1,0,2,1,1,3,0,0,0,0,1,0,1,1,13,4,0,0,0,0,0,0,0,0,5,5,0,0,0,1,0,0,0,1,2,1,0,0,0,0,1,0,0,0,3,0,0,0,0,0,0,0,0,0,0,0,0,1,0,0,1,0,0,0,1,0,0,0,1,1,0,1,1,0,1
50,0.8,210,0.44,0.8,810,TRUE,FALSE,1300,196,25,2,2,8,12,5,2,1,2,86,2,0,0,0,0,0,0,1,1,0,2,0,0,0,1,2,1,0,0,5,1,0,0,0,1,1,0,1,0,11,5,0,0,0,0,3,0,1,1,0,1,0,0,0,0,0,0,0,0,3,0,0,0,0,1,0,1,0,0,3,0,0,0,0,0,0,0,0,1,2,0,0,0,0,0,0,0,0,0,0
80,0.6,250,0.36,0.5,350,FALSE,FALSE,1300,193,25,2,2,7,6,3,3,2,3,85,4,1,0,1,2,1,1,0,0,1,2,0,0,0,0,0,1,0,0,9,1,0,0,3,0,0,0,1,0,10,3,0,0,0,1,1,0,0,1,2,0,1,1,0,0,0,0,1,0,1,0,0,0,0,0,0,0,0,0,2,0,0,0,1,0,0,0,0,0,2,0,0,0,0,0,0,0,0,0,1
20,0.8,270,0.87,0.4,510,TRUE,TRUE,1300,200,31,1,3,7,8,1,4,1,4,83,3,0,1,1,1,0,0,0,1,4,2,0,0,1,1,0,0,1,1,11,2,0,0,2,0,0,0,0,0,4,3,0,0,0,1,0,1,0,1,1,0,0,0,0,1,0,1,0,0,4,2,0,0,0,0,0,0,0,0,1,0,0,0,2,0,0,1,0,0,2,0,0,0,0,1,0,0,0,0,0
40,0.8,200,0.84,0.8,230,FALSE,TRUE,1300,197,35,2,2,7,5,3,1,1,0,84,5,0,0,0,1,0,2,1,0,0,4,0,0,1,0,0,0,1,1,8,6,0,0,0,1,2,0,0,1,5,1,0,0,1,0,0,1,0,2,3,1,0,0,1,0,0,0,0,0,2,0,0,0,0,0,0,0,0,0,0,0,0,0,0,0,0,1,0,1,2,0,0,0,0,1,0,0,1,0,1
10,0.7,290,0.82,0.6,710,FALSE,TRUE,1300,199,34,1,2,8,2,3,3,0,7,82,5,1,0,2,2,0,2,0,0,1,5,0,0,1,0,0,0,0,1,11,2,0,0,0,1,1,0,0,0,9,2,0,0,0,1,0,0,0,0,0,1,0,0,0,0,0,0,0,0,2,1,0,0,0,0,0,0,0,0,0,1,0,1,0,0,1,0,1,1,0,1,0,0,1,0,0,0,0,0,0
90,0.8,130,0.85,0.8,320,FALSE,FALSE,1300,196,26,2,4,9,7,8,3,2,5,76,4,0,0,0,1,0,0,2,0,0,3,0,0,2,0,0,0,1,1,6,5,1,1,2,2,1,0,0,0,9,3,0,0,2,0,0,0,0,1,0,0,0,0,0,0,0,0,0,1,1,1,0,0,0,0,0,0,0,0,2,0,0,0,0,0,0,1,0,0,0,1,0,0,0,0,0,0,0,0,1
70,0.7,210,0.49,0.7,800,FALSE,FALSE,1300,197,23,3,2,9,10,6,1,2,5,85,2,1,0,0,1,0,1,1,1,1,2,0,0,0,1,0,0,1,0,8,2,0,0,0,1,0,0,0,0,7,3,0,2,2,0,0,2,0,0,4,2,0,0,0,0,0,0,0,0,0,0,0,0,0,0,0,0,0,0,4,0,0,0,1,0,0,1,0,0,0,0,0,0,0,0,0,0,0,1,0
20,0.8,140,0.39,0.9,190,FALSE,TRUE,1300,200,26,0,1,2,3,3,0,2,2,93,12,1,1,1,1,2,0,0,0,0,7,1,2,0,0,0,1,1,0,4,6,0,0,2,0,0,0,0,1,13,2,0,0,0,1,0,0,0,0,2,3,0,0,0,0,0,0,0,0,0,0,0,0,1,0,0,0,0,0,1,0,0,0,0,0,0,0,1,0,0,0,0,0,0,0,0,0,0,1,1
100,0.5,290,0.52,0.9,960,TRUE,FALSE,1300,203,34,2,1,6,6,7,2,1,3,82,4,0,2,1,1,0,0,0,1,1,3,1,0,0,0,1,0,0,0,2,4,0,0,1,0,0,0,0,1,14,3,1,0,1,0,0,0,0,1,2,0,0,0,0,1,1,0,0,0,4,0,0,0,0,1,0,0,1,0,0,1,0,0,0,0,0,0,0,1,2,1,0,0,0,0,0,0,1,0,1
80,0.9,160,1,0.8,640,FALSE,FALSE,1300,193,29,4,3,6,10,5,2,2,5,73,3,0,1,0,2,1,0,1,2,0,3,0,0,0,1,0,0,0,0,1,5,0,1,1,1,0,0,1,3,12,2,0,0,1,0,0,1,0,2,1,1,1,0,0,0,0,0,0,0,1,0,0,0,0,0,0,0,0,0,2,0,0,0,1,0,0,0,0,0,1,0,0,0,0,0,0,0,0,0,2
20,0.7,270,0.86,0.8,320,FALSE,TRUE,1300,206,31,2,5,9,9,7,6,2,7,71,5,0,1,2,1,0,1,0,1,1,0,0,2,0,0,0,0,0,0,1,5,0,1,2,2,0,0,1,1,13,2,1,0,1,0,0,0,0,0,2,1,0,0,1,1,0,0,1,0,1,0,0,0,0,1,0,0,0,2,1,0,0,0,0,0,0,1,0,0,1,0,0,1,0,0,0,0,0,0,0
10,0.5,200,0.32,0.7,190,FALSE,FALSE,1300,194,31,2,2,2,5,7,2,2,3,84,4,1,0,3,0,0,1,0,0,0,1,0,0,0,0,0,0,0,1,4,7,0,0,0,3,0,0,0,1,15,2,0,0,3,0,0,0,0,0,0,1,0,0,1,0,1,0,0,0,1,0,0,0,0,0,0,0,0,0,0,0,0,0,0,0,1,0,0,0,3,0,0,0,0,1,0,0,0,0,0
70,0.9,100,0.7,0.9,350,FALSE,FALSE,1300,195,28,1,6,9,9,4,1,2,6,74,5,2,0,0,1,1,1,1,0,0,1,0,0,0,0,1,0,0,0,2,7,0,0,2,0,2,1,0,2,12,3,0,0,1,1,0,0,0,1,3,0,0,0,0,0,0,0,0,0,0,0,0,0,0,1,0,1,0,0,0,0,0,0,0,0,0,0,0,0,1,0,0,0,1,0,0,0,0,0,2
20,0.6,230,0.93,0.5,190,TRUE,FALSE,1300,192,36,1,2,1,5,4,0,0,5,91,1,0,2,1,0,0,0,1,0,0,1,0,0,0,0,0,0,0,0,1,5,0,0,1,0,2,0,0,0,10,2,0,0,2,0,0,1,0,0,4,2,0,0,2,1,0,0,0,0,2,0,0,0,0,0,0,0,0,0,0,0,0,0,0,1,0,0,0,1,2,0,0,0,0,0,0,0,0,1,1
50,0.7,210,0.84,0.6,420,TRUE,TRUE,1300,210,18,5,6,9,9,7,2,1,7,93,1,1,1,0,1,0,0,0,0,0,1,0,1,1,0,0,0,3,1,11,1,0,2,0,0,1,0,0,0,11,1,0,1,0,2,0,0,1,0,2,0,0,0,0,2,0,0,1,0,0,1,0,0,1,0,0,1,0,0,0,0,0,0,0,0,0,0,1,0,1,0,0,1,0,0,0,1,0,0,0
50,0.9,150,0.83,0.9,960,TRUE,TRUE,1300,205,29,0,1,4,3,3,3,1,3,100,2,1,0,0,1,0,0,0,1,1,2,0,1,1,1,2,0,1,1,11,7,0,1,0,0,0,1,0,1,8,1,0,0,1,0,0,0,1,0,0,3,0,1,0,0,0,0,0,1,2,1,0,0,1,0,0,0,0,0,0,0,0,0,0,0,0,0,0,0,0,0,0,0,0,0,0,0,1,0,2
80,0.9,230,0.48,0.6,510,TRUE,FALSE,1500,184,21,2,2,7,5,2,3,0,3,84,3,1,1,0,0,0,0,0,1,2,4,0,1,0,1,1,0,0,2,12,2,0,1,0,2,0,0,0,1,6,1,0,1,0,2,0,0,1,0,2,2,0,0,0,0,0,0,0,0,1,1,0,0,0,0,0,0,0,0,1,0,0,0,0,0,1,1,0,0,0,0,0,0,0,0,0,0,0,0,1
50,0.6,150,0.93,0.8,410,TRUE,FALSE,1500,183,17,3,2,7,4,6,2,1,5,86,0,0,1,1,2,1,0,0,0,0,3,0,0,1,0,1,0,0,0,17,1,0,0,0,1,0,0,0,1,2,3,0,0,2,1,0,0,0,1,7,1,0,0,0,0,0,0,0,0,3,0,0,0,0,0,0,1,0,0,0,0,0,0,0,0,0,0,0,0,0,0,0,0,0,0,0,0,0,0,0
60,0.8,210,0.43,0.6,830,FALSE,FALSE,1500,188,28,1,3,6,5,4,2,0,1,81,4,1,1,1,3,0,0,0,1,0,4,0,0,0,0,0,0,1,4,10,1,0,0,2,0,1,0,0,1,3,3,1,0,0,0,0,0,0,1,3,3,0,0,1,0,0,0,1,0,1,0,0,0,1,0,0,0,0,0,0,1,0,0,0,0,0,0,0,0,1,1,0,0,0,0,0,0,1,1,0
80,0.5,130,0.77,0.6,810,FALSE,TRUE,1500,187,19,2,3,5,5,1,3,1,5,91,3,0,0,1,1,0,0,0,0,2,5,2,0,0,1,0,0,1,1,11,3,0,0,0,1,0,0,0,0,5,0,0,1,0,1,0,0,1,0,3,1,0,0,0,0,0,0,0,0,2,0,0,0,0,0,0,0,0,0,0,1,0,0,0,0,0,0,0,1,3,0,0,0,0,0,0,1,0,0,1
40,0.9,120,0.42,0.3,700,FALSE,TRUE,1500,184,22,5,1,4,7,3,5,0,7,84,1,0,3,0,0,0,0,0,0,0,1,0,0,0,0,1,2,0,1,7,4,0,0,2,0,1,0,0,1,6,1,0,0,0,1,0,0,0,0,4,0,0,0,0,0,0,0,0,0,1,1,0,0,1,0,0,0,0,0,1,0,0,0,1,0,0,0,0,0,3,1,0,0,0,0,0,0,0,1,1
80,0.7,220,0.86,0.9,830,TRUE,FALSE,1500,185,20,0,5,10,7,3,2,5,6,79,0,0,1,0,2,0,0,0,0,0,0,0,0,1,1,0,0,0,1,7,2,2,0,1,3,0,0,2,0,9,1,0,1,0,1,0,0,0,0,5,0,0,0,1,0,0,0,0,1,3,0,0,0,0,0,0,1,0,0,0,1,0,0,0,0,0,0,0,0,1,0,0,0,0,0,0,0,0,0,1
90,0.8,130,0.47,0.7,280,TRUE,TRUE,1500,187,23,0,2,2,3,2,2,1,5,91,3,0,1,1,2,0,0,0,0,0,1,1,1,1,0,1,0,1,1,4,6,0,0,1,1,0,0,0,1,15,2,0,0,0,1,0,0,0,0,0,2,0,0,1,0,0,0,1,0,2,0,0,0,0,0,0,0,0,0,0,1,0,0,0,1,0,0,0,0,1,0,0,0,0,0,0,0,1,0,2
20,0.6,300,0.71,0.8,570,TRUE,FALSE,1500,184,22,0,1,3,4,4,1,1,4,93,3,1,1,1,0,0,1,0,0,0,4,0,1,0,0,0,0,1,0,4,2,0,0,1,1,0,0,0,0,14,2,1,2,0,0,0,0,2,0,1,0,0,0,1,0,0,0,0,0,2,1,0,0,0,0,0,0,0,0,0,1,0,0,0,0,0,1,0,1,1,0,0,0,0,0,0,0,0,0,1
60,0.8,220,0.86,0.8,950,FALSE,FALSE,1500,177,15,6,1,9,7,1,4,4,11,73,1,1,0,0,1,0,0,0,0,1,0,1,0,0,0,0,0,0,0,4,2,2,0,0,2,0,0,0,1,13,1,0,0,0,0,0,0,0,0,5,0,0,0,2,0,0,0,0,0,2,0,0,0,0,0,0,0,0,1,2,1,0,0,0,0,1,0,1,1,0,0,0,0,0,0,0,0,0,0,1
30,0.5,120,0.8,0.4,650,TRUE,FALSE,1500,187,17,5,6,7,6,6,2,0,8,85,1,1,0,0,0,0,1,1,0,0,1,0,0,0,1,0,0,1,0,4,2,0,0,1,1,1,0,0,1,16,2,0,0,0,0,0,0,1,0,5,0,1,0,0,0,0,0,0,0,0,0,0,0,0,0,0,0,0,0,0,0,0,0,0,0,0,1,0,0,1,0,0,0,0,0,0,0,0,0,2
20,0.5,270,0.32,0.3,920,FALSE,FALSE,1500,184,26,2,3,5,7,2,1,3,2,80,0,1,2,0,0,0,0,0,1,2,2,2,0,0,0,0,1,0,3,1,4,0,1,1,1,0,0,1,1,13,4,0,0,0,0,0,0,0,2,4,1,0,0,0,0,0,0,0,0,1,1,0,0,0,0,1,0,0,0,0,0,0,0,0,0,0,0,0,0,2,0,0,0,0,0,0,0,0,0,1
80,0.7,220,0.92,0.5,820,TRUE,FALSE,1500,188,13,3,2,6,6,5,1,0,7,89,6,1,1,0,0,0,0,0,0,0,3,1,0,1,0,0,0,1,1,8,6,1,1,1,3,0,0,0,1,10,0,0,0,1,0,0,0,0,0,1,0,1,0,0,0,0,0,0,0,3,0,0,0,0,0,0,0,0,1,1,0,0,0,0,0,0,1,0,1,0,0,0,0,0,0,0,0,0,1,0
90,0.6,250,0.44,0.3,530,FALSE,FALSE,1500,183,25,1,2,5,9,1,1,1,6,77,3,2,0,0,0,2,0,1,0,0,4,0,0,0,0,1,1,0,1,9,4,0,0,1,0,0,0,0,0,7,1,1,0,4,0,1,0,0,0,4,1,0,0,0,0,2,0,0,0,1,0,0,0,1,0,0,1,0,0,0,0,0,0,0,0,0,0,0,1,0,0,0,0,0,0,0,0,0,1,1
30,0.9,200,0.45,0.7,930,TRUE,FALSE,1500,179,21,3,1,5,4,4,1,0,5,83,3,3,0,1,0,1,0,2,0,1,3,0,0,0,1,0,0,0,1,8,4,0,0,3,2,0,0,0,0,9,0,0,0,0,1,0,0,0,1,1,1,1,0,1,0,0,0,0,0,1,0,0,0,0,0,0,0,0,0,0,0,0,0,0,0,0,1,0,0,1,1,0,0,0,0,0,0,0,0,1
60,0.7,230,0.36,0.3,520,TRUE,TRUE,1500,177,27,1,1,4,3,1,0,0,3,81,3,0,1,0,2,0,0,0,0,2,4,1,0,0,0,1,1,0,1,16,6,1,0,0,0,2,0,0,0,4,1,0,0,1,1,0,0,0,1,0,1,0,0,0,0,0,0,0,0,3,0,0,0,0,0,0,0,0,0,0,0,0,0,0,0,1,0,0,0,1,0,0,0,0,0,1,0,1,0,0
40,0.6,120,0.68,0.6,460,FALSE,TRUE,1500,185,23,0,5,6,9,3,0,3,5,76,2,0,1,1,1,0,0,1,2,2,1,0,0,0,1,0,1,1,1,8,4,1,0,2,0,1,0,0,1,4,4,0,0,0,0,0,0,0,0,2,1,0,1,0,0,1,0,0,0,2,0,0,0,0,0,0,0,0,1,2,0,0,0,0,0,0,1,0,0,0,0,0,0,0,0,0,0,0,1,4
90,0.9,110,0.9,0.4,700,TRUE,TRUE,1500,184,18,3,1,7,4,4,3,4,6,84,1,0,0,2,0,0,0,1,0,0,3,2,1,1,0,0,1,0,0,5,3,1,0,1,0,1,0,0,1,11,2,1,0,0,0,0,0,1,1,5,1,0,0,0,0,0,0,0,0,0,0,0,0,0,0,0,0,0,0,2,0,0,0,1,0,0,0,0,1,0,0,0,0,0,0,0,0,0,0,1
10,0.8,140,0.86,0.3,200,TRUE,FALSE,1500,187,23,2,3,9,6,1,3,1,12,80,1,2,0,0,0,2,0,0,0,0,0,0,0,1,0,1,0,0,1,6,4,0,0,1,0,2,0,0,0,13,0,0,1,0,1,0,0,0,1,2,3,0,0,0,0,0,0,0,0,1,0,0,0,0,1,0,0,0,0,0,1,0,0,0,0,0,0,0,0,2,0,0,0,0,0,1,0,0,0,0
40,0.8,150,0.45,0.3,150,FALSE,TRUE,1500,185,24,4,1,6,4,4,1,0,4,83,2,1,1,2,0,0,2,2,0,0,3,0,1,1,1,0,1,0,0,6,1,0,0,2,0,0,0,0,2,10,6,1,0,1,1,0,0,0,0,1,0,0,0,0,0,0,0,0,0,2,0,0,0,0,0,0,0,0,0,1,0,0,0,0,0,0,1,0,0,3,0,0,0,0,0,0,0,0,0,0
10,0.6,250,0.57,0.8,780,FALSE,TRUE,1500,178,23,3,1,4,4,3,0,0,2,82,6,0,0,1,0,0,0,1,0,0,1,2,0,0,1,0,0,0,1,5,7,0,1,2,0,0,0,0,0,12,1,0,0,0,0,1,0,0,0,5,1,1,0,0,0,0,0,0,3,0,0,0,0,0,0,0,1,0,0,1,1,0,0,0,0,0,0,0,0,1,0,0,0,0,0,0,0,1,0,0
60,0.9,220,0.49,0.9,880,FALSE,TRUE,1500,182,17,3,5,5,7,2,0,5,5,84,2,2,0,1,1,0,1,0,3,0,3,1,1,1,1,0,0,0,1,2,1,0,2,0,1,0,0,1,0,14,0,0,1,0,0,0,0,0,1,1,0,1,0,0,0,0,0,0,0,1,1,0,0,0,0,0,0,0,0,0,1,0,0,0,0,0,1,0,0,0,0,0,0,0,1,0,0,0,1,1
10,0.8,230,0.68,0.5,800,FALSE,FALSE,1500,180,27,4,2,4,4,2,3,2,3,81,1,0,0,1,0,0,0,0,0,1,0,0,1,2,1,1,0,0,3,5,6,0,0,1,1,0,0,1,1,11,0,0,0,0,0,0,0,0,1,1,0,0,0,0,0,1,0,0,0,3,1,0,0,0,0,0,0,0,0,1,0,0,0,0,0,1,0,1,0,0,0,0,0,0,0,0,0,0,1,1
80,0.7,250,0.81,0.6,1000,TRUE,FALSE,1500,184,24,0,2,3,2,3,2,0,6,89,3,0,1,1,1,0,0,0,0,1,1,1,0,1,0,1,0,0,0,3,4,0,2,1,1,0,0,0,2,11,2,0,0,0,0,2,0,0,2,4,0,0,0,0,0,0,0,0,0,3,1,0,0,0,1,0,0,0,0,0,0,0,0,0,0,0,0,0,0,1,0,0,0,0,0,0,0,0,1,2
20,0.7,170,0.31,0.3,130,FALSE,FALSE,1500,183,23,0,1,2,4,2,0,4,6,89,4,0,0,0,0,0,0,0,1,1,2,1,0,0,0,0,0,0,0,1,4,0,0,1,1,2,0,0,0,18,3,0,0,1,1,0,0,0,1,3,0,0,0,0,1,0,0,0,0,1,0,0,0,0,1,0,0,0,0,0,0,0,0,0,0,0,0,0,0,1,0,0,1,0,0,2,0,0,0,1
70,0.7,250,0.64,0.3,710,FALSE,FALSE,1500,184,20,1,3,5,9,5,1,2,5,88,1,1,0,1,0,0,0,0,0,1,2,0,1,0,0,0,0,0,0,5,2,0,0,0,1,0,1,1,1,11,2,0,0,1,2,0,0,1,1,2,0,0,0,1,0,0,0,0,0,0,0,0,0,0,0,0,0,0,0,1,0,0,0,0,0,0,1,1,1,2,0,0,0,0,0,0,0,0,1,0
50,0.8,260,0.59,0.5,910,FALSE,FALSE,1500,179,21,3,3,5,5,5,2,0,2,72,6,2,1,0,0,0,1,1,2,0,3,0,1,0,0,1,0,0,0,3,7,0,0,2,1,1,0,1,0,13,0,0,0,2,0,1,0,0,1,2,1,0,1,0,0,0,1,1,0,1,0,0,0,0,0,0,1,0,1,1,0,0,0,0,1,0,0,0,1,0,0,0,0,0,0,0,0,0,0,0
30,0.8,120,1,0.7,230,FALSE,FALSE,1500,183,21,3,3,8,8,3,1,2,7,78,1,2,1,1,0,0,1,0,1,0,3,0,0,0,0,2,1,1,1,5,1,0,0,2,1,0,0,1,0,10,2,1,0,1,0,0,0,1,0,1,1,0,0,0,0,0,0,0,0,2,0,0,0,0,0,0,0,0,0,0,0,0,0,0,1,0,1,0,0,2,1,0,0,0,0,0,0,0,0,1
20,0.5,270,0.95,0.3,910,TRUE,FALSE,1500,183,25,2,1,3,0,3,1,2,2,88,2,2,1,1,1,0,0,0,0,2,2,1,0,0,1,1,0,0,1,9,4,0,0,1,0,0,0,0,1,8,4,0,0,0,1,0,0,0,1,2,2,0,0,0,0,0,0,0,0,2,0,0,1,0,1,0,0,0,0,0,0,0,0,0,0,0,0,0,0,1,0,0,1,1,0,0,0,0,1,1
50,0.6,160,1,0.9,950,TRUE,FALSE,1500,182,20,2,3,4,7,2,0,0,4,91,3,0,1,1,1,0,0,0,0,0,1,0,0,0,1,0,0,0,1,9,2,0,0,1,1,2,0,0,1,6,1,0,0,0,0,0,0,0,0,1,0,1,1,0,0,1,1,0,2,4,0,0,0,0,0,0,0,0,0,2,0,1,0,0,0,0,1,0,0,1,0,0,0,0,0,0,0,0,0,2
80,0.7,270,0.93,0.6,460,FALSE,FALSE,1500,186,20,2,1,6,7,4,0,4,7,89,1,0,0,0,1,0,0,0,0,1,3,1,1,0,0,1,2,0,0,7,3,0,0,0,0,0,0,0,1,10,2,2,0,1,0,0,0,0,0,4,0,0,0,1,0,0,0,0,0,0,0,0,0,0,0,0,0,0,0,1,0,0,0,0,0,0,1,0,0,1,0,0,0,0,0,0,0,0,1,1
70,0.6,240,0.83,0.8,790,TRUE,TRUE,1500,190,17,3,3,5,9,2,0,2,2,89,4,0,0,0,0,1,0,1,0,4,4,1,1,0,1,0,0,0,2,12,2,1,0,0,1,0,0,0,2,7,1,0,0,1,0,0,0,0,1,1,1,0,0,1,0,0,0,0,0,3,0,0,0,0,0,2,0,0,0,1,0,0,0,0,0,0,0,0,0,0,0,0,0,0,1,0,0,0,1,1
10,0.7,110,0.46,0.9,430,TRUE,TRUE,1500,182,18,1,4,6,3,4,1,1,6,83,5,1,0,1,1,0,0,1,0,2,3,0,0,0,0,0,0,0,2,16,2,0,0,0,1,0,0,0,1,5,3,0,0,3,0,0,0,0,0,2,1,0,0,0,0,0,0,0,0,1,0,0,0,0,0,0,1,0,0,1,1,0,0,0,0,0,0,0,0,0,0,0,0,1,0,0,0,0,0,1
10,0.5,190,0.84,0.3,840,TRUE,FALSE,1500,181,22,2,6,6,5,4,3,0,2,83,0,2,0,0,1,0,0,2,0,1,4,0,0,0,0,0,0,0,1,8,1,0,0,3,0,1,0,0,1,6,1,0,0,1,1,0,0,0,1,1,0,1,0,0,0,0,1,0,0,2,2,0,0,0,0,0,0,0,0,0,1,0,0,0,2,0,0,1,0,0,0,0,0,0,0,0,0,0,0,3
70,0.6,210,0.86,0.6,780,FALSE,TRUE,1500,183,19,6,4,3,7,4,0,1,4,83,2,0,0,1,0,0,0,0,1,0,6,1,1,1,0,0,0,1,1,5,3,0,0,1,0,0,0,0,1,11,1,0,0,2,0,1,0,1,1,2,0,1,0,0,0,0,0,0,1,0,0,0,0,1,0,0,1,0,0,0,1,0,0,0,0,1,0,0,0,2,0,0,0,0,0,0,0,0,0,1
20,0.7,190,0.38,0.6,300,FALSE,TRUE,1500,185,14,3,6,10,2,4,4,15,5,65,4,2,0,0,0,1,0,0,1,1,1,0,0,0,0,0,1,0,0,7,3,0,0,0,3,0,0,3,0,10,1,1,0,1,0,0,2,0,0,0,1,0,0,0,0,0,0,3,0,1,0,0,0,0,0,0,0,0,0,2,0,0,0,0,0,0,0,0,0,2,0,0,1,0,1,1,0,0,2,2
20,0.5,190,0.71,0.8,320,TRUE,TRUE,1500,185,25,4,1,8,7,6,0,0,3,77,3,0,1,0,1,0,0,0,1,0,4,1,0,2,0,0,0,0,2,2,3,0,1,2,0,0,1,0,0,16,3,0,0,1,0,0,0,0,1,1,1,1,0,0,0,0,0,0,0,3,0,0,0,0,0,1,0,0,0,0,0,0,0,0,0,0,0,0,0,0,0,0,0,0,0,1,0,0,0,2
30,0.6,200,0.67,0.4,130,TRUE,TRUE,1500,188,19,1,4,8,6,5,3,5,7,81,1,0,1,2,0,0,0,0,0,0,0,0,0,0,0,1,1,0,0,1,3,1,2,0,1,2,1,0,3,13,2,0,0,0,1,0,0,0,0,1,1,0,0,1,0,0,0,0,0,4,0,0,0,0,1,0,0,0,0,1,1,0,0,0,0,0,0,0,0,2,0,0,0,0,0,0,0,1,0,1
20,0.9,280,0.52,0.5,710,TRUE,TRUE,1500,182,20,5,2,9,6,2,3,1,10,74,4,1,0,0,0,1,1,0,0,0,4,0,0,1,0,0,0,0,0,4,2,0,0,2,0,0,0,0,1,10,3,1,0,1,0,1,0,0,1,4,0,0,1,0,0,0,0,1,0,1,0,0,0,0,0,0,0,0,0,0,0,0,0,0,1,0,0,0,1,2,0,0,0,0,0,0,0,1,1,0
30,0.9,200,0.46,0.5,750,TRUE,TRUE,1500,180,15,5,5,7,10,4,2,3,7,78,3,0,0,0,0,1,0,1,1,1,0,0,0,1,0,0,0,0,0,1,1,0,0,1,1,2,0,1,3,12,4,0,0,0,2,0,0,0,0,2,0,0,0,0,0,0,1,0,0,0,0,0,0,0,0,0,0,0,0,0,0,0,0,0,2,0,0,0,0,2,0,0,0,0,0,0,0,0,1,1
90,0.5,240,0.41,0.7,820,TRUE,FALSE,1500,184,23,1,4,5,2,2,1,2,6,81,5,0,0,1,1,1,1,0,0,1,2,2,0,0,1,1,0,1,1,4,2,1,0,1,1,1,1,0,0,13,3,0,0,1,0,2,0,1,1,0,1,0,0,0,0,0,0,0,1,1,0,0,0,0,0,0,0,0,0,1,0,0,0,0,1,0,0,0,0,1,0,0,0,0,0,0,0,0,0,2
90,0.5,220,0.75,0.7,670,FALSE,TRUE,1500,182,26,3,3,2,1,2,3,2,3,81,4,0,2,0,1,2,0,1,0,1,4,0,0,0,1,0,0,0,1,11,6,0,0,0,0,0,1,0,0,8,2,0,0,1,0,0,0,1,0,3,1,0,0,0,0,0,0,0,0,0,0,0,0,1,0,0,0,0,0,1,0,0,0,0,0,0,0,0,0,1,0,0,0,1,0,0,0,0,0,2
60,0.8,290,0.57,0.9,390,FALSE,TRUE,1500,189,22,3,1,5,6,5,2,1,3,90,3,0,0,1,0,0,0,0,0,0,2,1,1,1,0,0,0,1,0,2,0,1,0,1,0,0,0,0,1,6,3,0,1,1,3,0,0,1,0,6,1,0,0,1,0,0,1,0,0,2,2,0,0,0,0,1,0,0,1,0,2,0,0,0,0,0,0,0,0,3,0,0,0,0,0,0,0,0,0,2
70,0.5,220,0.39,0.6,770,FALSE,TRUE,1500,181,26,2,6,6,5,1,1,4,8,70,4,1,2,0,0,0,0,1,1,2,1,1,0,0,0,1,2,1,1,8,2,0,0,0,0,2,1,0,0,6,3,0,1,0,0,0,0,0,0,0,2,0,0,0,0,0,0,0,0,1,0,0,0,0,1,0,0,0,0,2,2,0,0,0,0,0,0,0,0,1,0,0,0,0,1,0,0,0,0,2
30,0.5,280,0.44,0.9,940,TRUE,FALSE,1500,179,18,3,1,3,6,5,0,0,5,85,1,2,0,0,0,0,0,0,2,0,4,0,0,3,2,1,0,0,1,12,1,0,0,1,2,0,0,0,0,6,2,0,0,1,0,0,0,0,1,1,1,0,0,0,0,0,0,0,1,3,1,0,0,0,0,0,0,0,0,0,0,0,0,0,0,0,1,0,1,2,0,0,0,0,0,0,0,0,0,1
90,0.6,100,0.35,0.5,860,TRUE,TRUE,1500,184,23,2,1,2,1,2,0,1,4,91,2,0,2,2,1,1,1,0,1,1,3,1,0,1,0,0,0,0,1,14,3,0,1,1,0,0,0,0,0,2,3,1,0,0,0,0,1,0,0,4,3,0,0,0,0,0,0,0,0,1,0,0,0,0,0,0,0,0,0,1,0,0,0,0,2,0,1,0,0,1,0,0,0,1,0,0,0,0,0,1
20,0.7,100,0.31,0.8,610,FALSE,FALSE,1500,178,23,2,2,5,6,2,3,2,7,77,1,1,0,2,1,0,0,1,0,0,2,1,0,0,1,1,1,1,0,11,1,1,1,2,1,0,0,0,2,3,0,0,0,0,1,0,0,0,0,2,4,0,0,0,1,0,0,0,0,1,1,0,0,0,0,0,0,0,0,0,0,0,0,0,0,1,0,0,1,0,0,0,1,0,0,0,0,2,0,0
20,0.8,180,0.98,0.3,1000,FALSE,FALSE,1500,180,26,0,2,6,4,3,0,4,4,75,6,0,1,5,0,0,0,0,0,0,1,0,0,2,0,0,1,0,1,6,3,0,0,0,1,1,0,0,0,7,2,0,0,0,0,0,1,0,0,2,3,1,0,0,0,1,0,0,1,2,1,0,0,0,0,0,0,0,0,1,0,0,0,0,0,2,0,0,0,1,1,0,0,0,0,0,0,1,0,2
70,0.7,140,0.95,0.9,920,TRUE,FALSE,1500,181,21,3,3,4,1,5,1,1,9,81,2,2,0,2,0,0,1,2,0,1,2,1,0,1,0,0,0,0,0,8,2,0,0,0,1,0,0,1,2,10,3,0,0,2,0,0,0,0,0,2,0,0,1,0,0,0,0,0,0,1,1,0,0,0,0,0,0,0,0,0,0,0,0,0,0,0,1,0,0,2,0,0,0,0,0,0,0,0,1,1
90,0.9,270,0.44,0.5,810,TRUE,FALSE,1500,186,20,1,5,8,7,5,2,5,6,78,3,0,0,0,1,0,0,0,0,0,1,0,0,0,0,0,1,0,1,5,5,0,1,1,1,0,1,0,2,8,4,0,0,2,0,0,0,1,0,3,0,1,0,0,0,0,0,0,0,3,0,0,0,1,0,0,0,0,0,1,0,0,0,0,0,0,0,0,0,1,0,0,0,0,0,0,0,1,0,1
80,0.9,300,0.53,0.5,170,FALSE,FALSE,1500,184,20,1,2,6,8,4,1,2,3,89,1,1,0,0,1,1,1,0,1,2,1,0,0,1,0,0,0,1,0,3,3,0,0,1,1,1,0,0,0,13,4,0,0,1,0,0,1,0,0,2,1,0,0,0,0,0,0,0,0,1,0,0,0,1,0,0,0,0,0,0,0,0,0,0,0,0,1,0,2,0,0,0,0,0,0,0,0,0,0,2
60,0.5,280,0.65,0.8,380,TRUE,FALSE,1500,184,24,0,2,5,3,5,0,4,3,84,2,2,0,0,0,0,2,0,0,1,1,0,0,0,0,1,0,1,0,4,5,1,0,1,0,0,0,0,2,16,1,0,1,0,0,2,1,0,0,0,2,0,0,0,0,0,0,0,0,1,1,0,0,0,0,0,0,0,0,0,0,0,0,1,0,1,0,0,2,3,0,0,0,0,0,0,0,0,0,0
90,0.8,220,0.59,0.8,930,FALSE,FALSE,1500,188,19,3,1,10,11,4,1,0,8,78,2,0,1,3,0,0,1,0,0,1,2,1,0,0,0,0,0,1,0,2,5,0,1,0,2,0,1,0,2,16,0,0,0,1,0,0,0,0,1,5,0,0,0,0,0,0,0,0,0,0,1,1,0,0,0,0,0,1,0,0,0,0,0,0,0,0,1,0,1,1,0,0,0,0,0,0,0,0,0,0
100,0.5,270,0.62,0.5,390,TRUE,TRUE,1500,186,18,1,6,7,4,5,2,2,4,87,3,2,0,1,0,0,0,0,0,1,0,1,0,0,0,0,0,0,1,0,4,1,0,2,2,0,0,2,2,20,0,0,0,0,1,0,0,1,1,1,0,0,0,0,0,0,0,0,0,1,0,0,0,0,0,0,0,0,0,0,0,0,0,0,0,0,1,1,0,1,0,0,0,0,0,0,0,0,1,0
90,0.6,270,0.74,0.9,930,TRUE,TRUE,1500,185,25,2,5,7,7,2,1,2,8,74,2,0,0,0,0,3,0,0,1,0,3,0,0,0,1,0,0,0,0,4,5,1,0,1,2,2,0,0,1,11,2,0,1,0,1,3,1,0,0,0,0,0,0,0,0,0,0,0,0,1,1,0,0,0,0,0,0,0,0,1,0,0,0,0,0,1,0,1,0,1,0,0,0,0,0,0,0,0,0,2
70,0.7,190,0.59,0.7,410,TRUE,TRUE,1500,184,26,2,3,4,7,4,3,2,3,72,5,1,0,0,1,1,1,1,0,1,2,0,1,1,0,1,0,0,0,4,4,0,0,1,1,0,0,0,0,14,2,0,0,2,0,0,0,0,1,2,4,0,0,0,1,0,0,1,0,4,0,0,0,0,0,0,0,0,0,0,0,0,0,0,1,0,0,0,0,1,0,0,0,0,0,0,0,0,0,0
80,0.5,220,0.34,0.4,550,TRUE,FALSE,1500,179,26,3,3,5,4,5,2,1,3,76,2,0,1,0,0,1,0,0,1,1,0,1,0,0,0,3,0,0,0,2,3,1,0,2,1,1,0,0,1,13,3,1,0,0,1,0,0,0,0,3,1,0,0,0,1,0,0,0,0,0,0,0,0,0,0,0,0,0,1,0,0,0,1,0,0,1,0,0,0,1,0,0,0,0,0,0,0,0,0,4
80,0.9,250,0.88,0.7,850,FALSE,TRUE,1500,186,22,1,2,4,2,5,1,1,3,92,3,0,0,0,0,3,0,0,1,0,5,1,1,0,2,0,0,1,0,3,3,0,1,0,0,0,0,0,1,16,1,1,0,0,1,0,0,0,0,3,0,0,0,0,0,0,0,0,0,1,2,0,0,0,0,0,0,0,0,0,0,0,0,0,0,0,1,0,0,1,0,0,0,0,0,0,0,0,1,1
80,0.9,220,0.54,0.9,260,FALSE,FALSE,1500,186,25,3,3,4,6,3,1,1,1,82,6,1,1,1,1,1,0,1,0,1,2,0,1,0,1,0,0,0,1,7,6,0,0,0,2,0,0,0,1,11,2,1,0,0,0,0,0,1,0,2,2,0,0,0,0,0,0,0,0,0,0,0,0,0,0,0,0,0,0,0,1,0,0,0,0,0,1,0,1,1,0,0,0,0,0,0,0,1,0,0
50,0.5,300,0.87,0.3,660,FALSE,FALSE,1500,180,21,0,3,6,5,2,0,2,5,88,3,1,0,0,0,0,0,1,0,0,6,1,0,1,1,0,0,0,1,11,4,0,0,0,1,0,0,0,2,4,1,0,0,0,0,1,0,0,0,1,1,0,0,1,0,0,0,0,0,1,1,0,0,0,0,0,0,0,0,1,0,0,0,0,0,1,1,0,0,0,0,0,0,0,0,0,0,0,0,2
90,0.6,210,0.71,0.3,180,TRUE,FALSE,1500,184,23,1,3,3,3,2,4,4,3,83,4,0,0,1,0,2,0,0,0,0,5,1,2,0,1,0,0,1,1,10,3,1,0,0,1,1,0,0,0,6,2,1,0,2,0,0,0,0,0,3,1,0,0,0,1,0,0,0,0,1,1,0,0,1,0,0,0,0,0,1,0,0,0,0,0,0,0,0,0,1,0,0,0,0,0,0,0,0,1,0
70,0.8,200,0.49,0.5,310,FALSE,TRUE,1500,188,23,3,5,7,3,3,0,2,7,82,4,0,0,1,1,0,1,0,1,1,1,0,1,1,0,0,1,0,1,11,2,0,0,1,1,0,0,0,1,4,2,1,0,0,1,1,1,0,0,0,5,0,0,0,0,0,0,0,1,1,0,1,0,0,0,0,1,0,0,2,1,0,0,0,0,0,0,0,0,0,0,0,0,0,0,0,0,1,0,1
100,0.6,300,0.58,0.9,630,FALSE,FALSE,1500,180,22,3,3,8,5,5,1,2,6,79,0,0,0,0,0,0,0,0,0,1,6,1,1,0,2,1,0,2,0,9,2,0,0,0,0,0,0,0,0,7,2,0,0,0,0,0,1,0,1,1,2,0,0,0,0,0,0,0,1,1,0,0,0,0,0,0,0,0,0,0,0,0,0,0,0,0,1,0,1,1,0,0,0,0,0,0,0,0,0,2
70,0.5,150,0.61,0.4,950,TRUE,FALSE,1500,186,19,4,1,7,8,4,3,1,6,84,1,2,0,0,0,0,1,0,0,0,3,1,0,0,0,0,1,0,1,7,5,0,1,2,1,1,0,1,0,7,3,1,0,2,0,0,0,0,0,1,1,0,0,0,0,0,0,0,0,2,0,0,0,0,0,0,0,0,0,0,0,0,0,0,0,0,1,0,1,1,0,0,0,1,0,0,0,0,1,0
40,0.9,210,0.56,0.4,280,TRUE,FALSE,1500,184,28,0,1,3,1,2,2,2,3,90,5,2,0,0,1,0,0,0,0,1,1,0,0,0,1,1,1,0,0,6,3,1,0,0,0,0,0,0,2,8,2,0,2,1,1,1,0,0,0,1,0,0,0,0,0,0,0,0,0,3,0,0,0,1,0,0,0,0,0,1,3,0,0,0,0,0,0,0,0,1,0,0,0,0,0,0,0,0,0,3
100,0.8,280,0.56,0.7,170,FALSE,FALSE,1500,184,20,2,1,11,5,5,3,4,2,80,2,2,0,0,0,1,0,0,0,0,2,0,0,0,0,0,1,0,1,11,5,0,0,1,2,0,1,1,1,8,0,1,1,0,0,0,0,0,1,1,1,0,0,0,0,0,0,0,0,2,0,0,0,0,0,0,0,0,0,1,0,0,1,0,0,1,0,0,0,2,0,0,0,0,0,0,0,0,0,1
80,0.5,280,0.96,0.5,1000,FALSE,TRUE,1500,187,22,1,2,5,3,1,3,0,5,94,0,2,1,1,0,0,0,1,0,1,2,0,0,0,0,0,1,0,0,2,3,1,0,0,0,0,0,0,0,17,3,0,0,0,0,0,0,0,1,2,4,0,1,0,0,0,0,0,0,2,0,0,0,0,0,1,0,0,0,0,0,1,0,0,0,0,1,0,0,1,0,0,0,0,0,0,0,0,2,1
20,0.8,210,0.33,0.9,110,TRUE,FALSE,1500,188,22,1,2,6,8,3,1,4,9,81,2,2,1,0,0,1,0,0,2,1,1,0,1,0,1,0,0,0,0,2,4,0,0,2,1,0,0,2,1,14,3,0,0,0,0,0,0,0,0,2,0,0,0,1,0,0,0,0,0,2,1,0,0,0,0,0,0,0,0,0,1,0,0,0,0,1,0,0,1,0,0,0,0,0,0,0,0,0,0,2
40,0.9,220,0.77,0.8,790,FALSE,FALSE,1500,184,22,3,3,5,10,3,1,0,4,79,1,1,0,3,0,0,1,1,0,0,3,0,0,0,1,0,0,0,0,1,4,0,0,3,0,0,0,1,0,16,4,0,0,2,1,1,0,0,1,1,1,1,0,0,0,0,0,0,0,1,0,0,0,1,0,0,0,0,0,1,0,0,0,0,0,0,0,0,0,1,0,0,0,0,0,0,0,0,1,2
50,0.7,110,0.54,0.7,140,FALSE,FALSE,1500,186,23,3,3,4,3,1,4,3,2,82,4,1,0,2,0,1,0,0,0,1,1,1,0,0,0,1,1,0,0,2,6,1,0,0,3,0,0,1,2,18,2,0,0,0,0,1,0,0,1,2,1,0,1,0,0,0,0,0,1,1,0,0,0,0,0,0,0,0,0,1,0,0,0,0,0,0,0,0,0,0,0,0,0,1,0,0,0,0,0,1
30,0.8,240,0.96,0.5,530,TRUE,TRUE,1500,181,29,2,1,6,4,1,1,0,5,78,5,0,0,0,1,1,0,2,0,0,2,0,0,1,1,1,0,1,0,0,3,0,1,1,0,0,0,0,0,9,3,1,0,0,1,0,1,1,0,8,0,0,0,0,0,1,0,0,1,0,1,0,0,1,0,0,0,0,0,0,0,0,0,0,0,1,0,0,0,1,0,0,0,1,0,1,0,0,0,3
20,0.7,130,0.34,0.4,870,TRUE,FALSE,1500,185,18,3,2,6,5,1,4,5,6,85,4,0,0,1,1,0,0,0,1,1,1,0,0,0,0,1,0,0,0,3,2,0,0,0,0,1,0,2,2,12,3,1,0,1,0,0,0,0,0,3,3,0,0,0,0,0,0,0,0,1,0,0,0,0,0,0,0,1,0,2,0,0,0,0,1,0,0,0,0,0,0,0,0,0,0,0,0,1,0,2
10,0.6,100,0.52,0.6,200,TRUE,TRUE,1500,184,19,1,5,11,7,3,5,2,6,71,5,1,1,1,0,3,0,0,0,0,2,0,0,0,2,2,0,1,0,3,4,0,0,0,1,0,0,1,3,9,0,0,0,2,1,0,0,1,1,3,1,0,0,0,0,1,0,0,0,1,0,0,0,0,0,0,0,0,0,1,1,0,0,0,0,1,0,0,0,1,0,0,0,0,0,0,0,0,0,1
70,0.7,130,0.44,0.6,750,TRUE,TRUE,1500,180,21,2,0,6,7,2,1,0,6,89,2,0,0,1,0,1,0,0,0,1,1,0,1,1,0,0,0,0,0,7,3,0,0,1,2,0,0,0,0,7,1,0,0,1,0,1,0,0,1,3,0,1,0,0,0,1,0,0,0,2,0,0,0,0,1,0,0,0,0,2,0,0,0,0,0,0,0,1,0,1,0,0,0,0,1,0,0,0,0,2
60,0.7,230,0.35,0.4,420,FALSE,TRUE,1500,188,21,2,2,3,7,1,1,4,7,93,2,1,0,0,1,1,0,0,0,0,3,0,0,0,1,0,1,0,1,8,3,0,0,2,1,1,0,0,1,6,1,0,0,0,0,0,0,0,0,4,2,0,0,1,0,0,0,0,0,2,0,0,0,0,0,0,0,0,0,0,1,0,0,0,0,1,0,0,1,1,0,0,0,0,0,0,0,0,0,1
50,0.7,150,0.69,0.6,700,TRUE,TRUE,1500,183,23,0,5,5,5,5,0,1,6,81,3,2,2,1,0,1,0,0,1,0,3,0,0,2,1,1,0,0,1,11,2,0,0,2,1,0,0,0,0,7,3,0,0,0,0,0,0,1,0,1,1,0,0,0,0,1,0,0,0,1,0,0,0,0,0,0,0,0,0,1,0,0,0,0,0,0,1,0,1,0,0,0,0,0,0,0,0,0,0,1
10,0.7,280,0.49,0.9,450,FALSE,FALSE,1500,183,22,0,2,2,4,6,1,2,4,89,3,1,1,0,3,0,0,0,0,2,1,1,0,1,0,0,0,0,1,13,3,0,0,1,1,0,0,0,0,7,2,0,0,0,0,0,0,2,0,2,0,1,0,0,0,0,0,0,0,0,0,0,0,0,0,0,1,0,1,1,0,0,0,0,0,0,0,0,1,1,1,0,0,0,0,0,0,0,0,0
90,0.6,120,0.43,0.8,480,TRUE,TRUE,1500,177,19,3,3,4,6,4,2,0,5,79,3,1,1,0,0,1,0,0,0,2,3,1,0,1,3,0,0,2,0,13,1,1,0,0,0,1,0,0,1,2,2,0,0,1,0,1,0,0,1,2,0,0,0,0,0,1,0,0,0,1,1,0,0,0,0,0,0,0,0,1,0,0,0,1,0,0,0,0,1,2,0,0,0,0,0,0,0,0,1,0
30,0.6,300,0.44,0.3,140,FALSE,TRUE,1500,186,20,0,3,9,4,2,2,2,3,87,2,0,0,1,1,1,0,0,0,2,2,0,0,1,1,0,0,2,2,13,3,1,0,1,2,2,0,0,0,5,1,0,1,0,0,0,0,1,0,3,0,0,0,0,0,0,0,0,0,1,0,0,0,0,0,0,0,0,1,1,0,0,0,1,0,0,0,0,0,1,0,0,0,0,0,0,0,1,0,1
80,0.5,100,0.79,0.5,710,FALSE,FALSE,1500,186,25,2,2,4,2,2,1,1,5,93,2,1,0,0,0,0,1,0,0,0,3,0,1,1,1,0,0,0,1,6,3,0,0,0,1,0,0,0,0,7,1,1,0,2,1,0,1,0,0,5,1,0,0,0,1,0,0,0,2,1,0,0,0,0,0,0,0,0,0,1,0,0,0,0,0,0,0,0,0,5,0,0,0,0,0,0,0,0,0,0
40,0.6,100,0.75,0.3,750,TRUE,TRUE,1500,187,27,2,3,5,3,3,2,1,5,80,2,4,1,0,0,0,0,1,0,1,3,0,0,0,0,0,0,0,0,4,5,0,0,0,1,1,0,1,0,13,2,0,2,0,0,0,0,0,0,1,1,0,0,0,0,0,0,2,0,1,0,0,0,2,2,0,0,0,0,0,0,0,0,0,0,0,0,0,1,4,0,0,0,0,0,0,0,0,1,1
90,0.6,180,0.65,0.5,110,FALSE,TRUE,1500,184,23,1,3,4,3,4,3,2,6,89,3,0,0,1,2,0,0,0,0,0,0,1,1,0,0,0,0,0,1,2,1,0,1,2,1,0,0,0,1,10,2,1,0,0,0,0,0,0,1,3,0,0,0,2,0,0,0,0,0,4,1,0,0,0,0,0,0,0,0,0,0,0,0,1,0,0,0,0,1,3,0,0,0,0,0,0,0,0,0,1
60,0.9,260,0.5,0.5,440,TRUE,TRUE,1500,183,21,3,2,4,5,1,2,1,7,89,1,0,0,2,0,0,0,0,1,0,2,0,1,0,0,1,0,0,0,2,3,1,0,0,0,1,0,0,2,15,3,0,0,0,1,0,0,1,0,3,0,0,0,1,0,0,0,0,0,0,0,0,0,0,0,1,0,0,0,0,0,0,0,1,0,0,0,0,0,2,0,0,0,0,0,0,0,0,1,3
30,0.6,250,0.33,0.9,120,FALSE,TRUE,1500,180,21,1,3,4,4,3,2,5,5,85,1,0,0,0,0,1,0,0,1,0,2,0,1,1,0,2,0,0,0,1,3,1,0,0,0,1,0,0,1,12,2,1,0,1,0,0,0,0,0,3,3,0,0,0,0,0,0,0,1,2,0,0,0,0,0,1,0,0,1,1,0,0,0,0,0,0,0,0,0,2,0,0,0,0,0,0,0,0,0,2
40,0.9,200,0.81,0.6,190,FALSE,FALSE,1500,179,18,4,3,7,9,2,1,1,5,81,2,0,0,1,0,1,0,0,0,1,3,0,0,2,0,0,0,0,1,5,3,0,0,0,2,0,1,1,0,9,1,0,0,0,0,1,0,0,1,5,0,0,0,0,1,1,1,0,0,0,0,0,0,0,0,0,1,0,1,1,0,0,0,0,0,0,0,0,0,0,0,0,0,0,0,0,0,0,2,1
50,0.8,210,0.44,0.8,810,TRUE,FALSE,1500,185,28,2,0,2,4,5,0,0,5,88,2,1,1,0,0,1,1,0,0,1,4,0,0,0,0,1,0,0,0,8,1,0,0,0,0,0,0,0,0,11,5,0,1,0,1,1,0,1,1,2,1,0,0,1,0,0,1,0,0,0,0,0,0,0,0,0,0,0,0,2,0,0,0,0,0,1,0,0,0,1,0,0,0,0,0,0,0,1,0,0
80,0.6,250,0.36,0.5,350,FALSE,FALSE,1500,182,20,2,4,7,9,7,3,1,3,74,0,2,0,1,1,1,1,0,0,3,2,0,0,0,0,1,0,0,2,7,4,1,1,2,1,1,0,1,0,8,0,0,0,1,0,0,0,0,0,3,2,0,0,0,0,0,0,0,0,1,1,0,0,0,0,0,0,1,0,0,0,0,0,0,0,1,0,0,1,1,0,0,0,0,0,0,0,0,0,1
20,0.8,270,0.87,0.4,510,TRUE,TRUE,1500,183,25,2,1,2,3,1,1,0,6,89,2,2,0,0,2,2,0,1,1,1,1,0,0,0,0,0,0,0,0,7,4,1,1,0,0,1,0,1,1,10,3,0,0,0,0,0,0,1,2,1,2,0,0,0,0,0,0,0,0,0,0,0,0,0,1,0,0,0,0,0,0,0,0,1,0,0,0,0,0,1,0,0,1,0,0,0,0,0,1,2
40,0.8,200,0.84,0.8,230,FALSE,TRUE,1500,176,20,3,3,10,5,4,2,5,9,67,2,1,0,0,2,1,0,0,1,1,2,0,0,0,0,0,1,0,0,2,4,0,1,0,2,2,0,0,0,8,2,0,1,0,0,0,0,0,0,4,2,0,1,0,0,0,0,0,1,1,0,0,0,0,1,0,0,0,0,0,0,0,0,0,0,0,0,1,0,2,0,0,0,0,0,0,0,0,1,2
10,0.7,290,0.82,0.6,710,FALSE,TRUE,1500,179,24,2,2,3,7,5,2,1,4,72,4,1,0,1,1,0,0,0,2,3,2,1,0,0,0,0,0,0,1,6,6,0,0,0,0,0,0,0,1,12,2,0,0,3,2,0,0,0,0,2,0,1,0,0,0,0,0,0,0,1,2,0,0,0,0,0,1,0,0,1,0,0,0,0,0,0,0,0,0,1,0,0,0,0,0,0,0,0,0,1
90,0.8,130,0.85,0.8,320,FALSE,FALSE,1500,182,21,3,0,6,5,5,0,1,3,84,1,0,1,2,0,0,2,0,0,2,3,1,1,0,1,1,0,1,1,14,1,0,0,2,0,0,0,0,0,4,1,0,1,1,0,1,0,0,0,1,1,0,0,0,0,0,0,0,1,1,1,0,0,0,0,0,0,0,1,1,0,0,0,0,0,1,1,0,0,1,0,0,0,0,0,0,0,0,1,2
70,0.7,210,0.49,0.7,800,FALSE,FALSE,1500,179,16,1,5,10,8,1,4,1,7,75,2,0,1,0,0,0,0,0,1,0,2,1,1,1,1,0,2,2,1,14,2,1,0,0,0,1,0,0,0,3,1,1,0,1,1,0,0,0,0,2,0,0,0,2,0,1,0,0,1,1,0,0,0,1,0,0,0,0,0,1,0,0,0,0,0,0,0,1,1,0,0,0,0,0,0,0,0,0,1,0
20,0.8,140,0.39,0.9,190,FALSE,TRUE,1500,185,26,2,2,3,3,1,1,2,2,88,5,1,0,2,0,1,0,0,0,1,5,0,0,0,0,0,0,0,1,10,5,0,0,0,1,0,0,0,0,11,1,0,0,1,0,0,1,0,1,4,0,0,0,0,0,0,0,0,0,1,0,1,0,0,0,0,1,0,0,0,0,0,0,0,0,0,0,0,0,0,1,0,0,0,0,0,0,0,0,1
100,0.5,290,0.52,0.9,960,TRUE,FALSE,1500,185,20,2,1,3,4,3,0,2,7,90,5,0,1,2,2,0,0,0,0,0,4,0,0,1,0,0,0,0,0,13,2,0,0,1,1,1,0,0,0,4,3,1,0,0,0,0,0,0,1,3,1,1,0,0,0,0,0,0,0,1,0,0,0,0,0,0,0,0,0,1,0,0,0,0,1,0,0,0,0,2,0,0,0,0,0,0,0,0,0,2
80,0.9,160,1,0.8,640,FALSE,FALSE,1500,184,19,0,3,7,2,4,1,0,6,92,2,1,0,3,1,0,0,0,1,2,1,0,0,0,0,0,1,0,0,6,4,0,1,1,1,0,0,0,2,10,1,0,0,1,0,0,0,0,0,2,0,0,1,0,0,1,0,0,0,0,0,0,0,0,1,0,1,0,0,0,0,0,0,0,0,0,0,0,0,3,1,0,1,0,0,0,0,0,0,1
20,0.7,270,0.86,0.8,320,FALSE,TRUE,1500,185,18,1,1,7,4,3,1,2,4,93,2,0,1,0,0,0,0,0,1,0,2,0,1,0,0,1,1,0,0,3,4,1,0,0,2,0,0,0,1,16,1,0,1,0,0,1,0,0,1,3,2,0,0,0,0,0,0,0,1,0,0,0,0,1,0,0,0,0,0,1,0,0,0,0,0,0,1,0,0,0,0,0,0,0,0,0,0,0,1,2
10,0.5,200,0.32,0.7,190,FALSE,FALSE,1500,183,29,0,1,3,5,2,3,1,3,84,0,2,0,1,1,1,0,2,1,0,1,0,0,0,0,0,0,0,0,2,5,0,0,1,0,0,0,1,1,16,4,0,0,4,0,0,0,1,0,2,0,0,0,0,0,0,0,0,0,2,1,0,0,0,0,0,0,0,0,0,0,0,1,1,0,0,0,0,0,1,1,0,0,0,0,0,0,0,0,0
70,0.9,100,0.7,0.9,350,FALSE,FALSE,1500,182,22,2,3,3,4,2,2,3,6,74,5,2,2,1,0,1,0,0,1,0,0,0,0,1,2,0,0,0,0,6,4,0,0,2,0,0,1,0,2,9,3,0,0,1,2,0,0,1,0,3,1,1,0,0,0,0,0,0,0,1,0,0,0,0,0,0,0,0,1,2,1,0,0,0,0,1,0,1,0,2,0,0,0,1,0,0,0,0,0,1
20,0.6,230,0.93,0.5,190,TRUE,FALSE,1500,184,28,1,2,9,5,3,2,2,6,72,5,0,1,1,1,0,0,0,0,1,1,0,0,1,0,1,0,1,0,3,4,0,1,1,2,0,0,0,2,12,3,0,0,1,0,0,0,0,0,3,1,0,0,2,0,0,0,0,0,0,1,0,0,0,0,0,1,0,0,0,0,0,0,0,1,0,0,0,0,1,0,0,0,0,0,0,0,1,0,2
50,0.7,210,0.84,0.6,420,TRUE,TRUE,1500,181,19,2,1,6,3,3,1,3,5,83,3,2,0,1,1,2,2,0,1,1,1,0,0,2,0,0,0,0,1,5,2,2,0,1,2,0,0,0,0,12,4,1,0,0,0,0,0,0,0,3,0,0,0,0,0,0,0,0,0,0,0,0,0,0,0,0,1,0,0,0,0,0,0,0,1,0,0,0,1,4,0,0,0,0,0,0,0,0,0,0
50,0.9,150,0.83,0.9,960,TRUE,TRUE,1500,179,18,2,1,8,4,6,0,2,7,80,1,0,0,0,2,0,1,0,1,1,2,0,2,0,0,1,0,0,1,4,6,0,0,1,2,1,0,0,0,9,2,0,0,0,1,0,0,0,1,7,0,0,0,0,0,0,0,0,0,1,0,0,0,0,0,0,0,0,0,1,0,0,0,1,1,0,0,0,0,0,0,0,0,0,0,0,1,0,0,1
80,0.9,230,0.48,0.6,510,TRUE,FALSE,1700,171,26,4,3,4,5,1,0,1,3,74,3,0,1,0,2,1,0,0,0,0,1,0,1,0,1,0,0,0,2,4,3,0,0,0,1,1,0,0,1,10,1,0,1,2,1,0,0,0,1,3,2,0,0,0,0,0,1,0,1,3,1,0,0,0,1,0,0,0,0,1,0,0,0,0,0,0,0,0,0,0,0,0,0,0,0,0,0,0,0,0
50,0.6,150,0.93,0.8,410,TRUE,FALSE,1700,163,17,1,2,2,10,4,2,2,4,78,1,0,0,0,0,0,0,1,0,1,1,0,0,0,1,0,0,0,0,5,2,0,1,1,1,0,0,0,1,9,4,0,1,0,1,0,0,0,0,3,0,0,0,0,1,0,1,0,0,1,0,0,1,0,0,0,0,0,0,1,0,0,0,0,0,0,0,0,1,1,0,0,0,0,0,0,0,0,0,1
60,0.8,210,0.43,0.6,830,FALSE,FALSE,1700,170,21,0,4,7,4,6,1,2,6,73,2,0,0,2,0,0,0,1,0,2,1,2,0,1,0,2,1,0,0,4,2,0,1,1,0,0,1,0,3,9,4,0,0,2,0,0,0,0,0,2,0,0,0,0,0,0,0,0,1,1,0,0,0,0,1,0,0,0,0,0,0,0,0,1,0,0,0,0,0,0,0,0,0,0,0,0,0,0,0,0
80,0.5,130,0.77,0.6,810,FALSE,TRUE,1700,170,14,3,2,5,6,4,2,2,5,80,5,0,0,0,0,0,0,0,0,0,0,0,0,0,0,1,0,0,1,11,3,1,0,1,3,0,1,1,1,5,1,0,1,2,0,0,0,0,0,5,0,0,0,0,0,0,0,0,1,3,0,0,0,0,0,1,0,0,0,0,0,0,0,0,0,0,0,0,0,0,0,0,0,0,0,0,0,0,0,0
40,0.9,120,0.42,0.3,700,FALSE,TRUE,1700,169,21,4,1,9,4,0,1,2,5,76,0,3,0,0,0,0,0,0,1,0,2,0,0,1,0,0,1,0,1,12,3,0,0,0,0,1,0,0,0,6,4,0,0,0,2,1,0,0,0,1,0,0,1,0,0,0,0,1,0,3,0,0,0,0,0,0,0,0,0,0,0,0,0,0,0,0,1,0,1,0,0,0,0,0,0,0,0,0,1,0
80,0.7,220,0.86,0.9,830,TRUE,FALSE,1700,169,19,2,3,1,9,0,2,1,1,86,0,0,0,1,0,0,1,0,1,1,3,0,0,0,1,0,2,0,1,14,5,0,0,0,0,1,0,0,1,6,0,1,1,1,1,0,0,0,0,0,0,0,0,0,0,0,0,0,0,1,1,0,0,0,0,0,0,0,1,0,0,0,0,0,0,0,1,0,0,0,0,0,0,0,0,0,0,0,0,0
90,0.8,130,0.47,0.7,280,TRUE,TRUE,1700,172,17,1,5,10,4,4,2,1,8,76,0,0,1,1,0,0,1,1,0,1,4,0,0,1,2,0,0,0,0,11,1,0,1,0,2,1,0,1,0,7,0,0,0,0,0,0,1,0,0,2,0,0,0,1,1,0,0,0,1,2,0,0,0,0,1,0,0,0,0,0,0,0,0,0,0,0,0,0,0,0,0,0,0,0,0,0,0,0,0,0
20,0.6,300,0.71,0.8,570,TRUE,FALSE,1700,167,15,3,2,6,4,5,0,2,5,83,2,0,0,0,1,0,0,0,0,0,2,1,0,0,2,0,1,0,1,10,0,0,2,0,1,0,0,0,0,8,1,1,0,0,0,0,0,0,1,1,1,0,0,0,0,1,0,0,0,3,1,0,0,0,0,0,0,0,0,0,0,0,0,0,0,0,0,0,1,0,0,0,0,0,0,0,0,0,1,0
60,0.8,220,0.86,0.8,950,FALSE,FALSE,1700,166,16,0,3,5,5,3,3,4,7,75,2,1,0,1,1,0,0,0,0,2,1,0,0,0,0,1,0,0,0,9,3,0,0,0,3,1,0,0,2,8,2,0,1,0,0,0,0,0,0,1,1,0,1,0,0,0,0,0,0,1,0,0,0,0,0,0,0,0,0,0,1,0,0,0,1,0,0,0,0,2,0,0,0,0,0,0,0,0,0,0
30,0.5,120,0.8,0.4,650,TRUE,FALSE,1700,171,13,3,0,10,2,1,1,2,5,90,3,0,1,0,0,0,0,0,1,0,4,0,0,0,0,0,1,0,1,5,1,1,0,0,1,0,0,0,0,8,3,0,1,0,1,1,0,0,1,2,0,0,0,0,0,0,0,0,0,1,1,0,0,1,0,1,0,0,0,2,0,0,0,0,0,0,0,0,0,3,0,0,0,0,0,0,0,0,0,0
20,0.5,270,0.32,0.3,920,FALSE,FALSE,1700,172,19,3,0,7,3,1,1,3,6,88,1,0,2,1,0,1,0,0,0,0,2,0,0,0,0,0,0,0,1,6,0,0,0,1,0,0,0,0,0,11,3,0,0,1,1,0,0,0,0,3,0,1,0,0,0,0,0,0,0,4,1,0,0,0,0,0,0,0,0,0,0,0,0,0,0,1,0,0,0,0,0,0,0,0,1,0,0,0,0,0
80,0.7,220,0.92,0.5,820,TRUE,FALSE,1700,171,15,2,2,8,4,5,2,2,11,77,1,0,0,0,0,0,1,0,0,1,1,0,1,0,0,0,0,0,0,8,1,0,1,1,2,1,0,0,0,6,1,0,0,0,1,0,1,0,0,2,0,0,0,0,0,0,1,0,0,4,0,0,1,0,0,0,0,0,0,4,1,0,0,0,1,0,0,0,0,2,0,0,0,0,0,0,0,0,0,0
90,0.6,250,0.44,0.3,530,FALSE,FALSE,1700,173,18,4,1,3,4,3,2,3,2,81,4,1,0,0,0,0,2,0,1,2,4,2,0,0,1,0,0,0,1,5,4,0,0,1,0,0,0,0,2,11,0,0,0,0,1,0,0,1,0,2,1,0,0,0,0,1,0,0,0,1,2,0,0,0,0,0,0,0,0,1,1,0,0,0,0,1,0,0,0,0,0,0,0,0,0,0,0,0,0,0
30,0.9,200,0.45,0.7,930,TRUE,FALSE,1700,164,20,2,3,5,1,0,3,1,2,77,5,1,0,4,1,0,0,0,1,0,3,0,0,1,0,0,0,1,0,3,1,0,0,0,0,1,1,0,1,9,4,0,0,1,0,0,0,0,2,4,0,1,0,0,1,0,0,0,1,1,1,0,0,0,0,0,0,0,0,1,0,0,0,0,0,1,0,0,0,0,0,0,0,0,0,0,0,0,0,0
60,0.7,230,0.36,0.3,520,TRUE,TRUE,1700,167,24,4,3,4,9,0,2,1,4,70,3,1,0,1,0,1,0,0,2,0,0,0,0,0,1,0,0,0,1,2,1,0,2,1,1,0,1,0,0,6,5,2,0,1,0,0,0,0,0,4,0,0,0,0,0,0,1,0,1,1,0,0,0,0,0,0,0,0,0,2,2,0,0,0,1,0,0,0,1,0,0,0,0,0,0,1,0,0,0,1
40,0.6,120,0.68,0.6,460,FALSE,TRUE,1700,173,22,2,1,3,4,4,1,1,5,80,5,1,0,1,1,0,1,0,0,0,4,0,0,0,1,0,0,0,0,4,2,0,0,0,2,0,0,0,0,13,2,0,1,1,0,1,0,0,0,4,0,0,0,0,1,1,0,0,0,2,0,0,0,0,0,1,0,0,0,2,0,0,0,0,0,0,0,0,0,0,0,0,0,0,0,0,0,0,0,0
90,0.9,110,0.9,0.4,700,TRUE,TRUE,1700,168,19,2,4,7,4,2,3,0,4,70,5,1,0,1,2,2,1,0,1,0,2,0,1,0,0,0,0,0,2,4,2,0,0,0,1,2,0,0,0,11,4,0,0,2,0,0,0,0,2,3,1,0,1,0,0,0,0,0,0,0,1,0,0,0,0,0,0,0,0,1,0,0,0,0,0,1,0,0,0,0,0,0,0,0,0,0,0,0,0,0
10,0.8,140,0.86,0.3,200,TRUE,FALSE,1700,171,16,2,4,5,4,4,1,1,7,77,0,0,1,1,0,1,2,0,0,2,3,1,0,0,0,0,0,1,0,7,2,0,1,0,1,1,0,0,0,7,2,0,0,1,1,2,1,0,0,6,1,0,0,0,0,0,0,1,0,2,0,0,0,1,0,1,0,0,0,0,0,0,1,0,0,0,0,0,0,0,0,0,0,0,0,0,0,0,0,0
40,0.8,150,0.45,0.3,150,FALSE,TRUE,1700,178,25,0,0,4,4,6,1,0,5,81,3,0,0,1,2,0,1,1,0,0,4,0,0,0,1,0,0,0,0,11,2,1,0,1,0,0,1,0,0,7,1,1,1,1,2,1,0,0,0,1,2,0,0,0,0,0,0,0,1,2,1,0,0,0,0,0,0,0,0,0,0,0,0,1,1,0,0,0,0,1,0,0,0,0,0,0,0,0,0,0
10,0.6,250,0.57,0.8,780,FALSE,TRUE,1700,168,22,2,0,6,4,3,1,2,3,78,1,0,1,0,0,3,1,0,0,0,3,1,0,0,2,2,0,0,0,3,1,0,0,0,0,0,0,0,1,10,3,0,0,2,1,1,0,0,1,3,1,0,0,0,0,0,0,0,1,1,0,0,0,0,0,0,1,0,0,1,0,0,0,0,0,0,0,0,0,2,0,0,0,0,0,1,0,0,0,0
60,0.9,220,0.49,0.9,880,FALSE,TRUE,1700,173,20,0,3,0,7,1,0,3,6,84,1,1,1,0,0,0,0,0,0,2,5,0,0,0,1,0,0,1,0,11,1,0,0,1,0,0,0,1,1,7,3,1,0,2,0,0,0,0,0,1,1,0,0,0,1,0,0,0,0,4,0,0,0,0,0,0,0,0,0,1,0,0,0,0,0,1,0,0,0,1,0,0,0,0,0,0,0,0,0,0
10,0.8,230,0.68,0.5,800,FALSE,FALSE,1700,169,22,2,1,1,3,1,1,2,4,80,4,0,0,0,1,0,0,0,0,1,6,0,1,0,0,0,0,0,1,12,2,0,0,1,2,2,0,0,0,4,1,1,0,0,1,0,0,0,0,3,3,0,0,0,0,0,1,1,0,1,0,0,0,0,1,0,0,0,0,1,0,0,0,0,0,0,0,0,1,0,0,0,0,0,0,0,1,0,0,0
80,0.7,250,0.81,0.6,1000,TRUE,FALSE,1700,167,23,1,1,3,4,4,2,1,5,75,3,0,0,0,0,0,0,0,0,3,1,1,0,0,1,0,0,0,1,15,2,0,0,0,1,1,0,0,0,3,3,0,0,0,1,0,0,0,1,3,2,0,0,1,1,0,0,1,0,1,0,0,0,0,0,0,0,0,0,1,1,0,1,0,0,0,0,0,0,0,0,0,0,0,0,0,0,0,0,0
20,0.7,170,0.31,0.3,130,FALSE,FALSE,1700,169,19,3,2,4,4,0,2,2,2,84,3,0,1,0,1,0,0,1,0,0,0,1,1,0,1,0,0,1,1,12,3,0,0,0,1,1,0,1,2,4,4,0,0,0,0,1,0,0,0,2,1,0,0,0,0,0,0,0,0,2,0,0,0,0,0,1,0,0,0,1,1,0,0,0,0,0,0,0,0,0,0,0,0,0,0,0,0,0,0,0
70,0.7,250,0.64,0.3,710,FALSE,FALSE,1700,167,16,0,3,7,6,5,3,2,3,73,2,1,0,0,1,1,0,1,0,4,3,0,1,0,1,0,0,0,3,9,0,2,0,1,2,0,0,0,0,8,0,0,0,0,0,1,0,0,0,2,0,0,0,1,0,0,0,0,1,2,0,0,0,0,0,0,0,0,0,1,0,0,0,0,0,0,1,0,0,0,0,0,0,0,0,0,0,0,0,1
50,0.8,260,0.59,0.5,910,FALSE,FALSE,1700,169,20,2,1,0,3,2,1,0,4,85,5,0,1,0,0,0,0,0,0,2,3,0,1,2,1,0,0,0,1,8,3,0,1,1,1,0,0,0,0,9,2,2,0,1,0,0,0,0,0,2,1,0,0,1,1,0,0,0,0,0,0,0,0,0,0,1,0,0,0,1,1,0,0,0,0,0,0,0,0,0,0,0,0,0,0,0,0,0,0,0
30,0.8,120,1,0.7,230,FALSE,FALSE,1700,166,23,2,2,5,4,2,1,1,5,71,4,0,0,0,0,1,0,0,0,1,5,1,0,0,0,1,2,0,0,4,2,2,0,0,0,1,0,0,0,11,3,0,0,0,0,0,1,0,0,1,0,0,0,0,0,0,0,0,0,3,2,0,0,0,0,0,0,0,0,1,1,0,0,0,0,0,1,0,0,2,0,0,0,0,0,0,0,0,0,0
20,0.5,270,0.95,0.3,910,TRUE,FALSE,1700,167,17,3,2,8,4,3,1,1,5,71,3,2,3,0,0,2,1,0,1,1,2,0,0,0,0,0,0,0,0,3,4,0,0,0,2,0,0,0,0,12,2,1,0,1,1,0,0,1,0,5,0,0,0,0,0,0,0,0,0,2,0,0,0,0,0,0,1,0,1,0,0,0,0,0,0,1,0,0,0,0,0,0,0,1,0,0,0,0,0,0
50,0.6,160,1,0.9,950,TRUE,FALSE,1700,168,17,0,2,2,9,3,2,1,5,80,1,2,1,1,0,0,0,1,0,2,1,0,0,0,0,0,0,0,0,3,2,0,0,1,0,1,0,0,1,15,1,1,1,1,2,0,0,0,0,1,0,0,0,0,1,0,0,0,0,3,1,0,0,0,0,0,0,0,0,1,0,0,0,0,0,0,1,0,1,0,1,0,0,0,0,0,0,0,0,0
80,0.7,270,0.93,0.6,460,FALSE,FALSE,1700,169,22,1,2,4,4,2,0,2,4,78,4,1,0,1,0,4,0,1,1,0,0,1,0,1,2,0,0,0,0,3,4,0,0,0,0,0,0,0,1,11,1,0,0,1,0,0,2,0,0,2,0,0,0,0,0,0,0,0,1,1,1,0,0,1,0,0,0,0,0,3,0,0,0,0,0,1,0,0,1,1,0,0,0,0,0,0,0,0,0,0
70,0.6,240,0.83,0.8,790,TRUE,TRUE,1700,169,16,3,2,5,8,3,1,1,2,86,2,0,0,0,0,0,0,1,0,0,2,0,2,1,0,0,0,0,0,2,0,1,0,1,1,1,0,0,1,8,3,1,0,1,0,0,0,0,3,5,0,0,0,0,0,0,0,0,1,3,0,0,0,0,0,0,1,0,0,0,0,0,0,0,0,0,0,0,1,0,0,0,0,0,0,0,0,0,1,0
10,0.7,110,0.46,0.9,430,TRUE,TRUE,1700,166,22,0,1,6,4,1,3,2,4,76,3,0,0,2,2,0,1,1,0,3,1,0,0,0,0,0,0,0,0,1,5,0,0,0,3,2,0,0,1,11,1,0,0,0,0,0,0,0,0,2,0,0,1,1,0,0,0,0,0,1,0,0,0,0,0,1,0,0,0,0,0,0,0,0,0,1,0,0,0,3,0,0,0,0,0,0,0,0,0,1
10,0.5,190,0.84,0.3,840,TRUE,FALSE,1700,166,14,3,2,3,9,4,0,3,4,79,3,1,0,1,0,0,0,0,0,1,0,0,0,0,0,1,0,0,1,4,2,0,1,2,1,0,0,0,1,12,3,1,0,0,1,0,0,0,0,3,1,0,0,1,0,0,0,0,0,1,0,0,0,0,0,0,0,0,0,2,0,0,0,0,0,0,0,0,0,0,0,0,0,0,0,0,1,0,0,1
70,0.6,210,0.86,0.6,780,FALSE,TRUE,1700,167,22,1,2,6,5,2,2,0,6,72,5,0,0,0,3,0,0,1,0,2,2,0,0,0,1,0,0,0,0,3,2,0,1,0,1,0,0,1,1,13,2,1,0,0,0,0,0,0,0,5,1,0,0,0,0,0,0,0,0,2,0,0,0,0,0,0,0,0,0,1,0,0,0,0,0,0,1,0,0,0,0,0,0,0,0,0,0,0,1,0
20,0.7,190,0.38,0.6,300,FALSE,TRUE,1700,173,20,3,1,4,3,2,3,2,5,81,4,1,0,1,0,0,0,0,0,0,3,1,1,0,0,0,0,0,1,7,3,0,0,1,0,2,0,0,1,10,2,0,0,0,2,0,0,0,1,2,2,0,0,0,1,0,0,0,0,1,0,0,0,1,0,0,1,0,0,1,0,0,0,0,0,0,0,0,0,0,0,0,0,0,0,0,0,0,0,0
20,0.5,190,0.71,0.8,320,TRUE,TRUE,1700,170,16,3,1,6,9,3,1,2,3,82,2,0,1,0,0,0,0,1,1,0,1,0,0,0,0,2,0,0,0,10,2,0,0,2,1,1,0,0,1,8,3,1,0,1,0,0,1,0,0,1,0,0,0,0,0,0,0,0,1,3,0,0,0,0,0,0,0,0,0,0,0,0,0,0,0,1,0,0,0,0,0,0,0,0,0,0,0,0,0,0
30,0.6,200,0.67,0.4,130,TRUE,TRUE,1700,173,16,2,3,3,13,5,3,1,4,81,2,0,1,0,0,0,0,0,0,1,1,0,0,2,0,0,1,1,0,11,1,0,0,1,0,0,0,0,1,9,2,1,0,0,1,0,0,0,0,1,2,0,0,0,0,0,1,0,0,2,0,0,0,0,0,0,0,0,0,0,0,0,0,0,0,0,0,0,0,0,0,0,0,0,1,0,0,0,0,0
20,0.9,280,0.52,0.5,710,TRUE,TRUE,1700,168,18,0,4,6,12,3,1,0,6,75,0,0,0,2,0,0,0,1,0,0,2,0,1,2,0,0,0,1,1,9,3,1,0,2,1,0,1,0,1,4,0,0,0,0,0,0,0,0,0,1,1,1,0,0,0,0,0,0,1,4,1,0,0,0,0,0,1,0,0,1,1,0,0,0,0,0,0,0,0,0,0,0,0,0,0,0,0,0,0,0
30,0.9,200,0.46,0.5,750,TRUE,TRUE,1700,172,19,1,1,3,3,5,0,1,2,87,6,0,0,1,0,0,1,0,0,4,3,0,0,0,1,0,0,0,1,12,0,0,0,0,0,0,1,0,0,4,4,1,1,0,2,0,0,0,0,1,2,0,0,0,0,0,0,0,0,3,1,0,0,0,0,1,0,0,0,0,0,0,0,0,0,0,0,0,1,0,0,0,0,0,0,0,0,0,0,0
90,0.5,240,0.41,0.7,820,TRUE,FALSE,1700,167,18,0,6,3,8,3,3,2,8,71,1,1,1,0,0,0,0,0,0,2,2,0,1,0,1,0,0,0,1,13,2,0,0,1,2,0,0,0,0,3,4,0,0,1,0,0,0,1,0,3,1,0,0,0,0,0,0,0,0,1,0,0,0,0,0,0,0,0,0,0,0,0,0,0,0,0,1,0,1,0,0,0,0,0,0,0,0,0,1,1
90,0.5,220,0.75,0.7,670,FALSE,TRUE,1700,173,16,4,2,7,4,0,0,1,5,84,0,1,0,1,1,0,0,0,1,4,3,0,0,1,0,0,0,1,0,13,3,0,1,1,0,0,0,0,0,3,1,0,0,1,1,0,0,0,1,3,0,0,0,0,0,1,0,0,0,3,2,0,0,1,0,0,1,0,0,0,0,0,0,0,0,0,0,0,0,1,0,0,0,0,0,0,0,0,1,0
60,0.8,290,0.57,0.9,390,FALSE,TRUE,1700,168,23,1,1,3,2,0,4,1,3,82,3,1,0,0,0,0,0,1,1,0,2,0,0,0,2,1,0,0,1,8,4,0,0,1,0,1,0,0,0,9,1,0,0,1,2,1,0,0,0,3,1,0,0,0,0,0,0,0,0,3,0,0,0,0,0,1,0,0,0,1,0,0,0,0,0,0,0,0,0,0,0,0,0,0,0,0,0,0,0,0
70,0.5,220,0.39,0.6,770,FALSE,TRUE,1700,167,19,3,1,6,8,1,0,0,5,75,4,1,2,0,0,1,0,1,0,0,3,0,0,0,0,0,0,0,1,8,3,1,0,1,0,1,1,0,2,9,3,0,0,0,0,0,1,1,0,2,1,1,0,0,0,0,0,0,0,1,0,0,0,0,0,0,0,0,0,0,0,0,0,0,0,0,1,0,0,0,0,0,0,0,0,0,0,0,0,0
30,0.5,280,0.44,0.9,940,TRUE,FALSE,1700,168,17,5,1,5,7,2,2,2,5,78,3,1,0,0,0,0,0,0,1,0,4,0,0,1,0,0,0,0,1,2,3,0,0,1,1,1,0,2,0,14,3,0,0,0,0,0,1,0,1,0,0,0,0,0,0,0,0,0,0,2,0,0,0,0,1,0,0,0,0,0,0,0,0,0,0,0,0,0,1,0,0,0,0,0,0,0,0,0,1,0
90,0.6,100,0.35,0.5,860,TRUE,TRUE,1700,168,23,1,1,7,4,3,1,3,2,72,2,1,1,3,1,1,1,2,0,0,1,0,0,0,0,0,1,0,2,0,4,0,0,2,0,1,0,0,1,13,3,1,1,1,0,0,0,0,0,4,0,0,0,0,0,0,1,0,0,2,0,0,0,0,0,0,0,0,0,0,1,0,0,0,0,1,0,0,0,0,0,0,0,0,0,0,0,0,0,0
20,0.7,100,0.31,0.8,610,FALSE,FALSE,1700,170,20,2,2,6,6,0,1,0,2,76,1,0,1,2,1,0,1,0,0,0,5,1,0,1,0,0,2,0,1,7,5,0,0,1,0,2,0,0,2,9,1,0,1,1,1,0,0,0,1,3,0,0,0,1,0,0,0,0,0,3,0,0,0,1,0,0,0,0,0,0,0,0,0,0,0,0,0,0,1,0,0,0,0,0,0,0,0,0,0,0
20,0.8,180,0.98,0.3,1000,FALSE,FALSE,1700,169,19,1,1,6,4,3,1,0,6,76,3,0,1,1,1,1,1,0,1,2,2,0,1,0,0,1,0,0,0,5,2,0,0,2,1,0,0,0,0,11,1,0,0,1,0,1,0,1,0,4,2,0,0,1,1,0,0,0,0,0,0,0,0,0,0,0,0,0,0,0,0,0,0,0,0,0,0,0,1,2,0,0,0,0,0,1,0,0,1,0
70,0.7,140,0.95,0.9,920,TRUE,FALSE,1700,165,19,0,1,4,5,4,0,2,7,73,2,2,0,0,1,1,0,0,0,1,0,0,0,1,1,1,0,0,1,5,3,0,0,1,2,1,1,0,1,16,1,1,0,0,0,0,0,0,1,1,1,0,0,0,0,0,0,0,0,2,0,0,0,0,1,1,0,0,0,0,0,0,0,1,0,0,0,0,0,0,0,0,0,0,0,0,0,0,0,0
90,0.9,270,0.44,0.5,810,TRUE,FALSE,1700,171,14,2,3,4,9,5,2,1,4,81,1,2,2,0,0,0,0,0,0,2,0,0,1,0,2,1,0,0,1,4,3,0,0,2,1,0,0,0,1,11,3,0,0,0,0,0,0,0,0,4,1,0,0,0,0,1,0,1,0,1,0,0,1,0,0,0,0,0,0,0,0,0,0,0,0,0,1,0,0,0,0,0,0,0,0,0,0,0,0,0
80,0.9,300,0.53,0.5,170,FALSE,FALSE,1700,165,23,1,2,3,6,0,1,1,5,76,3,0,0,0,1,0,0,1,0,1,1,2,0,0,0,0,1,0,0,9,3,1,0,0,2,0,2,1,0,7,2,0,1,1,0,0,1,0,0,1,1,0,0,0,0,0,0,0,0,3,0,0,0,0,1,0,0,0,1,1,0,0,0,0,0,0,0,0,0,0,0,0,0,0,0,0,0,0,0,0
60,0.5,280,0.65,0.8,380,TRUE,FALSE,1700,173,20,2,0,4,4,4,1,0,4,85,4,0,0,0,1,1,0,0,0,2,3,0,0,0,0,0,1,0,0,13,2,0,0,0,0,0,1,0,0,9,4,0,1,0,1,1,0,0,0,2,1,0,0,0,0,0,0,0,0,0,0,0,0,0,0,0,0,0,0,1,0,0,0,0,1,0,0,0,0,0,0,0,0,0,1,0,0,0,0,0
90,0.8,220,0.59,0.8,930,FALSE,FALSE,1700,166,20,2,1,8,3,5,0,3,7,68,2,3,0,0,1,0,0,1,1,1,1,0,3,0,0,1,3,0,0,8,3,0,1,0,1,1,0,0,0,7,0,1,0,1,1,0,0,1,0,1,1,0,0,0,0,0,0,0,0,2,0,0,0,0,0,1,0,0,1,1,0,0,0,0,0,0,0,0,0,0,1,0,0,0,0,0,0,0,0,0
100,0.5,270,0.62,0.5,390,TRUE,TRUE,1700,175,24,0,3,3,6,2,0,1,7,80,5,0,1,1,1,0,1,0,0,0,1,0,0,1,1,0,0,1,0,10,4,0,0,0,0,0,0,0,0,9,4,1,0,2,1,0,0,0,0,2,0,0,0,0,0,0,0,0,0,2,0,0,0,0,0,0,0,0,1,0,0,0,0,0,0,0,1,0,0,0,0,0,0,0,0,0,0,0,0,0
90,0.6,270,0.74,0.9,930,TRUE,TRUE,1700,168,16,2,2,5,8,2,2,1,7,80,1,0,0,0,0,0,1,0,1,1,2,0,0,2,0,0,0,0,1,4,3,0,0,0,0,1,0,1,0,6,3,0,0,2,2,0,0,0,1,3,0,0,0,0,1,0,0,0,1,3,0,0,0,0,0,0,0,0,0,3,0,0,0,0,0,0,0,0,0,0,0,0,0,0,0,0,0,0,0,1
70,0.7,190,0.59,0.7,410,TRUE,TRUE,1700,172,18,0,5,7,8,3,2,1,5,69,3,1,1,1,1,0,0,0,1,2,1,0,0,0,1,1,0,0,3,11,4,0,0,3,1,0,0,1,1,4,1,0,2,0,1,0,0,0,0,3,1,0,0,0,0,0,0,0,0,1,0,0,0,0,1,0,0,0,1,1,0,1,0,1,0,0,0,0,0,0,0,0,0,0,0,0,0,0,0,0
80,0.5,220,0.34,0.4,550,TRUE,FALSE,1700,167,20,2,2,8,3,6,1,3,3,76,1,1,1,0,0,1,1,1,0,0,4,0,0,1,1,0,1,0,1,5,0,0,0,1,1,1,0,0,0,2,2,0,0,1,1,0,0,0,2,6,1,0,0,0,0,0,0,1,0,1,0,0,0,0,0,0,1,0,1,0,0,0,0,0,0,0,0,0,0,2,0,0,0,0,0,0,0,0,0,1
80,0.9,250,0.88,0.7,850,FALSE,TRUE,1700,170,19,3,1,9,5,5,1,1,7,73,3,1,0,1,1,0,0,0,0,3,0,0,0,0,0,0,1,1,1,5,3,0,0,2,3,0,0,0,2,7,3,0,0,0,0,0,0,0,0,1,1,0,0,1,1,0,0,0,2,0,0,0,0,0,0,0,0,0,0,0,0,0,0,0,0,0,0,0,1,1,0,0,0,0,0,0,0,0,1,1
80,0.9,220,0.54,0.9,260,FALSE,FALSE,1700,168,20,1,3,8,4,3,1,1,4,71,1,3,0,0,0,1,2,0,0,1,1,0,0,3,1,1,0,1,0,10,4,0,0,0,0,0,0,0,1,7,1,0,1,0,2,0,0,0,0,2,0,0,0,0,0,2,1,0,1,2,1,0,0,1,0,0,0,0,0,0,0,0,0,0,1,0,0,0,0,0,0,0,0,0,0,0,1,0,0,0
50,0.5,300,0.87,0.3,660,FALSE,FALSE,1700,166,20,1,1,3,5,1,2,0,4,81,2,0,0,1,1,1,1,0,0,2,2,0,0,0,0,0,0,0,1,4,2,0,0,1,0,1,0,0,1,9,4,2,0,0,1,0,0,0,0,1,1,0,0,0,1,0,0,0,0,3,0,1,0,0,0,0,0,0,0,2,0,0,0,0,0,0,0,0,0,3,0,0,0,0,0,0,0,0,0,1
90,0.6,210,0.71,0.3,180,TRUE,FALSE,1700,164,19,2,7,2,8,4,0,4,4,75,1,1,1,0,0,0,0,0,0,1,2,0,0,0,0,0,0,0,1,2,3,0,0,3,0,1,0,0,0,4,1,0,2,0,3,0,0,0,0,1,0,0,0,0,0,0,1,0,0,4,0,0,0,0,1,0,0,0,1,1,1,0,0,0,0,0,0,0,0,2,0,0,0,0,0,0,0,0,2,0
70,0.8,200,0.49,0.5,310,FALSE,TRUE,1700,166,22,2,1,4,3,2,1,3,3,80,4,1,1,0,0,0,0,0,0,1,1,0,0,0,0,0,0,0,0,4,2,0,1,0,0,2,0,0,0,13,3,0,1,0,0,0,0,0,0,2,0,0,0,1,0,1,0,0,0,1,1,0,0,0,0,0,1,0,0,2,0,0,0,0,0,0,0,0,0,2,0,0,0,0,0,0,0,0,0,0
100,0.6,300,0.58,0.9,630,FALSE,FALSE,1700,166,22,1,4,8,8,0,1,2,7,69,3,0,0,1,2,0,0,0,1,0,1,0,0,1,0,1,0,0,0,3,3,1,1,0,0,0,0,0,0,10,2,0,0,0,3,0,0,1,1,1,0,0,0,1,0,0,0,0,1,1,0,0,0,0,0,0,0,0,0,1,1,0,0,0,0,0,1,0,0,1,0,0,0,0,0,0,0,0,1,1
70,0.5,150,0.61,0.4,950,TRUE,FALSE,1700,164,19,0,3,6,5,7,0,1,4,74,2,0,1,1,1,0,0,0,0,0,3,0,0,0,1,0,1,0,0,1,4,0,0,3,0,1,0,0,0,8,0,0,3,0,0,0,0,1,1,5,0,0,0,0,0,0,0,0,0,0,1,0,0,0,1,0,0,0,1,2,0,0,0,0,0,0,0,1,1,1,0,0,0,0,0,0,0,0,0,1
40,0.9,210,0.56,0.4,280,TRUE,FALSE,1700,169,16,1,3,6,8,6,0,0,5,75,2,1,1,2,0,0,0,1,0,2,1,0,1,0,1,0,0,0,0,3,3,0,0,0,3,1,0,1,2,10,1,0,0,1,0,0,1,0,0,6,1,0,0,1,0,1,0,0,1,0,0,1,0,0,0,0,0,0,0,1,0,0,0,0,0,0,0,0,0,0,0,0,0,0,0,0,0,0,0,0
100,0.8,280,0.56,0.7,170,FALSE,FALSE,1700,167,22,0,2,2,6,1,2,0,3,79,2,1,0,0,1,0,0,0,0,5,1,0,0,0,1,0,0,0,1,7,4,0,0,0,3,0,1,0,1,11,3,0,0,0,0,0,1,0,0,2,0,1,0,0,1,0,0,0,0,1,0,0,0,0,0,0,0,0,0,0,0,0,0,0,0,1,0,0,1,1,0,0,0,0,0,0,0,0,0,0
80,0.5,280,0.96,0.5,1000,FALSE,TRUE,1700,167,19,2,0,4,3,4,1,0,1,86,1,0,0,0,1,0,0,0,0,2,4,0,0,0,0,0,1,0,0,5,2,0,0,0,2,1,0,0,2,15,2,0,0,1,0,1,0,0,0,1,2,0,0,0,0,0,0,0,0,0,0,0,0,0,1,0,0,0,1,0,0,0,0,1,0,0,0,0,0,1,0,0,0,0,0,0,0,0,1,0
20,0.8,210,0.33,0.9,110,TRUE,FALSE,1700,165,21,1,2,0,6,3,0,2,4,81,0,0,0,1,1,1,0,0,0,1,5,0,0,1,1,0,0,0,1,10,3,1,0,0,1,1,0,0,0,4,0,1,0,0,1,0,0,0,1,3,0,0,0,0,1,0,0,0,0,1,0,0,0,0,0,0,0,0,0,3,0,0,0,0,0,0,0,0,0,2,0,0,0,0,0,0,0,0,0,1
40,0.9,220,0.77,0.8,790,FALSE,FALSE,1700,165,20,2,1,4,4,3,1,1,6,74,2,0,0,1,0,1,0,0,0,0,0,0,0,1,1,1,0,1,0,8,4,0,0,0,2,0,0,0,0,8,2,0,1,0,0,2,0,1,0,3,0,1,1,1,0,0,0,0,1,3,0,0,0,0,0,0,0,0,0,0,0,0,0,1,0,1,0,0,0,2,0,0,0,0,0,0,0,0,0,0
50,0.7,110,0.54,0.7,140,FALSE,FALSE,1700,168,22,1,2,0,3,1,2,1,6,81,1,1,0,2,0,0,0,0,0,0,1,0,0,0,2,2,1,0,0,4,4,0,0,1,1,0,1,0,0,16,4,0,0,0,1,1,0,0,0,1,2,0,0,0,0,0,0,0,1,1,0,0,0,0,0,0,0,0,0,0,0,0,0,1,0,0,0,0,0,0,0,0,0,0,0,0,0,0,0,1
30,0.8,240,0.96,0.5,530,TRUE,TRUE,1700,171,22,0,2,3,6,3,0,1,3,77,2,0,0,1,0,0,0,1,2,2,5,2,0,2,1,0,0,1,0,14,2,0,0,0,2,0,0,0,1,5,2,0,0,1,1,0,0,0,1,0,1,1,0,1,0,0,0,0,0,1,0,0,0,0,0,0,0,0,0,0,0,0,0,0,0,0,1,0,0,2,0,0,0,0,0,0,0,0,0,0
20,0.7,130,0.34,0.4,870,TRUE,FALSE,1700,171,16,0,4,4,7,3,0,4,7,79,2,0,1,0,1,0,0,1,0,2,2,0,1,1,0,0,0,0,1,0,4,0,0,0,1,0,1,0,1,15,2,0,0,1,1,0,0,0,1,1,0,0,0,0,1,0,0,0,0,4,0,0,0,0,0,0,1,0,0,1,0,0,0,0,0,0,0,0,0,1,0,0,0,0,0,0,0,0,0,0
10,0.6,100,0.52,0.6,200,TRUE,TRUE,1700,173,22,1,2,5,3,0,3,2,3,79,3,3,0,0,0,0,1,1,1,0,5,0,0,0,1,0,1,0,0,11,5,1,0,1,1,1,0,0,0,5,0,0,0,2,1,0,0,0,0,0,1,0,0,0,0,0,1,0,0,3,0,0,0,0,0,1,0,0,1,1,0,0,0,0,0,0,0,0,1,1,0,0,0,0,0,0,0,0,0,0
70,0.7,130,0.44,0.6,750,TRUE,TRUE,1700,170,19,2,1,3,6,2,4,1,4,79,3,0,0,0,0,0,0,0,1,0,3,1,0,0,4,0,0,1,1,12,3,0,0,0,1,0,0,0,0,4,2,0,0,3,0,0,0,0,0,3,0,0,0,0,0,0,0,0,0,3,1,0,0,0,0,1,0,0,0,0,0,0,0,0,0,0,1,0,1,0,0,0,0,0,0,0,0,0,1,0
60,0.7,230,0.35,0.4,420,FALSE,TRUE,1700,175,24,1,2,5,2,4,2,0,5,82,3,2,0,0,0,1,0,0,0,3,2,0,0,0,0,0,0,0,1,9,2,0,0,1,1,1,1,0,1,3,0,1,1,0,1,1,0,0,0,0,2,0,0,0,0,0,0,0,0,2,1,0,0,0,2,0,0,0,1,2,1,0,0,0,0,0,0,0,0,3,0,0,0,0,0,0,0,0,0,0
50,0.7,150,0.69,0.6,700,TRUE,TRUE,1700,167,20,1,0,6,4,4,1,1,2,73,5,1,0,2,1,0,1,0,1,2,3,1,1,0,2,0,0,0,1,10,3,0,0,0,0,1,0,0,0,7,3,1,1,0,0,1,0,0,0,2,0,0,0,0,0,0,0,0,0,3,0,0,0,0,1,0,0,0,1,0,0,0,0,0,0,0,0,0,1,0,0,0,0,0,0,0,0,0,0,0
10,0.7,280,0.49,0.9,450,FALSE,FALSE,1700,167,21,1,3,3,4,2,1,0,6,81,1,0,0,0,0,1,0,0,0,2,2,0,1,0,0,0,0,0,0,8,5,0,0,0,2,0,0,0,1,9,2,0,0,0,1,0,0,0,1,1,1,1,0,0,1,0,1,0,1,2,0,0,0,0,0,0,0,0,0,0,0,0,0,0,0,0,0,0,1,0,0,0,0,0,0,0,0,0,1,0
90,0.6,120,0.43,0.8,480,TRUE,TRUE,1700,169,19,2,3,7,8,4,3,1,6,66,2,1,0,1,0,0,0,1,0,3,2,0,0,0,1,1,0,0,0,4,3,0,0,3,2,1,2,1,0,8,2,0,0,0,2,0,1,0,0,3,0,1,0,0,0,0,0,0,0,3,1,0,0,0,0,0,0,0,0,1,0,0,0,0,0,0,0,0,1,0,0,0,0,0,0,0,0,0,0,0
30,0.6,300,0.44,0.3,140,FALSE,TRUE,1700,168,21,1,0,6,4,1,1,3,7,74,1,1,0,2,0,0,0,0,0,0,1,0,0,1,0,0,0,0,1,2,4,0,0,1,1,2,0,0,1,13,0,0,0,1,2,0,0,1,0,1,0,0,0,0,0,1,2,0,1,9,0,0,0,0,0,0,1,0,0,1,0,0,0,0,0,0,0,0,0,0,0,0,0,0,0,0,0,0,0,0
80,0.5,100,0.79,0.5,710,FALSE,FALSE,1700,166,20,2,2,7,5,3,0,4,3,73,1,0,0,0,0,0,2,1,0,0,1,0,0,1,0,0,1,1,0,2,3,1,1,3,1,2,0,0,0,14,3,0,0,0,0,0,0,0,0,2,1,0,0,0,0,0,0,0,1,0,0,0,0,0,0,0,0,0,2,1,0,0,0,0,1,0,1,0,0,0,0,0,0,0,0,0,0,0,0,1
40,0.6,100,0.75,0.3,750,TRUE,TRUE,1700,168,22,1,3,3,4,2,2,1,2,78,1,0,0,1,0,0,1,2,0,3,3,1,1,0,0,0,0,0,0,3,2,0,1,1,4,0,0,0,0,11,3,0,0,0,0,0,0,0,1,3,0,0,1,0,0,0,0,1,0,2,0,0,0,0,0,1,0,0,1,1,0,0,0,0,0,0,0,1,0,1,0,0,0,0,0,0,0,0,0,0
90,0.6,180,0.65,0.5,110,FALSE,TRUE,1700,170,26,0,3,3,7,1,1,1,6,73,2,0,2,0,0,0,0,0,0,0,2,0,0,1,1,1,0,0,0,4,5,1,0,2,1,0,0,0,1,15,1,1,0,0,0,0,0,0,0,2,3,0,0,0,0,0,0,0,1,2,0,0,0,0,0,0,0,0,0,1,0,0,0,0,0,0,1,0,0,0,0,0,0,0,0,0,0,0,0,0
60,0.9,260,0.5,0.5,440,TRUE,TRUE,1700,169,16,4,3,4,8,2,1,2,2,81,2,2,2,1,1,0,0,0,0,1,2,1,0,0,0,0,0,0,0,1,1,0,0,0,0,1,0,0,0,10,3,1,0,0,0,1,0,2,1,2,0,1,0,1,0,0,0,0,0,1,0,0,0,1,0,0,0,1,0,3,0,0,0,0,0,0,0,0,0,2,0,0,0,0,0,1,0,0,0,1
30,0.6,250,0.33,0.9,120,FALSE,TRUE,1700,167,16,1,2,4,8,0,3,3,5,78,2,0,2,0,0,0,1,2,1,1,1,0,0,0,2,0,0,0,0,1,1,0,1,0,1,1,0,0,0,14,3,1,0,0,0,0,0,0,0,4,0,0,0,0,0,2,0,0,0,1,0,0,0,0,0,0,0,0,0,0,0,0,0,0,1,0,1,0,0,2,1,0,0,0,0,0,0,0,0,1
40,0.9,200,0.81,0.6,190,FALSE,FALSE,1700,168,20,3,1,4,3,0,4,1,4,81,2,1,1,0,0,0,1,0,0,0,2,0,0,0,0,0,1,0,1,6,4,0,0,0,1,1,0,0,0,9,2,1,0,0,2,0,0,0,0,2,2,0,0,0,0,0,0,0,1,6,0,0,0,0,0,0,0,0,0,0,0,0,0,0,0,1,0,0,0,1,0,0,0,0,0,0,0,0,0,0
50,0.8,210,0.44,0.8,810,TRUE,FALSE,1700,167,18,1,4,3,4,1,2,1,5,76,3,1,0,1,0,2,0,0,0,0,2,1,1,1,0,1,1,0,0,8,4,0,0,0,2,1,0,1,0,11,1,0,1,0,3,0,0,0,0,1,0,0,0,0,0,0,0,0,0,3,0,0,0,0,0,0,0,0,0,0,0,0,0,0,0,0,1,0,1,0,0,0,0,0,0,0,0,0,1,0
80,0.6,250,0.36,0.5,350,FALSE,FALSE,1700,164,24,2,4,4,8,1,1,3,3,67,4,1,0,1,0,1,0,1,0,0,2,0,1,0,0,1,1,0,0,2,3,0,1,0,1,1,0,0,1,10,0,0,0,1,1,0,0,1,0,1,3,1,0,0,0,0,0,0,0,2,1,0,0,0,0,0,1,0,1,1,1,0,0,0,0,0,0,0,0,1,0,0,0,0,0,0,0,0,0,0
20,0.8,270,0.87,0.4,510,TRUE,TRUE,1700,168,24,0,2,3,6,1,0,1,6,75,2,1,1,1,1,1,0,1,0,0,5,1,0,0,2,1,0,0,1,10,0,0,0,0,1,1,0,0,0,4,2,0,0,0,1,0,0,0,0,3,1,0,0,0,0,0,0,0,0,3,0,0,0,0,0,0,0,0,1,1,0,0,0,1,0,0,1,0,0,3,0,0,0,0,0,0,0,0,0,0
40,0.8,200,0.84,0.8,230,FALSE,TRUE,1700,169,27,1,4,5,7,1,1,3,5,71,1,1,0,0,0,1,0,0,0,1,2,0,1,0,1,2,0,0,0,10,3,1,0,1,3,1,0,0,0,5,1,0,0,0,0,0,0,0,0,0,1,0,0,0,0,0,0,0,1,3,0,0,0,0,0,0,1,0,2,1,0,0,0,1,0,0,0,0,0,0,0,0,0,0,0,0,0,0,0,0
10,0.7,290,0.82,0.6,710,FALSE,TRUE,1700,170,14,2,2,3,4,1,3,0,7,84,4,1,0,1,0,0,0,1,0,0,2,1,0,0,1,1,1,0,0,11,3,0,1,1,1,0,0,0,1,6,2,0,0,1,0,0,0,0,0,3,1,0,0,0,0,0,0,0,0,1,0,0,0,0,0,0,0,0,1,2,0,0,0,1,1,0,0,0,0,0,0,0,0,0,0,0,0,0,0,1
90,0.8,130,0.85,0.8,320,FALSE,FALSE,1700,169,23,2,1,1,5,0,1,0,3,78,4,0,0,1,1,0,0,0,1,0,3,1,1,0,1,0,2,0,0,12,3,1,0,0,1,1,0,0,0,7,3,0,0,0,0,0,0,0,0,0,1,0,0,1,0,0,0,0,1,6,1,0,0,0,1,0,0,1,0,1,0,0,0,0,0,0,0,0,0,0,0,0,0,0,0,0,0,0,0,0
70,0.7,210,0.49,0.7,800,FALSE,FALSE,1700,173,20,3,2,1,8,3,2,1,3,83,1,4,0,0,1,0,0,1,1,0,1,0,0,2,0,0,0,0,1,8,3,0,0,0,1,0,0,0,0,10,3,0,1,0,1,2,0,0,0,0,0,0,0,1,0,0,0,0,1,1,0,0,0,0,0,0,0,0,0,1,0,0,0,0,1,0,1,0,0,0,0,0,0,1,0,0,0,0,0,0
20,0.8,140,0.39,0.9,190,FALSE,TRUE,1700,166,18,1,3,2,7,3,1,1,4,73,3,0,1,0,1,0,0,1,0,2,2,0,1,2,1,0,0,0,1,4,4,0,0,1,0,0,0,1,1,10,1,2,0,1,1,0,0,0,0,3,1,0,1,1,0,0,0,0,1,2,0,0,0,0,0,0,0,0,0,1,1,0,0,0,1,0,0,0,0,1,0,0,0,0,0,0,0,0,0,0
100,0.5,290,0.52,0.9,960,TRUE,FALSE,1700,166,22,0,2,1,6,0,0,2,4,81,4,0,1,0,0,1,1,0,1,0,5,0,0,0,0,1,0,0,1,6,2,1,0,0,0,0,1,1,0,5,2,0,1,0,1,0,0,0,1,3,2,1,0,1,0,0,0,0,0,2,0,0,0,0,1,0,0,0,0,3,0,0,0,0,0,0,0,0,0,0,0,0,0,0,0,0,0,0,0,0
80,0.9,160,1,0.8,640,FALSE,FALSE,1700,166,17,4,4,6,6,3,1,0,8,73,1,0,1,0,0,1,0,0,0,0,1,0,0,0,0,0,0,0,0,12,5,0,0,1,1,1,1,0,1,4,1,0,0,0,1,1,0,0,0,0,1,0,0,0,0,0,1,1,0,6,0,0,0,1,0,0,1,0,0,0,1,0,0,0,0,0,0,0,0,0,0,0,0,0,0,0,0,0,0,0
20,0.7,270,0.86,0.8,320,FALSE,TRUE,1700,173,17,0,5,2,6,0,2,2,4,81,4,3,0,1,0,2,0,1,0,2,2,0,0,0,1,0,0,0,0,6,3,1,1,0,0,1,0,0,1,7,0,0,0,0,0,0,0,1,0,6,1,0,0,0,0,0,0,1,0,2,1,0,0,0,1,0,0,0,0,1,1,0,0,0,1,0,0,0,0,1,0,0,0,1,0,0,0,0,0,1
10,0.5,200,0.32,0.7,190,FALSE,FALSE,1700,161,20,1,2,2,5,3,0,2,2,77,1,0,3,1,1,0,0,1,0,1,2,1,0,0,0,1,0,0,0,2,4,0,0,0,0,2,0,0,0,11,2,0,0,1,0,0,0,0,1,2,0,0,0,2,0,1,0,0,0,3,1,0,0,0,0,0,0,0,1,1,0,0,0,0,0,0,0,0,1,1,0,0,0,0,0,0,0,0,0,0
70,0.9,100,0.7,0.9,350,FALSE,FALSE,1700,169,17,1,2,4,10,2,4,2,6,76,1,1,0,0,1,0,2,0,0,1,2,0,0,1,0,0,0,1,0,2,2,0,0,0,2,0,1,0,0,14,2,1,0,1,0,0,0,0,0,2,0,0,0,1,0,0,0,0,0,5,0,1,0,0,0,0,0,0,0,0,0,0,0,0,0,0,1,0,0,0,0,0,0,0,0,0,0,0,0,1
20,0.6,230,0.93,0.5,190,TRUE,FALSE,1700,170,20,2,2,9,3,2,3,0,2,75,5,1,0,0,0,1,1,1,1,1,5,1,1,0,0,0,0,0,1,3,3,0,0,0,2,1,0,0,4,5,2,1,1,0,2,0,0,0,0,7,0,0,0,0,0,0,0,0,0,0,0,0,0,0,1,0,0,0,0,0,0,0,0,0,0,0,0,0,1,0,0,0,0,0,0,0,0,0,0,1
50,0.7,210,0.84,0.6,420,TRUE,TRUE,1700,167,23,1,1,3,3,1,0,2,4,84,5,2,0,0,0,0,1,1,0,0,0,0,0,0,2,2,0,0,0,6,6,0,0,0,0,0,0,0,0,9,3,0,0,0,1,0,1,0,0,1,0,0,0,0,0,0,0,0,0,2,0,0,0,0,0,0,0,0,0,1,0,0,0,0,0,0,0,0,1,1,0,0,0,0,0,0,1,0,0,0
50,0.9,150,0.83,0.9,960,TRUE,TRUE,1700,170,20,1,3,6,6,3,1,1,7,70,2,2,0,1,0,1,0,1,0,1,4,1,1,1,1,0,0,0,0,5,2,0,0,0,2,1,0,0,1,12,1,0,1,0,0,0,0,0,0,2,2,0,0,0,1,0,0,0,2,2,0,0,0,0,1,0,0,0,0,1,0,0,0,0,0,0,0,0,0,1,0,0,0,0,0,0,0,0,0,0
80,0.9,230,0.48,0.6,510,TRUE,FALSE,1800,162,19,2,3,3,3,1,2,1,4,79,3,1,1,0,1,1,0,0,0,0,1,0,0,0,0,0,1,0,2,4,2,0,0,0,0,0,0,0,1,11,1,0,0,0,1,0,0,0,0,1,2,0,0,0,0,0,1,0,0,3,1,0,0,0,0,0,0,0,0,1,1,0,0,0,0,0,0,0,0,3,0,0,0,0,0,1,0,0,0,1
50,0.6,150,0.93,0.8,410,TRUE,FALSE,1800,166,16,2,2,9,2,4,4,3,6,70,1,0,0,1,0,1,3,0,0,2,6,1,1,0,2,0,0,2,0,4,2,0,0,0,1,0,0,0,1,4,3,1,0,0,1,0,0,0,0,1,0,0,0,0,0,0,1,0,0,2,0,0,0,0,0,0,0,0,0,1,0,0,0,0,1,1,0,0,1,3,0,0,0,0,0,0,0,0,1,0
60,0.8,210,0.43,0.6,830,FALSE,FALSE,1800,164,20,2,1,2,4,3,0,1,3,82,2,1,1,1,0,0,0,0,0,0,3,0,0,1,1,2,0,0,0,11,4,0,0,0,0,1,0,0,0,5,2,0,0,0,1,0,0,0,0,1,0,0,0,1,0,0,0,0,1,4,0,0,0,0,0,0,1,0,0,0,0,0,0,0,0,0,0,0,0,3,0,0,0,0,0,0,0,0,0,0
80,0.5,130,0.77,0.6,810,FALSE,TRUE,1800,169,24,0,0,2,1,3,1,0,4,81,4,0,3,1,1,1,0,2,0,1,3,0,0,0,0,0,0,1,0,10,2,0,0,0,1,0,1,0,1,9,1,0,0,0,1,0,0,0,0,2,1,0,0,1,0,0,1,0,0,4,0,0,0,0,0,0,0,0,0,1,0,0,0,0,1,0,0,0,0,0,0,0,0,0,0,0,0,0,0,0
40,0.9,120,0.42,0.3,700,FALSE,TRUE,1800,165,20,3,2,5,4,1,1,1,5,73,0,0,0,1,0,2,0,0,2,1,3,0,0,0,1,1,1,0,0,11,5,0,0,1,1,0,0,0,0,7,2,1,0,0,1,0,1,0,0,1,2,0,0,0,1,1,0,0,0,0,0,0,0,0,0,1,0,0,0,1,0,0,0,0,0,0,0,0,1,0,0,0,0,0,0,0,0,0,0,1
80,0.7,220,0.86,0.9,830,TRUE,FALSE,1800,165,19,3,2,5,3,0,1,0,3,85,0,2,0,0,1,0,0,2,0,1,3,0,0,0,1,0,0,0,0,7,3,0,0,0,0,1,0,0,0,9,5,0,0,0,1,0,0,0,0,3,1,0,0,0,0,0,0,0,0,1,1,0,0,0,0,0,0,0,0,0,0,0,0,0,1,0,0,0,0,2,0,0,0,0,0,0,0,0,0,0
90,0.8,130,0.47,0.7,280,TRUE,TRUE,1800,160,12,3,0,4,6,2,0,1,6,79,4,1,0,2,0,0,0,0,0,1,3,0,0,0,0,1,1,2,1,5,3,2,1,0,0,1,0,0,1,11,1,0,0,0,0,0,0,0,0,2,0,0,0,1,0,0,0,0,1,1,0,0,0,0,0,0,0,0,0,1,0,0,0,0,0,0,1,0,0,0,0,0,0,0,0,0,0,0,0,0
20,0.6,300,0.71,0.8,570,TRUE,FALSE,1800,169,15,1,3,4,4,3,1,0,5,89,2,0,0,1,1,0,0,0,0,0,1,0,0,0,0,1,0,1,0,8,2,0,0,0,2,0,0,0,1,10,2,2,0,0,0,0,0,0,0,0,1,0,0,1,0,0,0,0,0,4,0,0,0,0,0,0,0,0,0,0,0,0,0,0,2,0,0,0,1,1,0,0,0,0,0,0,0,0,0,1
60,0.8,220,0.86,0.8,950,FALSE,FALSE,1800,164,20,1,1,5,4,3,1,2,3,79,5,0,0,2,0,1,0,1,0,0,1,1,0,0,0,0,0,0,1,6,3,0,0,1,0,0,0,0,0,8,3,0,0,0,0,0,1,0,0,1,1,0,1,0,0,0,0,0,0,2,1,0,0,0,0,1,1,0,0,4,0,0,0,0,0,0,0,0,0,0,0,0,0,0,0,0,0,0,0,0
30,0.5,120,0.8,0.4,650,TRUE,FALSE,1800,155,21,0,0,3,5,0,0,0,4,77,2,2,1,1,0,0,2,0,0,0,1,0,0,0,0,0,1,0,0,6,6,0,1,0,0,1,1,0,1,10,0,1,0,0,0,0,0,0,0,0,1,0,0,0,0,0,0,0,0,2,0,0,0,0,1,0,0,0,0,0,0,0,0,0,0,1,0,0,1,3,0,0,0,0,0,0,0,0,0,0
20,0.5,270,0.32,0.3,920,FALSE,FALSE,1800,161,13,1,2,4,6,1,1,0,2,82,2,0,1,1,1,1,0,0,0,3,2,0,0,0,1,0,0,0,1,4,2,0,0,0,1,0,0,0,2,11,2,1,0,0,1,1,0,0,2,1,0,0,1,0,0,0,1,0,0,2,0,0,0,0,0,0,0,0,1,1,0,0,0,0,0,0,0,0,0,1,0,0,0,0,0,0,0,0,0,2
80,0.7,220,0.92,0.5,820,TRUE,FALSE,1800,169,15,2,2,2,9,3,0,1,4,85,1,1,1,2,2,1,1,0,0,1,1,0,0,1,0,0,0,0,0,2,4,0,0,1,1,0,0,0,0,17,2,0,0,0,1,0,0,0,0,1,0,0,0,0,1,0,0,0,0,1,0,0,0,0,0,0,0,0,0,0,0,0,0,0,1,0,0,0,0,2,0,0,0,0,0,0,0,1,0,0
90,0.6,250,0.44,0.3,530,FALSE,FALSE,1800,165,16,3,1,2,3,1,1,0,3,85,3,0,1,0,2,0,1,0,0,1,3,1,0,0,1,1,0,0,1,5,4,1,0,0,1,0,0,0,1,11,2,1,0,0,0,0,0,0,0,3,0,0,0,0,0,0,0,1,0,2,0,0,0,0,0,0,0,0,1,2,0,0,0,0,1,0,0,0,0,0,0,0,0,0,0,0,0,0,0,0
30,0.9,200,0.45,0.7,930,TRUE,FALSE,1800,163,16,2,2,4,4,2,0,0,8,81,2,1,1,2,1,0,1,0,1,1,3,0,0,0,0,0,1,0,0,6,2,0,0,0,1,0,0,0,1,9,2,1,0,0,0,0,1,0,0,2,0,0,0,0,1,0,0,0,1,0,1,0,0,1,0,0,0,0,0,0,0,0,0,0,0,0,0,0,1,0,0,0,0,0,0,0,0,0,1,0
60,0.7,230,0.36,0.3,520,TRUE,TRUE,1800,167,16,4,1,10,6,0,2,0,6,76,1,2,1,0,1,2,0,1,1,1,2,0,0,0,0,0,0,0,0,8,3,1,0,0,1,2,0,0,2,8,1,1,0,1,0,0,0,0,0,2,0,0,1,0,1,0,1,0,0,0,0,0,0,0,0,0,0,1,0,0,0,0,1,0,0,0,0,0,0,0,0,0,0,0,0,0,0,0,0,0
40,0.6,120,0.68,0.6,460,FALSE,TRUE,1800,165,22,1,2,2,3,1,1,2,6,76,1,1,1,1,1,0,1,1,0,0,2,1,1,0,0,0,0,0,0,15,1,0,0,0,1,0,0,0,0,5,3,0,0,0,0,0,0,0,2,4,2,0,0,0,0,0,0,0,1,2,0,0,0,0,0,0,0,0,0,1,0,0,0,0,0,1,0,0,0,1,0,0,0,0,0,0,0,0,0,0
90,0.9,110,0.9,0.4,700,TRUE,TRUE,1800,164,15,1,3,1,5,5,0,1,6,79,0,0,0,3,0,2,2,0,1,2,1,0,0,1,0,0,1,0,0,4,3,1,0,1,2,0,0,0,0,11,1,2,0,1,0,0,1,0,0,2,0,0,0,1,0,0,0,0,0,1,0,0,0,0,0,1,0,0,0,1,0,0,0,0,0,0,0,0,1,0,0,0,0,0,0,0,0,0,0,2
10,0.8,140,0.86,0.3,200,TRUE,FALSE,1800,158,19,0,0,4,5,1,1,1,4,79,2,1,2,0,1,0,0,0,1,0,0,1,0,0,0,0,0,0,2,4,3,0,0,0,1,0,0,0,1,13,3,0,1,0,0,0,0,0,0,3,0,0,0,0,0,0,0,1,0,4,0,0,0,0,0,0,0,0,0,0,0,0,0,0,0,1,0,0,0,0,0,0,0,0,0,0,0,0,0,0
40,0.8,150,0.45,0.3,150,FALSE,TRUE,1800,162,23,2,1,4,5,1,1,3,2,68,1,3,0,0,2,1,0,2,1,2,3,0,0,1,0,0,0,0,1,12,3,0,0,2,1,1,0,0,0,5,1,0,0,0,1,0,0,0,0,4,2,0,0,0,1,1,0,0,1,0,0,0,0,0,0,0,0,0,0,0,0,0,0,0,0,1,0,0,0,0,0,0,0,0,0,0,0,0,0,0
10,0.6,250,0.57,0.8,780,FALSE,TRUE,1800,165,16,2,2,2,7,0,1,1,5,83,3,0,0,1,2,0,0,0,1,1,3,1,1,0,0,0,1,0,0,12,4,1,0,0,0,1,0,0,0,7,0,0,0,0,0,0,1,0,0,0,1,0,0,0,1,0,0,0,0,1,0,0,0,0,1,0,0,0,0,0,0,0,0,0,0,0,0,0,1,1,0,0,0,0,0,0,0,0,1,0
60,0.9,220,0.49,0.9,880,FALSE,TRUE,1800,163,19,2,1,4,1,0,0,2,6,76,1,0,2,0,0,0,1,1,0,1,6,1,1,0,0,1,0,1,0,17,4,1,0,0,1,0,0,0,0,4,1,0,0,0,0,0,0,1,0,1,0,0,0,0,0,0,1,0,1,1,0,0,0,0,0,0,0,0,0,2,0,0,0,1,0,1,0,0,0,0,0,0,0,0,0,0,0,0,0,0
10,0.8,230,0.68,0.5,800,FALSE,FALSE,1800,162,14,8,1,4,5,2,0,0,4,81,4,1,0,0,1,0,0,0,0,0,0,0,0,1,1,0,0,0,1,5,1,1,1,0,0,1,0,0,0,11,4,1,0,0,0,0,0,0,0,3,1,0,0,0,0,0,0,0,0,2,0,0,0,0,0,0,0,0,0,2,0,0,0,0,0,0,1,0,0,0,0,0,0,0,0,0,0,0,0,1
80,0.7,250,0.81,0.6,1000,TRUE,FALSE,1800,166,16,0,3,4,5,3,1,2,5,78,3,0,0,0,0,0,0,1,2,2,2,1,0,0,1,0,0,0,0,5,2,0,2,0,2,0,0,2,0,6,2,0,1,0,0,0,0,1,1,2,1,0,0,0,0,0,0,0,0,3,1,0,0,0,0,0,1,0,0,1,0,0,0,0,0,1,0,0,1,2,0,0,0,0,0,0,0,0,1,0
20,0.7,170,0.31,0.3,130,FALSE,FALSE,1800,164,15,4,2,6,8,1,1,2,9,67,4,1,0,0,0,0,0,1,1,1,1,2,0,0,0,0,1,0,1,7,3,0,0,0,2,0,0,0,3,8,3,0,0,2,0,0,0,1,1,1,1,0,0,0,0,0,1,0,0,0,0,0,0,1,0,0,2,0,0,0,0,0,0,0,0,0,0,0,0,1,0,0,0,0,0,0,0,0,0,0
70,0.7,250,0.64,0.3,710,FALSE,FALSE,1800,167,19,3,1,3,4,0,1,2,4,81,1,0,0,0,1,0,1,0,0,1,2,2,1,0,1,1,1,0,1,5,3,0,0,0,0,0,0,0,0,10,3,1,0,0,0,1,0,0,2,2,2,0,0,0,1,0,0,0,0,4,0,0,0,0,0,0,0,0,0,2,0,0,0,0,0,0,0,0,0,0,0,0,0,0,0,0,1,0,0,0
50,0.8,260,0.59,0.5,910,FALSE,FALSE,1800,166,16,1,7,3,6,2,1,4,6,72,2,1,1,0,1,0,0,0,1,1,2,0,1,2,0,0,0,0,1,2,4,1,0,0,3,0,0,0,0,12,1,0,0,0,1,0,1,0,0,1,1,0,0,1,0,0,0,0,1,1,0,0,0,0,0,0,0,0,0,1,0,0,0,0,0,1,0,0,0,2,0,0,0,0,0,0,0,0,2,0
30,0.8,120,1,0.7,230,FALSE,FALSE,1800,159,21,0,2,3,4,1,2,2,7,67,1,2,1,1,0,0,0,0,1,0,2,0,0,0,0,0,1,0,0,3,3,2,0,0,1,0,0,1,1,12,1,0,1,0,0,1,0,0,1,1,2,0,0,0,0,0,0,0,0,3,1,0,0,1,0,0,0,0,0,2,1,0,0,0,0,1,0,0,0,1,1,0,0,0,0,0,0,0,0,0
20,0.5,270,0.95,0.3,910,TRUE,FALSE,1800,165,18,1,4,4,6,1,2,1,4,71,7,1,1,1,0,0,1,0,1,1,3,0,0,0,0,0,0,0,0,3,4,0,0,1,1,0,1,1,2,10,1,0,0,0,0,0,0,0,0,4,2,0,0,0,1,1,0,0,0,2,1,0,0,0,0,0,0,0,0,2,0,0,0,1,0,0,0,0,0,0,0,0,0,0,0,0,0,0,0,0
50,0.6,160,1,0.9,950,TRUE,FALSE,1800,158,20,0,0,2,3,2,1,3,3,80,5,0,0,0,2,1,1,0,0,0,1,0,0,0,0,1,0,0,0,4,3,0,0,0,0,1,0,0,2,5,3,1,1,0,0,0,0,0,0,3,2,1,0,0,0,0,0,0,0,1,0,0,0,0,0,0,1,0,0,3,0,0,0,0,0,0,0,0,1,1,0,0,0,0,0,0,0,0,0,1
80,0.7,270,0.93,0.6,460,FALSE,FALSE,1800,164,19,3,2,2,3,1,1,2,3,78,2,0,0,2,0,0,0,0,0,0,6,1,0,1,1,0,0,0,1,0,3,0,0,0,3,0,0,0,1,16,1,0,0,1,0,0,0,0,0,4,1,0,0,0,0,0,1,0,0,1,1,0,0,0,0,1,0,0,1,1,0,0,0,0,0,0,0,0,0,1,0,0,0,0,0,0,0,0,0,0
70,0.6,240,0.83,0.8,790,TRUE,TRUE,1800,163,19,2,0,3,4,0,0,0,2,85,2,0,2,3,1,0,1,0,0,0,1,1,0,0,0,0,1,1,0,6,3,0,0,0,0,1,0,0,0,11,2,1,0,0,0,0,0,0,0,2,1,0,0,0,0,0,1,0,0,2,0,1,0,0,0,0,0,0,0,2,0,0,0,0,1,0,0,0,0,1,0,0,0,0,0,0,0,0,1,0
10,0.7,110,0.46,0.9,430,TRUE,TRUE,1800,159,17,0,0,3,6,1,2,2,1,84,2,1,0,0,0,1,1,0,0,1,2,0,1,1,0,0,1,0,0,5,2,0,0,0,1,1,0,0,0,8,3,0,0,1,0,0,0,0,0,5,1,0,1,0,0,0,0,0,0,2,0,0,0,0,0,0,0,0,0,0,0,0,0,0,1,0,0,0,1,0,0,0,0,0,0,0,0,0,0,1
10,0.5,190,0.84,0.3,840,TRUE,FALSE,1800,158,18,1,3,2,5,3,1,3,3,73,2,1,0,0,1,0,2,1,1,1,2,0,1,0,1,0,0,0,0,9,2,0,0,0,2,0,0,0,0,9,2,0,1,0,0,0,0,0,0,2,1,0,0,0,0,0,0,0,0,0,1,0,0,0,0,0,0,0,0,0,1,0,0,0,1,0,0,0,0,1,0,0,0,0,0,0,0,0,0,2
70,0.6,210,0.86,0.6,780,FALSE,TRUE,1800,163,19,1,3,1,4,3,0,0,2,76,4,0,1,0,0,2,1,1,2,0,3,0,0,0,0,1,0,0,0,13,3,1,0,0,1,0,0,0,0,7,4,0,0,0,0,0,0,0,0,1,2,0,1,0,0,0,0,0,0,3,0,0,0,0,0,0,0,0,0,1,0,0,0,0,1,0,0,0,1,1,0,0,0,0,0,0,0,0,0,0
20,0.7,190,0.38,0.6,300,FALSE,TRUE,1800,165,22,2,2,2,3,4,2,0,3,76,1,1,0,0,0,1,0,0,1,1,5,0,0,1,0,1,0,0,0,5,4,0,1,0,2,2,0,0,1,9,3,0,0,0,1,1,0,0,0,4,0,0,0,0,0,0,0,0,0,1,0,0,0,0,0,0,1,0,0,0,0,0,0,0,0,0,0,1,1,0,0,0,0,0,0,0,0,0,1,0
20,0.5,190,0.71,0.8,320,TRUE,TRUE,1800,167,20,1,0,2,1,4,1,0,3,84,3,0,1,3,1,0,0,1,1,0,6,0,0,0,0,0,0,0,1,5,1,0,0,0,1,0,0,0,0,11,3,0,0,1,0,1,0,0,0,4,2,0,1,0,0,0,0,0,0,0,0,0,0,0,1,0,0,0,0,3,0,0,0,0,0,0,0,0,0,1,0,0,0,0,0,0,0,0,0,0
30,0.6,200,0.67,0.4,130,TRUE,TRUE,1800,166,20,2,2,0,2,2,2,1,7,79,6,1,0,0,0,0,1,0,1,1,1,0,0,0,0,0,0,1,1,10,4,0,0,0,1,0,1,0,1,4,1,0,0,2,0,0,0,0,0,4,2,1,0,1,0,0,0,0,0,2,0,0,0,0,0,0,0,0,1,1,0,0,0,0,0,1,0,0,0,0,0,0,0,0,0,0,0,0,0,0
20,0.9,280,0.52,0.5,710,TRUE,TRUE,1800,168,23,1,0,3,4,1,1,2,4,84,1,0,0,0,1,0,0,0,1,1,5,0,0,0,0,0,2,0,2,9,1,0,1,0,1,0,0,0,0,7,3,1,0,0,0,0,1,0,0,2,0,1,0,0,0,0,0,0,0,1,1,0,0,0,0,0,0,0,0,0,0,0,0,0,0,1,0,0,1,1,0,0,0,0,0,0,0,0,0,1
30,0.9,200,0.46,0.5,750,TRUE,TRUE,1800,163,16,1,2,3,8,1,3,0,5,82,2,0,0,1,0,1,0,1,0,0,3,1,0,0,0,0,1,0,1,13,0,0,1,0,1,0,0,0,0,6,1,0,0,0,1,0,0,0,1,0,0,1,1,0,0,0,0,0,0,2,0,0,0,0,0,0,0,0,0,2,1,0,0,0,0,0,1,0,0,0,0,0,0,0,0,0,0,0,0,0
90,0.5,240,0.41,0.7,820,TRUE,FALSE,1800,163,15,0,0,5,5,4,3,1,3,78,5,1,2,1,1,1,0,0,0,0,1,0,0,0,2,1,1,0,2,9,5,1,0,0,0,0,0,0,1,6,2,0,1,0,1,0,0,0,0,0,0,0,0,0,0,0,0,0,0,2,0,0,0,0,0,0,0,0,0,0,0,0,0,0,0,0,1,0,0,3,0,0,0,0,0,0,0,0,0,0
90,0.5,220,0.75,0.7,670,FALSE,TRUE,1800,164,21,0,1,3,2,1,2,2,2,77,4,0,2,0,0,1,0,1,0,0,2,1,2,0,0,0,0,1,0,10,4,0,0,0,1,0,0,0,0,9,2,0,0,1,1,0,0,0,0,1,2,0,0,0,0,0,1,0,1,1,0,0,0,0,0,0,0,0,0,2,0,0,0,0,0,1,0,0,2,0,0,0,0,0,0,0,0,0,1,0
60,0.8,290,0.57,0.9,390,FALSE,TRUE,1800,166,20,1,0,5,5,1,1,1,1,81,1,1,1,0,2,0,0,0,1,1,2,0,1,0,1,0,0,0,1,14,6,0,0,1,1,1,1,0,0,7,0,0,0,0,0,0,0,0,0,1,0,1,0,0,1,0,0,0,1,2,0,0,0,0,0,0,1,0,0,0,0,0,0,0,0,0,0,0,0,0,1,0,0,0,0,0,0,0,0,0
70,0.5,220,0.39,0.6,770,FALSE,TRUE,1800,165,16,2,2,5,6,1,0,1,3,71,6,0,0,1,1,0,2,0,2,0,4,0,0,0,0,0,0,1,1,6,7,1,0,0,0,1,0,3,0,12,0,1,0,0,1,0,0,0,0,3,1,0,0,0,0,1,0,0,1,2,0,0,0,0,0,0,0,0,0,0,0,0,0,0,0,0,1,0,0,0,0,0,0,0,0,0,0,0,0,0
30,0.5,280,0.44,0.9,940,TRUE,FALSE,1800,161,18,2,0,6,6,2,0,2,1,81,0,0,1,0,1,1,0,0,0,0,1,1,0,1,1,1,0,0,1,3,1,0,0,0,0,2,0,0,0,11,3,0,0,0,5,0,0,0,0,2,1,0,0,0,0,0,0,0,1,2,0,0,0,0,0,0,0,0,0,1,0,0,0,0,0,0,1,0,0,1,0,0,0,0,0,0,0,0,0,1
90,0.6,100,0.35,0.5,860,TRUE,TRUE,1800,163,19,3,0,4,2,4,1,1,5,78,1,0,0,0,0,3,0,0,0,0,2,0,1,1,0,0,0,0,0,2,6,2,0,1,1,0,0,0,0,11,1,0,0,1,0,0,0,0,0,6,1,0,0,0,0,0,0,0,0,1,2,0,0,0,0,0,0,0,1,1,0,0,0,0,0,0,1,0,0,1,0,0,0,0,0,0,0,0,0,0
20,0.7,100,0.31,0.8,610,FALSE,FALSE,1800,153,21,0,0,4,3,1,2,2,7,70,2,1,0,0,1,0,0,0,0,0,2,0,0,0,0,0,1,1,0,4,2,1,0,0,1,0,1,1,0,8,3,0,1,0,0,1,1,0,1,3,2,0,0,1,0,0,0,0,1,2,0,0,0,0,0,0,0,0,0,1,0,0,0,0,0,1,0,0,0,0,0,0,0,0,0,0,0,0,0,0
20,0.8,180,0.98,0.3,1000,FALSE,FALSE,1800,159,17,3,1,6,5,2,0,0,2,76,3,0,0,0,3,0,1,0,1,0,1,0,0,1,0,0,0,0,0,3,1,1,0,0,2,1,0,2,1,9,2,1,0,1,0,1,0,0,0,5,1,0,0,0,0,0,0,0,0,2,0,0,0,0,1,0,0,0,0,1,0,0,0,0,1,0,0,0,1,0,0,0,0,0,0,0,0,0,1,0
70,0.7,140,0.95,0.9,920,TRUE,FALSE,1800,166,16,2,1,2,5,3,2,1,6,75,2,3,3,0,1,1,0,0,2,1,3,0,0,2,0,0,0,0,0,1,6,1,0,2,1,1,0,0,1,13,0,0,0,1,0,0,0,0,0,1,1,0,0,0,0,1,0,0,1,0,0,0,0,0,0,0,0,0,0,2,0,0,0,0,0,0,0,0,0,2,1,0,0,0,0,0,0,0,0,0
90,0.9,270,0.44,0.5,810,TRUE,FALSE,1800,166,17,2,2,4,5,2,2,0,5,78,3,0,0,1,0,0,1,1,1,0,2,0,0,0,0,1,0,0,0,6,5,0,0,0,2,0,0,0,0,11,3,0,0,0,0,1,0,0,0,3,1,1,0,0,0,0,0,0,1,1,0,0,0,0,0,0,0,0,0,0,0,0,0,0,1,0,0,0,0,4,0,0,0,0,0,0,0,0,0,0
80,0.9,300,0.53,0.5,170,FALSE,FALSE,1800,167,21,0,2,9,3,3,0,3,4,71,5,0,0,0,0,3,0,2,0,2,2,0,0,0,0,1,0,0,0,5,2,1,1,1,0,1,0,1,2,9,2,0,0,0,0,1,0,0,0,3,1,0,0,0,0,0,0,0,0,2,1,0,0,0,0,0,0,0,0,1,0,0,0,0,1,0,1,0,0,0,0,0,0,0,0,0,0,0,1,0
60,0.5,280,0.65,0.8,380,TRUE,FALSE,1800,164,19,2,1,2,6,0,0,1,4,78,1,0,0,1,1,0,0,0,0,0,3,1,0,1,1,0,1,0,2,6,2,0,1,0,0,1,1,0,0,16,3,0,0,1,0,0,0,0,0,1,2,0,0,0,0,0,0,0,0,1,0,0,0,0,0,0,0,0,0,3,0,0,0,0,0,0,1,0,0,1,0,0,0,0,0,0,0,0,0,0
90,0.8,220,0.59,0.8,930,FALSE,FALSE,1800,162,18,3,2,4,3,3,1,2,6,74,3,0,2,1,1,0,0,1,1,0,1,0,2,0,0,0,0,0,0,9,1,1,0,0,1,0,0,0,0,6,3,2,0,0,0,1,0,1,0,1,1,0,0,0,0,1,0,0,1,4,0,0,0,0,0,0,0,0,0,0,0,0,0,1,0,0,0,0,0,1,0,0,0,0,0,0,0,0,0,0
100,0.5,270,0.62,0.5,390,TRUE,TRUE,1800,162,14,5,2,3,3,2,3,2,3,82,1,0,1,0,1,1,0,0,0,1,4,0,0,0,1,0,0,0,0,14,1,0,0,0,1,1,1,0,2,4,1,0,0,0,1,0,0,1,0,1,0,0,0,0,0,0,0,0,0,2,1,0,0,0,0,1,0,0,1,0,0,0,0,0,0,0,0,0,0,0,0,0,0,0,0,0,0,0,1,0
90,0.6,270,0.74,0.9,930,TRUE,TRUE,1800,162,18,2,3,3,4,1,2,1,4,81,2,0,0,1,0,0,0,1,1,1,3,0,1,0,1,0,0,0,0,7,3,0,1,0,0,1,0,0,1,7,2,0,0,1,0,0,0,0,0,1,0,2,0,0,0,0,2,0,0,1,0,0,0,0,0,0,0,0,1,2,0,0,0,0,0,0,0,0,0,1,0,0,0,0,0,0,0,0,0,0
70,0.7,190,0.59,0.7,410,TRUE,TRUE,1800,168,22,0,3,1,3,2,2,1,3,81,1,0,0,1,0,2,0,0,0,0,4,1,0,2,0,0,1,1,0,8,3,0,1,0,1,0,0,0,0,13,1,1,0,0,0,0,0,0,0,1,3,0,0,0,0,0,0,0,0,2,0,0,0,0,0,0,0,0,0,0,0,0,0,0,1,0,0,0,0,3,0,0,0,0,0,0,0,0,0,0
80,0.5,220,0.34,0.4,550,TRUE,FALSE,1800,161,16,2,3,2,2,5,1,1,7,78,5,1,0,0,1,0,0,0,0,1,0,0,0,0,0,1,0,0,1,11,2,0,1,1,0,0,0,0,0,8,2,0,0,0,0,0,0,0,0,1,1,0,0,1,1,0,1,0,0,1,0,0,0,0,1,0,0,0,0,1,0,0,0,0,1,0,0,0,0,0,0,0,0,1,0,0,0,0,0,0
80,0.9,250,0.88,0.7,850,FALSE,TRUE,1800,160,18,2,4,2,3,2,2,0,5,71,1,2,0,0,0,1,1,0,3,2,1,0,0,1,0,0,0,0,1,12,3,1,0,0,1,0,0,1,0,4,3,0,1,0,2,0,1,0,0,3,0,0,0,0,0,0,0,0,0,0,0,0,0,1,0,0,0,0,0,2,0,0,0,0,1,0,0,0,1,0,0,0,0,0,1,0,0,0,0,1
80,0.9,220,0.54,0.9,260,FALSE,FALSE,1800,161,17,0,4,3,4,2,4,1,4,73,2,0,1,0,1,0,0,1,1,1,5,0,0,0,2,0,1,0,0,7,4,0,0,0,1,0,0,0,0,12,0,0,0,0,0,0,1,0,0,1,2,0,0,0,0,0,0,0,0,3,0,0,0,0,1,0,0,0,0,0,0,0,0,0,1,0,1,0,0,1,0,0,0,0,0,0,0,0,0,0
50,0.5,300,0.87,0.3,660,FALSE,FALSE,1800,164,19,2,0,10,5,4,1,2,5,71,1,0,0,0,1,0,0,1,0,0,4,0,0,0,0,1,0,2,0,4,1,1,2,0,0,1,2,0,0,12,1,0,0,1,1,1,0,0,0,1,1,0,0,0,0,0,0,0,2,1,0,0,0,0,1,0,1,0,0,1,0,0,0,0,0,0,0,0,0,0,0,0,0,0,0,0,0,0,1,0
90,0.6,210,0.71,0.3,180,TRUE,FALSE,1800,158,19,4,0,3,3,1,2,0,3,75,2,0,2,0,0,1,0,0,1,1,4,0,0,0,0,0,0,0,0,10,2,0,1,0,2,0,1,0,0,7,2,0,0,0,0,0,0,0,0,0,3,0,0,0,0,0,1,0,0,3,0,0,0,0,0,0,0,1,1,1,0,0,0,0,0,0,0,0,1,2,0,0,0,0,0,0,0,0,0,0
70,0.8,200,0.49,0.5,310,FALSE,TRUE,1800,166,20,3,2,3,2,1,2,1,4,79,1,0,0,1,0,0,1,0,0,0,3,1,0,0,1,0,0,0,0,4,5,0,0,0,1,0,1,1,1,16,2,0,0,0,0,0,0,0,0,3,2,0,0,0,1,0,0,0,1,2,0,0,0,0,0,0,0,0,0,0,0,0,0,0,0,0,1,0,0,0,0,0,0,0,0,0,0,0,0,0
100,0.6,300,0.58,0.9,630,FALSE,FALSE,1800,163,17,4,3,10,6,3,0,1,7,65,5,0,0,1,0,0,0,0,1,0,2,0,0,0,0,1,0,0,1,4,3,0,0,2,2,0,1,0,2,7,3,2,0,1,0,0,0,0,0,2,0,0,0,0,0,0,0,0,0,3,0,0,0,0,0,0,0,0,0,0,0,0,0,1,1,1,0,0,1,0,0,0,0,0,0,0,0,0,1,0
70,0.5,150,0.61,0.4,950,TRUE,FALSE,1800,163,12,3,2,7,5,2,2,3,6,74,2,2,0,2,0,0,1,0,0,0,3,0,0,2,0,1,0,0,1,2,4,3,0,1,0,0,0,0,2,13,0,0,0,0,1,0,0,0,0,2,0,0,0,0,0,0,0,0,0,1,0,0,0,0,0,0,0,0,0,1,0,0,0,0,1,0,0,0,0,3,0,0,0,0,0,0,0,0,0,0
40,0.9,210,0.56,0.4,280,TRUE,FALSE,1800,167,20,0,5,6,6,2,1,4,3,68,4,0,0,0,0,0,2,1,0,0,1,0,0,1,1,0,2,0,2,6,3,0,0,1,2,3,0,1,0,8,2,1,0,0,0,0,0,0,0,5,1,1,0,0,0,0,0,0,0,3,0,0,0,0,0,0,1,0,0,0,0,0,0,0,0,0,0,0,0,1,0,0,0,0,0,0,0,0,0,0
100,0.8,280,0.56,0.7,170,FALSE,FALSE,1800,168,16,0,5,7,6,2,2,1,8,74,2,1,0,1,0,0,0,1,1,0,1,0,0,1,2,0,0,0,1,6,3,0,0,2,2,0,0,0,0,11,2,0,0,0,0,0,0,0,0,3,0,2,0,0,0,0,0,0,1,0,0,0,0,0,1,0,0,0,0,0,0,0,0,0,0,0,0,0,1,2,0,0,0,0,0,0,0,0,0,1
80,0.5,280,0.96,0.5,1000,FALSE,TRUE,1800,167,18,0,1,3,4,1,0,5,5,80,2,0,0,0,1,1,1,0,1,1,5,0,0,0,0,0,1,0,1,3,3,0,0,0,0,0,0,0,1,15,4,1,0,0,0,1,0,0,1,2,0,1,0,0,0,0,0,0,0,2,0,0,0,0,0,0,0,0,0,1,0,0,1,0,0,0,1,0,0,0,0,0,0,0,0,0,0,0,0,0
20,0.8,210,0.33,0.9,110,TRUE,FALSE,1800,166,15,1,3,2,11,3,2,2,8,70,0,2,1,0,0,0,0,0,0,1,4,0,1,0,0,0,1,0,1,5,3,0,0,1,1,1,0,1,0,14,1,1,2,0,0,0,0,0,1,0,0,0,0,0,0,0,0,0,1,2,0,0,0,0,0,0,0,0,0,3,0,0,0,0,0,1,0,0,0,0,0,0,0,0,0,0,0,0,0,1
40,0.9,220,0.77,0.8,790,FALSE,FALSE,1800,166,21,1,0,5,3,4,1,2,8,76,3,0,1,0,1,1,1,0,1,1,4,0,1,0,0,0,1,0,0,0,3,0,0,0,0,1,0,0,0,16,2,0,1,0,0,0,0,0,0,2,0,0,1,0,0,0,1,0,0,0,0,0,0,0,0,0,0,0,0,0,1,0,0,0,0,0,0,1,1,0,0,0,0,0,0,0,0,0,1,0
50,0.7,110,0.54,0.7,140,FALSE,FALSE,1800,160,14,1,3,6,6,2,6,0,6,77,2,0,0,1,0,0,0,0,1,0,0,0,0,0,0,0,1,0,0,8,0,0,0,0,1,1,0,0,1,7,2,0,0,1,2,0,1,0,1,0,1,0,0,0,0,1,0,0,0,3,0,0,0,0,0,0,0,0,1,1,0,0,0,0,2,0,0,0,0,1,0,0,0,0,0,0,0,0,0,0
30,0.8,240,0.96,0.5,530,TRUE,TRUE,1800,163,18,1,0,8,5,1,4,1,6,72,3,0,1,0,0,0,0,0,0,0,1,1,0,1,1,0,2,1,1,11,4,0,0,0,2,0,0,0,0,7,2,0,0,1,1,0,0,0,0,4,0,0,0,0,0,0,0,0,0,2,0,0,0,0,0,0,0,0,0,0,0,0,0,0,0,0,1,0,0,1,0,0,0,0,0,0,0,0,0,0
20,0.7,130,0.34,0.4,870,TRUE,FALSE,1800,164,14,1,2,2,8,1,1,1,7,79,1,1,0,2,0,0,0,1,1,1,4,0,0,0,1,0,0,1,0,13,2,0,0,0,0,0,0,0,1,6,2,0,0,0,1,1,0,0,0,3,1,0,0,0,1,0,1,0,0,1,0,0,0,0,0,0,0,0,0,0,0,0,0,0,0,0,0,1,0,2,0,0,0,0,0,0,0,0,0,0
10,0.6,100,0.52,0.6,200,TRUE,TRUE,1800,165,18,2,1,6,6,5,1,0,3,74,1,1,0,2,1,1,0,0,1,2,4,0,0,0,0,1,0,2,2,10,2,0,0,1,2,0,0,0,2,4,1,0,0,1,0,0,0,0,0,2,1,0,0,0,2,0,0,1,0,1,0,0,0,0,0,0,0,0,0,1,0,0,0,0,0,0,0,0,0,0,0,1,0,0,0,0,0,0,0,0
70,0.7,130,0.44,0.6,750,TRUE,TRUE,1800,164,18,1,1,5,4,2,0,0,7,79,2,0,1,1,1,0,0,1,0,2,2,0,0,0,2,0,1,0,0,14,3,0,0,0,2,1,0,0,0,5,1,1,0,0,0,0,1,0,1,0,1,0,0,0,0,0,0,0,0,4,0,0,0,0,1,0,0,0,0,0,0,0,0,0,0,0,0,0,0,0,0,0,0,0,0,0,0,0,0,0
60,0.7,230,0.35,0.4,420,FALSE,TRUE,1800,168,19,1,1,6,3,1,3,0,3,80,3,0,0,2,1,1,2,1,0,1,3,1,0,1,1,0,0,1,0,6,2,0,0,0,3,0,0,0,0,7,2,0,0,0,2,0,0,0,0,3,0,0,1,0,0,0,1,1,0,3,0,0,0,0,0,0,0,0,0,0,0,0,0,0,0,0,0,0,1,2,0,0,0,0,0,0,0,0,0,0
50,0.7,150,0.69,0.6,700,TRUE,TRUE,1800,168,20,0,0,2,4,3,3,0,3,86,1,1,0,1,1,1,0,0,0,0,3,0,0,0,1,0,0,0,0,10,5,0,0,0,0,1,1,0,0,6,0,0,0,0,1,0,0,1,0,5,0,1,0,0,0,0,0,0,0,1,0,0,0,0,1,0,1,0,0,1,1,0,0,1,0,0,0,0,0,2,0,0,0,0,0,0,0,0,0,0
10,0.7,280,0.49,0.9,450,FALSE,FALSE,1800,162,21,0,1,1,5,2,1,1,2,72,2,0,1,2,2,1,0,0,2,3,5,0,0,0,0,1,0,0,0,10,5,1,0,0,0,0,0,0,1,6,2,0,0,0,1,1,0,0,0,4,0,0,0,0,0,0,0,1,0,2,0,0,0,0,0,0,0,0,0,1,0,0,0,0,0,0,0,0,1,1,0,0,0,0,0,1,0,0,0,0
90,0.6,120,0.43,0.8,480,TRUE,TRUE,1800,164,19,3,3,3,7,3,0,1,7,69,4,1,0,0,2,1,1,1,1,0,3,0,0,0,0,0,0,0,0,4,4,1,0,1,2,0,0,0,0,6,1,0,0,0,0,0,0,0,0,2,0,0,0,1,1,0,0,1,0,3,1,0,0,0,0,0,0,1,0,1,1,0,0,0,1,0,0,0,1,2,1,0,0,0,0,0,0,0,0,0
30,0.6,300,0.44,0.3,140,FALSE,TRUE,1800,161,14,5,2,2,6,2,2,1,5,76,1,2,1,1,0,0,0,1,1,0,1,0,1,1,0,1,1,0,0,3,2,0,0,0,1,0,0,0,0,13,2,0,0,0,2,0,0,0,0,2,0,1,0,0,0,0,0,0,0,1,0,0,0,0,0,0,1,0,0,2,0,0,1,0,1,0,1,0,1,1,0,0,0,0,0,0,0,0,0,0
80,0.5,100,0.79,0.5,710,FALSE,FALSE,1800,161,16,4,2,4,1,1,1,1,4,78,4,0,2,1,1,0,0,0,0,0,2,0,1,1,1,0,1,1,0,2,4,0,0,0,1,0,0,0,1,10,3,0,0,0,0,0,0,0,0,2,0,0,0,0,0,0,0,0,2,1,0,0,0,0,0,0,0,0,0,3,0,0,0,0,0,1,0,0,0,3,0,0,0,0,0,0,0,0,0,2
40,0.6,100,0.75,0.3,750,TRUE,TRUE,1800,168,18,1,4,10,6,3,0,2,9,65,4,2,0,1,1,0,1,0,0,1,1,0,1,0,0,0,1,0,0,3,5,0,0,2,1,1,0,0,1,13,3,0,0,0,0,0,0,0,0,3,1,0,0,0,0,0,1,0,0,1,0,0,0,0,0,0,0,0,0,0,0,0,0,1,0,0,0,0,1,0,0,0,0,0,0,0,0,0,1,0
90,0.6,180,0.65,0.5,110,FALSE,TRUE,1800,165,18,0,4,8,7,2,1,4,7,70,3,0,1,0,1,0,1,0,0,1,3,0,0,0,1,0,0,0,0,3,2,1,2,0,1,2,0,0,1,8,0,1,0,3,1,0,0,0,1,2,0,0,0,0,0,0,0,0,0,2,0,0,0,0,0,0,0,0,0,1,0,0,0,0,1,0,0,0,0,1,0,0,0,0,0,0,0,0,0,1
60,0.9,260,0.5,0.5,440,TRUE,TRUE,1800,163,17,1,4,10,3,3,2,3,6,65,5,0,0,0,0,0,0,0,1,1,1,0,0,0,1,0,0,0,1,6,4,1,1,1,2,1,0,0,1,14,2,0,0,0,0,0,0,2,0,0,1,0,0,0,0,0,1,0,0,0,0,0,0,0,0,0,0,0,0,1,0,0,0,0,0,1,0,0,0,1,0,0,0,0,0,0,0,0,0,0
30,0.6,250,0.33,0.9,120,FALSE,TRUE,1800,164,17,0,1,7,5,3,1,1,7,73,3,0,0,1,2,1,0,0,2,0,1,0,0,0,1,0,0,0,0,7,3,0,2,0,0,0,0,0,2,12,1,0,1,3,0,0,1,0,1,0,1,0,0,0,0,1,0,0,0,0,0,0,0,0,0,0,2,0,0,0,0,0,0,0,0,0,0,0,0,1,0,0,0,0,0,0,0,0,0,1
40,0.9,200,0.81,0.6,190,FALSE,FALSE,1800,163,15,4,4,2,7,3,3,1,5,77,1,1,0,1,0,0,1,0,1,0,1,0,0,0,0,0,0,0,1,2,1,1,0,3,1,1,0,1,0,13,2,0,0,0,1,0,1,0,0,1,1,0,0,0,0,0,1,0,0,0,1,0,0,0,0,0,0,0,0,3,0,0,0,0,0,0,0,0,1,0,0,0,0,0,0,0,0,1,0,0
50,0.8,210,0.44,0.8,810,TRUE,FALSE,1800,165,18,1,0,11,4,1,1,1,3,67,3,0,0,0,2,1,1,0,0,1,4,0,1,0,2,0,1,1,1,5,5,0,1,1,0,2,0,0,1,10,2,0,0,2,0,1,1,0,1,4,1,0,0,0,0,0,0,0,0,2,0,0,0,0,0,0,0,0,0,1,0,0,0,0,0,0,0,0,0,1,0,0,0,0,0,0,0,0,0,0
80,0.6,250,0.36,0.5,350,FALSE,FALSE,1800,165,16,1,4,8,3,0,0,1,9,75,4,0,1,0,0,0,0,0,0,1,2,1,0,0,0,2,0,0,1,14,3,0,0,1,1,1,0,0,0,3,3,0,1,1,1,0,0,1,1,1,0,0,0,0,0,0,0,0,0,3,0,0,0,0,1,0,0,0,0,0,0,0,0,0,0,0,0,0,0,0,0,0,0,0,0,1,0,0,0,0
20,0.8,270,0.87,0.4,510,TRUE,TRUE,1800,165,18,1,3,2,6,3,2,1,4,77,5,0,2,0,1,0,0,1,0,1,2,1,1,1,0,0,0,1,2,11,2,0,0,0,1,0,0,0,1,4,1,0,0,1,1,0,0,0,0,2,1,0,0,0,0,0,1,1,0,1,0,0,0,0,1,0,0,0,0,1,0,0,0,0,0,0,0,0,0,0,0,0,1,0,0,0,0,0,0,0
40,0.8,200,0.84,0.8,230,FALSE,TRUE,1800,164,22,0,2,6,5,0,1,4,5,74,2,2,0,0,0,0,2,1,0,1,4,0,0,1,1,0,0,0,0,7,2,0,0,0,2,0,0,0,0,1,3,0,0,0,0,0,0,1,0,3,2,0,0,0,0,0,0,0,0,3,0,0,0,0,1,1,0,0,0,1,0,0,0,0,0,0,0,0,1,3,0,0,0,0,0,0,0,0,0,1
10,0.7,290,0.82,0.6,710,FALSE,TRUE,1800,166,19,0,0,5,3,2,3,1,3,86,3,0,0,0,0,0,1,0,0,0,2,1,0,0,0,1,1,0,0,7,2,1,2,1,1,0,0,1,0,6,2,0,1,0,0,0,1,0,0,3,1,0,0,1,1,0,0,0,0,1,0,0,0,0,1,1,0,0,0,0,0,0,0,0,0,0,0,0,1,0,0,0,0,0,0,0,0,0,0,1
90,0.8,130,0.85,0.8,320,FALSE,FALSE,1800,162,16,1,2,3,4,4,1,2,8,75,2,1,1,0,1,0,1,3,0,0,4,0,0,1,1,0,0,0,1,10,2,0,1,0,2,1,0,0,0,4,0,1,0,0,0,0,0,0,0,4,1,0,0,0,0,0,0,0,1,1,0,0,0,0,1,0,0,0,0,2,0,0,0,0,0,0,0,0,0,0,0,0,0,0,0,0,0,0,0,0
70,0.7,210,0.49,0.7,800,FALSE,FALSE,1800,159,19,3,1,1,3,4,1,0,3,78,2,0,2,0,0,0,0,1,1,1,2,0,0,0,1,0,1,1,0,6,5,0,0,0,1,0,0,0,0,2,3,0,1,0,0,0,0,0,0,4,1,0,0,0,0,0,0,0,0,4,0,0,0,0,0,0,0,0,0,3,0,0,0,1,0,0,0,0,0,3,0,0,0,0,0,0,0,0,0,1
20,0.8,140,0.39,0.9,190,FALSE,TRUE,1800,166,17,0,1,3,5,0,0,0,4,82,4,0,1,0,1,1,0,1,1,1,1,3,0,0,1,1,0,0,0,3,5,0,1,0,0,1,0,0,0,12,4,1,0,0,0,0,0,0,2,3,0,0,0,0,0,0,0,0,2,2,0,0,0,0,0,0,1,0,0,1,0,0,0,0,0,0,0,0,0,1,0,0,0,0,0,0,0,0,0,0
100,0.5,290,0.52,0.9,960,TRUE,FALSE,1800,161,17,3,0,8,3,3,0,2,4,74,0,1,1,1,1,1,0,0,1,0,0,0,1,0,2,0,0,1,1,3,2,0,0,0,1,0,0,0,2,12,2,0,0,0,1,1,0,0,0,1,1,0,0,0,1,0,0,0,0,3,2,0,0,0,0,0,0,0,0,0,1,0,0,0,0,0,0,0,1,1,0,0,0,0,0,0,0,0,0,2
80,0.9,160,1,0.8,640,FALSE,FALSE,1800,159,17,3,0,5,3,3,2,1,6,76,2,0,0,0,0,0,0,0,0,1,3,0,0,0,1,0,0,1,0,5,3,0,0,0,2,0,0,0,1,14,1,1,0,1,0,0,0,0,0,0,1,0,0,1,0,0,0,0,0,3,0,0,0,0,0,0,0,0,0,1,0,0,0,0,0,0,1,0,0,0,0,0,0,0,0,0,0,0,1,0
20,0.7,270,0.86,0.8,320,FALSE,TRUE,1800,166,19,3,1,4,4,1,2,1,6,74,3,1,1,3,0,0,0,0,0,2,2,0,1,0,1,0,0,1,0,4,4,0,0,0,0,0,0,0,2,12,3,0,1,0,1,1,0,1,0,0,1,0,0,0,0,0,0,0,0,2,0,0,0,0,0,0,0,0,0,1,0,0,0,0,0,0,1,0,0,2,0,0,0,0,0,0,0,0,0,1
10,0.5,200,0.32,0.7,190,FALSE,FALSE,1800,167,19,2,2,4,4,1,0,2,5,73,3,1,1,1,1,1,0,2,1,1,2,0,0,0,2,0,0,0,1,2,2,0,0,0,1,0,0,1,0,17,1,1,1,0,2,0,1,0,0,2,2,1,0,0,0,0,0,0,0,2,0,0,0,0,0,1,0,1,0,0,0,0,0,0,0,0,0,0,0,0,0,0,0,0,0,0,0,0,1,0
70,0.9,100,0.7,0.9,350,FALSE,FALSE,1800,167,14,1,2,5,8,4,0,0,8,78,2,1,1,1,1,2,0,1,0,0,1,1,0,0,0,0,0,0,0,5,3,1,1,0,2,0,0,1,0,11,1,0,1,1,0,1,0,0,0,2,0,0,0,0,0,0,0,0,1,2,0,0,0,0,1,0,0,0,0,1,0,0,0,0,0,0,0,0,0,1,0,0,0,0,0,0,1,0,0,0
20,0.6,230,0.93,0.5,190,TRUE,FALSE,1800,168,17,4,2,6,6,1,1,2,6,74,0,2,1,0,1,0,0,0,1,2,1,0,3,1,0,1,0,0,1,5,5,0,0,0,0,0,0,1,1,9,0,0,0,2,1,0,0,0,0,1,0,0,2,0,1,0,0,0,1,1,0,0,0,0,0,0,0,1,0,2,0,0,0,0,1,0,0,0,0,2,0,0,0,0,0,0,0,0,0,0
50,0.7,210,0.84,0.6,420,TRUE,TRUE,1800,159,19,1,1,3,4,1,0,2,3,80,1,0,0,2,2,0,0,0,0,0,3,0,1,0,1,0,0,1,1,5,4,0,0,0,1,0,0,0,1,11,0,2,0,0,0,0,0,0,0,3,0,1,0,0,0,0,0,0,1,2,0,0,0,0,0,0,0,0,0,0,0,0,0,0,0,1,0,0,1,1,0,0,0,0,0,0,0,0,0,0
50,0.9,150,0.83,0.9,960,TRUE,TRUE,1800,158,10,2,1,5,4,3,1,1,6,79,2,0,1,0,0,0,1,0,1,0,2,1,0,1,0,0,0,0,0,3,3,0,0,2,0,1,0,0,2,14,0,0,0,0,1,2,0,1,1,3,2,0,0,1,1,0,0,0,0,0,0,0,0,0,0,0,0,0,0,1,0,0,0,0,0,0,0,0,0,0,0,0,0,0,0,0,0,0,0,0
80,0.9,230,0.48,0.6,510,TRUE,FALSE,2000,149,21,3,0,5,0,3,2,0,5,66,2,1,0,0,0,0,2,1,0,0,1,0,0,1,1,0,0,1,0,5,3,0,0,1,0,0,1,0,0,9,1,0,1,0,0,0,0,0,0,3,2,0,0,0,1,0,0,0,1,2,0,0,0,0,1,1,0,0,0,0,1,0,0,0,1,0,0,0,0,1,0,0,0,0,0,0,0,0,0,0
50,0.6,150,0.93,0.8,410,TRUE,FALSE,2000,148,13,2,1,1,6,1,1,1,2,78,1,1,0,1,2,1,1,0,0,0,3,0,0,0,0,0,0,0,1,8,3,1,0,0,1,0,0,0,0,9,1,1,0,0,0,0,0,0,0,0,0,0,0,0,0,0,1,1,0,0,0,0,0,0,0,1,0,0,0,2,0,0,0,0,0,0,0,0,0,2,0,0,0,0,0,0,0,0,0,1
60,0.8,210,0.43,0.6,830,FALSE,FALSE,2000,149,17,3,0,3,7,0,2,1,3,72,3,0,0,0,1,0,0,0,0,1,1,1,0,0,2,1,1,0,1,7,0,1,0,0,0,0,0,0,0,9,1,0,0,1,0,0,0,0,0,2,4,0,0,0,1,0,0,0,0,1,0,0,0,0,0,1,0,0,0,0,0,0,0,0,0,0,0,0,0,2,0,0,0,0,0,0,0,0,0,0
80,0.5,130,0.77,0.6,810,FALSE,TRUE,2000,147,14,2,2,3,2,3,1,2,3,72,2,1,1,0,0,1,0,0,0,1,3,0,0,0,1,0,0,0,0,11,1,1,0,0,1,0,1,0,0,5,2,0,0,0,0,1,0,0,0,5,0,0,0,0,0,0,0,0,0,1,0,0,0,0,0,0,1,0,0,1,0,0,0,0,1,0,0,0,0,1,0,0,0,0,0,0,0,0,0,1
40,0.9,120,0.42,0.3,700,FALSE,TRUE,2000,152,17,1,0,2,4,1,0,1,2,80,0,0,2,1,1,0,0,0,0,0,3,0,1,0,2,0,1,0,0,11,5,0,0,1,0,0,0,0,0,6,2,0,0,1,0,0,0,1,0,1,0,0,0,0,0,0,1,0,0,1,0,0,0,0,0,1,0,0,0,0,0,0,0,0,1,0,0,0,1,0,0,0,0,0,0,0,0,0,0,1
80,0.7,220,0.86,0.9,830,TRUE,FALSE,2000,148,17,0,4,5,5,2,0,1,4,62,4,0,1,2,1,1,1,2,0,0,3,0,0,2,0,1,0,0,1,11,4,0,0,0,0,0,0,1,0,4,2,0,1,0,0,0,0,0,0,2,1,0,0,0,1,0,1,0,0,0,0,0,0,0,1,0,0,0,0,0,0,0,0,0,0,0,0,0,0,1,0,0,0,0,0,0,0,0,0,0
90,0.8,130,0.47,0.7,280,TRUE,TRUE,2000,151,19,1,1,1,6,0,2,3,3,71,1,0,0,0,2,0,2,0,0,0,3,0,0,0,0,1,1,0,2,11,4,0,1,0,0,0,0,0,0,4,1,0,1,0,0,0,0,0,0,1,2,0,0,1,0,2,0,0,1,3,0,0,0,0,0,0,0,0,0,0,0,0,0,0,1,0,0,0,0,0,0,0,0,0,0,0,0,0,0,0
20,0.6,300,0.71,0.8,570,TRUE,FALSE,2000,149,13,6,2,2,6,3,1,2,3,66,3,2,0,0,1,0,1,0,0,0,1,0,2,1,2,1,0,0,0,7,2,0,0,0,1,0,0,0,1,4,3,0,0,0,1,0,0,0,0,3,0,0,0,0,0,0,0,0,0,3,0,0,0,0,0,1,0,0,0,2,0,0,1,0,0,0,0,0,1,2,0,0,0,0,0,0,0,0,0,0
60,0.8,220,0.86,0.8,950,FALSE,FALSE,2000,150,16,3,2,4,7,2,4,0,3,69,0,2,1,1,1,0,0,0,0,1,1,0,0,0,0,0,0,0,2,3,4,0,0,1,2,0,0,0,1,12,1,1,1,0,1,0,0,0,0,0,0,0,0,0,0,0,1,0,0,1,0,0,0,0,0,0,0,0,0,0,0,0,0,1,0,0,0,0,0,1,0,0,0,0,1,0,0,0,0,0
30,0.5,120,0.8,0.4,650,TRUE,FALSE,2000,149,20,0,2,2,2,1,4,0,4,71,3,1,0,1,1,0,0,0,0,1,3,0,1,0,0,0,0,0,0,4,1,0,0,0,1,1,0,0,0,6,1,0,1,0,2,1,1,0,0,0,1,1,0,0,0,0,0,0,2,4,1,0,0,0,1,0,0,0,0,1,0,0,0,0,0,0,0,0,0,2,0,0,0,0,0,0,0,0,0,1
20,0.5,270,0.32,0.3,920,FALSE,FALSE,2000,150,18,1,1,3,6,2,3,1,3,69,1,1,0,0,0,0,2,0,1,1,1,0,0,0,0,0,1,0,0,7,3,0,0,0,0,0,0,0,1,8,2,0,0,1,0,0,0,1,1,0,3,0,0,1,0,0,0,0,0,1,0,0,0,0,0,2,0,0,0,0,0,0,0,0,0,0,0,0,1,3,0,0,1,0,0,0,0,0,0,0
80,0.7,220,0.92,0.5,820,TRUE,FALSE,2000,150,18,1,1,2,4,4,2,3,6,67,2,0,0,0,0,2,0,0,0,0,2,2,0,0,1,0,0,0,1,8,1,0,0,0,0,0,0,0,1,5,1,1,0,2,1,0,0,0,1,1,2,0,0,0,0,1,0,0,0,3,1,0,0,0,0,0,1,0,0,0,1,0,0,0,0,0,0,0,0,2,0,0,0,0,0,0,0,0,0,0
90,0.6,250,0.44,0.3,530,FALSE,FALSE,2000,149,8,4,1,4,1,3,2,0,4,78,1,0,1,0,0,0,1,0,0,2,1,0,0,0,1,1,0,1,0,4,1,1,1,0,1,0,0,0,0,16,1,1,0,0,1,0,0,0,0,1,0,0,0,0,0,0,0,1,0,2,0,0,0,0,0,1,0,1,0,1,0,0,0,0,0,0,0,0,0,1,0,0,0,0,0,0,0,0,0,1
30,0.9,200,0.45,0.7,930,TRUE,FALSE,2000,151,21,1,1,6,6,2,3,0,6,60,3,0,0,1,0,1,3,0,0,0,0,1,1,0,1,0,1,0,0,0,3,0,0,1,0,0,0,0,3,12,3,0,0,1,0,0,0,0,0,0,0,0,0,0,0,0,1,0,0,1,0,0,0,0,1,0,0,0,0,0,1,0,0,0,0,0,0,0,1,2,1,0,0,0,0,0,0,0,1,2
60,0.7,230,0.36,0.3,520,TRUE,TRUE,2000,149,14,0,2,2,3,3,2,2,4,76,1,0,1,1,1,0,1,0,0,2,3,0,0,0,0,0,1,0,0,4,2,0,0,1,0,0,0,0,0,9,4,0,0,1,0,0,0,0,0,3,0,0,0,0,0,0,0,0,0,2,0,0,0,0,0,0,0,0,0,3,0,0,0,0,1,0,0,0,0,1,0,0,0,0,0,0,0,0,0,0
40,0.6,120,0.68,0.6,460,FALSE,TRUE,2000,151,13,2,3,3,4,2,4,2,3,73,2,2,1,0,0,0,1,0,0,1,1,0,1,1,2,0,0,0,1,3,1,0,0,0,0,1,0,1,0,8,1,2,0,1,0,0,0,0,0,4,1,0,0,0,0,0,0,0,0,1,0,0,0,0,0,1,0,0,0,2,0,0,0,0,1,0,0,0,0,2,0,0,0,0,0,0,0,0,0,0
90,0.9,110,0.9,0.4,700,TRUE,TRUE,2000,150,20,2,3,4,3,3,1,3,3,65,3,2,0,0,2,0,0,0,1,0,2,0,0,2,0,0,0,0,0,0,1,0,0,1,1,1,0,1,0,12,2,0,0,1,0,0,1,1,0,1,2,0,0,0,0,1,0,0,0,0,0,0,0,0,0,0,0,0,0,0,0,0,0,0,1,0,0,0,1,1,0,0,0,1,0,0,0,0,0,2
10,0.8,140,0.86,0.3,200,TRUE,FALSE,2000,147,16,1,4,4,6,3,0,4,4,61,2,0,1,0,0,1,1,0,0,1,1,1,0,2,1,1,1,0,0,3,3,0,1,0,1,0,0,1,2,10,1,0,2,0,0,1,0,0,0,1,0,0,0,2,1,0,0,0,0,2,0,0,0,0,0,0,0,0,0,0,0,0,0,0,0,0,0,0,0,1,0,0,0,0,0,0,0,0,0,0
40,0.8,150,0.45,0.3,150,FALSE,TRUE,2000,149,13,0,2,0,6,2,1,1,4,78,1,0,1,2,0,0,0,0,0,2,4,0,0,1,0,1,0,1,0,3,1,0,0,1,2,0,0,1,1,12,1,1,1,0,0,0,0,0,0,3,0,0,0,0,0,0,0,0,0,0,0,0,0,0,0,0,0,0,0,1,0,0,0,0,0,0,1,0,0,1,0,0,0,0,0,0,0,0,0,0
10,0.6,250,0.57,0.8,780,FALSE,TRUE,2000,150,18,0,2,2,7,1,0,1,5,71,6,0,0,1,1,0,0,0,0,2,1,0,0,0,0,0,2,0,0,9,1,0,1,0,1,0,0,0,0,6,3,0,0,0,0,0,1,0,1,1,2,0,0,0,0,0,0,0,0,1,0,0,0,0,0,0,1,0,0,0,0,0,0,0,1,0,0,0,1,0,0,0,0,0,0,0,0,0,0,1
60,0.9,220,0.49,0.9,880,FALSE,TRUE,2000,152,14,1,2,2,5,2,0,1,3,72,2,2,1,2,1,0,1,0,0,2,3,1,0,0,0,1,0,0,0,6,3,0,1,1,0,1,0,1,0,9,2,0,0,0,1,0,0,0,0,1,3,0,0,0,0,0,0,0,1,0,1,0,0,0,0,1,0,0,0,2,0,0,0,0,0,0,0,0,0,0,0,0,0,0,0,0,0,0,1,0
10,0.8,230,0.68,0.5,800,FALSE,FALSE,2000,149,14,2,1,1,6,0,3,0,2,79,1,0,1,0,1,0,0,0,0,2,1,1,0,0,1,1,0,1,0,6,2,0,0,1,0,0,1,0,2,6,2,0,0,0,0,0,0,0,0,2,1,0,0,0,0,0,0,0,0,4,0,0,0,0,0,1,0,0,0,4,0,0,0,0,0,0,0,0,0,0,0,0,0,0,0,0,0,0,0,0
80,0.7,250,0.81,0.6,1000,TRUE,FALSE,2000,151,18,0,0,5,3,0,1,0,9,68,7,1,0,0,0,1,0,0,0,1,0,1,0,0,1,1,1,1,0,11,3,0,0,0,1,0,1,0,1,2,0,0,1,0,0,1,0,1,0,0,3,0,0,1,0,0,0,0,0,1,0,0,0,0,0,0,0,0,0,3,0,0,0,0,0,1,0,0,1,1,0,0,0,0,0,0,0,0,0,0
20,0.7,170,0.31,0.3,130,FALSE,FALSE,2000,148,14,0,3,5,5,4,1,3,5,62,2,2,0,1,2,0,0,0,0,0,3,0,0,0,0,0,1,0,0,11,2,0,0,0,1,2,0,0,0,3,1,0,2,1,0,0,0,0,0,2,1,0,0,1,0,2,0,0,0,4,0,0,0,0,0,0,0,0,0,2,0,0,0,0,0,0,0,0,0,1,0,0,0,0,0,0,0,0,0,0
70,0.7,250,0.64,0.3,710,FALSE,FALSE,2000,151,19,0,3,1,5,1,1,1,4,67,4,1,0,1,2,1,1,0,0,0,4,1,0,0,2,0,0,1,0,5,3,0,0,0,0,0,0,0,0,6,1,1,0,0,1,0,2,0,0,5,1,0,0,0,1,0,1,0,0,1,0,0,0,0,0,0,0,0,0,1,0,0,0,0,0,0,0,0,0,2,0,0,0,0,0,0,0,0,1,0
50,0.8,260,0.59,0.5,910,FALSE,FALSE,2000,149,17,2,0,4,5,1,1,0,4,68,2,1,0,2,1,2,0,0,1,0,2,0,0,1,0,1,1,0,0,7,5,0,0,1,0,0,0,0,3,3,2,0,1,0,0,0,1,0,0,1,1,0,0,0,0,0,0,0,0,2,0,0,0,0,2,0,0,0,0,2,0,0,0,1,0,0,0,0,0,1,0,0,0,0,0,0,0,0,1,0
30,0.8,120,1,0.7,230,FALSE,FALSE,2000,148,15,1,1,3,7,1,1,2,6,66,3,1,1,1,0,0,1,0,1,0,1,0,0,0,0,0,0,0,0,12,2,0,0,0,2,0,0,0,1,3,1,1,0,0,0,0,0,1,0,1,2,1,0,0,0,0,0,0,1,4,1,0,0,0,0,1,0,0,0,0,0,0,0,0,0,0,0,0,0,2,0,0,0,0,0,0,0,0,0,1
20,0.5,270,0.95,0.3,910,TRUE,FALSE,2000,150,14,0,3,5,3,4,1,3,5,70,0,0,0,1,0,0,1,0,0,1,1,1,1,0,0,0,0,0,2,7,3,0,0,2,0,0,0,0,1,7,0,0,0,0,3,1,0,0,0,2,2,0,1,0,0,0,0,0,0,2,0,0,0,0,1,0,0,0,0,2,0,0,0,0,0,0,0,0,0,1,0,0,0,0,0,0,0,0,0,0
50,0.6,160,1,0.9,950,TRUE,FALSE,2000,148,16,2,1,4,3,2,2,0,5,70,2,1,0,0,2,0,1,0,0,0,3,0,0,0,0,0,0,0,0,4,3,0,1,2,0,0,1,0,0,7,2,0,0,0,1,0,0,0,1,2,0,0,1,0,0,0,0,0,1,1,0,0,0,0,0,0,0,0,0,2,0,0,1,0,0,0,0,0,1,2,0,0,0,0,0,1,0,0,0,1
80,0.7,270,0.93,0.6,460,FALSE,FALSE,2000,149,14,1,2,1,5,1,1,2,3,69,7,0,0,0,0,0,0,0,0,1,1,1,0,1,0,0,1,0,1,6,2,0,0,1,0,0,1,2,0,7,4,0,1,0,0,0,0,0,0,2,0,0,0,0,1,0,0,0,0,4,0,0,0,0,0,0,0,0,1,1,0,0,0,0,1,0,0,0,0,1,0,0,0,0,0,0,1,0,0,2
70,0.6,240,0.83,0.8,790,TRUE,TRUE,2000,150,19,1,2,6,1,3,2,2,8,64,1,1,1,0,0,1,1,0,0,1,1,1,1,1,0,0,0,0,0,2,1,0,0,0,0,0,0,0,0,12,4,0,0,1,0,0,0,0,2,2,2,0,0,0,0,0,0,0,0,2,0,0,0,0,1,0,0,0,0,0,0,0,0,1,0,0,0,0,0,2,0,0,0,0,0,0,0,0,0,1
10,0.7,110,0.46,0.9,430,TRUE,TRUE,2000,148,13,1,2,2,10,2,1,0,5,68,2,2,0,0,1,1,1,1,0,0,1,0,1,0,1,1,0,0,0,1,4,0,1,1,0,0,0,0,0,10,2,0,0,0,1,0,1,0,1,2,0,0,1,0,0,0,0,0,0,1,0,0,0,0,0,0,0,0,0,0,1,0,0,0,0,1,0,0,0,0,0,0,0,0,0,0,0,1,0,3
10,0.5,190,0.84,0.3,840,TRUE,FALSE,2000,152,16,4,0,2,7,2,1,0,4,75,0,1,0,0,1,1,0,0,1,1,2,0,0,0,2,0,0,0,0,5,1,0,0,0,1,0,0,1,1,6,3,0,1,0,1,0,0,0,1,1,2,2,0,0,1,1,0,0,0,2,0,0,0,0,0,0,0,0,0,0,0,0,0,0,0,0,0,0,0,3,0,0,0,0,0,0,0,0,0,0
70,0.6,210,0.86,0.6,780,FALSE,TRUE,2000,150,15,0,1,6,1,3,2,2,3,69,1,1,1,2,1,0,1,0,0,3,1,0,0,0,0,0,1,1,0,1,3,1,0,0,2,0,0,0,0,13,0,0,1,1,1,0,0,0,1,8,0,0,0,0,0,1,0,0,0,3,0,0,0,0,0,0,0,0,0,0,0,0,0,0,0,0,0,0,0,0,0,0,0,0,0,0,0,0,0,0
20,0.7,190,0.38,0.6,300,FALSE,TRUE,2000,151,16,1,0,1,6,1,2,0,3,77,2,1,1,1,1,0,1,1,0,0,3,0,1,0,0,0,0,1,0,6,5,0,0,0,2,0,0,0,0,7,0,0,0,0,0,0,0,0,0,3,1,0,0,1,0,0,0,0,0,1,0,0,0,0,0,0,0,0,0,3,0,0,0,0,0,1,0,0,1,1,0,0,0,0,0,0,0,0,0,0
20,0.5,190,0.71,0.8,320,TRUE,TRUE,2000,153,15,2,3,2,4,2,2,1,4,78,1,0,0,0,1,0,0,1,0,1,2,0,0,2,0,0,0,0,0,5,2,0,1,0,2,0,1,0,0,9,2,0,1,0,0,0,0,0,0,2,0,1,0,1,1,0,0,0,0,0,0,0,0,0,0,0,1,0,0,2,0,0,0,0,0,0,0,0,0,1,0,0,0,0,1,0,0,0,0,0
30,0.6,200,0.67,0.4,130,TRUE,TRUE,2000,153,20,0,2,3,0,2,2,2,3,71,4,0,0,1,2,0,0,1,3,0,2,0,0,1,1,1,0,0,0,9,3,1,0,0,0,0,0,0,0,5,3,0,0,0,0,0,0,0,0,1,2,0,0,0,0,0,0,0,0,4,0,0,0,0,1,0,0,0,0,1,1,0,0,0,0,0,0,0,0,2,0,0,0,0,0,0,0,0,0,0
20,0.9,280,0.52,0.5,710,TRUE,TRUE,2000,151,15,1,0,1,6,2,0,1,4,78,3,1,1,1,0,0,0,0,0,2,3,0,0,0,1,2,1,0,0,6,2,0,0,1,0,1,0,0,0,10,1,0,0,0,0,0,0,0,0,1,1,0,0,0,0,0,0,0,0,0,0,0,0,0,0,0,0,0,0,1,0,0,0,0,1,0,0,0,1,1,0,0,0,0,0,0,0,0,1,1
30,0.9,200,0.46,0.5,750,TRUE,TRUE,2000,151,12,1,1,2,5,2,0,3,3,75,4,2,0,0,1,0,0,2,0,2,1,0,0,1,1,0,1,0,0,8,3,0,1,0,0,0,0,0,0,8,2,0,0,0,0,0,0,1,0,1,2,0,0,0,0,0,0,0,1,4,0,0,0,0,1,0,0,0,0,0,0,0,0,0,0,0,0,0,0,1,0,0,0,0,0,0,0,0,0,0
90,0.5,240,0.41,0.7,820,TRUE,FALSE,2000,150,16,2,1,1,3,0,3,1,4,74,0,0,0,2,1,0,0,0,1,1,1,0,2,1,1,1,0,1,0,8,2,0,0,0,3,0,0,0,0,8,0,0,1,0,0,0,0,0,1,5,2,0,0,0,0,0,0,0,0,1,0,0,0,0,0,0,0,0,0,1,0,0,0,0,0,1,0,0,0,1,0,0,0,0,0,0,0,0,0,0
90,0.5,220,0.75,0.7,670,FALSE,TRUE,2000,149,14,0,2,4,5,4,1,1,9,73,1,0,0,0,0,0,0,0,1,1,0,0,0,0,0,0,0,0,0,7,1,0,0,2,0,0,0,1,1,6,2,0,0,0,2,0,0,1,0,0,1,0,0,0,1,0,0,0,1,4,0,0,0,0,1,0,0,0,0,2,0,0,0,0,0,0,0,0,0,1,0,0,0,0,0,0,0,0,0,0
60,0.8,290,0.57,0.9,390,FALSE,TRUE,2000,154,18,1,1,2,3,1,0,1,3,75,5,0,1,1,0,0,0,0,0,3,5,0,0,1,0,0,0,0,0,13,1,0,0,0,0,0,0,1,1,2,2,0,1,1,1,0,1,0,0,1,0,0,0,0,1,0,0,0,1,4,0,0,0,0,0,0,0,0,0,0,0,0,0,0,0,1,0,0,1,0,0,0,0,0,0,0,0,0,0,1
70,0.5,220,0.39,0.6,770,FALSE,TRUE,2000,152,15,2,4,2,6,2,3,0,4,76,2,0,0,0,2,0,0,0,0,0,0,0,0,0,0,0,0,0,0,10,1,0,1,2,1,1,0,0,0,6,0,0,1,0,2,1,0,0,0,2,0,1,0,0,0,0,0,0,0,1,0,0,0,0,0,0,0,0,0,0,1,0,0,0,0,1,2,0,0,1,0,0,0,0,0,0,0,0,0,0
30,0.5,280,0.44,0.9,940,TRUE,FALSE,2000,156,20,2,1,1,3,2,1,4,3,72,3,1,0,0,0,1,0,0,1,0,3,0,1,1,1,0,0,1,2,12,2,0,2,1,0,0,0,0,0,2,3,0,1,0,1,0,0,0,0,2,0,0,0,2,0,0,0,0,0,2,0,0,0,0,0,0,1,0,0,1,0,0,0,0,1,0,0,0,0,0,0,0,0,0,0,0,0,0,0,0
90,0.6,100,0.35,0.5,860,TRUE,TRUE,2000,150,15,1,3,4,6,3,0,1,5,66,1,0,1,1,2,0,1,1,0,0,1,2,0,0,1,0,0,0,0,12,4,0,0,0,2,0,0,0,0,4,2,0,0,0,0,0,0,0,0,0,3,1,0,0,0,1,0,0,0,1,0,0,0,0,1,1,0,2,0,0,0,0,0,0,0,0,0,0,0,1,0,0,0,0,0,0,0,0,1,0
20,0.7,100,0.31,0.8,610,FALSE,FALSE,2000,148,14,3,2,1,5,4,1,3,1,73,2,0,0,0,1,0,1,0,0,1,1,0,1,0,0,1,0,0,0,2,0,0,0,0,3,0,0,1,0,12,1,2,0,0,1,0,1,0,0,4,0,0,0,1,0,0,0,0,0,0,0,0,0,0,0,1,0,0,0,2,0,0,0,0,0,0,0,0,1,2,0,0,0,0,0,0,0,0,0,0
20,0.8,180,0.98,0.3,1000,FALSE,FALSE,2000,148,16,3,1,1,5,2,1,3,4,72,2,0,0,1,0,1,0,0,0,1,1,0,0,0,0,0,0,0,0,3,2,0,1,0,0,1,0,1,0,12,1,0,0,0,0,0,0,0,0,3,1,0,0,1,1,0,0,0,0,2,0,0,0,0,1,0,1,0,0,2,0,0,0,0,0,0,0,0,0,1,0,0,0,0,0,0,0,0,0,1
70,0.7,140,0.95,0.9,920,TRUE,FALSE,2000,148,18,2,2,5,2,1,1,1,7,66,3,2,0,0,0,0,0,1,1,0,3,0,0,1,0,0,0,1,0,6,2,0,0,0,2,0,1,0,0,9,0,0,1,1,2,0,0,1,0,1,2,0,0,0,0,0,0,0,0,1,0,0,0,0,0,0,0,0,0,0,0,0,0,0,0,1,0,0,0,1,0,0,0,0,0,0,0,0,0,1
90,0.9,270,0.44,0.5,810,TRUE,FALSE,2000,150,18,2,1,2,3,2,0,1,2,75,1,0,1,1,2,1,0,0,0,0,0,0,1,0,1,0,0,0,1,2,3,0,0,1,0,0,0,0,1,11,2,0,0,1,0,0,0,0,0,1,0,0,0,1,1,0,0,1,1,4,1,0,0,0,0,0,0,0,1,0,0,0,0,0,0,1,0,0,0,2,0,0,0,0,0,0,0,0,0,1
80,0.9,300,0.53,0.5,170,FALSE,FALSE,2000,151,20,0,1,2,4,0,1,1,5,72,4,0,1,0,2,0,0,0,0,0,2,0,0,0,0,0,2,0,0,0,6,0,1,1,0,0,0,0,1,11,1,0,0,0,0,1,0,1,0,1,1,0,0,0,1,1,0,0,0,1,0,0,0,0,2,1,0,0,0,1,0,0,0,0,0,0,0,0,0,2,0,0,0,0,0,0,0,0,1,0
60,0.5,280,0.65,0.8,380,TRUE,FALSE,2000,150,19,2,3,2,6,3,1,2,7,61,0,0,2,0,2,0,0,0,0,0,2,0,1,0,3,0,0,0,0,3,5,1,1,1,0,0,0,0,0,7,1,2,0,0,0,0,1,0,1,5,2,0,0,0,0,0,0,0,1,1,0,0,0,0,0,1,0,0,0,1,0,0,0,0,0,0,0,0,0,1,0,0,0,0,0,0,0,0,0,0
90,0.8,220,0.59,0.8,930,FALSE,FALSE,2000,151,11,1,1,6,11,3,0,2,7,73,0,0,0,0,0,0,0,0,0,1,0,0,0,0,1,1,0,0,0,3,1,1,1,0,1,1,0,0,1,10,2,0,0,1,0,0,0,0,0,2,0,0,0,0,0,0,1,0,1,2,0,0,0,0,0,0,0,0,1,1,0,0,0,0,0,2,0,0,0,1,0,0,0,0,0,0,0,0,0,1
100,0.5,270,0.62,0.5,390,TRUE,TRUE,2000,152,16,3,2,3,2,2,2,1,1,74,1,0,2,0,2,1,0,0,0,1,3,0,0,0,0,2,0,0,1,5,4,0,0,1,1,0,0,1,2,6,1,0,0,0,0,0,0,0,0,3,0,0,0,0,0,1,0,0,0,2,1,0,0,0,0,0,1,0,0,1,0,0,0,0,1,0,0,0,0,2,0,0,0,0,0,0,0,0,0,1
90,0.6,270,0.74,0.9,930,TRUE,TRUE,2000,152,21,2,2,1,5,1,2,0,2,73,5,0,2,0,0,0,0,0,1,0,1,0,0,0,0,0,0,1,0,7,2,0,0,0,2,0,0,0,0,9,4,0,0,0,0,0,0,0,0,3,0,0,0,0,1,0,0,0,0,3,0,0,0,0,0,0,1,0,0,0,0,0,0,0,0,1,0,0,0,1,0,0,0,0,0,0,0,0,0,0
70,0.7,190,0.59,0.7,410,TRUE,TRUE,2000,152,19,0,2,6,5,1,2,1,3,65,2,0,0,2,0,0,3,0,0,1,2,0,0,0,0,1,0,0,0,6,4,1,0,0,3,0,0,1,2,8,1,0,1,0,1,0,0,0,0,2,1,0,0,0,0,1,1,0,1,1,1,0,0,0,0,0,0,0,0,1,0,0,0,0,0,0,0,0,0,1,0,0,0,0,0,0,0,0,0,0
80,0.5,220,0.34,0.4,550,TRUE,FALSE,2000,151,17,0,0,3,11,0,1,0,5,68,4,1,1,3,1,1,0,1,0,0,0,0,0,0,1,0,0,0,1,10,4,0,2,0,2,0,0,0,1,6,0,0,0,0,0,1,0,0,0,1,1,0,0,0,0,0,0,0,0,1,0,0,0,0,0,1,0,0,0,1,0,0,0,0,0,0,0,0,0,2,0,0,0,0,0,0,0,0,0,0
80,0.9,250,0.88,0.7,850,FALSE,TRUE,2000,149,17,2,2,3,8,0,1,1,3,67,4,1,0,0,1,0,2,0,1,0,1,0,1,2,0,0,0,0,1,3,2,0,0,0,1,0,0,0,1,9,0,0,2,0,2,1,1,0,0,2,2,0,0,0,0,0,0,0,0,0,0,0,0,0,0,1,0,0,0,0,0,0,0,0,0,0,0,0,1,1,0,0,0,0,0,0,1,0,2,0
80,0.9,220,0.54,0.9,260,FALSE,FALSE,2000,151,18,2,1,4,4,1,0,4,1,73,1,0,1,1,2,0,0,0,0,0,2,0,0,1,0,0,0,0,0,7,4,1,0,0,0,1,0,0,1,6,1,0,1,0,0,0,0,1,1,4,1,0,1,0,0,0,0,1,1,1,0,0,0,0,1,0,0,0,0,0,1,0,0,0,0,0,0,0,0,1,0,0,0,0,0,0,0,0,0,0
50,0.5,300,0.87,0.3,660,FALSE,FALSE,2000,152,17,1,1,3,3,5,1,2,4,71,2,1,0,1,0,1,1,0,1,0,6,0,0,0,1,0,0,2,0,6,2,1,0,1,0,0,0,0,0,3,0,1,0,0,1,0,0,0,0,3,0,0,0,0,0,0,0,0,1,1,1,0,0,0,0,1,1,0,0,2,0,0,0,0,0,0,0,0,0,3,0,0,0,0,0,0,0,0,0,1
90,0.6,210,0.71,0.3,180,TRUE,FALSE,2000,150,11,3,2,2,6,3,0,1,3,80,1,0,0,0,0,0,0,1,0,2,2,0,0,0,2,0,0,0,1,12,1,0,1,1,0,0,0,0,1,4,0,2,0,0,0,0,0,0,0,1,0,0,0,0,0,1,0,0,1,1,0,0,0,0,0,0,0,0,0,1,0,1,0,1,0,0,0,0,0,1,0,0,0,0,0,0,0,0,1,0
70,0.8,200,0.49,0.5,310,FALSE,TRUE,2000,150,10,2,2,3,6,3,1,0,7,70,4,0,0,2,0,0,0,1,0,2,1,0,0,0,0,0,0,1,1,9,1,0,0,0,3,0,0,1,0,10,0,1,0,1,3,0,0,0,0,3,0,0,0,0,0,1,0,0,0,0,1,0,0,0,0,0,0,0,0,1,0,0,0,0,0,0,0,0,0,0,0,0,0,0,0,0,0,0,0,0
100,0.6,300,0.58,0.9,630,FALSE,FALSE,2000,152,19,0,0,2,1,1,1,1,2,78,6,1,1,0,0,0,0,1,0,0,1,0,0,0,0,0,1,0,2,5,4,0,0,1,1,0,0,0,0,10,2,0,1,2,0,0,0,0,0,1,0,0,0,0,0,0,0,0,0,2,0,1,0,0,1,0,0,0,0,0,0,0,0,0,0,0,0,1,1,1,0,0,0,0,0,0,0,0,0,1
70,0.5,150,0.61,0.4,950,TRUE,FALSE,2000,149,5,5,3,2,6,3,4,2,3,77,1,1,1,0,0,1,0,0,0,1,0,1,0,1,0,0,0,2,0,6,2,1,0,0,0,0,0,1,0,5,1,1,0,1,1,0,0,0,0,0,0,0,0,0,0,1,0,0,0,3,0,0,0,0,1,0,0,0,0,6,0,0,0,0,0,0,0,0,0,1,0,0,0,0,0,0,0,0,0,0
40,0.9,210,0.56,0.4,280,TRUE,FALSE,2000,149,18,1,0,5,3,1,0,3,5,70,0,0,2,1,0,1,0,0,0,0,1,0,1,1,0,0,0,1,0,9,3,0,1,1,0,0,0,0,1,9,1,2,0,0,2,0,0,0,0,1,0,0,0,0,0,0,0,1,0,2,1,0,0,0,1,0,0,0,0,0,0,0,0,0,0,0,0,0,0,1,0,0,0,0,0,0,0,0,0,0
100,0.8,280,0.56,0.7,170,FALSE,FALSE,2000,147,16,2,0,4,5,0,1,2,1,67,4,0,2,0,0,0,0,0,2,1,2,2,0,0,1,1,0,0,0,2,0,0,0,1,0,1,0,0,0,10,5,0,0,0,0,0,1,0,0,5,0,1,0,0,0,0,1,0,0,4,0,0,0,0,1,0,0,0,0,1,0,0,1,0,0,0,0,0,0,0,0,0,0,0,0,0,0,0,1,0
80,0.5,280,0.96,0.5,1000,FALSE,TRUE,2000,149,16,1,1,7,3,3,2,1,10,62,4,1,0,0,0,1,0,0,0,0,1,0,0,0,0,1,2,0,0,2,1,0,0,1,0,0,0,1,0,11,3,0,0,1,1,0,0,0,1,1,1,1,0,0,0,1,0,0,0,2,1,0,0,0,0,0,0,0,0,0,0,0,0,1,0,0,0,0,0,4,0,0,0,0,0,0,0,0,0,0
20,0.8,210,0.33,0.9,110,TRUE,FALSE,2000,150,14,2,4,1,8,4,2,2,2,71,1,0,1,0,0,2,2,0,0,0,0,0,0,0,0,1,0,0,0,1,3,0,1,0,1,0,0,0,0,12,2,1,0,1,0,0,0,0,1,1,1,0,0,0,0,0,0,0,0,5,0,0,0,0,0,0,1,0,1,0,0,0,0,0,0,0,0,0,0,2,0,0,0,0,0,0,0,0,0,0
40,0.9,220,0.77,0.8,790,FALSE,FALSE,2000,149,12,2,1,6,0,2,1,0,3,72,2,0,0,2,1,0,0,0,0,1,6,1,0,0,0,0,0,0,0,5,5,0,0,0,0,0,0,0,0,10,1,1,0,1,0,0,0,0,0,3,1,1,0,0,0,0,0,0,0,3,0,0,0,0,0,0,0,0,1,0,0,0,0,0,1,1,0,0,1,1,0,0,0,0,0,0,0,0,0,1
50,0.7,110,0.54,0.7,140,FALSE,FALSE,2000,147,10,4,2,7,4,5,0,3,2,74,0,0,0,1,1,0,0,0,0,2,1,0,0,2,0,0,0,0,0,1,0,0,1,1,0,2,0,0,0,10,1,1,0,1,0,0,1,0,1,2,0,0,0,0,0,0,0,0,0,2,0,0,0,0,0,1,0,0,0,1,1,0,0,0,1,0,0,0,0,2,0,0,0,0,0,0,0,0,0,0
30,0.8,240,0.96,0.5,530,TRUE,TRUE,2000,149,11,0,2,5,5,2,3,1,3,76,1,0,0,0,1,0,2,0,0,2,0,0,1,1,0,1,0,0,1,5,2,0,0,2,1,0,0,0,1,11,0,0,0,0,0,0,0,1,0,4,1,0,0,0,1,0,0,0,0,1,0,0,0,0,1,0,0,0,0,1,0,0,0,0,0,0,0,0,0,0,0,0,0,0,0,0,0,0,0,0
20,0.7,130,0.34,0.4,870,TRUE,FALSE,2000,149,13,2,4,0,6,4,1,0,2,73,2,3,0,1,0,0,1,0,0,1,1,0,0,0,0,0,1,0,0,4,3,2,0,0,3,0,0,0,1,10,1,0,0,1,0,0,0,0,0,4,0,0,0,0,0,1,0,0,0,1,0,0,0,0,0,0,0,0,0,1,0,0,0,0,0,0,1,0,1,0,0,0,0,0,0,0,0,0,0,1
10,0.6,100,0.52,0.6,200,TRUE,TRUE,2000,148,13,1,3,0,8,0,1,1,2,73,3,0,0,1,1,2,1,0,0,1,3,0,0,0,2,0,0,0,0,5,6,0,0,0,1,0,1,0,2,11,0,1,0,0,1,0,0,0,0,2,0,0,0,0,0,0,0,0,0,1,0,0,0,0,0,1,0,0,0,1,0,0,0,0,0,0,0,0,0,0,0,0,0,0,0,0,0,0,0,0
70,0.7,130,0.44,0.6,750,TRUE,TRUE,2000,151,16,1,2,2,3,1,2,0,5,77,0,1,1,0,0,0,0,0,0,1,3,0,0,1,0,0,1,0,2,7,2,0,0,2,0,0,0,1,0,7,1,1,0,0,0,1,0,0,0,7,1,0,0,1,1,0,0,0,1,0,0,0,0,0,0,0,0,0,0,0,0,0,0,0,0,0,0,0,0,0,0,0,0,0,0,0,0,0,0,0
60,0.7,230,0.35,0.4,420,FALSE,TRUE,2000,151,14,0,2,0,5,3,1,1,4,77,5,0,0,0,0,1,1,0,0,0,1,1,0,1,0,0,1,0,1,9,1,0,0,0,0,0,0,0,0,10,3,0,0,0,2,1,0,0,0,0,1,0,0,0,0,0,0,0,0,2,0,0,0,0,0,0,0,0,0,0,0,0,0,1,0,0,1,0,1,1,0,0,0,0,0,0,0,0,0,0
50,0.7,150,0.69,0.6,700,TRUE,TRUE,2000,151,15,0,0,5,6,4,1,4,9,66,4,0,0,0,0,0,1,0,0,1,1,0,0,0,0,1,0,0,0,4,1,0,1,1,0,0,0,0,0,11,0,0,0,2,0,0,0,0,0,2,1,0,0,0,1,0,2,0,0,1,1,0,0,1,1,1,0,0,0,1,0,0,0,0,0,0,0,0,0,2,0,0,0,0,0,0,0,0,0,0
10,0.7,280,0.49,0.9,450,FALSE,FALSE,2000,152,9,4,2,4,8,1,1,3,4,78,1,0,0,0,1,1,0,0,0,1,0,0,0,1,0,0,0,0,0,7,3,1,0,1,0,0,0,0,2,7,0,0,0,1,0,0,0,0,0,1,0,0,0,0,0,0,0,0,1,3,0,0,0,0,1,0,0,0,0,2,0,0,0,0,0,1,0,0,0,3,0,0,0,0,0,0,0,0,0,0
90,0.6,120,0.43,0.8,480,TRUE,TRUE,2000,156,22,0,2,3,5,1,0,0,5,69,3,3,0,0,1,0,1,0,0,2,4,0,0,1,0,1,0,0,1,9,4,0,1,0,1,0,0,0,0,1,1,0,0,0,1,1,0,0,0,2,1,0,1,0,2,0,0,0,0,3,0,0,0,0,0,0,1,0,0,0,0,0,0,0,0,0,0,0,1,2,0,0,0,0,0,0,0,0,0,1
30,0.6,300,0.44,0.3,140,FALSE,TRUE,2000,154,11,3,1,2,4,3,2,2,3,79,1,0,0,1,0,0,0,0,1,4,2,1,0,0,0,0,0,2,0,4,3,0,1,1,0,0,0,0,0,11,3,0,0,0,0,0,0,0,0,4,1,1,0,0,0,1,0,0,0,2,0,0,0,0,0,0,0,0,0,0,0,0,0,0,1,0,0,0,0,0,0,0,0,0,0,0,0,0,0,0
80,0.5,100,0.79,0.5,710,FALSE,FALSE,2000,150,14,1,4,1,3,0,0,2,4,72,1,1,1,2,0,1,1,0,0,2,7,0,0,0,0,2,0,0,0,7,1,0,0,1,0,0,0,0,0,8,4,1,0,0,0,0,0,0,0,1,0,0,0,0,2,0,0,0,0,0,0,0,0,0,1,0,0,0,0,1,0,0,0,0,0,0,0,0,0,3,0,0,0,0,0,0,0,0,1,1
40,0.6,100,0.75,0.3,750,TRUE,TRUE,2000,150,15,1,0,3,4,2,1,3,3,79,1,2,0,0,1,0,0,0,0,2,0,2,0,0,0,0,0,0,0,7,1,0,0,0,0,0,1,0,0,7,1,1,0,1,0,0,0,0,0,3,1,1,0,0,1,0,1,0,0,2,0,0,0,1,0,0,0,0,0,0,0,0,0,0,0,0,0,1,0,1,0,0,0,0,0,0,0,0,1,0
90,0.6,180,0.65,0.5,110,FALSE,TRUE,2000,150,20,1,2,3,3,2,1,0,2,71,5,1,0,2,0,0,0,0,0,1,2,0,0,0,0,0,0,0,0,6,0,0,0,1,1,1,0,1,1,8,4,0,1,0,0,0,0,0,0,0,1,0,0,0,0,2,0,0,0,4,1,0,0,0,0,0,0,0,0,0,0,0,0,0,0,1,0,0,0,1,0,0,0,0,0,0,0,0,1,0
60,0.9,260,0.5,0.5,440,TRUE,TRUE,2000,152,15,0,5,3,5,3,1,2,4,67,1,1,1,0,0,1,0,1,1,1,1,0,0,0,1,0,0,0,0,3,3,0,1,1,1,0,0,0,1,12,2,0,0,1,0,0,1,1,0,3,1,1,0,0,1,0,0,0,0,2,1,0,0,0,1,0,0,0,0,0,0,0,0,0,0,1,0,0,0,1,0,0,0,0,0,0,0,0,0,0
30,0.6,250,0.33,0.9,120,FALSE,TRUE,2000,149,14,0,2,2,4,1,1,1,5,78,2,1,0,0,1,0,0,1,0,0,3,0,1,0,0,0,1,0,0,3,0,0,1,1,1,0,0,0,0,11,3,0,0,0,0,0,0,1,1,4,0,0,0,0,0,0,0,0,0,2,1,0,0,0,1,0,0,0,0,0,0,0,0,0,0,0,0,0,1,0,0,0,0,0,0,0,0,0,0,1
40,0.9,200,0.81,0.6,190,FALSE,FALSE,2000,151,12,2,1,2,5,2,1,0,4,83,1,0,0,0,1,0,0,0,0,1,0,0,1,0,0,0,0,0,1,8,0,0,0,2,0,0,0,0,1,9,3,2,0,1,0,0,0,0,0,1,0,0,0,1,0,1,0,0,0,1,1,0,0,0,0,0,0,0,0,1,0,0,0,0,0,0,0,0,0,2,0,0,0,0,0,0,1,0,0,0
50,0.8,210,0.44,0.8,810,TRUE,FALSE,2000,152,18,1,3,3,4,1,0,0,5,69,2,0,0,1,1,0,0,1,0,2,3,0,0,1,0,0,0,2,0,5,4,0,1,0,3,0,1,0,0,9,0,0,0,0,0,0,0,0,1,1,3,0,0,0,0,0,0,0,1,2,1,0,0,0,0,1,0,0,0,1,0,0,0,0,0,0,0,0,0,2,0,0,0,0,0,0,0,0,0,0
80,0.6,250,0.36,0.5,350,FALSE,FALSE,2000,152,19,1,5,4,4,1,2,1,3,62,2,0,0,1,2,0,0,0,0,4,2,0,2,0,1,0,0,0,0,3,2,0,0,0,4,0,1,0,0,8,0,0,0,0,0,0,1,0,1,3,2,0,0,0,2,1,1,0,0,2,0,0,0,1,0,0,0,0,1,2,0,0,0,0,0,0,0,0,1,1,0,0,0,0,0,0,0,0,0,0
20,0.8,270,0.87,0.4,510,TRUE,TRUE,2000,150,16,0,1,2,6,2,0,3,6,74,2,0,0,0,1,0,2,0,1,0,1,0,0,0,0,1,0,0,0,2,3,1,0,1,0,0,0,0,0,10,1,0,0,1,1,0,0,0,0,2,0,0,0,0,1,0,0,0,0,2,1,0,0,0,0,1,0,0,0,4,0,0,0,0,1,0,0,0,0,1,0,0,0,0,0,0,0,0,0,0
40,0.8,200,0.84,0.8,230,FALSE,TRUE,2000,151,17,1,3,2,5,1,2,2,4,70,4,0,1,0,0,0,0,0,2,0,2,0,0,2,0,0,1,0,0,2,1,0,1,0,0,0,1,0,0,13,2,1,0,0,0,0,0,0,0,3,1,0,0,0,0,0,0,0,0,3,0,0,0,0,1,0,0,0,1,0,1,0,0,0,1,0,0,0,0,1,0,0,0,0,0,0,0,0,0,0
10,0.7,290,0.82,0.6,710,FALSE,TRUE,2000,150,13,2,2,3,9,2,0,1,5,73,0,0,1,1,0,1,1,0,0,1,1,0,0,0,0,1,0,0,1,5,1,2,0,0,5,0,0,0,0,6,1,0,0,0,0,1,0,1,1,1,0,0,0,0,0,0,0,0,0,1,0,0,0,0,0,0,1,0,0,3,0,0,0,1,1,0,0,0,0,1,0,0,0,0,0,0,0,0,0,1
90,0.8,130,0.85,0.8,320,FALSE,FALSE,2000,149,10,1,0,3,8,3,0,2,8,71,3,2,0,0,0,1,0,0,1,2,0,0,0,0,0,0,0,0,0,2,1,0,0,1,0,0,1,0,1,16,0,0,0,2,0,0,0,0,0,0,1,0,0,1,0,0,0,0,0,2,0,0,1,0,0,0,0,0,0,1,0,0,0,0,1,0,0,0,0,2,0,0,0,0,0,0,0,0,1,1
70,0.7,210,0.49,0.7,800,FALSE,FALSE,2000,148,19,1,1,2,1,2,1,0,4,68,1,0,0,2,2,0,2,0,0,0,4,0,0,2,1,0,1,0,0,5,4,0,0,0,1,1,0,0,0,10,2,0,0,1,0,0,1,1,0,4,1,0,1,1,0,0,0,1,0,0,0,0,0,0,0,0,0,0,0,0,0,0,0,0,0,1,0,0,0,0,0,0,0,0,0,0,0,0,0,0
20,0.8,140,0.39,0.9,190,FALSE,TRUE,2000,146,13,2,4,2,7,5,4,0,3,60,1,1,4,0,2,0,0,0,1,1,1,0,0,1,0,0,0,0,0,7,3,1,3,0,2,0,0,0,2,8,1,0,1,1,0,0,0,0,0,0,0,0,0,0,1,0,0,0,0,3,0,0,0,0,0,0,1,0,1,0,0,0,0,0,0,0,0,0,0,0,0,0,0,0,0,0,0,0,0,0
100,0.5,290,0.52,0.9,960,TRUE,FALSE,2000,150,15,0,2,3,8,1,4,2,5,72,1,1,0,0,1,0,0,0,1,1,0,1,0,0,0,0,0,0,0,5,2,0,0,0,1,0,0,1,1,7,1,1,0,1,0,0,0,0,1,3,2,0,0,0,0,0,0,0,0,2,0,0,0,0,2,0,0,0,0,1,0,0,0,0,0,0,0,0,0,0,0,0,0,0,0,0,0,0,1,1
80,0.9,160,1,0.8,640,FALSE,FALSE,2000,150,17,0,1,3,1,3,1,0,4,73,2,1,1,1,0,1,0,0,0,1,3,1,0,0,1,0,1,1,0,12,3,1,0,0,1,0,0,0,0,4,1,0,0,1,0,0,0,0,1,2,2,0,0,0,1,0,0,1,0,2,0,0,0,0,0,0,0,0,1,0,0,0,0,0,0,0,0,0,0,1,0,0,0,0,0,0,0,0,0,0
20,0.7,270,0.86,0.8,320,FALSE,TRUE,2000,149,13,2,2,3,4,2,0,1,4,70,5,1,1,2,0,0,0,1,0,0,3,2,0,0,0,0,1,2,0,8,3,0,0,0,2,0,0,0,1,6,2,0,0,0,1,0,0,0,0,0,1,0,0,1,0,1,1,0,0,1,0,0,0,0,0,0,0,0,0,2,0,0,0,0,0,0,0,0,0,0,0,0,0,0,0,0,0,0,1,0
10,0.5,200,0.32,0.7,190,FALSE,FALSE,2000,149,18,1,2,3,3,0,1,1,4,69,2,2,0,1,1,0,0,0,1,0,6,1,1,1,1,0,1,3,1,7,2,1,0,0,0,0,1,0,0,4,2,0,0,0,0,0,0,0,0,2,1,0,0,0,0,0,1,0,0,3,0,0,0,0,1,0,0,0,0,1,0,0,0,0,0,0,0,0,0,0,0,0,0,0,0,0,0,0,0,0
70,0.9,100,0.7,0.9,350,FALSE,FALSE,2000,149,14,1,3,8,5,2,2,0,6,70,1,0,0,0,1,1,1,0,0,1,2,0,0,0,0,0,0,0,0,3,1,0,0,1,1,0,0,0,0,4,2,0,0,0,0,2,0,1,1,2,1,0,0,0,0,1,0,0,0,2,0,0,0,1,0,0,1,0,0,4,1,0,0,0,0,0,0,0,1,0,0,0,0,0,0,0,0,0,1,1
20,0.6,230,0.93,0.5,190,TRUE,FALSE,2000,150,15,3,1,4,1,1,2,2,6,75,1,0,0,2,0,0,1,0,0,2,2,0,0,0,1,0,0,1,0,9,2,0,0,1,1,0,0,0,0,7,0,2,1,0,0,0,0,0,0,2,0,0,0,0,0,0,0,0,0,1,0,0,0,0,0,0,0,0,0,0,0,0,0,0,1,0,0,0,0,3,0,0,0,0,0,0,0,0,0,1
50,0.7,210,0.84,0.6,420,TRUE,TRUE,2000,152,18,1,1,6,6,3,2,1,5,64,2,1,0,0,1,0,0,0,0,1,4,0,0,0,1,0,1,1,1,9,2,0,3,0,1,0,0,0,0,5,2,1,1,0,1,0,0,0,0,1,0,0,0,1,1,0,0,0,1,1,0,0,0,0,0,0,0,0,0,0,0,0,0,0,0,0,0,0,0,1,0,0,0,0,0,0,0,0,0,2
50,0.9,150,0.83,0.9,960,TRUE,TRUE,2000,150,12,0,0,1,4,0,1,1,3,84,1,1,0,0,0,1,2,0,0,0,0,1,0,1,0,0,0,0,0,14,3,0,0,0,1,0,0,0,2,3,1,0,1,0,2,0,0,0,0,3,1,0,0,0,0,0,0,0,0,1,0,0,0,0,1,0,0,0,0,0,1,0,0,0,0,0,0,0,1,2,0,0,0,0,0,0,0,0,0,1
80,0.9,230,0.48,0.6,510,TRUE,FALSE,2200,146,15,0,1,1,2,3,1,1,2,77,4,0,0,1,1,0,0,0,0,0,1,0,2,0,0,1,0,0,0,5,4,0,0,2,0,0,1,0,2,8,1,0,1,0,0,0,0,0,0,1,0,0,1,0,0,0,0,0,0,2,0,0,0,0,0,1,0,0,0,0,0,1,0,0,0,0,0,0,0,3,0,0,0,0,0,0,0,0,0,1
50,0.6,150,0.93,0.8,410,TRUE,FALSE,2200,146,7,3,1,6,5,3,1,3,5,72,3,1,0,0,0,0,1,0,1,0,0,0,0,0,1,0,0,1,0,5,1,0,0,0,1,0,0,1,2,10,2,1,1,0,1,0,0,0,0,1,0,1,0,0,1,0,0,0,0,1,0,0,0,0,0,0,0,0,0,1,0,0,1,0,0,0,0,0,0,2,0,0,0,0,0,0,0,0,0,0
60,0.8,210,0.43,0.6,830,FALSE,FALSE,2200,142,10,1,2,0,4,2,1,1,4,75,0,1,1,1,2,0,0,0,0,0,2,0,3,0,0,0,0,0,0,3,2,0,0,0,0,0,1,0,0,16,0,0,0,0,0,0,0,0,0,1,1,0,0,0,1,0,0,0,0,1,0,0,0,0,0,0,0,0,0,2,0,0,0,0,0,1,0,0,0,1,0,0,0,0,0,0,0,0,1,1
80,0.5,130,0.77,0.6,810,FALSE,TRUE,2200,141,11,3,1,3,6,0,0,5,5,71,1,1,0,0,0,0,2,2,0,2,0,0,0,0,0,0,0,0,0,2,0,1,1,1,0,0,1,0,1,10,1,0,0,0,0,0,0,0,1,1,0,0,1,0,0,0,0,0,0,1,2,0,0,0,0,1,0,0,0,2,0,0,0,0,0,0,0,0,0,1,0,0,0,0,0,0,0,0,0,1
40,0.9,120,0.42,0.3,700,FALSE,TRUE,2200,136,12,0,1,0,2,3,0,0,1,78,2,0,0,0,1,0,0,0,1,0,1,0,0,1,0,0,0,0,0,4,1,0,0,1,0,0,0,0,1,12,2,1,1,0,1,1,0,0,0,1,0,0,0,0,0,0,0,0,0,1,0,0,1,0,0,0,1,0,0,1,1,0,0,0,0,0,0,0,0,0,0,0,0,1,0,1,0,0,0,1
80,0.7,220,0.86,0.9,830,TRUE,FALSE,2200,146,10,3,0,3,4,0,2,2,1,81,2,1,0,0,0,0,0,2,0,2,1,0,0,0,0,0,0,0,1,2,1,0,0,1,0,0,0,0,0,15,2,0,0,0,1,0,0,0,1,2,1,0,0,0,0,0,1,0,0,0,0,0,0,0,1,1,0,0,0,1,0,0,0,0,0,0,0,0,0,1,0,0,0,0,0,0,0,0,0,1
90,0.8,130,0.47,0.7,280,TRUE,TRUE,2200,146,9,2,1,0,4,2,2,0,2,80,1,1,0,1,0,1,1,0,0,4,1,0,0,0,0,0,0,0,1,5,2,1,0,1,0,0,0,1,2,12,0,0,0,0,1,0,0,0,0,2,1,1,0,0,1,0,0,0,0,2,0,0,0,0,0,0,0,0,0,1,0,0,0,1,0,0,0,0,0,0,0,0,0,0,0,0,0,0,0,0
20,0.6,300,0.71,0.8,570,TRUE,FALSE,2200,146,18,1,0,2,5,1,0,0,4,72,2,0,0,1,1,1,0,0,0,0,1,0,0,0,1,0,0,0,1,4,5,0,0,0,3,0,0,0,0,8,0,0,0,2,0,2,0,0,0,2,3,0,1,0,0,0,0,0,0,1,0,0,0,0,0,0,0,0,0,2,0,0,0,0,0,1,0,0,0,0,0,0,0,0,0,0,0,0,1,1
60,0.8,220,0.86,0.8,950,FALSE,FALSE,2200,141,13,1,1,0,5,1,1,1,1,77,2,0,1,0,2,0,0,0,0,0,0,1,0,0,0,0,0,0,0,8,5,0,1,0,0,0,0,0,1,7,0,0,0,1,1,1,0,0,0,4,0,0,0,1,1,0,0,0,0,1,0,0,0,0,0,0,0,0,0,1,0,0,0,0,1,0,0,0,0,1,0,0,0,0,0,0,0,0,0,0
30,0.5,120,0.8,0.4,650,TRUE,FALSE,2200,143,15,0,1,0,3,3,0,0,2,78,0,2,0,0,1,0,0,0,1,0,5,0,0,2,0,0,0,0,1,5,3,0,0,0,0,0,0,0,0,10,0,0,1,1,0,0,0,0,0,1,1,0,0,0,0,0,1,0,1,1,0,0,0,0,1,0,2,0,0,1,1,0,0,0,0,0,0,0,0,0,0,0,0,0,0,0,0,0,0,0
20,0.5,270,0.32,0.3,920,FALSE,FALSE,2200,142,12,0,2,3,3,4,1,1,3,74,2,0,0,0,1,0,0,0,1,0,0,0,1,0,0,0,0,1,1,4,6,0,1,0,0,0,0,0,0,10,2,1,0,0,2,0,0,0,0,2,0,0,0,0,0,0,0,0,0,0,0,0,0,0,0,0,0,0,0,1,0,0,0,0,0,0,0,0,0,1,0,0,0,0,1,0,0,0,1,1
80,0.7,220,0.92,0.5,820,TRUE,FALSE,2200,142,7,3,1,3,6,0,2,0,6,79,1,0,0,0,1,0,0,0,0,1,0,0,1,0,0,0,0,0,0,8,2,0,1,0,0,0,0,0,0,8,0,1,0,0,0,0,0,2,0,4,0,0,0,0,0,0,0,1,0,2,0,0,0,0,0,1,0,0,0,1,0,0,0,0,0,0,0,0,0,1,0,0,0,0,0,0,0,0,0,0
90,0.6,250,0.44,0.3,530,FALSE,FALSE,2200,149,9,0,3,0,5,2,2,3,1,83,4,0,1,1,1,0,0,0,0,0,2,0,1,0,0,0,0,0,0,9,1,0,0,1,1,0,1,0,0,3,0,0,1,1,0,0,0,0,0,4,1,0,0,0,0,0,0,0,0,2,0,0,0,0,0,1,0,0,0,3,1,0,0,0,0,0,0,0,0,1,0,0,0,0,0,0,0,0,0,1
30,0.9,200,0.45,0.7,930,TRUE,FALSE,2200,138,11,0,2,0,4,1,1,0,1,78,1,2,1,0,0,0,0,0,1,1,1,1,0,0,1,0,1,0,1,14,0,0,0,1,0,1,0,0,0,1,2,1,0,0,1,0,0,0,0,3,1,0,0,0,0,1,0,0,0,3,0,0,0,0,0,1,0,0,0,0,0,0,0,0,0,0,0,0,0,0,0,0,0,0,0,0,0,0,0,0
60,0.7,230,0.36,0.3,520,TRUE,TRUE,2200,146,11,2,1,2,3,2,1,0,3,82,1,1,0,1,0,0,0,1,1,0,2,0,0,0,0,0,1,0,1,7,2,0,0,1,0,0,0,0,0,4,1,0,1,0,1,0,0,0,1,1,1,0,0,0,0,0,0,0,1,4,0,1,0,0,1,0,0,0,1,1,0,0,0,0,0,0,0,0,0,1,0,0,0,0,0,0,0,0,0,1
40,0.6,120,0.68,0.6,460,FALSE,TRUE,2200,146,13,2,3,1,3,2,1,0,3,74,2,1,2,0,0,1,0,0,0,0,0,1,0,1,1,2,0,0,1,5,3,2,0,0,1,0,0,0,1,7,1,0,1,1,1,0,0,1,0,3,0,0,0,0,0,0,0,0,0,1,1,0,0,0,0,2,0,0,0,1,0,0,0,0,0,0,0,0,0,0,0,0,0,0,0,0,0,0,1,0
90,0.9,110,0.9,0.4,700,TRUE,TRUE,2200,136,13,0,1,4,4,3,1,3,1,73,0,0,0,0,1,0,0,0,1,0,2,0,1,0,0,0,0,0,0,5,2,0,1,0,1,0,0,0,2,6,0,0,0,2,0,0,0,1,0,1,0,0,1,0,0,0,0,0,0,2,0,0,0,0,1,0,0,0,0,1,0,0,0,0,0,0,0,0,0,3,0,0,0,0,0,0,0,0,0,0
10,0.8,140,0.86,0.3,200,TRUE,FALSE,2200,138,7,4,0,3,7,0,1,3,2,73,2,1,0,0,0,0,0,2,1,1,1,0,0,0,0,0,0,0,0,10,1,1,1,1,0,0,0,0,1,3,2,0,0,0,0,0,0,0,0,1,0,0,0,0,0,0,0,0,0,2,0,0,0,0,0,0,0,0,2,1,0,0,0,0,1,0,0,0,0,2,0,0,0,0,0,0,0,0,0,2
40,0.8,150,0.45,0.3,150,FALSE,TRUE,2200,144,10,3,2,2,3,3,1,1,4,73,4,0,0,0,0,0,0,0,2,1,3,1,0,0,0,0,0,0,0,9,0,0,0,1,1,0,1,0,1,3,1,0,1,0,1,0,0,0,0,2,0,0,0,0,1,1,0,0,1,2,2,0,1,0,0,0,0,0,1,1,0,0,0,0,0,0,0,0,0,0,0,0,0,0,0,0,0,0,0,1
10,0.6,250,0.57,0.8,780,FALSE,TRUE,2200,139,10,2,2,4,4,3,1,1,3,71,0,2,0,0,0,0,1,1,0,3,0,1,0,0,1,0,0,1,0,4,0,0,0,0,0,1,0,0,1,8,1,0,0,1,0,1,1,2,0,2,1,0,0,0,1,0,0,0,0,1,0,0,0,0,1,0,0,0,0,1,0,0,0,0,0,0,0,0,0,1,0,0,1,0,0,0,0,0,0,0
60,0.9,220,0.49,0.9,880,FALSE,TRUE,2200,146,15,0,3,2,5,0,1,2,4,66,5,1,1,0,0,1,1,0,1,0,3,2,0,0,0,1,0,1,0,6,4,0,0,1,1,0,0,0,0,9,1,0,0,0,0,0,1,0,1,0,2,0,1,0,0,0,0,0,0,3,0,0,0,0,0,0,0,1,0,0,0,0,0,0,1,0,0,0,0,0,0,0,0,0,0,0,0,0,0,0
10,0.8,230,0.68,0.5,800,FALSE,FALSE,2200,140,13,0,0,0,5,0,1,1,3,77,4,1,0,1,0,0,0,0,0,0,2,1,0,0,1,0,1,0,0,2,2,0,1,0,0,0,0,0,0,14,0,0,0,0,0,0,0,0,0,3,0,0,0,0,0,0,1,0,0,0,2,0,0,0,0,1,0,0,0,0,0,0,0,0,0,1,0,0,0,1,0,0,0,0,0,0,0,0,0,2
80,0.7,250,0.81,0.6,1000,TRUE,FALSE,2200,146,15,1,1,2,3,3,0,0,3,70,1,0,1,0,2,1,2,0,0,0,2,1,1,1,0,1,1,1,0,6,3,0,0,0,0,0,0,1,1,8,1,2,0,0,2,0,1,0,0,1,1,1,0,0,0,0,0,0,0,2,0,0,0,0,0,0,0,0,0,1,0,0,0,0,0,0,0,0,0,2,0,0,0,0,0,0,0,0,0,1
20,0.7,170,0.31,0.3,130,FALSE,FALSE,2200,144,9,1,2,1,4,3,0,0,4,77,1,0,1,0,0,0,2,0,0,3,0,0,0,0,0,0,0,0,1,6,2,0,0,1,0,0,0,0,0,12,1,1,0,0,1,0,0,0,0,2,0,1,0,0,1,0,0,0,0,1,1,0,0,0,0,1,0,0,0,1,0,0,0,0,0,1,0,0,1,1,0,0,0,0,0,0,0,0,1,0
70,0.7,250,0.64,0.3,710,FALSE,FALSE,2200,145,15,2,0,5,4,1,2,2,7,70,2,0,0,0,0,0,0,0,0,0,3,0,0,1,0,0,1,0,1,5,3,0,0,0,1,1,0,0,0,10,0,0,0,0,1,0,0,0,0,3,2,0,0,0,0,0,0,0,0,0,0,0,0,0,1,0,1,0,0,1,0,0,0,0,0,0,0,0,0,1,0,0,0,0,0,0,0,0,0,0
50,0.8,260,0.59,0.5,910,FALSE,FALSE,2200,148,7,0,4,1,7,5,0,0,2,76,1,1,0,0,1,2,0,0,0,0,3,0,1,0,1,0,1,0,0,3,2,2,1,0,1,0,0,0,1,12,1,0,0,0,1,1,0,0,0,4,0,1,0,1,0,0,0,0,0,1,0,0,0,0,0,0,0,0,0,0,0,0,0,0,1,0,0,0,0,2,0,0,0,0,0,0,0,0,1,0
30,0.8,120,1,0.7,230,FALSE,FALSE,2200,134,9,0,0,4,4,2,0,2,4,74,2,0,1,1,0,0,0,0,1,0,2,1,0,0,0,0,0,0,0,2,1,0,1,0,0,0,0,0,0,12,1,0,0,1,2,1,0,0,0,0,0,0,0,0,1,0,0,0,0,1,0,0,0,0,0,0,0,0,1,1,0,0,0,0,0,0,0,0,0,0,0,0,0,1,1,0,0,0,0,1
20,0.5,270,0.95,0.3,910,TRUE,FALSE,2200,140,9,1,2,2,5,2,1,1,2,73,3,1,1,1,1,0,0,1,2,0,0,0,1,0,0,1,0,0,0,4,3,0,0,1,0,0,1,0,1,9,1,0,0,0,0,0,0,1,0,2,1,0,0,0,0,0,0,1,0,2,0,0,0,2,0,0,1,0,1,0,0,0,0,0,0,0,0,0,0,0,0,0,0,0,0,0,0,0,0,0
50,0.6,160,1,0.9,950,TRUE,FALSE,2200,137,11,1,2,3,4,3,0,1,2,71,2,0,0,0,1,0,0,1,0,2,2,0,0,0,2,1,0,0,0,4,2,0,1,0,2,0,0,0,2,9,1,0,0,0,0,0,0,0,1,0,1,0,0,0,0,1,1,0,0,1,0,0,0,0,0,0,0,0,0,1,0,0,0,0,0,0,0,0,0,1,1,0,0,0,0,0,0,0,0,0
80,0.7,270,0.93,0.6,460,FALSE,FALSE,2200,142,14,0,0,3,4,3,2,1,2,72,3,0,0,0,1,0,1,0,0,0,3,0,2,0,1,0,0,0,0,3,2,0,0,0,0,0,0,0,0,8,1,0,0,2,0,1,0,1,0,2,0,0,0,0,0,0,0,0,0,5,1,0,0,0,0,0,0,0,0,0,0,0,0,0,0,0,0,0,0,4,0,0,0,1,0,0,0,0,0,0
70,0.6,240,0.83,0.8,790,TRUE,TRUE,2200,146,15,0,3,5,5,3,1,0,6,67,0,1,1,1,0,0,0,0,0,0,0,1,0,0,1,0,1,1,1,11,2,0,0,1,0,2,0,0,1,3,2,0,1,0,1,0,0,0,1,1,0,0,0,0,0,2,0,1,0,3,0,0,0,0,0,0,0,0,0,1,0,0,0,0,0,0,0,0,0,1,0,0,0,0,0,0,0,0,0,0
10,0.7,110,0.46,0.9,430,TRUE,TRUE,2200,139,12,1,2,0,7,0,2,4,1,69,5,1,0,0,0,1,1,0,1,0,0,0,1,0,0,0,0,0,1,5,3,0,1,0,0,0,0,0,0,7,0,0,1,0,0,1,0,0,0,3,1,0,0,0,0,0,0,0,0,0,1,0,1,0,0,1,0,0,0,1,0,0,0,0,0,0,0,0,0,4,0,0,0,0,0,0,0,0,0,1
10,0.5,190,0.84,0.3,840,TRUE,FALSE,2200,135,12,0,0,1,4,0,0,2,3,76,3,1,0,0,0,0,0,0,0,0,2,0,0,0,1,2,0,0,0,12,2,0,1,1,0,0,0,0,0,5,0,0,0,0,1,0,0,0,0,1,2,0,0,0,0,0,0,0,0,1,0,0,0,0,0,0,0,0,0,0,0,0,0,0,0,0,0,0,0,0,0,0,0,0,0,1,0,0,0,2
70,0.6,210,0.86,0.6,780,FALSE,TRUE,2200,144,8,2,1,7,6,1,2,2,6,69,1,1,1,1,0,0,0,0,0,0,2,0,0,0,0,1,0,0,1,8,1,0,1,0,0,1,0,0,2,7,1,0,0,0,0,0,0,0,0,4,2,0,0,0,0,0,0,0,0,3,0,0,0,0,0,0,0,0,1,0,0,0,0,0,0,1,0,0,0,0,0,0,0,0,0,0,0,0,0,1
20,0.7,190,0.38,0.6,300,FALSE,TRUE,2200,142,16,1,1,3,4,1,1,1,5,66,1,1,0,3,0,0,1,1,0,0,5,0,3,2,1,0,0,0,0,7,1,0,0,0,0,1,0,0,0,8,1,0,0,0,0,0,1,0,0,0,0,0,1,0,0,0,0,0,0,1,0,0,0,0,0,0,0,0,0,0,0,0,0,0,1,0,0,0,0,3,0,0,0,0,0,0,0,0,0,1
20,0.5,190,0.71,0.8,320,TRUE,TRUE,2200,145,17,1,1,1,5,4,0,0,2,70,1,1,1,0,3,1,0,0,2,0,3,0,1,0,0,0,0,0,1,8,1,0,0,1,1,0,0,1,1,5,3,0,0,0,0,0,0,0,1,1,1,0,1,1,0,0,0,0,0,2,0,0,0,1,0,1,0,0,0,0,0,0,0,0,0,0,0,0,0,0,1,0,0,0,0,0,0,0,0,0
30,0.6,200,0.67,0.4,130,TRUE,TRUE,2200,138,11,1,0,3,2,2,0,2,2,80,2,0,1,0,0,0,0,0,0,0,2,0,0,0,1,0,0,0,1,4,0,1,0,1,0,0,0,0,1,8,2,0,0,0,0,0,0,0,0,1,0,0,0,0,0,0,0,0,0,2,1,0,0,0,1,0,0,0,1,2,0,0,0,0,0,1,1,0,0,0,0,0,0,1,0,0,0,0,0,1
20,0.9,280,0.52,0.5,710,TRUE,TRUE,2200,143,8,1,0,7,9,2,0,3,6,73,0,0,1,0,1,0,1,0,0,1,1,0,0,1,1,0,0,0,0,6,1,0,1,0,1,0,0,0,0,10,0,0,1,0,0,0,1,0,0,0,0,0,0,0,1,0,0,0,0,1,0,0,0,0,0,0,0,0,0,0,0,0,0,0,1,0,0,0,0,2,0,0,1,0,0,0,1,0,0,0
30,0.9,200,0.46,0.5,750,TRUE,TRUE,2200,145,11,2,2,2,5,2,2,1,1,75,2,1,2,1,1,0,1,0,1,1,2,0,0,0,0,0,1,0,0,2,1,0,0,0,0,0,0,0,1,7,3,0,0,1,1,1,0,0,0,3,0,0,0,0,0,0,0,0,0,2,0,0,0,1,0,1,0,0,0,1,0,0,0,0,1,0,0,0,1,2,0,0,0,0,0,0,0,0,0,1
90,0.5,240,0.41,0.7,820,TRUE,FALSE,2200,139,8,3,0,1,5,1,0,1,3,79,1,0,0,2,1,0,0,1,0,2,1,0,0,0,0,0,0,0,0,8,1,0,1,2,0,0,0,1,0,9,1,1,0,0,0,0,0,0,1,1,0,0,0,0,0,0,0,0,0,3,0,0,0,0,1,0,0,0,0,0,0,0,0,0,0,1,0,0,0,0,0,0,0,0,0,0,0,0,0,0
90,0.5,220,0.75,0.7,670,FALSE,TRUE,2200,144,16,2,0,4,3,3,1,0,3,69,3,1,1,0,0,1,1,0,0,0,1,0,0,0,0,1,0,0,1,3,3,0,0,0,0,0,0,1,0,11,1,0,0,1,2,1,0,0,0,3,2,0,0,0,1,0,0,0,0,1,0,0,0,0,0,0,0,0,0,1,0,0,0,0,0,0,0,0,0,3,0,0,0,0,0,0,0,0,0,0
60,0.8,290,0.57,0.9,390,FALSE,TRUE,2200,141,14,1,0,1,3,2,0,0,6,74,0,1,1,0,0,0,0,0,1,1,3,0,0,0,1,2,0,0,0,3,2,0,1,0,0,1,0,0,0,13,0,0,1,0,0,0,0,0,0,0,1,0,1,0,1,0,0,0,0,1,1,0,0,0,0,0,0,0,0,1,0,0,0,0,0,0,0,0,0,0,0,0,0,0,0,1,0,0,1,2
70,0.5,220,0.39,0.6,770,FALSE,TRUE,2200,145,14,0,0,4,4,2,0,1,4,71,2,0,1,1,0,0,1,0,0,0,2,1,0,0,1,1,1,0,1,2,4,0,0,0,0,1,0,0,1,11,3,0,1,0,0,0,0,0,0,4,1,0,0,0,2,0,0,0,1,0,0,0,0,0,0,1,0,0,0,1,1,0,0,0,0,0,0,0,0,0,0,0,0,0,0,0,0,0,0,0
30,0.5,280,0.44,0.9,940,TRUE,FALSE,2200,148,7,3,2,3,5,2,0,1,4,79,5,0,0,0,0,0,0,1,0,1,0,0,0,0,3,0,0,0,0,1,0,2,0,1,0,0,0,1,1,13,1,0,0,1,0,0,1,0,0,3,0,1,1,0,0,0,0,0,0,2,0,0,0,0,0,0,0,0,1,1,0,0,0,0,0,1,0,0,0,0,0,0,0,0,0,0,0,0,0,1
90,0.6,100,0.35,0.5,860,TRUE,TRUE,2200,139,12,0,0,1,5,0,1,1,3,79,2,0,1,0,1,0,2,0,0,0,1,0,0,1,0,0,0,0,0,2,2,0,0,1,0,0,0,0,0,11,1,0,1,0,0,0,0,0,0,3,0,0,0,0,0,0,1,0,0,1,0,0,0,0,1,0,0,0,0,0,1,0,0,0,0,1,0,0,1,2,0,0,0,0,0,0,0,0,0,1
20,0.7,100,0.31,0.8,610,FALSE,FALSE,2200,139,9,1,1,1,3,2,1,1,0,77,1,0,0,1,1,0,0,0,0,2,1,2,0,1,0,0,0,0,0,9,3,0,1,1,1,0,0,0,1,10,0,0,1,0,0,0,0,0,0,0,2,0,0,0,0,0,0,0,1,1,0,0,0,0,0,0,0,0,0,1,0,0,0,0,1,0,0,0,0,2,0,0,0,0,0,0,0,0,0,0
20,0.8,180,0.98,0.3,1000,FALSE,FALSE,2200,140,9,2,1,1,2,3,0,1,5,77,1,0,0,2,1,0,1,0,0,0,1,0,1,0,0,0,0,0,0,4,4,0,0,1,1,0,0,0,2,13,1,1,0,0,0,0,0,0,0,2,0,0,0,0,0,0,1,0,0,0,0,0,0,0,0,0,1,0,0,1,0,0,0,0,0,0,0,0,0,0,0,0,0,0,0,0,0,0,1,0
70,0.7,140,0.95,0.9,920,TRUE,FALSE,2200,141,13,1,2,4,6,1,2,0,6,72,0,0,0,0,1,0,1,0,0,1,2,1,0,1,0,0,0,0,0,4,1,0,0,1,1,0,0,1,1,6,1,1,0,1,1,0,0,0,0,1,0,0,0,0,0,0,0,0,0,2,0,0,0,0,0,0,0,0,0,2,0,0,0,0,0,0,0,0,1,1,0,0,0,0,0,1,0,0,0,1
90,0.9,270,0.44,0.5,810,TRUE,FALSE,2200,141,14,0,2,3,4,0,1,2,4,69,2,0,0,0,1,0,1,0,0,2,2,0,0,0,1,1,0,1,0,7,2,1,0,0,1,0,0,0,0,8,0,1,1,0,0,0,0,0,0,1,2,0,0,0,0,0,0,0,0,3,0,0,0,0,0,1,0,0,1,2,0,0,0,0,0,0,0,0,0,0,0,0,0,0,0,0,0,0,1,0
80,0.9,300,0.53,0.5,170,FALSE,FALSE,2200,146,11,2,2,4,2,3,0,2,2,78,2,0,0,0,1,0,0,0,0,0,2,0,1,1,0,0,0,2,0,6,2,0,0,0,0,1,0,0,0,11,1,0,0,3,0,0,0,0,0,2,0,0,0,0,0,1,0,0,1,1,0,0,0,0,0,0,0,0,0,0,1,0,0,0,0,0,0,0,0,1,0,0,0,0,1,0,0,0,0,0
60,0.5,280,0.65,0.8,380,TRUE,FALSE,2200,146,12,1,0,1,7,1,2,2,3,75,3,0,0,1,0,1,1,0,0,0,4,0,0,0,0,0,0,0,0,5,2,1,1,0,1,0,0,0,0,13,2,0,0,0,0,0,0,0,1,1,0,0,1,0,0,0,0,0,0,2,0,0,0,0,0,1,0,0,0,0,0,0,0,0,0,0,0,0,0,1,0,0,0,0,0,0,0,0,0,1
90,0.8,220,0.59,0.8,930,FALSE,FALSE,2200,139,5,2,1,1,8,0,0,1,6,80,1,0,0,2,0,0,0,1,0,1,0,0,0,0,0,0,0,0,0,6,0,1,1,0,0,0,0,0,2,10,0,0,1,0,0,0,1,1,0,2,0,0,0,0,0,0,0,0,0,1,0,0,0,0,0,0,0,0,0,1,0,0,0,0,1,0,1,0,0,1,0,0,0,0,0,1,0,0,0,0
100,0.5,270,0.62,0.5,390,TRUE,TRUE,2200,145,18,2,1,5,4,3,0,2,3,66,0,0,0,0,1,1,1,0,1,1,3,0,0,0,0,2,0,0,0,8,3,2,0,1,2,1,0,0,0,4,2,0,0,0,0,1,0,0,0,0,0,0,0,0,0,0,1,0,0,2,0,0,0,0,0,0,1,0,0,1,0,0,0,0,1,0,0,0,0,1,0,0,0,0,0,0,0,0,0,1
90,0.6,270,0.74,0.9,930,TRUE,TRUE,2200,141,6,3,0,4,2,2,0,1,2,80,1,1,0,1,0,0,0,1,0,2,1,0,0,1,0,0,0,0,0,15,1,0,0,0,1,0,0,0,0,2,1,2,0,0,0,0,0,0,0,2,1,0,0,0,1,1,0,0,0,4,0,0,0,0,1,0,0,0,0,0,0,0,0,0,0,0,0,1,0,1,0,0,0,0,0,0,0,0,0,0
70,0.7,190,0.59,0.7,410,TRUE,TRUE,2200,150,17,1,1,3,5,2,2,0,0,73,2,2,0,0,1,2,0,0,0,0,1,1,0,0,2,0,0,0,0,7,3,0,0,0,0,0,1,0,2,6,2,0,0,2,1,0,0,0,0,1,0,0,1,0,0,0,0,0,1,5,0,0,0,0,1,0,0,0,0,0,0,0,0,0,0,0,0,0,0,2,0,0,0,0,0,0,0,0,0,1
80,0.5,220,0.34,0.4,550,TRUE,FALSE,2200,143,9,2,2,2,2,3,2,2,1,77,2,0,1,1,1,0,0,0,0,2,1,1,0,0,0,0,0,0,1,9,2,0,0,0,1,1,0,0,0,7,0,0,0,0,0,0,0,0,0,5,0,0,0,0,0,0,1,0,0,3,0,0,0,0,1,0,0,0,0,1,0,0,0,0,0,0,0,0,0,1,0,0,0,0,0,0,0,0,0,0
80,0.9,250,0.88,0.7,850,FALSE,TRUE,2200,146,8,2,2,3,5,1,2,3,5,78,1,0,1,0,1,0,1,0,0,1,0,0,0,0,0,0,0,0,0,10,1,0,1,0,0,0,0,0,0,10,1,0,1,0,0,0,1,0,0,1,0,0,0,0,0,0,0,0,0,2,0,0,0,1,1,0,0,0,0,1,1,0,0,0,1,0,0,0,0,0,0,0,0,0,0,0,0,0,0,0
80,0.9,220,0.54,0.9,260,FALSE,FALSE,2200,144,11,3,0,1,3,2,0,1,3,78,2,0,1,0,1,2,0,0,0,3,2,0,0,0,0,0,0,0,0,5,2,0,1,0,0,0,0,0,1,7,1,0,0,1,1,0,0,0,1,3,2,0,0,0,1,0,0,0,0,3,0,0,0,0,0,0,0,0,0,0,0,0,0,0,0,0,0,0,0,1,0,0,0,0,0,1,0,0,1,0
50,0.5,300,0.87,0.3,660,FALSE,FALSE,2200,147,15,1,1,4,5,1,2,0,2,71,5,0,1,0,0,0,2,0,0,0,2,0,0,1,0,0,0,0,0,5,3,0,0,0,2,2,0,1,0,10,4,0,0,0,1,0,0,0,0,2,0,0,0,0,0,0,0,0,0,2,0,0,0,0,1,0,0,0,0,2,0,0,0,0,0,0,0,0,0,0,0,0,0,0,0,0,0,0,0,0
90,0.6,210,0.71,0.3,180,TRUE,FALSE,2200,143,10,3,2,0,5,2,0,1,1,78,1,0,0,1,0,0,0,0,1,1,3,0,0,0,0,0,0,0,0,8,2,2,0,0,0,0,0,0,0,9,2,1,0,1,1,2,0,0,0,0,0,0,0,0,0,0,0,0,0,2,0,0,0,0,0,0,0,0,1,0,0,0,0,0,1,0,0,0,0,3,0,0,0,0,0,0,0,0,0,0
70,0.8,200,0.49,0.5,310,FALSE,TRUE,2200,142,10,1,1,2,10,0,1,2,4,70,2,1,0,0,3,1,0,0,0,1,1,0,0,0,0,0,0,0,0,3,1,0,1,0,2,0,0,0,1,13,1,0,0,1,0,0,0,0,0,0,0,0,0,1,1,0,0,1,0,3,0,0,0,0,1,0,0,0,0,1,1,0,0,0,0,0,0,0,0,0,0,0,0,0,0,0,0,0,1,0
100,0.6,300,0.58,0.9,630,FALSE,FALSE,2200,137,14,2,0,2,2,1,1,1,4,71,1,0,1,0,1,0,0,0,0,1,1,0,1,0,0,0,0,1,0,5,3,0,0,0,0,0,0,0,0,10,0,0,0,0,2,0,1,0,0,3,1,1,0,0,0,0,0,0,0,3,0,0,0,0,0,0,0,0,0,1,1,0,0,0,1,0,0,0,0,1,0,0,0,0,0,0,0,0,0,0
70,0.5,150,0.61,0.4,950,TRUE,FALSE,2200,142,9,1,0,2,5,2,0,1,6,79,2,0,2,0,0,0,0,0,0,0,2,0,0,1,0,1,0,0,0,2,4,1,0,0,2,0,0,0,0,12,0,0,1,0,0,1,0,0,1,2,0,0,0,0,0,0,0,0,0,0,0,0,0,0,0,1,0,0,0,0,0,0,0,0,0,0,0,0,1,1,0,0,0,0,0,0,0,0,1,0
40,0.9,210,0.56,0.4,280,TRUE,FALSE,2200,144,10,3,1,1,4,3,0,0,3,79,2,0,0,0,1,0,0,0,0,1,1,0,0,0,1,0,0,0,0,2,0,0,0,1,1,0,1,0,0,12,2,0,0,2,0,0,0,0,0,2,2,0,0,1,0,0,2,0,0,3,0,0,0,0,0,0,0,0,0,1,0,0,0,0,0,0,0,0,0,3,0,0,0,0,0,0,0,0,0,0
100,0.8,280,0.56,0.7,170,FALSE,FALSE,2200,140,14,1,0,1,5,1,1,2,0,71,2,0,0,2,1,2,0,0,0,0,3,1,0,1,0,0,0,0,0,3,2,0,0,1,0,1,0,0,2,11,0,0,0,0,0,0,0,0,0,3,1,1,0,1,0,1,0,0,0,0,0,0,0,0,1,0,0,0,0,2,0,0,0,0,0,1,0,0,1,1,0,0,0,0,0,0,0,0,0,0
80,0.5,280,0.96,0.5,1000,FALSE,TRUE,2200,140,12,1,1,3,5,3,1,0,3,69,2,0,1,0,3,0,0,0,0,1,0,1,0,0,1,0,0,0,0,8,3,0,0,1,0,0,0,1,0,9,2,0,0,1,1,0,0,0,1,3,0,0,0,0,0,0,0,0,0,2,0,0,0,0,0,0,0,0,0,0,0,0,0,0,0,1,0,0,0,0,0,0,0,0,0,0,0,0,1,0
20,0.8,210,0.33,0.9,110,TRUE,FALSE,2200,140,13,0,1,2,6,1,1,1,3,73,0,1,1,1,0,0,0,0,0,0,2,0,0,1,1,0,1,0,0,6,3,0,0,1,0,0,0,0,2,8,2,0,0,1,0,2,0,0,0,1,0,0,0,0,1,0,1,0,0,0,0,0,0,0,0,0,0,0,0,0,0,0,0,0,0,0,0,0,0,4,0,0,0,0,0,0,0,0,0,0
40,0.9,220,0.77,0.8,790,FALSE,FALSE,2200,139,9,1,1,4,4,0,3,1,2,74,3,0,0,1,0,0,0,0,1,0,1,1,1,0,0,0,1,0,0,9,1,0,0,0,1,1,0,0,0,6,4,0,0,1,0,0,0,0,0,1,0,1,0,0,1,0,0,0,0,1,0,0,0,0,1,0,0,0,1,2,0,0,0,0,0,0,0,0,0,0,0,0,0,0,0,0,0,0,1,0
50,0.7,110,0.54,0.7,140,FALSE,FALSE,2200,142,13,1,1,1,4,1,0,1,3,75,2,0,1,1,1,0,0,0,0,1,5,0,0,0,1,0,0,0,0,11,1,1,0,0,0,0,1,0,0,8,0,0,1,0,0,0,0,0,1,2,0,0,0,0,0,0,1,0,0,1,1,0,0,0,0,0,0,0,0,0,0,0,0,0,0,0,0,0,0,2,0,0,0,0,0,0,0,0,0,0
30,0.8,240,0.96,0.5,530,TRUE,TRUE,2200,145,10,1,2,3,7,1,3,1,1,78,0,0,1,1,1,0,0,0,0,0,3,1,0,0,0,0,0,1,0,9,2,0,0,0,1,1,0,1,2,3,0,0,0,0,0,1,0,0,0,3,0,0,0,0,3,0,0,0,0,2,0,0,0,0,1,0,0,0,0,1,0,0,0,0,0,1,0,0,0,0,0,0,0,0,0,0,0,0,0,0
20,0.7,130,0.34,0.4,870,TRUE,FALSE,2200,139,13,1,0,1,5,1,0,1,2,76,1,0,0,0,1,0,0,0,0,1,3,0,0,1,0,0,0,1,1,11,2,0,1,0,0,0,0,0,0,4,0,0,0,0,0,0,0,0,0,1,1,0,0,0,0,0,1,0,0,2,0,0,0,0,1,0,0,0,1,1,1,0,0,0,1,0,0,0,0,1,0,0,0,0,0,0,0,0,1,1
10,0.6,100,0.52,0.6,200,TRUE,TRUE,2200,147,14,1,1,3,3,4,0,1,5,74,3,0,0,0,1,0,1,0,0,1,3,0,0,0,0,0,0,0,0,9,1,0,0,0,0,0,0,0,2,8,0,1,2,0,0,0,0,0,0,2,2,0,0,0,0,1,0,0,0,0,0,0,0,0,1,1,0,0,0,0,0,0,0,0,0,1,0,0,0,2,0,0,0,0,0,0,0,0,0,0
70,0.7,130,0.44,0.6,750,TRUE,TRUE,2200,142,15,3,0,2,4,2,1,1,2,70,4,0,0,0,2,1,1,0,0,0,3,0,0,1,0,1,0,0,0,7,0,0,0,1,0,0,0,0,0,7,2,0,0,0,2,0,0,0,0,3,0,0,0,0,1,0,0,0,0,1,1,0,0,0,0,0,0,0,0,0,0,0,0,0,0,1,0,0,1,0,0,0,0,0,0,0,0,0,0,3
60,0.7,230,0.35,0.4,420,FALSE,TRUE,2200,139,11,1,1,3,9,1,0,1,6,66,0,2,0,0,1,3,2,0,0,0,2,0,0,0,1,1,0,0,0,7,3,0,0,1,1,0,1,0,1,8,0,0,0,0,0,0,0,0,0,1,0,0,0,1,0,0,0,0,0,1,0,0,0,0,0,0,0,0,0,2,0,0,0,0,0,0,0,0,0,1,0,0,0,0,0,1,0,0,0,0
50,0.7,150,0.69,0.6,700,TRUE,TRUE,2200,138,13,0,0,1,2,2,1,1,3,73,1,0,1,1,1,0,0,0,1,0,3,2,1,0,0,1,1,0,0,7,2,0,1,0,0,0,0,0,0,9,0,0,0,0,1,0,0,0,0,3,1,0,0,0,0,0,0,0,0,2,0,0,0,0,0,0,0,0,0,0,1,0,0,0,1,0,0,0,0,1,0,0,0,0,0,0,0,0,0,1
10,0.7,280,0.49,0.9,450,FALSE,FALSE,2200,140,5,4,1,5,6,1,1,1,4,78,0,0,0,0,0,0,0,0,0,1,0,0,0,0,0,0,0,0,1,10,0,1,0,0,1,0,0,2,0,7,0,1,2,0,1,0,0,0,1,1,0,0,0,0,1,0,0,0,0,2,0,0,0,0,0,0,0,0,0,1,0,0,0,0,1,1,0,0,0,0,0,0,0,0,0,0,0,0,0,0
90,0.6,120,0.43,0.8,480,TRUE,TRUE,2200,148,12,1,1,5,5,3,3,1,5,70,3,1,0,1,2,0,0,1,0,0,2,0,0,0,0,0,0,0,0,5,3,0,0,2,0,0,0,0,1,9,1,0,0,0,1,0,0,0,0,1,1,0,0,1,0,0,0,0,0,3,0,0,0,0,0,0,0,0,0,2,0,0,0,0,0,1,0,0,1,0,0,0,0,0,0,0,0,0,0,1
30,0.6,300,0.44,0.3,140,FALSE,TRUE,2200,147,11,1,0,1,6,2,2,0,3,77,5,0,0,1,1,1,0,1,0,0,5,0,1,0,0,0,1,0,0,5,2,0,0,1,0,0,0,0,1,9,1,1,0,0,0,0,0,0,0,3,0,0,0,0,0,0,0,0,0,3,0,0,0,0,0,0,1,0,0,2,0,0,0,0,0,0,0,0,0,0,0,0,0,0,0,0,0,0,0,0
80,0.5,100,0.79,0.5,710,FALSE,FALSE,2200,141,7,2,1,2,5,2,2,1,3,82,0,1,0,0,0,0,0,0,0,3,0,0,0,0,0,0,0,0,1,5,0,1,0,2,1,0,0,1,0,8,1,1,0,0,1,0,0,1,0,3,0,0,0,0,0,0,0,0,0,2,0,0,0,1,1,0,0,0,0,1,0,0,0,0,0,0,0,0,0,0,0,0,0,0,0,0,0,0,0,0
40,0.6,100,0.75,0.3,750,TRUE,TRUE,2200,145,12,1,4,2,8,0,4,2,2,68,3,0,0,1,0,0,0,1,1,1,0,0,0,1,0,0,0,1,0,1,4,1,0,1,0,1,0,0,3,8,0,0,0,2,3,1,0,0,1,1,2,0,0,0,0,0,0,0,0,2,0,0,0,0,1,0,0,0,0,0,0,0,0,0,0,0,0,0,0,1,0,0,0,1,0,0,0,0,0,0
90,0.6,180,0.65,0.5,110,FALSE,TRUE,2200,144,15,2,2,1,3,3,1,1,4,71,1,0,0,0,2,0,1,0,2,0,2,1,0,0,1,0,0,0,0,3,2,0,0,1,1,0,0,0,1,11,2,0,1,0,0,1,1,0,0,3,1,0,0,0,0,0,0,0,0,1,0,0,0,0,0,0,1,0,0,0,0,0,0,0,0,0,0,0,0,1,0,0,0,0,0,0,0,0,0,1
60,0.9,260,0.5,0.5,440,TRUE,TRUE,2200,139,5,2,0,4,6,1,2,1,5,78,1,0,0,0,0,0,0,0,0,0,0,0,0,0,0,0,0,0,0,5,1,1,1,0,0,0,0,0,2,11,0,0,1,1,0,1,0,1,0,5,0,0,0,0,0,0,0,0,0,0,0,0,0,0,0,0,0,0,0,3,0,0,0,0,0,1,0,0,0,1,0,0,0,0,0,0,0,0,0,0
30,0.6,250,0.33,0.9,120,FALSE,TRUE,2200,148,11,1,1,5,3,2,2,1,6,73,3,1,0,1,1,0,0,1,0,2,0,1,0,0,0,0,0,0,0,3,1,1,0,0,0,1,0,0,0,12,2,1,1,1,0,0,0,0,2,1,1,0,0,0,0,0,0,0,0,0,0,0,0,0,0,0,1,0,0,2,0,0,0,0,0,0,0,0,1,1,0,0,1,0,0,0,0,0,0,1
40,0.9,200,0.81,0.6,190,FALSE,FALSE,2200,137,4,1,4,2,8,1,1,3,3,77,1,0,0,0,0,0,0,0,0,1,0,0,0,0,0,0,0,0,0,3,0,1,0,1,0,1,0,1,0,14,0,1,0,0,1,1,0,1,0,0,0,1,0,0,1,0,0,0,0,1,0,0,0,0,1,0,0,0,0,1,0,0,0,0,0,0,0,0,0,1,0,0,0,0,0,0,0,0,1,0
50,0.8,210,0.44,0.8,810,TRUE,FALSE,2200,142,14,2,2,1,5,0,1,1,5,75,1,1,0,0,0,0,0,0,1,0,1,1,0,1,0,0,0,1,0,3,3,0,0,0,0,0,0,1,0,10,0,1,0,0,0,0,1,0,0,1,0,0,0,1,0,1,0,0,1,3,0,0,0,0,0,0,0,0,0,0,0,0,0,0,2,0,0,0,0,1,0,0,0,0,0,0,0,0,0,1
80,0.6,250,0.36,0.5,350,FALSE,FALSE,2200,144,14,1,0,3,4,1,2,1,2,79,3,0,0,0,2,0,0,0,1,0,2,0,0,1,0,0,0,0,0,5,1,0,0,0,0,1,0,0,1,6,1,1,0,0,0,0,0,0,0,1,2,0,0,0,1,0,0,0,0,2,0,0,0,0,1,0,0,0,0,2,0,0,0,0,0,1,0,0,0,2,0,0,0,0,0,0,0,0,1,0
20,0.8,270,0.87,0.4,510,TRUE,TRUE,2200,144,10,1,2,3,5,4,1,3,1,72,2,1,0,1,0,0,1,0,1,0,1,2,0,1,0,0,0,0,1,6,3,0,1,0,2,2,0,0,0,5,1,0,2,0,0,0,0,0,1,1,0,0,0,0,1,0,0,0,1,3,0,0,0,0,1,0,0,0,1,1,0,0,0,0,0,0,0,0,0,0,0,0,0,0,0,0,0,0,0,0
40,0.8,200,0.84,0.8,230,FALSE,TRUE,2200,142,13,1,2,0,5,0,1,2,3,77,1,1,0,1,0,0,1,0,0,1,0,0,0,0,0,0,0,0,1,11,2,0,0,0,1,0,1,1,0,8,0,0,0,1,1,0,0,0,0,0,1,1,0,0,0,0,0,0,0,1,0,0,0,0,1,0,0,0,0,2,0,0,0,0,0,0,0,0,0,0,0,0,0,0,0,0,0,0,1,0
10,0.7,290,0.82,0.6,710,FALSE,TRUE,2200,145,12,1,2,4,6,4,2,0,6,67,0,0,1,0,0,1,1,1,2,0,3,0,0,0,0,0,2,0,0,10,0,0,2,1,1,0,0,0,0,2,1,0,0,0,0,0,0,0,0,3,2,0,1,0,0,0,0,0,0,3,1,0,0,0,0,0,0,0,0,1,0,0,0,0,0,0,0,0,0,2,0,0,0,0,0,0,1,0,0,0
90,0.8,130,0.85,0.8,320,FALSE,FALSE,2200,146,8,3,0,5,5,0,2,0,8,73,0,2,0,1,1,1,0,0,0,1,0,1,0,0,0,0,0,0,0,17,1,0,2,0,0,0,0,0,1,2,1,0,0,0,0,0,0,0,1,5,0,0,0,0,0,0,0,0,0,1,0,0,0,0,1,0,0,0,0,1,0,0,0,0,1,0,0,0,0,1,0,0,0,0,0,0,0,1,0,0
70,0.7,210,0.49,0.7,800,FALSE,FALSE,2200,147,14,1,1,2,4,1,1,2,6,73,1,0,2,1,0,0,0,0,0,1,2,0,0,0,1,0,1,1,0,13,5,0,1,0,0,0,0,0,0,3,1,0,0,0,1,0,0,0,0,3,0,0,0,1,0,0,0,0,0,0,0,0,0,0,0,0,1,0,0,1,0,0,0,0,0,0,0,0,0,1,0,0,0,1,0,0,0,0,0,1
20,0.8,140,0.39,0.9,190,FALSE,TRUE,2200,144,10,1,3,4,3,3,1,1,3,69,3,1,1,0,0,0,1,0,0,1,3,1,0,0,0,1,0,0,0,8,3,0,0,2,1,0,1,1,1,5,1,0,1,0,0,0,1,0,1,2,1,0,0,0,1,0,0,0,0,4,0,0,0,0,0,0,1,0,0,0,0,0,0,0,0,0,0,0,0,0,0,0,0,0,0,0,0,0,0,0
100,0.5,290,0.52,0.9,960,TRUE,FALSE,2200,145,17,0,0,1,7,1,0,2,1,78,2,0,0,1,0,1,2,0,0,0,1,1,0,0,0,1,0,0,0,11,2,0,0,0,2,0,1,0,0,4,2,0,0,0,0,0,0,0,0,1,1,0,0,0,0,0,0,0,0,1,0,0,0,0,1,0,0,0,0,0,0,0,0,0,1,0,0,0,0,0,0,0,0,0,0,0,0,0,2,1
80,0.9,160,1,0.8,640,FALSE,FALSE,2200,141,11,1,2,6,4,4,0,0,7,65,1,2,0,1,0,1,1,0,0,1,2,0,0,0,0,0,0,0,1,8,4,0,1,0,1,1,0,0,0,8,0,0,0,1,0,1,0,0,2,0,0,0,0,0,0,0,0,0,0,1,0,0,0,0,0,0,0,0,0,0,0,0,0,0,0,0,0,1,0,2,0,0,0,0,0,0,0,0,0,1
20,0.7,270,0.86,0.8,320,FALSE,TRUE,2200,140,13,0,0,3,7,0,2,1,2,78,2,0,0,1,0,0,0,0,0,0,1,0,0,1,0,0,0,0,2,2,1,0,0,1,0,1,1,1,0,9,1,0,0,1,0,0,0,0,0,2,0,0,0,0,0,0,0,0,0,2,0,0,0,0,1,0,0,0,0,3,0,0,0,0,0,0,0,0,0,1,0,0,0,0,0,0,0,0,1,0
10,0.5,200,0.32,0.7,190,FALSE,FALSE,2200,141,10,0,2,1,3,2,1,1,3,80,1,1,1,0,1,1,0,0,0,1,1,0,0,1,0,0,0,0,1,5,3,0,1,0,0,0,1,0,1,11,1,0,0,0,1,1,0,0,0,1,0,0,0,1,0,0,0,0,0,1,0,0,0,0,0,1,0,0,0,0,0,0,0,0,0,0,1,0,0,0,0,0,0,0,0,0,0,0,0,0
70,0.9,100,0.7,0.9,350,FALSE,FALSE,2200,144,11,0,2,0,5,4,2,0,3,77,2,0,1,2,1,1,0,0,0,0,4,0,0,1,0,0,0,0,0,3,1,0,1,0,2,0,0,0,0,12,1,1,0,0,0,0,0,0,0,1,0,0,0,0,0,0,0,0,0,4,0,0,0,0,0,0,0,0,0,0,0,0,0,0,0,1,0,0,0,1,0,0,0,0,0,0,0,0,1,0
20,0.6,230,0.93,0.5,190,TRUE,FALSE,2200,139,8,2,1,2,5,3,1,0,4,79,1,0,0,0,1,0,1,0,0,0,0,0,0,1,0,0,0,0,0,7,0,0,0,0,0,0,1,0,0,10,1,0,1,1,0,2,0,0,0,0,1,0,0,0,0,0,0,0,0,3,0,0,0,0,0,0,1,0,0,1,0,0,0,0,0,0,0,0,0,2,0,0,0,0,0,0,0,0,0,0
50,0.7,210,0.84,0.6,420,TRUE,TRUE,2200,140,7,3,1,3,2,3,1,1,9,79,0,0,0,0,0,0,0,0,0,2,0,0,0,0,1,0,0,0,0,4,0,0,2,1,1,0,0,0,1,11,0,0,0,1,0,0,0,0,0,2,0,0,0,0,0,0,0,1,0,1,0,0,0,0,0,1,0,0,0,0,0,0,0,0,0,0,0,0,0,1,0,0,0,0,0,0,0,0,1,1
50,0.9,150,0.83,0.9,960,TRUE,TRUE,2200,146,7,0,2,1,6,2,1,2,4,86,0,1,0,1,1,0,0,0,0,0,0,1,0,0,0,0,0,0,0,3,1,1,0,2,0,0,0,0,2,11,1,0,0,0,0,0,0,0,0,3,0,1,0,0,0,0,0,0,0,3,0,0,0,0,1,0,0,0,0,0,0,0,0,0,0,0,0,0,0,2,0,0,1,0,0,0,0,0,0,0
80,0.9,230,0.48,0.6,510,TRUE,FALSE,2300,145,10,0,1,4,4,2,2,1,5,72,5,0,0,0,0,1,0,1,0,1,2,0,0,0,0,0,0,0,1,5,2,0,0,1,0,0,0,1,1,11,1,0,0,0,1,0,0,1,0,3,1,0,0,0,0,0,0,0,0,1,0,0,0,1,0,1,0,0,0,0,0,0,0,0,0,0,0,0,0,2,0,0,0,0,0,0,0,0,1,0
50,0.6,150,0.93,0.8,410,TRUE,FALSE,2300,140,9,1,2,3,6,3,1,1,4,72,2,0,0,0,0,0,0,0,0,0,1,0,0,0,0,2,0,1,1,2,3,0,1,1,0,0,1,0,1,7,0,0,1,1,1,0,0,1,0,4,0,0,0,0,0,0,0,0,0,1,0,0,0,0,0,0,0,0,0,3,0,0,0,0,0,0,0,0,0,1,1,0,0,0,1,0,0,0,0,1
60,0.8,210,0.43,0.6,830,FALSE,FALSE,2300,143,9,3,1,1,6,1,0,2,1,76,0,2,1,2,0,1,1,0,0,0,1,0,1,0,0,0,1,0,1,3,3,0,0,1,2,0,0,0,0,10,1,1,0,2,0,0,0,0,0,1,0,0,0,0,0,1,0,0,0,1,0,1,0,0,1,0,0,0,0,1,0,0,0,0,0,0,0,0,0,2,0,0,0,0,0,0,0,0,0,2
80,0.5,130,0.77,0.6,810,FALSE,TRUE,2300,140,19,0,1,1,7,0,1,1,3,68,3,0,0,1,0,1,0,1,2,1,0,0,0,0,0,0,0,0,0,3,1,1,0,1,1,0,1,0,0,10,1,0,0,0,0,0,1,0,0,2,2,1,0,0,1,0,0,0,0,2,0,0,0,0,0,1,0,0,0,1,0,0,0,0,0,0,0,0,0,0,0,0,0,0,0,0,0,0,0,1
40,0.9,120,0.42,0.3,700,FALSE,TRUE,2300,141,8,2,0,1,4,0,0,2,4,81,1,2,0,1,0,0,1,0,0,1,0,0,0,0,0,0,0,0,1,2,1,1,1,0,2,0,0,0,1,11,0,1,0,2,1,0,0,0,1,5,0,0,0,1,0,0,0,0,0,1,0,0,0,0,0,1,0,0,0,1,0,0,0,0,0,0,0,0,0,0,0,0,0,0,0,0,0,0,0,0
80,0.7,220,0.86,0.9,830,TRUE,FALSE,2300,140,12,2,1,1,2,1,2,0,5,74,3,0,0,0,1,0,0,0,1,1,5,1,0,0,0,0,0,0,0,3,2,0,0,1,0,0,0,0,1,12,1,0,0,0,0,1,0,0,0,1,1,0,0,0,0,0,1,0,0,1,0,0,0,1,0,1,0,0,0,0,0,0,0,0,0,0,0,0,0,1,0,0,0,0,0,0,0,0,1,0
90,0.8,130,0.47,0.7,280,TRUE,TRUE,2300,139,12,1,0,2,7,1,3,1,3,72,4,0,1,0,0,1,0,0,0,0,0,1,0,0,0,0,0,0,0,7,1,0,0,0,1,0,0,0,0,7,0,0,0,0,2,0,1,0,1,4,1,0,2,0,0,0,0,0,0,1,0,0,0,0,1,0,0,0,0,0,0,0,0,0,1,0,0,0,0,1,0,0,0,0,0,0,0,0,0,0
20,0.6,300,0.71,0.8,570,TRUE,FALSE,2300,140,15,0,1,3,2,1,1,2,1,73,2,1,1,0,0,1,1,0,0,0,1,0,0,0,0,0,0,0,0,9,2,0,0,1,0,0,0,1,1,5,2,0,0,1,0,1,0,0,0,3,3,0,0,0,0,0,0,0,0,1,0,0,0,0,1,0,0,0,0,1,0,0,0,0,0,0,0,0,0,2,0,0,0,0,0,0,0,0,0,1
60,0.8,220,0.86,0.8,950,FALSE,FALSE,2300,134,5,2,0,1,3,3,1,0,2,78,0,2,1,0,0,0,0,0,1,1,1,1,0,0,0,0,1,0,0,5,1,1,0,1,0,1,0,0,0,11,1,1,0,1,0,0,0,0,1,3,0,0,0,0,0,0,0,0,0,3,0,0,0,0,1,0,0,0,1,0,0,0,0,0,0,0,0,0,0,0,0,0,0,0,0,0,0,0,0,0
30,0.5,120,0.8,0.4,650,TRUE,FALSE,2300,143,12,0,0,0,5,3,2,0,5,75,3,0,1,0,1,0,1,0,0,0,2,1,0,0,0,1,0,0,0,5,1,0,0,0,0,0,0,0,0,8,4,0,1,0,2,0,0,0,0,2,1,1,0,0,0,0,0,0,0,1,0,0,0,0,0,0,0,0,0,2,0,0,0,0,1,0,0,0,0,3,0,0,0,0,0,0,0,0,0,0
20,0.5,270,0.32,0.3,920,FALSE,FALSE,2300,138,15,0,0,1,2,1,2,0,3,72,4,1,0,0,0,0,0,0,0,1,1,0,1,0,0,0,0,1,1,12,2,0,0,1,0,0,0,0,0,2,3,0,0,1,0,0,0,0,0,2,1,0,0,1,0,0,0,0,1,1,1,0,0,0,1,1,0,0,1,1,0,0,0,0,0,0,0,0,0,1,0,0,0,0,0,0,0,0,0,0
80,0.7,220,0.92,0.5,820,TRUE,FALSE,2300,136,11,0,1,2,3,2,0,2,3,75,2,0,0,0,1,0,0,0,0,1,4,0,0,1,0,0,0,1,0,11,1,0,1,0,0,0,1,0,0,2,0,0,1,0,2,0,0,0,0,0,0,0,0,0,0,0,0,0,0,1,1,0,0,0,0,1,0,0,1,2,0,0,0,0,0,0,0,0,0,1,0,0,0,0,0,0,0,0,1,1
90,0.6,250,0.44,0.3,530,FALSE,FALSE,2300,133,8,0,2,2,2,2,2,2,4,67,1,0,1,0,0,0,0,0,0,3,1,0,1,0,0,0,0,0,1,8,0,0,0,2,0,1,0,0,1,6,2,2,0,2,1,0,0,0,0,3,0,0,0,0,0,0,0,0,0,1,0,0,0,0,1,0,0,0,1,1,0,0,0,0,0,0,0,0,0,2,0,0,0,0,0,0,0,0,1,0
30,0.9,200,0.45,0.7,930,TRUE,FALSE,2300,140,11,1,0,4,7,1,3,0,2,73,0,0,0,1,0,0,0,0,0,1,2,0,0,1,0,1,0,0,2,8,3,0,0,0,2,0,0,0,1,7,1,0,0,0,0,1,0,0,0,0,0,0,0,0,0,0,0,0,0,2,0,0,0,0,1,0,0,1,0,1,0,0,0,0,0,0,0,0,0,0,0,0,0,0,0,0,0,0,0,2
60,0.7,230,0.36,0.3,520,TRUE,TRUE,2300,139,7,2,0,3,2,1,2,2,4,78,1,1,0,0,1,0,0,0,0,3,1,1,0,0,0,0,0,0,0,7,2,0,1,0,0,0,0,0,1,8,2,1,0,0,0,0,0,0,0,1,0,0,1,0,0,0,0,0,0,3,0,0,0,0,0,0,0,1,0,1,0,0,0,0,0,0,1,0,0,0,0,0,0,0,0,0,0,0,1,0
40,0.6,120,0.68,0.6,460,FALSE,TRUE,2300,138,2,1,4,2,4,4,1,1,4,82,0,0,0,0,1,0,0,0,0,1,0,0,0,0,1,0,0,0,0,7,2,1,1,0,0,2,1,0,0,9,0,0,0,0,0,0,0,0,0,2,0,0,0,1,0,1,0,0,0,2,0,0,0,0,0,0,0,0,0,1,0,0,0,0,0,0,0,0,0,0,0,0,0,0,0,0,0,0,1,0
90,0.9,110,0.9,0.4,700,TRUE,TRUE,2300,140,10,2,2,5,2,2,2,2,6,70,2,0,0,0,0,0,0,1,0,0,0,0,0,0,1,2,0,0,0,5,2,0,0,2,0,0,0,0,1,7,1,0,0,0,1,0,0,1,0,1,0,0,0,0,1,0,0,0,0,2,0,0,0,0,1,0,0,0,0,0,1,0,0,0,0,0,0,0,0,2,0,0,0,0,0,0,0,0,1,3
10,0.8,140,0.86,0.3,200,TRUE,FALSE,2300,142,7,3,1,2,4,1,0,4,2,83,1,1,0,1,0,0,0,0,2,0,0,0,0,0,0,0,0,0,0,4,1,1,0,1,1,0,0,0,0,10,0,0,0,1,1,0,0,0,0,0,1,0,0,0,1,0,0,0,0,4,0,0,0,0,1,0,0,0,0,1,0,0,0,0,0,0,0,0,1,2,0,0,0,0,0,0,0,0,0,0
40,0.8,150,0.45,0.3,150,FALSE,TRUE,2300,142,16,0,1,1,1,2,0,2,1,77,1,1,1,1,1,0,0,0,0,0,2,0,0,0,2,1,1,0,0,0,4,0,1,0,0,0,1,0,1,4,1,0,0,0,0,0,0,0,0,10,0,0,0,0,0,1,0,0,1,2,0,0,0,0,1,0,1,0,0,2,0,0,0,0,0,0,0,0,0,0,0,0,0,0,0,0,0,0,0,1
10,0.6,250,0.57,0.8,780,FALSE,TRUE,2300,141,17,0,3,3,2,3,1,2,0,67,3,0,0,0,0,0,1,2,0,2,0,0,0,0,0,0,1,0,2,2,1,0,0,0,1,1,1,0,0,13,2,1,0,0,0,0,0,0,1,0,1,0,0,0,0,0,0,0,0,3,0,0,0,1,0,0,0,0,0,0,0,0,0,1,0,0,0,0,1,2,0,0,0,0,0,0,0,0,0,1
60,0.9,220,0.49,0.9,880,FALSE,TRUE,2300,144,14,1,1,3,3,1,2,3,5,74,2,0,0,0,0,0,0,1,0,0,2,0,0,1,0,1,0,1,0,0,2,0,1,0,1,0,0,0,1,10,1,0,1,0,0,0,0,0,0,6,1,0,0,0,0,1,0,0,0,2,0,0,0,0,0,0,0,0,0,0,0,0,0,0,0,1,0,0,1,0,0,0,0,0,0,0,0,0,0,1
10,0.8,230,0.68,0.5,800,FALSE,FALSE,2300,140,8,3,0,1,6,0,1,2,4,76,0,0,0,0,1,0,1,0,0,2,0,1,0,0,0,1,0,0,0,3,2,1,1,0,1,0,0,0,0,14,1,0,0,1,0,0,0,0,0,0,0,1,0,0,1,0,0,0,0,4,0,0,0,0,3,0,0,0,0,1,0,0,0,0,0,0,0,0,0,0,0,0,0,0,0,0,0,0,0,0
80,0.7,250,0.81,0.6,1000,TRUE,FALSE,2300,139,9,2,0,3,7,2,1,2,3,74,0,1,2,0,0,0,0,1,0,2,0,0,1,0,0,2,0,0,0,3,1,0,0,1,0,0,0,0,2,9,1,1,1,0,1,0,0,0,0,2,0,1,0,1,0,0,0,0,0,0,0,0,0,0,1,0,0,0,0,0,0,0,0,0,1,0,0,0,1,0,0,0,0,0,0,0,0,0,1,0
20,0.7,170,0.31,0.3,130,FALSE,FALSE,2300,140,10,1,3,5,10,1,1,3,4,59,3,0,0,2,2,0,0,1,0,1,1,0,1,0,0,1,1,0,0,1,0,0,0,1,1,0,2,0,0,11,3,0,0,0,0,0,1,0,1,2,1,1,0,0,1,0,0,0,0,2,0,0,0,0,0,0,0,0,0,1,0,0,0,0,1,0,0,0,0,1,0,0,0,0,0,0,0,0,0,0
70,0.7,250,0.64,0.3,710,FALSE,FALSE,2300,137,5,4,0,3,2,2,0,3,2,78,1,0,0,0,0,1,0,0,0,1,0,0,0,0,0,0,0,1,1,3,1,0,1,0,0,1,0,0,0,12,0,2,0,0,0,0,0,0,0,3,2,0,0,0,0,0,0,0,0,2,1,0,0,1,1,0,0,0,0,2,0,0,0,0,0,0,0,0,0,2,0,0,0,0,0,0,0,0,0,0
50,0.8,260,0.59,0.5,910,FALSE,FALSE,2300,139,8,2,2,1,2,3,0,3,4,78,0,0,0,0,0,0,0,0,0,2,2,1,0,0,0,0,0,0,0,8,1,0,1,0,0,0,0,1,1,7,1,1,0,2,0,0,1,0,0,1,1,0,0,1,0,0,0,0,0,3,0,0,0,0,0,1,0,0,0,1,0,0,0,0,0,0,0,0,0,0,0,0,0,0,0,0,0,0,0,0
30,0.8,120,1,0.7,230,FALSE,FALSE,2300,141,16,0,1,0,6,0,1,1,3,71,3,1,1,0,1,1,0,0,0,0,0,1,1,0,0,1,0,0,0,7,1,0,0,0,2,2,0,0,0,6,1,0,0,0,1,0,0,1,0,2,0,0,0,0,0,1,1,0,0,2,1,0,0,1,1,0,0,0,0,1,0,0,0,0,0,0,0,0,0,2,0,0,0,0,0,0,0,0,0,0
20,0.5,270,0.95,0.3,910,TRUE,FALSE,2300,140,12,0,2,2,5,2,4,0,4,72,0,1,0,0,1,0,0,1,0,0,2,0,0,0,0,1,0,0,0,8,0,0,0,1,1,0,0,0,0,10,2,0,0,0,0,0,1,0,0,1,1,0,0,0,0,1,0,0,0,1,0,0,1,0,0,0,0,0,0,1,0,0,0,0,0,1,0,0,0,0,0,0,1,0,0,0,0,0,0,1
50,0.6,160,1,0.9,950,TRUE,FALSE,2300,141,8,3,1,3,4,0,0,2,2,80,1,0,1,0,1,0,2,0,0,2,1,0,0,0,0,0,0,0,1,11,3,0,0,0,0,1,1,0,0,2,0,0,0,0,1,0,0,1,0,2,0,1,0,0,1,0,0,0,0,1,0,0,0,0,1,0,0,0,0,2,0,0,0,0,1,0,0,0,0,1,0,0,0,0,0,0,0,0,0,0
80,0.7,270,0.93,0.6,460,FALSE,FALSE,2300,138,13,2,1,4,4,0,1,0,2,72,3,2,0,0,0,0,0,0,1,2,2,0,0,0,1,0,2,0,1,11,3,0,0,0,1,0,1,0,0,3,0,1,0,0,0,1,0,0,0,0,1,0,0,0,0,0,0,0,0,1,0,0,0,0,0,0,0,0,0,0,0,0,0,0,0,0,0,0,1,0,0,0,0,0,1,0,0,0,1,0
70,0.6,240,0.83,0.8,790,TRUE,TRUE,2300,140,8,3,2,0,6,1,0,3,2,81,1,0,0,0,1,0,0,0,0,2,0,0,0,0,1,0,0,1,1,10,0,1,0,2,0,0,0,0,1,4,2,0,0,0,0,0,0,1,0,1,0,0,0,0,0,0,0,0,0,1,0,0,0,0,0,0,0,0,0,1,0,0,1,0,0,1,0,0,0,2,0,0,0,0,0,0,0,0,0,0
10,0.7,110,0.46,0.9,430,TRUE,TRUE,2300,136,7,1,2,3,2,3,1,2,2,76,0,1,0,0,0,1,1,0,0,2,0,0,0,0,0,1,1,0,0,7,0,0,0,0,0,0,0,0,1,9,0,0,2,1,0,0,0,0,1,5,0,0,0,0,0,0,0,0,0,1,0,0,0,0,0,1,0,0,0,1,0,0,0,0,1,0,1,0,0,0,0,0,0,0,0,0,0,0,0,0
10,0.5,190,0.84,0.3,840,TRUE,FALSE,2300,143,15,2,1,1,3,2,0,3,1,78,1,0,0,0,0,2,0,0,0,0,1,0,0,0,0,0,0,0,0,7,1,0,1,1,1,0,1,0,1,9,0,0,0,1,0,2,0,0,0,0,2,0,0,1,0,0,0,0,0,3,0,0,0,0,1,1,0,0,0,1,0,0,0,0,0,0,0,0,0,0,0,0,0,0,0,0,0,0,0,0
70,0.6,210,0.86,0.6,780,FALSE,TRUE,2300,144,8,2,2,3,3,2,1,2,1,78,1,1,1,0,1,0,1,0,0,1,0,0,1,0,0,0,0,0,0,7,2,1,0,1,0,0,0,0,1,9,1,1,0,0,1,0,1,1,0,2,0,0,0,0,1,0,0,0,0,3,0,0,0,0,0,0,0,0,0,1,0,0,0,0,0,0,0,0,1,1,0,0,0,0,0,0,0,0,0,1
20,0.7,190,0.38,0.6,300,FALSE,TRUE,2300,140,6,3,2,6,6,2,1,2,3,76,0,0,0,0,1,0,0,0,0,1,0,0,0,0,0,0,0,0,1,8,0,1,0,1,0,0,1,0,1,5,0,0,0,0,1,0,0,1,2,3,0,1,0,0,0,0,1,0,0,1,0,0,0,0,1,0,0,0,0,0,0,0,0,0,0,0,0,0,0,3,0,0,0,0,0,0,0,0,0,0
20,0.5,190,0.71,0.8,320,TRUE,TRUE,2300,141,8,4,2,4,7,0,3,1,8,71,2,0,0,0,0,0,0,0,0,1,0,0,0,1,0,0,0,0,0,0,1,0,0,0,1,0,0,0,1,10,1,0,0,2,0,0,0,2,0,3,0,0,0,1,0,0,0,0,0,0,0,0,0,1,0,0,0,0,0,2,0,0,0,0,0,0,0,0,0,2,0,0,0,0,1,0,0,1,0,1
30,0.6,200,0.67,0.4,130,TRUE,TRUE,2300,141,10,3,0,4,8,4,1,2,2,66,2,0,0,0,0,0,1,0,0,1,0,0,1,0,0,0,1,0,0,5,4,0,0,2,1,2,0,1,2,6,1,0,0,1,0,0,0,1,0,0,0,0,0,0,0,0,0,1,1,1,1,0,0,1,0,0,1,0,0,0,0,0,0,0,0,0,0,0,0,2,0,0,0,0,0,0,0,0,0,2
20,0.9,280,0.52,0.5,710,TRUE,TRUE,2300,133,9,1,1,3,5,4,1,3,4,65,0,0,1,1,0,0,1,0,0,0,0,0,0,0,0,0,1,1,0,2,2,0,1,1,2,0,0,0,0,13,1,2,0,1,0,0,0,0,1,1,0,0,0,0,0,0,0,0,0,1,0,0,0,0,0,1,0,0,0,1,0,0,0,1,0,0,0,0,0,2,0,0,0,0,0,0,0,0,0,0
30,0.9,200,0.46,0.5,750,TRUE,TRUE,2300,134,6,2,1,2,4,1,0,0,6,76,1,0,0,0,1,0,1,0,0,1,1,1,0,0,1,0,0,0,0,3,3,0,0,0,0,1,0,0,0,12,0,0,1,0,0,1,0,0,0,2,0,0,0,0,0,0,0,0,0,4,0,0,0,0,0,1,0,0,0,0,0,0,0,1,0,0,1,0,0,0,0,0,0,0,0,0,0,0,0,0
90,0.5,240,0.41,0.7,820,TRUE,FALSE,2300,139,8,3,2,2,3,1,1,1,5,73,0,1,0,0,1,1,1,0,0,1,0,0,0,0,0,0,0,0,0,5,2,1,0,2,0,0,0,0,1,12,0,0,1,1,0,0,0,1,0,3,0,0,0,0,0,0,2,0,0,1,0,0,0,0,0,1,0,0,0,1,0,0,0,0,0,0,0,1,0,0,0,0,0,0,0,0,0,0,1,0
90,0.5,220,0.75,0.7,670,FALSE,TRUE,2300,144,11,3,0,2,3,1,1,1,1,76,0,3,0,0,0,0,0,2,0,0,0,0,0,0,0,2,0,0,1,6,1,1,3,0,0,1,0,0,0,12,1,0,0,0,0,0,0,0,0,5,2,0,0,0,1,0,0,0,1,1,0,0,0,0,0,0,0,0,0,0,1,0,0,0,0,0,0,0,0,1,1,0,0,0,0,0,0,0,0,0
60,0.8,290,0.57,0.9,390,FALSE,TRUE,2300,140,15,0,2,1,6,0,0,1,3,71,2,0,0,1,0,0,0,1,1,2,1,0,1,0,0,0,1,0,0,6,2,0,1,0,1,0,0,0,2,7,2,0,0,0,1,0,0,1,0,2,1,1,0,0,0,0,0,0,1,2,0,0,0,0,0,0,0,0,0,0,0,0,0,1,0,0,0,0,0,1,0,0,0,0,0,0,0,0,0,0
70,0.5,220,0.39,0.6,770,FALSE,TRUE,2300,143,7,0,5,5,4,3,2,2,2,66,6,0,1,2,1,0,1,0,1,0,2,0,0,0,1,0,0,0,1,4,2,0,0,1,0,0,0,0,1,4,4,0,0,0,0,1,0,1,0,3,0,0,0,0,1,0,0,0,2,3,0,0,0,0,0,1,0,0,0,1,0,0,0,0,0,0,0,0,0,2,0,0,0,0,0,1,0,0,0,0
30,0.5,280,0.44,0.9,940,TRUE,FALSE,2300,140,10,1,1,4,2,3,0,0,3,78,1,1,1,0,0,1,0,1,0,1,2,0,0,0,0,0,0,0,0,5,2,1,0,0,1,1,0,1,0,10,0,0,0,1,0,0,0,1,0,0,0,0,0,0,1,0,1,0,0,2,0,0,0,0,0,1,0,0,0,0,0,0,0,0,0,0,0,0,0,3,0,0,0,0,0,0,0,0,0,0
90,0.6,100,0.35,0.5,860,TRUE,TRUE,2300,140,9,0,1,3,4,1,1,2,3,72,5,0,1,0,0,1,1,2,0,2,0,0,0,0,1,0,0,0,1,7,4,0,0,2,0,0,0,0,1,6,0,0,0,0,0,0,0,0,0,2,1,0,0,0,0,1,0,0,0,2,1,0,0,0,0,0,0,0,0,1,0,0,0,0,0,0,0,0,0,1,0,0,0,0,0,1,0,0,0,1
20,0.7,100,0.31,0.8,610,FALSE,FALSE,2300,136,2,1,3,3,8,0,2,3,5,76,0,1,1,0,0,0,0,0,0,1,0,0,0,0,0,0,0,0,0,9,1,1,0,0,2,0,0,0,0,8,0,0,0,0,2,0,0,0,0,1,0,0,0,0,1,0,0,0,1,5,0,0,0,0,0,0,0,0,0,0,0,0,0,0,0,0,0,0,0,0,0,0,0,0,0,0,0,0,0,0
20,0.8,180,0.98,0.3,1000,FALSE,FALSE,2300,142,10,1,2,1,3,2,0,1,2,77,1,1,0,0,3,1,1,1,0,1,1,0,0,1,0,1,1,0,0,7,1,0,1,0,0,0,1,0,0,12,1,1,0,0,0,0,0,0,0,0,0,0,0,0,0,0,0,0,0,2,1,0,0,0,0,1,0,0,1,1,0,0,0,0,0,0,0,0,0,0,0,0,0,0,0,0,0,0,0,1
70,0.7,140,0.95,0.9,920,TRUE,FALSE,2300,142,17,1,1,1,3,1,0,0,2,75,3,0,2,0,0,1,0,2,0,1,1,0,0,0,0,0,1,0,0,3,2,0,0,0,0,0,0,0,0,10,1,1,1,1,1,0,1,0,0,1,1,1,0,0,0,0,0,0,0,4,0,0,0,0,1,0,0,0,0,0,0,0,0,0,0,0,0,0,0,2,0,0,0,0,0,0,0,0,0,0
90,0.9,270,0.44,0.5,810,TRUE,FALSE,2300,140,8,0,3,1,3,3,1,0,2,81,1,2,0,1,0,0,0,0,0,1,1,2,0,0,0,0,1,0,1,7,0,1,0,2,0,0,0,0,0,7,3,0,0,0,0,0,0,0,0,2,0,0,0,0,0,0,0,0,0,2,0,0,0,0,0,0,0,0,0,1,0,0,0,0,0,0,0,0,0,1,0,0,0,0,1,0,0,0,1,1
80,0.9,300,0.53,0.5,170,FALSE,FALSE,2300,143,17,2,0,0,2,4,0,0,2,75,1,0,0,2,1,1,0,0,1,0,2,0,0,0,0,1,0,0,0,9,1,0,0,0,0,0,0,0,1,4,2,0,1,0,0,1,1,0,0,2,2,0,1,1,1,0,0,0,0,4,0,0,0,0,0,1,0,0,0,1,0,0,0,0,0,0,0,0,0,0,0,0,0,0,0,0,0,0,0,0
60,0.5,280,0.65,0.8,380,TRUE,FALSE,2300,142,10,0,4,3,3,2,1,1,5,74,0,1,0,0,0,0,1,0,0,2,2,0,0,0,0,0,0,0,0,11,3,0,0,1,1,0,0,1,0,4,1,0,0,0,1,0,0,0,0,1,1,0,0,1,0,0,0,1,0,3,0,0,0,0,0,2,0,0,0,1,0,0,0,0,0,0,0,0,0,0,0,0,0,0,0,0,0,0,1,0
90,0.8,220,0.59,0.8,930,FALSE,FALSE,2300,141,14,0,2,0,3,1,1,1,2,73,0,1,1,0,1,0,1,1,1,0,2,0,0,0,0,0,0,0,0,12,2,1,1,0,1,0,0,0,0,3,2,0,0,1,1,0,1,0,2,1,1,0,1,0,0,0,0,0,0,2,0,0,0,0,0,1,0,0,0,2,0,0,0,0,0,0,0,0,0,0,1,0,0,0,0,0,0,0,0,0
100,0.5,270,0.62,0.5,390,TRUE,TRUE,2300,141,10,0,3,2,5,2,2,1,3,81,2,0,1,0,0,0,0,0,0,0,1,0,0,0,0,0,0,0,0,3,3,0,0,1,0,1,0,0,0,10,0,0,0,0,1,0,0,0,0,2,1,0,0,0,0,1,0,0,1,1,0,0,0,0,0,0,0,0,0,2,0,0,0,0,0,1,0,0,1,0,0,0,0,0,0,0,0,0,0,0
90,0.6,270,0.74,0.9,930,TRUE,TRUE,2300,141,11,1,1,3,4,1,2,2,4,77,2,0,0,1,0,0,0,0,0,0,1,0,0,0,0,0,0,0,0,3,2,0,0,3,0,0,0,0,1,7,1,0,0,0,1,0,0,1,0,2,0,0,0,0,0,1,1,0,0,1,0,0,0,0,0,0,0,0,0,3,0,0,0,0,0,0,0,1,0,2,0,0,0,0,0,0,0,0,1,1
70,0.7,190,0.59,0.7,410,TRUE,TRUE,2300,142,14,0,0,2,5,2,0,2,3,77,1,1,0,0,1,1,0,0,0,0,1,0,0,1,0,0,0,0,0,7,1,0,0,0,2,0,0,0,0,6,0,1,0,0,1,0,0,0,0,2,1,0,0,0,1,0,0,0,0,3,0,0,0,0,0,1,0,1,0,1,1,0,0,0,0,0,0,0,0,3,0,0,0,0,0,0,0,0,0,0
80,0.5,220,0.34,0.4,550,TRUE,FALSE,2300,141,7,4,3,3,3,3,1,0,4,81,1,1,0,0,0,0,0,0,0,1,0,0,0,0,0,0,0,0,0,3,0,0,0,0,1,0,0,0,1,13,1,0,1,0,0,1,0,0,0,2,0,0,0,1,0,1,0,0,0,2,0,0,0,0,0,0,0,0,0,0,0,0,0,1,0,0,0,0,0,1,0,0,0,0,0,0,0,0,1,0
80,0.9,250,0.88,0.7,850,FALSE,TRUE,2300,144,12,1,2,4,4,2,1,2,1,71,3,0,0,0,0,0,2,1,0,0,2,0,0,0,0,2,2,0,0,5,2,0,0,0,0,0,0,0,1,7,5,0,1,0,1,1,0,0,0,2,0,0,0,1,0,0,0,0,0,2,0,0,0,0,0,0,0,0,0,0,0,0,0,0,1,0,0,0,0,2,0,0,0,0,0,0,0,0,0,2
80,0.9,220,0.54,0.9,260,FALSE,FALSE,2300,140,11,1,1,3,4,2,0,2,4,73,1,3,0,0,1,0,0,0,1,2,1,0,0,0,1,0,0,0,0,0,1,0,0,1,1,0,0,1,0,6,1,0,0,0,1,0,0,1,0,4,1,0,0,0,0,0,0,0,0,2,1,0,0,0,1,0,0,0,0,1,0,0,0,0,1,0,0,0,0,4,0,0,0,0,0,1,0,0,0,1
50,0.5,300,0.87,0.3,660,FALSE,FALSE,2300,138,14,1,0,2,1,1,0,2,4,72,1,0,0,1,0,0,1,0,0,2,3,0,2,1,0,0,0,1,0,4,3,0,1,0,0,0,0,0,0,8,0,0,1,0,0,0,0,0,0,2,1,0,0,1,0,0,1,0,1,2,0,0,0,0,1,0,1,0,0,2,0,0,0,0,0,0,0,0,0,1,0,0,0,0,0,0,0,0,0,0
90,0.6,210,0.71,0.3,180,TRUE,FALSE,2300,138,7,1,1,3,5,3,3,1,4,69,2,0,1,0,0,1,0,0,0,0,0,0,0,1,1,0,0,0,1,2,1,0,1,2,1,1,1,0,1,13,2,0,0,0,0,0,1,0,0,4,0,0,0,0,0,0,0,0,0,1,0,0,0,0,0,1,0,0,1,0,0,0,0,0,0,0,0,0,0,2,0,0,0,0,0,0,0,0,0,0
70,0.8,200,0.49,0.5,310,FALSE,TRUE,2300,141,14,0,0,6,4,2,2,0,4,68,1,0,1,1,0,0,0,1,1,1,0,0,1,1,0,0,0,0,0,3,1,0,1,0,1,1,0,0,1,14,1,1,0,0,0,1,0,0,0,0,1,0,0,0,0,1,0,0,0,2,0,0,0,0,0,1,0,0,0,1,0,0,0,0,2,0,0,0,0,0,0,0,0,0,0,0,0,0,1,0
100,0.6,300,0.58,0.9,630,FALSE,FALSE,2300,135,4,2,3,2,4,0,2,5,2,76,0,0,0,0,0,0,0,1,0,2,0,0,0,0,0,1,0,0,0,10,0,0,0,0,3,0,0,0,1,6,0,2,0,1,0,0,0,0,0,3,0,0,1,0,0,0,0,0,0,2,0,0,0,0,1,0,0,0,0,0,0,0,0,0,0,0,0,0,0,2,0,0,0,0,0,0,0,0,0,0
70,0.5,150,0.61,0.4,950,TRUE,FALSE,2300,142,12,1,1,0,2,0,1,1,3,76,3,3,0,1,0,0,0,0,1,1,3,1,0,0,1,0,0,0,1,8,2,1,0,0,1,0,0,0,0,7,3,0,0,0,1,0,0,0,0,1,0,0,0,1,0,1,0,0,0,1,0,0,0,0,1,0,0,1,0,0,0,0,0,0,0,0,0,1,0,0,0,0,0,0,0,0,0,0,1,0
40,0.9,210,0.56,0.4,280,TRUE,FALSE,2300,139,14,1,0,0,4,1,3,7,2,63,1,0,0,1,0,0,0,1,1,1,1,0,0,0,1,0,0,0,0,5,3,0,0,0,0,0,1,2,1,4,0,0,0,1,0,0,1,1,0,0,1,0,0,1,0,0,0,0,1,4,0,2,0,0,0,0,0,2,0,0,0,0,0,0,0,0,0,0,0,3,0,0,1,1,1,1,0,1,0,0
100,0.8,280,0.56,0.7,170,FALSE,FALSE,2300,139,12,0,1,4,5,2,1,1,2,76,0,0,1,0,0,0,1,0,0,0,2,0,0,2,0,0,0,0,0,9,1,0,0,1,2,0,0,0,1,3,2,1,0,0,0,0,0,0,1,1,0,0,0,0,0,1,0,0,0,2,0,0,0,0,2,0,0,0,0,0,0,0,0,0,1,0,0,0,0,1,0,0,0,0,0,0,0,0,0,1
80,0.5,280,0.96,0.5,1000,FALSE,TRUE,2300,137,11,1,1,0,4,2,0,0,1,77,1,1,2,0,0,0,2,0,0,0,4,0,0,0,0,0,0,0,1,6,0,0,1,0,0,1,0,0,0,5,2,1,0,0,1,0,0,0,1,4,1,1,0,0,0,0,0,0,0,2,0,0,0,0,0,1,0,0,0,1,0,0,0,0,0,0,0,0,0,1,0,0,0,0,0,0,0,0,1,0
20,0.8,210,0.33,0.9,110,TRUE,FALSE,2300,140,10,1,1,2,5,2,1,0,1,74,1,1,1,0,0,0,0,0,2,2,1,0,0,1,0,0,0,2,2,6,2,0,0,0,0,1,0,0,1,5,1,0,0,1,1,0,0,0,0,2,0,0,0,0,0,0,0,0,1,5,0,0,0,1,0,1,0,0,0,2,0,0,0,0,0,0,0,0,1,0,0,0,0,0,0,0,0,0,0,0
40,0.9,220,0.77,0.8,790,FALSE,FALSE,2300,138,11,0,2,3,4,1,1,1,5,72,1,0,0,2,0,0,1,0,0,0,2,0,0,0,0,1,0,0,1,15,1,0,1,0,1,0,0,0,0,4,1,0,0,0,0,0,1,0,1,1,1,0,0,0,0,0,0,0,0,0,0,0,0,0,0,1,0,0,0,1,0,0,0,0,0,0,0,0,0,1,0,0,0,0,0,0,0,0,1,0
50,0.7,110,0.54,0.7,140,FALSE,FALSE,2300,137,7,0,2,4,3,3,3,2,0,76,0,2,0,0,0,1,0,0,1,0,1,0,0,0,0,0,0,0,1,13,1,0,0,0,1,0,1,0,2,2,2,0,1,0,0,0,0,0,1,3,0,0,0,1,1,0,0,0,0,2,0,0,0,0,0,0,0,0,0,1,0,0,0,0,0,0,0,0,0,0,0,0,0,0,0,0,0,0,0,0
30,0.8,240,0.96,0.5,530,TRUE,TRUE,2300,136,10,0,2,1,8,0,2,0,6,71,1,0,0,0,0,0,0,0,0,0,2,0,0,0,0,0,0,0,2,8,1,1,1,1,0,0,0,0,1,6,0,0,1,0,0,2,0,0,0,1,1,0,0,0,0,0,0,0,1,1,0,0,0,0,0,1,0,0,0,0,1,0,0,0,0,0,0,0,0,2,0,0,0,0,1,0,0,0,1,0
20,0.7,130,0.34,0.4,870,TRUE,FALSE,2300,135,7,2,1,2,4,3,1,2,2,77,3,0,1,0,0,0,0,0,0,2,0,1,0,0,0,0,1,0,1,10,1,0,0,1,1,0,0,0,1,4,0,1,0,0,0,0,0,0,0,2,1,0,0,0,1,0,0,0,0,0,0,0,0,0,0,0,0,0,1,1,0,0,0,0,1,0,0,0,0,0,0,0,0,0,0,0,0,0,0,0
10,0.6,100,0.52,0.6,200,TRUE,TRUE,2300,144,12,0,4,3,6,1,2,3,6,71,1,1,0,0,1,0,0,1,0,0,0,0,0,0,0,0,0,1,0,7,3,1,0,1,0,0,0,0,2,5,1,0,0,1,0,0,0,0,0,1,1,0,0,0,1,0,0,0,0,3,0,0,0,0,1,0,0,0,0,0,0,0,0,0,0,0,0,0,0,0,0,0,0,0,1,0,0,0,2,1
70,0.7,130,0.44,0.6,750,TRUE,TRUE,2300,140,15,0,0,1,3,0,1,0,2,75,0,0,1,1,1,0,0,0,1,1,2,0,0,1,0,0,0,0,2,8,4,0,1,0,1,0,1,0,0,6,1,0,0,1,0,1,0,0,0,2,1,0,0,1,0,1,0,0,0,1,0,0,0,0,0,0,0,0,0,2,0,0,0,0,0,1,0,0,0,1,0,0,0,0,0,0,0,0,0,0
60,0.7,230,0.35,0.4,420,FALSE,TRUE,2300,137,8,1,2,4,4,3,2,0,7,69,1,0,2,1,0,1,0,0,0,0,1,0,0,0,0,0,0,0,0,6,1,0,0,1,0,0,1,0,0,8,1,0,1,1,0,1,1,0,0,2,0,0,0,0,0,1,0,0,0,3,0,0,0,0,0,0,0,0,0,1,0,0,0,0,0,0,0,0,0,1,0,0,0,0,0,0,0,0,1,1
50,0.7,150,0.69,0.6,700,TRUE,TRUE,2300,138,6,3,0,3,4,2,0,1,3,81,0,1,0,0,1,0,0,0,1,0,0,0,0,0,0,0,0,0,1,6,0,1,0,0,0,0,0,1,0,10,2,0,0,1,0,1,0,0,1,0,0,0,0,2,1,0,0,0,0,3,0,0,0,0,0,0,0,0,0,2,0,0,0,0,0,0,0,0,0,0,0,0,0,0,0,0,0,0,1,0
10,0.7,280,0.49,0.9,450,FALSE,FALSE,2300,138,3,5,1,2,5,2,2,1,3,79,1,0,0,0,0,1,0,0,0,2,0,0,0,0,0,0,0,0,0,8,1,1,0,1,0,0,1,1,0,11,0,0,1,0,0,0,0,1,0,1,0,0,0,1,0,0,0,0,0,1,0,0,0,0,0,0,0,0,0,0,0,0,0,0,0,0,1,0,0,1,0,0,0,0,0,1,0,0,0,0
90,0.6,120,0.43,0.8,480,TRUE,TRUE,2300,141,8,1,2,2,6,1,1,2,1,85,2,0,0,1,0,0,0,0,0,0,0,0,0,0,0,0,0,0,0,1,0,1,0,2,0,0,0,0,0,15,1,0,0,0,1,0,0,0,0,1,0,0,0,0,0,0,0,0,1,0,1,0,0,0,0,0,0,0,0,2,0,0,0,0,0,0,0,0,0,1,0,0,0,0,1,0,0,0,1,1
30,0.6,300,0.44,0.3,140,FALSE,TRUE,2300,139,11,2,0,0,5,1,0,1,1,78,4,1,1,1,1,0,0,0,0,0,1,0,0,0,0,0,0,0,0,3,1,0,0,0,1,0,0,0,0,11,1,0,0,0,1,1,0,1,1,1,1,0,0,1,0,0,0,0,1,3,0,0,0,0,1,1,0,0,0,0,0,0,0,1,0,0,0,0,0,1,0,0,0,0,0,0,0,0,0,0
80,0.5,100,0.79,0.5,710,FALSE,FALSE,2300,136,13,0,0,2,5,0,3,0,5,70,1,0,0,0,2,0,0,0,0,0,0,0,0,0,0,0,0,0,0,6,2,0,1,2,0,0,0,0,1,10,1,1,0,0,0,0,0,0,1,0,3,0,1,0,0,0,0,0,2,1,0,0,0,0,0,2,0,0,0,0,0,0,0,0,0,0,0,0,0,2,0,0,0,0,0,0,0,0,0,0
40,0.6,100,0.75,0.3,750,TRUE,TRUE,2300,140,11,0,1,5,4,1,0,3,5,66,1,1,1,0,0,1,0,0,2,0,3,0,0,0,0,0,1,0,1,3,4,0,0,0,0,0,0,0,0,11,2,0,0,0,1,1,0,1,0,2,2,0,0,0,0,0,0,0,0,1,0,0,0,0,1,0,0,0,0,2,0,0,0,0,0,0,0,0,0,2,0,0,0,0,0,0,0,0,0,1
90,0.6,180,0.65,0.5,110,FALSE,TRUE,2300,141,15,2,0,3,3,1,1,1,1,71,3,1,0,0,0,1,0,3,0,0,3,1,0,0,0,0,1,0,2,3,1,0,0,0,2,0,0,0,1,7,2,0,0,1,0,0,0,0,0,3,1,1,1,0,0,0,0,0,0,0,0,0,0,0,0,0,0,0,0,1,0,0,0,0,1,0,0,0,0,1,0,0,0,0,0,0,0,0,2,1
60,0.9,260,0.5,0.5,440,TRUE,TRUE,2300,138,11,2,1,3,3,2,0,1,7,69,4,0,0,0,0,0,0,1,0,0,3,0,0,0,0,1,1,0,0,4,1,0,0,0,0,1,1,0,0,8,3,0,1,1,0,0,0,0,0,3,1,0,0,0,0,0,0,0,0,2,1,0,0,0,1,0,0,0,0,2,0,0,0,0,0,0,0,0,0,0,0,0,0,0,0,0,0,0,0,0
30,0.6,250,0.33,0.9,120,FALSE,TRUE,2300,140,8,2,1,2,3,1,1,1,3,82,0,1,1,0,0,0,0,0,0,1,1,1,0,0,1,2,0,0,0,5,0,0,0,0,2,0,0,0,0,9,2,0,0,0,0,1,0,0,0,0,0,0,0,0,1,0,0,0,0,1,0,0,0,1,1,1,0,0,1,0,0,0,0,0,0,0,0,0,1,1,0,0,0,0,0,0,0,0,1,1
40,0.9,200,0.81,0.6,190,FALSE,FALSE,2300,142,11,1,3,2,7,1,2,1,5,69,1,0,0,0,0,0,1,0,0,0,2,0,0,0,1,1,0,0,1,8,2,0,0,3,1,0,0,0,1,6,1,0,0,0,0,0,1,0,0,2,1,0,0,1,0,0,0,0,0,1,0,0,0,0,0,1,0,0,0,2,0,0,0,0,0,0,0,1,0,2,0,0,0,0,0,0,0,0,0,0
50,0.8,210,0.44,0.8,810,TRUE,FALSE,2300,136,9,0,1,5,4,1,1,3,3,70,3,2,0,0,1,0,0,1,0,0,0,0,0,0,0,0,1,0,0,9,1,0,1,1,0,1,0,0,1,7,0,1,0,0,1,0,0,1,0,1,1,0,0,0,0,0,0,0,0,2,0,0,0,0,2,0,0,0,0,1,0,0,0,0,0,0,0,0,0,1,0,0,0,0,0,0,0,0,0,0
80,0.6,250,0.36,0.5,350,FALSE,FALSE,2300,137,13,0,3,3,4,1,1,0,6,71,1,0,0,0,0,0,0,0,0,0,0,0,0,1,0,0,1,0,0,8,2,0,0,0,1,0,0,0,1,6,1,0,1,0,1,0,0,1,0,4,1,0,0,0,0,0,1,0,0,4,0,0,0,0,0,1,0,0,0,0,0,0,0,0,0,0,0,0,0,0,0,0,0,0,0,0,0,0,0,0
20,0.8,270,0.87,0.4,510,TRUE,TRUE,2300,138,9,1,0,3,3,3,0,2,5,73,2,0,1,1,0,0,2,0,1,0,2,0,0,0,0,0,0,0,0,11,1,0,1,0,1,0,0,0,1,2,2,0,0,0,1,0,0,0,0,4,1,0,0,0,0,0,0,0,0,1,0,0,0,0,0,1,0,0,0,1,0,0,0,0,0,0,0,0,1,1,0,0,0,0,0,0,0,0,0,1
40,0.8,200,0.84,0.8,230,FALSE,TRUE,2300,141,12,3,0,7,4,2,0,3,5,72,0,0,0,0,1,0,0,0,0,1,0,0,0,0,0,0,1,0,1,8,0,0,0,1,1,1,0,1,1,4,0,1,0,0,1,0,0,0,2,3,0,2,0,0,1,0,0,0,0,0,0,0,0,0,0,0,0,0,0,0,0,0,0,0,1,0,0,0,0,1,0,0,0,0,0,0,0,0,0,1
10,0.7,290,0.82,0.6,710,FALSE,TRUE,2300,146,15,1,1,1,3,1,0,3,3,75,4,0,1,1,1,0,0,0,0,1,3,0,0,0,0,0,0,1,1,6,0,0,0,0,1,0,0,0,0,6,1,1,0,0,0,0,0,1,0,2,2,0,2,0,1,0,0,0,0,1,1,0,0,0,1,0,0,0,0,2,0,0,0,0,0,0,0,0,0,1,0,0,0,0,0,0,0,0,0,2
90,0.8,130,0.85,0.8,320,FALSE,FALSE,2300,139,15,0,0,1,5,0,1,3,2,72,1,0,1,0,1,2,0,2,0,0,4,1,1,0,0,1,0,0,0,10,0,0,0,0,1,0,0,0,0,6,2,0,0,0,0,0,0,0,0,3,1,1,0,0,0,0,0,0,0,0,0,0,0,0,1,0,0,0,0,0,0,0,0,0,0,0,0,0,0,1,1,0,0,0,0,0,0,0,0,0
70,0.7,210,0.49,0.7,800,FALSE,FALSE,2300,144,11,1,1,8,2,3,1,1,2,69,0,0,0,1,2,1,0,2,1,1,4,0,0,1,0,0,1,0,0,5,2,1,0,0,0,1,0,1,3,9,1,0,0,1,0,0,0,0,0,1,0,0,1,0,1,0,1,0,0,2,0,0,0,0,0,0,0,0,0,1,0,0,0,0,0,0,0,0,0,1,0,0,0,0,0,0,0,0,0,0
20,0.8,140,0.39,0.9,190,FALSE,TRUE,2300,141,8,3,1,0,6,2,0,0,2,81,0,1,0,0,0,0,0,1,0,2,1,0,0,1,0,0,0,0,0,6,2,0,1,0,0,2,1,0,1,8,0,0,1,0,0,1,1,0,0,4,0,0,0,0,0,1,0,0,1,1,0,0,0,0,0,0,0,0,0,0,0,0,0,0,0,1,0,0,0,1,0,0,0,0,0,0,0,0,0,0
100,0.5,290,0.52,0.9,960,TRUE,FALSE,2300,135,12,0,0,0,6,0,1,3,2,77,1,1,0,0,0,0,0,0,1,0,1,0,0,1,0,1,0,0,0,3,0,0,0,1,1,0,0,0,0,12,2,0,1,0,0,0,0,0,0,4,1,0,0,0,0,0,0,1,0,0,0,0,0,0,0,0,0,0,0,0,0,0,0,0,1,0,0,0,0,1,0,0,1,0,0,0,0,0,0,0
80,0.9,160,1,0.8,640,FALSE,FALSE,2300,135,9,2,2,5,7,4,0,3,3,60,0,0,0,1,1,0,2,0,0,0,1,0,0,1,2,0,0,0,0,3,1,0,0,2,0,1,0,0,2,9,2,1,2,0,0,1,0,0,1,1,0,0,0,0,0,0,0,0,1,3,0,0,0,0,0,0,0,0,0,0,0,0,0,1,0,0,0,0,0,2,0,0,0,0,0,0,0,0,0,0
20,0.7,270,0.86,0.8,320,FALSE,TRUE,2300,131,6,0,1,0,4,1,3,1,5,73,3,0,0,0,1,0,0,0,0,1,1,0,0,0,2,0,0,0,0,5,2,0,1,0,0,0,0,0,0,12,0,0,0,0,0,0,0,0,0,1,1,0,0,0,0,1,0,0,0,2,0,0,0,0,0,0,0,0,0,0,0,0,0,0,0,1,0,0,0,1,1,0,0,1,0,0,0,0,1,0
10,0.5,200,0.32,0.7,190,FALSE,FALSE,2300,135,8,1,1,2,6,2,3,0,4,73,1,0,1,0,0,0,0,0,0,1,0,0,1,0,0,1,0,0,0,0,1,0,1,0,0,1,0,0,2,9,1,1,0,0,1,0,0,0,0,4,0,0,0,0,0,0,0,0,1,2,1,0,0,0,1,1,0,0,0,1,1,0,0,0,0,0,0,0,0,2,0,0,0,0,0,0,0,0,0,0
70,0.9,100,0.7,0.9,350,FALSE,FALSE,2300,138,7,2,1,3,4,2,1,1,4,76,3,1,1,1,1,0,0,0,0,1,1,0,0,0,0,0,0,0,1,0,1,0,1,0,1,0,0,0,0,9,2,0,0,0,0,0,0,1,0,6,1,0,0,0,0,0,1,0,0,2,0,0,0,0,0,0,0,0,0,1,0,0,0,0,1,0,0,0,0,0,0,0,0,0,0,0,0,0,1,0
20,0.6,230,0.93,0.5,190,TRUE,FALSE,2300,137,11,2,1,1,2,1,1,1,3,74,1,0,0,0,1,0,1,0,0,0,1,0,0,0,0,0,1,0,1,8,3,0,1,0,0,0,0,0,1,9,1,0,2,0,0,0,0,0,0,3,0,0,0,0,0,2,0,0,0,2,0,0,0,0,0,0,0,0,0,2,0,0,0,0,0,0,0,0,0,0,0,0,0,0,0,1,0,0,0,0
50,0.7,210,0.84,0.6,420,TRUE,TRUE,2300,140,9,0,1,6,6,1,1,1,5,72,1,0,0,0,1,0,0,0,1,1,2,0,0,0,2,0,0,0,0,1,2,0,1,0,1,0,1,0,1,14,1,0,1,0,0,0,1,0,0,1,0,0,0,0,1,0,0,0,0,0,1,0,0,0,0,1,0,0,0,0,0,0,0,0,0,0,0,0,0,2,0,0,0,0,0,0,0,0,1,0
50,0.9,150,0.83,0.9,960,TRUE,TRUE,2300,141,7,1,1,5,7,3,2,3,4,73,0,0,0,0,1,0,0,0,0,1,0,0,0,0,2,0,0,0,0,2,1,0,0,0,2,2,1,0,0,10,0,1,0,0,1,2,1,0,0,4,0,0,0,0,0,0,0,0,0,3,0,0,0,0,0,0,0,0,0,0,0,0,0,0,1,0,0,0,0,1,0,0,0,0,0,0,0,0,0,0
80,0.9,230,0.48,0.6,510,TRUE,FALSE,2500,130,7,1,0,3,3,2,1,2,4,71,1,0,2,0,0,0,0,0,0,2,0,0,1,0,0,0,0,0,1,5,1,0,0,0,1,0,0,0,1,12,0,0,0,2,0,0,0,0,0,0,1,1,0,0,0,0,0,0,0,2,1,0,0,0,0,1,0,0,0,0,0,0,0,0,1,0,0,0,0,0,0,0,0,0,1,0,0,0,0,0
50,0.6,150,0.93,0.8,410,TRUE,FALSE,2500,127,2,1,1,3,5,5,3,0,2,67,2,0,0,0,1,0,2,0,0,1,0,0,1,0,0,0,0,0,0,4,1,1,0,0,1,0,0,0,2,11,0,0,0,0,1,0,0,0,0,3,0,0,0,1,0,0,0,0,0,1,0,0,0,0,2,0,0,0,0,2,0,0,0,0,1,0,0,0,0,0,0,0,0,0,1,0,0,0,0,0
60,0.8,210,0.43,0.6,830,FALSE,FALSE,2500,127,9,0,0,1,3,1,1,2,2,73,1,1,0,0,2,0,0,0,1,0,1,1,0,0,0,0,0,0,0,4,2,0,0,0,0,0,0,0,0,12,0,0,0,0,0,0,0,0,0,0,2,1,0,0,1,0,0,0,0,1,0,0,1,0,0,0,0,0,0,0,0,0,0,0,1,1,0,0,0,2,0,0,0,0,0,0,0,0,0,1
80,0.5,130,0.77,0.6,810,FALSE,TRUE,2500,124,4,2,1,3,5,2,2,0,3,70,1,1,0,0,0,1,1,0,0,0,1,0,0,0,0,0,0,0,1,8,1,0,0,0,1,0,0,0,0,5,0,1,0,0,1,0,1,1,0,1,1,0,0,0,0,0,0,0,0,3,0,0,0,0,1,0,0,0,0,1,0,0,0,0,0,0,0,0,0,1,0,0,0,0,0,0,0,0,0,0
40,0.9,120,0.42,0.3,700,FALSE,TRUE,2500,126,7,0,1,1,3,2,0,3,2,69,1,0,1,0,2,0,0,0,0,0,2,0,0,1,1,0,1,0,0,10,1,0,1,0,1,0,0,0,1,3,0,1,0,0,0,0,0,0,1,2,1,0,0,0,0,0,0,0,0,0,1,0,0,0,0,0,0,0,0,1,0,0,0,0,0,0,0,0,0,2,0,0,0,0,1,0,0,0,1,2
80,0.7,220,0.86,0.9,830,TRUE,FALSE,2500,127,7,0,1,1,5,2,0,1,2,69,1,1,0,1,0,2,1,0,1,0,2,0,1,0,0,0,0,0,0,6,2,0,0,2,0,0,0,0,0,7,2,0,0,1,0,0,0,1,0,1,1,0,0,0,0,0,0,0,0,2,1,0,0,0,0,1,0,0,0,0,0,0,0,0,0,0,0,0,0,2,0,0,0,0,0,0,0,0,0,1
90,0.8,130,0.47,0.7,280,TRUE,TRUE,2500,126,10,1,1,3,4,2,1,2,1,65,2,0,0,0,1,0,0,0,0,0,2,0,0,1,0,1,0,0,0,9,1,0,0,1,2,0,0,0,0,5,0,0,1,0,2,0,0,0,0,1,1,0,0,0,0,0,0,0,1,2,0,0,0,0,0,1,0,0,0,0,0,1,0,0,0,0,0,0,0,0,0,0,0,0,0,0,0,0,1,1
20,0.6,300,0.71,0.8,570,TRUE,FALSE,2500,128,4,1,0,1,3,7,1,2,3,69,1,1,0,1,0,1,0,0,0,1,0,0,0,1,0,0,0,0,0,8,1,0,0,2,1,0,0,0,0,8,2,0,0,0,0,0,0,0,0,3,1,0,0,0,2,0,0,0,0,2,0,0,0,0,0,1,0,0,0,0,0,0,0,0,0,0,0,0,0,0,0,0,0,0,0,0,1,0,0,0
60,0.8,220,0.86,0.8,950,FALSE,FALSE,2500,127,9,0,1,1,7,0,2,0,2,71,3,2,0,0,1,1,0,0,0,1,1,0,0,0,0,0,0,0,2,10,0,0,0,0,1,0,0,0,0,1,0,1,0,0,0,0,1,0,0,1,2,0,0,0,0,0,0,0,0,3,0,0,1,0,1,0,0,0,0,0,0,0,0,0,0,0,1,0,0,1,0,0,0,0,0,0,0,0,0,0
30,0.5,120,0.8,0.4,650,TRUE,FALSE,2500,132,9,1,0,1,4,1,1,2,1,74,2,1,2,1,0,1,1,0,0,0,0,1,0,0,0,0,0,0,0,6,2,0,1,0,0,0,0,0,1,6,0,0,0,0,0,2,0,0,0,3,0,0,0,1,1,0,0,0,0,0,1,0,0,0,1,0,0,0,0,1,1,0,0,0,1,0,0,0,0,1,0,0,0,0,0,0,0,1,0,0
20,0.5,270,0.32,0.3,920,FALSE,FALSE,2500,130,10,0,1,2,3,1,1,1,2,69,0,1,0,0,1,0,0,0,0,0,4,1,0,0,1,1,0,1,0,5,2,1,0,0,0,0,0,0,1,10,0,0,0,0,0,0,0,1,0,1,1,0,0,0,2,0,0,0,0,4,1,0,0,0,0,0,0,0,0,1,0,0,0,0,1,0,0,0,0,0,0,0,0,0,0,0,0,0,0,0
80,0.7,220,0.92,0.5,820,TRUE,FALSE,2500,128,3,1,2,3,7,3,4,0,3,73,1,0,0,0,0,0,0,0,0,1,0,0,0,0,0,0,0,0,1,8,0,0,0,0,0,1,0,0,1,7,1,0,0,0,0,1,0,1,0,1,0,0,0,0,1,1,0,0,0,0,0,0,0,0,0,0,0,0,0,1,0,0,0,0,0,0,0,1,0,1,0,0,0,0,0,0,0,0,1,0
90,0.6,250,0.44,0.3,530,FALSE,FALSE,2500,130,11,0,0,2,6,2,0,2,4,61,2,1,1,0,2,0,0,1,1,0,1,1,0,1,0,0,0,0,1,6,1,0,0,0,1,0,0,0,1,7,2,1,0,1,2,0,0,0,0,1,1,0,0,0,0,0,0,0,0,2,0,0,0,0,0,1,1,0,0,2,1,0,0,0,0,0,0,0,0,0,0,0,0,0,0,0,0,0,0,0
30,0.9,200,0.45,0.7,930,TRUE,FALSE,2500,128,8,0,1,4,3,2,0,1,4,68,1,0,0,1,0,1,0,0,0,0,1,0,0,2,1,0,0,0,0,8,2,0,0,1,0,0,0,0,1,7,0,0,0,0,0,0,0,0,0,1,1,0,0,0,0,0,0,0,0,4,0,0,0,0,0,1,0,1,0,0,1,0,0,0,1,0,0,0,1,1,0,0,0,0,0,0,0,0,0,0
60,0.7,230,0.36,0.3,520,TRUE,TRUE,2500,129,11,0,0,1,2,1,2,0,1,73,2,0,1,1,0,0,1,1,0,0,1,0,0,1,0,0,1,0,1,1,1,0,0,0,1,0,0,0,2,10,2,0,1,0,0,0,0,0,1,4,1,0,0,0,1,0,0,0,0,2,0,0,0,0,0,0,0,0,0,0,0,0,0,0,1,0,0,0,0,0,0,0,0,1,0,0,0,0,0,0
40,0.6,120,0.68,0.6,460,FALSE,TRUE,2500,127,4,2,1,0,6,3,0,2,2,72,0,0,0,0,2,1,0,0,0,1,2,0,0,0,1,0,0,0,1,3,1,0,0,1,0,2,0,0,1,9,1,1,0,0,0,0,0,0,0,1,0,0,0,0,0,0,0,0,0,1,0,0,0,0,1,0,0,0,0,1,1,0,0,0,0,0,0,0,1,2,0,0,0,0,0,0,0,0,1,0
90,0.9,110,0.9,0.4,700,TRUE,TRUE,2500,128,5,2,3,1,5,0,0,2,5,69,3,1,0,0,1,0,1,0,0,2,0,0,0,0,0,0,1,0,0,4,2,0,0,0,1,0,0,0,0,7,0,0,0,0,0,0,1,1,0,1,1,0,0,0,0,0,1,0,0,2,0,0,0,0,0,1,0,0,0,3,0,0,0,1,0,0,0,0,0,2,0,0,0,0,0,0,0,0,0,0
10,0.8,140,0.86,0.3,200,TRUE,FALSE,2500,125,6,0,0,0,4,1,0,1,2,74,2,1,1,1,1,0,0,1,0,0,1,1,0,0,0,0,0,0,1,1,2,0,0,1,0,1,0,0,1,11,2,0,0,0,0,0,0,0,0,4,0,0,0,0,0,0,0,0,0,1,1,0,0,0,0,1,0,0,0,0,0,0,0,1,0,0,0,0,0,1,0,0,0,0,0,0,0,0,0,0
40,0.8,150,0.45,0.3,150,FALSE,TRUE,2500,125,6,1,2,2,6,2,0,3,2,67,2,0,1,0,0,0,1,0,0,0,1,0,0,0,0,0,0,0,2,2,1,0,0,0,2,0,0,0,0,9,0,0,0,0,0,0,0,0,0,3,0,1,1,0,0,0,0,0,1,2,0,0,0,0,0,0,0,0,0,1,0,0,0,0,0,1,0,0,0,2,0,0,0,0,0,0,0,0,0,2
10,0.6,250,0.57,0.8,780,FALSE,TRUE,2500,127,8,0,1,1,2,1,0,1,3,75,0,0,0,0,2,0,1,0,0,0,2,0,2,0,0,0,0,0,0,1,1,0,0,1,1,0,0,0,1,14,1,0,0,0,1,0,0,0,0,2,1,0,0,0,0,0,0,0,0,2,1,0,0,0,0,0,0,0,0,0,0,0,0,0,1,0,0,0,0,1,0,0,0,0,0,0,0,0,0,0
60,0.9,220,0.49,0.9,880,FALSE,TRUE,2500,130,12,0,1,0,3,1,0,0,0,73,2,0,1,0,0,1,0,0,1,0,2,1,0,2,0,0,0,0,0,4,1,0,0,0,0,0,0,0,2,7,1,0,0,0,0,0,0,1,1,2,1,0,0,0,1,1,1,0,0,2,1,1,0,0,0,0,0,0,0,2,0,0,0,0,0,0,0,0,0,2,0,0,0,0,0,0,0,0,0,0
10,0.8,230,0.68,0.5,800,FALSE,FALSE,2500,126,6,2,0,4,3,4,1,1,2,66,1,0,0,0,0,0,1,0,0,1,2,1,0,0,1,1,0,0,2,2,2,0,0,0,2,0,0,0,0,13,0,1,1,0,0,0,0,1,0,1,1,0,0,0,0,0,0,0,1,1,0,0,0,0,0,0,0,0,0,0,0,0,0,0,1,0,0,0,0,1,0,0,0,0,0,0,0,0,0,0
80,0.7,250,0.81,0.6,1000,TRUE,FALSE,2500,128,11,0,0,3,2,2,0,1,2,68,2,0,0,1,0,0,2,0,1,1,0,0,0,0,0,1,0,1,0,5,3,0,0,2,0,0,0,1,0,10,2,0,0,0,0,0,0,1,0,0,1,0,0,0,1,0,0,0,0,2,0,0,0,0,0,0,0,0,0,0,0,0,0,0,1,0,0,0,0,1,0,0,0,1,0,0,0,0,0,0
20,0.7,170,0.31,0.3,130,FALSE,FALSE,2500,126,10,0,0,0,2,1,0,1,3,70,3,0,0,1,1,0,0,0,0,1,0,0,0,0,0,1,0,0,0,5,1,0,1,0,1,0,0,0,1,9,4,0,1,1,0,1,0,0,0,5,0,0,0,1,0,0,0,0,0,1,0,0,0,0,0,0,0,0,0,0,0,0,0,0,0,0,0,0,1,0,0,0,0,0,0,0,0,0,0,0
70,0.7,250,0.64,0.3,710,FALSE,FALSE,2500,128,8,0,1,0,2,1,1,1,3,72,3,0,0,0,1,1,0,0,0,1,0,0,0,0,0,0,2,0,1,3,1,0,0,0,0,0,1,0,0,14,2,1,1,0,1,0,0,0,0,3,0,0,0,0,0,0,0,0,0,1,0,0,0,0,0,1,0,0,0,0,0,0,0,1,0,0,0,0,0,0,0,0,0,0,1,0,0,0,0,0
50,0.8,260,0.59,0.5,910,FALSE,FALSE,2500,127,6,1,1,0,2,1,2,1,1,73,1,1,0,1,0,1,0,0,0,1,2,1,1,1,0,0,0,0,1,7,0,0,0,1,1,0,0,0,0,7,2,1,0,0,1,0,0,0,2,1,0,0,0,0,0,0,0,0,0,2,0,0,0,0,1,0,0,0,0,0,0,0,0,0,0,0,0,0,0,1,0,0,0,0,0,0,0,0,0,1
30,0.8,120,1,0.7,230,FALSE,FALSE,2500,128,8,0,1,1,5,1,0,0,4,68,5,1,0,0,1,1,0,1,0,1,0,0,0,0,1,0,0,0,1,8,0,0,1,1,0,0,0,0,0,6,2,0,0,1,0,0,0,0,0,0,2,0,0,0,0,0,0,0,0,3,0,0,0,0,0,0,0,0,1,1,0,0,0,0,0,1,0,0,1,0,1,0,0,0,0,0,0,0,0,0
20,0.5,270,0.95,0.3,910,TRUE,FALSE,2500,126,5,1,1,0,3,2,0,0,2,79,1,0,1,1,0,0,0,0,0,1,2,0,0,0,0,0,0,0,0,5,0,0,1,0,2,0,0,0,2,6,0,1,0,0,0,0,0,0,0,0,0,2,0,0,0,0,0,0,0,3,0,0,0,0,1,0,0,0,0,3,0,0,0,0,1,0,0,0,0,0,0,0,0,0,0,0,0,0,1,0
50,0.6,160,1,0.9,950,TRUE,FALSE,2500,129,7,0,0,2,5,1,1,1,1,74,1,0,1,0,1,0,0,1,0,0,1,0,0,0,0,1,0,0,1,11,2,0,0,1,3,2,0,0,0,3,1,0,0,0,0,0,0,0,0,2,0,0,0,0,0,0,0,0,0,1,0,0,0,0,0,1,0,0,0,0,0,0,0,0,0,0,0,0,0,1,1,0,0,0,0,0,0,0,1,1
80,0.7,270,0.93,0.6,460,FALSE,FALSE,2500,131,8,1,1,4,6,1,1,4,2,67,1,1,0,0,0,0,1,0,1,0,0,0,1,1,1,0,0,0,0,13,1,0,0,0,2,0,0,0,0,2,0,0,0,0,0,0,0,0,2,1,0,0,0,0,0,1,0,0,0,1,1,0,0,1,2,0,0,0,0,1,0,0,0,0,0,0,0,0,0,0,1,0,0,0,0,0,0,0,0,1
70,0.6,240,0.83,0.8,790,TRUE,TRUE,2500,127,8,0,2,1,5,2,0,1,4,69,2,1,0,0,0,0,0,0,0,2,0,0,0,0,2,0,0,0,0,9,1,0,0,0,1,0,1,0,1,4,0,1,0,0,2,0,1,0,0,2,0,0,0,0,0,0,0,0,0,1,0,0,0,0,1,0,0,0,0,0,0,0,0,0,0,0,0,0,1,3,0,0,0,0,0,0,0,0,0,0
10,0.7,110,0.46,0.9,430,TRUE,TRUE,2500,127,8,0,2,1,2,2,0,0,4,71,1,0,0,0,2,1,0,1,0,0,1,0,1,0,1,0,0,1,1,7,2,0,0,0,1,0,0,0,1,7,1,0,0,0,1,0,1,0,0,0,0,0,2,0,0,0,0,0,0,0,1,0,0,1,0,0,0,0,0,0,1,0,0,0,0,0,0,0,0,1,1,0,0,0,0,0,0,0,0,0
10,0.5,190,0.84,0.3,840,TRUE,FALSE,2500,126,3,3,0,3,5,0,2,0,4,75,0,0,2,1,0,0,0,0,1,1,1,0,0,0,0,1,0,0,0,3,1,0,1,0,0,0,0,0,1,11,0,1,0,0,1,0,0,0,0,0,0,0,0,0,0,0,0,0,0,2,0,0,0,0,1,1,0,0,0,0,1,0,1,0,0,0,0,0,0,0,0,0,0,0,0,0,0,0,0,0
70,0.6,210,0.86,0.6,780,FALSE,TRUE,2500,127,10,0,3,2,4,1,0,2,1,69,2,0,0,1,0,0,0,2,0,0,1,0,0,0,1,0,0,0,1,6,0,0,0,0,1,1,0,0,1,8,3,0,0,0,0,0,0,0,0,0,0,0,0,1,0,0,0,0,0,3,0,0,0,0,0,0,0,0,0,0,0,0,0,0,2,0,0,0,1,0,0,0,0,0,0,0,0,0,1,0
20,0.7,190,0.38,0.6,300,FALSE,TRUE,2500,125,4,1,1,1,5,2,1,2,1,72,0,0,1,0,0,0,0,0,0,2,0,1,0,0,1,0,0,0,1,7,1,0,0,0,0,0,0,0,0,11,0,0,0,0,2,0,1,0,0,1,1,0,0,0,0,1,0,0,0,3,0,0,0,0,0,0,0,0,0,0,0,0,0,0,0,0,0,0,0,2,0,0,0,0,0,0,0,0,0,0
20,0.5,190,0.71,0.8,320,TRUE,TRUE,2500,128,0,3,3,2,3,2,1,1,1,80,1,0,0,0,0,1,0,1,0,1,0,0,0,0,0,0,0,1,0,7,0,0,0,0,1,1,0,0,1,7,2,0,0,0,0,1,0,0,0,1,0,0,0,0,0,0,0,0,0,3,0,0,0,0,1,0,0,0,0,1,0,0,0,0,1,0,0,0,0,1,0,0,0,0,0,0,0,0,0,0
30,0.6,200,0.67,0.4,130,TRUE,TRUE,2500,129,7,0,0,6,3,5,0,1,5,69,1,0,1,0,0,0,0,1,0,0,1,0,0,1,0,0,0,0,0,5,2,0,0,0,1,0,0,0,3,6,1,1,0,0,2,0,1,0,1,1,0,0,1,0,0,0,0,0,0,0,0,0,0,0,0,0,0,0,0,1,0,0,0,0,0,0,0,0,0,1,0,0,0,1,0,0,0,0,1,0
20,0.9,280,0.52,0.5,710,TRUE,TRUE,2500,132,6,3,1,3,2,0,2,1,4,69,1,0,3,0,0,0,0,0,1,1,4,0,0,0,0,0,0,0,0,2,2,0,1,0,0,1,0,0,0,10,2,0,0,0,1,0,1,0,0,2,0,0,0,0,1,0,0,1,1,1,1,0,0,0,1,0,0,0,0,1,0,0,0,0,1,0,0,0,0,2,0,0,0,0,0,0,0,0,0,0
30,0.9,200,0.46,0.5,750,TRUE,TRUE,2500,131,15,0,1,0,3,0,0,3,1,73,1,0,0,1,0,0,1,0,0,1,2,0,0,0,1,0,0,0,0,2,2,0,0,1,0,0,1,0,0,13,0,1,0,0,1,0,0,0,0,1,1,0,0,1,0,0,0,0,0,1,0,1,0,0,0,0,0,0,0,0,0,0,0,0,0,1,0,0,0,0,1,0,0,0,0,0,0,0,0,1
90,0.5,240,0.41,0.7,820,TRUE,FALSE,2500,126,7,0,0,2,4,1,0,1,1,74,2,0,0,0,0,0,0,0,1,0,1,0,0,1,0,0,0,0,2,3,2,0,0,2,0,0,0,0,1,11,0,0,0,0,1,0,0,0,0,1,0,0,0,1,0,0,0,1,1,2,0,0,0,0,0,1,0,0,0,1,0,0,0,0,0,0,0,1,0,1,0,0,0,0,0,0,0,0,0,0
90,0.5,220,0.75,0.7,670,FALSE,TRUE,2500,128,7,1,0,2,5,0,1,1,4,74,1,0,0,1,2,0,1,0,0,0,1,0,0,0,1,1,0,0,0,5,1,0,0,2,0,0,1,0,0,11,0,0,0,1,0,0,0,0,0,0,0,0,0,0,0,0,0,0,0,2,0,0,0,0,0,0,0,0,0,0,0,0,0,0,0,0,0,0,0,1,0,1,0,0,0,1,0,0,0,0
60,0.8,290,0.57,0.9,390,FALSE,TRUE,2500,129,5,1,0,1,5,1,0,2,0,77,3,0,0,0,0,0,1,0,0,0,1,0,1,1,1,1,0,0,0,5,1,1,0,0,0,0,0,0,1,10,1,0,0,1,0,1,0,0,0,2,0,0,0,0,0,0,0,0,0,2,0,0,0,0,0,0,0,0,0,0,0,0,0,0,0,1,0,0,2,1,0,0,0,0,0,0,0,0,0,0
70,0.5,220,0.39,0.6,770,FALSE,TRUE,2500,128,9,2,0,1,3,1,1,1,3,71,1,1,0,0,0,0,0,1,0,0,1,0,0,1,1,0,0,0,0,10,1,0,0,1,0,1,0,0,0,8,1,0,0,0,0,0,0,0,0,2,0,0,1,0,1,0,0,1,1,0,1,0,0,0,0,0,0,0,0,1,0,0,0,0,0,0,0,0,0,0,1,0,0,0,0,0,0,0,0,0
30,0.5,280,0.44,0.9,940,TRUE,FALSE,2500,126,8,1,0,2,3,0,1,2,2,74,1,1,0,1,0,0,0,1,0,0,2,0,1,0,1,0,0,0,0,4,1,0,0,0,0,0,1,0,0,7,1,0,0,0,1,0,0,0,0,3,0,0,0,0,1,0,0,1,0,1,1,0,0,0,0,0,0,0,0,1,0,0,0,0,0,0,0,0,0,2,0,0,0,0,0,0,0,0,0,1
90,0.6,100,0.35,0.5,860,TRUE,TRUE,2500,128,9,0,0,2,5,1,2,0,3,69,0,0,0,2,0,0,0,0,0,0,1,0,3,1,0,0,0,0,1,7,2,1,0,0,0,0,0,0,0,10,2,0,0,0,2,0,0,0,0,0,0,0,0,0,0,0,0,0,0,0,0,0,0,0,0,1,0,0,0,1,0,0,0,0,0,0,0,0,0,0,0,0,0,0,0,0,0,1,1,2
20,0.7,100,0.31,0.8,610,FALSE,FALSE,2500,126,8,0,1,3,2,3,2,0,2,67,1,2,1,0,0,1,0,0,0,1,1,0,1,0,0,0,0,0,0,8,3,0,0,0,0,1,0,0,2,6,1,0,0,0,1,0,0,0,0,2,0,0,0,1,0,0,0,0,0,1,0,0,0,0,0,0,1,0,0,2,0,0,0,0,0,1,0,0,0,1,0,0,0,0,0,0,0,0,0,0
20,0.8,180,0.98,0.3,1000,FALSE,FALSE,2500,130,8,0,2,4,7,2,0,2,4,64,1,0,0,1,0,0,1,0,0,1,3,0,0,0,0,0,0,0,1,10,2,1,0,0,2,2,0,1,0,4,1,0,0,0,0,0,0,0,0,2,0,1,0,0,0,0,0,0,0,1,0,0,0,0,0,0,0,0,0,0,0,0,0,0,1,0,0,0,0,0,0,1,0,0,0,0,0,0,0,1
70,0.7,140,0.95,0.9,920,TRUE,FALSE,2500,130,10,0,1,1,3,1,0,0,4,70,0,1,0,0,0,0,0,0,0,0,2,2,0,1,1,0,0,0,0,9,1,0,0,0,0,1,0,0,1,9,2,0,0,0,1,0,0,0,0,2,1,0,0,1,0,0,0,0,0,4,0,0,0,0,1,0,0,0,0,0,0,0,0,0,1,0,0,0,0,0,0,0,0,0,0,0,0,0,0,0
90,0.9,270,0.44,0.5,810,TRUE,FALSE,2500,129,4,2,2,2,6,0,1,1,5,70,0,1,0,1,2,0,1,0,0,3,0,0,0,0,0,0,1,0,1,8,0,0,0,1,1,0,0,0,0,10,1,0,0,0,0,0,0,0,0,0,0,0,0,0,0,0,0,0,0,1,0,0,0,0,0,0,0,0,0,1,0,0,0,1,0,1,0,0,0,1,1,0,0,0,0,0,0,0,0,0
80,0.9,300,0.53,0.5,170,FALSE,FALSE,2500,130,6,0,1,3,5,2,1,3,1,72,0,0,1,1,0,0,1,0,1,3,0,0,0,0,0,0,0,0,2,8,1,0,0,0,2,0,0,0,1,3,1,0,0,0,0,0,0,0,0,3,0,0,0,0,0,0,1,0,1,3,0,0,0,0,1,0,0,0,0,0,0,0,0,1,0,1,0,0,0,1,0,0,0,0,0,0,0,0,0,0
60,0.5,280,0.65,0.8,380,TRUE,FALSE,2500,131,9,0,2,1,4,1,1,1,3,71,2,0,0,1,1,0,1,0,0,0,1,0,0,1,1,1,0,0,0,13,3,0,0,0,0,0,0,1,2,4,1,0,0,0,1,0,0,0,0,2,0,0,0,0,0,0,0,0,0,0,0,0,0,0,1,0,0,0,0,0,0,0,0,0,0,0,0,0,0,0,0,0,0,0,0,0,0,1,0,1
90,0.8,220,0.59,0.8,930,FALSE,FALSE,2500,131,9,0,0,1,8,2,0,1,3,68,3,0,0,0,1,0,0,0,1,0,2,0,1,0,0,1,1,0,0,10,1,0,1,0,0,0,1,1,0,3,1,0,0,1,0,0,1,0,0,3,0,0,0,0,0,0,0,0,1,2,0,0,0,0,0,1,0,0,0,2,0,0,0,0,0,0,0,0,0,1,0,0,0,0,0,0,0,0,0,0
100,0.5,270,0.62,0.5,390,TRUE,TRUE,2500,128,7,0,1,1,6,2,0,2,3,71,1,1,0,0,0,0,0,0,0,1,1,1,0,0,0,0,0,0,0,10,1,0,0,0,1,0,1,1,0,5,0,0,1,1,0,0,1,1,0,0,0,0,0,1,0,0,0,0,0,2,0,0,0,1,0,1,0,0,0,2,0,0,0,0,0,0,0,0,0,0,0,0,0,0,0,0,0,0,1,0
90,0.6,270,0.74,0.9,930,TRUE,TRUE,2500,130,10,1,1,2,5,1,1,0,4,69,1,1,0,0,0,0,3,0,0,1,2,0,0,0,1,0,0,0,1,6,2,0,0,0,0,1,0,0,0,5,0,0,0,1,0,0,1,0,0,1,1,0,0,0,0,0,0,0,0,4,0,0,0,0,1,0,0,0,0,2,0,0,0,0,1,0,0,0,0,0,0,0,0,0,0,0,0,0,0,1
70,0.7,190,0.59,0.7,410,TRUE,TRUE,2500,128,8,1,0,1,4,3,1,1,3,71,0,0,1,1,0,0,1,0,0,0,0,0,0,1,1,0,0,0,0,2,2,0,2,0,2,0,0,0,0,13,2,1,0,0,0,0,0,0,0,1,0,0,1,0,0,0,0,0,0,2,0,0,0,0,0,0,0,0,1,0,0,0,0,0,1,0,0,0,1,0,0,0,0,0,0,0,0,0,0,0
80,0.5,220,0.34,0.4,550,TRUE,FALSE,2500,131,11,1,2,2,3,1,0,0,3,69,3,0,0,0,1,0,0,1,1,0,1,0,0,0,2,0,0,0,1,7,2,0,0,0,0,1,0,0,3,7,2,0,0,0,0,0,0,0,0,0,0,0,0,1,1,1,0,0,0,3,0,0,0,0,0,0,0,0,0,0,0,0,0,0,1,0,0,0,0,1,0,0,0,0,0,0,0,0,0,0
80,0.9,250,0.88,0.7,850,FALSE,TRUE,2500,127,6,0,2,1,5,2,2,2,3,69,0,1,1,0,0,1,0,0,0,0,1,0,0,0,0,0,0,0,1,2,1,0,0,0,3,0,0,0,1,13,2,0,2,0,0,0,0,0,0,1,0,0,0,0,0,0,0,0,0,1,0,0,0,0,0,1,0,0,0,0,0,0,0,0,0,0,0,0,0,3,0,0,0,0,0,0,0,0,1,0
80,0.9,220,0.54,0.9,260,FALSE,FALSE,2500,125,6,0,1,2,6,1,3,1,2,70,0,0,0,0,1,0,0,0,0,1,0,0,0,0,1,0,0,0,0,1,1,0,0,0,1,0,1,0,2,14,0,1,0,0,0,0,0,0,0,1,1,1,0,0,0,0,0,0,0,1,1,0,0,0,0,0,1,0,0,0,0,0,0,0,1,1,0,0,0,2,0,0,0,0,0,0,0,0,0,0
50,0.5,300,0.87,0.3,660,FALSE,FALSE,2500,131,11,0,1,3,3,0,2,0,2,67,4,0,0,1,0,2,1,0,0,0,2,0,0,0,0,0,0,0,0,1,2,0,0,0,0,1,0,0,0,14,0,0,0,0,1,0,0,0,1,2,2,0,0,1,0,1,0,0,0,0,1,0,0,0,0,1,0,0,0,1,0,0,0,0,0,1,0,0,0,3,0,0,0,0,0,0,0,0,0,0
90,0.6,210,0.71,0.3,180,TRUE,FALSE,2500,128,5,2,2,1,3,3,0,0,3,75,0,1,0,0,0,0,0,0,1,1,0,1,0,0,0,0,1,0,0,1,0,1,0,0,0,0,0,0,1,11,1,0,0,0,1,0,0,0,0,3,1,0,1,0,1,0,0,0,0,1,0,0,0,0,0,0,0,0,0,2,0,0,0,0,1,0,0,0,0,3,0,0,0,0,0,0,0,0,0,1
70,0.8,200,0.49,0.5,310,FALSE,TRUE,2500,132,10,1,0,3,4,3,1,1,3,68,0,0,1,1,0,1,0,0,0,0,1,0,0,0,0,1,0,0,1,4,0,0,0,0,1,0,0,0,0,10,4,0,0,1,1,0,0,0,1,3,0,0,0,0,0,1,0,0,0,1,1,0,0,0,0,1,1,0,0,1,0,0,0,0,0,0,0,0,0,1,0,0,0,0,0,0,0,0,1,0
100,0.6,300,0.58,0.9,630,FALSE,FALSE,2500,128,10,0,2,0,2,3,0,0,4,72,1,1,0,0,1,0,0,0,0,0,3,0,0,0,1,0,1,0,0,0,2,0,0,0,1,0,0,0,1,11,0,0,1,0,2,0,1,0,0,2,2,0,0,0,0,0,0,0,0,1,0,0,0,0,0,0,0,0,0,0,0,0,1,0,1,0,0,0,0,0,0,0,0,0,0,0,0,0,0,2
70,0.5,150,0.61,0.4,950,TRUE,FALSE,2500,129,11,0,0,3,2,3,1,2,4,66,0,0,1,0,1,0,0,0,0,0,0,1,0,0,2,0,1,0,0,8,1,0,1,1,0,0,0,0,0,4,2,0,0,1,0,0,0,0,0,3,0,0,1,1,0,0,0,0,1,3,0,0,0,0,0,0,0,0,0,1,0,0,1,0,1,0,0,0,0,2,0,0,0,0,0,0,0,0,0,0
40,0.9,210,0.56,0.4,280,TRUE,FALSE,2500,124,6,1,1,3,6,2,0,2,2,67,0,0,0,0,0,0,0,2,0,1,1,0,1,1,0,0,0,0,1,7,0,0,0,0,1,0,0,0,1,7,0,1,0,0,1,0,0,0,1,1,3,0,0,0,1,0,0,0,0,1,0,0,0,0,0,0,0,0,0,1,0,0,0,0,0,0,0,0,0,1,0,0,0,0,0,0,0,0,0,1
100,0.8,280,0.56,0.7,170,FALSE,FALSE,2500,129,11,0,0,1,2,2,0,0,0,76,1,0,1,0,0,0,0,0,1,0,1,0,1,0,0,0,1,1,1,6,1,1,0,0,1,0,0,0,0,9,0,0,1,0,0,0,0,1,0,4,0,0,0,0,0,0,0,0,0,0,1,0,0,0,1,0,0,0,0,0,0,0,0,0,0,1,0,0,0,0,0,1,0,0,0,0,0,0,0,1
80,0.5,280,0.96,0.5,1000,FALSE,TRUE,2500,128,7,1,1,3,5,1,2,0,4,64,4,2,1,0,1,0,0,0,0,1,1,0,0,0,0,0,0,0,0,6,2,0,1,1,0,1,1,0,2,7,1,0,0,0,1,0,0,0,0,1,0,0,0,0,1,0,0,0,0,0,2,0,0,0,1,0,0,0,0,1,0,0,0,0,1,0,0,0,0,1,0,0,0,0,0,0,0,0,0,0
20,0.8,210,0.33,0.9,110,TRUE,FALSE,2500,124,4,1,2,2,7,1,1,1,2,70,1,0,0,1,2,0,0,0,0,1,1,0,0,0,0,0,0,1,0,8,0,0,1,0,0,1,0,0,0,6,1,2,1,0,0,0,0,0,0,0,0,0,0,0,0,0,0,0,0,0,0,0,0,0,0,0,0,0,0,0,0,0,0,1,1,1,0,0,2,1,0,0,0,0,0,0,0,0,1,0
40,0.9,220,0.77,0.8,790,FALSE,FALSE,2500,128,3,3,2,2,9,2,0,1,2,66,1,0,0,0,1,1,0,0,0,1,1,0,0,2,0,0,0,1,0,12,2,0,0,0,0,0,1,0,1,3,0,0,0,0,1,0,0,0,0,1,1,0,0,0,0,0,0,0,0,2,0,0,0,0,1,0,0,1,0,3,0,0,0,0,1,0,0,0,0,1,0,0,0,0,0,0,0,0,0,0
50,0.7,110,0.54,0.7,140,FALSE,FALSE,2500,127,8,1,1,1,3,2,0,0,4,76,1,0,0,0,0,0,1,0,0,0,2,1,0,0,0,0,0,0,0,6,0,0,0,0,1,0,0,1,0,10,0,0,1,1,0,0,0,0,0,0,1,1,0,0,0,0,0,0,0,0,0,0,1,0,0,0,0,0,0,0,0,0,0,0,1,0,0,0,1,1,0,0,0,0,0,0,0,0,0,1
30,0.8,240,0.96,0.5,530,TRUE,TRUE,2500,129,9,0,2,1,3,3,0,0,3,70,1,1,0,0,3,0,0,0,0,1,8,0,0,0,0,0,0,0,0,10,0,0,1,0,1,0,0,0,0,3,1,0,0,0,0,0,1,1,1,1,0,0,0,0,0,0,0,0,1,1,0,0,0,0,0,0,0,0,0,0,0,0,0,0,1,0,0,0,0,1,1,0,0,0,0,0,0,0,0,0
20,0.7,130,0.34,0.4,870,TRUE,FALSE,2500,130,8,0,0,2,3,3,1,2,1,70,0,0,1,1,0,0,0,1,0,3,2,1,1,0,1,0,0,0,2,10,2,0,0,0,3,0,0,0,0,2,1,0,0,1,0,0,0,0,0,2,0,0,1,0,0,0,1,0,0,2,0,0,0,0,0,1,0,0,0,1,0,0,0,0,0,0,0,0,0,0,0,0,0,0,0,0,0,0,0,1
10,0.6,100,0.52,0.6,200,TRUE,TRUE,2500,127,3,1,1,3,4,2,3,1,1,71,0,1,0,1,0,0,1,0,1,1,1,1,0,0,1,1,0,0,1,9,0,0,0,0,0,1,0,0,0,2,1,0,1,0,0,0,0,0,0,5,1,0,0,0,0,0,0,0,2,2,0,0,0,0,2,0,0,0,0,0,0,0,0,0,0,0,0,0,0,1,1,0,0,0,0,0,0,0,0,0
70,0.7,130,0.44,0.6,750,TRUE,TRUE,2500,127,4,0,1,1,6,3,1,1,4,69,1,0,0,0,1,0,0,0,0,1,0,0,1,0,0,0,0,2,0,12,1,0,0,0,2,0,0,0,1,5,1,0,0,0,0,0,0,0,0,2,1,0,0,1,1,0,0,0,0,1,0,0,0,1,0,0,0,0,0,0,0,0,0,0,0,0,0,0,0,2,0,0,0,0,0,0,0,0,1,0
60,0.7,230,0.35,0.4,420,FALSE,TRUE,2500,130,9,0,0,5,5,3,0,1,3,70,1,1,1,0,1,0,0,1,0,0,0,0,0,0,0,0,0,0,1,8,1,0,0,0,0,0,0,1,0,5,0,0,0,1,0,0,0,0,2,0,1,0,0,0,0,0,0,0,0,3,1,0,0,0,1,0,0,0,0,2,0,0,0,0,0,0,0,0,0,2,0,1,0,0,0,0,0,0,0,0
50,0.7,150,0.69,0.6,700,TRUE,TRUE,2500,128,7,0,1,0,3,1,0,0,3,73,4,0,1,1,0,0,0,0,0,1,1,0,0,1,1,0,0,0,1,9,3,0,0,0,1,0,0,0,0,6,1,0,0,0,0,0,0,0,0,0,2,0,0,0,1,0,0,0,0,1,0,0,1,0,0,0,0,0,0,1,0,0,0,0,1,0,0,0,0,1,0,0,0,0,0,0,0,0,0,2
10,0.7,280,0.49,0.9,450,FALSE,FALSE,2500,125,10,0,2,1,2,1,0,0,1,75,1,0,1,0,1,1,0,1,0,0,2,0,0,0,0,0,0,0,0,6,0,0,0,1,0,0,1,1,1,6,2,0,0,0,0,1,0,0,0,1,1,0,0,0,0,0,0,0,0,0,0,0,0,0,0,0,0,0,0,1,0,0,0,0,0,0,0,0,0,0,0,0,0,1,0,0,0,0,1,3
90,0.6,120,0.43,0.8,480,TRUE,TRUE,2500,126,8,0,0,1,3,1,0,0,3,74,1,0,0,1,1,0,0,1,1,0,0,0,0,2,0,0,0,1,0,5,0,0,0,2,0,0,0,0,1,12,3,0,0,0,0,0,0,0,0,0,0,0,0,0,1,0,0,0,0,3,0,0,0,0,0,1,0,0,0,0,0,0,0,0,0,0,0,0,0,0,0,0,0,0,0,0,1,0,0,0
30,0.6,300,0.44,0.3,140,FALSE,TRUE,2500,130,9,0,3,0,4,1,0,1,1,72,1,0,1,1,0,0,0,1,0,1,2,0,1,0,0,0,0,0,0,4,3,0,0,0,0,1,0,0,0,13,0,1,0,0,0,0,0,0,1,1,1,0,0,0,0,0,1,0,0,1,0,0,0,0,1,0,0,0,1,0,0,0,0,0,1,0,0,0,0,1,0,0,0,0,0,0,0,0,0,1
80,0.5,100,0.79,0.5,710,FALSE,FALSE,2500,129,7,0,0,2,4,3,1,1,4,72,0,0,0,0,2,0,0,0,0,2,0,0,0,1,0,1,0,0,0,0,2,0,0,0,0,0,0,2,0,14,0,0,1,0,0,0,0,0,0,3,0,0,0,0,0,0,0,0,0,4,0,0,0,0,0,0,0,0,0,0,1,0,0,0,1,0,0,0,0,1,0,0,0,0,0,0,0,0,0,1
40,0.6,100,0.75,0.3,750,TRUE,TRUE,2500,127,5,1,1,1,4,1,4,0,4,70,1,2,0,0,0,0,0,0,0,0,2,0,1,1,0,0,0,0,0,5,0,0,0,1,0,2,0,0,0,11,2,1,0,0,2,0,0,0,0,2,0,0,0,0,1,0,0,1,0,1,0,0,0,0,0,0,0,0,0,0,0,0,0,0,0,0,0,0,0,1,0,0,0,0,0,0,0,0,0,0
90,0.6,180,0.65,0.5,110,FALSE,TRUE,2500,131,5,1,1,2,6,2,2,1,3,73,6,0,0,0,0,0,0,0,0,0,0,1,0,0,0,0,0,0,0,7,2,0,2,0,0,0,0,0,1,9,1,0,0,0,0,1,0,1,0,1,0,0,0,0,0,0,0,0,0,0,0,0,0,0,0,0,0,0,0,1,0,0,0,0,1,0,0,0,0,0,0,0,0,0,0,0,0,1,0,1
60,0.9,260,0.5,0.5,440,TRUE,TRUE,2500,127,6,0,2,4,2,3,2,1,2,67,1,0,2,0,2,0,0,0,1,1,1,0,0,0,0,0,1,0,1,4,2,0,0,0,1,1,1,1,0,10,1,0,0,0,1,0,0,0,0,0,0,0,0,0,0,0,0,0,0,3,0,0,0,0,0,0,0,0,0,0,1,0,0,0,2,0,0,0,0,1,0,0,0,0,0,0,0,0,0,0
30,0.6,250,0.33,0.9,120,FALSE,TRUE,2500,128,4,1,2,0,4,1,1,1,2,79,0,0,0,1,0,0,0,0,0,0,1,0,0,0,0,0,0,0,0,6,2,0,1,0,1,0,0,0,0,11,0,1,0,0,1,0,0,1,0,1,0,0,2,1,0,1,0,0,0,0,0,0,0,0,0,0,0,0,0,0,0,0,0,0,0,0,0,0,0,2,1,0,0,0,0,0,0,0,0,0
40,0.9,200,0.81,0.6,190,FALSE,FALSE,2500,128,8,0,0,2,5,1,0,0,1,69,2,1,0,1,0,0,1,0,1,1,1,0,0,0,0,1,0,1,1,11,1,1,0,1,0,0,0,0,0,4,2,0,0,1,1,0,0,1,0,3,1,0,0,1,0,0,1,0,0,0,1,0,0,0,0,0,0,1,0,0,0,0,0,0,0,0,0,0,0,1,0,0,0,0,0,0,0,0,0,0
50,0.8,210,0.44,0.8,810,TRUE,FALSE,2500,130,10,0,0,2,3,2,1,1,1,69,2,1,0,1,1,0,0,1,0,0,2,0,0,1,0,0,1,0,0,8,1,1,0,1,1,0,1,0,0,8,3,0,0,0,0,0,1,0,0,2,0,0,0,0,0,0,0,1,0,0,0,0,0,0,0,0,0,0,0,0,1,0,0,0,0,1,0,0,0,1,0,0,0,0,0,0,0,0,0,1
80,0.6,250,0.36,0.5,350,FALSE,FALSE,2500,125,8,0,1,3,5,1,3,0,2,63,5,0,0,1,2,0,0,0,0,0,0,0,1,1,0,0,0,0,1,8,2,1,0,1,1,0,0,0,1,6,0,0,0,0,0,1,0,0,1,1,0,0,0,0,0,1,0,0,0,3,0,0,0,0,1,0,0,0,0,0,0,0,0,0,0,0,0,0,0,1,0,0,0,0,0,0,0,0,0,0
20,0.8,270,0.87,0.4,510,TRUE,TRUE,2500,127,7,2,0,3,5,2,2,0,1,70,1,1,0,1,0,0,0,0,1,1,1,1,0,0,0,0,0,0,2,4,1,0,0,0,0,0,0,0,0,7,1,0,0,1,0,0,1,0,0,0,1,0,0,0,0,0,0,1,0,4,1,0,0,0,1,0,0,0,0,1,0,0,0,0,0,0,1,0,1,0,0,0,0,0,0,0,0,0,1,0
40,0.8,200,0.84,0.8,230,FALSE,TRUE,2500,131,10,1,0,1,3,0,1,1,1,78,1,1,1,0,1,1,1,0,1,0,1,0,0,0,0,0,0,0,1,5,1,0,0,1,0,0,0,0,0,5,1,1,0,0,1,0,0,0,1,2,0,0,1,0,0,0,0,0,0,2,1,0,0,0,0,0,0,0,0,1,0,0,0,0,0,0,0,0,0,3,0,0,0,0,1,0,0,0,0,0
10,0.7,290,0.82,0.6,710,FALSE,TRUE,2500,128,6,1,1,3,3,2,1,1,0,72,0,1,0,1,0,0,0,0,0,1,1,0,0,1,0,0,0,0,1,6,3,0,0,1,2,1,0,0,2,7,0,0,0,0,0,0,0,0,0,3,0,1,0,0,1,0,1,0,1,1,0,0,0,0,0,1,1,0,0,1,0,0,0,0,0,0,0,0,0,0,0,0,0,0,0,0,0,0,0,0
90,0.8,130,0.85,0.8,320,FALSE,FALSE,2500,128,10,0,1,0,2,2,2,1,2,73,1,0,0,0,1,0,0,0,0,1,0,0,2,1,0,0,0,0,0,8,2,0,0,0,1,1,0,0,1,9,2,0,0,0,0,0,0,0,0,0,0,1,0,0,0,0,0,0,1,1,0,0,0,0,1,0,0,0,0,0,0,0,0,0,0,0,0,0,0,0,0,0,0,0,1,0,0,1,0,0
70,0.7,210,0.49,0.7,800,FALSE,FALSE,2500,127,6,0,1,2,3,1,1,1,2,67,4,1,1,0,1,1,1,0,1,1,3,0,0,1,0,0,0,0,1,8,1,0,0,0,1,0,1,0,0,7,1,0,1,0,0,0,0,0,0,2,1,0,0,0,1,0,1,0,0,1,0,0,0,0,0,0,0,0,0,0,0,0,0,0,0,0,0,0,0,1,0,0,0,0,0,0,0,0,0,1
20,0.8,140,0.39,0.9,190,FALSE,TRUE,2500,132,7,0,2,0,6,0,4,2,1,75,0,1,1,0,0,0,0,0,0,0,3,1,0,0,0,0,2,0,1,11,1,0,0,0,0,0,0,0,0,5,1,0,0,0,0,1,0,0,0,1,0,0,0,0,0,0,0,0,0,1,0,1,0,0,0,0,0,0,1,1,0,0,0,0,0,0,0,0,1,1,0,0,0,0,1,0,0,0,0,0
100,0.5,290,0.52,0.9,960,TRUE,FALSE,2500,129,10,0,3,1,3,2,1,0,4,66,2,0,0,0,1,0,2,1,1,0,1,0,1,0,0,0,0,0,1,10,1,0,0,0,1,0,0,0,0,7,1,0,0,1,0,1,0,0,0,0,2,0,0,0,0,0,0,0,0,2,0,0,0,0,1,0,0,0,0,0,1,0,0,0,0,0,0,0,0,0,0,0,0,0,0,0,0,0,0,2
80,0.9,160,1,0.8,640,FALSE,FALSE,2500,128,12,1,2,0,5,1,1,0,4,67,0,0,0,0,2,1,0,0,0,0,1,0,0,1,0,0,1,1,0,9,1,0,0,0,0,0,0,0,1,7,2,0,0,1,0,0,0,0,0,2,0,0,0,0,0,1,0,0,0,0,1,0,0,0,0,0,0,0,0,0,0,0,0,0,1,0,1,0,1,0,1,0,0,0,0,0,0,0,0,0
20,0.7,270,0.86,0.8,320,FALSE,TRUE,2500,131,5,2,0,0,2,4,1,0,5,75,3,0,0,0,1,0,0,0,0,1,2,0,0,0,0,0,0,1,1,5,1,0,1,0,0,0,0,0,0,9,1,1,0,0,1,0,0,0,1,2,0,0,0,0,0,0,0,0,0,2,0,0,0,0,2,0,0,0,0,1,0,0,0,1,0,0,0,0,0,1,0,0,0,0,0,0,0,0,0,0
10,0.5,200,0.32,0.7,190,FALSE,FALSE,2500,126,7,0,1,1,3,1,0,0,2,77,1,0,0,1,0,0,1,0,0,0,0,1,0,0,0,1,0,0,0,7,2,0,0,0,1,0,0,1,1,5,0,0,0,0,1,0,0,0,1,0,1,2,1,0,0,0,0,0,0,1,0,0,0,0,1,0,0,0,0,1,1,0,0,0,0,0,0,0,1,1,0,0,0,0,0,0,0,0,1,0
70,0.9,100,0.7,0.9,350,FALSE,FALSE,2500,125,7,0,0,2,4,1,1,0,2,66,1,0,0,0,2,0,0,0,0,0,4,0,0,1,0,1,0,0,0,7,2,0,1,2,0,0,0,0,1,7,2,0,1,0,0,1,0,0,0,3,0,0,0,0,0,0,0,0,1,3,0,0,0,0,1,0,0,0,0,1,0,0,0,0,0,0,0,0,0,1,0,0,0,0,0,0,0,0,0,0
20,0.6,230,0.93,0.5,190,TRUE,FALSE,2500,129,12,0,0,2,3,1,1,0,0,69,2,0,0,1,1,0,1,0,1,1,1,0,1,0,0,0,0,1,1,4,2,0,0,0,1,1,1,0,0,10,1,0,0,1,1,0,0,0,0,1,1,0,0,0,0,0,0,0,1,3,0,0,0,1,0,1,0,0,0,1,0,0,0,0,0,0,0,0,0,0,0,0,0,0,0,0,0,0,0,0
50,0.7,210,0.84,0.6,420,TRUE,TRUE,2500,130,14,2,0,1,7,1,0,2,1,70,0,1,1,1,0,0,0,0,0,1,1,0,0,0,0,0,0,0,0,2,2,0,0,0,0,0,0,0,0,12,0,0,0,1,1,1,1,1,0,2,0,0,0,0,1,0,0,0,0,0,0,0,0,0,0,1,0,0,0,0,0,0,0,0,0,0,0,0,0,0,1,0,0,0,0,0,0,0,0,2
50,0.9,150,0.83,0.9,960,TRUE,TRUE,2500,125,5,0,3,0,5,0,0,0,4,72,1,0,0,0,0,2,0,0,0,0,2,0,0,0,1,0,0,0,0,4,3,0,0,0,0,1,0,0,0,11,1,0,0,1,0,1,0,0,0,1,2,0,0,0,0,0,1,0,0,2,0,0,0,0,0,0,0,0,0,0,0,0,0,0,0,0,0,0,0,2,0,0,0,0,0,0,0,0,0,1
80,0.9,230,0.48,0.6,510,TRUE,FALSE,2700,123,7,0,2,8,6,3,0,2,3,61,2,1,0,0,1,0,0,0,0,1,1,0,0,0,0,0,0,0,0,0,0,0,0,0,2,0,0,0,0,8,0,0,0,0,0,0,2,0,0,6,0,0,0,0,0,0,1,1,1,1,0,0,0,0,1,0,0,0,1,0,0,0,0,0,0,0,0,0,0,1,0,0,0,0,1,0,0,0,0,0
50,0.6,150,0.93,0.8,410,TRUE,FALSE,2700,122,3,0,2,3,6,3,1,2,4,65,0,1,0,0,0,1,0,0,0,2,0,0,1,0,0,0,0,0,0,2,0,0,0,1,0,0,0,0,0,13,0,0,0,1,1,0,1,0,1,5,0,0,0,0,0,0,0,0,0,0,0,0,0,0,0,1,0,0,0,1,0,0,0,0,1,1,0,0,0,0,0,0,0,0,0,0,0,0,0,0
60,0.8,210,0.43,0.6,830,FALSE,FALSE,2700,127,3,1,2,1,2,4,2,1,5,70,1,1,1,0,2,0,0,0,0,1,0,0,0,0,1,0,0,0,0,5,0,0,0,2,0,0,1,0,1,10,1,0,0,0,1,0,1,0,0,1,0,0,0,0,0,0,0,0,0,2,0,0,0,0,2,0,0,0,0,1,0,0,0,0,0,0,0,0,0,0,0,0,0,0,0,0,0,0,1,0
80,0.5,130,0.77,0.6,810,FALSE,TRUE,2700,125,4,0,2,4,3,0,2,1,2,77,0,0,0,0,0,0,0,0,0,1,0,1,0,0,0,0,1,0,0,4,0,0,0,0,2,0,0,2,0,8,1,0,0,1,1,0,0,0,1,3,0,0,0,0,0,0,0,0,0,0,0,0,0,0,1,0,0,0,0,1,0,0,0,0,1,0,0,0,0,0,0,0,0,0,0,0,0,0,0,2
40,0.9,120,0.42,0.3,700,FALSE,TRUE,2700,126,5,1,1,4,7,3,1,1,6,66,0,1,1,0,0,0,0,0,0,3,0,0,0,0,0,0,0,0,0,1,0,0,0,0,0,0,0,0,1,10,0,0,1,0,1,1,0,0,1,2,0,0,0,0,0,0,0,0,0,3,0,0,0,0,0,1,0,0,0,1,0,0,0,0,0,0,0,0,0,2,0,0,0,0,1,0,0,0,1,0
80,0.7,220,0.86,0.9,830,TRUE,FALSE,2700,127,10,1,1,1,3,1,0,1,2,67,2,0,1,1,1,1,0,1,1,0,1,1,0,0,1,1,0,1,0,8,3,0,0,0,0,0,0,0,0,8,1,0,0,0,0,1,0,1,0,1,0,0,0,0,0,0,0,0,0,0,0,0,0,0,0,0,0,0,0,0,0,0,0,0,2,0,0,0,0,2,1,0,0,0,0,0,0,0,0,0
90,0.8,130,0.47,0.7,280,TRUE,TRUE,2700,128,10,0,1,1,1,1,1,1,1,70,3,1,0,0,0,1,0,0,0,1,3,1,0,0,2,0,1,0,0,5,2,0,0,0,2,0,1,0,0,7,0,0,0,1,0,0,0,0,0,3,1,0,0,0,0,0,0,0,0,3,0,0,0,0,1,0,0,0,0,1,0,0,0,0,0,0,0,0,0,1,0,0,0,0,0,0,0,0,0,1
20,0.6,300,0.71,0.8,570,TRUE,FALSE,2700,126,7,2,1,1,4,1,0,1,3,71,6,0,0,0,1,0,0,1,0,1,1,0,0,0,0,0,0,1,0,9,1,0,0,0,0,1,0,0,1,2,0,1,0,0,0,0,1,0,0,2,2,0,0,0,0,0,0,0,0,1,0,0,0,0,0,0,0,1,0,1,0,0,0,0,0,1,0,0,0,0,0,0,0,0,1,0,0,0,0,0
60,0.8,220,0.86,0.8,950,FALSE,FALSE,2700,127,9,1,2,2,6,2,1,2,1,64,0,1,0,1,2,0,0,0,0,0,1,0,0,0,0,0,0,0,1,4,1,0,1,1,0,0,0,0,2,9,0,0,1,0,1,0,1,0,0,3,1,0,0,0,0,0,0,0,0,3,1,0,0,0,0,1,0,0,0,0,0,0,0,0,0,1,0,0,0,1,0,0,0,0,0,0,0,0,0,0
30,0.5,120,0.8,0.4,650,TRUE,FALSE,2700,127,3,2,2,3,5,2,2,0,3,74,0,1,0,0,1,0,0,0,1,0,0,1,0,0,0,0,0,0,0,8,0,1,0,0,1,0,1,0,2,6,1,0,0,1,0,0,0,0,0,1,0,0,0,0,1,0,0,0,0,3,0,0,0,0,0,0,0,0,0,1,0,0,0,0,0,0,0,0,0,0,0,0,0,0,0,0,0,0,0,1
20,0.5,270,0.32,0.3,920,FALSE,FALSE,2700,127,10,1,1,1,3,2,0,1,3,66,2,3,0,0,0,1,0,0,0,1,3,0,0,0,0,0,0,1,0,12,1,0,0,0,1,0,0,0,3,2,0,0,0,0,1,0,1,0,0,2,1,0,0,0,0,0,0,0,0,2,1,0,0,0,0,1,0,0,0,0,0,0,0,0,0,0,0,0,0,1,0,0,0,0,0,0,0,0,0,0
80,0.7,220,0.92,0.5,820,TRUE,FALSE,2700,123,3,0,2,1,10,2,3,0,1,68,0,0,1,0,0,0,1,0,0,1,0,1,0,1,0,0,0,0,0,8,0,0,0,1,1,1,0,0,0,5,0,0,0,0,0,0,0,2,0,5,0,0,0,0,0,0,0,0,0,2,0,0,0,0,0,1,0,0,0,0,0,0,0,0,0,0,0,0,0,2,0,0,0,0,0,0,0,0,1,0
90,0.6,250,0.44,0.3,530,FALSE,FALSE,2700,130,7,1,2,2,4,2,3,1,2,72,0,1,0,0,1,0,0,0,0,1,0,0,0,0,1,1,0,0,0,10,0,0,0,1,0,1,0,0,2,7,0,0,0,1,1,0,1,0,0,0,0,0,1,0,0,0,0,0,0,1,0,0,0,0,1,1,0,0,0,0,0,0,0,0,0,0,0,0,0,2,0,0,0,0,0,0,0,0,0,0
30,0.9,200,0.45,0.7,930,TRUE,FALSE,2700,125,5,1,2,4,4,3,0,0,5,67,0,1,1,0,0,0,0,0,0,1,0,0,0,0,1,0,0,0,0,8,1,0,0,0,0,0,1,0,1,6,0,0,0,0,1,0,0,0,0,4,0,0,0,0,1,0,1,0,0,2,0,0,0,0,1,0,0,0,0,0,0,0,0,0,0,0,0,0,0,1,0,0,0,0,1,0,0,0,2,0
60,0.7,230,0.36,0.3,520,TRUE,TRUE,2700,127,6,0,3,2,3,1,1,2,2,69,5,0,0,0,1,1,0,1,0,0,2,0,0,0,1,0,0,0,0,11,2,0,0,0,0,0,0,1,0,4,2,0,0,0,0,0,0,0,0,3,0,0,0,0,1,0,0,0,0,1,0,0,0,0,0,0,0,0,0,0,0,0,0,0,0,0,0,0,0,1,0,0,0,0,0,2,0,0,0,0
40,0.6,120,0.68,0.6,460,FALSE,TRUE,2700,124,10,2,1,3,3,2,0,2,3,63,3,1,0,0,0,0,0,0,0,1,2,0,0,0,1,1,0,0,1,9,0,0,0,0,2,0,1,0,0,4,1,0,0,0,0,1,0,2,0,1,0,0,0,0,0,0,0,0,0,1,0,0,0,0,0,1,0,0,0,0,0,0,0,0,0,0,0,0,0,1,0,0,0,0,0,0,0,0,0,2
90,0.9,110,0.9,0.4,700,TRUE,TRUE,2700,126,4,0,3,1,4,4,1,1,6,70,0,0,1,0,0,1,0,0,0,0,0,1,0,0,1,0,0,0,0,6,0,0,0,0,2,0,0,0,1,11,0,0,0,1,0,0,0,0,0,2,0,0,0,0,0,0,0,0,0,3,0,0,0,0,1,0,0,0,0,0,0,0,0,1,0,0,0,0,0,1,0,0,0,0,0,0,0,0,0,0
10,0.8,140,0.86,0.3,200,TRUE,FALSE,2700,127,8,0,2,3,2,3,0,0,1,72,1,3,0,0,0,0,1,2,0,0,2,0,0,0,1,0,0,0,0,3,1,0,0,0,0,0,0,0,1,6,2,0,0,0,1,1,0,1,0,4,0,0,0,0,0,0,0,0,0,2,0,0,0,0,0,0,0,0,0,2,0,0,0,0,0,1,0,0,0,2,0,0,0,0,0,0,0,0,0,0
40,0.8,150,0.45,0.3,150,FALSE,TRUE,2700,129,8,3,0,2,0,0,2,0,1,75,3,0,1,0,0,0,1,0,0,0,2,0,0,1,1,0,0,0,0,4,2,0,0,0,1,1,1,0,0,9,2,0,0,0,0,0,0,1,1,2,0,0,0,0,0,0,0,0,0,1,0,0,0,0,1,0,0,0,0,0,0,0,0,1,0,0,0,0,0,2,0,0,0,0,0,0,0,0,1,0
10,0.6,250,0.57,0.8,780,FALSE,TRUE,2700,125,4,0,1,2,7,2,1,2,3,70,0,0,1,0,0,0,0,1,0,1,1,2,0,0,0,0,0,0,0,1,1,0,0,1,0,1,0,0,1,11,0,0,1,0,1,1,0,1,0,3,0,0,0,0,0,0,0,0,0,0,0,0,0,0,0,0,0,0,0,2,0,0,0,0,1,0,0,0,0,1,0,0,0,0,0,0,0,0,0,1
60,0.9,220,0.49,0.9,880,FALSE,TRUE,2700,123,8,1,1,2,5,1,0,0,3,66,2,0,1,1,0,0,0,0,0,0,0,0,0,0,0,0,1,0,0,5,0,0,0,0,2,0,1,0,0,9,2,0,0,0,0,0,0,0,1,4,2,1,0,0,1,0,0,0,0,1,0,0,0,0,0,0,0,0,0,1,0,0,0,0,0,0,0,0,0,1,0,0,0,0,0,0,1,0,0,0
10,0.8,230,0.68,0.5,800,FALSE,FALSE,2700,121,5,1,1,3,6,3,0,1,4,64,0,1,2,0,0,0,0,0,0,2,0,0,0,0,0,0,0,0,0,4,0,0,0,1,0,0,0,1,1,9,0,0,0,1,1,1,1,0,0,4,0,0,0,0,0,0,0,0,0,2,0,0,0,0,0,0,0,0,0,0,0,0,0,0,1,0,0,0,0,2,0,0,0,0,0,0,0,0,0,0
80,0.7,250,0.81,0.6,1000,TRUE,FALSE,2700,126,11,0,1,1,2,3,0,3,3,67,3,0,0,0,0,0,2,0,0,0,1,0,0,0,0,0,0,0,0,5,0,1,0,0,1,1,0,0,1,8,0,0,1,2,1,0,0,0,0,2,2,0,0,0,0,0,0,0,0,0,0,0,0,0,0,0,0,0,0,2,0,0,0,0,1,0,0,0,0,0,0,0,0,0,0,0,0,0,2,0
20,0.7,170,0.31,0.3,130,FALSE,FALSE,2700,124,8,0,0,2,2,0,2,0,0,71,0,0,1,0,1,0,0,0,0,1,2,0,0,0,1,0,1,0,0,7,2,1,0,1,0,0,0,0,0,11,1,0,0,1,0,1,0,1,0,2,0,0,0,0,1,0,0,1,0,1,0,0,0,0,0,0,0,0,0,0,0,0,0,0,0,0,1,0,0,0,1,0,0,0,0,0,0,0,0,0
70,0.7,250,0.64,0.3,710,FALSE,FALSE,2700,123,6,1,1,1,3,3,0,2,1,68,0,2,0,0,1,0,0,0,0,1,3,0,1,0,1,1,0,0,0,3,3,0,0,0,0,0,0,0,0,8,0,0,0,0,1,2,0,0,0,4,0,0,1,0,0,1,0,0,0,1,0,0,0,0,0,0,0,0,0,0,0,0,0,0,0,0,0,0,0,4,0,0,0,0,0,0,0,0,0,0
50,0.8,260,0.59,0.5,910,FALSE,FALSE,2700,129,11,0,3,1,4,2,1,1,2,66,1,0,0,1,0,1,0,0,1,0,1,1,0,0,0,1,0,0,1,8,0,1,0,0,2,0,0,0,0,6,2,0,0,0,0,0,0,1,0,2,0,0,1,0,0,0,0,0,1,1,0,0,0,0,0,1,0,0,0,1,1,0,0,0,0,0,0,1,0,0,0,0,0,0,0,0,0,0,0,2
30,0.8,120,1,0.7,230,FALSE,FALSE,2700,126,9,2,0,3,3,0,0,0,3,67,1,0,0,0,3,1,1,0,0,1,1,1,0,0,0,0,1,0,0,6,2,0,0,0,0,1,0,0,0,7,1,0,0,0,0,1,0,0,1,1,0,1,0,0,2,0,0,0,0,1,0,0,0,0,1,0,0,0,0,2,1,0,0,0,0,0,0,0,0,2,0,0,0,0,0,0,0,0,0,0
20,0.5,270,0.95,0.3,910,TRUE,FALSE,2700,129,10,0,0,2,6,2,1,1,2,68,2,2,0,0,0,1,1,0,0,1,5,0,0,0,0,1,0,0,0,1,1,0,0,1,0,0,0,0,2,13,0,0,1,0,0,0,0,0,0,1,1,0,0,0,0,0,0,0,0,0,0,0,0,0,0,0,0,0,0,1,0,0,0,0,1,0,0,0,1,1,0,0,0,0,0,0,0,0,0,0
50,0.6,160,1,0.9,950,TRUE,FALSE,2700,129,11,0,1,2,4,1,0,1,0,66,2,1,1,2,0,0,0,0,1,0,2,0,0,0,0,1,0,1,1,10,2,0,0,0,1,0,0,1,0,4,1,0,0,0,0,1,0,1,1,2,0,1,0,0,0,0,0,0,0,5,0,0,0,0,0,0,0,0,0,1,0,0,0,0,0,1,0,0,0,0,0,0,0,0,0,0,0,0,0,0
80,0.7,270,0.93,0.6,460,FALSE,FALSE,2700,127,11,0,2,1,3,3,0,1,4,67,2,0,1,0,1,0,0,0,0,0,1,0,0,0,1,0,0,0,1,11,0,0,0,0,0,0,1,0,0,3,1,0,0,0,2,1,0,0,0,1,3,0,0,0,1,0,0,0,0,1,0,0,0,0,0,0,0,0,1,0,1,0,0,0,0,0,0,0,0,2,0,0,0,0,0,0,0,0,0,0
70,0.6,240,0.83,0.8,790,TRUE,TRUE,2700,124,7,0,1,1,3,1,2,1,1,68,2,2,1,0,1,0,1,1,0,3,2,1,0,0,0,0,0,0,0,6,1,0,0,0,0,0,0,0,1,7,3,0,0,0,0,1,0,0,1,2,0,0,0,0,1,0,0,0,0,2,0,0,0,0,0,0,0,0,0,0,0,0,0,0,0,0,0,0,0,0,0,0,0,0,1,0,0,0,0,0
10,0.7,110,0.46,0.9,430,TRUE,TRUE,2700,127,10,1,0,2,3,2,1,0,3,65,2,2,1,0,0,1,0,1,0,0,2,0,0,0,1,0,0,1,1,4,1,0,1,0,0,0,0,0,1,8,0,0,0,0,0,0,0,1,0,0,2,0,0,0,0,0,0,0,0,2,0,0,0,0,0,1,0,0,0,0,0,0,1,0,0,0,0,0,1,2,1,0,0,0,0,0,0,0,1,2
10,0.5,190,0.84,0.3,840,TRUE,FALSE,2700,124,10,0,1,1,4,2,0,2,2,70,1,0,0,1,0,1,0,0,2,1,2,0,0,0,0,1,0,0,0,7,0,0,0,0,0,0,0,0,0,3,0,0,0,0,1,0,0,0,1,0,2,0,0,0,0,0,1,0,0,1,1,0,0,0,0,0,0,0,0,3,0,0,0,0,0,0,0,0,0,0,0,0,0,0,1,0,0,0,0,3
70,0.6,210,0.86,0.6,780,FALSE,TRUE,2700,130,9,0,1,0,2,1,2,1,2,71,2,0,2,0,2,0,0,0,0,1,4,0,0,0,1,1,0,0,1,8,2,0,2,0,1,0,0,0,0,6,0,0,0,0,1,0,0,0,0,2,0,0,0,0,1,0,0,0,0,3,0,0,0,0,0,0,0,0,0,0,1,0,0,0,0,0,0,0,0,0,0,0,0,0,0,0,0,0,0,1
20,0.7,190,0.38,0.6,300,FALSE,TRUE,2700,130,6,0,3,1,7,3,1,2,4,63,1,0,1,1,2,0,0,0,0,3,0,0,0,2,0,0,0,0,0,10,1,0,0,2,1,1,0,0,1,5,0,0,0,0,0,0,0,1,0,1,0,0,0,0,1,0,0,0,0,4,0,0,0,0,0,1,0,0,0,1,0,0,0,0,0,0,0,0,0,0,0,0,0,0,0,0,0,0,1,0
20,0.5,190,0.71,0.8,320,TRUE,TRUE,2700,127,13,0,1,3,3,1,1,2,2,63,2,0,0,1,1,2,0,0,0,1,1,0,0,0,1,0,0,0,0,8,2,0,0,1,0,1,0,0,0,3,0,0,0,0,1,0,0,1,0,1,1,0,0,1,1,0,1,0,1,2,0,0,0,0,1,0,1,0,0,0,0,0,0,0,0,0,0,0,0,0,0,0,0,0,1,0,0,0,0,2
30,0.6,200,0.67,0.4,130,TRUE,TRUE,2700,127,10,0,1,1,2,0,1,0,1,73,1,0,1,1,1,1,1,1,1,0,3,0,0,1,1,0,0,0,0,5,1,0,0,0,0,0,0,0,1,9,0,0,1,0,1,0,0,0,0,0,1,0,0,0,0,0,1,0,0,2,0,0,0,0,0,0,0,0,1,1,0,0,0,0,0,0,0,0,0,0,0,0,0,0,0,1,0,0,0,1
20,0.9,280,0.52,0.5,710,TRUE,TRUE,2700,126,8,0,3,1,4,1,2,0,1,70,2,1,1,0,1,0,1,0,0,0,1,0,0,0,0,0,0,0,0,4,1,0,0,0,0,1,0,0,2,9,1,0,0,0,1,0,0,1,0,0,0,0,1,0,1,0,0,0,0,3,0,0,0,0,0,0,0,0,0,1,0,0,0,0,1,1,0,0,0,1,0,0,0,0,0,0,0,0,0,1
30,0.9,200,0.46,0.5,750,TRUE,TRUE,2700,126,9,0,2,7,3,3,1,1,4,59,2,0,0,0,1,1,0,1,0,2,0,1,0,0,0,0,0,1,0,4,2,0,0,0,3,0,0,0,0,6,0,0,0,0,0,0,0,2,2,1,1,0,0,0,0,1,1,0,0,2,0,0,0,0,1,0,0,0,0,0,0,0,0,0,0,0,0,0,0,1,1,0,0,0,0,0,0,0,0,1
90,0.5,240,0.41,0.7,820,TRUE,FALSE,2700,123,8,1,2,0,2,1,0,1,3,68,0,1,0,0,2,0,0,0,1,1,3,0,1,0,0,0,0,0,0,1,4,0,0,0,1,0,1,0,0,10,0,0,0,0,0,0,0,0,0,4,1,0,0,0,0,0,0,0,0,1,0,0,0,0,0,1,0,0,0,0,0,0,0,0,0,0,0,0,0,2,0,0,0,1,0,0,0,0,1,1
90,0.5,220,0.75,0.7,670,FALSE,TRUE,2700,124,4,0,2,1,8,1,2,0,2,69,0,0,0,1,0,0,0,1,1,0,0,1,0,0,0,0,0,0,0,4,0,0,0,0,1,1,0,0,1,11,0,0,0,1,0,1,0,0,1,1,0,0,0,1,0,0,0,0,0,4,0,0,0,0,0,0,0,0,0,1,0,0,0,0,0,1,0,0,1,2,0,0,0,0,0,0,0,0,0,0
60,0.8,290,0.57,0.9,390,FALSE,TRUE,2700,127,4,0,1,4,3,4,0,1,3,74,0,1,1,1,1,0,0,0,0,1,0,0,0,0,0,0,0,0,1,2,2,0,1,0,1,0,0,0,0,8,0,0,0,0,1,0,0,1,0,4,0,0,0,0,0,0,1,0,0,1,0,0,0,0,0,0,0,0,0,1,0,0,0,0,0,0,0,0,0,1,0,0,0,0,1,0,0,0,2,0
70,0.5,220,0.39,0.6,770,FALSE,TRUE,2700,128,9,0,1,3,4,1,3,1,3,64,1,0,1,0,0,0,1,1,0,2,1,1,0,0,1,0,0,0,0,2,2,0,0,0,2,0,0,1,0,11,1,0,0,0,0,0,0,0,0,1,2,0,0,0,0,1,0,0,0,2,0,0,0,0,0,0,0,0,0,0,1,0,0,0,2,0,0,1,0,2,0,0,0,0,0,0,0,0,0,0
30,0.5,280,0.44,0.9,940,TRUE,FALSE,2700,127,4,0,2,2,5,2,4,0,4,65,1,1,0,0,0,0,1,0,0,3,0,0,1,0,1,0,0,0,0,2,1,0,0,0,2,1,0,0,1,14,0,0,0,1,0,0,0,0,0,2,0,0,0,0,0,0,0,0,0,3,0,0,0,0,0,0,0,0,0,1,0,0,0,0,0,1,0,0,0,2,0,0,0,0,0,0,0,0,1,0
90,0.6,100,0.35,0.5,860,TRUE,TRUE,2700,126,5,0,1,1,6,1,0,2,4,70,1,0,1,1,0,0,0,1,0,1,2,0,0,0,1,0,0,0,0,8,2,0,1,0,0,0,1,0,1,9,0,0,0,0,0,0,0,0,0,2,0,0,0,0,2,0,0,0,0,1,0,0,0,0,0,1,0,0,0,0,0,0,0,0,0,0,0,0,0,0,0,0,0,1,0,0,0,0,0,0
20,0.7,100,0.31,0.8,610,FALSE,FALSE,2700,129,8,0,1,2,4,2,0,0,3,69,4,0,0,1,1,0,0,0,0,0,2,0,0,0,0,0,0,0,1,3,3,1,0,0,0,0,1,0,3,13,0,0,0,1,1,1,0,0,0,3,0,0,0,0,0,0,0,0,0,0,0,0,0,0,0,0,0,0,0,0,0,0,0,0,1,0,0,0,0,1,0,0,0,0,0,0,0,0,0,0
20,0.8,180,0.98,0.3,1000,FALSE,FALSE,2700,128,8,0,2,5,2,1,1,1,2,69,1,2,0,0,0,1,0,0,0,2,1,0,0,0,0,1,0,1,0,6,2,0,0,0,1,0,0,0,1,6,2,0,0,0,0,0,1,0,0,4,0,0,0,0,0,0,0,0,0,2,0,0,0,0,0,0,0,0,0,0,0,0,0,0,2,0,0,0,0,1,0,0,0,0,0,1,0,0,0,0
70,0.7,140,0.95,0.9,920,TRUE,FALSE,2700,127,7,1,1,3,3,0,2,0,3,70,1,1,0,0,1,1,0,0,0,2,1,0,0,0,0,1,0,0,0,9,1,0,0,1,2,0,0,0,2,4,2,0,0,0,0,0,0,1,0,2,2,0,0,0,0,0,0,0,1,1,0,0,0,0,1,0,0,0,0,0,0,0,0,0,0,0,1,0,0,0,0,0,0,0,0,0,0,0,0,0
90,0.9,270,0.44,0.5,810,TRUE,FALSE,2700,129,6,1,1,2,5,4,0,2,5,72,0,0,0,0,0,0,0,0,0,1,0,1,0,2,0,0,0,0,1,6,0,0,0,0,1,0,0,0,0,7,0,0,0,0,2,1,0,0,0,3,0,0,0,1,1,1,0,0,1,1,0,0,0,0,0,0,0,0,0,1,0,0,0,0,0,0,0,0,0,1,0,0,0,0,0,0,0,0,0,0
80,0.9,300,0.53,0.5,170,FALSE,FALSE,2700,126,12,0,0,1,5,1,0,0,3,66,1,0,0,0,1,0,0,0,1,0,1,0,0,0,2,1,0,0,0,10,2,0,2,0,0,0,1,0,1,4,0,0,0,0,0,1,0,0,1,2,1,0,1,0,0,0,0,1,0,1,0,0,0,1,0,0,0,0,0,1,1,0,0,0,0,0,0,0,0,1,0,0,0,0,0,0,0,0,0,0
60,0.5,280,0.65,0.8,380,TRUE,FALSE,2700,126,9,1,1,2,4,2,0,2,2,66,0,2,0,0,1,0,0,1,0,1,0,0,0,0,1,0,0,1,1,10,0,0,1,0,0,1,1,0,1,2,4,0,0,0,0,0,0,0,0,2,0,0,0,1,0,0,0,0,1,1,0,0,0,0,0,0,0,0,0,2,0,0,0,0,0,1,0,0,0,1,0,0,0,0,0,0,0,0,0,1
90,0.8,220,0.59,0.8,930,FALSE,FALSE,2700,124,8,0,1,1,4,2,1,0,1,67,1,2,0,0,1,1,0,0,1,1,2,1,0,0,0,1,1,0,0,4,2,0,0,0,0,1,0,1,2,8,2,0,0,0,0,0,0,0,0,2,0,0,0,0,0,0,0,0,0,3,0,0,0,0,0,0,0,0,1,0,1,0,0,0,0,1,0,0,0,0,0,0,0,0,0,0,0,0,0,0
100,0.5,270,0.62,0.5,390,TRUE,TRUE,2700,127,8,0,0,0,3,1,0,2,1,73,1,2,0,1,0,0,0,0,1,0,3,0,1,1,0,2,0,0,1,15,1,0,0,0,1,1,0,0,0,1,1,1,0,0,0,0,0,0,0,0,1,0,0,0,1,0,0,0,0,2,0,0,0,0,0,0,0,0,0,1,0,0,0,0,0,0,0,0,0,1,0,0,0,0,0,0,0,0,0,0
90,0.6,270,0.74,0.9,930,TRUE,TRUE,2700,126,8,0,2,2,2,0,0,1,2,71,4,2,0,0,0,1,0,0,0,0,2,0,0,0,1,0,0,1,0,11,0,0,0,0,0,0,1,0,1,3,1,0,0,0,2,0,1,0,0,0,1,0,0,0,0,2,0,0,0,3,0,0,0,0,0,0,0,0,0,1,0,0,0,0,0,0,0,0,0,0,0,0,0,0,1,0,0,0,0,0
70,0.7,190,0.59,0.7,410,TRUE,TRUE,2700,125,6,1,1,2,4,2,0,0,3,69,3,2,0,0,0,0,0,0,2,0,2,0,0,0,0,1,1,0,0,7,0,0,0,0,0,1,0,0,1,8,1,0,0,1,0,0,0,0,1,0,0,0,0,0,0,0,0,0,0,2,1,0,0,0,0,1,0,0,0,0,0,0,0,0,0,0,0,0,1,1,0,0,0,0,0,0,0,0,1,0
80,0.5,220,0.34,0.4,550,TRUE,FALSE,2700,126,10,1,0,1,4,0,1,0,3,67,1,0,1,2,0,0,2,0,0,0,3,0,0,1,0,0,0,1,1,6,1,0,0,0,1,0,0,0,1,8,1,0,0,0,1,1,0,0,0,1,0,0,0,1,0,0,0,0,0,2,0,0,0,0,2,0,0,0,0,1,1,0,0,0,0,0,0,0,0,0,0,0,0,0,0,0,0,0,0,0
80,0.9,250,0.88,0.7,850,FALSE,TRUE,2700,127,8,2,0,1,3,1,1,0,0,74,1,1,0,0,0,1,0,1,0,1,0,1,0,0,0,0,0,0,1,9,2,0,0,0,1,0,0,0,0,6,0,0,1,1,0,0,1,0,0,1,2,0,0,0,0,0,0,0,0,3,0,0,0,0,0,0,0,0,0,0,1,0,0,0,1,0,0,0,0,0,0,0,0,0,0,0,0,1,1,0
80,0.9,220,0.54,0.9,260,FALSE,FALSE,2700,130,8,0,1,4,8,4,3,6,6,45,1,0,0,2,0,0,0,0,0,0,1,0,1,1,0,0,1,2,1,2,1,0,0,0,2,0,0,1,2,6,1,1,0,0,2,0,0,0,1,1,2,0,0,0,0,0,0,0,0,3,0,0,0,0,1,0,1,0,1,1,0,0,0,0,1,1,0,0,0,1,0,0,0,1,0,0,0,1,2,0
50,0.5,300,0.87,0.3,660,FALSE,FALSE,2700,124,4,0,1,2,9,2,2,1,0,70,0,1,0,1,1,0,0,0,1,1,0,0,0,0,0,0,0,0,0,5,0,0,0,1,0,0,0,0,1,7,0,0,1,0,2,1,0,0,1,1,0,0,1,0,0,0,0,0,0,1,0,0,0,0,0,0,0,0,0,1,0,0,0,0,0,1,1,0,1,2,0,0,0,0,0,0,0,0,0,1
90,0.6,210,0.71,0.3,180,TRUE,FALSE,2700,130,5,0,3,2,5,3,0,1,5,71,0,1,1,1,0,0,0,1,1,0,0,1,0,0,0,0,0,0,0,7,1,0,0,0,1,0,0,1,0,11,0,0,0,0,0,0,2,0,0,0,0,0,0,0,0,0,0,0,0,2,0,0,0,0,0,0,0,0,0,1,0,0,0,0,1,0,0,0,0,1,0,0,0,1,1,0,0,0,0,0
70,0.8,200,0.49,0.5,310,FALSE,TRUE,2700,128,7,1,1,0,3,2,1,0,1,74,1,0,0,0,2,0,0,0,1,1,1,1,1,1,0,0,0,0,2,2,1,0,0,0,0,0,0,0,0,13,1,0,0,1,1,1,1,0,0,1,1,0,0,0,0,0,0,0,0,1,0,0,0,0,0,1,0,1,0,0,0,0,0,0,0,0,0,0,0,2,0,0,0,0,0,0,0,0,0,0
100,0.6,300,0.58,0.9,630,FALSE,FALSE,2700,121,8,0,1,1,0,2,0,0,4,68,4,0,0,0,0,2,0,0,1,0,1,0,0,0,1,1,0,0,1,4,1,0,0,0,0,0,1,0,1,8,1,0,0,0,0,0,1,0,0,3,2,0,0,0,0,0,0,0,0,1,0,0,0,0,2,0,0,0,0,0,0,0,0,0,0,0,0,0,0,1,1,0,0,0,0,0,0,0,0,0
70,0.5,150,0.61,0.4,950,TRUE,FALSE,2700,128,11,0,1,1,2,1,0,0,1,71,3,0,1,1,1,1,0,0,0,0,1,0,0,0,0,1,0,1,0,2,4,0,0,0,0,2,1,0,1,11,1,0,0,0,0,0,0,0,0,1,1,0,0,0,0,0,0,0,0,1,0,0,0,0,1,0,0,0,0,2,0,0,0,0,0,0,0,0,1,1,0,0,0,0,0,0,0,0,0,1
40,0.9,210,0.56,0.4,280,TRUE,FALSE,2700,125,5,1,0,3,5,0,0,0,3,70,1,1,1,0,0,0,0,0,0,1,0,0,0,0,0,0,0,1,0,4,2,0,0,0,0,0,0,0,1,13,1,0,0,0,0,1,0,1,0,2,0,0,0,0,1,0,0,0,0,3,0,0,0,0,0,0,0,0,1,1,0,0,0,0,1,0,0,0,0,1,0,0,0,0,0,0,0,0,0,1
100,0.8,280,0.56,0.7,170,FALSE,FALSE,2700,127,4,2,3,2,3,2,2,2,3,65,0,1,0,1,0,0,1,0,0,1,0,1,0,0,0,1,0,0,0,1,1,0,0,1,1,2,1,1,0,13,0,1,0,0,2,0,0,0,1,5,0,0,0,0,0,0,0,0,0,1,0,0,0,0,1,0,0,0,0,0,0,0,0,0,0,0,0,0,0,2,0,0,0,0,0,0,0,0,0,0
80,0.5,280,0.96,0.5,1000,FALSE,TRUE,2700,124,3,3,0,2,4,3,1,2,1,72,0,1,1,0,1,0,0,0,0,1,0,0,0,0,0,0,0,0,0,3,0,0,0,0,2,1,0,0,0,12,0,0,0,0,0,1,1,0,1,3,0,0,0,2,0,0,0,0,0,0,0,0,0,1,0,1,0,0,0,0,0,0,0,0,0,0,1,0,0,0,0,0,0,0,0,0,0,0,0,1
20,0.8,210,0.33,0.9,110,TRUE,FALSE,2700,129,5,1,1,4,6,3,0,2,0,70,0,1,1,1,0,0,1,0,0,3,1,0,0,0,0,0,0,0,0,4,1,0,0,1,1,0,0,0,1,8,1,0,0,0,3,0,0,0,1,3,0,0,0,0,1,0,0,0,1,1,0,0,0,1,0,0,0,0,1,1,0,0,0,0,0,0,0,0,0,0,0,0,0,0,0,0,0,0,0,0
40,0.9,220,0.77,0.8,790,FALSE,FALSE,2700,126,8,0,1,1,2,0,1,2,1,71,2,0,0,0,0,0,1,1,0,1,3,0,0,0,1,0,1,0,0,6,3,0,0,0,1,0,1,0,0,8,1,0,0,0,0,0,0,0,0,3,0,0,1,0,1,0,0,0,0,1,0,0,0,0,0,0,0,0,0,0,0,0,0,0,0,0,0,0,0,4,0,0,0,0,0,0,0,0,0,0
50,0.7,110,0.54,0.7,140,FALSE,FALSE,2700,127,6,1,2,1,6,2,1,3,2,69,0,2,0,0,0,1,0,0,0,3,0,0,0,0,0,0,1,0,0,7,0,0,0,0,0,0,0,0,1,6,1,0,0,0,3,0,0,0,1,3,0,0,0,0,1,0,0,0,0,1,0,0,0,0,0,0,0,0,0,1,0,0,0,0,0,0,0,0,0,1,0,0,0,0,1,0,0,0,1,0
30,0.8,240,0.96,0.5,530,TRUE,TRUE,2700,126,3,2,2,0,2,0,2,3,0,76,6,0,0,0,1,0,0,0,1,1,0,0,0,0,1,0,0,1,0,4,2,0,0,0,1,1,0,0,1,8,1,0,0,0,0,0,0,0,0,3,0,0,0,0,1,0,0,0,0,1,0,0,0,0,0,0,1,0,0,1,0,0,0,0,1,0,0,0,0,0,0,0,0,0,0,0,0,0,0,0
20,0.7,130,0.34,0.4,870,TRUE,FALSE,2700,126,4,1,0,1,6,0,1,1,1,77,1,1,0,1,0,0,0,0,1,2,3,0,0,0,1,0,0,0,0,7,1,0,0,0,3,0,1,0,1,4,0,0,0,1,0,0,0,0,0,2,0,0,0,0,1,0,0,0,0,1,0,0,0,0,0,0,0,0,0,1,0,0,0,0,0,1,0,0,1,0,0,0,0,0,0,0,0,0,0,0
10,0.6,100,0.52,0.6,200,TRUE,TRUE,2700,126,11,1,0,2,3,2,1,0,0,70,2,0,0,1,1,1,1,0,1,0,2,0,0,0,0,0,1,1,1,6,1,0,0,0,0,1,0,0,1,5,1,0,0,1,1,0,0,0,1,0,0,0,0,0,0,0,0,0,0,2,0,0,0,1,0,0,0,0,0,1,0,0,0,0,1,0,0,0,0,1,0,0,0,0,1,0,0,0,0,0
70,0.7,130,0.44,0.6,750,TRUE,TRUE,2700,126,5,3,1,4,6,2,2,1,4,67,2,1,0,0,0,1,0,0,0,1,0,0,0,0,0,1,0,0,0,6,0,0,0,0,1,0,0,0,1,5,1,0,0,0,1,0,1,0,0,3,0,0,0,0,0,0,0,1,0,3,0,0,0,0,0,0,0,0,0,0,0,0,0,0,1,0,0,0,0,2,0,0,0,0,0,0,0,0,0,0
60,0.7,230,0.35,0.4,420,FALSE,TRUE,2700,123,9,0,0,1,3,0,1,2,1,70,1,0,0,1,2,0,1,1,0,1,2,0,0,1,2,0,0,0,1,8,1,0,0,0,0,0,0,0,1,5,0,0,1,0,0,0,0,0,0,2,1,0,0,0,0,0,0,0,0,2,0,0,0,0,0,0,0,0,0,0,1,0,0,0,0,0,0,0,0,1,0,0,0,0,0,1,0,0,0,0
50,0.7,150,0.69,0.6,700,TRUE,TRUE,2700,128,9,0,1,4,5,1,1,1,4,63,5,0,0,0,0,0,1,1,0,1,2,0,0,0,1,0,1,0,0,8,0,0,0,1,0,0,0,1,1,4,4,0,0,1,0,0,1,0,0,0,0,0,0,0,0,0,0,0,1,1,1,0,0,0,1,0,0,0,0,0,0,0,0,0,0,0,1,0,0,1,0,0,0,0,0,0,0,0,1,0
10,0.7,280,0.49,0.9,450,FALSE,FALSE,2700,124,8,1,0,1,1,1,1,2,1,72,3,2,0,0,0,1,0,1,1,1,3,0,0,0,0,0,0,0,0,3,0,0,0,0,1,0,1,0,0,9,1,0,0,0,1,0,0,0,0,1,1,0,0,0,0,0,0,0,0,3,0,0,0,0,1,0,0,0,0,0,0,0,0,0,0,0,0,0,0,0,1,0,0,0,0,1,0,0,1,0
90,0.6,120,0.43,0.8,480,TRUE,TRUE,2700,123,5,1,2,3,6,2,1,0,2,68,0,1,0,0,1,0,0,0,1,0,0,0,0,0,0,0,0,0,2,8,0,0,0,0,0,1,0,2,1,4,1,0,0,1,0,0,0,0,0,3,0,1,0,0,0,0,0,0,0,2,0,0,0,0,0,0,0,0,0,1,0,0,0,0,1,1,0,0,0,1,0,0,0,0,0,0,0,0,1,0
30,0.6,300,0.44,0.3,140,FALSE,TRUE,2700,127,9,0,1,0,3,0,1,0,2,74,2,2,0,0,0,0,1,0,1,0,0,0,0,0,1,0,1,0,0,6,4,0,0,0,0,0,0,0,0,6,1,0,0,0,0,0,0,1,1,2,0,0,0,0,1,0,0,0,0,2,1,0,0,0,0,0,1,0,0,0,0,0,0,0,1,0,0,0,0,1,0,0,0,0,0,0,0,0,0,1
80,0.5,100,0.79,0.5,710,FALSE,FALSE,2700,125,9,0,0,1,2,1,0,0,1,71,3,0,0,0,0,2,0,1,0,1,4,0,0,0,0,0,0,0,0,5,1,0,0,0,1,0,1,0,0,10,2,1,0,0,0,0,1,0,0,2,0,0,0,0,0,0,0,0,0,0,1,0,0,0,0,1,0,0,0,1,0,0,0,0,0,0,0,1,1,1,0,0,0,0,0,0,0,0,0,0
40,0.6,100,0.75,0.3,750,TRUE,TRUE,2700,127,4,1,3,2,11,0,0,1,3,66,0,0,1,0,0,0,1,1,0,2,0,1,0,0,0,0,0,0,0,3,1,0,0,0,0,1,1,0,2,11,0,0,0,0,1,0,1,0,0,1,0,0,0,0,0,0,0,0,0,2,0,0,0,0,0,0,0,0,0,2,0,0,0,0,1,0,0,0,1,1,0,0,0,0,0,0,0,0,0,2
90,0.6,180,0.65,0.5,110,FALSE,TRUE,2700,125,6,1,0,1,2,1,0,0,2,73,0,1,1,0,0,0,1,0,0,1,3,0,1,0,0,1,0,1,1,4,2,0,0,0,0,0,0,0,1,11,0,0,1,0,0,0,2,0,0,1,0,0,0,0,0,0,0,0,0,2,0,0,0,0,1,0,0,0,0,1,1,0,0,0,2,0,0,0,0,0,0,0,0,0,0,0,0,0,0,0
60,0.9,260,0.5,0.5,440,TRUE,TRUE,2700,130,6,0,1,1,5,2,1,3,3,74,0,0,0,1,1,1,0,0,0,2,0,1,0,1,0,0,0,0,0,0,1,0,1,0,2,0,0,0,1,11,0,0,0,0,0,2,0,0,1,2,0,1,0,0,0,0,0,0,0,3,0,0,0,0,0,0,0,0,0,0,0,0,0,0,0,0,0,0,0,1,0,0,0,0,0,1,0,1,0,0
30,0.6,250,0.33,0.9,120,FALSE,TRUE,2700,128,9,0,2,1,3,2,0,1,2,66,3,2,0,1,0,0,0,0,0,0,2,0,0,0,0,0,0,1,1,7,1,0,0,1,1,0,1,0,1,7,2,0,0,0,1,0,1,0,0,2,0,1,0,0,0,0,0,0,0,2,0,0,0,0,0,0,0,0,0,1,0,0,0,0,1,0,0,0,0,3,0,0,0,0,0,0,0,0,0,0
40,0.9,200,0.81,0.6,190,FALSE,FALSE,2700,127,9,1,2,1,3,1,0,0,2,66,3,0,1,1,1,0,0,2,1,0,1,0,0,0,1,0,0,0,0,4,4,0,0,0,0,1,0,2,0,11,0,0,0,0,0,1,0,0,0,1,0,0,0,0,0,0,1,0,0,3,1,0,0,0,1,0,0,0,0,1,0,0,0,0,0,0,0,0,0,0,0,0,0,1,0,0,0,0,0,0
50,0.8,210,0.44,0.8,810,TRUE,FALSE,2700,128,7,3,1,6,4,3,2,0,5,59,1,1,0,0,0,0,1,1,1,3,1,0,0,0,0,1,0,1,1,1,1,0,0,1,3,0,0,1,1,9,2,0,0,0,0,0,0,0,0,4,0,0,0,0,1,0,0,0,0,0,0,0,0,0,0,0,0,0,0,0,1,0,0,0,0,0,0,0,0,0,0,0,0,0,0,0,0,0,0,2
80,0.6,250,0.36,0.5,350,FALSE,FALSE,2700,126,5,0,1,3,5,1,3,1,1,72,0,2,0,0,1,0,0,0,1,0,1,0,1,0,0,0,0,0,0,1,0,0,0,0,0,1,0,0,3,7,2,0,0,0,1,0,0,1,1,3,0,0,0,0,0,0,0,0,1,1,0,0,0,0,1,0,0,0,0,1,0,0,0,0,0,0,0,0,1,2,0,0,0,0,0,0,0,0,1,1
20,0.8,270,0.87,0.4,510,TRUE,TRUE,2700,122,4,1,1,2,6,1,2,1,5,68,0,1,1,0,1,0,0,0,0,0,0,0,0,0,0,0,0,0,0,3,0,0,0,1,0,1,1,0,2,10,0,0,1,0,1,1,0,0,0,3,0,0,0,1,0,0,0,0,0,0,0,0,0,0,0,0,0,0,0,0,0,0,0,0,0,1,0,0,0,1,0,0,0,0,0,0,0,0,1,1
40,0.8,200,0.84,0.8,230,FALSE,TRUE,2700,126,8,1,1,2,7,0,2,0,1,67,0,1,1,2,1,0,1,0,1,0,3,0,0,0,1,0,0,0,0,3,3,0,0,1,0,0,0,0,2,8,1,0,0,0,1,1,0,0,0,0,0,0,0,0,0,0,0,0,0,2,0,0,0,0,0,0,0,0,1,0,0,0,0,0,0,1,0,0,0,2,0,0,0,0,0,1,0,0,0,0
10,0.7,290,0.82,0.6,710,FALSE,TRUE,2700,125,9,1,0,0,1,3,1,0,2,72,2,0,0,1,0,0,1,0,0,0,4,0,0,0,0,0,0,1,0,2,2,0,0,1,2,0,0,0,1,9,0,0,0,0,0,2,0,0,0,1,1,0,0,0,0,0,0,0,0,0,1,0,0,0,0,0,0,0,0,0,0,0,0,1,0,0,0,0,0,3,0,0,0,0,0,0,0,0,1,1
90,0.8,130,0.85,0.8,320,FALSE,FALSE,2700,122,6,0,1,2,4,1,0,0,2,67,1,0,0,1,1,1,0,1,1,1,2,1,0,0,1,0,0,0,0,3,4,0,0,0,1,0,1,0,1,10,1,0,0,0,0,0,0,0,0,2,1,0,0,0,1,0,0,0,0,2,0,0,0,0,1,1,0,0,0,0,0,0,0,0,0,0,0,0,0,0,0,0,0,0,0,0,0,0,0,0
70,0.7,210,0.49,0.7,800,FALSE,FALSE,2700,125,8,1,2,3,5,1,2,1,2,68,1,3,0,0,0,0,1,1,0,1,1,0,0,0,0,0,0,0,0,6,0,0,0,0,0,1,0,0,0,4,0,0,0,0,1,0,0,2,2,1,1,0,0,0,0,1,0,0,0,2,0,0,0,0,0,0,0,0,0,0,0,0,0,0,0,0,0,0,0,1,0,0,0,0,0,1,1,0,0,1
20,0.8,140,0.39,0.9,190,FALSE,TRUE,2700,126,4,1,1,3,4,2,0,2,4,71,1,2,0,0,0,1,0,0,1,1,0,0,0,0,1,0,0,0,0,8,1,0,0,0,2,0,0,0,0,4,0,1,0,0,0,1,1,0,1,2,0,0,0,0,0,0,0,1,0,2,0,0,0,0,1,0,0,0,1,1,0,0,0,0,0,0,0,0,0,0,0,0,0,0,0,0,0,0,0,1
100,0.5,290,0.52,0.9,960,TRUE,FALSE,2700,130,7,2,2,2,8,1,0,1,4,69,0,0,1,0,0,1,0,0,0,1,0,0,1,0,0,0,0,0,0,12,1,0,0,0,0,1,1,0,1,4,0,0,0,0,0,1,1,1,0,3,0,0,0,1,0,1,0,0,0,1,0,0,0,0,0,0,0,0,0,0,0,0,0,0,0,0,0,0,0,1,0,0,0,0,0,0,0,1,0,0
80,0.9,160,1,0.8,640,FALSE,FALSE,2700,125,7,0,1,4,2,1,0,1,3,68,3,1,1,0,0,0,0,0,0,2,0,0,0,0,0,0,1,0,1,7,1,0,0,0,0,0,0,0,1,7,2,0,0,0,3,0,1,0,1,2,0,0,0,0,0,0,2,0,0,2,0,0,0,0,1,0,0,0,0,0,0,0,0,0,0,0,0,0,0,0,0,0,0,0,0,0,0,0,0,0
20,0.7,270,0.86,0.8,320,FALSE,TRUE,2700,126,7,0,0,1,1,0,1,1,1,74,4,0,0,0,0,0,0,2,1,1,4,0,0,0,0,0,0,0,0,8,1,0,0,0,1,0,0,0,0,4,2,1,0,0,0,1,1,0,0,1,1,0,0,0,0,0,0,0,1,2,1,0,0,0,1,0,0,0,0,0,0,0,0,0,1,0,0,0,0,0,0,0,0,0,0,0,0,0,0,2
10,0.5,200,0.32,0.7,190,FALSE,FALSE,2700,127,8,0,0,2,2,2,1,0,3,64,3,0,2,2,1,0,0,0,0,3,3,0,0,0,2,1,0,1,1,6,1,0,0,0,0,0,1,0,0,9,0,0,0,0,0,0,0,1,0,2,0,0,0,0,0,1,0,0,0,1,1,0,0,0,1,0,0,0,0,1,0,0,0,0,1,0,0,0,0,0,1,0,0,0,0,0,0,0,0,0
70,0.9,100,0.7,0.9,350,FALSE,FALSE,2700,126,5,0,2,1,1,4,1,1,2,70,3,1,0,1,0,0,0,0,0,1,1,1,0,0,0,1,0,0,0,3,1,0,0,0,1,1,0,0,1,11,2,0,0,0,1,0,0,1,1,1,2,0,0,0,0,0,0,0,0,2,0,0,0,0,1,0,0,0,0,0,0,0,0,0,0,1,0,0,0,1,0,0,0,0,0,0,0,0,0,0
20,0.6,230,0.93,0.5,190,TRUE,FALSE,2700,123,5,0,4,1,5,2,1,1,4,70,0,1,1,0,0,0,0,0,0,1,0,0,0,0,1,0,0,0,0,8,1,0,0,0,0,1,1,0,0,3,0,0,0,0,0,0,0,2,0,3,0,0,0,0,1,0,0,0,0,3,0,0,0,0,0,0,0,0,0,2,0,0,0,0,1,0,0,0,0,1,0,0,0,0,0,0,0,0,0,0
50,0.7,210,0.84,0.6,420,TRUE,TRUE,2700,127,9,1,0,2,4,0,1,0,2,66,4,0,0,2,0,1,0,0,1,0,1,0,0,0,1,1,0,0,0,6,4,0,0,0,1,0,1,1,2,5,0,0,0,0,0,0,0,0,0,2,1,0,0,0,0,0,0,0,0,3,0,0,0,0,0,0,0,0,0,2,1,0,0,0,1,1,0,0,0,1,0,0,0,0,0,0,0,0,0,0
50,0.9,150,0.83,0.9,960,TRUE,TRUE,2700,125,9,0,2,1,3,2,1,0,2,73,1,0,0,0,0,0,0,0,0,1,2,1,0,0,0,0,0,1,0,9,0,0,0,0,0,0,0,0,0,5,2,1,0,0,0,0,0,0,1,1,1,0,0,0,0,0,0,0,0,2,0,0,0,0,0,0,0,0,0,0,0,0,0,0,1,0,0,0,0,1,0,0,0,0,0,0,0,0,0,3
80,0.9,230,0.48,0.6,510,TRUE,FALSE,2900,121,6,1,1,5,5,2,1,0,3,60,2,0,0,0,0,0,0,0,2,1,0,1,0,0,0,0,1,0,2,6,0,0,0,0,1,1,1,0,1,5,1,0,0,1,0,0,0,1,0,4,1,0,0,0,0,0,1,0,0,1,1,0,0,0,0,0,0,0,0,0,0,0,0,0,0,1,0,0,0,2,0,0,0,0,0,0,0,0,0,0
50,0.6,150,0.93,0.8,410,TRUE,FALSE,2900,121,4,0,3,3,2,1,1,1,4,66,1,1,0,0,2,0,0,0,0,2,1,0,2,0,0,0,1,1,0,4,0,0,0,0,0,0,0,0,1,4,0,0,0,0,0,1,0,0,0,6,1,0,0,0,0,0,0,2,0,1,0,1,0,0,0,1,0,0,0,0,0,0,0,0,0,0,0,0,0,2,1,0,0,0,0,0,0,0,0,1
60,0.8,210,0.43,0.6,830,FALSE,FALSE,2900,124,4,0,3,1,6,1,2,0,5,70,1,1,0,1,0,0,1,0,0,1,0,0,0,1,0,0,0,0,0,6,1,0,0,0,1,0,0,0,1,6,0,0,0,1,0,0,0,0,1,3,0,0,0,0,0,0,0,0,0,1,0,0,0,0,0,0,0,0,0,3,0,0,0,0,1,0,1,0,0,0,0,0,0,0,0,0,0,0,0,1
80,0.5,130,0.77,0.6,810,FALSE,TRUE,2900,120,6,1,1,0,5,0,1,1,4,63,4,0,1,0,0,1,0,0,0,0,2,0,0,0,0,0,0,0,2,1,3,0,0,0,1,0,0,0,0,17,0,0,0,0,0,0,0,0,0,1,0,1,0,0,0,0,0,0,0,1,0,0,0,0,0,0,0,0,0,0,0,0,0,0,1,0,0,0,0,1,0,0,0,0,1,0,0,0,0,1
40,0.9,120,0.42,0.3,700,FALSE,TRUE,2900,122,2,0,0,4,9,2,0,1,5,66,1,1,0,0,0,0,0,0,0,1,0,0,1,0,0,0,0,1,0,2,0,0,0,0,2,1,0,1,1,11,0,0,0,0,0,1,0,0,0,4,0,0,0,0,0,0,0,0,0,2,0,0,0,0,0,1,0,0,0,1,0,0,0,0,0,0,0,0,0,2,0,0,0,0,0,0,0,0,0,0
80,0.7,220,0.86,0.9,830,TRUE,FALSE,2900,123,10,0,0,0,7,0,0,0,0,68,2,0,0,0,1,1,2,0,0,2,3,0,0,0,0,0,0,1,0,3,1,1,1,0,1,0,0,0,2,8,0,0,0,1,0,1,0,0,0,0,1,0,0,1,0,0,0,0,0,3,0,0,0,0,0,0,0,0,0,1,1,0,0,0,0,1,0,0,0,0,0,0,0,0,0,0,0,0,0,0
90,0.8,130,0.47,0.7,280,TRUE,TRUE,2900,122,7,0,0,1,2,1,0,1,0,70,2,0,3,0,0,0,3,0,0,0,1,0,0,0,0,0,0,0,0,3,5,1,0,1,0,1,0,0,0,12,0,0,0,0,0,1,0,0,0,2,0,0,0,0,0,0,0,0,0,1,0,0,0,0,0,0,0,1,0,1,0,0,0,0,1,0,0,0,0,1,1,0,0,0,0,0,0,0,0,0
20,0.6,300,0.71,0.8,570,TRUE,FALSE,2900,119,3,1,2,2,2,3,0,0,1,73,0,1,0,0,0,0,0,0,0,1,0,0,0,0,0,0,1,0,1,3,0,2,1,0,1,0,0,0,0,9,0,0,0,0,0,0,0,0,1,3,1,0,0,0,0,1,0,0,0,2,0,0,0,0,1,0,0,0,0,0,1,0,0,0,0,1,0,0,0,0,0,0,0,0,0,0,0,0,0,2
60,0.8,220,0.86,0.8,950,FALSE,FALSE,2900,123,4,2,1,0,4,3,2,1,4,67,0,0,0,0,1,0,1,0,0,3,0,1,0,0,1,1,0,0,0,6,0,0,0,0,1,0,0,0,0,8,0,0,1,0,0,0,0,0,0,4,0,0,0,0,1,0,0,0,0,3,0,1,0,0,1,0,0,0,0,1,0,0,0,0,0,0,0,0,0,0,0,0,0,0,0,0,1,0,0,0
30,0.5,120,0.8,0.4,650,TRUE,FALSE,2900,122,6,0,2,0,2,0,1,0,3,72,1,0,1,0,1,0,2,0,0,0,1,0,0,1,0,2,0,0,0,4,0,0,0,0,0,0,0,0,0,10,4,0,0,0,0,0,0,0,0,2,1,0,0,0,0,0,0,0,0,2,0,0,0,1,0,0,1,0,0,1,0,0,0,0,2,0,0,0,0,0,0,0,0,0,0,0,0,0,0,0
20,0.5,270,0.32,0.3,920,FALSE,FALSE,2900,121,5,2,1,1,3,2,0,3,3,66,0,0,0,0,3,0,0,0,0,2,1,0,0,0,0,0,0,0,0,5,0,0,0,1,1,0,0,0,0,12,0,0,0,0,0,2,0,0,0,2,1,0,0,0,1,0,0,0,0,1,1,0,0,0,0,0,1,0,0,0,0,0,0,0,1,0,0,0,0,0,0,0,0,0,1,0,0,0,0,0
80,0.7,220,0.92,0.5,820,TRUE,FALSE,2900,123,8,1,0,2,7,0,1,1,2,62,2,2,0,0,0,0,0,0,1,1,1,0,0,0,0,0,1,0,0,5,2,0,0,1,2,0,0,0,2,4,0,0,1,0,0,0,0,0,2,6,1,0,0,0,0,0,0,0,0,2,1,0,0,0,0,1,0,0,0,2,0,0,0,0,0,0,0,0,0,0,0,0,0,0,0,0,0,0,0,0
90,0.6,250,0.44,0.3,530,FALSE,FALSE,2900,123,6,0,0,0,4,4,3,1,2,70,1,0,0,1,0,0,0,0,0,2,0,1,0,1,0,0,0,0,0,8,0,0,0,0,1,0,0,0,1,7,0,1,0,0,2,1,0,0,0,0,1,0,0,0,0,0,0,0,1,1,0,0,0,1,0,0,0,0,0,2,0,0,0,0,0,0,0,0,0,0,0,0,0,0,0,0,0,0,1,0
30,0.9,200,0.45,0.7,930,TRUE,FALSE,2900,123,9,1,0,1,7,1,0,0,1,70,2,0,0,1,1,1,0,0,1,0,2,0,0,0,0,0,0,0,0,7,1,0,0,0,1,0,0,0,1,5,1,0,0,0,0,0,1,0,0,4,0,0,0,0,0,0,0,1,0,2,0,0,0,1,0,0,0,0,0,0,0,0,0,0,0,0,0,0,0,0,0,0,0,0,0,1,0,0,0,0
60,0.7,230,0.36,0.3,520,TRUE,TRUE,2900,122,5,0,1,4,4,1,1,0,3,65,0,1,1,0,0,2,0,0,0,1,0,0,0,0,1,1,0,0,0,9,1,0,0,0,2,0,1,0,1,4,1,0,0,0,1,0,0,1,1,2,1,0,0,0,2,0,0,0,0,2,0,0,0,0,0,0,0,0,0,1,1,0,0,0,0,1,0,0,0,0,0,0,0,0,0,0,0,0,0,0
40,0.6,120,0.68,0.6,460,FALSE,TRUE,2900,121,4,1,1,0,2,1,2,2,0,74,1,1,0,1,1,0,0,0,0,1,0,1,0,0,1,0,1,0,0,9,0,0,0,0,0,0,0,0,1,5,0,0,2,0,0,0,0,1,0,2,1,0,0,0,0,0,0,0,0,2,1,0,0,0,0,0,0,0,0,0,0,0,0,0,0,0,0,0,0,0,0,0,0,0,1,0,0,0,0,1
90,0.9,110,0.9,0.4,700,TRUE,TRUE,2900,122,7,0,1,2,6,1,1,0,6,61,3,0,0,0,0,1,0,2,0,2,1,0,0,0,0,0,0,0,0,10,1,1,0,0,2,0,0,0,0,4,2,0,0,0,0,1,0,0,0,2,1,0,0,1,0,0,0,0,0,0,0,0,0,0,1,0,0,0,0,0,0,0,0,0,1,0,0,0,0,1,0,0,0,0,0,0,0,0,0,1
10,0.8,140,0.86,0.3,200,TRUE,FALSE,2900,122,6,0,1,1,2,0,1,0,2,72,2,0,0,1,2,1,0,0,1,0,3,0,0,0,0,0,1,1,1,10,2,0,0,0,0,0,0,0,0,4,0,0,0,0,0,0,0,1,0,1,0,0,1,0,0,0,0,0,0,1,2,0,0,0,0,0,0,0,0,1,0,0,0,0,0,1,0,0,0,0,0,0,0,0,1,0,0,0,0,0
40,0.8,150,0.45,0.3,150,FALSE,TRUE,2900,122,7,0,1,0,2,1,3,1,1,70,2,0,0,2,1,0,1,0,0,1,3,0,0,0,1,0,0,0,0,6,2,1,0,0,0,0,0,0,1,8,1,0,0,0,0,0,0,0,0,1,0,0,0,0,1,0,0,0,0,1,2,0,0,0,0,0,0,0,0,0,0,0,0,0,0,0,0,0,0,0,0,0,0,0,1,0,0,0,0,1
10,0.6,250,0.57,0.8,780,FALSE,TRUE,2900,124,7,1,1,3,3,1,0,3,2,65,0,0,0,0,1,1,1,0,1,0,2,1,0,0,1,0,0,0,0,12,2,0,0,0,1,0,0,0,0,3,2,0,0,0,0,1,0,0,0,2,0,0,0,0,0,0,0,1,0,3,0,0,0,0,0,0,0,0,0,2,0,0,0,0,1,0,1,0,0,0,0,0,0,0,0,0,0,0,0,0
60,0.9,220,0.49,0.9,880,FALSE,TRUE,2900,121,4,1,1,2,6,1,0,4,4,65,2,0,0,1,0,1,0,0,0,2,0,0,0,0,0,0,0,0,0,4,0,1,0,1,2,0,0,0,0,9,0,1,0,0,0,0,0,0,0,5,1,1,0,0,1,0,0,0,0,0,0,0,0,0,0,0,0,0,0,1,0,0,0,0,0,1,0,0,0,0,0,0,0,0,0,0,0,0,0,0
10,0.8,230,0.68,0.5,800,FALSE,FALSE,2900,124,5,0,0,3,9,2,0,1,3,61,1,1,1,1,1,2,1,1,0,1,1,0,0,1,0,0,0,0,0,5,0,0,0,1,1,0,0,0,2,6,3,0,0,1,0,1,1,0,1,1,0,0,0,0,0,0,0,0,0,3,0,0,0,0,0,0,0,0,0,0,0,0,0,0,0,1,0,0,0,2,0,0,0,0,0,0,0,0,0,0
80,0.7,250,0.81,0.6,1000,TRUE,FALSE,2900,122,5,0,1,4,4,2,2,0,4,63,0,2,0,1,0,0,0,1,0,2,1,0,0,0,0,0,0,0,0,5,2,0,1,0,1,0,0,0,0,6,1,0,0,0,0,0,0,0,0,5,1,0,0,0,0,0,0,0,0,3,0,0,0,0,0,0,0,0,0,2,0,0,0,0,1,0,0,0,0,2,1,0,0,0,0,0,0,0,0,0
20,0.7,170,0.31,0.3,130,FALSE,FALSE,2900,122,8,0,0,2,3,1,1,0,3,64,1,0,1,2,0,1,0,2,0,0,2,0,1,0,0,0,1,0,0,6,1,0,1,0,0,0,0,0,1,6,4,0,0,0,0,1,0,0,0,2,0,0,1,0,0,0,0,0,0,2,0,0,0,0,0,0,0,0,0,1,0,0,0,0,0,1,0,0,0,3,0,0,0,0,0,0,0,0,0,0
70,0.7,250,0.64,0.3,710,FALSE,FALSE,2900,123,9,1,1,0,2,0,1,0,1,70,0,0,0,1,1,2,0,0,0,1,2,1,1,0,1,0,1,0,0,4,1,0,0,0,0,0,0,1,0,12,1,0,0,0,0,0,0,0,0,1,0,0,0,0,1,0,1,0,0,2,1,0,0,0,1,0,0,0,0,0,1,0,0,0,0,0,0,0,0,1,0,0,0,0,0,0,0,0,0,0
50,0.8,260,0.59,0.5,910,FALSE,FALSE,2900,122,9,0,2,0,2,0,3,1,1,69,0,0,0,0,0,2,1,0,0,1,0,0,0,0,0,0,0,0,0,4,2,0,1,0,0,1,0,0,1,9,2,0,0,1,0,1,1,0,0,3,0,0,0,0,0,0,0,0,0,3,0,0,0,0,0,0,0,0,0,1,0,0,0,0,1,0,0,0,0,1,0,0,0,0,0,0,0,0,0,0
30,0.8,120,1,0.7,230,FALSE,FALSE,2900,122,8,0,1,0,5,1,1,0,1,69,2,0,1,0,0,0,0,1,1,0,1,0,0,0,0,0,1,0,1,3,1,1,0,0,2,0,0,0,0,12,0,0,1,0,0,0,0,0,1,0,2,0,0,0,0,0,0,0,0,1,0,0,0,0,1,0,0,0,0,1,0,0,0,0,0,0,0,0,0,2,1,0,0,0,0,0,0,0,0,0
20,0.5,270,0.95,0.3,910,TRUE,FALSE,2900,125,2,0,0,3,8,1,1,0,2,77,2,2,0,1,0,0,0,0,0,1,0,0,0,0,0,0,0,0,1,0,0,0,0,0,0,1,0,0,1,10,1,0,0,0,0,0,1,0,2,1,0,0,0,0,0,0,0,0,0,3,0,0,0,0,0,1,0,0,0,0,0,0,0,0,0,0,0,0,0,3,0,0,0,0,0,1,0,0,0,0
50,0.6,160,1,0.9,950,TRUE,FALSE,2900,122,5,1,2,2,5,2,0,0,1,73,2,0,0,0,0,2,0,0,0,1,0,0,0,0,1,0,0,0,0,2,0,0,0,0,0,1,0,0,0,10,0,0,0,0,0,1,0,1,0,4,0,0,0,0,0,0,1,0,0,0,0,0,0,0,0,1,0,0,0,1,0,0,0,0,1,0,0,0,0,1,0,0,0,0,0,0,0,0,2,0
80,0.7,270,0.93,0.6,460,FALSE,FALSE,2900,120,9,0,1,1,4,1,0,0,0,70,3,0,0,1,0,0,2,0,0,0,1,0,0,0,0,1,0,1,0,0,1,0,0,0,1,0,0,0,0,10,2,1,0,0,0,1,0,0,0,2,1,0,0,0,1,0,0,0,1,1,0,0,0,0,0,0,0,0,0,0,0,0,0,0,0,1,0,0,0,1,0,0,0,0,0,0,0,0,0,2
70,0.6,240,0.83,0.8,790,TRUE,TRUE,2900,123,4,0,2,1,5,2,1,2,5,69,0,1,1,0,0,0,2,0,0,0,0,0,1,0,0,0,0,0,1,4,1,0,0,1,2,1,0,0,1,7,0,0,1,0,0,0,0,0,1,4,0,0,0,0,0,0,0,0,0,2,0,0,0,0,0,0,0,0,0,0,0,0,0,0,0,0,0,0,0,1,0,0,0,0,0,1,0,0,0,0
10,0.7,110,0.46,0.9,430,TRUE,TRUE,2900,123,8,1,2,0,4,1,1,2,3,65,3,1,0,0,0,0,0,1,1,1,0,0,0,0,0,0,0,0,0,7,0,1,0,0,3,0,0,0,0,6,2,1,0,0,0,0,0,0,0,4,1,0,0,0,0,0,0,0,1,0,0,0,0,0,1,0,0,0,0,1,0,0,0,0,1,1,0,0,0,0,0,0,0,0,0,0,0,0,0,0
10,0.5,190,0.84,0.3,840,TRUE,FALSE,2900,121,5,1,0,4,6,2,2,0,3,66,0,1,0,0,1,0,1,0,0,0,1,0,1,1,0,0,0,0,2,3,0,0,0,0,0,0,1,1,1,9,1,0,0,0,1,0,0,0,0,0,0,0,0,0,0,0,0,0,1,3,1,0,0,0,0,0,0,0,0,0,1,0,0,0,0,0,0,0,0,0,0,0,0,0,0,1,0,0,0,1
70,0.6,210,0.86,0.6,780,FALSE,TRUE,2900,120,8,2,1,2,4,1,3,0,2,64,0,0,0,1,1,0,0,0,0,0,1,0,0,1,1,0,0,0,0,10,0,0,0,0,0,0,0,0,0,6,0,0,0,0,2,0,0,0,0,2,2,0,0,0,0,1,0,1,0,3,0,0,0,0,0,0,0,0,0,0,0,0,0,0,1,0,0,0,0,1,0,0,0,0,0,0,0,0,0,0
20,0.7,190,0.38,0.6,300,FALSE,TRUE,2900,120,3,0,1,2,5,1,2,2,3,69,0,0,0,0,0,1,2,0,0,2,0,0,0,0,0,0,0,0,0,6,0,0,0,1,2,0,1,0,1,8,1,0,0,0,0,0,1,0,0,1,0,0,0,0,0,0,0,0,0,2,0,0,0,0,1,0,0,0,0,0,0,0,0,0,0,0,0,0,0,1,0,0,0,0,0,0,1,0,1,0
20,0.5,190,0.71,0.8,320,TRUE,TRUE,2900,125,4,2,3,1,5,0,1,1,5,72,0,0,1,0,1,0,0,1,0,1,0,0,0,1,0,0,0,0,0,3,1,0,0,0,2,0,0,0,1,7,0,0,0,0,0,0,1,0,1,0,1,0,0,0,0,0,1,0,0,4,0,0,0,0,0,0,0,0,0,3,0,0,0,0,1,0,0,0,0,1,0,0,0,0,0,0,0,0,0,0
30,0.6,200,0.67,0.4,130,TRUE,TRUE,2900,124,10,0,2,1,3,2,1,2,0,64,0,0,2,0,0,1,1,1,0,0,5,0,0,0,0,1,0,0,0,7,0,0,0,1,2,0,0,0,1,7,1,0,0,0,0,1,0,0,1,2,0,0,0,0,2,0,0,0,0,2,0,0,0,0,0,0,0,0,0,0,0,0,0,0,1,1,0,0,0,0,0,0,0,0,0,0,0,0,0,0
20,0.9,280,0.52,0.5,710,TRUE,TRUE,2900,124,9,0,2,1,4,0,2,1,3,67,3,0,1,0,0,0,0,0,2,0,1,0,0,0,0,1,0,0,0,9,0,0,0,0,0,0,0,0,0,5,2,0,0,0,3,0,0,0,0,3,1,0,0,0,0,0,0,0,1,2,0,0,0,0,0,0,0,0,0,0,0,0,0,0,1,0,0,0,0,1,0,0,0,0,0,0,0,0,0,0
30,0.9,200,0.46,0.5,750,TRUE,TRUE,2900,123,4,1,0,2,5,1,1,4,1,72,0,1,0,0,0,0,0,1,0,0,0,0,0,0,0,0,0,0,0,11,0,0,0,0,2,0,0,0,0,6,0,0,0,1,0,1,0,1,0,2,0,0,0,0,1,0,0,0,0,2,0,0,0,0,1,1,0,0,0,1,0,0,0,0,0,0,0,0,0,0,0,0,0,0,0,1,0,0,0,0
90,0.5,240,0.41,0.7,820,TRUE,FALSE,2900,121,7,1,1,1,2,2,0,1,5,65,3,0,1,0,0,0,0,1,0,0,1,1,0,0,1,0,0,0,0,11,0,0,0,0,1,1,0,0,0,2,2,0,0,0,1,0,0,0,0,4,1,0,0,0,0,0,0,0,0,1,0,0,1,0,1,0,0,0,0,1,0,0,0,0,0,0,0,0,0,2,0,0,0,0,0,0,0,0,0,0
90,0.5,220,0.75,0.7,670,FALSE,TRUE,2900,123,10,0,0,0,5,0,0,0,0,72,4,0,0,0,1,0,0,0,0,0,3,0,0,0,0,0,0,0,3,11,1,0,0,0,0,1,1,0,0,3,0,0,0,0,0,0,0,0,1,0,2,0,0,0,0,0,0,0,0,1,0,0,0,0,0,0,0,0,0,0,0,0,0,0,0,1,0,0,1,2,0,0,0,0,0,0,0,0,1,0
60,0.8,290,0.57,0.9,390,FALSE,TRUE,2900,125,5,1,1,2,7,3,0,1,3,67,0,0,1,0,0,0,0,0,0,2,1,0,1,0,1,0,1,0,0,8,1,0,0,0,0,0,1,1,1,6,0,0,0,0,0,0,0,1,0,1,0,0,0,0,0,0,0,0,0,2,0,0,0,0,0,1,0,0,0,1,0,0,0,0,1,0,0,0,0,3,0,0,0,0,0,0,0,0,0,1
70,0.5,220,0.39,0.6,770,FALSE,TRUE,2900,119,9,1,0,1,7,0,0,0,1,67,2,0,0,0,0,0,2,0,0,1,3,0,0,0,0,0,0,0,0,9,2,0,1,1,0,0,1,0,1,2,0,0,0,0,0,0,0,0,0,0,1,0,0,0,0,1,0,1,0,2,0,0,0,0,0,0,0,0,0,0,0,0,0,0,0,1,0,0,0,1,0,0,0,0,0,0,0,0,0,2
30,0.5,280,0.44,0.9,940,TRUE,FALSE,2900,121,6,0,3,0,4,1,0,1,1,65,2,1,1,0,0,0,0,1,1,1,4,0,0,1,0,1,1,0,0,7,3,0,0,0,0,0,0,0,0,6,1,0,0,0,0,0,0,1,0,1,0,0,0,0,1,0,0,0,1,1,0,0,0,0,0,0,0,0,0,1,1,0,0,0,0,0,0,0,0,2,0,0,0,0,0,0,0,0,0,1
90,0.6,100,0.35,0.5,860,TRUE,TRUE,2900,125,6,0,1,1,6,0,0,1,3,74,2,0,0,0,0,0,0,1,0,2,2,0,0,0,1,0,0,0,1,7,1,0,2,0,0,0,0,0,1,6,0,0,0,0,1,0,1,0,0,1,1,0,0,0,0,0,0,0,0,0,0,0,0,0,1,1,0,0,0,1,0,0,0,0,0,0,0,0,0,0,0,0,0,0,1,0,0,0,0,0
20,0.7,100,0.31,0.8,610,FALSE,FALSE,2900,120,7,0,1,2,2,2,2,0,2,65,2,0,0,1,2,0,0,0,0,1,2,0,0,0,0,0,0,0,0,8,1,0,0,0,0,0,0,0,1,6,1,0,1,0,2,0,0,0,0,1,1,0,0,0,0,0,1,0,0,3,0,0,0,0,0,0,1,0,0,1,0,0,0,0,0,2,0,0,0,0,0,0,0,0,0,0,0,0,0,0
20,0.8,180,0.98,0.3,1000,FALSE,FALSE,2900,124,4,0,1,0,7,2,3,2,1,72,0,1,1,0,0,2,0,1,0,2,0,0,0,0,0,0,0,0,1,4,1,0,0,1,0,0,0,0,0,5,0,0,1,0,0,1,0,0,0,1,0,0,0,0,0,0,1,0,1,4,0,0,0,0,0,0,0,0,0,2,0,0,0,0,0,0,0,0,0,2,0,0,0,0,0,1,0,0,0,0
70,0.7,140,0.95,0.9,920,TRUE,FALSE,2900,120,1,2,2,4,4,3,2,0,3,71,0,0,1,0,0,0,0,0,1,0,0,1,0,0,0,0,0,0,0,3,0,0,0,0,1,0,0,0,1,11,1,0,0,0,0,0,1,0,1,1,0,0,0,0,1,0,0,0,0,3,0,0,0,0,0,0,0,0,0,0,0,0,0,0,1,0,0,0,0,1,0,0,0,0,0,0,0,0,0,0
90,0.9,270,0.44,0.5,810,TRUE,FALSE,2900,120,7,2,0,0,5,0,0,0,1,69,2,0,1,0,1,0,0,0,1,0,0,0,1,0,0,0,0,0,0,5,2,0,0,1,0,0,1,0,1,10,2,1,0,0,0,1,0,0,0,1,0,0,0,0,0,0,1,1,1,1,0,0,0,0,0,0,0,0,0,0,0,0,0,0,1,1,0,0,0,0,0,0,0,0,0,0,0,0,0,0
80,0.9,300,0.53,0.5,170,FALSE,FALSE,2900,124,9,0,1,0,3,1,2,1,2,68,1,0,0,0,0,0,0,1,0,1,1,0,0,0,1,0,0,0,0,4,1,0,0,0,0,0,0,0,0,8,1,0,3,0,1,1,0,0,0,5,0,0,0,1,1,0,0,0,0,2,1,0,0,0,0,0,0,0,0,2,0,0,0,0,0,0,0,0,1,1,0,0,0,0,0,0,0,0,0,0
60,0.5,280,0.65,0.8,380,TRUE,FALSE,2900,125,7,1,1,3,6,3,0,2,3,63,0,0,0,0,1,2,1,0,0,2,1,1,0,0,0,1,0,0,0,4,0,0,0,0,1,0,0,0,1,6,1,1,0,0,1,0,1,0,0,5,1,0,0,0,0,0,0,0,0,1,1,0,0,0,0,0,0,0,0,1,0,0,0,0,0,0,0,0,0,2,0,0,0,0,1,0,0,0,0,0
90,0.8,220,0.59,0.8,930,FALSE,FALSE,2900,121,7,0,3,1,4,0,2,1,2,67,5,0,0,0,0,1,0,0,1,0,2,0,0,0,0,0,0,0,0,2,0,0,0,1,0,0,1,0,1,10,2,0,0,0,0,0,0,0,0,3,1,0,0,0,0,0,0,0,0,0,0,0,0,0,0,0,0,1,0,1,1,0,0,0,1,0,0,0,0,0,0,0,0,0,0,0,0,0,0,1
100,0.5,270,0.62,0.5,390,TRUE,TRUE,2900,123,8,2,0,0,4,0,0,0,2,72,3,0,0,0,0,1,0,1,0,0,2,0,0,0,0,0,0,0,0,3,1,1,0,0,1,0,0,0,0,10,2,1,0,0,0,0,1,0,1,3,1,0,0,0,0,1,0,0,0,0,0,0,0,0,0,0,0,0,0,0,0,0,0,0,0,0,0,0,0,2,0,0,0,0,0,0,0,0,0,1
90,0.6,270,0.74,0.9,930,TRUE,TRUE,2900,119,7,1,1,1,4,2,2,3,1,63,1,0,0,1,1,0,1,0,1,1,2,0,0,0,0,0,0,0,0,3,1,0,0,0,1,0,0,0,0,8,1,0,0,1,0,0,1,0,1,4,1,0,0,0,0,0,0,0,0,0,1,0,0,0,1,0,0,0,0,1,0,0,0,0,1,0,0,0,0,1,0,0,0,0,0,0,0,0,0,0
70,0.7,190,0.59,0.7,410,TRUE,TRUE,2900,122,7,2,0,2,3,3,0,2,3,66,0,0,1,0,1,0,0,0,0,2,0,0,0,0,1,1,0,0,0,2,1,1,0,0,1,0,0,0,0,11,3,0,0,0,0,0,0,0,0,4,0,0,0,1,1,0,0,0,0,2,0,0,0,0,0,0,0,0,0,0,0,0,0,0,0,0,0,0,0,1,0,0,0,0,0,1,0,0,0,0
80,0.5,220,0.34,0.4,550,TRUE,FALSE,2900,120,3,2,2,1,5,1,1,4,3,63,1,1,0,0,0,0,0,0,0,2,3,0,2,0,0,0,1,0,0,4,2,0,0,0,1,0,0,0,0,5,0,0,0,0,1,0,0,1,1,4,0,0,0,0,0,0,0,1,1,1,0,0,0,0,0,0,0,0,0,0,0,0,0,0,0,0,0,0,0,2,1,0,0,0,1,0,0,0,0,0
80,0.9,250,0.88,0.7,850,FALSE,TRUE,2900,120,8,0,1,1,4,1,1,0,1,67,1,2,0,0,0,0,0,1,2,0,0,0,0,0,0,0,0,0,0,9,2,0,0,1,0,0,1,0,0,8,1,1,0,0,0,0,0,0,0,2,0,0,0,0,0,0,0,0,1,1,1,0,0,0,0,1,0,0,1,0,1,0,0,0,0,0,0,0,0,0,0,0,0,0,0,0,0,0,0,0
80,0.9,220,0.54,0.9,260,FALSE,FALSE,2900,124,7,0,0,3,5,1,0,1,3,69,0,0,1,1,0,0,0,0,0,0,1,1,0,1,0,0,1,0,0,7,1,0,0,0,1,0,0,0,1,8,1,0,0,0,0,0,2,0,1,1,1,0,1,0,0,1,0,0,0,1,0,0,0,0,0,0,0,0,0,0,0,0,0,0,0,1,0,0,0,2,0,0,0,0,0,0,0,0,0,0
50,0.5,300,0.87,0.3,660,FALSE,FALSE,2900,123,9,0,0,3,2,1,1,0,5,67,0,0,0,1,0,0,0,1,0,0,2,0,0,0,0,0,1,0,0,8,0,1,1,0,0,0,2,0,1,6,0,0,0,2,0,1,0,0,0,2,1,0,0,1,0,0,0,0,0,1,1,0,0,0,0,0,0,0,0,0,0,0,0,0,0,1,1,0,0,0,0,0,0,0,0,0,0,0,0,1
90,0.6,210,0.71,0.3,180,TRUE,FALSE,2900,120,8,1,0,3,3,0,2,1,2,68,3,0,0,1,1,0,1,0,0,1,0,0,0,0,0,0,0,0,1,7,2,0,0,0,1,1,0,0,0,2,0,0,0,1,0,1,0,0,1,2,1,0,0,0,0,0,0,0,0,3,0,0,0,0,0,0,0,0,0,0,0,0,0,0,1,1,0,0,0,1,0,0,0,0,0,0,0,0,0,0
70,0.8,200,0.49,0.5,310,FALSE,TRUE,2900,123,2,0,1,4,5,0,2,1,4,69,1,2,0,0,0,0,0,1,0,2,0,0,1,0,1,1,0,1,0,5,0,0,0,0,0,0,0,1,0,3,0,0,1,0,0,0,1,0,0,4,0,0,0,0,1,0,0,0,0,3,0,0,0,0,0,2,0,0,1,2,0,0,0,0,0,0,0,0,1,0,0,0,0,0,0,0,0,0,0,1
100,0.6,300,0.58,0.9,630,FALSE,FALSE,2900,122,7,0,2,0,3,1,0,0,2,72,3,0,0,0,0,0,1,1,0,1,2,0,0,0,0,0,0,0,0,14,1,0,0,0,0,0,0,1,0,2,2,1,0,0,0,0,1,0,0,0,1,0,0,0,1,0,0,0,0,0,0,0,0,0,0,0,0,0,0,0,1,0,0,0,0,1,0,0,0,0,0,0,0,0,0,1,0,0,0,1
70,0.5,150,0.61,0.4,950,TRUE,FALSE,2900,121,6,2,2,1,4,0,1,1,2,66,2,0,0,0,0,0,0,0,0,3,0,1,0,0,0,0,0,0,2,11,4,1,0,0,0,0,0,1,0,0,0,0,0,1,0,0,0,1,1,2,0,0,0,0,0,0,0,0,0,1,0,0,0,0,0,0,0,0,0,1,1,0,0,0,0,2,0,0,0,2,0,0,0,0,0,0,0,0,0,0
40,0.9,210,0.56,0.4,280,TRUE,FALSE,2900,121,5,0,1,2,3,4,1,0,1,67,2,0,1,1,1,0,1,0,0,2,1,0,0,0,0,2,0,0,0,12,2,0,0,0,0,0,0,0,0,3,2,0,0,0,1,0,0,0,0,1,2,0,0,0,0,0,0,0,0,1,0,0,0,0,1,0,0,0,0,0,0,0,0,0,0,0,0,0,0,1,1,0,0,0,0,0,0,0,0,0
100,0.8,280,0.56,0.7,170,FALSE,FALSE,2900,123,8,0,2,4,3,1,3,2,2,65,3,0,0,0,1,0,0,1,0,1,1,0,0,1,0,0,0,0,0,7,0,0,0,0,1,0,0,0,0,6,2,0,0,1,0,1,0,0,0,0,1,0,0,0,0,0,0,0,0,2,0,0,0,0,0,0,0,0,0,0,0,0,0,0,1,0,0,1,0,3,0,0,0,0,0,0,0,0,0,0
80,0.5,280,0.96,0.5,1000,FALSE,TRUE,2900,121,1,1,2,0,7,3,2,1,3,71,0,1,0,0,0,1,0,0,0,3,0,1,0,0,0,0,0,0,0,6,1,0,0,1,0,0,0,0,1,6,0,0,0,0,1,0,0,0,0,4,0,0,0,0,0,0,1,0,0,2,0,0,0,0,1,0,0,0,0,0,0,0,0,0,0,0,0,0,0,0,0,0,0,0,0,0,0,0,1,0
20,0.8,210,0.33,0.9,110,TRUE,FALSE,2900,124,6,0,3,1,4,0,1,3,2,66,4,1,0,1,0,1,0,0,1,0,2,0,0,0,1,0,1,0,1,6,3,0,0,1,0,0,0,0,1,2,1,0,0,0,0,0,1,0,2,2,1,0,0,0,0,0,0,0,0,2,0,0,0,0,0,0,0,0,0,1,0,0,1,0,0,0,0,0,0,0,0,0,0,0,1,0,0,0,0,1
40,0.9,220,0.77,0.8,790,FALSE,FALSE,2900,121,7,1,1,1,3,1,1,0,2,69,3,0,0,1,0,0,0,1,0,0,1,0,0,0,0,0,0,0,2,9,1,1,0,0,2,0,0,0,0,6,1,0,0,0,0,0,1,0,0,0,1,0,0,0,0,0,0,0,0,2,0,0,1,0,0,0,0,0,0,1,0,0,0,0,0,1,0,0,0,1,0,0,0,0,0,0,0,0,0,0
50,0.7,110,0.54,0.7,140,FALSE,FALSE,2900,124,11,0,1,1,8,1,0,2,2,66,2,1,1,1,0,0,0,1,0,0,0,0,0,0,0,0,0,0,2,4,2,0,0,0,1,0,0,0,1,4,0,0,0,0,0,0,0,0,1,2,0,0,0,0,0,0,0,0,1,4,0,1,0,0,0,0,0,0,0,0,0,0,0,0,0,1,0,1,0,0,0,0,0,0,0,1,0,0,0,1
30,0.8,240,0.96,0.5,530,TRUE,TRUE,2900,119,7,1,0,1,4,0,0,0,1,68,2,0,0,1,3,0,0,1,0,1,1,0,0,0,0,0,0,0,0,3,2,0,0,1,0,2,0,0,0,11,1,0,0,0,0,1,1,0,1,0,0,0,0,0,0,1,0,0,0,3,0,0,0,0,0,0,0,0,0,0,0,0,0,1,0,0,0,0,0,0,0,0,0,0,0,0,0,0,1,0
20,0.7,130,0.34,0.4,870,TRUE,FALSE,2900,122,3,1,0,2,5,1,0,0,2,74,0,1,1,0,2,0,0,1,0,1,0,0,1,0,0,0,0,0,0,6,0,0,0,0,2,0,0,0,1,10,0,0,0,0,1,0,1,2,0,0,0,0,0,0,0,0,0,0,0,2,0,0,0,0,0,0,0,0,0,1,0,0,0,1,0,1,0,0,0,0,0,0,0,0,0,0,0,0,0,0
10,0.6,100,0.52,0.6,200,TRUE,TRUE,2900,123,8,2,1,0,2,0,3,0,2,67,1,0,0,1,1,0,1,0,0,0,2,0,0,0,1,0,0,0,0,4,1,0,0,0,0,0,0,1,0,13,0,0,1,0,0,1,1,0,1,2,1,0,0,0,0,0,0,0,0,1,0,0,0,0,0,0,0,0,0,0,1,0,0,0,1,0,0,0,1,2,0,0,0,0,0,0,0,0,0,0
70,0.7,130,0.44,0.6,750,TRUE,TRUE,2900,122,4,1,1,3,2,3,1,1,4,64,2,0,1,0,1,0,0,0,2,0,0,1,0,0,0,0,0,0,1,3,3,1,0,1,0,0,0,0,1,11,1,0,0,0,2,2,0,0,0,0,0,0,0,0,0,0,0,0,0,1,0,0,0,0,1,0,0,0,0,1,0,0,0,0,0,0,0,0,0,2,0,1,0,0,0,0,0,0,0,0
60,0.7,230,0.35,0.4,420,FALSE,TRUE,2900,120,6,0,3,2,6,0,1,0,1,68,1,1,0,1,0,0,0,1,0,3,2,0,1,0,0,0,0,0,0,1,2,0,0,0,0,1,0,0,0,8,0,0,0,0,0,1,1,0,2,3,0,0,0,0,0,0,0,0,0,1,0,0,0,0,0,0,0,0,0,1,0,0,0,0,0,0,0,0,1,0,0,0,0,0,0,1,0,0,0,1
50,0.7,150,0.69,0.6,700,TRUE,TRUE,2900,123,6,0,0,3,2,1,1,0,2,66,2,1,1,1,0,3,0,1,0,1,2,0,0,0,0,0,0,0,0,2,3,0,0,0,0,1,0,0,0,14,1,0,0,0,2,0,0,0,1,3,0,0,0,0,0,0,0,0,0,0,0,0,0,0,1,0,0,0,0,0,1,0,0,0,0,1,0,0,0,0,0,0,0,0,0,1,0,0,0,0
10,0.7,280,0.49,0.9,450,FALSE,FALSE,2900,123,7,2,3,1,3,1,1,0,3,68,0,0,0,0,2,0,0,1,0,0,1,0,0,1,0,0,1,0,0,3,2,0,0,0,0,0,0,0,1,9,2,0,0,0,1,0,1,0,0,2,0,0,0,0,0,0,0,1,0,2,0,0,0,0,0,0,0,0,0,1,0,0,0,0,0,1,0,0,1,1,0,0,0,0,0,0,0,0,1,0
90,0.6,120,0.43,0.8,480,TRUE,TRUE,2900,121,2,0,3,1,7,1,1,1,4,70,0,1,0,0,0,0,1,0,0,1,0,0,0,0,0,0,0,0,0,6,0,0,0,0,2,0,0,0,0,10,0,0,0,0,0,1,0,0,0,0,1,0,0,0,0,0,0,0,0,4,0,0,0,0,0,1,0,0,0,2,0,0,0,1,0,0,0,0,0,1,0,0,0,0,0,0,0,0,0,0
30,0.6,300,0.44,0.3,140,FALSE,TRUE,2900,123,7,0,0,1,2,1,1,0,4,66,3,1,0,0,0,0,0,0,2,0,1,0,0,0,1,1,0,0,0,4,4,0,2,1,0,1,0,0,0,8,0,0,1,0,1,0,1,0,0,5,0,0,0,0,1,0,0,1,0,0,0,0,0,0,0,0,0,0,0,1,0,0,0,0,0,1,0,0,0,1,0,0,0,0,0,0,0,0,0,0
80,0.5,100,0.79,0.5,710,FALSE,FALSE,2900,123,5,0,0,1,3,0,0,0,1,76,0,1,0,0,0,0,0,0,1,0,2,0,0,1,1,0,0,0,2,7,1,1,0,0,1,1,0,0,1,9,1,0,0,0,0,1,0,0,0,1,0,0,0,1,0,0,0,0,0,0,1,0,0,0,0,0,0,0,0,0,0,0,0,0,0,0,0,0,0,2,0,0,0,0,1,0,0,0,0,1
40,0.6,100,0.75,0.3,750,TRUE,TRUE,2900,118,5,1,1,1,4,0,1,2,2,73,0,0,0,1,0,0,0,0,0,2,0,0,0,0,0,0,0,0,0,3,2,0,0,0,0,1,1,0,0,8,0,0,0,0,0,0,0,1,0,2,0,0,0,0,0,0,0,1,0,2,0,0,0,0,0,0,0,0,0,0,0,0,0,0,1,0,0,0,0,4,0,0,0,0,0,0,0,0,0,0
90,0.6,180,0.65,0.5,110,FALSE,TRUE,2900,120,4,1,1,0,6,2,3,3,3,63,0,0,1,0,1,0,0,0,0,2,0,0,1,0,0,0,0,0,0,6,0,0,0,0,2,0,0,0,0,9,0,1,1,0,2,0,0,0,0,4,0,0,0,0,0,0,0,0,0,2,0,0,0,0,0,0,0,0,0,0,0,0,0,0,1,0,0,0,1,0,0,0,0,0,0,0,0,0,1,0
60,0.9,260,0.5,0.5,440,TRUE,TRUE,2900,122,6,1,1,3,6,4,1,1,6,60,0,0,1,0,0,1,0,1,1,1,1,0,0,0,1,1,0,0,0,8,0,0,0,0,2,0,0,0,1,4,0,0,1,1,0,0,0,0,0,2,1,0,0,0,1,0,0,0,1,2,0,0,0,0,0,0,0,0,0,1,0,0,0,0,1,0,0,0,0,0,0,0,0,0,0,0,0,0,0,0
30,0.6,250,0.33,0.9,120,FALSE,TRUE,2900,123,7,0,2,4,2,6,0,0,3,63,2,0,1,0,1,0,1,0,0,1,4,0,0,0,0,1,0,1,0,6,1,0,0,0,0,1,1,0,0,6,0,0,0,0,1,1,0,0,0,3,0,0,0,0,0,0,0,0,1,1,0,0,0,0,0,0,0,0,0,1,0,0,0,0,1,0,0,0,0,1,0,0,0,0,0,0,0,0,0,0
40,0.9,200,0.81,0.6,190,FALSE,FALSE,2900,123,9,0,1,1,0,4,0,0,2,68,0,0,0,0,0,0,0,1,1,1,1,0,0,0,1,1,0,1,0,9,0,0,1,1,0,0,0,1,0,8,2,0,0,0,0,0,0,0,0,1,1,0,1,0,2,0,0,0,1,2,0,0,0,0,1,0,0,0,0,0,1,0,0,0,0,0,0,0,0,0,0,0,0,0,0,0,0,0,0,0
50,0.8,210,0.44,0.8,810,TRUE,FALSE,2900,121,4,0,0,0,5,0,0,0,2,78,3,0,0,0,0,0,1,0,0,2,1,1,0,0,1,0,0,1,0,9,0,0,0,0,0,0,0,0,1,2,1,0,0,0,1,0,1,0,0,2,0,0,0,0,0,0,0,0,0,3,0,0,0,0,1,0,0,0,0,0,0,0,0,0,1,1,0,0,0,0,0,0,0,0,0,0,0,0,0,0
80,0.6,250,0.36,0.5,350,FALSE,FALSE,2900,121,8,0,0,1,7,0,0,1,1,66,2,0,2,0,0,0,0,0,1,0,0,0,0,0,0,1,0,2,0,13,2,0,0,0,0,1,0,0,1,4,1,0,0,0,0,0,0,0,0,1,2,0,0,0,0,0,0,0,0,1,1,0,0,0,0,0,0,0,0,1,0,0,0,0,0,1,0,0,0,1,0,0,0,0,0,0,0,0,0,0
20,0.8,270,0.87,0.4,510,TRUE,TRUE,2900,121,4,0,0,4,5,1,1,0,1,68,0,2,0,1,1,0,1,1,1,0,2,0,1,0,0,0,0,0,0,11,1,0,0,0,0,0,0,1,1,3,2,0,0,0,1,0,0,1,1,1,0,0,0,0,0,0,0,0,1,3,0,0,0,0,0,0,0,0,0,0,0,0,0,0,0,1,0,0,0,0,0,0,0,0,0,0,0,0,0,0
40,0.8,200,0.84,0.8,230,FALSE,TRUE,2900,123,7,0,1,2,8,2,1,2,4,58,0,2,0,0,1,1,2,1,0,0,0,1,0,0,1,0,0,0,0,12,1,0,1,1,1,0,0,0,0,1,1,0,0,1,0,0,0,2,0,1,0,0,0,0,1,0,0,0,1,1,0,0,0,0,0,0,0,0,0,1,1,0,0,0,0,0,0,0,0,3,0,0,0,0,0,0,0,0,0,0
10,0.7,290,0.82,0.6,710,FALSE,TRUE,2900,120,6,2,2,1,2,1,1,2,1,68,0,1,1,0,1,0,1,1,0,0,1,0,0,0,0,0,0,0,0,2,0,0,0,0,1,0,0,0,1,9,2,1,0,0,1,0,0,0,0,4,0,0,0,0,0,0,0,1,0,5,0,0,0,0,0,0,0,0,0,0,0,0,0,0,1,0,0,0,0,0,0,0,0,0,0,0,0,0,0,1
90,0.8,130,0.85,0.8,320,FALSE,FALSE,2900,121,4,1,3,3,8,4,1,1,2,62,2,1,0,0,0,0,1,0,0,0,1,0,0,0,0,0,0,0,0,3,1,0,0,0,2,0,0,0,1,6,1,0,0,1,0,1,0,0,1,0,1,0,0,0,0,1,0,0,0,1,0,0,0,0,0,0,0,0,0,0,0,0,0,0,0,1,0,0,2,2,0,0,0,0,0,0,0,0,1,2
70,0.7,210,0.49,0.7,800,FALSE,FALSE,2900,118,3,2,1,2,4,3,0,1,3,67,0,0,0,0,0,1,0,0,2,1,0,1,0,1,1,0,0,0,0,3,0,0,1,0,1,0,0,0,0,11,0,0,0,0,0,0,0,0,0,4,0,0,0,0,0,0,0,0,0,2,0,0,0,0,0,1,0,0,0,0,0,0,0,0,1,0,0,0,0,2,0,0,0,0,0,0,0,0,0,0
20,0.8,140,0.39,0.9,190,FALSE,TRUE,2900,123,1,2,1,2,4,4,0,0,2,74,0,1,0,0,0,1,0,0,0,2,0,0,0,0,1,0,0,0,0,6,0,0,0,0,0,0,0,1,0,11,0,0,0,0,0,0,0,0,0,2,0,0,0,0,1,0,0,0,1,2,0,0,0,0,0,0,0,0,0,0,0,0,0,0,1,0,0,0,0,2,0,0,0,0,0,0,0,0,0,1
100,0.5,290,0.52,0.9,960,TRUE,FALSE,2900,124,2,0,0,3,6,2,0,1,3,71,1,2,2,1,0,0,0,0,0,0,0,0,0,1,0,0,0,0,1,6,1,0,0,0,0,2,0,2,0,10,0,0,0,0,0,0,0,0,0,1,0,0,0,0,0,0,0,0,0,2,0,0,0,0,1,1,0,0,1,1,0,0,0,0,0,0,0,0,0,1,0,0,0,0,0,0,0,0,0,0
80,0.9,160,1,0.8,640,FALSE,FALSE,2900,122,6,0,1,3,5,0,1,0,3,64,5,0,0,0,1,0,0,1,1,0,1,0,0,1,0,0,1,0,1,7,2,0,0,0,0,0,0,1,1,4,1,0,0,0,0,0,0,2,0,4,1,0,0,0,0,1,0,0,0,0,0,0,0,0,0,1,0,0,1,0,1,0,0,0,0,0,0,0,0,1,0,0,0,0,0,0,0,0,0,0
20,0.7,270,0.86,0.8,320,FALSE,TRUE,2900,122,7,1,0,3,2,0,1,2,3,69,1,1,0,1,0,0,0,1,1,0,0,0,0,0,0,0,0,0,0,4,1,0,0,0,0,0,0,1,1,7,1,1,0,0,1,0,0,0,1,6,0,0,0,0,0,0,0,1,0,1,1,0,0,0,0,0,0,0,0,0,0,0,0,0,0,0,0,0,0,1,0,0,0,0,1,0,0,0,0,1
10,0.5,200,0.32,0.7,190,FALSE,FALSE,2900,123,7,1,1,0,3,0,0,0,1,74,0,2,0,0,0,0,0,2,1,2,0,1,0,0,0,0,0,0,0,2,2,1,0,0,0,2,0,0,0,12,1,0,0,0,0,0,0,0,0,2,2,0,0,0,0,0,0,0,0,1,2,0,0,0,0,1,0,0,0,0,0,0,0,0,1,0,0,0,0,0,0,0,0,0,0,0,0,0,0,0
70,0.9,100,0.7,0.9,350,FALSE,FALSE,2900,121,4,0,0,0,4,1,0,0,1,77,3,0,0,0,0,0,1,0,1,0,0,0,0,0,0,0,0,0,0,2,2,0,0,0,0,1,0,0,0,10,0,0,0,0,1,1,0,0,1,2,1,0,0,0,0,0,0,0,0,2,0,0,0,0,1,0,0,0,0,3,0,0,0,0,1,0,0,0,0,0,0,0,0,0,1,0,0,0,0,1
20,0.6,230,0.93,0.5,190,TRUE,FALSE,2900,123,7,1,2,2,6,0,1,0,1,66,2,0,0,1,1,0,1,1,1,0,3,0,0,0,0,0,0,0,0,4,2,0,0,0,0,0,0,2,1,8,1,0,0,0,0,0,2,0,0,1,0,0,0,0,0,0,0,0,1,2,0,0,0,0,1,0,0,0,0,0,1,0,0,0,0,1,0,0,1,0,0,0,0,0,0,0,0,0,0,0
50,0.7,210,0.84,0.6,420,TRUE,TRUE,2900,123,6,2,0,3,3,1,1,0,3,65,3,0,1,0,1,0,0,1,0,1,1,1,1,0,0,0,0,0,0,5,1,0,1,0,0,0,0,0,2,8,2,0,0,0,0,0,1,0,1,4,0,0,0,0,0,0,0,1,0,1,0,0,0,0,0,0,0,0,0,1,0,0,0,0,0,1,0,0,1,0,0,0,0,0,0,0,0,0,0,0
50,0.9,150,0.83,0.9,960,TRUE,TRUE,2900,123,4,0,1,1,5,5,0,0,4,73,2,0,0,0,1,0,0,0,0,2,1,0,0,0,0,0,0,0,0,2,1,1,0,0,0,1,0,0,0,9,0,0,0,0,0,0,0,0,0,2,0,0,0,1,0,0,1,1,0,3,0,0,0,0,0,0,0,0,0,0,0,0,0,0,0,0,0,0,0,1,0,0,0,0,0,0,0,0,1,1
80,0.9,230,0.48,0.6,510,TRUE,FALSE,3000,118,7,0,1,3,2,4,0,0,3,65,2,0,0,0,0,0,0,0,0,0,3,0,0,0,0,0,0,1,0,3,2,0,0,0,2,0,0,0,0,10,0,0,0,0,0,0,0,0,0,4,2,0,1,0,0,0,0,0,0,1,0,0,0,0,0,0,0,0,0,0,0,0,0,0,0,0,0,0,0,2,0,0,0,0,1,0,0,0,0,0
50,0.6,150,0.93,0.8,410,TRUE,FALSE,3000,121,5,1,1,2,6,2,1,3,1,68,2,1,0,0,0,0,0,0,1,0,1,0,0,0,0,0,0,0,0,9,1,0,1,0,0,1,0,0,1,4,1,0,0,1,0,0,0,0,0,1,0,0,1,0,0,0,0,0,0,1,0,0,0,0,0,0,0,0,0,2,0,0,0,1,0,0,0,0,0,2,0,0,0,0,0,0,0,0,0,0
60,0.8,210,0.43,0.6,830,FALSE,FALSE,3000,122,5,0,0,1,5,1,1,0,1,72,1,0,0,1,1,0,0,1,0,2,1,0,0,0,0,0,0,0,0,13,1,0,0,0,0,0,1,0,1,3,0,0,0,1,0,0,0,0,1,2,0,0,0,0,1,1,0,0,1,3,0,0,0,0,0,0,0,0,0,0,0,0,0,0,0,1,0,0,0,0,0,0,0,0,0,0,0,0,0,0
80,0.5,130,0.77,0.6,810,FALSE,TRUE,3000,121,1,2,2,2,6,2,1,3,4,67,1,0,0,0,1,0,0,0,0,1,0,0,0,0,0,0,0,0,0,5,1,0,0,0,2,0,0,0,1,9,0,0,0,0,0,0,0,1,2,2,0,0,0,0,1,0,0,0,0,1,0,0,0,0,0,0,0,0,0,1,0,0,0,1,1,0,1,0,0,0,0,0,0,0,0,0,0,0,0,0
40,0.9,120,0.42,0.3,700,FALSE,TRUE,3000,116,8,0,0,3,3,1,1,1,3,63,2,0,1,0,0,0,0,0,1,0,0,2,0,1,0,0,0,0,1,6,1,0,0,1,0,0,0,0,1,4,0,0,0,0,0,0,0,0,0,3,1,0,0,1,0,0,1,0,0,4,0,0,0,0,0,0,0,0,0,0,0,0,0,0,1,0,0,0,0,1,0,0,0,0,0,0,0,0,0,1
80,0.7,220,0.86,0.9,830,TRUE,FALSE,3000,118,7,1,0,0,5,1,0,0,1,69,0,0,0,0,0,1,1,0,0,1,2,0,0,1,0,0,1,1,0,11,4,0,0,0,0,0,0,0,0,2,1,0,1,0,0,0,1,0,1,1,0,0,0,0,0,0,0,0,0,1,1,0,0,0,0,0,0,0,0,0,0,0,0,0,0,0,0,0,0,1,0,0,0,0,1,0,0,0,0,1
90,0.8,130,0.47,0.7,280,TRUE,TRUE,3000,121,1,1,1,3,7,3,3,3,3,67,0,0,0,0,0,0,0,0,0,3,0,0,0,1,0,0,0,0,0,9,0,1,0,0,0,0,0,0,3,4,0,1,1,0,0,0,0,1,0,0,0,0,0,0,0,0,0,0,0,2,0,0,0,0,0,0,0,0,0,1,0,0,0,0,1,0,0,0,0,2,0,0,0,0,0,0,0,0,0,0
20,0.6,300,0.71,0.8,570,TRUE,FALSE,3000,122,4,0,1,0,4,2,1,1,3,68,0,1,2,0,0,1,1,0,0,2,1,1,0,0,0,3,0,0,1,11,1,1,0,0,0,0,0,0,0,3,0,1,1,0,0,0,0,0,0,1,1,0,0,0,0,0,0,0,0,1,0,0,0,0,1,0,0,0,0,1,0,0,0,0,0,0,0,0,0,2,1,0,0,0,0,0,0,0,0,0
60,0.8,220,0.86,0.8,950,FALSE,FALSE,3000,121,7,1,1,2,5,0,0,1,2,70,1,0,0,0,0,0,1,0,0,3,1,0,0,0,0,0,0,0,0,11,0,0,0,1,0,0,0,1,0,2,1,0,0,1,0,0,1,0,1,0,0,0,0,0,0,0,0,0,0,2,0,0,0,0,0,0,0,0,0,0,0,0,0,0,0,1,0,0,0,3,0,0,0,0,0,0,0,0,0,2
30,0.5,120,0.8,0.4,650,TRUE,FALSE,3000,117,4,2,1,3,1,0,1,0,1,75,1,0,0,1,0,0,0,0,0,0,0,0,0,0,2,1,0,0,2,10,0,0,1,0,1,1,0,0,0,2,0,0,0,0,0,0,0,0,0,0,0,1,0,1,0,0,0,0,0,1,0,0,0,0,0,1,1,0,0,2,0,0,0,0,0,0,0,0,0,0,0,0,0,0,0,0,0,0,0,1
20,0.5,270,0.32,0.3,920,FALSE,FALSE,3000,119,5,1,2,0,3,3,0,2,3,66,2,1,1,0,1,1,0,0,1,0,1,0,0,0,0,0,0,0,0,5,2,0,0,0,1,1,0,0,1,9,0,0,0,0,1,0,0,0,0,2,0,0,0,0,0,0,0,0,0,2,0,0,0,0,0,0,0,0,0,0,0,0,0,0,0,1,0,0,1,1,0,0,0,0,0,0,0,0,0,0
80,0.7,220,0.92,0.5,820,TRUE,FALSE,3000,121,6,0,0,1,2,1,1,1,2,67,1,0,2,0,0,1,0,1,1,1,4,0,1,0,0,0,0,0,0,4,4,0,0,0,0,0,0,0,0,10,0,0,0,1,0,0,0,0,1,0,0,0,0,0,1,0,0,0,1,1,2,0,0,0,0,0,0,0,0,1,0,0,0,0,0,1,0,0,0,1,0,0,0,0,0,0,0,0,1,0
90,0.6,250,0.44,0.3,530,FALSE,FALSE,3000,117,3,1,3,1,4,3,1,1,2,64,0,0,0,1,0,1,0,0,1,1,1,0,0,0,1,0,0,0,0,3,2,0,0,0,0,0,0,0,1,9,2,1,0,0,0,0,0,0,0,2,0,1,1,0,0,0,1,0,1,3,0,0,0,0,0,0,0,0,0,1,0,0,0,0,1,0,0,0,0,0,0,0,0,0,0,0,0,0,0,0
30,0.9,200,0.45,0.7,930,TRUE,FALSE,3000,121,10,0,1,1,6,0,2,1,3,60,0,1,1,1,0,0,0,0,1,0,1,0,0,0,1,0,0,0,0,4,2,0,1,0,1,0,0,0,2,8,1,0,0,1,0,2,0,1,0,0,0,0,0,0,0,0,0,0,0,4,0,0,0,0,0,0,0,0,0,0,0,0,0,0,0,1,0,0,0,2,0,0,0,0,0,0,0,1,0,1
60,0.7,230,0.36,0.3,520,TRUE,TRUE,3000,120,7,0,1,1,4,0,1,1,1,67,1,0,2,0,1,0,0,0,2,0,3,0,0,0,0,0,0,0,1,2,3,0,0,0,0,0,0,0,1,10,0,0,0,0,0,0,0,0,0,3,1,0,0,0,0,0,0,1,0,2,0,0,0,0,0,1,0,0,0,0,0,0,0,0,0,0,0,0,0,1,0,0,0,0,0,0,0,0,2,1
40,0.6,120,0.68,0.6,460,FALSE,TRUE,3000,122,4,0,1,4,6,1,1,1,4,60,2,2,1,1,0,0,1,1,0,2,0,0,0,0,0,0,0,1,0,0,1,0,0,1,1,0,1,0,0,11,2,1,0,0,2,0,0,1,1,1,0,0,1,0,0,0,0,0,0,2,0,0,0,0,0,0,0,0,0,1,0,0,0,0,0,1,0,0,0,2,0,0,0,0,0,0,0,0,0,0
90,0.9,110,0.9,0.4,700,TRUE,TRUE,3000,120,4,1,3,0,3,1,2,1,3,69,2,0,1,0,1,0,1,0,0,0,2,0,0,0,0,0,0,0,0,2,0,0,0,0,0,0,0,0,0,14,0,1,0,0,1,0,0,0,1,1,0,0,0,0,0,0,0,0,0,2,0,0,0,0,1,0,0,0,0,1,0,0,0,0,0,0,0,0,0,3,0,0,0,0,0,0,0,0,0,0
10,0.8,140,0.86,0.3,200,TRUE,FALSE,3000,122,2,1,2,3,4,1,1,2,2,74,0,1,0,1,1,0,0,0,0,0,0,0,0,1,0,0,1,0,0,5,1,0,0,0,0,0,0,0,2,11,0,0,1,0,0,0,0,0,0,3,0,0,0,0,0,0,0,0,0,1,0,0,0,0,0,0,0,0,0,0,0,0,0,0,0,0,0,0,0,1,0,0,0,0,0,1,0,0,0,0
40,0.8,150,0.45,0.3,150,FALSE,TRUE,3000,121,0,1,1,0,8,3,2,3,2,72,0,0,0,0,0,0,1,0,0,0,0,0,0,0,0,0,0,0,0,6,0,0,0,0,0,0,0,0,0,10,0,0,0,0,0,0,0,1,1,4,0,1,0,0,0,0,0,0,0,1,0,0,0,1,1,1,1,0,0,0,0,0,0,0,0,0,0,0,0,1,0,0,0,0,0,0,0,0,0,0
10,0.6,250,0.57,0.8,780,FALSE,TRUE,3000,121,1,2,3,1,5,1,1,1,0,76,0,1,1,0,0,0,1,0,1,0,0,0,0,0,0,0,0,0,1,4,0,0,0,0,1,0,1,0,1,8,1,0,0,0,1,0,0,0,0,2,0,0,0,0,0,0,0,0,0,3,0,0,0,0,0,0,0,0,0,1,0,0,0,0,0,1,0,0,0,2,0,0,0,0,0,0,0,0,0,0
60,0.9,220,0.49,0.9,880,FALSE,TRUE,3000,121,5,1,0,5,4,2,2,0,2,64,2,0,1,0,2,0,0,0,0,0,0,1,0,0,0,0,0,1,0,3,0,0,0,0,1,0,0,0,0,13,1,0,0,0,0,0,1,0,1,0,0,0,0,0,0,0,1,0,1,4,0,0,0,0,0,0,0,0,0,0,0,0,0,0,2,0,1,0,0,1,0,0,0,0,0,0,0,0,0,0
10,0.8,230,0.68,0.5,800,FALSE,FALSE,3000,120,9,0,1,2,5,2,4,0,2,64,2,0,0,0,0,1,0,0,0,0,0,1,0,1,0,0,0,0,0,3,1,0,0,1,0,0,0,0,1,9,0,0,1,0,0,1,0,0,0,3,1,0,0,0,1,0,0,0,0,1,0,0,0,0,0,0,0,1,0,0,0,0,0,0,1,0,0,0,0,1,0,0,0,0,0,0,0,0,0,1
80,0.7,250,0.81,0.6,1000,TRUE,FALSE,3000,119,8,0,1,3,3,1,1,0,1,67,0,0,0,0,1,0,0,0,0,0,1,0,0,0,2,0,2,0,0,5,3,1,0,0,0,0,0,1,0,10,1,0,0,0,0,0,1,0,1,1,0,1,0,0,0,0,0,0,0,1,0,0,0,0,0,0,0,0,0,2,0,0,0,0,0,0,0,0,0,0,0,0,0,0,0,1,0,0,0,0
20,0.7,170,0.31,0.3,130,FALSE,FALSE,3000,119,4,1,0,4,4,3,2,0,5,63,0,0,1,0,1,1,0,2,0,0,0,0,0,0,0,0,0,0,0,6,2,0,0,1,1,0,0,0,1,7,3,0,0,0,0,0,0,0,0,1,0,0,1,0,0,0,0,0,0,3,0,0,0,0,0,0,0,0,0,2,0,0,0,0,1,0,0,0,0,0,0,0,0,0,0,0,0,0,0,0
70,0.7,250,0.64,0.3,710,FALSE,FALSE,3000,120,7,0,0,1,3,1,1,0,1,72,1,1,0,2,0,0,0,1,0,0,0,1,0,0,0,0,0,0,0,6,1,0,0,0,1,0,0,0,0,11,1,0,0,0,0,0,0,0,0,1,0,0,0,0,0,0,0,0,0,1,1,0,0,0,0,0,0,0,1,2,0,0,0,0,2,1,0,0,0,0,0,0,0,0,0,0,0,0,0,0
50,0.8,260,0.59,0.5,910,FALSE,FALSE,3000,120,7,1,0,0,4,1,1,1,2,66,1,0,0,0,1,0,0,1,0,0,3,0,1,0,0,0,0,0,0,12,1,1,1,0,0,0,0,0,0,5,1,0,0,1,0,1,0,0,0,1,0,0,0,0,0,0,0,0,0,3,0,0,0,0,0,0,0,0,0,0,0,0,0,0,1,0,0,0,0,2,0,0,0,0,0,0,0,0,0,1
30,0.8,120,1,0.7,230,FALSE,FALSE,3000,119,1,1,0,3,6,3,1,0,3,69,1,0,0,0,0,0,0,0,0,3,0,1,0,0,0,0,0,0,0,8,1,0,0,1,1,0,1,1,0,6,0,0,0,0,0,0,0,0,0,1,0,0,0,0,1,0,0,0,0,2,0,0,0,0,0,0,0,1,0,1,0,0,0,0,0,0,0,0,0,3,0,0,0,0,0,0,0,0,0,0
20,0.5,270,0.95,0.3,910,TRUE,FALSE,3000,119,4,1,0,0,2,5,0,1,2,75,0,0,0,0,0,0,0,0,0,2,1,0,0,1,0,0,0,0,0,10,0,0,0,0,1,0,0,0,1,2,0,1,0,1,1,0,0,1,0,1,0,0,0,0,0,0,0,0,0,3,0,0,0,0,0,0,0,0,0,1,0,0,0,0,0,0,0,0,0,1,0,0,0,0,0,1,0,0,0,1
50,0.6,160,1,0.9,950,TRUE,FALSE,3000,119,3,1,0,1,4,2,1,1,1,69,0,0,0,0,3,0,0,0,0,1,1,0,0,0,0,0,0,0,0,12,1,0,0,1,0,0,1,0,0,4,0,0,0,0,0,0,0,2,0,4,0,0,0,0,0,0,0,2,0,2,0,0,0,0,0,0,0,0,0,0,0,0,0,0,1,1,0,0,0,0,0,0,0,0,0,0,0,0,0,0
80,0.7,270,0.93,0.6,460,FALSE,FALSE,3000,121,7,1,0,1,2,0,1,2,1,72,3,0,0,0,1,0,2,0,0,1,1,0,0,0,0,0,1,0,1,8,2,0,0,0,0,0,0,0,0,3,0,0,0,1,1,0,0,0,0,2,0,0,0,0,0,1,0,0,1,1,0,0,0,0,0,0,0,0,0,1,0,0,0,0,0,1,0,0,0,1,0,0,0,0,1,0,0,0,0,1
70,0.6,240,0.83,0.8,790,TRUE,TRUE,3000,117,5,1,1,0,4,0,0,0,0,69,3,0,0,0,0,0,1,0,0,3,2,2,0,0,0,0,0,0,0,9,0,0,1,0,0,1,0,0,0,2,2,0,0,1,1,0,0,0,0,0,0,0,0,1,0,1,0,0,0,1,0,0,0,0,0,0,0,0,0,2,0,1,0,0,0,0,0,0,0,2,0,0,0,0,0,0,0,0,0,2
10,0.7,110,0.46,0.9,430,TRUE,TRUE,3000,119,7,0,1,2,3,1,0,1,2,68,1,1,0,0,2,0,0,0,0,1,2,0,0,0,0,0,1,0,0,11,1,0,0,0,0,0,0,0,0,4,1,0,0,0,0,0,0,0,1,1,0,0,0,0,0,0,0,1,0,4,1,0,0,0,0,0,0,0,0,0,0,0,0,0,1,1,0,0,0,0,0,0,0,0,0,0,0,0,0,0
10,0.5,190,0.84,0.3,840,TRUE,FALSE,3000,119,4,2,1,1,4,2,0,0,3,65,3,0,0,0,0,1,0,1,1,1,3,0,0,0,0,0,0,1,0,7,2,0,0,0,1,0,1,0,0,6,0,0,0,0,1,0,0,0,0,1,0,0,0,0,0,0,1,0,1,1,0,0,0,0,0,1,0,0,0,1,0,0,0,1,0,0,0,0,0,2,0,0,0,0,0,0,0,0,0,0
70,0.6,210,0.86,0.6,780,FALSE,TRUE,3000,121,5,1,0,5,7,1,0,0,3,60,0,0,1,2,1,0,0,1,1,1,1,0,0,0,0,0,2,0,0,4,1,0,0,0,1,1,0,0,1,7,2,0,0,0,1,0,0,0,0,2,0,0,0,1,0,0,0,1,0,4,0,0,0,0,0,0,0,0,0,0,0,0,0,0,1,0,2,0,0,1,0,0,0,0,0,0,0,0,0,0
20,0.7,190,0.38,0.6,300,FALSE,TRUE,3000,120,5,0,0,2,6,1,1,0,2,65,0,3,0,0,0,1,0,0,0,3,0,3,0,0,0,1,0,0,0,5,0,0,0,1,0,0,1,0,1,9,1,0,0,0,0,0,0,1,0,1,0,0,0,0,1,0,0,0,0,3,0,0,0,0,0,0,0,0,0,0,1,0,0,0,0,0,0,0,0,1,0,0,0,0,0,0,0,0,0,2
20,0.5,190,0.71,0.8,320,TRUE,TRUE,3000,122,5,0,0,4,9,1,1,2,2,63,2,0,0,1,0,0,0,1,1,0,0,1,0,2,0,0,0,0,0,5,2,0,1,0,0,0,0,0,3,7,1,1,0,0,0,1,0,0,0,2,0,0,0,0,1,0,0,0,0,1,0,0,0,0,0,0,0,0,0,1,0,0,0,0,0,1,0,0,0,0,0,0,0,1,0,0,0,0,0,0
30,0.6,200,0.67,0.4,130,TRUE,TRUE,3000,120,5,0,1,2,4,2,1,1,0,69,0,0,0,0,1,0,0,1,0,0,1,1,1,1,0,0,1,0,0,4,1,0,0,0,1,0,1,0,0,11,2,0,0,0,0,0,0,0,1,1,0,0,0,0,0,2,0,0,0,1,0,0,0,0,0,0,0,0,1,0,0,0,0,0,1,0,0,0,0,1,0,0,0,0,0,0,0,0,0,1
20,0.9,280,0.52,0.5,710,TRUE,TRUE,3000,122,6,1,1,2,1,2,0,2,2,72,2,0,1,0,0,2,0,0,0,0,2,0,0,0,0,0,0,0,0,2,0,0,0,0,1,0,0,0,1,11,1,0,0,0,0,0,0,0,0,5,0,0,0,0,1,1,0,0,0,0,0,0,0,0,0,0,0,0,0,0,0,0,0,0,2,0,0,0,1,1,0,0,0,0,0,0,0,0,0,0
30,0.9,200,0.46,0.5,750,TRUE,TRUE,3000,121,4,0,0,1,6,1,1,1,4,75,1,0,0,0,0,0,0,0,0,1,1,0,0,0,0,0,0,0,0,4,1,0,0,0,0,0,0,0,1,8,0,0,0,1,0,0,1,0,1,3,0,0,1,0,0,0,0,0,0,1,0,0,0,0,0,0,0,0,0,0,0,0,0,0,0,0,0,0,0,1,0,0,0,0,0,0,1,0,0,2
90,0.5,240,0.41,0.7,820,TRUE,FALSE,3000,119,7,1,0,0,3,2,0,0,1,70,1,1,0,0,1,1,0,0,0,1,0,2,1,0,0,0,0,0,0,3,1,0,0,0,0,0,0,0,0,11,0,1,0,0,0,0,0,0,0,1,0,0,0,0,1,1,0,0,0,3,0,0,0,0,1,0,0,0,0,2,0,0,0,0,0,0,1,0,0,2,0,0,0,0,0,0,0,0,0,0
90,0.5,220,0.75,0.7,670,FALSE,TRUE,3000,122,4,1,1,1,3,0,2,1,1,73,2,1,1,0,2,0,0,0,1,0,1,0,0,0,0,0,0,0,0,3,2,0,0,0,0,2,0,0,1,9,1,0,0,0,1,0,0,0,0,6,0,0,0,0,0,0,0,0,0,1,0,0,0,0,0,0,0,0,0,0,0,0,0,0,1,0,0,0,1,0,0,0,0,0,0,0,0,0,0,0
60,0.8,290,0.57,0.9,390,FALSE,TRUE,3000,124,9,0,0,0,3,2,0,0,2,70,1,0,0,1,2,0,1,0,1,0,4,0,0,1,1,0,0,0,0,2,2,0,0,0,0,0,0,0,0,10,1,0,0,0,0,0,1,0,0,5,0,0,0,1,0,0,0,0,0,0,0,0,0,0,0,0,0,0,0,0,0,0,0,0,1,0,0,0,0,1,1,0,0,0,0,0,0,0,0,2
70,0.5,220,0.39,0.6,770,FALSE,TRUE,3000,123,10,0,0,3,3,0,0,1,3,70,0,0,0,2,1,0,0,0,1,0,0,0,0,0,0,0,0,0,0,4,2,0,1,0,0,0,0,1,0,12,2,0,0,0,0,0,0,0,1,0,0,0,1,0,0,0,1,0,1,2,1,0,0,0,0,0,0,0,0,0,0,0,0,0,0,1,0,0,0,0,0,0,0,0,0,0,0,0,0,0
30,0.5,280,0.44,0.9,940,TRUE,FALSE,3000,120,9,2,1,2,2,2,1,1,1,65,2,0,0,0,1,0,0,0,0,3,1,0,0,0,0,0,0,1,0,2,0,0,0,0,0,0,0,0,0,10,1,0,1,0,1,0,0,0,0,2,1,0,0,1,0,0,0,2,0,1,0,0,0,0,0,0,0,0,0,0,1,0,0,0,0,0,0,0,0,1,1,0,0,0,0,1,0,0,0,1
90,0.6,100,0.35,0.5,860,TRUE,TRUE,3000,120,7,0,2,0,3,1,2,0,3,64,3,0,1,1,2,1,0,0,0,1,0,0,0,0,0,1,0,0,0,8,2,1,0,0,0,0,1,0,0,7,0,0,0,0,0,1,0,0,1,0,1,1,0,0,0,1,0,0,0,3,0,0,0,0,0,0,0,0,0,2,0,0,0,0,0,0,0,0,0,0,0,0,0,0,0,0,0,0,0,0
20,0.7,100,0.31,0.8,610,FALSE,FALSE,3000,118,3,1,1,1,8,2,1,1,1,68,0,0,0,1,0,1,0,0,0,2,0,0,0,0,0,0,0,0,1,8,0,0,0,1,2,0,1,0,0,7,0,0,0,0,0,0,1,0,0,1,0,0,0,0,1,0,0,0,0,3,0,0,0,0,0,0,0,0,0,0,0,0,0,0,0,1,0,0,0,1,0,0,0,0,0,0,0,0,0,0
20,0.8,180,0.98,0.3,1000,FALSE,FALSE,3000,119,3,2,0,0,3,4,0,1,1,70,0,2,0,0,0,0,2,0,0,1,1,0,1,0,0,0,0,0,0,8,1,0,0,1,1,0,0,0,0,8,1,0,0,0,0,0,0,0,0,2,2,0,0,0,0,0,0,0,1,0,0,0,0,0,0,1,0,0,0,0,1,0,0,1,1,0,0,0,0,0,0,0,0,0,0,0,0,0,0,0
70,0.7,140,0.95,0.9,920,TRUE,FALSE,3000,118,3,1,0,0,6,1,1,3,1,71,1,1,0,0,0,0,0,0,0,1,2,0,0,0,0,0,0,0,0,4,0,0,0,0,0,0,0,0,0,10,1,0,0,0,0,0,0,0,0,6,0,0,0,0,0,0,1,0,0,2,0,0,0,0,0,0,0,0,1,0,0,0,0,1,1,0,0,0,0,0,0,0,0,0,0,0,0,0,0,0
90,0.9,270,0.44,0.5,810,TRUE,FALSE,3000,120,7,1,0,1,1,3,0,0,1,70,2,1,1,0,0,1,1,0,0,0,3,0,0,0,0,0,0,1,0,10,0,0,0,0,0,0,0,0,0,4,2,1,0,0,0,0,0,1,0,2,1,0,0,0,0,0,0,0,0,2,0,0,0,0,1,0,0,0,0,0,0,1,0,0,0,0,0,1,0,1,0,0,0,0,0,0,0,0,0,0
80,0.9,300,0.53,0.5,170,FALSE,FALSE,3000,121,6,0,0,1,3,2,0,3,2,71,1,0,0,0,0,2,1,0,0,1,0,1,0,0,0,0,0,0,0,6,1,0,0,0,0,0,0,0,1,6,0,1,0,0,1,0,0,0,2,4,0,0,0,0,0,0,0,0,0,2,0,0,0,0,0,0,0,0,0,3,0,0,0,0,1,0,0,0,0,0,0,0,0,0,0,0,0,0,0,0
60,0.5,280,0.65,0.8,380,TRUE,FALSE,3000,120,6,0,0,1,5,1,0,1,2,71,2,0,0,0,0,0,1,0,0,0,0,0,0,1,1,0,0,0,0,8,2,1,0,0,0,0,0,0,0,7,2,0,0,0,0,0,0,0,0,2,0,0,0,0,1,0,0,0,0,0,0,0,0,0,0,0,0,0,0,2,1,0,0,0,0,0,1,0,0,0,0,0,0,1,0,0,0,0,0,1
90,0.8,220,0.59,0.8,930,FALSE,FALSE,3000,120,5,1,2,0,4,3,0,3,4,67,2,0,0,0,0,1,0,0,0,0,1,0,0,1,0,0,0,0,0,7,0,0,0,0,0,0,0,0,0,5,1,0,0,1,1,0,0,0,1,2,0,1,0,0,0,0,0,1,1,4,0,0,0,0,0,0,0,0,0,1,0,0,0,0,1,0,0,0,0,0,0,0,0,0,0,0,0,0,0,0
100,0.5,270,0.62,0.5,390,TRUE,TRUE,3000,119,7,0,1,1,2,0,1,1,2,71,1,0,1,1,1,0,2,0,1,1,2,0,0,0,0,0,0,0,0,9,1,1,0,0,0,0,0,0,1,3,0,0,0,0,0,0,0,0,0,2,1,0,0,0,0,1,0,0,0,1,0,0,0,0,0,0,0,0,0,0,0,0,0,0,0,2,0,0,0,0,1,0,0,0,0,0,0,0,0,1
90,0.6,270,0.74,0.9,930,TRUE,TRUE,3000,120,6,2,2,0,5,0,0,0,2,71,0,0,0,0,0,0,0,0,1,0,1,0,0,0,0,1,0,0,0,8,2,0,0,0,1,0,0,0,0,9,1,0,0,0,1,0,0,0,0,0,0,0,0,0,1,0,0,0,1,2,0,0,0,0,1,0,0,0,0,0,0,0,0,0,1,1,0,0,0,1,0,0,0,0,0,0,0,0,0,0
70,0.7,190,0.59,0.7,410,TRUE,TRUE,3000,120,2,0,0,1,6,1,2,2,2,73,0,0,0,1,1,0,0,0,1,1,0,1,0,0,0,0,1,0,0,8,1,0,1,1,0,0,1,0,0,7,0,0,0,0,1,0,0,1,0,1,0,0,0,0,1,0,0,0,0,0,0,0,0,0,0,1,0,0,0,0,0,0,0,0,0,0,0,0,0,1,0,0,0,0,0,0,0,0,0,1
80,0.5,220,0.34,0.4,550,TRUE,FALSE,3000,118,5,0,0,1,3,3,0,1,5,69,1,0,0,1,1,0,0,0,1,0,1,0,0,0,0,0,0,0,0,2,1,0,0,0,0,0,0,0,0,6,1,0,0,0,0,1,0,0,0,3,0,0,0,0,0,0,0,0,0,4,0,0,0,0,0,0,0,1,0,1,0,0,0,0,1,0,0,0,0,4,0,0,0,0,0,0,0,0,0,2
80,0.9,250,0.88,0.7,850,FALSE,TRUE,3000,119,4,1,0,1,6,2,1,1,2,64,0,0,0,1,2,0,0,0,0,1,3,0,0,0,0,0,0,0,0,6,1,0,1,1,0,0,0,1,0,10,0,0,0,0,0,0,0,0,0,3,0,0,0,1,0,0,1,0,0,2,0,0,1,0,1,0,0,0,0,1,0,0,0,0,0,1,0,0,0,0,0,0,0,0,0,0,0,0,0,0
80,0.9,220,0.54,0.9,260,FALSE,FALSE,3000,120,4,3,2,0,4,1,1,1,1,70,3,0,0,0,0,0,0,0,0,1,1,0,0,0,0,0,0,1,0,6,0,0,0,0,0,0,0,0,1,6,2,0,0,0,2,0,0,1,0,4,0,0,0,0,0,0,0,0,0,2,0,0,0,0,0,0,1,0,0,1,0,0,0,0,1,0,0,0,0,1,0,0,0,0,0,0,0,0,0,0
50,0.5,300,0.87,0.3,660,FALSE,FALSE,3000,121,5,0,2,2,1,0,2,2,3,64,1,0,0,0,1,1,1,0,0,1,1,0,1,2,0,0,0,0,0,9,1,0,0,0,2,0,0,0,0,8,1,0,1,0,1,0,0,0,0,2,0,0,0,0,0,0,0,0,0,2,0,0,0,0,0,2,0,0,0,0,0,0,0,0,0,0,1,0,0,2,0,0,0,0,0,0,0,0,0,0
90,0.6,210,0.71,0.3,180,TRUE,FALSE,3000,123,6,1,1,3,4,2,0,1,4,68,2,0,0,0,2,0,0,0,0,1,0,0,0,0,1,0,0,1,0,6,1,0,1,0,2,0,0,1,1,7,0,0,0,0,0,1,1,1,0,1,0,0,0,0,0,0,0,0,0,3,0,0,0,0,0,0,0,0,0,0,0,0,0,0,0,0,0,0,0,1,0,0,0,0,0,0,0,0,0,0
70,0.8,200,0.49,0.5,310,FALSE,TRUE,3000,119,2,1,0,1,4,0,6,2,2,69,0,0,0,0,1,0,0,1,0,2,0,0,0,0,0,1,0,0,0,4,1,0,1,0,0,0,0,0,2,12,0,0,1,0,0,0,0,0,0,1,0,0,0,0,0,0,0,0,0,1,0,0,0,0,2,0,0,0,0,1,0,0,0,0,2,0,0,0,0,0,0,0,0,0,0,0,0,0,0,0
100,0.6,300,0.58,0.9,630,FALSE,FALSE,3000,121,7,0,1,2,4,3,0,1,1,66,0,0,0,0,0,1,0,0,0,0,3,0,0,0,1,0,1,0,0,3,1,0,0,0,1,0,0,0,1,9,2,1,0,0,0,0,1,0,0,3,0,0,1,0,1,0,0,0,0,3,0,0,0,0,0,0,0,0,0,0,1,0,0,0,1,0,0,0,0,0,0,0,0,0,0,0,1,0,0,1
70,0.5,150,0.61,0.4,950,TRUE,FALSE,3000,118,5,0,0,1,6,1,1,1,0,69,0,0,0,0,1,0,0,0,2,0,1,0,0,0,0,0,0,0,0,5,2,1,1,1,0,2,0,0,0,7,0,1,0,0,0,0,0,0,1,2,0,0,0,1,0,0,0,0,1,0,0,0,0,0,1,0,1,0,0,2,0,0,0,0,0,0,0,0,0,0,0,1,0,0,0,0,0,0,0,1
40,0.9,210,0.56,0.4,280,TRUE,FALSE,3000,123,6,0,1,1,5,1,1,0,2,69,0,1,0,0,3,0,1,0,1,0,1,0,0,1,0,0,0,0,0,4,2,0,0,1,0,0,0,0,1,5,2,0,1,0,1,0,1,1,1,0,0,0,0,0,0,0,0,0,0,3,0,0,0,0,0,0,0,0,0,4,0,0,0,0,0,1,0,0,1,0,0,0,0,0,0,0,0,0,0,1
100,0.8,280,0.56,0.7,170,FALSE,FALSE,3000,123,10,2,0,1,1,0,2,0,4,68,2,0,0,1,0,0,1,0,1,0,0,0,1,1,0,0,0,0,0,3,0,0,0,0,1,0,0,0,0,13,2,0,0,0,0,0,0,0,0,1,0,0,0,0,0,0,0,1,0,0,0,0,0,0,0,1,0,0,0,3,1,0,0,0,1,0,0,0,0,1,0,0,0,1,0,0,0,0,0,0
80,0.5,280,0.96,0.5,1000,FALSE,TRUE,3000,118,4,0,2,0,4,2,2,1,1,65,2,1,2,0,0,0,1,0,0,1,1,1,0,0,0,0,0,1,0,4,0,0,0,1,2,0,1,0,1,5,0,0,0,0,0,0,0,0,1,6,0,0,0,1,0,0,0,0,0,1,1,0,0,0,0,0,0,0,0,0,1,0,0,0,2,0,0,0,0,1,0,0,0,0,0,0,0,0,0,0
20,0.8,210,0.33,0.9,110,TRUE,FALSE,3000,123,7,1,2,2,3,2,0,2,1,70,2,0,0,0,1,0,1,0,0,1,0,0,0,0,1,0,0,0,0,9,1,0,0,1,1,0,1,0,1,5,0,0,0,1,0,0,2,0,1,1,1,0,0,0,0,0,0,0,0,1,0,0,0,0,0,1,0,0,0,0,0,0,0,0,0,1,0,0,0,0,0,0,0,0,0,0,0,0,0,0
40,0.9,220,0.77,0.8,790,FALSE,FALSE,3000,121,4,0,0,0,5,1,1,1,3,69,1,1,1,0,1,0,0,0,0,2,3,0,1,0,0,1,0,0,2,6,2,1,0,1,0,0,0,0,0,5,0,0,0,1,0,1,0,0,0,1,0,0,0,0,0,0,0,0,0,0,0,0,0,0,0,0,0,0,1,0,0,0,0,0,1,0,0,0,0,1,1,0,0,0,0,0,0,0,1,1
50,0.7,110,0.54,0.7,140,FALSE,FALSE,3000,119,1,0,2,1,7,3,2,2,4,65,1,1,1,0,0,0,0,0,0,1,0,0,0,0,0,0,0,0,0,5,1,0,0,0,1,0,0,0,1,12,0,0,0,1,1,0,0,0,1,2,0,0,0,0,0,0,0,0,1,1,0,0,0,0,1,0,0,0,0,0,0,0,0,0,1,0,0,0,0,0,0,0,0,0,0,0,0,0,0,0
30,0.8,240,0.96,0.5,530,TRUE,TRUE,3000,121,8,1,0,2,4,1,0,2,2,70,1,0,0,0,0,1,0,1,0,0,1,0,0,1,0,0,0,0,0,5,1,0,0,0,0,0,0,0,0,9,2,0,0,0,0,0,0,0,0,2,1,0,0,1,0,0,0,0,0,1,1,0,0,0,1,0,0,0,0,0,0,0,0,0,0,0,0,0,0,2,0,0,0,0,0,0,0,0,0,1
20,0.7,130,0.34,0.4,870,TRUE,FALSE,3000,122,3,1,0,3,4,1,0,1,3,74,1,0,0,1,0,0,0,0,0,0,0,0,0,0,0,0,0,0,1,12,1,0,0,0,0,0,0,1,1,4,0,0,0,0,0,1,1,0,0,3,0,0,0,0,0,0,0,0,0,3,0,0,0,0,0,1,0,0,0,0,0,0,0,0,0,1,0,0,0,1,0,0,0,0,0,0,0,0,0,0
10,0.6,100,0.52,0.6,200,TRUE,TRUE,3000,121,1,2,1,1,5,2,0,0,2,73,0,1,0,1,0,1,1,0,0,1,0,0,0,0,0,0,0,0,0,7,0,0,1,0,0,1,1,0,0,12,0,0,0,0,1,0,0,1,0,1,0,0,0,0,0,0,0,0,0,1,0,0,0,0,0,0,0,0,0,2,0,0,0,0,1,0,0,0,0,1,0,0,0,0,0,0,0,0,0,0
70,0.7,130,0.44,0.6,750,TRUE,TRUE,3000,119,4,1,1,2,4,3,0,4,1,68,3,1,0,0,0,0,0,0,0,0,0,0,1,1,0,0,0,0,1,9,0,0,0,0,1,0,0,0,0,3,0,1,0,0,0,0,1,0,1,2,0,0,0,0,0,0,0,0,0,2,0,0,0,0,0,0,0,0,1,1,0,0,0,0,1,0,0,0,0,1,0,0,0,0,0,0,0,0,0,1
60,0.7,230,0.35,0.4,420,FALSE,TRUE,3000,117,10,0,0,1,4,1,2,3,1,63,1,1,0,0,0,0,0,0,1,0,2,0,0,1,0,0,0,1,2,8,0,0,0,0,1,0,0,0,0,3,2,0,1,0,0,0,0,0,0,3,0,0,0,0,0,1,0,0,0,0,0,0,0,0,0,0,0,0,0,1,0,0,0,0,1,0,0,0,0,2,0,0,0,0,0,0,0,1,0,0
50,0.7,150,0.69,0.6,700,TRUE,TRUE,3000,120,8,0,0,0,3,1,0,0,2,70,4,0,0,0,1,1,1,0,0,1,2,0,1,0,1,0,0,0,1,7,0,0,0,1,0,0,0,0,0,1,0,0,0,0,1,1,0,0,0,1,2,0,0,0,2,0,0,0,0,3,1,0,0,0,0,0,0,0,0,1,0,0,0,0,0,1,0,0,0,1,0,0,0,0,1,0,0,0,0,0
10,0.7,280,0.49,0.9,450,FALSE,FALSE,3000,121,1,1,1,2,7,3,5,1,5,64,1,1,0,0,0,1,0,1,0,1,0,0,2,0,0,0,0,0,1,8,0,0,0,1,0,0,0,0,0,4,1,0,0,2,0,0,0,0,0,3,0,0,0,0,0,0,0,0,0,0,0,0,0,0,0,0,1,0,0,0,0,0,0,0,1,0,0,0,0,3,0,0,0,0,0,0,0,0,0,0
90,0.6,120,0.43,0.8,480,TRUE,TRUE,3000,121,10,0,1,0,4,2,1,0,2,64,2,0,0,3,0,2,0,0,1,1,1,0,0,0,0,0,0,1,0,7,2,0,0,1,0,0,1,0,0,7,0,0,0,2,0,1,0,0,0,1,1,0,0,0,1,0,0,0,0,0,0,0,0,0,0,0,0,0,0,1,0,0,0,0,0,0,0,0,0,2,0,0,0,0,0,0,0,0,0,0
30,0.6,300,0.44,0.3,140,FALSE,TRUE,3000,119,5,0,2,2,3,3,0,0,2,68,0,1,0,1,0,2,0,1,1,0,0,1,0,1,0,0,0,0,0,3,3,0,0,0,0,0,0,1,0,9,0,0,0,0,1,0,1,1,0,1,0,0,0,0,0,0,0,0,0,3,0,0,0,0,0,1,0,0,0,0,0,0,0,0,0,0,0,0,1,1,0,0,0,0,0,0,0,0,1,0
80,0.5,100,0.79,0.5,710,FALSE,FALSE,3000,121,5,0,1,2,3,3,2,1,3,64,1,1,1,1,1,0,1,1,0,2,0,0,0,0,0,0,0,0,0,12,2,0,0,1,0,0,0,0,1,3,1,0,0,1,2,0,0,0,0,1,0,0,0,0,0,0,0,0,0,1,0,0,0,0,0,0,0,0,0,0,0,0,0,0,1,0,0,1,0,2,0,0,0,0,0,0,0,0,0,0
40,0.6,100,0.75,0.3,750,TRUE,TRUE,3000,120,4,3,1,2,5,2,1,1,4,64,0,0,0,1,1,0,0,0,1,0,1,2,0,0,0,1,0,0,0,4,0,0,0,0,1,0,0,0,0,7,2,0,0,0,2,1,0,0,0,3,0,0,0,0,0,0,0,0,0,3,1,0,0,0,0,0,0,0,0,0,0,0,0,0,0,0,0,0,0,1,0,0,0,0,0,1,0,0,0,1
90,0.6,180,0.65,0.5,110,FALSE,TRUE,3000,121,9,0,2,3,2,0,3,2,4,65,0,1,0,0,2,0,0,1,0,0,0,0,0,0,0,0,0,0,0,6,1,0,0,0,1,0,0,0,0,8,0,0,0,1,0,0,1,0,0,3,0,0,0,0,0,1,0,0,0,2,1,0,0,0,0,1,0,0,0,1,0,0,0,0,0,0,0,0,0,1,0,0,0,0,0,0,0,0,0,0
60,0.9,260,0.5,0.5,440,TRUE,TRUE,3000,121,8,0,2,1,6,0,1,0,0,65,1,1,1,0,0,0,1,0,0,1,2,0,0,0,2,2,0,0,1,2,2,0,0,0,0,0,0,0,1,9,0,0,0,1,2,1,0,0,1,1,0,0,0,0,0,0,0,0,0,2,1,0,0,0,0,0,0,0,0,2,0,0,0,0,1,0,0,0,1,0,0,0,0,0,0,0,0,0,0,0
30,0.6,250,0.33,0.9,120,FALSE,TRUE,3000,120,4,0,0,1,3,0,1,3,1,74,1,0,0,1,0,1,0,0,0,3,2,0,0,0,0,0,0,0,0,2,0,1,0,0,0,0,0,0,0,9,1,0,0,0,0,1,0,1,0,4,0,0,0,0,0,0,1,0,0,1,0,0,0,0,0,1,0,0,0,1,0,0,0,0,1,0,1,0,0,0,0,0,0,0,0,0,0,0,0,1
40,0.9,200,0.81,0.6,190,FALSE,FALSE,3000,122,7,1,1,0,2,0,2,1,2,69,1,0,0,0,0,0,0,0,0,0,1,0,1,1,1,0,2,0,0,3,1,0,0,0,0,0,0,0,1,12,1,1,0,1,1,0,0,0,0,3,0,0,0,0,0,1,0,0,0,4,1,0,0,0,0,0,0,0,0,0,0,0,0,0,1,0,0,0,0,0,0,0,0,0,0,0,0,0,0,0
50,0.8,210,0.44,0.8,810,TRUE,FALSE,3000,121,7,1,1,2,5,2,1,0,1,63,4,0,0,0,2,0,1,0,0,1,1,0,0,0,0,0,0,0,0,2,1,1,0,0,0,1,0,0,1,11,1,1,0,0,0,1,0,0,0,1,0,0,0,0,1,1,0,0,0,3,0,0,0,0,0,0,0,0,0,1,0,0,0,0,0,1,0,0,0,0,0,0,0,0,1,0,1,0,0,0
80,0.6,250,0.36,0.5,350,FALSE,FALSE,3000,117,5,0,1,2,3,0,2,2,4,62,4,1,0,1,1,0,0,0,0,0,2,0,0,1,0,0,0,0,0,3,0,0,0,1,0,0,0,0,3,5,1,0,1,0,1,0,0,0,0,5,0,0,0,0,0,0,0,1,0,1,0,0,0,0,0,0,0,0,0,1,1,0,0,1,1,0,0,0,0,1,0,0,0,0,0,0,0,0,0,0
20,0.8,270,0.87,0.4,510,TRUE,TRUE,3000,119,6,2,1,1,4,1,0,1,3,68,1,0,0,0,1,0,0,0,0,1,1,0,0,1,0,0,0,0,0,2,0,0,0,0,1,0,0,1,0,12,0,0,0,0,1,0,0,0,0,2,1,0,1,0,0,0,0,0,0,0,0,0,0,1,0,0,0,0,0,0,0,0,0,0,0,1,0,1,0,4,0,0,0,0,0,0,0,0,0,0
40,0.8,200,0.84,0.8,230,FALSE,TRUE,3000,123,6,1,1,0,4,0,1,3,2,71,1,0,0,0,0,0,0,0,0,1,1,0,0,3,0,0,0,0,0,6,2,0,0,0,0,0,0,0,0,11,1,0,1,0,0,0,0,0,0,2,0,0,0,0,0,0,0,0,1,3,0,0,0,1,0,0,0,0,0,0,0,0,0,0,1,0,0,0,0,0,0,0,0,0,0,0,0,0,0,0
10,0.7,290,0.82,0.6,710,FALSE,TRUE,3000,118,6,0,0,3,4,0,1,1,2,65,3,0,1,0,0,0,0,0,0,1,2,0,1,0,1,0,0,0,0,3,2,0,0,0,0,0,1,1,2,9,0,0,1,0,1,0,0,0,1,1,0,0,0,0,0,0,0,0,0,1,0,1,1,0,0,0,0,0,0,0,0,0,0,0,0,1,0,0,0,1,0,0,0,0,0,0,0,0,0,1
90,0.8,130,0.85,0.8,320,FALSE,FALSE,3000,119,5,2,1,1,2,1,2,0,1,70,1,0,0,0,1,0,0,0,0,1,1,0,1,1,0,0,0,0,0,6,0,0,0,0,1,0,0,0,0,10,2,0,0,0,0,0,0,0,1,1,0,0,0,0,0,0,0,1,0,2,0,0,0,0,0,1,0,0,0,0,1,0,0,0,0,0,0,0,0,2,0,0,0,1,0,0,0,0,0,0
70,0.7,210,0.49,0.7,800,FALSE,FALSE,3000,121,9,0,0,1,3,2,1,1,1,66,1,0,0,0,3,0,1,0,0,1,3,0,0,1,0,0,0,0,0,8,2,0,1,0,0,0,0,0,0,3,0,0,1,0,0,0,1,1,0,2,0,0,0,1,0,1,0,1,0,1,0,0,0,0,1,0,0,0,0,0,0,0,0,0,0,0,0,0,0,4,0,0,0,0,0,0,0,0,0,0
20,0.8,140,0.39,0.9,190,FALSE,TRUE,3000,121,8,0,1,0,7,1,0,1,2,66,2,0,0,0,0,0,0,1,0,0,1,0,0,0,1,0,0,0,0,4,3,0,1,0,0,0,0,0,0,9,2,0,0,0,0,0,0,0,0,2,1,0,0,0,2,0,0,0,1,2,0,0,0,0,0,0,0,0,0,1,0,0,0,0,1,1,0,0,0,0,0,0,0,0,0,0,0,0,0,1
100,0.5,290,0.52,0.9,960,TRUE,FALSE,3000,121,7,0,1,1,6,1,2,2,5,61,1,0,2,1,0,0,0,0,1,0,3,0,0,0,0,0,0,0,0,7,0,0,0,1,0,0,0,0,0,5,2,0,0,1,0,0,1,0,0,1,1,0,0,0,1,1,0,0,0,2,0,0,0,0,0,0,0,0,0,2,0,0,0,0,0,0,0,0,0,1,0,0,0,1,0,0,0,0,1,0
80,0.9,160,1,0.8,640,FALSE,FALSE,3000,119,4,1,3,1,7,1,3,0,2,62,0,0,0,1,0,1,0,1,0,2,3,0,0,0,2,0,0,0,1,8,1,0,0,0,0,0,0,0,0,4,0,0,0,0,0,0,0,0,0,5,0,2,1,0,0,0,0,0,0,1,0,0,0,0,0,0,0,1,0,0,0,0,0,0,1,0,0,1,0,0,0,0,0,0,0,0,0,0,0,0
20,0.7,270,0.86,0.8,320,FALSE,TRUE,3000,119,6,1,1,2,4,0,0,2,5,65,0,0,0,0,0,0,0,0,0,2,3,1,1,1,0,0,0,0,0,8,2,0,0,0,0,0,0,1,1,4,1,0,0,0,0,0,0,0,0,2,1,0,0,1,0,0,0,0,0,3,0,0,0,0,0,0,0,0,0,0,0,0,0,1,0,1,0,0,0,0,0,0,0,0,0,0,0,0,0,0
10,0.5,200,0.32,0.7,190,FALSE,FALSE,3000,118,3,0,1,0,6,2,0,1,4,71,1,0,0,1,0,0,0,0,0,0,1,0,0,0,0,0,0,0,0,10,1,0,1,0,1,1,0,0,0,5,0,0,0,0,0,1,0,0,0,1,0,1,0,0,1,0,0,0,0,2,0,0,0,0,0,0,0,0,0,1,0,0,0,0,0,0,0,0,0,1,0,0,0,1,0,0,0,0,0,0
70,0.9,100,0.7,0.9,350,FALSE,FALSE,3000,118,3,1,1,2,4,3,2,2,3,63,1,1,2,0,0,1,0,0,0,2,0,1,0,0,0,0,0,0,0,11,2,0,0,1,1,0,0,1,1,1,1,0,0,1,0,0,0,0,0,1,0,0,0,0,1,0,0,0,0,0,0,0,0,0,0,0,0,0,0,1,0,0,0,0,0,0,0,0,0,1,0,0,0,0,1,0,0,0,0,2
20,0.6,230,0.93,0.5,190,TRUE,FALSE,3000,119,10,2,0,1,1,2,1,0,0,70,1,0,0,0,3,0,0,0,0,0,3,0,0,0,0,0,0,0,0,8,1,0,0,0,0,0,0,0,0,7,0,1,0,0,1,0,0,0,0,1,0,0,0,0,0,0,0,0,0,2,1,0,0,0,1,1,0,0,0,1,0,0,0,0,0,0,0,0,0,0,0,0,0,0,0,0,0,0,0,1
50,0.7,210,0.84,0.6,420,TRUE,TRUE,3000,121,1,2,2,3,8,1,1,3,3,63,3,1,0,0,0,0,0,0,0,2,0,0,1,0,1,0,0,0,0,9,2,0,0,2,0,1,0,0,1,3,1,0,0,0,0,0,0,0,0,1,0,0,0,0,0,0,0,0,0,2,0,0,0,0,0,0,0,0,0,1,0,0,0,0,0,0,0,0,0,3,0,0,0,0,1,0,0,0,0,0
50,0.9,150,0.83,0.9,960,TRUE,TRUE,3000,121,4,0,0,1,6,0,0,0,0,68,5,0,0,2,0,0,0,0,1,0,2,1,0,0,0,0,1,0,1,13,1,0,0,0,0,1,0,0,0,5,0,0,0,0,0,0,0,0,0,1,1,1,0,0,0,0,0,1,0,2,0,0,0,0,0,0,0,0,0,1,0,0,0,0,0,1,0,0,0,1,1,0,0,0,0,0,0,0,0,0
80,0.9,230,0.48,0.6,510,TRUE,FALSE,3200,118,4,0,1,3,4,1,1,0,1,70,0,0,0,0,0,0,0,1,0,0,2,0,1,0,1,0,0,0,0,6,1,1,1,0,0,1,0,0,0,7,0,0,0,0,0,0,1,0,1,4,0,0,0,0,0,0,0,0,0,2,0,0,0,0,0,0,0,0,0,1,0,0,0,0,0,1,0,0,0,2,0,0,0,0,0,0,0,0,0,0
50,0.6,150,0.93,0.8,410,TRUE,FALSE,3200,115,6,0,0,1,1,1,1,0,2,67,2,0,0,0,1,0,0,0,0,0,1,0,1,1,0,0,0,0,0,10,1,1,0,1,1,0,0,0,0,3,2,1,0,0,0,0,0,0,1,2,0,1,0,0,0,0,0,0,0,1,0,0,0,0,1,1,0,0,0,1,0,0,0,0,1,0,0,0,0,2,0,0,0,0,0,0,0,0,0,0
60,0.8,210,0.43,0.6,830,FALSE,FALSE,3200,116,5,0,0,1,1,1,1,1,0,71,0,0,0,0,2,0,0,0,1,0,1,2,0,1,1,1,0,0,0,5,0,0,0,0,0,0,0,0,0,8,3,0,0,0,0,0,0,0,0,3,0,0,1,0,0,0,0,0,0,4,0,0,0,0,1,0,0,0,0,0,0,0,0,0,0,1,0,0,0,0,1,0,0,0,0,0,0,0,0,0
80,0.5,130,0.77,0.6,810,FALSE,TRUE,3200,116,8,0,0,0,5,0,1,1,1,66,1,0,0,1,0,0,0,0,0,1,1,1,0,1,0,0,0,0,0,5,1,1,0,0,0,0,0,0,0,8,1,0,0,0,2,0,0,0,0,1,1,0,0,0,0,0,0,0,0,3,0,0,0,0,1,0,0,0,0,2,0,0,0,0,0,0,0,1,0,2,0,0,0,0,0,0,0,0,0,0
40,0.9,120,0.42,0.3,700,FALSE,TRUE,3200,118,5,1,0,3,2,2,0,0,2,67,1,1,0,0,0,0,0,1,1,0,0,0,1,1,0,1,0,0,0,4,0,0,0,0,1,0,0,1,2,12,2,0,0,1,0,1,0,0,0,0,0,0,0,0,0,0,0,0,1,2,1,0,0,0,0,1,0,0,0,1,0,0,0,0,0,0,0,0,0,0,0,0,0,0,0,0,0,0,0,0
80,0.7,220,0.86,0.9,830,TRUE,FALSE,3200,117,3,2,1,2,11,0,0,1,2,67,1,0,0,0,0,0,0,0,0,1,0,0,0,0,1,0,0,0,0,4,0,0,0,1,0,0,0,1,1,7,1,0,0,0,0,0,1,1,0,1,0,0,0,0,0,0,0,0,0,3,0,0,0,0,0,0,0,1,0,0,0,0,0,0,0,1,0,0,0,1,0,0,0,0,1,0,0,0,0,0
90,0.8,130,0.47,0.7,280,TRUE,TRUE,3200,115,0,1,3,0,6,1,1,1,4,68,0,1,0,0,0,0,0,1,0,1,0,0,1,0,0,0,0,0,0,2,0,2,0,0,1,0,0,1,0,12,0,0,0,0,0,0,0,0,0,1,0,0,0,0,1,0,0,0,0,3,0,0,0,0,0,1,0,0,0,3,0,0,0,0,0,0,0,0,0,0,0,0,0,0,0,0,0,0,0,0
20,0.6,300,0.71,0.8,570,TRUE,FALSE,3200,118,4,1,1,0,3,2,0,4,3,68,1,0,0,1,2,0,0,0,0,0,1,0,0,0,0,1,0,0,0,2,0,0,0,1,0,0,0,0,0,14,2,0,0,0,0,0,0,0,0,2,0,0,0,0,0,0,0,0,0,2,0,0,0,0,0,0,0,0,0,0,0,0,0,0,2,0,0,0,0,2,0,0,0,0,0,0,0,0,0,0
60,0.8,220,0.86,0.8,950,FALSE,FALSE,3200,117,2,1,0,3,5,0,1,0,3,72,1,0,0,1,0,0,1,0,0,0,0,1,0,0,0,0,0,0,0,3,0,1,1,0,0,0,1,0,0,10,0,0,0,1,0,0,0,0,0,3,1,0,0,0,0,0,0,0,0,1,1,0,0,0,0,0,0,0,0,1,1,0,0,0,0,0,0,0,0,0,0,0,0,0,0,0,1,0,0,1
30,0.5,120,0.8,0.4,650,TRUE,FALSE,3200,118,1,1,0,2,4,3,0,4,1,68,0,1,1,0,0,0,0,0,0,1,0,1,1,0,0,0,0,0,0,0,1,0,1,0,1,1,0,0,0,11,0,0,1,0,0,0,0,0,0,6,0,0,0,0,0,0,0,0,0,0,0,0,1,0,0,1,0,0,0,6,0,0,0,0,0,0,0,0,0,0,0,0,0,0,0,0,0,0,0,0
20,0.5,270,0.32,0.3,920,FALSE,FALSE,3200,115,0,0,3,2,4,2,4,0,3,70,0,0,0,0,0,0,0,0,0,0,0,0,0,0,0,0,0,0,0,4,1,0,0,0,0,0,1,0,1,9,0,0,1,0,0,0,0,1,0,3,0,1,0,0,0,0,0,0,0,0,0,0,0,0,0,0,0,0,0,1,0,0,0,1,0,1,0,0,0,2,0,0,0,0,0,0,0,0,0,1
80,0.7,220,0.92,0.5,820,TRUE,FALSE,3200,119,5,0,0,1,3,2,1,1,4,71,0,1,0,1,0,0,0,0,0,3,0,0,0,0,0,0,0,0,0,7,0,0,0,0,0,0,0,0,0,7,2,0,1,1,0,0,0,0,0,3,0,0,0,0,0,1,0,0,0,0,0,0,0,0,0,0,0,0,0,0,0,0,0,0,0,0,0,1,1,1,0,0,0,0,1,0,0,0,1,0
90,0.6,250,0.44,0.3,530,FALSE,FALSE,3200,116,3,0,1,1,7,2,0,1,3,64,0,2,0,0,0,1,0,0,1,0,0,0,2,0,1,0,0,0,0,5,1,0,0,0,0,0,0,1,0,9,0,1,1,1,0,1,0,1,1,3,0,1,0,0,0,0,0,0,0,0,0,0,0,0,0,0,0,0,0,2,0,0,0,0,0,0,0,0,0,0,0,0,0,0,0,0,0,0,0,0
30,0.9,200,0.45,0.7,930,TRUE,FALSE,3200,117,6,0,2,0,3,1,1,1,0,69,0,1,0,0,0,1,0,1,1,0,1,0,1,0,2,0,0,0,0,7,0,0,0,0,0,0,0,0,0,5,1,0,0,0,0,0,0,0,0,3,0,0,0,0,1,0,0,0,0,4,1,0,0,0,0,0,0,0,0,1,1,0,0,0,0,1,0,0,0,1,0,0,0,0,0,0,0,0,1,0
60,0.7,230,0.36,0.3,520,TRUE,TRUE,3200,117,8,0,1,1,5,1,1,0,2,66,3,1,0,0,0,1,0,0,1,0,1,1,0,0,0,1,0,0,0,4,1,0,0,0,1,0,0,0,0,8,0,0,0,1,0,0,0,0,0,3,1,0,0,0,0,0,0,0,0,1,0,0,0,0,0,1,0,0,0,0,0,0,0,0,0,0,0,0,2,1,0,0,0,0,0,0,0,0,0,0
40,0.6,120,0.68,0.6,460,FALSE,TRUE,3200,116,3,2,0,1,4,2,1,0,2,64,1,0,0,0,1,0,0,0,2,3,2,0,0,0,0,0,0,0,1,4,1,1,0,2,0,0,0,0,0,11,1,0,0,0,0,0,0,0,0,2,0,0,0,0,0,0,0,0,0,2,0,0,0,0,0,1,0,0,0,1,1,0,0,0,0,0,0,0,0,1,0,0,0,0,0,0,0,0,0,0
90,0.9,110,0.9,0.4,700,TRUE,TRUE,3200,115,3,1,0,3,4,1,0,3,1,68,0,0,0,1,0,0,1,0,0,0,1,0,0,0,0,0,0,0,1,11,2,0,0,0,0,1,0,0,2,3,1,0,0,0,1,0,0,1,0,0,0,0,0,0,0,0,0,0,1,2,0,0,0,0,0,0,0,0,0,2,0,0,0,0,1,0,0,0,0,0,0,0,0,0,0,0,0,0,0,0
10,0.8,140,0.86,0.3,200,TRUE,FALSE,3200,118,2,0,0,1,1,3,1,0,2,72,0,0,2,0,0,0,0,0,1,3,0,1,0,0,0,0,0,0,0,9,1,0,1,0,2,1,0,1,0,5,0,1,0,0,0,1,0,0,0,3,0,0,0,0,0,0,0,0,0,3,0,0,0,0,0,0,0,0,0,2,0,0,0,0,0,0,0,0,0,0,0,0,0,0,0,0,0,0,0,0
40,0.8,150,0.45,0.3,150,FALSE,TRUE,3200,118,4,1,0,1,3,0,2,2,1,71,0,0,0,0,1,0,0,0,1,4,0,0,0,0,0,1,0,0,0,10,0,0,0,0,0,0,0,0,0,7,1,0,0,1,1,0,0,0,0,2,0,0,0,0,0,0,1,0,0,1,0,0,0,0,0,1,0,0,0,1,0,0,0,0,0,0,0,0,0,1,0,0,0,0,0,0,0,0,0,0
10,0.6,250,0.57,0.8,780,FALSE,TRUE,3200,117,6,1,1,0,4,0,1,1,0,73,0,0,1,0,1,0,0,0,0,0,1,0,0,0,0,1,0,0,0,7,0,1,0,1,0,0,0,0,0,8,1,0,2,0,0,0,0,0,1,1,1,0,0,0,0,0,0,0,0,2,0,0,0,0,0,0,0,0,0,1,0,0,0,0,0,0,0,0,0,0,0,0,0,0,0,1,0,0,0,0
60,0.9,220,0.49,0.9,880,FALSE,TRUE,3200,117,6,0,0,1,1,0,1,0,1,71,1,0,0,1,2,1,0,0,0,2,1,1,0,0,1,0,0,0,0,13,1,0,0,0,1,1,0,0,0,3,2,0,0,0,0,0,0,0,0,0,0,0,0,0,2,0,0,0,0,2,0,0,0,0,0,1,0,0,0,0,0,0,0,0,0,0,0,0,0,1,0,0,0,0,0,0,0,0,0,0
10,0.8,230,0.68,0.5,800,FALSE,FALSE,3200,114,0,1,0,4,5,0,1,1,3,72,0,1,0,1,0,0,0,0,0,0,0,1,0,0,0,0,0,0,0,4,0,1,0,1,0,0,0,0,0,10,0,0,0,0,0,0,0,0,0,1,0,0,0,0,0,0,0,0,0,2,0,0,0,0,1,0,1,0,0,2,0,0,0,0,0,0,0,0,0,1,0,0,0,0,0,0,0,0,0,1
80,0.7,250,0.81,0.6,1000,TRUE,FALSE,3200,118,6,0,1,0,4,1,2,0,1,68,0,1,1,0,0,0,0,1,0,1,1,0,2,0,0,0,0,0,0,7,3,1,1,0,0,0,0,1,0,6,0,0,0,0,0,0,0,0,0,3,1,0,0,0,0,0,0,0,0,1,0,0,0,0,0,0,0,0,0,1,0,0,0,0,1,0,0,0,1,1,0,0,0,0,0,0,0,0,0,1
20,0.7,170,0.31,0.3,130,FALSE,FALSE,3200,117,4,1,0,3,4,1,0,2,2,65,1,0,0,0,1,0,0,0,0,2,2,1,0,1,0,0,0,0,0,4,0,0,0,0,0,0,0,0,0,8,1,1,0,0,0,1,1,0,3,2,0,1,0,0,0,1,0,0,1,1,0,0,0,0,0,0,0,0,0,1,0,0,0,0,0,0,0,0,0,2,0,0,0,0,0,0,0,0,0,0
70,0.7,250,0.64,0.3,710,FALSE,FALSE,3200,115,6,1,1,2,3,1,0,1,1,66,0,0,0,0,0,0,0,0,0,0,2,0,0,0,1,0,0,0,0,5,0,1,0,0,2,0,1,0,0,11,0,0,1,1,0,0,0,0,1,0,0,1,0,0,0,0,0,0,0,2,0,1,0,0,0,1,0,0,0,0,1,0,0,0,0,0,0,0,0,1,0,0,0,0,0,0,0,0,0,1
50,0.8,260,0.59,0.5,910,FALSE,FALSE,3200,116,6,1,0,1,0,0,3,0,1,69,1,0,1,0,1,0,0,0,0,0,0,0,0,0,3,1,0,0,0,5,1,0,0,0,0,0,0,0,0,8,2,1,0,0,0,0,0,1,0,3,1,1,0,0,0,0,1,1,0,2,0,0,0,0,0,0,0,0,0,0,0,0,0,0,1,0,0,0,0,0,0,0,0,0,1,0,0,0,0,0
30,0.8,120,1,0.7,230,FALSE,FALSE,3200,117,2,1,1,2,1,1,0,1,1,69,1,0,0,0,1,1,0,0,0,4,0,0,1,0,1,0,0,0,0,8,0,0,0,0,1,0,0,0,1,8,1,1,1,0,1,0,0,0,0,0,0,1,0,0,0,0,0,0,0,3,0,0,0,0,1,1,0,0,0,0,0,0,0,0,1,0,0,0,0,1,0,0,0,0,0,0,0,0,0,0
20,0.5,270,0.95,0.3,910,TRUE,FALSE,3200,119,3,0,0,0,4,2,0,0,4,73,1,1,0,2,0,0,0,0,0,1,0,1,0,0,0,0,0,0,0,3,0,1,0,0,1,0,1,0,0,10,2,0,0,0,1,0,0,0,0,3,0,0,0,0,1,0,0,0,0,2,0,0,0,0,0,0,0,1,0,0,0,0,0,0,0,0,0,0,0,2,0,0,0,0,0,0,0,0,0,0
50,0.6,160,1,0.9,950,TRUE,FALSE,3200,114,0,0,1,2,4,2,0,4,3,70,0,0,0,0,1,0,0,0,0,0,0,1,0,0,1,0,0,0,0,1,1,1,0,0,0,1,0,0,0,10,0,0,0,1,0,0,0,0,1,4,0,0,0,0,0,0,0,0,0,0,0,0,0,0,0,0,0,0,0,2,0,0,0,0,0,0,0,0,0,3,0,0,0,0,1,0,0,0,0,0
80,0.7,270,0.93,0.6,460,FALSE,FALSE,3200,116,7,1,0,1,1,3,0,0,1,70,1,0,0,0,0,1,0,0,0,0,2,0,0,0,0,1,0,0,2,3,0,0,0,0,0,0,0,1,0,9,2,1,0,0,0,0,0,0,0,2,0,1,0,1,0,0,0,0,0,2,0,0,0,0,0,1,0,0,0,1,0,0,0,0,0,0,0,0,0,1,0,0,0,0,1,0,0,0,0,0
70,0.6,240,0.83,0.8,790,TRUE,TRUE,3200,115,7,1,1,1,2,1,1,1,0,67,0,0,0,0,0,1,2,0,0,0,2,0,0,0,1,0,0,0,0,3,2,0,0,0,0,0,1,0,0,11,0,0,0,0,0,0,0,0,0,4,2,0,1,0,0,0,0,0,0,1,0,0,0,0,0,0,0,0,0,0,0,0,0,0,0,1,0,0,0,1,0,0,0,1,0,0,0,0,0,0
10,0.7,110,0.46,0.9,430,TRUE,TRUE,3200,119,0,1,0,4,5,0,1,1,3,73,0,1,0,0,0,0,0,0,1,1,0,0,1,0,0,0,0,0,0,7,0,1,1,0,0,0,0,0,0,10,0,1,0,1,0,0,0,0,0,1,0,0,0,0,0,0,0,0,0,3,0,0,0,0,0,1,0,0,0,1,0,0,0,0,0,0,0,0,0,0,0,0,0,0,0,0,0,0,0,1
10,0.5,190,0.84,0.3,840,TRUE,FALSE,3200,117,4,1,0,0,4,2,1,0,1,71,0,1,1,1,1,0,0,0,0,0,1,0,0,1,0,1,0,0,0,8,1,0,0,0,0,0,0,0,0,10,0,0,0,0,0,0,0,0,0,3,1,0,0,0,0,0,0,0,0,1,0,0,0,0,1,0,0,0,0,0,0,0,0,0,0,0,0,0,0,1,0,0,0,0,0,0,1,0,0,0
70,0.6,210,0.86,0.6,780,FALSE,TRUE,3200,118,0,2,0,4,4,1,1,1,6,70,0,1,0,1,0,1,0,0,0,1,0,0,0,1,0,0,0,0,1,1,0,1,0,0,1,0,0,0,0,13,0,0,0,0,0,0,0,0,0,1,0,0,0,1,0,0,0,0,0,2,0,0,0,0,1,0,0,0,0,1,0,0,0,0,1,0,0,0,1,0,0,0,0,0,0,0,0,0,0,0
20,0.7,190,0.38,0.6,300,FALSE,TRUE,3200,119,6,1,0,1,1,0,3,1,1,73,1,0,0,0,1,0,0,0,0,0,4,0,1,0,0,0,0,0,1,3,0,0,0,1,0,0,0,0,0,8,0,0,0,0,0,0,0,0,0,4,1,0,0,1,0,1,0,0,0,0,0,0,0,0,0,0,0,0,0,0,0,0,0,0,1,0,0,0,2,1,0,0,0,0,1,0,0,0,0,1
20,0.5,190,0.71,0.8,320,TRUE,TRUE,3200,119,1,1,1,2,2,1,5,1,1,73,0,1,0,1,1,0,0,0,0,0,0,0,0,0,0,1,0,1,0,7,0,1,0,0,1,0,0,0,1,10,0,0,1,0,0,0,0,0,0,3,0,0,0,0,0,0,0,0,0,1,0,0,0,0,0,0,0,0,0,0,0,0,0,0,2,0,0,0,0,0,0,0,0,0,0,0,0,0,0,0
30,0.6,200,0.67,0.4,130,TRUE,TRUE,3200,115,7,0,0,1,4,1,1,2,1,60,0,1,0,1,0,0,0,0,0,0,6,1,0,0,1,0,0,0,0,10,1,0,0,0,0,0,0,0,0,5,2,0,0,0,0,1,0,0,0,1,0,0,0,0,0,0,0,0,0,4,0,0,0,0,0,0,0,0,0,2,0,0,0,1,1,0,0,0,0,0,0,0,0,0,0,0,0,0,0,1
20,0.9,280,0.52,0.5,710,TRUE,TRUE,3200,118,5,0,1,2,5,1,1,0,2,64,1,2,0,0,0,0,1,0,0,0,2,1,1,0,0,1,0,0,0,8,0,0,0,0,0,0,0,0,1,8,2,0,0,0,0,0,0,0,1,2,0,1,0,0,2,0,0,0,0,1,0,0,0,0,0,0,0,0,0,0,1,0,0,0,0,0,0,0,0,2,0,0,0,0,0,0,0,0,0,0
30,0.9,200,0.46,0.5,750,TRUE,TRUE,3200,119,5,1,0,0,3,0,2,0,3,71,1,0,0,0,1,0,2,0,0,1,2,0,0,0,2,0,0,0,0,13,0,1,0,1,1,0,0,0,0,2,0,0,0,0,0,0,0,0,0,2,0,0,0,0,0,0,0,0,0,1,1,0,1,0,0,0,0,0,0,1,0,0,0,0,1,0,0,0,0,1,0,0,0,0,0,0,0,0,0,0
90,0.5,240,0.41,0.7,820,TRUE,FALSE,3200,116,0,1,0,3,6,1,0,2,3,74,0,1,0,0,0,0,0,0,0,1,0,0,0,2,0,0,0,0,0,9,1,0,0,1,0,0,0,1,0,2,0,1,0,0,0,0,0,0,0,1,0,0,0,0,0,0,0,0,0,0,0,0,0,0,0,0,0,0,0,3,0,0,0,0,0,0,0,0,0,2,0,0,0,0,0,1,0,0,0,1
90,0.5,220,0.75,0.7,670,FALSE,TRUE,3200,120,1,1,2,3,2,3,3,0,0,74,0,0,1,0,0,1,0,0,0,1,0,0,0,0,1,1,0,0,0,6,0,1,1,0,0,1,0,1,0,7,1,0,0,0,0,0,0,0,1,5,0,0,0,0,0,0,0,0,0,1,0,0,0,0,0,0,0,0,0,1,0,0,0,0,0,0,0,0,0,0,0,0,0,0,0,1,0,0,0,0
60,0.8,290,0.57,0.9,390,FALSE,TRUE,3200,117,8,1,0,2,3,1,1,0,1,65,2,0,0,1,0,0,0,0,0,1,3,0,2,0,1,0,0,0,0,8,2,0,0,0,0,0,0,0,0,6,0,0,0,0,1,0,0,1,0,3,1,0,0,0,1,0,0,0,0,1,0,0,0,0,0,1,0,0,0,0,0,0,0,0,0,0,0,0,0,0,0,0,0,0,1,0,0,0,0,0
70,0.5,220,0.39,0.6,770,FALSE,TRUE,3200,118,7,0,1,1,4,0,2,0,0,66,2,1,1,1,0,1,0,0,1,1,1,0,0,0,1,0,0,0,1,12,1,1,0,0,0,2,0,0,0,3,0,1,0,0,0,0,0,0,0,1,1,0,0,0,0,0,0,1,0,1,0,0,0,0,0,0,0,0,0,1,0,0,0,0,1,0,0,0,0,1,0,0,0,0,0,0,0,0,0,0
30,0.5,280,0.44,0.9,940,TRUE,FALSE,3200,116,2,2,1,2,2,1,2,1,2,69,2,0,1,0,1,0,1,0,0,0,0,0,0,0,0,0,0,0,1,6,1,0,0,0,0,1,0,0,0,9,1,0,0,0,0,0,0,1,0,3,0,0,0,0,0,0,0,0,0,2,0,0,0,0,1,0,0,0,0,0,0,0,0,2,0,0,0,0,0,0,0,0,0,0,0,0,0,0,0,0
90,0.6,100,0.35,0.5,860,TRUE,TRUE,3200,117,5,2,1,0,3,1,0,1,1,69,1,0,0,1,0,0,0,0,0,1,0,0,0,1,0,0,1,0,0,12,1,1,0,0,0,0,0,0,0,3,1,1,0,0,0,0,0,0,0,1,1,0,0,1,0,0,0,0,0,2,0,0,0,0,0,1,0,0,0,1,0,0,0,0,0,1,0,0,0,0,0,0,0,0,0,0,0,0,0,3
20,0.7,100,0.31,0.8,610,FALSE,FALSE,3200,115,4,0,0,1,4,0,3,1,3,70,2,0,0,0,1,0,0,1,0,1,0,0,0,0,0,0,0,0,0,4,0,0,0,0,0,0,0,0,0,9,1,0,0,1,0,0,0,0,0,1,1,0,0,0,0,0,0,0,0,2,1,0,0,0,0,0,0,0,0,1,0,0,0,0,0,0,0,0,0,2,0,0,0,0,1,0,0,0,0,1
20,0.8,180,0.98,0.3,1000,FALSE,FALSE,3200,116,0,2,0,2,5,1,0,3,3,68,1,0,0,0,2,0,0,0,0,1,0,0,0,0,0,0,0,0,0,5,0,0,0,0,1,0,0,0,0,10,1,0,0,1,0,0,0,0,0,4,0,0,0,0,0,0,0,0,0,2,0,0,0,0,1,0,0,0,1,2,0,0,0,0,0,0,0,0,0,1,0,0,0,0,0,0,0,0,0,0
70,0.7,140,0.95,0.9,920,TRUE,FALSE,3200,115,2,1,2,2,4,1,1,0,3,69,0,0,1,0,0,0,0,0,0,0,0,0,1,0,0,0,0,0,1,4,1,0,0,0,0,0,1,1,0,10,0,0,0,0,0,1,1,0,0,3,0,0,1,0,1,0,0,0,0,1,0,0,0,0,0,1,0,0,0,1,0,0,0,0,0,0,1,0,0,0,0,0,0,0,0,0,0,0,0,0
90,0.9,270,0.44,0.5,810,TRUE,FALSE,3200,115,3,2,0,2,4,3,0,1,1,70,0,1,0,0,0,0,0,0,0,1,1,0,0,0,0,0,0,0,1,2,0,0,1,0,0,1,1,0,0,7,0,0,0,0,0,2,0,1,0,2,1,0,0,0,0,0,0,0,0,1,0,0,0,0,0,0,0,0,0,2,0,0,0,0,1,0,0,0,0,2,1,0,0,0,0,0,0,0,0,1
80,0.9,300,0.53,0.5,170,FALSE,FALSE,3200,115,7,0,0,1,1,2,0,1,0,67,1,0,1,0,1,0,0,0,0,0,3,0,1,0,0,0,1,0,0,5,1,0,0,0,0,0,0,0,0,10,1,0,0,0,1,0,0,0,0,2,0,1,0,0,2,0,0,0,1,0,0,0,0,0,0,0,1,0,0,0,0,0,0,0,0,1,0,0,1,1,0,0,0,0,1,0,0,0,0,0
60,0.5,280,0.65,0.8,380,TRUE,FALSE,3200,117,5,1,3,3,5,0,3,0,3,61,1,0,1,1,0,0,0,0,0,0,2,0,0,0,0,0,0,0,0,4,0,0,0,1,0,1,0,0,0,10,2,0,0,0,0,0,0,0,0,2,0,0,0,0,0,0,0,0,0,3,1,0,0,0,1,0,0,0,0,1,0,0,0,0,0,0,0,0,0,1,0,0,0,0,0,0,0,0,0,2
90,0.8,220,0.59,0.8,930,FALSE,FALSE,3200,115,2,0,1,3,4,3,0,2,4,66,0,0,1,0,0,1,0,0,0,2,0,0,0,0,0,0,0,0,0,3,1,0,0,1,0,0,0,0,0,10,1,0,0,0,1,0,0,0,0,3,0,0,0,0,1,0,0,0,0,0,0,0,0,0,0,0,0,0,0,1,0,0,0,0,0,0,1,0,0,1,0,0,0,0,0,0,0,0,0,3
100,0.5,270,0.62,0.5,390,TRUE,TRUE,3200,119,6,0,2,1,3,2,1,0,1,73,2,1,0,0,0,1,0,0,0,0,1,0,1,0,0,1,0,0,0,2,2,0,0,0,0,0,0,0,0,6,1,0,0,0,1,0,0,1,0,2,0,0,0,0,0,1,0,1,0,0,0,1,0,0,0,0,0,0,0,0,0,0,0,0,0,0,0,0,0,3,0,0,0,0,0,0,0,0,0,3
90,0.6,270,0.74,0.9,930,TRUE,TRUE,3200,118,4,0,2,1,4,3,1,1,3,70,0,0,0,0,1,0,0,0,0,1,0,1,1,0,1,0,0,0,0,2,0,0,0,0,0,0,0,0,0,11,1,0,0,0,0,0,0,0,0,4,1,0,0,0,0,0,1,0,0,1,0,0,0,0,0,1,0,0,0,0,0,0,0,0,0,0,0,0,0,1,1,0,0,0,0,0,0,0,0,1
70,0.7,190,0.59,0.7,410,TRUE,TRUE,3200,115,6,1,0,0,3,2,0,0,3,70,0,0,0,1,0,0,0,0,0,0,2,0,0,0,0,0,0,0,0,1,1,2,0,0,0,1,1,0,0,9,0,0,1,0,0,0,0,0,0,2,0,0,1,0,0,1,0,0,0,1,0,0,0,0,0,0,0,0,0,2,0,0,0,0,1,0,0,0,1,2,0,0,0,0,0,0,0,0,0,1
80,0.5,220,0.34,0.4,550,TRUE,FALSE,3200,114,4,0,0,0,1,2,2,1,2,65,4,0,0,2,0,0,0,0,0,1,3,0,2,0,0,1,0,0,0,5,1,0,0,0,0,0,0,0,0,7,2,0,0,0,0,0,0,0,0,1,1,0,0,0,0,0,0,0,0,0,0,0,0,0,1,0,0,0,0,1,1,0,0,0,1,0,0,0,0,1,0,0,0,0,1,0,0,0,0,2
80,0.9,250,0.88,0.7,850,FALSE,TRUE,3200,118,4,0,0,5,5,1,1,1,2,69,0,0,0,1,0,0,1,0,0,1,2,0,0,0,0,0,0,0,1,5,1,0,0,1,1,0,0,0,0,7,1,0,0,0,0,0,0,2,0,1,0,0,0,0,0,0,0,0,0,3,0,0,0,0,0,0,0,0,0,1,0,0,0,0,0,0,0,0,0,0,0,0,0,0,1,0,0,0,0,1
80,0.9,220,0.54,0.9,260,FALSE,FALSE,3200,116,0,1,3,1,2,5,2,0,1,68,0,0,1,0,1,0,0,0,0,2,0,0,0,0,0,1,0,0,0,9,0,0,1,0,0,0,2,0,0,9,0,0,0,1,0,0,1,0,0,2,0,0,0,0,1,0,0,0,0,2,0,0,0,0,0,0,0,0,0,1,0,0,0,0,0,0,0,0,0,0,0,0,0,0,0,0,0,0,0,0
50,0.5,300,0.87,0.3,660,FALSE,FALSE,3200,120,4,2,0,2,8,3,1,0,4,62,0,0,0,1,0,1,1,1,0,0,0,0,0,0,0,0,0,0,0,7,2,0,0,0,0,0,0,0,0,7,1,0,1,0,0,0,2,0,1,3,0,0,0,0,0,0,0,0,0,4,0,0,0,0,0,1,0,0,0,1,1,0,0,0,0,0,0,0,0,0,0,0,0,0,0,0,0,0,0,0
90,0.6,210,0.71,0.3,180,TRUE,FALSE,3200,117,3,1,0,1,2,1,0,0,0,73,0,1,1,2,0,1,1,0,1,1,2,0,0,0,0,0,0,0,0,8,0,0,0,0,0,0,0,0,0,8,2,1,0,1,0,0,0,0,0,0,0,0,0,0,0,1,0,0,0,2,0,0,0,0,1,0,0,0,0,1,1,0,0,0,0,0,0,0,0,0,0,0,0,0,0,0,1,0,0,0
70,0.8,200,0.49,0.5,310,FALSE,TRUE,3200,116,6,0,1,0,3,0,0,1,0,69,1,1,0,0,1,0,0,0,1,0,4,1,0,0,1,0,0,1,0,5,0,0,0,0,0,0,0,0,0,9,2,0,0,0,0,0,0,0,0,2,0,1,0,0,0,1,0,1,0,3,0,1,0,0,0,1,0,0,0,0,0,0,0,0,0,0,0,0,0,0,0,0,0,0,0,0,0,0,0,0
100,0.6,300,0.58,0.9,630,FALSE,FALSE,3200,115,3,1,2,1,3,1,3,1,1,70,0,0,0,0,1,0,0,0,0,1,2,0,0,0,1,0,0,0,0,5,1,0,0,0,0,0,0,0,0,10,0,0,1,0,0,0,0,0,0,1,1,0,0,0,0,0,0,0,0,2,0,0,0,0,1,0,0,0,0,0,0,0,0,0,1,0,0,0,0,1,0,0,0,0,0,0,0,0,1,0
70,0.5,150,0.61,0.4,950,TRUE,FALSE,3200,117,0,2,2,0,5,3,0,2,0,76,0,1,1,0,0,0,0,0,0,0,0,0,0,0,0,0,0,2,0,11,0,1,0,0,0,0,0,0,0,3,0,0,0,1,0,0,0,0,0,1,0,0,0,0,1,0,0,0,1,1,0,0,0,0,0,0,0,0,0,1,0,0,0,0,0,0,0,0,0,1,0,0,0,0,1,0,0,0,0,1
40,0.9,210,0.56,0.4,280,TRUE,FALSE,3200,117,3,0,1,0,9,0,1,2,6,65,0,0,0,2,0,0,0,0,0,2,0,1,0,0,0,0,0,0,0,10,0,0,1,0,0,0,0,0,0,6,0,0,0,0,0,0,0,0,0,2,1,0,0,0,1,0,0,0,0,3,0,0,0,0,0,0,0,0,0,0,0,1,0,1,0,0,0,0,0,0,0,0,0,0,0,0,0,0,0,0
100,0.8,280,0.56,0.7,170,FALSE,FALSE,3200,116,3,1,0,1,2,3,0,2,3,65,1,1,0,0,2,1,0,0,1,0,1,0,0,1,0,0,0,0,0,6,0,1,0,0,0,0,0,0,0,10,0,0,0,1,0,0,0,0,1,4,0,0,1,0,1,0,0,0,0,0,1,0,0,0,1,0,0,0,0,0,0,0,0,0,1,0,0,0,0,1,0,0,0,0,0,0,0,0,0,0
80,0.5,280,0.96,0.5,1000,FALSE,TRUE,3200,120,6,0,1,1,3,0,2,2,2,70,0,0,0,1,0,0,1,1,0,0,1,0,1,0,0,0,0,0,0,9,0,0,0,0,0,1,0,0,0,6,3,0,1,0,0,0,0,0,0,1,0,0,0,0,0,0,1,0,0,4,0,0,0,0,0,0,0,0,0,1,0,0,0,0,1,0,0,0,0,1,0,0,0,0,0,0,0,0,0,0
20,0.8,210,0.33,0.9,110,TRUE,FALSE,3200,118,2,1,2,2,4,2,0,0,2,68,0,1,1,0,0,0,0,0,1,1,0,1,0,0,0,0,1,0,0,5,1,0,1,0,0,0,1,0,1,10,0,1,1,0,1,1,0,0,0,0,0,0,0,0,0,0,0,0,0,2,0,0,0,0,0,0,0,0,0,1,0,1,0,0,0,1,0,0,0,2,0,0,0,0,0,0,0,0,0,0
40,0.9,220,0.77,0.8,790,FALSE,FALSE,3200,117,7,0,0,1,3,2,0,0,1,69,0,2,0,2,0,0,0,0,1,0,1,0,0,0,0,0,1,0,1,3,0,1,0,0,0,0,0,0,0,7,1,1,0,0,0,0,0,0,0,2,2,0,0,0,0,0,0,0,1,3,0,0,0,0,0,0,0,0,0,1,0,1,0,0,0,0,0,0,0,1,0,0,0,0,0,1,0,0,0,2
50,0.7,110,0.54,0.7,140,FALSE,FALSE,3200,117,5,0,2,1,5,0,0,2,0,69,1,0,0,0,1,1,1,0,0,1,1,0,0,0,0,0,0,0,0,6,1,0,0,0,1,0,0,1,0,7,0,0,1,0,0,0,0,0,1,3,1,0,0,0,0,0,1,0,0,1,0,0,0,0,0,1,0,0,1,1,0,0,0,0,0,0,0,0,0,1,0,0,0,0,0,0,0,0,0,0
30,0.8,240,0.96,0.5,530,TRUE,TRUE,3200,118,2,0,3,2,7,3,2,2,3,60,1,0,1,0,0,1,0,0,0,2,1,0,1,0,0,0,0,0,0,5,1,0,0,0,0,0,0,0,2,9,2,0,1,0,0,0,0,0,0,2,0,0,0,0,0,0,0,0,0,1,0,0,0,0,0,0,0,0,0,3,0,0,0,0,1,0,0,0,0,1,0,0,0,0,0,0,0,0,0,0
20,0.7,130,0.34,0.4,870,TRUE,FALSE,3200,120,4,0,1,0,6,1,0,1,0,75,0,1,0,1,0,0,1,0,0,0,2,0,0,0,0,0,0,0,0,3,2,0,0,1,0,0,0,0,1,12,1,0,0,0,0,1,1,0,1,1,0,0,0,0,0,0,0,0,2,0,0,0,0,0,1,0,0,0,0,0,0,0,0,0,0,0,0,0,0,1,0,0,0,0,0,0,0,0,0,0
10,0.6,100,0.52,0.6,200,TRUE,TRUE,3200,118,3,1,1,0,4,0,0,1,1,73,2,0,0,0,1,0,1,0,1,1,2,0,0,1,0,0,0,0,0,5,1,1,0,0,0,0,0,0,0,10,1,0,0,1,0,0,0,0,0,1,0,0,0,0,0,1,0,0,0,2,0,0,0,0,0,1,0,0,0,1,0,0,0,0,0,0,0,0,0,1,0,0,0,0,0,0,0,0,0,0
70,0.7,130,0.44,0.6,750,TRUE,TRUE,3200,119,0,2,1,2,5,0,0,3,2,75,1,0,0,1,0,0,0,0,0,1,0,0,0,0,0,0,0,0,0,3,0,1,0,1,1,0,0,0,1,10,0,0,0,0,0,0,0,0,0,4,0,0,0,0,0,0,0,0,0,1,0,0,0,0,0,0,0,0,0,1,0,0,0,0,0,2,0,0,0,1,0,0,0,0,0,0,0,0,0,1
60,0.7,230,0.35,0.4,420,FALSE,TRUE,3200,120,7,0,0,3,1,1,0,0,1,73,1,0,0,1,1,1,0,0,1,0,2,3,0,0,0,0,0,0,0,2,0,0,0,0,0,0,0,0,0,6,1,0,0,0,0,1,0,1,1,3,0,1,0,0,0,0,0,0,0,2,1,0,0,0,0,0,0,0,0,3,0,0,0,0,0,0,0,0,0,2,0,0,0,0,0,1,0,0,0,0
50,0.7,150,0.69,0.6,700,TRUE,TRUE,3200,120,1,0,1,0,5,3,3,0,2,68,0,0,2,1,0,1,0,0,0,1,0,0,0,0,1,0,0,1,0,1,2,0,0,0,0,0,1,0,0,14,0,0,2,0,0,0,0,0,0,3,0,0,0,0,1,0,0,0,0,4,0,0,0,0,0,0,0,0,0,1,0,0,0,0,0,0,0,1,0,1,0,0,0,0,0,0,0,0,0,0
10,0.7,280,0.49,0.9,450,FALSE,FALSE,3200,116,5,0,1,1,3,1,0,2,4,68,2,0,0,1,0,0,0,0,0,1,3,0,1,0,0,0,0,0,0,2,1,0,0,0,0,0,0,0,0,6,2,0,0,0,0,2,0,0,0,2,1,0,0,0,0,0,0,0,1,5,0,0,0,0,0,0,0,0,0,0,0,0,0,0,0,0,0,0,0,1,0,0,0,0,1,0,0,0,0,0
90,0.6,120,0.43,0.8,480,TRUE,TRUE,3200,116,0,0,1,3,6,1,2,2,3,66,0,0,0,0,1,0,0,0,0,1,0,0,0,0,0,0,0,0,0,3,0,2,0,0,0,0,0,0,0,15,0,1,0,1,0,0,0,0,0,3,0,0,0,0,0,0,0,0,0,3,0,0,0,0,1,0,0,0,0,0,0,0,0,0,0,0,0,0,0,2,0,0,0,0,0,0,0,0,0,0
30,0.6,300,0.44,0.3,140,FALSE,TRUE,3200,118,6,0,0,2,0,2,0,2,2,68,0,1,0,2,1,0,2,1,0,0,1,0,0,0,0,0,0,0,0,4,3,0,0,0,1,0,0,0,0,11,1,0,0,0,0,0,0,0,1,1,0,0,0,0,0,0,1,0,0,3,1,0,0,0,1,0,0,0,0,0,1,0,0,0,0,0,0,0,0,0,0,0,0,0,0,0,0,0,0,0
80,0.5,100,0.79,0.5,710,FALSE,FALSE,3200,116,8,0,1,0,2,0,1,0,0,70,0,0,0,0,0,0,1,0,0,0,3,0,0,0,1,0,0,0,0,1,2,0,0,0,0,1,1,1,0,12,0,0,1,1,0,1,0,0,0,1,0,0,0,1,0,0,0,0,0,1,0,0,0,0,1,1,0,0,0,1,0,0,0,0,0,0,0,0,1,1,0,0,0,0,0,0,0,0,1,0
40,0.6,100,0.75,0.3,750,TRUE,TRUE,3200,116,5,1,1,0,1,0,3,1,1,66,0,0,1,0,0,0,0,0,0,0,2,0,0,1,1,1,0,0,0,5,3,0,0,0,1,0,0,0,0,10,1,0,0,0,0,0,0,1,0,3,1,0,0,0,1,1,0,0,0,1,0,0,0,0,0,0,0,0,0,0,1,0,0,0,0,0,0,0,0,2,0,0,0,1,0,0,0,0,0,0
90,0.6,180,0.65,0.5,110,FALSE,TRUE,3200,118,2,1,0,1,6,3,0,0,1,74,0,1,0,0,0,0,0,1,0,2,2,0,0,0,0,1,0,0,0,1,1,0,0,0,0,0,0,0,0,10,0,0,0,0,0,0,0,0,0,4,1,0,0,0,0,0,0,0,0,2,0,0,0,0,0,0,0,0,0,2,0,0,0,0,0,1,0,1,0,0,0,0,0,0,0,0,0,0,0,1
60,0.9,260,0.5,0.5,440,TRUE,TRUE,3200,121,1,2,1,2,6,2,0,0,3,68,1,1,0,0,0,0,0,1,0,2,0,1,0,0,0,0,0,1,0,3,2,0,2,0,1,0,0,0,0,13,1,0,0,0,0,0,0,0,0,2,0,0,1,0,0,0,0,1,0,0,0,0,0,0,0,1,0,0,0,1,0,0,0,0,0,0,0,0,0,1,0,0,0,0,0,0,0,0,0,0
30,0.6,250,0.33,0.9,120,FALSE,TRUE,3200,119,3,1,1,4,7,2,2,0,4,58,1,1,0,1,0,1,0,1,0,1,0,0,1,0,0,0,0,0,0,9,0,0,0,0,0,0,0,0,1,7,0,1,0,0,0,0,0,0,0,2,0,1,0,0,0,0,0,0,0,3,0,0,0,0,0,1,0,1,0,2,1,0,0,0,0,0,0,0,0,2,0,0,0,0,0,0,0,0,0,0
40,0.9,200,0.81,0.6,190,FALSE,FALSE,3200,115,0,1,1,1,6,1,1,1,0,75,0,0,0,0,0,0,0,0,0,0,0,2,1,0,1,0,0,2,0,9,0,1,0,0,0,0,0,0,0,5,0,0,0,0,0,0,0,0,0,2,0,0,0,0,1,0,0,0,0,2,0,0,0,0,0,1,0,0,0,0,0,0,0,0,0,1,0,0,0,1,0,0,0,0,0,0,0,0,0,0
50,0.8,210,0.44,0.8,810,TRUE,FALSE,3200,120,7,0,0,4,4,1,0,0,2,68,1,0,0,0,1,0,0,2,0,0,1,0,0,0,0,0,0,0,0,5,2,0,1,0,1,1,0,0,0,6,3,0,0,0,1,0,0,0,0,3,0,0,0,0,0,0,0,0,0,1,0,0,0,0,0,0,0,0,0,1,1,0,0,0,0,0,0,0,0,2,0,0,0,0,0,1,0,0,0,1
80,0.6,250,0.36,0.5,350,FALSE,FALSE,3200,115,0,1,0,1,4,2,2,1,1,72,0,1,0,0,1,0,0,0,0,3,0,1,1,0,0,0,0,0,0,7,0,0,0,0,0,0,0,0,1,8,0,0,0,0,1,0,0,0,0,2,0,0,0,0,1,0,0,0,0,2,0,0,0,0,0,0,0,0,0,1,0,0,0,0,0,0,0,0,0,2,0,0,0,0,0,0,0,0,0,0
20,0.8,270,0.87,0.4,510,TRUE,TRUE,3200,118,6,0,0,1,1,1,1,1,1,70,3,0,0,2,1,0,0,0,0,0,2,1,1,0,1,0,0,0,0,5,1,0,0,0,0,0,0,0,0,8,0,0,0,0,0,0,0,0,0,0,1,0,1,0,0,0,0,0,1,2,0,0,0,0,0,1,0,0,0,1,0,0,0,0,1,0,0,0,0,4,0,0,0,0,0,0,0,0,0,0
40,0.8,200,0.84,0.8,230,FALSE,TRUE,3200,118,4,0,1,2,4,2,2,2,2,68,0,0,0,1,0,0,0,0,0,2,1,0,0,1,0,1,0,0,0,6,1,0,0,0,0,0,0,0,0,8,1,0,0,0,1,0,0,0,1,2,0,0,0,0,0,0,0,1,0,2,0,0,0,0,0,0,0,0,0,0,0,0,0,0,0,0,0,0,0,1,0,0,0,0,1,0,0,0,0,1
10,0.7,290,0.82,0.6,710,FALSE,TRUE,3200,116,2,1,3,2,4,1,2,0,0,65,0,0,1,0,1,0,0,1,0,3,1,0,0,0,0,0,1,0,0,7,1,0,0,1,0,0,1,1,0,8,1,0,0,0,0,0,0,0,0,1,0,0,0,0,0,0,0,0,0,4,1,0,0,0,0,1,0,0,0,1,1,0,0,0,0,0,0,0,0,0,0,0,0,0,0,0,0,0,0,0
90,0.8,130,0.85,0.8,320,FALSE,FALSE,3200,118,4,0,1,1,4,1,0,4,0,71,0,0,0,1,1,0,0,0,0,1,0,0,0,0,0,2,0,0,0,8,1,0,0,0,0,0,1,0,1,8,0,0,0,0,0,0,0,0,0,2,0,0,0,1,0,0,0,0,0,3,1,0,0,0,0,0,0,0,0,1,0,0,0,0,1,0,0,0,0,0,0,0,0,0,0,0,0,0,0,0
70,0.7,210,0.49,0.7,800,FALSE,FALSE,3200,115,4,0,1,1,4,0,1,0,1,67,3,1,1,0,1,0,0,0,0,1,2,1,0,0,0,0,0,0,1,3,2,0,0,0,0,0,0,0,0,8,1,0,0,1,0,0,0,0,1,2,1,0,0,0,0,0,0,0,1,1,0,0,0,0,1,1,0,0,0,2,0,0,0,0,0,0,0,0,0,1,0,0,0,0,0,0,0,0,0,0
20,0.8,140,0.39,0.9,190,FALSE,TRUE,3200,116,3,1,1,4,0,0,0,0,0,0,0,0,0,0,0,0,0,0,0,0,0,0,0,0,0,0,0,0,0,0,0,0,0,0,0,0,0,0,0,0,0,0,0,0,0,0,0,0,0,0,0,0,0,0,0,0,0,0,0,0,0,0,0,0,0,0,0,0,0,0,0,0,0,0,0,0,0,0,0,0,0,0,0,0,0,0,0,0,0,0
100,0.5,290,0.52,0.9,960,TRUE,FALSE,3200,117,0,1,1,1,0,0,0,0,0,0,0,0,0,0,0,0,0,0,0,0,0,0,0,0,0,0,0,0,0,0,0,0,0,0,0,0,0,0,0,0,0,0,0,0,0,0,0,0,0,0,0,0,0,0,0,0,0,0,0,0,0,0,0,0,0,0,0,0,0,0,0,0,0,0,0,0,0,0,0,0,0,0,0,0,0,0,0,0,0,0
80,0.9,160,1,0.8,640,FALSE,FALSE,3200,118,7,0,0,4,0,0,0,0,0,0,0,0,0,0,0,0,0,0,0,0,0,0,0,0,0,0,0,0,0,0,0,0,0,0,0,0,0,0,0,0,0,0,0,0,0,0,0,0,0,0,0,0,0,0,0,0,0,0,0,0,0,0,0,0,0,0,0,0,0,0,0,0,0,0,0,0,0,0,0,0,0,0,0,0,0,0,0,0,0,0
20,0.7,270,0.86,0.8,320,FALSE,TRUE,3200,118,0,1,0,1,0,0,0,0,0,0,0,0,0,0,0,0,0,0,0,0,0,0,0,0,0,0,0,0,0,0,0,0,0,0,0,0,0,0,0,0,0,0,0,0,0,0,0,0,0,0,0,0,0,0,0,0,0,0,0,0,0,0,0,0,0,0,0,0,0,0,0,0,0,0,0,0,0,0,0,0,0,0,0,0,0,0,0,0,0,0
10,0.5,200,0.32,0.7,190,FALSE,FALSE,3200,116,6,0,0,1,0,0,0,0,0,0,0,0,0,0,0,0,0,0,0,0,0,0,0,0,0,0,0,0,0,0,0,0,0,0,0,0,0,0,0,0,0,0,0,0,0,0,0,0,0,0,0,0,0,0,0,0,0,0,0,0,0,0,0,0,0,0,0,0,0,0,0,0,0,0,0,0,0,0,0,0,0,0,0,0,0,0,0,0,0,0
70,0.9,100,0.7,0.9,350,FALSE,FALSE,3200,116,4,0,1,2,0,0,0,0,0,0,0,0,0,0,0,0,0,0,0,0,0,0,0,0,0,0,0,0,0,0,0,0,0,0,0,0,0,0,0,0,0,0,0,0,0,0,0,0,0,0,0,0,0,0,0,0,0,0,0,0,0,0,0,0,0,0,0,0,0,0,0,0,0,0,0,0,0,0,0,0,0,0,0,0,0,0,0,0,0,0
20,0.6,230,0.93,0.5,190,TRUE,FALSE,3200,114,2,1,3,2,0,0,0,0,0,0,0,0,0,0,0,0,0,0,0,0,0,0,0,0,0,0,0,0,0,0,0,0,0,0,0,0,0,0,0,0,0,0,0,0,0,0,0,0,0,0,0,0,0,0,0,0,0,0,0,0,0,0,0,0,0,0,0,0,0,0,0,0,0,0,0,0,0,0,0,0,0,0,0,0,0,0,0,0,0,0
50,0.7,210,0.84,0.6,420,TRUE,TRUE,3200,117,4,0,1,1,0,0,0,0,0,0,0,0,0,0,0,0,0,0,0,0,0,0,0,0,0,0,0,0,0,0,0,0,0,0,0,0,0,0,0,0,0,0,0,0,0,0,0,0,0,0,0,0,0,0,0,0,0,0,0,0,0,0,0,0,0,0,0,0,0,0,0,0,0,0,0,0,0,0,0,0,0,0,0,0,0,0,0,0,0,0
50,0.9,150,0.83,0.9,960,TRUE,TRUE,3200,117,4,0,1,1,0,0,0,0,0,0,0,0,0,0,0,0,0,0,0,0,0,0,0,0,0,0,0,0,0,0,0,0,0,0,0,0,0,0,0,0,0,0,0,0,0,0,0,0,0,0,0,0,0,0,0,0,0,0,0,0,0,0,0,0,0,0,0,0,0,0,0,0,0,0,0,0,0,0,0,0,0,0,0,0,0,0,0,0,0,0
