time,cpu_frequency,cpu_usage,sda_usage,active_power,power_time
20241107152115,800,0.0973,0.0,29.34268,20241107152119
20241107152529,800,0.9459,0.02,23.31076,20241107152529
20241107152645,800,0.9089,0.0,24.64248,20241107152645
20241107153111,800,0.9223,0.02,23.02399,20241107153115
20241107153227,800,0.9548,0.004,23.18766,20241107153226
20241107153652,800,0.9219,0.016,23.1317,20241107153656
20241107153807,800,0.9167,0.0,23.08274,20241107153807
20241107154224,800,0.7002,0.02,27.27235,20241107154225
20241107154338,800,0.9548,0.004,23.10233,20241107154336
20241107154750,800,0.9219,0.012,30.53172,20241107154759
20241107154905,800,0.9183,0.0,30.95138,20241107154909
20241107155319,800,0.7469,0.012,23.54996,20241107155315
20241107155433,800,0.9523,0.008,30.57229,20241107155436
20241107155841,800,0.6743,0.028,23.2604,20241107155847
20241107155956,800,0.8035,0.004,30.41282,20241107155958
20241107160412,800,0.787,0.012,25.24259,20241107160419
20241107160527,800,0.799,0.012,28.43062,20241107160529
20241107160939,800,0.9123,0.016,24.35431,20241107160936
20241107161054,800,0.9471,0.004,26.69042,20241107161056
20241107161506,800,0.7543,0.012,27.04714,20241107161508
20241107161621,800,0.7246,0.008,27.88506,20241107161628
20241107162034,800,0.9373,0.012,24.72641,20241107162039
20241107162150,800,0.6502,0.008,27.32551,20241107162155
20241107162603,800,0.7654,0.02,23.57095,20241107162606
20241107162718,800,0.8713,0.0,23.259,20241107162716
20241107163139,800,0.9171,0.016,23.41148,20241107163137
20241107163254,800,0.9375,0.0,30.60166,20241107163257
20241107163711,800,0.907,0.008,23.1345,20241107163718
20241107163826,800,0.9323,0.008,30.53312,20241107163828
20241107164247,800,0.9244,0.02,25.07473,20241107164249
20241107164403,800,0.6229,0.008,30.42541,20241107164409
20241107164822,800,0.7175,0.016,23.09533,20241107164826
20241107164937,800,0.7027,0.012,23.33454,20241107164936
20241107165351,800,0.9279,0.012,23.19605,20241107165357
20241107165507,800,0.6806,0.008,27.95081,20241107165508
20241107165918,800,0.7513,0.016,26.90305,20241107165919
20241107170033,800,0.9303,0.0,23.49121,20241107170034
20241107170451,800,0.7601,0.024,22.93306,20241107170456
20241107170606,800,0.8672,0.0,23.14709,20241107170606
20241107171021,800,0.7717,0.02,24.39768,20241107171028
20241107171136,800,0.8284,0.004,30.69259,20241107171139
20241107171559,800,0.7463,0.028,23.80176,20241107171555
20241107171714,800,0.665,0.008,26.3435,20241107171715
20241107172120,800,0.9521,0.004,23.1303,20241107172126
20241107172235,800,0.9238,0.0,27.28354,20241107172237
20241107172647,800,0.9646,0.016,28.02215,20241107172649
20241107172802,800,0.9772,0.0,28.00256,20241107172805
20241107173215,800,0.9624,0.004,23.78497,20241107173216
20241107173331,800,0.9237,0.004,26.38128,20241107173336
20241107173747,800,0.9674,0.0,24.1179,20241107173747
20241107173902,800,0.9446,0.0,26.64846,20241107173907
20241107174309,800,0.9598,0.012,24.80615,20241107174308
20241107174424,800,0.9772,0.012,29.83508,20241107174428
20241107174838,800,0.8374,0.016,23.51219,20241107174835
20241107174952,800,0.9698,0.008,30.14283,20241107174956
20241107175415,800,0.8159,0.02,23.73042,20241107175417
20241107175529,800,0.9526,0.0,23.04357,20241107175528
20241107175938,800,0.9572,0.0,23.9976,20241107175935
20241107180053,800,0.9673,0.0,28.36627,20241107180055
20241107180507,800,0.8283,0.016,26.67783,20241107180508
20241107180622,800,0.8747,0.004,28.92722,20241107180629
20241107181043,800,0.8878,0.02,25.13908,20241107181045
20241107181158,800,0.937,0.0,23.07435,20241107181156
20241107181615,800,0.8465,0.008,27.31152,20241107181616
20241107181735,800,0.8619,0.008,30.97936,20241107181737
20241107182148,800,0.9566,0.02,24.53477,20241107182148
20241107182303,800,0.8975,0.004,27.45001,20241107182308
20241107182719,800,0.7313,0.024,23.59053,20241107182719
20241107182833,800,0.9647,0.0,26.57851,20241107182835
20241107183255,800,0.7694,0.02,24.7446,20241107183257
20241107183410,800,0.8741,0.008,30.22257,20241107183417
20241107183824,800,0.947,0.012,23.05476,20241107183828
20241107183940,800,0.8095,0.004,27.78854,20241107183948
20241107184403,800,0.7413,0.02,24.33053,20241107184409
20241107184517,800,0.9323,0.008,29.95119,20241107184519
20241107184940,800,0.9075,0.012,24.39348,20241107184946
20241107185055,800,0.9494,0.0,27.37727,20241107185056
20241107185510,800,0.89,0.012,28.33549,20241107185518
20241107185625,800,0.8329,0.008,31.27172,20241107185628
20241107190041,800,0.7236,0.008,22.93027,20241107190045
20241107190155,800,0.9348,0.0,23.07994,20241107190156
20241107190620,800,0.7076,0.02,24.3767,20241107190627
20241107190735,800,0.6847,0.012,28.10468,20241107190738
20241107191149,800,0.846,0.012,23.57654,20241107191145
20241107191304,800,0.8507,0.008,27.49478,20241107191305
20241107191717,800,0.7614,0.012,23.3821,20241107191716
20241107191831,800,0.9023,0.004,27.00377,20241107191837
20241107192247,800,0.724,0.004,26.01477,20241107192248
20241107192402,800,0.596,0.008,29.55111,20241107192409
20241107192818,800,0.7297,0.02,26.61629,20241107192819
20241107192933,800,0.7767,0.008,30.00155,20241107192935
20241107193346,800,0.7289,0.008,23.83813,20241107193346
20241107193501,800,0.7816,0.004,26.44143,20241107193507
20241107193915,800,0.8333,0.02,23.04078,20241107193918
20241107194030,800,0.7579,0.008,28.85308,20241107194038
20241107194445,800,0.734,0.012,23.43246,20241107194445
20241107194600,800,0.698,0.012,26.30853,20241107194605
20241107195021,800,0.7575,0.008,24.31375,20241107195027
20241107195136,800,0.9444,0.004,28.7048,20241107195137
20241107195600,800,0.9446,0.012,25.81893,20241107195609
20241107195715,800,0.9347,0.0,23.1289,20241107195715
20241107200127,800,0.9624,0.004,24.0046,20241107200126
20241107200242,800,0.8839,0.0,29.43081,20241107200246
20241107200656,800,0.9075,0.028,26.83171,20241107200656
20241107200811,800,0.9444,0.0,30.68979,20241107200817
20241107201239,800,0.9421,0.016,23.56675,20241107201237
20241107201354,800,0.9746,0.0,31.46756,20241107201358
20241107201812,800,0.865,0.016,24.40607,20241107201819
20241107201926,800,0.9253,0.0,28.68381,20241107201929
20241107202344,800,0.9024,0.016,23.98921,20241107202346
20241107202458,800,0.9674,0.0,23.29257,20241107202456
20241107202914,800,0.9246,0.016,22.93726,20241107202918
20241107203029,800,0.9418,0.0,23.01839,20241107203029
20241107203449,800,0.9254,0.008,23.44924,20241107203446
20241107203604,800,0.9252,0.0,30.26034,20241107203606
20241107204025,800,0.8354,0.02,23.53877,20241107204027
20241107204140,800,0.8725,0.004,28.75096,20241107204148
20241107204549,800,0.87,0.012,23.55696,20241107204549
20241107204704,800,0.9198,0.0,25.01038,20241107204705
20241107205120,800,0.8489,0.02,24.26479,20241107205127
20241107205234,800,0.9721,0.008,30.50794,20241107205237
20241107205652,800,0.7506,0.02,24.03677,20241107205659
20241107205807,800,0.9318,0.004,23.20164,20241107205805
20241107210221,800,0.907,0.016,24.87609,20241107210226
20241107210336,800,0.9421,0.0,23.49821,20241107210337
20241107210751,800,0.7469,0.02,24.33613,20241107210758
20241107210906,800,0.7845,0.012,30.58348,20241107210908
20241107211319,800,0.9048,0.012,23.60312,20241107211315
20241107211434,800,0.8911,0.0,30.40023,20241107211436
20241107211838,800,0.905,0.016,24.14868,20241107211838
20241107211953,800,0.9352,0.0,22.98762,20241107211954
20241107212414,800,0.9271,0.012,23.31355,20241107212417
20241107212529,800,0.9544,0.0,23.16248,20241107212527
20241107212941,800,0.9372,0.012,28.25576,20241107212949
20241107213056,800,0.9144,0.012,23.03098,20241107213055
20241107213508,800,0.7427,0.02,23.40868,20241107213507
20241107213623,800,0.7366,0.008,27.86408,20241107213627
20241107214036,800,0.8784,0.012,22.96244,20241107214039
20241107214151,800,0.9173,0.004,28.4544,20241107214155
20241107214611,800,0.8819,0.028,25.04955,20241107214616
20241107214726,800,0.6845,0.016,23.6297,20241107214726
20241107215145,800,0.782,0.016,23.05476,20241107215148
20241107215300,800,0.7244,0.012,31.94458,20241107215309
20241107215714,800,0.9167,0.008,25.39227,20241107215717
20241107215829,800,0.93,0.004,23.06176,20241107215827
20241107220252,800,0.7488,0.04,25.1097,20241107220259
20241107220407,800,0.6463,0.012,29.34967,20241107220409
20241107220829,800,0.6866,0.032,23.96263,20241107220825
20241107220943,800,0.9471,0.004,28.07391,20241107220946
20241107221403,800,0.904,0.02,22.84913,20241107221408
20241107221518,800,0.9472,0.012,23.19885,20241107221518
20241107221932,800,0.7935,0.024,24.16966,20241107221939
20241107222047,800,0.7617,0.008,30.63524,20241107222049
20241107222506,800,0.7239,0.0,23.52618,20241107222506
20241107222621,800,0.9136,0.008,28.55372,20241107222626
20241107223034,800,0.9673,0.008,23.2618,20241107223038
20241107223149,800,0.9422,0.004,23.07015,20241107223148
20241107223557,800,0.9523,0.004,26.41205,20241107223559
20241107223712,800,0.9796,0.008,29.27414,20241107223715
20241107224126,800,0.9649,0.004,24.43265,20241107224127
20241107224242,800,0.9214,0.0,26.51697,20241107224247
20241107224700,800,0.9695,0.008,22.93866,20241107224705
20241107224816,800,0.8732,0.0,23.06596,20241107224815
20241107225234,800,0.8832,0.028,22.93726,20241107225236
20241107225349,800,0.9421,0.0,22.97503,20241107225348
20241107225810,800,0.9345,0.016,27.88086,20241107225819
20241107225925,800,0.9525,0.0,31.31229,20241107225929
20241107230337,800,0.9401,0.012,24.51239,20241107230336
20241107230452,800,0.9495,0.0,26.92404,20241107230457
20241107230913,800,0.949,0.016,23.02539,20241107230919
20241107231028,800,0.9797,0.004,23.68565,20241107231029
20241107231445,800,0.9443,0.02,23.83393,20241107231446
20241107231601,800,0.9298,0.004,31.2941,20241107231607
20241107232018,800,0.9246,0.016,23.90947,20241107232018
20241107232133,800,0.88,0.0,29.4476,20241107232139
20241107232557,800,0.9626,0.008,23.7472,20241107232555
20241107232712,800,0.9624,0.008,29.23217,20241107232716
20241107233131,800,0.8998,0.012,23.67726,20241107233137
20241107233246,800,0.9121,0.004,24.81034,20241107233247
20241107233653,800,0.8897,0.016,23.17787,20241107233658
20241107233809,800,0.8035,0.008,22.90368,20241107233809
20241107234220,800,0.8437,0.012,22.99181,20241107234225
20241107234335,800,0.9116,0.012,23.08134,20241107234335
20241107234747,800,0.9322,0.012,23.3877,20241107234747
20241107234902,800,0.8125,0.008,31.04091,20241107234908
20241107235318,800,0.8291,0.02,23.40308,20241107235315
20241107235433,800,0.9167,0.0,28.36627,20241107235435
20241107235846,800,0.7617,0.016,25.53076,20241107235848
20241108000001,800,0.8628,0.008,30.42401,20241108000008
20241108000409,800,0.8575,0.016,23.95843,20241108000406
20241108000524,800,0.9223,0.008,27.76476,20241108000526
20241108000932,800,0.6749,0.016,23.65068,20241108000937
20241108001047,800,0.8247,0.008,23.3835,20241108001048
20241108001455,800,0.8329,0.012,22.94425,20241108001459
20241108001610,800,0.7519,0.012,28.14245,20241108001614
20241108002023,800,0.8504,0.012,23.19325,20241108002026
20241108002138,800,0.9318,0.004,23.45064,20241108002136
20241108002551,800,0.701,0.024,25.00199,20241108002558
20241108002706,800,0.9372,0.004,30.84367,20241108002708
20241108003127,800,0.7873,0.032,23.10932,20241108003129
20241108003248,1000,0.9118,0.008,23.0142,20241108003245
20241108003648,1000,0.8417,0.02,24.07174,20241108003646
20241108003803,1000,0.6381,0.008,31.07308,20241108003806
20241108004205,1000,0.7904,0.032,23.7542,20241108004208
20241108004320,1000,0.6675,0.012,32.08587,20241108004328
20241108004716,1000,0.6952,0.008,24.61031,20241108004719
20241108004830,1000,0.8296,0.008,31.75293,20241108004839
20241108005229,1000,0.9148,0.012,23.83673,20241108005225
20241108005344,1000,0.8787,0.004,24.84811,20241108005345
20241108005745,1000,0.8609,0.016,25.6091,20241108005747
20241108005900,1000,0.6988,0.008,27.55213,20241108005908
20241108010302,1000,0.6364,0.024,24.74879,20241108010309
20241108010416,1000,0.6892,0.012,29.06571,20241108010419
20241108010816,1000,0.9593,0.016,23.97802,20241108010815
20241108010930,1000,0.9772,0.0,30.99335,20241108010937
20241108011335,1000,0.9086,0.016,23.41987,20241108011337
20241108011449,1000,0.9621,0.004,23.17926,20241108011448
20241108011847,1000,0.9747,0.016,35.06685,20241108011845
20241108012001,1000,0.9772,0.004,30.57368,20241108012005
20241108012406,1000,0.967,0.016,23.41987,20241108012406
20241108012521,1000,0.9468,0.0,26.88487,20241108012526
20241108012921,1000,0.9422,0.02,23.10233,20241108012927
20241108013035,1000,0.9698,0.0,30.51074,20241108013037
20241108013427,1000,0.9419,0.016,26.43723,20241108013428
20241108013541,1000,0.9401,0.0,27.81232,20241108013548
20241108013943,1000,0.9542,0.024,24.497,20241108013945
20241108014057,1000,0.9675,0.0,23.07295,20241108014055
20241108014455,1000,0.892,0.008,27.46819,20241108014456
20241108014609,1000,0.9847,0.008,23.0142,20241108014606
20241108015012,1000,0.9169,0.012,24.81734,20241108015018
20241108015126,1000,0.9492,0.0,30.3079,20241108015128
20241108015521,1000,0.9471,0.012,25.70562,20241108015529
20241108015636,1000,0.9127,0.004,23.14989,20241108015635
20241108020031,1000,0.9471,0.012,24.50259,20241108020036
20241108020146,1000,0.8337,0.012,23.06176,20241108020146
20241108020537,1000,0.952,0.016,23.32195,20241108020537
20241108020651,1000,0.9674,0.0,26.57152,20241108020657
20241108021050,1000,0.8558,0.012,26.9688,20241108021058
20241108021205,1000,0.865,0.008,28.51735,20241108021208
20241108021606,1000,0.937,0.008,25.22441,20241108021609
20241108021721,1000,0.898,0.012,27.32411,20241108021729
20241108022120,1000,0.7925,0.032,23.3793,20241108022126
20241108022234,1000,0.9495,0.004,28.62086,20241108022236
20241108022629,1000,0.9447,0.012,24.62709,20241108022627
20241108022744,1000,0.8797,0.004,31.25493,20241108022748
20241108023143,1000,0.9519,0.016,23.30376,20241108023149
20241108023258,1000,0.8247,0.012,24.70123,20241108023259
20241108023650,1000,0.8367,0.016,23.07015,20241108023655
20241108023804,1000,0.9146,0.008,23.40168,20241108023805
20241108024206,1000,0.9121,0.032,25.25518,20241108024206
20241108024321,1000,0.7241,0.008,27.28215,20241108024326
20241108024717,1000,0.798,0.016,24.94604,20241108024717
20241108024832,1000,0.7537,0.012,29.57349,20241108024837
20241108025226,1000,0.9082,0.008,24.56974,20241108025229
20241108025341,1000,0.8922,0.008,31.95297,20241108025349
20241108025739,1000,0.6366,0.012,24.28157,20241108025736
20241108025853,1000,0.8753,0.004,30.1778,20241108025856
20241108030251,1000,0.9218,0.016,23.24501,20241108030258
20241108030406,1000,0.6651,0.008,30.07429,20241108030408
20241108030808,1000,0.6894,0.048,30.77093,20241108030809
20241108030923,1000,0.9116,0.0,31.00034,20241108030929
20241108031323,1000,0.7975,0.016,23.2632,20241108031326
20241108031438,1000,0.6123,0.016,23.08414,20241108031436
20241108031835,1000,0.8413,0.02,23.6269,20241108031837
20241108031950,1000,0.708,0.008,26.9632,20241108031957
20241108032354,1000,0.9444,0.012,24.58373,20241108032358
20241108032509,1000,0.7174,0.012,23.22543,20241108032508
20241108032908,1000,0.7556,0.02,27.04154,20241108032909
20241108033022,1000,0.893,0.004,30.96397,20241108033025
20241108033424,1000,0.7563,0.016,25.12509,20241108033426
20241108033538,1000,0.9444,0.004,23.06036,20241108033536
20241108033934,1000,0.7266,0.012,24.92645,20241108033937
20241108034048,1000,0.7952,0.024,23.07575,20241108034048
20241108034609,1000,0.9647,0.0,23.10512,20241108034609
20241108035011,1000,0.9322,0.016,23.18346,20241108035015
20241108035125,1000,0.9698,0.004,22.8883,20241108035126
20241108035530,1000,0.9248,0.02,23.95004,20241108035537
20241108035644,1000,0.9748,0.0,30.67021,20241108035648
20241108040040,1000,0.8826,0.012,26.41765,20241108040049
20241108040154,1000,0.9466,0.004,22.94565,20241108040154
20241108040551,1000,0.9594,0.008,23.19045,20241108040556
20241108040705,1000,0.9747,0.0,23.48841,20241108040706
20241108041103,1000,0.9497,0.012,23.1303,20241108041108
20241108041217,1000,0.9695,0.0,30.61146,20241108041219
20241108041619,1000,0.8841,0.012,34.71014,20241108041616
20241108041733,1000,0.9747,0.0,28.25016,20241108041736
20241108042128,1000,0.9698,0.004,23.14149,20241108042128
20241108042243,1000,0.9416,0.004,27.10169,20241108042248
20241108042644,1000,0.9248,0.012,23.17087,20241108042649
20241108042758,1000,0.9346,0.0,23.44225,20241108042759
20241108043149,1000,0.8633,0.016,24.14029,20241108043145
20241108043304,1000,0.8747,0.004,26.64007,20241108043305
20241108043658,1000,0.8401,0.04,34.95774,20241108043656
20241108043812,1000,0.952,0.0,30.7975,20241108043816
20241108044212,1000,0.9698,0.004,23.5024,20241108044217
20241108044327,1000,0.9418,0.004,23.17367,20241108044327
20241108044729,1000,0.7525,0.024,23.7514,20241108044728
20241108044843,1000,0.952,0.008,29.40563,20241108044848
20241108045245,1000,0.8803,0.02,23.46463,20241108045245
20241108045400,1000,0.9515,0.0,28.25156,20241108045405
20241108045758,1000,0.9223,0.016,23.69545,20241108045758
20241108045913,1000,0.9123,0.012,27.80952,20241108045918
20241108050311,1000,0.8521,0.016,29.50635,20241108050319
20241108050426,1000,0.8213,0.012,23.0058,20241108050425
20241108050824,1000,0.771,0.028,24.49,20241108050826
20241108050939,1000,0.8359,0.016,23.21284,20241108050936
20241108051341,1000,0.9401,0.012,24.81594,20241108051347
20241108051455,1000,0.9671,0.0,28.84049,20241108051458
20241108051855,1000,0.7338,0.02,24.93764,20241108051859
20241108052009,1000,0.9154,0.012,23.20724,20241108052005
20241108052404,1000,0.8719,0.028,23.77798,20241108052406
20241108052519,1000,0.6757,0.008,23.15968,20241108052517
20241108052925,1000,0.9446,0.008,23.16108,20241108052928
20241108053039,1000,0.957,0.0,23.10792,20241108053039
20241108053434,1000,0.8,0.016,26.68203,20241108053436
20241108053548,1000,0.9373,0.0,23.20304,20241108053546
20241108053948,1000,0.735,0.008,23.94444,20241108053948
20241108054102,1000,0.6595,0.008,29.62665,20241108054109
20241108054454,1000,0.8144,0.04,23.93325,20241108054455
20241108054608,1000,0.9298,0.004,23.2604,20241108054605
20241108055004,1000,0.7537,0.008,24.84951,20241108055007
20241108055118,1000,0.7761,0.008,23.39749,20241108055118
20241108055510,1000,0.6782,0.016,23.60312,20241108055519
20241108055624,1000,0.9521,0.004,27.02895,20241108055629
20241108060021,1000,0.8492,0.032,23.20164,20241108060026
20241108060136,1000,0.7286,0.012,23.68845,20241108060136
20241108060531,1000,0.745,0.016,23.10932,20241108060537
20241108060645,1000,0.8878,0.004,30.60586,20241108060647
20241108061046,1000,0.7002,0.008,24.55575,20241108061049
20241108061200,1000,0.8065,0.012,30.82408,20241108061205
20241108061610,1000,0.7543,0.016,23.04218,20241108061615
20241108061725,1000,0.6559,0.008,27.85988,20241108061726
20241108062122,1000,0.5657,0.028,24.10531,20241108062129
20241108062237,1000,0.6307,0.012,29.52314,20241108062239
20241108062635,1000,0.9747,0.0,23.33594,20241108062636
20241108062750,1000,0.95,0.0,31.33887,20241108062756
20241108063145,1000,0.9211,0.008,23.78497,20241108063146
20241108063300,1000,0.9494,0.0,31.31369,20241108063307
20241108063656,1000,0.9621,0.008,27.42343,20241108063657
20241108063811,1000,0.9392,0.0,28.62926,20241108063818
20241108064210,1000,0.8905,0.016,30.59467,20241108064218
20241108064324,1000,0.9447,0.004,30.16941,20241108064328
20241108064724,1000,0.9146,0.016,23.45904,20241108064725
20241108064838,1000,0.9797,0.004,23.04078,20241108064835
20241108065231,1000,0.9196,0.016,23.07854,20241108065237
20241108065346,1000,0.8613,0.0,27.81092,20241108065347
20241108065747,1000,0.9401,0.024,26.12528,20241108065749
20241108065901,1000,0.9556,0.0,31.1724,20241108065905
20241108070258,1000,0.9796,0.012,23.75979,20241108070256
20241108070413,1000,0.9378,0.0,30.22816,20241108070416
20241108070814,1000,0.9446,0.008,23.14709,20241108070818
20241108070928,1000,0.9699,0.0,23.01839,20241108070928
20241108071323,1000,0.908,0.0158,23.17227,20241108071329
20241108071437,1000,0.9797,0.0,28.51735,20241108071439
20241108071836,1000,0.9102,0.012,25.25379,20241108071835
20241108071950,1000,0.9495,0.0,28.33549,20241108071955
20241108072349,1000,0.8998,0.008,24.08573,20241108072346
20241108072503,1000,0.9748,0.0,29.26435,20241108072507
20241108072902,1000,0.9442,0.012,24.1277,20241108072907
20241108073016,1000,0.9674,0.004,27.44162,20241108073017
20241108073413,1000,0.7264,0.02,23.19465,20241108073418
20241108073527,1000,0.9671,0.0,27.37028,20241108073528
20241108073932,1000,0.7731,0.02,24.20044,20241108073939
20241108074046,1000,0.9447,0.004,31.25074,20241108074049
20241108074447,1000,0.8719,0.016,32.26772,20241108074445
20241108074602,1000,0.8519,0.004,31.51093,20241108074605
20241108074957,1000,0.9322,0.012,24.55155,20241108074956
20241108075112,1000,0.9468,0.004,31.15142,20241108075116
20241108075515,1000,0.9173,0.012,26.5939,20241108075517
20241108075629,1000,0.9697,0.0,23.10093,20241108075627
20241108080026,1000,0.9618,0.008,26.32392,20241108080028
20241108080141,1000,0.93,0.012,31.07029,20241108080148
20241108080540,1000,0.823,0.024,30.48136,20241108080549
20241108080655,1000,0.8731,0.004,28.85028,20241108080659
20241108081051,1000,0.7475,0.02,23.20724,20241108081057
20241108081205,1000,0.885,0.008,28.19281,20241108081207
20241108081605,1000,0.7295,0.008,24.83972,20241108081609
20241108081719,1000,0.9062,0.0,22.96524,20241108081719
20241108082122,1000,0.7082,0.02,23.36251,20241108082126
20241108082237,1000,0.81,0.012,23.07435,20241108082236
20241108082636,1000,0.7351,0.02,27.10169,20241108082638
20241108082750,1000,0.9038,0.004,30.04771,20241108082759
20241108083148,1000,0.7228,0.012,23.84792,20241108083145
20241108083302,1000,0.9259,0.0,30.84786,20241108083305
20241108083703,1000,0.8625,0.016,25.06774,20241108083706
20241108083818,1000,0.6691,0.008,23.23662,20241108083816
20241108084212,1000,0.7132,0.028,23.22822,20241108084217
20241108084326,1000,0.9215,0.004,24.9838,20241108084327
20241108084729,1000,0.9073,0.016,25.22581,20241108084728
20241108084844,1000,0.8279,0.012,30.56809,20241108084848
20241108085250,1000,0.735,0.012,23.26599,20241108085255
20241108085405,1000,0.6683,0.012,23.72202,20241108085405
20241108085759,1000,0.809,0.024,34.86541,20241108085756
20241108085914,1000,0.8536,0.004,30.94439,20241108085916
20241108090309,1000,0.7569,0.004,23.32195,20241108090307
20241108090424,1000,0.5902,0.008,31.16541,20241108090427
20241108090819,1000,0.7556,0.02,23.36391,20241108090819
20241108090933,1000,0.9073,0.004,28.28933,20241108090939
20241108091325,1000,0.8942,0.024,25.03276,20241108091325
20241108091445,1100,0.9723,0.0,22.99881,20241108091445
20241108091832,1100,0.9646,0.004,23.28278,20241108091835
20241108091947,1100,0.9518,0.004,23.2646,20241108091946
20241108092342,1100,0.905,0.016,23.35132,20241108092346
20241108092456,1100,0.9598,0.0,25.56433,20241108092457
20241108092842,1100,0.9772,0.012,22.97083,20241108092847
20241108092957,1100,0.8953,0.008,28.22219,20241108092958
20241108093349,1100,0.9797,0.008,24.45923,20241108093349
20241108093503,1100,0.9797,0.004,27.79133,20241108093509
20241108093853,1100,0.972,0.016,27.03455,20241108093855
20241108094008,1100,0.8417,0.004,23.29397,20241108094005
20241108094350,1100,0.9421,0.012,24.83692,20241108094356
20241108094505,1100,0.931,0.0,25.8609,20241108094506
20241108094849,1100,0.9847,0.008,26.5897,20241108094847
20241108095003,1100,0.9531,0.004,31.15002,20241108095007
20241108095351,1100,0.7875,0.024,23.94584,20241108095358
20241108095505,1100,0.9545,0.004,28.41523,20241108095508
20241108095849,1100,0.8703,0.012,23.5108,20241108095849
20241108100003,1100,0.9523,0.0,29.57769,20241108100009
20241108100346,1100,0.9696,0.004,25.77836,20241108100346
20241108100501,1100,0.903,0.004,30.86745,20241108100507
20241108100843,1100,0.9596,0.008,23.23102,20241108100847
20241108100957,1100,0.9723,0.0,23.17787,20241108100957
20241108101350,1100,0.8588,0.016,26.33651,20241108101358
20241108101504,1100,0.9772,0.0,29.54552,20241108101508
20241108101847,1100,0.8847,0.016,27.18982,20241108101849
20241108102001,1100,0.9153,0.0,32.49294,20241108102009
20241108102347,1100,0.7772,0.008,23.96683,20241108102345
20241108102501,1100,0.9447,0.0,29.85327,20241108102505
20241108102850,1100,0.9372,0.024,23.32614,20241108102856
20241108103005,1100,0.7476,0.012,30.40862,20241108103006
20241108103350,1100,0.908,0.024,24.27038,20241108103357
20241108103504,1100,0.9419,0.0,30.51913,20241108103507
20241108103852,1100,0.6953,0.024,24.14728,20241108103858
20241108104006,1100,0.8903,0.008,29.95259,20241108104008
20241108104349,1100,0.8284,0.016,23.68845,20241108104348
20241108104503,1100,0.9318,0.0,26.48479,20241108104509
20241108104851,1100,0.9495,0.036,28.08929,20241108104859
20241108105006,1100,0.7707,0.012,23.16947,20241108105005
20241108105355,1100,0.7581,0.012,24.248,20241108105355
20241108105509,1100,0.9118,0.0,23.27579,20241108105506
20241108105905,1100,0.79,0.028,27.10029,20241108105906
20241108110020,1100,0.6452,0.012,29.92461,20241108110027
20241108110406,1100,0.9543,0.02,25.33772,20241108110407
20241108110521,1100,0.8847,0.004,31.21996,20241108110527
20241108110911,1100,0.8271,0.028,24.05915,20241108110919
20241108111025,1100,0.9499,0.0,31.40461,20241108111029
20241108111405,1100,0.9543,0.024,23.60172,20241108111405
20241108111519,1100,0.9545,0.0,23.29817,20241108111515
20241108111856,1100,0.9497,0.012,23.80176,20241108111856
20241108112011,1100,0.6733,0.008,27.80532,20241108112016
20241108112400,1100,0.7382,0.028,24.22422,20241108112407
20241108112514,1100,0.885,0.008,28.96219,20241108112517
20241108112902,1100,0.8722,0.024,25.05235,20241108112908
20241108113016,1100,0.9289,0.0,30.52752,20241108113018
20241108113407,1100,0.7293,0.004,26.83731,20241108113409
20241108113521,1100,0.86,0.008,28.42362,20241108113529
20241108113906,1100,0.9273,0.02,26.05814,20241108113905
20241108114021,1100,0.602,0.012,29.08109,20241108114025
20241108114408,1100,0.6625,0.016,30.1904,20241108114406
20241108114522,1100,0.5301,0.008,29.32869,20241108114526
20241108114907,1100,0.7569,0.004,24.1165,20241108114907
20241108115021,1100,0.7731,0.012,30.97656,20241108115027
20241108115408,1100,0.9192,0.008,23.42686,20241108115408
20241108115522,1100,0.903,0.004,28.9524,20241108115528
20241108115906,1100,0.7402,0.012,24.02978,20241108115908
20241108120020,1100,0.9725,0.004,26.7226,20241108120029
20241108120413,1100,0.92,0.016,24.83133,20241108120415
20241108120528,1100,0.9394,0.004,23.14709,20241108120525
20241108120915,1100,0.9171,0.02,23.28278,20241108120917
20241108121029,1100,0.9773,0.0,23.09953,20241108121028
20241108121418,1100,0.9724,0.004,25.71541,20241108121415
20241108121533,1100,0.9219,0.004,29.96238,20241108121536
20241108121922,1100,0.9646,0.004,25.21322,20241108121926
20241108122037,1100,0.9697,0.0,23.10372,20241108122037
20241108122426,1100,0.9109,0.028,26.20642,20241108122428
20241108122541,1100,0.8872,0.012,27.4584,20241108122548
20241108122927,1100,0.9194,0.008,26.27636,20241108122929
20241108123041,1100,0.9797,0.0,27.19542,20241108123049
20241108123429,1100,0.9822,0.008,23.76259,20241108123425
20241108123544,1100,0.9199,0.0,24.59352,20241108123546
20241108123929,1100,0.866,0.012,24.18365,20241108123926
20241108124043,1100,0.9648,0.0,28.71878,20241108124046
20241108124436,1100,0.79,0.024,27.23039,20241108124437
20241108124550,1100,0.9623,0.0,30.5611,20241108124557
20241108124934,1100,0.8866,0.016,23.21703,20241108124939
20241108125048,1100,0.9342,0.004,23.18906,20241108125045
20241108125437,1100,0.7947,0.012,23.2576,20241108125437
20241108125551,1100,0.9822,0.0,31.28012,20241108125557
20241108125945,1100,0.9596,0.012,23.32614,20241108125949
20241108130100,1100,0.908,0.004,29.70079,20241108130105
20241108130447,1100,0.8665,0.016,25.66505,20241108130447
20241108130601,1100,0.9648,0.0,31.55709,20241108130608
20241108130941,1100,0.9572,0.004,24.35431,20241108130949
20241108131056,1100,0.9048,0.008,23.3821,20241108131055
20241108131445,1100,0.9263,0.016,23.70803,20241108131445
20241108131600,1100,0.8144,0.012,30.45758,20241108131606
20241108131949,1100,0.7882,0.024,24.48301,20241108131948
20241108132103,1100,0.7543,0.008,31.15002,20241108132109
20241108132447,1100,0.9173,0.012,23.57794,20241108132449
20241108132602,1100,0.7196,0.016,28.38166,20241108132605
20241108132945,1100,0.9268,0.008,24.1249,20241108132946
20241108133059,1100,0.9521,0.008,23.22263,20241108133056
20241108133443,1100,0.9057,0.012,23.94724,20241108133448
20241108133558,1100,0.7114,0.004,23.02679,20241108133558
20241108133953,1100,0.893,0.016,23.16807,20241108133958
20241108134107,1100,0.962,0.0,25.1181,20241108134109
20241108134457,1100,0.7964,0.016,23.48142,20241108134459
20241108134611,1100,0.9369,0.0,31.47736,20241108134615
20241108134957,1100,0.8458,0.024,25.90846,20241108134956
20241108135111,1100,0.9617,0.0,30.81149,20241108135117
20241108135503,1100,0.7772,0.016,24.57393,20241108135509
20241108135618,1100,0.6364,0.008,24.36131,20241108135619
20241108140008,1100,0.8321,0.024,23.89968,20241108140006
20241108140122,1100,0.9545,0.0,31.24794,20241108140127
20241108140511,1100,0.7136,0.012,30.75274,20241108140519
20241108140625,1100,0.8675,0.008,23.01839,20241108140625
20241108141011,1100,0.7305,0.016,23.34992,20241108141016
20241108141125,1100,0.65,0.008,29.85886,20241108141127
20241108141510,1100,0.715,0.0,30.97096,20241108141518
20241108141624,1100,0.7825,0.012,29.70499,20241108141629
20241108142014,1100,0.8819,0.016,25.72241,20241108142016
20241108142129,1100,0.6364,0.008,23.2576,20241108142126
20241108142513,1100,0.7053,0.0,24.93764,20241108142517
20241108142627,1100,0.7574,0.02,23.36951,20241108142627
20241108143010,1100,0.8212,0.012,26.82192,20241108143018
20241108143125,1100,0.5971,0.012,30.99055,20241108143128
20241108143512,1100,0.6825,0.012,24.20743,20241108143519
20241108143626,1100,0.7407,0.016,28.94121,20241108143629
20241108144013,1100,0.8442,0.016,26.45821,20241108144015
20241108144128,1100,0.7704,0.012,23.10652,20241108144125
20241108144514,1100,0.7143,0.004,23.82694,20241108144516
20241108144628,1100,0.9545,0.0,23.46883,20241108144626
20241108145006,1100,0.9666,0.016,26.42464,20241108145007
20241108145120,1100,0.9848,0.0,30.04212,20241108145127
20241108145501,1100,0.9077,0.02,29.51754,20241108145509
20241108145615,1100,0.9547,0.0,29.51474,20241108145619
20241108150003,1100,0.9322,0.012,22.95544,20241108150006
20241108150118,1100,0.957,0.0,23.32894,20241108150116
20241108150512,1100,0.9521,0.016,23.69824,20241108150517
20241108150626,1100,0.9724,0.0,28.5831,20241108150628
20241108151019,1100,0.8889,0.028,23.48421,20241108151019
20241108151133,1100,0.962,0.0,24.72641,20241108151134
20241108151516,1100,0.945,0.004,23.91507,20241108151517
20241108151631,1100,0.9618,0.0,30.0589,20241108151637
20241108152016,1100,0.9698,0.004,23.04078,20241108152018
20241108152131,1100,0.9439,0.0,26.55473,20241108152139
20241108152529,1100,0.9544,0.008,24.42006,20241108152525
20241108152643,1100,0.9747,0.0,29.1916,20241108152646
20241108153031,1100,0.9494,0.016,24.30955,20241108153037
20241108153145,1100,0.9571,0.0,30.93599,20241108153148
20241108153530,1100,0.9148,0.016,23.26739,20241108153535
20241108153644,1100,0.9468,0.0,23.76119,20241108153645
20241108154040,1100,0.9773,0.004,23.98082,20241108154047
20241108154154,1100,0.9749,0.0,30.78911,20241108154157
20241108154540,1100,0.9229,0.012,25.13208,20241108154548
20241108154654,1100,0.9521,0.0,31.16261,20241108154658
20241108155036,1100,0.9521,0.02,23.23941,20241108155038
20241108155150,1100,0.9748,0.0,29.29512,20241108155159
20241108155537,1100,0.9221,0.016,24.52777,20241108155539
20241108155651,1100,0.9722,0.0,28.99017,20241108155655
20241108160040,1100,0.8647,0.024,24.37949,20241108160046
20241108160154,1100,0.9257,0.0,27.86128,20241108160156
20241108160542,1100,0.8258,0.024,23.35132,20241108160547
20241108160656,1100,0.8981,0.0,22.92327,20241108160657
20241108161042,1100,0.8076,0.012,23.27719,20241108161048
20241108161156,1100,0.952,0.0,30.13444,20241108161159
20241108161555,1100,0.7525,0.012,24.85791,20241108161556
20241108161709,1100,0.8753,0.008,23.07435,20241108161706
20241108162052,1100,0.9148,0.008,24.06195,20241108162058
20241108162206,1100,0.9449,0.0,29.70359,20241108162209
20241108162551,1100,0.9221,0.012,23.53877,20241108162555
20241108162706,1100,0.9215,0.004,22.90508,20241108162706
20241108163108,1100,0.7608,0.008,25.03696,20241108163108
20241108163222,1100,0.8872,0.004,31.25214,20241108163229
20241108163618,1100,0.7663,0.02,24.05635,20241108163616
20241108163732,1100,0.9425,0.0,28.18442,20241108163736
20241108164122,1100,0.9148,0.028,23.29257,20241108164127
20241108164237,1100,0.7891,0.004,28.38306,20241108164238
20241108164629,1100,0.7513,0.02,24.38649,20241108164629
20241108164743,1100,0.7818,0.012,31.36824,20241108164749
20241108165123,1100,0.8775,0.012,26.51417,20241108165125
20241108165238,1100,0.694,0.012,23.31355,20241108165235
20241108165619,1100,0.8463,0.016,24.52637,20241108165616
20241108165733,1100,0.9475,0.0,30.77512,20241108165736
20241108170117,1100,0.7665,0.016,25.8525,20241108170116
20241108170231,1100,0.9418,0.004,29.8071,20241108170237
20241108170629,1100,0.7662,0.028,24.22422,20241108170628
20241108170743,1100,0.9471,0.0,28.39565,20241108170748
20241108171127,1100,0.8631,0.02,25.47201,20241108171129
20241108171241,1100,0.9497,0.0,31.00034,20241108171245
20241108171635,1100,0.8642,0.016,26.60369,20241108171637
20241108171750,1100,0.8074,0.008,28.85028,20241108171757
20241108172143,1100,0.7221,0.012,23.30097,20241108172148
20241108172257,1100,0.8911,0.004,30.37784,20241108172259
20241108172641,1100,0.7395,0.004,23.07575,20241108172645
20241108172755,1100,0.701,0.008,25.76997,20241108172756
20241108173143,1100,0.7469,0.016,23.14709,20241108173147
20241108173257,1100,0.7611,0.012,24.83413,20241108173258
20241108173653,1100,0.8925,0.012,26.73939,20241108173655
20241108173813,1300,0.9873,0.004,29.691,20241108173815
20241108174137,1300,0.9471,0.028,24.14588,20241108174137
20241108174250,1300,0.9873,0.0,27.01916,20241108174257
20241108174616,1300,0.952,0.016,25.04116,20241108174619
20241108174730,1300,0.9352,0.0,26.66385,20241108174735
20241108175104,1300,0.9146,0.016,23.18206,20241108175106
20241108175218,1300,0.9474,0.008,22.92187,20241108175217
20241108175540,1300,0.9646,0.012,28.67262,20241108175548
20241108175654,1300,0.9369,0.004,26.44143,20241108175659
20241108180022,1300,0.8956,0.012,23.17926,20241108180025
20241108180136,1300,0.9392,0.004,22.94565,20241108180136
20241108180458,1300,0.8465,0.02,23.84792,20241108180457
20241108180611,1300,0.9822,0.0,30.37505,20241108180618
20241108180936,1300,0.9275,0.016,23.252,20241108180939
20241108181050,1300,0.9425,0.0,27.85568,20241108181055
20241108181413,1300,0.9318,0.024,23.29677,20241108181416
20241108181527,1300,0.9497,0.0,23.21284,20241108181526
20241108181900,1300,0.9543,0.032,25.7308,20241108181907
20241108182014,1300,0.9497,0.004,31.19758,20241108182018
20241108182337,1300,0.8741,0.012,23.22123,20241108182339
20241108182451,1300,0.8872,0.008,32.00473,20241108182459
20241108182815,1300,0.9298,0.008,23.77238,20241108182815
20241108182929,1300,0.9196,0.012,22.96524,20241108182925
20241108183256,1300,0.9275,0.012,25.16426,20241108183256
20241108183410,1300,0.9275,0.0,26.94782,20241108183416
20241108183735,1300,0.927,0.02,27.42623,20241108183737
20241108183849,1300,0.8529,0.004,23.24921,20241108183847
20241108184209,1300,0.812,0.012,25.19783,20241108184207
20241108184322,1300,0.9747,0.0,26.99398,20241108184328
20241108184652,1300,0.9523,0.0119,23.34713,20241108184659
20241108184806,1300,0.9497,0.0,30.20299,20241108184809
20241108185131,1300,0.8254,0.028,29.99875,20241108185139
20241108185244,1300,0.9773,0.0,26.93942,20241108185249
20241108185615,1300,0.7506,0.012,25.83851,20241108185615
20241108185729,1300,0.8589,0.008,22.97783,20241108185725
20241108190052,1300,0.8785,0.012,23.22123,20241108190056
20241108190206,1300,0.769,0.012,24.47182,20241108190206
20241108190532,1300,0.7519,0.008,23.27299,20241108190537
20241108190646,1300,0.9025,0.008,23.58773,20241108190647
20241108191012,1300,0.9495,0.016,23.15548,20241108191018
20241108191126,1300,0.9061,0.008,29.99875,20241108191128
20241108191500,1300,0.813,0.02,30.58348,20241108191509
20241108191614,1300,0.8965,0.008,26.92543,20241108191619
20241108191941,1300,0.7859,0.016,23.30516,20241108191945
20241108192055,1300,0.8793,0.008,23.19605,20241108192055
20241108192419,1300,0.807,0.012,24.00599,20241108192416
20241108192533,1300,0.8554,0.004,29.69939,20241108192537
20241108192853,1300,0.7811,0.028,23.01559,20241108192857
20241108193007,1300,0.8997,0.012,22.8813,20241108193007
20241108193338,1300,0.7581,0.016,23.67306,20241108193338
20241108193452,1300,0.8425,0.016,31.37244,20241108193458
20241108193814,1300,0.7927,0.012,22.84913,20241108193819
20241108193928,1300,0.6575,0.012,29.26854,20241108193929
20241108194258,1300,0.6823,0.012,24.54736,20241108194255
20241108194412,1300,0.6872,0.008,30.37645,20241108194415
20241108194734,1300,0.875,0.024,25.69583,20241108194736
20241108194848,1300,0.88,0.004,23.06176,20241108194847
20241108195214,1300,0.745,0.004,23.04218,20241108195219
20241108195328,1300,0.6667,0.008,27.49058,20241108195329
20241108195703,1300,0.7719,0.012,23.86331,20241108195705
20241108195817,1300,0.6993,0.004,23.04497,20241108195816
20241108200143,1300,0.7728,0.024,23.1359,20241108200148
20241108200257,1300,0.7224,0.012,26.02736,20241108200258
20241108200628,1300,0.8803,0.02,34.85982,20241108200625
20241108200743,1300,0.5198,0.008,29.35527,20241108200745
20241108201105,1300,0.9175,0.016,23.58354,20241108201106
20241108201220,1300,0.5947,0.008,27.47099,20241108201227
20241108201550,1300,0.9424,0.104,24.04656,20241108201558
20241108201704,1300,0.9799,0.0,29.09228,20241108201709
20241108202033,1300,0.9496,0.008,23.24921,20241108202035
20241108202147,1300,0.9148,0.0,22.95824,20241108202145
20241108202505,1300,0.9108,0.02,24.84951,20241108202507
20241108202619,1300,0.9722,0.004,23.20584,20241108202617
20241108202947,1300,0.9699,0.004,25.47341,20241108202949
20241108203101,1300,0.9369,0.008,27.53115,20241108203109
20241108203430,1300,0.9521,0.012,24.3669,20241108203435
20241108203544,1300,0.9673,0.0,30.41142,20241108203546
20241108203909,1300,0.9547,0.016,25.82872,20241108203907
20241108204023,1300,0.9494,0.0,27.27935,20241108204028
20241108204347,1300,0.9723,0.004,27.02755,20241108204349
20241108204501,1300,0.9675,0.0,26.75757,20241108204509
20241108204822,1300,0.9622,0.004,25.14887,20241108204825
20241108204936,1300,0.9674,0.0,23.02539,20241108204935
20241108205308,1300,0.8897,0.012,24.81734,20241108205306
20241108205422,1300,0.9373,0.004,28.49497,20241108205427
20241108205748,1300,0.8872,0.024,23.5038,20241108205748
20241108205901,1300,0.965,0.0,31.60885,20241108205908
20241108210232,1300,0.9171,0.012,23.72762,20241108210235
20241108210346,1300,0.9425,0.0,22.90368,20241108210345
20241108210709,1300,0.8797,0.02,24.58093,20241108210706
20241108210823,1300,0.866,0.012,30.81429,20241108210827
20241108211143,1300,0.7916,0.04,24.78097,20241108211147
20241108211256,1300,0.9774,0.0,26.86808,20241108211257
20241108211620,1300,0.8593,0.012,28.39285,20241108211628
20241108211734,1300,0.8897,0.004,27.69621,20241108211738
20241108212058,1300,0.9443,0.02,24.03817,20241108212059
20241108212212,1300,0.9401,0.0,26.66525,20241108212219
20241108212534,1300,0.8296,0.012,28.06691,20241108212535
20241108212647,1300,0.9898,0.0,23.26879,20241108212645
20241108213014,1300,0.9223,0.024,27.27795,20241108213016
20241108213128,1300,0.9194,0.004,23.0086,20241108213126
20241108213504,1300,0.9121,0.02,24.93065,20241108213507
20241108213618,1300,0.94,0.004,23.16807,20241108213617
20241108213945,1300,0.7556,0.012,23.6297,20241108213948
20241108214058,1300,0.9673,0.0,22.93166,20241108214058
20241108214428,1300,0.92,0.016,23.16388,20241108214429
20241108214542,1300,0.8375,0.012,27.11988,20241108214549
20241108214907,1300,0.9242,0.016,24.46482,20241108214905
20241108215021,1300,0.915,0.0,30.13164,20241108215025
20241108215348,1300,0.8246,0.024,23.91787,20241108215346
20241108215502,1300,0.8875,0.004,29.63085,20241108215506
20241108215826,1300,0.9023,0.012,23.59612,20241108215827
20241108215940,1300,0.8995,0.016,27.54094,20241108215947
20241108220310,1300,0.7425,0.012,25.29016,20241108220317
20241108220423,1300,0.9422,0.0,31.27872,20241108220428
20241108220749,1300,0.9619,0.012,24.27877,20241108220748
20241108220903,1300,0.9118,0.004,30.95838,20241108220909
20241108221233,1300,0.8465,0.012,23.13869,20241108221239
20241108221347,1300,0.8775,0.008,30.57089,20241108221349
20241108221707,1300,0.8985,0.012,24.23121,20241108221706
20241108221821,1300,0.8555,0.008,26.81213,20241108221826
20241108222145,1300,0.727,0.024,27.03734,20241108222146
20241108222258,1300,0.7667,0.012,22.79877,20241108222257
20241108222619,1300,0.9125,0.016,24.21582,20241108222617
20241108222733,1300,0.8856,0.004,30.95138,20241108222737
20241108223106,1300,0.8825,0.016,25.27057,20241108223108
20241108223220,1300,0.8834,0.004,28.0767,20241108223228
20241108223547,1300,0.875,0.008,26.81352,20241108223549
20241108223701,1300,0.8963,0.004,28.09349,20241108223709
20241108224025,1300,0.9104,0.012,24.21862,20241108224025
20241108224139,1300,0.7721,0.008,23.10372,20241108224135
20241108224515,1300,0.7631,0.024,26.07073,20241108224516
20241108224629,1300,0.9025,0.004,23.07575,20241108224626
20241108224949,1300,0.9318,0.012,24.16267,20241108224947
20241108225103,1300,0.9295,0.012,30.90102,20241108225107
20241108225426,1300,0.8111,0.02,26.3463,20241108225428
20241108225540,1300,0.8208,0.008,27.80532,20241108225548
20241108225906,1300,0.7395,0.008,24.70403,20241108225909
20241108230020,1300,0.9495,0.0,31.87603,20241108230029
20241108230344,1300,0.9798,0.004,23.34853,20241108230345
20241108230458,1300,0.9823,0.004,22.77639,20241108230455
20241108230830,1300,0.9822,0.004,23.28138,20241108230836
20241108230944,1300,0.9446,0.0,30.76393,20241108230946
20241108231318,1300,0.9544,0.012,23.54717,20241108231317
20241108231431,1300,0.9873,0.0,26.46101,20241108231437
20241108231753,1300,0.9544,0.012,22.94565,20241108231758
20241108231907,1300,0.9444,0.0,25.60071,20241108231908
20241108232233,1300,0.9478,0.016,23.32614,20241108232239
20241108232347,1300,0.9749,0.004,27.35769,20241108232349
20241108232709,1300,0.955,0.012,35.04867,20241108232705
20241108232823,1300,0.9873,0.0,27.28215,20241108232825
20241108233153,1300,0.9557,0.008,23.08694,20241108233156
20241108233307,1300,0.9725,0.0,23.12471,20241108233306
20241108233632,1300,0.9573,0.004,23.1275,20241108233637
20241108233746,1300,0.9373,0.004,23.43106,20241108233747
20241108234116,1300,0.9545,0.016,23.65628,20241108234117
20241108234230,1300,0.9647,0.0,26.54354,20241108234238
20241108234552,1300,0.9552,0.004,24.8691,20241108234558
20241108234706,1300,0.9723,0.008,30.77652,20241108234709
20241108235028,1300,0.9198,0.012,26.79254,20241108235029
20241108235142,1300,0.9547,0.0,29.42941,20241108235145
20241108235516,1300,0.8543,0.016,23.35832,20241108235515
20241108235629,1300,0.9873,0.0,23.00021,20241108235625
20241108235952,1300,0.7809,0.012,22.93306,20241108235956
20241109000106,1300,0.801,0.008,24.98101,20241109000106
20241109000433,1300,0.9175,0.02,23.24221,20241109000437
20241109000547,1300,0.9129,0.008,23.55416,20241109000547
20241109000913,1300,0.9426,0.016,23.31355,20241109000918
20241109001028,1300,0.9066,0.012,22.82955,20241109001028
20241109001351,1300,0.9128,0.012,23.9948,20241109001359
20241109001505,1300,0.9142,0.0,30.46457,20241109001509
20241109001825,1300,0.9548,0.012,23.61291,20241109001825
20241109001939,1300,0.9523,0.0,22.77219,20241109001935
20241109002306,1300,0.8622,0.012,23.94724,20241109002306
20241109002420,1300,0.818,0.012,28.38445,20241109002426
20241109002744,1300,0.7307,0.02,23.16388,20241109002746
20241109002857,1300,0.9521,0.0,23.0142,20241109002857
20241109003224,1300,0.74,0.016,23.08834,20241109003227
20241109003338,1300,0.799,0.02,22.72043,20241109003337
20241109003701,1300,0.7537,0.012,25.27617,20241109003708
20241109003815,1300,0.7753,0.016,30.72616,20241109003818
20241109004139,1300,0.824,0.02,24.17945,20241109004139
20241109004253,1300,0.798,0.02,28.4558,20241109004255
20241109004619,1300,0.9418,0.024,23.64788,20241109004615
20241109004733,1300,0.7666,0.008,29.0699,20241109004735
20241109005102,1300,0.9571,0.024,24.54596,20241109005106
20241109005217,1300,0.738,0.012,22.81975,20241109005216
20241109005536,1300,0.9123,0.016,23.14709,20241109005537
20241109005650,1300,0.952,0.004,29.71758,20241109005657
20241109010024,1300,0.75,0.016,23.21843,20241109010028
20241109010138,1300,0.6961,0.008,23.07295,20241109010138
20241109010459,1300,0.7646,0.012,24.33613,20241109010458
20241109010612,1300,0.9221,0.0,28.30332,20241109010618
20241109010934,1300,0.8972,0.02,23.19605,20241109010939
20241109011048,1300,0.6642,0.012,27.5843,20241109011049
20241109011407,1300,0.7225,0.008,25.99938,20241109011405
20241109011520,1300,0.9495,0.004,28.73837,20241109011526
20241109011857,1300,0.905,0.012,24.68165,20241109011856
20241109012011,1300,0.8157,0.012,31.16821,20241109012017
20241109012343,1300,0.8333,0.028,23.19325,20241109012347
20241109012503,1500,0.7093,0.008,30.61425,20241109012507
20241109012814,1500,0.7214,0.016,22.98062,20241109012818
20241109012928,1500,0.7022,0.008,22.89949,20241109012928
20241109013238,1500,0.7717,0.02,25.20063,20241109013239
20241109013352,1500,0.6898,0.012,28.951,20241109013359
20241109013706,1500,0.8995,0.04,29.40983,20241109013705
20241109013820,1500,0.9748,0.0,27.05973,20241109013825
20241109014134,1500,0.9421,0.032,23.78777,20241109014136
20241109014247,1500,0.9798,0.004,23.08274,20241109014246
20241109014558,1500,0.926,0.004,31.9138,20241109014557
20241109014712,1500,0.9798,0.012,27.5927,20241109014717
20241109015024,1500,0.9548,0.016,23.22822,20241109015027
20241109015137,1500,0.9848,0.0,22.94845,20241109015138
20241109015451,1500,0.9055,0.016,23.85072,20241109015458
20241109015605,1500,0.9646,0.0,29.25315,20241109015608
20241109015915,1500,0.9797,0.004,24.41027,20241109015919
20241109020029,1500,0.9242,0.0,22.86592,20241109020029
20241109020333,1500,0.9372,0.016,23.08694,20241109020339
20241109020447,1500,0.9296,0.008,23.03938,20241109020445
20241109020800,1500,0.9049,0.012,23.77658,20241109020805
20241109020914,1500,0.9476,0.0,24.84672,20241109020915
20241109021225,1500,0.9325,0.008,25.237,20241109021226
20241109021339,1500,0.9646,0.012,23.0086,20241109021336
20241109021653,1500,0.9848,0.004,23.09953,20241109021657
20241109021807,1500,0.9571,0.0,23.03658,20241109021807
20241109022117,1500,0.8454,0.02,26.55194,20241109022118
20241109022230,1500,0.9574,0.0,27.11988,20241109022238
20241109022536,1500,0.9671,0.012,24.89148,20241109022538
20241109022650,1500,0.9102,0.004,32.09146,20241109022659
20241109022953,1500,0.8821,0.02,24.7446,20241109022959
20241109023107,1500,0.9747,0.0,30.16941,20241109023109
20241109023419,1500,0.9316,0.012,33.91978,20241109023415
20241109023533,1500,0.9462,0.0,30.25055,20241109023535
20241109023844,1500,0.9118,0.028,25.79515,20241109023846
20241109023958,1500,0.8189,0.012,23.02259,20241109023956
20241109024311,1500,0.9365,0.012,24.34592,20241109024317
20241109024424,1500,0.97,0.0,30.76813,20241109024427
20241109024737,1500,0.7783,0.032,26.20362,20241109024737
20241109024850,1500,0.9646,0.004,27.60389,20241109024858
20241109025155,1500,0.7579,0.024,23.02539,20241109025158
20241109025308,1500,0.9747,0.0,22.8869,20241109025308
20241109025617,1500,0.9823,0.004,24.53477,20241109025619
20241109025731,1500,0.9322,0.004,26.77156,20241109025739
20241109030037,1500,0.9345,0.016,34.78288,20241109030035
20241109030151,1500,0.9474,0.004,29.9344,20241109030155
20241109030502,1500,0.9471,0.016,23.17367,20241109030505
20241109030616,1500,0.8362,0.016,22.80717,20241109030616
20241109030925,1500,0.9125,0.012,26.78275,20241109030926
20241109031039,1500,0.9596,0.008,23.04357,20241109031036
20241109031350,1500,0.7475,0.016,24.22702,20241109031357
20241109031504,1500,0.7053,0.012,27.89765,20241109031507
20241109031809,1500,0.9073,0.024,25.30974,20241109031808
20241109031923,1500,0.7512,0.008,28.54812,20241109031928
20241109032233,1500,0.7985,0.024,22.99881,20241109032238
20241109032346,1500,0.9647,0.0,29.10627,20241109032349
20241109032656,1500,0.9175,0.016,23.49401,20241109032659
20241109032810,1500,0.7852,0.008,30.21837,20241109032819
20241109033119,1500,0.8168,0.016,34.7675,20241109033115
20241109033232,1500,0.9545,0.004,28.11028,20241109033235
20241109033545,1500,0.7418,0.024,27.68922,20241109033546
20241109033658,1500,0.9501,0.0,23.3849,20241109033656
20241109034015,1500,0.7657,0.024,24.89987,20241109034017
20241109034128,1500,0.9478,0.004,22.68966,20241109034127
20241109034437,1500,0.7383,0.032,23.58493,20241109034438
20241109034550,1500,0.9521,0.0,27.26676,20241109034558
20241109034858,1500,0.9123,0.02,25.03276,20241109034859
20241109035012,1500,0.8675,0.008,30.56669,20241109035015
20241109035322,1500,0.7563,0.004,24.7376,20241109035326
20241109035435,1500,0.8914,0.008,24.64808,20241109035436
20241109035747,1500,0.8166,0.024,23.30656,20241109035747
20241109035901,1500,0.766,0.008,31.68998,20241109035907
20241109040213,1500,0.745,0.016,23.05896,20241109040218
20241109040327,1500,0.7891,0.012,26.02316,20241109040328
20241109040642,1500,0.7557,0.008,24.241,20241109040648
20241109040756,1500,0.6409,0.012,29.82529,20241109040759
20241109041105,1500,0.7225,0.004,25.13488,20241109041109
20241109041218,1500,0.8905,0.008,23.14009,20241109041219
20241109041526,1500,0.6015,0.016,24.5012,20241109041525
20241109041639,1500,0.8193,0.016,23.08694,20241109041636
20241109041950,1500,0.7582,0.004,23.38909,20241109041956
20241109042103,1500,0.8908,0.004,29.05032,20241109042106
20241109042412,1500,0.9008,0.028,24.84951,20241109042417
20241109042526,1500,0.6343,0.012,26.05254,20241109042527
20241109042841,1500,0.962,0.012,24.20184,20241109042848
20241109042955,1500,0.9573,0.0,28.951,20241109042958
20241109043303,1500,0.9621,0.008,24.2424,20241109043308
20241109043416,1500,0.9822,0.004,30.40722,20241109043419
20241109043722,1500,0.9375,0.024,24.08573,20241109043729
20241109043836,1500,0.9747,0.004,31.25214,20241109043839
20241109044147,1500,0.925,0.02,30.71357,20241109044145
20241109044300,1500,0.9699,0.0,29.4434,20241109044305
20241109044605,1500,0.9823,0.004,24.07174,20241109044606
20241109044719,1500,0.9173,0.004,23.1359,20241109044716
20241109045025,1500,0.9547,0.028,24.13329,20241109045026
20241109045139,1500,0.9573,0.0,22.96384,20241109045137
20241109045447,1500,0.8819,0.024,23.57234,20241109045447
20241109045600,1500,0.9648,0.0,26.94082,20241109045608
20241109045913,1500,0.9547,0.016,23.08974,20241109045918
20241109050026,1500,0.975,0.0,30.48556,20241109050028
20241109050338,1500,0.9073,0.02,26.18683,20241109050339
20241109050451,1500,0.9823,0.0,30.51353,20241109050459
20241109050802,1500,0.9401,0.0238,24.57813,20241109050805
20241109050915,1500,0.9724,0.0,23.07155,20241109050915
20241109051231,1500,0.8278,0.04,23.11212,20241109051235
20241109051344,1500,0.9547,0.0,29.15803,20241109051346
20241109051657,1500,0.8,0.016,25.7336,20241109051656
20241109051810,1500,0.9494,0.004,29.67421,20241109051816
20241109052121,1500,0.9521,0.016,24.30395,20241109052128
20241109052235,1500,0.9518,0.012,28.47958,20241109052238
20241109052546,1500,0.9499,0.012,24.9838,20241109052549
20241109052700,1500,0.8713,0.008,32.15021,20241109052709
20241109053005,1500,0.9621,0.016,23.63529,20241109053005
20241109053119,1500,0.875,0.004,22.91348,20241109053115
20241109053432,1500,0.8193,0.02,23.27019,20241109053435
20241109053545,1500,0.9773,0.0,22.92327,20241109053545
20241109053859,1500,0.804,0.012,34.56186,20241109053856
20241109054012,1500,0.9573,0.0,29.67841,20241109054016
20241109054319,1500,0.8489,0.036,32.24114,20241109054317
20241109054432,1500,0.9573,0.0,30.32469,20241109054437
20241109054743,1500,0.9273,0.012,23.15129,20241109054748
20241109054857,1500,0.8321,0.012,30.51353,20241109054858
20241109055211,1500,0.9146,0.028,23.82414,20241109055218
20241109055325,1500,0.895,0.004,31.27732,20241109055329
20241109055632,1500,0.8317,0.02,24.97681,20241109055639
20241109055745,1500,0.9621,0.004,22.98622,20241109055745
20241109060058,1500,0.8392,0.02,34.85003,20241109060055
20241109060211,1500,0.9724,0.0,31.16121,20241109060216
20241109060522,1500,0.925,0.016,23.2604,20241109060526
20241109060636,1500,0.952,0.0,22.95265,20241109060637
20241109060947,1500,0.7537,0.02,24.15567,20241109060947
20241109061101,1500,0.7709,0.008,26.90585,20241109061108
20241109061414,1500,0.8924,0.012,23.02818,20241109061418
20241109061528,1500,0.9496,0.0,22.91628,20241109061529
20241109061843,1500,0.765,0.012,24.28996,20241109061849
20241109061956,1500,0.9621,0.0,23.04078,20241109061955
20241109062307,1500,0.9466,0.016,34.61502,20241109062305
20241109062421,1500,0.8911,0.016,29.97777,20241109062425
20241109062734,1500,0.7302,0.016,26.92404,20241109062736
20241109062847,1500,0.9618,0.0,22.83374,20241109062846
20241109063155,1500,0.914,0.012,24.05915,20241109063157
20241109063309,1500,0.8433,0.016,23.32894,20241109063307
20241109063621,1500,0.7438,0.028,24.05635,20241109063628
20241109063734,1500,0.95,0.0,31.38643,20241109063738
20241109064045,1500,0.7702,0.02,23.05337,20241109064049
20241109064159,1500,0.6165,0.008,23.31076,20241109064159
20241109064506,1500,0.6875,0.024,22.97083,20241109064509
20241109064620,1500,0.6216,0.008,29.5609,20241109064625
20241109064935,1500,0.7667,0.012,23.29537,20241109064935
20241109065049,1500,0.5936,0.012,22.86871,20241109065045
20241109065358,1500,0.9171,0.024,33.10284,20241109065356
20241109065512,1500,0.8379,0.008,31.46756,20241109065516
20241109065822,1500,0.92,0.016,24.67325,20241109065826
20241109065936,1500,0.898,0.008,23.5024,20241109065937
20241109070240,1500,0.7295,0.012,29.72457,20241109070247
20241109070353,1500,0.9471,0.0,29.07829,20241109070358
20241109070706,1500,0.7132,0.024,23.90108,20241109070708
20241109070819,1500,0.8438,0.012,22.8883,20241109070818
20241109071132,1500,0.7199,0.024,24.22562,20241109071139
20241109071245,1500,0.9594,0.0,29.88544,20241109071249
20241109071559,1500,0.7203,0.016,34.67797,20241109071555
20241109071712,1500,0.8925,0.008,29.09228,20241109071715
20241109072023,1500,0.7307,0.016,24.78796,20241109072025
20241109072137,1500,0.9646,0.0,22.91068,20241109072135
20241109072446,1500,0.9873,0.004,23.53178,20241109072446
20241109072600,1500,0.9773,0.0,27.44302,20241109072606
20241109072907,1500,0.9068,0.016,29.74416,20241109072907
20241109073021,1500,0.9519,0.004,31.20038,20241109073027
20241109073326,1500,0.9597,0.012,25.07193,20241109073328
20241109073440,1500,0.9447,0.008,28.51175,20241109073448
20241109073751,1500,0.9873,0.008,24.73201,20241109073758
20241109073905,1500,0.9603,0.004,31.33467,20241109073908
20241109074214,1500,0.9748,0.004,24.3711,20241109074219
20241109074328,1500,0.9772,0.004,23.29957,20241109074329
20241109074638,1500,0.9696,0.008,34.52269,20241109074635
20241109074752,1500,0.9163,0.0,28.67822,20241109074755
20241109075055,1500,0.9675,0.012,23.63529,20241109075055
20241109075209,1500,0.9521,0.0,22.98622,20241109075206
20241109075515,1500,0.9545,0.02,25.4804,20241109075516
20241109075628,1500,0.9848,0.0,23.04637,20241109075627
20241109075937,1500,0.9288,0.016,23.3807,20241109075937
20241109080050,1500,0.9821,0.004,28.51175,20241109080058
20241109080356,1500,0.9772,0.016,26.93243,20241109080358
20241109080510,1500,0.952,0.0,32.31808,20241109080518
20241109080822,1500,0.8787,0.016,24.05076,20241109080829
20241109080935,1500,0.9797,0.0,29.57489,20241109080939
20241109081247,1500,0.9723,0.004,34.46114,20241109081245
20241109081400,1500,0.9822,0.0,26.98279,20241109081405
20241109081711,1500,0.9524,0.012,23.08134,20241109081715
20241109081824,1500,0.9724,0.0,25.92105,20241109081826
20241109082136,1500,0.9622,0.032,23.39189,20241109082136
20241109082249,1500,0.9822,0.0,22.84214,20241109082246
20241109082559,1500,0.9198,0.016,28.99996,20241109082557
20241109082713,1500,0.9167,0.004,30.89542,20241109082717
20241109083022,1500,0.7632,0.028,23.36111,20241109083027
20241109083135,1500,0.9773,0.0,30.86185,20241109083138
20241109083447,1500,0.7944,0.02,24.75159,20241109083448
20241109083600,1500,0.9649,0.0,28.17742,20241109083608
20241109083909,1500,0.82,0.016,23.56815,20241109083909
20241109084022,1500,0.9625,0.0,30.82408,20241109084029
20241109084328,1500,0.9697,0.012,34.87941,20241109084325
20241109084447,1700,0.783,0.012,23.21563,20241109084445
20241109084744,1700,0.753,0.02,22.96244,20241109084746
20241109084856,1700,0.902,0.004,23.32335,20241109084856
20241109085146,1700,0.7985,0.012,23.58354,20241109085146
20241109085258,1700,0.7685,0.016,22.81836,20241109085257
20241109085554,1700,0.868,0.02,22.95684,20241109085557
20241109085706,1700,0.9696,0.004,24.8649,20241109085707
20241109090003,1700,0.894,0.02,22.91068,20241109090008
20241109090115,1700,0.9697,0.0,28.96918,20241109090118
20241109090411,1700,0.9573,0.02,24.43825,20241109090418
20241109090523,1700,0.9646,0.008,27.06672,20241109090529
20241109090818,1700,0.9375,0.016,24.2452,20241109090819
20241109090930,1700,0.9597,0.0,31.68159,20241109090935
20241109091229,1700,0.8886,0.024,35.44035,20241109091225
20241109091340,1700,0.9575,0.0,28.24317,20241109091345
20241109091634,1700,0.9215,0.024,25.77836,20241109091636
20241109091746,1700,0.9696,0.0,23.09113,20241109091746
20241109092039,1700,0.9013,0.012,23.98781,20241109092037
20241109092151,1700,0.6816,0.016,31.00873,20241109092157
20241109092448,1700,0.9173,0.024,24.09272,20241109092448
20241109092600,1700,0.9621,0.008,28.24457,20241109092608
20241109092859,1700,0.9397,0.016,26.52816,20241109092859
20241109093011,1700,0.9596,0.0,28.25576,20241109093019
20241109093309,1700,0.827,0.012,35.67676,20241109093305
20241109093421,1700,0.6634,0.008,30.73036,20241109093425
20241109093721,1700,0.745,0.004,23.10652,20241109093725
20241109093833,1700,0.5676,0.008,29.95119,20241109093835
20241109094123,1700,0.9746,0.012,24.85651,20241109094126
20241109094236,1700,0.6788,0.008,23.15129,20241109094236
20241109094529,1700,0.7225,0.02,35.23332,20241109094527
20241109094641,1700,0.7093,0.012,31.57108,20241109094647
20241109094940,1700,0.901,0.044,25.83152,20241109094948
20241109095052,1700,0.9118,0.008,29.95679,20241109095058
20241109095347,1700,0.7293,0.012,26.91984,20241109095348
20241109095459,1700,0.5823,0.008,23.1331,20241109095458
20241109095756,1700,0.8131,0.02,23.09393,20241109095759
20241109095908,1700,0.5098,0.004,27.64865,20241109095909
20241109100212,1700,0.7965,0.032,23.30656,20241109100215
20241109100324,1700,0.8342,0.012,23.31355,20241109100325
20241109100619,1700,0.7847,0.0,24.4956,20241109100615
20241109100730,1700,0.8903,0.008,28.86427,20241109100736
20241109101030,1700,0.6111,0.032,30.3037,20241109101036
20241109101143,1700,0.6691,0.008,33.2805,20241109101147
20241109101438,1700,0.9271,0.012,35.07664,20241109101437
20241109101550,1700,0.9899,0.0,28.13546,20241109101557
20241109101844,1700,0.9039,0.016,22.93027,20241109101848
20241109101955,1700,0.9724,0.0,29.01674,20241109101958
20241109102251,1700,0.9273,0.012,28.66283,20241109102259
20241109102403,1700,0.9478,0.004,32.00753,20241109102409
20241109102656,1700,0.9671,0.004,28.85448,20241109102655
20241109102808,1700,0.9672,0.004,23.19325,20241109102805
20241109103103,1700,0.9722,0.04,25.29575,20241109103106
20241109103215,1700,0.9823,0.0,22.89249,20241109103216
20241109103508,1700,0.9773,0.008,30.0673,20241109103506
20241109103619,1700,0.9798,0.008,22.95544,20241109103616
20241109103913,1700,0.9621,0.016,22.95964,20241109103917
20241109104025,1700,0.9574,0.0,28.50896,20241109104027
20241109104319,1700,0.9774,0.008,32.27191,20241109104318
20241109104431,1700,0.965,0.0,30.74155,20241109104438
20241109104726,1700,0.9748,0.008,24.06335,20241109104729
20241109104838,1700,0.9677,0.0,22.96663,20241109104839
20241109105134,1700,0.972,0.016,23.01839,20241109105139
20241109105246,1700,0.9319,0.0,31.58227,20241109105249
20241109105538,1700,0.95,0.008,26.31553,20241109105535
20241109105650,1700,0.935,0.016,27.464,20241109105655
20241109105942,1700,0.9773,0.008,22.8897,20241109105945
20241109110054,1700,0.9772,0.004,30.89682,20241109110056
20241109110347,1700,0.9697,0.008,25.39927,20241109110347
20241109110459,1700,0.9746,0.0,23.19605,20241109110457
20241109110758,1700,0.932,0.012,25.74899,20241109110758
20241109110910,1700,0.9597,0.008,27.35909,20241109110918
20241109111206,1700,0.9519,0.016,25.50698,20241109111208
20241109111318,1700,0.9671,0.004,22.90368,20241109111318
20241109111617,1700,0.9378,0.008,26.53375,20241109111619
20241109111729,1700,0.9401,0.008,23.3835,20241109111729
20241109112023,1700,0.9873,0.012,24.68724,20241109112025
20241109112135,1700,0.9551,0.004,22.90648,20241109112135
20241109112434,1700,0.9573,0.012,27.30733,20241109112435
20241109112546,1700,0.825,0.016,22.8855,20241109112546
20241109112839,1700,0.9724,0.004,25.84691,20241109112836
20241109112951,1700,0.962,0.004,26.78974,20241109112956
20241109113251,1700,0.787,0.028,24.05356,20241109113257
20241109113402,1700,0.9672,0.004,27.02056,20241109113407
20241109113656,1700,0.9242,0.032,26.51137,20241109113658
20241109113808,1700,0.9468,0.012,22.84633,20241109113808
20241109114102,1700,0.7975,0.032,24.02558,20241109114109
20241109114213,1700,0.94,0.0,31.5501,20241109114219
20241109114508,1700,0.9023,0.02,35.68515,20241109114504
20241109114620,1700,0.8263,0.012,29.18181,20241109114625
20241109114914,1700,0.9576,0.02,23.46743,20241109114915
20241109115027,1700,0.6931,0.008,22.7652,20241109115025
20241109115323,1700,0.9169,0.012,25.72241,20241109115326
20241109115435,1700,0.9545,0.008,24.96422,20241109115436
20241109115730,1700,0.9444,0.016,23.11072,20241109115736
20241109115842,1700,0.9572,0.008,26.80373,20241109115847
20241109120134,1700,0.908,0.016,22.97643,20241109120137
20241109120246,1700,0.9098,0.004,25.44263,20241109120247
20241109120544,1700,0.7581,0.016,22.8897,20241109120548
20241109120656,1700,0.7443,0.004,30.3093,20241109120658
20241109120947,1700,0.8611,0.02,26.01757,20241109120949
20241109121059,1700,0.7079,0.02,22.89389,20241109121059
20241109121358,1700,0.9476,0.02,35.82085,20241109121355
20241109121511,1700,0.6499,0.008,29.12446,20241109121515
20241109121803,1700,0.9549,0.02,26.76596,20241109121805
20241109121915,1700,0.9032,0.004,22.93866,20241109121916
20241109122217,1700,0.75,0.028,32.51532,20241109122216
20241109122329,1700,0.7805,0.008,23.01,20241109122327
20241109122625,1700,0.7711,0.008,24.65087,20241109122627
20241109122737,1700,0.6776,0.012,22.89529,20241109122737
20241109123035,1700,0.9023,0.02,23.05337,20241109123038
20241109123147,1700,0.8221,0.012,24.47322,20241109123148
20241109123441,1700,0.75,0.012,31.42979,20241109123449
20241109123552,1700,0.8632,0.008,29.41682,20241109123559
20241109123849,1700,0.6894,0.02,35.72292,20241109123845
20241109124000,1700,0.8794,0.012,27.53534,20241109124005
20241109124255,1700,0.7711,0.004,26.4666,20241109124256
20241109124406,1700,0.9424,0.004,22.96943,20241109124406
20241109124659,1700,0.765,0.02,35.53687,20241109124656
20241109124811,1700,0.5425,0.012,31.53751,20241109124816
20241109125101,1700,0.7687,0.016,23.09673,20241109125107
20241109125213,1700,0.7802,0.016,31.82567,20241109125217
20241109125506,1700,0.7725,0.032,26.42884,20241109125508
20241109125618,1700,0.4975,0.012,23.05057,20241109125618
20241109125910,1700,0.9396,0.008,31.33467,20241109125918
20241109130022,1700,0.9848,0.0,30.6814,20241109130028
20241109130313,1700,0.9621,0.012,23.14429,20241109130319
20241109130425,1700,0.962,0.004,27.27795,20241109130429
20241109130720,1700,0.9798,0.004,23.14429,20241109130725
20241109130832,1700,0.9647,0.0,29.38325,20241109130835
20241109131125,1700,0.9797,0.008,23.19465,20241109131126
20241109131237,1700,0.9599,0.0,22.99461,20241109131236
20241109131531,1700,0.93,0.02,24.7418,20241109131536
20241109131643,1700,0.919,0.008,30.69678,20241109131646
20241109131934,1700,0.9123,0.016,23.54017,20241109131937
20241109132045,1700,0.9799,0.0,27.75776,20241109132047
20241109132337,1700,0.9479,0.028,24.18925,20241109132338
20241109132448,1700,0.9749,0.004,23.02958,20241109132448
20241109132743,1700,0.8861,0.008,23.01979,20241109132748
20241109132854,1700,0.9798,0.004,29.46718,20241109132858
20241109133151,1700,0.9673,0.004,30.35826,20241109133159
20241109133303,1700,0.9873,0.0,27.39266,20241109133309
20241109133601,1700,0.875,0.012,23.06036,20241109133605
20241109133712,1700,0.9823,0.0,29.89663,20241109133715
20241109134012,1700,0.9619,0.016,24.83553,20241109134016
20241109134124,1700,0.9468,0.0,28.85727,20241109134126
20241109134420,1700,0.9773,0.004,23.04637,20241109134427
20241109134532,1700,0.9647,0.004,30.16382,20241109134537
20241109134834,1700,0.9395,0.008,23.15129,20241109134837
20241109134945,1700,0.9748,0.0,31.04231,20241109134947
20241109135239,1700,0.9499,0.016,24.78237,20241109135238
20241109135351,1700,0.899,0.0,28.69081,20241109135358
20241109135644,1700,0.8575,0.016,24.93204,20241109135649
20241109135756,1700,0.8238,0.02,31.55989,20241109135759
20241109140051,1700,0.8806,0.012,24.22702,20241109140055
20241109140203,1700,0.8262,0.016,31.12764,20241109140205
20241109140457,1700,0.9674,0.004,23.78218,20241109140455
20241109140609,1700,0.9672,0.004,22.99741,20241109140605
20241109140902,1700,0.7825,0.008,23.02958,20241109140906
20241109141013,1700,0.9773,0.008,28.65863,20241109141016
20241109141308,1700,0.7789,0.008,35.04028,20241109141307
20241109141419,1700,0.9798,0.0,23.1303,20241109141417
20241109141716,1700,0.7816,0.016,28.3229,20241109141718
20241109141827,1700,0.9201,0.0,22.92047,20241109141828
20241109142123,1700,0.7792,0.02,23.07435,20241109142129
20241109142234,1700,0.8713,0.012,28.07531,20241109142239
20241109142528,1700,0.8157,0.016,26.27216,20241109142529
20241109142640,1700,0.8458,0.02,29.87565,20241109142649
20241109142934,1700,0.9525,0.016,24.02978,20241109142935
20241109143046,1700,0.967,0.004,23.21144,20241109143045
20241109143340,1700,0.803,0.016,24.6243,20241109143346
20241109143451,1700,0.9574,0.008,27.35489,20241109143456
20241109143742,1700,0.785,0.012,22.80996,20241109143747
20241109143853,1700,0.9597,0.0,31.62284,20241109143857
20241109144148,1700,0.8834,0.008,26.94782,20241109144147
20241109144259,1700,0.9646,0.0,22.89389,20241109144258
20241109144555,1700,0.9367,0.012,24.89428,20241109144558
20241109144707,1700,0.7282,0.008,27.56192,20241109144708
20241109145003,1700,0.932,0.02,23.14709,20241109145009
20241109145115,1700,0.9623,0.0,31.74034,20241109145119
20241109145411,1700,0.967,0.016,29.60147,20241109145419
20241109145523,1700,0.9623,0.0,29.9358,20241109145525
20241109145823,1700,0.8539,0.016,26.1057,20241109145825
20241109145935,1700,0.6921,0.008,27.17443,20241109145936
20241109150227,1700,0.9495,0.016,24.52497,20241109150226
20241109150339,1700,0.8416,0.008,23.10792,20241109150336
20241109150631,1700,0.9198,0.028,24.43265,20241109150637
20241109150743,1700,0.9146,0.004,31.49694,20241109150747
20241109151036,1700,0.7531,0.024,26.48619,20241109151037
20241109151147,1700,0.972,0.008,23.28418,20241109151148
20241109151447,1700,0.9497,0.036,24.02558,20241109151448
20241109151559,1700,0.8568,0.012,22.90229,20241109151559
20241109151847,1700,0.7333,0.024,26.30713,20241109151849
20241109151959,1700,0.7069,0.008,23.0128,20241109151959
20241109152254,1700,0.8806,0.016,23.7486,20241109152255
20241109152406,1700,0.9275,0.004,22.95824,20241109152405
20241109152703,1700,0.685,0.016,23.07854,20241109152705
20241109152815,1700,0.4829,0.008,27.36188,20241109152816
20241109153108,1700,0.7864,0.02,32.44118,20241109153106
20241109153220,1700,0.7961,0.008,29.78193,20241109153226
20241109153516,1700,0.7889,0.024,24.03397,20241109153517
20241109153633,1800,0.6733,0.012,27.49058,20241109153637
20241109153921,1800,0.9671,0.016,24.13889,20241109153928
20241109154031,1800,0.9721,0.0,27.44302,20241109154038
20241109154323,1800,0.9621,0.024,24.69843,20241109154328
20241109154433,1800,0.9873,0.0,31.98934,20241109154439
20241109154723,1800,0.9747,0.008,22.91208,20241109154729
20241109154834,1800,0.9472,0.008,31.47036,20241109154839
20241109155129,1800,0.9365,0.016,36.79446,20241109155125
20241109155239,1800,0.9695,0.0,23.04637,20241109155235
20241109155530,1800,0.9,0.028,23.30236,20241109155536
20241109155640,1800,0.9549,0.008,32.30409,20241109155646
20241109155930,1800,0.9848,0.012,23.08134,20241109155936
20241109160041,1800,0.925,0.004,31.67879,20241109160047
20241109160327,1800,0.9552,0.008,23.92346,20241109160327
20241109160438,1800,0.9052,0.008,23.11212,20241109160437
20241109160733,1800,0.9574,0.008,23.08974,20241109160738
20241109160843,1800,0.9551,0.0,27.10589,20241109160848
20241109161133,1800,0.8903,0.028,22.8883,20241109161138
20241109161243,1800,0.952,0.0,32.2943,20241109161249
20241109161523,1800,0.9373,0.096,22.8799,20241109161529
20241109161634,1800,0.9572,0.0,32.56008,20241109161639
20241109161921,1800,0.8492,0.024,27.57731,20241109161929
20241109162031,1800,0.9095,0.004,31.669,20241109162035
20241109162326,1800,0.9322,0.028,24.78936,20241109162325
20241109162436,1800,0.9671,0.004,22.96244,20241109162435
20241109162727,1800,0.9623,0.016,35.2641,20241109162726
20241109162837,1800,0.9798,0.016,23.07015,20241109162836
20241109163126,1800,0.9598,0.028,27.0919,20241109163127
20241109163236,1800,0.9873,0.0,25.40067,20241109163237
20241109163530,1800,0.8477,0.016,26.94642,20241109163538
20241109163640,1800,0.9673,0.0,28.42922,20241109163648
20241109163931,1800,0.9695,0.012,24.03117,20241109163938
20241109164041,1800,0.9574,0.0,27.75077,20241109164048
20241109164331,1800,0.9646,0.012,31.81728,20241109164339
20241109164441,1800,0.9599,0.0,33.34764,20241109164449
20241109164725,1800,0.9425,0.012,24.81874,20241109164729
20241109164836,1800,0.8105,0.008,23.10932,20241109164835
20241109165123,1800,0.9823,0.012,25.68184,20241109165125
20241109165233,1800,0.9796,0.008,31.2997,20241109165235
20241109165525,1800,0.9045,0.024,27.56332,20241109165526
20241109165635,1800,0.9599,0.004,26.30294,20241109165636
20241109165924,1800,0.9721,0.016,25.39507,20241109165926
20241109170035,1800,0.855,0.004,29.22797,20241109170037
20241109170323,1800,0.7899,0.016,24.72362,20241109170327
20241109170433,1800,0.9449,0.004,29.63924,20241109170437
20241109170726,1800,0.7115,0.02,22.93586,20241109170728
20241109170835,1800,0.9773,0.0,29.41123,20241109170838
20241109171126,1800,0.79,0.016,24.51658,20241109171129
20241109171236,1800,0.8271,0.008,31.94738,20241109171239
20241109171529,1800,0.8358,0.016,23.60032,20241109171529
20241109171639,1800,0.9597,0.012,23.04917,20241109171635
20241109171932,1800,0.7739,0.016,22.98482,20241109171935
20241109172042,1800,0.8878,0.004,31.32068,20241109172045
20241109172328,1800,0.7343,0.016,36.40557,20241109172326
20241109172438,1800,0.9296,0.004,23.20724,20241109172436
20241109172729,1800,0.94,0.024,36.08803,20241109172727
20241109172839,1800,0.9549,0.0,23.20864,20241109172837
20241109173123,1800,0.8653,0.02,24.82993,20241109173127
20241109173234,1800,0.715,0.012,29.71338,20241109173238
20241109173524,1800,0.7845,0.028,23.03518,20241109173528
20241109173634,1800,0.9548,0.0,32.44118,20241109173638
20241109173923,1800,0.9286,0.008,23.1331,20241109173929
20241109174033,1800,0.9746,0.0,32.09985,20241109174039
20241109174318,1800,0.8144,0.04,25.18944,20241109174319
20241109174429,1800,0.7302,0.012,23.07155,20241109174425
20241109174713,1800,0.7374,0.008,26.14207,20241109174715
20241109174823,1800,0.7311,0.016,31.64522,20241109174825
20241109175112,1800,0.7792,0.024,24.88728,20241109175116
20241109175222,1800,0.7136,0.008,30.83947,20241109175226
20241109175513,1800,0.8421,0.02,23.15269,20241109175517
20241109175624,1800,0.6476,0.008,30.15263,20241109175627
20241109175917,1800,0.9543,0.02,24.19484,20241109175918
20241109180028,1800,0.6847,0.004,22.97643,20241109180028
20241109180320,1800,0.7731,0.008,24.76278,20241109180329
20241109180430,1800,0.8309,0.008,31.13603,20241109180439
20241109180724,1800,0.795,0.02,23.1331,20241109180729
20241109180834,1800,0.845,0.028,23.39329,20241109180834
20241109181123,1800,0.8467,0.012,27.4654,20241109181125
20241109181234,1800,0.5199,0.012,30.86745,20241109181235
20241109181522,1800,0.85,0.012,23.05057,20241109181526
20241109181632,1800,0.9275,0.004,31.96836,20241109181636
20241109181922,1800,0.8,0.032,23.26599,20241109181927
20241109182032,1800,0.947,0.004,29.37206,20241109182037
20241109182324,1800,0.9273,0.016,23.14149,20241109182327
20241109182435,1800,0.5257,0.012,30.61845,20241109182438
20241109182725,1800,0.9397,0.024,23.18066,20241109182728
20241109182835,1800,0.9295,0.012,30.35686,20241109182838
20241109183123,1800,0.9444,0.016,24.93204,20241109183129
20241109183233,1800,0.9647,0.008,32.07467,20241109183239
20241109183522,1800,0.9597,0.012,23.12191,20241109183525
20241109183633,1800,0.9407,0.0,31.78371,20241109183635
20241109183912,1800,0.9295,0.036,23.35972,20241109183915
20241109184022,1800,0.9773,0.0,30.48556,20241109184025
20241109184308,1800,0.8258,0.056,35.89638,20241109184306
20241109184419,1800,0.9567,0.004,23.05896,20241109184416
20241109184710,1800,0.9798,0.008,24.78237,20241109184717
20241109184821,1800,0.9721,0.0,32.39501,20241109184827
20241109185113,1800,0.9547,0.02,22.91068,20241109185117
20241109185224,1800,0.9525,0.012,31.41161,20241109185227
20241109185517,1800,0.9521,0.02,25.90006,20241109185518
20241109185627,1800,0.9696,0.0,30.71917,20241109185628
20241109185917,1800,0.9169,0.016,25.15586,20241109185919
20241109190027,1800,0.9599,0.0,28.93561,20241109190029
20241109190315,1800,0.9343,0.0119,24.2508,20241109190315
20241109190425,1800,0.9749,0.008,22.90368,20241109190425
20241109190713,1800,0.95,0.004,24.77537,20241109190715
20241109190824,1800,0.9118,0.008,31.45917,20241109190825
20241109191112,1800,0.8571,0.016,24.69703,20241109191116
20241109191222,1800,0.9646,0.004,27.55772,20241109191226
20241109191516,1800,0.9647,0.012,23.28558,20241109191517
20241109191626,1800,0.9748,0.0,24.58932,20241109191627
20241109191913,1800,0.9873,0.004,23.05756,20241109191917
20241109192023,1800,0.9822,0.0,31.178,20241109192027
20241109192309,1800,0.8434,0.044,31.02272,20241109192308
20241109192420,1800,0.867,0.02,31.83547,20241109192428
20241109192707,1800,0.9173,0.02,27.00657,20241109192708
20241109192817,1800,0.9116,0.004,30.52752,20241109192819
20241109193107,1800,0.8697,0.016,24.54456,20241109193109
20241109193217,1800,0.9646,0.0,31.81728,20241109193219
20241109193502,1800,0.7673,0.048,24.83832,20241109193505
20241109193612,1800,0.967,0.004,32.10265,20241109193615
20241109193904,1800,0.9068,0.02,26.51417,20241109193906
20241109194014,1800,0.9575,0.0,31.60046,20241109194016
20241109194303,1800,0.9772,0.004,23.1275,20241109194306
20241109194414,1800,0.8305,0.0119,29.15803,20241109194416
20241109194702,1800,0.9747,0.004,24.03817,20241109194707
20241109194813,1800,0.9118,0.0,29.34688,20241109194817
20241109195106,1800,0.9521,0.008,25.84411,20241109195108
20241109195217,1800,0.8391,0.012,28.65024,20241109195218
20241109195511,1800,0.7775,0.012,25.65106,20241109195518
20241109195621,1800,0.9447,0.012,28.67122,20241109195628
20241109195914,1800,0.9671,0.012,22.97083,20241109195919
20241109200025,1800,0.8903,0.008,29.69939,20241109200029
20241109200317,1800,0.8358,0.02,36.03067,20241109200315
20241109200427,1800,0.96,0.004,23.05896,20241109200425
20241109200719,1800,0.9372,0.02,36.19014,20241109200715
20241109200830,1800,0.7922,0.012,31.32068,20241109200836
20241109201116,1800,0.7841,0.012,23.26599,20241109201116
20241109201226,1800,0.8908,0.012,23.11352,20241109201226
20241109201515,1800,0.7935,0.02,24.44244,20241109201517
20241109201625,1800,0.9822,0.0,28.83069,20241109201627
20241109201915,1800,0.9495,0.02,24.31654,20241109201918
20241109202026,1800,0.6925,0.008,30.14423,20241109202028
20241109202317,1800,0.75,0.016,26.94222,20241109202318
20241109202427,1800,0.9123,0.004,24.77537,20241109202428
20241109202717,1800,0.8617,0.024,26.93103,20241109202719
20241109202828,1800,0.8928,0.008,24.89148,20241109202829
20241109203122,1800,0.9127,0.012,23.01,20241109203125
20241109203232,1800,0.9291,0.0,30.34147,20241109203235
20241109203526,1800,0.962,0.024,34.69895,20241109203525
20241109203636,1800,0.9574,0.0,23.06176,20241109203635
20241109203924,1800,0.9075,0.02,26.67923,20241109203926
20241109204034,1800,0.9141,0.016,31.50253,20241109204036
20241109204324,1800,0.7901,0.024,24.87609,20241109204327
20241109204434,1800,0.9196,0.012,29.39164,20241109204437
20241109204722,1800,0.7873,0.004,23.04777,20241109204728
20241109204832,1800,0.8454,0.012,32.35305,20241109204838
20241109205119,1800,0.8872,0.016,24.96982,20241109205118
20241109205230,1800,0.6088,0.012,30.07849,20241109205239
20241109205524,1800,0.7631,0.012,23.32614,20241109205529
20241109205634,1800,0.9144,0.004,31.65641,20241109205639
20241109205925,1800,0.7861,0.02,23.57794,20241109205925
20241109210035,1800,0.9198,0.012,23.16528,20241109210035
20241109210324,1800,0.9208,0.012,27.26816,20241109210326
20241109210435,1800,0.5852,0.02,26.13927,20241109210436
20241109210724,1800,0.9598,0.008,23.34853,20241109210726
20241109210835,1800,0.6642,0.02,31.75433,20241109210837
20241109211124,1800,0.9048,0.02,23.51919,20241109211127
20241109211235,1800,0.6708,0.008,31.41021,20241109211237
20241109211526,1800,0.7425,0.012,27.5941,20241109211528
20241109211636,1800,0.7022,0.02,29.07829,20241109211638
20241109211927,1800,0.8065,0.02,28.29912,20241109211929
20241109212038,1800,0.5123,0.012,25.08592,20241109212039
20241109212329,1800,0.8092,0.02,27.54653,20241109212329
20241109212439,1800,0.9471,0.004,23.1373,20241109212439
20241109212730,1800,0.9499,0.012,23.04357,20241109212735
20241109212841,1800,0.948,0.0,26.79534,20241109212845
20241109213133,1800,0.9494,0.016,22.89669,20241109213136
20241109213243,1800,0.9823,0.004,31.89142,20241109213246
20241109213531,1800,0.9146,0.056,24.60052,20241109213537
20241109213641,1800,0.9823,0.0,27.86548,20241109213647
20241109213927,1800,0.818,0.056,26.38827,20241109213927
20241109214037,1800,0.9724,0.0,23.07015,20241109214037
20241109214329,1800,0.9623,0.012,24.81594,20241109214328
20241109214439,1800,0.9798,0.0,23.03098,20241109214438
20241109214727,1800,0.9672,0.004,28.24876,20241109214729
20241109214837,1800,0.9798,0.004,24.95023,20241109214839
20241109215123,1800,0.7531,0.076,23.9948,20241109215129
20241109215233,1800,0.9648,0.004,30.5527,20241109215239
20241109215525,1800,0.9345,0.016,24.4914,20241109215525
20241109215635,1800,0.9572,0.0,23.54856,20241109215635
20241109215929,1800,0.8747,0.02,32.6636,20241109215926
20241109220039,1800,0.9671,0.0079,23.22682,20241109220036
20241109220332,1800,0.9392,0.008,23.02399,20241109220336
20241109220443,1800,0.9573,0.0,32.32787,20241109220447
20241109220736,1800,0.9771,0.032,24.84672,20241109220737
20241109220847,1800,0.9073,0.004,23.37091,20241109220848
20241109221132,1800,0.7341,0.068,24.27318,20241109221138
20241109221242,1800,0.9293,0.0,29.98476,20241109221248
20241109221527,1800,0.7117,0.064,26.19103,20241109221529
20241109221641,2000,0.9524,0.004,31.76272,20241109221649
20241109221916,2000,0.869,0.02,23.20724,20241109221919
20241109222024,2000,0.9772,0.0,33.37982,20241109222029
20241109222257,2000,0.9797,0.008,38.56543,20241109222255
20241109222405,2000,0.9724,0.004,23.07155,20241109222405
20241109222640,2000,0.9397,0.02,22.95824,20241109222645
20241109222748,2000,0.958,0.0,22.85612,20241109222746
20241109223022,2000,0.8371,0.028,24.68584,20241109223026
20241109223134,2000,0.9798,0.0,32.73774,20241109223136
20241109223412,2000,0.9598,0.004,24.62849,20241109223417
20241109223520,2000,0.97,0.0,29.17761,20241109223527
20241109223754,2000,0.8772,0.016,24.92785,20241109223758
20241109223902,2000,0.8914,0.008,27.43043,20241109223908
20241109224138,2000,0.9494,0.016,23.19605,20241109224138
20241109224251,2000,0.8234,0.016,31.69838,20241109224259
20241109224526,2000,0.8258,0.012,23.08974,20241109224529
20241109224633,2000,0.9797,0.0,32.77551,20241109224639
20241109224909,2000,0.8258,0.012,36.70353,20241109224905
20241109225017,2000,0.8296,0.008,23.36811,20241109225015
20241109225252,2000,0.8338,0.02,23.24641,20241109225256
20241109225405,2000,0.7694,0.008,29.08669,20241109225406
20241109225640,2000,0.9497,0.012,23.16108,20241109225646
20241109225748,2000,0.9748,0.0,23.34153,20241109225747
20241109230024,2000,0.9447,0.016,23.18066,20241109230027
20241109230132,2000,0.9623,0.0,28.62646,20241109230137
20241109230407,2000,0.9206,0.012,25.70702,20241109230408
20241109230515,2000,0.89,0.0,31.63123,20241109230518
20241109230751,2000,0.9526,0.012,24.45923,20241109230758
20241109230859,2000,0.9646,0.0,22.96803,20241109230859
20241109231134,2000,0.9347,0.016,23.14289,20241109231139
20241109231242,2000,0.9696,0.004,30.0617,20241109231245
20241109231519,2000,0.9623,0.024,34.79827,20241109231515
20241109231627,2000,0.9747,0.0,23.03518,20241109231625
20241109231903,2000,0.9722,0.012,22.92327,20241109231906
20241109232011,2000,0.9621,0.0,27.72979,20241109232016
20241109232244,2000,0.9673,0.012,27.05833,20241109232246
20241109232352,2000,0.9345,0.004,28.09909,20241109232356
20241109232627,2000,0.7613,0.008,23.40029,20241109232627
20241109232735,2000,0.8568,0.012,32.25932,20241109232737
20241109233011,2000,0.7669,0.032,25.28596,20241109233018
20241109233124,2000,0.6838,0.008,29.50075,20241109233128
20241109233402,2000,0.8041,0.004,23.23662,20241109233408
20241109233515,2000,0.6536,0.008,29.37346,20241109233519
20241109233750,2000,0.7681,0.02,26.2204,20241109233759
20241109233903,2000,0.6692,0.02,31.60885,20241109233909
20241109234140,2000,0.78,0.012,24.16547,20241109234145
20241109234248,2000,0.6137,0.008,22.8869,20241109234245
20241109234521,2000,0.9291,0.016,23.0086,20241109234525
20241109234629,2000,0.9397,0.008,22.8841,20241109234625
20241109234906,2000,0.8296,0.02,27.0947,20241109234906
20241109235014,2000,0.8362,0.012,31.82148,20241109235016
20241109235249,2000,0.7805,0.012,23.83673,20241109235246
20241109235357,2000,0.7094,0.008,23.22962,20241109235357
20241109235630,2000,0.7727,0.008,23.89968,20241109235637
20241109235738,2000,0.7037,0.004,23.24081,20241109235737
20241110000014,2000,0.6823,0.04,23.35412,20241110000018
20241110000122,2000,0.7118,0.004,32.74333,20241110000128
20241110000356,2000,0.8005,0.004,23.1359,20241110000358
20241110000504,2000,0.5686,0.02,29.46018,20241110000508
20241110000739,2000,0.7692,0.016,24.52777,20241110000739
20241110000846,2000,0.9646,0.008,23.1359,20241110000845
20241110001123,2000,0.7809,0.012,25.89307,20241110001125
20241110001230,2000,0.945,0.004,30.47577,20241110001235
20241110001504,2000,0.8429,0.016,27.9592,20241110001506
20241110001612,2000,0.8276,0.016,28.0851,20241110001616
20241110001850,2000,0.9824,0.008,23.72482,20241110001856
20241110001958,2000,0.9673,0.0,23.21703,20241110001957
20241110002233,2000,0.865,0.044,23.20724,20241110002237
20241110002346,2000,0.9824,0.0,23.10932,20241110002347
20241110002623,2000,0.9724,0.004,25.94203,20241110002628
20241110002731,2000,0.9873,0.004,28.41103,20241110002738
20241110003010,2000,0.9873,0.008,31.86484,20241110003018
20241110003118,2000,0.9848,0.0,23.05057,20241110003118
20241110003357,2000,0.9475,0.012,23.29677,20241110003359
20241110003505,2000,0.95,0.0,28.24317,20241110003509
20241110003741,2000,0.9924,0.008,33.02171,20241110003749
20241110003849,2000,0.9723,0.0,23.10792,20241110003845
20241110004126,2000,0.9673,0.008,23.63949,20241110004125
20241110004234,2000,0.9746,0.0,29.94699,20241110004235
20241110004510,2000,0.9646,0.016,22.97223,20241110004516
20241110004618,2000,0.92,0.0079,23.24921,20241110004616
20241110004852,2000,0.948,0.02,23.14289,20241110004856
20241110005000,2000,0.9823,0.0,30.26034,20241110005007
20241110005239,2000,0.9797,0.008,38.14576,20241110005237
20241110005348,2000,0.915,0.008,23.27858,20241110005347
20241110005625,2000,0.9348,0.008,26.06233,20241110005628
20241110005733,2000,0.9773,0.008,28.5775,20241110005738
20241110010015,2000,0.9671,0.016,23.16248,20241110010019
20241110010123,2000,0.9623,0.012,27.88506,20241110010129
20241110010359,2000,0.8409,0.012,24.20184,20241110010359
20241110010507,2000,0.9217,0.004,30.19739,20241110010509
20241110010740,2000,0.9773,0.0,23.03098,20241110010745
20241110010848,2000,0.9798,0.0,22.97363,20241110010845
20241110011122,2000,0.9647,0.012,23.15269,20241110011125
20241110011230,2000,0.9386,0.0,28.42642,20241110011236
20241110011503,2000,0.9253,0.012,22.97363,20241110011506
20241110011611,2000,0.9722,0.0,29.78193,20241110011616
20241110011847,2000,0.9797,0.004,25.62868,20241110011847
20241110012000,2000,0.9573,0.0,29.38045,20241110012007
20241110012237,2000,0.9497,0.008,26.45961,20241110012238
20241110012345,2000,0.9525,0.0,31.87044,20241110012348
20241110012620,2000,0.9698,0.008,27.62067,20241110012629
20241110012728,2000,0.9579,0.0,22.90648,20241110012729
20241110013005,2000,0.9749,0.012,23.00161,20241110013009
20241110013118,2000,0.96,0.0,24.8691,20241110013119
20241110013356,2000,0.9501,0.02,32.81188,20241110013355
20241110013508,2000,0.9649,0.0,23.17787,20241110013506
20241110013746,2000,0.9098,0.012,23.59333,20241110013746
20241110013854,2000,0.9214,0.008,32.51672,20241110013856
20241110014132,2000,0.8079,0.012,23.45764,20241110014137
20241110014240,2000,0.9146,0.012,31.55709,20241110014247
20241110014517,2000,0.881,0.012,23.37091,20241110014517
20241110014630,2000,0.8144,0.016,32.01172,20241110014638
20241110014905,2000,0.8,0.028,23.29957,20241110014908
20241110015013,2000,0.8412,0.008,29.52593,20241110015019
20241110015249,2000,0.9499,0.016,26.44842,20241110015249
20241110015402,2000,0.9622,0.004,28.96638,20241110015409
20241110015640,2000,0.787,0.028,24.76558,20241110015645
20241110015748,2000,0.8479,0.008,23.01979,20241110015745
20241110020024,2000,0.7032,0.02,23.3835,20241110020026
20241110020132,2000,0.907,0.008,31.14722,20241110020136
20241110020408,2000,0.8109,0.024,24.89567,20241110020407
20241110020516,2000,0.8731,0.012,24.91806,20241110020517
20241110020753,2000,0.962,0.008,23.91087,20241110020757
20241110020906,2000,0.9673,0.008,30.45758,20241110020908
20241110021141,2000,0.9422,0.024,25.40486,20241110021148
20241110021250,2000,0.7569,0.016,32.80908,20241110021258
20241110021524,2000,0.9302,0.016,23.14149,20241110021529
20241110021637,2000,0.9722,0.004,28.3327,20241110021639
20241110021910,2000,0.9195,0.008,24.44244,20241110021915
20241110022019,2000,0.652,0.012,23.22123,20241110022015
20241110022254,2000,0.785,0.012,25.58252,20241110022255
20241110022402,2000,0.683,0.016,30.29671,20241110022406
20241110022637,2000,0.9548,0.024,24.32074,20241110022636
20241110022750,2000,0.9219,0.004,33.1588,20241110022756
20241110023025,2000,0.8346,0.012,26.69182,20241110023027
20241110023133,2000,0.7956,0.008,32.47195,20241110023137
20241110023405,2000,0.9223,0.016,23.21983,20241110023407
20241110023518,2000,0.8722,0.008,23.36811,20241110023518
20241110023753,2000,0.7895,0.016,23.27299,20241110023758
20241110023905,2000,0.9698,0.004,33.55468,20241110023908
20241110024140,2000,0.9548,0.008,32.94896,20241110024149
20241110024248,2000,0.9122,0.004,23.24081,20241110024249
20241110024522,2000,0.8878,0.012,24.44664,20241110024529
20241110024635,2000,0.7624,0.008,22.98902,20241110024635
20241110024912,2000,0.7873,0.0198,23.14289,20241110024915
20241110025020,2000,0.7444,0.008,33.36303,20241110025025
20241110025258,2000,0.7759,0.012,38.32202,20241110025256
20241110025410,2000,0.962,0.012,29.52873,20241110025416
20241110025647,2000,0.808,0.012,23.60172,20241110025647
20241110025759,2000,0.9722,0.0,23.13869,20241110025757
20241110030037,2000,0.7975,0.02,24.1179,20241110030037
20241110030150,2000,0.5711,0.008,36.45453,20241110030157
20241110030431,2000,0.8203,0.024,24.70263,20241110030438
20241110030539,2000,0.9242,0.004,23.32195,20241110030538
20241110030819,2000,0.797,0.004,30.38764,20241110030818
20241110030927,2000,0.8089,0.012,28.18162,20241110030929
20241110031203,2000,0.6867,0.036,23.04078,20241110031209
20241110031316,2000,0.96,0.0,32.86643,20241110031319
20241110031552,2000,0.9471,0.016,23.48561,20241110031554
20241110031700,2000,0.9619,0.004,33.37562,20241110031705
20241110031935,2000,0.945,0.02,24.06475,20241110031935
20241110032044,2000,0.9389,0.0,29.99595,20241110032045
20241110032321,2000,0.9773,0.004,24.50259,20241110032326
20241110032434,2000,0.9924,0.0,32.45377,20241110032436
20241110032709,2000,0.9673,0.02,38.41295,20241110032707
20241110032822,2000,0.9646,0.0,33.1546,20241110032827
20241110033058,2000,0.9246,0.024,36.26009,20241110033058
20241110033211,2000,0.9823,0.008,31.36405,20241110033218
20241110033449,2000,0.9722,0.012,33.07346,20241110033448
20241110033602,2000,0.9799,0.0,29.82389,20241110033608
20241110033840,2000,0.9697,0.016,23.40448,20241110033849
20241110033948,2000,0.9721,0.0,28.68521,20241110033949
20241110034223,2000,0.9746,0.012,23.90108,20241110034224
20241110034336,2000,0.9949,0.004,22.8897,20241110034335
20241110034613,2000,0.9724,0.008,24.68864,20241110034615
20241110034726,2000,0.9698,0.0,22.96663,20241110034725
20241110035002,2000,0.9646,0.028,23.60592,20241110035006
20241110035110,2000,0.9673,0.0,27.57311,20241110035117
20241110035344,2000,0.9873,0.004,24.995,20241110035347
20241110035457,2000,0.9698,0.008,22.98062,20241110035457
20241110035731,2000,0.9199,0.02,25.59371,20241110035738
20241110035839,2000,0.9646,0.0,23.05057,20241110035838
20241110040111,2000,0.9348,0.016,24.08853,20241110040119
20241110040219,2000,0.9594,0.0,23.14149,20241110040219
20241110040454,2000,0.9848,0.004,23.05616,20241110040459
20241110040603,2000,0.9098,0.0,27.53394,20241110040609
20241110040838,2000,0.9773,0.012,38.68993,20241110040835
20241110040946,2000,0.9698,0.0,23.22682,20241110040945
20241110041221,2000,0.9622,0.008,23.21983,20241110041225
20241110041329,2000,0.9671,0.0,23.18206,20241110041326
20241110041604,2000,0.9598,0.012,27.38566,20241110041606
20241110041712,2000,0.9898,0.0,33.13921,20241110041716
20241110041947,2000,0.9696,0.016,23.27719,20241110041947
20241110042100,2000,0.9696,0.0,29.39584,20241110042107
20241110042336,2000,0.8279,0.012,24.78796,20241110042337
20241110042443,2000,0.9823,0.0,27.90464,20241110042448
20241110042721,2000,0.9647,0.012,24.20603,20241110042728
20241110042829,2000,0.9325,0.0,22.92887,20241110042828
20241110043105,2000,0.9898,0.004,23.30097,20241110043109
20241110043223,2200,0.9924,0.0,33.95335,20241110043229
20241110043454,2200,0.9672,0.012,24.22702,20241110043455
20241110043606,2200,0.7794,0.02,23.27579,20241110043605
20241110043837,2200,0.8753,0.02,39.5852,20241110043835
20241110043948,2200,0.9722,0.008,23.20025,20241110043945
20241110044216,2200,0.835,0.02,23.78497,20241110044216
20241110044327,2200,0.9672,0.0,23.28278,20241110044326
20241110044554,2200,0.9332,0.032,23.38909,20241110044557
20241110044706,2200,0.7827,0.012,27.07511,20241110044707
20241110044927,2200,0.9697,0.012,25.65246,20241110044927
20241110045039,2200,0.7836,0.012,23.17647,20241110045037
20241110045310,2200,0.8122,0.016,33.53509,20241110045318
20241110045421,2200,0.9244,0.008,33.80228,20241110045428
20241110045653,2200,0.775,0.012,23.42826,20241110045659
20241110045804,2200,0.96,0.0,29.03213,20241110045809
20241110050036,2200,0.8875,0.016,23.35832,20241110050039
20241110050147,2200,0.9696,0.004,23.17227,20241110050145
20241110050414,2200,0.9262,0.02,24.25779,20241110050415
20241110050526,2200,0.6627,0.016,23.10932,20241110050525
20241110050754,2200,0.7935,0.008,24.81874,20241110050756
20241110050905,2200,0.897,0.02,23.80456,20241110050906
20241110051132,2200,0.806,0.012,23.5024,20241110051136
20241110051243,2200,0.9624,0.0,34.99691,20241110051246
20241110051510,2200,0.9468,0.028,24.10951,20241110051517
20241110051621,2200,0.9674,0.0,34.24152,20241110051627
20241110051856,2200,0.8571,0.012,27.13666,20241110051858
20241110052007,2200,0.9772,0.012,23.12471,20241110052008
20241110052231,2200,0.79,0.008,32.77131,20241110052238
20241110052342,2200,0.872,0.008,29.95399,20241110052349
20241110052613,2200,0.8367,0.02,23.05896,20241110052619
20241110052724,2200,0.9747,0.0,28.60128,20241110052729
20241110052956,2200,0.798,0.016,36.30206,20241110052955
20241110053107,2200,0.7153,0.016,23.20584,20241110053105
20241110053328,2200,0.8396,0.02,40.44131,20241110053326
20241110053439,2200,0.9773,0.0,23.2604,20241110053436
20241110053703,2200,0.9196,0.012,24.93904,20241110053706
20241110053815,2200,0.7556,0.008,31.88722,20241110053817
20241110054044,2200,0.7852,0.02,24.43265,20241110054047
20241110054155,2200,0.798,0.004,31.07168,20241110054157
20241110054419,2200,0.8105,0.012,40.91832,20241110054418
20241110054530,2200,0.9474,0.008,36.56504,20241110054538
20241110054802,2200,0.8086,0.024,24.21163,20241110054808
20241110054909,2200,0.7082,0.008,23.24641,20241110054908
20241110055134,2200,0.901,0.012,23.12611,20241110055139
20241110055246,2200,0.5906,0.004,32.95596,20241110055249
20241110055517,2200,0.7926,0.016,38.57941,20241110055515
20241110055628,2200,0.9295,0.008,23.7472,20241110055625
20241110055858,2200,0.806,0.012,40.79802,20241110055855
20241110060009,2200,0.839,0.004,23.43666,20241110060005
20241110060240,2200,0.9489,0.004,26.64986,20241110060246
20241110060347,2200,0.9874,0.0,23.36251,20241110060346
20241110060620,2200,0.9521,0.004,23.19885,20241110060626
20241110060732,2200,0.9772,0.0,29.15523,20241110060737
20241110060951,2200,0.9849,0.008,23.2506,20241110060957
20241110061102,2200,0.9823,0.0,32.20477,20241110061107
20241110061328,2200,0.9848,0.004,31.37104,20241110061328
20241110061440,2200,0.9699,0.0,29.04332,20241110061448
20241110061702,2200,0.945,0.02,24.1235,20241110061708
20241110061809,2200,0.9646,0.012,23.31635,20241110061808
20241110062036,2200,0.9773,0.008,24.54316,20241110062039
20241110062143,2200,0.9848,0.0,29.4434,20241110062149
20241110062414,2200,0.9899,0.008,23.47442,20241110062415
20241110062526,2200,0.9797,0.0,23.34573,20241110062525
20241110062751,2200,0.9424,0.012,23.26739,20241110062755
20241110062902,2200,0.975,0.0,33.5225,20241110062905
20241110063123,2200,0.9623,0.02,23.45344,20241110063126
20241110063234,2200,0.9873,0.004,33.17278,20241110063236
20241110063504,2200,0.9282,0.016,25.29855,20241110063506
20241110063615,2200,0.975,0.004,24.79356,20241110063616
20241110063843,2200,0.9241,0.02,25.12369,20241110063847
20241110063949,2200,0.9823,0.0,23.34573,20241110063947
20241110064219,2200,0.9849,0.012,39.86637,20241110064217
20241110064326,2200,0.9724,0.0,33.82745,20241110064328
20241110064549,2200,0.9772,0.008,26.32392,20241110064548
20241110064701,2200,0.9043,0.004,37.99049,20241110064708
20241110064929,2200,0.9369,0.024,23.89129,20241110064929
20241110065040,2200,0.975,0.004,32.18238,20241110065049
20241110065310,2200,0.9578,0.004,23.34573,20241110065315
20241110065422,2200,0.975,0.0,32.30968,20241110065425
20241110065647,2200,0.9483,0.02,40.05942,20241110065645
20241110065758,2200,0.9899,0.0,22.99181,20241110065755
20241110070027,2200,0.9724,0.008,37.81144,20241110070026
20241110070139,2200,0.9049,0.004,23.17926,20241110070136
20241110070405,2200,0.9345,0.012,25.91545,20241110070407
20241110070516,2200,0.9899,0.008,23.81715,20241110070517
20241110070747,2200,0.9529,0.012,26.8443,20241110070747
20241110070859,2200,0.8685,0.004,23.21983,20241110070857
20241110071132,2200,0.8329,0.016,24.1179,20241110071138
20241110071243,2200,0.9723,0.0,31.89841,20241110071248
20241110071507,2200,0.9673,0.008,25.61609,20241110071509
20241110071618,2200,0.9366,0.0,23.48282,20241110071619
20241110071843,2200,0.9266,0.012,26.09171,20241110071845
20241110071954,2200,0.9699,0.0,23.27998,20241110071955
20241110072220,2200,0.7624,0.028,23.36111,20241110072225
20241110072331,2200,0.9723,0.004,31.74174,20241110072335
20241110072557,2200,0.9316,0.024,24.92505,20241110072556
20241110072708,2200,0.9823,0.0,22.99881,20241110072706
20241110072935,2200,0.9772,0.012,27.27655,20241110072936
20241110073047,2200,0.7189,0.012,23.0072,20241110073047
20241110073318,2200,0.788,0.008,23.47862,20241110073317
20241110073429,2200,0.9524,0.004,23.33733,20241110073428
20241110073700,2200,0.952,0.02,28.70899,20241110073708
20241110073811,2200,0.9558,0.004,35.67536,20241110073818
20241110074035,2200,0.9697,0.016,25.08592,20241110074039
20241110074147,2200,0.9059,0.0,32.43139,20241110074149
20241110074418,2200,0.7654,0.016,40.46929,20241110074415
20241110074529,2200,0.9747,0.0,23.43666,20241110074525
20241110074756,2200,0.8564,0.024,24.95863,20241110074755
20241110074907,2200,0.9822,0.004,22.96663,20241110074905
20241110075142,2200,0.8783,0.012,23.24361,20241110075146
20241110075253,2200,0.9673,0.004,33.80368,20241110075256
20241110075522,2200,0.8485,0.024,23.49121,20241110075527
20241110075633,2200,0.965,0.004,34.36882,20241110075637
20241110075905,2200,0.9416,0.024,23.54157,20241110075907
20241110080017,2200,0.7042,0.012,25.18664,20241110080017
20241110080246,2200,0.8232,0.004,24.23541,20241110080248
20241110080357,2200,0.8504,0.008,32.64541,20241110080358
20241110080629,2200,0.8114,0.132,24.38649,20241110080628
20241110080741,2200,0.6388,0.024,33.0329,20241110080749
20241110081009,2200,0.9598,0.016,35.77608,20241110081009
20241110081121,2200,0.7108,0.012,27.54094,20241110081129
20241110081349,2200,0.7866,0.016,40.31681,20241110081345
20241110081500,2200,0.7062,0.008,31.07728,20241110081505
20241110081722,2200,0.8362,0.012,23.07435,20241110081725
20241110081834,2200,0.59,0.012,33.91138,20241110081836
20241110082101,2200,0.8105,0.008,23.23102,20241110082106
20241110082212,2200,0.8483,0.012,28.47119,20241110082216
20241110082442,2200,0.802,0.012,23.22403,20241110082447
20241110082553,2200,0.9575,0.004,29.28253,20241110082557
20241110082818,2200,0.9447,0.012,29.8183,20241110082818
20241110082930,2200,0.6207,0.004,31.87044,20241110082938
20241110083155,2200,0.7717,0.02,23.31076,20241110083158
20241110083306,2200,0.9169,0.004,31.99494,20241110083309
20241110083532,2200,0.7476,0.032,24.90687,20241110083539
20241110083644,2200,0.5061,0.008,30.47577,20241110083649
20241110083907,2200,0.9722,0.016,38.69972,20241110083905
20241110084019,2200,0.727,0.004,23.42546,20241110084015
20241110084246,2200,0.8123,0.012,30.01973,20241110084245
20241110084358,2200,0.4732,0.012,23.03378,20241110084355
20241110084628,2200,0.865,0.024,40.15874,20241110084626
20241110084740,2200,0.7786,0.008,29.55251,20241110084746
20241110085005,2200,0.7525,0.008,27.75217,20241110085006
20241110085116,2200,0.9824,0.0,23.20304,20241110085117
20241110085349,2200,0.9575,0.016,39.4607,20241110085347
20241110085500,2200,0.9466,0.004,34.0233,20241110085507
20241110085728,2200,0.9721,0.016,33.73093,20241110085728
20241110085839,2200,0.9874,0.0,23.22263,20241110085838
20241110090104,2200,0.9772,0.016,23.24501,20241110090109
20241110090215,2200,0.9849,0.004,32.79089,20241110090219
20241110090439,2200,0.9051,0.016,38.53885,20241110090435
20241110090550,2200,0.9824,0.004,34.53668,20241110090555
20241110090816,2200,0.9377,0.016,24.65507,20241110090816
20241110090927,2200,0.9899,0.0,23.16528,20241110090926
20241110091201,2200,0.9848,0.008,23.33873,20241110091206
20241110091313,2200,0.9347,0.012,33.59245,20241110091317
20241110091545,2200,0.9848,0.004,24.1165,20241110091547
20241110091657,2200,0.9771,0.0,23.34293,20241110091657
20241110091923,2200,0.9196,0.024,23.5066,20241110091928
20241110092034,2200,0.9647,0.0,28.06412,20241110092038
20241110092305,2200,0.9449,0.012,23.19325,20241110092308
20241110092412,2200,0.9471,0.004,29.96378,20241110092418
20241110092641,2200,0.8649,0.012,29.46858,20241110092649
20241110092752,2200,0.9722,0.0,31.88023,20241110092755
20241110093016,2200,0.9898,0.004,24.79915,20241110093015
20241110093128,2200,0.932,0.0,23.14569,20241110093125
20241110093401,2200,0.8682,0.012,23.14709,20241110093406
20241110093512,2200,0.965,0.0,27.88086,20241110093516
20241110093734,2200,0.9747,0.012,23.15968,20241110093737
20241110093845,2200,0.9849,0.008,23.29257,20241110093847
20241110094113,2200,0.9502,0.012,24.80615,20241110094117
20241110094220,2200,0.9646,0.0,36.76508,20241110094227
20241110094449,2200,0.9231,0.016,31.21856,20241110094448
20241110094600,2200,0.97,0.004,33.41759,20241110094608
20241110094830,2200,0.9697,0.016,32.15581,20241110094838
20241110094941,2200,0.9874,0.004,34.70035,20241110094948
20241110095208,2200,0.9594,0.008,24.09972,20241110095209
20241110095319,2200,0.9849,0.0,23.10932,20241110095319
20241110095550,2200,0.7909,0.024,23.14849,20241110095555
20241110095701,2200,0.9797,0.0,32.6566,20241110095705
20241110095932,2200,0.9697,0.012,23.69265,20241110095935
20241110100044,2200,0.93,0.0,32.80628,20241110100045
20241110100317,2200,0.8438,0.008,31.9236,20241110100316
20241110100428,2200,0.9367,0.0,22.90788,20241110100426
20241110100658,2200,0.8825,0.008,32.907,20241110100657
20241110100810,2200,0.7698,0.02,35.25011,20241110100817
20241110101040,2200,0.9772,0.008,27.14506,20241110101047
20241110101151,2200,0.9726,0.0,29.6938,20241110101158
20241110101418,2200,0.9443,0.012,23.67446,20241110101418
20241110101530,2200,0.7751,0.008,30.15402,20241110101538
20241110101755,2200,0.9547,0.012,23.55976,20241110101759
20241110101907,2200,0.8313,0.004,32.51252,20241110101909
20241110102133,2200,0.8766,0.012,24.31375,20241110102139
20241110102244,2200,0.9415,0.0,23.24921,20241110102245
20241110102514,2200,0.7805,0.012,26.92963,20241110102515
20241110102625,2200,0.9624,0.0,23.73881,20241110102625
20241110102850,2200,0.875,0.016,23.34153,20241110102856
20241110103001,2200,0.9698,0.0,28.76914,20241110103006
20241110103227,2200,0.8092,0.032,24.54036,20241110103227
20241110103338,2200,0.9722,0.004,23.35692,20241110103337
20241110103610,2200,0.8052,0.012,29.16642,20241110103617
20241110103727,2300,0.9303,0.012,23.68985,20241110103727
20241110103957,2300,0.9673,0.0277,23.59053,20241110103958
20241110104108,2300,0.9724,0.0,23.09953,20241110104108
20241110104334,2300,0.8241,0.016,23.35412,20241110104338
20241110104445,2300,0.7413,0.004,29.60987,20241110104449
20241110104713,2300,0.8914,0.016,23.22403,20241110104719
20241110104824,2300,0.7836,0.012,29.41262,20241110104829
20241110105049,2300,0.9271,0.012,24.08713,20241110105049
20241110105200,2300,0.8787,0.004,30.64363,20241110105205
20241110105426,2300,0.8697,0.02,24.15148,20241110105425
20241110105537,2300,0.93,0.012,22.98902,20241110105535
20241110105802,2300,0.8287,0.016,23.19885,20241110105806
20241110105913,2300,0.7625,0.012,32.18798,20241110105916
20241110110137,2300,0.8467,0.024,29.69939,20241110110137
20241110110248,2300,0.9295,0.012,23.07295,20241110110247
20241110110513,2300,0.8503,0.024,23.55136,20241110110517
20241110110624,2300,0.812,0.016,33.7785,20241110110627
20241110110843,2300,0.8131,0.028,23.45344,20241110110848
20241110110954,2300,0.8938,0.012,34.97593,20241110110958
20241110111222,2300,0.9223,0.012,23.27998,20241110111228
20241110111333,2300,0.9722,0.004,29.75675,20241110111339
20241110111557,2300,0.8417,0.012,23.54577,20241110111559
20241110111703,2300,0.8925,0.008,32.05928,20241110111705
20241110111925,2300,0.7935,0.008,24.57114,20241110111925
20241110112036,2300,0.6782,0.004,23.39189,20241110112035
20241110112254,2300,0.8209,0.02,28.64604,20241110112256
20241110112405,2300,0.8168,0.016,29.40843,20241110112406
20241110112630,2300,0.8883,0.02,23.28977,20241110112637
20241110112741,2300,0.7389,0.008,33.85963,20241110112747
20241110113005,2300,0.8,0.012,24.51658,20241110113007
20241110113116,2300,0.8015,0.008,28.70759,20241110113118
20241110113339,2300,0.7965,0.016,24.30256,20241110113338
20241110113450,2300,0.6742,0.008,27.35769,20241110113458
20241110113715,2300,0.7889,0.02,23.71503,20241110113719
20241110113826,2300,0.7767,0.008,34.70315,20241110113829
20241110114053,2300,0.9295,0.012,23.59053,20241110114059
20241110114205,2300,0.5297,0.008,30.98775,20241110114209
20241110114432,2300,0.788,0.012,23.17647,20241110114435
20241110114543,2300,0.6873,0.008,31.77392,20241110114545
20241110114809,2300,0.8162,0.02,41.32819,20241110114806
20241110114920,2300,0.7469,0.012,30.45758,20241110114926
20241110115149,2300,0.9872,0.012,41.72407,20241110115146
20241110115300,2300,0.9824,0.004,36.44474,20241110115307
20241110115526,2300,0.9698,0.016,27.86687,20241110115527
20241110115637,2300,0.9698,0.0,23.63809,20241110115637
20241110115901,2300,0.945,0.016,26.93942,20241110115908
20241110120007,2300,0.9774,0.008,25.74339,20241110120008
20241110120233,2300,0.9475,0.012,23.27159,20241110120238
20241110120339,2300,0.9848,0.0,23.2548,20241110120338
20241110120601,2300,0.9848,0.004,29.2,20241110120609
20241110120712,2300,0.9874,0.0,34.23173,20241110120719
20241110120936,2300,0.9444,0.0,24.66766,20241110120939
20241110121047,2300,0.9949,0.0,23.27719,20241110121045
20241110121314,2300,0.935,0.016,28.15084,20241110121315
20241110121425,2300,0.9771,0.004,23.20304,20241110121425
20241110121650,2300,0.9698,0.008,23.05337,20241110121656
20241110121801,2300,0.928,0.0,34.21774,20241110121806
20241110122027,2300,0.9179,0.016,23.61991,20241110122027
20241110122137,2300,0.9849,0.004,23.32614,20241110122137
20241110122401,2300,0.8791,0.02,24.23401,20241110122407
20241110122512,2300,0.9219,0.008,30.78072,20241110122517
20241110122736,2300,0.9774,0.004,29.90503,20241110122738
20241110122847,2300,0.9848,0.004,23.84093,20241110122848
20241110123108,2300,0.9618,0.016,24.55295,20241110123108
20241110123219,2300,0.9849,0.0,23.32614,20241110123219
20241110123448,2300,0.8387,0.028,28.38725,20241110123449
20241110123559,2300,0.9345,0.008,28.67122,20241110123559
20241110123828,2300,0.9672,0.012,40.85817,20241110123825
20241110123939,2300,0.9899,0.0,23.40588,20241110123935
20241110124205,2300,0.8791,0.024,29.60987,20241110124206
20241110124316,2300,0.9496,0.012,23.21004,20241110124316
20241110124542,2300,0.9447,0.012,23.49681,20241110124546
20241110124648,2300,0.9749,0.008,23.60592,20241110124646
20241110124915,2300,0.8358,0.016,23.31216,20241110124917
20241110125025,2300,0.9949,0.0,31.18219,20241110125027
20241110125244,2300,0.8492,0.016,24.89847,20241110125247
20241110125355,2300,0.8678,0.008,35.0095,20241110125358
20241110125614,2300,0.9472,0.016,23.46183,20241110125618
20241110125725,2300,0.9623,0.0,32.75032,20241110125728
20241110125949,2300,0.9848,0.016,26.30434,20241110125948
20241110130101,2300,0.8458,0.012,30.89542,20241110130109
20241110130330,2300,0.9722,0.008,27.8403,20241110130339
20241110130441,2300,0.9253,0.004,35.64319,20241110130449
20241110130707,2300,0.9424,0.02,40.39095,20241110130705
20241110130818,2300,0.9698,0.0,23.59193,20241110130815
20241110131046,2300,0.9824,0.008,31.24514,20241110131045
20241110131153,2300,0.9221,0.004,32.72375,20241110131156
20241110131418,2300,0.8379,0.012,25.27757,20241110131416
20241110131529,2300,0.7673,0.008,23.29257,20241110131526
20241110131754,2300,0.8296,0.012,23.19745,20241110131757
20241110131905,2300,0.8204,0.016,34.31286,20241110131907
20241110132126,2300,0.9571,0.008,27.31572,20241110132128
20241110132237,2300,0.9772,0.0,23.32055,20241110132238
20241110132505,2300,0.7644,0.02,24.59212,20241110132508
20241110132616,2300,0.7346,0.012,33.81767,20241110132618
20241110132842,2300,0.9698,0.012,23.84932,20241110132849
20241110132953,2300,0.9497,0.0,31.55709,20241110132959
20241110133218,2300,0.8825,0.008,38.08981,20241110133215
20241110133329,2300,0.9571,0.0,23.6297,20241110133325
20241110133558,2300,0.787,0.016,39.77405,20241110133555
20241110133709,2300,0.7383,0.008,23.01839,20241110133705
20241110133936,2300,0.8785,0.02,27.66544,20241110133936
20241110134047,2300,0.7407,0.016,23.14849,20241110134046
20241110134313,2300,0.799,0.004,23.88709,20241110134316
20241110134423,2300,0.9797,0.0,33.56167,20241110134427
20241110134649,2300,0.9674,0.016,34.99691,20241110134647
20241110134800,2300,0.9647,0.0,37.64917,20241110134807
20241110135027,2300,0.8434,0.012,27.91443,20241110135028
20241110135138,2300,0.9293,0.0,23.42267,20241110135138
20241110135405,2300,0.9377,0.012,23.49121,20241110135409
20241110135517,2300,0.7203,0.012,33.81767,20241110135519
20241110135743,2300,0.8953,0.012,24.28996,20241110135749
20241110135854,2300,0.9673,0.0,34.99551,20241110135859
20241110140124,2300,0.7734,0.012,24.37949,20241110140125
20241110140235,2300,0.9549,0.0079,23.35832,20241110140235
20241110140501,2300,0.7852,0.016,23.26879,20241110140505
20241110140612,2300,0.633,0.012,32.6524,20241110140616
20241110140835,2300,0.8189,0.02,27.76476,20241110140836
20241110140946,2300,0.6617,0.008,23.91787,20241110140946
20241110141209,2300,0.7961,0.012,40.68472,20241110141206
20241110141320,2300,0.8881,0.004,35.89499,20241110141327
20241110141547,2300,0.7855,0.024,24.47462,20241110141547
20241110141658,2300,0.7841,0.016,23.29537,20241110141657
20241110141919,2300,0.7783,0.008,25.42725,20241110141918
20241110142029,2300,0.9724,0.0,23.42407,20241110142028
20241110142256,2300,0.9575,0.016,26.54075,20241110142259
20241110142407,2300,0.9723,0.0,34.45135,20241110142409
20241110142632,2300,0.805,0.02,25.14048,20241110142639
20241110142743,2300,0.9173,0.004,25.3601,20241110142745
20241110143008,2300,0.7866,0.02,41.85976,20241110143005
20241110143119,2300,0.547,0.008,23.6269,20241110143115
20241110143341,2300,0.8186,0.024,23.24501,20241110143346
20241110143452,2300,0.6516,0.004,29.03773,20241110143456
20241110143717,2300,0.7512,0.02,26.86528,20241110143716
20241110143828,2300,0.55,0.028,23.23102,20241110143827
20241110144051,2300,0.7915,0.024,23.70384,20241110144057
20241110144202,2300,0.9874,0.0,34.80386,20241110144207
20241110144424,2300,0.9724,0.016,23.46883,20241110144428
20241110144535,2300,0.9513,0.008,31.93618,20241110144538
20241110144757,2300,0.9823,0.008,27.24857,20241110144758
20241110144908,2300,0.9825,0.0,25.41745,20241110144909
20241110145129,2300,0.9598,0.016,24.18925,20241110145129
20241110145239,2300,0.9924,0.004,23.46603,20241110145239
20241110145509,2300,0.9476,0.008,39.75866,20241110145505
20241110145620,2300,0.9696,0.008,35.3802,20241110145625
20241110145845,2300,0.9673,0.02,26.64846,20241110145845
20241110145956,2300,0.9848,0.0,23.41148,20241110145955
20241110150218,2300,0.9824,0.004,41.64154,20241110150216
20241110150329,2300,0.9874,0.004,23.35832,20241110150326
20241110150553,2300,0.9595,0.016,23.24921,20241110150557
20241110150704,2300,0.9723,0.004,33.80647,20241110150707
20241110150927,2300,0.9824,0.012,24.54596,20241110150927
20241110151038,2300,0.9874,0.004,23.41427,20241110151037
20241110151305,2300,0.9451,0.012,23.6283,20241110151308
20241110151416,2300,0.9649,0.008,33.14341,20241110151418
20241110151640,2300,0.9898,0.004,26.51836,20241110151649
20241110151751,2300,0.9773,0.004,30.68979,20241110151759
20241110152012,2300,0.9724,0.016,24.25639,20241110152019
20241110152119,2300,0.9574,0.008,27.69062,20241110152119
20241110152344,2300,0.9673,0.012,25.80214,20241110152345
20241110152455,2300,0.9548,0.004,23.2506,20241110152455
20241110152721,2300,0.9576,0.016,23.2548,20241110152725
20241110152832,2300,0.932,0.008,29.18881,20241110152836
20241110153055,2300,0.9746,0.012,25.53916,20241110153056
20241110153206,2300,0.9696,0.0,23.259,20241110153206
20241110153431,2300,0.9723,0.012,23.19185,20241110153437
20241110153542,2300,0.9848,0.004,29.63504,20241110153547
20241110153810,2300,0.8992,0.012,24.4998,20241110153817
20241110153921,2300,0.9118,0.0,36.77907,20241110153928
20241110154142,2300,0.9595,0.02,25.08452,20241110154148
20241110154253,2300,0.9849,0.0,29.73716,20241110154258
20241110154516,2300,0.9348,0.012,23.47302,20241110154519
20241110154622,2300,0.9697,0.008,31.89562,20241110154629
20241110154846,2300,0.8125,0.02,25.1181,20241110154849
20241110154957,2300,0.8441,0.012,34.95074,20241110154959
20241110155223,2300,0.9722,0.008,27.20941,20241110155225
20241110155330,2300,0.8519,0.008,34.90039,20241110155335
20241110155601,2300,0.9648,0.016,23.20584,20241110155606
20241110155712,2300,0.9724,0.0,34.79408,20241110155716
20241110155936,2300,0.9772,0.016,23.59193,20241110155936
20241110160043,2300,0.8958,0.008,30.32748,20241110160047
20241110160312,2300,0.9553,0.016,23.39049,20241110160317
20241110160423,2300,0.9395,0.008,31.64522,20241110160427
20241110160649,2300,0.8978,0.028,25.01038,20241110160648
20241110160800,2300,0.9521,0.004,27.76336,20241110160808
20241110161020,2300,0.9874,0.004,33.84844,20241110161029
20241110161131,2300,0.9773,0.0,32.0355,20241110161139
20241110161351,2300,0.9747,0.008,23.59892,20241110161355
20241110161502,2300,0.9093,0.004,31.83966,20241110161505
20241110161718,2300,0.8358,0.008,39.69711,20241110161715
20241110161829,2300,0.8296,0.02,23.24781,20241110161825
20241110162049,2300,0.8354,0.016,40.15874,20241110162046
20241110162159,2300,0.9461,0.004,23.41427,20241110162156
20241110162423,2300,0.812,0.012,24.68025,20241110162426
20241110162533,2300,0.9575,0.0,34.8808,20241110162536
20241110162756,2300,0.8329,0.016,24.33892,20241110162757
20241110162907,2300,0.8425,0.0079,23.75979,20241110162907
20241110163132,2300,0.9348,0.02,23.51499,20241110163137
20241110163243,2300,0.9438,0.0,28.88805,20241110163248
20241110163510,2300,0.807,0.016,26.24698,20241110163518
20241110163625,2500,0.9672,0.004,35.91457,20241110163629
20241110163840,2500,0.9333,0.016,33.13362,20241110163849
20241110163950,2500,0.8691,0.016,33.97014,20241110163959
20241110164201,2500,0.9772,0.012,23.72622,20241110164205
20241110164311,2500,0.9722,0.0,29.36786,20241110164315
20241110164524,2500,0.7917,0.02,28.13965,20241110164525
20241110164634,2500,0.7725,0.004,32.94337,20241110164636
20241110164842,2500,0.9572,0.012,23.757,20241110164846
20241110164953,2500,0.6281,0.02,31.00733,20241110164956
20241110165203,2500,0.9293,0.02,23.54577,20241110165207
20241110165313,2500,0.9444,0.0,29.61126,20241110165317
20241110165525,2500,0.8337,0.016,23.6311,20241110165527
20241110165635,2500,0.8759,0.008,32.88042,20241110165638
20241110165846,2500,0.8333,0.016,23.81295,20241110165848
20241110165956,2500,0.8371,0.008,33.23993,20241110165958
20241110170209,2500,0.9424,0.016,38.88577,20241110170208
20241110170315,2500,0.8141,0.008,36.54406,20241110170319
20241110170527,2500,0.8184,0.012,23.60172,20241110170529
20241110170637,2500,0.6379,0.004,32.76711,20241110170639
20241110170854,2500,0.81,0.02,28.04173,20241110170855
20241110171004,2500,0.6343,0.004,32.12223,20241110171005
20241110171218,2500,0.9698,0.004,29.25175,20241110171216
20241110171328,2500,0.9144,0.008,23.28278,20241110171326
20241110171541,2500,0.8164,0.016,23.65768,20241110171546
20241110171651,2500,0.7728,0.004,32.34605,20241110171657
20241110171906,2500,0.8589,0.016,26.12248,20241110171907
20241110172016,2500,0.8209,0.012,26.5953,20241110172017
20241110172229,2500,0.878,0.016,42.96767,20241110172228
20241110172339,2500,0.9773,0.0,23.54717,20241110172338
20241110172553,2500,0.8417,0.028,23.5094,20241110172558
20241110172703,2500,0.783,0.012,31.1752,20241110172709
20241110172915,2500,0.804,0.012,23.72762,20241110172919
20241110173025,2500,0.5823,0.016,31.18359,20241110173029
20241110173237,2500,0.8866,0.028,43.03341,20241110173235
20241110173347,2500,0.7985,0.016,23.2548,20241110173345
20241110173557,2500,0.9595,0.008,43.39572,20241110173556
20241110173708,2500,0.9698,0.0,23.47023,20241110173706
20241110173917,2500,0.9674,0.012,42.47947,20241110173916
20241110174027,2500,0.9924,0.0,23.3863,20241110174026
20241110174239,2500,0.9673,0.016,43.21666,20241110174237
20241110174349,2500,0.9649,0.004,23.23382,20241110174347
20241110174604,2500,0.9672,0.012,23.57514,20241110174608
20241110174714,2500,0.9924,0.012,29.94699,20241110174718
20241110174925,2500,0.9598,0.012,23.54717,20241110174929
20241110175030,2500,0.9874,0.0,34.17298,20241110175039
20241110175243,2500,0.9849,0.004,26.08192,20241110175245
20241110175353,2500,0.9698,0.0,33.75192,20241110175355
20241110175604,2500,0.9499,0.016,28.6964,20241110175605
20241110175714,2500,0.9773,0.004,33.60503,20241110175716
20241110175927,2500,0.9624,0.012,40.85957,20241110175926
20241110180037,2500,0.9398,0.004,23.52199,20241110180036
20241110180248,2500,0.9748,0.008,29.5651,20241110180247
20241110180358,2500,0.9924,0.0,23.49821,20241110180357
20241110180611,2500,0.9649,0.02,23.56115,20241110180617
20241110180721,2500,0.9724,0.0,37.32183,20241110180727
20241110180932,2500,0.9645,0.012,24.9908,20241110180938
20241110181042,2500,0.9772,0.004,31.21996,20241110181048
20241110181256,2500,0.9291,0.016,25.67065,20241110181259
20241110181406,2500,0.9118,0.008,23.46883,20241110181405
20241110181621,2500,0.9699,0.02,24.35851,20241110181627
20241110181731,2500,0.9798,0.0,38.16395,20241110181738
20241110181943,2500,0.9873,0.008,27.62627,20241110181944
20241110182053,2500,0.965,0.0,34.1506,20241110182056
20241110182305,2500,0.9646,0.016,23.34013,20241110182308
20241110182415,2500,0.9673,0.0,34.11842,20241110182418
20241110182626,2500,0.9747,0.02,27.63047,20241110182628
20241110182736,2500,0.9924,0.004,33.39101,20241110182738
20241110182948,2500,0.9722,0.02,24.39908,20241110182949
20241110183058,2500,0.9727,0.0,23.24781,20241110183059
20241110183309,2500,0.8648,0.032,25.20483,20241110183309
20241110183419,2500,0.9648,0.0,23.95424,20241110183419
20241110183631,2500,0.9724,0.028,23.5066,20241110183635
20241110183742,2500,0.8691,0.012,36.03907,20241110183745
20241110183955,2500,0.9529,0.012,24.3669,20241110183955
20241110184105,2500,0.9698,0.004,24.05216,20241110184106
20241110184321,2500,0.9799,0.008,23.54157,20241110184326
20241110184431,2500,0.9722,0.008,31.82987,20241110184436
20241110184647,2500,0.925,0.016,23.80875,20241110184647
20241110184757,2500,0.8483,0.012,23.37091,20241110184757
20241110185008,2500,0.9698,0.016,25.3587,20241110185007
20241110185118,2500,0.9675,0.0,23.42826,20241110185118
20241110185331,2500,0.9451,0.012,24.84392,20241110185338
20241110185441,2500,0.9724,0.0,32.37683,20241110185448
20241110185655,2500,0.8779,0.02,23.60452,20241110185658
20241110185805,2500,0.7792,0.004,29.57909,20241110185809
20241110190018,2500,0.806,0.024,26.02876,20241110190019
20241110190128,2500,0.7706,0.02,23.54717,20241110190125
20241110190339,2500,0.8075,0.016,43.57338,20241110190335
20241110190449,2500,0.7761,0.012,23.21563,20241110190445
20241110190701,2500,0.9698,0.016,25.54895,20241110190706
20241110190811,2500,0.9475,0.0,33.06787,20241110190816
20241110191022,2500,0.8375,0.016,23.39049,20241110191026
20241110191132,2500,0.8514,0.016,35.5061,20241110191136
20241110191347,2500,0.7291,0.024,24.21303,20241110191347
20241110191457,2500,0.783,0.012,23.91647,20241110191457
20241110191711,2500,0.9698,0.024,23.55696,20241110191717
20241110191821,2500,0.9848,0.0,31.00873,20241110191828
20241110192035,2500,0.9698,0.016,23.59612,20241110192038
20241110192145,2500,0.9651,0.0,36.15517,20241110192148
20241110192400,2500,0.9342,0.016,32.11943,20241110192409
20241110192510,2500,0.965,0.0,35.874,20241110192519
20241110192727,2500,0.7995,0.02,23.85492,20241110192729
20241110192837,2500,0.7146,0.012,23.58354,20241110192835
20241110193052,2500,0.9796,0.012,23.58214,20241110193055
20241110193203,2500,0.6973,0.012,34.33245,20241110193205
20241110193415,2500,0.9569,0.012,27.26676,20241110193416
20241110193525,2500,0.9282,0.004,29.14404,20241110193526
20241110193740,2500,0.8618,0.02,25.27057,20241110193746
20241110193850,2500,0.8897,0.004,35.81385,20241110193857
20241110194103,2500,0.8015,0.008,23.74301,20241110194108
20241110194213,2500,0.6059,0.004,30.01414,20241110194218
20241110194429,2500,0.8086,0.028,23.89828,20241110194428
20241110194539,2500,0.6722,0.008,23.85492,20241110194539
20241110194750,2500,0.9747,0.016,25.46082,20241110194759
20241110194900,2500,0.9425,0.008,37.74989,20241110194909
20241110195110,2500,0.8094,0.024,26.18823,20241110195119
20241110195220,2500,0.7235,0.02,31.77951,20241110195225
20241110195435,2500,0.8922,0.016,24.01439,20241110195435
20241110195545,2500,0.9377,0.016,23.18906,20241110195545
20241110195758,2500,0.7781,0.024,42.0696,20241110195756
20241110195908,2500,0.7855,0.004,23.65208,20241110195906
20241110200125,2500,0.8933,0.02,26.41625,20241110200126
20241110200235,2500,0.9521,0.016,24.65787,20241110200236
20241110200448,2500,0.7525,0.012,36.23211,20241110200447
20241110200558,2500,0.722,0.004,23.508,20241110200557
20241110200812,2500,0.8342,0.016,24.78377,20241110200817
20241110200922,2500,0.6158,0.012,35.03608,20241110200928
20241110201131,2500,0.8045,0.024,25.10131,20241110201138
20241110201241,2500,0.8015,0.016,37.25608,20241110201248
20241110201455,2500,0.9597,0.02,23.54577,20241110201459
20241110201606,2500,0.5148,0.016,34.75071,20241110201609
20241110201818,2500,0.8146,0.016,25.42725,20241110201819
20241110201928,2500,0.8105,0.012,25.728,20241110201929
20241110202137,2500,0.7683,0.024,42.306,20241110202135
20241110202247,2500,0.8462,0.012,23.69405,20241110202245
20241110202500,2500,0.8253,0.012,23.59053,20241110202505
20241110202610,2500,0.793,0.008,36.19994,20241110202615
20241110202822,2500,0.7767,0.016,23.39889,20241110202826
20241110202932,2500,0.7136,0.016,29.67841,20241110202936
20241110203146,2500,0.796,0.012,26.62188,20241110203146
20241110203256,2500,0.7389,0.004,25.20343,20241110203257
20241110203511,2500,0.7538,0.016,25.19224,20241110203517
20241110203621,2500,0.4914,0.012,34.90598,20241110203627
20241110203832,2500,0.8479,0.104,23.81015,20241110203838
20241110203942,2500,0.9924,0.0,32.27331,20241110203948
20241110204154,2500,0.9774,0.004,23.48561,20241110204158
20241110204304,2500,0.9874,0.004,30.39183,20241110204308
20241110204519,2500,0.9849,0.004,24.41866,20241110204519
20241110204629,2500,0.9748,0.004,23.40588,20241110204625
20241110204841,2500,0.9629,0.004,23.71922,20241110204845
20241110204951,2500,0.9874,0.004,35.30886,20241110204956
20241110205201,2500,0.9824,0.004,23.93325,20241110205206
20241110205311,2500,0.9774,0.0,36.2475,20241110205316
20241110205522,2500,0.9823,0.008,23.65208,20241110205526
20241110205632,2500,0.9749,0.0,35.43056,20241110205637
20241110205847,2500,0.9698,0.004,23.82834,20241110205847
20241110205958,2500,0.9244,0.004,23.33314,20241110205957
20241110210211,2500,0.9748,0.004,24.57114,20241110210218
20241110210321,2500,0.9849,0.0,35.48232,20241110210328
20241110210533,2500,0.9773,0.008,23.64788,20241110210539
20241110210644,2500,0.9597,0.004,36.60281,20241110210649
20241110210859,2500,0.9848,0.0079,24.03677,20241110210859
20241110211010,2500,0.9447,0.008,36.4965,20241110211014
20241110211221,2500,0.927,0.044,23.64509,20241110211225
20241110211332,2500,0.9622,0.004,35.79846,20241110211335
20241110211545,2500,0.9722,0.024,29.05312,20241110211545
20241110211655,2500,0.9624,0.0,23.81155,20241110211655
20241110211908,2500,0.9673,0.012,32.22155,20241110211906
20241110212018,2500,0.9723,0.0,23.6255,20241110212016
20241110212233,2500,0.95,0.012,23.32754,20241110212236
20241110212343,2500,0.9481,0.0,34.77729,20241110212347
20241110212553,2500,0.9573,0.012,23.757,20241110212557
20241110212703,2500,0.9747,0.004,35.48092,20241110212707
20241110212915,2500,0.9372,0.016,23.8773,20241110212918
20241110213025,2500,0.9569,0.0,34.31566,20241110213028
20241110213240,2500,0.9824,0.004,34.52129,20241110213248
20241110213350,2500,0.9949,0.0,28.95519,20241110213359
20241110213603,2500,0.9772,0.016,27.81791,20241110213605
20241110213713,2500,0.9673,0.0,34.03309,20241110213715
20241110213926,2500,0.9439,0.012,24.01159,20241110213926
20241110214036,2500,0.9899,0.0,23.05896,20241110214037
20241110214248,2500,0.8797,0.016,23.90947,20241110214247
20241110214358,2500,0.9202,0.008,23.08834,20241110214358
20241110214615,2500,0.9303,0.012,23.52059,20241110214618
20241110214725,2500,0.9574,0.004,33.36023,20241110214728
20241110214939,2500,0.8492,0.016,24.36411,20241110214939
20241110215049,2500,0.8107,0.012,24.11511,20241110215049
20241110215302,2500,0.806,0.024,23.6311,20241110215305
20241110215412,2500,0.7775,0.024,34.40519,20241110215415
20241110215628,2500,0.797,0.012,41.03024,20241110215625
20241110215738,2500,0.9002,0.012,23.44785,20241110215735
20241110215949,2500,0.835,0.024,39.7083,20241110215946
20241110220059,2500,0.9055,0.004,23.36951,20241110220056
20241110220309,2500,0.8232,0.016,39.9559,20241110220306
20241110220419,2500,0.7376,0.008,23.31775,20241110220417
20241110220632,2500,0.9747,0.008,23.60032,20241110220638
20241110220742,2500,0.975,0.0,37.55684,20241110220749
20241110220957,2500,0.9572,0.016,43.45447,20241110220955
20241110221107,2500,0.9848,0.0,23.19045,20241110221105
20241110221317,2500,0.9646,0.012,42.45988,20241110221315
20241110221432,2700,0.9724,0.0,38.38917,20241110221436
20241110221639,2700,0.9849,0.016,24.96562,20241110221636
20241110221749,2700,0.7612,0.008,23.69684,20241110221746
20241110221956,2700,0.8321,0.012,24.45923,20241110221956
20241110222104,2700,0.9798,0.004,37.45752,20241110222107
20241110222316,2700,0.965,0.012,24.46482,20241110222317
20241110222425,2700,0.9484,0.004,36.18035,20241110222427
20241110222635,2700,0.8579,0.024,23.73322,20241110222638
20241110222744,2700,0.8703,0.008,35.12141,20241110222748
20241110222955,2700,0.8123,0.012,23.93325,20241110222958
20241110223103,2700,0.9724,0.0,38.15276,20241110223109
20241110223315,2700,0.7941,0.02,23.68985,20241110223319
20241110223424,2700,0.737,0.012,31.74034,20241110223429
20241110223636,2700,0.8441,0.016,45.94306,20241110223635
20241110223745,2700,0.9347,0.0,23.67306,20241110223745
20241110223956,2700,0.9369,0.016,25.87768,20241110223955
20241110224105,2700,0.9721,0.004,24.55715,20241110224106
20241110224317,2700,0.8274,0.008,25.03696,20241110224317
20241110224426,2700,0.7432,0.012,35.90338,20241110224428
20241110224637,2700,0.8543,0.024,24.44944,20241110224639
20241110224746,2700,0.9773,0.0,36.78047,20241110224749
20241110224958,2700,0.9674,0.012,45.68987,20241110224955
20241110225108,2700,0.5704,0.008,23.81715,20241110225105
20241110225316,2700,0.846,0.004,37.25188,20241110225315
20241110225425,2700,0.8175,0.02,27.7116,20241110225426
20241110225640,2700,0.7823,0.028,25.37409,20241110225646
20241110225749,2700,0.7266,0.008,23.6311,20241110225746
20241110225959,2700,0.8271,0.012,47.29717,20241110225957
20241110230108,2700,0.765,0.008,24.04516,20241110230107
20241110230319,2700,0.8514,0.024,47.51539,20241110230317
20241110230428,2700,0.9547,0.004,23.77658,20241110230427
20241110230636,2700,0.9698,0.02,24.65227,20241110230638
20241110230745,2700,0.9372,0.004,35.94954,20241110230748
20241110230956,2700,0.845,0.02,27.30313,20241110230958
20241110231105,2700,0.7444,0.012,31.69978,20241110231109
20241110231316,2700,0.798,0.02,23.6255,20241110231319
20241110231425,2700,0.8668,0.016,23.43526,20241110231425
20241110231638,2700,0.9275,0.016,39.22709,20241110231636
20241110231747,2700,0.9697,0.0,23.6339,20241110231747
20241110231957,2700,0.7694,0.032,28.3299,20241110231958
20241110232106,2700,0.6256,0.004,35.69355,20241110232108
20241110232314,2700,0.783,0.016,23.7528,20241110232318
20241110232423,2700,0.7781,0.012,33.04968,20241110232429
20241110232629,2700,0.8141,0.016,24.01998,20241110232629
20241110232738,2700,0.7389,0.008,24.27178,20241110232739
20241110232949,2700,0.8325,0.016,45.46885,20241110232945
20241110233058,2700,0.9198,0.008,23.70803,20241110233055
20241110233307,2700,0.9848,0.008,24.80055,20241110233305
20241110233416,2700,0.9899,0.0,23.64369,20241110233415
20241110233625,2700,0.9672,0.008,29.8099,20241110233626
20241110233734,2700,0.9698,0.004,35.9915,20241110233736
20241110233948,2700,0.9573,0.016,28.00256,20241110233946
20241110234057,2700,0.9462,0.0,23.41707,20241110234057
20241110234307,2700,0.9725,0.004,24.18225,20241110234307
20241110234416,2700,0.9949,0.0,24.04936,20241110234417
20241110234629,2700,0.9874,0.004,46.79638,20241110234625
20241110234739,2700,0.9873,0.004,23.86051,20241110234735
20241110234952,2700,0.9873,0.004,24.63549,20241110234956
20241110235101,2700,0.9824,0.0,38.48429,20241110235106
20241110235312,2700,0.9848,0.004,23.68286,20241110235316
20241110235422,2700,0.9415,0.004,36.18455,20241110235427
20241110235631,2700,0.9698,0.012,23.66887,20241110235637
20241110235740,2700,0.9724,0.004,39.44252,20241110235747
20241110235951,2700,0.97,0.008,25.1097,20241110235958
20241111000101,2700,0.9395,0.008,37.26308,20241111000108
20241111000309,2700,0.9924,0.012,24.70683,20241111000308
20241111000419,2700,0.9303,0.012,23.3737,20241111000419
20241111000633,2700,0.9458,0.012,24.81314,20241111000639
20241111000742,2700,0.9924,0.0,31.57248,20241111000749
20241111000957,2700,0.9679,0.004,24.20044,20241111000959
20241111001107,2700,0.8925,0.012,23.5024,20241111001105
20241111001319,2700,0.9275,0.02,45.97803,20241111001315
20241111001428,2700,0.9722,0.0,23.40868,20241111001425
20241111001639,2700,0.9648,0.02,46.5124,20241111001636
20241111001748,2700,0.9899,0.0,23.46743,20241111001746
20241111001959,2700,0.9823,0.004,43.00684,20241111001958
20241111002108,2700,0.9924,0.0,30.01134,20241111002109
20241111002319,2700,0.9544,0.008,46.79917,20241111002315
20241111002428,2700,0.96,0.008,23.72482,20241111002425
20241111002635,2700,0.9601,0.012,24.07034,20241111002635
20241111002744,2700,0.956,0.0,30.09947,20241111002745
20241111002953,2700,0.9874,0.008,25.29995,20241111002956
20241111003102,2700,0.9799,0.0,32.27331,20241111003106
20241111003314,2700,0.9013,0.02,23.97942,20241111003317
20241111003423,2700,0.9746,0.012,37.01828,20241111003427
20241111003636,2700,0.9447,0.024,28.77334,20241111003637
20241111003745,2700,0.9723,0.0,35.43755,20241111003748
20241111003956,2700,0.9748,0.008,25.03276,20241111003958
20241111004105,2700,0.9873,0.0,38.86059,20241111004109
20241111004316,2700,0.855,0.012,24.08993,20241111004316
20241111004425,2700,0.8586,0.008,36.40697,20241111004426
20241111004639,2700,0.8622,0.02,35.383,20241111004637
20241111004748,2700,0.9154,0.004,23.88989,20241111004747
20241111005001,2700,0.9175,0.012,25.02157,20241111005008
20241111005110,2700,0.9647,0.008,35.83204,20241111005118
20241111005321,2700,0.9507,0.02,25.24959,20241111005329
20241111005430,2700,0.9724,0.0,35.5089,20241111005439
20241111005643,2700,0.9748,0.008,28.76914,20241111005645
20241111005753,2700,0.8184,0.012,31.12484,20241111005757
20241111010003,2700,0.8734,0.016,24.52777,20241111010004
20241111010112,2700,0.9724,0.0,38.14297,20241111010115
20241111010322,2700,0.9823,0.008,25.16706,20241111010328
20241111010432,2700,0.7426,0.012,39.37957,20241111010439
20241111010640,2700,0.9799,0.008,23.67446,20241111010645
20241111010749,2700,0.9774,0.0,23.31635,20241111010745
20241111011001,2700,0.9447,0.012,23.96962,20241111011006
20241111011110,2700,0.9698,0.008,33.39101,20241111011116
20241111011321,2700,0.9747,0.012,25.84411,20241111011326
20241111011430,2700,0.9724,0.0,33.09165,20241111011436
20241111011639,2700,0.9898,0.004,27.65564,20241111011637
20241111011749,2700,0.745,0.012,23.6255,20241111011748
20241111011959,2700,0.8655,0.02,24.35991,20241111011959
20241111012108,2700,0.9422,0.016,23.40029,20241111012105
20241111012319,2700,0.9721,0.008,46.00042,20241111012316
20241111012429,2700,0.6667,0.008,23.64788,20241111012426
20241111012643,2700,0.8543,0.012,23.77798,20241111012647
20241111012752,2700,0.7494,0.008,30.87025,20241111012757
20241111013000,2700,0.8221,0.016,24.80195,20241111013008
20241111013109,2700,0.8897,0.012,23.84932,20241111013108
20241111013323,2700,0.9165,0.02,23.53877,20241111013328
20241111013432,2700,0.9499,0.008,38.40875,20241111013439
20241111013645,2700,0.8209,0.02,23.9934,20241111013645
20241111013754,2700,0.7297,0.016,36.01809,20241111013756
20241111013959,2700,0.86,0.016,37.08542,20241111013958
20241111014108,2700,0.9648,0.0,23.94444,20241111014108
20241111014321,2700,0.8719,0.028,34.33944,20241111014329
20241111014430,2700,0.9244,0.0,38.94312,20241111014439
20241111014639,2700,0.9347,0.016,46.92647,20241111014635
20241111014748,2700,0.9749,0.0,23.64089,20241111014746
20241111015000,2700,0.8481,0.012,32.01592,20241111015008
20241111015109,2700,0.6407,0.008,23.44225,20241111015108
20241111015318,2700,0.8317,0.016,46.95024,20241111015315
20241111015427,2700,0.7224,0.008,23.52059,20241111015425
20241111015640,2700,0.9279,0.02,23.55556,20241111015645
20241111015750,2700,0.5561,0.024,30.58208,20241111015756
20241111020000,2700,0.8279,0.004,26.56592,20241111020006
20241111020109,2700,0.8456,0.008,23.56675,20241111020106
20241111020321,2700,0.8263,0.004,24.53477,20241111020328
20241111020430,2700,0.5602,0.012,35.88519,20241111020439
20241111020641,2700,0.8467,0.012,23.7528,20241111020645
20241111020750,2700,0.5024,0.016,31.35985,20241111020756
20241111021000,2700,0.8543,0.024,24.70823,20241111021006
20241111021110,2700,0.5558,0.004,35.22213,20241111021117
20241111021320,2700,0.9322,0.012,25.14607,20241111021327
20241111021430,2700,0.481,0.008,34.11702,20241111021437
20241111021640,2700,0.8392,0.012,35.53407,20241111021648
20241111021749,2700,0.5856,0.004,23.41847,20241111021748
20241111021956,2700,0.8611,0.02,34.41638,20241111021954
20241111022105,2700,0.9949,0.0,23.56955,20241111022106
20241111022318,2700,0.9545,0.012,28.95939,20241111022317
20241111022427,2700,0.9899,0.0,23.97382,20241111022428
20241111022636,2700,0.9749,0.012,24.41446,20241111022639
20241111022745,2700,0.9899,0.0,30.69399,20241111022749
20241111022953,2700,0.9623,0.016,25.25099,20241111022959
20241111023102,2700,0.9848,0.012,31.03531,20241111023106
20241111023314,2700,0.9573,0.012,23.88989,20241111023317
20241111023423,2700,0.9674,0.0,38.82422,20241111023427
20241111023632,2700,0.9746,0.02,24.63828,20241111023639
20241111023741,2700,1.0,0.0,31.6662,20241111023749
20241111023953,2700,0.9342,0.02,24.52218,20241111023955
20241111024102,2700,0.937,0.004,37.78066,20241111024105
20241111024312,2700,0.9375,0.028,23.85492,20241111024315
20241111024421,2700,0.9533,0.004,38.01987,20241111024426
20241111024635,2700,0.9775,0.004,24.02418,20241111024637
20241111024745,2700,0.9648,0.004,38.19333,20241111024748
20241111024958,2700,0.9674,0.008,46.58374,20241111024954
20241111025107,2700,0.95,0.004,23.56675,20241111025105
20241111025318,2700,0.9507,0.02,24.17386,20241111025316
20241111025427,2700,0.9675,0.016,23.39889,20241111025426
20241111025640,2700,0.9696,0.02,24.96142,20241111025647
20241111025749,2700,0.9675,0.004,23.48701,20241111025747
20241111030000,2700,0.9404,0.012,27.72699,20241111030007
20241111030109,2700,0.9824,0.008,23.69684,20241111030107
20241111030316,2700,0.9749,0.004,25.40766,20241111030319
20241111030426,2700,0.8781,0.012,23.55416,20241111030424
20241111030636,2700,0.9102,0.016,25.50138,20241111030636
20241111030745,2700,0.9317,0.0,36.83362,20241111030747
20241111030955,2700,0.9673,0.008,24.01859,20241111030958
20241111031104,2700,0.9648,0.008,38.48849,20241111031108
20241111031311,2700,0.9821,0.012,29.05591,20241111031319
20241111031420,2700,0.9507,0.0,35.64459,20241111031424
20241111031629,2700,0.9848,0.004,45.30378,20241111031626
20241111031738,2700,0.9799,0.008,23.59193,20241111031738
20241111031948,2700,0.9774,0.004,24.32773,20241111031949
20241111032057,2700,0.9825,0.0,36.77348,20241111032059
20241111032312,2700,0.8662,0.016,23.63669,20241111032315
20241111032421,2700,0.8897,0.012,32.37263,20241111032426
20241111032630,2700,0.965,0.02,25.49859,20241111032638
20241111032739,2700,0.9848,0.0,23.501,20241111032738
20241111032949,2700,0.9472,0.036,28.73137,20241111032949
20241111033058,2700,0.9849,0.0,23.45764,20241111033055
20241111033310,2700,0.9772,0.016,23.94165,20241111033316
20241111033419,2700,0.9822,0.0,23.40029,20241111033416
20241111033629,2700,0.9695,0.016,26.38967,20241111033627
20241111033738,2700,0.9724,0.0,23.53318,20241111033738
20241111033946,2700,0.9549,0.008,47.6301,20241111033945
20241111034055,2700,0.9873,0.004,23.61012,20241111034056
20241111034307,2700,0.9622,0.02,24.06055,20241111034307
20241111034416,2700,0.9723,0.0,34.96893,20241111034418
20241111034626,2700,0.9453,0.012,27.39685,20241111034626
20241111034740,2900,0.8543,0.012,42.61235,20241111034746
20241111034945,2900,0.9773,0.012,28.30612,20241111034947
20241111035054,2900,0.7891,0.008,33.66379,20241111035057
20241111035259,2900,0.9873,0.004,50.42923,20241111035258
20241111035408,2900,0.7618,0.008,24.241,20241111035408
20241111035616,2900,0.9597,0.02,27.20941,20241111035615
20241111035724,2900,0.9724,0.004,24.05495,20241111035725
20241111035929,2900,0.9121,0.012,51.42663,20241111035926
20241111040037,2900,0.8815,0.004,24.10811,20241111040037
20241111040244,2900,0.8204,0.012,25.79515,20241111040249
20241111040352,2900,0.8582,0.008,32.67898,20241111040359
20241111040600,2900,0.8139,0.024,32.11524,20241111040609
20241111040708,2900,0.8396,0.008,31.57807,20241111040709
20241111040914,2900,0.9395,0.016,26.42324,20241111040916
20241111041022,2900,0.93,0.008,38.1024,20241111041027
20241111041226,2900,0.8413,0.02,24.28717,20241111041229
20241111041334,2900,0.9772,0.0,23.61012,20241111041335
20241111041542,2900,0.8942,0.012,25.25239,20241111041545
20241111041650,2900,0.9651,0.004,38.85219,20241111041655
20241111041856,2900,0.9549,0.016,29.38465,20241111041856
20241111042004,2900,0.9798,0.0,38.01707,20241111042007
20241111042210,2900,0.9648,0.024,35.49071,20241111042218
20241111042318,2900,0.9749,0.0,24.02558,20241111042319
20241111042526,2900,0.8492,0.012,25.1097,20241111042526
20241111042634,2900,0.9225,0.008,38.2241,20241111042637
20241111042842,2900,0.8532,0.02,25.4888,20241111042849
20241111042950,2900,0.945,0.0,41.13515,20241111042955
20241111043158,2900,0.8703,0.02,26.33371,20241111043156
20241111043306,2900,0.97,0.0,24.13749,20241111043307
20241111043513,2900,0.8753,0.016,26.39526,20241111043518
20241111043621,2900,0.9848,0.0,41.95069,20241111043629
20241111043826,2900,0.9797,0.02,41.74505,20241111043825
20241111043935,2900,0.604,0.008,37.28267,20241111043937
20241111044141,2900,0.8905,0.016,25.14607,20241111044148
20241111044249,2900,0.9749,0.0,23.93046,20241111044249
20241111044456,2900,0.7916,0.028,26.68623,20241111044455
20241111044604,2900,0.7512,0.012,37.29945,20241111044605
20241111044811,2900,0.8564,0.004,24.73201,20241111044818
20241111044919,2900,0.5477,0.008,23.79337,20241111044918
20241111045128,2900,0.7769,0.02,28.14245,20241111045124
20241111045236,2900,0.5782,0.012,23.73601,20241111045235
20241111045441,2900,0.8978,0.012,25.87908,20241111045447
20241111045549,2900,0.9772,0.004,23.64369,20241111045547
20241111045758,2900,0.8346,0.0238,24.995,20241111045758
20241111045906,2900,0.7935,0.008,38.05344,20241111045909
20241111050112,2900,0.952,0.024,23.98361,20241111050115
20241111050220,2900,0.9472,0.008,33.60084,20241111050226
20241111050427,2900,0.8375,0.02,25.01878,20241111050428
20241111050535,2900,0.6953,0.008,32.2943,20241111050539
20241111050743,2900,0.82,0.012,26.1057,20241111050745
20241111050851,2900,0.585,0.008,36.59162,20241111050856
20241111051057,2900,0.9798,0.016,24.42006,20241111051057
20241111051205,2900,0.9823,0.008,32.98394,20241111051209
20241111051412,2900,0.9378,0.028,25.88048,20241111051415
20241111051520,2900,0.9747,0.004,35.98171,20241111051526
20241111051729,2900,0.9466,0.004,50.67124,20241111051728
20241111051838,2900,0.9724,0.004,24.02278,20241111051838
20241111052044,2900,0.9848,0.004,24.44384,20241111052045
20241111052152,2900,0.9899,0.0,39.14036,20241111052155
20241111052357,2900,0.975,0.016,26.26237,20241111052357
20241111052505,2900,0.9751,0.0079,36.21672,20241111052508
20241111052713,2900,0.9848,0.004,25.05095,20241111052719
20241111052821,2900,0.9873,0.004,40.77004,20241111052825
20241111053029,2900,0.957,0.012,25.33772,20241111053027
20241111053137,2900,0.9749,0.008,24.44944,20241111053138
20241111053342,2900,0.9141,0.072,26.08052,20241111053348
20241111053450,2900,0.9899,0.0,39.61597,20241111053459
20241111053655,2900,0.9525,0.008,29.15523,20241111053655
20241111053803,2900,0.9899,0.0,37.12739,20241111053805
20241111054008,2900,0.9698,0.02,52.41423,20241111054006
20241111054116,2900,0.9874,0.0,23.79756,20241111054117
20241111054325,2900,0.9697,0.012,24.0018,20241111054329
20241111054433,2900,0.9825,0.0,36.71892,20241111054435
20241111054642,2900,0.9949,0.004,24.09272,20241111054647
20241111054750,2900,0.985,0.0,39.11378,20241111054758
20241111054959,2900,0.9696,0.016,25.13208,20241111054959
20241111055107,2900,0.9748,0.0,23.80875,20241111055105
20241111055314,2900,0.9849,0.008,26.2232,20241111055316
20241111055422,2900,0.9679,0.008,31.72495,20241111055427
20241111055628,2900,0.9476,0.016,51.78474,20241111055624
20241111055736,2900,0.9797,0.0,23.85911,20241111055736
20241111055944,2900,0.9345,0.008,25.67205,20241111055947
20241111060052,2900,0.9699,0.0,42.9313,20241111060059
20241111060302,2900,0.8434,0.016,24.01859,20241111060305
20241111060410,2900,0.9533,0.0,42.555,20241111060416
20241111060614,2900,0.8672,0.028,23.82274,20241111060617
20241111060722,2900,0.8864,0.012,35.41378,20241111060728
20241111060927,2900,0.9597,0.024,30.39743,20241111060928
20241111061035,2900,0.9824,0.004,34.11842,20241111061039
20241111061245,2900,0.9012,0.012,29.70079,20241111061246
20241111061353,2900,0.8892,0.012,40.5784,20241111061357
20241111061558,2900,0.8166,0.012,25.43984,20241111061559
20241111061705,2900,0.985,0.0,23.6297,20241111061705
20241111061914,2900,0.9549,0.02,28.25436,20241111061916
20241111062022,2900,0.9949,0.0,38.91654,20241111062027
20241111062227,2900,0.9723,0.008,30.00714,20241111062228
20241111062335,2900,0.9698,0.008,41.51144,20241111062338
20241111062540,2900,0.9233,0.012,32.24533,20241111062549
20241111062648,2900,0.9018,0.008,34.93396,20241111062649
20241111062856,2900,0.9623,0.012,28.52434,20241111062856
20241111063004,2900,0.9823,0.0,41.02744,20241111063007
20241111063213,2900,0.9325,0.008,24.04516,20241111063218
20241111063322,2900,0.7323,0.012,31.03251,20241111063329
20241111063527,2900,0.8392,0.024,26.60649,20241111063525
20241111063635,2900,0.813,0.008,35.17456,20241111063636
20241111063842,2900,0.8928,0.012,24.85091,20241111063847
20241111063950,2900,0.8501,0.008,41.08759,20241111063958
20241111064153,2900,0.9699,0.012,24.05635,20241111064159
20241111064302,2900,0.79,0.012,35.82504,20241111064305
20241111064508,2900,0.9797,0.008,52.22259,20241111064506
20241111064617,2900,0.6741,0.012,24.35991,20241111064617
20241111064821,2900,0.9674,0.016,26.54354,20241111064828
20241111064929,2900,0.9724,0.0,23.86751,20241111064929
20241111065134,2900,0.8338,0.028,30.51353,20241111065135
20241111065242,2900,0.9394,0.0,34.02749,20241111065246
20241111065451,2900,0.804,0.016,26.49319,20241111065458
20241111065559,2900,0.9673,0.0,23.52898,20241111065558
20241111065807,2900,0.8438,0.02,24.94184,20241111065805
20241111065915,2900,0.9724,0.004,24.51518,20241111065916
20241111070120,2900,0.804,0.032,26.03296,20241111070127
20241111070228,2900,0.9495,0.004,23.40728,20241111070228
20241111070435,2900,0.9219,0.016,26.00638,20241111070439
20241111070543,2900,0.9724,0.0,37.7373,20241111070545
20241111070750,2900,0.8797,0.024,23.72202,20241111070756
20241111070858,2900,0.9798,0.0,23.69964,20241111070857
20241111071104,2900,0.83,0.024,24.01019,20241111071108
20241111071212,2900,0.8202,0.012,37.17215,20241111071219
20241111071418,2900,0.8561,0.012,51.40705,20241111071415
20241111071526,2900,0.8853,0.012,24.50259,20241111071526
20241111071734,2900,0.8069,0.012,24.10392,20241111071738
20241111071842,2900,0.8564,0.016,38.06183,20241111071848
20241111072048,2900,0.8248,0.012,23.74441,20241111072049
20241111072156,2900,0.6154,0.012,23.49961,20241111072155
20241111072404,2900,0.8114,0.016,26.20502,20241111072407
20241111072512,2900,0.9446,0.0,41.01065,20241111072517
20241111072717,2900,0.9227,0.016,28.9426,20241111072719
20241111072825,2900,0.9748,0.0,38.56822,20241111072829
20241111073033,2900,0.9675,0.008,26.37988,20241111073037
20241111073142,2900,0.5672,0.008,44.29659,20241111073147
20241111073345,2900,0.9545,0.016,23.85352,20241111073349
20241111073453,2900,0.9696,0.004,34.51989,20241111073455
20241111073700,2900,0.9415,0.016,29.58329,20241111073707
20241111073808,2900,0.9625,0.0,23.71083,20241111073808
20241111074016,2900,0.802,0.024,24.03257,20241111074019
20241111074124,2900,0.8342,0.012,24.38369,20241111074125
20241111074331,2900,0.8518,0.008,23.89269,20241111074336
20241111074439,2900,0.6783,0.008,23.68845,20241111074437
20241111074643,2900,0.955,0.02,24.04237,20241111074648
20241111074752,2900,0.599,0.008,37.26448,20241111074759
20241111074959,2900,0.8853,0.012,51.40564,20241111074954
20241111075107,2900,0.9799,0.0,23.56675,20241111075106
20241111075314,2900,0.9849,0.004,23.89548,20241111075317
20241111075422,2900,0.9899,0.0,38.05764,20241111075427
20241111075628,2900,0.9646,0.016,25.30974,20241111075628
20241111075736,2900,0.9849,0.0,32.54889,20241111075739
20241111075944,2900,0.9227,0.012,27.89205,20241111075946
20241111080052,2900,0.956,0.0,40.93651,20241111080057
20241111080300,2900,0.9104,0.016,24.7376,20241111080309
20241111080408,2900,0.9825,0.0,37.00429,20241111080409
20241111080610,2900,0.9535,0.004,23.88429,20241111080616
20241111080718,2900,0.9825,0.0,23.93046,20241111080717
20241111080923,2900,0.9849,0.008,23.85492,20241111080929
20241111081031,2900,0.9899,0.004,40.03983,20241111081039
20241111081238,2900,0.9626,0.008,43.87833,20241111081236
20241111081346,2900,0.9899,0.0,24.06335,20241111081346
20241111081554,2900,0.9451,0.012,25.90426,20241111081558
20241111081702,2900,0.9582,0.0,36.33982,20241111081705
20241111081910,2900,0.9849,0.012,25.26917,20241111081916
20241111082018,2900,0.9775,0.0,23.66607,20241111082017
20241111082224,2900,0.9572,0.016,25.67205,20241111082229
20241111082332,2900,0.9773,0.0,31.84246,20241111082339
20241111082537,2900,0.9573,0.016,26.65825,20241111082535
20241111082645,2900,0.9579,0.0,35.97052,20241111082646
20241111082851,2900,0.9073,0.024,25.31394,20241111082858
20241111082959,2900,0.9698,0.008,24.241,20241111082959
20241111083207,2900,0.8471,0.012,26.25258,20241111083206
20241111083315,2900,0.9257,0.004,24.29136,20241111083316
20241111083519,2900,0.9774,0.004,52.00576,20241111083517
20241111083627,2900,0.98,0.004,26.77296,20241111083628
20241111083833,2900,0.9598,0.016,24.56834,20241111083835
20241111083941,2900,0.985,0.004,36.64618,20241111083946
20241111084144,2900,0.9623,0.012,25.83432,20241111084148
20241111084253,2900,0.8354,0.008,39.39915,20241111084258
20241111084500,2900,0.9472,0.024,35.68095,20241111084509
20241111084608,2900,0.9874,0.0,23.7514,20241111084604
20241111084817,2900,0.9646,0.012,27.79553,20241111084816
20241111084925,2900,0.9847,0.008,36.28387,20241111084928
20241111085132,2900,0.8883,0.012,30.47157,20241111085139
20241111085240,2900,0.9773,0.004,33.58265,20241111085249
20241111085447,2900,0.8337,0.02,24.58932,20241111085446
20241111085555,2900,0.8933,0.012,37.78346,20241111085557
20241111085802,2900,0.9597,0.012,25.33632,20241111085809
20241111085910,2900,0.9824,0.0,39.99367,20241111085915
20241111090116,2900,0.9824,0.004,24.73061,20241111090117
20241111090224,2900,0.9799,0.008,33.42178,20241111090228
20241111090432,2900,0.9627,0.02,29.60567,20241111090435
20241111090540,2900,0.9773,0.0,36.05865,20241111090546
20241111090748,2900,0.8734,0.028,27.955,20241111090748
20241111090856,2900,0.9628,0.004,39.99507,20241111090859
20241111091104,2900,0.9173,0.012,24.68305,20241111091106
20241111091217,3000,0.9725,0.0,25.76437,20241111091218
20241111091420,3000,0.8763,0.024,33.24832,20241111091428
20241111091528,3000,0.8571,0.008,35.80266,20241111091529
20241111091733,3000,0.9387,0.012,24.01719,20241111091736
20241111091841,3000,0.8897,0.012,35.53407,20241111091846
20241111092047,3000,0.9748,0.008,25.43704,20241111092048
20241111092155,3000,0.9822,0.0,42.41092,20241111092158
20241111092400,3000,0.9545,0.016,24.2438,20241111092406
20241111092508,3000,0.7408,0.008,23.92766,20241111092506
20241111092708,3000,0.9547,0.02,25.71681,20241111092708
20241111092816,3000,0.8596,0.012,37.05185,20241111092819
20241111093018,3000,0.8819,0.016,25.81333,20241111093015
20241111093125,3000,0.9675,0.0,24.52497,20241111093126
20241111093331,3000,0.9068,0.024,24.17666,20241111093337
20241111093439,3000,0.9676,0.0,23.7486,20241111093438
20241111093645,3000,0.9675,0.012,25.03136,20241111093645
20241111093753,3000,0.9648,0.008,42.52283,20241111093756
20241111093959,3000,0.8568,0.008,54.81049,20241111093957
20241111094106,3000,0.9748,0.0,40.3294,20241111094108
20241111094308,3000,0.8417,0.024,53.65923,20241111094305
20241111094416,3000,0.7929,0.012,24.1249,20241111094415
20241111094619,3000,0.9524,0.016,54.81609,20241111094616
20241111094727,3000,0.9724,0.008,24.60611,20241111094727
20241111094933,3000,0.845,0.016,25.13628,20241111094939
20241111095040,3000,0.9472,0.008,39.837,20241111095049
20241111095241,3000,0.9748,0.008,24.1221,20241111095245
20241111095349,3000,0.955,0.004,23.8815,20241111095346
20241111095555,3000,0.851,0.024,24.18645,20241111095558
20241111095703,3000,0.5881,0.008,43.72446,20241111095709
20241111095907,3000,0.7783,0.024,24.80055,20241111095905
20241111100014,3000,0.9724,0.008,37.67155,20241111100016
20241111100221,3000,0.8304,0.024,25.27896,20241111100228
20241111100328,3000,0.9725,0.0,24.21023,20241111100329
20241111100533,3000,0.7769,0.016,24.19484,20241111100536
20241111100640,3000,0.92,0.0,39.38796,20241111100647
20241111100847,3000,0.8325,0.02,31.11505,20241111100848
20241111100954,3000,0.9748,0.004,40.78123,20241111100959
20241111101200,3000,0.8589,0.004,23.88429,20241111101205
20241111101307,3000,0.955,0.0,23.8759,20241111101306
20241111101513,3000,0.8105,0.012,24.10811,20241111101517
20241111101621,3000,0.6114,0.008,33.30568,20241111101627
20241111101826,3000,0.9419,0.012,23.86191,20241111101828
20241111101934,3000,0.9323,0.0,36.09502,20241111101939
20241111102139,3000,0.8155,0.024,53.76694,20241111102135
20241111102246,3000,0.9675,0.008,23.64649,20241111102247
20241111102450,3000,0.835,0.012,25.44403,20241111102457
20241111102558,3000,0.6165,0.004,23.95843,20241111102558
20241111102801,3000,0.8518,0.024,24.04796,20241111102805
20241111102909,3000,0.807,0.008,23.97802,20241111102905
20241111103113,3000,0.9171,0.016,24.33473,20241111103117
20241111103221,3000,0.774,0.008,41.77303,20241111103228
20241111103425,3000,0.8546,0.028,29.03213,20241111103425
20241111103533,3000,0.9949,0.0,40.79103,20241111103536
20241111103737,3000,0.9547,0.004,29.75675,20241111103737
20241111103844,3000,0.9924,0.0,39.63137,20241111103848
20241111104048,3000,0.9647,0.016,53.8117,20241111104045
20241111104155,3000,0.9727,0.0,23.97382,20241111104155
20241111104359,3000,0.9751,0.008,39.88316,20241111104357
20241111104507,3000,0.9824,0.004,24.4984,20241111104508
20241111104712,3000,0.9725,0.008,23.98082,20241111104715
20241111104820,3000,0.9773,0.0,38.62138,20241111104826
20241111105021,3000,0.9572,0.044,25.31394,20241111105028
20241111105129,3000,0.9924,0.0,24.04936,20241111105129
20241111105333,3000,0.9646,0.012,26.44422,20241111105335
20241111105441,3000,0.9773,0.0,40.34618,20241111105446
20241111105644,3000,0.9418,0.012,24.1165,20241111105648
20241111105752,3000,0.9799,0.008,32.01033,20241111105759
20241111105958,3000,0.879,0.016,32.42299,20241111105955
20241111110106,3000,0.9365,0.0,24.04656,20241111110106
20241111110310,3000,0.9748,0.012,30.71497,20241111110317
20241111110418,3000,0.9447,0.004,26.51137,20241111110418
20241111110624,3000,0.9849,0.004,24.52777,20241111110624
20241111110732,3000,0.9461,0.0,33.61203,20241111110735
20241111110937,3000,0.9273,0.02,24.40747,20241111110937
20241111111045,3000,0.9422,0.0,40.24686,20241111111047
20241111111251,3000,0.9748,0.012,25.46082,20241111111258
20241111111359,3000,0.9345,0.008,23.67866,20241111111359
20241111111604,3000,0.9798,0.004,30.61705,20241111111605
20241111111712,3000,0.965,0.0,34.77449,20241111111716
20241111111916,3000,0.94,0.02,29.41822,20241111111917
20241111112024,3000,0.9395,0.0,38.77666,20241111112028
20241111112230,3000,0.9675,0.012,25.70562,20241111112234
20241111112338,3000,0.9699,0.0,24.1277,20241111112335
20241111112547,3000,0.8521,0.016,24.29276,20241111112547
20241111112654,3000,0.9825,0.0,42.52283,20241111112657
20241111112902,3000,0.8571,0.012,25.31114,20241111112908
20241111113009,3000,0.9797,0.008,23.98082,20241111113009
20241111113213,3000,0.96,0.004,28.72718,20241111113215
20241111113321,3000,0.9772,0.008,35.85022,20241111113326
20241111113525,3000,0.9949,0.004,24.06055,20241111113528
20241111113633,3000,0.9439,0.0,34.37162,20241111113639
20241111113836,3000,0.8429,0.02,28.76075,20241111113835
20241111113943,3000,0.9849,0.0,39.55443,20241111113946
20241111114147,3000,0.9397,0.012,30.00574,20241111114148
20241111114254,3000,0.9924,0.012,37.83242,20241111114259
20241111114457,3000,0.9377,0.02,27.78294,20241111114455
20241111114605,3000,0.9192,0.012,37.01688,20241111114606
20241111114809,3000,0.9547,0.016,28.27394,20241111114808
20241111114917,3000,0.9521,0.0,34.71994,20241111114918
20241111115122,3000,0.9551,0.008,24.04516,20241111115125
20241111115230,3000,0.9773,0.012,44.05459,20241111115236
20241111115434,3000,0.9646,0.024,24.05635,20241111115438
20241111115542,3000,0.9271,0.008,44.79599,20241111115548
20241111115746,3000,0.9623,0.016,27.00097,20241111115746
20241111115854,3000,0.97,0.008,39.95031,20241111115857
20241111120057,3000,0.9874,0.004,25.70422,20241111120058
20241111120205,3000,0.9799,0.0,34.28349,20241111120209
20241111120410,3000,0.9027,0.032,24.48861,20241111120415
20241111120518,3000,0.9352,0.0,24.0004,20241111120515
20241111120723,3000,0.8485,0.012,24.18225,20241111120728
20241111120831,3000,0.7318,0.016,32.42719,20241111120838
20241111121033,3000,0.9444,0.024,24.31794,20241111121039
20241111121141,3000,0.813,0.012,40.29443,20241111121145
20241111121344,3000,0.9773,0.012,24.31654,20241111121348
20241111121452,3000,0.8753,0.004,44.2938,20241111121458
20241111121656,3000,0.9576,0.012,24.13189,20241111121659
20241111121804,3000,0.9624,0.004,25.21881,20241111121805
20241111122010,3000,0.815,0.02,28.40964,20241111122017
20241111122117,3000,0.9774,0.0,24.28017,20241111122117
20241111122325,3000,0.9421,0.02,23.74161,20241111122329
20241111122433,3000,0.9474,0.012,39.62857,20241111122435
20241111122637,3000,0.8375,0.012,24.52777,20241111122637
20241111122745,3000,0.6927,0.004,34.46814,20241111122748
20241111122949,3000,0.9822,0.008,51.2154,20241111122945
20241111123057,3000,0.9724,0.004,23.80596,20241111123056
20241111123300,3000,0.81,0.016,37.55404,20241111123308
20241111123408,3000,0.607,0.012,24.2452,20241111123409
20241111123615,3000,0.88,0.012,25.34751,20241111123619
20241111123723,3000,0.7018,0.012,40.27904,20241111123725
20241111123930,3000,0.9121,0.016,25.56433,20241111123937
20241111124038,3000,0.7396,0.012,23.97802,20241111124038
20241111124240,3000,0.9724,0.008,23.95704,20241111124245
20241111124348,3000,0.9474,0.008,24.14169,20241111124346
20241111124555,3000,0.8945,0.024,24.08993,20241111124558
20241111124703,3000,0.9296,0.004,39.73348,20241111124709
20241111124908,3000,0.9699,0.016,53.8089,20241111124905
20241111125016,3000,0.895,0.008,24.2452,20241111125016
20241111125220,3000,0.8568,0.012,37.82682,20241111125228
20241111125327,3000,0.9671,0.004,24.45643,20241111125328
20241111125533,3000,0.8489,0.012,24.78237,20241111125535
20241111125640,3000,0.9773,0.0,35.46553,20241111125646
20241111125847,3000,0.8379,0.028,25.56853,20241111125848
20241111125955,3000,0.7985,0.004,34.70175,20241111125959
20241111130201,3000,0.8521,0.004,24.17666,20241111130205
20241111130308,3000,0.9471,0.012,24.19344,20241111130305
20241111130512,3000,0.8463,0.008,24.17666,20241111130517
20241111130620,3000,0.5644,0.008,43.36215,20241111130628
20241111130821,3000,0.864,0.004,24.13189,20241111130825
20241111130929,3000,0.5381,0.008,24.16966,20241111130925
20241111131132,3000,0.9446,0.016,23.98641,20241111131136
20241111131240,3000,0.9037,0.0119,43.60555,20241111131247
20241111131446,3000,0.835,0.008,27.09889,20241111131448
20241111131553,3000,0.9722,0.004,34.64439,20241111131559
20241111131759,3000,0.8446,0.008,53.84807,20241111131755
20241111131906,3000,0.7224,0.012,24.29556,20241111131906
20241111132217,3000,0.9874,0.0,35.71453,20241111132219
20241111132423,3000,0.975,0.004,24.38089,20241111132426
20241111132531,3000,0.9724,0.0,45.66888,20241111132537
20241111132735,3000,0.9798,0.012,24.70123,20241111132738
20241111132843,3000,0.9749,0.0,44.63512,20241111132849
20241111133048,3000,0.9824,0.008,51.16364,20241111133045
20241111133156,3000,0.9899,0.004,24.00599,20241111133156
20241111133401,3000,0.9773,0.008,25.61749,20241111133407
20241111133509,3000,0.9899,0.0,23.89688,20241111133508
20241111133713,3000,0.9899,0.004,26.9702,20241111133715
20241111133821,3000,0.9799,0.004,35.1354,20241111133826
20241111134027,3000,0.9798,0.004,31.89981,20241111134027
20241111134135,3000,0.9439,0.004,40.83999,20241111134137
20241111134340,3000,0.9849,0.012,37.31204,20241111134349
20241111134448,3000,0.9899,0.0,24.49,20241111134449
20241111134650,3000,0.8866,0.024,25.4874,20241111134656
20241111134757,3000,0.9608,0.0,24.04936,20241111134756
20241111135000,3000,0.9824,0.008,25.4832,20241111135008
20241111135109,3000,0.9109,0.004,26.26657,20241111135109
20241111135315,3000,0.9824,0.004,29.40843,20241111135316
20241111135423,3000,0.985,0.0,38.95851,20241111135427
20241111135626,3000,0.8769,0.016,24.18225,20241111135629
20241111135733,3000,0.9849,0.0,45.02261,20241111135739
20241111135937,3000,0.9623,0.012,24.57813,20241111135936
20241111140045,3000,0.9798,0.0,40.98407,20241111140047
20241111140250,3000,0.9849,0.004,28.87686,20241111140259
20241111140358,3000,0.9899,0.004,23.79197,20241111140356
20241111140603,3000,0.9721,0.016,24.78796,20241111140607
20241111140711,3000,0.9544,0.004,40.10418,20241111140718
20241111140916,3000,0.957,0.016,27.11708,20241111140914
20241111141024,3000,0.9674,0.0,36.64338,20241111141025
20241111141228,3000,0.8546,0.02,54.33348,20241111141227
20241111141335,3000,0.9849,0.0,42.19969,20241111141338
20241111141539,3000,0.9521,0.012,24.6159,20241111141539
20241111141646,3000,0.9874,0.0,23.35972,20241111141645
20241111141849,3000,0.9548,0.016,53.29832,20241111141846
20241111141957,3000,0.9571,0.008,23.9934,20241111141957
20241111142159,3000,0.9462,0.016,25.75878,20241111142158
20241111142307,3000,0.896,0.016,39.80202,20241111142309
20241111142510,3000,0.9672,0.008,23.80456,20241111142516
20241111142618,3000,0.9773,0.008,24.01159,20241111142617
20241111142823,3000,0.9774,0.004,23.81015,20241111142828
20241111142931,3000,0.9848,0.0,41.85277,20241111142939
20241111143137,3000,0.8425,0.028,43.16631,20241111143136
20241111143249,3200,0.9748,0.0,24.09692,20241111143247
20241111143451,3200,0.9899,0.008,38.29125,20241111143459
20241111143558,3200,0.9975,0.008,24.8635,20241111143559
20241111143757,3200,0.9974,0.004,26.98419,20241111143757
20241111143904,3200,0.9824,0.0,43.46007,20241111143908
20241111144104,3200,0.9571,0.02,24.3739,20241111144109
20241111144211,3200,0.9749,0.004,37.96112,20241111144215
20241111144411,3200,0.9674,0.016,26.39946,20241111144417
20241111144518,3200,0.9622,0.004,24.27178,20241111144518
20241111144720,3200,0.8425,0.02,32.92379,20241111144729
20241111144827,3200,0.7901,0.008,42.15492,20241111144829
20241111145028,3200,0.8596,0.02,57.4068,20241111145026
20241111145135,3200,0.7929,0.012,42.51024,20241111145137
20241111145334,3200,0.8379,0.02,24.38789,20241111145339
20241111145441,3200,0.6892,0.004,42.35077,20241111145446
20241111145642,3200,0.9747,0.02,24.2466,20241111145647
20241111145749,3200,0.9799,0.004,24.19904,20241111145747
20241111145950,3200,0.9749,0.012,30.54431,20241111145959
20241111150057,3200,0.9723,0.0,23.80456,20241111150056
20241111150259,3200,0.8396,0.02,50.39426,20241111150257
20241111150405,3200,0.9602,0.004,43.12714,20241111150408
20241111150605,3200,0.7525,0.036,24.88868,20241111150605
20241111150712,3200,0.8975,0.008,39.94891,20241111150716
20241111150915,3200,0.845,0.012,26.55334,20241111150918
20241111151022,3200,0.7965,0.012,32.79649,20241111151029
20241111151222,3200,0.8279,0.012,24.83972,20241111151225
20241111151329,3200,0.7861,0.004,24.33473,20241111151326
20241111151530,3200,0.8212,0.024,26.74638,20241111151537
20241111151637,3200,0.7513,0.004,32.26072,20241111151638
20241111151838,3200,0.8387,0.012,30.00295,20241111151839
20241111151945,3200,0.6725,0.012,24.15567,20241111151945
20241111152145,3200,0.8109,0.016,32.23554,20241111152146
20241111152252,3200,0.6203,0.008,38.19752,20241111152257
20241111152450,3200,0.9623,0.016,32.09426,20241111152458
20241111152557,3200,0.9378,0.008,42.11575,20241111152559
20241111152759,3200,0.86,0.016,58.44056,20241111152756
20241111152906,3200,0.8254,0.008,25.61469,20241111152906
20241111153108,3200,0.8234,0.016,24.9922,20241111153108
20241111153215,3200,0.7032,0.0079,44.09935,20241111153218
20241111153416,3200,0.8105,0.036,31.30529,20241111153415
20241111153523,3200,0.7028,0.004,44.71905,20241111153526
20241111153724,3200,0.8446,0.016,24.55435,20241111153727
20241111153831,3200,0.6377,0.008,33.32526,20241111153838
20241111154029,3200,0.8287,0.024,29.29092,20241111154028
20241111154136,3200,0.603,0.008,41.3184,20241111154139
20241111154338,3200,0.8593,0.008,59.98491,20241111154336
20241111154444,3200,0.9521,0.008,38.31363,20241111154446
20241111154645,3200,0.8571,0.024,24.39768,20241111154648
20241111154752,3200,0.8853,0.012,41.75345,20241111154759
20241111154951,3200,0.85,0.024,24.27038,20241111154955
20241111155058,3200,0.796,0.008,24.22841,20241111155056
20241111155259,3200,0.8458,0.008,54.32648,20241111155257
20241111155405,3200,0.9697,0.008,42.05281,20241111155408
20241111155606,3200,0.8596,0.02,24.28157,20241111155609
20241111155713,3200,0.8354,0.008,40.54063,20241111155719
20241111155916,3200,0.8354,0.016,24.78377,20241111155915
20241111160023,3200,0.6123,0.004,37.28686,20241111160026
20241111160221,3200,0.8618,0.008,25.66226,20241111160228
20241111160328,3200,0.5493,0.012,27.36888,20241111160329
20241111160527,3200,0.9227,0.024,27.64166,20241111160525
20241111160634,3200,0.9825,0.004,32.84685,20241111160635
20241111160833,3200,0.9874,0.004,24.13329,20241111160837
20241111160940,3200,0.9849,0.004,33.26091,20241111160947
20241111161143,3200,0.9775,0.012,25.04955,20241111161149
20241111161250,3200,0.9799,0.004,41.87515,20241111161255
20241111161451,3200,0.9504,0.02,24.26618,20241111161457
20241111161558,3200,0.9798,0.0,24.14588,20241111161558
20241111161800,3200,0.9899,0.004,40.00906,20241111161809
20241111161907,3200,0.9675,0.0,24.16966,20241111161904
20241111162110,3200,0.9697,0.016,24.11091,20241111162116
20241111162217,3200,0.9724,0.0,23.8815,20241111162216
20241111162420,3200,0.9725,0.008,38.52346,20241111162427
20241111162527,3200,0.9724,0.004,42.1801,20241111162528
20241111162726,3200,0.962,0.016,53.82149,20241111162724
20241111162833,3200,0.9748,0.0,41.67232,20241111162836
20241111163035,3200,0.9648,0.008,30.74295,20241111163036
20241111163142,3200,0.9773,0.0,40.24547,20241111163147
20241111163345,3200,0.9673,0.008,24.30256,20241111163348
20241111163452,3200,0.9823,0.0,38.27586,20241111163459
20241111163652,3200,0.9899,0.004,24.2508,20241111163655
20241111163759,3200,0.9675,0.0,24.21023,20241111163756
20241111164003,3200,0.9125,0.016,24.29556,20241111164007
20241111164110,3200,0.9773,0.0,41.4415,20241111164118
20241111164311,3200,0.8624,0.016,24.28996,20241111164314
20241111164417,3200,0.9849,0.0,23.93465,20241111164415
20241111164619,3200,0.9823,0.008,56.04989,20241111164617
20241111164726,3200,0.9679,0.0,24.04516,20241111164727
20241111164926,3200,0.9797,0.02,24.43825,20241111164928
20241111165033,3200,0.9724,0.0,42.00665,20241111165039
20241111165234,3200,0.9118,0.012,24.28857,20241111165236
20241111165340,3200,0.9874,0.008,49.04575,20241111165347
20241111165539,3200,0.9849,0.004,26.75897,20241111165538
20241111165646,3200,0.9874,0.008,42.20248,20241111165649
20241111165846,3200,0.9512,0.004,29.33149,20241111165845
20241111165953,3200,0.9724,0.0,38.68713,20241111165956
20241111170152,3200,0.9338,0.02,24.64528,20241111170157
20241111170259,3200,0.965,0.004,24.20184,20241111170258
20241111170458,3200,0.9722,0.02,32.7811,20241111170459
20241111170605,3200,0.9598,0.0,24.04237,20241111170606
20241111170804,3200,0.8703,0.016,24.6145,20241111170807
20241111170911,3200,0.848,0.012,40.81201,20241111170917
20241111171112,3200,0.851,0.02,35.82504,20241111171119
20241111171218,3200,0.9874,0.004,24.72921,20241111171219
20241111171418,3200,0.8095,0.04,60.122,20241111171415
20241111171525,3200,0.9398,0.004,36.55945,20241111171526
20241111171728,3200,0.9523,0.012,25.57413,20241111171728
20241111171835,3200,0.9723,0.004,39.88316,20241111171838
20241111172037,3200,0.87,0.024,29.76514,20241111172035
20241111172144,3200,0.8417,0.008,41.72128,20241111172146
20241111172343,3200,0.802,0.012,24.06335,20241111172347
20241111172449,3200,0.9824,0.0,24.1249,20241111172448
20241111172648,3200,0.8317,0.024,30.73875,20241111172649
20241111172755,3200,0.725,0.004,24.746,20241111172755
20241111172956,3200,0.9699,0.008,24.79076,20241111172956
20241111173103,3200,0.9724,0.0,37.38898,20241111173107
20241111173303,3200,0.9449,0.024,24.40887,20241111173308
20241111173410,3200,0.9675,0.004,43.94128,20241111173419
20241111173614,3200,0.9699,0.012,29.33009,20241111173616
20241111173721,3200,0.9773,0.0,49.45842,20241111173727
20241111173922,3200,0.9104,0.02,25.57273,20241111173929
20241111174029,3200,0.8697,0.008,23.94864,20241111174026
20241111174229,3200,0.9086,0.016,56.78989,20241111174228
20241111174336,3200,0.9137,0.008,43.27961,20241111174339
20241111174535,3200,0.8496,0.012,30.431,20241111174536
20241111174642,3200,0.84,0.016,47.92526,20241111174648
20241111174843,3200,0.8607,0.016,24.05775,20241111174849
20241111174950,3200,0.8828,0.016,36.41257,20241111174955
20241111175151,3200,0.8266,0.024,26.61908,20241111175156
20241111175258,3200,0.8759,0.02,23.9934,20241111175257
20241111175458,3200,0.8275,0.02,36.16637,20241111175455
20241111175605,3200,0.8075,0.008,31.14023,20241111175606
20241111175809,3200,0.7971,0.024,25.09012,20241111175809
20241111175916,3200,0.8934,0.008,24.22142,20241111175915
20241111180118,3200,0.9674,0.012,60.63818,20241111180117
20241111180225,3200,0.9724,0.0,42.98585,20241111180228
20241111180426,3200,0.9622,0.02,54.31949,20241111180425
20241111180533,3200,0.9627,0.0,41.68351,20241111180536
20241111180734,3200,0.9475,0.02,24.4914,20241111180738
20241111180841,3200,0.8791,0.008,45.78918,20241111180849
20241111181043,3200,0.8518,0.044,26.94222,20241111181047
20241111181150,3200,0.715,0.008,44.43229,20241111181158
20241111181354,3200,0.7965,0.032,27.54234,20241111181355
20241111181501,3200,0.6617,0.004,36.62799,20241111181506
20241111181703,3200,0.9323,0.016,24.248,20241111181709
20241111181810,3200,0.8929,0.008,42.94249,20241111181815
20241111182013,3200,0.8596,0.016,24.30116,20241111182017
20241111182120,3200,0.8234,0.016,37.20852,20241111182128
20241111182324,3200,0.9724,0.012,31.67739,20241111182326
20241111182431,3200,0.9476,0.004,40.54063,20241111182437
20241111182636,3200,0.8259,0.012,24.50399,20241111182639
20241111182743,3200,0.6337,0.016,45.53599,20241111182745
20241111182943,3200,0.8175,0.02,24.53197,20241111182948
20241111183050,3200,0.7618,0.008,47.83993,20241111183059
20241111183250,3200,0.7767,0.02,24.53337,20241111183256
20241111183357,3200,0.7103,0.012,24.03117,20241111183357
20241111183559,3200,0.8684,0.004,24.64808,20241111183558
20241111183706,3200,0.569,0.012,23.91227,20241111183705
20241111183906,3200,0.8375,0.012,25.90146,20241111183908
20241111184013,3200,0.6278,0.012,49.14367,20241111184019
20241111184213,3200,0.8593,0.004,24.65927,20241111184217
20241111184320,3200,0.5839,0.016,46.74461,20241111184328
20241111184522,3200,0.8709,0.012,26.93662,20241111184525
20241111184629,3200,0.5335,0.008,24.3683,20241111184625
20241111184834,3200,0.8515,0.004,24.35012,20241111184839
20241111184941,3200,0.5272,0.008,38.6046,20241111184945
20241111185144,3200,0.8477,0.012,27.04434,20241111185147
20241111185250,3200,0.9874,0.0,46.1487,20241111185259
20241111185449,3200,0.7431,0.108,60.07864,20241111185445
20241111185556,3200,0.9799,0.0,24.45923,20241111185557
20241111185800,3200,0.9849,0.004,35.98171,20241111185809
20241111185907,3200,0.9924,0.004,23.83953,20241111185905
20241111190106,3200,0.9924,0.008,24.746,20241111190106
20241111190213,3200,0.96,0.008,36.23211,20241111190218
20241111190415,3200,0.9242,0.032,54.79231,20241111190415
20241111190522,3200,0.9849,0.012,45.50102,20241111190526
20241111190724,3200,0.907,0.084,24.33473,20241111190727
20241111190831,3200,0.9949,0.0,35.24311,20241111190839
20241111191031,3200,0.9623,0.016,26.67504,20241111191036
20241111191138,3200,0.9824,0.008,23.757,20241111191137
20241111191340,3200,0.9848,0.012,24.56135,20241111191345
20241111191447,3200,0.9874,0.008,24.02838,20241111191446
20241111191647,3200,0.9622,0.02,26.03715,20241111191648
20241111191754,3200,0.9798,0.0,39.79643,20241111191759
20241111191954,3200,0.9075,0.016,24.53896,20241111191957
20241111192101,3200,0.9502,0.004,43.59016,20241111192109
