time,cpu_frequency,cpu_usage,sda_usage,active_power,power_time
20241107152115,800,0.985,0.0,22.73097,20241107152117
20241107152529,800,0.9924,0.0,23.47158,20241107152528
20241107152645,800,0.98,0.0,22.95491,20241107152648
20241107153111,800,0.9523,0.0,23.31779,20241107153118
20241107153227,800,0.9899,0.0,22.75255,20241107153229
20241107153652,800,0.9924,0.004,25.1646,20241107153659
20241107153807,800,0.9924,0.0,22.67296,20241107153809
20241107154224,800,0.9598,0.004,22.75255,20241107154225
20241107154338,800,0.9874,0.0,22.77684,20241107154335
20241107154750,800,0.9824,0.0,22.95625,20241107154755
20241107154905,800,0.9526,0.116,23.06687,20241107154905
20241107155319,800,0.9121,0.04,29.82816,20241107155316
20241107155433,800,0.9673,0.132,24.52786,20241107155436
20241107155841,800,0.898,0.048,22.87396,20241107155846
20241107155956,800,0.9874,0.004,23.01966,20241107155956
20241107160412,800,0.9544,0.064,22.58797,20241107160417
20241107160527,800,0.9924,0.0,22.94276,20241107160527
20241107160939,800,0.9824,0.032,23.3812,20241107160937
20241107161054,800,0.9924,0.0,22.70534,20241107161057
20241107161506,800,0.871,0.0,25.44924,20241107161508
20241107161621,800,0.9824,0.0,22.85103,20241107161628
20241107162034,800,0.9571,0.0,24.08269,20241107162038
20241107162150,800,0.9825,0.0,23.20448,20241107162159
20241107162603,800,0.9378,0.008,22.91174,20241107162609
20241107162718,800,0.98,0.0,22.82135,20241107162719
20241107163139,800,0.9825,0.0,28.62753,20241107163134
20241107163254,800,0.9825,0.008,23.06957,20241107163255
20241107163711,800,0.9348,0.096,22.88206,20241107163715
20241107163826,800,0.9825,0.0,22.97109,20241107163825
20241107164247,800,0.9874,0.0,30.01972,20241107164246
20241107164403,800,0.9899,0.0,22.86857,20241107164406
20241107164822,800,0.8536,0.056,22.79168,20241107164826
20241107164937,800,0.9874,0.0,22.86992,20241107164936
20241107165351,800,0.9825,0.0,22.79033,20241107165357
20241107165507,800,0.9825,0.0,23.07632,20241107165507
20241107165918,800,0.9169,0.08,23.61862,20241107165917
20241107170033,800,0.9874,0.0,22.71478,20241107170037
20241107170451,800,0.925,0.06,23.29081,20241107170458
20241107170606,800,0.9924,0.0,22.98054,20241107170608
20241107171021,800,0.9444,0.036,23.71306,20241107171028
20241107171136,800,0.9874,0.0,23.48237,20241107171138
20241107171559,800,0.9496,0.036,23.40683,20241107171559
20241107171714,800,0.9874,0.0,22.87531,20241107171719
20241107172120,800,0.9773,0.008,22.80382,20241107172129
20241107172235,800,0.9899,0.0,22.86857,20241107172239
20241107172647,800,0.9695,0.112,29.77959,20241107172645
20241107172802,800,0.9774,0.024,24.87726,20241107172805
20241107173215,800,0.9751,0.032,22.8942,20241107173215
20241107173331,800,0.9874,0.0,22.89825,20241107173336
20241107173747,800,0.9373,0.036,28.8744,20241107173746
20241107173902,800,0.9701,0.032,22.59607,20241107173906
20241107174309,800,0.9574,0.068,30.28008,20241107174307
20241107174424,800,0.9726,0.032,22.77414,20241107174427
20241107174838,800,0.938,0.0,24.60206,20241107174837
20241107174952,800,0.9799,0.024,22.8227,20241107174957
20241107175415,800,0.9499,0.036,22.77549,20241107175418
20241107175529,800,0.9849,0.032,22.86183,20241107175528
20241107175938,800,0.9551,0.004,24.86512,20241107175938
20241107180053,800,0.9873,0.028,23.82368,20241107180058
20241107180507,800,0.9378,0.032,24.75719,20241107180509
20241107180622,800,0.98,0.0,22.62305,20241107180629
20241107181043,800,0.9874,0.032,22.84563,20241107181049
20241107181158,800,0.975,0.032,23.10195,20241107181159
20241107181615,800,0.9848,0.032,23.68608,20241107181615
20241107181735,800,0.98,0.0,22.75255,20241107181735
20241107182148,800,0.9874,0.0,23.29081,20241107182145
20241107182303,800,0.9824,0.02,22.60011,20241107182306
20241107182719,800,0.903,0.04,29.7661,20241107182716
20241107182833,800,0.985,0.0,22.63519,20241107182836
20241107183255,800,0.8697,0.08,24.04356,20241107183257
20241107183410,800,0.9848,0.0,22.90229,20241107183417
20241107183824,800,0.9899,0.0,24.46716,20241107183827
20241107183940,800,0.9899,0.0,22.74851,20241107183947
20241107184403,800,0.8333,0.048,22.77144,20241107184408
20241107184517,800,0.9825,0.008,23.70226,20241107184518
20241107184940,800,0.9749,0.032,23.39064,20241107184948
20241107185055,800,0.9825,0.0,22.60147,20241107185058
20241107185510,800,0.9775,0.0,23.11409,20241107185519
20241107185625,800,0.9849,0.0,22.76335,20241107185629
20241107190041,800,0.8622,0.056,23.06957,20241107190049
20241107190155,800,0.9874,0.0,22.65138,20241107190159
20241107190620,800,0.8456,0.036,22.94546,20241107190625
20241107190735,800,0.9924,0.008,22.73771,20241107190735
20241107191149,800,0.933,0.0,23.35287,20241107191145
20241107191304,800,0.9874,0.0,22.73232,20241107191306
20241107191717,800,0.7866,0.028,25.14706,20241107191716
20241107191831,800,0.985,0.0,23.0372,20241107191836
20241107192247,800,0.7543,0.056,23.11949,20241107192247
20241107192402,800,0.9874,0.0,23.66989,20241107192407
20241107192818,800,0.842,0.072,23.58895,20241107192817
20241107192933,800,0.9774,0.04,22.59202,20241107192937
20241107193346,800,0.7525,0.04,26.75374,20241107193348
20241107193501,800,0.9653,0.0,22.77144,20241107193508
20241107193915,800,0.9398,0.04,22.8308,20241107193918
20241107194030,800,0.9874,0.0,25.46948,20241107194038
20241107194445,800,0.9825,0.004,22.7647,20241107194449
20241107194600,800,0.9924,0.0,27.00196,20241107194609
20241107195021,800,0.955,0.0,22.88071,20241107195029
20241107195136,800,0.9825,0.0,22.77684,20241107195139
20241107195600,800,0.9924,0.0,22.74041,20241107195605
20241107195715,800,0.9924,0.0,22.65947,20241107195715
20241107200127,800,0.9449,0.024,30.9438,20241107200125
20241107200242,800,0.9749,0.056,22.71208,20241107200245
20241107200656,800,0.9899,0.0,24.22298,20241107200656
20241107200811,800,0.985,0.0,22.69994,20241107200816
20241107201239,800,0.9424,0.0,23.40683,20241107201236
20241107201354,800,0.9776,0.0,22.68106,20241107201356
20241107201812,800,0.9598,0.0,22.74176,20241107201817
20241107201926,800,0.9749,0.048,23.18694,20241107201927
20241107202344,800,0.9672,0.0,23.9896,20241107202347
20241107202458,800,0.9646,0.104,22.76604,20241107202457
20241107202914,800,0.9777,0.0,22.82675,20241107202918
20241107203029,800,0.9799,0.032,22.87936,20241107203028
20241107203449,800,0.9949,0.0,23.3758,20241107203448
20241107203604,800,0.9825,0.004,23.04664,20241107203608
20241107204025,800,0.8772,0.052,22.8915,20241107204029
20241107204140,800,0.9924,0.0,23.13702,20241107204149
20241107204549,800,0.9699,0.012,30.21128,20241107204545
20241107204704,800,0.98,0.0,22.83215,20241107204705
20241107205120,800,0.9144,0.04,24.884,20241107205125
20241107205234,800,0.9621,0.124,23.89248,20241107205235
20241107205652,800,0.8456,0.048,23.51205,20241107205656
20241107205807,800,0.9924,0.0,23.48642,20241107205806
20241107210221,800,0.9899,0.0,23.77916,20241107210226
20241107210336,800,0.9899,0.0,22.90095,20241107210336
20241107210751,800,0.8166,0.064,23.46618,20241107210757
20241107210906,800,0.98,0.0,22.8335,20241107210907
20241107211319,800,0.9653,0.0,23.15186,20241107211317
20241107211434,800,0.9874,0.0,22.77144,20241107211438
20241107211838,800,0.9924,0.004,23.17075,20241107211838
20241107211953,800,0.985,0.0,22.80112,20241107211958
20241107212414,800,0.9899,0.0,22.7593,20241107212419
20241107212529,800,0.9874,0.0,23.93025,20241107212529
20241107212941,800,0.9573,0.028,22.99942,20241107212949
20241107213056,800,0.9874,0.0,22.67431,20241107213059
20241107213508,800,0.8268,0.0,24.28504,20241107213505
20241107213623,800,0.9776,0.0,22.8308,20241107213625
20241107214036,800,0.9675,0.008,27.65354,20241107214035
20241107214151,800,0.9849,0.0,22.89825,20241107214155
20241107214611,800,0.9899,0.0,23.63211,20241107214616
20241107214726,800,0.881,0.348,22.73906,20241107214726
20241107215145,800,0.8547,0.044,22.80517,20241107215146
20241107215300,800,0.9849,0.0,24.6088,20241107215306
20241107215714,800,0.9874,0.0,25.23745,20241107215717
20241107215829,800,0.9751,0.024,22.69994,20241107215827
20241107220252,800,0.9874,0.0,24.43748,20241107220257
20241107220407,800,0.9899,0.0,22.79572,20241107220407
20241107220829,800,0.9824,0.04,26.21684,20241107220828
20241107220943,800,0.9775,0.016,23.64695,20241107220948
20241107221403,800,0.9551,0.0,23.04124,20241107221408
20241107221518,800,0.9824,0.032,22.93332,20241107221518
20241107221932,800,0.9874,0.0,22.97379,20241107221939
20241107222047,800,0.9825,0.0,23.78455,20241107222049
20241107222506,800,0.9899,0.0,22.63384,20241107222509
20241107222621,800,0.9949,0.0,23.04394,20241107222625
20241107223034,800,0.9575,0.0,23.08037,20241107223035
20241107223149,800,0.9849,0.008,24.2675,20241107223145
20241107223557,800,0.9899,0.0,29.20086,20241107223556
20241107223712,800,0.9749,0.044,22.6905,20241107223716
20241107224126,800,0.9874,0.0,23.164,20241107224126
20241107224242,800,0.98,0.0,22.5448,20241107224246
20241107224700,800,0.9899,0.0,22.84294,20241107224707
20241107224816,800,0.9899,0.0,24.87996,20241107224817
20241107225234,800,0.9874,0.0,24.10832,20241107225237
20241107225349,800,0.9899,0.0,23.01696,20241107225347
20241107225810,800,0.9449,0.0,22.94816,20241107225818
20241107225925,800,0.9825,0.008,22.72557,20241107225928
20241107230337,800,0.9899,0.0,25.15651,20241107230338
20241107230452,800,0.9874,0.008,22.90364,20241107230458
20241107230913,800,0.9348,0.076,23.22066,20241107230919
20241107231028,800,0.9874,0.0,22.71208,20241107231029
20241107231445,800,0.9848,0.032,22.66622,20241107231449
20241107231601,800,0.9825,0.0,25.34402,20241107231609
20241107232018,800,0.945,0.0,29.80253,20241107232015
20241107232133,800,0.9899,0.0,22.9657,20241107232135
20241107232557,800,0.9523,0.0,25.35886,20241107232556
20241107232712,800,0.985,0.0,22.72962,20241107232716
20241107233131,800,0.9924,0.0,22.86857,20241107233136
20241107233246,800,0.9899,0.0,22.67161,20241107233246
20241107233653,800,0.9849,0.032,23.12353,20241107233657
20241107233809,800,0.9874,0.0,24.10697,20241107233807
20241107234220,800,0.8759,0.076,23.20987,20241107234227
20241107234335,800,0.9874,0.0,22.79977,20241107234337
20241107234747,800,0.9451,0.036,22.96705,20241107234748
20241107234902,800,0.9874,0.0,22.7647,20241107234908
20241107235318,800,0.8511,0.056,23.6483,20241107235318
20241107235433,800,0.9874,0.0,22.62305,20241107235438
20241107235846,800,0.8412,0.04,24.46716,20241107235849
20241108000001,800,0.9698,0.048,25.31164,20241108000009
20241108000409,800,0.8978,0.028,23.17884,20241108000409
20241108000524,800,0.9899,0.0,22.73367,20241108000525
20241108000932,800,0.7518,0.052,24.87456,20241108000935
20241108001047,800,0.9825,0.0,23.12488,20241108001045
20241108001455,800,0.9266,0.052,22.86587,20241108001455
20241108001610,800,0.9799,0.024,22.81191,20241108001616
20241108002023,800,0.9949,0.0,22.88476,20241108002026
20241108002138,800,0.9774,0.036,23.05878,20241108002136
20241108002551,800,0.9874,0.0,22.80921,20241108002557
20241108002706,800,0.985,0.0,22.89825,20241108002707
20241108003127,800,0.9899,0.0,23.46888,20241108003127
20241108003248,1000,0.9899,0.008,23.19233,20241108003247
20241108003648,1000,0.9598,0.0,23.7144,20241108003648
20241108003803,1000,0.9949,0.0,22.68375,20241108003808
20241108004205,1000,0.957,0.036,22.94276,20241108004208
20241108004320,1000,0.9899,0.004,25.21316,20241108004328
20241108004716,1000,0.9776,0.0,23.07092,20241108004719
20241108004830,1000,0.9899,0.0,24.88131,20241108004839
20241108005229,1000,0.9825,0.0,23.24225,20241108005229
20241108005344,1000,0.9874,0.0,22.7593,20241108005349
20241108005745,1000,0.9949,0.0,23.18019,20241108005745
20241108005900,1000,0.985,0.0,22.97109,20241108005905
20241108010302,1000,0.9698,0.036,23.07632,20241108010305
20241108010416,1000,0.9899,0.004,22.85508,20241108010415
20241108010816,1000,0.9898,0.0,22.82675,20241108010816
20241108010930,1000,0.9774,0.04,22.88341,20241108010936
20241108011335,1000,0.9874,0.0,24.01119,20241108011336
20241108011449,1000,0.9899,0.0,23.07767,20241108011446
20241108011847,1000,0.9472,0.028,23.27597,20241108011847
20241108012001,1000,0.985,0.0,23.10735,20241108012007
20241108012406,1000,0.9874,0.0,25.3656,20241108012407
20241108012521,1000,0.9899,0.0,22.74446,20241108012527
20241108012921,1000,0.9949,0.0,23.32858,20241108012928
20241108013035,1000,0.9924,0.004,22.4814,20241108013038
20241108013427,1000,0.9548,0.0,25.027,20241108013428
20241108013541,1000,0.9874,0.0,22.52727,20241108013548
20241108013943,1000,0.885,0.06,22.762,20241108013949
20241108014057,1000,0.9924,0.0,22.94681,20241108014059
20241108014455,1000,0.9169,0.084,23.03045,20241108014459
20241108014609,1000,0.985,0.004,22.78493,20241108014609
20241108015012,1000,0.9824,0.032,22.82405,20241108015015
20241108015126,1000,0.9874,0.0,23.05878,20241108015125
20241108015521,1000,0.9924,0.0,24.3363,20241108015525
20241108015636,1000,0.9874,0.0,23.36096,20241108015635
20241108020031,1000,0.9548,0.0,22.88611,20241108020036
20241108020146,1000,0.9924,0.0,22.62305,20241108020146
20241108020537,1000,0.8933,0.068,25.15111,20241108020536
20241108020651,1000,0.9849,0.0,22.81056,20241108020656
20241108021050,1000,0.8333,0.048,23.30835,20241108021057
20241108021205,1000,0.9899,0.0,23.01426,20241108021207
20241108021606,1000,0.9924,0.032,25.17809,20241108021607
20241108021721,1000,0.9899,0.0,22.6932,20241108021727
20241108022120,1000,0.8433,0.036,23.11679,20241108022128
20241108022234,1000,0.98,0.0,22.76604,20241108022238
20241108022629,1000,0.985,0.0,24.59127,20241108022628
20241108022744,1000,0.9924,0.008,22.67836,20241108022748
20241108023143,1000,0.9924,0.0,22.80382,20241108023149
20241108023258,1000,0.9874,0.0,22.76739,20241108023259
20241108023650,1000,0.8198,0.092,22.68375,20241108023659
20241108023804,1000,0.9825,0.0,22.63924,20241108023809
20241108024206,1000,0.9626,0.016,30.88849,20241108024205
20241108024321,1000,0.9825,0.0,22.75121,20241108024325
20241108024717,1000,0.9899,0.0,31.43484,20241108024715
20241108024832,1000,0.9825,0.0,22.68645,20241108024835
20241108025226,1000,0.9874,0.0,23.36366,20241108025226
20241108025341,1000,0.9824,0.032,24.09618,20241108025346
20241108025739,1000,0.9899,0.0,31.20685,20241108025736
20241108025853,1000,0.9825,0.004,23.11139,20241108025856
20241108030251,1000,0.9823,0.0,23.11814,20241108030257
20241108030406,1000,0.9899,0.004,22.95625,20241108030407
20241108030808,1000,0.9824,0.024,24.12586,20241108030807
20241108030923,1000,0.9924,0.0,22.64193,20241108030927
20241108031323,1000,0.9424,0.0,22.70399,20241108031328
20241108031438,1000,0.9899,0.0,22.78493,20241108031438
20241108031835,1000,0.9698,0.0,24.01524,20241108031838
20241108031950,1000,0.9924,0.004,25.40607,20241108031958
20241108032354,1000,0.9899,0.0,22.97379,20241108032359
20241108032509,1000,0.9924,0.0,22.78358,20241108032509
20241108032908,1000,0.955,0.008,24.39161,20241108032909
20241108033022,1000,0.9874,0.0,24.77608,20241108033029
20241108033424,1000,0.9824,0.028,23.49721,20241108033425
20241108033538,1000,0.9949,0.008,23.08307,20241108033535
20241108033934,1000,0.9773,0.0,24.13125,20241108033935
20241108034048,1000,0.9899,0.0,22.71478,20241108034045
20241108034455,1000,0.9547,0.004,25.5774,20241108034456
20241108034609,1000,0.9899,0.008,23.96397,20241108034606
20241108035011,1000,0.8756,0.104,22.87936,20241108035016
20241108035125,1000,0.9924,0.0,22.87801,20241108035126
20241108035530,1000,0.9949,0.0,23.71575,20241108035537
20241108035644,1000,0.9824,0.024,24.74371,20241108035647
20241108040040,1000,0.9045,0.044,23.42302,20241108040047
20241108040154,1000,0.9949,0.0,23.39064,20241108040158
20241108040551,1000,0.9401,0.036,24.40645,20241108040558
20241108040705,1000,0.985,0.0,22.73771,20241108040708
20241108041103,1000,0.9023,0.052,24.47795,20241108041108
20241108041217,1000,0.9849,0.0,22.74311,20241108041219
20241108041619,1000,0.8675,0.092,22.97784,20241108041619
20241108041733,1000,0.9975,0.0,22.68375,20241108041739
20241108042128,1000,0.9647,0.0,24.60071,20241108042129
20241108042243,1000,0.9776,0.0,22.80382,20241108042245
20241108042644,1000,0.9623,0.008,23.04529,20241108042645
20241108042758,1000,0.98,0.0,23.10869,20241108042755
20241108043149,1000,0.8263,0.044,23.74813,20241108043145
20241108043304,1000,0.9874,0.0,22.6905,20241108043306
20241108043658,1000,0.8005,0.044,24.65062,20241108043656
20241108043812,1000,0.9924,0.008,23.48372,20241108043816
20241108044212,1000,0.9899,0.0,22.89555,20241108044217
20241108044327,1000,0.9874,0.0,24.11641,20241108044327
20241108044729,1000,0.796,0.08,24.57373,20241108044727
20241108044843,1000,0.9825,0.0,22.71208,20241108044847
20241108045245,1000,0.8117,0.092,24.58047,20241108045248
20241108045400,1000,0.9949,0.0,23.13702,20241108045408
20241108045758,1000,0.9949,0.0,23.42032,20241108045758
20241108045913,1000,0.9899,0.0,22.79168,20241108045918
20241108050311,1000,0.9899,0.0,23.2328,20241108050319
20241108050426,1000,0.9924,0.0,22.7539,20241108050429
20241108050824,1000,0.9849,0.0,23.41357,20241108050829
20241108050939,1000,0.9899,0.0,22.67836,20241108050939
20241108051341,1000,0.9625,0.008,22.74851,20241108051345
20241108051455,1000,0.9924,0.02,22.95625,20241108051455
20241108051855,1000,0.9899,0.0,22.98728,20241108051855
20241108052009,1000,0.98,0.0,22.78358,20241108052005
20241108052404,1000,0.9899,0.0,24.33091,20241108052406
20241108052519,1000,0.9874,0.0,23.09925,20241108052516
20241108052925,1000,0.9949,0.0,24.49953,20241108052926
20241108053039,1000,0.9875,0.0,23.02236,20241108053036
20241108053434,1000,0.9899,0.004,22.80247,20241108053437
20241108053548,1000,0.9924,0.0,23.00077,20241108053547
20241108053948,1000,0.8928,0.04,24.67895,20241108053947
20241108054102,1000,0.9899,0.0,22.76065,20241108054108
20241108054454,1000,0.9848,0.032,22.87801,20241108054458
20241108054608,1000,0.9899,0.0,22.71478,20241108054608
20241108055004,1000,0.8925,0.052,22.80517,20241108055008
20241108055118,1000,0.9949,0.0,22.73906,20241108055119
20241108055510,1000,0.9373,0.1,22.64598,20241108055519
20241108055624,1000,0.985,0.0,22.92793,20241108055629
20241108060021,1000,0.9774,0.032,23.46079,20241108060029
20241108060136,1000,0.9874,0.0,22.92793,20241108060135
20241108060531,1000,0.8881,0.0634,22.82675,20241108060535
20241108060645,1000,0.9873,0.032,23.78725,20241108060645
20241108061046,1000,0.8812,0.06,23.5161,20241108061045
20241108061200,1000,0.9849,0.0,24.85298,20241108061206
20241108061610,1000,0.9574,0.0,22.82001,20241108061616
20241108061725,1000,0.985,0.0,23.13837,20241108061726
20241108062122,1000,0.89,0.068,22.73232,20241108062126
20241108062237,1000,0.9825,0.0,22.76065,20241108062236
20241108062635,1000,0.9825,0.0,24.77878,20241108062637
20241108062750,1000,0.9899,0.0,22.67701,20241108062757
20241108063145,1000,0.9849,0.0,24.9528,20241108063148
20241108063300,1000,0.9874,0.0,25.50051,20241108063308
20241108063656,1000,0.9924,0.0,24.79362,20241108063658
20241108063811,1000,0.985,0.0,22.93602,20241108063818
20241108064210,1000,0.803,0.052,22.92388,20241108064218
20241108064324,1000,0.9825,0.0,22.83754,20241108064329
20241108064724,1000,0.8942,0.032,24.63713,20241108064729
20241108064838,1000,0.985,0.008,23.14917,20241108064839
20241108065231,1000,0.8685,0.052,22.80112,20241108065235
20241108065346,1000,0.9751,0.004,22.63114,20241108065345
20241108065747,1000,0.8099,0.1,24.73426,20241108065745
20241108065901,1000,0.9899,0.0,22.79033,20241108065905
20241108070258,1000,0.9472,0.016,23.5161,20241108070256
20241108070413,1000,0.9924,0.0,22.80517,20241108070416
20241108070814,1000,0.869,0.076,24.03952,20241108070816
20241108070928,1000,0.985,0.0,22.97379,20241108070926
20241108071323,1000,0.8639,0.04,23.05069,20241108071327
20241108071437,1000,0.9825,0.0,22.87801,20241108071437
20241108071836,1000,0.98,0.0,22.88611,20241108071837
20241108071950,1000,0.9899,0.0,23.5134,20241108071957
20241108072349,1000,0.9776,0.0,23.56601,20241108072348
20241108072503,1000,0.9899,0.0,22.68915,20241108072508
20241108072902,1000,0.9674,0.0,24.11776,20241108072908
20241108073016,1000,0.9924,0.0,22.74176,20241108073018
20241108073413,1000,0.9849,0.004,23.11949,20241108073419
20241108073527,1000,0.9949,0.0,22.88206,20241108073529
20241108073932,1000,0.9949,0.0,23.68203,20241108073939
20241108074046,1000,0.9849,0.0,24.16228,20241108074049
20241108074447,1000,0.9899,0.0,30.91547,20241108074445
20241108074602,1000,0.9825,0.0,22.79842,20241108074605
20241108074957,1000,0.9432,0.008,29.56105,20241108074955
20241108075112,1000,0.9924,0.0,23.37041,20241108075115
20241108075515,1000,0.95,0.004,23.79804,20241108075516
20241108075629,1000,0.9899,0.0,22.69185,20241108075626
20241108080026,1000,0.9873,0.0,23.58895,20241108080026
20241108080141,1000,0.9924,0.0,23.0979,20241108080146
20241108080540,1000,0.9949,0.0,23.66449,20241108080547
20241108080655,1000,0.9975,0.0,23.10869,20241108080657
20241108081051,1000,0.9799,0.028,24.66951,20241108081057
20241108081205,1000,0.9825,0.0,24.22973,20241108081207
20241108081605,1000,0.9196,0.048,23.25574,20241108081608
20241108081719,1000,0.9874,0.004,22.99942,20241108081718
20241108082122,1000,0.9672,0.0,23.03045,20241108082128
20241108082237,1000,0.9874,0.0,23.12893,20241108082239
20241108082636,1000,0.9403,0.004,24.70458,20241108082639
20241108082750,1000,0.9825,0.0,25.54098,20241108082759
20241108083148,1000,0.9023,0.044,25.20912,20241108083149
20241108083302,1000,0.9949,0.0,23.19908,20241108083309
20241108083703,1000,0.9672,0.0,24.45906,20241108083705
20241108083818,1000,0.9825,0.0,23.00752,20241108083815
20241108084212,1000,0.9077,0.052,22.90095,20241108084215
20241108084326,1000,0.9949,0.0,23.19908,20241108084326
20241108084729,1000,0.935,0.036,23.98825,20241108084726
20241108084844,1000,0.9924,0.0,22.73771,20241108084846
20241108085250,1000,0.8486,0.06,23.47968,20241108085256
20241108085405,1000,0.98,0.0,22.70534,20241108085407
20241108085759,1000,0.9874,0.0,30.44871,20241108085757
20241108085914,1000,0.9899,0.0,22.86183,20241108085917
20241108090309,1000,0.9023,0.044,23.09116,20241108090307
20241108090424,1000,0.9924,0.0,22.72692,20241108090428
20241108090819,1000,0.8992,0.004,25.20777,20241108090818
20241108090933,1000,0.9924,0.0,23.04124,20241108090938
20241108091325,1000,0.8059,0.112,24.75989,20241108091328
20241108091445,1100,0.9924,0.0,22.78628,20241108091449
20241108091832,1100,0.9697,0.0,23.93699,20241108091839
20241108091947,1100,0.9874,0.0,22.85238,20241108091949
20241108092342,1100,0.8015,0.052,23.11544,20241108092349
20241108092456,1100,0.9874,0.0,22.94546,20241108092454
20241108092842,1100,0.9624,0.06,22.91714,20241108092845
20241108092957,1100,0.9874,0.0,22.98728,20241108092955
20241108093349,1100,0.9121,0.052,23.34208,20241108093345
20241108093503,1100,0.9874,0.0,23.07092,20241108093505
20241108093853,1100,0.9875,0.0,22.66352,20241108093856
20241108094008,1100,0.9874,0.0,22.87936,20241108094006
20241108094350,1100,0.9824,0.0,24.60476,20241108094356
20241108094505,1100,0.9722,0.108,23.00212,20241108094506
20241108094849,1100,0.9774,0.0,24.82869,20241108094847
20241108095003,1100,0.9874,0.0,22.90095,20241108095007
20241108095351,1100,0.9527,0.0,23.68608,20241108095357
20241108095505,1100,0.9924,0.0,22.91444,20241108095508
20241108095849,1100,0.9949,0.0,23.15186,20241108095848
20241108100003,1100,0.9949,0.0,24.61285,20241108100008
20241108100346,1100,0.9724,0.0,26.07923,20241108100348
20241108100501,1100,0.9874,0.0,25.33727,20241108100508
20241108100843,1100,0.9825,0.0,22.77953,20241108100849
20241108100957,1100,0.9924,0.004,24.73696,20241108100959
20241108101350,1100,0.9547,0.032,22.72288,20241108101359
20241108101504,1100,0.985,0.0,22.79977,20241108101504
20241108101847,1100,0.9749,0.036,31.16773,20241108101845
20241108102001,1100,0.9774,0.028,22.93332,20241108102005
20241108102347,1100,0.9167,0.008,31.20955,20241108102345
20241108102501,1100,0.9899,0.0,22.74446,20241108102506
20241108102850,1100,0.9268,0.12,22.98458,20241108102856
20241108103005,1100,0.985,0.0,22.68645,20241108103006
20241108103350,1100,0.9899,0.0,22.79168,20241108103356
20241108103504,1100,0.9825,0.0,23.01966,20241108103507
20241108103852,1100,0.8971,0.0,23.69147,20241108103857
20241108104006,1100,0.985,0.0,22.86992,20241108104007
20241108104349,1100,0.9898,0.028,30.57147,20241108104347
20241108104503,1100,0.9924,0.0,22.8281,20241108104507
20241108104851,1100,0.9695,0.0,22.91848,20241108104858
20241108105006,1100,0.9899,0.0,22.74851,20241108105008
20241108105355,1100,0.9273,0.064,24.66951,20241108105358
20241108105509,1100,0.98,0.0,22.84968,20241108105509
20241108105905,1100,0.9475,0.02,22.81596,20241108105909
20241108110020,1100,0.9899,0.0,24.27695,20241108110029
20241108110406,1100,0.9495,0.076,22.78493,20241108110409
20241108110521,1100,0.9899,0.0,25.26308,20241108110529
20241108110911,1100,0.9369,0.004,22.78223,20241108110915
20241108111025,1100,0.9874,0.0,23.11274,20241108111025
20241108111405,1100,0.9549,0.0,23.24495,20241108111405
20241108111519,1100,0.9899,0.0,23.01426,20241108111515
20241108111856,1100,0.9949,0.0,23.38524,20241108111856
20241108112011,1100,0.9924,0.0,22.66082,20241108112016
20241108112400,1100,0.8834,0.0,25.24149,20241108112406
20241108112514,1100,0.9924,0.004,23.63077,20241108112516
20241108112902,1100,0.9475,0.0,23.38255,20241108112907
20241108113016,1100,0.9875,0.0,23.03989,20241108113017
20241108113407,1100,0.8325,0.0,22.86048,20241108113407
20241108113521,1100,0.9875,0.0,24.73966,20241108113527
20241108113906,1100,0.9949,0.0,24.43613,20241108113908
20241108114021,1100,0.9874,0.0,22.90364,20241108114028
20241108114408,1100,0.845,0.012,22.98594,20241108114408
20241108114522,1100,0.985,0.0,22.72692,20241108114528
20241108114907,1100,0.9424,0.032,25.14976,20241108114909
20241108115021,1100,0.9924,0.0,22.85238,20241108115029
20241108115408,1100,0.9695,0.06,24.57373,20241108115409
20241108115522,1100,0.985,0.0,22.58258,20241108115529
20241108115906,1100,0.9798,0.032,22.81866,20241108115905
20241108120020,1100,0.9848,0.04,22.69724,20241108120025
20241108120413,1100,0.9774,0.036,23.44325,20241108120415
20241108120528,1100,0.9949,0.0,23.79535,20241108120525
20241108120915,1100,0.9598,0.0,23.33938,20241108120916
20241108121029,1100,0.985,0.008,25.12008,20241108121026
20241108121418,1100,0.9623,0.004,31.19606,20241108121417
20241108121533,1100,0.9924,0.0,23.04259,20241108121536
20241108121922,1100,0.9899,0.008,22.84698,20241108121927
20241108122037,1100,0.9949,0.0,22.97244,20241108122037
20241108122426,1100,0.985,0.0,25.79999,20241108122427
20241108122541,1100,0.9874,0.0,22.84698,20241108122547
20241108122927,1100,0.9799,0.032,23.3812,20241108122928
20241108123041,1100,0.9899,0.0,23.05338,20241108123048
20241108123429,1100,0.9774,0.028,27.55506,20241108123428
20241108123544,1100,0.9874,0.0,23.14647,20241108123548
20241108123929,1100,0.9749,0.0,23.81693,20241108123929
20241108124043,1100,0.9924,0.0,22.84024,20241108124049
20241108124436,1100,0.9048,0.0,22.90229,20241108124439
20241108124550,1100,0.9924,0.0,24.00984,20241108124559
20241108124934,1100,0.9327,0.0,23.70901,20241108124935
20241108125048,1100,0.9924,0.0,22.79842,20241108125045
20241108125437,1100,0.8856,0.032,23.72519,20241108125435
20241108125551,1100,0.9899,0.0,23.0345,20241108125555
20241108125945,1100,0.9924,0.0,22.98458,20241108125946
20241108130100,1100,0.9874,0.004,22.76065,20241108130106
20241108130447,1100,0.8975,0.0,25.40472,20241108130446
20241108130601,1100,0.9899,0.0,22.91444,20241108130606
20241108130941,1100,0.9726,0.028,22.6878,20241108130947
20241108131056,1100,0.9825,0.0,23.00212,20241108131057
20241108131445,1100,0.9622,0.008,26.63368,20241108131447
20241108131600,1100,0.9924,0.0,22.57718,20241108131607
20241108131949,1100,0.893,0.0,23.10869,20241108131948
20241108132103,1100,0.9825,0.0,23.34477,20241108132108
20241108132447,1100,0.9899,0.0,23.96128,20241108132448
20241108132602,1100,0.9924,0.0,22.83889,20241108132608
20241108132945,1100,0.9725,0.032,23.14242,20241108132949
20241108133059,1100,0.985,0.0,22.7539,20241108133059
20241108133443,1100,0.9898,0.032,24.37138,20241108133449
20241108133558,1100,0.985,0.0,22.82135,20241108133559
20241108133953,1100,0.9397,0.048,24.92447,20241108133955
20241108134107,1100,0.9899,0.0,23.05069,20241108134105
20241108134457,1100,0.8734,0.044,30.62543,20241108134455
20241108134611,1100,0.9849,0.0,22.62035,20241108134616
20241108134957,1100,0.9095,0.108,31.47261,20241108134956
20241108135111,1100,0.9825,0.0,22.88611,20241108135116
20241108135503,1100,0.8617,0.0,22.96435,20241108135506
20241108135618,1100,0.9924,0.0,23.02371,20241108135616
20241108140008,1100,0.875,0.044,24.85298,20241108140007
20241108140122,1100,0.9924,0.008,22.91039,20241108140127
20241108140511,1100,0.8098,0.044,23.30295,20241108140517
20241108140625,1100,0.9924,0.0,22.78223,20241108140627
20241108141011,1100,0.9899,0.0,23.49182,20241108141018
20241108141125,1100,0.9874,0.0,23.29891,20241108141128
20241108141510,1100,0.9798,0.028,23.52959,20241108141518
20241108141624,1100,0.9899,0.0,22.78628,20241108141628
20241108142014,1100,0.9572,0.036,22.78088,20241108142019
20241108142129,1100,0.9899,0.0,22.98324,20241108142129
20241108142513,1100,0.9924,0.0,23.94374,20241108142519
20241108142627,1100,0.9672,0.136,22.82945,20241108142629
20241108143010,1100,0.9799,0.0,22.99133,20241108143015
20241108143125,1100,0.985,0.0,23.17345,20241108143125
20241108143512,1100,0.9924,0.0,24.76664,20241108143515
20241108143626,1100,0.9924,0.008,22.8254,20241108143625
20241108144013,1100,0.9823,0.0,24.34844,20241108144016
20241108144128,1100,0.9924,0.0,22.81731,20241108144126
20241108144514,1100,0.9874,0.012,23.80749,20241108144516
20241108144628,1100,0.98,0.0,23.1721,20241108144626
20241108145006,1100,0.96,0.0,23.56871,20241108145007
20241108145120,1100,0.9874,0.0,22.81326,20241108145127
20241108145501,1100,0.9875,0.0,23.15456,20241108145507
20241108145615,1100,0.9874,0.0,22.73367,20241108145617
20241108150003,1100,0.9433,0.0,22.66891,20241108150008
20241108150118,1100,0.9775,0.032,22.67701,20241108150118
20241108150512,1100,0.9548,0.024,23.00482,20241108150518
20241108150626,1100,0.9899,0.0,22.86183,20241108150628
20241108151019,1100,0.898,0.028,23.50665,20241108151019
20241108151133,1100,0.9924,0.008,22.72557,20241108151139
20241108151516,1100,0.985,0.0,23.76971,20241108151519
20241108151631,1100,0.9874,0.0,25.33997,20241108151639
20241108152016,1100,0.95,0.008,24.30932,20241108152015
20241108152131,1100,0.9949,0.0,22.60011,20241108152135
20241108152529,1100,0.9373,0.0,31.42809,20241108152525
20241108152643,1100,0.9975,0.0,22.63789,20241108152645
20241108153031,1100,0.9208,0.004,24.52786,20241108153036
20241108153145,1100,0.985,0.0,23.86145,20241108153146
20241108153530,1100,0.9121,0.0,24.23243,20241108153536
20241108153644,1100,0.9899,0.0,22.86317,20241108153646
20241108154040,1100,0.9924,0.0,22.75255,20241108154047
20241108154154,1100,0.98,0.008,23.36366,20241108154157
20241108154540,1100,0.9502,0.0,23.75488,20241108154547
20241108154654,1100,0.9728,0.0,22.89015,20241108154657
20241108155036,1100,0.9899,0.0,23.86954,20241108155038
20241108155150,1100,0.9949,0.0,22.91848,20241108155158
20241108155537,1100,0.9924,0.0,23.15456,20241108155538
20241108155651,1100,0.985,0.004,22.69185,20241108155658
20241108160040,1100,0.8564,0.0,22.93062,20241108160049
20241108160154,1100,0.985,0.0,22.67701,20241108160159
20241108160542,1100,0.8063,0.06,23.37041,20241108160549
20241108160656,1100,0.98,0.0,22.70938,20241108160659
20241108161042,1100,0.8333,0.004,22.83484,20241108161045
20241108161156,1100,0.9899,0.0,22.93737,20241108161155
20241108161555,1100,0.7886,0.132,23.59569,20241108161555
20241108161709,1100,0.98,0.0,25.01081,20241108161705
20241108162052,1100,0.8883,0.004,23.71845,20241108162056
20241108162206,1100,0.9924,0.0,24.49953,20241108162206
20241108162551,1100,0.9924,0.0,22.99538,20241108162556
20241108162706,1100,0.9899,0.0,22.79302,20241108162706
20241108163108,1100,0.9501,0.004,25.25094,20241108163107
20241108163222,1100,0.9825,0.0,22.69455,20241108163227
20241108163618,1100,0.9924,0.0,25.81887,20241108163617
20241108163732,1100,0.9924,0.0,22.85238,20241108163737
20241108164122,1100,0.9924,0.0,22.72827,20241108164128
20241108164237,1100,0.9825,0.0,22.76065,20241108164238
20241108164629,1100,0.9474,0.024,25.33997,20241108164628
20241108164743,1100,0.9899,0.0,22.62979,20241108164748
20241108165123,1100,0.9825,0.0,22.85643,20241108165129
20241108165238,1100,0.985,0.0,23.94643,20241108165239
20241108165619,1100,0.9874,0.032,25.54232,20241108165619
20241108165733,1100,0.9874,0.008,22.93062,20241108165739
20241108170117,1100,0.9898,0.032,31.27161,20241108170115
20241108170231,1100,0.9899,0.0,22.63789,20241108170235
20241108170629,1100,0.9355,0.036,28.6019,20241108170625
20241108170743,1100,0.9874,0.0,22.71478,20241108170745
20241108171127,1100,0.9924,0.0,25.34672,20241108171125
20241108171241,1100,0.9874,0.004,22.94546,20241108171246
20241108171635,1100,0.9899,0.036,22.8335,20241108171636
20241108171750,1100,0.9924,0.0,22.94816,20241108171756
20241108172143,1100,0.9924,0.0,23.04259,20241108172147
20241108172257,1100,0.985,0.0,24.03008,20241108172257
20241108172641,1100,0.905,0.008,23.29486,20241108172647
20241108172755,1100,0.9924,0.0,23.68742,20241108172757
20241108173143,1100,0.9825,0.0,22.79707,20241108173148
20241108173257,1100,0.9899,0.0,22.94816,20241108173258
20241108173653,1100,0.9726,0.032,24.85028,20241108173658
20241108173813,1300,0.985,0.0,22.5502,20241108173818
20241108174137,1300,0.885,0.0,25.2388,20241108174139
20241108174250,1300,0.9949,0.008,25.19293,20241108174259
20241108174616,1300,0.9271,0.0,23.06687,20241108174619
20241108174730,1300,0.9899,0.0,25.94703,20241108174739
20241108175104,1300,0.8522,0.0,22.89015,20241108175109
20241108175218,1300,0.9924,0.0,22.90095,20241108175215
20241108175540,1300,0.9554,0.012,22.87127,20241108175545
20241108175654,1300,0.9975,0.0,22.97919,20241108175655
20241108180022,1300,0.9179,0.08,23.01561,20241108180025
20241108180136,1300,0.985,0.0,23.02101,20241108180135
20241108180458,1300,0.8657,0.0,23.71171,20241108180456
20241108180611,1300,0.9949,0.0,22.65947,20241108180616
20241108180936,1300,0.9175,0.028,22.66757,20241108180936
20241108181050,1300,0.9773,0.056,22.66757,20241108181056
20241108181413,1300,0.9749,0.036,22.87396,20241108181417
20241108181527,1300,0.985,0.0,22.53941,20241108181527
20241108181900,1300,0.8673,0.012,23.05608,20241108181907
20241108182014,1300,0.9924,0.0,22.53267,20241108182017
20241108182337,1300,0.8171,0.092,23.25574,20241108182337
20241108182451,1300,0.9949,0.0,22.74311,20241108182458
20241108182815,1300,0.8938,0.0,22.72827,20241108182818
20241108182929,1300,0.9949,0.0,22.65947,20241108182928
20241108183256,1300,0.9849,0.0,26.30317,20241108183258
20241108183410,1300,0.985,0.0,25.65429,20241108183418
20241108183735,1300,0.985,0.0,23.94239,20241108183739
20241108183849,1300,0.9975,0.0,23.28946,20241108183849
20241108184209,1300,0.9899,0.0,22.73232,20241108184209
20241108184322,1300,0.9899,0.0,22.64059,20241108184329
20241108184652,1300,0.9621,0.008,22.82135,20241108184655
20241108184806,1300,0.9899,0.0,23.77241,20241108184805
20241108185131,1300,0.9574,0.0,23.00752,20241108185135
20241108185244,1300,0.9924,0.0,22.78763,20241108185245
20241108185615,1300,0.9924,0.0,25.16055,20241108185616
20241108185729,1300,0.98,0.0,22.74581,20241108185726
20241108190052,1300,0.9874,0.008,22.65947,20241108190056
20241108190206,1300,0.9924,0.0,22.90904,20241108190206
20241108190532,1300,0.9899,0.0,24.58587,20241108190537
20241108190646,1300,0.9899,0.0,22.85643,20241108190647
20241108191012,1300,0.9924,0.0,23.14377,20241108191017
20241108191126,1300,0.9949,0.0,22.65677,20241108191127
20241108191500,1300,0.9874,0.0,23.32589,20241108191508
20241108191614,1300,0.9899,0.0,22.97919,20241108191618
20241108191941,1300,0.9924,0.0,25.1673,20241108191948
20241108192055,1300,0.9801,0.0,22.66082,20241108192058
20241108192419,1300,0.9975,0.0,23.24764,20241108192418
20241108192533,1300,0.9924,0.0,23.10735,20241108192539
20241108192853,1300,0.9899,0.0,22.67296,20241108192859
20241108193007,1300,0.9924,0.0,22.78223,20241108193009
20241108193338,1300,0.9924,0.0,23.90597,20241108193339
20241108193452,1300,0.9825,0.0,22.88476,20241108193455
20241108193814,1300,0.9849,0.032,23.60244,20241108193815
20241108193928,1300,0.9924,0.0,23.25439,20241108193925
20241108194258,1300,0.92,0.0,32.42637,20241108194255
20241108194412,1300,0.9924,0.0,22.69185,20241108194415
20241108194734,1300,0.995,0.0,24.84084,20241108194736
20241108194848,1300,0.9899,0.0,24.69244,20241108194846
20241108195214,1300,0.9476,0.004,24.4024,20241108195216
20241108195328,1300,0.9801,0.0,22.90095,20241108195326
20241108195703,1300,0.9527,0.0,23.36096,20241108195707
20241108195817,1300,0.9899,0.0,22.67026,20241108195817
20241108200143,1300,0.9899,0.008,22.68106,20241108200147
20241108200257,1300,0.9875,0.0,24.21084,20241108200257
20241108200628,1300,0.9849,0.028,23.3758,20241108200628
20241108200743,1300,0.9924,0.0,23.02101,20241108200748
20241108201105,1300,0.9573,0.0,24.11506,20241108201108
20241108201220,1300,0.9899,0.0,22.84159,20241108201228
20241108201550,1300,0.9623,0.0,23.0952,20241108201559
20241108201704,1300,0.9899,0.0,22.63789,20241108201709
20241108202033,1300,0.8483,0.036,23.25439,20241108202039
20241108202147,1300,0.9875,0.0,22.5475,20241108202149
20241108202505,1300,0.9206,0.0,23.28946,20241108202504
20241108202619,1300,0.9825,0.004,22.62844,20241108202615
20241108202947,1300,0.893,0.0,32.9336,20241108202945
20241108203101,1300,0.9924,0.0,22.66757,20241108203105
20241108203430,1300,0.9302,0.0,22.76335,20241108203435
20241108203544,1300,0.9825,0.024,22.67971,20241108203546
20241108203909,1300,0.9148,0.04,27.7075,20241108203906
20241108204023,1300,0.9924,0.0,22.69185,20241108204026
20241108204347,1300,0.9749,0.0,23.08171,20241108204346
20241108204501,1300,0.9849,0.0,22.67296,20241108204506
20241108204822,1300,0.9573,0.024,22.81461,20241108204827
20241108204936,1300,0.9875,0.0,24.23782,20241108204937
20241108205308,1300,0.9127,0.0,23.7913,20241108205307
20241108205422,1300,0.9899,0.0,22.64598,20241108205427
20241108205748,1300,0.9479,0.0,23.9923,20241108205748
20241108205901,1300,0.985,0.0,22.85778,20241108205908
20241108210232,1300,0.9924,0.0,23.42436,20241108210238
20241108210346,1300,0.9875,0.0,22.70938,20241108210348
20241108210709,1300,0.9601,0.0,24.35654,20241108210709
20241108210823,1300,0.9777,0.0,22.63249,20241108210829
20241108211143,1300,0.9924,0.016,23.75757,20241108211149
20241108211256,1300,0.9899,0.0,22.90634,20241108211259
20241108211620,1300,0.9273,0.08,22.76335,20241108211625
20241108211734,1300,0.9949,0.0,22.82405,20241108211735
20241108212058,1300,0.9975,0.0,32.98352,20241108212055
20241108212212,1300,0.9874,0.0,22.84698,20241108212215
20241108212534,1300,0.9748,0.08,25.83371,20241108212536
20241108212647,1300,0.9975,0.0,22.92658,20241108212646
20241108213014,1300,0.9651,0.0,24.90694,20241108213016
20241108213128,1300,0.9799,0.06,22.59337,20241108213126
20241108213504,1300,0.9575,0.0,25.79189,20241108213507
20241108213618,1300,0.99,0.0,22.91578,20241108213617
20241108213945,1300,0.9521,0.008,22.82945,20241108213947
20241108214058,1300,0.9975,0.0,23.56736,20241108214057
20241108214428,1300,0.9552,0.0,24.54405,20241108214428
20241108214542,1300,0.9949,0.0,22.56099,20241108214548
20241108214907,1300,0.9874,0.0,24.1326,20241108214908
20241108215021,1300,0.9899,0.0,22.52727,20241108215028
20241108215348,1300,0.9899,0.0,24.26615,20241108215348
20241108215502,1300,0.9874,0.0,22.59607,20241108215509
20241108215826,1300,0.9899,0.0,23.7886,20241108215829
20241108215940,1300,0.9924,0.008,22.56774,20241108215949
20241108220310,1300,0.9156,0.004,22.43688,20241108220319
20241108220423,1300,0.9875,0.0,22.62844,20241108220425
20241108220749,1300,0.9673,0.0,23.73599,20241108220745
20241108220903,1300,0.9875,0.0,22.762,20241108220905
20241108221233,1300,0.9975,0.0,24.02198,20241108221235
20241108221347,1300,0.9899,0.0,22.73502,20241108221346
20241108221707,1300,0.9975,0.0,23.67933,20241108221706
20241108221821,1300,0.9949,0.0,22.6217,20241108221826
20241108222145,1300,0.9275,0.076,24.10022,20241108222146
20241108222258,1300,0.9875,0.0,22.51243,20241108222257
20241108222619,1300,0.9523,0.0,23.43516,20241108222617
20241108222733,1300,0.9875,0.0,22.59337,20241108222737
20241108223106,1300,0.9899,0.0,24.63174,20241108223107
20241108223220,1300,0.9949,0.0,24.2041,20241108223227
20241108223547,1300,0.9875,0.0,22.78358,20241108223548
20241108223701,1300,0.9849,0.032,22.6136,20241108223708
20241108224025,1300,1.0,0.0,23.56871,20241108224028
20241108224139,1300,0.9925,0.0,22.99403,20241108224138
20241108224515,1300,0.9597,0.0,22.91578,20241108224519
20241108224629,1300,0.9875,0.0,22.65138,20241108224629
20241108224949,1300,0.9577,0.008,23.51745,20241108224949
20241108225103,1300,0.9899,0.0,24.18791,20241108225109
20241108225426,1300,0.97,0.016,23.44055,20241108225425
20241108225540,1300,0.9899,0.0,22.74986,20241108225545
20241108225906,1300,0.9005,0.032,32.80544,20241108225905
20241108230020,1300,0.9949,0.0,22.66352,20241108230025
20241108230344,1300,0.9924,0.0,24.92312,20241108230346
20241108230458,1300,0.9899,0.0,22.64733,20241108230456
20241108230830,1300,0.902,0.032,24.78148,20241108230836
20241108230944,1300,0.9899,0.008,24.01928,20241108230946
20241108231318,1300,0.8292,0.0,25.6516,20241108231317
20241108231431,1300,0.9975,0.0,22.65138,20241108231437
20241108231753,1300,1.0,0.008,22.85778,20241108231757
20241108231907,1300,0.9924,0.0,22.66757,20241108231907
20241108232233,1300,0.9899,0.0,22.77279,20241108232238
20241108232347,1300,0.9899,0.004,22.7647,20241108232348
20241108232709,1300,0.9899,0.0,23.20312,20241108232708
20241108232823,1300,0.9924,0.0,22.60416,20241108232828
20241108233153,1300,0.9799,0.0,22.79977,20241108233158
20241108233307,1300,0.9875,0.0,22.71748,20241108233309
20241108233632,1300,0.975,0.004,23.0291,20241108233639
20241108233746,1300,0.9875,0.0,22.72557,20241108233749
20241108234116,1300,0.9599,0.0,22.94411,20241108234119
20241108234230,1300,0.985,0.004,22.69859,20241108234239
20241108234552,1300,0.9475,0.0,23.46618,20241108234555
20241108234706,1300,0.9799,0.08,22.62844,20241108234705
20241108235028,1300,0.9874,0.0,33.1346,20241108235025
20241108235142,1300,0.9825,0.0,22.45577,20241108235145
20241108235516,1300,0.9625,0.0,24.44422,20241108235516
20241108235629,1300,0.9825,0.0,22.72827,20241108235626
20241108235952,1300,0.9107,0.0,23.86684,20241108235956
20241109000106,1300,0.9924,0.0,24.59936,20241109000106
20241109000433,1300,0.9369,0.076,22.67836,20241109000437
20241109000547,1300,0.9875,0.0,22.8227,20241109000547
20241109000913,1300,1.0,0.0,22.94681,20241109000917
20241109001028,1300,0.9924,0.0,22.50703,20241109001027
20241109001351,1300,0.9648,0.0,22.66352,20241109001357
20241109001505,1300,0.8925,0.304,22.5556,20241109001508
20241109001825,1300,0.9949,0.0,22.71073,20241109001828
20241109001939,1300,0.9899,0.0,23.19099,20241109001938
20241109002306,1300,0.9924,0.004,24.70728,20241109002308
20241109002420,1300,0.9899,0.0,24.57373,20241109002428
20241109002744,1300,0.9171,0.0,22.9684,20241109002749
20241109002857,1300,0.9899,0.0,22.6824,20241109002859
20241109003224,1300,0.8695,0.0,22.72422,20241109003229
20241109003338,1300,0.9924,0.0,22.86317,20241109003339
20241109003701,1300,0.9048,0.0,23.91945,20241109003705
20241109003815,1300,0.9373,0.08,23.33533,20241109003815
20241109004139,1300,0.9499,0.056,23.48507,20241109004135
20241109004253,1300,0.9899,0.0,22.63924,20241109004255
20241109004619,1300,0.9673,0.0,23.14242,20241109004616
20241109004733,1300,0.9924,0.008,22.9684,20241109004736
20241109005102,1300,0.9649,0.0,22.52457,20241109005106
20241109005217,1300,0.9899,0.0,24.14069,20241109005216
20241109005536,1300,0.995,0.0,23.98016,20241109005536
20241109005650,1300,0.9924,0.0,22.6824,20241109005657
20241109010024,1300,0.8731,0.0,22.83889,20241109010027
20241109010138,1300,0.9899,0.0,22.61495,20241109010137
20241109010459,1300,0.7862,0.108,33.05096,20241109010457
20241109010612,1300,0.9899,0.0,22.60956,20241109010618
20241109010934,1300,0.9924,0.0,24.71807,20241109010938
20241109011048,1300,0.9825,0.0,22.64328,20241109011048
20241109011407,1300,0.8378,0.036,24.90154,20241109011408
20241109011520,1300,0.9875,0.008,23.66719,20241109011528
20241109011857,1300,0.9899,0.0,25.14571,20241109011859
20241109012011,1300,0.9949,0.0,25.07961,20241109012019
20241109012343,1300,0.9848,0.04,23.81423,20241109012349
20241109012503,1500,0.9899,0.0,22.57044,20241109012509
20241109012814,1500,0.8728,0.04,22.81326,20241109012815
20241109012928,1500,0.9949,0.0,22.69724,20241109012925
20241109013238,1500,0.9355,0.0,33.80237,20241109013235
20241109013352,1500,0.9801,0.0,22.61765,20241109013355
20241109013706,1500,0.953,0.0,23.72789,20241109013706
20241109013820,1500,0.9875,0.008,22.65003,20241109013826
20241109014134,1500,0.9673,0.0,24.98248,20241109014136
20241109014247,1500,0.9899,0.004,22.77279,20241109014246
20241109014558,1500,0.9975,0.0,24.18791,20241109014556
20241109014712,1500,0.9924,0.0,22.68915,20241109014717
20241109015024,1500,0.9526,0.0,22.77144,20241109015027
20241109015137,1500,0.9875,0.0,22.56774,20241109015137
20241109015451,1500,0.9899,0.0,23.60513,20241109015457
20241109015605,1500,0.9924,0.0,22.72018,20241109015607
20241109015915,1500,0.9823,0.0,22.67971,20241109015918
20241109020029,1500,0.9875,0.0,22.79977,20241109020028
20241109020333,1500,0.9899,0.0,23.00212,20241109020338
20241109020447,1500,0.9899,0.0,22.6878,20241109020448
20241109020800,1500,0.9949,0.0,22.80112,20241109020809
20241109020914,1500,0.9874,0.0,22.61091,20241109020919
20241109021225,1500,0.985,0.016,23.32454,20241109021229
20241109021339,1500,0.985,0.0,23.164,20241109021339
20241109021653,1500,0.9949,0.0,24.80037,20241109021655
20241109021807,1500,0.9924,0.0,22.92793,20241109021805
20241109022117,1500,0.9472,0.0,34.33118,20241109022115
20241109022230,1500,0.8914,0.272,23.27058,20241109022235
20241109022536,1500,0.995,0.0,24.4847,20241109022535
20241109022650,1500,0.9899,0.0,24.48874,20241109022656
20241109022953,1500,0.9777,0.0,24.72347,20241109022956
20241109023107,1500,0.9899,0.0,22.61495,20241109023106
20241109023419,1500,0.985,0.0,33.72547,20241109023416
20241109023533,1500,0.985,0.0,22.90634,20241109023536
20241109023844,1500,0.96,0.04,22.7539,20241109023847
20241109023958,1500,0.9899,0.0,23.76027,20241109023957
20241109024311,1500,0.9825,0.0,25.15785,20241109024317
20241109024424,1500,0.9826,0.0,23.67663,20241109024427
20241109024737,1500,0.8928,0.052,24.35519,20241109024737
20241109024850,1500,0.9875,0.0,22.7539,20241109024858
20241109025155,1500,0.8894,0.0,22.88611,20241109025158
20241109025308,1500,0.9899,0.0,23.60783,20241109025308
20241109025617,1500,0.9899,0.0,23.13028,20241109025618
20241109025731,1500,0.995,0.0,23.47158,20241109025738
20241109030037,1500,0.9924,0.0,24.73561,20241109030039
20241109030151,1500,0.9875,0.0,22.71343,20241109030159
20241109030502,1500,0.9874,0.032,23.1033,20241109030509
20241109030616,1500,0.9825,0.0,22.62035,20241109030619
20241109030925,1500,0.98,0.0,28.7449,20241109030925
20241109031039,1500,0.9924,0.0,22.56504,20241109031035
20241109031350,1500,0.8759,0.028,23.70631,20241109031355
20241109031504,1500,0.9801,0.0,22.67836,20241109031505
20241109031809,1500,0.9648,0.0,33.14675,20241109031805
20241109031923,1500,0.99,0.0,22.70534,20241109031926
20241109032233,1500,0.8688,0.132,24.09078,20241109032236
20241109032346,1500,0.985,0.0,22.71613,20241109032346
20241109032656,1500,0.9449,0.0,24.75989,20241109032656
20241109032810,1500,0.985,0.0,22.6851,20241109032817
20241109033119,1500,0.8903,0.0,30.32595,20241109033117
20241109033232,1500,1.0,0.0,22.70804,20241109033237
20241109033545,1500,0.8859,0.0,23.21527,20241109033547
20241109033658,1500,0.9949,0.0,22.85238,20241109033657
20241109034015,1500,0.8536,0.112,22.62305,20241109034018
20241109034128,1500,0.9875,0.0,22.65138,20241109034128
20241109034437,1500,0.8861,0.0,24.87051,20241109034438
20241109034550,1500,0.9949,0.0,24.51707,20241109034558
20241109034858,1500,0.9455,0.004,23.59434,20241109034859
20241109035012,1500,0.995,0.0,23.18559,20241109035019
20241109035322,1500,0.8483,0.004,23.00077,20241109035329
20241109035435,1500,0.9924,0.0,22.52457,20241109035439
20241109035747,1500,0.9924,0.016,23.20987,20241109035749
20241109035901,1500,0.9949,0.0,22.76335,20241109035905
20241109040213,1500,0.9597,0.04,23.26653,20241109040215
20241109040327,1500,0.9825,0.0,22.84429,20241109040325
20241109040642,1500,0.9626,0.0,23.12623,20241109040645
20241109040756,1500,0.9874,0.028,24.70189,20241109040756
20241109041105,1500,0.9652,0.036,24.74775,20241109041106
20241109041218,1500,0.9949,0.0,23.67798,20241109041216
20241109041526,1500,0.9949,0.0,22.88881,20241109041526
20241109041639,1500,0.9924,0.0,24.4766,20241109041636
20241109041950,1500,0.9875,0.004,22.9657,20241109041957
20241109042103,1500,0.9925,0.0,22.95895,20241109042107
20241109042412,1500,0.9949,0.004,22.98594,20241109042417
20241109042526,1500,0.9875,0.0,22.62979,20241109042527
20241109042841,1500,0.9925,0.0,22.64059,20241109042848
20241109042955,1500,0.9899,0.0,22.60686,20241109042958
20241109043303,1500,0.9626,0.0,22.85103,20241109043308
20241109043416,1500,0.995,0.0,22.70938,20241109043418
20241109043722,1500,0.9797,0.036,23.26653,20241109043729
20241109043836,1500,0.9924,0.0,23.10735,20241109043839
20241109044147,1500,0.9553,0.0,23.35691,20241109044149
20241109044300,1500,0.985,0.008,25.14841,20241109044309
20241109044605,1500,0.9899,0.052,22.70938,20241109044609
20241109044719,1500,0.9899,0.0,23.69012,20241109044719
20241109045025,1500,0.9604,0.0,25.01891,20241109045025
20241109045139,1500,0.985,0.004,22.84024,20241109045135
20241109045447,1500,0.9471,0.0,34.01686,20241109045445
20241109045600,1500,0.9924,0.004,22.65138,20241109045605
20241109045913,1500,0.9925,0.0,23.74543,20241109045916
20241109050026,1500,0.9924,0.0,22.59472,20241109050026
20241109050338,1500,0.9198,0.0,33.50019,20241109050336
20241109050451,1500,0.9825,0.0,22.59877,20241109050456
20241109050802,1500,1.0,0.0,22.77009,20241109050806
20241109050915,1500,0.9899,0.004,22.7593,20241109050916
20241109051231,1500,0.8688,0.0,23.06822,20241109051237
20241109051344,1500,0.9899,0.0,23.83447,20241109051347
20241109051657,1500,0.8775,0.0,24.69784,20241109051657
20241109051810,1500,0.9825,0.0,22.79572,20241109051817
20241109052121,1500,0.9949,0.0,23.18964,20241109052128
20241109052235,1500,0.9949,0.0,22.6878,20241109052238
20241109052546,1500,0.9551,0.0,25.11738,20241109052548
20241109052700,1500,0.9924,0.0,22.56909,20241109052708
20241109053005,1500,0.9725,0.0,22.89285,20241109053009
20241109053119,1500,0.9924,0.0,22.8996,20241109053119
20241109053432,1500,0.8892,0.0,23.29081,20241109053439
20241109053545,1500,0.9899,0.0,22.79842,20241109053549
20241109053859,1500,0.8415,0.0,25.99425,20241109053859
20241109054012,1500,0.9874,0.0,22.77144,20241109054015
20241109054319,1500,0.8731,0.032,31.04497,20241109054315
20241109054432,1500,0.9924,0.0,22.6136,20241109054435
20241109054743,1500,0.9749,0.032,23.76702,20241109054745
20241109054857,1500,0.9924,0.004,22.54346,20241109054855
20241109055211,1500,0.9625,0.0,24.91233,20241109055216
20241109055325,1500,0.9899,0.0,23.86954,20241109055326
20241109055632,1500,0.8793,0.0,24.3444,20241109055636
20241109055745,1500,0.9875,0.0,22.65273,20241109055746
20241109060058,1500,0.8883,0.032,27.88153,20241109060057
20241109060211,1500,0.9899,0.0,22.5502,20241109060217
20241109060522,1500,0.9924,0.0,22.97919,20241109060527
20241109060636,1500,0.985,0.0,22.79437,20241109060637
20241109060947,1500,0.88,0.032,23.11949,20241109060948
20241109061101,1500,0.9924,0.0,22.57988,20241109061108
20241109061414,1500,0.9007,0.012,22.64059,20241109061418
20241109061528,1500,0.99,0.0,22.6905,20241109061528
20241109061843,1500,0.8501,0.0,24.39566,20241109061848
20241109061956,1500,1.0,0.0,22.87262,20241109061959
20241109062307,1500,0.9673,0.0,24.80441,20241109062309
20241109062421,1500,0.9899,0.0,25.42766,20241109062429
20241109062734,1500,0.9698,0.0,24.01254,20241109062739
20241109062847,1500,0.9875,0.008,23.22336,20241109062849
20241109063155,1500,0.9025,0.008,32.70022,20241109063155
20241109063309,1500,0.9924,0.004,24.01928,20241109063305
20241109063621,1500,0.9924,0.0,24.77069,20241109063625
20241109063734,1500,0.99,0.0,22.63654,20241109063735
20241109064045,1500,0.9924,0.0,22.84429,20241109064046
20241109064159,1500,0.9899,0.0,24.92178,20241109064156
20241109064506,1500,0.9949,0.0,22.89285,20241109064506
20241109064620,1500,0.9924,0.0,22.64598,20241109064626
20241109064935,1500,0.9647,0.0,25.35481,20241109064936
20241109065049,1500,0.9899,0.0,22.66622,20241109065046
20241109065358,1500,0.9899,0.0,25.04184,20241109065357
20241109065512,1500,0.9875,0.0,22.65947,20241109065517
20241109065822,1500,0.9848,0.016,23.00617,20241109065827
20241109065936,1500,0.9874,0.0,22.72557,20241109065937
20241109070240,1500,0.9875,0.0,22.8227,20241109070248
20241109070353,1500,0.9975,0.0,22.62305,20241109070358
20241109070706,1500,0.9772,0.0,23.29351,20241109070708
20241109070819,1500,0.9899,0.0,22.58932,20241109070818
20241109071132,1500,0.9874,0.0158,23.83042,20241109071138
20241109071245,1500,0.995,0.0,22.93467,20241109071249
20241109071559,1500,0.9849,0.036,22.99133,20241109071559
20241109071712,1500,0.985,0.0,22.66757,20241109071719
20241109072023,1500,0.98,0.0,24.59936,20241109072029
20241109072137,1500,0.9825,0.0,23.8574,20241109072134
20241109072446,1500,0.9825,0.0,27.435,20241109072445
20241109072600,1500,0.9777,0.0,23.15861,20241109072605
20241109072907,1500,0.9699,0.0,33.8887,20241109072905
20241109073021,1500,0.9924,0.0,22.59067,20241109073025
20241109073326,1500,0.9875,0.008,23.69417,20241109073326
20241109073440,1500,0.9975,0.0,22.56234,20241109073446
20241109073751,1500,0.985,0.0,22.71208,20241109073756
20241109073905,1500,0.9899,0.0,24.26076,20241109073906
20241109074214,1500,0.9524,0.048,26.30182,20241109074217
20241109074328,1500,0.9825,0.0,22.84968,20241109074327
20241109074638,1500,0.9924,0.0,24.70863,20241109074637
20241109074752,1500,0.9825,0.0,22.64868,20241109074757
20241109075055,1500,0.9529,0.0,25.60438,20241109075057
20241109075209,1500,0.9875,0.0,22.51243,20241109075208
20241109075515,1500,0.9111,0.0,23.10195,20241109075518
20241109075628,1500,0.9949,0.0,22.70129,20241109075628
20241109075937,1500,0.9052,0.0,26.39221,20241109075938
20241109080050,1500,0.985,0.0,25.45599,20241109080058
20241109080356,1500,0.9848,0.04,23.67393,20241109080359
20241109080510,1500,0.9874,0.0,23.27328,20241109080519
20241109080822,1500,0.8663,0.032,23.16131,20241109080829
20241109080935,1500,0.9874,0.0,22.6932,20241109080939
20241109081247,1500,0.9675,0.0,25.29276,20241109081245
20241109081400,1500,0.9875,0.0,22.4841,20241109081405
20241109081711,1500,0.9551,0.0,22.72018,20241109081715
20241109081824,1500,0.9924,0.004,22.85103,20241109081825
20241109082136,1500,0.9875,0.0,29.40996,20241109082135
20241109082249,1500,0.9724,0.076,22.59337,20241109082245
20241109082559,1500,0.9875,0.0,34.44855,20241109082556
20241109082713,1500,0.9875,0.0,22.71748,20241109082716
20241109083022,1500,0.8667,0.036,23.48507,20241109083026
20241109083135,1500,0.9975,0.0,22.90095,20241109083136
20241109083447,1500,0.8251,0.04,25.11064,20241109083447
20241109083600,1500,0.9899,0.0,22.77414,20241109083607
20241109083909,1500,0.8514,0.0,24.24457,20241109083907
20241109084022,1500,0.9724,0.072,22.63519,20241109084027
20241109084328,1500,0.9949,0.0,24.35249,20241109084328
20241109084447,1700,0.9925,0.0,22.60686,20241109084448
20241109084744,1700,0.9196,0.072,22.83754,20241109084748
20241109084856,1700,0.9925,0.004,22.71343,20241109084858
20241109085146,1700,0.9874,0.0,23.27462,20241109085148
20241109085258,1700,0.9875,0.0,24.15958,20241109085258
20241109085554,1700,0.9899,0.0,24.59127,20241109085559
20241109085706,1700,0.9975,0.0,22.83484,20241109085709
20241109090003,1700,0.9798,0.004,23.41627,20241109090009
20241109090115,1700,0.9826,0.0,22.68106,20241109090119
20241109090411,1700,0.9873,0.0,23.71845,20241109090415
20241109090523,1700,0.9949,0.0,22.75255,20241109090525
20241109090818,1700,0.9722,0.008,36.10649,20241109090815
20241109090930,1700,0.9875,0.0,22.44768,20241109090935
20241109091229,1700,0.98,0.032,23.86954,20241109091225
20241109091340,1700,0.9875,0.0,22.76874,20241109091346
20241109091634,1700,0.9975,0.0,24.52247,20241109091636
20241109091746,1700,0.9825,0.032,22.80382,20241109091746
20241109092039,1700,0.9579,0.0,32.08912,20241109092036
20241109092151,1700,0.9875,0.0,22.57988,20241109092156
20241109092448,1700,0.9874,0.032,34.73049,20241109092447
20241109092600,1700,0.9875,0.0,22.60686,20241109092607
20241109092859,1700,0.995,0.0,24.92447,20241109092857
20241109093011,1700,0.9849,0.028,22.56909,20241109093017
20241109093309,1700,1.0,0.0,34.72645,20241109093308
20241109093421,1700,0.9949,0.0,22.60281,20241109093428
20241109093721,1700,0.9254,0.0,23.26518,20241109093728
20241109093833,1700,0.9826,0.0,22.73906,20241109093838
20241109094123,1700,0.9924,0.0,22.62305,20241109094128
20241109094236,1700,0.9975,0.0,23.21662,20241109094239
20241109094529,1700,0.9924,0.0,24.46446,20241109094529
20241109094641,1700,0.9924,0.032,25.34807,20241109094649
20241109094940,1700,0.9549,0.0,22.4868,20241109094949
20241109095052,1700,0.9875,0.0,22.64598,20241109095059
20241109095347,1700,0.9352,0.076,35.18781,20241109095345
20241109095459,1700,0.9925,0.0,22.65273,20241109095455
20241109095756,1700,0.9675,0.0,24.49279,20241109095755
20241109095908,1700,0.9925,0.0,22.7593,20241109095905
20241109100212,1700,0.9747,0.0,22.80112,20241109100216
20241109100324,1700,0.9924,0.0,22.84833,20241109100326
20241109100619,1700,0.8484,0.0,28.6734,20241109100616
20241109100730,1700,0.9975,0.0,22.65408,20241109100736
20241109101030,1700,0.8678,0.084,24.73022,20241109101036
20241109101143,1700,0.9949,0.0,22.56099,20241109101147
20241109101438,1700,0.995,0.0,25.59898,20241109101437
20241109101550,1700,0.9949,0.0,22.76335,20241109101557
20241109101844,1700,0.8905,0.0,22.89285,20241109101847
20241109101955,1700,0.985,0.0,22.63114,20241109101957
20241109102251,1700,0.8781,0.048,23.08576,20241109102258
20241109102403,1700,0.9924,0.0,22.65542,20241109102408
20241109102656,1700,0.9799,0.0,23.72385,20241109102658
20241109102808,1700,0.9924,0.0,22.68106,20241109102808
20241109103103,1700,0.9899,0.0,24.5508,20241109103108
20241109103215,1700,0.9899,0.0,22.75255,20241109103219
20241109103508,1700,0.9208,0.0,26.11026,20241109103509
20241109103619,1700,0.9899,0.0,22.94681,20241109103619
20241109103913,1700,0.9425,0.0,23.76971,20241109103919
20241109104025,1700,0.9975,0.0,22.6244,20241109104029
20241109104319,1700,0.9799,0.036,26.00639,20241109104315
20241109104431,1700,0.9899,0.004,22.74986,20241109104435
20241109104726,1700,0.9674,0.0,25.60573,20241109104725
20241109104838,1700,0.9924,0.0,24.43478,20241109104835
20241109105134,1700,0.9273,0.0,24.27559,20241109105136
20241109105246,1700,0.985,0.0,22.66352,20241109105246
20241109105538,1700,0.9102,0.0,25.32648,20241109105536
20241109105650,1700,0.9975,0.0,22.67971,20241109105656
20241109105942,1700,0.9824,0.0,22.67161,20241109105946
20241109110054,1700,0.9975,0.0,22.59337,20241109110056
20241109110347,1700,0.99,0.0,23.13837,20241109110347
20241109110459,1700,0.9924,0.0,22.67431,20241109110457
20241109110758,1700,0.9949,0.0,30.90602,20241109110757
20241109110910,1700,0.9924,0.0,22.69859,20241109110917
20241109111206,1700,0.9501,0.044,22.74851,20241109111208
20241109111318,1700,0.995,0.0,22.65408,20241109111318
20241109111617,1700,0.9874,0.0,23.3151,20241109111618
20241109111729,1700,0.9874,0.032,22.79168,20241109111728
20241109112023,1700,0.9925,0.0,23.40548,20241109112028
20241109112135,1700,0.9925,0.0,22.62035,20241109112138
20241109112434,1700,0.985,0.0,23.50801,20241109112439
20241109112546,1700,0.9925,0.0,22.70534,20241109112549
20241109112839,1700,0.9849,0.004,26.40839,20241109112839
20241109112951,1700,0.9401,0.172,25.5032,20241109112959
20241109113251,1700,0.9874,0.0,22.69994,20241109113255
20241109113402,1700,0.985,0.004,22.78223,20241109113405
20241109113656,1700,0.9849,0.008,34.71296,20241109113655
20241109113808,1700,0.9799,0.044,22.8996,20241109113805
20241109114102,1700,0.9899,0.008,22.69724,20241109114105
20241109114213,1700,0.9824,0.032,22.8969,20241109114215
20241109114508,1700,0.99,0.004,36.13482,20241109114506
20241109114620,1700,0.9949,0.004,22.62575,20241109114626
20241109114914,1700,0.9899,0.004,22.93062,20241109114916
20241109115027,1700,0.9949,0.0,22.58393,20241109115026
20241109115323,1700,1.0,0.0,23.50126,20241109115327
20241109115435,1700,0.9925,0.0,22.8335,20241109115437
20241109115730,1700,0.9899,0.0,23.25844,20241109115737
20241109115842,1700,0.995,0.0,22.63114,20241109115847
20241109120134,1700,0.9798,0.032,22.60956,20241109120137
20241109120246,1700,0.995,0.0,22.57718,20241109120248
20241109120544,1700,0.9204,0.0,23.02775,20241109120548
20241109120656,1700,0.9925,0.0,23.0979,20241109120658
20241109120947,1700,0.9824,0.0,24.76664,20241109120948
20241109121059,1700,0.9975,0.0,22.74716,20241109121058
20241109121358,1700,0.9724,0.0,23.95048,20241109121359
20241109121511,1700,0.985,0.0,26.16692,20241109121519
20241109121803,1700,0.99,0.004,24.15823,20241109121809
20241109121915,1700,1.0,0.004,22.79437,20241109121919
20241109122217,1700,0.9502,0.0,23.22741,20241109122219
20241109122329,1700,0.9975,0.0,22.65273,20241109122325
20241109122625,1700,0.8412,0.048,23.28677,20241109122625
20241109122737,1700,0.9949,0.0,22.70399,20241109122735
20241109123035,1700,0.9723,0.0,23.01156,20241109123035
20241109123147,1700,0.9874,0.028,23.64291,20241109123145
20241109123441,1700,0.867,0.0,22.9603,20241109123446
20241109123552,1700,0.846,0.0,22.61495,20241109123556
20241109123849,1700,0.8722,0.064,28.29837,20241109123846
20241109124000,1700,0.9949,0.0,22.56774,20241109124006
20241109124255,1700,0.8953,0.0,25.15651,20241109124257
20241109124406,1700,0.9874,0.032,22.93872,20241109124407
20241109124659,1700,0.8706,0.0,25.8526,20241109124657
20241109124811,1700,0.9975,0.0,22.65273,20241109124817
20241109125101,1700,0.965,0.004,22.76874,20241109125107
20241109125213,1700,0.985,0.0,22.6959,20241109125217
20241109125506,1700,0.9347,0.0,24.85432,20241109125508
20241109125618,1700,0.9924,0.036,23.27867,20241109125618
20241109125910,1700,0.9949,0.004,24.76799,20241109125918
20241109130022,1700,0.9975,0.048,22.65812,20241109130028
20241109130313,1700,0.865,0.08,24.22703,20241109130318
20241109130425,1700,0.9875,0.0,22.62305,20241109130429
20241109130720,1700,0.9025,0.0,23.61997,20241109130729
20241109130832,1700,0.9899,0.0,25.56526,20241109130839
20241109131125,1700,0.975,0.0,23.3731,20241109131129
20241109131237,1700,0.9949,0.0,22.53941,20241109131239
20241109131531,1700,0.9924,0.0,22.6163,20241109131535
20241109131643,1700,0.995,0.0,22.87262,20241109131645
20241109131934,1700,0.9698,0.0,25.67318,20241109131935
20241109132045,1700,0.9924,0.0,22.79572,20241109132045
20241109132337,1700,0.9647,0.0,25.87284,20241109132335
20241109132448,1700,0.9975,0.0,24.13935,20241109132446
20241109132743,1700,0.995,0.0,23.2409,20241109132746
20241109132854,1700,0.9875,0.0,22.72557,20241109132856
20241109133151,1700,0.9799,0.036,22.93197,20241109133156
20241109133303,1700,0.9949,0.004,22.61765,20241109133306
20241109133601,1700,0.9975,0.0,22.75525,20241109133607
20241109133712,1700,0.9875,0.0,22.60011,20241109133717
20241109134012,1700,0.995,0.0,22.72962,20241109134017
20241109134124,1700,0.9949,0.0,23.49991,20241109134127
20241109134420,1700,0.927,0.116,22.89285,20241109134427
20241109134532,1700,0.9899,0.0,22.59877,20241109134538
20241109134834,1700,0.9975,0.0,24.24727,20241109134838
20241109134945,1700,0.9975,0.0,22.67701,20241109134948
20241109135239,1700,0.9576,0.0,24.86782,20241109135238
20241109135351,1700,0.9924,0.0,24.07055,20241109135358
20241109135644,1700,0.9601,0.0,23.52284,20241109135649
20241109135756,1700,0.9924,0.0,22.62709,20241109135759
20241109140051,1700,0.99,0.0,23.06418,20241109140059
20241109140203,1700,0.9801,0.0,22.81326,20241109140209
20241109140457,1700,0.9849,0.004,36.80394,20241109140455
20241109140609,1700,0.9925,0.0,22.57583,20241109140605
20241109140902,1700,0.9244,0.088,22.95625,20241109140905
20241109141013,1700,0.9925,0.0,22.83619,20241109141015
20241109141308,1700,0.9077,0.004,27.92065,20241109141305
20241109141419,1700,0.9875,0.0,22.73906,20241109141415
20241109141716,1700,0.95,0.0,24.54405,20241109141716
20241109141827,1700,0.9949,0.0,22.67836,20241109141826
20241109142123,1700,0.8978,0.0,23.12488,20241109142126
20241109142234,1700,0.9875,0.0,22.57583,20241109142236
20241109142528,1700,0.9494,0.0,31.0045,20241109142527
20241109142640,1700,0.985,0.0,22.65003,20241109142647
20241109142934,1700,0.9397,0.0,23.43111,20241109142937
20241109143046,1700,0.98,0.0,24.71673,20241109143047
20241109143340,1700,0.9395,0.0,23.00752,20241109143348
20241109143451,1700,0.9899,0.004,22.65273,20241109143458
20241109143742,1700,0.9148,0.0,23.15591,20241109143748
20241109143853,1700,0.9875,0.0,23.57276,20241109143858
20241109144148,1700,0.9899,0.0,22.61226,20241109144148
20241109144259,1700,0.985,0.0,23.58085,20241109144258
20241109144555,1700,0.9924,0.0,23.37715,20241109144559
20241109144707,1700,0.9925,0.0,22.72018,20241109144709
20241109145003,1700,0.985,0.0,22.64193,20241109145009
20241109145115,1700,0.9899,0.0,22.55829,20241109145119
20241109145411,1700,0.9823,0.0,22.70669,20241109145419
20241109145523,1700,0.995,0.0,22.72962,20241109145525
20241109145823,1700,0.9674,0.0,25.42631,20241109145825
20241109145935,1700,0.9899,0.0,22.88206,20241109145935
20241109150227,1700,0.9925,0.0,32.75688,20241109150225
20241109150339,1700,0.9875,0.0,23.14782,20241109150335
20241109150631,1700,0.9899,0.0,23.78995,20241109150636
20241109150743,1700,0.9925,0.0,22.66487,20241109150746
20241109151036,1700,0.8756,0.056,23.82907,20241109151036
20241109151147,1700,0.995,0.004,22.87801,20241109151146
20241109151447,1700,0.9773,0.0,24.86782,20241109151446
20241109151559,1700,0.9975,0.0,22.99538,20241109151557
20241109151847,1700,0.935,0.004,22.97244,20241109151847
20241109151959,1700,0.985,0.0,22.70804,20241109151957
20241109152254,1700,0.9698,0.028,22.6932,20241109152257
20241109152406,1700,0.9949,0.0,22.5502,20241109152407
20241109152703,1700,0.8928,0.0,22.69724,20241109152708
20241109152815,1700,0.9924,0.0,22.63249,20241109152818
20241109153108,1700,0.9302,0.0,22.83484,20241109153108
20241109153220,1700,0.9949,0.0,24.33225,20241109153228
20241109153516,1700,0.9571,0.004,22.65947,20241109153519
20241109153633,1800,0.99,0.008,22.63384,20241109153639
20241109153921,1800,0.8706,0.004,23.35422,20241109153929
20241109154031,1800,0.9874,0.028,22.74041,20241109154039
20241109154323,1800,0.9747,0.0,23.24764,20241109154329
20241109154433,1800,0.9975,0.0,22.76874,20241109154434
20241109154723,1800,0.9875,0.0,24.55619,20241109154725
20241109154834,1800,0.985,0.0,24.87321,20241109154835
20241109155129,1800,0.9873,0.0,36.76077,20241109155125
20241109155239,1800,0.9949,0.004,22.88476,20241109155235
20241109155530,1800,0.9698,0.0,22.90634,20241109155536
20241109155640,1800,0.9875,0.0,22.62709,20241109155646
20241109155930,1800,0.9849,0.0,22.63114,20241109155936
20241109160041,1800,0.9975,0.004,22.64463,20241109160046
20241109160327,1800,0.9899,0.024,24.7491,20241109160326
20241109160438,1800,0.9874,0.032,22.65138,20241109160437
20241109160733,1800,0.9677,0.0,22.77818,20241109160737
20241109160843,1800,0.9925,0.004,22.84698,20241109160847
20241109161133,1800,0.9432,0.036,22.79707,20241109161137
20241109161243,1800,0.9949,0.0,23.72924,20241109161247
20241109161523,1800,0.866,0.012,22.97514,20241109161528
20241109161634,1800,0.9748,0.072,22.72422,20241109161638
20241109161921,1800,0.9552,0.0,22.88476,20241109161928
20241109162031,1800,0.9975,0.004,25.5059,20241109162038
20241109162326,1800,0.9699,0.0,23.32049,20241109162328
20241109162436,1800,0.9899,0.0,22.65138,20241109162438
20241109162727,1800,0.9949,0.0,24.31202,20241109162729
20241109162837,1800,0.9949,0.0,22.7647,20241109162839
20241109163126,1800,0.9748,0.0,22.80651,20241109163129
20241109163236,1800,0.9975,0.0,24.54945,20241109163239
20241109163530,1800,0.9501,0.0,23.82368,20241109163535
20241109163640,1800,1.0,0.0,22.60281,20241109163645
20241109163931,1800,0.9925,0.0,23.07497,20241109163935
20241109164041,1800,0.9874,0.04,22.84698,20241109164045
20241109164331,1800,0.9875,0.0,22.68106,20241109164335
20241109164441,1800,0.995,0.0,23.35826,20241109164446
20241109164725,1800,0.9975,0.0,24.84893,20241109164726
20241109164836,1800,0.9925,0.0,22.61495,20241109164836
20241109165123,1800,0.9601,0.004,22.8942,20241109165126
20241109165233,1800,0.9949,0.0,22.65003,20241109165236
20241109165525,1800,0.9345,0.092,25.13627,20241109165527
20241109165635,1800,0.9924,0.0,22.75121,20241109165637
20241109165924,1800,0.9552,0.032,23.04529,20241109165927
20241109170035,1800,0.9899,0.0,22.80517,20241109170037
20241109170323,1800,0.9002,0.0,23.8628,20241109170327
20241109170433,1800,0.9899,0.0,22.61495,20241109170438
20241109170726,1800,0.8992,0.036,23.65909,20241109170728
20241109170835,1800,0.9949,0.0,22.66757,20241109170838
20241109171126,1800,0.8617,0.0,23.3758,20241109171128
20241109171236,1800,0.9698,0.108,24.76934,20241109171238
20241109171529,1800,0.9183,0.0,25.72984,20241109171529
20241109171639,1800,0.99,0.0,22.66757,20241109171639
20241109171932,1800,0.8719,0.0,23.98151,20241109171939
20241109172042,1800,0.9949,0.0,23.96263,20241109172049
20241109172328,1800,0.8939,0.088,37.29768,20241109172325
20241109172438,1800,0.9975,0.004,24.56294,20241109172435
20241109172729,1800,0.9603,0.0,36.26163,20241109172725
20241109172839,1800,0.9874,0.024,22.68915,20241109172835
20241109173123,1800,0.9252,0.008,26.65392,20241109173125
20241109173234,1800,0.995,0.0,22.72557,20241109173236
20241109173524,1800,0.8933,0.012,25.38584,20241109173526
20241109173634,1800,0.9949,0.0,22.71343,20241109173636
20241109173923,1800,0.9875,0.0,23.25304,20241109173926
20241109174033,1800,0.9824,0.044,22.62709,20241109174036
20241109174318,1800,0.9949,0.0,29.96711,20241109174317
20241109174429,1800,0.9975,0.0,22.91848,20241109174427
20241109174713,1800,0.9045,0.036,23.55927,20241109174717
20241109174823,1800,0.9975,0.004,22.82405,20241109174827
20241109175112,1800,0.8639,0.02,22.74986,20241109175118
20241109175222,1800,0.9949,0.0,22.55829,20241109175228
20241109175513,1800,0.9874,0.0,22.70264,20241109175518
20241109175624,1800,0.99,0.0,22.50703,20241109175628
20241109175917,1800,0.9849,0.004,22.89825,20241109175918
20241109180028,1800,0.9875,0.0,24.4159,20241109180028
20241109180320,1800,0.9899,0.0,22.45307,20241109180329
20241109180430,1800,0.9825,0.028,22.57178,20241109180439
20241109180724,1800,0.9749,0.0,22.87127,20241109180729
20241109180834,1800,0.965,0.1,22.57044,20241109180839
20241109181123,1800,0.9924,0.004,24.05436,20241109181129
20241109181234,1800,0.9924,0.0,22.65947,20241109181239
20241109181522,1800,0.9924,0.0,23.79804,20241109181525
20241109181632,1800,0.99,0.0,22.73771,20241109181635
20241109181922,1800,0.9949,0.0,22.71073,20241109181925
20241109182032,1800,0.9975,0.008,22.80517,20241109182035
20241109182324,1800,0.9975,0.0,24.60071,20241109182326
20241109182435,1800,0.9924,0.02,22.70399,20241109182436
20241109182725,1800,0.9798,0.004,23.3812,20241109182726
20241109182835,1800,0.985,0.0,22.96975,20241109182836
20241109183123,1800,0.9724,0.032,22.80786,20241109183126
20241109183233,1800,0.9975,0.0,22.5556,20241109183237
20241109183522,1800,0.9799,0.024,22.65947,20241109183527
20241109183633,1800,0.9924,0.0,22.77009,20241109183637
20241109183912,1800,0.9874,0.0,22.59202,20241109183917
20241109184022,1800,0.9875,0.0,24.12451,20241109184027
20241109184308,1800,0.9749,0.0,25.48837,20241109184308
20241109184419,1800,0.9875,0.0,22.83889,20241109184418
20241109184710,1800,0.9924,0.0,23.39199,20241109184718
20241109184821,1800,0.9925,0.0,22.62305,20241109184828
20241109185113,1800,0.9825,0.04,23.19099,20241109185118
20241109185224,1800,0.9925,0.0,22.91578,20241109185229
20241109185517,1800,0.9227,0.0,25.36291,20241109185519
20241109185627,1800,0.995,0.0,22.6878,20241109185629
20241109185917,1800,0.9345,0.04,24.85028,20241109185919
20241109190027,1800,0.967,0.136,22.71883,20241109190029
20241109190315,1800,0.9849,0.036,22.77684,20241109190315
20241109190425,1800,0.9949,0.0,23.05474,20241109190425
20241109190713,1800,0.9899,0.0,23.79265,20241109190715
20241109190824,1800,0.9924,0.0,22.54615,20241109190825
20241109191112,1800,0.8818,0.052,22.88881,20241109191115
20241109191222,1800,1.0,0.0,23.24899,20241109191226
20241109191516,1800,0.9798,0.0,23.05608,20241109191516
20241109191626,1800,0.995,0.004,22.67566,20241109191626
20241109191913,1800,0.9925,0.0,23.0318,20241109191916
20241109192023,1800,0.9749,0.076,23.7913,20241109192026
20241109192309,1800,0.9599,0.0,37.07914,20241109192307
20241109192420,1800,0.9899,0.0,26.27619,20241109192427
20241109192707,1800,0.9275,0.0,24.62634,20241109192707
20241109192817,1800,0.995,0.0,22.62979,20241109192817
20241109193107,1800,0.8797,0.036,23.0372,20241109193108
20241109193217,1800,0.9925,0.0,22.68106,20241109193218
20241109193502,1800,0.8796,0.0,23.08711,20241109193508
20241109193612,1800,0.9924,0.004,22.65273,20241109193618
20241109193904,1800,0.8536,0.028,24.43208,20241109193908
20241109194014,1800,0.9924,0.0,22.75795,20241109194018
20241109194303,1800,0.9799,0.0,23.11274,20241109194309
20241109194414,1800,0.9924,0.0,22.78763,20241109194419
20241109194702,1800,0.99,0.0,23.62537,20241109194709
20241109194813,1800,0.995,0.0,22.65542,20241109194819
20241109195106,1800,0.9475,0.0,37.63358,20241109195105
20241109195217,1800,0.995,0.004,22.69724,20241109195215
20241109195511,1800,0.88,0.004,22.68375,20241109195515
20241109195621,1800,0.9925,0.0,22.56639,20241109195625
20241109195914,1800,0.9129,0.068,25.33458,20241109195915
20241109200025,1800,0.9925,0.0,23.04259,20241109200025
20241109200317,1800,0.8958,0.0,23.69282,20241109200316
20241109200427,1800,0.9925,0.0,22.63384,20241109200426
20241109200719,1800,0.8688,0.044,27.40667,20241109200716
20241109200830,1800,0.9975,0.0,24.24187,20241109200836
20241109201116,1800,0.995,0.0,22.97244,20241109201116
20241109201226,1800,0.9899,0.0,22.55829,20241109201227
20241109201515,1800,0.9975,0.0,23.04394,20241109201517
20241109201625,1800,0.9924,0.0,22.80786,20241109201627
20241109201915,1800,0.9776,0.0,22.65677,20241109201917
20241109202026,1800,0.99,0.0,22.71748,20241109202027
20241109202317,1800,0.9975,0.004,24.87861,20241109202318
20241109202427,1800,0.99,0.004,24.0692,20241109202428
20241109202717,1800,0.9724,0.0,22.88476,20241109202718
20241109202828,1800,0.9875,0.004,22.81731,20241109202828
20241109203122,1800,0.9899,0.008,25.01891,20241109203128
20241109203232,1800,0.995,0.0,22.66757,20241109203239
20241109203526,1800,0.9799,0.0,23.18154,20241109203529
20241109203636,1800,0.995,0.0,22.6217,20241109203639
20241109203924,1800,0.9848,0.04,23.12084,20241109203929
20241109204034,1800,0.9825,0.024,22.74311,20241109204039
20241109204324,1800,0.995,0.0,23.42571,20241109204325
20241109204434,1800,0.9875,0.0,24.71807,20241109204435
20241109204722,1800,0.9424,0.064,22.82001,20241109204725
20241109204832,1800,0.9949,0.0,24.1272,20241109204835
20241109205119,1800,0.9875,0.0,31.27161,20241109205115
20241109205230,1800,0.9949,0.0,24.08404,20241109205235
20241109205524,1800,0.9524,0.028,24.54405,20241109205526
20241109205634,1800,0.9924,0.0,22.6932,20241109205636
20241109205925,1800,0.9774,0.036,23.25169,20241109205926
20241109210035,1800,1.0,0.0,22.65138,20241109210036
20241109210324,1800,0.9798,0.0,23.57411,20241109210326
20241109210435,1800,0.9875,0.0,22.6878,20241109210437
20241109210724,1800,0.9849,0.0,23.23685,20241109210727
20241109210835,1800,0.99,0.0,22.59067,20241109210837
20241109211124,1800,0.9899,0.036,22.65812,20241109211127
20241109211235,1800,0.995,0.0,23.106,20241109211237
20241109211526,1800,0.9672,0.0,24.58722,20241109211528
20241109211636,1800,0.995,0.0,22.89285,20241109211638
20241109211927,1800,0.99,0.0,24.9582,20241109211928
20241109212038,1800,0.9975,0.0,22.86587,20241109212038
20241109212329,1800,0.9949,0.0,24.20949,20241109212328
20241109212439,1800,0.9925,0.0,22.91174,20241109212439
20241109212730,1800,0.9475,0.0,22.65812,20241109212739
20241109212841,1800,0.98,0.032,25.60033,20241109212849
20241109213133,1800,0.9672,0.104,22.93737,20241109213139
20241109213243,1800,0.9925,0.0,22.75121,20241109213249
20241109213531,1800,0.9925,0.0,23.38255,20241109213535
20241109213641,1800,0.9949,0.004,22.78358,20241109213645
20241109213927,1800,0.9875,0.0,29.6339,20241109213925
20241109214037,1800,0.9924,0.0,22.86857,20241109214035
20241109214329,1800,0.9303,0.028,36.93074,20241109214325
20241109214439,1800,0.995,0.0,22.67026,20241109214436
20241109214727,1800,0.995,0.0,23.84121,20241109214726
20241109214837,1800,0.99,0.004,22.64733,20241109214836
20241109215123,1800,0.8933,0.0,22.78088,20241109215126
20241109215233,1800,0.995,0.004,22.63654,20241109215236
20241109215525,1800,0.9177,0.0,25.26578,20241109215527
20241109215635,1800,0.9925,0.0,22.72018,20241109215637
20241109215929,1800,0.8925,0.056,30.6686,20241109215927
20241109220039,1800,0.9924,0.008,22.63789,20241109220037
20241109220332,1800,0.995,0.0,22.66487,20241109220337
20241109220443,1800,0.9825,0.0,22.62979,20241109220448
20241109220736,1800,0.9625,0.0,25.48837,20241109220738
20241109220847,1800,0.995,0.0,24.03682,20241109220848
20241109221132,1800,0.8778,0.0634,23.39873,20241109221138
20241109221242,1800,0.9925,0.0,22.60011,20241109221248
20241109221527,1800,0.8741,0.004,25.47218,20241109221529
20241109221641,2000,0.99,0.0,24.30123,20241109221649
20241109221916,2000,0.8781,0.056,23.41357,20241109221919
20241109222024,2000,0.99,0.0,22.62979,20241109222029
20241109222257,2000,0.9924,0.0,25.90791,20241109222259
20241109222405,2000,0.9801,0.0,22.81191,20241109222404
20241109222640,2000,0.9899,0.0,23.00212,20241109222645
20241109222748,2000,0.9924,0.012,22.57718,20241109222745
20241109223022,2000,0.97,0.004,22.9603,20241109223025
20241109223134,2000,0.9899,0.028,22.83484,20241109223135
20241109223412,2000,0.9925,0.0,22.80517,20241109223415
20241109223520,2000,0.9874,0.032,22.57718,20241109223526
20241109223754,2000,1.0,0.0,24.83814,20241109223756
20241109223902,2000,0.9874,0.032,22.98863,20241109223906
20241109224138,2000,0.9672,0.008,25.18753,20241109224136
20241109224251,2000,1.0,0.0,23.22741,20241109224256
20241109224526,2000,0.9949,0.0,24.79767,20241109224527
20241109224633,2000,0.9874,0.028,23.07092,20241109224637
20241109224909,2000,0.9899,0.036,34.12748,20241109224907
20241109225017,2000,0.9775,0.032,23.26788,20241109225017
20241109225252,2000,0.9874,0.032,22.94546,20241109225257
20241109225405,2000,0.9925,0.0,22.60011,20241109225407
20241109225640,2000,0.9975,0.0,23.03855,20241109225648
20241109225748,2000,0.9825,0.028,22.71883,20241109225748
20241109230024,2000,0.9875,0.0,23.00482,20241109230028
20241109230132,2000,0.9849,0.032,22.65677,20241109230138
20241109230407,2000,0.9773,0.0,26.08058,20241109230408
20241109230515,2000,0.9849,0.028,23.70226,20241109230519
20241109230751,2000,0.9824,0.004,23.39199,20241109230759
20241109230859,2000,0.9949,0.02,22.70399,20241109230859
20241109231134,2000,0.9975,0.0,22.74176,20241109231139
20241109231242,2000,0.9924,0.024,25.55042,20241109231249
20241109231519,2000,0.9677,0.0,39.53839,20241109231515
20241109231627,2000,0.9925,0.0,22.80517,20241109231625
20241109231903,2000,0.9749,0.0,25.48971,20241109231905
20241109232011,2000,0.985,0.0,22.76065,20241109232015
20241109232244,2000,0.9723,0.0,25.26578,20241109232245
20241109232352,2000,0.9899,0.028,22.85643,20241109232355
20241109232627,2000,0.93,0.064,30.28952,20241109232626
20241109232735,2000,0.9825,0.024,22.73097,20241109232736
20241109233011,2000,0.9875,0.0,22.80651,20241109233016
20241109233124,2000,0.9924,0.004,23.59839,20241109233126
20241109233402,2000,0.9198,0.0,22.61226,20241109233406
20241109233515,2000,0.995,0.0,22.66082,20241109233516
20241109233750,2000,0.9372,0.056,24.03817,20241109233757
20241109233903,2000,0.99,0.0,22.92658,20241109233907
20241109234140,2000,0.9102,0.004,22.8996,20241109234147
20241109234248,2000,0.9975,0.0,22.88745,20241109234247
20241109234521,2000,0.9949,0.0,23.17075,20241109234528
20241109234629,2000,0.985,0.016,22.69994,20241109234628
20241109234906,2000,0.9824,0.036,26.22628,20241109234908
20241109235014,2000,0.9899,0.028,23.20582,20241109235018
20241109235249,2000,0.9125,0.0,27.89636,20241109235248
20241109235357,2000,0.9925,0.0,23.4473,20241109235358
20241109235630,2000,0.8963,0.0,22.96975,20241109235639
20241109235738,2000,0.9924,0.0,24.06245,20241109235739
20241110000014,2000,0.91,0.0,24.79497,20241110000019
20241110000122,2000,0.995,0.0,25.46004,20241110000129
20241110000356,2000,0.8768,0.004,23.53364,20241110000359
20241110000504,2000,0.995,0.0,22.5556,20241110000509
20241110000739,2000,0.8983,0.028,39.41564,20241110000735
20241110000846,2000,0.9924,0.024,24.49414,20241110000845
20241110001123,2000,0.8484,0.044,24.5427,20241110001125
20241110001230,2000,0.9874,0.02,24.08269,20241110001235
20241110001504,2000,0.99,0.0,26.10756,20241110001505
20241110001612,2000,0.9924,0.0,24.35924,20241110001616
20241110001850,2000,0.9298,0.032,22.73232,20241110001856
20241110001958,2000,0.995,0.0,24.28909,20241110001956
20241110002233,2000,0.9924,0.0,23.06148,20241110002236
20241110002346,2000,0.9824,0.036,23.76837,20241110002346
20241110002623,2000,0.9649,0.004,22.91848,20241110002626
20241110002731,2000,1.0,0.0,22.88341,20241110002737
20241110003010,2000,0.9772,0.0,23.55252,20241110003017
20241110003118,2000,0.9975,0.0,22.86857,20241110003117
20241110003357,2000,0.905,0.052,24.49953,20241110003357
20241110003505,2000,0.9849,0.052,22.6244,20241110003507
20241110003741,2000,0.9273,0.032,23.53633,20241110003748
20241110003849,2000,0.9825,0.0,22.6244,20241110003848
20241110004126,2000,0.99,0.0,22.75525,20241110004128
20241110004234,2000,0.9899,0.056,24.15149,20241110004238
20241110004510,2000,0.9899,0.004,24.07594,20241110004518
20241110004618,2000,0.995,0.0,22.70938,20241110004619
20241110004852,2000,0.995,0.0,23.33128,20241110004859
20241110005000,2000,0.9849,0.028,22.66352,20241110005009
20241110005239,2000,0.9848,0.008,24.18521,20241110005239
20241110005348,2000,0.9899,0.0,22.68645,20241110005349
20241110005625,2000,0.9799,0.004,30.40554,20241110005625
20241110005733,2000,0.9751,0.04,22.51108,20241110005735
20241110010015,2000,0.96,0.036,23.83851,20241110010015
20241110010123,2000,0.9924,0.032,22.762,20241110010125
20241110010359,2000,0.9924,0.0,39.45611,20241110010355
20241110010507,2000,1.0,0.0,23.35017,20241110010505
20241110010740,2000,0.9497,0.008,22.83754,20241110010746
20241110010848,2000,0.985,0.028,24.5427,20241110010846
20241110011122,2000,0.9647,0.0,22.92118,20241110011126
20241110011230,2000,0.9875,0.02,24.21489,20241110011236
20241110011503,2000,0.9874,0.028,24.01524,20241110011506
20241110011611,2000,0.9899,0.032,22.79168,20241110011617
20241110011847,2000,0.995,0.0,23.55252,20241110011847
20241110012000,2000,0.99,0.0,25.56661,20241110012007
20241110012237,2000,0.9899,0.0,22.93602,20241110012237
20241110012345,2000,0.995,0.0,22.58528,20241110012347
20241110012620,2000,0.9774,0.008,25.14167,20241110012628
20241110012728,2000,0.9825,0.028,23.28407,20241110012728
20241110013005,2000,0.975,0.0,25.98076,20241110013008
20241110013118,2000,0.9849,0.032,22.61495,20241110013118
20241110013356,2000,0.9627,0.0,23.39873,20241110013358
20241110013508,2000,0.995,0.0,24.56024,20241110013509
20241110013746,2000,0.9826,0.0,22.96435,20241110013749
20241110013854,2000,0.995,0.0,22.65273,20241110013859
20241110014132,2000,0.8878,0.14,23.164,20241110014139
20241110014240,2000,0.9949,0.0,24.01119,20241110014249
20241110014517,2000,0.9798,0.0,37.62549,20241110014515
20241110014630,2000,0.9975,0.0,24.67626,20241110014635
20241110014905,2000,0.9325,0.024,22.81191,20241110014905
20241110015013,2000,0.9924,0.0,22.66891,20241110015015
20241110015249,2000,0.9925,0.0,39.42238,20241110015245
20241110015402,2000,0.9874,0.024,23.20178,20241110015405
20241110015640,2000,0.8983,0.032,23.19368,20241110015646
20241110015748,2000,0.9924,0.02,22.95625,20241110015746
20241110020024,2000,0.903,0.032,23.20448,20241110020026
20241110020132,2000,0.9975,0.0,22.72962,20241110020136
20241110020408,2000,0.9271,0.076,40.64054,20241110020406
20241110020516,2000,0.9949,0.0,22.7647,20241110020516
20241110020753,2000,0.9925,0.0,24.89884,20241110020757
20241110020906,2000,0.9825,0.024,22.63789,20241110020907
20241110021141,2000,0.99,0.008,23.15186,20241110021147
20241110021250,2000,0.9874,0.032,25.57335,20241110021257
20241110021524,2000,0.9975,0.0,23.13837,20241110021527
20241110021637,2000,0.9899,0.028,22.78628,20241110021638
20241110021910,2000,0.985,0.0,23.20582,20241110021918
20241110022019,2000,0.995,0.0,23.30565,20241110022018
20241110022254,2000,0.9095,0.0,23.40818,20241110022258
20241110022402,2000,0.9925,0.0,22.66217,20241110022408
20241110022637,2000,0.9646,0.032,23.68877,20241110022639
20241110022750,2000,0.9975,0.0,23.83042,20241110022759
20241110023025,2000,0.9223,0.0,23.48372,20241110023029
20241110023133,2000,0.995,0.0,23.76027,20241110023139
20241110023405,2000,0.9625,0.0,23.19908,20241110023409
20241110023518,2000,0.99,0.0,22.73502,20241110023519
20241110023753,2000,0.8985,0.04,22.84833,20241110023755
20241110023905,2000,0.9924,0.028,22.69859,20241110023905
20241110024140,2000,0.995,0.0,23.22201,20241110024145
20241110024248,2000,0.9924,0.0,22.64733,20241110024245
20241110024522,2000,0.9327,0.0,23.69282,20241110024525
20241110024635,2000,0.99,0.0,22.66082,20241110024636
20241110024912,2000,0.8844,0.068,22.88476,20241110024916
20241110025020,2000,0.9875,0.0,22.85508,20241110025026
20241110025258,2000,0.8933,0.028,23.48102,20241110025256
20241110025410,2000,0.9924,0.0,23.64426,20241110025416
20241110025647,2000,0.995,0.0,23.75352,20241110025647
20241110025759,2000,0.9975,0.0,22.65273,20241110025757
20241110030037,2000,0.995,0.004,23.18289,20241110030037
20241110030150,2000,0.9899,0.028,25.83101,20241110030157
20241110030431,2000,0.9675,0.008,23.50935,20241110030437
20241110030539,2000,0.9949,0.0,22.86317,20241110030537
20241110030819,2000,0.9699,0.0,25.06207,20241110030818
20241110030927,2000,0.9924,0.0,22.67971,20241110030928
20241110031203,2000,0.9698,0.004,23.7859,20241110031208
20241110031316,2000,0.9949,0.02,22.68106,20241110031318
20241110031552,2000,0.9824,0.0,23.70361,20241110031559
20241110031700,2000,0.9899,0.028,23.36096,20241110031709
20241110031935,2000,0.9849,0.04,23.21392,20241110031939
20241110032044,2000,1.0,0.0,24.01793,20241110032049
20241110032321,2000,1.0,0.0,22.61765,20241110032329
20241110032434,2000,0.985,0.016,22.77144,20241110032439
20241110032709,2000,0.9775,0.0,39.47769,20241110032705
20241110032822,2000,0.9975,0.0,22.89555,20241110032825
20241110033058,2000,0.9874,0.004,39.55729,20241110033055
20241110033211,2000,0.9949,0.048,22.86587,20241110033215
20241110033449,2000,0.9925,0.0,39.44531,20241110033445
20241110033602,2000,0.98,0.028,22.60551,20241110033606
20241110033840,2000,0.9925,0.0,24.66411,20241110033846
20241110033948,2000,0.9899,0.0,23.1721,20241110033946
20241110034223,2000,0.9899,0.0,23.63211,20241110034226
20241110034336,2000,0.9899,0.028,22.69994,20241110034336
20241110034613,2000,0.9899,0.0,23.59974,20241110034616
20241110034726,2000,0.9899,0.02,22.62575,20241110034727
20241110035002,2000,0.9874,0.044,23.68068,20241110035007
20241110035110,2000,0.9874,0.016,25.44924,20241110035117
20241110035344,2000,0.9874,0.036,24.31472,20241110035347
20241110035457,2000,0.9899,0.028,22.72288,20241110035457
20241110035731,2000,0.9949,0.004,23.54038,20241110035738
20241110035839,2000,0.98,0.036,23.05474,20241110035838
20241110040111,2000,0.9523,0.096,24.89075,20241110040118
20241110040219,2000,0.9949,0.0,22.72962,20241110040218
20241110040454,2000,0.9698,0.028,24.4024,20241110040458
20241110040603,2000,0.9975,0.0,22.92928,20241110040608
20241110040838,2000,0.9949,0.0,24.92717,20241110040839
20241110040946,2000,0.9874,0.016,22.6905,20241110040949
20241110041221,2000,0.9698,0.008,24.44287,20241110041229
20241110041329,2000,0.99,0.0,22.74716,20241110041329
20241110041604,2000,0.99,0.0,22.70264,20241110041609
20241110041712,2000,0.9874,0.028,23.02506,20241110041715
20241110041947,2000,0.9899,0.032,39.43048,20241110041945
20241110042100,2000,0.99,0.0,22.81866,20241110042105
20241110042336,2000,0.9055,0.0,23.83447,20241110042335
20241110042443,2000,0.9874,0.028,22.64193,20241110042445
20241110042721,2000,0.9798,0.0,23.76162,20241110042726
20241110042829,2000,0.9825,0.04,22.8281,20241110042826
20241110043105,2000,0.9925,0.0,23.02371,20241110043106
20241110043223,2200,0.9924,0.016,22.90904,20241110043226
20241110043454,2200,0.9899,0.0,23.47023,20241110043456
20241110043606,2200,0.9549,0.152,22.77818,20241110043606
20241110043837,2200,0.9293,0.0,24.35519,20241110043837
20241110043948,2200,0.9924,0.016,22.64463,20241110043947
20241110044216,2200,0.9059,0.044,25.00272,20241110044217
20241110044327,2200,0.9825,0.036,23.40683,20241110044327
20241110044554,2200,0.94,0.004,22.80112,20241110044557
20241110044706,2200,0.985,0.02,22.81866,20241110044707
20241110044927,2200,0.9899,0.0,24.44557,20241110044928
20241110045039,2200,0.9899,0.032,23.09116,20241110045038
20241110045310,2200,0.915,0.004,22.53671,20241110045318
20241110045421,2200,0.995,0.0,23.19773,20241110045428
20241110045653,2200,0.9132,0.0,22.95761,20241110045659
20241110045804,2200,0.9824,0.04,22.80112,20241110045809
20241110050036,2200,0.885,0.044,23.09655,20241110050039
20241110050147,2200,0.9899,0.032,23.67258,20241110050149
20241110050414,2200,0.9202,0.024,22.95221,20241110050419
20241110050526,2200,0.985,0.0,22.93737,20241110050529
20241110050754,2200,0.9082,0.036,23.06283,20241110050755
20241110050905,2200,0.9924,0.024,23.78725,20241110050905
20241110051132,2200,0.9949,0.004,22.86183,20241110051135
20241110051243,2200,0.9925,0.0,22.70804,20241110051245
20241110051510,2200,0.9975,0.0,24.80576,20241110051515
20241110051621,2200,0.995,0.0,22.53536,20241110051625
20241110051856,2200,0.9799,0.0356,23.53633,20241110051856
20241110052007,2200,0.9925,0.0,22.65408,20241110052006
20241110052231,2200,0.9924,0.0,22.76065,20241110052236
20241110052342,2200,0.9899,0.028,22.8254,20241110052346
20241110052613,2200,0.9925,0.004,22.67566,20241110052616
20241110052724,2200,0.9975,0.0,23.05878,20241110052726
20241110052956,2200,0.9925,0.0,22.96435,20241110052957
20241110053107,2200,0.9824,0.056,23.5876,20241110053107
20241110053328,2200,0.9975,0.0,25.24689,20241110053327
20241110053439,2200,0.995,0.0,24.47255,20241110053437
20241110053703,2200,0.995,0.0,22.78628,20241110053707
20241110053815,2200,0.995,0.0,23.19099,20241110053817
20241110054044,2200,0.9949,0.004,22.73232,20241110054048
20241110054155,2200,0.9949,0.02,22.65677,20241110054158
20241110054419,2200,0.9975,0.004,30.36237,20241110054418
20241110054530,2200,0.995,0.0,22.6244,20241110054538
20241110054802,2200,0.9975,0.0,22.8969,20241110054808
20241110054909,2200,0.9925,0.0,22.85373,20241110054909
20241110055134,2200,0.9875,0.0,23.04529,20241110055139
20241110055246,2200,1.0,0.0,22.64868,20241110055249
20241110055517,2200,0.9849,0.044,23.54443,20241110055519
20241110055628,2200,0.99,0.004,22.85103,20241110055629
20241110055858,2200,0.9373,0.036,23.59164,20241110055855
20241110060009,2200,0.9925,0.0,22.75795,20241110060005
20241110060240,2200,0.9925,0.0,22.84294,20241110060245
20241110060347,2200,0.9924,0.016,23.06553,20241110060345
20241110060620,2200,0.9975,0.0,22.86048,20241110060625
20241110060732,2200,0.9899,0.024,22.59337,20241110060735
20241110060951,2200,0.9975,0.0,22.84833,20241110060956
20241110061102,2200,0.995,0.0,22.59742,20241110061106
20241110061328,2200,0.995,0.0,40.23449,20241110061326
20241110061440,2200,0.9975,0.0,24.29718,20241110061446
20241110061702,2200,0.9598,0.004,22.75525,20241110061706
20241110061809,2200,0.9774,0.056,22.69859,20241110061806
20241110062036,2200,0.9823,0.0,23.65909,20241110062037
20241110062143,2200,0.9924,0.024,22.79572,20241110062147
20241110062414,2200,0.9824,0.0,23.12218,20241110062417
20241110062526,2200,0.9925,0.0,22.72288,20241110062527
20241110062751,2200,0.9075,0.072,22.87801,20241110062757
20241110062902,2200,0.9925,0.0,22.75255,20241110062908
20241110063123,2200,0.9035,0.004,22.73502,20241110063128
20241110063234,2200,0.9875,0.024,22.73367,20241110063238
20241110063504,2200,0.9198,0.0,23.55117,20241110063508
20241110063615,2200,0.9975,0.024,22.61226,20241110063618
20241110063843,2200,0.9242,0.004,22.77279,20241110063849
20241110063949,2200,0.9874,0.024,22.74716,20241110063949
20241110064219,2200,0.995,0.0,23.78185,20241110064219
20241110064326,2200,0.9949,0.024,22.6824,20241110064329
20241110064549,2200,0.9352,0.04,24.25266,20241110064549
20241110064701,2200,0.9899,0.0,23.69957,20241110064709
20241110064929,2200,0.8632,0.256,41.87355,20241110064925
20241110065040,2200,0.9975,0.016,22.62305,20241110065045
20241110065310,2200,0.9672,0.12,22.9657,20241110065315
20241110065422,2200,0.9874,0.02,22.69724,20241110065425
20241110065647,2200,0.915,0.0,42.79088,20241110065645
20241110065758,2200,0.985,0.028,22.64868,20241110065756
20241110070027,2200,0.9698,0.032,25.04589,20241110070026
20241110070139,2200,0.995,0.0,22.86587,20241110070136
20241110070405,2200,0.9421,0.0,22.77279,20241110070406
20241110070516,2200,0.9924,0.036,22.87666,20241110070516
20241110070747,2200,0.9027,0.12,35.18376,20241110070747
20241110070859,2200,0.9574,0.168,22.66487,20241110070857
20241110071132,2200,0.8856,0.044,22.86722,20241110071137
20241110071243,2200,0.9825,0.032,22.69724,20241110071247
20241110071507,2200,0.9152,0.004,23.6564,20241110071507
20241110071618,2200,0.9925,0.0,22.79707,20241110071617
20241110071843,2200,0.9924,0.0,22.82405,20241110071848
20241110071954,2200,0.9925,0.0,22.64733,20241110071958
20241110072220,2200,0.9949,0.0,22.72962,20241110072228
20241110072331,2200,0.9698,0.104,22.99942,20241110072338
20241110072557,2200,0.995,0.0,25.17674,20241110072558
20241110072708,2200,0.9925,0.0,22.66217,20241110072708
20241110072935,2200,1.0,0.0,22.74041,20241110072939
20241110073047,2200,0.9773,0.096,22.53267,20241110073049
20241110073318,2200,0.9848,0.0,25.82022,20241110073319
20241110073429,2200,0.995,0.0,22.72557,20241110073429
20241110073700,2200,0.9848,0.044,22.59877,20241110073709
20241110073811,2200,0.9975,0.0,22.75121,20241110073819
20241110074035,2200,0.9398,0.012,39.98087,20241110074035
20241110074147,2200,0.9925,0.0,22.69994,20241110074145
20241110074418,2200,0.9924,0.0,24.21759,20241110074415
20241110074529,2200,0.99,0.0,22.87801,20241110074525
20241110074756,2200,0.9747,0.036,27.91795,20241110074755
20241110074907,2200,0.99,0.004,22.91444,20241110074906
20241110075142,2200,0.995,0.0,23.04529,20241110075146
20241110075253,2200,0.9925,0.0,22.79168,20241110075256
20241110075522,2200,0.9774,0.0,22.762,20241110075526
20241110075633,2200,1.0,0.0,22.62844,20241110075636
20241110075905,2200,0.9949,0.0,24.45367,20241110075907
20241110080017,2200,0.9875,0.0,22.6905,20241110080017
20241110080246,2200,0.9595,0.0,26.28563,20241110080247
20241110080357,2200,0.9925,0.0,22.6824,20241110080357
20241110080629,2200,0.9799,0.0,37.76039,20241110080627
20241110080741,2200,0.9899,0.016,25.73388,20241110080747
20241110081009,2200,0.9925,0.0,23.55927,20241110081008
20241110081121,2200,0.98,0.016,27.77765,20241110081128
20241110081349,2200,0.9062,0.0,23.08576,20241110081348
20241110081500,2200,0.9874,0.024,24.44287,20241110081508
20241110081722,2200,0.9602,0.036,22.97784,20241110081728
20241110081834,2200,0.985,0.028,22.7539,20241110081838
20241110082101,2200,0.9377,0.0,23.06553,20241110082109
20241110082212,2200,0.9975,0.0,26.03202,20241110082219
20241110082442,2200,0.9773,0.0,23.18964,20241110082449
20241110082553,2200,0.9747,0.0,22.65947,20241110082559
20241110082818,2200,0.9749,0.0,23.66719,20241110082819
20241110082930,2200,0.9975,0.0,22.73637,20241110082935
20241110083155,2200,0.9875,0.0,23.02371,20241110083155
20241110083306,2200,0.9975,0.004,22.75121,20241110083305
20241110083532,2200,0.9874,0.032,23.28811,20241110083535
20241110083644,2200,0.995,0.0,22.78628,20241110083645
20241110083907,2200,0.9673,0.032,41.71436,20241110083905
20241110084019,2200,0.995,0.0,22.72557,20241110084016
20241110084246,2200,0.995,0.0,23.01831,20241110084246
20241110084358,2200,0.995,0.0,22.87396,20241110084356
20241110084628,2200,0.9949,0.0,27.78035,20241110084626
20241110084740,2200,1.0,0.0,25.70825,20241110084746
20241110085005,2200,0.9323,0.004,24.92178,20241110085007
20241110085116,2200,0.9728,0.028,23.05878,20241110085117
20241110085349,2200,0.9055,0.06,41.25975,20241110085347
20241110085500,2200,0.9874,0.024,25.56931,20241110085507
20241110085728,2200,0.9173,0.024,26.58647,20241110085727
20241110085839,2200,0.9924,0.036,23.20852,20241110085837
20241110090104,2200,0.8953,0.0,24.64793,20241110090108
20241110090215,2200,0.9924,0.024,22.619,20241110090218
20241110090439,2200,0.9125,0.036,23.68742,20241110090438
20241110090550,2200,0.9899,0.032,22.66217,20241110090558
20241110090816,2200,0.91,0.004,22.83889,20241110090818
20241110090927,2200,0.9825,0.024,22.67971,20241110090929
20241110091201,2200,0.9323,0.012,24.2041,20241110091209
20241110091313,2200,0.9975,0.0,25.63406,20241110091319
20241110091545,2200,0.9401,0.0,23.32993,20241110091549
20241110091657,2200,1.0,0.0,22.75255,20241110091659
20241110091923,2200,0.8903,0.0079,24.68974,20241110091929
20241110092034,2200,0.9724,0.096,23.16535,20241110092035
20241110092305,2200,0.8848,0.072,22.99538,20241110092305
20241110092412,2200,0.9899,0.012,22.6905,20241110092415
20241110092641,2200,0.8903,0.004,23.22606,20241110092645
20241110092752,2200,0.9899,0.024,22.62035,20241110092755
20241110093016,2200,0.9302,0.044,23.66179,20241110093015
20241110093128,2200,0.9925,0.0,22.69724,20241110093126
20241110093401,2200,0.9798,0.0,22.98189,20241110093406
20241110093512,2200,0.995,0.0,22.79168,20241110093516
20241110093734,2200,0.9673,0.008,23.91541,20241110093736
20241110093845,2200,0.995,0.0,22.90229,20241110093846
20241110094113,2200,0.9825,0.0,22.92523,20241110094117
20241110094220,2200,0.995,0.0,25.93624,20241110094227
20241110094449,2200,0.9722,0.104,25.75277,20241110094447
20241110094600,2200,0.9975,0.0,25.81483,20241110094607
20241110094830,2200,0.9823,0.004,23.46079,20241110094837
20241110094941,2200,1.0,0.0,27.23534,20241110094947
20241110095208,2200,0.99,0.0,23.43516,20241110095208
20241110095319,2200,0.995,0.0,22.86317,20241110095318
20241110095550,2200,0.9949,0.004,23.20582,20241110095558
20241110095701,2200,0.9925,0.0,22.93737,20241110095708
20241110095932,2200,0.99,0.0,23.63616,20241110095938
20241110100044,2200,0.9899,0.028,22.87936,20241110100049
20241110100317,2200,0.98,0.0,25.00137,20241110100319
20241110100428,2200,0.9949,0.02,22.83215,20241110100429
20241110100658,2200,0.995,0.0,25.20237,20241110100659
20241110100810,2200,0.9874,0.036,23.39064,20241110100819
20241110101040,2200,0.9773,0.0,22.97784,20241110101045
20241110101151,2200,0.995,0.0,22.64193,20241110101155
20241110101418,2200,0.9925,0.0,25.36965,20241110101415
20241110101530,2200,0.985,0.02,23.54982,20241110101535
20241110101755,2200,0.9899,0.0,23.45404,20241110101755
20241110101907,2200,0.9875,0.028,23.81423,20241110101905
20241110102133,2200,0.9698,0.036,22.95895,20241110102136
20241110102244,2200,0.9875,0.024,22.85238,20241110102246
20241110102514,2200,0.9127,0.004,23.35961,20241110102516
20241110102625,2200,0.9924,0.016,22.6851,20241110102626
20241110102850,2200,0.9725,0.0,23.49991,20241110102856
20241110103001,2200,0.985,0.028,22.88745,20241110103007
20241110103227,2200,0.9296,0.0,29.61906,20241110103227
20241110103338,2200,0.995,0.0,22.72827,20241110103337
20241110103610,2200,0.9626,0.0,23.25574,20241110103617
20241110103727,2300,0.9924,0.028,23.53229,20241110103727
20241110103957,2300,1.0,0.0,23.05743,20241110103958
20241110104108,2300,0.9874,0.016,22.77549,20241110104108
20241110104334,2300,0.9527,0.0,23.45269,20241110104338
20241110104445,2300,0.995,0.0,22.67836,20241110104448
20241110104713,2300,0.9774,0.0,23.02371,20241110104718
20241110104824,2300,0.9949,0.028,22.81731,20241110104828
20241110105049,2300,0.9975,0.0,24.71673,20241110105049
20241110105200,2300,0.985,0.024,24.01119,20241110105209
20241110105426,2300,0.985,0.0,22.80382,20241110105429
20241110105537,2300,0.9725,0.072,22.52862,20241110105539
20241110105802,2300,0.9279,0.004,23.15861,20241110105809
20241110105913,2300,0.9924,0.024,25.76356,20241110105919
20241110110137,2300,0.9425,0.004,41.95449,20241110110135
20241110110248,2300,0.9925,0.0,23.07632,20241110110245
20241110110513,2300,0.9148,0.12,23.61188,20241110110515
20241110110624,2300,0.995,0.0,22.66487,20241110110625
20241110110843,2300,0.9055,0.108,23.54443,20241110110845
20241110110954,2300,0.9949,0.024,22.8281,20241110110955
20241110111222,2300,0.9653,0.0,24.50628,20241110111226
20241110111333,2300,0.9899,0.02,22.72962,20241110111336
20241110111557,2300,0.9348,0.0,23.76702,20241110111556
20241110111703,2300,0.9924,0.024,22.85508,20241110111706
20241110111925,2300,0.9177,0.0,25.09985,20241110111926
20241110112036,2300,0.9975,0.016,22.80247,20241110112036
20241110112254,2300,0.933,0.0,22.70264,20241110112257
20241110112405,2300,0.9874,0.04,23.15861,20241110112407
20241110112630,2300,0.9575,0.04,23.33128,20241110112637
20241110112741,2300,0.9851,0.0,27.32708,20241110112747
20241110113005,2300,0.9127,0.024,22.93467,20241110113007
20241110113116,2300,0.9849,0.036,23.66854,20241110113118
20241110113339,2300,0.892,0.08,24.8921,20241110113338
20241110113450,2300,0.9874,0.028,25.28871,20241110113458
20241110113715,2300,0.9242,0.028,22.78088,20241110113718
20241110113826,2300,0.9949,0.02,22.70938,20241110113828
20241110114053,2300,0.9874,0.036,22.93062,20241110114058
20241110114205,2300,0.9924,0.024,22.66622,20241110114209
20241110114432,2300,0.9874,0.004,23.42841,20241110114439
20241110114543,2300,0.995,0.0,26.16153,20241110114549
20241110114809,2300,0.9849,0.028,23.08846,20241110114809
20241110114920,2300,0.9875,0.0,24.86242,20241110114929
20241110115149,2300,0.9773,0.0,37.52431,20241110115145
20241110115300,2300,0.9773,0.088,22.86183,20241110115305
20241110115526,2300,0.9749,0.0,34.52409,20241110115525
20241110115637,2300,0.9849,0.032,22.94546,20241110115635
20241110115901,2300,0.9925,0.0,23.02236,20241110115905
20241110120007,2300,0.9925,0.0,22.79977,20241110120005
20241110120233,2300,0.9798,0.0,23.06283,20241110120236
20241110120339,2300,0.9924,0.012,22.98054,20241110120336
20241110120601,2300,0.9899,0.0,23.82232,20241110120606
20241110120712,2300,0.9875,0.0,23.03855,20241110120716
20241110120936,2300,0.9773,0.004,28.01103,20241110120936
20241110121047,2300,0.9899,0.032,23.02775,20241110121046
20241110121314,2300,1.0,0.0,24.3417,20241110121317
20241110121425,2300,0.9975,0.044,22.79437,20241110121427
20241110121650,2300,0.97,0.024,23.21392,20241110121657
20241110121801,2300,0.9875,0.0,26.10352,20241110121807
20241110122027,2300,0.9572,0.036,25.95378,20241110122027
20241110122137,2300,0.995,0.0,22.90634,20241110122137
20241110122401,2300,0.947,0.028,22.99673,20241110122408
20241110122512,2300,0.99,0.0,26.10891,20241110122518
20241110122736,2300,0.9925,0.0,25.12143,20241110122738
20241110122847,2300,0.9899,0.024,22.72827,20241110122848
20241110123108,2300,0.995,0.0,22.97109,20241110123108
20241110123219,2300,0.9975,0.0,22.83619,20241110123218
20241110123448,2300,0.9229,0.052,25.81618,20241110123449
20241110123559,2300,0.9975,0.0,22.78493,20241110123559
20241110123828,2300,0.9772,0.032,23.74813,20241110123829
20241110123939,2300,1.0,0.0,23.40008,20241110123939
20241110124205,2300,0.9302,0.044,22.80517,20241110124209
20241110124316,2300,0.995,0.0,22.71343,20241110124315
20241110124542,2300,0.995,0.0,22.99673,20241110124545
20241110124648,2300,0.9924,0.0,22.85103,20241110124645
20241110124915,2300,0.8603,0.084,23.85605,20241110124915
20241110125025,2300,0.9874,0.024,22.68375,20241110125025
20241110125244,2300,0.88,0.032,24.38622,20241110125245
20241110125355,2300,0.9826,0.0,22.98458,20241110125356
20241110125614,2300,0.7568,0.028,33.09143,20241110125616
20241110125725,2300,0.9949,0.036,22.78223,20241110125726
20241110125949,2300,0.9874,0.036,44.09538,20241110125946
20241110130101,2300,0.9925,0.0,24.04356,20241110130106
20241110130330,2300,0.9773,0.032,23.34072,20241110130336
20241110130441,2300,0.9975,0.0,24.81385,20241110130447
20241110130707,2300,0.9672,0.04,23.6483,20241110130707
20241110130818,2300,0.9975,0.02,22.84429,20241110130817
20241110131046,2300,0.9748,0.028,23.73329,20241110131047
20241110131153,2300,0.9874,0.028,22.92253,20241110131157
20241110131418,2300,0.849,0.12,23.36771,20241110131417
20241110131529,2300,0.99,0.0,22.80382,20241110131528
20241110131754,2300,0.9225,0.004,22.94142,20241110131758
20241110131905,2300,1.0,0.004,22.85913,20241110131908
20241110132126,2300,0.952,0.004,22.99538,20241110132128
20241110132237,2300,0.9899,0.024,22.86452,20241110132238
20241110132505,2300,0.9175,0.0,22.87262,20241110132509
20241110132616,2300,0.9899,0.02,22.76065,20241110132619
20241110132842,2300,0.9773,0.0,23.07497,20241110132849
20241110132953,2300,0.9924,0.02,25.99964,20241110132959
20241110133218,2300,0.9084,0.0,24.96225,20241110133219
20241110133329,2300,0.9925,0.0,22.74986,20241110133329
20241110133558,2300,0.9012,0.028,41.95719,20241110133555
20241110133709,2300,0.9825,0.0,22.94546,20241110133705
20241110133936,2300,0.9177,0.0,24.50088,20241110133935
20241110134047,2300,0.9975,0.0,22.82405,20241110134045
20241110134313,2300,0.9173,0.032,24.97978,20241110134315
20241110134423,2300,0.9875,0.024,22.96975,20241110134426
20241110134649,2300,0.995,0.0,42.71399,20241110134646
20241110134800,2300,0.9874,0.028,22.79033,20241110134806
20241110135027,2300,0.9202,0.0,24.88131,20241110135026
20241110135138,2300,0.99,0.0,22.84024,20241110135136
20241110135405,2300,0.985,0.004,23.22471,20241110135407
20241110135517,2300,0.9899,0.032,22.97109,20241110135517
20241110135743,2300,0.9899,0.036,22.86183,20241110135747
20241110135854,2300,0.99,0.0,22.80651,20241110135857
20241110140124,2300,0.995,0.0,22.99133,20241110140127
20241110140235,2300,1.0,0.0,22.78898,20241110140238
20241110140501,2300,0.995,0.0,23.47563,20241110140508
20241110140612,2300,0.9949,0.024,25.86069,20241110140618
20241110140835,2300,0.9874,0.0,22.92388,20241110140838
20241110140946,2300,0.9975,0.0,22.76335,20241110140948
20241110141209,2300,0.995,0.0,24.6884,20241110141209
20241110141320,2300,0.9874,0.032,23.81963,20241110141329
20241110141547,2300,0.995,0.0,23.98151,20241110141549
20241110141658,2300,0.9874,0.032,22.84698,20241110141659
20241110141919,2300,0.9748,0.0,24.00714,20241110141919
20241110142029,2300,0.9925,0.0,22.77144,20241110142029
20241110142256,2300,0.9899,0.0,34.3784,20241110142255
20241110142407,2300,0.9925,0.0,22.7566,20241110142405
20241110142632,2300,0.99,0.0,22.9657,20241110142635
20241110142743,2300,0.9874,0.032,22.87666,20241110142745
20241110143008,2300,0.9571,0.08,41.12215,20241110143005
20241110143119,2300,0.995,0.0,22.98324,20241110143115
20241110143341,2300,0.9799,0.0,22.92928,20241110143346
20241110143452,2300,0.9899,0.02,22.91039,20241110143456
20241110143717,2300,0.9899,0.0,24.9582,20241110143716
20241110143828,2300,0.985,0.016,22.98458,20241110143826
20241110144051,2300,0.9975,0.0,22.93197,20241110144056
20241110144202,2300,0.995,0.0,23.09251,20241110144206
20241110144424,2300,0.9975,0.004,24.8152,20241110144427
20241110144535,2300,0.99,0.0,24.15284,20241110144537
20241110144757,2300,0.9798,0.0,23.60783,20241110144757
20241110144908,2300,0.9975,0.024,22.81461,20241110144907
20241110145129,2300,0.9007,0.136,36.93344,20241110145127
20241110145239,2300,0.995,0.0,22.81596,20241110145238
20241110145509,2300,0.9352,0.004,24.87726,20241110145508
20241110145620,2300,0.9899,0.016,23.91001,20241110145628
20241110145845,2300,0.9924,0.004,22.97649,20241110145848
20241110145956,2300,0.995,0.0,22.82945,20241110145958
20241110150218,2300,0.9774,0.0,23.94509,20241110150219
20241110150329,2300,0.9899,0.032,23.01966,20241110150329
20241110150553,2300,0.8881,0.0,23.164,20241110150559
20241110150704,2300,0.9825,0.032,22.88206,20241110150709
20241110150927,2300,0.9723,0.032,26.30047,20241110150929
20241110151038,2300,0.9924,0.032,22.73771,20241110151039
20241110151305,2300,0.9352,0.008,23.58085,20241110151305
20241110151416,2300,0.9949,0.0,22.80517,20241110151415
20241110151640,2300,0.9677,0.0,23.50126,20241110151645
20241110151751,2300,0.9975,0.0,22.78493,20241110151755
20241110152012,2300,0.995,0.0,24.76934,20241110152015
20241110152119,2300,0.9899,0.032,25.12548,20241110152115
20241110152344,2300,0.9378,0.0,23.6564,20241110152346
20241110152455,2300,0.9925,0.0,22.91309,20241110152456
20241110152721,2300,0.9206,0.048,23.11949,20241110152726
20241110152832,2300,0.9925,0.0,22.81056,20241110152836
20241110153055,2300,0.9322,0.032,23.95048,20241110153056
20241110153206,2300,0.9874,0.032,23.18829,20241110153206
20241110153431,2300,0.9825,0.036,22.94007,20241110153437
20241110153542,2300,0.9874,0.028,23.13028,20241110153547
20241110153810,2300,0.9102,0.028,24.34844,20241110153817
20241110153921,2300,0.9875,0.0,25.22126,20241110153927
20241110154142,2300,0.9646,0.032,23.17749,20241110154147
20241110154253,2300,0.99,0.0,24.50763,20241110154258
20241110154516,2300,0.9177,0.0,24.08269,20241110154518
20241110154622,2300,0.9975,0.0,24.76799,20241110154628
20241110154846,2300,0.9075,0.072,24.22433,20241110154848
20241110154957,2300,0.995,0.0,22.80786,20241110154958
20241110155223,2300,0.9322,0.0,22.98863,20241110155229
20241110155330,2300,0.9849,0.032,23.62132,20241110155339
20241110155601,2300,0.9849,0.0,23.28811,20241110155609
20241110155712,2300,0.9924,0.032,27.10854,20241110155719
20241110155936,2300,0.9256,0.0,23.02236,20241110155939
20241110160043,2300,1.0,0.0,26.12375,20241110160049
20241110160312,2300,0.9107,0.0,23.06553,20241110160315
20241110160423,2300,0.9925,0.0,22.80247,20241110160425
20241110160649,2300,0.9007,0.04,44.69435,20241110160645
20241110160800,2300,0.9875,0.016,23.76297,20241110160805
20241110161020,2300,0.9627,0.004,23.25169,20241110161025
20241110161131,2300,0.9925,0.0,22.82675,20241110161135
20241110161351,2300,0.995,0.0,22.80517,20241110161356
20241110161502,2300,0.9975,0.0,22.68375,20241110161506
20241110161718,2300,0.9774,0.0,43.5895,20241110161716
20241110161829,2300,0.99,0.0,22.98594,20241110161826
20241110162049,2300,0.995,0.0,41.88029,20241110162046
20241110162159,2300,0.99,0.0,22.81461,20241110162156
20241110162423,2300,0.9799,0.0,23.12353,20241110162427
20241110162533,2300,0.9925,0.004,22.71073,20241110162537
20241110162756,2300,1.0,0.0,23.13028,20241110162757
20241110162907,2300,1.0,0.0,22.89015,20241110162907
20241110163132,2300,0.995,0.004,23.14647,20241110163137
20241110163243,2300,0.9949,0.012,22.85508,20241110163247
20241110163510,2300,0.9924,0.0,23.34342,20241110163518
20241110163625,2500,0.9875,0.0,22.85508,20241110163628
20241110163840,2500,0.9799,0.036,23.34612,20241110163848
20241110163950,2500,0.9975,0.0,23.87494,20241110163958
20241110164201,2500,0.9949,0.0,24.39701,20241110164208
20241110164311,2500,0.995,0.0,22.81191,20241110164319
20241110164524,2500,0.9849,0.04,24.52112,20241110164529
20241110164634,2500,0.9949,0.016,22.80247,20241110164639
20241110164842,2500,1.0,0.004,23.46214,20241110164849
20241110164953,2500,0.9949,0.02,23.18694,20241110164959
20241110165203,2500,0.9799,0.0,24.08269,20241110165209
20241110165313,2500,0.9875,0.0,22.90634,20241110165315
20241110165525,2500,0.9749,0.0,27.3581,20241110165525
20241110165635,2500,0.9925,0.0,23.28272,20241110165635
20241110165846,2500,0.9774,0.0,27.58474,20241110165845
20241110165956,2500,0.99,0.0,22.98054,20241110165955
20241110170209,2500,0.99,0.0,45.39449,20241110170205
20241110170315,2500,0.995,0.0,22.88611,20241110170316
20241110170527,2500,0.9571,0.064,43.95238,20241110170526
20241110170637,2500,0.995,0.0,22.95625,20241110170636
20241110170854,2500,0.9453,0.0,22.95356,20241110170856
20241110171004,2500,0.9949,0.024,22.75121,20241110171006
20241110171218,2500,0.9875,0.0,36.19148,20241110171216
20241110171328,2500,0.995,0.004,22.79707,20241110171327
20241110171541,2500,0.9624,0.0,22.87936,20241110171547
20241110171651,2500,0.9874,0.032,25.94973,20241110171657
20241110171906,2500,0.985,0.028,24.48739,20241110171907
20241110172016,2500,0.9899,0.028,22.85778,20241110172017
20241110172229,2500,0.9775,0.0,32.00817,20241110172227
20241110172339,2500,0.9899,0.028,22.8996,20241110172338
20241110172553,2500,0.9773,0.028,22.95895,20241110172558
20241110172703,2500,0.9975,0.0,22.79572,20241110172708
20241110172915,2500,0.9227,0.0,22.99538,20241110172918
20241110173025,2500,1.0,0.0,23.49991,20241110173028
20241110173237,2500,0.9798,0.0,24.76934,20241110173238
20241110173347,2500,0.995,0.0,22.97514,20241110173349
20241110173557,2500,0.995,0.0,24.53326,20241110173559
20241110173708,2500,0.9925,0.0,22.86317,20241110173709
20241110173917,2500,0.9823,0.0,25.94703,20241110173919
20241110174027,2500,0.995,0.0,22.95221,20241110174029
20241110174239,2500,0.927,0.036,23.12893,20241110174239
20241110174349,2500,0.9975,0.0,24.42264,20241110174349
20241110174604,2500,0.9223,0.028,25.027,20241110174605
20241110174714,2500,0.9925,0.0,22.94411,20241110174715
20241110174925,2500,0.9198,0.052,22.94007,20241110174925
20241110175030,2500,1.0,0.0,22.91039,20241110175035
20241110175243,2500,0.9548,0.0,23.68742,20241110175245
20241110175353,2500,0.9875,0.0,22.79842,20241110175355
20241110175604,2500,0.9246,0.028,22.84698,20241110175606
20241110175714,2500,0.99,0.0,22.84294,20241110175716
20241110175927,2500,0.8938,0.004,27.78844,20241110175926
20241110180037,2500,0.9899,0.036,22.94276,20241110180036
20241110180248,2500,0.9597,0.0,45.16516,20241110180246
20241110180358,2500,0.9899,0.036,22.80382,20241110180357
20241110180611,2500,0.9084,0.068,23.60513,20241110180617
20241110180721,2500,0.9899,0.024,26.09812,20241110180727
20241110180932,2500,0.9298,0.0,23.04124,20241110180937
20241110181042,2500,0.9899,0.028,22.81056,20241110181047
20241110181256,2500,0.897,0.056,26.22628,20241110181257
20241110181406,2500,0.99,0.0,22.88745,20241110181408
20241110181621,2500,0.9273,0.004,23.47428,20241110181628
20241110181731,2500,0.9975,0.0,22.8254,20241110181738
20241110181943,2500,0.9924,0.0,25.07017,20241110181948
20241110182053,2500,0.995,0.0,23.01022,20241110182058
20241110182305,2500,0.9975,0.0,23.10195,20241110182308
20241110182415,2500,0.9975,0.0,22.86048,20241110182419
20241110182626,2500,1.0,0.004,23.03585,20241110182629
20241110182736,2500,0.9975,0.0,22.76335,20241110182739
20241110182948,2500,0.9899,0.0,23.8547,20241110182949
20241110183058,2500,0.99,0.0,22.87531,20241110183059
20241110183309,2500,0.9925,0.0,25.19158,20241110183309
20241110183419,2500,0.9899,0.048,22.93197,20241110183415
20241110183631,2500,0.925,0.004,23.13163,20241110183635
20241110183742,2500,0.9925,0.004,22.71478,20241110183745
20241110183955,2500,0.9797,0.036,23.46888,20241110183955
20241110184105,2500,0.9975,0.0,22.77549,20241110184105
20241110184321,2500,0.9774,0.06,23.13568,20241110184325
20241110184431,2500,0.995,0.0,22.86587,20241110184436
20241110184647,2500,0.9849,0.0,23.88978,20241110184646
20241110184757,2500,0.995,0.0,22.85643,20241110184756
20241110185008,2500,0.9925,0.0,45.41742,20241110185006
20241110185118,2500,0.985,0.024,22.88476,20241110185116
20241110185331,2500,0.9672,0.12,22.79033,20241110185336
20241110185441,2500,0.9899,0.024,25.07287,20241110185447
20241110185655,2500,0.9975,0.0,23.66179,20241110185657
20241110185805,2500,0.9949,0.016,22.75525,20241110185807
20241110190018,2500,0.9353,0.036,29.27776,20241110190017
20241110190128,2500,0.9924,0.028,22.81866,20241110190127
20241110190339,2500,0.9398,0.036,25.5032,20241110190338
20241110190449,2500,0.9773,0.084,22.74176,20241110190448
20241110190701,2500,0.9677,0.004,23.63751,20241110190708
20241110190811,2500,0.9874,0.032,23.68203,20241110190818
20241110191022,2500,0.9429,0.0,22.98189,20241110191028
20241110191132,2500,0.99,0.016,24.41724,20241110191138
20241110191347,2500,0.9248,0.056,23.58085,20241110191349
20241110191457,2500,1.0,0.0,22.90769,20241110191459
20241110191711,2500,0.9723,0.068,23.15591,20241110191719
20241110191821,2500,0.9925,0.0,23.3785,20241110191829
20241110192035,2500,0.9875,0.0,22.91848,20241110192039
20241110192145,2500,0.9899,0.028,22.77549,20241110192149
20241110192400,2500,0.9848,0.064,23.06013,20241110192405
20241110192510,2500,0.99,0.0,22.84429,20241110192515
20241110192727,2500,0.9394,0.036,43.91056,20241110192725
20241110192837,2500,0.98,0.088,22.76874,20241110192835
20241110193052,2500,0.9975,0.0,22.82135,20241110193055
20241110193203,2500,0.9874,0.028,22.8227,20241110193205
20241110193415,2500,0.9671,0.088,24.22029,20241110193416
20241110193525,2500,0.995,0.016,22.79707,20241110193526
20241110193740,2500,0.9748,0.004,24.25536,20241110193746
20241110193850,2500,0.995,0.0,26.04686,20241110193856
20241110194103,2500,0.8983,0.044,23.22471,20241110194106
20241110194213,2500,0.9749,0.076,22.91039,20241110194216
20241110194429,2500,0.9273,0.0,45.2461,20241110194427
20241110194539,2500,0.9925,0.0,22.79437,20241110194537
20241110194750,2500,0.995,0.004,23.32993,20241110194757
20241110194900,2500,0.9875,0.02,25.95512,20241110194907
20241110195110,2500,0.93,0.004,23.31914,20241110195117
20241110195220,2500,0.9801,0.02,23.70901,20241110195227
20241110195435,2500,0.9924,0.004,23.43651,20241110195438
20241110195545,2500,0.99,0.0,22.79168,20241110195548
20241110195758,2500,0.9134,0.0,23.13702,20241110195758
20241110195908,2500,0.98,0.036,23.54848,20241110195908
20241110200125,2500,0.9451,0.012,23.12084,20241110200128
20241110200235,2500,0.995,0.0,22.83619,20241110200238
20241110200448,2500,0.932,0.0,24.56564,20241110200449
20241110200558,2500,0.9824,0.056,23.54713,20241110200559
20241110200812,2500,0.8778,0.04,23.72385,20241110200819
20241110200922,2500,0.9899,0.032,23.83986,20241110200929
20241110201131,2500,0.8878,0.0,22.72422,20241110201139
20241110201241,2500,0.9875,0.0,26.2681,20241110201249
20241110201455,2500,0.9849,0.044,33.93997,20241110201455
20241110201606,2500,0.9975,0.0,23.794,20241110201605
20241110201818,2500,0.9523,0.0,45.28522,20241110201815
20241110201928,2500,0.99,0.0,22.91578,20241110201925
20241110202137,2500,0.9107,0.052,35.95001,20241110202135
20241110202247,2500,0.9949,0.0,22.85913,20241110202245
20241110202500,2500,0.9949,0.0,23.08981,20241110202506
20241110202610,2500,0.9925,0.0,25.78245,20241110202616
20241110202822,2500,0.99,0.0,22.8308,20241110202826
20241110202932,2500,0.99,0.0,22.74446,20241110202936
20241110203146,2500,0.9975,0.0,24.10562,20241110203146
20241110203256,2500,0.9875,0.0,22.70129,20241110203256
20241110203511,2500,0.9925,0.004,23.11004,20241110203516
20241110203621,2500,0.9975,0.0,25.62731,20241110203627
20241110203832,2500,0.9275,0.0,23.11274,20241110203837
20241110203942,2500,1.0,0.004,22.86587,20241110203947
20241110204154,2500,0.9925,0.0,23.55387,20241110204157
20241110204304,2500,0.995,0.0,22.95491,20241110204307
20241110204519,2500,0.98,0.0,42.59932,20241110204517
20241110204629,2500,0.995,0.0,22.94546,20241110204628
20241110204841,2500,0.9824,0.0,23.43381,20241110204848
20241110204951,2500,0.9975,0.0,22.72827,20241110204958
20241110205201,2500,0.99,0.0,23.28946,20241110205208
20241110205311,2500,0.9925,0.0,22.74041,20241110205318
20241110205522,2500,0.99,0.0,22.97919,20241110205529
20241110205632,2500,0.9875,0.024,27.93683,20241110205639
20241110205847,2500,0.9875,0.0,25.26713,20241110205849
20241110205958,2500,0.9925,0.0,22.86857,20241110205959
20241110210211,2500,0.9874,0.032,25.18484,20241110210219
20241110210321,2500,0.9925,0.0,23.79265,20241110210329
20241110210533,2500,0.9701,0.0,22.91039,20241110210539
20241110210644,2500,0.9924,0.02,22.76874,20241110210645
20241110210859,2500,0.995,0.0,46.0582,20241110210855
20241110211010,2500,0.9899,0.0,22.87262,20241110211015
20241110211221,2500,1.0,0.0,22.88206,20241110211225
20241110211332,2500,0.9949,0.028,23.00482,20241110211335
20241110211545,2500,0.9826,0.0,24.46581,20241110211546
20241110211655,2500,0.9899,0.016,22.72422,20241110211656
20241110211908,2500,0.975,0.0,44.08729,20241110211906
20241110212018,2500,0.9949,0.028,22.8281,20241110212016
20241110212233,2500,0.995,0.0,23.00212,20241110212236
20241110212343,2500,0.9875,0.024,22.80247,20241110212346
20241110212553,2500,0.9215,0.024,23.13568,20241110212556
20241110212703,2500,0.9925,0.0,22.85643,20241110212707
20241110212915,2500,0.9451,0.0,24.07729,20241110212917
20241110213025,2500,0.985,0.0,22.8969,20241110213027
20241110213240,2500,0.9924,0.032,24.44152,20241110213247
20241110213350,2500,0.99,0.0,26.26135,20241110213357
20241110213603,2500,0.9601,0.004,23.18694,20241110213607
20241110213713,2500,0.9949,0.02,22.95086,20241110213718
20241110213926,2500,0.9925,0.004,25.14436,20241110213928
20241110214036,2500,0.9949,0.012,22.80112,20241110214038
20241110214248,2500,0.9173,0.056,23.58085,20241110214248
20241110214358,2500,0.9675,0.088,22.85778,20241110214358
20241110214615,2500,0.9403,0.0,24.15149,20241110214618
20241110214725,2500,0.9899,0.016,22.73232,20241110214728
20241110214939,2500,0.9177,0.036,23.06283,20241110214939
20241110215049,2500,0.995,0.0,22.70669,20241110215049
20241110215302,2500,0.9227,0.004,23.77511,20241110215309
20241110215412,2500,0.9975,0.0,23.09655,20241110215419
20241110215628,2500,0.9273,0.0,23.05069,20241110215629
20241110215738,2500,0.9874,0.024,23.94778,20241110215734
20241110215949,2500,0.9219,0.0,43.60164,20241110215945
20241110220059,2500,0.9874,0.036,23.34882,20241110220055
20241110220309,2500,0.9252,0.0,45.96917,20241110220305
20241110220419,2500,0.985,0.028,23.52689,20241110220415
20241110220632,2500,0.995,0.0,24.78687,20241110220635
20241110220742,2500,0.9875,0.0,22.79302,20241110220745
20241110220957,2500,0.995,0.0,29.73238,20241110220956
20241110221107,2500,0.995,0.02,22.86992,20241110221106
20241110221317,2500,0.9824,0.0,35.08259,20241110221316
20241110221432,2700,0.9924,0.028,22.81191,20241110221436
20241110221639,2700,0.9849,0.0,27.15036,20241110221636
20241110221749,2700,0.985,0.02,22.90769,20241110221746
20241110221956,2700,0.915,0.092,26.13589,20241110221957
20241110222104,2700,0.99,0.0,22.93332,20241110222107
20241110222316,2700,0.995,0.004,25.14571,20241110222317
20241110222425,2700,0.9925,0.0,22.91444,20241110222427
20241110222635,2700,0.9252,0.0,25.52614,20241110222637
20241110222744,2700,1.0,0.0,22.76604,20241110222747
20241110222955,2700,0.9725,0.032,24.16093,20241110222958
20241110223103,2700,0.995,0.0,22.85508,20241110223108
20241110223315,2700,0.9925,0.0,23.46888,20241110223318
20241110223424,2700,0.995,0.0,22.85778,20241110223428
20241110223636,2700,0.995,0.0,23.38929,20241110223638
20241110223745,2700,0.995,0.0,22.84159,20241110223748
20241110223956,2700,0.9875,0.0,23.11544,20241110223959
20241110224105,2700,0.995,0.0,22.90499,20241110224109
20241110224317,2700,0.9925,0.004,24.79092,20241110224319
20241110224426,2700,0.9849,0.032,23.03315,20241110224429
20241110224637,2700,0.9799,0.004,23.16266,20241110224639
20241110224746,2700,1.0,0.0,22.90229,20241110224749
20241110224958,2700,0.9874,0.0,50.27659,20241110224955
20241110225108,2700,0.9975,0.0,22.85103,20241110225105
20241110225316,2700,0.9723,0.0,24.67626,20241110225315
20241110225425,2700,0.985,0.024,23.81018,20241110225425
20241110225640,2700,0.9699,0.032,23.19503,20241110225645
20241110225749,2700,0.9899,0.028,23.00347,20241110225745
20241110225959,2700,0.9874,0.0,50.01083,20241110225956
20241110230108,2700,0.995,0.0,23.57276,20241110230106
20241110230319,2700,0.9824,0.0,50.92546,20241110230316
20241110230428,2700,0.9975,0.0,22.84833,20241110230426
20241110230636,2700,0.9799,0.008,23.88708,20241110230636
20241110230745,2700,1.0,0.0,22.95086,20241110230746
20241110230956,2700,0.9925,0.0,23.08711,20241110230957
20241110231105,2700,0.9925,0.0,22.93602,20241110231107
20241110231316,2700,0.9975,0.0,25.94703,20241110231317
20241110231425,2700,0.99,0.0,24.87996,20241110231427
20241110231638,2700,0.995,0.0,25.13492,20241110231637
20241110231747,2700,0.9925,0.0,22.79572,20241110231747
20241110231957,2700,0.9848,0.004,23.91406,20241110231958
20241110232106,2700,0.9975,0.0,22.95491,20241110232108
20241110232314,2700,0.99,0.0,24.6088,20241110232318
20241110232423,2700,0.9975,0.0,22.71208,20241110232428
20241110232629,2700,0.9924,0.028,26.14534,20241110232628
20241110232738,2700,0.9975,0.0,22.90095,20241110232738
20241110232949,2700,0.9925,0.0,30.24231,20241110232949
20241110233058,2700,0.9925,0.0,22.90499,20241110233059
20241110233307,2700,0.9824,0.04,26.93721,20241110233309
20241110233416,2700,0.99,0.0,22.77009,20241110233419
20241110233625,2700,0.9347,0.048,23.15726,20241110233629
20241110233734,2700,0.9899,0.02,25.52074,20241110233739
20241110233948,2700,0.9453,0.0,49.92584,20241110233945
20241110234057,2700,0.995,0.0,23.15321,20241110234055
20241110234307,2700,0.9798,0.032,28.81504,20241110234305
20241110234416,2700,0.9975,0.0,22.85913,20241110234415
20241110234629,2700,0.9699,0.032,49.67358,20241110234625
20241110234739,2700,0.9826,0.0,24.30258,20241110234735
20241110234952,2700,0.9699,0.036,24.6196,20241110234956
20241110235101,2700,0.9874,0.032,24.03142,20241110235106
20241110235312,2700,0.9875,0.0,23.02641,20241110235316
20241110235422,2700,0.9801,0.0,23.68742,20241110235426
20241110235631,2700,0.9322,0.004,23.0318,20241110235636
20241110235740,2700,0.9899,0.032,26.25865,20241110235746
20241110235951,2700,0.9726,0.004,22.95491,20241110235957
20241111000101,2700,0.985,0.0,23.06013,20241111000107
20241111000309,2700,0.9799,0.0,26.38681,20241111000307
20241111000419,2700,0.9849,0.028,22.90095,20241111000417
20241111000633,2700,0.9121,0.0,24.05705,20241111000637
20241111000742,2700,1.0,0.0,22.91444,20241111000747
20241111000957,2700,0.9925,0.0,24.26076,20241111000958
20241111001107,2700,0.985,0.036,23.10735,20241111001108
20241111001319,2700,0.9141,0.032,23.49721,20241111001318
20241111001428,2700,0.9975,0.0,23.35961,20241111001428
20241111001639,2700,0.9395,0.04,45.95298,20241111001638
20241111001748,2700,0.9949,0.016,22.90634,20241111001748
20241111001959,2700,0.97,0.0,26.18581,20241111001959
20241111002108,2700,0.9875,0.0,23.73464,20241111002109
20241111002319,2700,0.9171,0.088,23.08171,20241111002319
20241111002428,2700,0.9924,0.016,22.81596,20241111002429
20241111002635,2700,0.9322,0.036,23.2355,20241111002639
20241111002744,2700,0.9751,0.04,24.12586,20241111002749
20241111002953,2700,0.9525,0.048,22.94681,20241111002955
20241111003102,2700,0.9875,0.024,22.90499,20241111003105
20241111003314,2700,0.9045,0.04,26.22358,20241111003315
20241111003423,2700,0.9799,0.06,22.8969,20241111003425
20241111003636,2700,0.9975,0.008,47.22511,20241111003635
20241111003745,2700,0.99,0.0,22.83619,20241111003745
20241111003956,2700,0.9052,0.016,35.62085,20241111003956
20241111004105,2700,0.9925,0.0,23.07767,20241111004106
20241111004316,2700,0.9925,0.008,23.73599,20241111004316
20241111004425,2700,0.9975,0.0,23.05474,20241111004426
20241111004639,2700,0.9975,0.0,48.64023,20241111004636
20241111004748,2700,0.99,0.0,22.87666,20241111004746
20241111005001,2700,0.9975,0.0,23.11409,20241111005007
20241111005110,2700,0.9925,0.0,22.9684,20241111005117
20241111005321,2700,0.9975,0.0,23.17749,20241111005327
20241111005430,2700,0.995,0.0,22.78628,20241111005437
20241111005643,2700,0.9925,0.024,23.06687,20241111005647
20241111005753,2700,0.995,0.0,23.13568,20241111005757
20241111010003,2700,0.9848,0.0,23.39738,20241111010008
20241111010112,2700,0.9799,0.052,26.87111,20241111010118
20241111010322,2700,0.9975,0.0,22.87936,20241111010328
20241111010432,2700,0.9924,0.04,27.54697,20241111010438
20241111010640,2700,0.995,0.004,22.87801,20241111010648
20241111010749,2700,0.995,0.0,23.05878,20241111010748
20241111011001,2700,0.9925,0.0,23.32589,20241111011009
20241111011110,2700,0.99,0.0,24.04222,20241111011119
20241111011321,2700,0.985,0.0,23.39873,20241111011329
20241111011430,2700,0.9851,0.0,23.86145,20241111011439
20241111011639,2700,0.9573,0.096,26.07519,20241111011639
20241111011749,2700,0.995,0.032,22.81461,20241111011749
20241111011959,2700,0.9875,0.004,50.6071,20241111011955
20241111012108,2700,1.0,0.016,22.83215,20241111012105
20241111012319,2700,0.9975,0.004,48.38256,20241111012315
20241111012429,2700,0.995,0.0,22.90904,20241111012425
20241111012643,2700,0.99,0.0,23.82232,20241111012645
20241111012752,2700,0.9875,0.024,22.84968,20241111012755
20241111013000,2700,0.99,0.004,23.21257,20241111013006
20241111013109,2700,0.98,0.036,22.80382,20241111013106
20241111013323,2700,0.995,0.0,23.79535,20241111013326
20241111013432,2700,0.99,0.0,22.88206,20241111013436
20241111013645,2700,0.925,0.056,25.68802,20241111013646
20241111013754,2700,0.9874,0.032,22.78088,20241111013756
20241111013959,2700,0.9925,0.004,49.9879,20241111013957
20241111014108,2700,0.995,0.0,23.08711,20241111014107
20241111014321,2700,0.9824,0.0,22.97514,20241111014327
20241111014430,2700,0.995,0.0,25.24284,20241111014437
20241111014639,2700,0.9975,0.004,23.66989,20241111014637
20241111014748,2700,1.0,0.0,22.99673,20241111014747
20241111015000,2700,0.8914,0.156,24.33091,20241111015008
20241111015109,2700,0.9975,0.0,22.92658,20241111015108
20241111015318,2700,0.9271,0.032,23.1694,20241111015318
20241111015427,2700,0.9875,0.0,23.06148,20241111015428
20241111015640,2700,0.9925,0.0,22.51243,20241111015648
20241111015750,2700,0.9899,0.02,25.60978,20241111015758
20241111020000,2700,0.9048,0.036,22.74581,20241111020009
20241111020109,2700,0.9925,0.0,22.86183,20241111020109
20241111020321,2700,0.9273,0.024,23.84526,20241111020329
20241111020430,2700,0.99,0.0,25.94703,20241111020439
20241111020641,2700,0.9027,0.036,22.7647,20241111020649
20241111020750,2700,0.995,0.0,32.41288,20241111020759
20241111021000,2700,0.9949,0.0,23.05474,20241111021004
20241111021110,2700,0.9925,0.0,23.106,20241111021115
20241111021320,2700,0.9775,0.0,23.67798,20241111021325
20241111021430,2700,0.9899,0.028,26.37332,20241111021435
20241111021640,2700,0.9302,0.0,24.37812,20241111021645
20241111021749,2700,0.9975,0.0,22.90499,20241111021745
20241111021956,2700,0.995,0.0,32.99026,20241111021955
20241111022105,2700,0.9949,0.028,22.8915,20241111022106
20241111022318,2700,0.9279,0.0,23.52689,20241111022316
20241111022427,2700,0.9925,0.0,22.84968,20241111022426
20241111022636,2700,0.9048,0.0,23.85335,20241111022636
20241111022745,2700,0.995,0.0,22.8996,20241111022746
20241111022953,2700,0.95,0.028,23.33938,20241111022956
20241111023102,2700,0.9975,0.0,22.80517,20241111023107
20241111023314,2700,0.93,0.004,23.21122,20241111023317
20241111023423,2700,0.99,0.0,22.8308,20241111023427
20241111023632,2700,0.9175,0.076,22.95086,20241111023637
20241111023741,2700,0.9899,0.02,26.26405,20241111023747
20241111023953,2700,0.9146,0.004,22.96975,20241111023957
20241111024102,2700,0.9975,0.0,26.2627,20241111024108
20241111024312,2700,0.9799,0.0,22.97649,20241111024318
20241111024421,2700,0.99,0.0,23.80614,20241111024428
20241111024635,2700,0.9949,0.008,25.06477,20241111024638
20241111024745,2700,0.9899,0.028,24.41859,20241111024748
20241111024958,2700,0.9751,0.0,23.41223,20241111024958
20241111025107,2700,0.99,0.0,23.92755,20241111025109
20241111025318,2700,0.995,0.0,25.54637,20241111025319
20241111025427,2700,0.99,0.0,23.00347,20241111025429
20241111025640,2700,0.9798,0.036,22.66622,20241111025649
20241111025749,2700,0.995,0.0,22.97514,20241111025749
20241111030000,2700,0.9925,0.0,24.75854,20241111030005
20241111030109,2700,0.9925,0.0,22.87801,20241111030105
20241111030316,2700,0.99,0.0,50.49918,20241111030315
20241111030426,2700,0.9825,0.0356,22.92118,20241111030425
20241111030636,2700,0.995,0.0,24.71268,20241111030635
20241111030745,2700,0.9875,0.028,22.91983,20241111030745
20241111030955,2700,0.99,0.0,25.28466,20241111030955
20241111031104,2700,0.995,0.0,23.00212,20241111031106
20241111031311,2700,0.9824,0.0,23.05743,20241111031316
20241111031420,2700,0.9975,0.0,26.69439,20241111031426
20241111031629,2700,0.99,0.004,43.79995,20241111031626
20241111031738,2700,0.9975,0.0,22.72018,20241111031736
20241111031948,2700,0.9975,0.0,25.33323,20241111031946
20241111032057,2700,0.99,0.0,24.03277,20241111032057
20241111032312,2700,0.9623,0.032,23.09251,20241111032317
20241111032421,2700,0.985,0.028,27.56181,20241111032427
20241111032630,2700,0.9899,0.0,23.40278,20241111032637
20241111032739,2700,0.9925,0.0,22.93467,20241111032737
20241111032949,2700,0.9291,0.036,49.99194,20241111032947
20241111033058,2700,0.995,0.0,23.82368,20241111033058
20241111033310,2700,0.9949,0.0,23.29216,20241111033318
20241111033419,2700,0.99,0.0,23.15321,20241111033418
20241111033629,2700,0.9647,0.088,38.61836,20241111033628
20241111033738,2700,0.9875,0.0,23.01426,20241111033738
20241111033946,2700,0.9799,0.008,27.20567,20241111033948
20241111034055,2700,0.99,0.0,23.13433,20241111034058
20241111034307,2700,0.9824,0.0,24.75989,20241111034309
20241111034416,2700,0.995,0.0,22.83619,20241111034419
20241111034626,2700,0.995,0.0,22.92523,20241111034629
20241111034740,2900,0.995,0.0,33.92378,20241111034749
20241111034945,2900,0.9849,0.0,23.20717,20241111034949
20241111035054,2900,0.9924,0.024,23.93699,20241111035059
20241111035259,2900,0.9975,0.004,48.58627,20241111035255
20241111035408,2900,0.9925,0.0,23.1033,20241111035405
20241111035616,2900,0.9975,0.0,51.51768,20241111035615
20241111035724,2900,0.9975,0.0,22.89555,20241111035725
20241111035929,2900,0.9623,0.0,55.73742,20241111035925
20241111040037,2900,0.99,0.0,22.97109,20241111040035
20241111040244,2900,0.9125,0.0,24.38891,20241111040246
20241111040352,2900,0.9798,0.076,23.80344,20241111040356
20241111040600,2900,0.9144,0.132,25.11873,20241111040606
20241111040708,2900,0.995,0.0,23.26923,20241111040706
20241111040914,2900,0.99,0.0,25.42496,20241111040916
20241111041022,2900,0.995,0.0,22.99403,20241111041026
20241111041226,2900,0.9252,0.052,26.60805,20241111041227
20241111041334,2900,0.995,0.0,22.94546,20241111041337
20241111041542,2900,0.95,0.028,23.1033,20241111041547
20241111041650,2900,0.995,0.0,24.25806,20241111041657
20241111041856,2900,0.9975,0.0,25.84316,20241111041857
20241111042004,2900,0.995,0.0,22.91983,20241111042007
20241111042210,2900,0.9799,0.0,23.35557,20241111042218
20241111042318,2900,0.995,0.0,23.06013,20241111042318
20241111042526,2900,0.9373,0.0,25.63136,20241111042528
20241111042634,2900,0.9899,0.016,24.5454,20241111042638
20241111042842,2900,0.9373,0.032,23.8574,20241111042848
20241111042950,2900,0.995,0.0,24.97169,20241111042958
20241111043158,2900,0.9352,0.04,23.3785,20241111043159
20241111043306,2900,0.995,0.0,22.96435,20241111043309
20241111043513,2900,0.9443,0.0,24.07324,20241111043519
20241111043621,2900,0.9925,0.0,24.24727,20241111043629
20241111043826,2900,0.995,0.0,25.1673,20241111043829
20241111043935,2900,0.9773,0.076,22.96705,20241111043939
20241111044141,2900,0.9474,0.0,23.22876,20241111044149
20241111044249,2900,0.9925,0.0515,23.29756,20241111044249
20241111044456,2900,0.9924,0.036,24.12451,20241111044455
20241111044604,2900,0.9849,0.052,23.38255,20241111044605
20241111044811,2900,0.9925,0.0,23.2463,20241111044815
20241111044919,2900,0.9874,0.044,23.7913,20241111044915
20241111045128,2900,1.0,0.0,55.81296,20241111045125
20241111045236,2900,1.0,0.0,23.08037,20241111045235
20241111045441,2900,0.995,0.0,23.09925,20241111045446
20241111045549,2900,0.9875,0.004,24.46985,20241111045546
20241111045758,2900,0.985,0.0,55.67671,20241111045756
20241111045906,2900,0.9975,0.0,23.16266,20241111045906
20241111050112,2900,0.9925,0.004,23.01696,20241111050116
20241111050220,2900,0.995,0.0,26.81445,20241111050226
20241111050427,2900,0.9824,0.004,27.21781,20241111050427
20241111050535,2900,0.995,0.0,23.06687,20241111050537
20241111050743,2900,0.9924,0.0,23.31105,20241111050747
20241111050851,2900,1.0,0.0,26.57702,20241111050857
20241111051057,2900,1.0,0.0,24.8206,20241111051057
20241111051205,2900,1.0,0.0,22.98998,20241111051207
20241111051412,2900,0.9545,0.0,25.01486,20241111051417
20241111051520,2900,1.0,0.0,23.95318,20241111051528
20241111051729,2900,0.9949,0.0,25.85799,20241111051728
20241111051838,2900,0.9975,0.0,22.97649,20241111051838
20241111052044,2900,0.9975,0.0,23.11274,20241111052048
20241111052152,2900,0.9799,0.068,27.02085,20241111052158
20241111052357,2900,0.9824,0.008,25.99829,20241111052358
20241111052505,2900,0.9975,0.0,22.8996,20241111052509
20241111052713,2900,0.9874,0.032,23.12488,20241111052719
20241111052821,2900,0.9975,0.0,24.09888,20241111052829
20241111053029,2900,0.945,0.048,23.91136,20241111053029
20241111053137,2900,1.0,0.0,23.11004,20241111053139
20241111053342,2900,0.9899,0.0,23.63616,20241111053349
20241111053450,2900,0.9975,0.0,23.55522,20241111053459
20241111053655,2900,0.99,0.0,47.67163,20241111053655
20241111053803,2900,0.995,0.0,23.11274,20241111053805
20241111054008,2900,0.9775,0.0,55.74686,20241111054005
20241111054116,2900,0.985,0.04,23.05743,20241111054115
20241111054325,2900,0.9749,0.012,28.09467,20241111054325
20241111054433,2900,0.9975,0.0,23.24495,20241111054435
20241111054642,2900,0.9675,0.0317,23.28407,20241111054646
20241111054750,2900,0.99,0.0,23.19908,20241111054756
20241111054959,2900,0.9824,0.04,24.08943,20241111054956
20241111055107,2900,0.9975,0.0,23.15456,20241111055106
20241111055314,2900,0.9849,0.036,26.68899,20241111055316
20241111055422,2900,0.9975,0.0,23.11679,20241111055426
20241111055628,2900,0.9544,0.032,23.92755,20241111055627
20241111055736,2900,1.0,0.0,24.16228,20241111055737
20241111055944,2900,0.9348,0.0,23.2436,20241111055947
20241111060052,2900,0.9924,0.028,27.58474,20241111060057
20241111060302,2900,0.9254,0.0,23.13298,20241111060307
20241111060410,2900,0.9899,0.0,24.38082,20241111060417
20241111060614,2900,0.9181,0.048,23.0979,20241111060618
20241111060722,2900,0.9975,0.0,26.54465,20241111060728
20241111060927,2900,0.995,0.004,25.82292,20241111060928
20241111061035,2900,0.9975,0.0,22.98324,20241111061038
20241111061245,2900,0.9227,0.04,24.1326,20241111061248
20241111061353,2900,0.9925,0.0,26.87246,20241111061358
20241111061558,2900,0.9352,0.0,23.40683,20241111061558
20241111061705,2900,1.0,0.0,23.09386,20241111061709
20241111061914,2900,0.9925,0.0,23.17884,20241111061919
20241111062022,2900,0.995,0.0,23.61593,20241111062029
20241111062227,2900,0.9949,0.0,24.39701,20241111062229
20241111062335,2900,0.9975,0.0,23.80074,20241111062339
20241111062540,2900,0.8988,0.0,22.86183,20241111062549
20241111062648,2900,0.9875,0.0,22.97784,20241111062645
20241111062856,2900,0.9775,0.044,44.55945,20241111062855
20241111063004,2900,0.99,0.0,23.00077,20241111063005
20241111063213,2900,0.9602,0.004,26.55004,20241111063215
20241111063322,2900,0.9899,0.02,22.963,20241111063325
20241111063527,2900,0.9273,0.056,55.49864,20241111063525
20241111063635,2900,0.9925,0.0,23.03585,20241111063635
20241111063842,2900,0.935,0.0,23.57006,20241111063846
20241111063950,2900,0.995,0.0,26.39221,20241111063956
20241111064153,2900,0.9824,0.0,24.0004,20241111064156
20241111064302,2900,0.7406,0.004,23.08846,20241111064306
20241111064508,2900,0.9697,0.0,24.01793,20241111064506
20241111064617,2900,0.9899,0.032,23.18694,20241111064616
20241111064821,2900,0.9619,0.004,23.09386,20241111064827
20241111064929,2900,0.995,0.0,22.98594,20241111064927
20241111065134,2900,0.9899,0.0,23.20043,20241111065137
20241111065242,2900,0.995,0.0,23.06957,20241111065247
20241111065451,2900,0.995,0.0,24.22164,20241111065457
20241111065559,2900,0.9975,0.0,23.01561,20241111065557
20241111065807,2900,0.99,0.0,25.6489,20241111065808
20241111065915,2900,0.995,0.0,23.01291,20241111065918
20241111070120,2900,0.9746,0.112,22.43014,20241111070128
20241111070228,2900,0.9975,0.0,24.97304,20241111070228
20241111070435,2900,0.985,0.004,23.2463,20241111070438
20241111070543,2900,0.99,0.0,26.53925,20241111070548
20241111070750,2900,1.0,0.004,24.74236,20241111070759
20241111070858,2900,0.9925,0.0,22.91714,20241111070859
20241111071104,2900,0.9975,0.004,23.15861,20241111071109
20241111071212,2900,0.99,0.0,24.03277,20241111071219
20241111071418,2900,0.9398,0.036,26.75105,20241111071419
20241111071526,2900,0.9899,0.056,23.03045,20241111071529
20241111071734,2900,0.9975,0.008,27.21241,20241111071735
20241111071842,2900,0.995,0.0,22.99133,20241111071845
20241111072048,2900,0.9724,0.004,47.29795,20241111072045
20241111072156,2900,0.995,0.04,23.11949,20241111072155
20241111072404,2900,0.9975,0.004,25.82562,20241111072405
20241111072512,2900,0.9925,0.0,22.93467,20241111072515
20241111072717,2900,0.9899,0.0,25.87553,20241111072715
20241111072825,2900,0.9975,0.0,22.88745,20241111072826
20241111073033,2900,0.9849,0.06,23.47833,20241111073036
20241111073142,2900,0.9899,0.012,22.98594,20241111073146
20241111073345,2900,0.9849,0.0,24.85432,20241111073346
20241111073453,2900,0.9975,0.0,23.0372,20241111073456
20241111073700,2900,0.9875,0.0,25.70691,20241111073706
20241111073808,2900,0.995,0.0,24.90829,20241111073807
20241111074016,2900,0.9925,0.0,23.43381,20241111074017
20241111074124,2900,0.99,0.0,23.10465,20241111074127
20241111074331,2900,0.9598,0.0,23.09251,20241111074337
20241111074439,2900,0.9925,0.0,22.97244,20241111074437
20241111074643,2900,0.995,0.004,23.03315,20241111074647
20241111074752,2900,0.9949,0.032,26.68494,20241111074757
20241111074959,2900,0.9799,0.0,24.39836,20241111074958
20241111075107,2900,0.9975,0.0,22.97784,20241111075108
20241111075314,2900,1.0,0.0,24.75854,20241111075318
20241111075422,2900,0.995,0.0,23.89382,20241111075428
20241111075628,2900,0.9621,0.0,24.97304,20241111075628
20241111075736,2900,0.9925,0.0,23.04664,20241111075738
20241111075944,2900,0.9271,0.064,24.52247,20241111075949
20241111080052,2900,0.9975,0.0,23.12084,20241111080059
20241111080300,2900,0.9375,0.004,22.99268,20241111080309
20241111080408,2900,0.9949,0.024,23.19099,20241111080409
20241111080610,2900,0.9975,0.0,22.91714,20241111080619
20241111080718,2900,0.9875,0.0,23.21527,20241111080719
20241111080923,2900,0.9749,0.0,29.97115,20241111080925
20241111081031,2900,0.9925,0.0,23.91406,20241111081035
20241111081238,2900,0.94,0.0,52.95979,20241111081235
20241111081346,2900,0.9975,0.0,23.12893,20241111081345
20241111081554,2900,0.935,0.048,23.0345,20241111081555
20241111081702,2900,0.995,0.0,24.5427,20241111081705
20241111081910,2900,0.9672,0.032,23.04664,20241111081916
20241111082018,2900,0.9975,0.0,22.99538,20241111082016
20241111082224,2900,0.9181,0.056,25.63136,20241111082226
20241111082332,2900,1.0,0.0,22.87396,20241111082336
20241111082537,2900,0.9421,0.004,35.49404,20241111082536
20241111082645,2900,0.9924,0.032,22.94951,20241111082646
20241111082851,2900,0.9121,0.088,23.11949,20241111082857
20241111082959,2900,0.9899,0.032,23.14377,20241111082957
20241111083207,2900,0.9125,0.036,24.60611,20241111083207
20241111083315,2900,0.9975,0.0,24.55754,20241111083317
20241111083519,2900,1.0,0.0,32.80949,20241111083517
20241111083627,2900,0.9975,0.0,22.92388,20241111083627
20241111083833,2900,0.9206,0.0,24.72752,20241111083838
20241111083941,2900,0.9874,0.036,26.71462,20241111083948
20241111084144,2900,0.935,0.056,24.0611,20241111084148
20241111084253,2900,0.985,0.04,26.38681,20241111084258
20241111084500,2900,0.9353,0.032,22.71748,20241111084508
20241111084608,2900,0.99,0.004,23.73464,20241111084608
20241111084817,2900,0.995,0.004,25.62596,20241111084819
20241111084925,2900,0.9925,0.0,22.95086,20241111084929
20241111085132,2900,0.9449,0.104,23.40818,20241111085139
20241111085240,2900,0.995,0.0,23.80074,20241111085249
20241111085447,2900,1.0,0.004,23.09925,20241111085449
20241111085555,2900,0.9875,0.0,23.18964,20241111085559
20241111085802,2900,0.9701,0.032,23.70901,20241111085809
20241111085910,2900,0.995,0.0,22.98594,20241111085915
20241111090116,2900,1.0,0.0,35.80566,20241111090115
20241111090224,2900,0.995,0.0,22.96705,20241111090225
20241111090432,2900,0.9949,0.0,23.23685,20241111090435
20241111090540,2900,0.9975,0.0,24.94066,20241111090545
20241111090748,2900,0.995,0.0,55.19916,20241111090745
20241111090856,2900,0.995,0.0,23.05069,20241111090855
20241111091104,2900,0.9975,0.0,25.72579,20241111091106
20241111091217,3000,0.9975,0.0,25.10659,20241111091216
20241111091420,3000,0.9824,0.0,23.96128,20241111091426
20241111091528,3000,0.9875,0.0,23.10735,20241111091526
20241111091733,3000,0.9924,0.04,24.45502,20241111091736
20241111091841,3000,0.9975,0.0,27.28121,20241111091847
20241111092047,3000,0.99,0.0,24.20815,20241111092047
20241111092155,3000,0.9975,0.0,23.18289,20241111092157
20241111092400,3000,1.0,0.0,25.17134,20241111092407
20241111092508,3000,0.9799,0.06,23.0952,20241111092507
20241111092708,3000,1.0,0.0,55.67806,20241111092707
20241111092816,3000,1.0,0.0,23.1006,20241111092817
20241111093018,3000,0.9775,0.0,29.82546,20241111093018
20241111093125,3000,0.9925,0.0,23.9235,20241111093128
20241111093331,3000,0.9925,0.0,23.7832,20241111093338
20241111093439,3000,0.9975,0.0,23.03585,20241111093438
20241111093645,3000,0.99,0.004,23.18694,20241111093648
20241111093753,3000,0.995,0.0,24.28504,20241111093758
20241111093959,3000,0.9012,0.0,29.22245,20241111093959
20241111094106,3000,0.9975,0.0,23.19099,20241111094109
20241111094308,3000,0.9521,0.088,25.86744,20241111094309
20241111094416,3000,0.9975,0.0,23.04529,20241111094419
20241111094619,3000,0.9572,0.104,24.53056,20241111094619
20241111094727,3000,1.0,0.0,23.00347,20241111094729
20241111094933,3000,0.9144,0.032,23.307,20241111094935
20241111095040,3000,1.0,0.0,23.00752,20241111095045
20241111095241,3000,0.9899,0.0,23.4473,20241111095245
20241111095349,3000,0.995,0.0,23.04934,20241111095345
20241111095555,3000,0.9375,0.0,23.47698,20241111095555
20241111095703,3000,0.9975,0.0,23.03989,20241111095705
20241111095907,3000,0.9252,0.032,28.15403,20241111095905
20241111100014,3000,0.9875,0.0,23.01156,20241111100016
20241111100221,3000,0.9275,0.032,23.27597,20241111100226
20241111100328,3000,0.995,0.0,23.15186,20241111100326
20241111100533,3000,0.9198,0.096,25.27927,20241111100536
20241111100640,3000,0.995,0.004,27.83701,20241111100646
20241111100847,3000,0.9395,0.0,23.35017,20241111100846
20241111100954,3000,1.0,0.0,23.11004,20241111100957
20241111101200,3000,0.9202,0.076,23.64426,20241111101207
20241111101307,3000,0.99,0.0,23.09251,20241111101307
20241111101513,3000,0.9352,0.004,23.24495,20241111101517
20241111101621,3000,0.995,0.0,24.23513,20241111101627
20241111101826,3000,0.995,0.0,25.95378,20241111101827
20241111101934,3000,0.995,0.004,23.01831,20241111101938
20241111102139,3000,0.9398,0.0,25.02295,20241111102138
20241111102246,3000,0.9975,0.0,23.09116,20241111102248
20241111102450,3000,0.9104,0.0,23.71171,20241111102458
20241111102558,3000,0.9874,0.02,23.15861,20241111102558
20241111102801,3000,0.99,0.008,23.64426,20241111102808
20241111102909,3000,0.9925,0.0,23.13433,20241111102909
20241111103113,3000,0.995,0.0,25.17,20241111103119
20241111103221,3000,0.99,0.0,24.4132,20241111103229
20241111103425,3000,0.9849,0.004,23.34477,20241111103429
20241111103533,3000,0.9925,0.004,23.59569,20241111103539
20241111103737,3000,0.9375,0.0,23.20178,20241111103739
20241111103844,3000,0.9875,0.0,23.17345,20241111103845
20241111104048,3000,0.9252,0.052,47.43016,20241111104045
20241111104155,3000,0.995,0.0,24.01119,20241111104155
20241111104359,3000,0.9129,0.0,55.99103,20241111104355
20241111104507,3000,1.0,0.0,24.14609,20241111104505
20241111104712,3000,0.9373,0.056,23.28407,20241111104715
20241111104820,3000,0.9925,0.0,29.07271,20241111104826
20241111105021,3000,0.9523,0.004,23.16131,20241111105026
20241111105129,3000,0.9925,0.0,24.92178,20241111105126
20241111105333,3000,0.9975,0.0,23.40953,20241111105336
20241111105441,3000,1.0,0.0,23.17615,20241111105446
20241111105644,3000,0.9875,0.0,23.12893,20241111105646
20241111105752,3000,0.9975,0.0,23.12353,20241111105756
20241111105958,3000,0.99,0.0,24.18791,20241111105957
20241111110106,3000,0.9975,0.0,23.20448,20241111110107
20241111110310,3000,0.9975,0.0,25.20912,20241111110317
20241111110418,3000,0.9975,0.0,23.38255,20241111110417
20241111110624,3000,0.9874,0.0,24.86242,20241111110627
20241111110732,3000,0.9899,0.048,27.19622,20241111110737
20241111110937,3000,0.9899,0.028,25.14841,20241111110938
20241111111045,3000,0.995,0.0,22.9603,20241111111048
20241111111251,3000,0.9975,0.0,23.83312,20241111111258
20241111111359,3000,0.9826,0.0,23.33398,20241111111358
20241111111604,3000,0.99,0.0,23.45404,20241111111608
20241111111712,3000,1.0,0.0,23.06822,20241111111718
20241111111916,3000,0.9849,0.04,23.09925,20241111111919
20241111112024,3000,0.9851,0.0,23.25439,20241111112029
20241111112230,3000,0.9799,0.0,24.4105,20241111112239
20241111112338,3000,0.9975,0.0,23.19503,20241111112339
20241111112547,3000,0.9622,0.0,23.20582,20241111112549
20241111112654,3000,0.9925,0.0,24.63039,20241111112659
20241111112902,3000,0.9348,0.056,23.70766,20241111112909
20241111113009,3000,0.9975,0.0,23.27867,20241111113005
20241111113213,3000,0.995,0.0,25.40877,20241111113215
20241111113321,3000,0.995,0.0,22.98863,20241111113325
20241111113525,3000,0.995,0.004,23.651,20241111113525
20241111113633,3000,0.9925,0.0,23.0952,20241111113635
20241111113836,3000,0.9398,0.0,23.69147,20241111113835
20241111113943,3000,0.9975,0.0,24.82869,20241111113946
20241111114147,3000,0.9975,0.0,56.48207,20241111114146
20241111114254,3000,0.99,0.0,23.06283,20241111114256
20241111114457,3000,0.9975,0.0,58.97911,20241111114456
20241111114605,3000,1.0,0.0,23.20312,20241111114606
20241111114809,3000,0.995,0.0,24.18251,20241111114806
20241111114917,3000,1.0,0.004,23.11679,20241111114916
20241111115122,3000,0.9975,0.0,23.32858,20241111115127
20241111115230,3000,1.0,0.0,23.33938,20241111115237
20241111115434,3000,0.995,0.0,23.20043,20241111115437
20241111115542,3000,0.9925,0.004,27.04109,20241111115547
20241111115746,3000,0.9925,0.0,25.14436,20241111115747
20241111115854,3000,0.9925,0.0,23.19908,20241111115857
20241111120057,3000,0.9874,0.032,23.53498,20241111120058
20241111120205,3000,0.9925,0.0,24.37272,20241111120208
20241111120410,3000,0.9825,0.004,23.27867,20241111120418
20241111120518,3000,1.0,0.0,23.18559,20241111120518
20241111120723,3000,0.915,0.048,25.228,20241111120728
20241111120831,3000,0.9874,0.024,25.027,20241111120838
20241111121033,3000,0.9749,0.0,23.48372,20241111121039
20241111121141,3000,0.9925,0.0,25.33862,20241111121149
20241111121344,3000,0.9824,0.0,23.18829,20241111121349
20241111121452,3000,0.9924,0.06,23.65775,20241111121459
20241111121656,3000,0.9899,0.028,23.19638,20241111121659
20241111121804,3000,0.995,0.0,23.31375,20241111121809
20241111122010,3000,0.935,0.056,22.94411,20241111122019
20241111122117,3000,0.995,0.0,23.10869,20241111122115
20241111122325,3000,0.9624,0.0,23.74678,20241111122325
20241111122433,3000,0.9802,0.0,23.08846,20241111122435
20241111122637,3000,0.9298,0.048,59.45531,20241111122635
20241111122745,3000,0.9925,0.0,22.97514,20241111122745
20241111122949,3000,0.9173,0.1,55.41635,20241111122945
20241111123057,3000,0.9925,0.0,25.13897,20241111123056
20241111123300,3000,0.9279,0.052,24.24727,20241111123306
20241111123408,3000,0.9925,0.0,23.30295,20241111123406
20241111123615,3000,0.9451,0.0,27.15845,20241111123616
20241111123723,3000,0.995,0.0,23.42167,20241111123726
20241111123930,3000,0.9322,0.056,23.42302,20241111123936
20241111124038,3000,0.99,0.0,23.16805,20241111124037
20241111124240,3000,0.9774,0.0,25.17,20241111124247
20241111124348,3000,0.9975,0.0,24.09483,20241111124347
20241111124555,3000,0.9472,0.0,26.26135,20241111124557
20241111124703,3000,0.9975,0.0,23.47833,20241111124707
20241111124908,3000,0.9848,0.036,24.08943,20241111124907
20241111125016,3000,0.99,0.0,23.09251,20241111125017
20241111125220,3000,0.9273,0.032,23.43111,20241111125228
20241111125327,3000,0.9975,0.0,24.4024,20241111125328
20241111125533,3000,0.99,0.004,23.11004,20241111125538
20241111125640,3000,0.995,0.0,23.31914,20241111125648
20241111125847,3000,0.9726,0.012,25.17539,20241111125848
20241111125955,3000,0.9925,0.0,23.10735,20241111125958
20241111130201,3000,0.9848,0.0,24.24727,20241111130209
20241111130308,3000,1.0,0.0,23.10735,20241111130309
20241111130512,3000,0.9849,0.012,23.60513,20241111130519
20241111130620,3000,0.9874,0.032,22.95356,20241111130629
20241111130821,3000,0.995,0.0,22.77953,20241111130829
20241111130929,3000,0.9975,0.004,23.32319,20241111130929
20241111131132,3000,0.9599,0.024,26.6121,20241111131135
20241111131240,3000,1.0,0.0,23.78185,20241111131245
20241111131446,3000,0.995,0.0,50.16732,20241111131445
20241111131553,3000,0.8992,0.0,23.25169,20241111131555
20241111131759,3000,0.9722,0.108,50.93626,20241111131755
20241111131906,3000,0.99,0.0,23.15051,20241111131905
20241111132109,3000,0.9899,0.0,35.51427,20241111132105
20241111132217,3000,1.0,0.0,23.35557,20241111132216
20241111132423,3000,0.99,0.0,23.20312,20241111132426
20241111132531,3000,0.9925,0.0,26.72137,20241111132536
20241111132735,3000,0.99,0.0,23.20852,20241111132736
20241111132843,3000,0.9975,0.0,23.06822,20241111132846
20241111133048,3000,0.9775,0.0,45.1665,20241111133046
20241111133156,3000,1.0,0.0,23.05878,20241111133157
20241111133401,3000,0.9975,0.0,22.93737,20241111133407
20241111133509,3000,0.995,0.0,22.95895,20241111133507
20241111133713,3000,0.9825,0.0,23.3731,20241111133717
20241111133821,3000,0.9925,0.0,27.12337,20241111133827
20241111134027,3000,0.995,0.004,23.31644,20241111134027
20241111134135,3000,0.9975,0.0,23.03315,20241111134137
20241111134340,3000,0.9975,0.0,23.75892,20241111134348
20241111134448,3000,0.995,0.0,23.08171,20241111134448
20241111134650,3000,0.9246,0.084,23.02236,20241111134658
20241111134757,3000,0.995,0.0,23.00752,20241111134758
20241111135000,3000,0.9924,0.0,22.90769,20241111135008
20241111135109,3000,0.995,0.0,23.11544,20241111135108
20241111135315,3000,0.995,0.0,23.37715,20241111135319
20241111135423,3000,0.9925,0.004,27.05592,20241111135429
20241111135626,3000,0.9375,0.004,23.64021,20241111135629
20241111135733,3000,0.9825,0.048,27.01545,20241111135739
20241111135937,3000,0.98,0.004,27.01276,20241111135939
20241111140045,3000,0.985,0.032,23.13298,20241111140049
20241111140250,3000,0.995,0.004,23.06687,20241111140255
20241111140358,3000,0.99,0.0,24.15014,20241111140355
20241111140603,3000,0.9775,0.0,27.20162,20241111140605
20241111140711,3000,0.9826,0.0,23.00482,20241111140715
20241111140916,3000,0.9674,0.0,24.25941,20241111140915
20241111141024,3000,0.9925,0.0,22.95761,20241111141025
20241111141228,3000,0.932,0.036,25.21316,20241111141226
20241111141335,3000,0.9925,0.0,22.94681,20241111141336
20241111141539,3000,0.8864,0.16,23.90192,20241111141536
20241111141646,3000,0.9975,0.0,24.09348,20241111141646
20241111141849,3000,0.9749,0.004,58.55687,20241111141846
20241111141957,3000,1.0,0.0,23.00617,20241111141957
20241111142159,3000,0.9773,0.012,58.5137,20241111142157
20241111142307,3000,0.9851,0.0,23.5107,20241111142307
20241111142510,3000,0.9874,0.0,24.14474,20241111142517
20241111142618,3000,0.99,0.0,23.06553,20241111142617
20241111142823,3000,0.995,0.0,23.12084,20241111142827
20241111142931,3000,0.9925,0.0,23.85605,20241111142937
20241111143137,3000,0.9375,0.0,24.7491,20241111143138
20241111143249,3200,0.9925,0.0,24.28909,20241111143248
20241111143451,3200,0.985,0.028,23.19773,20241111143458
20241111143558,3200,0.9925,0.0,23.42167,20241111143558
20241111143757,3200,0.99,0.0,25.83911,20241111143758
20241111143904,3200,0.9925,0.0,23.29756,20241111143908
20241111144104,3200,0.9676,0.04,23.29621,20241111144108
20241111144211,3200,1.0,0.0,24.60071,20241111144219
20241111144411,3200,0.9497,0.0,23.80344,20241111144419
20241111144518,3200,0.9925,0.0,23.09116,20241111144519
20241111144720,3200,0.9196,0.06,22.99942,20241111144729
20241111144827,3200,0.9925,0.0,23.15186,20241111144829
20241111145028,3200,0.9447,0.004,26.34499,20241111145029
20241111145135,3200,0.99,0.0,23.24495,20241111145135
20241111145334,3200,0.9098,0.068,24.60476,20241111145335
20241111145441,3200,0.9874,0.036,23.10465,20241111145445
20241111145642,3200,0.9497,0.0,23.46888,20241111145645
20241111145749,3200,0.9925,0.0,23.60783,20241111145745
20241111145950,3200,0.9138,0.0,23.5795,20241111145955
20241111150057,3200,0.9925,0.0,23.49182,20241111150055
20241111150259,3200,0.9752,0.0,52.41208,20241111150256
20241111150405,3200,0.985,0.004,23.53633,20241111150406
20241111150605,3200,0.9975,0.0,26.08733,20241111150606
20241111150712,3200,0.99,0.0,23.10195,20241111150716
20241111150915,3200,0.9975,0.0,26.48394,20241111150916
20241111151022,3200,0.9975,0.0,23.15996,20241111151026
20241111151222,3200,0.9874,0.036,23.34882,20241111151227
20241111151329,3200,0.995,0.0,23.19908,20241111151327
20241111151530,3200,0.9925,0.0,24.38352,20241111151537
20241111151637,3200,0.9826,0.0,23.28542,20241111151637
20241111151838,3200,0.9875,0.004,37.86696,20241111151837
20241111151945,3200,0.9975,0.0,23.33128,20241111151947
20241111152145,3200,0.9699,0.004,23.32454,20241111152148
20241111152252,3200,0.9975,0.0,24.64118,20241111152258
20241111152450,3200,0.9825,0.0,23.7171,20241111152458
20241111152557,3200,0.995,0.0,23.03989,20241111152558
20241111152759,3200,0.9875,0.004,31.93668,20241111152758
20241111152906,3200,0.995,0.0,23.45674,20241111152908
20241111153108,3200,0.9975,0.004,27.45928,20241111153109
20241111153215,3200,1.0,0.0,23.1748,20241111153219
20241111153416,3200,0.995,0.0,23.25978,20241111153419
20241111153523,3200,0.99,0.0,24.38487,20241111153529
20241111153724,3200,0.995,0.0,23.50531,20241111153729
20241111153831,3200,0.995,0.0,23.64965,20241111153839
20241111154029,3200,0.9825,0.032,25.74738,20241111154029
20241111154136,3200,0.995,0.0,23.08981,20241111154135
20241111154338,3200,0.9348,0.052,24.62769,20241111154335
20241111154444,3200,0.995,0.0,23.11004,20241111154445
20241111154645,3200,0.995,0.0,25.46543,20241111154645
20241111154752,3200,0.9875,0.0,23.40548,20241111154755
20241111154951,3200,0.9874,0.004,23.30025,20241111154955
20241111155058,3200,0.9925,0.0,23.12353,20241111155056
20241111155259,3200,0.9246,0.0,45.68992,20241111155256
20241111155405,3200,0.9975,0.0,23.12488,20241111155406
20241111155606,3200,0.995,0.0,25.19158,20241111155606
20241111155713,3200,0.995,0.0,23.18424,20241111155716
20241111155916,3200,0.9525,0.0,23.49047,20241111155916
20241111160023,3200,0.9749,0.088,23.33938,20241111160026
20241111160221,3200,0.945,0.0,25.73388,20241111160227
20241111160328,3200,0.995,0.0,23.4446,20241111160327
20241111160527,3200,0.9749,0.084,35.53991,20241111160527
20241111160634,3200,0.9925,0.0,23.1033,20241111160637
20241111160833,3200,0.9524,0.088,23.58625,20241111160837
20241111160940,3200,0.9975,0.0,24.12586,20241111160947
20241111161143,3200,0.9725,0.008,23.50935,20241111161148
20241111161250,3200,0.9572,0.184,26.48799,20241111161258
20241111161451,3200,0.9447,0.0,23.54443,20241111161458
20241111161558,3200,1.0,0.0,23.08576,20241111161558
20241111161800,3200,0.9449,0.0,23.81693,20241111161808
20241111161907,3200,0.9975,0.0,24.93392,20241111161908
20241111162110,3200,0.92,0.024,23.21662,20241111162119
20241111162217,3200,0.9925,0.0,23.2382,20241111162219
20241111162420,3200,0.9323,0.032,23.16266,20241111162429
20241111162527,3200,0.9925,0.0,23.96128,20241111162529
20241111162726,3200,0.9271,0.044,23.8574,20241111162729
20241111162833,3200,0.9778,0.0,24.50358,20241111162839
20241111163035,3200,0.9377,0.0,23.62942,20241111163039
20241111163142,3200,0.99,0.0,23.20717,20241111163145
20241111163345,3200,0.915,0.044,24.61015,20241111163345
20241111163452,3200,0.995,0.0,23.34072,20241111163455
20241111163652,3200,0.9496,0.004,23.49451,20241111163655
20241111163759,3200,0.9899,0.04,23.49856,20241111163755
20241111164003,3200,0.94,0.0594,23.3812,20241111164005
20241111164110,3200,0.9925,0.0,25.27387,20241111164116
20241111164311,3200,0.9062,0.036,23.42706,20241111164316
20241111164417,3200,0.9975,0.0,25.26038,20241111164416
20241111164619,3200,0.9378,0.032,60.49676,20241111164616
20241111164726,3200,0.9975,0.0,23.32993,20241111164726
20241111164926,3200,0.9307,0.004,23.89652,20241111164926
20241111165033,3200,0.9875,0.0,23.12758,20241111165036
20241111165234,3200,0.9925,0.0,23.52824,20241111165237
20241111165340,3200,0.9975,0.0,23.71575,20241111165347
20241111165539,3200,0.9899,0.0,36.093,20241111165537
20241111165646,3200,0.995,0.0,23.106,20241111165647
20241111165846,3200,0.995,0.004,26.32476,20241111165847
20241111165953,3200,0.9724,0.12,23.06957,20241111165957
20241111170152,3200,0.9724,0.032,23.35557,20241111170157
20241111170259,3200,1.0,0.0,23.16535,20241111170258
20241111170458,3200,0.9899,0.028,24.138,20241111170458
20241111170605,3200,0.9975,0.0,23.37041,20241111170608
20241111170804,3200,0.9849,0.008,23.35691,20241111170808
20241111170911,3200,0.99,0.04,26.8792,20241111170918
20241111171112,3200,0.98,0.0,23.95993,20241111171118
20241111171218,3200,0.9925,0.0,23.15591,20241111171218
20241111171418,3200,0.99,0.0,27.84105,20241111171419
20241111171525,3200,0.995,0.0,23.21122,20241111171529
20241111171728,3200,0.9899,0.032,23.65505,20241111171729
20241111171835,3200,0.9875,0.0,23.106,20241111171839
20241111172037,3200,0.995,0.0,23.76837,20241111172039
20241111172144,3200,0.9975,0.0,26.5352,20241111172149
20241111172343,3200,0.9647,0.04,24.30258,20241111172345
20241111172449,3200,0.9925,0.0,23.08307,20241111172445
20241111172648,3200,0.9623,0.036,23.89922,20241111172645
20241111172755,3200,0.9874,0.048,23.67528,20241111172755
20241111172956,3200,0.9825,0.032,28.83393,20241111172955
20241111173103,3200,0.995,0.0,23.67258,20241111173105
20241111173303,3200,0.9752,0.008,23.50665,20241111173306
20241111173410,3200,0.995,0.0,28.89599,20241111173416
20241111173614,3200,0.9798,0.032,23.52015,20241111173616
20241111173721,3200,1.0,0.0,27.60902,20241111173726
20241111173922,3200,0.995,0.004,23.38524,20241111173926
20241111174029,3200,1.0,0.004,23.19368,20241111174026
20241111174229,3200,0.99,0.0,23.75622,20241111174227
20241111174336,3200,0.995,0.0,23.13972,20241111174337
20241111174535,3200,0.9348,0.084,27.86668,20241111174537
20241111174642,3200,0.99,0.0,23.15726,20241111174647
20241111174843,3200,0.97,0.0,24.69649,20241111174847
20241111174950,3200,0.9975,0.0,24.85298,20241111174957
20241111175151,3200,0.9347,0.096,25.07422,20241111175158
20241111175258,3200,0.985,0.0,23.59299,20241111175258
20241111175458,3200,0.9471,0.0,23.41897,20241111175458
20241111175605,3200,0.995,0.0,23.36636,20241111175608
20241111175809,3200,0.9323,0.08,23.75892,20241111175808
20241111175916,3200,0.995,0.0,23.41762,20241111175918
20241111180118,3200,0.995,0.0,23.61862,20241111180118
20241111180225,3200,0.9975,0.0,23.14512,20241111180229
20241111180426,3200,0.9825,0.0,23.34747,20241111180429
20241111180533,3200,0.995,0.0,23.29891,20241111180539
20241111180734,3200,0.9925,0.004,23.39064,20241111180739
20241111180841,3200,0.9975,0.0,24.66007,20241111180849
20241111181043,3200,0.9171,0.032,24.29718,20241111181049
20241111181150,3200,0.9874,0.076,23.26113,20241111181155
20241111181354,3200,0.92,0.048,25.29141,20241111181355
20241111181501,3200,0.995,0.0,23.12623,20241111181505
20241111181703,3200,0.9874,0.04,25.72579,20241111181705
20241111181810,3200,1.0,0.0,27.45523,20241111181815
20241111182013,3200,0.985,0.0,25.38179,20241111182015
20241111182120,3200,0.995,0.0,27.31359,20241111182126
20241111182324,3200,0.99,0.0,25.97671,20241111182326
20241111182431,3200,0.9975,0.0,26.13994,20241111182436
20241111182636,3200,0.9471,0.0,23.39334,20241111182636
20241111182743,3200,0.995,0.0,23.17884,20241111182746
20241111182943,3200,0.9475,0.0,23.45135,20241111182946
20241111183050,3200,1.0,0.0,23.59839,20241111183056
20241111183250,3200,0.9424,0.0,24.12451,20241111183257
20241111183357,3200,1.0,0.0,23.06822,20241111183357
20241111183559,3200,0.9125,0.056,28.1837,20241111183557
20241111183706,3200,0.995,0.0,23.2382,20241111183707
20241111183906,3200,0.9424,0.004,27.14901,20241111183907
20241111184013,3200,0.9798,0.076,23.21662,20241111184017
20241111184213,3200,0.9196,0.044,23.37985,20241111184217
20241111184320,3200,0.995,0.0,23.60244,20241111184328
20241111184522,3200,0.9401,0.0,24.11911,20241111184528
20241111184629,3200,0.995,0.0,23.19908,20241111184628
20241111184834,3200,0.9146,0.052,23.2463,20241111184838
20241111184941,3200,0.985,0.024,24.884,20241111184948
20241111185144,3200,0.9307,0.0,23.3785,20241111185148
20241111185250,3200,0.9975,0.0,24.94606,20241111185258
20241111185449,3200,0.9799,0.0,25.3656,20241111185449
20241111185556,3200,1.0,0.0,25.06477,20241111185559
20241111185800,3200,0.9749,0.072,22.96705,20241111185809
20241111185907,3200,0.9875,0.008,23.63751,20241111185909
20241111190106,3200,0.9875,0.0,23.32858,20241111190109
20241111190213,3200,0.9925,0.0,27.5038,20241111190219
20241111190415,3200,0.9975,0.004,23.93969,20241111190415
20241111190522,3200,0.9826,0.0,23.20178,20241111190525
20241111190724,3200,0.9425,0.008,23.61188,20241111190725
20241111190831,3200,0.995,0.0,23.21257,20241111190835
20241111191031,3200,0.9848,0.0,23.29891,20241111191035
20241111191138,3200,0.9975,0.0,23.23685,20241111191135
20241111191340,3200,0.985,0.0,23.13298,20241111191346
20241111191447,3200,0.9975,0.0,23.36096,20241111191446
20241111191647,3200,0.9949,0.032,24.70458,20241111191646
20241111191754,3200,0.9975,0.0,23.65775,20241111191756
20241111191954,3200,0.9526,0.052,23.3124,20241111191956
20241111192101,3200,0.99,0.0,28.78132,20241111192106
