time,cpu_frequency,cpu_usage,sda_usage,active_power,power_time
20241107152115,800,0.9949,0,22.74192,20241107152116
20241107152529,800,0.9499,0,28.73778,20241107152526
20241107152645,800,0.9874,0,23.08387,20241107152646
20241107153111,800,0.9273,0.044,23.11017,20241107153117
20241107153227,800,0.9874,0,23.06282,20241107153227
20241107153652,800,0.9183,0.048,22.94446,20241107153657
20241107153807,800,0.9874,0,22.93788,20241107153807
20241107154224,800,0.7672,0.112,23.17593,20241107154228
20241107154338,800,0.9899,0,23.64807,20241107154338
20241107154750,800,0.9075,0.032,23.37189,20241107154758
20241107154905,800,0.9825,0.004,22.98523,20241107154909
20241107155319,800,0.7385,0.052,23.79669,20241107155319
20241107155433,800,0.9825,0,22.84582,20241107155439
20241107155841,800,0.7808,0.056,22.79584,20241107155845
20241107155956,800,0.9849,0,23.30218,20241107155955
20241107160412,800,0.8117,0,22.91158,20241107160415
20241107160527,800,0.9825,0,23.18513,20241107160525
20241107160939,800,0.9048,0.04,29.0521,20241107160936
20241107161054,800,0.9823,0.032,23.12201,20241107161056
20241107161506,800,0.9875,0,22.98391,20241107161506
20241107161621,800,0.9924,0,23.12727,20241107161626
20241107162034,800,0.9596,0.012,23.77433,20241107162037
20241107162150,800,0.9825,0,22.9918,20241107162157
20241107162603,800,0.9949,0.004,22.92078,20241107162607
20241107162718,800,0.9776,0,22.90632,20241107162718
20241107163139,800,0.9798,0,28.87982,20241107163138
20241107163254,800,0.9824,0.028,22.92736,20241107163258
20241107163711,800,0.9874,0,23.42713,20241107163719
20241107163826,800,0.9899,0.02,23.0523,20241107163829
20241107164247,800,0.9698,0.004,24.57527,20241107164249
20241107164403,800,0.9849,0,23.30087,20241107164409
20241107164822,800,0.9975,0,23.85455,20241107164825
20241107164937,800,0.9774,0.028,23.01285,20241107164935
20241107165351,800,0.9722,0,23.00627,20241107165355
20241107165507,800,0.9825,0,23.1128,20241107165505
20241107165918,800,0.9899,0.004,28.9732,20241107165916
20241107170033,800,0.985,0,22.98128,20241107170036
20241107170451,800,0.975,0.032,23.11411,20241107170456
20241107170606,800,0.9799,0,22.92078,20241107170606
20241107171021,800,0.9573,0,22.88264,20241107171027
20241107171136,800,0.9924,0,22.88922,20241107171137
20241107171559,800,0.9426,0,23.20486,20241107171558
20241107171714,800,0.9752,0.004,22.79058,20241107171718
20241107172120,800,0.98,0.004,23.27588,20241107172128
20241107172235,800,0.9849,0,22.94709,20241107172238
20241107172647,800,0.9924,0,25.02769,20241107172649
20241107172802,800,0.9823,0.028,22.97076,20241107172809
20241107173215,800,0.9373,0,24.46348,20241107173215
20241107173331,800,0.9899,0,22.9313,20241107173335
20241107173747,800,0.9899,0.02,23.60204,20241107173745
20241107173902,800,0.9899,0,22.83267,20241107173905
20241107174309,800,0.9824,0.036,25.20523,20241107174306
20241107174424,800,0.9874,0.004,22.83793,20241107174426
20241107174838,800,0.8243,0.064,23.38898,20241107174836
20241107174952,800,0.9574,0.112,22.92736,20241107174956
20241107175415,800,0.8177,0.044,23.89401,20241107175417
20241107175529,800,0.9849,0,22.88659,20241107175527
20241107175938,800,0.9874,0,23.20354,20241107175937
20241107180053,800,0.9849,0,22.99838,20241107180057
20241107180507,800,0.8084,0,24.10181,20241107180508
20241107180622,800,0.9874,0,23.03915,20241107180628
20241107181043,800,0.9825,0.004,22.9655,20241107181048
20241107181158,800,0.9899,0,22.94183,20241107181158
20241107181615,800,0.9599,0,23.01416,20241107181619
20241107181735,800,0.9849,0,22.93657,20241107181739
20241107182148,800,0.9325,0,28.97977,20241107182145
20241107182303,800,0.9825,0,23.17856,20241107182305
20241107182719,800,0.7841,0.06,24.16099,20241107182715
20241107182833,800,0.9874,0,22.81952,20241107182835
20241107183255,800,0.9899,0,22.94051,20241107183256
20241107183410,800,0.9899,0,22.98523,20241107183416
20241107183824,800,0.9773,0,24.55685,20241107183826
20241107183940,800,0.9899,0,22.94446,20241107183946
20241107184403,800,0.9899,0,22.98128,20241107184407
20241107184517,800,0.9823,0.032,22.82346,20241107184517
20241107184940,800,0.975,0.032,23.52182,20241107184948
20241107185055,800,0.9848,0.028,23.05362,20241107185058
20241107185510,800,0.9899,0,23.31665,20241107185518
20241107185625,800,0.9873,0.032,22.81294,20241107185628
20241107190041,800,0.9899,0,23.27588,20241107190049
20241107190155,800,0.9798,0.028,22.92473,20241107190159
20241107190620,800,0.9848,0.032,22.75113,20241107190629
20241107190735,800,0.9824,0,22.91026,20241107190739
20241107191149,800,0.9849,0.008,28.96531,20241107191145
20241107191304,800,0.9824,0.028,22.94314,20241107191305
20241107191717,800,0.9347,0.036,23.51524,20241107191716
20241107191831,800,0.9873,0.028,22.93394,20241107191836
20241107192247,800,0.9102,0.056,24.65812,20241107192246
20241107192402,800,0.9899,0,22.96287,20241107192406
20241107192818,800,0.9875,0,24.05051,20241107192817
20241107192933,800,0.9798,0.032,22.95498,20241107192937
20241107193346,800,0.905,0.044,24.6647,20241107193347
20241107193501,800,0.9798,0,22.93788,20241107193507
20241107193915,800,0.9598,0,23.13779,20241107193918
20241107194030,800,0.9874,0,24.38457,20241107194038
20241107194445,800,0.9086,0.008,23.29824,20241107194448
20241107194600,800,0.955,0.124,24.27804,20241107194609
20241107195021,800,0.8479,0.052,23.1825,20241107195029
20241107195136,800,0.9874,0,22.99049,20241107195139
20241107195600,800,0.8437,0.072,22.85897,20241107195605
20241107195715,800,0.9924,0,22.88264,20241107195715
20241107200127,800,0.9949,0.004,23.75723,20241107200125
20241107200242,800,0.9824,0,22.75902,20241107200245
20241107200656,800,0.8744,0.048,22.97076,20241107200656
20241107200811,800,0.9825,0,22.94314,20241107200816
20241107201239,800,0.9403,0.008,28.94163,20241107201236
20241107201354,800,0.9874,0,22.79584,20241107201356
20241107201812,800,0.8448,0.048,22.93788,20241107201817
20241107201926,800,0.9749,0.036,22.96155,20241107201927
20241107202344,800,0.8475,0.084,23.2167,20241107202347
20241107202458,800,0.9798,0.04,23.14568,20241107202457
20241107202914,800,0.8403,0.056,23.01416,20241107202918
20241107203029,800,0.9874,0,23.37452,20241107203028
20241107203449,800,0.8305,0.048,23.19039,20241107203448
20241107203604,800,0.9823,0.028,22.86555,20241107203609
20241107204025,800,0.7891,0.06,22.9826,20241107204029
20241107204140,800,0.9899,0,24.42665,20241107204149
20241107204549,800,0.8206,0.036,24.42534,20241107204545
20241107204704,800,0.9825,0,22.89185,20241107204705
20241107205120,800,0.9494,0,22.79584,20241107205125
20241107205234,800,0.96,0.032,23.02863,20241107205235
20241107205652,800,0.9899,0.028,22.98523,20241107205656
20241107205807,800,0.9924,0,23.29035,20241107205806
20241107210221,800,0.9924,0,22.87607,20241107210226
20241107210336,800,0.9848,0.036,22.94972,20241107210336
20241107210751,800,0.9572,0,23.69805,20241107210757
20241107210906,800,0.9751,0,23.04572,20241107210907
20241107211319,800,0.9377,0,28.87193,20241107211318
20241107211434,800,0.9849,0,22.94709,20241107211438
20241107211838,800,0.9949,0,22.83661,20241107211838
20241107211953,800,0.9749,0.044,22.93525,20241107211958
20241107212414,800,0.957,0,22.87475,20241107212419
20241107212529,800,0.9873,0.028,23.03257,20241107212529
20241107212941,800,0.9798,0.036,23.29166,20241107212949
20241107213056,800,0.9848,0.032,22.79979,20241107213059
20241107213508,800,0.9398,0.032,28.85746,20241107213505
20241107213623,800,0.9924,0,22.87738,20241107213625
20241107214036,800,0.9924,0,23.35479,20241107214035
20241107214151,800,0.9823,0.036,22.82215,20241107214155
20241107214611,800,0.9874,0,22.83267,20241107214616
20241107214726,800,0.9899,0,22.79058,20241107214726
20241107215145,800,0.9499,0,24.89485,20241107215146
20241107215300,800,0.9776,0,22.72482,20241107215307
20241107215714,800,0.9545,0.004,23.798,20241107215717
20241107215829,800,0.9823,0.032,22.97076,20241107215827
20241107220252,800,0.9499,0.008,23.11543,20241107220258
20241107220407,800,0.9825,0,23.09307,20241107220408
20241107220829,800,0.9874,0,23.52708,20241107220828
20241107220943,800,0.9401,0.16,22.73929,20241107220948
20241107221403,800,0.9924,0,23.01022,20241107221409
20241107221518,800,0.9749,0.032,23.08781,20241107221519
20241107221932,800,0.9899,0,23.43633,20241107221939
20241107222047,800,0.9874,0,22.86949,20241107222049
20241107222506,800,0.9125,0,24.79885,20241107222505
20241107222621,800,0.9924,0,22.87475,20241107222625
20241107223034,800,0.9924,0,24.71994,20241107223035
20241107223149,800,0.9924,0.004,23.27062,20241107223145
20241107223557,800,0.9752,0,23.1562,20241107223556
20241107223712,800,0.9748,0.116,22.8616,20241107223716
20241107224126,800,0.9523,0,23.18645,20241107224126
20241107224242,800,0.985,0,22.88791,20241107224247
20241107224700,800,0.9474,0,22.81031,20241107224707
20241107224816,800,0.98,0,22.77349,20241107224817
20241107225234,800,0.8995,0.108,22.89974,20241107225238
20241107225349,800,0.9874,0,23.08255,20241107225348
20241107225810,800,0.8321,0.076,22.7748,20241107225818
20241107225925,800,0.9849,0.004,22.99049,20241107225928
20241107230337,800,0.8579,0.06,24.72388,20241107230339
20241107230452,800,0.9824,0,23.06414,20241107230459
20241107230913,800,0.8431,0.084,22.91026,20241107230919
20241107231028,800,0.9849,0,22.84976,20241107231029
20241107231445,800,0.9675,0,24.81463,20241107231445
20241107231601,800,0.9646,0.22,22.96155,20241107231605
20241107232018,800,0.9899,0,23.40608,20241107232015
20241107232133,800,0.9799,0.028,22.91026,20241107232135
20241107232557,800,0.9874,0.004,28.82064,20241107232556
20241107232712,800,0.9623,0.024,22.92867,20241107232716
20241107233131,800,0.9398,0,23.09307,20241107233136
20241107233246,800,0.9749,0.036,23.29824,20241107233247
20241107233653,800,0.9874,0,22.905,20241107233657
20241107233809,800,0.9899,0.004,22.95892,20241107233807
20241107234220,800,0.9924,0,23.19302,20241107234228
20241107234335,800,0.9924,0,23.05888,20241107234338
20241107234747,800,0.9323,0,23.34558,20241107234748
20241107234902,800,0.9799,0.024,22.95761,20241107234908
20241107235318,800,0.9874,0,23.67569,20241107235319
20241107235433,800,0.9874,0,23.08387,20241107235439
20241107235846,800,0.9849,0,23.20881,20241107235849
20241108000001,800,0.965,0.06,23.66912,20241108000009
20241108000409,800,0.9924,0,23.07729,20241108000405
20241108000524,800,0.9899,0,23.13647,20241108000525
20241108000932,800,0.9121,0.076,23.05493,20241108000935
20241108001047,800,0.985,0,23.04836,20241108001045
20241108001455,800,0.9574,0,23.55075,20241108001456
20241108001610,800,0.9773,0.028,23.01153,20241108001616
20241108002023,800,0.9824,0.036,22.99706,20241108002026
20241108002138,800,0.9497,0.188,23.05099,20241108002137
20241108002551,800,0.9849,0,22.92473,20241108002557
20241108002706,800,0.9899,0,22.97734,20241108002707
20241108003127,800,0.9495,0,23.30087,20241108003128
20241108003248,1000,0.9874,0,22.94709,20241108003248
20241108003648,1000,0.9899,0,22.97734,20241108003648
20241108003803,1000,0.9924,0,23.01153,20241108003808
20241108004205,1000,0.9776,0,23.06414,20241108004209
20241108004320,1000,0.9825,0,23.82431,20241108004329
20241108004716,1000,0.8408,0.096,22.89317,20241108004719
20241108004830,1000,0.98,0,22.8958,20241108004839
20241108005229,1000,0.9547,0.004,29.53477,20241108005225
20241108005344,1000,0.9899,0,23.17461,20241108005345
20241108005745,1000,0.9478,0,24.32407,20241108005745
20241108005900,1000,0.9825,0.004,23.08518,20241108005905
20241108010302,1000,0.8367,0.08,23.13516,20241108010306
20241108010416,1000,0.985,0,22.9313,20241108010416
20241108010816,1000,0.8536,0.072,23.43633,20241108010816
20241108010930,1000,0.9899,0,23.24563,20241108010936
20241108011335,1000,0.8593,0.076,22.97208,20241108011337
20241108011449,1000,0.9673,0.116,23.24826,20241108011447
20241108011847,1000,0.9198,0.052,22.96155,20241108011847
20241108012001,1000,0.985,0,22.98917,20241108012008
20241108012406,1000,0.9629,0,24.04394,20241108012408
20241108012521,1000,0.9899,0,22.84319,20241108012528
20241108012921,1000,0.861,0.072,23.49814,20241108012929
20241108013035,1000,0.9824,0.032,23.06151,20241108013039
20241108013427,1000,0.8469,0.088,23.50603,20241108013429
20241108013541,1000,0.9899,0.004,25.0632,20241108013549
20241108013943,1000,0.9949,0,24.20307,20241108013945
20241108014057,1000,0.9899,0,22.93525,20241108014055
20241108014455,1000,0.9873,0.032,23.12727,20241108014455
20241108014609,1000,0.9899,0,23.14173,20241108014605
20241108015012,1000,0.9924,0,22.96944,20241108015016
20241108015126,1000,0.9875,0,22.89843,20241108015126
20241108015521,1000,0.9524,0.008,23.00759,20241108015526
20241108015636,1000,0.9924,0,23.17198,20241108015636
20241108020031,1000,0.9874,0,23.14962,20241108020037
20241108020146,1000,0.9924,0.008,22.85897,20241108020147
20241108020537,1000,0.9899,0,23.15094,20241108020537
20241108020651,1000,0.9899,0,22.87081,20241108020657
20241108021050,1000,0.985,0,23.1996,20241108021058
20241108021205,1000,0.9874,0,23.09833,20241108021208
20241108021606,1000,0.9774,0.036,24.44112,20241108021608
20241108021721,1000,0.9899,0,22.72614,20241108021728
20241108022120,1000,0.9924,0.004,23.10885,20241108022129
20241108022234,1000,0.9924,0,22.8958,20241108022239
20241108022629,1000,0.9672,0,23.54944,20241108022629
20241108022744,1000,0.985,0,22.95103,20241108022749
20241108023143,1000,0.9747,0,24.42797,20241108023145
20241108023258,1000,0.985,0.004,22.9484,20241108023255
20241108023650,1000,0.9799,0.028,22.93788,20241108023655
20241108023804,1000,0.9825,0,22.97076,20241108023805
20241108024206,1000,0.9849,0.028,23.40214,20241108024206
20241108024321,1000,0.9949,0,22.9221,20241108024326
20241108024717,1000,0.9899,0,23.1825,20241108024716
20241108024832,1000,0.9924,0,22.83267,20241108024837
20241108025226,1000,0.9899,0,23.93872,20241108025227
20241108025341,1000,0.9874,0,22.98917,20241108025347
20241108025739,1000,0.8731,0.048,23.42449,20241108025737
20241108025853,1000,0.9899,0,22.74587,20241108025858
20241108030251,1000,0.9899,0,22.79979,20241108030258
20241108030406,1000,0.985,0,23.04309,20241108030408
20241108030808,1000,0.9573,0.032,23.7717,20241108030808
20241108030923,1000,0.9924,0,23.04178,20241108030929
20241108031323,1000,0.9849,0,22.95892,20241108031329
20241108031438,1000,0.9924,0,22.97734,20241108031439
20241108031835,1000,0.9825,0,23.22064,20241108031835
20241108031950,1000,0.9975,0,22.95761,20241108031955
20241108032354,1000,0.9673,0,23.40214,20241108032355
20241108032509,1000,0.9899,0,22.76165,20241108032505
20241108032908,1000,0.9098,0.048,29.43351,20241108032906
20241108033022,1000,0.9874,0,23.16541,20241108033026
20241108033424,1000,0.8615,0.08,24.10049,20241108033426
20241108033538,1000,0.9874,0.004,23.33375,20241108033536
20241108033934,1000,0.8407,0.072,23.27325,20241108033937
20241108034048,1000,0.9874,0,23.07597,20241108034047
20241108034455,1000,0.8159,0.088,23.42581,20241108034457
20241108034609,1000,0.9899,0.008,23.17461,20241108034607
20241108035011,1000,0.7653,0.052,23.08255,20241108035018
20241108035125,1000,0.9924,0,22.81162,20241108035128
20241108035530,1000,0.9924,0,23.40345,20241108035538
20241108035644,1000,0.985,0,22.88396,20241108035648
20241108040040,1000,0.9949,0,22.78927,20241108040049
20241108040154,1000,0.9899,0,23.01679,20241108040159
20241108040551,1000,0.9599,0,23.32323,20241108040559
20241108040705,1000,0.9776,0,22.95629,20241108040709
20241108041103,1000,0.9598,0.036,24.34774,20241108041105
20241108041217,1000,0.9899,0,23.06808,20241108041215
20241108041619,1000,0.9551,0,23.84798,20241108041615
20241108041733,1000,0.985,0,22.85371,20241108041736
20241108042128,1000,0.9899,0,27.62646,20241108042126
20241108042243,1000,0.9825,0,23.67043,20241108042246
20241108042644,1000,0.9924,0,22.91289,20241108042647
20241108042758,1000,0.9949,0.004,22.97997,20241108042757
20241108043149,1000,0.9924,0.004,28.71542,20241108043147
20241108043304,1000,0.9899,0,22.99575,20241108043307
20241108043658,1000,0.9873,0,23.15094,20241108043658
20241108043812,1000,0.9899,0,23.0352,20241108043818
20241108044212,1000,0.9747,0,22.91026,20241108044218
20241108044327,1000,0.9949,0,23.00759,20241108044328
20241108044729,1000,0.8975,0.052,23.01548,20241108044729
20241108044843,1000,0.985,0,22.90895,20241108044849
20241108045245,1000,0.94,0.04,22.91289,20241108045249
20241108045400,1000,0.9924,0,22.78927,20241108045409
20241108045758,1000,0.9975,0.004,29.40589,20241108045755
20241108045913,1000,0.9924,0,23.03652,20241108045915
20241108050311,1000,0.947,0.004,23.17987,20241108050315
20241108050426,1000,0.9899,0,22.88527,20241108050425
20241108050824,1000,0.8431,0.076,25.22759,20241108050826
20241108050939,1000,0.706,0,26.10218,20241108050936
20241108051341,1000,0.9949,0,23.10491,20241108051346
20241108051455,1000,0.9924,0,23.20486,20241108051456
20241108051855,1000,0.8769,0.056,22.88922,20241108051857
20241108052009,1000,0.9924,0,22.79979,20241108052007
20241108052404,1000,0.9899,0.004,23.24432,20241108052407
20241108052519,1000,0.9924,0,23.06019,20241108052518
20241108052925,1000,0.9597,0.036,23.09307,20241108052928
20241108053039,1000,0.9924,0.004,23.03389,20241108053038
20241108053434,1000,0.8947,0.072,23.10491,20241108053438
20241108053548,1000,0.9899,0,23.14042,20241108053549
20241108053948,1000,0.7838,0.192,24.89485,20241108053949
20241108054102,1000,0.9899,0,23.11411,20241108054109
20241108054454,1000,0.9547,0.032,23.00232,20241108054459
20241108054608,1000,0.9874,0.004,22.84582,20241108054605
20241108055004,1000,0.8093,0.048,24.98297,20241108055005
20241108055118,1000,0.9825,0,23.1128,20241108055115
20241108055510,1000,0.8153,0.084,23.05625,20241108055516
20241108055624,1000,0.985,0.004,23.16409,20241108055626
20241108060021,1000,0.8975,0.076,23.04046,20241108060026
20241108060136,1000,0.9924,0,22.91552,20241108060136
20241108060531,1000,0.8108,0.056,22.91815,20241108060536
20241108060645,1000,0.9924,0,23.03915,20241108060647
20241108061046,1000,0.8079,0.064,24.30434,20241108061047
20241108061200,1000,0.9874,0,22.89317,20241108061207
20241108061610,1000,0.9825,0,23.24037,20241108061618
20241108061725,1000,0.9924,0,22.94709,20241108061728
20241108062122,1000,0.9824,0.04,23.00496,20241108062128
20241108062237,1000,0.9875,0,22.91158,20241108062238
20241108062635,1000,0.9598,0.0158,23.3127,20241108062639
20241108062750,1000,0.9825,0,23.79274,20241108062759
20241108063145,1000,0.9773,0,22.92078,20241108063149
20241108063300,1000,0.9899,0.004,24.16625,20241108063309
20241108063656,1000,0.9924,0,28.86404,20241108063655
20241108063811,1000,0.9774,0,22.96287,20241108063815
20241108064210,1000,0.9597,0,22.78401,20241108064215
20241108064324,1000,0.9924,0,22.8524,20241108064325
20241108064724,1000,0.9949,0,24.65286,20241108064726
20241108064838,1000,0.9874,0,23.17461,20241108064836
20241108065231,1000,0.9924,0,22.91552,20241108065236
20241108065346,1000,0.9874,0,22.92078,20241108065346
20241108065747,1000,0.985,0,23.09833,20241108065747
20241108065901,1000,0.985,0,22.95761,20241108065907
20241108070258,1000,0.9899,0,26.43097,20241108070257
20241108070413,1000,0.985,0,23.02468,20241108070417
20241108070814,1000,0.9596,0.036,22.97734,20241108070818
20241108070928,1000,0.985,0,23.00496,20241108070928
20241108071323,1000,0.9621,0,23.026,20241108071328
20241108071437,1000,0.9949,0,22.95892,20241108071439
20241108071836,1000,0.9975,0,23.1733,20241108071839
20241108071950,1000,0.9873,0.028,22.97208,20241108071959
20241108072349,1000,0.9874,0,22.91158,20241108072349
20241108072503,1000,0.9924,0,23.19566,20241108072505
20241108072902,1000,0.9949,0,22.95366,20241108072905
20241108073016,1000,0.985,0,23.07861,20241108073015
20241108073413,1000,0.8725,0.068,23.01285,20241108073415
20241108073527,1000,0.9924,0,22.92341,20241108073526
20241108073932,1000,0.8589,0.068,23.08649,20241108073936
20241108074046,1000,0.9975,0,23.01679,20241108074046
20241108074447,1000,0.8972,0.06,24.16231,20241108074446
20241108074602,1000,0.9924,0,22.86686,20241108074607
20241108074957,1000,0.9874,0.004,23.05099,20241108074957
20241108075112,1000,0.9899,0,23.026,20241108075117
20241108075515,1000,0.9924,0.008,24.05051,20241108075518
20241108075629,1000,0.9874,0,23.09175,20241108075628
20241108080026,1000,0.9899,0,24.97245,20241108080028
20241108080141,1000,0.9849,0,23.03783,20241108080148
20241108080540,1000,0.9273,0.048,22.905,20241108080549
20241108080655,1000,0.9975,0,22.89317,20241108080659
20241108081051,1000,0.8697,0.088,23.3127,20241108081059
20241108081205,1000,0.9924,0,22.96418,20241108081209
20241108081605,1000,0.7871,0.052,23.71515,20241108081605
20241108081719,1000,0.9825,0.004,22.7919,20241108081715
20241108082122,1000,0.8657,0.04,22.96418,20241108082125
20241108082237,1000,0.985,0,22.9826,20241108082235
20241108082636,1000,0.8084,0.06,22.99312,20241108082636
20241108082750,1000,0.9874,0,22.91815,20241108082756
20241108083148,1000,0.9898,0.028,22.91947,20241108083146
20241108083302,1000,0.9824,0.036,22.9655,20241108083307
20241108083703,1000,0.9899,0,22.99443,20241108083707
20241108083818,1000,0.9849,0,22.99838,20241108083817
20241108084212,1000,0.9899,0,22.92473,20241108084217
20241108084326,1000,0.9722,0.084,22.8182,20241108084328
20241108084729,1000,0.9875,0,27.96052,20241108084728
20241108084844,1000,0.9825,0.008,22.97602,20241108084848
20241108085250,1000,0.9873,0,22.93788,20241108085259
20241108085405,1000,0.9924,0,22.95761,20241108085409
20241108085759,1000,0.9356,0,23.94662,20241108085759
20241108085914,1000,0.9825,0,23.02731,20241108085919
20241108090309,1000,0.9574,0,29.57949,20241108090305
20241108090424,1000,0.985,0.004,23.0352,20241108090425
20241108090819,1000,0.9924,0.008,29.47428,20241108090815
20241108090933,1000,0.985,0,23.19566,20241108090935
20241108091325,1000,0.9472,0.004,22.97339,20241108091326
20241108091445,1100,0.9949,0.004,23.01285,20241108091446
20241108091832,1100,0.9874,0.004,22.98654,20241108091836
20241108091947,1100,0.9899,0,23.13516,20241108091946
20241108092342,1100,0.9347,0.02,22.81294,20241108092347
20241108092456,1100,0.9874,0,22.96813,20241108092457
20241108092842,1100,0.9426,0,23.09965,20241108092847
20241108092957,1100,0.9899,0,22.98654,20241108092957
20241108093349,1100,0.9799,0.032,30.28048,20241108093348
20241108093503,1100,0.9849,0.032,22.71825,20241108093508
20241108093853,1100,0.9899,0,23.04572,20241108093858
20241108094008,1100,0.9825,0,23.20881,20241108094008
20241108094350,1100,0.985,0,22.89448,20241108094359
20241108094505,1100,0.9924,0,23.03652,20241108094509
20241108094849,1100,0.9949,0,22.88001,20241108094849
20241108095003,1100,0.9924,0,22.76822,20241108095009
20241108095351,1100,0.8511,0,23.27325,20241108095355
20241108095505,1100,0.9899,0,23.17067,20241108095505
20241108095849,1100,0.8928,0,29.92669,20241108095845
20241108100003,1100,0.9899,0,22.87738,20241108100005
20241108100346,1100,0.9849,0,23.04836,20241108100346
20241108100501,1100,0.9799,0.004,23.00627,20241108100506
20241108100843,1100,0.9924,0,23.07861,20241108100846
20241108100957,1100,0.9874,0,23.31928,20241108100956
20241108101350,1100,0.9104,0,23.48631,20241108101357
20241108101504,1100,0.985,0,23.10491,20241108101507
20241108101847,1100,0.9223,0,23.28114,20241108101847
20241108102001,1100,0.9875,0,23.00496,20241108102007
20241108102347,1100,0.8235,0,24.38062,20241108102348
20241108102501,1100,0.9899,0,23.00627,20241108102508
20241108102850,1100,0.9077,0.044,23.32059,20241108102858
20241108103005,1100,0.9874,0,23.04836,20241108103008
20241108103350,1100,0.8797,0,22.94183,20241108103359
20241108103504,1100,0.9949,0.008,22.89185,20241108103509
20241108103852,1100,0.8264,0,23.3298,20241108103859
20241108104006,1100,0.9874,0,23.33506,20241108104009
20241108104349,1100,0.8685,0,30.30415,20241108104345
20241108104503,1100,0.9849,0,22.88396,20241108104505
20241108104851,1100,0.9899,0,23.29035,20241108104855
20241108105006,1100,0.985,0,23.03915,20241108105005
20241108105355,1100,0.9899,0,22.9313,20241108105356
20241108105509,1100,0.9899,0,22.90369,20241108105506
20241108105905,1100,0.9899,0.024,24.68706,20241108105906
20241108110020,1100,0.9875,0,22.98917,20241108110027
20241108110406,1100,0.9773,0.064,23.07203,20241108110407
20241108110521,1100,0.985,0,22.91815,20241108110527
20241108110911,1100,0.9949,0.004,23.65465,20241108110917
20241108111025,1100,0.9825,0,22.97339,20241108111028
20241108111405,1100,0.9924,0,24.11627,20241108111408
20241108111519,1100,0.9825,0,23.25878,20241108111518
20241108111856,1100,0.9698,0.044,24.37405,20241108111858
20241108112011,1100,0.9874,0,23.86902,20241108112019
20241108112400,1100,0.9825,0,22.75507,20241108112409
20241108112514,1100,0.9875,0,22.99969,20241108112519
20241108112902,1100,0.9975,0,23.34295,20241108112909
20241108113016,1100,0.9975,0,22.95498,20241108113015
20241108113407,1100,0.9949,0,23.44817,20241108113405
20241108113521,1100,0.985,0,23.02863,20241108113525
20241108113906,1100,0.9924,0,24.76071,20241108113905
20241108114021,1100,0.9949,0,22.9826,20241108114026
20241108114408,1100,0.8988,0,23.44685,20241108114406
20241108114522,1100,0.9899,0,22.97208,20241108114526
20241108114907,1100,0.9646,0.036,23.2338,20241108114906
20241108115021,1100,0.9899,0,22.95366,20241108115027
20241108115408,1100,0.9949,0,28.0197,20241108115407
20241108115522,1100,0.9899,0,23.03389,20241108115527
20241108115906,1100,0.9624,0,24.06498,20241108115907
20241108120020,1100,0.985,0,23.06282,20241108120028
20241108120413,1100,0.9899,0.004,23.15488,20241108120418
20241108120528,1100,0.9924,0,23.14962,20241108120528
20241108120915,1100,0.8596,0.012,23.02994,20241108120918
20241108121029,1100,0.9949,0,22.90632,20241108121029
20241108121418,1100,0.9825,0,23.05099,20241108121419
20241108121533,1100,0.9924,0,23.03257,20241108121539
20241108121922,1100,0.9949,0,23.29035,20241108121929
20241108122037,1100,0.9899,0,23.17067,20241108122035
20241108122426,1100,0.9899,0.028,26.85709,20241108122425
20241108122541,1100,0.985,0,23.11674,20241108122545
20241108122927,1100,0.8908,0,25.68001,20241108122926
20241108123041,1100,0.9899,0,23.01022,20241108123046
20241108123429,1100,0.96,0,23.71515,20241108123426
20241108123544,1100,0.985,0.008,22.97997,20241108123546
20241108123929,1100,0.8211,0.008,23.26799,20241108123927
20241108124043,1100,0.9899,0,22.88396,20241108124047
20241108124436,1100,0.83,0.032,23.89532,20241108124437
20241108124550,1100,0.9924,0,22.90632,20241108124557
20241108124934,1100,0.7985,0.104,23.01153,20241108124938
20241108125048,1100,0.9825,0,22.99969,20241108125048
20241108125437,1100,0.8391,0,24.09392,20241108125438
20241108125551,1100,0.9949,0,22.92604,20241108125558
20241108125945,1100,0.9478,0,22.89054,20241108125949
20241108130100,1100,0.9924,0,24.46479,20241108130109
20241108130447,1100,0.9899,0,24.90932,20241108130449
20241108130601,1100,0.9899,0,25.08029,20241108130609
20241108130941,1100,0.9799,0.004,23.14699,20241108130945
20241108131056,1100,0.9875,0,23.25615,20241108131055
20241108131445,1100,0.9873,0.036,24.18598,20241108131445
20241108131600,1100,0.9949,0.008,23.02731,20241108131605
20241108131949,1100,0.9599,0,30.49748,20241108131946
20241108132103,1100,0.985,0,22.87607,20241108132106
20241108132447,1100,0.9899,0.008,23.1733,20241108132446
20241108132602,1100,0.9924,0,22.94709,20241108132606
20241108132945,1100,0.9824,0.0396,24.46085,20241108132947
20241108133059,1100,0.9924,0,23.6678,20241108133057
20241108133443,1100,0.9924,0,23.93741,20241108133447
20241108133558,1100,0.9899,0,22.81688,20241108133557
20241108133953,1100,0.9698,0,23.26667,20241108133958
20241108134107,1100,0.9874,0.004,22.84976,20241108134108
20241108134457,1100,0.9949,0.004,24.98823,20241108134458
20241108134611,1100,0.9825,0,22.94446,20241108134618
20241108134957,1100,0.9949,0,24.15836,20241108134959
20241108135111,1100,0.9899,0,24.96324,20241108135119
20241108135503,1100,0.9673,0.008,23.21538,20241108135509
20241108135618,1100,0.9924,0,22.87081,20241108135619
20241108140008,1100,0.9598,0,30.31467,20241108140005
20241108140122,1100,0.98,0,22.79058,20241108140125
20241108140511,1100,0.9824,0,23.2167,20241108140515
20241108140625,1100,0.9875,0,23.09965,20241108140626
20241108141011,1100,0.9177,0.04,23.12727,20241108141016
20241108141125,1100,0.9975,0,22.91947,20241108141126
20241108141510,1100,0.868,0,23.5205,20241108141516
20241108141624,1100,0.9924,0,22.92736,20241108141627
20241108142014,1100,0.9899,0,23.05362,20241108142017
20241108142129,1100,0.9899,0,23.09044,20241108142127
20241108142513,1100,0.86,0.172,23.24037,20241108142517
20241108142627,1100,0.9875,0,23.03126,20241108142628
20241108143010,1100,0.9874,0.004,23.36137,20241108143018
20241108143125,1100,0.9899,0,22.89448,20241108143128
20241108143512,1100,0.9525,0.004,22.92604,20241108143519
20241108143626,1100,0.9875,0,22.96287,20241108143629
20241108144013,1100,0.9949,0,23.05756,20241108144019
20241108144128,1100,0.9825,0,22.86028,20241108144129
20241108144514,1100,0.8831,0,23.88349,20241108144515
20241108144628,1100,0.9875,0,23.32323,20241108144625
20241108145006,1100,0.9156,0,23.3035,20241108145005
20241108145120,1100,0.9899,0,22.98128,20241108145125
20241108145501,1100,0.8775,0.044,22.88264,20241108145506
20241108145615,1100,0.9975,0,23.07203,20241108145616
20241108150003,1100,0.908,0.028,23.01548,20241108150006
20241108150118,1100,0.9825,0,23.09307,20241108150116
20241108150512,1100,0.8958,0,22.85371,20241108150517
20241108150626,1100,0.9924,0,22.90763,20241108150627
20241108151019,1100,0.7995,0,24.93431,20241108151017
20241108151133,1100,0.9924,0,23.11411,20241108151137
20241108151516,1100,0.9305,0.036,24.40035,20241108151518
20241108151631,1100,0.9874,0,23.05756,20241108151638
20241108152016,1100,0.9799,0.032,26.65981,20241108152018
20241108152131,1100,0.9949,0,22.92341,20241108152138
20241108152529,1100,0.8358,0,23.67306,20241108152529
20241108152643,1100,0.9899,0,23.14962,20241108152649
20241108153031,1100,0.8568,0.064,23.13779,20241108153039
20241108153145,1100,0.9949,0,22.92078,20241108153149
20241108153530,1100,0.9625,0,22.89448,20241108153535
20241108153644,1100,0.9776,0,22.91815,20241108153645
20241108154040,1100,0.9848,0,23.08387,20241108154045
20241108154154,1100,0.9975,0,22.98654,20241108154155
20241108154540,1100,0.9573,0,23.08387,20241108154546
20241108154654,1100,0.9875,0,22.96155,20241108154656
20241108155036,1100,0.9401,0.06,23.61914,20241108155036
20241108155150,1100,0.9924,0,23.04178,20241108155156
20241108155537,1100,0.9774,0.004,28.56549,20241108155537
20241108155651,1100,0.9825,0,22.98654,20241108155657
20241108160040,1100,0.9623,0,23.5981,20241108160047
20241108160154,1100,0.9949,0,22.95629,20241108160157
20241108160542,1100,0.9527,0,23.19697,20241108160548
20241108160656,1100,0.9824,0.04,23.08913,20241108160658
20241108161042,1100,0.9476,0,23.06677,20241108161048
20241108161156,1100,0.9924,0,22.85502,20241108161158
20241108161555,1100,0.9798,0.048,23.30218,20241108161559
20241108161709,1100,0.9899,0,23.09965,20241108161709
20241108162052,1100,0.9695,0,23.72041,20241108162059
20241108162206,1100,0.9899,0,23.07729,20241108162209
20241108162551,1100,0.9924,0,23.07466,20241108162555
20241108162706,1100,0.985,0,22.94314,20241108162705
20241108163108,1100,0.893,0.072,30.36333,20241108163105
20241108163222,1100,0.9899,0,22.9655,20241108163225
20241108163618,1100,0.9949,0,23.3469,20241108163616
20241108163732,1100,0.9924,0,22.97208,20241108163736
20241108164122,1100,0.9949,0.012,23.21933,20241108164126
20241108164237,1100,0.985,0,22.96024,20241108164236
20241108164629,1100,0.9823,0.028,30.16869,20241108164627
20241108164743,1100,0.9899,0,23.13253,20241108164747
20241108165123,1100,0.9648,0.012,23.20881,20241108165127
20241108165238,1100,0.9899,0,23.1562,20241108165237
20241108165619,1100,0.9924,0,23.21012,20241108165618
20241108165733,1100,0.9924,0,22.9221,20241108165738
20241108170117,1100,0.9521,0.032,24.50819,20241108170118
20241108170231,1100,0.9825,0,22.88001,20241108170238
20241108170629,1100,0.9775,0,24.92116,20241108170629
20241108170743,1100,0.9874,0,23.06151,20241108170749
20241108171127,1100,0.9625,0,23.85455,20241108171129
20241108171241,1100,0.9875,0,25.20918,20241108171249
20241108171635,1100,0.985,0,23.25484,20241108171635
20241108171750,1100,0.9924,0,23.09833,20241108171755
20241108172143,1100,0.8889,0,22.9655,20241108172145
20241108172257,1100,0.9949,0,23.13384,20241108172255
20241108172641,1100,0.843,0.008,23.01679,20241108172646
20241108172755,1100,0.9975,0,23.11937,20241108172756
20241108173143,1100,0.8911,0,23.05888,20241108173146
20241108173257,1100,0.9899,0,22.94183,20241108173257
20241108173653,1100,0.9648,0,23.09702,20241108173657
20241108173813,1300,0.9924,0.008,22.99969,20241108173817
20241108174137,1300,0.8571,0,22.80899,20241108174137
20241108174250,1300,1,0.004,22.83793,20241108174257
20241108174616,1300,0.8521,0,24.9685,20241108174618
20241108174730,1300,0.9924,0,25.41172,20241108174738
20241108175104,1300,0.8321,0,23.14568,20241108175108
20241108175218,1300,0.9899,0,22.9484,20241108175218
20241108175540,1300,0.861,0.036,22.80899,20241108175549
20241108175654,1300,0.9875,0,23.27851,20241108175659
20241108180022,1300,0.9899,0,23.60862,20241108180029
20241108180136,1300,0.9875,0,22.83924,20241108180139
20241108180458,1300,0.9823,0.036,31.66403,20241108180455
20241108180611,1300,0.9949,0,23.03652,20241108180615
20241108180936,1300,0.9875,0,27.10039,20241108180935
20241108181050,1300,0.9899,0,22.87081,20241108181055
20241108181413,1300,0.9798,0.004,24.59763,20241108181416
20241108181527,1300,0.9924,0,22.9392,20241108181526
20241108181900,1300,1,0,23.29561,20241108181906
20241108182014,1300,0.9875,0,22.8958,20241108182016
20241108182337,1300,0.9925,0,23.40608,20241108182337
20241108182451,1300,0.9875,0,23.07861,20241108182457
20241108182815,1300,0.9798,0.064,24.31092,20241108182817
20241108182929,1300,0.9924,0,23.0523,20241108182927
20241108183256,1300,0.98,0.032,24.76071,20241108183257
20241108183410,1300,0.9899,0,24.12811,20241108183418
20241108183735,1300,0.9924,0,22.96944,20241108183738
20241108183849,1300,0.9875,0,23.026,20241108183848
20241108184209,1300,0.9975,0,24.66733,20241108184208
20241108184322,1300,0.9924,0.004,22.79716,20241108184329
20241108184652,1300,0.9773,0.06,23.41397,20241108184659
20241108184806,1300,0.9899,0,22.88527,20241108184809
20241108185131,1300,0.9874,0,23.23642,20241108185139
20241108185244,1300,0.985,0,22.72088,20241108185245
20241108185615,1300,0.9045,0.024,23.0957,20241108185615
20241108185729,1300,0.9875,0,22.98523,20241108185725
20241108190052,1300,0.9578,0,23.21012,20241108190055
20241108190206,1300,0.9899,0,23.05756,20241108190206
20241108190532,1300,0.8905,0,23.27325,20241108190536
20241108190646,1300,0.9899,0,23.0089,20241108190646
20241108191012,1300,0.9455,0,23.0523,20241108191016
20241108191126,1300,0.985,0,22.98917,20241108191126
20241108191500,1300,0.9924,0,23.68227,20241108191507
20241108191614,1300,0.9874,0,22.8445,20241108191617
20241108191941,1300,0.9075,0,23.37189,20241108191947
20241108192055,1300,0.9899,0,22.76165,20241108192057
20241108192419,1300,0.9749,0.036,29.9622,20241108192418
20241108192533,1300,0.9875,0,22.99575,20241108192538
20241108192853,1300,0.9323,0.004,23.11017,20241108192858
20241108193007,1300,0.9924,0,22.99312,20241108193008
20241108193338,1300,0.9175,0.048,23.82957,20241108193339
20241108193452,1300,0.9874,0,23.27456,20241108193459
20241108193814,1300,0.9449,0.036,23.12595,20241108193819
20241108193928,1300,0.9975,0,23.0352,20241108193929
20241108194258,1300,0.8675,0,31.25239,20241108194255
20241108194412,1300,0.9949,0,22.99312,20241108194415
20241108194734,1300,0.9873,0.032,23.85061,20241108194735
20241108194848,1300,0.9874,0.008,22.99443,20241108194845
20241108195214,1300,0.8688,0,25.06714,20241108195216
20241108195328,1300,0.985,0,23.13121,20241108195326
20241108195703,1300,0.9129,0,23.18908,20241108195706
20241108195817,1300,0.9924,0,23.24563,20241108195816
20241108200143,1300,0.9077,0.052,23.02074,20241108200147
20241108200257,1300,0.9949,0,22.8958,20241108200257
20241108200628,1300,0.9899,0.008,30.41857,20241108200627
20241108200743,1300,0.9975,0,22.98523,20241108200747
20241108201105,1300,0.9545,0.112,25.14079,20241108201108
20241108201220,1300,0.9899,0,22.84187,20241108201228
20241108201550,1300,0.9975,0,23.581,20241108201558
20241108201704,1300,0.9949,0,23.00627,20241108201708
20241108202033,1300,0.8697,0.052,22.96418,20241108202038
20241108202147,1300,0.9899,0,22.91421,20241108202149
20241108202505,1300,0.9673,0,23.22722,20241108202509
20241108202619,1300,0.9975,0.008,23.51393,20241108202619
20241108202947,1300,0.99,0,23.12858,20241108202949
20241108203101,1300,0.985,0.004,22.95761,20241108203105
20241108203430,1300,0.948,0,23.02337,20241108203435
20241108203544,1300,0.9924,0,23.04572,20241108203545
20241108203909,1300,0.9598,0,31.6693,20241108203905
20241108204023,1300,0.9949,0,23.02994,20241108204025
20241108204347,1300,0.9823,0.032,27.48705,20241108204346
20241108204501,1300,0.9949,0,22.77611,20241108204506
20241108204822,1300,0.9924,0,22.94183,20241108204826
20241108204936,1300,0.9825,0,23.08518,20241108204936
20241108205308,1300,0.9474,0.072,26.92153,20241108205307
20241108205422,1300,0.9975,0,23.06808,20241108205427
20241108205748,1300,0.9925,0,23.20486,20241108205747
20241108205901,1300,0.9924,0,22.84319,20241108205907
20241108210232,1300,0.9698,0.008,23.21407,20241108210238
20241108210346,1300,0.9975,0,22.79584,20241108210348
20241108210709,1300,0.9849,0.024,23.53365,20241108210708
20241108210823,1300,0.9825,0,22.88527,20241108210828
20241108211143,1300,0.9596,0.008,23.26536,20241108211149
20241108211256,1300,0.9924,0,22.9484,20241108211259
20241108211620,1300,0.9899,0,22.72088,20241108211629
20241108211734,1300,0.9875,0,23.05625,20241108211739
20241108212058,1300,0.96,0,23.40871,20241108212055
20241108212212,1300,0.9924,0,22.84714,20241108212215
20241108212534,1300,0.9848,0.032,24.45822,20241108212535
20241108212647,1300,0.9875,0,23.25878,20241108212645
20241108213014,1300,0.9924,0,24.54502,20241108213015
20241108213128,1300,0.9899,0,23.07466,20241108213126
20241108213504,1300,0.9899,0,24.6213,20241108213506
20241108213618,1300,0.9899,0.0594,22.91421,20241108213616
20241108213945,1300,0.868,0,25.05925,20241108213946
20241108214058,1300,0.9924,0,23.11543,20241108214056
20241108214428,1300,0.9924,0,31.42073,20241108214427
20241108214542,1300,0.9899,0,22.92604,20241108214547
20241108214907,1300,0.9673,0,23.58363,20241108214907
20241108215021,1300,0.9875,0,22.81162,20241108215027
20241108215348,1300,0.9156,0.004,24.31092,20241108215348
20241108215502,1300,0.9825,0,22.88659,20241108215508
20241108215826,1300,0.9673,0.032,23.74408,20241108215828
20241108215940,1300,0.9949,0,25.26573,20241108215948
20241108220310,1300,0.871,0,22.79847,20241108220319
20241108220423,1300,0.9899,0,23.05888,20241108220429
20241108220749,1300,0.9899,0.028,24.41087,20241108220749
20241108220903,1300,0.9825,0.028,22.96155,20241108220909
20241108221233,1300,0.9526,0,24.44375,20241108221235
20241108221347,1300,0.9899,0,23.27325,20241108221345
20241108221707,1300,0.9773,0,31.87052,20241108221705
20241108221821,1300,0.9825,0,22.79979,20241108221825
20241108222145,1300,0.8978,0.056,23.04309,20241108222145
20241108222258,1300,0.9949,0,23.14831,20241108222256
20241108222619,1300,0.9949,0,31.80607,20241108222616
20241108222733,1300,0.9875,0,22.81162,20241108222736
20241108223106,1300,0.9724,0,23.60467,20241108223106
20241108223220,1300,0.9949,0,22.85766,20241108223227
20241108223547,1300,0.9924,0,23.37846,20241108223547
20241108223701,1300,0.9874,0.032,22.88264,20241108223707
20241108224025,1300,0.9874,0,24.70679,20241108224027
20241108224139,1300,0.9975,0,23.03652,20241108224137
20241108224515,1300,0.8883,0.088,23.03389,20241108224518
20241108224629,1300,0.9825,0,23.25615,20241108224628
20241108224949,1300,0.9799,0.036,23.10885,20241108224948
20241108225103,1300,0.9949,0,22.9826,20241108225108
20241108225426,1300,0.9949,0,23.14042,20241108225429
20241108225540,1300,0.9975,0,25.03821,20241108225549
20241108225906,1300,0.9523,0.028,23.15883,20241108225909
20241108230020,1300,0.9727,0.032,23.04572,20241108230029
20241108230344,1300,0.9924,0,23.73093,20241108230345
20241108230458,1300,0.9875,0,23.07335,20241108230455
20241108230830,1300,0.9599,0.008,23.10359,20241108230835
20241108230944,1300,0.9825,0,23.04836,20241108230945
20241108231318,1300,0.9848,0.04,31.62064,20241108231316
20241108231431,1300,0.9899,0,22.8182,20241108231436
20241108231753,1300,0.9597,0.036,22.96155,20241108231756
20241108231907,1300,0.9801,0.012,23.32323,20241108231906
20241108232233,1300,0.9924,0,23.17461,20241108232237
20241108232347,1300,0.9874,0,22.98391,20241108232347
20241108232709,1300,0.9924,0.008,31.23134,20241108232707
20241108232823,1300,0.9875,0,22.95498,20241108232827
20241108233153,1300,0.9724,0.004,22.98391,20241108233158
20241108233307,1300,0.9899,0,23.05493,20241108233308
20241108233632,1300,0.9924,0,23.18382,20241108233638
20241108233746,1300,0.9949,0,22.93525,20241108233748
20241108234116,1300,0.985,0,22.77217,20241108234119
20241108234230,1300,0.9875,0,25.15263,20241108234239
20241108234552,1300,0.9574,0,23.06282,20241108234559
20241108234706,1300,0.9748,0.228,22.97997,20241108234709
20241108235028,1300,0.9949,0.008,29.07578,20241108235025
20241108235142,1300,0.985,0,23.08123,20241108235145
20241108235516,1300,0.9824,0,23.3035,20241108235515
20241108235629,1300,0.9875,0,22.9392,20241108235625
20241108235952,1300,0.8983,0.008,23.0523,20241108235955
20241109000106,1300,0.9949,0,22.75244,20241109000106
20241109000433,1300,0.9875,0,23.19828,20241109000436
20241109000547,1300,0.985,0,23.44291,20241109000546
20241109000913,1300,0.9576,0,23.15094,20241109000916
20241109001028,1300,0.9749,0.064,22.8787,20241109001027
20241109001351,1300,0.9799,0.028,23.3127,20241109001357
20241109001505,1300,0.9975,0,22.73403,20241109001507
20241109001825,1300,0.9723,0,24.3175,20241109001827
20241109001939,1300,0.9899,0,23.24432,20241109001938
20241109002306,1300,0.9573,0.004,23.67964,20241109002308
20241109002420,1300,0.9924,0,25.19077,20241109002428
20241109002744,1300,0.8621,0,23.22327,20241109002748
20241109002857,1300,0.985,0,22.87738,20241109002859
20241109003224,1300,0.8737,0.04,23.09044,20241109003229
20241109003338,1300,0.9899,0,23.00496,20241109003339
20241109003701,1300,0.8922,0,23.21538,20241109003709
20241109003815,1300,0.9949,0,22.92473,20241109003815
20241109004139,1300,0.8968,0.06,31.6088,20241109004135
20241109004253,1300,0.9949,0,22.92999,20241109004255
20241109004619,1300,0.9924,0.004,31.59302,20241109004615
20241109004733,1300,0.9899,0,22.81294,20241109004735
20241109005102,1300,0.9975,0,22.88659,20241109005106
20241109005217,1300,0.9924,0,23.14173,20241109005216
20241109005536,1300,0.9428,0,26.17583,20241109005536
20241109005650,1300,0.9899,0,22.83398,20241109005656
20241109010024,1300,0.8589,0,23.19697,20241109010027
20241109010138,1300,0.9875,0.008,22.84582,20241109010137
20241109010459,1300,0.8526,0,23.61125,20241109010457
20241109010612,1300,0.9875,0,22.76165,20241109010617
20241109010934,1300,0.9325,0.064,23.08123,20241109010938
20241109011048,1300,0.9949,0,22.91552,20241109011048
20241109011407,1300,0.8435,0,23.9624,20241109011408
20241109011520,1300,0.9924,0,25.12106,20241109011528
20241109011857,1300,0.975,0,24.51082,20241109011859
20241109012011,1300,0.985,0.004,22.73666,20241109012019
20241109012343,1300,0.9775,0,22.99706,20241109012349
20241109012503,1500,0.9899,0.004,23.10885,20241109012509
20241109012814,1500,0.9824,0,23.13253,20241109012815
20241109012928,1500,0.9949,0,23.14173,20241109012925
20241109013238,1500,0.9825,0,31.90471,20241109013235
20241109013352,1500,0.9949,0,23.06151,20241109013355
20241109013706,1500,0.9975,0,25.60768,20241109013705
20241109013820,1500,0.9949,0,22.86028,20241109013826
20241109014134,1500,0.9925,0,24.77254,20241109014136
20241109014247,1500,1,0,22.84319,20241109014246
20241109014558,1500,0.9598,0,29.30988,20241109014556
20241109014712,1500,0.9949,0,22.95235,20241109014717
20241109015024,1500,0.9544,0.1,23.07729,20241109015027
20241109015137,1500,0.9949,0,23.04836,20241109015137
20241109015451,1500,0.9875,0.004,23.49683,20241109015457
20241109015605,1500,0.9899,0,22.84845,20241109015607
20241109015915,1500,0.9799,0.036,23.39161,20241109015918
20241109020029,1500,0.9924,0,22.97734,20241109020028
20241109020333,1500,0.995,0,23.00627,20241109020338
20241109020447,1500,0.9899,0,22.76691,20241109020448
20241109020800,1500,0.9925,0,23.20354,20241109020809
20241109020914,1500,0.9924,0,22.86555,20241109020919
20241109021225,1500,0.9899,0,23.09965,20241109021229
20241109021339,1500,0.9899,0,22.81162,20241109021339
20241109021653,1500,0.9749,0,22.93788,20241109021659
20241109021807,1500,0.9826,0,22.80242,20241109021805
20241109022117,1500,0.8878,0,23.99396,20241109022115
20241109022230,1500,0.8925,0.216,22.98917,20241109022235
20241109022536,1500,0.9924,0,25.61162,20241109022535
20241109022650,1500,0.9949,0,22.97208,20241109022656
20241109022953,1500,0.9975,0.004,23.03652,20241109022956
20241109023107,1500,0.98,0,22.86686,20241109023106
20241109023419,1500,0.9975,0,33.04628,20241109023416
20241109023533,1500,0.9949,0,22.94446,20241109023536
20241109023844,1500,0.9377,0.04,22.89711,20241109023847
20241109023958,1500,0.9925,0,23.10622,20241109023957
20241109024311,1500,0.9899,0,22.9747,20241109024317
20241109024424,1500,0.9949,0,22.86686,20241109024427
20241109024737,1500,0.8477,0,24.96456,20241109024738
20241109024850,1500,0.9949,0,24.20045,20241109024858
20241109025155,1500,0.8471,0,22.87212,20241109025158
20241109025308,1500,0.9949,0,23.16672,20241109025308
20241109025617,1500,0.9698,0.044,23.64939,20241109025618
20241109025731,1500,0.9975,0,25.08161,20241109025739
20241109030037,1500,0.995,0,24.81331,20241109030039
20241109030151,1500,0.9899,0.008,24.5608,20241109030159
20241109030502,1500,0.9673,0.04,23.37978,20241109030509
20241109030616,1500,0.9899,0,22.94577,20241109030619
20241109030925,1500,0.9924,0,25.42355,20241109030925
20241109031039,1500,0.9875,0,23.5547,20241109031035
20241109031350,1500,0.8701,0,23.01679,20241109031355
20241109031504,1500,0.8463,0.372,22.84845,20241109031505
20241109031809,1500,0.8933,0,33.41058,20241109031806
20241109031923,1500,0.9899,0,22.86423,20241109031926
20241109032233,1500,0.8378,0.044,23.03126,20241109032236
20241109032346,1500,0.9949,0,22.87738,20241109032346
20241109032656,1500,0.9198,0,23.15751,20241109032657
20241109032810,1500,0.9874,0,22.98786,20241109032817
20241109033119,1500,0.8688,0.028,32.99104,20241109033117
20241109033232,1500,0.9899,0,22.90895,20241109033237
20241109033545,1500,0.9873,0.036,23.11543,20241109033547
20241109033658,1500,0.9899,0,22.94183,20241109033658
20241109034015,1500,0.9648,0.04,23.02994,20241109034018
20241109034128,1500,0.985,0,22.80899,20241109034128
20241109034437,1500,0.9775,0.012,24.8291,20241109034438
20241109034550,1500,0.9875,0,25.26968,20241109034558
20241109034858,1500,0.99,0.004,24.28198,20241109034859
20241109035012,1500,0.9949,0,22.79716,20241109035019
20241109035322,1500,0.9949,0,23.15357,20241109035329
20241109035435,1500,0.995,0,22.77217,20241109035439
20241109035747,1500,0.6925,0.076,25.46695,20241109035745
20241109035901,1500,0.9975,0,23.27719,20241109035905
20241109040213,1500,0.9875,0,23.35874,20241109040215
20241109040327,1500,0.9949,0.004,22.8524,20241109040325
20241109040642,1500,0.9924,0.008,23.01679,20241109040646
20241109040756,1500,1,0,23.02994,20241109040756
20241109041105,1500,0.9924,0,24.75545,20241109041106
20241109041218,1500,0.9975,0,22.83267,20241109041216
20241109041526,1500,0.9747,0.04,23.57311,20241109041527
20241109041639,1500,0.9975,0,22.96024,20241109041637
20241109041950,1500,0.9451,0,23.31665,20241109041957
20241109042103,1500,0.9949,0,22.88527,20241109042107
20241109042412,1500,0.9949,0,23.1996,20241109042417
20241109042526,1500,0.9875,0.004,22.98917,20241109042528
20241109042841,1500,0.9924,0.004,23.57311,20241109042848
20241109042955,1500,0.9949,0,22.80505,20241109042958
20241109043303,1500,0.9925,0,23.0957,20241109043308
20241109043416,1500,0.9875,0,22.74192,20241109043418
20241109043722,1500,0.9875,0,23.40477,20241109043729
20241109043836,1500,0.9899,0,22.81557,20241109043839
20241109044147,1500,0.9223,0.024,23.09439,20241109044149
20241109044300,1500,0.9924,0,24.72388,20241109044309
20241109044605,1500,0.9697,0,23.57442,20241109044605
20241109044719,1500,0.9924,0,22.92078,20241109044715
20241109045025,1500,0.9975,0,22.82741,20241109045025
20241109045139,1500,0.9949,0,23.02863,20241109045135
20241109045447,1500,0.9007,0.052,23.60467,20241109045446
20241109045600,1500,0.9975,0,22.95366,20241109045606
20241109045913,1500,0.9674,0,22.91552,20241109045916
20241109050026,1500,0.9949,0,22.90369,20241109050026
20241109050338,1500,0.9048,0.032,26.93731,20241109050336
20241109050451,1500,0.9899,0,22.80242,20241109050457
20241109050802,1500,0.9478,0,22.96024,20241109050807
20241109050915,1500,0.9924,0,22.8182,20241109050917
20241109051231,1500,0.87,0.096,22.88922,20241109051237
20241109051344,1500,0.985,0,22.88922,20241109051347
20241109051657,1500,0.8806,0,24.29514,20241109051658
20241109051810,1500,0.9874,0.004,25.17499,20241109051818
20241109052121,1500,0.9598,0.0356,23.15883,20241109052128
20241109052235,1500,0.9975,0,22.8616,20241109052238
20241109052546,1500,0.945,0.004,22.97997,20241109052549
20241109052700,1500,0.9875,0,23.19828,20241109052709
20241109053005,1500,0.9949,0,23.20618,20241109053009
20241109053119,1500,0.9924,0,22.98128,20241109053119
20241109053432,1500,0.8753,0.036,23.10359,20241109053435
20241109053545,1500,0.9874,0,22.88922,20241109053545
20241109053859,1500,0.8741,0,31.12481,20241109053855
20241109054012,1500,0.99,0,22.88264,20241109054015
20241109054319,1500,0.8738,0.032,32.93317,20241109054315
20241109054432,1500,0.9949,0,23.01548,20241109054436
20241109054743,1500,0.9118,0.072,23.13779,20241109054746
20241109054857,1500,0.99,0,22.86686,20241109054856
20241109055211,1500,0.8881,0,22.9655,20241109055216
20241109055325,1500,0.9875,0,22.72351,20241109055327
20241109055632,1500,0.8333,0.06,22.97865,20241109055637
20241109055745,1500,0.9949,0,22.91684,20241109055747
20241109060058,1500,0.9849,0.032,23.93872,20241109060057
20241109060211,1500,0.9899,0.008,22.80505,20241109060218
20241109060522,1500,0.9824,0.004,22.95235,20241109060528
20241109060636,1500,0.9899,0,22.84582,20241109060638
20241109060947,1500,0.9824,0,25.1066,20241109060948
20241109061101,1500,0.9975,0,22.96944,20241109061108
20241109061414,1500,0.9924,0.02,23.20354,20241109061419
20241109061528,1500,0.9975,0,22.9313,20241109061529
20241109061843,1500,0.9924,0,23.364,20241109061849
20241109061956,1500,0.9949,0,22.9655,20241109061959
20241109062307,1500,0.9623,0.008,31.90077,20241109062305
20241109062421,1500,0.9949,0,22.78401,20241109062425
20241109062734,1500,0.9499,0.056,24.75282,20241109062735
20241109062847,1500,0.9875,0,22.96944,20241109062845
20241109063155,1500,0.9949,0,23.37189,20241109063155
20241109063309,1500,0.985,0,23.10359,20241109063306
20241109063621,1500,0.9602,0,22.88791,20241109063626
20241109063734,1500,0.9949,0,22.83661,20241109063736
20241109064045,1500,0.9823,0.032,24.51609,20241109064046
20241109064159,1500,0.9925,0,22.92867,20241109064156
20241109064506,1500,0.965,0,23.84272,20241109064507
20241109064620,1500,0.9949,0,22.84319,20241109064627
20241109064935,1500,0.9975,0,23.49025,20241109064937
20241109065049,1500,0.99,0,23.11148,20241109065047
20241109065358,1500,0.9626,0,23.59941,20241109065358
20241109065512,1500,0.9899,0,22.86028,20241109065518
20241109065822,1500,0.9924,0,23.04309,20241109065828
20241109065936,1500,0.9875,0,22.78664,20241109065938
20241109070240,1500,0.9573,0,23.26404,20241109070249
20241109070353,1500,0.9899,0,23.12595,20241109070359
20241109070706,1500,0.9849,0.004,23.12463,20241109070709
20241109070819,1500,0.985,0,23.24037,20241109070819
20241109071132,1500,0.9547,0.048,23.12201,20241109071139
20241109071245,1500,0.9849,0,23.12463,20241109071245
20241109071559,1500,0.9924,0,32.1809,20241109071555
20241109071712,1500,0.9949,0,22.73009,20241109071715
20241109072023,1500,0.9624,0.036,22.88922,20241109072025
20241109072137,1500,0.99,0,22.83793,20241109072136
20241109072446,1500,0.9798,0,23.42318,20241109072446
20241109072600,1500,0.9924,0,22.72482,20241109072606
20241109072907,1500,0.995,0,25.63398,20241109072906
20241109073021,1500,0.9899,0,23.02337,20241109073026
20241109073326,1500,0.8942,0.076,23.54812,20241109073327
20241109073440,1500,0.9949,0,22.91815,20241109073447
20241109073751,1500,0.955,0.036,23.03915,20241109073757
20241109073905,1500,0.9899,0,22.79979,20241109073907
20241109074214,1500,0.9747,0,23.20092,20241109074218
20241109074328,1500,0.9924,0,23.2167,20241109074328
20241109074638,1500,0.9874,0,23.13647,20241109074638
20241109074752,1500,0.9924,0,22.89974,20241109074758
20241109075055,1500,0.9899,0,23.02074,20241109075059
20241109075209,1500,0.9949,0,23.24169,20241109075209
20241109075515,1500,0.8501,0.008,23.03915,20241109075519
20241109075628,1500,0.9924,0,22.94183,20241109075629
20241109075937,1500,0.8408,0.032,22.81031,20241109075939
20241109080050,1500,0.9875,0,23.11017,20241109080055
20241109080356,1500,0.9425,0.024,33.37375,20241109080355
20241109080510,1500,0.9899,0,23.01022,20241109080515
20241109080822,1500,0.8557,0.028,23.24037,20241109080825
20241109080935,1500,0.9875,0,22.78138,20241109080935
20241109081247,1500,0.9849,0,23.55206,20241109081246
20241109081400,1500,0.9949,0,22.91289,20241109081406
20241109081711,1500,0.9924,0,22.87738,20241109081716
20241109081824,1500,0.9924,0,22.86028,20241109081826
20241109082136,1500,0.96,0.012,23.55206,20241109082137
20241109082249,1500,0.9875,0,22.80373,20241109082247
20241109082559,1500,0.9899,0,23.69279,20241109082557
20241109082713,1500,0.9949,0,22.96418,20241109082717
20241109083022,1500,0.9924,0,22.83398,20241109083027
20241109083135,1500,0.9924,0.004,22.81557,20241109083138
20241109083447,1500,0.9899,0,24.61867,20241109083448
20241109083600,1500,0.995,0,24.05578,20241109083608
20241109083909,1500,0.9899,0,23.75855,20241109083908
20241109084022,1500,0.9949,0,22.83661,20241109084029
20241109084328,1500,0.9774,0.008,23.6849,20241109084329
20241109084447,1700,0.9949,0,22.92736,20241109084449
20241109084744,1700,0.9899,0.04,22.92604,20241109084749
20241109084856,1700,0.9925,0,22.82741,20241109084859
20241109085146,1700,0.9651,0.036,35.28864,20241109085145
20241109085258,1700,0.995,0,22.97865,20241109085255
20241109085554,1700,0.96,0,24.72125,20241109085555
20241109085706,1700,0.9899,0,22.83267,20241109085705
20241109090003,1700,0.9949,0,24.61735,20241109090006
20241109090115,1700,0.9975,0,22.90895,20241109090116
20241109090411,1700,0.9848,0.04,22.8445,20241109090416
20241109090523,1700,0.9949,0,22.98654,20241109090526
20241109090818,1700,0.9925,0.004,23.82036,20241109090816
20241109090930,1700,0.9899,0.004,22.95235,20241109090937
20241109091229,1700,0.9624,0.028,23.5547,20241109091227
20241109091340,1700,0.9924,0,22.72088,20241109091347
20241109091634,1700,0.9826,0,23.01548,20241109091637
20241109091746,1700,0.9899,0.028,23.06545,20241109091747
20241109092039,1700,0.9899,0,32.22167,20241109092038
20241109092151,1700,1,0,22.78532,20241109092158
20241109092448,1700,0.9924,0,25.56822,20241109092448
20241109092600,1700,0.995,0,25.56691,20241109092608
20241109092859,1700,0.9975,0,28.50763,20241109092858
20241109093011,1700,0.99,0,23.26273,20241109093019
20241109093309,1700,0.985,0,23.581,20241109093309
20241109093421,1700,0.9924,0,25.54192,20241109093429
20241109093721,1700,0.8941,0,22.81688,20241109093729
20241109093833,1700,0.9975,0,22.76428,20241109093839
20241109094123,1700,0.9773,0,24.6305,20241109094125
20241109094236,1700,0.99,0,22.89185,20241109094235
20241109094529,1700,0.93,0,35.14135,20241109094525
20241109094641,1700,0.9975,0,22.91684,20241109094645
20241109094940,1700,0.9875,0,22.99838,20241109094946
20241109095052,1700,0.985,0,22.86423,20241109095056
20241109095347,1700,0.9,0.084,23.3469,20241109095346
20241109095459,1700,0.995,0,22.8958,20241109095456
20241109095756,1700,0.9949,0,22.95366,20241109095756
20241109095908,1700,0.9949,0.032,23.07071,20241109095907
20241109100212,1700,0.995,0,22.97734,20241109100217
20241109100324,1700,0.9924,0,22.79716,20241109100327
20241109100619,1700,0.8908,0,30.55666,20241109100617
20241109100730,1700,0.9925,0,22.8182,20241109100737
20241109101030,1700,0.8809,0.056,23.35479,20241109101038
20241109101143,1700,0.9899,0,22.97734,20241109101148
20241109101438,1700,0.9949,0.06,23.36663,20241109101438
20241109101550,1700,0.9924,0,25.45512,20241109101558
20241109101844,1700,0.871,0,22.98654,20241109101849
20241109101955,1700,0.9899,0,22.88133,20241109101959
20241109102251,1700,0.8928,0.04,22.70641,20241109102259
20241109102403,1700,0.9949,0,22.81688,20241109102409
20241109102656,1700,0.9298,0,22.94051,20241109102659
20241109102808,1700,0.9949,0,22.88396,20241109102809
20241109103103,1700,0.9699,0,25.05925,20241109103105
20241109103215,1700,0.9975,0,22.82872,20241109103215
20241109103508,1700,0.9318,0,33.48949,20241109103505
20241109103619,1700,0.9924,0,22.87738,20241109103615
20241109103913,1700,0.9825,0.004,24.32276,20241109103916
20241109104025,1700,0.9949,0.004,23.01679,20241109104026
20241109104319,1700,0.9849,0.02,27.60805,20241109104316
20241109104431,1700,0.99,0,23.36137,20241109104436
20241109104726,1700,0.9499,0.004,25.13027,20241109104726
20241109104838,1700,0.9949,0,23.27325,20241109104836
20241109105134,1700,0.9849,0,22.84319,20241109105137
20241109105246,1700,0.9925,0,22.88001,20241109105247
20241109105538,1700,0.9899,0,25.74577,20241109105537
20241109105650,1700,0.9925,0,22.90237,20241109105657
20241109105942,1700,0.9874,0,22.94314,20241109105948
20241109110054,1700,0.9924,0,22.85766,20241109110058
20241109110347,1700,0.9775,0.032,23.10622,20241109110348
20241109110459,1700,0.9899,0,22.81294,20241109110458
20241109110758,1700,0.9925,0,23.16672,20241109110758
20241109110910,1700,0.9924,0,25.41566,20241109110919
20241109111206,1700,0.99,0,22.94183,20241109111209
20241109111318,1700,0.995,0,22.77611,20241109111319
20241109111617,1700,0.9975,0.004,24.74755,20241109111619
20241109111729,1700,0.9924,0,23.00364,20241109111729
20241109112023,1700,0.9774,0,25.52877,20241109112025
20241109112135,1700,0.9975,0,22.94183,20241109112135
20241109112434,1700,0.9701,0,23.38504,20241109112435
20241109112546,1700,0.985,0,22.95235,20241109112545
20241109112839,1700,0.9825,0.004,34.98484,20241109112835
20241109112951,1700,0.9776,0.028,22.91158,20241109112956
20241109113251,1700,0.8971,0,23.42055,20241109113256
20241109113402,1700,0.99,0,22.84187,20241109113406
20241109113656,1700,0.9924,0,23.04441,20241109113656
20241109113808,1700,0.9825,0,22.97997,20241109113806
20241109114102,1700,0.9032,0.072,23.1128,20241109114107
20241109114213,1700,0.9925,0.004,22.76165,20241109114217
20241109114508,1700,0.9774,0,23.31007,20241109114507
20241109114620,1700,0.9949,0,25.42618,20241109114627
20241109114914,1700,0.9824,0,22.82478,20241109114918
20241109115027,1700,0.9975,0,23.08518,20241109115028
20241109115323,1700,0.9749,0,23.06808,20241109115328
20241109115435,1700,0.9875,0.008,22.81294,20241109115438
20241109115730,1700,0.9723,0,22.52492,20241109115738
20241109115842,1700,0.99,0.004,22.80242,20241109115848
20241109120134,1700,0.9899,0.004,23.25747,20241109120139
20241109120246,1700,0.9949,0,22.88922,20241109120249
20241109120544,1700,0.91,0.036,22.84056,20241109120549
20241109120656,1700,0.995,0,22.95235,20241109120659
20241109120947,1700,0.9625,0.004,32.47944,20241109120945
20241109121059,1700,0.9925,0,23.00232,20241109121055
20241109121358,1700,0.99,0,23.53365,20241109121355
20241109121511,1700,0.9975,0.004,22.83924,20241109121515
20241109121803,1700,0.9624,0.028,25.16052,20241109121805
20241109121915,1700,0.9975,0,23.01942,20241109121916
20241109122217,1700,0.9345,0.052,23.59678,20241109122216
20241109122329,1700,0.9925,0,22.86949,20241109122326
20241109122625,1700,0.8886,0,24.52266,20241109122626
20241109122737,1700,0.9924,0,23.00496,20241109122736
20241109123035,1700,0.9975,0,24.05972,20241109123037
20241109123147,1700,0.9975,0,22.9484,20241109123147
20241109123441,1700,0.8719,0.084,23.37846,20241109123447
20241109123552,1700,0.9899,0,22.8787,20241109123557
20241109123849,1700,0.8806,0.04,23.702,20241109123848
20241109124000,1700,0.9925,0,22.87081,20241109124008
20241109124255,1700,0.8647,0.036,22.90895,20241109124258
20241109124406,1700,0.9925,0.004,22.86555,20241109124408
20241109124659,1700,0.8554,0.064,23.42975,20241109124658
20241109124811,1700,0.9899,0,23.50077,20241109124819
20241109125101,1700,0.9048,0.096,23.3127,20241109125109
20241109125213,1700,0.9875,0.004,23.25352,20241109125219
20241109125506,1700,0.8787,0,23.01811,20241109125509
20241109125618,1700,0.9875,0.004,22.86818,20241109125619
20241109125910,1700,0.9726,0,23.05888,20241109125915
20241109130022,1700,0.9949,0,22.83793,20241109130025
20241109130313,1700,0.9924,0,23.08781,20241109130315
20241109130425,1700,0.9975,0,22.96682,20241109130425
20241109130720,1700,0.9898,0.04,22.87475,20241109130725
20241109130832,1700,0.9949,0.008,23.08913,20241109130836
20241109131125,1700,0.9824,0,23.65991,20241109131126
20241109131237,1700,0.9925,0,22.9313,20241109131236
20241109131531,1700,0.9925,0,23.30744,20241109131536
20241109131643,1700,0.9899,0.032,22.86686,20241109131646
20241109131934,1700,0.995,0,22.94577,20241109131937
20241109132045,1700,0.985,0.004,23.06414,20241109132047
20241109132337,1700,0.9874,0,23.28114,20241109132337
20241109132448,1700,0.9924,0,22.96155,20241109132447
20241109132743,1700,0.9724,0,22.88659,20241109132748
20241109132854,1700,0.9825,0.032,22.74718,20241109132858
20241109133151,1700,0.995,0,23.72304,20241109133158
20241109133303,1700,0.9975,0,22.905,20241109133308
20241109133601,1700,0.9875,0.032,23.43896,20241109133608
20241109133712,1700,0.9925,0,22.8011,20241109133718
20241109134012,1700,0.9698,0.004,23.54154,20241109134019
20241109134124,1700,0.9949,0.004,22.94051,20241109134129
20241109134420,1700,0.9824,0,23.32323,20241109134429
20241109134532,1700,0.9975,0,22.8616,20241109134539
20241109134834,1700,0.9874,0.032,23.07335,20241109134835
20241109134945,1700,0.9874,0,22.83135,20241109134945
20241109135239,1700,0.9949,0,35.26234,20241109135235
20241109135351,1700,0.995,0.004,23.00496,20241109135355
20241109135644,1700,0.9398,0.04,24.56738,20241109135645
20241109135756,1700,0.9899,0.028,22.69194,20241109135756
20241109140051,1700,0.9899,0.008,22.94972,20241109140056
20241109140203,1700,0.9975,0.008,23.04967,20241109140206
20241109140457,1700,0.9723,0.004,25.48142,20241109140456
20241109140609,1700,1,0,23.11674,20241109140606
20241109140902,1700,0.8716,0,23.03915,20241109140907
20241109141013,1700,0.9925,0,23.04967,20241109141017
20241109141308,1700,0.8928,0,23.00364,20241109141307
20241109141419,1700,0.99,0,22.95103,20241109141417
20241109141716,1700,0.927,0.032,24.90801,20241109141718
20241109141827,1700,0.9875,0,23.09044,20241109141828
20241109142123,1700,0.8822,0,23.06677,20241109142128
20241109142234,1700,0.995,0,22.97339,20241109142238
20241109142528,1700,0.9183,0,22.9655,20241109142528
20241109142640,1700,0.995,0,23.20618,20241109142649
20241109142934,1700,0.9774,0.04,23.42581,20241109142939
20241109143046,1700,0.9875,0,22.82215,20241109143049
20241109143340,1700,0.927,0,22.86292,20241109143349
20241109143451,1700,0.9874,0.032,25.64055,20241109143459
20241109143742,1700,0.898,0,23.08255,20241109143745
20241109143853,1700,0.9925,0,22.71036,20241109143855
20241109144148,1700,0.93,0.004,26.85709,20241109144145
20241109144259,1700,0.9924,0,22.81031,20241109144255
20241109144555,1700,0.9672,0.064,23.41266,20241109144555
20241109144707,1700,0.9899,0,22.84976,20241109144706
20241109145003,1700,0.9673,0,22.93262,20241109145006
20241109145115,1700,1,0,22.87738,20241109145116
20241109145411,1700,0.9849,0.032,22.87081,20241109145416
20241109145523,1700,0.9875,0,22.9392,20241109145526
20241109145823,1700,0.9323,0.008,23.05493,20241109145827
20241109145935,1700,0.995,0.004,22.86686,20241109145937
20241109150227,1700,0.9749,0,23.43107,20241109150227
20241109150339,1700,0.9925,0,22.83135,20241109150337
20241109150631,1700,1,0,23.01153,20241109150638
20241109150743,1700,0.9924,0,22.97865,20241109150748
20241109151036,1700,0.8766,0.044,24.04788,20241109151038
20241109151147,1700,0.9899,0,23.00627,20241109151148
20241109151447,1700,0.9849,0.02,24.83436,20241109151448
20241109151559,1700,0.9849,0.028,22.96944,20241109151559
20241109151847,1700,0.995,0,24.68969,20241109151849
20241109151959,1700,0.9925,0,22.88396,20241109151959
20241109152254,1700,1,0.004,23.0523,20241109152259
20241109152406,1700,0.9899,0,23.03126,20241109152409
20241109152703,1700,0.9825,0.004,24.48189,20241109152705
20241109152815,1700,0.9949,0,22.9655,20241109152815
20241109153108,1700,0.995,0,23.24826,20241109153105
20241109153220,1700,0.995,0,22.99312,20241109153225
20241109153516,1700,0.9524,0.004,28.41031,20241109153516
20241109153633,1800,0.9924,0.032,22.75507,20241109153636
20241109153921,1800,0.995,0,23.08781,20241109153926
20241109154031,1800,0.9975,0,23.27062,20241109154036
20241109154323,1800,0.9975,0,23.06282,20241109154326
20241109154433,1800,0.9874,0.032,22.83793,20241109154436
20241109154723,1800,0.9874,0,23.07335,20241109154727
20241109154834,1800,0.9899,0,22.8787,20241109154837
20241109155129,1800,0.9571,0.004,23.68621,20241109155127
20241109155239,1800,0.9924,0.02,22.78269,20241109155237
20241109155530,1800,0.9925,0,23.16935,20241109155538
20241109155640,1800,0.995,0,25.46827,20241109155648
20241109155930,1800,0.9899,0,23.61519,20241109155938
20241109160041,1800,0.9875,0,23.44422,20241109160048
20241109160327,1800,0.9899,0.016,24.92247,20241109160328
20241109160438,1800,0.995,0,23.00364,20241109160439
20241109160733,1800,0.9874,0.004,23.27588,20241109160739
20241109160843,1800,0.9875,0,22.82741,20241109160849
20241109161133,1800,0.9323,0,23.25352,20241109161139
20241109161243,1800,0.9875,0,22.95235,20241109161249
20241109161523,1800,0.9824,0,23.92689,20241109161525
20241109161634,1800,0.9949,0,22.78927,20241109161635
20241109161921,1800,0.8995,0.108,22.88133,20241109161925
20241109162031,1800,1,0,22.97339,20241109162035
20241109162326,1800,0.94,0,23.80984,20241109162326
20241109162436,1800,0.9824,0.04,23.09044,20241109162436
20241109162727,1800,0.9724,0,26.04957,20241109162726
20241109162837,1800,0.9875,0,22.95498,20241109162836
20241109163126,1800,0.9899,0,22.93657,20241109163126
20241109163236,1800,0.995,0,22.93788,20241109163236
20241109163530,1800,0.9095,0,23.59152,20241109163537
20241109163640,1800,0.995,0,23.06282,20241109163647
20241109163931,1800,0.9725,0,22.88922,20241109163937
20241109164041,1800,0.9875,0,23.0089,20241109164047
20241109164331,1800,0.9748,0.044,23.05099,20241109164338
20241109164441,1800,0.995,0,22.79453,20241109164448
20241109164725,1800,0.9925,0,22.94709,20241109164728
20241109164836,1800,0.9924,0,22.74192,20241109164838
20241109165123,1800,0.9975,0,23.13516,20241109165128
20241109165233,1800,0.9924,0.004,22.88396,20241109165238
20241109165525,1800,0.908,0,23.02994,20241109165529
20241109165635,1800,0.9825,0.036,22.80373,20241109165639
20241109165924,1800,0.9924,0,23.24695,20241109165929
20241109170035,1800,0.995,0,22.93788,20241109170039
20241109170323,1800,0.8933,0.068,24.75545,20241109170324
20241109170433,1800,0.9975,0,22.92604,20241109170435
20241109170726,1800,0.895,0,23.54154,20241109170725
20241109170835,1800,0.9899,0,22.81031,20241109170835
20241109171126,1800,0.8936,0,24.2833,20241109171125
20241109171236,1800,0.9924,0,23.01022,20241109171235
20241109171529,1800,0.88,0,27.89607,20241109171526
20241109171639,1800,0.9975,0,22.85766,20241109171636
20241109171932,1800,0.8892,0,22.82872,20241109171936
20241109172042,1800,0.995,0,22.95761,20241109172046
20241109172328,1800,0.8958,0,23.6849,20241109172327
20241109172438,1800,0.9924,0,22.91684,20241109172437
20241109172729,1800,0.9722,0.008,35.45173,20241109172727
20241109172839,1800,0.985,0,23.30876,20241109172837
20241109173123,1800,0.9774,0,23.22722,20241109173127
20241109173234,1800,0.995,0,22.8353,20241109173237
20241109173524,1800,0.99,0,23.11937,20241109173528
20241109173634,1800,0.9975,0,22.97339,20241109173638
20241109173923,1800,0.9875,0,23.21933,20241109173928
20241109174033,1800,0.9799,0.032,22.94709,20241109174038
20241109174318,1800,0.9799,0,23.48368,20241109174318
20241109174429,1800,0.9875,0,22.89317,20241109174429
20241109174713,1800,0.9899,0,23.05493,20241109174719
20241109174823,1800,0.9975,0,23.17198,20241109174829
20241109175112,1800,0.9874,0,23.64281,20241109175119
20241109175222,1800,0.9875,0,25.34333,20241109175229
20241109175513,1800,0.9949,0.02,24.99612,20241109175515
20241109175624,1800,0.9849,0.028,22.81952,20241109175625
20241109175917,1800,0.9975,0,35.71476,20241109175915
20241109180028,1800,0.9875,0,22.88001,20241109180025
20241109180320,1800,0.95,0.04,23.11674,20241109180325
20241109180430,1800,0.995,0,22.89711,20241109180436
20241109180724,1800,0.9924,0,24.83699,20241109180726
20241109180834,1800,0.985,0,23.08387,20241109180836
20241109181123,1800,0.9949,0,23.0957,20241109181126
20241109181234,1800,0.995,0,22.82872,20241109181236
20241109181522,1800,0.9949,0.004,22.97865,20241109181527
20241109181632,1800,0.9825,0,23.13253,20241109181637
20241109181922,1800,0.9526,0.004,23.05756,20241109181927
20241109182032,1800,0.98,0.028,23.00759,20241109182037
20241109182324,1800,0.9874,0,22.88791,20241109182327
20241109182435,1800,0.995,0,22.94446,20241109182438
20241109182725,1800,0.9824,0,25.15657,20241109182728
20241109182835,1800,0.9975,0.036,22.86028,20241109182838
20241109183123,1800,0.9104,0.028,22.92736,20241109183128
20241109183233,1800,0.995,0,22.86423,20241109183238
20241109183522,1800,0.9924,0,22.9918,20241109183529
20241109183633,1800,0.995,0,23.01416,20241109183639
20241109183912,1800,0.9626,0,23.50209,20241109183919
20241109184022,1800,0.9874,0.072,22.88659,20241109184029
20241109184308,1800,0.995,0,24.92773,20241109184309
20241109184419,1800,0.9874,0.032,23.44291,20241109184415
20241109184710,1800,0.96,0.028,22.89448,20241109184715
20241109184821,1800,0.9949,0,22.99049,20241109184825
20241109185113,1800,0.9652,0,23.65465,20241109185115
20241109185224,1800,0.9975,0,22.95761,20241109185225
20241109185517,1800,0.9048,0,23.50077,20241109185516
20241109185627,1800,0.9924,0,22.91947,20241109185626
20241109185917,1800,0.8571,0,24.44507,20241109185916
20241109190027,1800,1,0,22.93525,20241109190026
20241109190315,1800,0.9221,0.076,24.76465,20241109190317
20241109190425,1800,0.9924,0,22.84845,20241109190427
20241109190713,1800,0.9899,0,23.05362,20241109190717
20241109190824,1800,0.9975,0,22.89843,20241109190827
20241109191112,1800,0.8978,0,23.20749,20241109191117
20241109191222,1800,0.9899,0,22.99312,20241109191228
20241109191516,1800,0.96,0,24.91327,20241109191518
20241109191626,1800,0.9925,0,22.92736,20241109191628
20241109191913,1800,0.9749,0.004,22.87344,20241109191918
20241109192023,1800,0.9899,0.024,22.88659,20241109192028
20241109192309,1800,0.9825,0,25.75892,20241109192309
20241109192420,1800,0.9925,0.004,22.88133,20241109192429
20241109192707,1800,0.8731,0.116,23.88612,20241109192709
20241109192817,1800,0.9924,0,23.10754,20241109192819
20241109193107,1800,0.8914,0,35.56878,20241109193105
20241109193217,1800,0.9826,0,23.04178,20241109193215
20241109193502,1800,0.8933,0,22.87344,20241109193505
20241109193612,1800,0.9925,0,22.76428,20241109193615
20241109193904,1800,0.8722,0.088,23.62309,20241109193905
20241109194014,1800,0.9975,0.044,23.08649,20241109194015
20241109194303,1800,0.9949,0.004,23.23906,20241109194306
20241109194414,1800,1,0,23.07729,20241109194416
20241109194702,1800,0.9875,0,23.01022,20241109194706
20241109194813,1800,0.9975,0,22.97208,20241109194816
20241109195106,1800,0.9924,0,23.18908,20241109195107
20241109195217,1800,0.995,0,23.01153,20241109195217
20241109195511,1800,0.9673,0.004,23.17724,20241109195517
20241109195621,1800,0.9925,0,22.80899,20241109195627
20241109195914,1800,0.9899,0,23.14042,20241109195917
20241109200025,1800,0.9924,0,22.98786,20241109200028
20241109200317,1800,0.9697,0.028,23.36531,20241109200318
20241109200427,1800,1,0,23.04704,20241109200428
20241109200719,1800,0.9774,0.032,23.50209,20241109200718
20241109200830,1800,0.9925,0.004,22.86686,20241109200838
20241109201116,1800,1,0,23.09175,20241109201119
20241109201226,1800,0.9875,0,22.8011,20241109201229
20241109201515,1800,0.9975,0,23.3035,20241109201519
20241109201625,1800,0.9899,0.02,22.72088,20241109201629
20241109201915,1800,0.9725,0.004,24.74361,20241109201915
20241109202026,1800,0.9874,0,22.88396,20241109202025
20241109202317,1800,0.9347,0.036,23.84666,20241109202315
20241109202427,1800,0.995,0.004,23.21012,20241109202425
20241109202717,1800,0.98,0,32.16249,20241109202715
20241109202828,1800,0.995,0.004,23.23248,20241109202826
20241109203122,1800,0.9725,0.004,23.0089,20241109203126
20241109203232,1800,0.9949,0,22.8787,20241109203236
20241109203526,1800,0.9899,0,23.07992,20241109203526
20241109203636,1800,0.9949,0,22.84976,20241109203636
20241109203924,1800,0.965,0,24.04525,20241109203927
20241109204034,1800,0.9875,0.004,23.19302,20241109204037
20241109204324,1800,0.9675,0.0436,23.33506,20241109204327
20241109204434,1800,0.9949,0,22.78269,20241109204437
20241109204722,1800,0.8765,0,23.03783,20241109204727
20241109204832,1800,0.9975,0,23.06808,20241109204837
20241109205119,1800,0.9673,0.028,29.6413,20241109205118
20241109205230,1800,0.995,0,23.15225,20241109205238
20241109205524,1800,0.9045,0,23.20618,20241109205528
20241109205634,1800,0.9925,0,22.91289,20241109205638
20241109205925,1800,0.9924,0,23.26404,20241109205929
20241109210035,1800,0.9949,0,22.90237,20241109210039
20241109210324,1800,0.995,0,22.98128,20241109210329
20241109210435,1800,0.9899,0.004,22.85766,20241109210439
20241109210724,1800,0.9874,0.004,22.96287,20241109210729
20241109210835,1800,0.9875,0.008,22.86555,20241109210839
20241109211124,1800,0.9749,0.032,23.13516,20241109211125
20241109211235,1800,0.985,0,22.98917,20241109211235
20241109211526,1800,0.9059,0,23.86902,20241109211525
20241109211636,1800,0.9924,0,22.84845,20241109211635
20241109211927,1800,0.9924,0,29.17442,20241109211926
20241109212038,1800,0.9949,0,22.7748,20241109212036
20241109212329,1800,0.9675,0,30.07268,20241109212326
20241109212439,1800,0.9949,0,22.95103,20241109212436
20241109212730,1800,0.9271,0.044,23.35216,20241109212736
20241109212841,1800,0.9875,0,22.94183,20241109212846
20241109213133,1800,0.9394,0.004,22.85108,20241109213137
20241109213243,1800,0.995,0,22.84582,20241109213247
20241109213531,1800,0.9773,0,22.91947,20241109213537
20241109213641,1800,0.9899,0,23.48499,20241109213647
20241109213927,1800,0.9328,0,23.05362,20241109213928
20241109214037,1800,0.9975,0,22.83661,20241109214038
20241109214329,1800,0.9123,0.064,26.79396,20241109214328
20241109214439,1800,0.9975,0,22.96682,20241109214438
20241109214727,1800,0.9156,0.048,24.65681,20241109214728
20241109214837,1800,0.995,0.004,22.72614,20241109214839
20241109215123,1800,0.8825,0,23.14831,20241109215129
20241109215233,1800,0.9975,0.004,23.00759,20241109215239
20241109215525,1800,0.8975,0,23.19434,20241109215529
20241109215635,1800,0.9875,0,22.85897,20241109215639
20241109215929,1800,0.995,0.036,36.19874,20241109215925
20241109220039,1800,0.9899,0,23.03783,20241109220035
20241109220332,1800,0.9447,0.036,23.63755,20241109220335
20241109220443,1800,0.9924,0,22.99969,20241109220445
20241109220736,1800,0.899,0.008,31.54041,20241109220735
20241109220847,1800,0.9949,0,22.97865,20241109220846
20241109221132,1800,0.995,0,23.10622,20241109221136
20241109221242,1800,0.9925,0.004,23.04178,20241109221246
20241109221527,1800,0.9899,0,23.19697,20241109221526
20241109221641,2000,0.9874,0.032,22.89448,20241109221646
20241109221916,2000,0.9673,0.032,23.66385,20241109221917
20241109222024,2000,0.9899,0.032,22.86555,20241109222027
20241109222257,2000,0.99,0,23.919,20241109222257
20241109222405,2000,0.9924,0.024,22.88527,20241109222407
20241109222640,2000,0.9825,0.036,23.60467,20241109222647
20241109222748,2000,0.9899,0.024,22.8616,20241109222748
20241109223022,2000,0.9924,0.004,22.96287,20241109223028
20241109223134,2000,0.9776,0.028,22.84714,20241109223138
20241109223412,2000,0.9899,0.036,23.16541,20241109223418
20241109223520,2000,0.9849,0.036,23.17198,20241109223528
20241109223754,2000,0.9749,0,23.18382,20241109223759
20241109223902,2000,0.9975,0,24.82121,20241109223909
20241109224138,2000,0.9848,0.004,23.43501,20241109224139
20241109224251,2000,0.9925,0,23.59941,20241109224259
20241109224526,2000,0.9468,0.028,23.11017,20241109224529
20241109224633,2000,0.9874,0.024,23.0523,20241109224639
20241109224909,2000,0.9303,0,38.2846,20241109224905
20241109225017,2000,0.99,0,23.14962,20241109225015
20241109225252,2000,0.9548,0.032,22.82478,20241109225255
20241109225405,2000,0.9899,0.032,22.82741,20241109225405
20241109225640,2000,0.9925,0,23.16146,20241109225645
20241109225748,2000,0.9824,0.036,23.00627,20241109225746
20241109230024,2000,0.9772,0,23.85324,20241109230026
20241109230132,2000,0.9924,0.028,22.75507,20241109230136
20241109230407,2000,0.995,0,28.15648,20241109230406
20241109230515,2000,0.9874,0.028,22.90237,20241109230516
20241109230751,2000,0.995,0,22.92999,20241109230757
20241109230859,2000,0.9849,0.032,23.11937,20241109230857
20241109231134,2000,0.995,0,22.9918,20241109231137
20241109231242,2000,0.995,0,22.9747,20241109231247
20241109231519,2000,0.99,0,38.25172,20241109231517
20241109231627,2000,0.9949,0,22.98391,20241109231628
20241109231903,2000,0.9975,0,23.09702,20241109231908
20241109232011,2000,0.9949,0,25.2026,20241109232018
20241109232244,2000,0.9975,0,22.95629,20241109232248
20241109232352,2000,0.995,0,23.05493,20241109232358
20241109232627,2000,0.919,0.068,23.03783,20241109232628
20241109232735,2000,0.9924,0.032,22.90106,20241109232739
20241109233011,2000,0.945,0,23.12858,20241109233019
20241109233124,2000,0.995,0,22.92736,20241109233129
20241109233402,2000,0.8781,0,23.10096,20241109233409
20241109233515,2000,0.9949,0,23.14831,20241109233519
20241109233750,2000,0.8922,0.068,22.84845,20241109233755
20241109233903,2000,0.9924,0,22.91947,20241109233905
20241109234140,2000,0.8812,0.032,22.94709,20241109234145
20241109234248,2000,0.99,0,23.07466,20241109234245
20241109234521,2000,0.975,0,23.0352,20241109234525
20241109234629,2000,0.9975,0,23.02731,20241109234625
20241109234906,2000,0.9352,0.04,24.76334,20241109234906
20241109235014,2000,0.9925,0,23.17067,20241109235016
20241109235249,2000,0.8897,0,32.91082,20241109235246
20241109235357,2000,0.99,0,22.91421,20241109235356
20241109235630,2000,0.9146,0,23.38898,20241109235637
20241109235738,2000,0.9899,0.028,22.80768,20241109235737
20241110000014,2000,0.9055,0,23.01942,20241110000017
20241110000122,2000,0.9924,0.024,22.81294,20241110000127
20241110000356,2000,0.8667,0.032,24.58842,20241110000357
20241110000504,2000,0.9925,0,22.8182,20241110000507
20241110000739,2000,0.9052,0,23.88086,20241110000738
20241110000846,2000,0.9925,0,22.7314,20241110000848
20241110001123,2000,0.9025,0.056,23.04441,20241110001128
20241110001230,2000,0.9874,0.028,22.74061,20241110001238
20241110001504,2000,0.9523,0.036,22.89974,20241110001508
20241110001612,2000,0.9875,0,23.00232,20241110001619
20241110001850,2000,0.985,0,22.68011,20241110001859
20241110001958,2000,0.9899,0.028,23.00627,20241110001959
20241110002233,2000,0.9747,0,23.21538,20241110002239
20241110002346,2000,0.9874,0.036,22.83004,20241110002349
20241110002623,2000,0.99,0,25.0553,20241110002625
20241110002731,2000,0.9874,0.024,23.21801,20241110002735
20241110003010,2000,0.9975,0,22.97602,20241110003015
20241110003118,2000,0.9849,0.028,22.91815,20241110003115
20241110003357,2000,0.995,0.004,23.9624,20241110003355
20241110003505,2000,0.9924,0.028,22.86423,20241110003506
20241110003741,2000,0.9799,0,22.92867,20241110003746
20241110003849,2000,0.9849,0.028,23.12858,20241110003846
20241110004126,2000,0.9747,0.032,23.31796,20241110004126
20241110004234,2000,0.9824,0.024,22.84319,20241110004236
20241110004510,2000,0.9725,0,23.56785,20241110004517
20241110004618,2000,0.995,0,23.08781,20241110004617
20241110004852,2000,0.9797,0,22.92604,20241110004857
20241110005000,2000,0.9874,0.068,25.7747,20241110005007
20241110005239,2000,0.9899,0.004,23.50867,20241110005237
20241110005348,2000,0.9925,0,22.95103,20241110005348
20241110005625,2000,0.9975,0,24.71862,20241110005628
20241110005733,2000,0.9899,0.028,22.84582,20241110005738
20241110010015,2000,0.9949,0.004,23.243,20241110010018
20241110010123,2000,0.99,0,22.8353,20241110010128
20241110010359,2000,0.9328,0,23.38372,20241110010359
20241110010507,2000,0.9925,0.004,23.04046,20241110010509
20241110010740,2000,0.9899,0.008,22.77611,20241110010749
20241110010848,2000,0.99,0,23.09965,20241110010849
20241110011122,2000,0.9975,0,23.30613,20241110011129
20241110011230,2000,0.9874,0.072,24.14258,20241110011239
20241110011503,2000,0.9724,0,24.83041,20241110011505
20241110011611,2000,0.9899,0.028,22.84845,20241110011615
20241110011847,2000,0.9875,0.004,37.46788,20241110011845
20241110012000,2000,0.9924,0.032,23.12858,20241110012005
20241110012237,2000,0.96,0.112,23.74145,20241110012235
20241110012345,2000,0.9875,0,23.06151,20241110012346
20241110012620,2000,0.9949,0,23.04704,20241110012626
20241110012728,2000,0.995,0,23.37846,20241110012726
20241110013005,2000,0.9975,0,23.10754,20241110013006
20241110013118,2000,0.9825,0.036,23.03257,20241110013116
20241110013356,2000,0.9949,0,23.9361,20241110013357
20241110013508,2000,0.995,0,22.86818,20241110013507
20241110013746,2000,0.9774,0.004,24.38194,20241110013747
20241110013854,2000,0.995,0,22.94709,20241110013857
20241110014132,2000,0.9025,0.036,23.35479,20241110014137
20241110014240,2000,0.9899,0.028,23.27325,20241110014247
20241110014517,2000,0.9102,0.036,24.64366,20241110014518
20241110014630,2000,1,0,23.15488,20241110014638
20241110014905,2000,0.9146,0.004,23.19566,20241110014908
20241110015013,2000,0.995,0,23.16014,20241110015018
20241110015249,2000,1,0,23.62966,20241110015248
20241110015402,2000,0.995,0,24.42008,20241110015409
20241110015640,2000,0.8593,0.064,22.82872,20241110015649
20241110015748,2000,0.9975,0,22.94972,20241110015749
20241110020024,2000,0.8778,0,23.28114,20241110020029
20241110020132,2000,0.9925,0,23.03257,20241110020139
20241110020408,2000,0.88,0.06,31.86657,20241110020405
20241110020516,2000,0.99,0,22.91026,20241110020515
20241110020753,2000,0.9849,0.032,24.94089,20241110020755
20241110020906,2000,0.9899,0.036,22.9655,20241110020905
20241110021141,2000,1,0,22.91815,20241110021145
20241110021250,2000,0.9875,0,22.91684,20241110021255
20241110021524,2000,1,0,24.45953,20241110021526
20241110021637,2000,0.9925,0,23.27983,20241110021636
20241110021910,2000,0.98,0,22.96944,20241110021916
20241110022019,2000,0.995,0,23.22985,20241110022016
20241110022254,2000,0.8691,0.012,22.91421,20241110022256
20241110022402,2000,0.9875,0,23.04441,20241110022407
20241110022637,2000,0.9548,0.092,27.51993,20241110022637
20241110022750,2000,0.9975,0,23.3732,20241110022757
20241110023025,2000,0.901,0,23.22327,20241110023027
20241110023133,2000,0.995,0,23.29166,20241110023137
20241110023405,2000,0.9924,0.032,23.16278,20241110023407
20241110023518,2000,0.9874,0.0317,22.92078,20241110023518
20241110023753,2000,0.9724,0,22.98523,20241110023758
20241110023905,2000,0.9925,0,22.84976,20241110023908
20241110024140,2000,0.9874,0,23.25484,20241110024148
20241110024248,2000,0.9949,0,23.02994,20241110024248
20241110024522,2000,0.9949,0,23.1391,20241110024529
20241110024635,2000,0.9849,0.036,22.83267,20241110024639
20241110024912,2000,0.995,0,23.33769,20241110024919
20241110025020,2000,0.9899,0.028,23.79143,20241110025029
20241110025258,2000,0.9576,0.04,25.5577,20241110025259
20241110025410,2000,0.9924,0.0277,22.96682,20241110025415
20241110025647,2000,0.9899,0.036,38.03998,20241110025645
20241110025759,2000,0.9975,0,22.98128,20241110025755
20241110030037,2000,0.9975,0,23.68227,20241110030035
20241110030150,2000,0.9874,0.024,23.24432,20241110030155
20241110030431,2000,0.9824,0,22.95629,20241110030436
20241110030539,2000,0.9949,0,23.09702,20241110030536
20241110030819,2000,1,0.004,23.37583,20241110030816
20241110030927,2000,0.9899,0,23.20881,20241110030926
20241110031203,2000,0.9899,0,23.39425,20241110031206
20241110031316,2000,0.9849,0.036,23.08518,20241110031316
20241110031552,2000,0.9924,0,23.00627,20241110031557
20241110031700,2000,0.9949,0.028,25.51825,20241110031707
20241110031935,2000,0.9899,0.044,24.74887,20241110031937
20241110032044,2000,0.9875,0,22.86423,20241110032047
20241110032321,2000,0.995,0.008,23.72435,20241110032328
20241110032434,2000,0.9874,0.032,22.81952,20241110032438
20241110032709,2000,0.9975,0,23.5902,20241110032708
20241110032822,2000,0.957,0.196,22.93788,20241110032828
20241110033058,2000,0.9924,0.036,23.81905,20241110033058
20241110033211,2000,0.985,0,24.83436,20241110033218
20241110033449,2000,0.9775,0,25.05794,20241110033449
20241110033602,2000,0.9899,0.028,25.82073,20241110033609
20241110033840,2000,0.9774,0,23.07861,20241110033849
20241110033948,2000,0.985,0,23.01022,20241110033949
20241110034223,2000,0.9697,0.08,24.88959,20241110034224
20241110034336,2000,0.985,0.028,23.09044,20241110034335
20241110034613,2000,0.9622,0.0713,25.0632,20241110034615
20241110034726,2000,0.9899,0.032,22.91815,20241110034725
20241110035002,2000,0.9059,0.052,23.07466,20241110035005
20241110035110,2000,0.9875,0,22.98128,20241110035115
20241110035344,2000,0.9602,0.008,24.97771,20241110035346
20241110035457,2000,0.9825,0.028,22.8445,20241110035456
20241110035731,2000,0.9824,0.004,23.23642,20241110035736
20241110035839,2000,0.9875,0,23.09702,20241110035836
20241110040111,2000,0.99,0,22.98654,20241110040116
20241110040219,2000,0.9874,0.032,23.34295,20241110040217
20241110040454,2000,0.99,0,23.12332,20241110040457
20241110040603,2000,0.99,0,22.86686,20241110040607
20241110040838,2000,0.99,0,23.07861,20241110040837
20241110040946,2000,0.9899,0.028,22.94183,20241110040947
20241110041221,2000,0.9233,0.004,23.58363,20241110041228
20241110041329,2000,0.995,0,23.16804,20241110041328
20241110041604,2000,0.9673,0,23.0352,20241110041608
20241110041712,2000,0.9874,0.024,22.90369,20241110041718
20241110041947,2000,0.9773,0.004,23.86376,20241110041948
20241110042100,2000,0.9925,0,22.68405,20241110042108
20241110042336,2000,0.9057,0,23.03783,20241110042339
20241110042443,2000,0.9949,0,22.82478,20241110042449
20241110042721,2000,0.995,0,23.35874,20241110042729
20241110042829,2000,0.9874,0.028,23.01022,20241110042829
20241110043105,2000,0.9724,0,23.01811,20241110043109
20241110043223,2200,0.9924,0,23.14568,20241110043225
20241110043454,2200,0.9823,0.004,23.54944,20241110043455
20241110043606,2200,0.9924,0.032,22.72614,20241110043605
20241110043837,2200,0.9015,0.056,24.40298,20241110043835
20241110043948,2200,0.9924,0.032,23.07203,20241110043945
20241110044216,2200,0.8756,0.036,26.20345,20241110044216
20241110044327,2200,0.9925,0,22.82346,20241110044326
20241110044554,2200,0.9724,0.008,23.50867,20241110044556
20241110044706,2200,0.9975,0,22.92078,20241110044706
20241110044927,2200,0.9048,0.012,38.77779,20241110044926
20241110045039,2200,0.9975,0,22.81031,20241110045036
20241110045310,2200,0.9798,0,23.9887,20241110045317
20241110045421,2200,0.99,0,22.91552,20241110045427
20241110045653,2200,0.9949,0,23.16804,20241110045657
20241110045804,2200,1,0,22.99969,20241110045807
20241110050036,2200,0.9899,0.004,24.85014,20241110050037
20241110050147,2200,0.99,0,22.8353,20241110050148
20241110050414,2200,0.9776,0.032,22.9313,20241110050418
20241110050526,2200,0.9975,0,22.94577,20241110050528
20241110050754,2200,0.9924,0,22.94314,20241110050758
20241110050905,2200,0.9874,0.032,22.87607,20241110050908
20241110051132,2200,0.995,0.004,23.41792,20241110051138
20241110051243,2200,0.995,0,22.87475,20241110051249
20241110051510,2200,0.9925,0,23.57705,20241110051519
20241110051621,2200,0.9925,0,23.0694,20241110051629
20241110051856,2200,0.99,0,23.37846,20241110051859
20241110052007,2200,1,0,22.99049,20241110052009
20241110052231,2200,0.9453,0,23.03915,20241110052235
20241110052342,2200,0.9975,0,23.08123,20241110052345
20241110052613,2200,0.9723,0.004,24.67259,20241110052615
20241110052724,2200,0.9975,0,22.82083,20241110052725
20241110052956,2200,0.94,0,23.73356,20241110052955
20241110053107,2200,0.98,0.036,22.84714,20241110053105
20241110053328,2200,0.9751,0.04,37.23641,20241110053326
20241110053439,2200,0.9975,0,23.15751,20241110053436
20241110053703,2200,0.9525,0.004,23.06808,20241110053706
20241110053815,2200,0.9925,0,22.89185,20241110053816
20241110054044,2200,0.9749,0.004,23.66122,20241110054046
20241110054155,2200,0.985,0.028,23.04441,20241110054157
20241110054419,2200,0.9849,0.04,39.76417,20241110054417
20241110054530,2200,1,0,25.74051,20241110054537
20241110054802,2200,0.9925,0,23.12069,20241110054807
20241110054909,2200,0.9874,0.028,22.91552,20241110054907
20241110055134,2200,0.9925,0,23.07729,20241110055138
20241110055246,2200,0.9899,0.032,23.06414,20241110055248
20241110055517,2200,0.9724,0.032,23.85587,20241110055518
20241110055628,2200,0.97,0.08,23.15225,20241110055628
20241110055858,2200,0.9219,0.052,24.70152,20241110055858
20241110060009,2200,0.9975,0,23.12069,20241110060008
20241110060240,2200,0.9823,0,23.00232,20241110060249
20241110060347,2200,0.9874,0.072,22.9313,20241110060349
20241110060620,2200,1,0,22.83924,20241110060629
20241110060732,2200,0.9874,0.028,26.12717,20241110060739
20241110060951,2200,0.9774,0.008,22.74981,20241110060959
20241110061102,2200,0.9925,0.004,23.64281,20241110061109
20241110061328,2200,0.975,0,40.52565,20241110061325
20241110061440,2200,0.9949,0,23.03257,20241110061445
20241110061702,2200,0.9271,0,22.97865,20241110061705
20241110061809,2200,0.9924,0.036,22.94183,20241110061805
20241110062036,2200,0.99,0.008,23.67175,20241110062035
20241110062143,2200,0.9874,0.036,23.07992,20241110062146
20241110062414,2200,0.9875,0,25.02242,20241110062416
20241110062526,2200,0.985,0.024,23.08913,20241110062526
20241110062751,2200,0.9073,0.08,22.95235,20241110062756
20241110062902,2200,0.9925,0,22.91552,20241110062906
20241110063123,2200,0.9152,0,23.13779,20241110063127
20241110063234,2200,0.9924,0.024,23.04178,20241110063237
20241110063504,2200,0.9198,0,22.8958,20241110063507
20241110063615,2200,0.99,0,22.97339,20241110063617
20241110063843,2200,0.8561,0.004,23.22196,20241110063847
20241110063949,2200,0.9749,0.128,23.38767,20241110063947
20241110064219,2200,0.9749,0,39.29728,20241110064218
20241110064326,2200,0.985,0,22.88922,20241110064328
20241110064549,2200,0.8925,0,23.23511,20241110064548
20241110064701,2200,0.9924,0.028,23.27193,20241110064708
20241110064929,2200,0.9107,0.036,23.80458,20241110064928
20241110065040,2200,0.9698,0.144,23.63361,20241110065049
20241110065310,2200,0.9899,0,23.14436,20241110065319
20241110065422,2200,0.9925,0,23.67701,20241110065429
20241110065647,2200,0.9949,0,22.89448,20241110065649
20241110065758,2200,0.9975,0,22.86292,20241110065759
20241110070027,2200,0.9549,0.004,40.26788,20241110070025
20241110070139,2200,0.9849,0.036,23.00759,20241110070135
20241110070405,2200,0.985,0.004,23.24037,20241110070405
20241110070516,2200,0.995,0,22.83004,20241110070515
20241110070747,2200,0.9875,0,38.24646,20241110070745
20241110070859,2200,0.9925,0,23.01153,20241110070855
20241110071132,2200,0.9975,0,23.03652,20241110071136
20241110071243,2200,0.9874,0.0356,23.09702,20241110071246
20241110071507,2200,0.965,0.032,24.9251,20241110071506
20241110071618,2200,0.9975,0,23.08387,20241110071616
20241110071843,2200,0.9675,0,22.99049,20241110071846
20241110071954,2200,0.99,0,22.99706,20241110071957
20241110072220,2200,0.975,0,23.31007,20241110072227
20241110072331,2200,0.9899,0.028,23.06414,20241110072337
20241110072557,2200,0.9799,0,23.13253,20241110072557
20241110072708,2200,0.9975,0,22.93657,20241110072707
20241110072935,2200,0.9898,0.008,25.66291,20241110072938
20241110073047,2200,0.985,0.028,23.02337,20241110073048
20241110073318,2200,0.9369,0.076,23.55864,20241110073318
20241110073429,2200,0.9924,0.036,22.77875,20241110073428
20241110073700,2200,0.9975,0,23.3127,20241110073708
20241110073811,2200,0.9975,0,25.76024,20241110073818
20241110074035,2200,0.995,0,23.07597,20241110074039
20241110074147,2200,0.9874,0.036,23.03915,20241110074149
20241110074418,2200,0.9496,0.028,25.40514,20241110074419
20241110074529,2200,0.9924,0.02,22.94972,20241110074529
20241110074756,2200,0.9925,0,23.25352,20241110074759
20241110074907,2200,1,0,22.98391,20241110074905
20241110075142,2200,0.9823,0,23.30087,20241110075145
20241110075253,2200,0.9975,0,22.98654,20241110075255
20241110075522,2200,0.9925,0,23.1391,20241110075525
20241110075633,2200,0.995,0,23.12201,20241110075635
20241110075905,2200,0.995,0,22.92736,20241110075906
20241110080017,2200,0.9874,0.028,23.0957,20241110080016
20241110080246,2200,0.8883,0,23.59678,20241110080246
20241110080357,2200,0.9975,0,23.07203,20241110080356
20241110080629,2200,0.9874,0.004,33.80645,20241110080626
20241110080741,2200,0.9925,0,24.34774,20241110080747
20241110081009,2200,0.9774,0,24.18335,20241110081007
20241110081121,2200,0.9874,0.0277,23.02205,20241110081127
20241110081349,2200,0.9062,0,24.82778,20241110081347
20241110081500,2200,0.99,0,23.15094,20241110081507
20241110081722,2200,0.9925,0,23.14831,20241110081727
20241110081834,2200,0.9925,0,23.01679,20241110081838
20241110082101,2200,0.8806,0.004,23.45343,20241110082108
20241110082212,2200,0.9925,0,23.03389,20241110082218
20241110082442,2200,0.9519,0,23.14042,20241110082448
20241110082553,2200,0.9899,0.032,22.89448,20241110082558
20241110082818,2200,0.9975,0,23.24958,20241110082819
20241110082930,2200,0.9825,0.032,24.58053,20241110082939
20241110083155,2200,0.9924,0,23.15225,20241110083159
20241110083306,2200,0.9899,0.028,23.09702,20241110083309
20241110083532,2200,0.9401,0.032,23.39161,20241110083539
20241110083644,2200,0.9924,0.024,22.85108,20241110083649
20241110083907,2200,1,0,39.32227,20241110083905
20241110084019,2200,0.9875,0,22.88922,20241110084015
20241110084246,2200,0.9425,0.004,36.44205,20241110084245
20241110084358,2200,1,0,23.12989,20241110084355
20241110084628,2200,0.9899,0,39.28544,20241110084625
20241110084740,2200,0.995,0,22.8616,20241110084746
20241110085005,2200,0.9175,0,23.26141,20241110085006
20241110085116,2200,0.99,0,23.08649,20241110085116
20241110085349,2200,0.896,0.08,33.05154,20241110085346
20241110085500,2200,0.9975,0,23.0694,20241110085506
20241110085728,2200,0.8881,0.004,40.70057,20241110085727
20241110085839,2200,0.9899,0.02,23.16146,20241110085837
20241110090104,2200,0.9127,0.04,23.2693,20241110090107
20241110090215,2200,0.9875,0.024,23.25089,20241110090217
20241110090439,2200,0.8828,0.008,33.79198,20241110090437
20241110090550,2200,0.9925,0,24.76991,20241110090557
20241110090816,2200,0.9032,0.056,25.08818,20241110090818
20241110090927,2200,1,0,22.89054,20241110090928
20241110091201,2200,0.9775,0.036,23.34822,20241110091208
20241110091313,2200,0.9899,0.024,23.03915,20241110091318
20241110091545,2200,0.9975,0,23.12332,20241110091548
20241110091657,2200,0.9875,0.036,22.95761,20241110091659
20241110091923,2200,0.9975,0,23.46395,20241110091929
20241110092034,2200,1,0,23.06414,20241110092039
20241110092305,2200,0.9774,0,23.01416,20241110092309
20241110092412,2200,0.9975,0,22.75902,20241110092419
20241110092641,2200,0.995,0.004,22.8787,20241110092649
20241110092752,2200,0.9899,0.032,23.14042,20241110092755
20241110093016,2200,0.995,0,31.05906,20241110093015
20241110093128,2200,0.9899,0.036,23.07466,20241110093125
20241110093401,2200,0.9849,0.032,23.37189,20241110093405
20241110093512,2200,0.9825,0.032,23.14962,20241110093515
20241110093734,2200,0.9925,0,23.24432,20241110093735
20241110093845,2200,0.995,0,23.01285,20241110093846
20241110094113,2200,0.9875,0.004,23.04572,20241110094116
20241110094220,2200,0.9924,0.032,23.06677,20241110094226
20241110094449,2200,0.957,0.064,38.9172,20241110094446
20241110094600,2200,0.995,0.004,23.24826,20241110094606
20241110094830,2200,0.9925,0,23.1825,20241110094837
20241110094941,2200,0.9925,0,23.05888,20241110094947
20241110095208,2200,0.9726,0,25.94699,20241110095207
20241110095319,2200,0.995,0,22.92999,20241110095317
20241110095550,2200,0.9475,0,23.4508,20241110095557
20241110095701,2200,0.98,0.024,22.98917,20241110095707
20241110095932,2200,0.9823,0,23.07729,20241110095938
20241110100044,2200,0.9899,0.024,22.94051,20241110100048
20241110100317,2200,0.9225,0,25.76287,20241110100318
20241110100428,2200,0.9899,0.024,22.88527,20241110100428
20241110100658,2200,0.9777,0,23.06545,20241110100658
20241110100810,2200,0.9899,0,23.68227,20241110100819
20241110101040,2200,0.9925,0.004,22.72482,20241110101049
20241110101151,2200,0.995,0,23.5902,20241110101159
20241110101418,2200,0.9799,0,23.49157,20241110101419
20241110101530,2200,0.9875,0,24.18598,20241110101539
20241110101755,2200,0.99,0,24.04131,20241110101755
20241110101907,2200,0.99,0,23.01548,20241110101905
20241110102133,2200,0.962,0.064,24.90932,20241110102135
20241110102244,2200,0.9975,0,23.07203,20241110102245
20241110102514,2200,0.9055,0.032,23.66122,20241110102515
20241110102625,2200,0.9924,0.036,22.97865,20241110102625
20241110102850,2200,0.9646,0.004,22.88922,20241110102856
20241110103001,2200,0.9874,0.028,22.93525,20241110103006
20241110103227,2200,0.9156,0,33.25933,20241110103226
20241110103338,2200,0.9924,0.032,23.05625,20241110103336
20241110103610,2200,0.9377,0,23.52839,20241110103617
20241110103727,2300,0.9825,0.028,22.98786,20241110103727
20241110103957,2300,0.9774,0,26.3639,20241110103957
20241110104108,2300,0.9825,0.032,22.98917,20241110104107
20241110104334,2300,0.9369,0,23.10885,20241110104337
20241110104445,2300,0.9773,0.092,23.10885,20241110104447
20241110104713,2300,0.9548,0.068,22.99575,20241110104718
20241110104824,2300,0.9849,0.032,22.83398,20241110104828
20241110105049,2300,0.9749,0.004,38.90668,20241110105048
20241110105200,2300,0.9899,0.028,23.7717,20241110105208
20241110105426,2300,0.935,0.064,22.98523,20241110105428
20241110105537,2300,0.9975,0,23.026,20241110105539
20241110105802,2300,0.8928,0,23.68884,20241110105809
20241110105913,2300,0.9975,0,22.87081,20241110105919
20241110110137,2300,0.9342,0.12,25.15,20241110110139
20241110110248,2300,0.9874,0.036,23.01153,20241110110249
20241110110513,2300,0.8765,0,25.73262,20241110110514
20241110110624,2300,1,0,23.00101,20241110110625
20241110110843,2300,0.9077,0.088,23.23248,20241110110845
20241110110954,2300,0.9875,0,22.89054,20241110110955
20241110111222,2300,0.9925,0,23.06414,20241110111225
20241110111333,2300,0.9825,0.036,23.07466,20241110111335
20241110111557,2300,0.875,0,40.3481,20241110111555
20241110111703,2300,0.9825,0.02,23.02205,20241110111706
20241110111925,2300,0.88,0.08,25.12764,20241110111926
20241110112036,2300,0.995,0,22.92999,20241110112036
20241110112254,2300,0.9089,0,23.35479,20241110112256
20241110112405,2300,0.9975,0,22.95103,20241110112406
20241110112630,2300,0.9173,0.084,22.98391,20241110112637
20241110112741,2300,0.9875,0,23.11674,20241110112747
20241110113005,2300,0.9825,0.036,23.51656,20241110113007
20241110113116,2300,1,0,22.91289,20241110113117
20241110113339,2300,0.9975,0,36.542,20241110113337
20241110113450,2300,0.9874,0.0356,23.2601,20241110113457
20241110113715,2300,0.9975,0,23.61256,20241110113718
20241110113826,2300,0.9975,0,22.83661,20241110113828
20241110114053,2300,0.97,0.064,23.19434,20241110114058
20241110114205,2300,0.9949,0.028,22.81031,20241110114208
20241110114432,2300,0.9975,0,23.27983,20241110114438
20241110114543,2300,0.9851,0,24.97508,20241110114549
20241110114809,2300,0.9925,0,23.13121,20241110114809
20241110114920,2300,0.9975,0,24.00448,20241110114929
20241110115149,2300,0.9924,0.032,23.21144,20241110115149
20241110115300,2300,0.9925,0,23.58626,20241110115309
20241110115526,2300,0.99,0,34.34435,20241110115525
20241110115637,2300,0.9899,0.032,22.93394,20241110115635
20241110115901,2300,0.9824,0,23.28377,20241110115905
20241110120007,2300,0.9975,0,23.82036,20241110120005
20241110120233,2300,0.9746,0,23.11411,20241110120235
20241110120339,2300,0.9849,0.032,22.8524,20241110120335
20241110120601,2300,0.9925,0,23.10491,20241110120606
20241110120712,2300,0.9925,0,23.07466,20241110120716
20241110120936,2300,0.9849,0.004,29.34802,20241110120936
20241110121047,2300,1,0,23.03257,20241110121046
20241110121314,2300,0.9545,0.012,23.26667,20241110121316
20241110121425,2300,0.9874,0.028,23.12989,20241110121427
20241110121650,2300,0.985,0,23.57837,20241110121657
20241110121801,2300,1,0,25.69711,20241110121807
20241110122027,2300,0.9198,0.076,23.36268,20241110122027
20241110122137,2300,0.9975,0,23.13253,20241110122137
20241110122401,2300,0.9277,0,23.50077,20241110122407
20241110122512,2300,0.9825,0.032,25.6182,20241110122518
20241110122736,2300,0.99,0,24.92642,20241110122738
20241110122847,2300,0.9975,0,22.86292,20241110122848
20241110123108,2300,0.995,0,23.03257,20241110123108
20241110123219,2300,0.9949,0.028,23.23774,20241110123218
20241110123448,2300,0.9007,0.08,24.5871,20241110123448
20241110123559,2300,0.9724,0.084,22.91552,20241110123559
20241110123828,2300,0.985,0,23.24958,20241110123829
20241110123939,2300,0.9925,0,22.95629,20241110123939
20241110124205,2300,0.9107,0.04,23.02468,20241110124209
20241110124316,2300,0.9925,0,23.17987,20241110124319
20241110124542,2300,0.9722,0,23.08649,20241110124545
20241110124648,2300,0.9899,0.04,23.02994,20241110124645
20241110124915,2300,0.9098,0.076,23.0523,20241110124915
20241110125025,2300,0.9825,0.032,23.09833,20241110125025
20241110125244,2300,0.9221,0,25.16446,20241110125245
20241110125355,2300,0.9975,0,22.93657,20241110125355
20241110125614,2300,0.995,0,25.25653,20241110125616
20241110125725,2300,0.9874,0.036,23.03783,20241110125726
20241110125949,2300,0.9825,0.04,40.80709,20241110125946
20241110130101,2300,0.995,0,22.99575,20241110130106
20241110130330,2300,0.9674,0,23.53365,20241110130336
20241110130441,2300,1,0,23.09175,20241110130446
20241110130707,2300,0.9275,0.044,23.91768,20241110130707
20241110130818,2300,0.9874,0.04,23.20223,20241110130817
20241110131046,2300,0.99,0,23.49814,20241110131047
20241110131153,2300,0.9849,0.036,23.00364,20241110131157
20241110131418,2300,0.8883,0.052,23.35874,20241110131417
20241110131529,2300,0.995,0,23.09965,20241110131527
20241110131754,2300,0.9,0,23.13253,20241110131758
20241110131905,2300,0.9949,0,22.99049,20241110131908
20241110132126,2300,0.9495,0.06,23.06545,20241110132128
20241110132237,2300,0.9899,0.028,23.14305,20241110132238
20241110132505,2300,0.9107,0,23.43765,20241110132508
20241110132616,2300,0.9924,0,23.1128,20241110132619
20241110132842,2300,0.985,0.008,23.24958,20241110132849
20241110132953,2300,0.9975,0,24.96324,20241110132959
20241110133218,2300,0.92,0,25.16315,20241110133219
20241110133329,2300,0.9874,0.036,23.14436,20241110133329
20241110133558,2300,0.9152,0.028,35.83839,20241110133555
20241110133709,2300,0.9849,0.024,23.01416,20241110133705
20241110133936,2300,0.9084,0.024,23.96108,20241110133935
20241110134047,2300,1,0,23.09965,20241110134045
20241110134313,2300,0.8667,0.004,23.4074,20241110134315
20241110134423,2300,0.9949,0.032,22.99969,20241110134425
20241110134649,2300,0.6717,0.044,41.69221,20241110134646
20241110134800,2300,0.995,0.004,23.17067,20241110134806
20241110135027,2300,0.9975,0,23.85981,20241110135026
20241110135138,2300,0.9673,0.08,23.16014,20241110135136
20241110135405,2300,0.99,0,23.31928,20241110135406
20241110135517,2300,0.9924,0.028,22.99312,20241110135517
20241110135743,2300,1,0,23.10885,20241110135747
20241110135854,2300,0.995,0,23.16014,20241110135857
20241110140124,2300,0.99,0.02,23.13384,20241110140127
20241110140235,2300,1,0,23.10359,20241110140237
20241110140501,2300,0.9824,0,23.52445,20241110140508
20241110140612,2300,0.9874,0.04,25.69448,20241110140618
20241110140835,2300,0.9499,0.1,23.01679,20241110140838
20241110140946,2300,0.9924,0.028,23.01942,20241110140948
20241110141209,2300,0.9799,0,23.72041,20241110141208
20241110141320,2300,0.9899,0.032,23.7888,20241110141328
20241110141547,2300,0.995,0,23.58889,20241110141549
20241110141658,2300,0.9874,0.036,22.95629,20241110141659
20241110141919,2300,0.9747,0.004,23.18119,20241110141919
20241110142029,2300,0.9851,0,23.10096,20241110142029
20241110142256,2300,0.9975,0,23.27193,20241110142259
20241110142407,2300,0.99,0,23.18382,20241110142405
20241110142632,2300,0.7451,0.004,26.30998,20241110142635
20241110142743,2300,0.99,0,23.03257,20241110142745
20241110143008,2300,0.9426,0.064,40.64928,20241110143005
20241110143119,2300,0.9924,0.028,23.20749,20241110143115
20241110143341,2300,0.9875,0,23.09307,20241110143346
20241110143452,2300,0.9875,0,23.08649,20241110143456
20241110143717,2300,0.9798,0,31.4444,20241110143716
20241110143828,2300,0.9975,0,23.22853,20241110143826
20241110144051,2300,0.9975,0,23.21801,20241110144056
20241110144202,2300,0.995,0.02,23.0352,20241110144206
20241110144424,2300,0.9753,0,23.39819,20241110144427
20241110144535,2300,0.9875,0,23.12595,20241110144537
20241110144757,2300,0.9925,0,23.0694,20241110144757
20241110144908,2300,0.9874,0.02,23.04441,20241110144907
20241110145129,2300,0.8812,0.064,26.45728,20241110145127
20241110145239,2300,0.9975,0,23.14568,20241110145237
20241110145509,2300,0.9273,0,31.90339,20241110145508
20241110145620,2300,0.9899,0.028,23.19302,20241110145628
20241110145845,2300,0.99,0,23.24432,20241110145848
20241110145956,2300,0.995,0,23.06545,20241110145958
20241110150218,2300,0.9975,0.004,23.30087,20241110150219
20241110150329,2300,0.9874,0.036,23.14699,20241110150329
20241110150553,2300,0.89,0,23.76249,20241110150559
20241110150704,2300,0.9899,0.028,23.11411,20241110150709
20241110150927,2300,0.995,0,24.51345,20241110150929
20241110151038,2300,0.9899,0.028,23.03652,20241110151039
20241110151305,2300,0.925,0,24.40561,20241110151305
20241110151416,2300,0.9825,0.032,23.243,20241110151415
20241110151640,2300,1,0,23.16804,20241110151645
20241110151751,2300,0.9874,0.028,23.09044,20241110151755
20241110152012,2300,0.9724,0,23.15225,20241110152015
20241110152119,2300,0.9925,0,23.30481,20241110152115
20241110152344,2300,0.885,0.06,28.34849,20241110152346
20241110152455,2300,0.995,0,22.98523,20241110152456
20241110152721,2300,0.9398,0,23.41134,20241110152726
20241110152832,2300,0.9874,0.032,23.04046,20241110152836
20241110153055,2300,0.8978,0.156,25.27757,20241110153056
20241110153206,2300,0.9924,0,23.09044,20241110153207
20241110153431,2300,0.9501,0,23.28509,20241110153437
20241110153542,2300,0.9825,0.028,23.04178,20241110153547
20241110153810,2300,0.8914,0.092,23.7454,20241110153817
20241110153921,2300,0.99,0,25.76287,20241110153927
20241110154142,2300,0.9544,0,23.23511,20241110154147
20241110154253,2300,1,0,23.00496,20241110154258
20241110154516,2300,0.9048,0.028,25.80232,20241110154518
20241110154622,2300,0.995,0.004,23.08387,20241110154628
20241110154846,2300,0.902,0.004,23.44948,20241110154848
20241110154957,2300,0.9975,0,23.04967,20241110154958
20241110155223,2300,0.935,0,23.03257,20241110155229
20241110155330,2300,0.9975,0,23.7112,20241110155339
20241110155601,2300,0.9726,0,23.63229,20241110155609
20241110155712,2300,0.9975,0,25.86282,20241110155719
20241110155936,2300,0.9975,0,23.05493,20241110155939
20241110160043,2300,0.9874,0.024,23.00101,20241110160049
20241110160312,2300,0.9799,0.004,23.00364,20241110160315
20241110160423,2300,0.9975,0,22.97997,20241110160425
20241110160649,2300,0.9799,0,41.71194,20241110160645
20241110160800,2300,0.9925,0,23.32323,20241110160805
20241110161020,2300,0.9148,0.012,23.35348,20241110161025
20241110161131,2300,0.995,0,22.98654,20241110161135
20241110161351,2300,0.9899,0,22.99575,20241110161356
20241110161502,2300,0.9899,0.028,22.87212,20241110161506
20241110161718,2300,0.995,0,38.7528,20241110161716
20241110161829,2300,0.9874,0.036,22.89054,20241110161826
20241110162049,2300,0.9799,0,40.64796,20241110162046
20241110162159,2300,0.99,0,23.02731,20241110162156
20241110162423,2300,0.9824,0.04,23.07335,20241110162427
20241110162533,2300,1,0,23.11806,20241110162537
20241110162756,2300,0.995,0,23.26141,20241110162757
20241110162907,2300,0.995,0,23.02205,20241110162907
20241110163132,2300,0.9677,0,23.26667,20241110163137
20241110163243,2300,0.9776,0.032,23.21801,20241110163248
20241110163510,2300,0.9398,0,23.49814,20241110163518
20241110163625,2500,1,0.004,23.10885,20241110163628
20241110163840,2500,1,0,23.39688,20241110163848
20241110163950,2500,0.99,0.008,24.0755,20241110163958
20241110164201,2500,0.99,0,23.57179,20241110164208
20241110164311,2500,0.995,0,23.30218,20241110164319
20241110164524,2500,0.9797,0.036,23.16672,20241110164529
20241110164634,2500,0.9925,0,23.00496,20241110164639
20241110164842,2500,0.9601,0.108,23.16409,20241110164849
20241110164953,2500,0.9925,0,23.51524,20241110164959
20241110165203,2500,1,0,25.15263,20241110165205
20241110165313,2500,0.9975,0,24.01106,20241110165315
20241110165525,2500,0.9925,0,31.41152,20241110165525
20241110165635,2500,0.9924,0.0356,23.06808,20241110165635
20241110165846,2500,0.9925,0,25.90096,20241110165845
20241110165956,2500,0.9975,0.02,23.04967,20241110165955
20241110170209,2500,0.9799,0,43.32828,20241110170206
20241110170315,2500,0.995,0,23.28377,20241110170316
20241110170527,2500,0.9365,0.044,25.63135,20241110170526
20241110170637,2500,1,0,23.05756,20241110170636
20241110170854,2500,0.9425,0,23.39161,20241110170856
20241110171004,2500,0.9899,0.036,23.23642,20241110171006
20241110171218,2500,0.9925,0,45.05378,20241110171217
20241110171328,2500,0.9925,0,23.14173,20241110171327
20241110171541,2500,0.9373,0.032,23.7809,20241110171547
20241110171651,2500,0.9825,0.024,25.94699,20241110171657
20241110171906,2500,1,0,24.76465,20241110171907
20241110172016,2500,0.9875,0.028,22.99443,20241110172017
20241110172229,2500,0.9925,0.036,38.00841,20241110172228
20241110172339,2500,0.9975,0,23.35084,20241110172338
20241110172553,2500,0.9798,0.004,23.26273,20241110172558
20241110172703,2500,0.9899,0.032,23.14305,20241110172708
20241110172915,2500,0.9206,0.004,23.40477,20241110172918
20241110173025,2500,1,0,23.08123,20241110173028
20241110173237,2500,0.995,0,24.92247,20241110173239
20241110173347,2500,0.995,0,23.20223,20241110173349
20241110173557,2500,0.995,0,25.10002,20241110173559
20241110173708,2500,0.9875,0.032,23.13253,20241110173709
20241110173917,2500,0.9975,0,25.26442,20241110173919
20241110174027,2500,0.9825,0.028,23.19828,20241110174029
20241110174239,2500,0.893,0.064,44.58952,20241110174235
20241110174349,2500,0.9949,0.032,23.13384,20241110174345
20241110174604,2500,0.9227,0.004,25.29729,20241110174605
20241110174714,2500,0.9899,0.036,23.22985,20241110174715
20241110174925,2500,0.9107,0.068,25.0895,20241110174925
20241110175030,2500,0.9874,0.032,22.97339,20241110175036
20241110175243,2500,0.9035,0.032,23.2338,20241110175246
20241110175353,2500,0.985,0,23.1128,20241110175356
20241110175604,2500,0.9275,0.004,23.37715,20241110175606
20241110175714,2500,0.995,0,23.09044,20241110175716
20241110175927,2500,0.92,0.032,23.39819,20241110175926
20241110180037,2500,0.9825,0.024,23.2693,20241110180037
20241110180248,2500,0.9373,0.004,24.15704,20241110180247
20241110180358,2500,1,0,23.10359,20241110180357
20241110180611,2500,0.9798,0,24.16625,20241110180617
20241110180721,2500,0.9975,0.004,26.22712,20241110180727
20241110180932,2500,0.9899,0.004,23.11806,20241110180937
20241110181042,2500,1,0,26.13243,20241110181048
20241110181256,2500,0.9875,0,27.13243,
20241110181406,2500,0.9924,0.024,28.13243,
20241110181621,2500,0.9924,0,29.13243,
20241110181731,2500,0.995,0,23.08123,20241110181736
20241110181943,2500,0.9799,0,24.08123,
20241110182053,2500,0.9975,0,25.08123,
20241110182305,2500,0.9798,0.016,23.29692,20241110182309
20241110182415,2500,0.995,0,22.98917,20241110182419
20241110182626,2500,0.9724,0,23.30744,20241110182629
20241110182736,2500,0.99,0,23.17856,20241110182739
20241110182948,2500,0.99,0,43.66365,20241110182945
20241110183058,2500,0.9975,0,23.13253,20241110183055
20241110183309,2500,0.9824,0.008,44.36989,20241110183305
20241110183419,2500,0.9975,0,23.06545,20241110183415
20241110183631,2500,0.9499,0.004,23.10885,20241110183635
20241110183742,2500,0.995,0,22.92341,20241110183745
20241110183955,2500,0.9925,0,23.07729,20241110183956
20241110184105,2500,0.995,0,22.96944,20241110184106
20241110184321,2500,1,0,23.23642,20241110184326
20241110184431,2500,0.995,0,23.13779,20241110184436
20241110184647,2500,0.9975,0,23.34953,20241110184646
20241110184757,2500,0.9975,0,23.11148,20241110184756
20241110185008,2500,0.975,0,25.99171,20241110185007
20241110185118,2500,0.9849,0.036,23.11674,20241110185117
20241110185331,2500,0.9899,0,23.14699,20241110185337
20241110185441,2500,0.9949,0.028,26.05352,20241110185447
20241110185655,2500,0.9824,0.004,23.2338,20241110185657
20241110185805,2500,0.985,0.024,23.23774,20241110185807
20241110190018,2500,0.9098,0.004,24.40824,20241110190018
20241110190128,2500,0.9975,0,23.05625,20241110190128
20241110190339,2500,0.8988,0.064,23.57442,20241110190338
20241110190449,2500,0.9875,0,22.99969,20241110190448
20241110190701,2500,0.9975,0,23.66254,20241110190708
20241110190811,2500,0.9949,0.028,24.14652,20241110190819
20241110191022,2500,0.9223,0.076,23.7112,20241110191029
20241110191132,2500,0.9975,0,24.0663,20241110191139
20241110191347,2500,0.9175,0.044,23.17593,20241110191349
20241110191457,2500,0.9975,0,23.11411,20241110191459
20241110191711,2500,0.9749,0,23.47973,20241110191719
20241110191821,2500,0.9925,0,23.06282,20241110191825
20241110192035,2500,0.9799,0,36.33157,20241110192035
20241110192145,2500,0.9899,0.024,22.99312,20241110192145
20241110192400,2500,0.9774,0,23.22459,20241110192405
20241110192510,2500,0.995,0,22.8524,20241110192515
20241110192727,2500,0.8958,0.004,25.74446,20241110192725
20241110192837,2500,0.995,0,23.04441,20241110192836
20241110193052,2500,0.9774,0.004,23.39688,20241110193056
20241110193203,2500,0.9925,0,23.11148,20241110193206
20241110193415,2500,0.9925,0.004,23.89796,20241110193416
20241110193525,2500,0.995,0,23.09833,20241110193526
20241110193740,2500,0.9373,0.088,23.50603,20241110193747
20241110193850,2500,0.995,0,26.25869,20241110193857
20241110194103,2500,0.9154,0.032,23.42844,20241110194107
20241110194213,2500,0.9874,0.032,23.07466,20241110194217
20241110194429,2500,0.8922,0.076,26.24027,20241110194427
20241110194539,2500,0.9925,0,23.24432,20241110194537
20241110194750,2500,0.9749,0,23.85455,20241110194758
20241110194900,2500,0.9874,0.032,23.08913,20241110194908
20241110195110,2500,0.9271,0.044,23.07335,20241110195118
20241110195220,2500,0.9751,0.032,24.7081,20241110195228
20241110195435,2500,0.9674,0,23.20881,20241110195438
20241110195545,2500,1,0,23.11411,20241110195548
20241110195758,2500,0.9077,0.072,25.19866,20241110195759
20241110195908,2500,0.995,0,23.10491,20241110195909
20241110200125,2500,0.9501,0,23.13647,20241110200129
20241110200235,2500,0.995,0,23.20486,20241110200239
20241110200448,2500,0.9156,0.068,25.5314,20241110200449
20241110200558,2500,0.9899,0.032,23.44159,20241110200555
20241110200812,2500,0.916,0,23.17461,20241110200815
20241110200922,2500,0.9849,0.064,22.92867,20241110200925
20241110201131,2500,0.915,0.068,23.02205,20241110201135
20241110201241,2500,0.9874,0.028,23.00101,20241110201245
20241110201455,2500,0.9823,0,23.75329,20241110201455
20241110201606,2500,0.9825,0.048,23.17724,20241110201606
20241110201818,2500,0.9975,0,43.6334,20241110201816
20241110201928,2500,0.9925,0,23.1128,20241110201926
20241110202137,2500,0.995,0,32.98578,20241110202136
20241110202247,2500,0.99,0,23.1562,20241110202246
20241110202500,2500,0.9975,0,23.78748,20241110202506
20241110202610,2500,0.9925,0,23.92558,20241110202617
20241110202822,2500,0.9975,0,23.51656,20241110202827
20241110202932,2500,0.9975,0,23.04046,20241110202937
20241110203146,2500,0.9975,0.004,23.3561,20241110203147
20241110203256,2500,0.9975,0,22.89843,20241110203257
20241110203511,2500,0.9749,0.012,23.58232,20241110203517
20241110203621,2500,0.985,0.024,23.12989,20241110203628
20241110203832,2500,0.9578,0.004,23.22722,20241110203838
20241110203942,2500,0.99,0,23.30744,20241110203948
20241110204154,2500,0.9824,0,23.364,20241110204158
20241110204304,2500,0.995,0,23.08913,20241110204308
20241110204519,2500,0.9924,0.032,24.71336,20241110204518
20241110204629,2500,0.995,0,23.02205,20241110204629
20241110204841,2500,0.9975,0,23.60336,20241110204849
20241110204951,2500,0.9925,0,24.10049,20241110204959
20241110205201,2500,0.9799,0,23.3469,20241110205209
20241110205311,2500,0.995,0,24.85934,20241110205319
20241110205522,2500,0.995,0,23.68095,20241110205529
20241110205632,2500,0.99,0,23.04178,20241110205635
20241110205847,2500,0.9925,0,24.71731,20241110205845
20241110205958,2500,0.9874,0.036,23.04704,20241110205955
20241110210211,2500,0.9949,0,23.32059,20241110210215
20241110210321,2500,0.9925,0,23.20354,20241110210325
20241110210533,2500,0.9975,0,23.65728,20241110210535
20241110210644,2500,0.995,0,23.12463,20241110210646
20241110210859,2500,0.9699,0.032,42.14594,20241110210856
20241110211010,2500,0.9899,0.028,23.37978,20241110211016
20241110211221,2500,0.9924,0.004,23.12858,20241110211226
20241110211332,2500,0.995,0,23.11674,20241110211336
20241110211545,2500,0.9824,0,25.91148,20241110211547
20241110211655,2500,0.9874,0.028,23.31402,20241110211657
20241110211908,2500,0.9925,0,24.36221,20241110211907
20241110212018,2500,0.9975,0,22.90369,20241110212017
20241110212233,2500,0.995,0,23.2259,20241110212237
20241110212343,2500,0.98,0.028,23.07597,20241110212347
20241110212553,2500,0.9395,0.036,23.0957,20241110212558
20241110212703,2500,0.9874,0.028,23.10754,20241110212708
20241110212915,2500,0.9175,0.036,23.25878,20241110212918
20241110213025,2500,0.995,0.004,23.25615,20241110213028
20241110213240,2500,0.9824,0,23.71252,20241110213248
20241110213350,2500,0.99,0,24.08734,20241110213359
20241110213603,2500,0.9474,0.076,23.21012,20241110213609
20241110213713,2500,0.9874,0.048,26.36653,20241110213719
20241110213926,2500,0.9849,0,23.24432,20241110213929
20241110214036,2500,0.99,0,23.05493,20241110214039
20241110214248,2500,0.8925,0.052,44.76839,20241110214245
20241110214358,2500,0.9899,0.028,23.02074,20241110214355
20241110214615,2500,0.9284,0,23.22064,20241110214615
20241110214725,2500,0.9949,0.028,23.03257,20241110214725
20241110214939,2500,0.8922,0.072,44.17262,20241110214935
20241110215049,2500,0.985,0.024,23.08649,20241110215045
20241110215302,2500,0.9005,0.032,23.30876,20241110215306
20241110215412,2500,0.98,0.036,23.13384,20241110215416
20241110215628,2500,0.885,0.004,26.01538,20241110215626
20241110215738,2500,0.985,0.032,23.38898,20241110215736
20241110215949,2500,0.8997,0,44.79995,20241110215946
20241110220059,2500,0.9925,0,23.11937,20241110220057
20241110220309,2500,0.9027,0.004,31.71401,20241110220307
20241110220419,2500,0.9925,0,23.1391,20241110220417
20241110220632,2500,0.9874,0,23.03652,20241110220637
20241110220742,2500,0.995,0,22.98391,20241110220747
20241110220957,2500,0.9899,0.036,23.07335,20241110220957
20241110221107,2500,1,0,23.09833,20241110221108
20241110221317,2500,0.9875,0,23.23511,20241110221318
20241110221432,2700,0.9975,0,26.24817,20241110221438
20241110221639,2700,0.9925,0,48.49427,20241110221638
20241110221749,2700,0.9849,0.032,23.20749,20241110221748
20241110221956,2700,0.8975,0.056,23.33112,20241110221958
20241110222104,2700,0.995,0.004,23.28903,20241110222109
20241110222316,2700,0.9773,0.036,23.04967,20241110222319
20241110222425,2700,0.9925,0,23.1733,20241110222429
20241110222635,2700,0.9748,0.032,23.08649,20241110222639
20241110222744,2700,0.9975,0.004,23.11674,20241110222749
20241110222955,2700,0.9875,0,23.67569,20241110222955
20241110223103,2700,0.99,0,23.09044,20241110223105
20241110223315,2700,0.9749,0,25.63135,20241110223315
20241110223424,2700,0.9975,0,23.06677,20241110223425
20241110223636,2700,0.9749,0.004,45.18267,20241110223635
20241110223745,2700,0.9975,0.004,23.13516,20241110223745
20241110223956,2700,0.9774,0.008,33.14228,20241110223956
20241110224105,2700,0.995,0,23.08518,20241110224106
20241110224317,2700,0.9975,0.008,23.97424,20241110224316
20241110224426,2700,0.9924,0.032,23.14699,20241110224426
20241110224637,2700,0.99,0.004,23.69805,20241110224636
20241110224746,2700,0.9925,0,23.25878,20241110224746
20241110224958,2700,0.9975,0,44.53429,20241110224957
20241110225108,2700,0.9899,0.024,23.17461,20241110225107
20241110225316,2700,0.9146,0.108,26.71637,20241110225317
20241110225425,2700,0.9949,0.032,22.98391,20241110225427
20241110225640,2700,0.9874,0.04,24.18729,20241110225647
20241110225749,2700,0.9825,0.028,23.03652,20241110225747
20241110225959,2700,0.995,0,24.09129,20241110225958
20241110230108,2700,0.9925,0,22.94183,20241110230108
20241110230319,2700,0.9925,0,23.59284,20241110230318
20241110230428,2700,0.9774,0.092,23.43765,20241110230428
20241110230636,2700,0.9824,0.032,24.21754,20241110230638
20241110230745,2700,0.9975,0,23.08913,20241110230748
20241110230956,2700,0.9898,0.008,23.11148,20241110230959
20241110231105,2700,1,0,23.13253,20241110231109
20241110231316,2700,0.9925,0,23.35348,20241110231319
20241110231425,2700,0.9975,0,23.22459,20241110231429
20241110231638,2700,0.9925,0,25.08029,20241110231639
20241110231747,2700,0.9975,0.004,23.20881,20241110231749
20241110231957,2700,0.99,0,46.90554,20241110231955
20241110232106,2700,0.9925,0.004,23.21012,20241110232105
20241110232314,2700,0.9747,0.004,23.7546,20241110232315
20241110232423,2700,1,0,23.23116,20241110232425
20241110232629,2700,0.9873,0.04,47.94847,20241110232625
20241110232738,2700,1,0,23.05099,20241110232735
20241110232949,2700,0.9774,0.004,48.11813,20241110232946
20241110233058,2700,0.995,0,23.22196,20241110233056
20241110233307,2700,0.995,0,40.47962,20241110233306
20241110233416,2700,1,0,22.95892,20241110233416
20241110233625,2700,0.92,0.064,25.2197,20241110233626
20241110233734,2700,0.9975,0,23.15094,20241110233736
20241110233948,2700,0.9523,0.004,24.12416,20241110233947
20241110234057,2700,0.985,0.028,23.12463,20241110234057
20241110234307,2700,0.9925,0,23.3035,20241110234307
20241110234416,2700,0.9975,0,23.21801,20241110234417
20241110234629,2700,0.995,0,24.54897,20241110234627
20241110234739,2700,0.9825,0.032,23.17987,20241110234737
20241110234952,2700,0.9601,0.008,23.18119,20241110234958
20241110235101,2700,0.9975,0,24.09786,20241110235108
20241110235312,2700,0.9824,0.004,23.33112,20241110235318
20241110235422,2700,0.9925,0,24.23595,20241110235428
20241110235631,2700,0.9055,0,23.59941,20241110235638
20241110235740,2700,0.9924,0.036,24.20176,20241110235749
20241110235951,2700,0.9748,0,23.63755,20241110235959
20241111000101,2700,0.995,0,24.2228,20241111000109
20241111000309,2700,0.9975,0,25.63529,20241111000309
20241111000419,2700,0.9875,0.02,23.08255,20241111000419
20241111000633,2700,0.9394,0,24.07287,20241111000639
20241111000742,2700,1,0,23.27062,20241111000745
20241111000957,2700,0.9747,0.06,25.1066,20241111000955
20241111001107,2700,0.9825,0.02,23.36663,20241111001105
20241111001319,2700,0.932,0.028,48.06684,20241111001315
20241111001428,2700,0.9849,0.064,23.17067,20241111001425
20241111001639,2700,0.9375,0.06,44.06609,20241111001635
20241111001748,2700,0.985,0.024,23.28772,20241111001746
20241111001959,2700,0.9723,0,42.36031,20241111001956
20241111002108,2700,0.9899,0.032,23.24432,20241111002106
20241111002319,2700,0.9196,0.084,48.08788,20241111002316
20241111002428,2700,0.97,0.092,23.09307,20241111002426
20241111002635,2700,0.94,0,25.17236,20241111002637
20241111002744,2700,0.99,0,23.05362,20241111002747
20241111002953,2700,0.9424,0.04,23.41003,20241111002957
20241111003102,2700,0.9899,0.032,23.29824,20241111003107
20241111003314,2700,0.9275,0,23.27325,20241111003317
20241111003423,2700,0.9875,0,23.07597,20241111003427
20241111003636,2700,0.995,0,25.3065,20241111003638
20241111003745,2700,0.9875,0,23.07335,20241111003748
20241111003956,2700,0.9874,0,25.28283,20241111003958
20241111004105,2700,0.9925,0.004,23.11017,20241111004108
20241111004316,2700,0.9825,0.036,23.33901,20241111004318
20241111004425,2700,0.99,0,23.02994,20241111004428
20241111004639,2700,0.9725,0,23.49551,20241111004639
20241111004748,2700,0.995,0,23.12727,20241111004749
20241111005001,2700,0.9975,0,23.55206,20241111005009
20241111005110,2700,0.9975,0,24.11233,20241111005119
20241111005321,2700,0.9824,0,23.04309,20241111005329
20241111005430,2700,0.9975,0,26.04431,20241111005439
20241111005643,2700,0.9925,0,25.78917,20241111005645
20241111005753,2700,0.9975,0,23.28114,20241111005755
20241111010003,2700,0.9925,0,25.47221,20241111010005
20241111010112,2700,0.9899,0.024,22.97339,20241111010115
20241111010322,2700,0.9949,0,23.24037,20241111010325
20241111010432,2700,0.9924,0.028,22.97339,20241111010435
20241111010640,2700,0.995,0,23.16146,20241111010646
20241111010749,2700,0.9925,0,23.16278,20241111010746
20241111011001,2700,0.995,0.004,23.19039,20241111011006
20241111011110,2700,0.9975,0,26.3468,20241111011116
20241111011321,2700,0.9925,0,23.33243,20241111011326
20241111011430,2700,0.9851,0,26.17978,20241111011436
20241111011639,2700,0.9848,0.036,48.58764,20241111011637
20241111011749,2700,0.985,0.032,23.23248,20241111011747
20241111011959,2700,0.9975,0,23.89796,20241111011957
20241111012108,2700,0.9899,0.028,23.3127,20241111012107
20241111012319,2700,0.98,0,44.17656,20241111012317
20241111012429,2700,0.9874,0.036,23.36663,20241111012427
20241111012643,2700,0.9774,0,23.27719,20241111012648
20241111012752,2700,0.995,0.032,28.6957,20241111012758
20241111013000,2700,0.9899,0.004,23.08913,20241111013008
20241111013109,2700,0.9849,0.032,22.99312,20241111013108
20241111013323,2700,0.975,0,23.29298,20241111013328
20241111013432,2700,0.995,0,26.17846,20241111013439
20241111013645,2700,0.903,0.068,23.10228,20241111013649
20241111013754,2700,0.9849,0.036,23.2864,20241111013759
20241111013959,2700,0.9823,0,23.74671,20241111013959
20241111014108,2700,0.9975,0,23.00364,20241111014109
20241111014321,2700,0.995,0,22.76691,20241111014329
20241111014430,2700,0.9925,0,24.00448,20241111014439
20241111014639,2700,0.995,0,48.70732,20241111014635
20241111014748,2700,0.9975,0,23.11806,20241111014745
20241111015000,2700,0.8815,0.084,23.36005,20241111015005
20241111015109,2700,0.995,0,23.17987,20241111015105
20241111015318,2700,0.9052,0,44.53692,20241111015315
20241111015427,2700,0.9924,0.04,23.15488,20241111015426
20241111015640,2700,0.99,0,23.07203,20241111015646
20241111015750,2700,0.995,0,23.55601,20241111015756
20241111020000,2700,0.9394,0,23.90979,20241111020006
20241111020109,2700,0.995,0,23.026,20241111020106
20241111020321,2700,0.9007,0,23.43896,20241111020326
20241111020430,2700,0.9874,0.036,24.27015,20241111020437
20241111020641,2700,0.9273,0.044,23.27588,20241111020647
20241111020750,2700,0.985,0.036,24.22938,20241111020757
20241111021000,2700,0.9677,0,23.68358,20241111021007
20241111021110,2700,0.9825,0.032,24.11496,20241111021117
20241111021320,2700,0.9826,0,23.77696,20241111021327
20241111021430,2700,0.9924,0.032,24.85145,20241111021438
20241111021640,2700,0.9098,0,22.72745,20241111021648
20241111021749,2700,0.99,0,23.12201,20241111021748
20241111021956,2700,0.99,0,25.41172,20241111021958
20241111022105,2700,0.9949,0.024,23.19171,20241111022108
20241111022318,2700,0.9318,0.04,23.86902,20241111022318
20241111022427,2700,0.9975,0,23.27193,20241111022428
20241111022636,2700,0.9372,0,23.50735,20241111022639
20241111022745,2700,0.995,0.008,23.19434,20241111022749
20241111022953,2700,0.895,0.2,23.48631,20241111022959
20241111023102,2700,0.9924,0.028,23.0523,20241111023109
20241111023314,2700,0.921,0,23.33506,20241111023319
20241111023423,2700,1,0,23.14042,20241111023425
20241111023632,2700,0.985,0,23.28509,20241111023635
20241111023741,2700,0.995,0,23.14568,20241111023745
20241111023953,2700,0.9975,0.004,23.49683,20241111023955
20241111024102,2700,0.9975,0,23.37057,20241111024105
20241111024312,2700,0.99,0,23.32191,20241111024316
20241111024421,2700,0.9826,0,23.06808,20241111024426
20241111024635,2700,0.9874,0,24.10575,20241111024636
20241111024745,2700,0.9874,0.032,23.21144,20241111024746
20241111024958,2700,0.9975,0.004,28.29983,20241111024956
20241111025107,2700,0.9851,0,23.23248,20241111025106
20241111025318,2700,0.9824,0.004,27.51204,20241111025317
20241111025427,2700,0.9975,0,23.08781,20241111025427
20241111025640,2700,0.995,0,23.60599,20241111025647
20241111025749,2700,1,0,23.16804,20241111025747
20241111030000,2700,0.9925,0,23.65202,20241111030007
20241111030109,2700,0.995,0,23.37057,20241111030107
20241111030316,2700,1,0,25.10397,20241111030318
20241111030426,2700,0.9899,0.036,23.28509,20241111030428
20241111030636,2700,0.9799,0,25.33807,20241111030638
20241111030745,2700,0.9899,0.032,23.1391,20241111030748
20241111030955,2700,0.9749,0,23.63361,20241111030958
20241111031104,2700,0.9925,0,23.16278,20241111031109
20241111031311,2700,0.985,0,23.60073,20241111031319
20241111031420,2700,0.9925,0,24.28462,20241111031429
20241111031629,2700,0.995,0,30.00035,20241111031629
20241111031738,2700,0.995,0,23.10096,20241111031739
20241111031948,2700,0.9949,0,25.51693,20241111031949
20241111032057,2700,0.9975,0,23.19828,20241111032055
20241111032312,2700,0.9395,0,23.89532,20241111032315
20241111032421,2700,0.9874,0.032,23.04572,20241111032425
20241111032630,2700,0.995,0,23.09307,20241111032635
20241111032739,2700,0.99,0,23.20881,20241111032735
20241111032949,2700,0.985,0.032,45.71794,20241111032945
20241111033058,2700,0.995,0,23.29035,20241111033056
20241111033310,2700,0.9848,0,23.46921,20241111033316
20241111033419,2700,0.9975,0,23.06808,20241111033416
20241111033629,2700,0.995,0,23.76775,20241111033626
20241111033738,2700,0.9975,0,23.30876,20241111033736
20241111033946,2700,1,0,23.61256,20241111033946
20241111034055,2700,0.995,0,23.21538,20241111034057
20241111034307,2700,0.985,0,23.22064,20241111034307
20241111034416,2700,0.995,0,23.14305,20241111034417
20241111034626,2700,1,0,25.64319,20241111034627
20241111034740,2900,0.9975,0,24.70547,20241111034747
20241111034945,2900,0.98,0.048,25.59584,20241111034948
20241111035054,2900,0.985,0.028,23.20486,20241111035058
20241111035259,2900,0.9875,0.016,24.92773,20241111035258
20241111035408,2900,0.9899,0.024,23.18382,20241111035408
20241111035616,2900,0.9925,0,25.12895,20241111035619
20241111035724,2900,0.9925,0,23.14568,20241111035728
20241111035929,2900,0.9549,0.004,24.29251,20241111035929
20241111040037,2900,0.9975,0,23.15488,20241111040039
20241111040244,2900,0.9327,0.008,23.18776,20241111040249
20241111040352,2900,0.9874,0.032,24.82384,20241111040359
20241111040600,2900,0.9275,0.048,23.44422,20241111040609
20241111040708,2900,0.985,0.036,23.19828,20241111040709
20241111040914,2900,0.9798,0,24.04657,20241111040915
20241111041022,2900,1,0,23.26141,20241111041025
20241111041226,2900,0.9027,0.088,27.22928,20241111041225
20241111041334,2900,0.9924,0.028,23.31796,20241111041335
20241111041542,2900,0.9373,0.004,23.34295,20241111041546
20241111041650,2900,0.9975,0,23.21144,20241111041655
20241111041856,2900,0.99,0.004,23.54023,20241111041856
20241111042004,2900,0.995,0,23.3035,20241111042006
20241111042210,2900,0.9676,0,23.3127,20241111042217
20241111042318,2900,0.9851,0,23.32586,20241111042316
20241111042526,2900,0.9221,0.032,23.90322,20241111042527
20241111042634,2900,0.9899,0.032,23.3127,20241111042637
20241111042842,2900,0.905,0.04,23.3903,20241111042846
20241111042950,2900,0.995,0,26.67822,20241111042958
20241111043158,2900,0.9038,0.088,39.80099,20241111043157
20241111043306,2900,0.985,0.032,23.20223,20241111043307
20241111043513,2900,0.9098,0,23.56785,20241111043518
20241111043621,2900,0.995,0.004,23.45606,20241111043629
20241111043826,2900,0.9749,0.028,24.09786,20241111043828
20241111043935,2900,1,0,23.34427,20241111043938
20241111044141,2900,0.9404,0,23.93741,20241111044148
20241111044249,2900,0.9975,0,23.44291,20241111044248
20241111044456,2900,0.9823,0.012,25.1763,20241111044458
20241111044604,2900,0.9875,0,23.43239,20241111044605
20241111044811,2900,0.9799,0,22.9655,20241111044819
20241111044919,2900,0.9975,0,23.16146,20241111044919
20241111045128,2900,0.9899,0.008,23.93215,20241111045124
20241111045236,2900,0.9925,0,23.30613,20241111045239
20241111045441,2900,0.9949,0,23.3469,20241111045446
20241111045549,2900,0.9925,0.076,23.46789,20241111045549
20241111045758,2900,0.9799,0,36.91288,20241111045757
20241111045906,2900,0.995,0,23.36794,20241111045907
20241111050112,2900,0.9925,0.004,23.57837,20241111050115
20241111050220,2900,0.9975,0,23.36926,20241111050226
20241111050427,2900,0.9924,0.044,32.3716,20241111050426
20241111050535,2900,0.995,0,23.12595,20241111050537
20241111050743,2900,0.9725,0,23.49946,20241111050747
20241111050851,2900,0.9975,0,23.18908,20241111050857
20241111051057,2900,0.9774,0,26.50857,20241111051057
20241111051205,2900,0.995,0,23.25089,20241111051206
20241111051412,2900,0.935,0,23.49814,20241111051417
20241111051520,2900,0.9925,0,24.47005,20241111051526
20241111051729,2900,1,0,30.39358,20241111051725
20241111051838,2900,0.9899,0.036,23.16278,20241111051836
20241111052044,2900,0.9925,0,23.46263,20241111052048
20241111052152,2900,0.995,0.008,23.33638,20241111052156
20241111052357,2900,1,0,23.93346,20241111052357
20241111052505,2900,0.9875,0,23.43765,20241111052508
20241111052713,2900,0.9975,0,23.41134,20241111052715
20241111052821,2900,0.9875,0.008,22.99049,20241111052829
20241111053029,2900,0.9444,0.068,39.4722,20241111053029
20241111053137,2900,0.995,0,23.1996,20241111053136
20241111053342,2900,0.9899,0.036,23.44159,20241111053349
20241111053450,2900,0.995,0,24.53976,20241111053459
20241111053655,2900,0.99,0,23.42318,20241111053659
20241111053803,2900,0.9975,0,23.4337,20241111053809
20241111054008,2900,0.9925,0.004,48.13654,20241111054006
20241111054116,2900,1,0,23.19828,20241111054117
20241111054325,2900,0.995,0,23.9019,20241111054327
20241111054433,2900,0.9925,0,23.13516,20241111054438
20241111054642,2900,0.9825,0.036,51.82691,20241111054644
20241111054750,2900,0.9975,0,23.3298,20241111054758
20241111054959,2900,0.9527,0.052,53.33541,20241111054956
20241111055107,2900,0.995,0,23.20354,20241111055109
20241111055314,2900,0.9626,0,23.39293,20241111055317
20241111055422,2900,0.9975,0,23.36005,20241111055428
20241111055628,2900,0.9394,0.04,52.90009,20241111055628
20241111055736,2900,0.9975,0,23.38635,20241111055737
20241111055944,2900,0.9082,0,51.18379,20241111055945
20241111060052,2900,0.9925,0.024,23.20618,20241111060056
20241111060302,2900,0.9347,0.004,23.25878,20241111060306
20241111060410,2900,0.9874,0.024,24.34248,20241111060419
20241111060614,2900,0.9082,0.056,53.26439,20241111060615
20241111060722,2900,0.995,0,26.8413,20241111060729
20241111060927,2900,0.9875,0,23.48105,20241111060928
20241111061035,2900,0.99,0,23.19434,20241111061035
20241111061245,2900,0.8978,0.068,23.25878,20241111061249
20241111061353,2900,0.985,0.028,23.07071,20241111061358
20241111061558,2900,0.9373,0,41.19902,20241111061554
20241111061705,2900,0.995,0,23.23511,20241111061706
20241111061914,2900,0.9925,0,23.52445,20241111061919
20241111062022,2900,0.9875,0,23.13779,20241111062026
20241111062227,2900,0.9623,0,53.11183,20241111062225
20241111062335,2900,0.995,0,23.31533,20241111062334
20241111062540,2900,0.947,0.004,23.42055,20241111062544
20241111062648,2900,0.9975,0,23.22327,20241111062644
20241111062856,2900,0.9649,0.032,23.92952,20241111062858
20241111063004,2900,0.995,0,23.26141,20241111063008
20241111063213,2900,0.9375,0,24.18203,20241111063219
20241111063322,2900,0.97,0.076,23.24695,20241111063325
20241111063527,2900,0.9104,0.068,23.80195,20241111063528
20241111063635,2900,0.9975,0,23.26404,20241111063635
20241111063842,2900,0.9328,0,23.34295,20241111063845
20241111063950,2900,0.9925,0,23.22722,20241111063958
20241111064153,2900,0.9749,0.004,25.85493,20241111064159
20241111064302,2900,0.995,0.004,23.23642,20241111064308
20241111064508,2900,0.9825,0,29.74915,20241111064505
20241111064617,2900,0.995,0.004,23.34164,20241111064616
20241111064821,2900,0.98,0,24.62393,20241111064823
20241111064929,2900,0.9925,0,23.31007,20241111064929
20241111065134,2900,0.9849,0.04,24.44244,20241111065137
20241111065242,2900,0.9975,0,23.38109,20241111065246
20241111065451,2900,0.9874,0.036,23.38504,20241111065459
20241111065559,2900,0.9925,0,23.08255,20241111065557
20241111065807,2900,0.9874,0,52.7883,20241111065806
20241111065915,2900,0.995,0,23.28903,20241111065919
20241111070120,2900,0.9773,0.04,24.71731,20241111070126
20241111070228,2900,0.995,0,23.22327,20241111070224
20241111070435,2900,1,0,49.17289,20241111070433
20241111070543,2900,0.995,0,23.15883,20241111070549
20241111070750,2900,0.9851,0,23.51261,20241111070757
20241111070858,2900,0.99,0,23.21012,20241111070858
20241111071104,2900,0.995,0,25.05399,20241111071104
20241111071212,2900,0.9975,0,23.22853,20241111071218
20241111071418,2900,0.9597,0,25.23811,20241111071419
20241111071526,2900,0.9975,0,23.20618,20241111071528
20241111071734,2900,0.9975,0,24.19255,20241111071735
20241111071842,2900,0.985,0,23.21144,20241111071846
20241111072048,2900,0.9649,0,33.17648,20241111072045
20241111072156,2900,0.9925,0,23.12201,20241111072154
20241111072404,2900,0.9925,0,23.33901,20241111072408
20241111072512,2900,0.9975,0,23.33243,20241111072518
20241111072717,2900,0.995,0,23.36005,20241111072714
20241111072825,2900,0.995,0,23.46132,20241111072825
20241111073033,2900,0.9849,0.036,24.56343,20241111073036
20241111073142,2900,0.9924,0.028,23.10754,20241111073149
20241111073345,2900,1,0,24.00843,20241111073346
20241111073453,2900,0.9975,0.028,23.37978,20241111073454
20241111073700,2900,0.9823,0.036,23.71909,20241111073709
20241111073808,2900,0.995,0,23.581,20241111073803
20241111074016,2900,0.9875,0,24.33591,20241111074014
20241111074124,2900,0.9975,0,23.24958,20241111074126
20241111074331,2900,0.9673,0,23.38635,20241111074336
20241111074439,2900,0.995,0,23.24563,20241111074439
20241111074643,2900,0.9924,0,23.43633,20241111074648
20241111074752,2900,0.9924,0.032,23.08123,20241111074755
20241111074959,2900,0.9925,0,40.79789,20241111074957
20241111075107,2900,0.99,0.036,23.42975,20241111075107
20241111075314,2900,0.9572,0,24.17414,20241111075312
20241111075422,2900,0.9925,0,23.34558,20241111075429
20241111075628,2900,0.9453,0.032,53.88515,20241111075625
20241111075736,2900,0.9975,0,23.32849,20241111075734
20241111075944,2900,0.9271,0.068,23.27851,20241111075948
20241111080052,2900,0.9975,0,23.44817,20241111080057
20241111080300,2900,0.9206,0.036,23.3903,20241111080307
20241111080408,2900,0.9924,0.032,23.20881,20241111080404
20241111080610,2900,0.9975,0,23.34558,20241111080618
20241111080718,2900,0.995,0,23.29298,20241111080717
20241111080923,2900,0.9949,0.004,25.29467,20241111080926
20241111081031,2900,0.9925,0,23.52708,20241111081035
20241111081238,2900,0.9525,0,51.03912,20241111081237
20241111081346,2900,0.9925,0,23.27325,20241111081347
20241111081554,2900,0.9325,0.06,25.98119,20241111081558
20241111081702,2900,0.9925,0,23.35874,20241111081709
20241111081910,2900,0.9524,0,23.29035,20241111081918
20241111082018,2900,0.9875,0.008,23.26141,20241111082016
20241111082224,2900,0.8886,0.06,40.36652,20241111082225
20241111082332,2900,0.995,0.004,23.27983,20241111082332
20241111082537,2900,0.9327,0,42.33138,20241111082533
20241111082645,2900,0.9875,0.02,23.19039,20241111082647
20241111082851,2900,0.9291,0.088,23.49946,20241111082858
20241111082959,2900,0.9975,0,23.25221,20241111082956
20241111083207,2900,0.9421,0,23.52182,20241111083207
20241111083315,2900,0.985,0,23.24826,20241111083319
20241111083519,2900,0.9975,0,53.24861,20241111083514
20241111083627,2900,0.9975,0,23.72698,20241111083627
20241111083833,2900,0.9421,0,23.27851,20241111083838
20241111083941,2900,0.9975,0.004,26.82026,20241111083948
20241111084144,2900,0.9152,0.132,23.35216,20241111084149
20241111084253,2900,0.9698,0.096,26.27841,20241111084258
20241111084500,2900,0.9403,0,23.68095,20241111084508
20241111084608,2900,0.995,0,23.2259,20241111084609
20241111084817,2900,0.9975,0,23.53365,20241111084819
20241111084925,2900,0.9925,0,23.15225,20241111084927
20241111085132,2900,0.995,0,25.10791,20241111085135
20241111085240,2900,0.9975,0,23.28772,20241111085243
20241111085447,2900,0.9925,0,53.01451,20241111085448
20241111085555,2900,0.995,0,23.48499,20241111085555
20241111085802,2900,0.8582,0.016,53.55109,20241111085803
20241111085910,2900,1,0,23.33112,20241111085917
20241111090116,2900,0.9874,0,45.70084,20241111090117
20241111090224,2900,0.9975,0,23.17198,20241111090227
20241111090432,2900,0.9874,0,24.17198,
20241111090540,2900,0.99,0.024,23.21144,20241111090547
20241111090748,2900,0.995,0.008,23.96766,20241111090746
20241111090856,2900,0.9975,0,23.64676,20241111090856
20241111091104,2900,0.9825,0.036,25.77865,20241111091106
20241111091217,3000,0.9975,0,23.65991,20241111091218
20241111091420,3000,0.9975,0,23.51787,20241111091429
20241111091528,3000,1,0,23.63624,20241111091524
20241111091733,3000,0.9799,0,37.20353,20241111091733
20241111091841,3000,0.9975,0,23.35874,20241111091846
20241111092047,3000,0.9924,0.004,27.11092,20241111092049
20241111092155,3000,1,0,23.20354,20241111092156
20241111092400,3000,0.9848,0,27.35685,20241111092402
20241111092508,3000,0.9899,0.048,23.61256,20241111092506
20241111092708,3000,0.9825,0,27.05173,20241111092703
20241111092816,3000,0.9975,0,23.30744,20241111092812
20241111093018,3000,0.9825,0.04,55.86448,20241111093017
20241111093125,3000,0.9975,0,23.33375,20241111093128
20241111093331,3000,0.995,0,26.33365,20241111093333
20241111093439,3000,0.9975,0,23.78354,20241111093436
20241111093645,3000,0.9797,0.036,41.28319,20241111093643
20241111093753,3000,1,0,23.364,20241111093756
20241111093959,3000,0.9204,0.08,38.85144,20241111093957
20241111094106,3000,0.9975,0,23.2338,20241111094109
20241111094308,3000,0.9424,0.024,48.71521,20241111094305
20241111094416,3000,0.9875,0.024,23.24169,20241111094419
20241111094619,3000,0.9924,0.004,55.42653,20241111094616
20241111094727,3000,1,0,23.29824,20241111094729
20241111094933,3000,0.9303,0,25.86413,20241111094935
20241111095040,3000,0.9925,0,23.33112,20241111095048
20241111095241,3000,0.9875,0,23.71383,20241111095247
20241111095349,3000,0.995,0,23.38372,20241111095347
20241111095555,3000,0.8978,0.064,56.48919,20241111095554
20241111095703,3000,0.9899,0.028,23.39425,20241111095708
20241111095907,3000,0.9261,0,57.34536,20241111095906
20241111100014,3000,1,0,23.24826,20241111100015
20241111100221,3000,0.928,0.048,23.39425,20241111100229
20241111100328,3000,0.9975,0,23.36005,20241111100329
20241111100533,3000,0.9175,0.112,24.47137,20241111100531
20241111100640,3000,0.9875,0.004,23.50077,20241111100644
20241111100847,3000,0.901,0.052,23.82299,20241111100849
20241111100954,3000,1,0.008,23.38635,20241111100952
20241111101200,3000,0.9152,0,24.38635,
20241111101307,3000,1,0,23.44028,20241111101308
20241111101513,3000,0.9273,0,24.8554,20241111101515
20241111101621,3000,0.9924,0.032,23.39819,20241111101626
20241111101826,3000,0.9824,0.004,24.51082,20241111101828
20241111101934,3000,0.9975,0,23.39161,20241111101935
20241111102139,3000,0.9027,0.06,55.76715,20241111102136
20241111102246,3000,0.9975,0,23.37715,20241111102246
20241111102450,3000,0.9227,0,24.21754,20241111102452
20241111102558,3000,0.9925,0,23.23116,20241111102559
20241111102801,3000,0.9924,0.004,26.12585,20241111102808
20241111102909,3000,0.995,0,23.43633,20241111102906
20241111103113,3000,0.9975,0,23.66122,20241111103115
20241111103221,3000,0.995,0,23.3561,20241111103227
20241111103425,3000,0.9671,0.004,24.14389,20241111103425
20241111103533,3000,0.995,0,23.21407,20241111103535
20241111103737,3000,0.9132,0.028,57.05076,20241111103737
20241111103844,3000,0.9975,0,23.32586,20241111103848
20241111104048,3000,0.9025,0.072,56.53127,20241111104048
20241111104155,3000,0.995,0,23.31402,20241111104157
20241111104359,3000,0.9259,0.004,55.76321,20241111104357
20241111104507,3000,0.99,0,23.32717,20241111104509
20241111104712,3000,0.9925,0,23.58889,20241111104718
20241111104820,3000,0.995,0,23.36531,20241111104825
20241111105021,3000,0.9899,0,24.3438,20241111105024
20241111105129,3000,0.995,0,23.26667,20241111105127
20241111105333,3000,0.9825,0.036,51.35739,20241111105335
20241111105441,3000,0.995,0,23.38898,20241111105449
20241111105644,3000,0.975,0,23.65465,20241111105648
20241111105752,3000,1,0,23.11543,20241111105759
20241111105958,3000,1,0.004,56.01441,20241111105955
20241111110106,3000,0.995,0,23.37583,20241111110105
20241111110310,3000,0.9775,0,24.07287,20241111110319
20241111110418,3000,0.9975,0,23.54023,20241111110415
20241111110624,3000,0.995,0,23.5205,20241111110629
20241111110732,3000,0.9975,0,26.98335,20241111110739
20241111110937,3000,0.9849,0.004,27.31871,20241111110939
20241111111045,3000,0.995,0,23.45211,20241111111047
20241111111251,3000,0.9751,0,26.8229,20241111111254
20241111111359,3000,0.99,0,23.20354,20241111111354
20241111111604,3000,0.9949,0,26.45859,20241111111608
20241111111712,3000,0.9925,0,23.364,20241111111715
20241111111916,3000,0.9824,0.004,51.97684,20241111111917
20241111112024,3000,0.9925,0,23.81773,20241111112021
20241111112230,3000,0.99,0,50.2658,20241111112233
20241111112338,3000,0.9925,0,23.38898,20241111112336
20241111112547,3000,0.9476,0,24.7252,20241111112544
20241111112654,3000,0.9875,0,23.27456,20241111112654
20241111112902,3000,0.9467,0.036,23.55601,20241111112906
20241111113009,3000,0.9925,0,23.63229,20241111113003
20241111113213,3000,0.9799,0.032,23.38504,20241111113219
20241111113321,3000,0.995,0,23.29561,20241111113326
20241111113525,3000,0.9899,0,55.26871,20241111113522
20241111113633,3000,0.99,0,23.35874,20241111113635
20241111113836,3000,0.9,0.064,23.57048,20241111113839
20241111113943,3000,0.99,0,23.39688,20241111113944
20241111114147,3000,0.9772,0,25.11712,20241111114148
20241111114254,3000,0.995,0,23.36005,20241111114258
20241111114457,3000,0.9875,0,43.33749,20241111114455
20241111114605,3000,0.9925,0.04,23.33506,20241111114606
20241111114809,3000,0.9975,0,51.37186,20241111114806
20241111114917,3000,1,0,23.38241,20241111114917
20241111115122,3000,0.99,0.004,23.7283,20241111115124
20241111115230,3000,0.9975,0,24.57658,20241111115237
20241111115434,3000,0.995,0,24.09786,20241111115437
20241111115542,3000,0.995,0,26.92022,20241111115549
20241111115746,3000,0.9773,0.088,56.03939,20241111115745
20241111115854,3000,0.995,0,23.31665,20241111115854
20241111120057,3000,0.9824,0,24.07813,20241111120052
20241111120205,3000,0.9975,0,23.81773,20241111120207
20241111120410,3000,0.9505,0.004,23.7546,20241111120418
20241111120518,3000,1,0,23.3298,20241111120516
20241111120723,3000,0.9303,0,23.64939,20241111120729
20241111120831,3000,0.995,0,23.40345,20241111120833
20241111121033,3000,0.9723,0.004,25.69053,20241111121036
20241111121141,3000,0.9975,0,23.47315,20241111121147
20241111121344,3000,0.9925,0.004,45.62062,20241111121344
20241111121452,3000,0.9851,0,46.62062,
20241111121656,3000,0.9899,0.032,52.20042,20241111121659
20241111121804,3000,0.9975,0,23.35084,20241111121801
20241111122010,3000,0.9327,0,23.53234,20241111122018
20241111122117,3000,0.995,0,23.42975,20241111122112
20241111122325,3000,0.9373,0.052,23.88612,20241111122327
20241111122433,3000,0.985,0.036,23.51656,20241111122437
20241111122637,3000,0.9084,0,28.20645,20241111122637
20241111122745,3000,1,0,23.17987,20241111122745
20241111122949,3000,0.995,0,52.96585,20241111122944
20241111123057,3000,1,0,23.65202,20241111123052
20241111123300,3000,0.9252,0.036,25.75498,20241111123306
20241111123408,3000,0.9925,0,23.5376,20241111123407
20241111123615,3000,0.9398,0,24.136,20241111123618
20241111123723,3000,0.9925,0.004,23.5547,20241111123723
20241111123930,3000,0.9496,0,25.78391,20241111123932
20241111124038,3000,0.99,0,23.43107,20241111124037
20241111124240,3000,0.99,0,26.00354,20241111124246
20241111124348,3000,0.995,0.008,23.4074,20241111124342
20241111124555,3000,0.9446,0.052,24.12679,20241111124555
20241111124703,3000,0.9975,0,23.36268,20241111124708
20241111124908,3000,0.985,0.028,43.10207,20241111124904
20241111125016,3000,0.9975,0,23.46658,20241111125013
20241111125220,3000,0.9849,0,23.22064,20241111125229
20241111125327,3000,0.9975,0,23.43107,20241111125326
20241111125533,3000,0.9824,0,24.02421,20241111125539
20241111125640,3000,0.9826,0,23.44685,20241111125649
20241111125847,3000,0.995,0,25.96277,20241111125849
20241111125955,3000,0.9975,0,23.43107,20241111125959
20241111130201,3000,0.9975,0,23.34295,20241111130209
20241111130308,3000,0.9875,0,24.34295,
20241111130512,3000,0.9823,0.032,23.4074,20241111130517
20241111130620,3000,1,0,26.34943,20241111130625
20241111130821,3000,0.9849,0,25.87992,20241111130821
20241111130929,3000,0.995,0,23.56916,20241111130927
20241111131132,3000,0.995,0,24.10575,20241111131135
20241111131240,3000,0.9925,0,26.89523,20241111131247
20241111131446,3000,0.9925,0,43.62156,20241111131442
20241111131553,3000,0.9975,0,23.32849,20241111131558
20241111131759,3000,0.9799,0.004,56.88505,20241111131757
20241111131906,3000,0.995,0,23.25878,20241111131906
20241111132109,3000,0.937,0.016,56.24456,20241111132103
20241111132217,3000,0.9925,0,23.50209,20241111132212
20241111132423,3000,0.9925,0,23.52708,20241111132427
20241111132531,3000,0.995,0,23.25089,20241111132535
20241111132735,3000,0.995,0,24.25089,
20241111132843,3000,0.9975,0,23.37583,20241111132846
20241111133048,3000,0.995,0,37.44815,20241111133044
20241111133156,3000,1,0,23.36926,20241111133152
20241111133401,3000,0.9726,0.004,27.48311,20241111133407
20241111133509,3000,0.99,0,23.59678,20241111133504
20241111133713,3000,0.9875,0,33.58287,20241111133714
20241111133821,3000,0.9975,0,23.83483,20241111133825
20241111134027,3000,0.9925,0,55.26213,20241111134021
20241111134135,3000,0.995,0,23.55075,20241111134136
20241111134340,3000,0.99,0.004,23.60993,20241111134345
20241111134448,3000,0.9925,0,23.50603,20241111134445
20241111134650,3000,0.9077,0.044,23.7112,20241111134657
20241111134757,3000,0.995,0,23.39161,20241111134754
20241111135000,3000,0.9975,0.004,23.57311,20241111135005
20241111135109,3000,0.9924,0.028,23.47184,20241111135108
20241111135315,3000,0.9824,0,55.90525,20241111135313
20241111135423,3000,0.9975,0,23.2259,20241111135428
20241111135626,3000,0.9073,0,39.24073,20241111135628
20241111135733,3000,0.9925,0,23.34822,20241111135734
20241111135937,3000,0.9575,0.068,35.19921,20241111135934
20241111140045,3000,0.995,0,23.23248,20241111140048
20241111140250,3000,0.9848,0,23.65596,20241111140255
20241111140358,3000,1,0,23.32454,20241111140353
20241111140603,3000,0.9874,0.044,54.41121,20241111140602
20241111140711,3000,0.9975,0,23.40608,20241111140716
20241111140916,3000,0.9549,0,56.74301,20241111140913
20241111141024,3000,0.9975,0,23.29429,20241111141029
20241111141228,3000,0.9171,0.004,26.21002,20241111141222
20241111141335,3000,1,0,23.19697,20241111141337
20241111141539,3000,0.9472,0.064,56.30112,20241111141536
20241111141646,3000,0.9975,0,23.30218,20241111141644
20241111141849,3000,0.9625,0,25.97461,20241111141843
20241111141957,3000,1,0,23.30613,20241111141956
20241111142159,3000,0.9373,0.06,25.68527,20241111142152
20241111142307,3000,0.9975,0,23.40082,20241111142302
20241111142510,3000,0.95,0.024,24.08997,20241111142518
20241111142618,3000,0.9975,0.004,23.37057,20241111142613
20241111142823,3000,0.9975,0,24.04394,20241111142825
20241111142931,3000,0.995,0,23.54154,20241111142935
20241111143137,3000,0.9221,0.012,26.91364,20241111143139
20241111143249,3200,0.9975,0,23.6415,20241111143247
20241111143451,3200,0.98,0,24.33591,20241111143459
20241111143558,3200,0.9925,0,23.49288,20241111143558
20241111143757,3200,0.9726,0,59.83498,20241111143754
20241111143904,3200,0.995,0,23.31665,20241111143901
20241111144104,3200,0.9597,0.144,24.93431,20241111144105
20241111144211,3200,1,0.004,23.4771,20241111144212
20241111144411,3200,0.9173,0,23.91374,20241111144419
20241111144518,3200,0.9975,0,23.50077,20241111144515
20241111144720,3200,0.9328,0.068,23.77038,20241111144723
20241111144827,3200,1,0,23.4166,20241111144825
20241111145028,3200,0.9144,0.02,24.47663,20241111145024
20241111145135,3200,0.995,0,23.59284,20241111145136
20241111145334,3200,0.9925,0,23.34032,20241111145336
20241111145441,3200,0.9975,0,23.35874,20241111145443
20241111145642,3200,0.9698,0.004,55.03461,20241111145643
20241111145749,3200,0.9975,0,23.41134,20241111145749
20241111145950,3200,0.9372,0.008,26.37442,20241111145955
20241111150057,3200,0.9925,0,23.5902,20241111150051
20241111150259,3200,0.9925,0,23.93084,20241111150255
20241111150405,3200,0.9975,0,23.38109,20241111150408
20241111150605,3200,0.9925,0,62.93615,20241111150607
20241111150712,3200,0.995,0,23.46,20241111150719
20241111150915,3200,0.9825,0.04,25.59715,20241111150919
20241111151022,3200,0.9975,0,24.87513,20241111151028
20241111151222,3200,0.995,0,25.87513,
20241111151329,3200,0.9925,0,23.67701,20241111151329
20241111151530,3200,0.9925,0,23.59941,20241111151534
20241111151637,3200,0.9975,0,24.19255,20241111151637
20241111151838,3200,0.9749,0.036,37.53627,20241111151836
20241111151945,3200,0.9975,0,23.55075,20241111151946
20241111152145,3200,0.9797,0.008,47.80643,20241111152140
20241111152252,3200,0.995,0,23.46395,20241111152258
20241111152450,3200,0.9353,0.016,62.07998,20241111152450
20241111152557,3200,0.99,0,23.45606,20241111152558
20241111152759,3200,0.9874,0,23.79932,20241111152753
20241111152906,3200,0.995,0,23.51656,20241111152904
20241111153108,3200,0.9899,0.048,57.07049,20241111153102
20241111153215,3200,1,0,23.42318,20241111153219
20241111153416,3200,0.9751,0,41.96181,20241111153411
20241111153523,3200,0.9925,0,42.96181,
20241111153724,3200,0.9849,0,27.00176,20241111153728
20241111153831,3200,0.99,0,23.39951,20241111153838
20241111154029,3200,1,0,24.10181,20241111154020
20241111154136,3200,0.9851,0,23.36137,20241111154131
20241111154338,3200,0.9221,0,24.86197,20241111154337
20241111154444,3200,1,0,23.24826,20241111154447
20241111154645,3200,0.9799,0.008,58.44353,20241111154642
20241111154752,3200,0.9975,0,23.54417,20241111154755
20241111154951,3200,0.995,0,23.62177,20241111154958
20241111155058,3200,0.985,0,23.54812,20241111155059
20241111155259,3200,0.9298,0.056,26.70321,20241111155254
20241111155405,3200,0.995,0,23.54944,20241111155407
20241111155606,3200,0.995,0,58.68946,20241111155603
20241111155713,3200,0.9975,0,23.36926,20241111155714
20241111155916,3200,0.9275,0.052,27.16747,20241111155919
20241111160023,3200,0.9975,0,23.28903,20241111160023
20241111160221,3200,0.9519,0,23.70857,20241111160228
20241111160328,3200,0.9975,0,23.41134,20241111160321
20241111160527,3200,0.9698,0.1,61.53023,20241111160520
20241111160634,3200,0.9975,0.008,23.51524,20241111160639
20241111160833,3200,0.9975,0,24.26226,20241111160836
20241111160940,3200,0.995,0,23.52839,20241111160944
20241111161143,3200,0.99,0,25.67607,20241111161148
20241111161250,3200,0.995,0,23.50603,20241111161256
20241111161451,3200,0.9171,0.004,23.51393,20241111161455
20241111161558,3200,0.995,0.004,23.64018,20241111161559
20241111161800,3200,0.955,0.004,23.46263,20241111161808
20241111161907,3200,0.9925,0.008,23.35742,20241111161903
20241111162110,3200,0.8632,0.096,23.54154,20241111162111
20241111162217,3200,0.9925,0.004,23.44817,20241111162217
20241111162420,3200,0.9202,0.004,23.66517,20241111162426
20241111162527,3200,1,0,23.89401,20241111162524
20241111162726,3200,0.9298,0.064,23.63361,20241111162728
20241111162833,3200,0.995,0,23.37583,20241111162835
20241111163035,3200,0.9375,0,52.92902,20241111163031
20241111163142,3200,0.995,0,23.59547,20241111163144
20241111163345,3200,0.93,0.048,60.2874,20241111163345
20241111163452,3200,0.9875,0,23.61914,20241111163452
20241111163652,3200,0.9474,0.024,24.77517,20241111163654
20241111163759,3200,0.995,0,23.36663,20241111163755
20241111164003,3200,0.9397,0.096,23.48368,20241111164005
20241111164110,3200,0.99,0,23.47841,20241111164115
20241111164311,3200,0.9307,0,26.09298,20241111164315
20241111164417,3200,0.99,0,23.56785,20241111164419
20241111164619,3200,0.9373,0.04,54.51511,20241111164618
20241111164726,3200,0.9925,0,23.54944,20241111164727
20241111164926,3200,0.9027,0.072,51.15485,20241111164925
20241111165033,3200,0.9975,0.028,23.28246,20241111165035
20241111165234,3200,0.9924,0,26.65061,20241111165234
20241111165340,3200,0.9925,0,23.58232,20241111165344
20241111165539,3200,0.9576,0.012,46.83321,20241111165537
20241111165646,3200,0.99,0,23.36794,20241111165648
20241111165846,3200,0.995,0.004,62.13389,20241111165845
20241111165953,3200,0.9925,0.004,23.27719,20241111165956
20241111170152,3200,0.9899,0.036,24.07156,20241111170157
20241111170259,3200,0.9975,0,23.67701,20241111170253
20241111170458,3200,0.9874,0,23.83351,20241111170450
20241111170605,3200,0.9975,0,23.38109,20241111170608
20241111170804,3200,0.97,0.092,30.95253,20241111170804
20241111170911,3200,0.99,0,23.46395,20241111170915
20241111171112,3200,0.9899,0.028,24.68443,20241111171113
20241111171218,3200,0.9925,0,23.46132,20241111171215
20241111171418,3200,0.9874,0.032,24.90275,20241111171417
20241111171525,3200,1,0,23.48236,20241111171522
20241111171728,3200,0.9924,0.036,46.38474,20241111171724
20241111171835,3200,1,0,23.58626,20241111171833
20241111172037,3200,1,0,48.39957,20241111172034
20241111172144,3200,0.9925,0,23.31665,20241111172140
20241111172343,3200,0.945,0.064,23.38504,20241111172348
20241111172449,3200,1,0,23.42975,20241111172443
20241111172648,3200,0.9622,0.04,40.21658,20241111172643
20241111172755,3200,1,0.008,23.46789,20241111172756
20241111172956,3200,0.9874,0.032,23.68884,20241111172958
20241111173103,3200,0.995,0,23.50077,20241111173107
20241111173303,3200,0.9924,0.0079,56.66673,20241111173303
20241111173410,3200,0.995,0,23.52445,20241111173417
20241111173614,3200,0.995,0,24.95141,20241111173612
20241111173721,3200,0.9975,0,23.36005,20241111173725
20241111173922,3200,0.9799,0,24.62261,20241111173924
20241111174029,3200,0.99,0,23.70857,20241111174028
20241111174229,3200,0.9849,0,56.50891,20241111174222
20241111174336,3200,0.9925,0,23.56785,20241111174339
20241111174535,3200,0.9496,0.068,55.70534,20241111174538
20241111174642,3200,1,0.04,23.5113,20241111174648
20241111174843,3200,0.9823,0,23.6507,20241111174849
20241111174950,3200,0.995,0,23.53102,20241111174958
20241111175151,3200,0.9447,0.036,59.54827,20241111175151
20241111175258,3200,1,0,23.38767,20241111175255
20241111175458,3200,0.9231,0.004,62.69679,20241111175454
20241111175605,3200,0.995,0.036,23.52313,20241111175608
20241111175809,3200,0.9373,0.044,57.20332,20241111175807
20241111175916,3200,0.995,0,23.8322,20241111175914
20241111180118,3200,0.9775,0,52.14518,20241111180113
20241111180225,3200,1,0,23.3469,20241111180227
20241111180426,3200,1,0,23.54417,20241111180423
20241111180533,3200,0.9975,0,23.66122,20241111180536
20241111180734,3200,0.9849,0,53.14602,20241111180733
20241111180841,3200,0.995,0,27.69617,20241111180847
20241111181043,3200,0.9231,0.048,23.90848,20241111181044
20241111181150,3200,0.9975,0,24.58447,20241111181157
20241111181354,3200,0.9375,0,54.51511,20241111181355
20241111181501,3200,0.9975,0,27.40551,20241111181508
20241111181703,3200,0.9925,0,61.00153,20241111181706
20241111181810,3200,0.9925,0,23.59547,20241111181819
20241111182013,3200,0.9675,0,24.07682,20241111182017
20241111182120,3200,0.9975,0,23.61125,20241111182124
20241111182324,3200,0.9825,0,44.81837,20241111182322
20241111182431,3200,0.9975,0,23.66912,20241111182437
20241111182636,3200,0.9202,0.004,53.00267,20241111182634
20241111182743,3200,0.9875,0,27.53703,20241111182749
20241111182943,3200,0.9395,0.04,25.37884,20241111182948
20241111183050,3200,0.9975,0.004,23.39425,20241111183054
20241111183250,3200,0.9424,0,23.71515,20241111183253
20241111183357,3200,0.995,0,23.44291,20241111183353
20241111183559,3200,0.9347,0,26.64929,20241111183559
20241111183706,3200,0.9925,0,23.48368,20241111183706
20241111183906,3200,0.9302,0.036,59.5601,20241111183905
20241111184013,3200,0.995,0,23.47579,20241111184013
20241111184213,3200,0.9424,0,24.27015,20241111184219
20241111184320,3200,0.98,0.06,23.5376,20241111184327
20241111184522,3200,0.9171,0.044,23.52313,20241111184527
20241111184629,3200,0.995,0,23.44817,20241111184627
20241111184834,3200,0.9424,0,26.40204,20241111184835
20241111184941,3200,0.9849,0.036,23.49157,20241111184943
20241111185144,3200,0.98,0,56.7851,20241111185142
20241111185250,3200,1,0.008,23.92163,20241111185257
20241111185449,3200,0.9012,0.032,61.82878,20241111185442
20241111185556,3200,0.995,0,23.54417,20241111185557
20241111185800,3200,0.9925,0,23.798,20241111185805
20241111185907,3200,0.9925,0,23.7888,20241111185905
20241111190106,3200,0.9874,0.036,37.94529,20241111190106
20241111190213,3200,0.9975,0,23.55075,20241111190214
20241111190415,3200,0.985,0,62.99665,20241111190414
20241111190522,3200,0.9925,0,23.41923,20241111190522
20241111190724,3200,0.9673,0.004,60.31896,20241111190724
20241111190831,3200,0.9975,0,28.07494,20241111190839
20241111191031,3200,0.9925,0,25.54323,20241111191033
20241111191138,3200,0.9975,0,23.4942,20241111191134
20241111191340,3200,1,0.004,26.44676,20241111191344
20241111191447,3200,1,0,23.37583,20241111191446
20241111191647,3200,0.9751,0,26.5375,20241111191648
20241111191754,3200,0.9925,0,23.54023,20241111191757
20241111191954,3200,0.9673,0,23.46658,20241111191959
