time,cpu_frequency,cpu_usage,sda_usage,active_power,power_time
20241116113540,800,0.9799,0.028,23.95993,20241116113546
20241116113633,800,0.7971,0.0,22.60551,20241116113636
20241116113748,800,0.9749,0.028,23.94374,20241116113747
20241116113836,800,0.9217,0.0,22.97784,20241116113837
20241116113952,800,0.9825,0.0,22.82945,20241116113957
20241116114044,800,0.9293,0.0,23.11409,20241116114047
20241116114200,800,0.9824,0.004,25.00542,20241116114207
20241116114251,800,0.8444,0.004,22.8335,20241116114257
20241116114407,800,0.9949,0.0,22.81191,20241116114407
20241116114456,800,0.8575,0.0,23.27192,20241116114457
20241116114612,800,0.9724,0.072,23.52959,20241116114617
20241116114704,800,0.8734,0.004,23.08981,20241116114707
20241116114820,800,0.9825,0.008,22.78898,20241116114827
20241116114912,800,0.8667,0.0,22.74851,20241116114917
20241116115027,800,0.9849,0.0,22.71073,20241116115028
20241116115117,800,0.805,0.0,23.45539,20241116115118
20241116115233,800,0.985,0.0,23.61053,20241116115238
20241116115328,800,0.9899,0.004,22.87396,20241116115328
20241116115445,800,0.9899,0.0,23.66854,20241116115448
20241116115532,800,0.9002,0.004,22.90229,20241116115538
20241116115648,800,0.98,0.0,22.70669,20241116115648
20241116115740,800,0.9378,0.0,22.92253,20241116115748
20241116115857,800,0.9776,0.0,22.80921,20241116115858
20241116115949,800,0.9672,0.0,24.49414,20241116115948
20241116120104,800,0.985,0.0,24.10292,20241116120109
20241116120159,800,0.9799,0.036,23.05474,20241116120159
20241116120314,800,0.985,0.0,22.79033,20241116120319
20241116120406,800,0.936,0.0,23.16131,20241116120409
20241116120521,800,0.9874,0.0,23.14242,20241116120529
20241116120614,800,0.9499,0.0,24.52112,20241116120619
20241116120730,800,0.9849,0.0,28.1149,20241116120739
20241116120822,800,0.9426,0.0,23.71306,20241116120829
20241116120938,800,0.9899,0.0,22.69994,20241116120939
20241116121026,800,0.9899,0.0,22.51108,20241116121029
20241116121142,800,0.9849,0.0,25.46543,20241116121145
20241116121234,800,0.9551,0.0,22.92658,20241116121235
20241116121350,800,0.9799,0.0,22.74311,20241116121355
20241116121441,800,0.9595,0.0,23.22741,20241116121445
20241116121557,800,0.9874,0.0,23.16266,20241116121555
20241116121649,800,0.9676,0.0,24.32416,20241116121645
20241116121805,800,0.9776,0.0,23.22741,20241116121805
20241116121902,800,0.9874,0.0,22.89555,20241116121905
20241116122018,800,0.9799,0.004,22.87936,20241116122015
20241116122110,800,0.945,0.0,22.80382,20241116122115
20241116122226,800,0.9824,0.0,22.71613,20241116122225
20241116122320,800,0.9899,0.0,22.57178,20241116122326
20241116122436,800,0.9776,0.0,22.6905,20241116122436
20241116122532,800,0.985,0.0,23.07902,20241116122536
20241116122648,800,0.9751,0.0,22.57718,20241116122646
20241116122742,800,0.9724,0.004,22.71748,20241116122746
20241116122858,800,0.9825,0.0,22.82945,20241116122856
20241116122951,800,0.9572,0.0,22.80517,20241116122956
20241116123107,800,0.98,0.0,22.63519,20241116123106
20241116123159,800,0.9949,0.0,23.59974,20241116123156
20241116123315,800,0.9776,0.0,23.11814,20241116123316
20241116123408,800,0.9548,0.0,22.73502,20241116123406
20241116123524,800,0.9899,0.0,23.96802,20241116123526
20241116123616,800,0.9899,0.0,22.79168,20241116123617
20241116123733,800,0.9825,0.0,22.74581,20241116123737
20241116123828,800,0.9924,0.0,24.96494,20241116123827
20241116123944,800,0.9701,0.0,23.63346,20241116123947
20241116124036,800,0.9523,0.0,22.81596,20241116124037
20241116124152,800,0.9874,0.0,22.94411,20241116124157
20241116124246,800,0.9824,0.028,22.85373,20241116124247
20241116124402,800,0.9825,0.0,22.76739,20241116124407
20241116124452,800,0.9353,0.0,22.71748,20241116124457
20241116124608,800,0.9751,0.0,22.86452,20241116124607
20241116124701,800,0.9526,0.0,22.7539,20241116124708
20241116124816,800,0.9874,0.0,23.68068,20241116124818
20241116124909,800,0.9524,0.0,22.77953,20241116124908
20241116125024,800,0.9899,0.0,22.67701,20241116125028
20241116125120,800,0.9849,0.0,23.68742,20241116125128
20241116125235,800,0.9899,0.0,26.546,20241116125238
20241116125328,800,0.9874,0.0,22.74446,20241116125328
20241116125444,800,0.9849,0.0,22.91578,20241116125448
20241116125538,800,0.975,0.032,22.91848,20241116125538
20241116125654,800,0.98,0.0,22.85913,20241116125659
20241116125747,800,0.8596,0.036,23.05204,20241116125749
20241116125902,800,0.9874,0.0,23.54982,20241116125909
20241116125955,800,0.8766,0.064,24.47255,20241116125959
20241116130110,800,0.9701,0.0,23.22606,20241116130119
20241116130206,800,0.902,0.048,23.46079,20241116130209
20241116130321,800,0.98,0.0,25.12953,20241116130329
20241116130414,800,0.9874,0.0,24.44557,20241116130419
20241116130530,800,0.9874,0.0,27.14226,20241116130539
20241116130623,800,0.871,0.036,23.15456,20241116130625
20241116130738,800,0.9653,0.0,24.58587,20241116130735
20241116130831,800,0.9476,0.0,23.25709,20241116130835
20241116130947,800,0.9776,0.0,22.91039,20241116130945
20241116131036,800,0.9949,0.0,22.8915,20241116131035
20241116131152,800,0.9899,0.0,24.00175,20241116131155
20241116131244,800,0.9696,0.0,22.94951,20241116131245
20241116131400,800,0.9949,0.0,23.75757,20241116131405
20241116131452,800,0.9428,0.0,25.13762,20241116131455
20241116131608,800,0.9825,0.0,22.92928,20241116131605
20241116131704,800,0.985,0.0,24.20545,20241116131706
20241116131820,800,0.9899,0.0,23.99635,20241116131826
20241116131914,800,0.9924,0.0,24.36868,20241116131916
20241116132030,800,0.9825,0.0,23.84256,20241116132036
20241116132121,800,0.9524,0.0,22.79302,20241116132126
20241116132237,800,0.9825,0.0,22.94276,20241116132236
20241116132331,800,0.9799,0.028,22.73906,20241116132336
20241116132447,800,0.9849,0.0,22.86992,20241116132446
20241116132540,800,0.8383,0.04,22.99538,20241116132546
20241116132656,800,0.9874,0.0,22.82405,20241116132656
20241116132750,800,0.9924,0.0,22.74716,20241116132756
20241116132906,800,0.9825,0.0,22.99268,20241116132907
20241116133001,800,0.9899,0.0,22.83889,20241116133007
20241116133116,800,0.9849,0.0,23.03045,20241116133117
20241116133209,800,0.8866,0.0,22.86452,20241116133207
20241116133325,800,0.9849,0.0,23.06013,20241116133327
20241116133419,800,0.985,0.0,22.78763,20241116133417
20241116133535,800,0.9825,0.0,24.2014,20241116133537
20241116133631,800,0.9849,0.0,24.20545,20241116133637
20241116133747,800,0.9924,0.0,22.84833,20241116133747
20241116133839,800,0.9525,0.0,26.46505,20241116133837
20241116133955,800,0.9874,0.0,24.17037,20241116133957
20241116134047,800,0.95,0.0,22.88341,20241116134048
20241116134203,800,0.9899,0.0,22.7593,20241116134208
20241116134259,800,0.7971,0.0,23.0345,20241116134258
20241116134414,800,0.9874,0.0,22.93737,20241116134418
20241116134507,800,0.892,0.032,23.02775,20241116134508
20241116134623,800,0.9924,0.0,22.90769,20241116134628
20241116134716,800,0.7916,0.032,22.46521,20241116134718
20241116134831,800,0.9874,0.0,23.4446,20241116134838
20241116134926,800,0.9825,0.0,23.13433,20241116134929
20241116135042,800,0.9899,0.0,23.86145,20241116135049
20241116135134,800,0.7748,0.0,22.65677,20241116135139
20241116135249,800,0.9849,0.0,22.80112,20241116135249
20241116135346,800,0.8108,0.0,23.21662,20241116135349
20241116135501,800,0.9924,0.004,23.10465,20241116135509
20241116135554,800,0.8128,0.028,22.81731,20241116135559
20241116135710,800,0.985,0.004,26.82254,20241116135719
20241116135802,800,0.8922,0.0,22.62305,20241116135809
20241116135918,800,0.98,0.0,22.82405,20241116135919
20241116140012,800,0.9824,0.0,22.619,20241116140019
20241116140128,800,0.9874,0.0,22.71478,20241116140125
20241116140223,800,0.9899,0.004,23.46754,20241116140225
20241116140339,800,0.9924,0.0,22.75525,20241116140335
20241116140434,800,0.9599,0.0,22.8254,20241116140435
20241116140550,800,0.9825,0.0,23.794,20241116140555
20241116140642,800,0.765,0.0,23.2463,20241116140645
20241116140757,800,0.9849,0.0,22.71748,20241116140755
20241116140850,800,0.7926,0.0,24.10697,20241116140855
20241116141006,800,0.9899,0.0,23.24225,20241116141005
20241116141058,800,0.9548,0.0,22.87396,20241116141056
20241116141214,800,0.9726,0.0,22.69185,20241116141216
20241116141306,800,0.9625,0.0,23.59569,20241116141306
20241116141422,800,0.9874,0.0,22.75795,20241116141426
20241116141514,800,0.967,0.004,23.03585,20241116141516
20241116141629,800,0.9726,0.028,22.85643,20241116141626
20241116141722,800,0.9648,0.004,22.66487,20241116141726
20241116141838,800,0.9899,0.0,22.74581,20241116141836
20241116141929,800,0.7909,0.012,23.27058,20241116141926
20241116142045,800,0.9899,0.0,22.79842,20241116142046
20241116142138,800,0.945,0.0,22.88341,20241116142136
20241116142254,800,0.9874,0.0,24.90829,20241116142256
20241116142350,800,0.98,0.0,22.70399,20241116142356
20241116142506,800,0.9824,0.0,23.09925,20241116142507
20241116142559,800,0.9647,0.0,23.12218,20241116142557
20241116142714,800,0.9825,0.0,24.37542,20241116142717
20241116142806,800,0.9774,0.0,22.90229,20241116142807
20241116142922,800,0.9874,0.004,23.81288,20241116142927
20241116143018,800,0.9776,0.0,22.97784,20241116143017
20241116143135,800,0.9825,0.0,24.39161,20241116143137
20241116143228,800,0.8084,0.0,23.99365,20241116143227
20241116143343,800,0.9899,0.0,22.85373,20241116143347
20241116143434,800,0.8972,0.004,22.75795,20241116143437
20241116143550,800,0.9825,0.0,23.19368,20241116143557
20241116143641,800,0.947,0.0,22.89285,20241116143648
20241116143757,800,0.9849,0.0,22.85643,20241116143758
20241116143852,800,0.9773,0.004,22.57178,20241116143858
20241116144008,800,0.9824,0.0,22.79707,20241116144008
20241116144103,800,0.9924,0.0,22.68106,20241116144108
20241116144220,800,0.985,0.0,25.14841,20241116144228
20241116144315,800,0.9899,0.0,22.59877,20241116144318
20241116144431,800,0.9701,0.0,23.33938,20241116144438
20241116144523,800,0.9674,0.0,23.3812,20241116144528
20241116144639,800,0.9899,0.0,22.7647,20241116144638
20241116144732,800,0.9295,0.096,22.81461,20241116144738
20241116144848,800,0.9849,0.0,24.08538,20241116144848
20241116144940,800,0.9524,0.0,22.72557,20241116144949
20241116145056,800,0.9799,0.0,23.47428,20241116145059
20241116145149,800,0.9547,0.0,23.22876,20241116145149
20241116145305,800,0.9899,0.0,22.77144,20241116145309
20241116145357,800,0.9325,0.0,23.09655,20241116145359
20241116145513,800,0.9849,0.0,23.43111,20241116145519
20241116145605,800,0.9924,0.0,22.8996,20241116145609
20241116145721,800,0.9849,0.0,25.13357,20241116145729
20241116145812,800,0.9449,0.004,22.72018,20241116145819
20241116145928,800,0.9874,0.0,23.96397,20241116145929
20241116150022,800,0.9899,0.0,22.54076,20241116150029
20241116150139,800,0.9874,0.0,22.80382,20241116150139
20241116150231,800,0.9501,0.0,22.6959,20241116150239
20241116150347,800,0.98,0.0,23.07227,20241116150345
20241116150439,800,0.9426,0.032,23.77106,20241116150435
20241116150555,800,0.9849,0.0,22.73097,20241116150555
20241116150648,800,0.8925,0.028,22.95086,20241116150645
20241116150803,800,0.9874,0.0,23.02236,20241116150805
20241116150855,800,0.9621,0.0,22.95356,20241116150855
20241116151017,1000,0.985,0.0,22.86587,20241116151015
20241116151109,1000,0.8955,0.0,24.05975,20241116151105
20241116151224,1000,0.9899,0.0,22.94816,20241116151225
20241116151316,1000,0.9899,0.0,23.21931,20241116151315
20241116151431,1000,0.9874,0.0,22.79977,20241116151436
20241116151519,1000,0.9291,0.0,25.52074,20241116151516
20241116151634,1000,0.9949,0.0,22.63924,20241116151636
20241116151726,1000,0.9874,0.004,22.76065,20241116151726
20241116151842,1000,0.9899,0.0,22.80247,20241116151846
20241116151933,1000,0.9924,0.0,22.76065,20241116151936
20241116152049,1000,0.9899,0.0,22.73906,20241116152046
20241116152135,1000,0.9924,0.0,23.57141,20241116152136
20241116152251,1000,0.9924,0.0,23.39199,20241116152256
20241116152338,1000,0.9171,0.08,24.05436,20241116152336
20241116152453,1000,0.9924,0.004,23.68203,20241116152456
20241116152547,1000,0.9924,0.0,22.84024,20241116152546
20241116152703,1000,0.9874,0.0,24.41185,20241116152706
20241116152755,1000,0.9874,0.0,23.19638,20241116152757
20241116152911,1000,0.9899,0.0,23.6564,20241116152917
20241116152959,1000,0.9525,0.032,25.90656,20241116152957
20241116153115,1000,0.9924,0.0,22.98189,20241116153117
20241116153203,1000,0.9899,0.0,24.77878,20241116153207
20241116153318,1000,0.9874,0.0,24.02468,20241116153317
20241116153410,1000,0.9231,0.0,22.69724,20241116153417
20241116153525,1000,0.9899,0.0,23.1006,20241116153527
20241116153616,1000,0.9898,0.036,24.94606,20241116153617
20241116153732,1000,0.9874,0.0,22.89555,20241116153737
20241116153824,1000,0.9823,0.028,22.50568,20241116153827
20241116153939,1000,0.9874,0.0,22.94546,20241116153938
20241116154031,1000,0.8153,0.0,22.4787,20241116154038
20241116154150,1000,0.9924,0.0,24.00984,20241116154158
20241116154239,1000,0.8321,0.0,22.85778,20241116154238
20241116154354,1000,0.9899,0.0,22.84833,20241116154358
20241116154443,1000,0.8342,0.0,24.19735,20241116154448
20241116154558,1000,0.9924,0.0,22.84968,20241116154558
20241116154650,1000,0.9874,0.0,22.85508,20241116154658
20241116154806,1000,0.9776,0.0,23.96667,20241116154808
20241116154857,1000,0.9545,0.0,24.9555,20241116154858
20241116155012,1000,0.9874,0.0,22.90229,20241116155018
20241116155100,1000,0.8469,0.036,23.90866,20241116155108
20241116155215,1000,0.9924,0.0,24.42264,20241116155218
20241116155303,1000,0.9747,0.032,22.83215,20241116155308
20241116155418,1000,0.9924,0.0,23.01022,20241116155419
20241116155505,1000,0.9924,0.0,23.78051,20241116155509
20241116155620,1000,0.98,0.0,27.71155,20241116155629
20241116155714,1000,0.865,0.052,22.5475,20241116155719
20241116155829,1000,0.9899,0.0,23.03315,20241116155829
20241116155916,1000,0.9825,0.0,23.26383,20241116155919
20241116160032,1000,0.9899,0.0,23.54173,20241116160039
20241116160126,1000,0.8787,0.0,22.53671,20241116160129
20241116160241,1000,0.9776,0.0,22.63519,20241116160249
20241116160335,1000,0.8198,0.036,22.60281,20241116160339
20241116160450,1000,0.9899,0.0,23.82907,20241116160455
20241116160543,1000,0.7981,0.096,24.06245,20241116160545
20241116160658,1000,0.9899,0.0,22.80112,20241116160655
20241116160752,1000,0.849,0.06,23.55927,20241116160755
20241116160907,1000,0.9899,0.0,23.20852,20241116160905
20241116160954,1000,0.9848,0.032,24.58182,20241116160955
20241116161110,1000,0.9874,0.0,22.82001,20241116161115
20241116161205,1000,0.8753,0.028,24.4051,20241116161205
20241116161320,1000,0.9949,0.0,22.75255,20241116161325
20241116161409,1000,0.8099,0.0,22.88611,20241116161405
20241116161524,1000,0.9776,0.0,22.89015,20241116161525
20241116161616,1000,0.9849,0.004,23.34747,20241116161616
20241116161732,1000,0.9874,0.0,22.82001,20241116161736
20241116161820,1000,0.9924,0.0,24.86242,20241116161826
20241116161935,1000,0.98,0.0,22.77549,20241116161936
20241116162023,1000,0.9824,0.004,22.85103,20241116162026
20241116162138,1000,0.9899,0.0,23.3097,20241116162136
20241116162229,1000,0.9874,0.0,25.54367,20241116162226
20241116162345,1000,0.9899,0.0,22.81461,20241116162346
20241116162438,1000,0.9924,0.0,22.91848,20241116162436
20241116162553,1000,0.8514,0.0,22.64598,20241116162556
20241116162641,1000,0.9924,0.0,22.94142,20241116162646
20241116162756,1000,0.9899,0.0,22.73771,20241116162757
20241116162847,1000,0.9924,0.0,23.01426,20241116162847
20241116163003,1000,0.985,0.0,23.01426,20241116163007
20241116163055,1000,0.9899,0.0,23.24764,20241116163057
20241116163211,1000,0.9874,0.0,24.07459,20241116163217
20241116163259,1000,0.9823,0.036,24.02198,20241116163257
20241116163414,1000,0.9924,0.0,24.5508,20241116163417
20241116163508,1000,0.9874,0.0,22.93332,20241116163507
20241116163623,1000,0.9874,0.0,24.7545,20241116163627
20241116163711,1000,0.9824,0.032,22.7566,20241116163717
20241116163826,1000,0.9874,0.028,22.86857,20241116163827
20241116163914,1000,0.9874,0.0,23.10465,20241116163917
20241116164030,1000,0.9874,0.0,23.24899,20241116164037
20241116164122,1000,0.9924,0.0,22.70534,20241116164127
20241116164237,1000,0.9874,0.0,22.72288,20241116164237
20241116164330,1000,0.9824,0.0,24.24862,20241116164337
20241116164445,1000,0.9849,0.0,24.66681,20241116164448
20241116164536,1000,0.9924,0.0,23.43651,20241116164538
20241116164651,1000,0.9899,0.004,25.45329,20241116164658
20241116164745,1000,0.9799,0.032,23.13028,20241116164748
20241116164901,1000,0.9924,0.0,23.48372,20241116164908
20241116164952,1000,0.985,0.0,22.83619,20241116164958
20241116165107,1000,0.9924,0.0,22.93602,20241116165108
20241116165202,1000,0.9924,0.0,22.64598,20241116165208
20241116165318,1000,0.9899,0.0,23.03989,20241116165318
20241116165411,1000,0.985,0.0,22.56504,20241116165418
20241116165526,1000,0.9924,0.0,22.70399,20241116165528
20241116165618,1000,0.9924,0.0,22.80112,20241116165618
20241116165733,1000,0.9799,0.0,23.73599,20241116165738
20241116165822,1000,0.9622,0.0,22.66757,20241116165828
20241116165937,1000,0.9825,0.0,22.85103,20241116165938
20241116170024,1000,0.9924,0.0,22.87936,20241116170028
20241116170139,1000,0.9849,0.0,22.9657,20241116170138
20241116170227,1000,0.9825,0.0,23.13163,20241116170229
20241116170343,1000,0.9924,0.0,23.89922,20241116170349
20241116170430,1000,0.9849,0.0,24.7545,20241116170439
20241116170545,1000,0.9924,0.0,23.96802,20241116170549
20241116170633,1000,0.9256,0.0,22.76874,20241116170639
20241116170748,1000,0.9899,0.0,22.90095,20241116170749
20241116170841,1000,0.9924,0.0,23.6483,20241116170849
20241116170957,1000,0.9874,0.0,22.81191,20241116170959
20241116171048,1000,0.9825,0.0,23.88978,20241116171049
20241116171203,1000,0.98,0.0,23.30295,20241116171209
20241116171254,1000,0.9924,0.008,22.91444,20241116171259
20241116171409,1000,0.9899,0.0,22.59742,20241116171409
20241116171501,1000,0.9899,0.0,24.55619,20241116171509
20241116171617,1000,0.9874,0.0,22.6163,20241116171615
20241116171709,1000,0.9874,0.0,23.7886,20241116171705
20241116171824,1000,0.9874,0.0,24.56833,20241116171825
20241116171918,1000,0.9221,0.032,23.73734,20241116171915
20241116172033,1000,0.9849,0.0,22.66757,20241116172035
20241116172125,1000,0.9899,0.0,22.8308,20241116172125
20241116172241,1000,0.9949,0.0,24.16363,20241116172245
20241116172335,1000,0.9899,0.004,22.87531,20241116172335
20241116172450,1000,0.9825,0.0,22.70938,20241116172455
20241116172542,1000,0.9924,0.0,23.00752,20241116172545
20241116172658,1000,0.9924,0.0,22.79707,20241116172655
20241116172750,1000,0.9825,0.0,22.68375,20241116172755
20241116172905,1000,0.9874,0.0,23.03989,20241116172905
20241116172956,1000,0.9899,0.0,22.86857,20241116172955
20241116173112,1000,0.9874,0.0,22.86452,20241116173115
20241116173159,1000,0.9824,0.032,24.44962,20241116173155
20241116173314,1000,0.9924,0.0,24.27559,20241116173315
20241116173406,1000,0.9144,0.0,22.6932,20241116173406
20241116173520,1000,0.9825,0.0,22.90364,20241116173526
20241116173612,1000,0.9899,0.0,22.86587,20241116173616
20241116173728,1000,0.9924,0.0,23.22066,20241116173726
20241116173815,1000,0.9048,0.0,23.12893,20241116173816
20241116173930,1000,0.9825,0.0,23.15186,20241116173936
20241116174022,1000,0.9874,0.0,23.63616,20241116174026
20241116174138,1000,0.9899,0.0,22.84294,20241116174136
20241116174230,1000,0.9848,0.028,22.57718,20241116174236
20241116174345,1000,0.9799,0.0,22.75121,20241116174346
20241116174438,1000,0.8663,0.028,22.92118,20241116174436
20241116174553,1000,0.9825,0.0,22.75121,20241116174556
20241116174639,1000,0.9899,0.0,24.19331,20241116174636
20241116174755,1000,0.9924,0.004,22.93062,20241116174756
20241116174846,1000,0.9007,0.004,23.08576,20241116174846
20241116175002,1000,0.9924,0.0,24.73291,20241116175006
20241116175053,1000,0.9129,0.0,24.6169,20241116175056
20241116175208,1000,0.9899,0.0,22.87127,20241116175206
20241116175257,1000,0.8005,0.052,22.81866,20241116175257
20241116175412,1000,0.9949,0.0,22.80651,20241116175417
20241116175504,1000,0.902,0.0,24.25131,20241116175507
20241116175619,1000,0.9874,0.0,22.79572,20241116175617
20241116175705,1000,0.8631,0.0,23.15861,20241116175707
20241116175820,1000,0.9899,0.0,23.91541,20241116175827
20241116175917,1000,0.8035,0.0,22.73906,20241116175917
20241116180031,1000,0.98,0.0,22.81731,20241116180037
20241116180123,1000,0.9875,0.0,22.92388,20241116180127
20241116180239,1000,0.9899,0.0,22.94816,20241116180237
20241116180331,1000,0.8621,0.044,22.71613,20241116180337
20241116180446,1000,0.9825,0.0,22.85913,20241116180447
20241116180539,1000,0.8074,0.028,22.90499,20241116180537
20241116180654,1000,0.9949,0.0,23.16535,20241116180657
20241116180741,1000,0.9773,0.004,22.72288,20241116180747
20241116180856,1000,0.9849,0.0,22.95625,20241116180857
20241116180947,1000,0.985,0.004,23.15456,20241116180947
20241116181103,1000,0.9825,0.004,24.59801,20241116181108
20241116181156,1000,0.8778,0.0,23.94374,20241116181158
20241116181311,1000,0.9899,0.0,24.13395,20241116181318
20241116181404,1000,0.8005,0.06,22.90904,20241116181408
20241116181519,1000,0.9874,0.0,22.69724,20241116181518
20241116181613,1000,0.9824,0.024,22.47466,20241116181618
20241116181728,1000,0.9924,0.0,22.93197,20241116181728
20241116181820,1000,0.9899,0.004,22.6932,20241116181828
20241116181935,1000,0.9899,0.0,23.97072,20241116181938
20241116182026,1000,0.8321,0.004,23.78455,20241116182028
20241116182142,1000,0.9776,0.0,23.9923,20241116182148
20241116182229,1000,0.9949,0.0,22.75525,20241116182228
20241116182345,1000,0.9849,0.0,23.56062,20241116182348
20241116182439,1000,0.9924,0.004,22.86722,20241116182438
20241116182554,1000,0.98,0.0,22.73097,20241116182558
20241116182642,1000,0.9875,0.0,22.75525,20241116182648
20241116182756,1000,0.9899,0.0,22.88071,20241116182758
20241116182849,1000,0.9875,0.0,22.69185,20241116182848
20241116183005,1000,0.9751,0.0,23.45404,20241116183009
20241116183057,1000,0.9899,0.0,23.94778,20241116183059
20241116183212,1000,0.9849,0.0,23.68608,20241116183219
20241116183304,1000,0.9924,0.0,22.79977,20241116183309
20241116183420,1000,0.9825,0.0,22.82675,20241116183429
20241116183508,1000,0.9899,0.0,23.42167,20241116183509
20241116183624,1000,0.985,0.0,22.80921,20241116183629
20241116183712,1000,0.9949,0.0,22.72153,20241116183719
20241116183828,1000,0.9824,0.0,22.99942,20241116183829
20241116183921,1000,0.9799,0.028,23.45539,20241116183929
20241116184042,1100,0.9874,0.0,23.91811,20241116184049
20241116184130,1100,0.9899,0.0,23.23145,20241116184139
20241116184245,1100,0.9874,0.0,23.59029,20241116184249
20241116184336,1100,0.9825,0.004,22.77279,20241116184339
20241116184451,1100,0.9875,0.0,24.23378,20241116184459
20241116184542,1100,0.98,0.028,25.45734,20241116184549
20241116184657,1100,0.9899,0.0,22.86317,20241116184655
20241116184747,1100,0.9825,0.004,22.92523,20241116184745
20241116184902,1100,0.9899,0.0,22.81191,20241116184905
20241116184948,1100,0.9924,0.0,24.46176,20241116184945
20241116185103,1100,0.9825,0.0,23.01291,20241116185105
20241116185153,1100,0.9899,0.0,23.13028,20241116185155
20241116185309,1100,0.9899,0.0,22.82405,20241116185305
20241116185359,1100,0.9949,0.0,24.99732,20241116185355
20241116185514,1100,0.9924,0.0,22.66487,20241116185515
20241116185603,1100,0.9875,0.0,23.27058,20241116185605
20241116185718,1100,0.9924,0.0,22.75255,20241116185715
20241116185809,1100,0.9497,0.0,24.482,20241116185805
20241116185924,1100,0.9949,0.0,23.0345,20241116185925
20241116190010,1100,0.9751,0.004,22.77953,20241116190015
20241116190125,1100,0.9875,0.0,22.73232,20241116190125
20241116190214,1100,0.9874,0.032,23.21392,20241116190215
20241116190329,1100,0.9924,0.0,23.39738,20241116190325
20241116190419,1100,0.9949,0.0,24.22838,20241116190415
20241116190534,1100,0.985,0.0,22.80786,20241116190536
20241116190624,1100,0.9899,0.0,22.98324,20241116190626
20241116190739,1100,0.9975,0.0,22.91039,20241116190736
20241116190829,1100,0.9949,0.0,23.87494,20241116190826
20241116190944,1100,0.9874,0.0,23.04664,20241116190946
20241116191035,1100,0.9219,0.0,23.49721,20241116191036
20241116191150,1100,0.9899,0.0,23.59029,20241116191156
20241116191237,1100,0.9179,0.0,22.75121,20241116191236
20241116191352,1100,0.9924,0.0,22.8227,20241116191356
20241116191441,1100,0.985,0.0,23.33533,20241116191446
20241116191556,1100,0.9874,0.0,22.84968,20241116191557
20241116191646,1100,0.9874,0.0,22.81866,20241116191647
20241116191802,1100,0.9899,0.0,23.39469,20241116191807
20241116191852,1100,0.9576,0.0,22.56369,20241116191857
20241116192008,1100,0.9924,0.0,22.66757,20241116192007
20241116192057,1100,0.9949,0.0,22.82945,20241116192057
20241116192212,1100,0.9899,0.0,23.02371,20241116192217
20241116192302,1100,0.8856,0.036,23.29081,20241116192307
20241116192417,1100,0.9825,0.0,24.22973,20241116192417
20241116192510,1100,0.9629,0.032,22.67026,20241116192517
20241116192626,1100,0.9874,0.0,22.69724,20241116192627
20241116192713,1100,0.9849,0.024,22.54346,20241116192717
20241116192828,1100,0.9949,0.0,22.8308,20241116192828
20241116192918,1100,0.9899,0.0,22.80247,20241116192918
20241116193033,1100,0.985,0.0,22.61091,20241116193038
20241116193127,1100,0.8722,0.028,23.16535,20241116193128
20241116193242,1100,0.9824,0.032,23.55387,20241116193248
20241116193328,1100,0.9799,0.004,22.78628,20241116193328
20241116193443,1100,0.9899,0.0,22.80382,20241116193448
20241116193536,1100,0.9848,0.036,23.15321,20241116193538
20241116193652,1100,0.9949,0.0,23.98286,20241116193658
20241116193742,1100,0.8908,0.0,22.62035,20241116193748
20241116193857,1100,0.9899,0.0,22.94411,20241116193858
20241116193944,1100,0.9848,0.032,22.79168,20241116193948
20241116194100,1100,0.9899,0.0,22.62979,20241116194108
20241116194150,1100,0.9899,0.004,24.39161,20241116194159
20241116194305,1100,0.9899,0.0,23.19638,20241116194309
20241116194356,1100,0.893,0.0,22.963,20241116194359
20241116194510,1100,0.9874,0.0,22.80786,20241116194519
20241116194556,1100,0.8738,0.004,22.75255,20241116194559
20241116194710,1100,0.9924,0.0,22.95761,20241116194719
20241116194801,1100,0.839,0.0,24.32956,20241116194809
20241116194916,1100,0.9899,0.0,24.32956,20241116194919
20241116195006,1100,0.9749,0.0,22.71343,20241116195009
20241116195121,1100,0.9924,0.0,22.99942,20241116195129
20241116195211,1100,0.8682,0.0,22.73502,20241116195215
20241116195325,1100,0.9824,0.032,22.84429,20241116195325
20241116195415,1100,0.9899,0.032,22.83619,20241116195415
20241116195530,1100,0.9949,0.0,22.81596,20241116195535
20241116195620,1100,0.98,0.0,22.74041,20241116195625
20241116195735,1100,0.9899,0.0,23.67124,20241116195735
20241116195824,1100,0.9824,0.032,22.72018,20241116195825
20241116195939,1100,0.9874,0.0,22.65812,20241116195935
20241116200030,1100,0.8268,0.0,22.80651,20241116200035
20241116200145,1100,0.9899,0.0,22.73906,20241116200145
20241116200235,1100,0.9057,0.0,23.11409,20241116200235
20241116200350,1100,0.9924,0.0,23.41762,20241116200356
20241116200437,1100,0.9899,0.0,22.70804,20241116200436
20241116200553,1100,0.9825,0.0,24.47255,20241116200556
20241116200642,1100,0.8853,0.0,22.49624,20241116200646
20241116200757,1100,0.9949,0.0,23.24764,20241116200756
20241116200847,1100,0.8947,0.0,24.06515,20241116200846
20241116201002,1100,0.9899,0.0,22.86722,20241116201006
20241116201056,1100,0.9573,0.0,22.92658,20241116201056
20241116201211,1100,0.9949,0.0,24.71942,20241116201216
20241116201300,1100,0.9899,0.0,22.55695,20241116201306
20241116201416,1100,0.9726,0.032,22.69724,20241116201416
20241116201506,1100,0.92,0.0,22.82135,20241116201506
20241116201621,1100,0.9825,0.0,22.6878,20241116201626
20241116201711,1100,0.985,0.0,22.70804,20241116201716
20241116201827,1100,0.9899,0.0,22.61765,20241116201826
20241116201920,1100,0.9444,0.004,22.71073,20241116201927
20241116202035,1100,0.9949,0.0,22.762,20241116202037
20241116202125,1100,0.9523,0.0,23.28677,20241116202127
20241116202241,1100,0.9875,0.0,23.61053,20241116202247
20241116202328,1100,0.9698,0.08,23.29486,20241116202327
20241116202443,1100,0.9824,0.032,22.70399,20241116202447
20241116202533,1100,0.9874,0.024,22.59877,20241116202537
20241116202648,1100,0.9825,0.0,22.81191,20241116202647
20241116202738,1100,0.9949,0.0,23.80884,20241116202737
20241116202853,1100,0.9874,0.012,22.61765,20241116202857
20241116202947,1100,0.9625,0.0,22.94546,20241116202947
20241116203102,1100,0.9899,0.0,22.92658,20241116203108
20241116203152,1100,0.9975,0.0,22.82405,20241116203158
20241116203308,1100,0.9899,0.0,22.72018,20241116203308
20241116203353,1100,0.9899,0.0,24.05031,20241116203358
20241116203509,1100,0.9899,0.0,23.30025,20241116203508
20241116203559,1100,0.9924,0.0,23.02101,20241116203558
20241116203714,1100,0.9949,0.0,22.76739,20241116203718
20241116203804,1100,0.9899,0.0,23.21527,20241116203808
20241116203920,1100,0.9801,0.004,22.89015,20241116203928
20241116204010,1100,0.9774,0.0,24.4739,20241116204019
20241116204125,1100,0.9924,0.0,22.6878,20241116204129
20241116204212,1100,0.9949,0.0,23.1006,20241116204219
20241116204328,1100,0.985,0.0,23.09386,20241116204329
20241116204421,1100,0.9774,0.0,22.53671,20241116204429
20241116204537,1100,0.9874,0.0,22.8969,20241116204539
20241116204627,1100,0.9875,0.0,23.26518,20241116204629
20241116204742,1100,0.985,0.0,23.73734,20241116204749
20241116204832,1100,0.9875,0.0,22.48005,20241116204839
20241116204948,1100,0.9899,0.0,23.00347,20241116204949
20241116205038,1100,0.9874,0.032,23.22471,20241116205039
20241116205153,1100,0.9899,0.0,23.53094,20241116205155
20241116205243,1100,0.9751,0.036,23.35017,20241116205245
20241116205358,1100,0.9874,0.0,22.90364,20241116205355
20241116205449,1100,0.9875,0.0,24.35384,20241116205445
20241116205604,1100,0.985,0.004,23.45809,20241116205605
20241116205654,1100,0.985,0.0,22.70534,20241116205655
20241116205809,1100,0.9899,0.0,22.6959,20241116205805
20241116205859,1100,0.9924,0.0,24.86782,20241116205855
20241116210014,1100,0.9949,0.0,23.44595,20241116210015
20241116210101,1100,0.9924,0.004,22.64868,20241116210105
20241116210216,1100,0.985,0.0,22.76065,20241116210215
20241116210306,1100,0.9899,0.0,23.09925,20241116210305
20241116210421,1100,0.9899,0.0,22.7566,20241116210425
20241116210511,1100,0.985,0.0,22.8969,20241116210515
20241116210626,1100,0.9924,0.0,22.91578,20241116210625
20241116210720,1100,0.9146,0.032,22.73232,20241116210726
20241116210835,1100,0.9875,0.0,22.95895,20241116210836
20241116210925,1100,0.9924,0.0,23.25978,20241116210926
20241116211040,1100,0.985,0.004,23.63886,20241116211046
20241116211130,1100,0.9848,0.028,22.92523,20241116211136
20241116211246,1100,0.9875,0.0,22.94951,20241116211246
20241116211336,1100,0.9875,0.0,22.95221,20241116211336
20241116211451,1100,0.9874,0.0,22.95086,20241116211456
20241116211540,1100,0.9874,0.0,22.66757,20241116211546
20241116211655,1100,0.9899,0.0,24.42129,20241116211656
20241116211749,1100,0.9223,0.032,24.09483,20241116211747
20241116211904,1100,0.9975,0.0,22.92523,20241116211907
20241116211954,1100,0.9825,0.0,24.92043,20241116211957
20241116212109,1100,0.985,0.0,22.91039,20241116212107
20241116212157,1100,0.9849,0.004,22.80517,20241116212157
20241116212312,1100,0.9874,0.0,22.84833,20241116212317
20241116212403,1100,0.9246,0.0,22.64463,20241116212407
20241116212518,1100,0.9899,0.0,23.03989,20241116212517
20241116212608,1100,0.9924,0.0,22.98054,20241116212607
20241116212723,1100,0.9899,0.0,22.78088,20241116212727
20241116212813,1100,0.9949,0.0,22.57583,20241116212817
20241116212928,1100,0.9924,0.008,22.90229,20241116212927
20241116213019,1100,0.8881,0.004,22.90769,20241116213017
20241116213134,1100,0.9924,0.0,22.64868,20241116213138
20241116213224,1100,0.927,0.036,22.63249,20241116213228
20241116213339,1100,0.9875,0.004,22.70534,20241116213338
20241116213429,1100,0.985,0.0,23.90327,20241116213428
20241116213544,1100,0.9899,0.0,23.32858,20241116213548
20241116213638,1100,0.8886,0.036,23.03585,20241116213638
20241116213753,1100,0.9975,0.0,22.99808,20241116213758
20241116213846,1100,0.9825,0.0,25.14706,20241116213848
20241116214001,1100,0.985,0.0,23.52554,20241116214008
20241116214051,1100,0.985,0.0,22.619,20241116214058
20241116214206,1100,0.9924,0.0,22.96975,20241116214208
20241116214256,1100,0.985,0.0,23.20852,20241116214259
20241116214411,1100,0.9924,0.0,23.83582,20241116214419
20241116214502,1100,0.8682,0.0,22.73097,20241116214509
20241116214617,1100,0.9899,0.0,23.90327,20241116214619
20241116214707,1100,0.9824,0.0,23.39199,20241116214709
20241116214822,1100,0.9874,0.0,23.45539,20241116214829
20241116214912,1100,0.9949,0.0,22.70399,20241116214919
20241116215028,1100,0.9899,0.0,22.86722,20241116215029
20241116215118,1100,0.9924,0.0,22.94951,20241116215119
20241116215233,1100,0.9825,0.0,23.01291,20241116215235
20241116215319,1100,0.9899,0.0,23.90731,20241116215315
20241116215435,1100,0.9875,0.0,22.86857,20241116215435
20241116215525,1100,0.8631,0.0,22.87936,20241116215525
20241116215640,1100,0.9949,0.0,22.84429,20241116215645
20241116215733,1100,0.9748,0.04,22.97514,20241116215735
20241116215848,1100,0.9899,0.0,22.79168,20241116215845
20241116215938,1100,0.9599,0.0,24.01254,20241116215935
20241116220053,1100,0.9899,0.0,23.54308,20241116220055
20241116220143,1100,0.828,0.0,23.64695,20241116220145
20241116220257,1100,0.9825,0.0,22.85643,20241116220256
20241116220346,1100,0.985,0.0,22.7647,20241116220346
20241116220501,1100,0.9898,0.0,22.93737,20241116220506
20241116220552,1100,0.6897,0.0,22.52052,20241116220556
20241116220707,1100,0.985,0.0,22.71613,20241116220706
20241116220754,1100,0.9825,0.0,23.04394,20241116220756
20241116220915,1300,0.9899,0.0,23.02641,20241116220916
20241116221002,1300,0.9223,0.032,22.43419,20241116221006
20241116221116,1300,0.9924,0.0,22.58797,20241116221116
20241116221204,1300,0.848,0.0,22.93467,20241116221206
20241116221318,1300,0.9949,0.0,22.80921,20241116221316
20241116221404,1300,0.8579,0.068,23.10735,20241116221406
20241116221518,1300,0.99,0.0,23.13163,20241116221517
20241116221606,1300,0.8765,0.064,23.49586,20241116221607
20241116221720,1300,0.9899,0.0,23.1721,20241116221727
20241116221804,1300,0.9601,0.004,23.34882,20241116221807
20241116221919,1300,0.9899,0.0,23.72924,20241116221917
20241116222007,1300,0.8325,0.068,22.75525,20241116222007
20241116222121,1300,0.9924,0.0,23.62807,20241116222127
20241116222205,1300,0.9296,0.0,23.10735,20241116222207
20241116222320,1300,0.9899,0.0,23.49047,20241116222327
20241116222404,1300,0.8213,0.0,22.37213,20241116222407
20241116222518,1300,0.9924,0.0,23.76837,20241116222517
20241116222605,1300,0.9899,0.0,23.1006,20241116222607
20241116222719,1300,0.9899,0.0,22.69455,20241116222718
20241116222807,1300,0.9899,0.0,24.32146,20241116222808
20241116222921,1300,0.9949,0.0,23.94643,20241116222928
20241116223005,1300,0.9602,0.0,22.71613,20241116223008
20241116223119,1300,0.985,0.0,22.55964,20241116223118
20241116223206,1300,0.9799,0.008,23.28946,20241116223208
20241116223321,1300,0.9899,0.0,23.96263,20241116223328
20241116223405,1300,0.9673,0.0,22.67161,20241116223408
20241116223519,1300,0.9899,0.0,22.63789,20241116223518
20241116223603,1300,0.9726,0.02,22.33841,20241116223608
20241116223717,1300,0.9825,0.0,23.45809,20241116223718
20241116223801,1300,0.9873,0.0,22.38832,20241116223809
20241116223916,1300,0.9975,0.0,24.24052,20241116223919
20241116224000,1300,0.9747,0.0,25.81887,20241116224009
20241116224114,1300,0.985,0.0,22.59877,20241116224119
20241116224200,1300,0.9899,0.0,26.50283,20241116224209
20241116224315,1300,0.9899,0.0,22.85643,20241116224319
20241116224359,1300,0.9601,0.056,23.21527,20241116224359
20241116224513,1300,0.99,0.0,23.34342,20241116224519
20241116224557,1300,0.9874,0.0,23.24495,20241116224559
20241116224712,1300,0.9949,0.0,22.64598,20241116224719
20241116224757,1300,0.9181,0.004,23.08711,20241116224759
20241116224912,1300,0.9924,0.0,23.14512,20241116224919
20241116225000,1300,0.9924,0.0,22.72962,20241116225009
20241116225114,1300,0.9975,0.004,23.49856,20241116225115
20241116225158,1300,0.985,0.0,23.72924,20241116225155
20241116225312,1300,0.9825,0.0,24.08404,20241116225315
20241116225359,1300,0.9875,0.0,24.76934,20241116225355
20241116225513,1300,0.985,0.0,23.02775,20241116225515
20241116225558,1300,0.9725,0.0,23.10735,20241116225555
20241116225712,1300,0.985,0.0,24.44287,20241116225715
20241116225756,1300,0.9949,0.0,22.73771,20241116225755
20241116225910,1300,0.98,0.0,22.65273,20241116225915
20241116225959,1300,0.9475,0.032,25.26038,20241116225955
20241116230113,1300,0.9924,0.0,22.88881,20241116230115
20241116230157,1300,0.9698,0.0,22.88745,20241116230155
20241116230311,1300,0.9899,0.0,22.86587,20241116230315
20241116230355,1300,0.9949,0.0,23.49991,20241116230356
20241116230510,1300,0.98,0.0,24.77743,20241116230516
20241116230554,1300,0.9849,0.0,23.19638,20241116230556
20241116230708,1300,0.9975,0.004,22.84698,20241116230706
20241116230756,1300,0.9949,0.0,22.75525,20241116230756
20241116230911,1300,0.9875,0.004,23.15861,20241116230916
20241116230959,1300,0.9551,0.0,23.74948,20241116230956
20241116231113,1300,0.9899,0.0,24.43343,20241116231116
20241116231157,1300,0.9924,0.0,23.70226,20241116231156
20241116231312,1300,0.9924,0.0,22.60821,20241116231316
20241116231356,1300,0.9798,0.032,23.16805,20241116231356
20241116231510,1300,0.9899,0.004,23.32724,20241116231516
20241116231558,1300,0.9874,0.028,22.87666,20241116231556
20241116231712,1300,0.9801,0.0,22.85778,20241116231717
20241116231757,1300,0.9773,0.0,23.98286,20241116231757
20241116231911,1300,0.9652,0.072,24.21219,20241116231917
20241116231959,1300,0.9621,0.0,23.44865,20241116231957
20241116232114,1300,0.9924,0.004,24.13395,20241116232117
20241116232158,1300,0.9671,0.0,23.95048,20241116232157
20241116232312,1300,0.9874,0.0,22.67701,20241116232317
20241116232356,1300,0.9648,0.032,22.63384,20241116232357
20241116232511,1300,0.985,0.0,24.52112,20241116232517
20241116232557,1300,0.9975,0.0,23.04664,20241116232557
20241116232712,1300,0.9801,0.0,23.76162,20241116232717
20241116232757,1300,0.9202,0.0,23.21662,20241116232757
20241116232911,1300,0.9924,0.0,24.34844,20241116232917
20241116232955,1300,0.9774,0.032,22.96165,20241116232957
20241116233110,1300,0.9874,0.0,22.46116,20241116233117
20241116233157,1300,0.985,0.0,22.85643,20241116233157
20241116233311,1300,0.9949,0.004,23.91676,20241116233318
20241116233356,1300,0.8655,0.044,23.17884,20241116233358
20241116233510,1300,0.9824,0.0,23.25169,20241116233518
20241116233558,1300,0.8825,0.024,22.6851,20241116233558
20241116233712,1300,0.9975,0.0,22.69724,20241116233718
20241116233800,1300,0.9849,0.036,22.52457,20241116233808
20241116233915,1300,0.9924,0.0,25.10524,20241116233918
20241116233957,1300,0.9801,0.0,22.8308,20241116233958
20241116234112,1300,0.9899,0.0,24.29583,20241116234118
20241116234156,1300,0.9697,0.0,22.93332,20241116234158
20241116234311,1300,0.9899,0.0,23.08846,20241116234319
20241116234357,1300,0.9206,0.004,23.22876,20241116234359
20241116234512,1300,0.9899,0.0,23.42841,20241116234519
20241116234556,1300,0.8922,0.0,22.44902,20241116234559
20241116234710,1300,0.9825,0.0,24.0584,20241116234719
20241116234758,1300,0.9874,0.036,23.31105,20241116234759
20241116234913,1300,0.985,0.0,23.62942,20241116234919
20241116235001,1300,0.8958,0.052,24.92447,20241116235009
20241116235115,1300,0.9924,0.0,23.32589,20241116235119
20241116235202,1300,0.9949,0.0,22.70669,20241116235209
20241116235316,1300,0.9875,0.0,24.01524,20241116235319
20241116235400,1300,0.9825,0.032,24.21894,20241116235409
20241116235515,1300,0.9874,0.0,22.6959,20241116235515
20241116235559,1300,0.9303,0.032,24.86782,20241116235555
20241116235713,1300,0.9949,0.0,22.64328,20241116235715
20241116235755,1300,0.9227,0.0,24.32821,20241116235755
20241116235910,1300,0.9825,0.0,22.90904,20241116235915
20241116235958,1300,0.8856,0.0,22.86722,20241116235955
20241117000112,1300,0.9899,0.0,23.32319,20241117000115
20241117000159,1300,0.9924,0.0,24.78013,20241117000155
20241117000314,1300,0.9924,0.0,22.60011,20241117000315
20241117000358,1300,0.8922,0.004,22.68645,20241117000356
20241117000512,1300,0.9874,0.032,23.64426,20241117000516
20241117000555,1300,0.9924,0.0,22.7539,20241117000556
20241117000710,1300,0.9849,0.0,23.10735,20241117000716
20241117000758,1300,0.9,0.028,22.66352,20241117000756
20241117000912,1300,0.9875,0.0,22.91578,20241117000916
20241117001000,1300,0.8759,0.032,22.54346,20241117001006
20241117001114,1300,0.9899,0.004,23.87898,20241117001116
20241117001159,1300,0.9625,0.0,25.04589,20241117001156
20241117001314,1300,0.985,0.0,24.22973,20241117001316
20241117001402,1300,0.8564,0.0,22.66352,20241117001407
20241117001516,1300,0.985,0.0,22.90364,20241117001517
20241117001600,1300,0.98,0.004,22.63654,20241117001607
20241117001715,1300,0.9949,0.0,24.23243,20241117001717
20241117001759,1300,0.8177,0.004,23.00077,20241117001757
20241117001913,1300,0.9924,0.0,22.73232,20241117001917
20241117002001,1300,0.947,0.036,22.56369,20241117002007
20241117002116,1300,0.9899,0.0,22.78763,20241117002117
20241117002203,1300,0.8561,0.036,22.49354,20241117002207
20241117002317,1300,0.9924,0.0,22.81326,20241117002318
20241117002401,1300,0.9273,0.0,22.50164,20241117002408
20241117002515,1300,0.9924,0.0,23.0952,20241117002518
20241117002604,1300,0.794,0.08,22.50568,20241117002608
20241117002718,1300,0.985,0.0,22.64598,20241117002718
20241117002805,1300,0.9899,0.0,22.93602,20241117002808
20241117002920,1300,0.9875,0.0,22.83215,20241117002928
20241117003004,1300,0.8564,0.06,22.38427,20241117003008
20241117003119,1300,0.9975,0.0,22.64463,20241117003118
20241117003207,1300,0.9874,0.0,23.13972,20241117003208
20241117003321,1300,0.9899,0.0,26.11971,20241117003328
20241117003405,1300,0.9799,0.004,22.46386,20241117003408
20241117003519,1300,1.0,0.0,22.65003,20241117003518
20241117003603,1300,0.9848,0.004,22.57448,20241117003609
20241117003718,1300,0.9875,0.0,22.95491,20241117003719
20241117003805,1300,0.9825,0.0,22.82945,20241117003809
20241117003920,1300,0.9949,0.0,22.73771,20241117003929
20241117004004,1300,0.9825,0.0,22.97244,20241117004009
20241117004117,1300,0.9899,0.0,22.68375,20241117004119
20241117004201,1300,0.9322,0.036,22.86587,20241117004209
20241117004317,1300,0.9924,0.0,24.21354,20241117004319
20241117004401,1300,0.985,0.0,24.34575,20241117004409
20241117004515,1300,0.9899,0.0,22.67971,20241117004519
20241117004603,1300,0.985,0.0,22.45712,20241117004609
20241117004718,1300,0.9899,0.0,22.62305,20241117004715
20241117004802,1300,0.9773,0.04,22.82135,20241117004805
20241117004916,1300,0.9949,0.0,22.59607,20241117004915
20241117005003,1300,0.9924,0.0,23.21122,20241117005005
20241117005117,1300,0.9874,0.0,22.63924,20241117005115
20241117005204,1300,0.985,0.0,23.2382,20241117005205
20241117005318,1300,0.9899,0.008,22.46926,20241117005315
20241117005402,1300,0.955,0.028,23.04529,20241117005405
20241117005516,1300,0.9899,0.0,22.6217,20241117005515
20241117005601,1300,0.9824,0.036,22.78223,20241117005605
20241117005714,1300,0.9924,0.024,22.77009,20241117005715
20241117005758,1300,0.96,0.0,24.34979,20241117005756
20241117005913,1300,0.9899,0.0,23.34072,20241117005916
20241117005957,1300,0.9577,0.0,22.99268,20241117005956
20241117010111,1300,0.9874,0.0,24.59127,20241117010116
20241117010159,1300,0.9751,0.036,24.28234,20241117010156
20241117010314,1300,0.9924,0.0,23.79804,20241117010316
20241117010358,1300,0.9551,0.032,22.60416,20241117010356
20241117010512,1300,0.9899,0.004,22.56234,20241117010516
20241117010556,1300,0.9623,0.0,22.76739,20241117010556
20241117010711,1300,0.9899,0.0,23.35691,20241117010716
20241117010755,1300,0.9899,0.0,23.39469,20241117010756
20241117010909,1300,0.9924,0.0,22.55964,20241117010906
20241117010957,1300,0.9774,0.044,23.01291,20241117010956
20241117011111,1300,0.9899,0.004,22.72962,20241117011117
20241117011155,1300,0.9924,0.0,23.19233,20241117011157
20241117011310,1300,0.9825,0.0,23.33668,20241117011317
20241117011358,1300,0.9501,0.032,22.56504,20241117011357
20241117011512,1300,0.9899,0.008,22.72827,20241117011517
20241117011601,1300,0.9316,0.0,22.2831,20241117011607
20241117011716,1300,0.9949,0.0,22.71208,20241117011717
20241117011800,1300,0.955,0.0,24.3336,20241117011807
20241117011914,1300,0.9924,0.0,24.37407,20241117011917
20241117011959,1300,0.8983,0.04,22.72962,20241117011957
20241117012113,1300,0.9949,0.0,23.44325,20241117012117
20241117012200,1300,0.9949,0.0,23.67528,20241117012208
20241117012315,1300,0.9875,0.0,23.7967,20241117012318
20241117012403,1300,0.9924,0.0,22.46791,20241117012408
20241117012517,1300,0.9899,0.0,22.7539,20241117012518
20241117012603,1300,0.9949,0.0,22.51782,20241117012608
20241117012718,1300,0.9875,0.0,22.60686,20241117012718
20241117012802,1300,0.9646,0.004,22.72288,20241117012808
20241117012922,1500,0.9825,0.0,22.95086,20241117012928
20241117013004,1500,0.9471,0.0,22.50838,20241117013008
20241117013118,1500,0.9924,0.0,22.87262,20241117013118
20241117013202,1500,0.9529,0.0,22.43419,20241117013208
20241117013316,1500,0.9924,0.0,22.81866,20241117013318
20241117013400,1500,0.9875,0.0,25.60978,20241117013408
20241117013514,1500,0.9825,0.0,23.83042,20241117013518
20241117013556,1500,0.9323,0.0,22.95356,20241117013558
20241117013710,1500,0.9825,0.0,22.56234,20241117013719
20241117013754,1500,0.9875,0.0,22.44498,20241117013759
20241117013908,1500,0.9949,0.0,22.55964,20241117013909
20241117013953,1500,0.995,0.0,22.49219,20241117013959
20241117014107,1500,0.9899,0.0,22.65408,20241117014109
20241117014151,1500,0.9525,0.0,23.86819,20241117014159
20241117014304,1500,0.9924,0.008,22.67161,20241117014309
20241117014349,1500,0.9975,0.0,22.7647,20241117014349
20241117014503,1500,0.9949,0.0,23.63346,20241117014509
20241117014549,1500,0.9774,0.0,23.66584,20241117014549
20241117014703,1500,0.9899,0.0,23.29081,20241117014709
20241117014745,1500,0.945,0.0,24.17172,20241117014749
20241117014859,1500,0.9975,0.0,22.57448,20241117014855
20241117014941,1500,0.9924,0.0,22.40721,20241117014945
20241117015055,1500,0.9875,0.0,22.5502,20241117015055
20241117015139,1500,0.8089,0.0,25.92545,20241117015135
20241117015253,1500,0.9777,0.0,23.46079,20241117015255
20241117015334,1500,0.9749,0.064,22.67701,20241117015335
20241117015448,1500,0.9924,0.0,22.70938,20241117015445
20241117015532,1500,0.9899,0.0,22.87936,20241117015535
20241117015646,1500,0.985,0.0,22.78088,20241117015645
20241117015728,1500,0.9419,0.028,22.86587,20241117015725
20241117015842,1500,0.9924,0.0,24.25536,20241117015845
20241117015924,1500,0.9899,0.0,22.74446,20241117015925
20241117020038,1500,0.9875,0.0,22.64059,20241117020035
20241117020120,1500,0.9949,0.0,22.43284,20241117020125
20241117020234,1500,0.9949,0.0,22.60686,20241117020235
20241117020318,1500,0.8936,0.0,22.81866,20241117020315
20241117020432,1500,0.9925,0.0,22.67296,20241117020436
20241117020516,1500,0.9082,0.0,22.56234,20241117020516
20241117020630,1500,0.985,0.0,23.58625,20241117020636
20241117020712,1500,0.8867,0.0,22.56909,20241117020716
20241117020825,1500,0.9826,0.0,22.60011,20241117020826
20241117020910,1500,0.9924,0.0,22.41395,20241117020916
20241117021024,1500,0.9924,0.0,23.67258,20241117021026
20241117021106,1500,0.7855,0.256,22.79572,20241117021106
20241117021219,1500,0.9899,0.0,22.73502,20241117021216
20241117021304,1500,0.9674,0.0,23.11139,20241117021306
20241117021418,1500,0.9924,0.0,22.83754,20241117021416
20241117021501,1500,0.9774,0.0,22.6878,20241117021506
20241117021615,1500,0.9899,0.0,22.66487,20241117021616
20241117021657,1500,0.9874,0.028,22.86857,20241117021656
20241117021811,1500,0.985,0.0,22.48949,20241117021817
20241117021853,1500,0.8803,0.132,22.44633,20241117021857
20241117022007,1500,0.9975,0.0,24.08808,20241117022007
20241117022052,1500,0.9204,0.0,22.72827,20241117022057
20241117022206,1500,0.9899,0.0,22.56774,20241117022207
20241117022250,1500,0.9077,0.032,22.33841,20241117022257
20241117022404,1500,0.9924,0.0,23.00887,20241117022407
20241117022447,1500,0.9183,0.0,22.7539,20241117022447
20241117022602,1500,0.99,0.0,22.67026,20241117022607
20241117022646,1500,0.8889,0.0,22.99808,20241117022647
20241117022759,1500,0.9924,0.0,22.73232,20241117022757
20241117022843,1500,0.9045,0.0,23.36096,20241117022847
20241117022957,1500,0.9924,0.0,22.63114,20241117022958
20241117023042,1500,0.9132,0.0,22.4814,20241117023048
20241117023156,1500,0.9899,0.0,23.74139,20241117023158
20241117023238,1500,0.8744,0.072,22.90229,20241117023238
20241117023352,1500,0.995,0.0,23.73194,20241117023358
20241117023437,1500,0.8525,0.0,23.13702,20241117023438
20241117023551,1500,0.9949,0.0,22.86183,20241117023558
20241117023633,1500,0.93,0.036,22.90095,20241117023638
20241117023747,1500,0.9924,0.0,22.40855,20241117023748
20241117023832,1500,0.9774,0.084,23.35557,20241117023838
20241117023946,1500,0.9924,0.0,24.24322,20241117023948
20241117024028,1500,0.9874,0.004,23.1748,20241117024029
20241117024142,1500,0.985,0.0,23.34882,20241117024149
20241117024229,1500,0.9724,0.004,22.81866,20241117024229
20241117024342,1500,0.985,0.0,24.22568,20241117024349
20241117024425,1500,0.9875,0.004,22.80786,20241117024429
20241117024539,1500,0.9801,0.0,22.84833,20241117024539
20241117024623,1500,0.9924,0.0,23.4473,20241117024629
20241117024737,1500,0.9975,0.0,24.05975,20241117024739
20241117024822,1500,0.9066,0.136,22.63924,20241117024829
20241117024936,1500,0.9875,0.0,22.55829,20241117024939
20241117025019,1500,0.9824,0.0,23.09655,20241117025015
20241117025133,1500,0.9975,0.0,22.62844,20241117025135
20241117025217,1500,0.9703,0.0,22.90229,20241117025215
20241117025331,1500,0.9875,0.0,22.762,20241117025335
20241117025415,1500,0.9652,0.032,22.90904,20241117025415
20241117025530,1500,0.9899,0.0,22.68106,20241117025535
20241117025615,1500,0.9924,0.0,24.27829,20241117025615
20241117025729,1500,0.9875,0.0,23.02506,20241117025725
20241117025814,1500,0.9925,0.0,23.00482,20241117025815
20241117025928,1500,0.9899,0.0,23.21797,20241117025925
20241117030010,1500,0.945,0.004,22.40721,20241117030015
20241117030124,1500,0.9899,0.0,22.68375,20241117030125
20241117030209,1500,0.9924,0.0,23.01156,20241117030205
20241117030322,1500,0.9949,0.0,25.79189,20241117030326
20241117030406,1500,0.9848,0.04,22.78223,20241117030406
20241117030521,1500,0.9899,0.0,22.73771,20241117030526
20241117030606,1500,0.9924,0.0,23.03585,20241117030606
20241117030720,1500,0.9924,0.0,22.70804,20241117030726
20241117030804,1500,0.9899,0.0,22.96705,20241117030806
20241117030918,1500,0.9949,0.004,22.60147,20241117030916
20241117031003,1500,0.9924,0.0,22.92928,20241117031006
20241117031118,1500,0.9975,0.0,22.58393,20241117031116
20241117031204,1500,0.9899,0.0,22.67296,20241117031206
20241117031318,1500,0.985,0.0,22.55425,20241117031317
20241117031404,1500,0.9345,0.0,23.67933,20241117031407
20241117031518,1500,0.985,0.0,22.57988,20241117031517
20241117031602,1500,0.9924,0.0,22.33706,20241117031607
20241117031716,1500,0.9825,0.0,23.18289,20241117031717
20241117031801,1500,0.9899,0.004,24.30932,20241117031807
20241117031915,1500,0.9899,0.0,23.62267,20241117031917
20241117031957,1500,0.985,0.0,22.61091,20241117031957
20241117032111,1500,0.9924,0.0,26.0617,20241117032117
20241117032153,1500,0.9949,0.0,22.70534,20241117032157
20241117032307,1500,0.9975,0.0,22.64463,20241117032307
20241117032352,1500,0.9924,0.0,22.46791,20241117032357
20241117032506,1500,0.9801,0.004,23.98151,20241117032507
20241117032550,1500,0.9721,0.028,22.53536,20241117032557
20241117032704,1500,0.985,0.0,22.57718,20241117032707
20241117032746,1500,0.9924,0.0,23.17749,20241117032748
20241117032900,1500,0.9899,0.0,23.74948,20241117032908
20241117032944,1500,0.9698,0.0,22.57988,20241117032948
20241117033058,1500,0.9825,0.0,22.55695,20241117033058
20241117033140,1500,0.9675,0.0,22.57718,20241117033148
20241117033255,1500,0.9899,0.0,24.51707,20241117033258
20241117033337,1500,0.9355,0.0,23.20312,20241117033338
20241117033451,1500,0.9949,0.0,22.7539,20241117033458
20241117033534,1500,0.9899,0.0,22.49084,20241117033538
20241117033649,1500,0.9924,0.0,22.6136,20241117033648
20241117033733,1500,0.95,0.0,22.52727,20241117033738
20241117033847,1500,0.9949,0.0,22.53401,20241117033849
20241117033931,1500,0.9476,0.0,22.68106,20241117033939
20241117034045,1500,0.9924,0.0,24.44287,20241117034049
20241117034127,1500,0.9648,0.0,23.11274,20241117034129
20241117034241,1500,0.9949,0.0,22.99403,20241117034249
20241117034326,1500,0.9924,0.0,22.44633,20241117034329
20241117034440,1500,0.9949,0.0,22.56504,20241117034449
20241117034524,1500,0.9825,0.0,22.50299,20241117034529
20241117034639,1500,0.9924,0.0,22.69994,20241117034639
20241117034723,1500,0.8547,0.0,22.64328,20241117034729
20241117034836,1500,0.9924,0.0,24.02198,20241117034839
20241117034918,1500,0.9949,0.0,24.8206,20241117034915
20241117035033,1500,0.9924,0.004,24.48739,20241117035035
20241117035117,1500,0.9699,0.08,22.68645,20241117035115
20241117035231,1500,0.9949,0.004,22.66891,20241117035235
20241117035313,1500,0.9398,0.024,24.59936,20241117035315
20241117035427,1500,0.9899,0.0,24.17037,20241117035425
20241117035511,1500,0.8947,0.0,22.43149,20241117035515
20241117035625,1500,0.9899,0.0,22.59472,20241117035625
20241117035709,1500,0.99,0.0,24.65872,20241117035705
20241117035823,1500,0.9875,0.0,23.13702,20241117035825
20241117035905,1500,0.9798,0.032,23.67933,20241117035905
20241117040019,1500,0.9899,0.0,22.60821,20241117040015
20241117040106,1500,0.9527,0.024,22.78898,20241117040105
20241117040220,1500,0.9924,0.0,22.50703,20241117040226
20241117040302,1500,0.975,0.052,22.762,20241117040306
20241117040416,1500,0.9801,0.0,22.59607,20241117040416
20241117040458,1500,0.9899,0.0,24.78822,20241117040456
20241117040612,1500,0.9924,0.0,22.46251,20241117040616
20241117040658,1500,0.96,0.016,22.55964,20241117040656
20241117040813,1500,0.9925,0.0,22.74041,20241117040816
20241117040857,1500,0.8649,0.0,23.04394,20241117040856
20241117041011,1500,0.9949,0.0,23.35017,20241117041016
20241117041052,1500,0.9924,0.0,22.42744,20241117041056
20241117041207,1500,0.995,0.0,24.0584,20241117041206
20241117041249,1500,0.8872,0.0,22.98324,20241117041246
20241117041403,1500,0.9924,0.0,22.87936,20241117041406
20241117041445,1500,0.8557,0.112,22.88071,20241117041447
20241117041559,1500,0.9949,0.0,22.78898,20241117041557
20241117041643,1500,0.9574,0.004,22.46926,20241117041647
20241117041757,1500,0.9924,0.0,22.6851,20241117041757
20241117041841,1500,0.9924,0.004,23.08711,20241117041847
20241117041956,1500,0.9825,0.0,22.68375,20241117041957
20241117042040,1500,0.8963,0.0,22.66622,20241117042047
20241117042154,1500,0.9899,0.0,24.45367,20241117042157
20241117042239,1500,0.9152,0.056,22.70938,20241117042237
20241117042353,1500,0.9949,0.0,22.74446,20241117042357
20241117042435,1500,0.8272,0.236,22.85103,20241117042437
20241117042549,1500,0.9975,0.0,23.19368,20241117042547
20241117042634,1500,0.8819,0.0,22.53267,20241117042637
20241117042748,1500,0.9949,0.0,22.59742,20241117042747
20241117042833,1500,0.8803,0.0,22.49219,20241117042837
20241117042946,1500,0.9875,0.0,22.99942,20241117042947
20241117043030,1500,0.8747,0.032,22.46386,20241117043037
20241117043144,1500,0.9925,0.0,23.164,20241117043147
20241117043228,1500,0.8532,0.004,22.58662,20241117043227
20241117043342,1500,0.9975,0.0,22.66082,20241117043348
20241117043427,1500,0.8905,0.0,25.00002,20241117043428
20241117043541,1500,0.985,0.0,23.99635,20241117043548
20241117043623,1500,0.9171,0.028,22.56099,20241117043628
20241117043737,1500,0.9874,0.0,22.59742,20241117043738
20241117043822,1500,0.9244,0.092,22.72288,20241117043828
20241117043936,1500,0.9875,0.0,22.47735,20241117043938
20241117044023,1500,0.99,0.0,24.03682,20241117044028
20241117044137,1500,0.9924,0.0,23.09925,20241117044138
20241117044220,1500,0.9775,0.036,22.85508,20241117044228
20241117044334,1500,0.9949,0.0,22.46521,20241117044338
20241117044418,1500,0.9949,0.0,22.88881,20241117044418
20241117044537,1700,0.9899,0.0,24.84488,20241117044538
20241117044616,1700,0.9749,0.0,22.94951,20241117044618
20241117044728,1700,0.9925,0.0,22.55964,20241117044728
20241117044810,1700,0.9924,0.0,23.41223,20241117044818
20241117044921,1700,0.9949,0.0,24.10562,20241117044929
20241117045001,1700,0.9279,0.052,24.53865,20241117045009
20241117045113,1700,0.9925,0.0,25.48432,20241117045119
20241117045152,1700,0.9798,0.0,22.36808,20241117045159
20241117045305,1700,0.985,0.004,22.46791,20241117045309
20241117045347,1700,0.9975,0.0,22.92658,20241117045349
20241117045459,1700,0.9949,0.0,22.78628,20241117045459
20241117045540,1700,0.985,0.0,23.67258,20241117045549
20241117045652,1700,0.9949,0.0,23.0318,20241117045659
20241117045732,1700,0.9975,0.0,22.70938,20241117045739
20241117045844,1700,0.9949,0.0,22.66891,20241117045849
20241117045925,1700,0.9849,0.0,22.59472,20241117045929
20241117050037,1700,0.9825,0.0,22.56234,20241117050039
20241117050118,1700,0.9698,0.0,23.02641,20241117050119
20241117050230,1700,1.0,0.0,23.25439,20241117050239
20241117050309,1700,0.9899,0.0,22.58797,20241117050309
20241117050422,1700,0.9949,0.0,22.66757,20241117050429
20241117050501,1700,0.9825,0.028,25.76356,20241117050509
20241117050614,1700,0.9924,0.004,25.20777,20241117050619
20241117050655,1700,0.9529,0.016,22.5502,20241117050659
20241117050807,1700,0.99,0.004,22.75525,20241117050805
20241117050846,1700,0.9975,0.0,24.71942,20241117050845
20241117050958,1700,0.9899,0.0,22.67026,20241117050955
20241117051040,1700,0.9899,0.0,22.46116,20241117051045
20241117051152,1700,0.9826,0.0,24.23243,20241117051155
20241117051231,1700,0.9849,0.036,22.50568,20241117051235
20241117051343,1700,0.9924,0.0,22.58662,20241117051345
20241117051424,1700,0.9824,0.0,23.05338,20241117051425
20241117051536,1700,0.985,0.0,22.73906,20241117051535
20241117051616,1700,0.9772,0.0,23.14917,20241117051616
20241117051728,1700,0.9825,0.0,22.72288,20241117051726
20241117051807,1700,0.9975,0.0,23.73329,20241117051806
20241117051919,1700,0.9949,0.008,24.44422,20241117051916
20241117052001,1700,0.9646,0.0,22.58123,20241117052006
20241117052113,1700,0.9924,0.0,22.73906,20241117052116
20241117052152,1700,0.9825,0.0,22.44228,20241117052156
20241117052304,1700,0.9875,0.0,22.60416,20241117052306
20241117052343,1700,0.9403,0.028,22.49894,20241117052346
20241117052455,1700,0.9775,0.036,22.80517,20241117052456
20241117052537,1700,0.9084,0.0,22.68915,20241117052536
20241117052648,1700,0.9874,0.0,22.52862,20241117052646
20241117052727,1700,0.9627,0.032,23.61593,20241117052727
20241117052840,1700,0.985,0.0,22.98728,20241117052847
20241117052918,1700,0.9899,0.024,22.83215,20241117052917
20241117053030,1700,0.9875,0.008,23.15456,20241117053037
20241117053109,1700,0.9674,0.0,23.20178,20241117053107
20241117053221,1700,0.99,0.0,23.76027,20241117053227
20241117053259,1700,0.9799,0.032,22.65542,20241117053257
20241117053412,1700,0.99,0.0,22.79707,20241117053417
20241117053454,1700,0.9246,0.084,23.06957,20241117053457
20241117053606,1700,0.9925,0.0,22.57853,20241117053607
20241117053646,1700,0.8988,0.0,22.83215,20241117053647
20241117053757,1700,0.9899,0.0,22.62575,20241117053757
20241117053837,1700,0.937,0.0,23.20717,20241117053837
20241117053949,1700,0.9899,0.004,22.88206,20241117053947
20241117054031,1700,0.9774,0.0,22.36269,20241117054038
20241117054143,1700,0.9924,0.0,23.02775,20241117054148
20241117054224,1700,0.9225,0.0,22.4841,20241117054228
20241117054336,1700,0.9924,0.0,22.60821,20241117054338
20241117054415,1700,0.9899,0.036,23.06553,20241117054418
20241117054528,1700,0.9825,0.0,24.36193,20241117054528
20241117054607,1700,0.9173,0.032,23.24899,20241117054608
20241117054719,1700,0.995,0.008,22.6824,20241117054718
20241117054758,1700,0.9849,0.028,22.66891,20241117054758
20241117054910,1700,0.9899,0.0,23.7144,20241117054918
20241117054950,1700,0.9107,0.0,23.56736,20241117054958
20241117055102,1700,0.995,0.0,22.71883,20241117055109
20241117055143,1700,0.9173,0.0,22.62979,20241117055149
20241117055255,1700,0.9924,0.0,22.68106,20241117055259
20241117055336,1700,0.9924,0.0,22.98054,20241117055339
20241117055448,1700,0.99,0.0,22.49354,20241117055449
20241117055529,1700,0.9774,0.032,23.54982,20241117055529
20241117055641,1700,0.9875,0.0,25.7811,20241117055649
20241117055721,1700,0.903,0.0,23.30161,20241117055729
20241117055833,1700,0.9924,0.0,23.52419,20241117055839
20241117055918,1700,0.8864,0.0,22.96165,20241117055919
20241117060030,1700,0.9268,0.184,22.57853,20241117060039
20241117060109,1700,0.9474,0.024,22.72153,20241117060109
20241117060221,1700,0.9949,0.0,22.62709,20241117060229
20241117060303,1700,0.9925,0.0,22.30873,20241117060309
20241117060415,1700,0.9949,0.0,22.63249,20241117060415
20241117060456,1700,0.9823,0.0,22.62575,20241117060455
20241117060608,1700,0.9949,0.0,22.74311,20241117060605
20241117060647,1700,0.6131,0.032,28.6073,20241117060645
20241117060759,1700,0.9849,0.032,23.83582,20241117060755
20241117060838,1700,0.9626,0.0,25.87014,20241117060835
20241117060951,1700,0.9949,0.0,22.71613,20241117060955
20241117061032,1700,0.925,0.0,22.38562,20241117061035
20241117061144,1700,0.985,0.0,22.87666,20241117061145
20241117061223,1700,0.9899,0.032,22.80382,20241117061225
20241117061336,1700,0.9949,0.0,22.86452,20241117061335
20241117061417,1700,0.99,0.0,22.68915,20241117061415
20241117061529,1700,0.9925,0.0,22.6136,20241117061525
20241117061609,1700,0.9158,0.06,25.45869,20241117061606
20241117061721,1700,0.9924,0.0,22.84429,20241117061726
20241117061801,1700,0.8861,0.0,22.58258,20241117061806
20241117061913,1700,0.9975,0.0,22.68915,20241117061916
20241117061952,1700,0.9799,0.032,22.37753,20241117061956
20241117062105,1700,0.9924,0.0,23.4419,20241117062106
20241117062144,1700,0.9524,0.0,22.82405,20241117062146
20241117062257,1700,0.9949,0.004,22.6851,20241117062256
20241117062336,1700,0.9252,0.0,22.87666,20241117062336
20241117062448,1700,0.9949,0.0,22.65273,20241117062446
20241117062527,1700,0.9825,0.032,23.48777,20241117062526
20241117062640,1700,0.99,0.0,22.53941,20241117062646
20241117062721,1700,0.8784,0.0,22.39911,20241117062726
20241117062833,1700,0.9924,0.0,22.87666,20241117062837
20241117062913,1700,0.9673,0.0,22.44768,20241117062917
20241117063025,1700,1.0,0.0,22.46386,20241117063027
20241117063105,1700,0.9111,0.0,23.20448,20241117063107
20241117063217,1700,0.9949,0.0,22.56504,20241117063217
20241117063257,1700,0.8834,0.028,22.8227,20241117063257
20241117063409,1700,0.9875,0.0,22.65138,20241117063407
20241117063448,1700,0.9975,0.0,22.65003,20241117063447
20241117063600,1700,0.9924,0.0,22.94142,20241117063607
20241117063640,1700,0.8992,0.044,23.64156,20241117063647
20241117063752,1700,0.9875,0.0,23.69012,20241117063757
20241117063830,1700,0.9699,0.096,22.54885,20241117063838
20241117063942,1700,0.9925,0.0,22.98863,20241117063948
20241117064022,1700,0.8881,0.048,22.39236,20241117064028
20241117064134,1700,0.9899,0.0,22.88341,20241117064138
20241117064216,1700,0.9848,0.08,23.01966,20241117064218
20241117064328,1700,0.9799,0.056,22.79168,20241117064328
20241117064410,1700,0.9949,0.0,24.50628,20241117064418
20241117064522,1700,0.9875,0.0,23.91136,20241117064528
20241117064601,1700,0.9446,0.12,22.37888,20241117064608
20241117064714,1700,0.995,0.0,22.62709,20241117064718
20241117064755,1700,0.9776,0.0,22.3519,20241117064759
20241117064907,1700,0.985,0.004,22.55964,20241117064909
20241117064950,1700,0.9949,0.0,22.72422,20241117064959
20241117065102,1700,0.9875,0.0,29.51519,20241117065109
20241117065143,1700,0.9626,0.0,22.51378,20241117065149
20241117065255,1700,0.9875,0.0,22.52727,20241117065259
20241117065334,1700,0.9975,0.0,22.42879,20241117065339
20241117065447,1700,0.9875,0.0,24.18656,20241117065449
20241117065525,1700,0.9874,0.032,22.54885,20241117065529
20241117065637,1700,0.9875,0.008,24.45637,20241117065639
20241117065719,1700,0.9925,0.0,22.49354,20241117065719
20241117065832,1700,0.9975,0.0,23.50261,20241117065839
20241117065910,1700,0.9799,0.028,22.35055,20241117065915
20241117070022,1700,0.9875,0.0,25.05533,20241117070025
20241117070100,1700,0.9751,0.0,22.62979,20241117070105
20241117070213,1700,1.0,0.0,22.79977,20241117070215
20241117070252,1700,0.9822,0.068,24.05301,20241117070255
20241117070404,1700,0.9899,0.004,22.93062,20241117070405
20241117070443,1700,0.985,0.0,23.05069,20241117070445
20241117070555,1700,0.9899,0.0,23.41223,20241117070555
20241117070636,1700,0.9949,0.0,24.64253,20241117070635
20241117070748,1700,0.9875,0.0,24.27425,20241117070745
20241117070829,1700,0.9848,0.0,23.20582,20241117070825
20241117070942,1700,0.9925,0.008,22.67971,20241117070946
20241117071021,1700,0.9899,0.0,22.47331,20241117071026
20241117071133,1700,0.995,0.0,22.61495,20241117071136
20241117071215,1700,0.935,0.0,23.20448,20241117071216
20241117071327,1700,0.9924,0.004,22.45037,20241117071326
20241117071406,1700,0.9624,0.0,22.64193,20241117071406
20241117071519,1700,0.9899,0.0,22.52862,20241117071516
20241117071600,1700,0.9924,0.0,22.80921,20241117071606
20241117071713,1700,0.9899,0.004,22.50568,20241117071716
20241117071752,1700,0.9975,0.0,22.46251,20241117071756
20241117071904,1700,0.9975,0.0,24.61555,20241117071906
20241117071943,1700,0.9875,0.0,22.55829,20241117071946
20241117072055,1700,0.99,0.0,22.65408,20241117072057
20241117072135,1700,0.995,0.0,23.02641,20241117072137
20241117072248,1700,0.985,0.0,23.94509,20241117072247
20241117072330,1700,0.9924,0.0,22.50973,20241117072337
20241117072441,1700,0.9875,0.0,24.60745,20241117072447
20241117072522,1700,0.9899,0.0,24.23243,20241117072527
20241117072634,1700,0.99,0.0,23.2355,20241117072637
20241117072713,1700,0.9925,0.004,22.48005,20241117072717
20241117072826,1700,0.9949,0.0,22.64598,20241117072827
20241117072905,1700,0.9849,0.028,23.36636,20241117072907
20241117073018,1700,0.9899,0.0,22.57448,20241117073017
20241117073059,1700,0.9698,0.0,22.59337,20241117073057
20241117073211,1700,0.9949,0.0,23.49991,20241117073217
20241117073250,1700,0.9472,0.0,23.60783,20241117073257
20241117073402,1700,0.995,0.0,22.90229,20241117073407
20241117073443,1700,0.9949,0.0,22.50029,20241117073448
20241117073555,1700,0.9924,0.0,24.35924,20241117073558
20241117073637,1700,0.9202,0.0,23.0318,20241117073638
20241117073748,1700,0.995,0.0,22.54885,20241117073748
20241117073829,1700,0.9899,0.0,22.83619,20241117073828
20241117073941,1700,0.995,0.0,22.87531,20241117073948
20241117074019,1700,0.9748,0.088,22.72557,20241117074018
20241117074131,1700,0.9975,0.004,23.33128,20241117074138
20241117074210,1700,0.9496,0.0,23.62267,20241117074218
20241117074321,1700,0.9899,0.0,23.01561,20241117074328
20241117074402,1700,0.9653,0.0,22.26826,20241117074408
20241117074515,1700,0.9825,0.0,22.77009,20241117074518
20241117074553,1700,0.8875,0.04,22.63519,20241117074559
20241117074705,1700,0.9949,0.004,22.58932,20241117074709
20241117074744,1700,0.99,0.0,22.48815,20241117074749
20241117074857,1700,0.985,0.0,24.66681,20241117074859
20241117074936,1700,0.9899,0.0,22.76739,20241117074939
20241117075048,1700,0.9949,0.0,22.60281,20241117075049
20241117075128,1700,0.8972,0.0,23.06822,20241117075129
20241117075244,1800,0.9826,0.0,22.6851,20241117075249
20241117075326,1800,0.9924,0.004,22.4126,20241117075329
20241117075437,1800,0.9899,0.028,22.84159,20241117075439
20241117075514,1800,0.9748,0.0,22.71883,20241117075519
20241117075625,1800,0.995,0.004,23.651,20241117075629
20241117075705,1800,1.0,0.0,22.68645,20241117075705
20241117075816,1800,0.9949,0.0,22.6136,20241117075815
20241117075852,1800,0.9949,0.0,23.94239,20241117075855
20241117080003,1800,0.9899,0.0,24.46176,20241117080005
20241117080041,1800,0.9057,0.036,22.51513,20241117080045
20241117080151,1800,1.0,0.0,22.60551,20241117080155
20241117080232,1800,0.9347,0.0,22.43823,20241117080235
20241117080342,1800,0.9825,0.032,22.58662,20241117080345
20241117080423,1800,0.8317,0.352,23.50396,20241117080425
20241117080534,1800,1.0,0.0,24.70593,20241117080535
20241117080616,1800,0.903,0.004,22.71478,20241117080615
20241117080726,1800,0.9924,0.0,22.66487,20241117080726
20241117080804,1800,0.9475,0.072,22.92523,20241117080806
20241117080914,1800,0.9875,0.0,23.8574,20241117080916
20241117080951,1800,0.9231,0.032,22.49219,20241117080956
20241117081101,1800,0.9949,0.0,22.64193,20241117081106
20241117081138,1800,0.995,0.0,22.99268,20241117081136
20241117081249,1800,0.9975,0.0,22.52862,20241117081246
20241117081326,1800,0.9699,0.0,22.77549,20241117081326
20241117081437,1800,0.9875,0.0,22.51647,20241117081436
20241117081515,1800,0.9194,0.0,23.13702,20241117081516
20241117081625,1800,0.985,0.0,22.54615,20241117081626
20241117081703,1800,0.9899,0.0,24.92312,20241117081706
20241117081814,1800,0.9975,0.0,23.49856,20241117081817
20241117081852,1800,0.9139,0.136,22.40451,20241117081857
20241117082002,1800,0.9874,0.04,22.60281,20241117082007
20241117082038,1800,0.9325,0.0,22.65408,20241117082037
20241117082148,1800,0.9875,0.0,22.63114,20241117082147
20241117082229,1800,0.9875,0.0,22.69994,20241117082227
20241117082340,1800,0.9924,0.0,33.18182,20241117082347
20241117082416,1800,0.9676,0.0,22.69859,20241117082417
20241117082527,1800,0.9801,0.004,22.64868,20241117082527
20241117082605,1800,0.9295,0.028,22.90499,20241117082607
20241117082716,1800,0.9924,0.0,24.11641,20241117082717
20241117082753,1800,0.9975,0.0,22.45172,20241117082757
20241117082904,1800,0.985,0.0,22.51782,20241117082907
20241117082941,1800,0.8953,0.0,22.38292,20241117082947
20241117083051,1800,0.9925,0.008,24.02063,20241117083058
20241117083128,1800,0.8824,0.0,22.84833,20241117083128
20241117083238,1800,0.99,0.0,22.59607,20241117083238
20241117083320,1800,0.9649,0.072,23.81558,20241117083328
20241117083430,1800,0.9975,0.0,32.16196,20241117083438
20241117083507,1800,0.9551,0.092,23.15726,20241117083508
20241117083618,1800,0.9924,0.0,22.77009,20241117083618
20241117083655,1800,0.8685,0.1,22.6959,20241117083658
20241117083805,1800,0.99,0.0,24.54675,20241117083808
20241117083846,1800,0.893,0.0,22.81056,20241117083848
20241117083957,1800,0.9975,0.0,24.37407,20241117083958
20241117084035,1800,0.8408,0.116,22.42474,20241117084038
20241117084145,1800,0.9924,0.0,22.55425,20241117084149
20241117084227,1800,0.8933,0.0,22.96975,20241117084229
20241117084337,1800,0.9975,0.0,23.84796,20241117084339
20241117084414,1800,0.9925,0.0,22.41125,20241117084419
20241117084524,1800,0.9873,0.076,22.94411,20241117084529
20241117084602,1800,0.9949,0.0,22.60416,20241117084609
20241117084713,1800,0.9925,0.0,24.90964,20241117084719
20241117084750,1800,0.9899,0.0,24.71673,20241117084759
20241117084901,1800,0.985,0.0,22.58528,20241117084909
20241117084939,1800,0.9925,0.0,24.75045,20241117084939
20241117085049,1800,0.9875,0.0,22.67701,20241117085045
20241117085127,1800,0.9924,0.0,23.18694,20241117085125
20241117085237,1800,0.995,0.004,22.63114,20241117085235
20241117085319,1800,0.9824,0.0,24.77608,20241117085315
20241117085430,1800,0.9826,0.0,24.4712,20241117085435
20241117085507,1800,0.9874,0.0,22.72422,20241117085505
20241117085618,1800,0.9875,0.0,22.72288,20241117085615
20241117085654,1800,0.985,0.0,22.71883,20241117085655
20241117085805,1800,0.99,0.0,22.60281,20241117085805
20241117085842,1800,0.995,0.0,22.50299,20241117085845
20241117085952,1800,0.98,0.028,22.78358,20241117085955
20241117090029,1800,0.965,0.068,25.41417,20241117090025
20241117090140,1800,0.9975,0.008,23.46618,20241117090145
20241117090221,1800,0.9899,0.0,22.4787,20241117090225
20241117090332,1800,0.9925,0.0,22.6932,20241117090336
20241117090410,1800,0.9899,0.0,22.40855,20241117090416
20241117090520,1800,0.9949,0.0,23.43921,20241117090526
20241117090601,1800,0.9949,0.0,22.51647,20241117090606
20241117090712,1800,0.9924,0.0,22.79168,20241117090716
20241117090754,1800,0.9975,0.0,22.64059,20241117090756
20241117090904,1800,0.9825,0.028,22.72557,20241117090906
20241117090946,1800,0.995,0.0,23.24495,20241117090946
20241117091056,1800,0.9924,0.0,22.64868,20241117091056
20241117091138,1800,0.9925,0.0,23.63077,20241117091136
20241117091248,1800,0.9924,0.0,22.65003,20241117091246
20241117091327,1800,0.9824,0.032,22.61226,20241117091326
20241117091438,1800,0.9924,0.0,22.95356,20241117091437
20241117091517,1800,0.9521,0.192,23.62132,20241117091517
20241117091627,1800,0.995,0.0,22.64598,20241117091627
20241117091706,1800,0.9899,0.032,22.71478,20241117091707
20241117091816,1800,0.99,0.004,22.81326,20241117091817
20241117091852,1800,0.9798,0.0,22.49084,20241117091857
20241117092003,1800,0.9975,0.0,22.60956,20241117092007
20241117092045,1800,0.9625,0.008,22.49354,20241117092047
20241117092155,1800,0.9925,0.0,24.26076,20241117092157
20241117092237,1800,0.9925,0.0,22.67836,20241117092237
20241117092347,1800,0.9975,0.0,22.68915,20241117092347
20241117092429,1800,0.995,0.0,23.45404,20241117092427
20241117092540,1800,0.9875,0.0,23.38929,20241117092547
20241117092620,1800,0.9673,0.168,22.43958,20241117092628
20241117092731,1800,0.9924,0.0,23.87224,20241117092738
20241117092813,1800,0.9899,0.044,22.52187,20241117092818
20241117092924,1800,0.9924,0.032,22.72153,20241117092928
20241117093002,1800,0.975,0.0,22.46791,20241117093008
20241117093112,1800,0.9825,0.004,23.18154,20241117093118
20241117093149,1800,0.9673,0.0,24.08538,20241117093148
20241117093259,1800,1.0,0.0,22.52727,20241117093258
20241117093340,1800,0.9899,0.0,25.20237,20241117093348
20241117093451,1800,0.99,0.0,22.66891,20241117093458
20241117093532,1800,0.9799,0.0,22.45712,20241117093538
20241117093642,1800,0.9949,0.0,22.8254,20241117093648
20241117093719,1800,0.9726,0.0,24.7491,20241117093718
20241117093829,1800,0.9925,0.0,23.04664,20241117093829
20241117093911,1800,0.9798,0.072,23.5134,20241117093919
20241117094021,1800,0.9975,0.0,22.53806,20241117094029
20241117094058,1800,0.985,0.0,25.10524,20241117094059
20241117094208,1800,0.995,0.0,22.64193,20241117094209
20241117094245,1800,0.9298,0.024,23.19233,20241117094249
20241117094355,1800,0.9975,0.0,22.95895,20241117094359
20241117094437,1800,0.99,0.0,23.49182,20241117094439
20241117094547,1800,0.9949,0.0,24.14474,20241117094549
20241117094624,1800,0.9875,0.0,22.40586,20241117094629
20241117094734,1800,0.9773,0.068,23.6456,20241117094739
20241117094811,1800,0.9549,0.0,26.22223,20241117094819
20241117094922,1800,0.9925,0.0,22.51917,20241117094929
20241117095002,1800,0.985,0.0,22.55695,20241117095009
20241117095113,1800,0.995,0.004,22.55155,20241117095115
20241117095155,1800,0.8908,0.0,22.86317,20241117095155
20241117095305,1800,0.9924,0.0,22.63654,20241117095305
20241117095346,1800,0.8933,0.0,22.87127,20241117095345
20241117095456,1800,0.985,0.0,22.66352,20241117095455
20241117095533,1800,0.9248,0.036,23.06418,20241117095535
20241117095643,1800,0.995,0.0,24.18791,20241117095645
20241117095720,1800,0.9229,0.0,23.00347,20241117095725
20241117095831,1800,0.99,0.0,23.46754,20241117095835
20241117095911,1800,0.995,0.0,22.67566,20241117095915
20241117100022,1800,0.9875,0.0,22.62035,20241117100025
20241117100102,1800,0.9875,0.0,22.45037,20241117100105
20241117100213,1800,0.9925,0.0,24.38352,20241117100216
20241117100251,1800,0.932,0.132,22.35999,20241117100256
20241117100402,1800,0.9875,0.0,23.36636,20241117100406
20241117100439,1800,0.9875,0.004,22.79707,20241117100436
20241117100550,1800,0.9848,0.056,23.84796,20241117100556
20241117100628,1800,0.9749,0.0,22.74581,20241117100626
20241117100739,1800,0.9899,0.0,22.66891,20241117100736
20241117100821,1800,0.9045,0.0,22.35459,20241117100826
20241117100931,1800,0.9975,0.004,24.25131,20241117100936
20241117101009,1800,0.925,0.0,22.75795,20241117101006
20241117101119,1800,0.995,0.0,22.64328,20241117101116
20241117101158,1800,0.9424,0.04,24.69379,20241117101156
20241117101309,1800,0.9875,0.0,22.52997,20241117101306
20241117101346,1800,0.9774,0.0,23.97476,20241117101346
20241117101457,1800,0.9875,0.0,22.62709,20241117101456
20241117101535,1800,0.9825,0.032,23.42167,20241117101537
20241117101646,1800,0.995,0.0,22.58797,20241117101647
20241117101724,1800,0.9148,0.004,22.54211,20241117101727
20241117101835,1800,0.9924,0.004,25.08231,20241117101837
20241117101912,1800,0.9749,0.0,22.70938,20241117101917
20241117102023,1800,0.9825,0.044,22.61495,20241117102027
20241117102105,1800,0.8997,0.0,22.87531,20241117102107
20241117102215,1800,0.9875,0.0,24.54,20241117102217
20241117102254,1800,0.8995,0.028,22.44093,20241117102257
20241117102405,1800,0.9925,0.0,24.4739,20241117102407
20241117102442,1800,0.9496,0.024,22.59202,20241117102447
20241117102553,1800,0.99,0.0,23.78725,20241117102557
20241117102630,1800,0.9875,0.0,23.18694,20241117102637
20241117102741,1800,0.9975,0.0,22.67431,20241117102747
20241117102823,1800,0.8947,0.028,22.39641,20241117102827
20241117102934,1800,0.9899,0.0,22.80786,20241117102937
20241117103011,1800,0.9419,0.032,22.50703,20241117103017
20241117103122,1800,0.99,0.0,22.83215,20241117103127
20241117103203,1800,0.9925,0.0,22.53536,20241117103207
20241117103314,1800,0.99,0.0,22.66352,20241117103317
20241117103350,1800,0.995,0.0,24.11776,20241117103357
20241117103501,1800,0.9899,0.0,22.98594,20241117103508
20241117103539,1800,0.9924,0.0,23.35287,20241117103538
20241117103650,1800,0.9975,0.0,22.63519,20241117103658
20241117103731,1800,0.9975,0.0,22.4153,20241117103738
20241117103842,1800,0.995,0.0,23.45809,20241117103848
20241117103923,1800,0.8985,0.0,22.31008,20241117103928
20241117104033,1800,0.985,0.0,23.7171,20241117104038
20241117104110,1800,0.8698,0.088,24.74775,20241117104118
20241117104221,1800,0.9801,0.0,22.56369,20241117104228
20241117104258,1800,0.9899,0.004,22.58932,20241117104258
20241117104409,1800,0.9849,0.036,22.57583,20241117104409
20241117104445,1800,0.9425,0.0,22.49084,20241117104449
20241117104556,1800,0.99,0.0,24.17712,20241117104559
20241117104637,1800,0.9924,0.0,22.88611,20241117104639
20241117104747,1800,0.985,0.0,24.11641,20241117104749
20241117104825,1800,0.9925,0.0,22.7647,20241117104829
20241117104935,1800,0.9925,0.0,22.40316,20241117104939
20241117105012,1800,0.9825,0.0,22.42609,20241117105019
20241117105123,1800,0.985,0.0,24.14744,20241117105125
20241117105201,1800,0.9924,0.0,22.62979,20241117105205
20241117105312,1800,0.9949,0.0,22.76874,20241117105315
20241117105353,1800,0.995,0.0,23.07092,20241117105355
20241117105512,2000,0.9874,0.024,22.74311,20241117105515
20241117105549,2000,0.9773,0.084,26.23437,20241117105545
20241117105702,2000,0.9875,0.016,22.54076,20241117105705
20241117105740,2000,1.0,0.0,22.37213,20241117105745
20241117105848,2000,0.9899,0.02,22.6851,20241117105845
20241117105925,2000,0.995,0.0,23.81423,20241117105925
20241117110033,2000,0.9975,0.0,24.4132,20241117110035
20241117110110,2000,0.9849,0.004,22.39236,20241117110115
20241117110219,2000,0.9875,0.004,22.72962,20241117110215
20241117110256,2000,0.9924,0.0,23.2355,20241117110255
20241117110409,2000,0.99,0.0,22.87396,20241117110405
20241117110446,2000,0.9925,0.0,22.63924,20241117110445
20241117110559,2000,0.9849,0.028,22.52187,20241117110556
20241117110636,2000,0.9975,0.0,22.54885,20241117110636
20241117110744,2000,0.9875,0.0,24.37003,20241117110746
20241117110820,2000,0.9899,0.036,23.02506,20241117110826
20241117110933,2000,0.985,0.0,23.51205,20241117110936
20241117111009,2000,0.995,0.0,23.45539,20241117111006
20241117111122,2000,0.9874,0.036,25.29815,20241117111126
20241117111157,2000,0.9798,0.036,22.88745,20241117111156
20241117111305,2000,0.9823,0.076,23.95453,20241117111306
20241117111339,2000,0.9751,0.004,23.73464,20241117111336
20241117111447,2000,0.9949,0.0,23.61323,20241117111446
20241117111524,2000,0.9899,0.0,22.87936,20241117111526
20241117111632,2000,0.9747,0.092,22.73232,20241117111636
20241117111710,2000,0.9849,0.0,22.41395,20241117111716
20241117111819,2000,0.995,0.0,22.65947,20241117111816
20241117111854,2000,0.9749,0.0,22.91174,20241117111856
20241117112002,2000,0.9975,0.0,22.85643,20241117112006
20241117112039,2000,0.995,0.0,22.93062,20241117112036
20241117112147,2000,0.9776,0.032,22.66487,20241117112147
20241117112223,2000,0.9471,0.0,22.47061,20241117112227
20241117112335,2000,0.985,0.028,24.37407,20241117112337
20241117112412,2000,0.9949,0.0,22.6217,20241117112417
20241117112525,2000,0.9924,0.024,24.69109,20241117112527
20241117112602,2000,0.9924,0.0,23.94913,20241117112607
20241117112710,2000,0.9726,0.036,33.5447,20241117112717
20241117112746,2000,0.9749,0.0,22.63924,20241117112747
20241117112854,2000,0.9899,0.02,24.4132,20241117112857
20241117112932,2000,0.9749,0.0,22.52727,20241117112937
20241117113045,2000,0.99,0.0,24.48065,20241117113047
20241117113122,2000,0.9925,0.0,22.50299,20241117113127
20241117113235,2000,1.0,0.0,24.339,20241117113237
20241117113313,2000,0.9676,0.0,22.36269,20241117113317
20241117113426,2000,0.9899,0.028,22.44093,20241117113427
20241117113503,2000,0.9899,0.0,22.65273,20241117113507
20241117113616,2000,0.9975,0.0,22.77414,20241117113617
20241117113652,2000,0.9449,0.0,24.33765,20241117113657
20241117113800,2000,1.0,0.0,22.70938,20241117113807
20241117113836,2000,0.9924,0.0,23.46079,20241117113837
20241117113949,2000,0.9874,0.032,23.74273,20241117113948
20241117114025,2000,0.9798,0.0,23.09251,20241117114028
20241117114138,2000,0.9949,0.0,22.69724,20241117114138
20241117114215,2000,0.9924,0.004,22.78223,20241117114218
20241117114323,2000,0.9975,0.0,23.79535,20241117114328
20241117114401,2000,0.9325,0.0,22.8969,20241117114408
20241117114509,2000,0.9924,0.032,22.63654,20241117114508
20241117114544,2000,0.9849,0.028,22.64733,20241117114548
20241117114653,2000,0.9949,0.0,24.86377,20241117114658
20241117114729,2000,0.9825,0.0,23.15726,20241117114728
20241117114837,2000,0.9899,0.0,24.24997,20241117114838
20241117114916,2000,0.8768,0.036,22.37348,20241117114918
20241117115029,2000,0.985,0.0,23.05878,20241117115029
20241117115107,2000,0.9007,0.0,22.86452,20241117115109
20241117115215,2000,0.9975,0.028,23.74408,20241117115219
20241117115252,2000,0.8218,0.152,23.55927,20241117115259
20241117115400,2000,0.9975,0.0,32.26854,20241117115409
20241117115437,2000,0.9421,0.0,24.82869,20241117115439
20241117115545,2000,0.9949,0.0,22.74851,20241117115549
20241117115622,2000,0.9421,0.0,22.47331,20241117115629
20241117115730,2000,0.9975,0.0,22.65542,20241117115739
20241117115807,2000,0.9279,0.028,22.30603,20241117115809
20241117115915,2000,0.9849,0.036,25.10929,20241117115919
20241117115951,2000,0.9525,0.0,22.72692,20241117115959
20241117120104,2000,0.9975,0.0,22.58528,20241117120109
20241117120140,2000,0.9095,0.0,22.2831,20241117120149
20241117120248,2000,1.0,0.0,24.80306,20241117120249
20241117120326,2000,0.9726,0.044,22.49759,20241117120329
20241117120435,2000,0.9751,0.028,22.92388,20241117120435
20241117120510,2000,0.9849,0.028,22.63789,20241117120515
20241117120618,2000,0.9874,0.024,22.65542,20241117120615
20241117120655,2000,0.9873,0.06,22.74581,20241117120655
20241117120803,2000,0.9975,0.0,24.63039,20241117120805
20241117120837,2000,0.9277,0.0,22.70534,20241117120835
20241117120950,2000,0.9975,0.004,24.17712,20241117120955
20241117121026,2000,0.9002,0.036,22.73906,20241117121025
20241117121134,2000,0.995,0.0,22.72153,20241117121135
20241117121213,2000,0.8657,0.036,22.60147,20241117121215
20241117121321,2000,0.995,0.0,22.76335,20241117121325
20241117121356,2000,0.9899,0.0,23.99095,20241117121355
20241117121510,2000,0.9824,0.028,22.68106,20241117121515
20241117121544,2000,0.9777,0.004,24.32551,20241117121545
20241117121653,2000,0.99,0.0,22.50973,20241117121655
20241117121728,2000,0.8983,0.04,22.68106,20241117121725
20241117121841,2000,0.9875,0.0,24.05301,20241117121845
20241117121917,2000,0.9773,0.0,24.45906,20241117121915
20241117122030,2000,0.9925,0.0,23.44865,20241117122035
20241117122106,2000,0.9252,0.036,24.99058,20241117122105
20241117122214,2000,0.9924,0.0079,24.38891,20241117122215
20241117122248,2000,0.8822,0.036,24.23108,20241117122245
20241117122401,2000,0.9924,0.0,23.72115,20241117122406
20241117122437,2000,0.893,0.092,22.73502,20241117122436
20241117122550,2000,0.9949,0.0,23.7913,20241117122556
20241117122626,2000,0.99,0.0,23.14242,20241117122626
20241117122739,2000,0.9874,0.028,22.70129,20241117122736
20241117122816,2000,0.995,0.0,22.6905,20241117122816
20241117122929,2000,0.9925,0.0,22.74041,20241117122926
20241117123007,2000,0.9899,0.0,22.6163,20241117123006
20241117123115,2000,1.0,0.0,23.96128,20241117123116
20241117123154,2000,0.9474,0.036,23.01291,20241117123156
20241117123307,2000,0.995,0.0,23.06822,20241117123306
20241117123343,2000,0.8894,0.0,23.05069,20241117123346
20241117123451,2000,0.995,0.0,25.58684,20241117123456
20241117123526,2000,0.97,0.0,23.76432,20241117123526
20241117123635,2000,0.985,0.0,24.28774,20241117123637
20241117123711,2000,0.9701,0.0,22.42879,20241117123717
20241117123824,2000,0.9849,0.036,23.85605,20241117123827
20241117123901,2000,0.908,0.004,22.41125,20241117123907
20241117124009,2000,0.9875,0.0,22.59877,20241117124007
20241117124045,2000,0.9397,0.0,23.69822,20241117124047
20241117124158,2000,0.985,0.0,23.87898,20241117124157
20241117124234,2000,0.9027,0.0,22.35864,20241117124237
20241117124342,2000,0.9899,0.032,25.7096,20241117124347
20241117124420,2000,0.9724,0.0,24.87186,20241117124427
20241117124528,2000,0.9924,0.0,22.97919,20241117124527
20241117124603,2000,0.9975,0.0,22.52052,20241117124607
20241117124716,2000,0.9874,0.028,24.21624,20241117124718
20241117124753,2000,0.995,0.0,22.5529,20241117124758
20241117124906,2000,0.9975,0.0,22.57988,20241117124908
20241117124945,2000,0.9698,0.056,22.45712,20241117124948
20241117125053,2000,0.9924,0.0,22.85643,20241117125058
20241117125130,2000,0.9899,0.0,23.14242,20241117125138
20241117125242,2000,0.995,0.0,25.24959,20241117125248
20241117125318,2000,0.9726,0.0,22.619,20241117125318
20241117125431,2000,0.9874,0.02,22.59202,20241117125438
20241117125505,2000,0.995,0.0,23.52824,20241117125509
20241117125613,2000,0.995,0.0,23.09655,20241117125619
20241117125650,2000,0.9899,0.0,23.307,20241117125659
20241117125758,2000,0.9875,0.0,24.51167,20241117125759
20241117125834,2000,0.9146,0.1,22.52862,20241117125839
20241117125942,2000,0.99,0.0,22.54885,20241117125949
20241117130015,2000,0.9875,0.0,22.29793,20241117130019
20241117130124,2000,1.0,0.0,23.85605,20241117130129
20241117130200,2000,0.9899,0.0,22.27095,20241117130209
20241117130308,2000,0.9949,0.0,24.25671,20241117130309
20241117130344,2000,0.9723,0.028,23.68877,20241117130349
20241117130452,2000,0.9924,0.024,22.57583,20241117130455
20241117130526,2000,0.9674,0.0,22.8281,20241117130525
20241117130634,2000,0.9925,0.0,22.70669,20241117130635
20241117130710,2000,0.9899,0.0,23.59839,20241117130715
20241117130823,2000,0.9899,0.024,22.52187,20241117130825
20241117130900,2000,0.9725,0.0,22.42879,20241117130905
20241117131013,2000,0.9875,0.028,22.42204,20241117131015
20241117131050,2000,0.9949,0.0,22.49624,20241117131055
20241117131203,2000,0.995,0.0,22.71208,20241117131205
20241117131239,2000,0.9798,0.0,24.43343,20241117131235
20241117131352,2000,0.9899,0.024,22.52457,20241117131356
20241117131428,2000,0.9773,0.0,23.06013,20241117131426
20241117131541,2000,0.9825,0.032,24.17847,20241117131546
20241117131618,2000,0.9322,0.216,22.7566,20241117131616
20241117131730,2000,0.9925,0.0,23.84121,20241117131736
20241117131808,2000,0.9298,0.036,23.64965,20241117131806
20241117131920,2000,0.9924,0.028,26.63908,20241117131926
20241117131956,2000,0.9873,0.0,22.64598,20241117131956
20241117132109,2000,0.9874,0.032,22.62305,20241117132106
20241117132146,2000,0.995,0.0,22.59337,20241117132146
20241117132259,2000,0.995,0.0,22.65947,20241117132257
20241117132335,2000,0.9924,0.0,23.57546,20241117132337
20241117132448,2000,0.9949,0.0,22.97919,20241117132447
20241117132526,2000,0.9572,0.0,23.19638,20241117132527
20241117132634,2000,0.9899,0.0,23.25709,20241117132637
20241117132709,2000,0.9874,0.0,22.8969,20241117132707
20241117132822,2000,0.9849,0.04,24.5481,20241117132827
20241117132858,2000,0.9749,0.004,22.84833,20241117132857
20241117133011,2000,0.9825,0.02,26.8104,20241117133017
20241117133048,2000,0.9773,0.0,24.3363,20241117133047
20241117133156,2000,0.9825,0.032,23.82907,20241117133157
20241117133232,2000,0.9723,0.032,22.59607,20241117133237
20241117133340,2000,0.9899,0.028,22.6959,20241117133347
20241117133417,2000,0.91,0.032,23.82502,20241117133417
20241117133524,2000,0.9924,0.016,23.42571,20241117133527
20241117133600,2000,0.9949,0.0,23.07092,20241117133608
20241117133708,2000,0.9849,0.032,22.74311,20241117133708
20241117133744,2000,0.952,0.032,22.50029,20241117133748
20241117133857,2000,0.9949,0.0,24.49144,20241117133858
20241117133934,2000,0.8886,0.1,22.63249,20241117133938
20241117134046,2000,0.99,0.0,24.43343,20241117134048
20241117134124,2000,0.9037,0.0,22.92658,20241117134128
20241117134232,2000,0.985,0.0,31.23518,20241117134238
20241117134308,2000,0.9749,0.0,23.79939,20241117134308
20241117134421,2000,0.9975,0.0,22.60416,20241117134428
20241117134458,2000,0.9924,0.0,24.73831,20241117134458
20241117134611,2000,0.9899,0.024,23.2409,20241117134618
20241117134647,2000,1.0,0.0,23.53094,20241117134649
20241117134800,2000,0.9874,0.028,32.17276,20241117134809
20241117134836,2000,0.9323,0.0,22.89825,20241117134839
20241117134949,2000,0.9648,0.112,22.65812,20241117134949
20241117135025,2000,0.9121,0.0,22.43284,20241117135029
20241117135137,2000,0.9874,0.036,24.34575,20241117135139
20241117135214,2000,0.9774,0.0,22.44633,20241117135219
20241117135332,2200,0.9899,0.036,23.03855,20241117135339
20241117135407,2200,0.9192,0.036,23.52689,20241117135409
20241117135514,2200,0.9925,0.0,22.78088,20241117135519
20241117135548,2200,0.9975,0.0,23.39873,20241117135549
20241117135700,2200,0.9949,0.02,23.50126,20241117135709
20241117135733,2200,0.9875,0.0,22.98324,20241117135735
20241117135845,2200,0.9975,0.0,22.5529,20241117135845
20241117135919,2200,0.9798,0.032,25.75277,20241117135915
20241117140031,2200,0.9924,0.028,24.44557,20241117140035
20241117140103,2200,0.9425,0.0,23.18289,20241117140105
20241117140214,2200,0.985,0.032,24.55754,20241117140215
20241117140250,2200,0.995,0.0,22.49759,20241117140255
20241117140402,2200,0.985,0.0,23.52015,20241117140405
20241117140435,2200,0.9424,0.004,22.65677,20241117140435
20241117140546,2200,0.9949,0.016,22.81866,20241117140545
20241117140620,2200,0.9173,0.0,22.81731,20241117140626
20241117140731,2200,0.9924,0.02,23.73329,20241117140736
20241117140806,2200,0.9924,0.024,22.97919,20241117140806
20241117140918,2200,0.9874,0.016,22.69185,20241117140916
20241117140950,2200,0.9475,0.0,24.64523,20241117140956
20241117141102,2200,1.0,0.0,23.48237,20241117141106
20241117141135,2200,0.91,0.0,23.15051,20241117141136
20241117141246,2200,0.99,0.0,22.58932,20241117141246
20241117141318,2200,0.9949,0.0,22.84429,20241117141316
20241117141430,2200,0.9949,0.02,22.64059,20241117141436
20241117141502,2200,0.9874,0.0,22.6163,20241117141506
20241117141614,2200,0.9925,0.0,22.69994,20241117141616
20241117141646,2200,0.9017,0.0,23.90057,20241117141646
20241117141757,2200,0.9874,0.032,22.5448,20241117141756
20241117141830,2200,0.9127,0.0,26.07114,20241117141836
20241117141941,2200,0.9899,0.02,23.64156,20241117141946
20241117142013,2200,0.9355,0.0,22.68645,20241117142016
20241117142125,2200,0.9975,0.0,22.72018,20241117142127
20241117142157,2200,0.9035,0.0,22.78898,20241117142157
20241117142308,2200,0.9924,0.028,22.91309,20241117142307
20241117142342,2200,0.908,0.0,22.49489,20241117142347
20241117142453,2200,0.9899,0.032,24.15688,20241117142457
20241117142526,2200,0.9674,0.0,22.71073,20241117142527
20241117142638,2200,0.9899,0.032,23.83177,20241117142637
20241117142710,2200,0.9196,0.0,24.46581,20241117142717
20241117142822,2200,0.9899,0.016,33.30998,20241117142827
20241117142856,2200,0.8628,0.004,25.06207,20241117142857
20241117143007,2200,0.9899,0.016,23.80074,20241117143007
20241117143039,2200,0.9925,0.0,23.49586,20241117143037
20241117143151,2200,0.9899,0.028,22.86587,20241117143157
20241117143223,2200,0.99,0.0,22.47061,20241117143227
20241117143335,2200,0.995,0.0,22.57718,20241117143337
20241117143408,2200,0.9424,0.0,22.79302,20241117143407
20241117143520,2200,0.99,0.0,22.91578,20241117143527
20241117143551,2200,0.9198,0.0,24.85028,20241117143558
20241117143702,2200,0.9975,0.0,22.72557,20241117143708
20241117143735,2200,0.9925,0.0,23.32049,20241117143738
20241117143847,2200,0.9949,0.0,23.96263,20241117143848
20241117143921,2200,0.9095,0.0,23.11004,20241117143928
20241117144032,2200,0.9975,0.0,22.66891,20241117144038
20241117144106,2200,0.995,0.0,23.65775,20241117144108
20241117144217,2200,0.9975,0.004,25.87823,20241117144218
20241117144250,2200,0.985,0.028,24.99058,20241117144258
20241117144402,2200,0.995,0.0,22.77684,20241117144408
20241117144434,2200,0.9925,0.0,22.71208,20241117144438
20241117144545,2200,0.9925,0.0,25.14706,20241117144548
20241117144619,2200,0.995,0.0,23.9235,20241117144618
20241117144730,2200,0.995,0.0,22.65273,20241117144739
20241117144802,2200,0.985,0.0,22.46926,20241117144809
20241117144914,2200,0.9924,0.044,23.164,20241117144919
20241117144947,2200,0.9925,0.0,23.15456,20241117144949
20241117145058,2200,0.9875,0.0,22.78628,20241117145059
20241117145130,2200,0.9924,0.0,22.39236,20241117145139
20241117145242,2200,0.9899,0.02,23.18829,20241117145249
20241117145315,2200,0.9975,0.008,22.59877,20241117145319
20241117145427,2200,0.9776,0.032,22.79302,20241117145429
20241117145459,2200,0.995,0.0,23.45674,20241117145459
20241117145611,2200,0.9975,0.0,25.13897,20241117145615
20241117145644,2200,0.995,0.0,23.22066,20241117145645
20241117145755,2200,0.99,0.0,22.71208,20241117145755
20241117145828,2200,0.975,0.0,23.3097,20241117145825
20241117145939,2200,0.985,0.036,22.80517,20241117145935
20241117150011,2200,0.9975,0.0,23.19503,20241117150015
20241117150123,2200,0.9924,0.036,26.33825,20241117150125
20241117150155,2200,0.99,0.0,22.89825,20241117150155
20241117150307,2200,0.9975,0.0,22.63654,20241117150305
20241117150339,2200,0.995,0.0,22.75795,20241117150335
20241117150451,2200,0.9924,0.024,23.31105,20241117150455
20241117150526,2200,0.9825,0.028,22.55695,20241117150525
20241117150637,2200,0.9875,0.056,22.6878,20241117150635
20241117150713,2200,0.9674,0.088,23.11814,20241117150715
20241117150825,2200,0.995,0.0,23.29351,20241117150825
20241117150857,2200,0.9675,0.0,22.85643,20241117150855
20241117151009,2200,1.0,0.0,22.82405,20241117151005
20241117151040,2200,0.9899,0.032,22.57583,20241117151045
20241117151152,2200,0.9925,0.0,25.12683,20241117151156
20241117151224,2200,0.9875,0.0,23.35422,20241117151226
20241117151335,2200,0.9826,0.0,22.70534,20241117151336
20241117151409,2200,0.9425,0.0,22.85238,20241117151406
20241117151516,2200,0.9975,0.0,22.71073,20241117151516
20241117151549,2200,0.9925,0.0,25.07287,20241117151546
20241117151701,2200,0.9874,0.028,22.74986,20241117151706
20241117151734,2200,0.9975,0.0,24.15149,20241117151736
20241117151845,2200,0.99,0.0,25.52344,20241117151846
20241117151917,2200,0.9899,0.024,22.73771,20241117151916
20241117152029,2200,0.9874,0.032,22.65408,20241117152026
20241117152102,2200,0.99,0.0,22.59607,20241117152106
20241117152213,2200,1.0,0.0,25.03509,20241117152216
20241117152245,2200,0.9799,0.008,23.19368,20241117152246
20241117152357,2200,0.9925,0.0,22.64598,20241117152357
20241117152430,2200,0.995,0.0,22.64193,20241117152437
20241117152542,2200,1.0,0.0,24.12586,20241117152547
20241117152616,2200,0.9676,0.0,22.61765,20241117152617
20241117152728,2200,0.9924,0.024,22.67971,20241117152727
20241117152802,2200,0.9924,0.032,22.63519,20241117152807
20241117152914,2200,0.9747,0.088,22.58662,20241117152917
20241117152948,2200,0.9573,0.0,24.56429,20241117152947
20241117153059,2200,0.995,0.016,22.65003,20241117153057
20241117153132,2200,0.8903,0.0,23.80614,20241117153137
20241117153243,2200,0.9925,0.0,23.79804,20241117153247
20241117153317,2200,0.9451,0.036,23.44055,20241117153317
20241117153428,2200,0.9975,0.02,22.87666,20241117153428
20241117153501,2200,0.9825,0.004,22.58932,20241117153508
20241117153613,2200,1.0,0.0,23.9235,20241117153618
20241117153645,2200,0.9649,0.028,22.46926,20241117153648
20241117153757,2200,0.985,0.028,24.83679,20241117153758
20241117153830,2200,0.9077,0.048,22.99268,20241117153838
20241117153941,2200,0.9975,0.0,22.67161,20241117153948
20241117154013,2200,0.99,0.0,22.69455,20241117154018
20241117154125,2200,0.9874,0.028,25.79999,20241117154128
20241117154157,2200,0.9676,0.008,23.2328,20241117154158
20241117154309,2200,0.9925,0.0,22.78223,20241117154308
20241117154341,2200,0.9449,0.08,25.4371,20241117154348
20241117154452,2200,0.9949,0.016,22.7539,20241117154458
20241117154527,2200,0.932,0.028,23.94509,20241117154529
20241117154634,2200,0.9975,0.0,22.66352,20241117154639
20241117154707,2200,0.995,0.0,23.34882,20241117154709
20241117154819,2200,0.9949,0.028,25.47487,20241117154819
20241117154851,2200,0.9925,0.0,23.68068,20241117154859
20241117155003,2200,0.995,0.0,22.62305,20241117155009
20241117155036,2200,0.995,0.0,22.33166,20241117155039
20241117155147,2200,0.985,0.032,23.8547,20241117155149
20241117155221,2200,0.9102,0.0,22.76739,20241117155229
20241117155333,2200,0.9975,0.0,33.23308,20241117155339
20241117155405,2200,0.9323,0.048,22.47196,20241117155409
20241117155512,2200,1.0,0.0,22.84294,20241117155519
20241117155544,2200,0.985,0.008,22.50164,20241117155549
20241117155656,2200,0.9949,0.032,23.75083,20241117155659
20241117155729,2200,0.9774,0.0,23.39469,20241117155725
20241117155841,2200,0.9899,0.016,23.61997,20241117155845
20241117155913,2200,0.9848,0.0,23.80884,20241117155915
20241117160025,2200,0.9825,0.028,22.7647,20241117160025
20241117160057,2200,0.9848,0.0,22.8942,20241117160055
20241117160209,2200,0.9975,0.0,23.29621,20241117160205
20241117160242,2200,0.9377,0.0,22.63789,20241117160245
20241117160353,2200,0.9875,0.028,23.16805,20241117160355
20241117160427,2200,0.9037,0.056,24.61825,20241117160425
20241117160538,2200,0.9899,0.036,23.76837,20241117160536
20241117160610,2200,0.9874,0.0,22.69724,20241117160616
20241117160722,2200,0.9875,0.0,23.42032,20241117160726
20241117160753,2200,0.9801,0.0,24.82465,20241117160756
20241117160905,2200,0.99,0.004,24.66007,20241117160906
20241117160937,2200,0.8791,0.056,22.71073,20241117160936
20241117161048,2200,0.985,0.028,22.52997,20241117161046
20241117161120,2200,0.933,0.0,22.83484,20241117161126
20241117161231,2200,0.9874,0.032,23.04799,20241117161236
20241117161303,2200,1.0,0.0,22.60956,20241117161306
20241117161415,2200,0.995,0.0,25.03509,20241117161416
20241117161448,2200,0.898,0.076,22.63924,20241117161446
20241117161600,2200,0.9849,0.032,22.60956,20241117161606
20241117161632,2200,0.8995,0.004,22.46521,20241117161636
20241117161743,2200,0.9825,0.028,24.63444,20241117161747
20241117161815,2200,0.9173,0.008,23.49856,20241117161817
20241117161926,2200,1.0,0.0,22.69724,20241117161927
20241117161959,2200,0.9924,0.032,22.74581,20241117161957
20241117162111,2200,0.9949,0.012,22.63249,20241117162117
20241117162143,2200,0.9039,0.0,22.80921,20241117162147
20241117162254,2200,0.9975,0.0,22.56369,20241117162257
20241117162328,2200,0.9975,0.0,22.63519,20241117162327
20241117162440,2200,0.9924,0.0,22.62575,20241117162447
20241117162514,2200,0.9332,0.0,23.76971,20241117162517
20241117162626,2200,0.985,0.02,24.16228,20241117162627
20241117162658,2200,0.9102,0.0,22.73771,20241117162657
20241117162809,2200,0.9975,0.0,22.61495,20241117162807
20241117162842,2200,0.8673,0.0,22.62844,20241117162847
20241117162949,2200,0.9925,0.0,22.66352,20241117162947
20241117163021,2200,0.9975,0.0,22.54615,20241117163027
20241117163133,2200,0.98,0.016,23.92755,20241117163138
20241117163206,2200,0.9275,0.0,23.06687,20241117163208
20241117163318,2200,0.9753,0.0,22.8335,20241117163318
20241117163350,2200,0.9173,0.0,23.05204,20241117163358
20241117163502,2200,0.9925,0.0,22.59877,20241117163508
20241117163534,2200,0.995,0.0,22.42204,20241117163538
20241117163645,2200,0.9975,0.0,24.53596,20241117163648
20241117163717,2200,0.99,0.0,24.18521,20241117163718
20241117163828,2200,0.9874,0.032,22.67566,20241117163828
20241117163900,2200,0.9724,0.004,23.81828,20241117163908
20241117164012,2200,0.9924,0.016,23.62807,20241117164018
20241117164045,2200,0.9924,0.028,23.22201,20241117164048
20241117164156,2200,0.9975,0.004,22.65677,20241117164158
20241117164229,2200,0.9899,0.0,22.67836,20241117164229
20241117164341,2200,0.9825,0.024,22.71748,20241117164349
20241117164413,2200,0.9774,0.008,22.72288,20241117164419
20241117164525,2200,0.9899,0.028,23.60244,20241117164529
20241117164559,2200,0.9677,0.0,22.74446,20241117164559
20241117164716,2300,0.9975,0.0,23.7913,20241117164719
20241117164748,2300,0.995,0.0,23.15051,20241117164749
20241117164859,2300,0.9699,0.092,22.71073,20241117164859
20241117164931,2300,0.99,0.0,23.01561,20241117164939
20241117165041,2300,1.0,0.0,22.66217,20241117165049
20241117165113,2300,0.995,0.0,22.58258,20241117165119
20241117165224,2300,0.9925,0.0,24.29448,20241117165225
20241117165256,2300,0.9924,0.032,22.91848,20241117165255
20241117165407,2300,0.99,0.0,23.15321,20241117165405
20241117165439,2300,0.9899,0.032,24.88805,20241117165435
20241117165550,2300,0.9975,0.0,22.74446,20241117165555
20241117165622,2300,0.9975,0.0,24.48065,20241117165625
20241117165733,2300,0.9874,0.028,22.88611,20241117165735
20241117165804,2300,0.9949,0.0,23.28677,20241117165805
20241117165915,2300,0.9899,0.032,22.72153,20241117165915
20241117165948,2300,0.9799,0.0,22.6217,20241117165945
20241117170059,2300,0.985,0.032,24.05705,20241117170055
20241117170131,2300,0.9925,0.0,22.43419,20241117170135
20241117170242,2300,0.9874,0.032,24.25806,20241117170246
20241117170317,2300,0.9925,0.0,22.96705,20241117170316
20241117170423,2300,0.9899,0.0,23.12623,20241117170426
20241117170454,2300,0.985,0.028,23.18289,20241117170456
20241117170600,2300,0.9824,0.0475,22.60956,20241117170606
20241117170633,2300,0.9625,0.004,23.47428,20241117170636
20241117170744,2300,0.99,0.0,23.60918,20241117170746
20241117170816,2300,0.995,0.0,22.62709,20241117170816
20241117170928,2300,0.9899,0.028,22.64868,20241117170926
20241117171000,2300,0.9774,0.0,24.94876,20241117171006
20241117171111,2300,0.9924,0.02,22.82405,20241117171116
20241117171144,2300,0.9874,0.004,24.04626,20241117171146
20241117171255,2300,0.985,0.0356,22.63654,20241117171257
20241117171328,2300,0.9849,0.0,22.81191,20241117171327
20241117171439,2300,0.9874,0.032,22.77684,20241117171437
20241117171510,2300,0.9825,0.0,24.96225,20241117171517
20241117171621,2300,0.9924,0.012,22.59067,20241117171627
20241117171653,2300,0.995,0.0,24.65197,20241117171657
20241117171805,2300,0.9975,0.0,22.619,20241117171807
20241117171837,2300,0.9949,0.004,22.83889,20241117171837
20241117171948,2300,0.9925,0.0,22.65408,20241117171947
20241117172021,2300,0.99,0.0,22.91848,20241117172027
20241117172132,2300,0.9849,0.032,23.08846,20241117172137
20241117172204,2300,0.9975,0.004,22.79168,20241117172207
20241117172315,2300,0.99,0.016,25.52479,20241117172317
20241117172347,2300,0.995,0.0,22.68375,20241117172347
20241117172458,2300,0.9875,0.016,23.04394,20241117172457
20241117172529,2300,0.995,0.0,22.87127,20241117172527
20241117172640,2300,0.9899,0.032,22.82405,20241117172647
20241117172712,2300,0.9447,0.076,22.51243,20241117172717
20241117172822,2300,0.9875,0.0,24.78552,20241117172828
20241117172854,2300,0.98,0.032,22.55155,20241117172858
20241117173005,2300,0.9899,0.036,23.01426,20241117173008
20241117173037,2300,0.9925,0.0,23.00482,20241117173038
20241117173149,2300,0.9899,0.016,22.6136,20241117173148
20241117173223,2300,0.9798,0.0,22.52997,20241117173228
20241117173334,2300,1.0,0.0,24.4051,20241117173338
20241117173407,2300,0.98,0.0,23.307,20241117173408
20241117173518,2300,0.9899,0.032,22.60147,20241117173518
20241117173550,2300,0.9646,0.0,23.35826,20241117173558
20241117173701,2300,0.9874,0.032,22.63924,20241117173708
20241117173733,2300,0.9129,0.044,22.45307,20241117173738
20241117173844,2300,0.985,0.02,24.6169,20241117173848
20241117173916,2300,0.9154,0.0,23.19638,20241117173918
20241117174027,2300,0.9874,0.028,24.45367,20241117174028
20241117174058,2300,0.9125,0.028,23.44595,20241117174058
20241117174209,2300,0.9924,0.0,23.31375,20241117174209
20241117174242,2300,0.9102,0.044,25.3022,20241117174249
20241117174353,2300,0.99,0.0,22.88206,20241117174359
20241117174427,2300,0.9422,0.0,24.36193,20241117174429
20241117174533,2300,0.995,0.028,23.87764,20241117174539
20241117174604,2300,0.9623,0.0,22.65812,20241117174609
20241117174715,2300,0.9949,0.02,24.50898,20241117174719
20241117174747,2300,0.9125,0.052,23.01426,20241117174749
20241117174858,2300,0.9924,0.024,22.56099,20241117174859
20241117174931,2300,0.9129,0.0,23.1033,20241117174939
20241117175042,2300,0.9925,0.0,22.71478,20241117175049
20241117175113,2300,0.995,0.0,23.16805,20241117175115
20241117175225,2300,0.9776,0.028,23.96802,20241117175225
20241117175255,2300,0.995,0.0,22.82945,20241117175255
20241117175406,2300,0.9875,0.028,22.77279,20241117175405
20241117175440,2300,0.9698,0.0,22.46521,20241117175445
20241117175551,2300,0.995,0.02,23.74273,20241117175555
20241117175624,2300,1.0,0.0,23.46754,20241117175625
20241117175735,2300,0.9875,0.016,22.70264,20241117175735
20241117175807,2300,0.9035,0.068,25.0958,20241117175805
20241117175918,2300,0.995,0.0,22.55155,20241117175915
20241117175949,2300,0.9925,0.02,23.2328,20241117175945
20241117180100,2300,0.9875,0.0,22.67431,20241117180105
20241117180133,2300,0.9472,0.0,22.62709,20241117180135
20241117180244,2300,0.9874,0.036,22.87396,20241117180245
20241117180316,2300,0.9171,0.036,22.91309,20241117180315
20241117180427,2300,0.9874,0.036,22.84698,20241117180425
20241117180501,2300,0.8978,0.0,22.56099,20241117180505
20241117180612,2300,0.9899,0.032,24.18926,20241117180616
20241117180646,2300,0.8853,0.004,22.77818,20241117180646
20241117180757,2300,0.9975,0.0,22.87127,20241117180756
20241117180832,2300,0.9171,0.076,22.6217,20241117180836
20241117180943,2300,0.985,0.028,22.57314,20241117180946
20241117181015,2300,0.9107,0.0,22.97244,20241117181016
20241117181126,2300,0.985,0.028,22.67296,20241117181126
20241117181158,2300,0.9223,0.0,22.97649,20241117181156
20241117181309,2300,0.9874,0.036,23.45269,20241117181306
20241117181341,2300,0.9102,0.052,22.70938,20241117181346
20241117181452,2300,0.9875,0.0,23.85875,20241117181456
20241117181524,2300,0.9221,0.0,22.68645,20241117181526
20241117181635,2300,0.9975,0.0,22.75255,20241117181637
20241117181707,2300,0.9198,0.0,22.74581,20241117181707
20241117181818,2300,0.9975,0.0,22.6959,20241117181817
20241117181850,2300,0.9175,0.032,25.06073,20241117181857
20241117182000,2300,0.99,0.0,22.61495,20241117182007
20241117182032,2300,0.9601,0.0,23.26518,20241117182037
20241117182143,2300,0.9874,0.028,25.70825,20241117182147
20241117182215,2300,0.995,0.0,23.06148,20241117182217
20241117182326,2300,0.9924,0.024,24.67086,20241117182327
20241117182359,2300,0.92,0.04,22.58528,20241117182357
20241117182510,2300,0.985,0.02,22.53267,20241117182517
20241117182541,2300,0.9156,0.0,23.76567,20241117182547
20241117182652,2300,0.9975,0.0,22.6878,20241117182657
20241117182724,2300,0.9052,0.032,24.37138,20241117182727
20241117182835,2300,0.99,0.0,22.63519,20241117182837
20241117182907,2300,0.9127,0.036,24.27829,20241117182908
20241117183017,2300,0.9875,0.024,22.72288,20241117183018
20241117183050,2300,0.995,0.0,24.86242,20241117183058
20241117183201,2300,0.985,0.0,22.90769,20241117183208
20241117183233,2300,0.9924,0.0,22.45442,20241117183238
20241117183344,2300,0.9925,0.0,23.94509,20241117183348
20241117183417,2300,0.99,0.0,24.71133,20241117183418
20241117183528,2300,0.9975,0.0,24.15553,20241117183528
20241117183600,2300,0.9949,0.0,22.90364,20241117183608
20241117183711,2300,0.9924,0.032,22.61226,20241117183718
20241117183743,2300,0.9925,0.0,24.78552,20241117183748
20241117183854,2300,0.9874,0.028,23.3785,20241117183858
20241117183926,2300,0.99,0.0,22.81596,20241117183928
20241117184037,2300,0.9924,0.032,22.80921,20241117184039
20241117184109,2300,0.99,0.0,22.79302,20241117184109
20241117184215,2300,0.9925,0.004,24.47525,20241117184219
20241117184249,2300,0.9751,0.0,22.84698,20241117184249
20241117184359,2300,0.9975,0.0,23.98691,20241117184359
20241117184431,2300,0.995,0.0,24.32416,20241117184439
20241117184542,2300,0.9975,0.0,22.70264,20241117184549
20241117184614,2300,0.9874,0.0,22.56234,20241117184619
20241117184725,2300,0.9875,0.0,22.75121,20241117184729
20241117184758,2300,1.0,0.004,24.87591,20241117184759
20241117184909,2300,1.0,0.0,24.51033,20241117184909
20241117184940,2300,0.9975,0.0,22.52997,20241117184949
20241117185051,2300,0.99,0.0,25.76356,20241117185055
20241117185122,2300,0.9949,0.028,23.27462,20241117185125
20241117185233,2300,0.995,0.0,24.36463,20241117185235
20241117185305,2300,0.9899,0.024,22.60821,20241117185305
20241117185416,2300,0.9925,0.0,24.36058,20241117185415
20241117185448,2300,0.9925,0.0,24.72212,20241117185445
20241117185559,2300,0.9899,0.028,22.82945,20241117185555
20241117185630,2300,0.9924,0.0,22.53401,20241117185635
20241117185741,2300,0.9925,0.0,25.01081,20241117185745
20241117185814,2300,0.9975,0.0,23.05878,20241117185815
20241117185925,2300,0.9975,0.0,22.69455,20241117185925
20241117185957,2300,0.9875,0.0,22.74851,20241117185955
20241117190108,2300,0.9874,0.036,23.21931,20241117190106
20241117190140,2300,0.9975,0.0,22.6851,20241117190146
20241117190251,2300,0.9875,0.024,23.15051,20241117190256
20241117190324,2300,0.9624,0.0,22.39506,20241117190326
20241117190430,2300,0.9949,0.02,24.36193,20241117190436
20241117190504,2300,0.985,0.0,23.29756,20241117190506
20241117190615,2300,0.9924,0.016,24.44018,20241117190616
20241117190647,2300,0.9673,0.0,23.18154,20241117190646
20241117190758,2300,0.9924,0.028,23.12758,20241117190756
20241117190830,2300,0.985,0.0,24.03277,20241117190836
20241117190941,2300,0.9924,0.028,33.09683,20241117190946
20241117191014,2300,0.9227,0.052,22.4153,20241117191016
20241117191125,2300,0.9924,0.024,23.32858,20241117191127
20241117191157,2300,0.935,0.008,23.7859,20241117191157
20241117191308,2300,0.9874,0.024,22.60686,20241117191307
20241117191340,2300,0.9925,0.004,24.64388,20241117191347
20241117191452,2300,0.9899,0.036,22.74581,20241117191457
20241117191523,2300,0.9975,0.0,23.98691,20241117191527
20241117191634,2300,0.9925,0.0,23.5849,20241117191637
20241117191706,2300,0.9925,0.0,23.25439,20241117191707
20241117191817,2300,0.9899,0.024,22.64193,20241117191817
20241117191849,2300,0.9975,0.0,22.87396,20241117191847
20241117192000,2300,0.9874,0.036,22.59607,20241117192007
20241117192031,2300,0.9975,0.008,24.21759,20241117192037
20241117192142,2300,0.9949,0.02,22.60011,20241117192148
20241117192216,2300,0.995,0.0,23.23685,20241117192218
20241117192327,2300,0.9975,0.0,22.83484,20241117192328
20241117192400,2300,0.9975,0.0,23.21257,20241117192408
20241117192511,2300,0.985,0.0317,22.6959,20241117192518
20241117192543,2300,0.9924,0.032,22.91578,20241117192548
20241117192654,2300,0.985,0.0,23.19368,20241117192658
20241117192727,2300,0.9598,0.0,25.14571,20241117192728
20241117192833,2300,0.9899,0.004,22.60281,20241117192838
20241117192905,2300,0.99,0.0,24.25941,20241117192908
20241117193011,2300,0.9776,0.024,24.71942,20241117193018
20241117193042,2300,0.9925,0.0,22.71343,20241117193048
20241117193149,2300,0.985,0.024,22.75795,20241117193148
20241117193222,2300,0.9774,0.0,24.18926,20241117193228
20241117193333,2300,0.9949,0.028,22.66487,20241117193339
20241117193405,2300,0.995,0.0,23.66314,20241117193409
20241117193516,2300,0.9899,0.028,23.5134,20241117193519
20241117193549,2300,0.995,0.0,22.74716,20241117193549
20241117193700,2300,0.9925,0.0,22.56774,20241117193709
20241117193732,2300,0.9062,0.0,24.44827,20241117193739
20241117193847,2500,0.99,0.0,22.85913,20241117193849
20241117193919,2500,0.9129,0.036,22.72962,20241117193919
20241117194029,2500,0.9924,0.016,24.71807,20241117194029
20241117194100,2500,0.9596,0.036,22.41935,20241117194109
20241117194210,2500,0.9924,0.0,38.43085,20241117194219
20241117194241,2500,0.9323,0.0,22.93737,20241117194249
20241117194351,2500,0.9874,0.028,25.01351,20241117194355
20241117194422,2500,0.9248,0.0,23.38659,20241117194425
20241117194532,2500,0.99,0.0,23.47698,20241117194535
20241117194606,2500,0.9395,0.084,24.11371,20241117194605
20241117194716,2500,0.9925,0.0,22.7647,20241117194715
20241117194749,2500,0.9095,0.0,24.21084,20241117194745
20241117194859,2500,0.995,0.0,23.04259,20241117194855
20241117194931,2500,0.9875,0.0,23.96802,20241117194935
20241117195041,2500,0.995,0.0,22.62709,20241117195045
20241117195113,2500,0.9175,0.04,23.25709,20241117195115
20241117195223,2500,0.9899,0.02,25.56256,20241117195225
20241117195255,2500,0.9748,0.0,22.75795,20241117195255
20241117195405,2500,0.9925,0.0,22.88881,20241117195406
20241117195436,2500,0.92,0.024,22.78358,20241117195436
20241117195546,2500,0.9924,0.028,22.82675,20241117195546
20241117195619,2500,0.9849,0.036,24.85432,20241117195616
20241117195729,2500,0.9925,0.0,22.66217,20241117195726
20241117195801,2500,0.99,0.0,24.72347,20241117195806
20241117195911,2500,0.9848,0.072,22.70938,20241117195916
20241117195943,2500,0.995,0.0,23.7225,20241117195946
20241117200054,2500,0.9875,0.0,22.94546,20241117200056
20241117200126,2500,0.9244,0.048,22.65273,20241117200126
20241117200236,2500,1.0,0.0,24.32146,20241117200236
20241117200306,2500,0.99,0.0,23.40953,20241117200306
20241117200416,2500,0.985,0.02,22.72557,20241117200416
20241117200448,2500,0.907,0.004,22.7539,20241117200446
20241117200558,2500,0.9975,0.0,22.66757,20241117200557
20241117200630,2500,0.9018,0.04,25.86744,20241117200637
20241117200740,2500,0.9975,0.0,35.93382,20241117200747
20241117200811,2500,0.9107,0.028,24.29448,20241117200817
20241117200921,2500,0.995,0.0,23.86145,20241117200927
20241117200951,2500,0.8953,0.112,22.619,20241117200957
20241117201101,2500,0.9925,0.0,22.67836,20241117201107
20241117201134,2500,0.95,0.036,22.82405,20241117201137
20241117201244,2500,1.0,0.0,26.20469,20241117201247
20241117201316,2500,0.9273,0.004,23.67258,20241117201317
20241117201426,2500,0.9874,0.028,22.84294,20241117201427
20241117201459,2500,0.9425,0.004,22.95221,20241117201457
20241117201609,2500,0.9899,0.0,22.63789,20241117201607
20241117201642,2500,0.935,0.048,22.67971,20241117201648
20241117201752,2500,0.9874,0.032,22.53131,20241117201758
20241117201825,2500,0.9179,0.0,22.58258,20241117201828
20241117201935,2500,0.9925,0.0,25.09445,20241117201938
20241117202007,2500,0.9327,0.0,23.65909,20241117202008
20241117202117,2500,0.98,0.024,24.53191,20241117202118
20241117202149,2500,0.887,0.056,22.65003,20241117202148
20241117202259,2500,0.9949,0.0,22.88476,20241117202258
20241117202330,2500,0.9899,0.032,23.17075,20241117202338
20241117202513,2500,0.9875,0.0,24.80846,20241117202518
20241117202623,2500,0.995,0.0,37.50273,20241117202628
20241117202655,2500,0.9701,0.028,24.58452,20241117202658
20241117202805,2500,0.99,0.0,23.41897,20241117202809
20241117202838,2500,0.9975,0.0,25.48971,20241117202839
20241117202948,2500,0.9975,0.0,24.42264,20241117202949
20241117203021,2500,0.995,0.0,22.77549,20241117203029
20241117203131,2500,1.0,0.0,22.7647,20241117203139
20241117203203,2500,0.9925,0.0,22.59337,20241117203209
20241117203313,2500,0.99,0.0,22.66217,20241117203319
20241117203346,2500,0.9949,0.028,22.65947,20241117203349
20241117203456,2500,0.9899,0.028,23.59029,20241117203459
20241117203530,2500,0.99,0.0,23.53903,20241117203539
20241117203640,2500,0.995,0.0,22.8915,20241117203649
20241117203713,2500,0.9875,0.0,23.32319,20241117203715
20241117203823,2500,0.99,0.0,23.59434,20241117203825
20241117203857,2500,0.9949,0.0,23.41223,20241117203855
20241117204007,2500,0.9849,0.032,22.82945,20241117204005
20241117204040,2500,0.995,0.0,22.71073,20241117204045
20241117204150,2500,0.9899,0.032,23.96128,20241117204155
20241117204223,2500,0.99,0.0,24.0004,20241117204225
20241117204333,2500,0.9875,0.0,23.66854,20241117204335
20241117204405,2500,0.985,0.028,23.01561,20241117204405
20241117204515,2500,0.9975,0.0,26.45156,20241117204515
20241117204548,2500,0.9849,0.0,22.90229,20241117204545
20241117204658,2500,0.995,0.0,22.69724,20241117204655
20241117204731,2500,0.995,0.0,22.59742,20241117204736
20241117204841,2500,0.9899,0.02,22.94142,20241117204846
20241117204915,2500,0.9874,0.0,24.53461,20241117204916
20241117205025,2500,0.9925,0.0,24.49953,20241117205026
20241117205057,2500,0.9874,0.028,22.89285,20241117205056
20241117205207,2500,0.995,0.0,23.78051,20241117205206
20241117205241,2500,0.9899,0.004,22.92928,20241117205246
20241117205351,2500,0.9875,0.0,22.70938,20241117205356
20241117205423,2500,0.99,0.004,24.05975,20241117205426
20241117205533,2500,0.9975,0.0,25.51265,20241117205536
20241117205605,2500,1.0,0.0,23.49856,20241117205606
20241117205715,2500,0.9925,0.0,22.76335,20241117205716
20241117205747,2500,0.9549,0.076,22.93467,20241117205746
20241117205857,2500,0.9825,0.032,23.92485,20241117205856
20241117205929,2500,0.99,0.0,22.93467,20241117205926
20241117210039,2500,0.995,0.0,22.69455,20241117210036
20241117210111,2500,0.99,0.0,22.65003,20241117210116
20241117210221,2500,0.9874,0.028,22.89015,20241117210227
20241117210254,2500,0.9851,0.0,23.80884,20241117210257
20241117210404,2500,0.9899,0.028,23.794,20241117210407
20241117210435,2500,0.985,0.0,24.93931,20241117210437
20241117210545,2500,0.9874,0.028,24.87456,20241117210547
20241117210617,2500,0.9925,0.0,24.62364,20241117210617
20241117210727,2500,0.995,0.0,24.48604,20241117210727
20241117210800,2500,0.9676,0.032,23.47428,20241117210807
20241117210910,2500,0.9824,0.0554,22.78628,20241117210917
20241117210944,2500,0.9353,0.008,24.6857,20241117210947
20241117211054,2500,0.9975,0.0,25.37909,20241117211058
20241117211126,2500,0.9975,0.0,24.71942,20241117211128
20241117211236,2500,0.9975,0.0,23.46754,20241117211238
20241117211311,2500,0.9302,0.04,25.35346,20241117211318
20241117211420,2500,0.9925,0.0,36.34257,20241117211428
20241117211453,2500,0.9799,0.0,22.89555,20241117211458
20241117211603,2500,0.9925,0.0,22.86317,20241117211608
20241117211635,2500,0.9136,0.0,22.49894,20241117211638
20241117211745,2500,0.9975,0.0,24.59127,20241117211748
20241117211818,2500,0.9848,0.064,24.24592,20241117211818
20241117211928,2500,0.9899,0.028,24.52786,20241117211928
20241117212000,2500,0.9925,0.0,22.74041,20241117212009
20241117212110,2500,0.9874,0.036,40.06991,20241117212119
20241117212143,2500,0.9799,0.012,22.60011,20241117212149
20241117212253,2500,0.9924,0.024,22.80112,20241117212259
20241117212327,2500,0.9875,0.0,23.26653,20241117212329
20241117212437,2500,0.9899,0.028,22.85373,20241117212439
20241117212508,2500,0.9749,0.0,24.65737,20241117212509
20241117212618,2500,0.9949,0.032,24.47525,20241117212619
20241117212652,2500,0.92,0.0,22.84159,20241117212659
20241117212802,2500,1.0,0.0,23.73329,20241117212809
20241117212834,2500,0.9849,0.04,22.49759,20241117212839
20241117212944,2500,0.9924,0.016,22.86317,20241117212949
20241117213018,2500,0.9924,0.0,24.48065,20241117213019
20241117213128,2500,0.9875,0.012,22.84698,20241117213124
20241117213202,2500,0.9273,0.0,23.25978,20241117213205
20241117213311,2500,0.9925,0.0,27.16789,20241117213315
20241117213343,2500,0.9225,0.072,24.37812,20241117213345
20241117213453,2500,0.9825,0.032,23.07632,20241117213455
20241117213523,2500,0.9776,0.036,23.38659,20241117213525
20241117213633,2500,0.9925,0.0,22.77009,20241117213635
20241117213705,2500,0.9824,0.0,22.78898,20241117213705
20241117213815,2500,0.9825,0.028,22.59742,20241117213815
20241117213847,2500,0.9975,0.0,22.82675,20241117213845
20241117213957,2500,0.985,0.024,22.85643,20241117213955
20241117214029,2500,0.9343,0.0,23.1667,20241117214025
20241117214139,2500,0.995,0.0,22.67836,20241117214135
20241117214211,2500,0.995,0.0,22.45982,20241117214215
20241117214321,2500,0.985,0.036,34.20573,20241117214326
20241117214355,2500,0.8892,0.052,23.4473,20241117214356
20241117214505,2500,0.9924,0.0,25.12818,20241117214506
20241117214538,2500,0.9698,0.0,22.99942,20241117214536
20241117214648,2500,0.9924,0.024,22.70938,20241117214646
20241117214720,2500,0.9975,0.0,23.95993,20241117214726
20241117214830,2500,0.995,0.0,22.74446,20241117214836
20241117214904,2500,0.995,0.0,23.20852,20241117214906
20241117215015,2500,0.9924,0.032,22.72827,20241117215016
20241117215047,2500,0.945,0.0,22.86587,20241117215046
20241117215157,2500,0.9975,0.0,22.68106,20241117215156
20241117215228,2500,0.9295,0.032,22.8227,20241117215226
20241117215338,2500,0.9825,0.032,22.84563,20241117215336
20241117215411,2500,0.9343,0.04,22.66217,20241117215416
20241117215521,2500,0.9975,0.0,22.81596,20241117215527
20241117215553,2500,0.9202,0.0,22.55964,20241117215557
20241117215703,2500,1.0,0.0,24.30797,20241117215707
20241117215735,2500,0.9273,0.0,24.57913,20241117215737
20241117215845,2500,0.9801,0.0,22.99403,20241117215847
20241117215919,2500,0.9217,0.08,24.4847,20241117215917
20241117220028,2500,0.9924,0.016,22.76739,20241117220027
20241117220102,2500,0.9136,0.0,23.3043,20241117220107
20241117220212,2500,0.9975,0.0,35.93247,20241117220217
20241117220244,2500,0.9,0.008,23.11004,20241117220247
20241117220354,2500,0.9875,0.016,25.7892,20241117220357
20241117220427,2500,0.9975,0.0,22.93062,20241117220427
20241117220537,2500,0.995,0.0,22.77009,20241117220537
20241117220608,2500,0.9394,0.0,22.77818,20241117220607
20241117220718,2500,0.9975,0.0,22.69455,20241117220717
20241117220749,2500,0.9975,0.0,22.85238,20241117220748
20241117220859,2500,0.9899,0.028,24.59801,20241117220858
20241117220930,2500,0.9181,0.052,25.57065,20241117220938
20241117221040,2500,0.9874,0.032,22.63114,20241117221048
20241117221112,2500,0.9296,0.0,22.45172,20241117221118
20241117221222,2500,0.9925,0.0,38.17724,20241117221228
20241117221253,2500,0.9225,0.036,23.74948,20241117221258
20241117221403,2500,0.9825,0.024,35.93382,20241117221408
20241117221436,2500,0.8663,0.152,23.23415,20241117221438
20241117221546,2500,0.9975,0.0,24.36328,20241117221548
20241117221619,2500,0.9925,0.0,24.00444,20241117221618
20241117221729,2500,0.9899,0.036,22.65947,20241117221728
20241117221800,2500,0.9824,0.032,22.90499,20241117221808
20241117221910,2500,0.995,0.0,22.88341,20241117221918
20241117221943,2500,0.9674,0.0356,22.66217,20241117221948
20241117222053,2500,0.995,0.0,37.51082,20241117222059
20241117222126,2500,0.9949,0.004,23.13972,20241117222129
20241117222236,2500,0.995,0.0,23.54038,20241117222239
20241117222307,2500,0.9774,0.032,23.19503,20241117222309
20241117222417,2500,0.9975,0.0,22.75795,20241117222419
20241117222450,2500,0.9874,0.028,22.32626,20241117222459
20241117222601,2500,0.9899,0.024,22.65542,20241117222609
20241117222635,2500,0.995,0.004,23.70766,20241117222639
20241117222745,2500,0.985,0.028,24.28234,20241117222749
20241117222818,2500,0.995,0.0,24.40375,20241117222819
20241117222933,2700,0.9975,0.0,22.84698,20241117222939
20241117223003,2700,0.9975,0.0,24.92043,20241117223009
20241117223112,2700,1.0,0.0,39.97953,20241117223119
20241117223142,2700,0.9899,0.0,22.83754,20241117223145
20241117223251,2700,0.9899,0.032,23.0979,20241117223255
20241117223319,2700,0.9674,0.0,26.74565,20241117223315
20241117223428,2700,0.9799,0.064,22.83754,20241117223425
20241117223459,2700,0.9849,0.032,23.11409,20241117223455
20241117223608,2700,0.985,0.0,22.92253,20241117223605
20241117223638,2700,0.9875,0.0,23.14782,20241117223635
20241117223747,2700,0.9975,0.0,22.8254,20241117223745
20241117223817,2700,0.9675,0.0,22.84698,20241117223815
20241117223925,2700,0.9899,0.012,24.91233,20241117223925
20241117223954,2700,0.995,0.0,23.41223,20241117223955
20241117224103,2700,0.9975,0.0,24.20005,20241117224105
20241117224133,2700,0.9775,0.0,23.32184,20241117224135
20241117224242,2700,0.99,0.0,23.41627,20241117224245
20241117224312,2700,0.9474,0.0,23.17615,20241117224315
20241117224421,2700,0.99,0.0,22.79033,20241117224426
20241117224449,2700,0.9924,0.004,23.06013,20241117224446
20241117224558,2700,0.9975,0.0,22.79302,20241117224556
20241117224628,2700,0.9875,0.0,24.21084,20241117224626
20241117224737,2700,0.995,0.0,22.98594,20241117224736
20241117224807,2700,0.995,0.0,22.87262,20241117224806
20241117224917,2700,0.9825,0.028,24.31337,20241117224916
20241117224946,2700,0.99,0.004,23.08441,20241117224946
20241117225055,2700,0.9975,0.0,24.99192,20241117225056
20241117225125,2700,0.96,0.0,23.33803,20241117225126
20241117225234,2700,0.985,0.028,22.87262,20241117225236
20241117225303,2700,0.99,0.0,23.77376,20241117225306
20241117225412,2700,0.9975,0.0,23.18019,20241117225416
20241117225441,2700,0.99,0.0,22.98189,20241117225446
20241117225550,2700,0.995,0.0,24.31877,20241117225557
20241117225621,2700,0.9348,0.04,25.04993,20241117225627
20241117225730,2700,0.99,0.0,22.70938,20241117225737
20241117225800,2700,1.0,0.0,23.61188,20241117225807
20241117225909,2700,0.9975,0.0,23.59434,20241117225907
20241117225939,2700,0.9848,0.0,23.14377,20241117225937
20241117230048,2700,0.995,0.0,22.963,20241117230047
20241117230118,2700,0.995,0.0,23.0291,20241117230117
20241117230227,2700,0.985,0.004,23.18019,20241117230227
20241117230257,2700,0.995,0.0,22.89015,20241117230257
20241117230406,2700,0.9899,0.024,23.00887,20241117230407
20241117230434,2700,0.9749,0.0,22.62305,20241117230437
20241117230544,2700,0.995,0.0,35.69504,20241117230547
20241117230612,2700,0.96,0.0,24.17712,20241117230617
20241117230721,2700,0.995,0.0,24.80981,20241117230728
20241117230750,2700,0.9619,0.0,23.15861,20241117230758
20241117230859,2700,0.995,0.0,23.12084,20241117230858
20241117230929,2700,0.9025,0.0,22.77009,20241117230928
20241117231038,2700,0.9949,0.016,24.76394,20241117231038
20241117231108,2700,0.9204,0.032,23.31914,20241117231108
20241117231217,2700,0.9949,0.028,22.80921,20241117231218
20241117231245,2700,0.9949,0.0,23.73599,20241117231248
20241117231355,2700,0.9899,0.028,23.24899,20241117231358
20241117231424,2700,0.9874,0.0,22.54346,20241117231428
20241117231534,2700,0.9924,0.028,35.95675,20241117231538
20241117231602,2700,0.9519,0.0,25.46813,20241117231608
20241117231711,2700,0.985,0.024,23.12353,20241117231718
20241117231742,2700,0.9093,0.06,23.7859,20241117231749
20241117231851,2700,0.9949,0.024,42.54266,20241117231859
20241117231920,2700,0.9849,0.0,22.36943,20241117231929
20241117232029,2700,0.9925,0.0,22.7647,20241117232029
20241117232058,2700,0.9898,0.0,22.93197,20241117232059
20241117232207,2700,0.9975,0.0,22.85103,20241117232209
20241117232237,2700,0.9291,0.0,23.18694,20241117232239
20241117232346,2700,0.99,0.008,23.76837,20241117232349
20241117232415,2700,0.9093,0.0,24.68435,20241117232419
20241117232524,2700,0.9899,0.024,36.2387,20241117232529
20241117232553,2700,0.9824,0.0,22.97514,20241117232559
20241117232702,2700,0.9975,0.0,38.72089,20241117232709
20241117232732,2700,0.9095,0.004,25.18349,20241117232739
20241117232841,2700,0.9924,0.016,35.25121,20241117232849
20241117232910,2700,0.9726,0.004,24.62769,20241117232919
20241117233019,2700,0.9975,0.0,22.98458,20241117233019
20241117233048,2700,0.8983,0.004,24.21489,20241117233049
20241117233157,2700,0.9825,0.028,23.30161,20241117233159
20241117233226,2700,0.9749,0.0,22.61495,20241117233229
20241117233335,2700,0.9825,0.028,22.87936,20241117233335
20241117233405,2700,0.9353,0.028,22.99673,20241117233405
20241117233514,2700,1.0,0.0,24.83139,20241117233515
20241117233544,2700,0.9169,0.0,23.49047,20241117233545
20241117233653,2700,0.995,0.0,24.64658,20241117233655
20241117233722,2700,0.9252,0.0,23.05743,20241117233725
20241117233831,2700,0.9975,0.0,25.7177,20241117233835
20241117233900,2700,0.9848,0.0,22.75121,20241117233905
20241117234010,2700,0.9899,0.0,36.25623,20241117234015
20241117234039,2700,0.9724,0.06,26.9561,20241117234035
20241117234148,2700,0.9975,0.0,22.79033,20241117234145
20241117234217,2700,0.9703,0.0,22.85508,20241117234215
20241117234327,2700,0.995,0.0,23.47563,20241117234326
20241117234357,2700,0.907,0.004,23.04259,20241117234356
20241117234506,2700,0.9849,0.036,24.66681,20241117234506
20241117234535,2700,0.9874,0.0,23.00347,20241117234536
20241117234644,2700,0.995,0.0,23.51205,20241117234646
20241117234714,2700,0.9501,0.0,23.95993,20241117234716
20241117234823,2700,0.9925,0.0,24.13395,20241117234826
20241117234853,2700,0.9277,0.0,22.52862,20241117234856
20241117235002,2700,0.9924,0.016,38.63995,20241117235006
20241117235029,2700,0.9726,0.0,23.88978,20241117235026
20241117235138,2700,0.9874,0.036,22.70264,20241117235136
20241117235208,2700,0.985,0.028,22.77818,20241117235206
20241117235317,2700,0.9949,0.028,24.43208,20241117235317
20241117235346,2700,0.8922,0.004,23.41088,20241117235347
20241117235455,2700,0.99,0.0,22.95625,20241117235457
20241117235525,2700,0.9252,0.0,23.19773,20241117235527
20241117235634,2700,0.9874,0.032,24.97304,20241117235637
20241117235704,2700,0.9202,0.028,22.63249,20241117235707
20241117235812,2700,0.995,0.008,31.57109,20241117235817
20241117235841,2700,0.9395,0.0,22.65677,20241117235847
20241117235950,2700,0.9949,0.02,39.97953,20241117235957
20241118000021,2700,0.8897,0.004,25.96322,20241118000027
20241118000129,2700,0.995,0.0,22.79842,20241118000127
20241118000158,2700,0.9975,0.0,24.29313,20241118000157
20241118000308,2700,0.9924,0.02,24.78283,20241118000307
20241118000337,2700,0.9275,0.0,23.45944,20241118000337
20241118000446,2700,0.9924,0.024,24.60611,20241118000448
20241118000516,2700,0.9748,0.032,23.22741,20241118000518
20241118000625,2700,0.98,0.032,24.13935,20241118000628
20241118000655,2700,0.9899,0.0,23.83447,20241118000658
20241118000804,2700,0.995,0.0,23.13972,20241118000808
20241118000834,2700,0.9825,0.004,22.51108,20241118000838
20241118000944,2700,0.9899,0.032,28.38741,20241118000948
20241118001013,2700,0.9874,0.0,22.80651,20241118001018
20241118001122,2700,0.9975,0.0,22.83889,20241118001128
20241118001152,2700,0.9799,0.008,24.96225,20241118001158
20241118001301,2700,0.9925,0.0,39.6706,20241118001308
20241118001331,2700,0.9849,0.0,23.61188,20241118001338
20241118001440,2700,0.985,0.0,23.17345,20241118001449
20241118001510,2700,0.995,0.0,22.4841,20241118001519
20241118001619,2700,0.9925,0.0,22.99268,20241118001619
20241118001649,2700,0.995,0.0,22.7539,20241118001649
20241118001758,2700,0.99,0.004,24.9555,20241118001759
20241118001826,2700,0.9675,0.0,24.1299,20241118001829
20241118001935,2700,0.9975,0.0,29.48955,20241118001939
20241118002004,2700,0.9899,0.0,22.55695,20241118002009
20241118002113,2700,0.9925,0.004,24.63578,20241118002119
20241118002142,2700,0.9801,0.0,23.38255,20241118002149
20241118002251,2700,0.9975,0.004,24.55619,20241118002255
20241118002321,2700,0.9925,0.0,22.49894,20241118002325
20241118002430,2700,0.7235,0.044,44.7537,20241118002435
20241118002500,2700,0.9196,0.328,22.77549,20241118002505
20241118002609,2700,0.99,0.0,23.94913,20241118002605
20241118002638,2700,0.9949,0.008,26.92102,20241118002635
20241118002747,2700,0.9925,0.0,23.56736,20241118002745
20241118002817,2700,0.9874,0.0,22.9684,20241118002815
20241118002926,2700,0.9925,0.0,22.89015,20241118002925
20241118002955,2700,0.995,0.0,24.30258,20241118002955
20241118003104,2700,0.9925,0.0,22.9657,20241118003105
20241118003135,2700,0.995,0.0,23.42841,20241118003135
20241118003244,2700,0.9925,0.0,23.38929,20241118003245
20241118003314,2700,0.9622,0.0,23.28137,20241118003316
20241118003423,2700,0.9924,0.028,24.44152,20241118003426
20241118003452,2700,0.9849,0.0,22.62305,20241118003456
20241118003601,2700,0.995,0.0,35.02188,20241118003606
20241118003631,2700,0.9849,0.0,24.67086,20241118003636
20241118003740,2700,0.995,0.0,22.7566,20241118003746
20241118003811,2700,0.9704,0.028,23.20312,20241118003816
20241118003920,2700,0.9925,0.0,22.77549,20241118003926
20241118003950,2700,0.99,0.0,25.08231,20241118003956
20241118004059,2700,0.9975,0.0,22.93467,20241118004056
20241118004129,2700,0.9975,0.0,22.87127,20241118004126
20241118004238,2700,0.995,0.0,22.78088,20241118004236
20241118004308,2700,0.9925,0.0,22.77009,20241118004307
20241118004417,2700,0.99,0.0,23.02506,20241118004417
20241118004447,2700,0.9751,0.0,23.39873,20241118004447
20241118004556,2700,0.9975,0.0,24.76259,20241118004557
20241118004626,2700,0.995,0.0,23.2436,20241118004627
20241118004735,2700,0.995,0.0,25.21181,20241118004737
20241118004805,2700,0.9548,0.0,22.84563,20241118004807
20241118004914,2700,0.9925,0.004,22.68915,20241118004917
20241118004943,2700,0.9925,0.0,22.57448,20241118004947
20241118005053,2700,0.9874,0.036,39.42778,20241118005057
20241118005122,2700,0.985,0.0,22.73367,20241118005127
20241118005232,2700,0.995,0.0,22.8915,20241118005238
20241118005301,2700,0.995,0.0,24.37138,20241118005308
20241118005410,2700,0.995,0.0,42.50489,20241118005418
20241118005440,2700,0.8992,0.08,23.89922,20241118005448
20241118005549,2700,0.9825,0.044,23.61862,20241118005548
20241118005617,2700,0.9774,0.0,23.35287,20241118005618
20241118005726,2700,0.995,0.0,22.74176,20241118005728
20241118005756,2700,0.9601,0.0,23.75892,20241118005758
20241118005905,2700,0.9875,0.0,23.31914,20241118005908
20241118005934,2700,0.995,0.0,22.78493,20241118005938
20241118010043,2700,0.995,0.0,23.55522,20241118010048
20241118010113,2700,0.9975,0.0,22.71073,20241118010118
20241118010222,2700,0.995,0.0,24.0638,20241118010228
20241118010251,2700,0.9323,0.004,23.97476,20241118010258
20241118010400,2700,0.9975,0.0,43.05529,20241118010409
20241118010430,2700,0.8936,0.0,22.5556,20241118010439
20241118010539,2700,0.995,0.0,22.85508,20241118010539
20241118010609,2700,0.995,0.0,22.81866,20241118010609
20241118010719,2700,0.9975,0.0,25.67183,20241118010719
20241118010747,2700,0.985,0.0,23.23145,20241118010749
20241118010857,2700,0.99,0.0,27.3001,20241118010859
20241118010927,2700,0.8853,0.0,22.72692,20241118010929
20241118011036,2700,0.985,0.028,23.65505,20241118011039
20241118011106,2700,0.927,0.032,23.19638,20241118011109
20241118011215,2700,1.0,0.0,36.55706,20241118011219
20241118011245,2700,0.9192,0.0,23.00077,20241118011245
20241118011358,2900,0.9773,0.132,24.06515,20241118011355
20241118011427,2900,0.9849,0.0,23.04934,20241118011425
20241118011535,2900,0.9975,0.0,24.89345,20241118011535
20241118011605,2900,0.928,0.0,23.55522,20241118011605
20241118011713,2900,0.995,0.0,25.572,20241118011715
20241118011741,2900,0.995,0.0,23.48912,20241118011745
20241118011849,2900,0.9975,0.0,23.106,20241118011845
20241118011918,2900,0.9325,0.0,23.18019,20241118011915
20241118012026,2900,0.9975,0.0,24.26076,20241118012025
20241118012054,2900,0.9748,0.036,23.59434,20241118012055
20241118012203,2900,0.9925,0.0,24.33495,20241118012205
20241118012231,2900,0.9499,0.0,22.76335,20241118012236
20241118012339,2900,0.995,0.0,22.90904,20241118012336
20241118012409,2900,0.9302,0.0,22.9684,20241118012406
20241118012517,2900,0.9899,0.032,22.9657,20241118012516
20241118012546,2900,0.9496,0.0,23.04259,20241118012546
20241118012654,2900,0.9925,0.0,26.23302,20241118012656
20241118012721,2900,0.9975,0.0,22.74851,20241118012726
20241118012830,2900,0.9925,0.016,22.80786,20241118012836
20241118012858,2900,0.9899,0.0,23.00212,20241118012856
20241118013006,2900,0.9975,0.0,25.24284,20241118013006
20241118013034,2900,0.903,0.004,22.65947,20241118013036
20241118013142,2900,0.995,0.0,37.49194,20241118013146
20241118013210,2900,0.9824,0.0,23.05204,20241118013216
20241118013319,2900,0.99,0.0,22.762,20241118013316
20241118013347,2900,0.9372,0.0,22.94411,20241118013346
20241118013455,2900,0.9975,0.0,22.91444,20241118013457
20241118013523,2900,0.9273,0.052,22.68915,20241118013527
20241118013631,2900,0.985,0.0,22.98728,20241118013637
20241118013701,2900,0.9949,0.004,24.16498,20241118013707
20241118013809,2900,0.995,0.0,22.95895,20241118013807
20241118013836,2900,0.9348,0.0,23.27597,20241118013837
20241118013944,2900,0.9949,0.0,24.76259,20241118013947
20241118014011,2900,0.99,0.004,22.98054,20241118014017
20241118014120,2900,0.9849,0.036,22.8254,20241118014127
20241118014147,2900,0.9597,0.0,24.85432,20241118014147
20241118014255,2900,0.995,0.0,25.18079,20241118014257
20241118014325,2900,0.9325,0.0,23.95588,20241118014327
20241118014433,2900,0.995,0.0,22.81866,20241118014437
20241118014502,2900,0.9573,0.0,22.55695,20241118014507
20241118014611,2900,0.9949,0.016,40.38018,20241118014618
20241118014639,2900,0.9472,0.0,22.87936,20241118014638
20241118014747,2900,0.9925,0.0,23.1667,20241118014748
20241118014816,2900,0.893,0.0,23.25169,20241118014818
20241118014924,2900,0.99,0.0,22.99538,20241118014928
20241118014954,2900,0.9325,0.0,23.8547,20241118014958
20241118015102,2900,0.995,0.0,23.03045,20241118015108
20241118015132,2900,0.9348,0.0,27.25423,20241118015138
20241118015240,2900,0.9825,0.036,23.38524,20241118015248
20241118015309,2900,0.9476,0.0,23.14107,20241118015308
20241118015417,2900,0.9875,0.0,23.78455,20241118015418
20241118015446,2900,0.905,0.004,23.27867,20241118015448
20241118015554,2900,0.9975,0.0,23.68203,20241118015559
20241118015623,2900,0.9899,0.0079,24.92043,20241118015629
20241118015732,2900,0.9925,0.0,22.76739,20241118015739
20241118015801,2900,0.9975,0.0,22.59742,20241118015809
20241118015909,2900,0.995,0.0,24.92043,20241118015909
20241118015937,2900,0.985,0.0,23.54038,20241118015939
20241118020046,2900,1.0,0.0,23.7967,20241118020049
20241118020114,2900,0.9924,0.0,22.59607,20241118020119
20241118020222,2900,0.995,0.004,46.53981,20241118020229
20241118020252,2900,0.985,0.0,23.26653,20241118020259
20241118020400,2900,0.995,0.0,23.23415,20241118020409
20241118020428,2900,0.995,0.0,23.60244,20241118020429
20241118020537,2900,0.9925,0.0,24.71673,20241118020539
20241118020604,2900,0.9851,0.0,22.85913,20241118020609
20241118020712,2900,0.9975,0.0,23.16131,20241118020719
20241118020739,2900,0.9148,0.044,24.77338,20241118020735
20241118020847,2900,0.9673,0.16,24.66276,20241118020845
20241118020915,2900,0.9824,0.0,23.07497,20241118020915
20241118021023,2900,0.9975,0.0,24.44287,20241118021025
20241118021052,2900,0.99,0.0,22.65677,20241118021055
20241118021200,2900,0.9925,0.0,40.33971,20241118021205
20241118021229,2900,0.9824,0.0,26.70518,20241118021225
20241118021337,2900,0.995,0.0,23.03315,20241118021335
20241118021406,2900,0.9925,0.004,23.15861,20241118021405
20241118021514,2900,0.9975,0.0,24.90154,20241118021515
20241118021543,2900,0.9799,0.0,22.96165,20241118021546
20241118021651,2900,0.9851,0.0,23.93834,20241118021656
20241118021717,2900,0.96,0.052,22.8942,20241118021716
20241118021826,2900,0.9975,0.0,25.04319,20241118021826
20241118021855,2900,0.995,0.0,23.45,20241118021856
20241118022003,2900,1.0,0.0,24.75854,20241118022006
20241118022031,2900,0.985,0.004,22.72692,20241118022036
20241118022140,2900,0.9924,0.036,22.80921,20241118022146
20241118022208,2900,0.9925,0.0,23.11139,20241118022206
20241118022316,2900,0.995,0.004,24.07459,20241118022316
20241118022346,2900,0.995,0.0,22.98324,20241118022346
20241118022454,2900,0.9975,0.0,23.78995,20241118022456
20241118022524,2900,0.9673,0.0,23.28677,20241118022526
20241118022632,2900,0.995,0.0,22.96705,20241118022636
20241118022659,2900,0.9602,0.016,23.32724,20241118022656
20241118022808,2900,0.99,0.02,22.93872,20241118022807
20241118022835,2900,0.9775,0.008,23.27328,20241118022837
20241118022943,2900,0.9975,0.0,24.02603,20241118022947
20241118023012,2900,0.9726,0.0,23.19773,20241118023017
20241118023120,2900,0.995,0.0,22.91848,20241118023127
20241118023150,2900,0.93,0.0,23.86684,20241118023157
20241118023258,2900,0.99,0.0,24.8152,20241118023257
20241118023326,2900,0.975,0.004,23.69822,20241118023327
20241118023434,2900,0.9975,0.0,25.29141,20241118023437
20241118023504,2900,0.9975,0.0,22.74041,20241118023507
20241118023612,2900,0.9975,0.0,43.1025,20241118023617
20241118023640,2900,0.9849,0.0,25.17134,20241118023647
20241118023749,2900,0.9899,0.0317,23.01696,20241118023748
20241118023819,2900,0.9924,0.028,23.00482,20241118023818
20241118023927,2900,0.9975,0.0,25.06342,20241118023928
20241118023957,2900,0.9428,0.0,24.02738,20241118023958
20241118024105,2900,0.995,0.0,24.04356,20241118024108
20241118024134,2900,0.995,0.0,22.67026,20241118024138
20241118024242,2900,0.995,0.0,43.92541,20241118024248
20241118024312,2900,0.9223,0.0,25.68667,20241118024318
20241118024420,2900,0.9975,0.0,42.60472,20241118024428
20241118024447,2900,0.9825,0.0,23.26248,20241118024448
20241118024555,2900,0.99,0.0,24.44962,20241118024559
20241118024622,2900,0.9975,0.0,25.42361,20241118024629
20241118024731,2900,0.985,0.032,23.2463,20241118024739
20241118024800,2900,0.99,0.0,22.53536,20241118024809
20241118024908,2900,0.9925,0.0,24.92987,20241118024909
20241118024937,2900,0.9254,0.0,23.23685,20241118024939
20241118025045,2900,0.995,0.0,22.84833,20241118025049
20241118025114,2900,0.9975,0.0,22.6878,20241118025119
20241118025222,2900,1.0,0.0,44.40565,20241118025229
20241118025251,2900,0.9751,0.0,22.42879,20241118025259
20241118025359,2900,0.9975,0.0,24.9636,20241118025359
20241118025427,2900,0.921,0.0,23.35152,20241118025429
20241118025535,2900,0.985,0.032,38.72224,20241118025539
20241118025603,2900,0.9873,0.0,26.8792,20241118025609
20241118025711,2900,0.995,0.0,23.36231,20241118025715
20241118025740,2900,0.952,0.0,22.71748,20241118025745
20241118025848,2900,0.9975,0.0,23.00752,20241118025845
20241118025915,2900,0.9849,0.0,24.14474,20241118025915
20241118030023,2900,0.99,0.0,23.83717,20241118030025
20241118030051,2900,0.9949,0.0,22.7593,20241118030055
20241118030200,2900,0.9776,0.032,22.92793,20241118030205
20241118030226,2900,0.9573,0.0,22.92928,20241118030225
20241118030334,2900,0.9975,0.0,23.88573,20241118030335
20241118030405,2900,0.916,0.032,23.12758,20241118030405
20241118030513,2900,0.9875,0.028,23.66449,20241118030515
20241118030541,2900,0.9648,0.0,24.46311,20241118030545
20241118030650,2900,0.9949,0.024,22.88611,20241118030655
20241118030718,2900,0.9372,0.0,23.15186,20241118030715
20241118030826,2900,0.99,0.0,24.80037,20241118030826
20241118030854,2900,0.9799,0.0,23.39873,20241118030856
20241118031003,2900,0.9825,0.032,24.39971,20241118031006
20241118031032,2900,0.9424,0.0,23.37715,20241118031036
20241118031140,2900,0.9975,0.0,42.05701,20241118031146
20241118031207,2900,0.9874,0.0,22.97109,20241118031206
20241118031316,2900,0.99,0.0,25.18214,20241118031316
20241118031343,2900,0.9572,0.0,23.05069,20241118031346
20241118031451,2900,0.9925,0.0,22.82945,20241118031456
20241118031522,2900,0.9227,0.036,24.34979,20241118031526
20241118031630,2900,0.9874,0.0317,22.89015,20241118031636
20241118031659,2900,0.9724,0.0,23.1667,20241118031656
20241118031807,2900,0.9798,0.116,22.79033,20241118031806
20241118031837,2900,0.9223,0.084,23.19368,20241118031836
20241118031945,2900,0.9874,0.028,23.84526,20241118031946
20241118032012,2900,0.93,0.0,22.92388,20241118032016
20241118032120,2900,1.0,0.0,22.90499,20241118032126
20241118032149,2900,0.9925,0.0,23.0291,20241118032147
20241118032258,2900,0.9899,0.028,24.57778,20241118032257
20241118032326,2900,0.9925,0.004,23.3043,20241118032327
20241118032434,2900,0.995,0.0,24.97304,20241118032437
20241118032504,2900,0.9421,0.0,22.64868,20241118032507
20241118032612,2900,0.9949,0.028,23.59029,20241118032617
20241118032639,2900,0.9975,0.0,23.20717,20241118032637
20241118032748,2900,0.9925,0.0,22.88071,20241118032747
20241118032814,2900,0.925,0.032,22.34785,20241118032817
20241118032922,2900,0.995,0.0,22.97109,20241118032927
20241118032951,2900,0.9875,0.008,27.46198,20241118032957
20241118033059,2900,0.9975,0.0,22.92928,20241118033057
20241118033128,2900,0.9302,0.004,22.87531,20241118033127
20241118033236,2900,0.9975,0.0,24.72887,20241118033237
20241118033305,2900,0.945,0.0,24.7545,20241118033307
20241118033413,2900,0.9925,0.0,22.84563,20241118033417
20241118033444,2900,0.9323,0.032,22.67971,20241118033447
20241118033552,2900,0.8467,0.032,23.20178,20241118033558
20241118033620,2900,0.9443,0.0,25.38584,20241118033628
20241118033728,2900,0.9925,0.0,23.06148,20241118033728
20241118033756,2900,0.9123,0.004,23.21122,20241118033758
20241118033904,2900,0.9975,0.0,41.11675,20241118033908
20241118033932,2900,0.9646,0.0,23.84391,20241118033938
20241118034041,2900,0.9874,0.036,46.38197,20241118034048
20241118034109,2900,0.9057,0.004,23.36231,20241118034108
20241118034217,2900,0.9925,0.0,22.94411,20241118034218
20241118034245,2900,0.9925,0.0,22.78493,20241118034248
20241118034353,2900,1.0,0.0,38.04773,20241118034358
20241118034424,2900,0.9825,0.0,22.63519,20241118034428
20241118034532,2900,0.9799,0.064,22.81731,20241118034539
20241118034601,2900,0.995,0.0,23.62537,20241118034609
20241118034709,2900,0.9975,0.0,24.87996,20241118034709
20241118034738,2900,0.98,0.004,22.99808,20241118034739
20241118034846,2900,1.0,0.0,24.58452,20241118034849
20241118034914,2900,0.9925,0.0,23.96667,20241118034919
20241118035022,2900,0.99,0.0,46.28484,20241118035029
20241118035049,2900,0.9874,0.032,22.97109,20241118035049
20241118035157,2900,0.9899,0.072,24.17712,20241118035159
20241118035227,2900,0.995,0.0,22.93062,20241118035225
20241118035335,2900,0.9975,0.0,22.9603,20241118035335
20241118035403,2900,0.9949,0.0,23.651,20241118035405
20241118035517,3000,1.0,0.004,22.86317,20241118035515
20241118035544,3000,0.9725,0.036,24.86917,20241118035545
20241118035652,3000,0.9925,0.0,43.32644,20241118035655
20241118035719,3000,0.9825,0.0,23.15996,20241118035715
20241118035826,3000,0.9975,0.0,22.87531,20241118035825
20241118035853,3000,0.9824,0.04,23.39199,20241118035855
20241118040001,3000,0.9975,0.0,23.06283,20241118040005
20241118040028,3000,0.9925,0.0,23.21931,20241118040025
20241118040136,3000,0.9925,0.0,24.19466,20241118040135
20241118040205,3000,0.9975,0.0,23.25304,20241118040205
20241118040313,3000,0.99,0.0,23.71845,20241118040316
20241118040339,3000,0.9899,0.036,23.08981,20241118040336
20241118040446,3000,0.9975,0.0,22.86857,20241118040446
20241118040516,3000,0.9673,0.0,23.13837,20241118040516
20241118040623,3000,0.99,0.0,25.98211,20241118040626
20241118040650,3000,1.0,0.0,27.07346,20241118040656
20241118040758,3000,0.995,0.004,22.99808,20241118040756
20241118040824,3000,0.995,0.0,23.37445,20241118040826
20241118040932,3000,0.995,0.0,22.83619,20241118040936
20241118041001,3000,0.9925,0.0,23.97611,20241118041006
20241118041108,3000,0.9925,0.0,22.91039,20241118041106
20241118041136,3000,0.9475,0.0,23.66044,20241118041136
20241118041243,3000,0.9925,0.0,28.77457,20241118041247
20241118041309,3000,0.9724,0.036,24.93797,20241118041307
20241118041417,3000,0.9975,0.008,25.88228,20241118041417
20241118041444,3000,1.0,0.0,23.25169,20241118041447
20241118041552,3000,0.9266,0.0,22.98458,20241118041557
20241118041622,3000,0.9975,0.0,24.23647,20241118041627
20241118041730,3000,0.995,0.0,22.80382,20241118041737
20241118041757,3000,0.9825,0.032,22.93197,20241118041757
20241118041905,3000,0.995,0.004,24.15149,20241118041907
20241118041934,3000,0.9925,0.0,24.0611,20241118041937
20241118042042,3000,0.9975,0.0,23.98151,20241118042047
20241118042109,3000,0.99,0.0,23.13702,20241118042107
20241118042216,3000,1.0,0.0,23.31105,20241118042218
20241118042244,3000,0.9373,0.0,22.99403,20241118042248
20241118042351,3000,1.0,0.0,49.9852,20241118042358
20241118042420,3000,0.9874,0.0,24.92987,20241118042428
20241118042528,3000,0.995,0.0,22.90364,20241118042528
20241118042557,3000,0.995,0.0,23.56871,20241118042558
20241118042705,3000,0.9975,0.0,28.86901,20241118042708
20241118042732,3000,0.9874,0.036,25.13087,20241118042738
20241118042840,3000,0.9925,0.004,23.45269,20241118042848
20241118042906,3000,0.9899,0.028,23.36905,20241118042908
20241118043014,3000,0.995,0.0,23.40548,20241118043018
20241118043041,3000,0.945,0.06,23.72655,20241118043048
20241118043149,3000,0.995,0.0,25.25768,20241118043148
20241118043216,3000,0.9348,0.0,22.91174,20241118043218
20241118043323,3000,0.995,0.0,22.99403,20241118043328
20241118043349,3000,0.9925,0.004,23.63616,20241118043348
20241118043457,3000,0.9975,0.0,22.71073,20241118043459
20241118043524,3000,0.9925,0.0,22.81056,20241118043529
20241118043632,3000,0.9975,0.0,22.91578,20241118043639
20241118043659,3000,0.9303,0.004,23.82637,20241118043659
20241118043807,3000,0.9925,0.0,24.96225,20241118043809
20241118043834,3000,0.9206,0.036,22.84833,20241118043839
20241118043941,3000,0.99,0.0,23.50261,20241118043949
20241118044010,3000,0.9899,0.004,22.51917,20241118044019
20241118044118,3000,1.0,0.0,22.99942,20241118044119
20241118044146,3000,0.9925,0.0,23.76837,20241118044149
20241118044254,3000,1.0,0.0,24.99732,20241118044259
20241118044321,3000,0.9421,0.0,22.56909,20241118044325
20241118044429,3000,0.9849,0.044,22.98594,20241118044425
20241118044456,3000,0.928,0.0,25.21856,20241118044455
20241118044603,3000,0.995,0.0,22.73906,20241118044605
20241118044629,3000,0.9825,0.032,25.60843,20241118044625
20241118044737,3000,0.9975,0.0,22.87127,20241118044735
20241118044804,3000,0.95,0.0,23.5822,20241118044805
20241118044912,3000,0.9874,0.036,37.61604,20241118044915
20241118044939,3000,0.9171,0.0,23.96532,20241118044935
20241118045046,3000,0.9925,0.0,22.86452,20241118045045
20241118045114,3000,0.9043,0.0792,22.84159,20241118045115
20241118045222,3000,0.99,0.0,38.54822,20241118045226
20241118045249,3000,0.9102,0.004,23.07092,20241118045246
20241118045356,3000,1.0,0.0,24.90829,20241118045356
20241118045423,3000,0.965,0.004,23.35826,20241118045426
20241118045531,3000,0.9875,0.024,45.34997,20241118045536
20241118045558,3000,0.91,0.0,23.08981,20241118045556
20241118045706,3000,0.9975,0.0,23.03315,20241118045706
20241118045733,3000,0.9302,0.0,22.79977,20241118045736
20241118045840,3000,0.99,0.0,42.74636,20241118045846
20241118045907,3000,0.9671,0.0,23.06283,20241118045906
20241118050015,3000,0.9975,0.0,22.85373,20241118050016
20241118050042,3000,0.935,0.0,23.96667,20241118050046
20241118050149,3000,0.995,0.0,22.91309,20241118050146
20241118050216,3000,0.995,0.004,23.08981,20241118050216
20241118050324,3000,0.99,0.0,23.83717,20241118050327
20241118050351,3000,0.9701,0.032,24.21894,20241118050357
20241118050459,3000,0.9925,0.0,23.00617,20241118050457
20241118050526,3000,0.9775,0.0,24.00849,20241118050527
20241118050634,3000,0.985,0.016,23.04259,20241118050637
20241118050703,3000,0.93,0.04,23.09251,20241118050707
20241118050811,3000,0.99,0.016,22.91714,20241118050817
20241118050838,3000,0.9397,0.0,23.28137,20241118050837
20241118050945,3000,0.995,0.0,24.35114,20241118050947
20241118051012,3000,0.9899,0.028,22.86317,20241118051017
20241118051120,3000,1.0,0.0,23.01831,20241118051127
20241118051147,3000,0.9775,0.008,23.60783,20241118051147
20241118051255,3000,0.995,0.0,23.81558,20241118051258
20241118051321,3000,0.9775,0.0,25.80538,20241118051328
20241118051429,3000,0.995,0.0,23.00887,20241118051428
20241118051455,3000,0.9325,0.02,22.71613,20241118051458
20241118051603,3000,0.985,0.024,23.07092,20241118051608
20241118051632,3000,0.935,0.0,26.23437,20241118051638
20241118051739,3000,0.9925,0.0,24.64388,20241118051738
20241118051809,3000,0.9303,0.0,22.88476,20241118051808
20241118051916,3000,0.9925,0.0,24.23647,20241118051918
20241118051943,3000,0.9949,0.0,22.70669,20241118051948
20241118052051,3000,0.995,0.0,47.71075,20241118052059
20241118052118,3000,0.9102,0.0,23.56736,20241118052119
20241118052226,3000,0.9925,0.0,34.80199,20241118052229
20241118052253,3000,0.9055,0.004,25.49916,20241118052259
20241118052401,3000,0.9925,0.0,26.97498,20241118052409
20241118052428,3000,0.9146,0.004,23.51205,20241118052429
20241118052535,3000,1.0,0.0,22.81326,20241118052539
20241118052602,3000,0.9597,0.0,25.88228,20241118052609
20241118052710,3000,0.995,0.0,24.00444,20241118052719
20241118052737,3000,0.9167,0.052,23.84796,20241118052739
20241118052845,3000,0.995,0.0,45.20293,20241118052849
20241118052912,3000,0.91,0.004,22.63789,20241118052919
20241118053019,3000,0.995,0.0,24.17307,20241118053019
20241118053046,3000,0.9825,0.0,24.85567,20241118053049
20241118053154,3000,0.9975,0.0,25.05128,20241118053155
20241118053221,3000,0.9799,0.036,22.77818,20241118053225
20241118053329,3000,1.0,0.0,23.05069,20241118053325
20241118053355,3000,0.9899,0.0,24.56833,20241118053355
20241118053503,3000,0.9925,0.0,24.71268,20241118053505
20241118053530,3000,0.975,0.04,22.74716,20241118053535
20241118053638,3000,0.995,0.004,22.97784,20241118053635
20241118053705,3000,0.9924,0.0,23.18424,20241118053705
20241118053813,3000,0.9975,0.0,25.60168,20241118053815
20241118053840,3000,0.985,0.0,22.74176,20241118053845
20241118053948,3000,1.0,0.0,23.01696,20241118053945
20241118054015,3000,0.9975,0.0,23.43921,20241118054015
20241118054123,3000,1.0,0.0,25.0904,20241118054125
20241118054150,3000,0.9798,0.024,24.9528,20241118054155
20241118054258,3000,0.99,0.0,23.07632,20241118054256
20241118054327,3000,0.9975,0.0,23.75352,20241118054326
20241118054435,3000,0.9875,0.0,22.87801,20241118054436
20241118054502,3000,0.9874,0.036,22.72962,20241118054506
20241118054610,3000,0.995,0.0,44.59182,20241118054616
20241118054637,3000,0.9874,0.0,23.11949,20241118054636
20241118054744,3000,0.995,0.0,23.12084,20241118054746
20241118054811,3000,0.9874,0.028,22.93872,20241118054816
20241118054919,3000,1.0,0.0,22.95625,20241118054916
20241118054948,3000,0.985,0.0,23.07362,20241118054946
20241118055056,3000,0.995,0.0,23.11004,20241118055056
20241118055125,3000,0.9975,0.0,23.21797,20241118055126
20241118055233,3000,0.995,0.0,22.73097,20241118055237
20241118055300,3000,1.0,0.0,25.74468,20241118055307
20241118055408,3000,1.0,0.0,22.8969,20241118055407
20241118055435,3000,0.9849,0.0,23.37041,20241118055437
20241118055543,3000,0.9975,0.0,23.18829,20241118055547
20241118055610,3000,0.985,0.0,23.74273,20241118055617
20241118055717,3000,0.9925,0.0,22.8942,20241118055717
20241118055747,3000,0.9454,0.0,22.94411,20241118055747
20241118055854,3000,0.9975,0.0,24.92447,20241118055857
20241118055920,3000,0.9873,0.032,26.89404,20241118055927
20241118060028,3000,0.9875,0.0,25.23205,20241118060027
20241118060055,3000,0.9824,0.004,22.99133,20241118060057
20241118060203,3000,0.9975,0.0,43.88224,20241118060207
20241118060230,3000,0.9849,0.0,24.66276,20241118060237
20241118060338,3000,0.9851,0.004,25.0243,20241118060338
20241118060407,3000,0.9975,0.0,23.51205,20241118060408
20241118060514,3000,1.0,0.0,22.8996,20241118060518
20241118060541,3000,0.985,0.028,26.81175,20241118060548
20241118060649,3000,0.9874,0.056,22.81866,20241118060648
20241118060716,3000,0.9899,0.032,23.83717,20241118060718
20241118060824,3000,0.995,0.0,24.27964,20241118060828
20241118060850,3000,0.985,0.036,24.31607,20241118060858
20241118060958,3000,1.0,0.0,25.0985,20241118060958
20241118061025,3000,0.9525,0.0,22.81866,20241118061028
20241118061132,3000,0.995,0.0,22.98189,20241118061138
20241118061200,3000,0.9597,0.0,24.65737,20241118061208
20241118061308,3000,0.9899,0.032,23.22201,20241118061309
20241118061334,3000,0.9444,0.004,22.82675,20241118061339
20241118061441,3000,0.9925,0.0,23.41897,20241118061449
20241118061508,3000,0.995,0.0,24.58182,20241118061509
20241118061616,3000,0.9975,0.0,30.42982,20241118061619
20241118061643,3000,0.9148,0.0,25.63541,20241118061649
20241118061750,3000,0.995,0.0,26.77803,20241118061759
20241118061817,3000,0.9775,0.008,23.5161,20241118061819
20241118061925,3000,0.9875,0.0,39.77313,20241118061929
20241118061952,3000,0.9799,0.028,24.17982,20241118061959
20241118062100,3000,0.995,0.0,30.8669,20241118062109
20241118062129,3000,0.9975,0.0,23.64965,20241118062129
20241118062237,3000,0.9975,0.0,22.85643,20241118062235
20241118062303,3000,0.9547,0.028,23.56736,20241118062305
20241118062410,3000,0.9925,0.0,22.93197,20241118062415
20241118062437,3000,0.9899,0.032,23.04124,20241118062435
20241118062545,3000,0.99,0.0,25.34267,20241118062545
20241118062612,3000,0.9776,0.0,23.15726,20241118062615
20241118062720,3000,0.9925,0.0,44.08998,20241118062725
20241118062747,3000,0.9521,0.0,23.1694,20241118062745
20241118062855,3000,0.995,0.0,25.3022,20241118062855
20241118062922,3000,0.935,0.0,22.8254,20241118062925
20241118063029,3000,0.9975,0.0,23.10869,20241118063025
20241118063056,3000,0.9975,0.0,23.14107,20241118063055
20241118063204,3000,0.9874,0.06,25.61652,20241118063205
20241118063230,3000,0.9874,0.0,23.81288,20241118063235
20241118063343,3200,0.995,0.0,23.14377,20241118063346
20241118063410,3200,0.9925,0.0,23.04529,20241118063416
20241118063517,3200,0.9925,0.0,23.01156,20241118063516
20241118063545,3200,0.9571,0.0,25.45599,20241118063546
20241118063652,3200,0.9925,0.0,23.05608,20241118063656
20241118063720,3200,0.9573,0.0,23.15726,20241118063726
20241118063827,3200,0.995,0.0,23.2328,20241118063826
20241118063854,3200,0.9776,0.036,23.50126,20241118063856
20241118064001,3200,0.9975,0.004,23.96128,20241118064006
20241118064028,3200,0.9223,0.084,23.17345,20241118064026
20241118064134,3200,0.9925,0.0,25.75412,20241118064136
20241118064202,3200,0.9875,0.0,24.42264,20241118064206
20241118064309,3200,0.9925,0.0,23.06553,20241118064306
20241118064336,3200,0.9375,0.0,23.87898,20241118064336
20241118064442,3200,0.9975,0.0,23.17615,20241118064447
20241118064510,3200,0.9875,0.0,28.42248,20241118064517
20241118064617,3200,0.995,0.0,25.59494,20241118064617
20241118064643,3200,0.9347,0.028,22.7593,20241118064647
20241118064749,3200,0.9925,0.008,23.0291,20241118064747
20241118064816,3200,0.9899,0.032,23.2328,20241118064817
20241118064923,3200,0.995,0.0,23.21257,20241118064927
20241118064950,3200,0.9325,0.028,24.24052,20241118064957
20241118065056,3200,0.995,0.0,22.83484,20241118065057
20241118065124,3200,1.0,0.008,23.58085,20241118065127
20241118065231,3200,1.0,0.0,22.92658,20241118065237
20241118065258,3200,0.9398,0.0,23.18154,20241118065257
20241118065405,3200,0.9925,0.0,23.66989,20241118065407
20241118065431,3200,0.9899,0.028,27.02894,20241118065437
20241118065538,3200,0.99,0.0,25.46948,20241118065537
20241118065605,3200,0.9322,0.052,23.0318,20241118065608
20241118065712,3200,0.9925,0.0,46.43593,20241118065718
20241118065739,3200,0.9849,0.024,23.08171,20241118065738
20241118065846,3200,0.9975,0.0,26.45561,20241118065848
20241118065912,3200,0.9491,0.028,22.95491,20241118065918
20241118070019,3200,0.9975,0.004,23.05608,20241118070018
20241118070047,3200,0.935,0.0,23.69957,20241118070048
20241118070153,3200,0.995,0.0,23.02371,20241118070158
20241118070220,3200,0.9375,0.0,24.28774,20241118070228
20241118070327,3200,0.9925,0.0,24.94336,20241118070328
20241118070354,3200,0.9208,0.036,22.85778,20241118070358
20241118070501,3200,0.99,0.0,23.4419,20241118070508
20241118070527,3200,0.9848,0.12,23.82368,20241118070529
20241118070634,3200,0.9975,0.004,22.9603,20241118070639
20241118070702,3200,0.9551,0.0,26.10082,20241118070709
20241118070809,3200,0.9975,0.0,25.46138,20241118070809
20241118070836,3200,0.9231,0.036,23.86819,20241118070839
20241118070943,3200,0.995,0.0,23.08981,20241118070949
20241118071010,3200,0.995,0.0,22.73097,20241118071019
20241118071117,3200,1.0,0.0,24.62634,20241118071119
20241118071145,3200,0.903,0.08,24.84353,20241118071149
20241118071252,3200,0.9826,0.0,23.32454,20241118071259
20241118071318,3200,0.9849,0.032,23.82907,20241118071319
20241118071425,3200,0.9925,0.0,23.07767,20241118071425
20241118071453,3200,0.9377,0.0,23.76432,20241118071455
20241118071600,3200,0.9975,0.004,22.98998,20241118071605
20241118071626,3200,0.9874,0.032,23.01696,20241118071625
20241118071733,3200,0.9925,0.0,23.42436,20241118071735
20241118071801,3200,0.9874,0.044,22.86722,20241118071805
20241118071801,3200,0.9397,0.0,22.86722,20241118071805
20241118071908,3200,0.995,0.0,23.15861,20241118071905
20241118071935,3200,0.995,0.0,23.75218,20241118071935
20241118072041,3200,0.9875,0.0,23.81693,20241118072045
20241118072107,3200,0.9949,0.0,23.53903,20241118072105
20241118072214,3200,0.99,0.0,22.79437,20241118072215
20241118072241,3200,0.9849,0.04,22.86317,20241118072245
20241118072348,3200,0.995,0.0,22.92793,20241118072345
20241118072416,3200,1.0,0.0,23.06957,20241118072415
20241118072523,3200,0.995,0.0,24.0692,20241118072525
20241118072550,3200,0.9875,0.0,23.09386,20241118072556
20241118072657,3200,0.995,0.0,23.14242,20241118072656
20241118072724,3200,0.9924,0.0,24.61825,20241118072726
20241118072831,3200,0.9975,0.0,23.10465,20241118072836
20241118072856,3200,0.9799,0.012,24.96764,20241118072856
20241118073003,3200,0.9975,0.0,23.64965,20241118073006
20241118073031,3200,0.9799,0.0,23.35961,20241118073036
20241118073138,3200,0.99,0.0,23.03045,20241118073136
20241118073206,3200,0.995,0.0,23.04124,20241118073206
20241118073313,3200,1.0,0.0,23.66854,20241118073316
20241118073340,3200,0.9874,0.036,26.40435,20241118073346
20241118073446,3200,0.9925,0.004,26.23033,20241118073446
20241118073514,3200,0.9975,0.0,23.72115,20241118073516
20241118073621,3200,0.995,0.0,22.98324,20241118073626
20241118073648,3200,0.9949,0.028,23.29621,20241118073646
20241118073755,3200,0.99,0.0,26.50013,20241118073756
20241118073822,3200,0.9925,0.0,22.90364,20241118073827
20241118073929,3200,0.9925,0.0,23.04934,20241118073927
20241118073956,3200,0.9949,0.032,23.89248,20241118073957
20241118074103,3200,0.9875,0.0,23.18964,20241118074107
20241118074130,3200,0.995,0.0,26.32341,20241118074137
20241118074237,3200,0.985,0.0,23.06822,20241118074237
20241118074304,3200,0.9925,0.0,23.51205,20241118074307
20241118074411,3200,0.995,0.0,23.13568,20241118074417
20241118074439,3200,1.0,0.0,23.08037,20241118074437
20241118074546,3200,0.9975,0.0,25.79054,20241118074547
20241118074613,3200,0.99,0.0,22.86183,20241118074617
20241118074720,3200,0.9875,0.0,23.00617,20241118074728
20241118074747,3200,0.9874,0.032,23.11814,20241118074748
20241118074854,3200,0.9975,0.0,23.14377,20241118074858
20241118074920,3200,0.9256,0.032,24.77878,20241118074928
20241118075026,3200,0.9975,0.0,25.18618,20241118075028
20241118075054,3200,0.995,0.0,23.13028,20241118075058
20241118075201,3200,0.9925,0.004,23.11139,20241118075208
20241118075229,3200,0.96,0.0,23.18424,20241118075228
20241118075336,3200,0.995,0.0,24.33765,20241118075338
20241118075403,3200,0.995,0.0,22.84159,20241118075408
20241118075510,3200,0.9975,0.0,23.48912,20241118075518
20241118075536,3200,0.9722,0.068,25.32108,20241118075538
20241118075642,3200,0.9975,0.0,23.16266,20241118075648
20241118075708,3200,0.9975,0.0,22.98054,20241118075708
20241118075815,3200,0.9925,0.0,25.11334,20241118075819
20241118075842,3200,0.9523,0.056,27.36485,20241118075849
20241118075949,3200,0.9975,0.0,25.2388,20241118075949
20241118080016,3200,0.985,0.032,22.9684,20241118080019
20241118080123,3200,0.9975,0.0,25.24014,20241118080129
20241118080150,3200,0.9599,0.024,23.76027,20241118080159
20241118080256,3200,0.9925,0.0,24.38487,20241118080259
20241118080324,3200,0.9874,0.036,23.33128,20241118080329
20241118080431,3200,0.995,0.0,23.38794,20241118080439
20241118080457,3200,0.9798,0.004,24.57373,20241118080459
20241118080604,3200,0.9975,0.004,23.51745,20241118080609
20241118080629,3200,0.9975,0.004,23.14512,20241118080629
20241118080736,3200,0.99,0.004,22.9657,20241118080735
20241118080804,3200,0.9949,0.0,23.67798,20241118080805
20241118080911,3200,0.995,0.0,23.23145,20241118080915
20241118080939,3200,0.9398,0.008,23.89382,20241118080935
20241118081045,3200,0.9975,0.0,27.46737,20241118081045
20241118081113,3200,0.995,0.0,23.47968,20241118081115
20241118081220,3200,1.0,0.0,23.19099,20241118081225
20241118081247,3200,0.9328,0.0,23.15861,20241118081245
20241118081354,3200,0.9975,0.0,25.03644,20241118081355
20241118081421,3200,0.9899,0.028,22.91039,20241118081425
20241118081528,3200,0.9925,0.0,23.1033,20241118081525
20241118081554,3200,0.9823,0.0,23.75218,20241118081555
20241118081701,3200,0.9925,0.004,23.63886,20241118081706
20241118081728,3200,0.9874,0.032,23.46888,20241118081726
20241118081835,3200,1.0,0.0,24.93392,20241118081836
20241118081903,3200,0.9925,0.0,24.96899,20241118081906
20241118082010,3200,0.9925,0.0,46.33205,20241118082016
20241118082038,3200,0.9223,0.0,23.28811,20241118082036
20241118082145,3200,0.995,0.0,25.31299,20241118082146
20241118082212,3200,0.9899,0.024,24.66276,20241118082216
20241118082319,3200,0.9925,0.0,23.21662,20241118082316
20241118082347,3200,0.9874,0.04,23.20582,20241118082346
20241118082454,3200,0.9925,0.004,25.3737,20241118082456
20241118082521,3200,0.9352,0.0,26.21818,20241118082526
20241118082627,3200,0.9975,0.004,25.66913,20241118082626
20241118082654,3200,0.9597,0.052,22.73771,20241118082657
20241118082801,3200,0.9925,0.0,23.65775,20241118082807
20241118082829,3200,0.9397,0.0,23.3043,20241118082827
20241118082935,3200,0.9975,0.0,24.91368,20241118082937
20241118083002,3200,0.9499,0.048,22.87396,20241118083007
20241118083109,3200,0.99,0.004,24.97709,20241118083107
20241118083137,3200,0.9375,0.0,23.10195,20241118083137
20241118083243,3200,0.9925,0.0,23.49316,20241118083247
20241118083310,3200,0.9451,0.0,24.26211,20241118083317
20241118083417,3200,0.9975,0.0,22.94142,20241118083417
20241118083445,3200,0.9398,0.0,23.62537,20241118083447
20241118083552,3200,0.8668,0.0,23.71575,20241118083557
20241118083619,3200,0.9327,0.04,23.14512,20241118083617
20241118083725,3200,0.995,0.0,24.03682,20241118083728
20241118083753,3200,0.9352,0.0,23.03315,20241118083758
20241118083900,3200,0.995,0.0,24.21624,20241118083908
20241118083927,3200,0.9446,0.0,23.18424,20241118083928
20241118084033,3200,0.9899,0.032,23.08441,20241118084038
20241118084101,3200,0.9252,0.0,26.10082,20241118084108
20241118084208,3200,0.995,0.0,25.43036,20241118084208
20241118084235,3200,0.98,0.032,22.57718,20241118084238
20241118084342,3200,0.99,0.0,23.15861,20241118084348
20241118084409,3200,0.94,0.0,23.26248,20241118084408
20241118084516,3200,0.9925,0.0,24.70998,20241118084518
20241118084544,3200,0.9246,0.084,22.87262,20241118084548
20241118084651,3200,0.9975,0.0,23.46079,20241118084658
20241118084719,3200,0.947,0.0,23.11679,20241118084719
20241118084825,3200,1.0,0.0,24.78418,20241118084829
20241118084852,3200,0.9398,0.028,24.38352,20241118084859
20241118084959,3200,0.9925,0.0,25.56121,20241118084959
20241118085027,3200,0.9375,0.0,23.52015,20241118085029
20241118085133,3200,0.9875,0.004,23.28002,20241118085139
20241118085200,3200,0.9375,0.0,24.57508,20241118085209
20241118085306,3200,0.9975,0.0,23.48507,20241118085309
20241118085333,3200,0.9526,0.028,23.02371,20241118085339
20241118085440,3200,1.0,0.0,22.98594,20241118085449
20241118085507,3200,0.9165,0.036,22.82001,20241118085509
20241118085614,3200,0.9875,0.028,23.06013,20241118085619
20241118085642,3200,0.9398,0.0,23.09251,20241118085649
20241118085748,3200,0.9925,0.0,23.11004,20241118085745
20241118085815,3200,0.9307,0.0,23.2328,20241118085815
20241118085922,3200,0.9925,0.0,24.25671,20241118085925
20241118085950,3200,1.0,0.028,22.86992,20241118085955
20241118090056,3200,0.995,0.0,23.03045,20241118090055
20241118090123,3200,0.9899,0.004,23.62942,20241118090125
20241118090230,3200,0.9975,0.004,23.57411,20241118090235
20241118090258,3200,0.9874,0.028,23.03045,20241118090255
20241118090404,3200,0.9875,0.0,24.88265,20241118090405
20241118090431,3200,0.9825,0.036,23.03585,20241118090435
20241118090538,3200,0.995,0.0,22.99538,20241118090535
20241118090606,3200,0.9975,0.0,22.99538,20241118090605
20241118090713,3200,0.995,0.0,23.01966,20241118090716
20241118090740,3200,0.9899,0.032,22.95761,20241118090746
20241118090847,3200,0.995,0.0,23.02641,20241118090846
20241118090914,3200,0.9874,0.036,25.6516,20241118090916
